[   25944ms] [LOG] ✨ %cNuxt DevTools %c Press Shift + Alt + D to open DevTools color: black; border-radius: 3px 0 0 3px; padding: 2px 2px 1px 10px; background: #00DC82 border-radius: 0 3px 3px 0; padding: 2px 10px 1px 2px; background: #00DC8220  @ http://localhost:3001/_nuxt/@fs/home/meebuzo/github/alternate-framework/apps/ecosystem/meeovi-frontend/node_modules/@sentry/core/build/esm/instrument/console.js?v=cfee6d51:42
[   25999ms] [WARNING] [Vue warn]: Unhandled error during execution of watcher callback @ http://localhost:3001/_nuxt/@fs/home/meebuzo/github/alternate-framework/apps/ecosystem/meeovi-frontend/node_modules/@sentry/core/build/esm/instrument/console.js?v=cfee6d51:42
[   26052ms] [INFO] <Suspense> is an experimental feature and its API will likely change. @ http://localhost:3001/_nuxt/@fs/home/meebuzo/github/alternate-framework/apps/ecosystem/meeovi-frontend/node_modules/@sentry/core/build/esm/instrument/console.js?v=cfee6d51:42
[   26073ms] [ERROR] Failed to load resource: the server responded with a status of 404 (Not Found) @ http://localhost:3001/api/auth/user/value/id/to-string:0
[   26097ms] [ERROR] Connecting to 'https://o996770.ingest.us.sentry.io/api/5955273/envelope/?sentry_version=7&sentry_key=df1b90fab7c44ce8aef097a63b468d61&sentry_client=sentry.javascript.nuxt%2F10.63.0' violates the following Content Security Policy directive: "connect-src 'self' https://*.mux.com". The action has been blocked. @ http://localhost:3001/_nuxt/@fs/home/meebuzo/github/alternate-framework/apps/ecosystem/meeovi-frontend/node_modules/@sentry/browser/build/npm/esm/dev/transports/fetch.js?v=cfee6d51:31
[   26098ms] [ERROR] Fetch API cannot load https://o996770.ingest.us.sentry.io/api/5955273/envelope/?sentry_version=7&sentry_key=df1b90fab7c44ce8aef097a63b468d61&sentry_client=sentry.javascript.nuxt%2F10.63.0. Refused to connect because it violates the document's Content Security Policy. @ http://localhost:3001/_nuxt/@fs/home/meebuzo/github/alternate-framework/apps/ecosystem/meeovi-frontend/node_modules/@sentry/browser/build/npm/esm/dev/transports/fetch.js?v=cfee6d51:31
[   26101ms] TypeError: Cannot convert object to primitive value
    at getUserStorageKey (http://localhost:3001/_nuxt/@fs/home/meebuzo/github/alternate-framework/layers/auth/app/composables/useSessionLocale.ts:18:45)
    at getPersistedLocaleForUser (http://localhost:3001/_nuxt/@fs/home/meebuzo/github/alternate-framework/layers/auth/app/composables/useSessionLocale.ts:43:24)
    at restoreLocaleForUser (http://localhost:3001/_nuxt/@fs/home/meebuzo/github/alternate-framework/layers/auth/app/composables/useSessionLocale.ts:51:26)
    at watch.immediate (http://localhost:3001/_nuxt/@fs/home/meebuzo/github/alternate-framework/layers/auth/app/plugins/session-locale.client.ts:16:13)
    at callWithErrorHandling (http://localhost:3001/_nuxt/@fs/home/meebuzo/github/alternate-framework/apps/ecosystem/meeovi-frontend/node_modules/@vue/runtime-core/dist/runtime-core.esm-bundler.js?v=cfee6d51:197:19)
    at callWithAsyncErrorHandling (http://localhost:3001/_nuxt/@fs/home/meebuzo/github/alternate-framework/apps/ecosystem/meeovi-frontend/node_modules/@vue/runtime-core/dist/runtime-core.esm-bundler.js?v=cfee6d51:204:17)
    at baseWatchOptions.call (http://localhost:3001/_nuxt/@fs/home/meebuzo/github/alternate-framework/apps/ecosystem/meeovi-frontend/node_modules/@vue/runtime-core/dist/runtime-core.esm-bundler.js?v=cfee6d51:890:47)
    at job (http://localhost:3001/_nuxt/@fs/home/meebuzo/github/alternate-framework/apps/ecosystem/meeovi-frontend/node_modules/@vue/reactivity/dist/reactivity.esm-bundler.js?v=cfee6d51:1849:18)
    at watch (http://localhost:3001/_nuxt/@fs/home/meebuzo/github/alternate-framework/apps/ecosystem/meeovi-frontend/node_modules/@vue/reactivity/dist/reactivity.esm-bundler.js?v=cfee6d51:1884:7)
    at doWatch (http://localhost:3001/_nuxt/@fs/home/meebuzo/github/alternate-framework/apps/ecosystem/meeovi-frontend/node_modules/@vue/runtime-core/dist/runtime-core.esm-bundler.js?v=cfee6d51:918:23)
    at watch (http://localhost:3001/_nuxt/@fs/home/meebuzo/github/alternate-framework/apps/ecosystem/meeovi-frontend/node_modules/@vue/runtime-core/dist/runtime-core.esm-bundler.js?v=cfee6d51:851:10)
    at http://localhost:3001/_nuxt/@fs/home/meebuzo/github/alternate-framework/layers/auth/app/plugins/session-locale.client.ts:10:3
    at http://localhost:3001/_nuxt/@fs/home/meebuzo/github/alternate-framework/apps/ecosystem/meeovi-frontend/node_modules/nuxt/dist/app/nuxt.js?v=cfee6d51:142:60
    at fn (http://localhost:3001/_nuxt/@fs/home/meebuzo/github/alternate-framework/apps/ecosystem/meeovi-frontend/node_modules/nuxt/dist/app/nuxt.js?v=cfee6d51:224:44)
    at Object.runWithContext (http://localhost:3001/_nuxt/@fs/home/meebuzo/github/alternate-framework/apps/ecosystem/meeovi-frontend/node_modules/@vue/runtime-core/dist/runtime-core.esm-bundler.js?v=cfee6d51:4366:18)
    at callWithNuxt (http://localhost:3001/_nuxt/@fs/home/meebuzo/github/alternate-framework/apps/ecosystem/meeovi-frontend/node_modules/nuxt/dist/app/nuxt.js?v=cfee6d51:230:24)
    at http://localhost:3001/_nuxt/@fs/home/meebuzo/github/alternate-framework/apps/ecosystem/meeovi-frontend/node_modules/nuxt/dist/app/nuxt.js?v=cfee6d51:37:41
    at EffectScope.run (http://localhost:3001/_nuxt/@fs/home/meebuzo/github/alternate-framework/apps/ecosystem/meeovi-frontend/node_modules/@vue/reactivity/dist/reactivity.esm-bundler.js?v=cfee6d51:75:16)
    at Object.runWithContext (http://localhost:3001/_nuxt/@fs/home/meebuzo/github/alternate-framework/apps/ecosystem/meeovi-frontend/node_modules/nuxt/dist/app/nuxt.js?v=cfee6d51:37:31)
    at applyPlugin (http://localhost:3001/_nuxt/@fs/home/meebuzo/github/alternate-framework/apps/ecosystem/meeovi-frontend/node_modules/nuxt/dist/app/nuxt.js?v=cfee6d51:142:39)
    at executePlugin (http://localhost:3001/_nuxt/@fs/home/meebuzo/github/alternate-framework/apps/ecosystem/meeovi-frontend/node_modules/nuxt/dist/app/nuxt.js?v=cfee6d51:161:23)
    at applyPlugins (http://localhost:3001/_nuxt/@fs/home/meebuzo/github/alternate-framework/apps/ecosystem/meeovi-frontend/node_modules/nuxt/dist/app/nuxt.js?v=cfee6d51:197:11)
    at async initApp (http://localhost:3001/_nuxt/@fs/home/meebuzo/github/alternate-framework/apps/ecosystem/meeovi-frontend/node_modules/nuxt/dist/app/entry.js?v=cfee6d51:60:7)
[   26101ms] [ERROR] Failed to load resource: the server responded with a status of 404 (Not Found) @ http://localhost:3001/api/auth/user/value/id/value-of:0
[   27215ms] [ERROR] Connecting to 'https://o996770.ingest.us.sentry.io/api/5955273/envelope/?sentry_version=7&sentry_key=df1b90fab7c44ce8aef097a63b468d61&sentry_client=sentry.javascript.nuxt%2F10.63.0' violates the following Content Security Policy directive: "connect-src 'self' https://*.mux.com". The action has been blocked. @ http://localhost:3001/_nuxt/@fs/home/meebuzo/github/alternate-framework/apps/ecosystem/meeovi-frontend/node_modules/@sentry/browser/build/npm/esm/dev/transports/fetch.js?v=cfee6d51:31
[   27216ms] [ERROR] Fetch API cannot load https://o996770.ingest.us.sentry.io/api/5955273/envelope/?sentry_version=7&sentry_key=df1b90fab7c44ce8aef097a63b468d61&sentry_client=sentry.javascript.nuxt%2F10.63.0. Refused to connect because it violates the document's Content Security Policy. @ http://localhost:3001/_nuxt/@fs/home/meebuzo/github/alternate-framework/apps/ecosystem/meeovi-frontend/node_modules/@sentry/browser/build/npm/esm/dev/transports/fetch.js?v=cfee6d51:31
[   28335ms] [ERROR] Connecting to 'https://cms.meeovicms.com/items/page_blocks/5?fields=*%2Cmedia.*.*' violates the following Content Security Policy directive: "connect-src 'self' https://*.mux.com". The action has been blocked. @ http://localhost:3001/_nuxt/@fs/home/meebuzo/github/alternate-framework/apps/ecosystem/meeovi-frontend/node_modules/.cache/vite/client/deps/@directus_sdk.js?v=cfee6d51:101
[   28335ms] [ERROR] Fetch API cannot load https://cms.meeovicms.com/items/page_blocks/5?fields=*%2Cmedia.*.*. Refused to connect because it violates the document's Content Security Policy. @ http://localhost:3001/_nuxt/@fs/home/meebuzo/github/alternate-framework/apps/ecosystem/meeovi-frontend/node_modules/.cache/vite/client/deps/@directus_sdk.js?v=cfee6d51:101
[   28348ms] [ERROR] Connecting to 'https://cms.meeovicms.com/items/navigation/12' violates the following Content Security Policy directive: "connect-src 'self' https://*.mux.com". The action has been blocked. @ http://localhost:3001/_nuxt/@fs/home/meebuzo/github/alternate-framework/apps/ecosystem/meeovi-frontend/node_modules/.cache/vite/client/deps/@directus_sdk.js?v=cfee6d51:101
[   28349ms] [ERROR] Fetch API cannot load https://cms.meeovicms.com/items/navigation/12. Refused to connect because it violates the document's Content Security Policy. @ http://localhost:3001/_nuxt/@fs/home/meebuzo/github/alternate-framework/apps/ecosystem/meeovi-frontend/node_modules/.cache/vite/client/deps/@directus_sdk.js?v=cfee6d51:101
[   28404ms] [ERROR] Connecting to 'https://cms.meeovicms.com/items/navigation/5' violates the following Content Security Policy directive: "connect-src 'self' https://*.mux.com". The action has been blocked. @ http://localhost:3001/_nuxt/@fs/home/meebuzo/github/alternate-framework/apps/ecosystem/meeovi-frontend/node_modules/.cache/vite/client/deps/@directus_sdk.js?v=cfee6d51:101
[   28404ms] [ERROR] Fetch API cannot load https://cms.meeovicms.com/items/navigation/5. Refused to connect because it violates the document's Content Security Policy. @ http://localhost:3001/_nuxt/@fs/home/meebuzo/github/alternate-framework/apps/ecosystem/meeovi-frontend/node_modules/.cache/vite/client/deps/@directus_sdk.js?v=cfee6d51:101
[   28407ms] [ERROR] Connecting to 'https://cms.meeovicms.com/items/departments?fields=*%2C*.*&filter=%7B%22active%22%3A%7B%22_eq%22%3A%22active%22%7D%2C%22type%22%3A%7B%22_eq%22%3A%22department%22%7D%7D&sort=name' violates the following Content Security Policy directive: "connect-src 'self' https://*.mux.com". The action has been blocked. @ http://localhost:3001/_nuxt/@fs/home/meebuzo/github/alternate-framework/apps/ecosystem/meeovi-frontend/node_modules/.cache/vite/client/deps/@directus_sdk.js?v=cfee6d51:101
[   28408ms] [ERROR] Fetch API cannot load https://cms.meeovicms.com/items/departments?fields=*%2C*.*&filter=%7B%22active%22%3A%7B%22_eq%22%3A%22active%22%7D%2C%22type%22%3A%7B%22_eq%22%3A%22department%22%7D%7D&sort=name. Refused to connect because it violates the document's Content Security Policy. @ http://localhost:3001/_nuxt/@fs/home/meebuzo/github/alternate-framework/apps/ecosystem/meeovi-frontend/node_modules/.cache/vite/client/deps/@directus_sdk.js?v=cfee6d51:101
[   28411ms] [ERROR] Connecting to 'https://cms.meeovicms.com/items/departments?fields=*%2C*.*&filter=%7B%22active%22%3A%7B%22_eq%22%3A%22active%22%7D%2C%22type%22%3A%7B%22_eq%22%3A%22outlet%22%7D%7D&sort=name' violates the following Content Security Policy directive: "connect-src 'self' https://*.mux.com". The action has been blocked. @ http://localhost:3001/_nuxt/@fs/home/meebuzo/github/alternate-framework/apps/ecosystem/meeovi-frontend/node_modules/.cache/vite/client/deps/@directus_sdk.js?v=cfee6d51:101
[   28412ms] [ERROR] Fetch API cannot load https://cms.meeovicms.com/items/departments?fields=*%2C*.*&filter=%7B%22active%22%3A%7B%22_eq%22%3A%22active%22%7D%2C%22type%22%3A%7B%22_eq%22%3A%22outlet%22%7D%7D&sort=name. Refused to connect because it violates the document's Content Security Policy. @ http://localhost:3001/_nuxt/@fs/home/meebuzo/github/alternate-framework/apps/ecosystem/meeovi-frontend/node_modules/.cache/vite/client/deps/@directus_sdk.js?v=cfee6d51:101
[   28415ms] [ERROR] Connecting to 'https://cms.meeovicms.com/items/navigation/76' violates the following Content Security Policy directive: "connect-src 'self' https://*.mux.com". The action has been blocked. @ http://localhost:3001/_nuxt/@fs/home/meebuzo/github/alternate-framework/apps/ecosystem/meeovi-frontend/node_modules/.cache/vite/client/deps/@directus_sdk.js?v=cfee6d51:101
[   28416ms] [ERROR] Fetch API cannot load https://cms.meeovicms.com/items/navigation/76. Refused to connect because it violates the document's Content Security Policy. @ http://localhost:3001/_nuxt/@fs/home/meebuzo/github/alternate-framework/apps/ecosystem/meeovi-frontend/node_modules/.cache/vite/client/deps/@directus_sdk.js?v=cfee6d51:101
[   28418ms] [ERROR] Connecting to 'https://cms.meeovicms.com/items/navigation/87' violates the following Content Security Policy directive: "connect-src 'self' https://*.mux.com". The action has been blocked. @ http://localhost:3001/_nuxt/@fs/home/meebuzo/github/alternate-framework/apps/ecosystem/meeovi-frontend/node_modules/.cache/vite/client/deps/@directus_sdk.js?v=cfee6d51:101
[   28419ms] [ERROR] Fetch API cannot load https://cms.meeovicms.com/items/navigation/87. Refused to connect because it violates the document's Content Security Policy. @ http://localhost:3001/_nuxt/@fs/home/meebuzo/github/alternate-framework/apps/ecosystem/meeovi-frontend/node_modules/.cache/vite/client/deps/@directus_sdk.js?v=cfee6d51:101
[   28436ms] [ERROR] Connecting to 'https://cms.meeovicms.com/items/navigation/7' violates the following Content Security Policy directive: "connect-src 'self' https://*.mux.com". The action has been blocked. @ http://localhost:3001/_nuxt/@fs/home/meebuzo/github/alternate-framework/apps/ecosystem/meeovi-frontend/node_modules/.cache/vite/client/deps/@directus_sdk.js?v=cfee6d51:101
[   28436ms] [ERROR] Fetch API cannot load https://cms.meeovicms.com/items/navigation/7. Refused to connect because it violates the document's Content Security Policy. @ http://localhost:3001/_nuxt/@fs/home/meebuzo/github/alternate-framework/apps/ecosystem/meeovi-frontend/node_modules/.cache/vite/client/deps/@directus_sdk.js?v=cfee6d51:101
[   28510ms] [ERROR] Connecting to 'https://cms.meeovicms.com/items/navigation/2?fields=*%2Cmenus.*' violates the following Content Security Policy directive: "connect-src 'self' https://*.mux.com". The action has been blocked. @ http://localhost:3001/_nuxt/@fs/home/meebuzo/github/alternate-framework/apps/ecosystem/meeovi-frontend/node_modules/.cache/vite/client/deps/@directus_sdk.js?v=cfee6d51:101
[   28511ms] [ERROR] Fetch API cannot load https://cms.meeovicms.com/items/navigation/2?fields=*%2Cmenus.*. Refused to connect because it violates the document's Content Security Policy. @ http://localhost:3001/_nuxt/@fs/home/meebuzo/github/alternate-framework/apps/ecosystem/meeovi-frontend/node_modules/.cache/vite/client/deps/@directus_sdk.js?v=cfee6d51:101
[   28634ms] [LOG] undefined @ http://localhost:3001/_nuxt/@fs/home/meebuzo/github/alternate-framework/apps/ecosystem/meeovi-frontend/node_modules/@sentry/core/build/esm/instrument/console.js?v=cfee6d51:42
[   28635ms] [ERROR] Connecting to 'https://cms.meeovicms.com/items/navigation/8' violates the following Content Security Policy directive: "connect-src 'self' https://*.mux.com". The action has been blocked. @ http://localhost:3001/_nuxt/@fs/home/meebuzo/github/alternate-framework/apps/ecosystem/meeovi-frontend/node_modules/.cache/vite/client/deps/@directus_sdk.js?v=cfee6d51:101
[   28635ms] [ERROR] Fetch API cannot load https://cms.meeovicms.com/items/navigation/8. Refused to connect because it violates the document's Content Security Policy. @ http://localhost:3001/_nuxt/@fs/home/meebuzo/github/alternate-framework/apps/ecosystem/meeovi-frontend/node_modules/.cache/vite/client/deps/@directus_sdk.js?v=cfee6d51:101
[   28636ms] [ERROR] Connecting to 'https://cms.meeovicms.com/items/navigation/3?fields=*%2Cmenus.*' violates the following Content Security Policy directive: "connect-src 'self' https://*.mux.com". The action has been blocked. @ http://localhost:3001/_nuxt/@fs/home/meebuzo/github/alternate-framework/apps/ecosystem/meeovi-frontend/node_modules/.cache/vite/client/deps/@directus_sdk.js?v=cfee6d51:101
[   28636ms] [ERROR] Fetch API cannot load https://cms.meeovicms.com/items/navigation/3?fields=*%2Cmenus.*. Refused to connect because it violates the document's Content Security Policy. @ http://localhost:3001/_nuxt/@fs/home/meebuzo/github/alternate-framework/apps/ecosystem/meeovi-frontend/node_modules/.cache/vite/client/deps/@directus_sdk.js?v=cfee6d51:101
[   28647ms] [WARNING] [nuxt] [image] Density values above `2` are not recommended. See https://observablehq.com/@eeeps/visual-acuity-and-device-pixel-ratio. @ http://localhost:3001/_nuxt/@fs/home/meebuzo/github/alternate-framework/apps/ecosystem/meeovi-frontend/node_modules/@sentry/core/build/esm/instrument/console.js?v=cfee6d51:42
[   28649ms] [WARNING] Failed parsing 'srcset' attribute value since it has an unknown descriptor. @ http://localhost:3001/_nuxt/@fs/home/meebuzo/github/alternate-framework/apps/ecosystem/meeovi-frontend/node_modules/@vue/runtime-dom/dist/runtime-dom.esm-bundler.js?v=cfee6d51:674
[   28649ms] [WARNING] Dropped srcset candidate "https://res.cloudinary.com/\u003CYour" @ http://localhost:3001/_nuxt/@fs/home/meebuzo/github/alternate-framework/apps/ecosystem/meeovi-frontend/node_modules/@vue/runtime-dom/dist/runtime-dom.esm-bundler.js?v=cfee6d51:674
[   28650ms] [WARNING] Failed parsing 'srcset' attribute value since it has an unknown descriptor. @ http://localhost:3001/_nuxt/@fs/home/meebuzo/github/alternate-framework/apps/ecosystem/meeovi-frontend/node_modules/@vue/runtime-dom/dist/runtime-dom.esm-bundler.js?v=cfee6d51:674
[   28650ms] [WARNING] Dropped srcset candidate "https://res.cloudinary.com/\u003CYour" @ http://localhost:3001/_nuxt/@fs/home/meebuzo/github/alternate-framework/apps/ecosystem/meeovi-frontend/node_modules/@vue/runtime-dom/dist/runtime-dom.esm-bundler.js?v=cfee6d51:674
[   28650ms] [WARNING] Failed parsing 'srcset' attribute value since it has an unknown descriptor. @ http://localhost:3001/_nuxt/@fs/home/meebuzo/github/alternate-framework/apps/ecosystem/meeovi-frontend/node_modules/@vue/runtime-dom/dist/runtime-dom.esm-bundler.js?v=cfee6d51:674
[   28651ms] [WARNING] Dropped srcset candidate "https://res.cloudinary.com/\u003CYour" @ http://localhost:3001/_nuxt/@fs/home/meebuzo/github/alternate-framework/apps/ecosystem/meeovi-frontend/node_modules/@vue/runtime-dom/dist/runtime-dom.esm-bundler.js?v=cfee6d51:674
[   28651ms] [WARNING] Failed parsing 'srcset' attribute value since it has an unknown descriptor. @ http://localhost:3001/_nuxt/@fs/home/meebuzo/github/alternate-framework/apps/ecosystem/meeovi-frontend/node_modules/@vue/runtime-dom/dist/runtime-dom.esm-bundler.js?v=cfee6d51:674
[   28652ms] [WARNING] Dropped srcset candidate "https://res.cloudinary.com/\u003CYour" @ http://localhost:3001/_nuxt/@fs/home/meebuzo/github/alternate-framework/apps/ecosystem/meeovi-frontend/node_modules/@vue/runtime-dom/dist/runtime-dom.esm-bundler.js?v=cfee6d51:674
[   28652ms] [WARNING] Failed parsing 'srcset' attribute value since it has an unknown descriptor. @ http://localhost:3001/_nuxt/@fs/home/meebuzo/github/alternate-framework/apps/ecosystem/meeovi-frontend/node_modules/@vue/runtime-dom/dist/runtime-dom.esm-bundler.js?v=cfee6d51:674
[   28653ms] [WARNING] Dropped srcset candidate "https://res.cloudinary.com/\u003CYour" @ http://localhost:3001/_nuxt/@fs/home/meebuzo/github/alternate-framework/apps/ecosystem/meeovi-frontend/node_modules/@vue/runtime-dom/dist/runtime-dom.esm-bundler.js?v=cfee6d51:674
[   28653ms] [WARNING] Failed parsing 'srcset' attribute value since it has an unknown descriptor. @ http://localhost:3001/_nuxt/@fs/home/meebuzo/github/alternate-framework/apps/ecosystem/meeovi-frontend/node_modules/@vue/runtime-dom/dist/runtime-dom.esm-bundler.js?v=cfee6d51:674
[   28654ms] [WARNING] Dropped srcset candidate "https://res.cloudinary.com/\u003CYour" @ http://localhost:3001/_nuxt/@fs/home/meebuzo/github/alternate-framework/apps/ecosystem/meeovi-frontend/node_modules/@vue/runtime-dom/dist/runtime-dom.esm-bundler.js?v=cfee6d51:674
[   28712ms] [ERROR] Connecting to 'https://cms.meeovicms.com/items/navigation/9' violates the following Content Security Policy directive: "connect-src 'self' https://*.mux.com". The action has been blocked. @ http://localhost:3001/_nuxt/@fs/home/meebuzo/github/alternate-framework/apps/ecosystem/meeovi-frontend/node_modules/.cache/vite/client/deps/@directus_sdk.js?v=cfee6d51:101
[   28713ms] [ERROR] Fetch API cannot load https://cms.meeovicms.com/items/navigation/9. Refused to connect because it violates the document's Content Security Policy. @ http://localhost:3001/_nuxt/@fs/home/meebuzo/github/alternate-framework/apps/ecosystem/meeovi-frontend/node_modules/.cache/vite/client/deps/@directus_sdk.js?v=cfee6d51:101
[   28732ms] [WARNING] [Vue warn]: Unhandled error during execution of render function 
  at <VListChildren items= [] returnObject=false > 
  at <VList key=0 lines="one" density="comfortable" > 
  at <VNavigationDrawer modelValue=false onUpdate:modelValue=fn location="right"  ... > 
  at <MenusTopmenuMyaccounttopmenu > 
  at <ClientOnly > 
  at <VCol class="myaccounttopmenu" > 
  at <VDefaultsProvider defaults= {VTabs: Object} > 
  at <VToolbar ref=Ref< Proxy(Object) > class="v-app-bar" style= {top: 0px, zIndex: 1012, transform: translateY(0px), position: fixed, height: undefined}  ... > 
  at <VAppBar id="topnav" > 
  at <MenusHeader drawer=false onToggleDrawer=fn > 
  at <ClientOnly > 
  at <VApp theme="light" class="auto-text" > 
  at <VResponsive class="border rounded" > 
  at <Default ref=Ref< Proxy(Object) > > 
  at <AsyncComponentWrapper ref=Ref< Proxy(Object) > > 
  at <LayoutLoader key="default" layoutProps= {ref: RefImpl} name="default" > 
  at <NuxtLayoutProvider layoutProps= {ref: RefImpl} key="default" name="default"  ... > 
  at <NuxtLayout > 
  at <App key=4 > 
  at <NuxtRoot> @ http://localhost:3001/_nuxt/@fs/home/meebuzo/github/alternate-framework/apps/ecosystem/meeovi-frontend/node_modules/@sentry/core/build/esm/instrument/console.js?v=cfee6d51:42
[   28752ms] [WARNING] [Vue warn]: Unhandled error during execution of render function 
  at <VNavigationDrawer modelValue=undefined onUpdate:modelValue=fn location="right"  ... > 
  at <MenusTopmenuLayoutNotifications > 
  at <VCol class="notificationsHeader" > 
  at <VDefaultsProvider defaults= {VTabs: Object} > 
  at <VToolbar ref=Ref< Proxy(Object) > class="v-app-bar" style= {top: 0px, zIndex: 1014, transform: translateY(0px), position: fixed, height: undefined}  ... > 
  at <VAppBar id="topnav" > 
  at <MenusHeader drawer=false onToggleDrawer=fn > 
  at <ClientOnly > 
  at <VApp theme="light" class="auto-text" > 
  at <VResponsive class="border rounded" > 
  at <Default ref=Ref< Proxy(Object) > > 
  at <AsyncComponentWrapper ref=Ref< Proxy(Object) > > 
  at <LayoutLoader key="default" layoutProps= {ref: RefImpl} name="default" > 
  at <NuxtLayoutProvider layoutProps= {ref: RefImpl} key="default" name="default"  ... > 
  at <NuxtLayout > 
  at <App key=4 > 
  at <NuxtRoot> @ http://localhost:3001/_nuxt/@fs/home/meebuzo/github/alternate-framework/apps/ecosystem/meeovi-frontend/node_modules/@sentry/core/build/esm/instrument/console.js?v=cfee6d51:42
[   28756ms] [WARNING] [Vue warn]: Unhandled error during execution of component update 
  at <VNavigationDrawer modelValue=undefined onUpdate:modelValue=fn location="right"  ... > 
  at <MenusTopmenuLayoutNotifications > 
  at <VCol class="notificationsHeader" > 
  at <VDefaultsProvider defaults= {VTabs: Object} > 
  at <VToolbar ref=Ref< Proxy(Object) > class="v-app-bar" style= {top: 0px, zIndex: 1014, transform: translateY(0px), position: fixed, height: undefined}  ... > 
  at <VAppBar id="topnav" > 
  at <MenusHeader drawer=false onToggleDrawer=fn > 
  at <ClientOnly > 
  at <VApp theme="light" class="auto-text" > 
  at <VResponsive class="border rounded" > 
  at <Default ref=Ref< Proxy(Object) > > 
  at <AsyncComponentWrapper ref=Ref< Proxy(Object) > > 
  at <LayoutLoader key="default" layoutProps= {ref: RefImpl} name="default" > 
  at <NuxtLayoutProvider layoutProps= {ref: RefImpl} key="default" name="default"  ... > 
  at <NuxtLayout > 
  at <App key=4 > 
  at <NuxtRoot> @ http://localhost:3001/_nuxt/@fs/home/meebuzo/github/alternate-framework/apps/ecosystem/meeovi-frontend/node_modules/@sentry/core/build/esm/instrument/console.js?v=cfee6d51:42
[   28775ms] [ERROR] Connecting to 'https://cms.meeovicms.com/items/page_blocks/5?fields=*%2Cmedia.*.*' violates the following Content Security Policy directive: "connect-src 'self' https://*.mux.com". The action has been blocked. @ http://localhost:3001/_nuxt/@fs/home/meebuzo/github/alternate-framework/apps/ecosystem/meeovi-frontend/node_modules/.cache/vite/client/deps/@directus_sdk.js?v=cfee6d51:101
[   28775ms] [ERROR] Fetch API cannot load https://cms.meeovicms.com/items/page_blocks/5?fields=*%2Cmedia.*.*. Refused to connect because it violates the document's Content Security Policy. @ http://localhost:3001/_nuxt/@fs/home/meebuzo/github/alternate-framework/apps/ecosystem/meeovi-frontend/node_modules/.cache/vite/client/deps/@directus_sdk.js?v=cfee6d51:101
[   28832ms] [ERROR] Connecting to 'https://cms.meeovicms.com/items/navigation/10' violates the following Content Security Policy directive: "connect-src 'self' https://*.mux.com". The action has been blocked. @ http://localhost:3001/_nuxt/@fs/home/meebuzo/github/alternate-framework/apps/ecosystem/meeovi-frontend/node_modules/.cache/vite/client/deps/@directus_sdk.js?v=cfee6d51:101
[   28832ms] [ERROR] Fetch API cannot load https://cms.meeovicms.com/items/navigation/10. Refused to connect because it violates the document's Content Security Policy. @ http://localhost:3001/_nuxt/@fs/home/meebuzo/github/alternate-framework/apps/ecosystem/meeovi-frontend/node_modules/.cache/vite/client/deps/@directus_sdk.js?v=cfee6d51:101
[   28896ms] [WARNING] [Vue warn]: Unhandled error during execution of render function 
  at <VNavigationDrawer modelValue=undefined onUpdate:modelValue=fn location="right"  ... > 
  at <MenusTopmenuLayoutNotifications > 
  at <VCol class="notificationsHeader" > 
  at <VDefaultsProvider defaults= {VTabs: Object} > 
  at <VToolbar ref=Ref< Proxy(Object) > class="v-app-bar" style= {top: 0px, zIndex: 1014, transform: translateY(0px), position: fixed, height: undefined}  ... > 
  at <VAppBar id="topnav" > 
  at <MenusHeader drawer=false onToggleDrawer=fn > 
  at <ClientOnly > 
  at <VApp theme="light" class="auto-text" > 
  at <VResponsive class="border rounded" > 
  at <Default ref=Ref< Proxy(Object) > > 
  at <AsyncComponentWrapper ref=Ref< Proxy(Object) > > 
  at <LayoutLoader key="default" layoutProps= {ref: RefImpl} name="default" > 
  at <NuxtLayoutProvider layoutProps= {ref: RefImpl} key="default" name="default"  ... > 
  at <NuxtLayout > 
  at <App key=4 > 
  at <NuxtRoot> @ http://localhost:3001/_nuxt/@fs/home/meebuzo/github/alternate-framework/apps/ecosystem/meeovi-frontend/node_modules/@sentry/core/build/esm/instrument/console.js?v=cfee6d51:42
[   28902ms] [WARNING] [Vue warn]: Unhandled error during execution of component update 
  at <VNavigationDrawer modelValue=undefined onUpdate:modelValue=fn location="right"  ... > 
  at <MenusTopmenuLayoutNotifications > 
  at <VCol class="notificationsHeader" > 
  at <VDefaultsProvider defaults= {VTabs: Object} > 
  at <VToolbar ref=Ref< Proxy(Object) > class="v-app-bar" style= {top: 0px, zIndex: 1014, transform: translateY(0px), position: fixed, height: undefined}  ... > 
  at <VAppBar id="topnav" > 
  at <MenusHeader drawer=false onToggleDrawer=fn > 
  at <ClientOnly > 
  at <VApp theme="light" class="auto-text" > 
  at <VResponsive class="border rounded" > 
  at <Default ref=Ref< Proxy(Object) > > 
  at <AsyncComponentWrapper ref=Ref< Proxy(Object) > > 
  at <LayoutLoader key="default" layoutProps= {ref: RefImpl} name="default" > 
  at <NuxtLayoutProvider layoutProps= {ref: RefImpl} key="default" name="default"  ... > 
  at <NuxtLayout > 
  at <App key=4 > 
  at <NuxtRoot> @ http://localhost:3001/_nuxt/@fs/home/meebuzo/github/alternate-framework/apps/ecosystem/meeovi-frontend/node_modules/@sentry/core/build/esm/instrument/console.js?v=cfee6d51:42
[   28923ms] [WARNING] [Vue warn]: Unhandled error during execution of render function 
  at <VNavigationDrawer modelValue=undefined onUpdate:modelValue=fn location="right"  ... > 
  at <MenusTopmenuLayoutNotifications > 
  at <VCol class="notificationsHeader" > 
  at <VDefaultsProvider defaults= {VTabs: Object} > 
  at <VToolbar ref=Ref< Proxy(Object) > class="v-app-bar" style= {top: 0px, zIndex: 1014, transform: translateY(0px), position: fixed, height: undefined}  ... > 
  at <VAppBar id="topnav" > 
  at <MenusHeader drawer=false onToggleDrawer=fn > 
  at <ClientOnly > 
  at <VApp theme="light" class="auto-text" > 
  at <VResponsive class="border rounded" > 
  at <Default ref=Ref< Proxy(Object) > > 
  at <AsyncComponentWrapper ref=Ref< Proxy(Object) > > 
  at <LayoutLoader key="default" layoutProps= {ref: RefImpl} name="default" > 
  at <NuxtLayoutProvider layoutProps= {ref: RefImpl} key="default" name="default"  ... > 
  at <NuxtLayout > 
  at <App key=4 > 
  at <NuxtRoot> @ http://localhost:3001/_nuxt/@fs/home/meebuzo/github/alternate-framework/apps/ecosystem/meeovi-frontend/node_modules/@sentry/core/build/esm/instrument/console.js?v=cfee6d51:42
[   28927ms] [WARNING] [Vue warn]: Unhandled error during execution of component update 
  at <VNavigationDrawer modelValue=undefined onUpdate:modelValue=fn location="right"  ... > 
  at <MenusTopmenuLayoutNotifications > 
  at <VCol class="notificationsHeader" > 
  at <VDefaultsProvider defaults= {VTabs: Object} > 
  at <VToolbar ref=Ref< Proxy(Object) > class="v-app-bar" style= {top: 0px, zIndex: 1014, transform: translateY(0px), position: fixed, height: undefined}  ... > 
  at <VAppBar id="topnav" > 
  at <MenusHeader drawer=false onToggleDrawer=fn > 
  at <ClientOnly > 
  at <VApp theme="light" class="auto-text" > 
  at <VResponsive class="border rounded" > 
  at <Default ref=Ref< Proxy(Object) > > 
  at <AsyncComponentWrapper ref=Ref< Proxy(Object) > > 
  at <LayoutLoader key="default" layoutProps= {ref: RefImpl} name="default" > 
  at <NuxtLayoutProvider layoutProps= {ref: RefImpl} key="default" name="default"  ... > 
  at <NuxtLayout > 
  at <App key=4 > 
  at <NuxtRoot> @ http://localhost:3001/_nuxt/@fs/home/meebuzo/github/alternate-framework/apps/ecosystem/meeovi-frontend/node_modules/@sentry/core/build/esm/instrument/console.js?v=cfee6d51:42
[   28990ms] [WARNING] [Vue warn]: Avoid app logic that relies on enumerating keys on a component instance. The keys will be empty in production mode to avoid performance overhead. 
  at <VNavigationDrawer modelValue=undefined onUpdate:modelValue=fn location="right"  ... > 
  at <MenusTopmenuLayoutNotifications > 
  at <VCol class="notificationsHeader" > 
  at <VDefaultsProvider defaults= {VTabs: Object} > 
  at <VToolbar ref=Ref< Proxy(Object) > class="v-app-bar" style= {top: 0px, zIndex: 1014, transform: translateY(0px), position: fixed, height: undefined}  ... > 
  at <VAppBar id="topnav" > 
  at <MenusHeader drawer=false onToggleDrawer=fn > 
  at <ClientOnly > 
  at <VApp theme="light" class="auto-text" > 
  at <VResponsive class="border rounded" > 
  at <Default ref=Ref< Proxy(Object) > > 
  at <AsyncComponentWrapper ref=Ref< Proxy(Object) > > 
  at <LayoutLoader key="default" layoutProps= {ref: RefImpl} name="default" > 
  at <NuxtLayoutProvider layoutProps= {ref: RefImpl} key="default" name="default"  ... > 
  at <NuxtLayout > 
  at <App key=4 > 
  at <NuxtRoot> @ http://localhost:3001/_nuxt/@fs/home/meebuzo/github/alternate-framework/apps/ecosystem/meeovi-frontend/node_modules/@sentry/core/build/esm/instrument/console.js?v=cfee6d51:42
[   28995ms] [WARNING] [Vue warn]: Avoid app logic that relies on enumerating keys on a component instance. The keys will be empty in production mode to avoid performance overhead. 
  at <VNavigationDrawer modelValue=undefined onUpdate:modelValue=fn location="right"  ... > 
  at <MenusTopmenuLayoutNotifications > 
  at <VCol class="notificationsHeader" > 
  at <VDefaultsProvider defaults= {VTabs: Object} > 
  at <VToolbar ref=Ref< Proxy(Object) > class="v-app-bar" style= {top: 0px, zIndex: 1014, transform: translateY(0px), position: fixed, height: undefined}  ... > 
  at <VAppBar id="topnav" > 
  at <MenusHeader drawer=false onToggleDrawer=fn > 
  at <ClientOnly > 
  at <VApp theme="light" class="auto-text" > 
  at <VResponsive class="border rounded" > 
  at <Default ref=Ref< Proxy(Object) > > 
  at <AsyncComponentWrapper ref=Ref< Proxy(Object) > > 
  at <LayoutLoader key="default" layoutProps= {ref: RefImpl} name="default" > 
  at <NuxtLayoutProvider layoutProps= {ref: RefImpl} key="default" name="default"  ... > 
  at <NuxtLayout > 
  at <App key=4 > 
  at <NuxtRoot> @ http://localhost:3001/_nuxt/@fs/home/meebuzo/github/alternate-framework/apps/ecosystem/meeovi-frontend/node_modules/@sentry/core/build/esm/instrument/console.js?v=cfee6d51:42
[   28999ms] [WARNING] [Vue warn]: Avoid app logic that relies on enumerating keys on a component instance. The keys will be empty in production mode to avoid performance overhead. 
  at <VNavigationDrawer modelValue=undefined onUpdate:modelValue=fn location="right"  ... > 
  at <MenusTopmenuLayoutNotifications > 
  at <VCol class="notificationsHeader" > 
  at <VDefaultsProvider defaults= {VTabs: Object} > 
  at <VToolbar ref=Ref< Proxy(Object) > class="v-app-bar" style= {top: 0px, zIndex: 1014, transform: translateY(0px), position: fixed, height: undefined}  ... > 
  at <VAppBar id="topnav" > 
  at <MenusHeader drawer=false onToggleDrawer=fn > 
  at <ClientOnly > 
  at <VApp theme="light" class="auto-text" > 
  at <VResponsive class="border rounded" > 
  at <Default ref=Ref< Proxy(Object) > > 
  at <AsyncComponentWrapper ref=Ref< Proxy(Object) > > 
  at <LayoutLoader key="default" layoutProps= {ref: RefImpl} name="default" > 
  at <NuxtLayoutProvider layoutProps= {ref: RefImpl} key="default" name="default"  ... > 
  at <NuxtLayout > 
  at <App key=4 > 
  at <NuxtRoot> @ http://localhost:3001/_nuxt/@fs/home/meebuzo/github/alternate-framework/apps/ecosystem/meeovi-frontend/node_modules/@sentry/core/build/esm/instrument/console.js?v=cfee6d51:42
[   29003ms] [WARNING] [Vue warn]: Avoid app logic that relies on enumerating keys on a component instance. The keys will be empty in production mode to avoid performance overhead. 
  at <VNavigationDrawer modelValue=undefined onUpdate:modelValue=fn location="right"  ... > 
  at <MenusTopmenuLayoutNotifications > 
  at <VCol class="notificationsHeader" > 
  at <VDefaultsProvider defaults= {VTabs: Object} > 
  at <VToolbar ref=Ref< Proxy(Object) > class="v-app-bar" style= {top: 0px, zIndex: 1014, transform: translateY(0px), position: fixed, height: undefined}  ... > 
  at <VAppBar id="topnav" > 
  at <MenusHeader drawer=false onToggleDrawer=fn > 
  at <ClientOnly > 
  at <VApp theme="light" class="auto-text" > 
  at <VResponsive class="border rounded" > 
  at <Default ref=Ref< Proxy(Object) > > 
  at <AsyncComponentWrapper ref=Ref< Proxy(Object) > > 
  at <LayoutLoader key="default" layoutProps= {ref: RefImpl} name="default" > 
  at <NuxtLayoutProvider layoutProps= {ref: RefImpl} key="default" name="default"  ... > 
  at <NuxtLayout > 
  at <App key=4 > 
  at <NuxtRoot> @ http://localhost:3001/_nuxt/@fs/home/meebuzo/github/alternate-framework/apps/ecosystem/meeovi-frontend/node_modules/@sentry/core/build/esm/instrument/console.js?v=cfee6d51:42
[   29006ms] [WARNING] [Vue warn]: Avoid app logic that relies on enumerating keys on a component instance. The keys will be empty in production mode to avoid performance overhead. 
  at <VNavigationDrawer modelValue=undefined onUpdate:modelValue=fn location="right"  ... > 
  at <MenusTopmenuLayoutNotifications > 
  at <VCol class="notificationsHeader" > 
  at <VDefaultsProvider defaults= {VTabs: Object} > 
  at <VToolbar ref=Ref< Proxy(Object) > class="v-app-bar" style= {top: 0px, zIndex: 1014, transform: translateY(0px), position: fixed, height: undefined}  ... > 
  at <VAppBar id="topnav" > 
  at <MenusHeader drawer=false onToggleDrawer=fn > 
  at <ClientOnly > 
  at <VApp theme="light" class="auto-text" > 
  at <VResponsive class="border rounded" > 
  at <Default ref=Ref< Proxy(Object) > > 
  at <AsyncComponentWrapper ref=Ref< Proxy(Object) > > 
  at <LayoutLoader key="default" layoutProps= {ref: RefImpl} name="default" > 
  at <NuxtLayoutProvider layoutProps= {ref: RefImpl} key="default" name="default"  ... > 
  at <NuxtLayout > 
  at <App key=4 > 
  at <NuxtRoot> @ http://localhost:3001/_nuxt/@fs/home/meebuzo/github/alternate-framework/apps/ecosystem/meeovi-frontend/node_modules/@sentry/core/build/esm/instrument/console.js?v=cfee6d51:42
[   29009ms] [WARNING] [Vue warn]: Avoid app logic that relies on enumerating keys on a component instance. The keys will be empty in production mode to avoid performance overhead. 
  at <VNavigationDrawer modelValue=undefined onUpdate:modelValue=fn location="right"  ... > 
  at <MenusTopmenuLayoutNotifications > 
  at <VCol class="notificationsHeader" > 
  at <VDefaultsProvider defaults= {VTabs: Object} > 
  at <VToolbar ref=Ref< Proxy(Object) > class="v-app-bar" style= {top: 0px, zIndex: 1014, transform: translateY(0px), position: fixed, height: undefined}  ... > 
  at <VAppBar id="topnav" > 
  at <MenusHeader drawer=false onToggleDrawer=fn > 
  at <ClientOnly > 
  at <VApp theme="light" class="auto-text" > 
  at <VResponsive class="border rounded" > 
  at <Default ref=Ref< Proxy(Object) > > 
  at <AsyncComponentWrapper ref=Ref< Proxy(Object) > > 
  at <LayoutLoader key="default" layoutProps= {ref: RefImpl} name="default" > 
  at <NuxtLayoutProvider layoutProps= {ref: RefImpl} key="default" name="default"  ... > 
  at <NuxtLayout > 
  at <App key=4 > 
  at <NuxtRoot> @ http://localhost:3001/_nuxt/@fs/home/meebuzo/github/alternate-framework/apps/ecosystem/meeovi-frontend/node_modules/@sentry/core/build/esm/instrument/console.js?v=cfee6d51:42
[   29012ms] [WARNING] [Vue warn]: Avoid app logic that relies on enumerating keys on a component instance. The keys will be empty in production mode to avoid performance overhead. 
  at <VNavigationDrawer modelValue=undefined onUpdate:modelValue=fn location="right"  ... > 
  at <MenusTopmenuLayoutNotifications > 
  at <VCol class="notificationsHeader" > 
  at <VDefaultsProvider defaults= {VTabs: Object} > 
  at <VToolbar ref=Ref< Proxy(Object) > class="v-app-bar" style= {top: 0px, zIndex: 1014, transform: translateY(0px), position: fixed, height: undefined}  ... > 
  at <VAppBar id="topnav" > 
  at <MenusHeader drawer=false onToggleDrawer=fn > 
  at <ClientOnly > 
  at <VApp theme="light" class="auto-text" > 
  at <VResponsive class="border rounded" > 
  at <Default ref=Ref< Proxy(Object) > > 
  at <AsyncComponentWrapper ref=Ref< Proxy(Object) > > 
  at <LayoutLoader key="default" layoutProps= {ref: RefImpl} name="default" > 
  at <NuxtLayoutProvider layoutProps= {ref: RefImpl} key="default" name="default"  ... > 
  at <NuxtLayout > 
  at <App key=4 > 
  at <NuxtRoot> @ http://localhost:3001/_nuxt/@fs/home/meebuzo/github/alternate-framework/apps/ecosystem/meeovi-frontend/node_modules/@sentry/core/build/esm/instrument/console.js?v=cfee6d51:42
[   29014ms] [ERROR] Connecting to 'https://o996770.ingest.us.sentry.io/api/5955273/envelope/?sentry_version=7&sentry_key=df1b90fab7c44ce8aef097a63b468d61&sentry_client=sentry.javascript.nuxt%2F10.63.0' violates the following Content Security Policy directive: "connect-src 'self' https://*.mux.com". The action has been blocked. @ http://localhost:3001/_nuxt/@fs/home/meebuzo/github/alternate-framework/apps/ecosystem/meeovi-frontend/node_modules/@sentry/browser/build/npm/esm/dev/transports/fetch.js?v=cfee6d51:31
[   29014ms] [ERROR] Fetch API cannot load https://o996770.ingest.us.sentry.io/api/5955273/envelope/?sentry_version=7&sentry_key=df1b90fab7c44ce8aef097a63b468d61&sentry_client=sentry.javascript.nuxt%2F10.63.0. Refused to connect because it violates the document's Content Security Policy. @ http://localhost:3001/_nuxt/@fs/home/meebuzo/github/alternate-framework/apps/ecosystem/meeovi-frontend/node_modules/@sentry/browser/build/npm/esm/dev/transports/fetch.js?v=cfee6d51:31
[   29018ms] [WARNING] [Vue warn]: Avoid app logic that relies on enumerating keys on a component instance. The keys will be empty in production mode to avoid performance overhead. 
  at <VNavigationDrawer modelValue=undefined onUpdate:modelValue=fn location="right"  ... > 
  at <MenusTopmenuLayoutNotifications > 
  at <VCol class="notificationsHeader" > 
  at <VDefaultsProvider defaults= {VTabs: Object} > 
  at <VToolbar ref=Ref< Proxy(Object) > class="v-app-bar" style= {top: 0px, zIndex: 1014, transform: translateY(0px), position: fixed, height: undefined}  ... > 
  at <VAppBar id="topnav" > 
  at <MenusHeader drawer=false onToggleDrawer=fn > 
  at <ClientOnly > 
  at <VApp theme="light" class="auto-text" > 
  at <VResponsive class="border rounded" > 
  at <Default ref=Ref< Proxy(Object) > > 
  at <AsyncComponentWrapper ref=Ref< Proxy(Object) > > 
  at <LayoutLoader key="default" layoutProps= {ref: RefImpl} name="default" > 
  at <NuxtLayoutProvider layoutProps= {ref: RefImpl} key="default" name="default"  ... > 
  at <NuxtLayout > 
  at <App key=4 > 
  at <NuxtRoot> @ http://localhost:3001/_nuxt/@fs/home/meebuzo/github/alternate-framework/apps/ecosystem/meeovi-frontend/node_modules/@sentry/core/build/esm/instrument/console.js?v=cfee6d51:42
[   29021ms] [WARNING] [Vue warn]: Avoid app logic that relies on enumerating keys on a component instance. The keys will be empty in production mode to avoid performance overhead. 
  at <VNavigationDrawer modelValue=undefined onUpdate:modelValue=fn location="right"  ... > 
  at <MenusTopmenuLayoutNotifications > 
  at <VCol class="notificationsHeader" > 
  at <VDefaultsProvider defaults= {VTabs: Object} > 
  at <VToolbar ref=Ref< Proxy(Object) > class="v-app-bar" style= {top: 0px, zIndex: 1014, transform: translateY(0px), position: fixed, height: undefined}  ... > 
  at <VAppBar id="topnav" > 
  at <MenusHeader drawer=false onToggleDrawer=fn > 
  at <ClientOnly > 
  at <VApp theme="light" class="auto-text" > 
  at <VResponsive class="border rounded" > 
  at <Default ref=Ref< Proxy(Object) > > 
  at <AsyncComponentWrapper ref=Ref< Proxy(Object) > > 
  at <LayoutLoader key="default" layoutProps= {ref: RefImpl} name="default" > 
  at <NuxtLayoutProvider layoutProps= {ref: RefImpl} key="default" name="default"  ... > 
  at <NuxtLayout > 
  at <App key=4 > 
  at <NuxtRoot> @ http://localhost:3001/_nuxt/@fs/home/meebuzo/github/alternate-framework/apps/ecosystem/meeovi-frontend/node_modules/@sentry/core/build/esm/instrument/console.js?v=cfee6d51:42
[   29024ms] [WARNING] [Vue warn]: Avoid app logic that relies on enumerating keys on a component instance. The keys will be empty in production mode to avoid performance overhead. 
  at <VNavigationDrawer modelValue=undefined onUpdate:modelValue=fn location="right"  ... > 
  at <MenusTopmenuLayoutNotifications > 
  at <VCol class="notificationsHeader" > 
  at <VDefaultsProvider defaults= {VTabs: Object} > 
  at <VToolbar ref=Ref< Proxy(Object) > class="v-app-bar" style= {top: 0px, zIndex: 1014, transform: translateY(0px), position: fixed, height: undefined}  ... > 
  at <VAppBar id="topnav" > 
  at <MenusHeader drawer=false onToggleDrawer=fn > 
  at <ClientOnly > 
  at <VApp theme="light" class="auto-text" > 
  at <VResponsive class="border rounded" > 
  at <Default ref=Ref< Proxy(Object) > > 
  at <AsyncComponentWrapper ref=Ref< Proxy(Object) > > 
  at <LayoutLoader key="default" layoutProps= {ref: RefImpl} name="default" > 
  at <NuxtLayoutProvider layoutProps= {ref: RefImpl} key="default" name="default"  ... > 
  at <NuxtLayout > 
  at <App key=4 > 
  at <NuxtRoot> @ http://localhost:3001/_nuxt/@fs/home/meebuzo/github/alternate-framework/apps/ecosystem/meeovi-frontend/node_modules/@sentry/core/build/esm/instrument/console.js?v=cfee6d51:42
[   29027ms] [WARNING] [Vue warn]: Avoid app logic that relies on enumerating keys on a component instance. The keys will be empty in production mode to avoid performance overhead. 
  at <VNavigationDrawer modelValue=undefined onUpdate:modelValue=fn location="right"  ... > 
  at <MenusTopmenuLayoutNotifications > 
  at <VCol class="notificationsHeader" > 
  at <VDefaultsProvider defaults= {VTabs: Object} > 
  at <VToolbar ref=Ref< Proxy(Object) > class="v-app-bar" style= {top: 0px, zIndex: 1014, transform: translateY(0px), position: fixed, height: undefined}  ... > 
  at <VAppBar id="topnav" > 
  at <MenusHeader drawer=false onToggleDrawer=fn > 
  at <ClientOnly > 
  at <VApp theme="light" class="auto-text" > 
  at <VResponsive class="border rounded" > 
  at <Default ref=Ref< Proxy(Object) > > 
  at <AsyncComponentWrapper ref=Ref< Proxy(Object) > > 
  at <LayoutLoader key="default" layoutProps= {ref: RefImpl} name="default" > 
  at <NuxtLayoutProvider layoutProps= {ref: RefImpl} key="default" name="default"  ... > 
  at <NuxtLayout > 
  at <App key=4 > 
  at <NuxtRoot> @ http://localhost:3001/_nuxt/@fs/home/meebuzo/github/alternate-framework/apps/ecosystem/meeovi-frontend/node_modules/@sentry/core/build/esm/instrument/console.js?v=cfee6d51:42
[   29029ms] [WARNING] [Vue warn]: Avoid app logic that relies on enumerating keys on a component instance. The keys will be empty in production mode to avoid performance overhead. 
  at <VNavigationDrawer modelValue=undefined onUpdate:modelValue=fn location="right"  ... > 
  at <MenusTopmenuLayoutNotifications > 
  at <VCol class="notificationsHeader" > 
  at <VDefaultsProvider defaults= {VTabs: Object} > 
  at <VToolbar ref=Ref< Proxy(Object) > class="v-app-bar" style= {top: 0px, zIndex: 1014, transform: translateY(0px), position: fixed, height: undefined}  ... > 
  at <VAppBar id="topnav" > 
  at <MenusHeader drawer=false onToggleDrawer=fn > 
  at <ClientOnly > 
  at <VApp theme="light" class="auto-text" > 
  at <VResponsive class="border rounded" > 
  at <Default ref=Ref< Proxy(Object) > > 
  at <AsyncComponentWrapper ref=Ref< Proxy(Object) > > 
  at <LayoutLoader key="default" layoutProps= {ref: RefImpl} name="default" > 
  at <NuxtLayoutProvider layoutProps= {ref: RefImpl} key="default" name="default"  ... > 
  at <NuxtLayout > 
  at <App key=4 > 
  at <NuxtRoot> @ http://localhost:3001/_nuxt/@fs/home/meebuzo/github/alternate-framework/apps/ecosystem/meeovi-frontend/node_modules/@sentry/core/build/esm/instrument/console.js?v=cfee6d51:42
[   29035ms] [WARNING] [Vue warn]: Avoid app logic that relies on enumerating keys on a component instance. The keys will be empty in production mode to avoid performance overhead. 
  at <VNavigationDrawer modelValue=undefined onUpdate:modelValue=fn location="right"  ... > 
  at <MenusTopmenuLayoutNotifications > 
  at <VCol class="notificationsHeader" > 
  at <VDefaultsProvider defaults= {VTabs: Object} > 
  at <VToolbar ref=Ref< Proxy(Object) > class="v-app-bar" style= {top: 0px, zIndex: 1014, transform: translateY(0px), position: fixed, height: undefined}  ... > 
  at <VAppBar id="topnav" > 
  at <MenusHeader drawer=false onToggleDrawer=fn > 
  at <ClientOnly > 
  at <VApp theme="light" class="auto-text" > 
  at <VResponsive class="border rounded" > 
  at <Default ref=Ref< Proxy(Object) > > 
  at <AsyncComponentWrapper ref=Ref< Proxy(Object) > > 
  at <LayoutLoader key="default" layoutProps= {ref: RefImpl} name="default" > 
  at <NuxtLayoutProvider layoutProps= {ref: RefImpl} key="default" name="default"  ... > 
  at <NuxtLayout > 
  at <App key=4 > 
  at <NuxtRoot> @ http://localhost:3001/_nuxt/@fs/home/meebuzo/github/alternate-framework/apps/ecosystem/meeovi-frontend/node_modules/@sentry/core/build/esm/instrument/console.js?v=cfee6d51:42
[   29043ms] [WARNING] [Vue warn]: Avoid app logic that relies on enumerating keys on a component instance. The keys will be empty in production mode to avoid performance overhead. 
  at <VNavigationDrawer modelValue=undefined onUpdate:modelValue=fn location="right"  ... > 
  at <MenusTopmenuLayoutNotifications > 
  at <VCol class="notificationsHeader" > 
  at <VDefaultsProvider defaults= {VTabs: Object} > 
  at <VToolbar ref=Ref< Proxy(Object) > class="v-app-bar" style= {top: 0px, zIndex: 1014, transform: translateY(0px), position: fixed, height: undefined}  ... > 
  at <VAppBar id="topnav" > 
  at <MenusHeader drawer=false onToggleDrawer=fn > 
  at <ClientOnly > 
  at <VApp theme="light" class="auto-text" > 
  at <VResponsive class="border rounded" > 
  at <Default ref=Ref< Proxy(Object) > > 
  at <AsyncComponentWrapper ref=Ref< Proxy(Object) > > 
  at <LayoutLoader key="default" layoutProps= {ref: RefImpl} name="default" > 
  at <NuxtLayoutProvider layoutProps= {ref: RefImpl} key="default" name="default"  ... > 
  at <NuxtLayout > 
  at <App key=4 > 
  at <NuxtRoot> @ http://localhost:3001/_nuxt/@fs/home/meebuzo/github/alternate-framework/apps/ecosystem/meeovi-frontend/node_modules/@sentry/core/build/esm/instrument/console.js?v=cfee6d51:42
[   29046ms] [WARNING] [Vue warn]: Avoid app logic that relies on enumerating keys on a component instance. The keys will be empty in production mode to avoid performance overhead. 
  at <VNavigationDrawer modelValue=undefined onUpdate:modelValue=fn location="right"  ... > 
  at <MenusTopmenuLayoutNotifications > 
  at <VCol class="notificationsHeader" > 
  at <VDefaultsProvider defaults= {VTabs: Object} > 
  at <VToolbar ref=Ref< Proxy(Object) > class="v-app-bar" style= {top: 0px, zIndex: 1014, transform: translateY(0px), position: fixed, height: undefined}  ... > 
  at <VAppBar id="topnav" > 
  at <MenusHeader drawer=false onToggleDrawer=fn > 
  at <ClientOnly > 
  at <VApp theme="light" class="auto-text" > 
  at <VResponsive class="border rounded" > 
  at <Default ref=Ref< Proxy(Object) > > 
  at <AsyncComponentWrapper ref=Ref< Proxy(Object) > > 
  at <LayoutLoader key="default" layoutProps= {ref: RefImpl} name="default" > 
  at <NuxtLayoutProvider layoutProps= {ref: RefImpl} key="default" name="default"  ... > 
  at <NuxtLayout > 
  at <App key=4 > 
  at <NuxtRoot> @ http://localhost:3001/_nuxt/@fs/home/meebuzo/github/alternate-framework/apps/ecosystem/meeovi-frontend/node_modules/@sentry/core/build/esm/instrument/console.js?v=cfee6d51:42
[   29049ms] [WARNING] [Vue warn]: Avoid app logic that relies on enumerating keys on a component instance. The keys will be empty in production mode to avoid performance overhead. 
  at <VNavigationDrawer modelValue=undefined onUpdate:modelValue=fn location="right"  ... > 
  at <MenusTopmenuLayoutNotifications > 
  at <VCol class="notificationsHeader" > 
  at <VDefaultsProvider defaults= {VTabs: Object} > 
  at <VToolbar ref=Ref< Proxy(Object) > class="v-app-bar" style= {top: 0px, zIndex: 1014, transform: translateY(0px), position: fixed, height: undefined}  ... > 
  at <VAppBar id="topnav" > 
  at <MenusHeader drawer=false onToggleDrawer=fn > 
  at <ClientOnly > 
  at <VApp theme="light" class="auto-text" > 
  at <VResponsive class="border rounded" > 
  at <Default ref=Ref< Proxy(Object) > > 
  at <AsyncComponentWrapper ref=Ref< Proxy(Object) > > 
  at <LayoutLoader key="default" layoutProps= {ref: RefImpl} name="default" > 
  at <NuxtLayoutProvider layoutProps= {ref: RefImpl} key="default" name="default"  ... > 
  at <NuxtLayout > 
  at <App key=4 > 
  at <NuxtRoot> @ http://localhost:3001/_nuxt/@fs/home/meebuzo/github/alternate-framework/apps/ecosystem/meeovi-frontend/node_modules/@sentry/core/build/esm/instrument/console.js?v=cfee6d51:42
[   29052ms] [WARNING] [Vue warn]: Avoid app logic that relies on enumerating keys on a component instance. The keys will be empty in production mode to avoid performance overhead. 
  at <VNavigationDrawer modelValue=undefined onUpdate:modelValue=fn location="right"  ... > 
  at <MenusTopmenuLayoutNotifications > 
  at <VCol class="notificationsHeader" > 
  at <VDefaultsProvider defaults= {VTabs: Object} > 
  at <VToolbar ref=Ref< Proxy(Object) > class="v-app-bar" style= {top: 0px, zIndex: 1014, transform: translateY(0px), position: fixed, height: undefined}  ... > 
  at <VAppBar id="topnav" > 
  at <MenusHeader drawer=false onToggleDrawer=fn > 
  at <ClientOnly > 
  at <VApp theme="light" class="auto-text" > 
  at <VResponsive class="border rounded" > 
  at <Default ref=Ref< Proxy(Object) > > 
  at <AsyncComponentWrapper ref=Ref< Proxy(Object) > > 
  at <LayoutLoader key="default" layoutProps= {ref: RefImpl} name="default" > 
  at <NuxtLayoutProvider layoutProps= {ref: RefImpl} key="default" name="default"  ... > 
  at <NuxtLayout > 
  at <App key=4 > 
  at <NuxtRoot> @ http://localhost:3001/_nuxt/@fs/home/meebuzo/github/alternate-framework/apps/ecosystem/meeovi-frontend/node_modules/@sentry/core/build/esm/instrument/console.js?v=cfee6d51:42
[   29056ms] [WARNING] [Vue warn]: Avoid app logic that relies on enumerating keys on a component instance. The keys will be empty in production mode to avoid performance overhead. 
  at <VNavigationDrawer modelValue=undefined onUpdate:modelValue=fn location="right"  ... > 
  at <MenusTopmenuLayoutNotifications > 
  at <VCol class="notificationsHeader" > 
  at <VDefaultsProvider defaults= {VTabs: Object} > 
  at <VToolbar ref=Ref< Proxy(Object) > class="v-app-bar" style= {top: 0px, zIndex: 1014, transform: translateY(0px), position: fixed, height: undefined}  ... > 
  at <VAppBar id="topnav" > 
  at <MenusHeader drawer=false onToggleDrawer=fn > 
  at <ClientOnly > 
  at <VApp theme="light" class="auto-text" > 
  at <VResponsive class="border rounded" > 
  at <Default ref=Ref< Proxy(Object) > > 
  at <AsyncComponentWrapper ref=Ref< Proxy(Object) > > 
  at <LayoutLoader key="default" layoutProps= {ref: RefImpl} name="default" > 
  at <NuxtLayoutProvider layoutProps= {ref: RefImpl} key="default" name="default"  ... > 
  at <NuxtLayout > 
  at <App key=4 > 
  at <NuxtRoot> @ http://localhost:3001/_nuxt/@fs/home/meebuzo/github/alternate-framework/apps/ecosystem/meeovi-frontend/node_modules/@sentry/core/build/esm/instrument/console.js?v=cfee6d51:42
[   29061ms] [WARNING] [Vue warn]: Avoid app logic that relies on enumerating keys on a component instance. The keys will be empty in production mode to avoid performance overhead. 
  at <VNavigationDrawer modelValue=undefined onUpdate:modelValue=fn location="right"  ... > 
  at <MenusTopmenuLayoutNotifications > 
  at <VCol class="notificationsHeader" > 
  at <VDefaultsProvider defaults= {VTabs: Object} > 
  at <VToolbar ref=Ref< Proxy(Object) > class="v-app-bar" style= {top: 0px, zIndex: 1014, transform: translateY(0px), position: fixed, height: undefined}  ... > 
  at <VAppBar id="topnav" > 
  at <MenusHeader drawer=false onToggleDrawer=fn > 
  at <ClientOnly > 
  at <VApp theme="light" class="auto-text" > 
  at <VResponsive class="border rounded" > 
  at <Default ref=Ref< Proxy(Object) > > 
  at <AsyncComponentWrapper ref=Ref< Proxy(Object) > > 
  at <LayoutLoader key="default" layoutProps= {ref: RefImpl} name="default" > 
  at <NuxtLayoutProvider layoutProps= {ref: RefImpl} key="default" name="default"  ... > 
  at <NuxtLayout > 
  at <App key=4 > 
  at <NuxtRoot> @ http://localhost:3001/_nuxt/@fs/home/meebuzo/github/alternate-framework/apps/ecosystem/meeovi-frontend/node_modules/@sentry/core/build/esm/instrument/console.js?v=cfee6d51:42
[   29064ms] [WARNING] [Vue warn]: Avoid app logic that relies on enumerating keys on a component instance. The keys will be empty in production mode to avoid performance overhead. 
  at <VNavigationDrawer modelValue=undefined onUpdate:modelValue=fn location="right"  ... > 
  at <MenusTopmenuLayoutNotifications > 
  at <VCol class="notificationsHeader" > 
  at <VDefaultsProvider defaults= {VTabs: Object} > 
  at <VToolbar ref=Ref< Proxy(Object) > class="v-app-bar" style= {top: 0px, zIndex: 1014, transform: translateY(0px), position: fixed, height: undefined}  ... > 
  at <VAppBar id="topnav" > 
  at <MenusHeader drawer=false onToggleDrawer=fn > 
  at <ClientOnly > 
  at <VApp theme="light" class="auto-text" > 
  at <VResponsive class="border rounded" > 
  at <Default ref=Ref< Proxy(Object) > > 
  at <AsyncComponentWrapper ref=Ref< Proxy(Object) > > 
  at <LayoutLoader key="default" layoutProps= {ref: RefImpl} name="default" > 
  at <NuxtLayoutProvider layoutProps= {ref: RefImpl} key="default" name="default"  ... > 
  at <NuxtLayout > 
  at <App key=4 > 
  at <NuxtRoot> @ http://localhost:3001/_nuxt/@fs/home/meebuzo/github/alternate-framework/apps/ecosystem/meeovi-frontend/node_modules/@sentry/core/build/esm/instrument/console.js?v=cfee6d51:42
[   29068ms] [WARNING] [Vue warn]: Avoid app logic that relies on enumerating keys on a component instance. The keys will be empty in production mode to avoid performance overhead. 
  at <VNavigationDrawer modelValue=undefined onUpdate:modelValue=fn location="right"  ... > 
  at <MenusTopmenuLayoutNotifications > 
  at <VCol class="notificationsHeader" > 
  at <VDefaultsProvider defaults= {VTabs: Object} > 
  at <VToolbar ref=Ref< Proxy(Object) > class="v-app-bar" style= {top: 0px, zIndex: 1014, transform: translateY(0px), position: fixed, height: undefined}  ... > 
  at <VAppBar id="topnav" > 
  at <MenusHeader drawer=false onToggleDrawer=fn > 
  at <ClientOnly > 
  at <VApp theme="light" class="auto-text" > 
  at <VResponsive class="border rounded" > 
  at <Default ref=Ref< Proxy(Object) > > 
  at <AsyncComponentWrapper ref=Ref< Proxy(Object) > > 
  at <LayoutLoader key="default" layoutProps= {ref: RefImpl} name="default" > 
  at <NuxtLayoutProvider layoutProps= {ref: RefImpl} key="default" name="default"  ... > 
  at <NuxtLayout > 
  at <App key=4 > 
  at <NuxtRoot> @ http://localhost:3001/_nuxt/@fs/home/meebuzo/github/alternate-framework/apps/ecosystem/meeovi-frontend/node_modules/@sentry/core/build/esm/instrument/console.js?v=cfee6d51:42
[   29070ms] [ERROR] Connecting to 'https://o996770.ingest.us.sentry.io/api/5955273/envelope/?sentry_version=7&sentry_key=df1b90fab7c44ce8aef097a63b468d61&sentry_client=sentry.javascript.nuxt%2F10.63.0' violates the following Content Security Policy directive: "connect-src 'self' https://*.mux.com". The action has been blocked. @ http://localhost:3001/_nuxt/@fs/home/meebuzo/github/alternate-framework/apps/ecosystem/meeovi-frontend/node_modules/@sentry/browser/build/npm/esm/dev/transports/fetch.js?v=cfee6d51:31
[   29071ms] [ERROR] Fetch API cannot load https://o996770.ingest.us.sentry.io/api/5955273/envelope/?sentry_version=7&sentry_key=df1b90fab7c44ce8aef097a63b468d61&sentry_client=sentry.javascript.nuxt%2F10.63.0. Refused to connect because it violates the document's Content Security Policy. @ http://localhost:3001/_nuxt/@fs/home/meebuzo/github/alternate-framework/apps/ecosystem/meeovi-frontend/node_modules/@sentry/browser/build/npm/esm/dev/transports/fetch.js?v=cfee6d51:31
[   29075ms] [WARNING] [Vue warn]: Avoid app logic that relies on enumerating keys on a component instance. The keys will be empty in production mode to avoid performance overhead. 
  at <VNavigationDrawer modelValue=undefined onUpdate:modelValue=fn location="right"  ... > 
  at <MenusTopmenuLayoutNotifications > 
  at <VCol class="notificationsHeader" > 
  at <VDefaultsProvider defaults= {VTabs: Object} > 
  at <VToolbar ref=Ref< Proxy(Object) > class="v-app-bar" style= {top: 0px, zIndex: 1014, transform: translateY(0px), position: fixed, height: undefined}  ... > 
  at <VAppBar id="topnav" > 
  at <MenusHeader drawer=false onToggleDrawer=fn > 
  at <ClientOnly > 
  at <VApp theme="light" class="auto-text" > 
  at <VResponsive class="border rounded" > 
  at <Default ref=Ref< Proxy(Object) > > 
  at <AsyncComponentWrapper ref=Ref< Proxy(Object) > > 
  at <LayoutLoader key="default" layoutProps= {ref: RefImpl} name="default" > 
  at <NuxtLayoutProvider layoutProps= {ref: RefImpl} key="default" name="default"  ... > 
  at <NuxtLayout > 
  at <App key=4 > 
  at <NuxtRoot> @ http://localhost:3001/_nuxt/@fs/home/meebuzo/github/alternate-framework/apps/ecosystem/meeovi-frontend/node_modules/@sentry/core/build/esm/instrument/console.js?v=cfee6d51:42
[   29079ms] [WARNING] [Vue warn]: Avoid app logic that relies on enumerating keys on a component instance. The keys will be empty in production mode to avoid performance overhead. 
  at <VNavigationDrawer modelValue=undefined onUpdate:modelValue=fn location="right"  ... > 
  at <MenusTopmenuLayoutNotifications > 
  at <VCol class="notificationsHeader" > 
  at <VDefaultsProvider defaults= {VTabs: Object} > 
  at <VToolbar ref=Ref< Proxy(Object) > class="v-app-bar" style= {top: 0px, zIndex: 1014, transform: translateY(0px), position: fixed, height: undefined}  ... > 
  at <VAppBar id="topnav" > 
  at <MenusHeader drawer=false onToggleDrawer=fn > 
  at <ClientOnly > 
  at <VApp theme="light" class="auto-text" > 
  at <VResponsive class="border rounded" > 
  at <Default ref=Ref< Proxy(Object) > > 
  at <AsyncComponentWrapper ref=Ref< Proxy(Object) > > 
  at <LayoutLoader key="default" layoutProps= {ref: RefImpl} name="default" > 
  at <NuxtLayoutProvider layoutProps= {ref: RefImpl} key="default" name="default"  ... > 
  at <NuxtLayout > 
  at <App key=4 > 
  at <NuxtRoot> @ http://localhost:3001/_nuxt/@fs/home/meebuzo/github/alternate-framework/apps/ecosystem/meeovi-frontend/node_modules/@sentry/core/build/esm/instrument/console.js?v=cfee6d51:42
[   29083ms] [WARNING] [Vue warn]: Avoid app logic that relies on enumerating keys on a component instance. The keys will be empty in production mode to avoid performance overhead. 
  at <VNavigationDrawer modelValue=undefined onUpdate:modelValue=fn location="right"  ... > 
  at <MenusTopmenuLayoutNotifications > 
  at <VCol class="notificationsHeader" > 
  at <VDefaultsProvider defaults= {VTabs: Object} > 
  at <VToolbar ref=Ref< Proxy(Object) > class="v-app-bar" style= {top: 0px, zIndex: 1014, transform: translateY(0px), position: fixed, height: undefined}  ... > 
  at <VAppBar id="topnav" > 
  at <MenusHeader drawer=false onToggleDrawer=fn > 
  at <ClientOnly > 
  at <VApp theme="light" class="auto-text" > 
  at <VResponsive class="border rounded" > 
  at <Default ref=Ref< Proxy(Object) > > 
  at <AsyncComponentWrapper ref=Ref< Proxy(Object) > > 
  at <LayoutLoader key="default" layoutProps= {ref: RefImpl} name="default" > 
  at <NuxtLayoutProvider layoutProps= {ref: RefImpl} key="default" name="default"  ... > 
  at <NuxtLayout > 
  at <App key=4 > 
  at <NuxtRoot> @ http://localhost:3001/_nuxt/@fs/home/meebuzo/github/alternate-framework/apps/ecosystem/meeovi-frontend/node_modules/@sentry/core/build/esm/instrument/console.js?v=cfee6d51:42
[   29087ms] [WARNING] [Vue warn]: Avoid app logic that relies on enumerating keys on a component instance. The keys will be empty in production mode to avoid performance overhead. 
  at <VNavigationDrawer modelValue=undefined onUpdate:modelValue=fn location="right"  ... > 
  at <MenusTopmenuLayoutNotifications > 
  at <VCol class="notificationsHeader" > 
  at <VDefaultsProvider defaults= {VTabs: Object} > 
  at <VToolbar ref=Ref< Proxy(Object) > class="v-app-bar" style= {top: 0px, zIndex: 1014, transform: translateY(0px), position: fixed, height: undefined}  ... > 
  at <VAppBar id="topnav" > 
  at <MenusHeader drawer=false onToggleDrawer=fn > 
  at <ClientOnly > 
  at <VApp theme="light" class="auto-text" > 
  at <VResponsive class="border rounded" > 
  at <Default ref=Ref< Proxy(Object) > > 
  at <AsyncComponentWrapper ref=Ref< Proxy(Object) > > 
  at <LayoutLoader key="default" layoutProps= {ref: RefImpl} name="default" > 
  at <NuxtLayoutProvider layoutProps= {ref: RefImpl} key="default" name="default"  ... > 
  at <NuxtLayout > 
  at <App key=4 > 
  at <NuxtRoot> @ http://localhost:3001/_nuxt/@fs/home/meebuzo/github/alternate-framework/apps/ecosystem/meeovi-frontend/node_modules/@sentry/core/build/esm/instrument/console.js?v=cfee6d51:42
[   29090ms] [WARNING] [Vue warn]: Avoid app logic that relies on enumerating keys on a component instance. The keys will be empty in production mode to avoid performance overhead. 
  at <VNavigationDrawer modelValue=undefined onUpdate:modelValue=fn location="right"  ... > 
  at <MenusTopmenuLayoutNotifications > 
  at <VCol class="notificationsHeader" > 
  at <VDefaultsProvider defaults= {VTabs: Object} > 
  at <VToolbar ref=Ref< Proxy(Object) > class="v-app-bar" style= {top: 0px, zIndex: 1014, transform: translateY(0px), position: fixed, height: undefined}  ... > 
  at <VAppBar id="topnav" > 
  at <MenusHeader drawer=false onToggleDrawer=fn > 
  at <ClientOnly > 
  at <VApp theme="light" class="auto-text" > 
  at <VResponsive class="border rounded" > 
  at <Default ref=Ref< Proxy(Object) > > 
  at <AsyncComponentWrapper ref=Ref< Proxy(Object) > > 
  at <LayoutLoader key="default" layoutProps= {ref: RefImpl} name="default" > 
  at <NuxtLayoutProvider layoutProps= {ref: RefImpl} key="default" name="default"  ... > 
  at <NuxtLayout > 
  at <App key=4 > 
  at <NuxtRoot> @ http://localhost:3001/_nuxt/@fs/home/meebuzo/github/alternate-framework/apps/ecosystem/meeovi-frontend/node_modules/@sentry/core/build/esm/instrument/console.js?v=cfee6d51:42
[   29094ms] [WARNING] [Vue warn]: Avoid app logic that relies on enumerating keys on a component instance. The keys will be empty in production mode to avoid performance overhead. 
  at <VNavigationDrawer modelValue=undefined onUpdate:modelValue=fn location="right"  ... > 
  at <MenusTopmenuLayoutNotifications > 
  at <VCol class="notificationsHeader" > 
  at <VDefaultsProvider defaults= {VTabs: Object} > 
  at <VToolbar ref=Ref< Proxy(Object) > class="v-app-bar" style= {top: 0px, zIndex: 1014, transform: translateY(0px), position: fixed, height: undefined}  ... > 
  at <VAppBar id="topnav" > 
  at <MenusHeader drawer=false onToggleDrawer=fn > 
  at <ClientOnly > 
  at <VApp theme="light" class="auto-text" > 
  at <VResponsive class="border rounded" > 
  at <Default ref=Ref< Proxy(Object) > > 
  at <AsyncComponentWrapper ref=Ref< Proxy(Object) > > 
  at <LayoutLoader key="default" layoutProps= {ref: RefImpl} name="default" > 
  at <NuxtLayoutProvider layoutProps= {ref: RefImpl} key="default" name="default"  ... > 
  at <NuxtLayout > 
  at <App key=4 > 
  at <NuxtRoot> @ http://localhost:3001/_nuxt/@fs/home/meebuzo/github/alternate-framework/apps/ecosystem/meeovi-frontend/node_modules/@sentry/core/build/esm/instrument/console.js?v=cfee6d51:42
[   29098ms] [WARNING] [Vue warn]: Avoid app logic that relies on enumerating keys on a component instance. The keys will be empty in production mode to avoid performance overhead. 
  at <VNavigationDrawer modelValue=undefined onUpdate:modelValue=fn location="right"  ... > 
  at <MenusTopmenuLayoutNotifications > 
  at <VCol class="notificationsHeader" > 
  at <VDefaultsProvider defaults= {VTabs: Object} > 
  at <VToolbar ref=Ref< Proxy(Object) > class="v-app-bar" style= {top: 0px, zIndex: 1014, transform: translateY(0px), position: fixed, height: undefined}  ... > 
  at <VAppBar id="topnav" > 
  at <MenusHeader drawer=false onToggleDrawer=fn > 
  at <ClientOnly > 
  at <VApp theme="light" class="auto-text" > 
  at <VResponsive class="border rounded" > 
  at <Default ref=Ref< Proxy(Object) > > 
  at <AsyncComponentWrapper ref=Ref< Proxy(Object) > > 
  at <LayoutLoader key="default" layoutProps= {ref: RefImpl} name="default" > 
  at <NuxtLayoutProvider layoutProps= {ref: RefImpl} key="default" name="default"  ... > 
  at <NuxtLayout > 
  at <App key=4 > 
  at <NuxtRoot> @ http://localhost:3001/_nuxt/@fs/home/meebuzo/github/alternate-framework/apps/ecosystem/meeovi-frontend/node_modules/@sentry/core/build/esm/instrument/console.js?v=cfee6d51:42
[   29103ms] [WARNING] [Vue warn]: Avoid app logic that relies on enumerating keys on a component instance. The keys will be empty in production mode to avoid performance overhead. 
  at <VNavigationDrawer modelValue=undefined onUpdate:modelValue=fn location="right"  ... > 
  at <MenusTopmenuLayoutNotifications > 
  at <VCol class="notificationsHeader" > 
  at <VDefaultsProvider defaults= {VTabs: Object} > 
  at <VToolbar ref=Ref< Proxy(Object) > class="v-app-bar" style= {top: 0px, zIndex: 1014, transform: translateY(0px), position: fixed, height: undefined}  ... > 
  at <VAppBar id="topnav" > 
  at <MenusHeader drawer=false onToggleDrawer=fn > 
  at <ClientOnly > 
  at <VApp theme="light" class="auto-text" > 
  at <VResponsive class="border rounded" > 
  at <Default ref=Ref< Proxy(Object) > > 
  at <AsyncComponentWrapper ref=Ref< Proxy(Object) > > 
  at <LayoutLoader key="default" layoutProps= {ref: RefImpl} name="default" > 
  at <NuxtLayoutProvider layoutProps= {ref: RefImpl} key="default" name="default"  ... > 
  at <NuxtLayout > 
  at <App key=4 > 
  at <NuxtRoot> @ http://localhost:3001/_nuxt/@fs/home/meebuzo/github/alternate-framework/apps/ecosystem/meeovi-frontend/node_modules/@sentry/core/build/esm/instrument/console.js?v=cfee6d51:42
[   29106ms] [WARNING] [Vue warn]: Avoid app logic that relies on enumerating keys on a component instance. The keys will be empty in production mode to avoid performance overhead. 
  at <VNavigationDrawer modelValue=undefined onUpdate:modelValue=fn location="right"  ... > 
  at <MenusTopmenuLayoutNotifications > 
  at <VCol class="notificationsHeader" > 
  at <VDefaultsProvider defaults= {VTabs: Object} > 
  at <VToolbar ref=Ref< Proxy(Object) > class="v-app-bar" style= {top: 0px, zIndex: 1014, transform: translateY(0px), position: fixed, height: undefined}  ... > 
  at <VAppBar id="topnav" > 
  at <MenusHeader drawer=false onToggleDrawer=fn > 
  at <ClientOnly > 
  at <VApp theme="light" class="auto-text" > 
  at <VResponsive class="border rounded" > 
  at <Default ref=Ref< Proxy(Object) > > 
  at <AsyncComponentWrapper ref=Ref< Proxy(Object) > > 
  at <LayoutLoader key="default" layoutProps= {ref: RefImpl} name="default" > 
  at <NuxtLayoutProvider layoutProps= {ref: RefImpl} key="default" name="default"  ... > 
  at <NuxtLayout > 
  at <App key=4 > 
  at <NuxtRoot> @ http://localhost:3001/_nuxt/@fs/home/meebuzo/github/alternate-framework/apps/ecosystem/meeovi-frontend/node_modules/@sentry/core/build/esm/instrument/console.js?v=cfee6d51:42
[   29109ms] [WARNING] [Vue warn]: Avoid app logic that relies on enumerating keys on a component instance. The keys will be empty in production mode to avoid performance overhead. 
  at <VNavigationDrawer modelValue=undefined onUpdate:modelValue=fn location="right"  ... > 
  at <MenusTopmenuLayoutNotifications > 
  at <VCol class="notificationsHeader" > 
  at <VDefaultsProvider defaults= {VTabs: Object} > 
  at <VToolbar ref=Ref< Proxy(Object) > class="v-app-bar" style= {top: 0px, zIndex: 1014, transform: translateY(0px), position: fixed, height: undefined}  ... > 
  at <VAppBar id="topnav" > 
  at <MenusHeader drawer=false onToggleDrawer=fn > 
  at <ClientOnly > 
  at <VApp theme="light" class="auto-text" > 
  at <VResponsive class="border rounded" > 
  at <Default ref=Ref< Proxy(Object) > > 
  at <AsyncComponentWrapper ref=Ref< Proxy(Object) > > 
  at <LayoutLoader key="default" layoutProps= {ref: RefImpl} name="default" > 
  at <NuxtLayoutProvider layoutProps= {ref: RefImpl} key="default" name="default"  ... > 
  at <NuxtLayout > 
  at <App key=4 > 
  at <NuxtRoot> @ http://localhost:3001/_nuxt/@fs/home/meebuzo/github/alternate-framework/apps/ecosystem/meeovi-frontend/node_modules/@sentry/core/build/esm/instrument/console.js?v=cfee6d51:42
[   29112ms] [WARNING] [Vue warn]: Avoid app logic that relies on enumerating keys on a component instance. The keys will be empty in production mode to avoid performance overhead. 
  at <VNavigationDrawer modelValue=undefined onUpdate:modelValue=fn location="right"  ... > 
  at <MenusTopmenuLayoutNotifications > 
  at <VCol class="notificationsHeader" > 
  at <VDefaultsProvider defaults= {VTabs: Object} > 
  at <VToolbar ref=Ref< Proxy(Object) > class="v-app-bar" style= {top: 0px, zIndex: 1014, transform: translateY(0px), position: fixed, height: undefined}  ... > 
  at <VAppBar id="topnav" > 
  at <MenusHeader drawer=false onToggleDrawer=fn > 
  at <ClientOnly > 
  at <VApp theme="light" class="auto-text" > 
  at <VResponsive class="border rounded" > 
  at <Default ref=Ref< Proxy(Object) > > 
  at <AsyncComponentWrapper ref=Ref< Proxy(Object) > > 
  at <LayoutLoader key="default" layoutProps= {ref: RefImpl} name="default" > 
  at <NuxtLayoutProvider layoutProps= {ref: RefImpl} key="default" name="default"  ... > 
  at <NuxtLayout > 
  at <App key=4 > 
  at <NuxtRoot> @ http://localhost:3001/_nuxt/@fs/home/meebuzo/github/alternate-framework/apps/ecosystem/meeovi-frontend/node_modules/@sentry/core/build/esm/instrument/console.js?v=cfee6d51:42
[   29116ms] [WARNING] [Vue warn]: Avoid app logic that relies on enumerating keys on a component instance. The keys will be empty in production mode to avoid performance overhead. 
  at <VNavigationDrawer modelValue=undefined onUpdate:modelValue=fn location="right"  ... > 
  at <MenusTopmenuLayoutNotifications > 
  at <VCol class="notificationsHeader" > 
  at <VDefaultsProvider defaults= {VTabs: Object} > 
  at <VToolbar ref=Ref< Proxy(Object) > class="v-app-bar" style= {top: 0px, zIndex: 1014, transform: translateY(0px), position: fixed, height: undefined}  ... > 
  at <VAppBar id="topnav" > 
  at <MenusHeader drawer=false onToggleDrawer=fn > 
  at <ClientOnly > 
  at <VApp theme="light" class="auto-text" > 
  at <VResponsive class="border rounded" > 
  at <Default ref=Ref< Proxy(Object) > > 
  at <AsyncComponentWrapper ref=Ref< Proxy(Object) > > 
  at <LayoutLoader key="default" layoutProps= {ref: RefImpl} name="default" > 
  at <NuxtLayoutProvider layoutProps= {ref: RefImpl} key="default" name="default"  ... > 
  at <NuxtLayout > 
  at <App key=4 > 
  at <NuxtRoot> @ http://localhost:3001/_nuxt/@fs/home/meebuzo/github/alternate-framework/apps/ecosystem/meeovi-frontend/node_modules/@sentry/core/build/esm/instrument/console.js?v=cfee6d51:42
[   29120ms] [WARNING] [Vue warn]: Avoid app logic that relies on enumerating keys on a component instance. The keys will be empty in production mode to avoid performance overhead. 
  at <VNavigationDrawer modelValue=undefined onUpdate:modelValue=fn location="right"  ... > 
  at <MenusTopmenuLayoutNotifications > 
  at <VCol class="notificationsHeader" > 
  at <VDefaultsProvider defaults= {VTabs: Object} > 
  at <VToolbar ref=Ref< Proxy(Object) > class="v-app-bar" style= {top: 0px, zIndex: 1014, transform: translateY(0px), position: fixed, height: undefined}  ... > 
  at <VAppBar id="topnav" > 
  at <MenusHeader drawer=false onToggleDrawer=fn > 
  at <ClientOnly > 
  at <VApp theme="light" class="auto-text" > 
  at <VResponsive class="border rounded" > 
  at <Default ref=Ref< Proxy(Object) > > 
  at <AsyncComponentWrapper ref=Ref< Proxy(Object) > > 
  at <LayoutLoader key="default" layoutProps= {ref: RefImpl} name="default" > 
  at <NuxtLayoutProvider layoutProps= {ref: RefImpl} key="default" name="default"  ... > 
  at <NuxtLayout > 
  at <App key=4 > 
  at <NuxtRoot> @ http://localhost:3001/_nuxt/@fs/home/meebuzo/github/alternate-framework/apps/ecosystem/meeovi-frontend/node_modules/@sentry/core/build/esm/instrument/console.js?v=cfee6d51:42
[   29123ms] [WARNING] [Vue warn]: Avoid app logic that relies on enumerating keys on a component instance. The keys will be empty in production mode to avoid performance overhead. 
  at <VNavigationDrawer modelValue=undefined onUpdate:modelValue=fn location="right"  ... > 
  at <MenusTopmenuLayoutNotifications > 
  at <VCol class="notificationsHeader" > 
  at <VDefaultsProvider defaults= {VTabs: Object} > 
  at <VToolbar ref=Ref< Proxy(Object) > class="v-app-bar" style= {top: 0px, zIndex: 1014, transform: translateY(0px), position: fixed, height: undefined}  ... > 
  at <VAppBar id="topnav" > 
  at <MenusHeader drawer=false onToggleDrawer=fn > 
  at <ClientOnly > 
  at <VApp theme="light" class="auto-text" > 
  at <VResponsive class="border rounded" > 
  at <Default ref=Ref< Proxy(Object) > > 
  at <AsyncComponentWrapper ref=Ref< Proxy(Object) > > 
  at <LayoutLoader key="default" layoutProps= {ref: RefImpl} name="default" > 
  at <NuxtLayoutProvider layoutProps= {ref: RefImpl} key="default" name="default"  ... > 
  at <NuxtLayout > 
  at <App key=4 > 
  at <NuxtRoot> @ http://localhost:3001/_nuxt/@fs/home/meebuzo/github/alternate-framework/apps/ecosystem/meeovi-frontend/node_modules/@sentry/core/build/esm/instrument/console.js?v=cfee6d51:42
[   29128ms] [WARNING] [Vue warn]: Avoid app logic that relies on enumerating keys on a component instance. The keys will be empty in production mode to avoid performance overhead. 
  at <VNavigationDrawer modelValue=undefined onUpdate:modelValue=fn location="right"  ... > 
  at <MenusTopmenuLayoutNotifications > 
  at <VCol class="notificationsHeader" > 
  at <VDefaultsProvider defaults= {VTabs: Object} > 
  at <VToolbar ref=Ref< Proxy(Object) > class="v-app-bar" style= {top: 0px, zIndex: 1014, transform: translateY(0px), position: fixed, height: undefined}  ... > 
  at <VAppBar id="topnav" > 
  at <MenusHeader drawer=false onToggleDrawer=fn > 
  at <ClientOnly > 
  at <VApp theme="light" class="auto-text" > 
  at <VResponsive class="border rounded" > 
  at <Default ref=Ref< Proxy(Object) > > 
  at <AsyncComponentWrapper ref=Ref< Proxy(Object) > > 
  at <LayoutLoader key="default" layoutProps= {ref: RefImpl} name="default" > 
  at <NuxtLayoutProvider layoutProps= {ref: RefImpl} key="default" name="default"  ... > 
  at <NuxtLayout > 
  at <App key=4 > 
  at <NuxtRoot> @ http://localhost:3001/_nuxt/@fs/home/meebuzo/github/alternate-framework/apps/ecosystem/meeovi-frontend/node_modules/@sentry/core/build/esm/instrument/console.js?v=cfee6d51:42
[   29131ms] [WARNING] [Vue warn]: Avoid app logic that relies on enumerating keys on a component instance. The keys will be empty in production mode to avoid performance overhead. 
  at <VNavigationDrawer modelValue=undefined onUpdate:modelValue=fn location="right"  ... > 
  at <MenusTopmenuLayoutNotifications > 
  at <VCol class="notificationsHeader" > 
  at <VDefaultsProvider defaults= {VTabs: Object} > 
  at <VToolbar ref=Ref< Proxy(Object) > class="v-app-bar" style= {top: 0px, zIndex: 1014, transform: translateY(0px), position: fixed, height: undefined}  ... > 
  at <VAppBar id="topnav" > 
  at <MenusHeader drawer=false onToggleDrawer=fn > 
  at <ClientOnly > 
  at <VApp theme="light" class="auto-text" > 
  at <VResponsive class="border rounded" > 
  at <Default ref=Ref< Proxy(Object) > > 
  at <AsyncComponentWrapper ref=Ref< Proxy(Object) > > 
  at <LayoutLoader key="default" layoutProps= {ref: RefImpl} name="default" > 
  at <NuxtLayoutProvider layoutProps= {ref: RefImpl} key="default" name="default"  ... > 
  at <NuxtLayout > 
  at <App key=4 > 
  at <NuxtRoot> @ http://localhost:3001/_nuxt/@fs/home/meebuzo/github/alternate-framework/apps/ecosystem/meeovi-frontend/node_modules/@sentry/core/build/esm/instrument/console.js?v=cfee6d51:42
[   29135ms] [WARNING] [Vue warn]: Avoid app logic that relies on enumerating keys on a component instance. The keys will be empty in production mode to avoid performance overhead. 
  at <VNavigationDrawer modelValue=undefined onUpdate:modelValue=fn location="right"  ... > 
  at <MenusTopmenuLayoutNotifications > 
  at <VCol class="notificationsHeader" > 
  at <VDefaultsProvider defaults= {VTabs: Object} > 
  at <VToolbar ref=Ref< Proxy(Object) > class="v-app-bar" style= {top: 0px, zIndex: 1014, transform: translateY(0px), position: fixed, height: undefined}  ... > 
  at <VAppBar id="topnav" > 
  at <MenusHeader drawer=false onToggleDrawer=fn > 
  at <ClientOnly > 
  at <VApp theme="light" class="auto-text" > 
  at <VResponsive class="border rounded" > 
  at <Default ref=Ref< Proxy(Object) > > 
  at <AsyncComponentWrapper ref=Ref< Proxy(Object) > > 
  at <LayoutLoader key="default" layoutProps= {ref: RefImpl} name="default" > 
  at <NuxtLayoutProvider layoutProps= {ref: RefImpl} key="default" name="default"  ... > 
  at <NuxtLayout > 
  at <App key=4 > 
  at <NuxtRoot> @ http://localhost:3001/_nuxt/@fs/home/meebuzo/github/alternate-framework/apps/ecosystem/meeovi-frontend/node_modules/@sentry/core/build/esm/instrument/console.js?v=cfee6d51:42
[   29138ms] [WARNING] [Vue warn]: Avoid app logic that relies on enumerating keys on a component instance. The keys will be empty in production mode to avoid performance overhead. 
  at <VNavigationDrawer modelValue=undefined onUpdate:modelValue=fn location="right"  ... > 
  at <MenusTopmenuLayoutNotifications > 
  at <VCol class="notificationsHeader" > 
  at <VDefaultsProvider defaults= {VTabs: Object} > 
  at <VToolbar ref=Ref< Proxy(Object) > class="v-app-bar" style= {top: 0px, zIndex: 1014, transform: translateY(0px), position: fixed, height: undefined}  ... > 
  at <VAppBar id="topnav" > 
  at <MenusHeader drawer=false onToggleDrawer=fn > 
  at <ClientOnly > 
  at <VApp theme="light" class="auto-text" > 
  at <VResponsive class="border rounded" > 
  at <Default ref=Ref< Proxy(Object) > > 
  at <AsyncComponentWrapper ref=Ref< Proxy(Object) > > 
  at <LayoutLoader key="default" layoutProps= {ref: RefImpl} name="default" > 
  at <NuxtLayoutProvider layoutProps= {ref: RefImpl} key="default" name="default"  ... > 
  at <NuxtLayout > 
  at <App key=4 > 
  at <NuxtRoot> @ http://localhost:3001/_nuxt/@fs/home/meebuzo/github/alternate-framework/apps/ecosystem/meeovi-frontend/node_modules/@sentry/core/build/esm/instrument/console.js?v=cfee6d51:42
[   29142ms] [WARNING] [Vue warn]: Avoid app logic that relies on enumerating keys on a component instance. The keys will be empty in production mode to avoid performance overhead. 
  at <VNavigationDrawer modelValue=undefined onUpdate:modelValue=fn location="right"  ... > 
  at <MenusTopmenuLayoutNotifications > 
  at <VCol class="notificationsHeader" > 
  at <VDefaultsProvider defaults= {VTabs: Object} > 
  at <VToolbar ref=Ref< Proxy(Object) > class="v-app-bar" style= {top: 0px, zIndex: 1014, transform: translateY(0px), position: fixed, height: undefined}  ... > 
  at <VAppBar id="topnav" > 
  at <MenusHeader drawer=false onToggleDrawer=fn > 
  at <ClientOnly > 
  at <VApp theme="light" class="auto-text" > 
  at <VResponsive class="border rounded" > 
  at <Default ref=Ref< Proxy(Object) > > 
  at <AsyncComponentWrapper ref=Ref< Proxy(Object) > > 
  at <LayoutLoader key="default" layoutProps= {ref: RefImpl} name="default" > 
  at <NuxtLayoutProvider layoutProps= {ref: RefImpl} key="default" name="default"  ... > 
  at <NuxtLayout > 
  at <App key=4 > 
  at <NuxtRoot> @ http://localhost:3001/_nuxt/@fs/home/meebuzo/github/alternate-framework/apps/ecosystem/meeovi-frontend/node_modules/@sentry/core/build/esm/instrument/console.js?v=cfee6d51:42
[   29145ms] [WARNING] [Vue warn]: Avoid app logic that relies on enumerating keys on a component instance. The keys will be empty in production mode to avoid performance overhead. 
  at <VNavigationDrawer modelValue=undefined onUpdate:modelValue=fn location="right"  ... > 
  at <MenusTopmenuLayoutNotifications > 
  at <VCol class="notificationsHeader" > 
  at <VDefaultsProvider defaults= {VTabs: Object} > 
  at <VToolbar ref=Ref< Proxy(Object) > class="v-app-bar" style= {top: 0px, zIndex: 1014, transform: translateY(0px), position: fixed, height: undefined}  ... > 
  at <VAppBar id="topnav" > 
  at <MenusHeader drawer=false onToggleDrawer=fn > 
  at <ClientOnly > 
  at <VApp theme="light" class="auto-text" > 
  at <VResponsive class="border rounded" > 
  at <Default ref=Ref< Proxy(Object) > > 
  at <AsyncComponentWrapper ref=Ref< Proxy(Object) > > 
  at <LayoutLoader key="default" layoutProps= {ref: RefImpl} name="default" > 
  at <NuxtLayoutProvider layoutProps= {ref: RefImpl} key="default" name="default"  ... > 
  at <NuxtLayout > 
  at <App key=4 > 
  at <NuxtRoot> @ http://localhost:3001/_nuxt/@fs/home/meebuzo/github/alternate-framework/apps/ecosystem/meeovi-frontend/node_modules/@sentry/core/build/esm/instrument/console.js?v=cfee6d51:42
[   29149ms] [WARNING] [Vue warn]: Avoid app logic that relies on enumerating keys on a component instance. The keys will be empty in production mode to avoid performance overhead. 
  at <VNavigationDrawer modelValue=undefined onUpdate:modelValue=fn location="right"  ... > 
  at <MenusTopmenuLayoutNotifications > 
  at <VCol class="notificationsHeader" > 
  at <VDefaultsProvider defaults= {VTabs: Object} > 
  at <VToolbar ref=Ref< Proxy(Object) > class="v-app-bar" style= {top: 0px, zIndex: 1014, transform: translateY(0px), position: fixed, height: undefined}  ... > 
  at <VAppBar id="topnav" > 
  at <MenusHeader drawer=false onToggleDrawer=fn > 
  at <ClientOnly > 
  at <VApp theme="light" class="auto-text" > 
  at <VResponsive class="border rounded" > 
  at <Default ref=Ref< Proxy(Object) > > 
  at <AsyncComponentWrapper ref=Ref< Proxy(Object) > > 
  at <LayoutLoader key="default" layoutProps= {ref: RefImpl} name="default" > 
  at <NuxtLayoutProvider layoutProps= {ref: RefImpl} key="default" name="default"  ... > 
  at <NuxtLayout > 
  at <App key=4 > 
  at <NuxtRoot> @ http://localhost:3001/_nuxt/@fs/home/meebuzo/github/alternate-framework/apps/ecosystem/meeovi-frontend/node_modules/@sentry/core/build/esm/instrument/console.js?v=cfee6d51:42
[   29153ms] [WARNING] [Vue warn]: Avoid app logic that relies on enumerating keys on a component instance. The keys will be empty in production mode to avoid performance overhead. 
  at <VNavigationDrawer modelValue=undefined onUpdate:modelValue=fn location="right"  ... > 
  at <MenusTopmenuLayoutNotifications > 
  at <VCol class="notificationsHeader" > 
  at <VDefaultsProvider defaults= {VTabs: Object} > 
  at <VToolbar ref=Ref< Proxy(Object) > class="v-app-bar" style= {top: 0px, zIndex: 1014, transform: translateY(0px), position: fixed, height: undefined}  ... > 
  at <VAppBar id="topnav" > 
  at <MenusHeader drawer=false onToggleDrawer=fn > 
  at <ClientOnly > 
  at <VApp theme="light" class="auto-text" > 
  at <VResponsive class="border rounded" > 
  at <Default ref=Ref< Proxy(Object) > > 
  at <AsyncComponentWrapper ref=Ref< Proxy(Object) > > 
  at <LayoutLoader key="default" layoutProps= {ref: RefImpl} name="default" > 
  at <NuxtLayoutProvider layoutProps= {ref: RefImpl} key="default" name="default"  ... > 
  at <NuxtLayout > 
  at <App key=4 > 
  at <NuxtRoot> @ http://localhost:3001/_nuxt/@fs/home/meebuzo/github/alternate-framework/apps/ecosystem/meeovi-frontend/node_modules/@sentry/core/build/esm/instrument/console.js?v=cfee6d51:42
[   29156ms] [WARNING] [Vue warn]: Avoid app logic that relies on enumerating keys on a component instance. The keys will be empty in production mode to avoid performance overhead. 
  at <VNavigationDrawer modelValue=undefined onUpdate:modelValue=fn location="right"  ... > 
  at <MenusTopmenuLayoutNotifications > 
  at <VCol class="notificationsHeader" > 
  at <VDefaultsProvider defaults= {VTabs: Object} > 
  at <VToolbar ref=Ref< Proxy(Object) > class="v-app-bar" style= {top: 0px, zIndex: 1014, transform: translateY(0px), position: fixed, height: undefined}  ... > 
  at <VAppBar id="topnav" > 
  at <MenusHeader drawer=false onToggleDrawer=fn > 
  at <ClientOnly > 
  at <VApp theme="light" class="auto-text" > 
  at <VResponsive class="border rounded" > 
  at <Default ref=Ref< Proxy(Object) > > 
  at <AsyncComponentWrapper ref=Ref< Proxy(Object) > > 
  at <LayoutLoader key="default" layoutProps= {ref: RefImpl} name="default" > 
  at <NuxtLayoutProvider layoutProps= {ref: RefImpl} key="default" name="default"  ... > 
  at <NuxtLayout > 
  at <App key=4 > 
  at <NuxtRoot> @ http://localhost:3001/_nuxt/@fs/home/meebuzo/github/alternate-framework/apps/ecosystem/meeovi-frontend/node_modules/@sentry/core/build/esm/instrument/console.js?v=cfee6d51:42
[   29159ms] [WARNING] [Vue warn]: Avoid app logic that relies on enumerating keys on a component instance. The keys will be empty in production mode to avoid performance overhead. 
  at <VNavigationDrawer modelValue=undefined onUpdate:modelValue=fn location="right"  ... > 
  at <MenusTopmenuLayoutNotifications > 
  at <VCol class="notificationsHeader" > 
  at <VDefaultsProvider defaults= {VTabs: Object} > 
  at <VToolbar ref=Ref< Proxy(Object) > class="v-app-bar" style= {top: 0px, zIndex: 1014, transform: translateY(0px), position: fixed, height: undefined}  ... > 
  at <VAppBar id="topnav" > 
  at <MenusHeader drawer=false onToggleDrawer=fn > 
  at <ClientOnly > 
  at <VApp theme="light" class="auto-text" > 
  at <VResponsive class="border rounded" > 
  at <Default ref=Ref< Proxy(Object) > > 
  at <AsyncComponentWrapper ref=Ref< Proxy(Object) > > 
  at <LayoutLoader key="default" layoutProps= {ref: RefImpl} name="default" > 
  at <NuxtLayoutProvider layoutProps= {ref: RefImpl} key="default" name="default"  ... > 
  at <NuxtLayout > 
  at <App key=4 > 
  at <NuxtRoot> @ http://localhost:3001/_nuxt/@fs/home/meebuzo/github/alternate-framework/apps/ecosystem/meeovi-frontend/node_modules/@sentry/core/build/esm/instrument/console.js?v=cfee6d51:42
[   29163ms] [WARNING] [Vue warn]: Avoid app logic that relies on enumerating keys on a component instance. The keys will be empty in production mode to avoid performance overhead. 
  at <VNavigationDrawer modelValue=undefined onUpdate:modelValue=fn location="right"  ... > 
  at <MenusTopmenuLayoutNotifications > 
  at <VCol class="notificationsHeader" > 
  at <VDefaultsProvider defaults= {VTabs: Object} > 
  at <VToolbar ref=Ref< Proxy(Object) > class="v-app-bar" style= {top: 0px, zIndex: 1014, transform: translateY(0px), position: fixed, height: undefined}  ... > 
  at <VAppBar id="topnav" > 
  at <MenusHeader drawer=false onToggleDrawer=fn > 
  at <ClientOnly > 
  at <VApp theme="light" class="auto-text" > 
  at <VResponsive class="border rounded" > 
  at <Default ref=Ref< Proxy(Object) > > 
  at <AsyncComponentWrapper ref=Ref< Proxy(Object) > > 
  at <LayoutLoader key="default" layoutProps= {ref: RefImpl} name="default" > 
  at <NuxtLayoutProvider layoutProps= {ref: RefImpl} key="default" name="default"  ... > 
  at <NuxtLayout > 
  at <App key=4 > 
  at <NuxtRoot> @ http://localhost:3001/_nuxt/@fs/home/meebuzo/github/alternate-framework/apps/ecosystem/meeovi-frontend/node_modules/@sentry/core/build/esm/instrument/console.js?v=cfee6d51:42
[   29167ms] [WARNING] [Vue warn]: Avoid app logic that relies on enumerating keys on a component instance. The keys will be empty in production mode to avoid performance overhead. 
  at <VNavigationDrawer modelValue=undefined onUpdate:modelValue=fn location="right"  ... > 
  at <MenusTopmenuLayoutNotifications > 
  at <VCol class="notificationsHeader" > 
  at <VDefaultsProvider defaults= {VTabs: Object} > 
  at <VToolbar ref=Ref< Proxy(Object) > class="v-app-bar" style= {top: 0px, zIndex: 1014, transform: translateY(0px), position: fixed, height: undefined}  ... > 
  at <VAppBar id="topnav" > 
  at <MenusHeader drawer=false onToggleDrawer=fn > 
  at <ClientOnly > 
  at <VApp theme="light" class="auto-text" > 
  at <VResponsive class="border rounded" > 
  at <Default ref=Ref< Proxy(Object) > > 
  at <AsyncComponentWrapper ref=Ref< Proxy(Object) > > 
  at <LayoutLoader key="default" layoutProps= {ref: RefImpl} name="default" > 
  at <NuxtLayoutProvider layoutProps= {ref: RefImpl} key="default" name="default"  ... > 
  at <NuxtLayout > 
  at <App key=4 > 
  at <NuxtRoot> @ http://localhost:3001/_nuxt/@fs/home/meebuzo/github/alternate-framework/apps/ecosystem/meeovi-frontend/node_modules/@sentry/core/build/esm/instrument/console.js?v=cfee6d51:42
[   29171ms] [WARNING] [Vue warn]: Avoid app logic that relies on enumerating keys on a component instance. The keys will be empty in production mode to avoid performance overhead. 
  at <VNavigationDrawer modelValue=undefined onUpdate:modelValue=fn location="right"  ... > 
  at <MenusTopmenuLayoutNotifications > 
  at <VCol class="notificationsHeader" > 
  at <VDefaultsProvider defaults= {VTabs: Object} > 
  at <VToolbar ref=Ref< Proxy(Object) > class="v-app-bar" style= {top: 0px, zIndex: 1014, transform: translateY(0px), position: fixed, height: undefined}  ... > 
  at <VAppBar id="topnav" > 
  at <MenusHeader drawer=false onToggleDrawer=fn > 
  at <ClientOnly > 
  at <VApp theme="light" class="auto-text" > 
  at <VResponsive class="border rounded" > 
  at <Default ref=Ref< Proxy(Object) > > 
  at <AsyncComponentWrapper ref=Ref< Proxy(Object) > > 
  at <LayoutLoader key="default" layoutProps= {ref: RefImpl} name="default" > 
  at <NuxtLayoutProvider layoutProps= {ref: RefImpl} key="default" name="default"  ... > 
  at <NuxtLayout > 
  at <App key=4 > 
  at <NuxtRoot> @ http://localhost:3001/_nuxt/@fs/home/meebuzo/github/alternate-framework/apps/ecosystem/meeovi-frontend/node_modules/@sentry/core/build/esm/instrument/console.js?v=cfee6d51:42
[   29175ms] [WARNING] [Vue warn]: Avoid app logic that relies on enumerating keys on a component instance. The keys will be empty in production mode to avoid performance overhead. 
  at <VNavigationDrawer modelValue=undefined onUpdate:modelValue=fn location="right"  ... > 
  at <MenusTopmenuLayoutNotifications > 
  at <VCol class="notificationsHeader" > 
  at <VDefaultsProvider defaults= {VTabs: Object} > 
  at <VToolbar ref=Ref< Proxy(Object) > class="v-app-bar" style= {top: 0px, zIndex: 1014, transform: translateY(0px), position: fixed, height: undefined}  ... > 
  at <VAppBar id="topnav" > 
  at <MenusHeader drawer=false onToggleDrawer=fn > 
  at <ClientOnly > 
  at <VApp theme="light" class="auto-text" > 
  at <VResponsive class="border rounded" > 
  at <Default ref=Ref< Proxy(Object) > > 
  at <AsyncComponentWrapper ref=Ref< Proxy(Object) > > 
  at <LayoutLoader key="default" layoutProps= {ref: RefImpl} name="default" > 
  at <NuxtLayoutProvider layoutProps= {ref: RefImpl} key="default" name="default"  ... > 
  at <NuxtLayout > 
  at <App key=4 > 
  at <NuxtRoot> @ http://localhost:3001/_nuxt/@fs/home/meebuzo/github/alternate-framework/apps/ecosystem/meeovi-frontend/node_modules/@sentry/core/build/esm/instrument/console.js?v=cfee6d51:42
[   29179ms] [ERROR] Connecting to 'https://o996770.ingest.us.sentry.io/api/5955273/envelope/?sentry_version=7&sentry_key=df1b90fab7c44ce8aef097a63b468d61&sentry_client=sentry.javascript.nuxt%2F10.63.0' violates the following Content Security Policy directive: "connect-src 'self' https://*.mux.com". The action has been blocked. @ http://localhost:3001/_nuxt/@fs/home/meebuzo/github/alternate-framework/apps/ecosystem/meeovi-frontend/node_modules/@sentry/browser/build/npm/esm/dev/transports/fetch.js?v=cfee6d51:31
[   29179ms] [ERROR] Fetch API cannot load https://o996770.ingest.us.sentry.io/api/5955273/envelope/?sentry_version=7&sentry_key=df1b90fab7c44ce8aef097a63b468d61&sentry_client=sentry.javascript.nuxt%2F10.63.0. Refused to connect because it violates the document's Content Security Policy. @ http://localhost:3001/_nuxt/@fs/home/meebuzo/github/alternate-framework/apps/ecosystem/meeovi-frontend/node_modules/@sentry/browser/build/npm/esm/dev/transports/fetch.js?v=cfee6d51:31
[   29185ms] [WARNING] [Vue warn]: Avoid app logic that relies on enumerating keys on a component instance. The keys will be empty in production mode to avoid performance overhead. 
  at <VNavigationDrawer modelValue=undefined onUpdate:modelValue=fn location="right"  ... > 
  at <MenusTopmenuLayoutNotifications > 
  at <VCol class="notificationsHeader" > 
  at <VDefaultsProvider defaults= {VTabs: Object} > 
  at <VToolbar ref=Ref< Proxy(Object) > class="v-app-bar" style= {top: 0px, zIndex: 1014, transform: translateY(0px), position: fixed, height: undefined}  ... > 
  at <VAppBar id="topnav" > 
  at <MenusHeader drawer=false onToggleDrawer=fn > 
  at <ClientOnly > 
  at <VApp theme="light" class="auto-text" > 
  at <VResponsive class="border rounded" > 
  at <Default ref=Ref< Proxy(Object) > > 
  at <AsyncComponentWrapper ref=Ref< Proxy(Object) > > 
  at <LayoutLoader key="default" layoutProps= {ref: RefImpl} name="default" > 
  at <NuxtLayoutProvider layoutProps= {ref: RefImpl} key="default" name="default"  ... > 
  at <NuxtLayout > 
  at <App key=4 > 
  at <NuxtRoot> @ http://localhost:3001/_nuxt/@fs/home/meebuzo/github/alternate-framework/apps/ecosystem/meeovi-frontend/node_modules/@sentry/core/build/esm/instrument/console.js?v=cfee6d51:42
[   29190ms] [WARNING] [Vue warn]: Avoid app logic that relies on enumerating keys on a component instance. The keys will be empty in production mode to avoid performance overhead. 
  at <VNavigationDrawer modelValue=undefined onUpdate:modelValue=fn location="right"  ... > 
  at <MenusTopmenuLayoutNotifications > 
  at <VCol class="notificationsHeader" > 
  at <VDefaultsProvider defaults= {VTabs: Object} > 
  at <VToolbar ref=Ref< Proxy(Object) > class="v-app-bar" style= {top: 0px, zIndex: 1014, transform: translateY(0px), position: fixed, height: undefined}  ... > 
  at <VAppBar id="topnav" > 
  at <MenusHeader drawer=false onToggleDrawer=fn > 
  at <ClientOnly > 
  at <VApp theme="light" class="auto-text" > 
  at <VResponsive class="border rounded" > 
  at <Default ref=Ref< Proxy(Object) > > 
  at <AsyncComponentWrapper ref=Ref< Proxy(Object) > > 
  at <LayoutLoader key="default" layoutProps= {ref: RefImpl} name="default" > 
  at <NuxtLayoutProvider layoutProps= {ref: RefImpl} key="default" name="default"  ... > 
  at <NuxtLayout > 
  at <App key=4 > 
  at <NuxtRoot> @ http://localhost:3001/_nuxt/@fs/home/meebuzo/github/alternate-framework/apps/ecosystem/meeovi-frontend/node_modules/@sentry/core/build/esm/instrument/console.js?v=cfee6d51:42
[   29194ms] [WARNING] [Vue warn]: Avoid app logic that relies on enumerating keys on a component instance. The keys will be empty in production mode to avoid performance overhead. 
  at <VNavigationDrawer modelValue=undefined onUpdate:modelValue=fn location="right"  ... > 
  at <MenusTopmenuLayoutNotifications > 
  at <VCol class="notificationsHeader" > 
  at <VDefaultsProvider defaults= {VTabs: Object} > 
  at <VToolbar ref=Ref< Proxy(Object) > class="v-app-bar" style= {top: 0px, zIndex: 1014, transform: translateY(0px), position: fixed, height: undefined}  ... > 
  at <VAppBar id="topnav" > 
  at <MenusHeader drawer=false onToggleDrawer=fn > 
  at <ClientOnly > 
  at <VApp theme="light" class="auto-text" > 
  at <VResponsive class="border rounded" > 
  at <Default ref=Ref< Proxy(Object) > > 
  at <AsyncComponentWrapper ref=Ref< Proxy(Object) > > 
  at <LayoutLoader key="default" layoutProps= {ref: RefImpl} name="default" > 
  at <NuxtLayoutProvider layoutProps= {ref: RefImpl} key="default" name="default"  ... > 
  at <NuxtLayout > 
  at <App key=4 > 
  at <NuxtRoot> @ http://localhost:3001/_nuxt/@fs/home/meebuzo/github/alternate-framework/apps/ecosystem/meeovi-frontend/node_modules/@sentry/core/build/esm/instrument/console.js?v=cfee6d51:42
[   29198ms] [WARNING] [Vue warn]: Avoid app logic that relies on enumerating keys on a component instance. The keys will be empty in production mode to avoid performance overhead. 
  at <VNavigationDrawer modelValue=undefined onUpdate:modelValue=fn location="right"  ... > 
  at <MenusTopmenuLayoutNotifications > 
  at <VCol class="notificationsHeader" > 
  at <VDefaultsProvider defaults= {VTabs: Object} > 
  at <VToolbar ref=Ref< Proxy(Object) > class="v-app-bar" style= {top: 0px, zIndex: 1014, transform: translateY(0px), position: fixed, height: undefined}  ... > 
  at <VAppBar id="topnav" > 
  at <MenusHeader drawer=false onToggleDrawer=fn > 
  at <ClientOnly > 
  at <VApp theme="light" class="auto-text" > 
  at <VResponsive class="border rounded" > 
  at <Default ref=Ref< Proxy(Object) > > 
  at <AsyncComponentWrapper ref=Ref< Proxy(Object) > > 
  at <LayoutLoader key="default" layoutProps= {ref: RefImpl} name="default" > 
  at <NuxtLayoutProvider layoutProps= {ref: RefImpl} key="default" name="default"  ... > 
  at <NuxtLayout > 
  at <App key=4 > 
  at <NuxtRoot> @ http://localhost:3001/_nuxt/@fs/home/meebuzo/github/alternate-framework/apps/ecosystem/meeovi-frontend/node_modules/@sentry/core/build/esm/instrument/console.js?v=cfee6d51:42
[   29202ms] [WARNING] [Vue warn]: Avoid app logic that relies on enumerating keys on a component instance. The keys will be empty in production mode to avoid performance overhead. 
  at <VNavigationDrawer modelValue=undefined onUpdate:modelValue=fn location="right"  ... > 
  at <MenusTopmenuLayoutNotifications > 
  at <VCol class="notificationsHeader" > 
  at <VDefaultsProvider defaults= {VTabs: Object} > 
  at <VToolbar ref=Ref< Proxy(Object) > class="v-app-bar" style= {top: 0px, zIndex: 1014, transform: translateY(0px), position: fixed, height: undefined}  ... > 
  at <VAppBar id="topnav" > 
  at <MenusHeader drawer=false onToggleDrawer=fn > 
  at <ClientOnly > 
  at <VApp theme="light" class="auto-text" > 
  at <VResponsive class="border rounded" > 
  at <Default ref=Ref< Proxy(Object) > > 
  at <AsyncComponentWrapper ref=Ref< Proxy(Object) > > 
  at <LayoutLoader key="default" layoutProps= {ref: RefImpl} name="default" > 
  at <NuxtLayoutProvider layoutProps= {ref: RefImpl} key="default" name="default"  ... > 
  at <NuxtLayout > 
  at <App key=4 > 
  at <NuxtRoot> @ http://localhost:3001/_nuxt/@fs/home/meebuzo/github/alternate-framework/apps/ecosystem/meeovi-frontend/node_modules/@sentry/core/build/esm/instrument/console.js?v=cfee6d51:42
[   29207ms] [WARNING] [Vue warn]: Avoid app logic that relies on enumerating keys on a component instance. The keys will be empty in production mode to avoid performance overhead. 
  at <VNavigationDrawer modelValue=undefined onUpdate:modelValue=fn location="right"  ... > 
  at <MenusTopmenuLayoutNotifications > 
  at <VCol class="notificationsHeader" > 
  at <VDefaultsProvider defaults= {VTabs: Object} > 
  at <VToolbar ref=Ref< Proxy(Object) > class="v-app-bar" style= {top: 0px, zIndex: 1014, transform: translateY(0px), position: fixed, height: undefined}  ... > 
  at <VAppBar id="topnav" > 
  at <MenusHeader drawer=false onToggleDrawer=fn > 
  at <ClientOnly > 
  at <VApp theme="light" class="auto-text" > 
  at <VResponsive class="border rounded" > 
  at <Default ref=Ref< Proxy(Object) > > 
  at <AsyncComponentWrapper ref=Ref< Proxy(Object) > > 
  at <LayoutLoader key="default" layoutProps= {ref: RefImpl} name="default" > 
  at <NuxtLayoutProvider layoutProps= {ref: RefImpl} key="default" name="default"  ... > 
  at <NuxtLayout > 
  at <App key=4 > 
  at <NuxtRoot> @ http://localhost:3001/_nuxt/@fs/home/meebuzo/github/alternate-framework/apps/ecosystem/meeovi-frontend/node_modules/@sentry/core/build/esm/instrument/console.js?v=cfee6d51:42
[   29211ms] [WARNING] [Vue warn]: Avoid app logic that relies on enumerating keys on a component instance. The keys will be empty in production mode to avoid performance overhead. 
  at <VNavigationDrawer modelValue=undefined onUpdate:modelValue=fn location="right"  ... > 
  at <MenusTopmenuLayoutNotifications > 
  at <VCol class="notificationsHeader" > 
  at <VDefaultsProvider defaults= {VTabs: Object} > 
  at <VToolbar ref=Ref< Proxy(Object) > class="v-app-bar" style= {top: 0px, zIndex: 1014, transform: translateY(0px), position: fixed, height: undefined}  ... > 
  at <VAppBar id="topnav" > 
  at <MenusHeader drawer=false onToggleDrawer=fn > 
  at <ClientOnly > 
  at <VApp theme="light" class="auto-text" > 
  at <VResponsive class="border rounded" > 
  at <Default ref=Ref< Proxy(Object) > > 
  at <AsyncComponentWrapper ref=Ref< Proxy(Object) > > 
  at <LayoutLoader key="default" layoutProps= {ref: RefImpl} name="default" > 
  at <NuxtLayoutProvider layoutProps= {ref: RefImpl} key="default" name="default"  ... > 
  at <NuxtLayout > 
  at <App key=4 > 
  at <NuxtRoot> @ http://localhost:3001/_nuxt/@fs/home/meebuzo/github/alternate-framework/apps/ecosystem/meeovi-frontend/node_modules/@sentry/core/build/esm/instrument/console.js?v=cfee6d51:42
[   29213ms] [WARNING] [Vue warn]: Avoid app logic that relies on enumerating keys on a component instance. The keys will be empty in production mode to avoid performance overhead. 
  at <VNavigationDrawer modelValue=undefined onUpdate:modelValue=fn location="right"  ... > 
  at <MenusTopmenuLayoutNotifications > 
  at <VCol class="notificationsHeader" > 
  at <VDefaultsProvider defaults= {VTabs: Object} > 
  at <VToolbar ref=Ref< Proxy(Object) > class="v-app-bar" style= {top: 0px, zIndex: 1014, transform: translateY(0px), position: fixed, height: undefined}  ... > 
  at <VAppBar id="topnav" > 
  at <MenusHeader drawer=false onToggleDrawer=fn > 
  at <ClientOnly > 
  at <VApp theme="light" class="auto-text" > 
  at <VResponsive class="border rounded" > 
  at <Default ref=Ref< Proxy(Object) > > 
  at <AsyncComponentWrapper ref=Ref< Proxy(Object) > > 
  at <LayoutLoader key="default" layoutProps= {ref: RefImpl} name="default" > 
  at <NuxtLayoutProvider layoutProps= {ref: RefImpl} key="default" name="default"  ... > 
  at <NuxtLayout > 
  at <App key=4 > 
  at <NuxtRoot> @ http://localhost:3001/_nuxt/@fs/home/meebuzo/github/alternate-framework/apps/ecosystem/meeovi-frontend/node_modules/@sentry/core/build/esm/instrument/console.js?v=cfee6d51:42
[   29216ms] [WARNING] [Vue warn]: Avoid app logic that relies on enumerating keys on a component instance. The keys will be empty in production mode to avoid performance overhead. 
  at <VNavigationDrawer modelValue=undefined onUpdate:modelValue=fn location="right"  ... > 
  at <MenusTopmenuLayoutNotifications > 
  at <VCol class="notificationsHeader" > 
  at <VDefaultsProvider defaults= {VTabs: Object} > 
  at <VToolbar ref=Ref< Proxy(Object) > class="v-app-bar" style= {top: 0px, zIndex: 1014, transform: translateY(0px), position: fixed, height: undefined}  ... > 
  at <VAppBar id="topnav" > 
  at <MenusHeader drawer=false onToggleDrawer=fn > 
  at <ClientOnly > 
  at <VApp theme="light" class="auto-text" > 
  at <VResponsive class="border rounded" > 
  at <Default ref=Ref< Proxy(Object) > > 
  at <AsyncComponentWrapper ref=Ref< Proxy(Object) > > 
  at <LayoutLoader key="default" layoutProps= {ref: RefImpl} name="default" > 
  at <NuxtLayoutProvider layoutProps= {ref: RefImpl} key="default" name="default"  ... > 
  at <NuxtLayout > 
  at <App key=4 > 
  at <NuxtRoot> @ http://localhost:3001/_nuxt/@fs/home/meebuzo/github/alternate-framework/apps/ecosystem/meeovi-frontend/node_modules/@sentry/core/build/esm/instrument/console.js?v=cfee6d51:42
[   29220ms] [WARNING] [Vue warn]: Avoid app logic that relies on enumerating keys on a component instance. The keys will be empty in production mode to avoid performance overhead. 
  at <VNavigationDrawer modelValue=undefined onUpdate:modelValue=fn location="right"  ... > 
  at <MenusTopmenuLayoutNotifications > 
  at <VCol class="notificationsHeader" > 
  at <VDefaultsProvider defaults= {VTabs: Object} > 
  at <VToolbar ref=Ref< Proxy(Object) > class="v-app-bar" style= {top: 0px, zIndex: 1014, transform: translateY(0px), position: fixed, height: undefined}  ... > 
  at <VAppBar id="topnav" > 
  at <MenusHeader drawer=false onToggleDrawer=fn > 
  at <ClientOnly > 
  at <VApp theme="light" class="auto-text" > 
  at <VResponsive class="border rounded" > 
  at <Default ref=Ref< Proxy(Object) > > 
  at <AsyncComponentWrapper ref=Ref< Proxy(Object) > > 
  at <LayoutLoader key="default" layoutProps= {ref: RefImpl} name="default" > 
  at <NuxtLayoutProvider layoutProps= {ref: RefImpl} key="default" name="default"  ... > 
  at <NuxtLayout > 
  at <App key=4 > 
  at <NuxtRoot> @ http://localhost:3001/_nuxt/@fs/home/meebuzo/github/alternate-framework/apps/ecosystem/meeovi-frontend/node_modules/@sentry/core/build/esm/instrument/console.js?v=cfee6d51:42
[   29224ms] [WARNING] [Vue warn]: Avoid app logic that relies on enumerating keys on a component instance. The keys will be empty in production mode to avoid performance overhead. 
  at <VNavigationDrawer modelValue=undefined onUpdate:modelValue=fn location="right"  ... > 
  at <MenusTopmenuLayoutNotifications > 
  at <VCol class="notificationsHeader" > 
  at <VDefaultsProvider defaults= {VTabs: Object} > 
  at <VToolbar ref=Ref< Proxy(Object) > class="v-app-bar" style= {top: 0px, zIndex: 1014, transform: translateY(0px), position: fixed, height: undefined}  ... > 
  at <VAppBar id="topnav" > 
  at <MenusHeader drawer=false onToggleDrawer=fn > 
  at <ClientOnly > 
  at <VApp theme="light" class="auto-text" > 
  at <VResponsive class="border rounded" > 
  at <Default ref=Ref< Proxy(Object) > > 
  at <AsyncComponentWrapper ref=Ref< Proxy(Object) > > 
  at <LayoutLoader key="default" layoutProps= {ref: RefImpl} name="default" > 
  at <NuxtLayoutProvider layoutProps= {ref: RefImpl} key="default" name="default"  ... > 
  at <NuxtLayout > 
  at <App key=4 > 
  at <NuxtRoot> @ http://localhost:3001/_nuxt/@fs/home/meebuzo/github/alternate-framework/apps/ecosystem/meeovi-frontend/node_modules/@sentry/core/build/esm/instrument/console.js?v=cfee6d51:42
[   29229ms] [WARNING] [Vue warn]: Avoid app logic that relies on enumerating keys on a component instance. The keys will be empty in production mode to avoid performance overhead. 
  at <VNavigationDrawer modelValue=undefined onUpdate:modelValue=fn location="right"  ... > 
  at <MenusTopmenuLayoutNotifications > 
  at <VCol class="notificationsHeader" > 
  at <VDefaultsProvider defaults= {VTabs: Object} > 
  at <VToolbar ref=Ref< Proxy(Object) > class="v-app-bar" style= {top: 0px, zIndex: 1014, transform: translateY(0px), position: fixed, height: undefined}  ... > 
  at <VAppBar id="topnav" > 
  at <MenusHeader drawer=false onToggleDrawer=fn > 
  at <ClientOnly > 
  at <VApp theme="light" class="auto-text" > 
  at <VResponsive class="border rounded" > 
  at <Default ref=Ref< Proxy(Object) > > 
  at <AsyncComponentWrapper ref=Ref< Proxy(Object) > > 
  at <LayoutLoader key="default" layoutProps= {ref: RefImpl} name="default" > 
  at <NuxtLayoutProvider layoutProps= {ref: RefImpl} key="default" name="default"  ... > 
  at <NuxtLayout > 
  at <App key=4 > 
  at <NuxtRoot> @ http://localhost:3001/_nuxt/@fs/home/meebuzo/github/alternate-framework/apps/ecosystem/meeovi-frontend/node_modules/@sentry/core/build/esm/instrument/console.js?v=cfee6d51:42
[   29233ms] [WARNING] [Vue warn]: Avoid app logic that relies on enumerating keys on a component instance. The keys will be empty in production mode to avoid performance overhead. 
  at <VNavigationDrawer modelValue=undefined onUpdate:modelValue=fn location="right"  ... > 
  at <MenusTopmenuLayoutNotifications > 
  at <VCol class="notificationsHeader" > 
  at <VDefaultsProvider defaults= {VTabs: Object} > 
  at <VToolbar ref=Ref< Proxy(Object) > class="v-app-bar" style= {top: 0px, zIndex: 1014, transform: translateY(0px), position: fixed, height: undefined}  ... > 
  at <VAppBar id="topnav" > 
  at <MenusHeader drawer=false onToggleDrawer=fn > 
  at <ClientOnly > 
  at <VApp theme="light" class="auto-text" > 
  at <VResponsive class="border rounded" > 
  at <Default ref=Ref< Proxy(Object) > > 
  at <AsyncComponentWrapper ref=Ref< Proxy(Object) > > 
  at <LayoutLoader key="default" layoutProps= {ref: RefImpl} name="default" > 
  at <NuxtLayoutProvider layoutProps= {ref: RefImpl} key="default" name="default"  ... > 
  at <NuxtLayout > 
  at <App key=4 > 
  at <NuxtRoot> @ http://localhost:3001/_nuxt/@fs/home/meebuzo/github/alternate-framework/apps/ecosystem/meeovi-frontend/node_modules/@sentry/core/build/esm/instrument/console.js?v=cfee6d51:42
[   29238ms] [WARNING] [Vue warn]: Avoid app logic that relies on enumerating keys on a component instance. The keys will be empty in production mode to avoid performance overhead. 
  at <VNavigationDrawer modelValue=undefined onUpdate:modelValue=fn location="right"  ... > 
  at <MenusTopmenuLayoutNotifications > 
  at <VCol class="notificationsHeader" > 
  at <VDefaultsProvider defaults= {VTabs: Object} > 
  at <VToolbar ref=Ref< Proxy(Object) > class="v-app-bar" style= {top: 0px, zIndex: 1014, transform: translateY(0px), position: fixed, height: undefined}  ... > 
  at <VAppBar id="topnav" > 
  at <MenusHeader drawer=false onToggleDrawer=fn > 
  at <ClientOnly > 
  at <VApp theme="light" class="auto-text" > 
  at <VResponsive class="border rounded" > 
  at <Default ref=Ref< Proxy(Object) > > 
  at <AsyncComponentWrapper ref=Ref< Proxy(Object) > > 
  at <LayoutLoader key="default" layoutProps= {ref: RefImpl} name="default" > 
  at <NuxtLayoutProvider layoutProps= {ref: RefImpl} key="default" name="default"  ... > 
  at <NuxtLayout > 
  at <App key=4 > 
  at <NuxtRoot> @ http://localhost:3001/_nuxt/@fs/home/meebuzo/github/alternate-framework/apps/ecosystem/meeovi-frontend/node_modules/@sentry/core/build/esm/instrument/console.js?v=cfee6d51:42
[   29241ms] [WARNING] [Vue warn]: Avoid app logic that relies on enumerating keys on a component instance. The keys will be empty in production mode to avoid performance overhead. 
  at <VNavigationDrawer modelValue=undefined onUpdate:modelValue=fn location="right"  ... > 
  at <MenusTopmenuLayoutNotifications > 
  at <VCol class="notificationsHeader" > 
  at <VDefaultsProvider defaults= {VTabs: Object} > 
  at <VToolbar ref=Ref< Proxy(Object) > class="v-app-bar" style= {top: 0px, zIndex: 1014, transform: translateY(0px), position: fixed, height: undefined}  ... > 
  at <VAppBar id="topnav" > 
  at <MenusHeader drawer=false onToggleDrawer=fn > 
  at <ClientOnly > 
  at <VApp theme="light" class="auto-text" > 
  at <VResponsive class="border rounded" > 
  at <Default ref=Ref< Proxy(Object) > > 
  at <AsyncComponentWrapper ref=Ref< Proxy(Object) > > 
  at <LayoutLoader key="default" layoutProps= {ref: RefImpl} name="default" > 
  at <NuxtLayoutProvider layoutProps= {ref: RefImpl} key="default" name="default"  ... > 
  at <NuxtLayout > 
  at <App key=4 > 
  at <NuxtRoot> @ http://localhost:3001/_nuxt/@fs/home/meebuzo/github/alternate-framework/apps/ecosystem/meeovi-frontend/node_modules/@sentry/core/build/esm/instrument/console.js?v=cfee6d51:42
[   29244ms] [WARNING] [Vue warn]: Avoid app logic that relies on enumerating keys on a component instance. The keys will be empty in production mode to avoid performance overhead. 
  at <VNavigationDrawer modelValue=undefined onUpdate:modelValue=fn location="right"  ... > 
  at <MenusTopmenuLayoutNotifications > 
  at <VCol class="notificationsHeader" > 
  at <VDefaultsProvider defaults= {VTabs: Object} > 
  at <VToolbar ref=Ref< Proxy(Object) > class="v-app-bar" style= {top: 0px, zIndex: 1014, transform: translateY(0px), position: fixed, height: undefined}  ... > 
  at <VAppBar id="topnav" > 
  at <MenusHeader drawer=false onToggleDrawer=fn > 
  at <ClientOnly > 
  at <VApp theme="light" class="auto-text" > 
  at <VResponsive class="border rounded" > 
  at <Default ref=Ref< Proxy(Object) > > 
  at <AsyncComponentWrapper ref=Ref< Proxy(Object) > > 
  at <LayoutLoader key="default" layoutProps= {ref: RefImpl} name="default" > 
  at <NuxtLayoutProvider layoutProps= {ref: RefImpl} key="default" name="default"  ... > 
  at <NuxtLayout > 
  at <App key=4 > 
  at <NuxtRoot> @ http://localhost:3001/_nuxt/@fs/home/meebuzo/github/alternate-framework/apps/ecosystem/meeovi-frontend/node_modules/@sentry/core/build/esm/instrument/console.js?v=cfee6d51:42
[   29249ms] [WARNING] [Vue warn]: Avoid app logic that relies on enumerating keys on a component instance. The keys will be empty in production mode to avoid performance overhead. 
  at <VNavigationDrawer modelValue=undefined onUpdate:modelValue=fn location="right"  ... > 
  at <MenusTopmenuLayoutNotifications > 
  at <VCol class="notificationsHeader" > 
  at <VDefaultsProvider defaults= {VTabs: Object} > 
  at <VToolbar ref=Ref< Proxy(Object) > class="v-app-bar" style= {top: 0px, zIndex: 1014, transform: translateY(0px), position: fixed, height: undefined}  ... > 
  at <VAppBar id="topnav" > 
  at <MenusHeader drawer=false onToggleDrawer=fn > 
  at <ClientOnly > 
  at <VApp theme="light" class="auto-text" > 
  at <VResponsive class="border rounded" > 
  at <Default ref=Ref< Proxy(Object) > > 
  at <AsyncComponentWrapper ref=Ref< Proxy(Object) > > 
  at <LayoutLoader key="default" layoutProps= {ref: RefImpl} name="default" > 
  at <NuxtLayoutProvider layoutProps= {ref: RefImpl} key="default" name="default"  ... > 
  at <NuxtLayout > 
  at <App key=4 > 
  at <NuxtRoot> @ http://localhost:3001/_nuxt/@fs/home/meebuzo/github/alternate-framework/apps/ecosystem/meeovi-frontend/node_modules/@sentry/core/build/esm/instrument/console.js?v=cfee6d51:42
[   29252ms] [WARNING] [Vue warn]: Avoid app logic that relies on enumerating keys on a component instance. The keys will be empty in production mode to avoid performance overhead. 
  at <VNavigationDrawer modelValue=undefined onUpdate:modelValue=fn location="right"  ... > 
  at <MenusTopmenuLayoutNotifications > 
  at <VCol class="notificationsHeader" > 
  at <VDefaultsProvider defaults= {VTabs: Object} > 
  at <VToolbar ref=Ref< Proxy(Object) > class="v-app-bar" style= {top: 0px, zIndex: 1014, transform: translateY(0px), position: fixed, height: undefined}  ... > 
  at <VAppBar id="topnav" > 
  at <MenusHeader drawer=false onToggleDrawer=fn > 
  at <ClientOnly > 
  at <VApp theme="light" class="auto-text" > 
  at <VResponsive class="border rounded" > 
  at <Default ref=Ref< Proxy(Object) > > 
  at <AsyncComponentWrapper ref=Ref< Proxy(Object) > > 
  at <LayoutLoader key="default" layoutProps= {ref: RefImpl} name="default" > 
  at <NuxtLayoutProvider layoutProps= {ref: RefImpl} key="default" name="default"  ... > 
  at <NuxtLayout > 
  at <App key=4 > 
  at <NuxtRoot> @ http://localhost:3001/_nuxt/@fs/home/meebuzo/github/alternate-framework/apps/ecosystem/meeovi-frontend/node_modules/@sentry/core/build/esm/instrument/console.js?v=cfee6d51:42
[   29256ms] [WARNING] [Vue warn]: Avoid app logic that relies on enumerating keys on a component instance. The keys will be empty in production mode to avoid performance overhead. 
  at <VNavigationDrawer modelValue=undefined onUpdate:modelValue=fn location="right"  ... > 
  at <MenusTopmenuLayoutNotifications > 
  at <VCol class="notificationsHeader" > 
  at <VDefaultsProvider defaults= {VTabs: Object} > 
  at <VToolbar ref=Ref< Proxy(Object) > class="v-app-bar" style= {top: 0px, zIndex: 1014, transform: translateY(0px), position: fixed, height: undefined}  ... > 
  at <VAppBar id="topnav" > 
  at <MenusHeader drawer=false onToggleDrawer=fn > 
  at <ClientOnly > 
  at <VApp theme="light" class="auto-text" > 
  at <VResponsive class="border rounded" > 
  at <Default ref=Ref< Proxy(Object) > > 
  at <AsyncComponentWrapper ref=Ref< Proxy(Object) > > 
  at <LayoutLoader key="default" layoutProps= {ref: RefImpl} name="default" > 
  at <NuxtLayoutProvider layoutProps= {ref: RefImpl} key="default" name="default"  ... > 
  at <NuxtLayout > 
  at <App key=4 > 
  at <NuxtRoot> @ http://localhost:3001/_nuxt/@fs/home/meebuzo/github/alternate-framework/apps/ecosystem/meeovi-frontend/node_modules/@sentry/core/build/esm/instrument/console.js?v=cfee6d51:42
[   29259ms] [WARNING] [Vue warn]: Avoid app logic that relies on enumerating keys on a component instance. The keys will be empty in production mode to avoid performance overhead. 
  at <VNavigationDrawer modelValue=undefined onUpdate:modelValue=fn location="right"  ... > 
  at <MenusTopmenuLayoutNotifications > 
  at <VCol class="notificationsHeader" > 
  at <VDefaultsProvider defaults= {VTabs: Object} > 
  at <VToolbar ref=Ref< Proxy(Object) > class="v-app-bar" style= {top: 0px, zIndex: 1014, transform: translateY(0px), position: fixed, height: undefined}  ... > 
  at <VAppBar id="topnav" > 
  at <MenusHeader drawer=false onToggleDrawer=fn > 
  at <ClientOnly > 
  at <VApp theme="light" class="auto-text" > 
  at <VResponsive class="border rounded" > 
  at <Default ref=Ref< Proxy(Object) > > 
  at <AsyncComponentWrapper ref=Ref< Proxy(Object) > > 
  at <LayoutLoader key="default" layoutProps= {ref: RefImpl} name="default" > 
  at <NuxtLayoutProvider layoutProps= {ref: RefImpl} key="default" name="default"  ... > 
  at <NuxtLayout > 
  at <App key=4 > 
  at <NuxtRoot> @ http://localhost:3001/_nuxt/@fs/home/meebuzo/github/alternate-framework/apps/ecosystem/meeovi-frontend/node_modules/@sentry/core/build/esm/instrument/console.js?v=cfee6d51:42
[   29263ms] [WARNING] [Vue warn]: Avoid app logic that relies on enumerating keys on a component instance. The keys will be empty in production mode to avoid performance overhead. 
  at <VNavigationDrawer modelValue=undefined onUpdate:modelValue=fn location="right"  ... > 
  at <MenusTopmenuLayoutNotifications > 
  at <VCol class="notificationsHeader" > 
  at <VDefaultsProvider defaults= {VTabs: Object} > 
  at <VToolbar ref=Ref< Proxy(Object) > class="v-app-bar" style= {top: 0px, zIndex: 1014, transform: translateY(0px), position: fixed, height: undefined}  ... > 
  at <VAppBar id="topnav" > 
  at <MenusHeader drawer=false onToggleDrawer=fn > 
  at <ClientOnly > 
  at <VApp theme="light" class="auto-text" > 
  at <VResponsive class="border rounded" > 
  at <Default ref=Ref< Proxy(Object) > > 
  at <AsyncComponentWrapper ref=Ref< Proxy(Object) > > 
  at <LayoutLoader key="default" layoutProps= {ref: RefImpl} name="default" > 
  at <NuxtLayoutProvider layoutProps= {ref: RefImpl} key="default" name="default"  ... > 
  at <NuxtLayout > 
  at <App key=4 > 
  at <NuxtRoot> @ http://localhost:3001/_nuxt/@fs/home/meebuzo/github/alternate-framework/apps/ecosystem/meeovi-frontend/node_modules/@sentry/core/build/esm/instrument/console.js?v=cfee6d51:42
[   29267ms] [WARNING] [Vue warn]: Avoid app logic that relies on enumerating keys on a component instance. The keys will be empty in production mode to avoid performance overhead. 
  at <VNavigationDrawer modelValue=undefined onUpdate:modelValue=fn location="right"  ... > 
  at <MenusTopmenuLayoutNotifications > 
  at <VCol class="notificationsHeader" > 
  at <VDefaultsProvider defaults= {VTabs: Object} > 
  at <VToolbar ref=Ref< Proxy(Object) > class="v-app-bar" style= {top: 0px, zIndex: 1014, transform: translateY(0px), position: fixed, height: undefined}  ... > 
  at <VAppBar id="topnav" > 
  at <MenusHeader drawer=false onToggleDrawer=fn > 
  at <ClientOnly > 
  at <VApp theme="light" class="auto-text" > 
  at <VResponsive class="border rounded" > 
  at <Default ref=Ref< Proxy(Object) > > 
  at <AsyncComponentWrapper ref=Ref< Proxy(Object) > > 
  at <LayoutLoader key="default" layoutProps= {ref: RefImpl} name="default" > 
  at <NuxtLayoutProvider layoutProps= {ref: RefImpl} key="default" name="default"  ... > 
  at <NuxtLayout > 
  at <App key=4 > 
  at <NuxtRoot> @ http://localhost:3001/_nuxt/@fs/home/meebuzo/github/alternate-framework/apps/ecosystem/meeovi-frontend/node_modules/@sentry/core/build/esm/instrument/console.js?v=cfee6d51:42
[   29271ms] [WARNING] [Vue warn]: Avoid app logic that relies on enumerating keys on a component instance. The keys will be empty in production mode to avoid performance overhead. 
  at <VNavigationDrawer modelValue=undefined onUpdate:modelValue=fn location="right"  ... > 
  at <MenusTopmenuLayoutNotifications > 
  at <VCol class="notificationsHeader" > 
  at <VDefaultsProvider defaults= {VTabs: Object} > 
  at <VToolbar ref=Ref< Proxy(Object) > class="v-app-bar" style= {top: 0px, zIndex: 1014, transform: translateY(0px), position: fixed, height: undefined}  ... > 
  at <VAppBar id="topnav" > 
  at <MenusHeader drawer=false onToggleDrawer=fn > 
  at <ClientOnly > 
  at <VApp theme="light" class="auto-text" > 
  at <VResponsive class="border rounded" > 
  at <Default ref=Ref< Proxy(Object) > > 
  at <AsyncComponentWrapper ref=Ref< Proxy(Object) > > 
  at <LayoutLoader key="default" layoutProps= {ref: RefImpl} name="default" > 
  at <NuxtLayoutProvider layoutProps= {ref: RefImpl} key="default" name="default"  ... > 
  at <NuxtLayout > 
  at <App key=4 > 
  at <NuxtRoot> @ http://localhost:3001/_nuxt/@fs/home/meebuzo/github/alternate-framework/apps/ecosystem/meeovi-frontend/node_modules/@sentry/core/build/esm/instrument/console.js?v=cfee6d51:42
[   29275ms] [WARNING] [Vue warn]: Avoid app logic that relies on enumerating keys on a component instance. The keys will be empty in production mode to avoid performance overhead. 
  at <VNavigationDrawer modelValue=undefined onUpdate:modelValue=fn location="right"  ... > 
  at <MenusTopmenuLayoutNotifications > 
  at <VCol class="notificationsHeader" > 
  at <VDefaultsProvider defaults= {VTabs: Object} > 
  at <VToolbar ref=Ref< Proxy(Object) > class="v-app-bar" style= {top: 0px, zIndex: 1014, transform: translateY(0px), position: fixed, height: undefined}  ... > 
  at <VAppBar id="topnav" > 
  at <MenusHeader drawer=false onToggleDrawer=fn > 
  at <ClientOnly > 
  at <VApp theme="light" class="auto-text" > 
  at <VResponsive class="border rounded" > 
  at <Default ref=Ref< Proxy(Object) > > 
  at <AsyncComponentWrapper ref=Ref< Proxy(Object) > > 
  at <LayoutLoader key="default" layoutProps= {ref: RefImpl} name="default" > 
  at <NuxtLayoutProvider layoutProps= {ref: RefImpl} key="default" name="default"  ... > 
  at <NuxtLayout > 
  at <App key=4 > 
  at <NuxtRoot> @ http://localhost:3001/_nuxt/@fs/home/meebuzo/github/alternate-framework/apps/ecosystem/meeovi-frontend/node_modules/@sentry/core/build/esm/instrument/console.js?v=cfee6d51:42
[   29279ms] [WARNING] [Vue warn]: Avoid app logic that relies on enumerating keys on a component instance. The keys will be empty in production mode to avoid performance overhead. 
  at <VNavigationDrawer modelValue=undefined onUpdate:modelValue=fn location="right"  ... > 
  at <MenusTopmenuLayoutNotifications > 
  at <VCol class="notificationsHeader" > 
  at <VDefaultsProvider defaults= {VTabs: Object} > 
  at <VToolbar ref=Ref< Proxy(Object) > class="v-app-bar" style= {top: 0px, zIndex: 1014, transform: translateY(0px), position: fixed, height: undefined}  ... > 
  at <VAppBar id="topnav" > 
  at <MenusHeader drawer=false onToggleDrawer=fn > 
  at <ClientOnly > 
  at <VApp theme="light" class="auto-text" > 
  at <VResponsive class="border rounded" > 
  at <Default ref=Ref< Proxy(Object) > > 
  at <AsyncComponentWrapper ref=Ref< Proxy(Object) > > 
  at <LayoutLoader key="default" layoutProps= {ref: RefImpl} name="default" > 
  at <NuxtLayoutProvider layoutProps= {ref: RefImpl} key="default" name="default"  ... > 
  at <NuxtLayout > 
  at <App key=4 > 
  at <NuxtRoot> @ http://localhost:3001/_nuxt/@fs/home/meebuzo/github/alternate-framework/apps/ecosystem/meeovi-frontend/node_modules/@sentry/core/build/esm/instrument/console.js?v=cfee6d51:42
[   29283ms] [WARNING] [Vue warn]: Avoid app logic that relies on enumerating keys on a component instance. The keys will be empty in production mode to avoid performance overhead. 
  at <VNavigationDrawer modelValue=undefined onUpdate:modelValue=fn location="right"  ... > 
  at <MenusTopmenuLayoutNotifications > 
  at <VCol class="notificationsHeader" > 
  at <VDefaultsProvider defaults= {VTabs: Object} > 
  at <VToolbar ref=Ref< Proxy(Object) > class="v-app-bar" style= {top: 0px, zIndex: 1014, transform: translateY(0px), position: fixed, height: undefined}  ... > 
  at <VAppBar id="topnav" > 
  at <MenusHeader drawer=false onToggleDrawer=fn > 
  at <ClientOnly > 
  at <VApp theme="light" class="auto-text" > 
  at <VResponsive class="border rounded" > 
  at <Default ref=Ref< Proxy(Object) > > 
  at <AsyncComponentWrapper ref=Ref< Proxy(Object) > > 
  at <LayoutLoader key="default" layoutProps= {ref: RefImpl} name="default" > 
  at <NuxtLayoutProvider layoutProps= {ref: RefImpl} key="default" name="default"  ... > 
  at <NuxtLayout > 
  at <App key=4 > 
  at <NuxtRoot> @ http://localhost:3001/_nuxt/@fs/home/meebuzo/github/alternate-framework/apps/ecosystem/meeovi-frontend/node_modules/@sentry/core/build/esm/instrument/console.js?v=cfee6d51:42
[   29287ms] [WARNING] [Vue warn]: Avoid app logic that relies on enumerating keys on a component instance. The keys will be empty in production mode to avoid performance overhead. 
  at <VNavigationDrawer modelValue=undefined onUpdate:modelValue=fn location="right"  ... > 
  at <MenusTopmenuLayoutNotifications > 
  at <VCol class="notificationsHeader" > 
  at <VDefaultsProvider defaults= {VTabs: Object} > 
  at <VToolbar ref=Ref< Proxy(Object) > class="v-app-bar" style= {top: 0px, zIndex: 1014, transform: translateY(0px), position: fixed, height: undefined}  ... > 
  at <VAppBar id="topnav" > 
  at <MenusHeader drawer=false onToggleDrawer=fn > 
  at <ClientOnly > 
  at <VApp theme="light" class="auto-text" > 
  at <VResponsive class="border rounded" > 
  at <Default ref=Ref< Proxy(Object) > > 
  at <AsyncComponentWrapper ref=Ref< Proxy(Object) > > 
  at <LayoutLoader key="default" layoutProps= {ref: RefImpl} name="default" > 
  at <NuxtLayoutProvider layoutProps= {ref: RefImpl} key="default" name="default"  ... > 
  at <NuxtLayout > 
  at <App key=4 > 
  at <NuxtRoot> @ http://localhost:3001/_nuxt/@fs/home/meebuzo/github/alternate-framework/apps/ecosystem/meeovi-frontend/node_modules/@sentry/core/build/esm/instrument/console.js?v=cfee6d51:42
[   29290ms] [WARNING] [Vue warn]: Avoid app logic that relies on enumerating keys on a component instance. The keys will be empty in production mode to avoid performance overhead. 
  at <VNavigationDrawer modelValue=undefined onUpdate:modelValue=fn location="right"  ... > 
  at <MenusTopmenuLayoutNotifications > 
  at <VCol class="notificationsHeader" > 
  at <VDefaultsProvider defaults= {VTabs: Object} > 
  at <VToolbar ref=Ref< Proxy(Object) > class="v-app-bar" style= {top: 0px, zIndex: 1014, transform: translateY(0px), position: fixed, height: undefined}  ... > 
  at <VAppBar id="topnav" > 
  at <MenusHeader drawer=false onToggleDrawer=fn > 
  at <ClientOnly > 
  at <VApp theme="light" class="auto-text" > 
  at <VResponsive class="border rounded" > 
  at <Default ref=Ref< Proxy(Object) > > 
  at <AsyncComponentWrapper ref=Ref< Proxy(Object) > > 
  at <LayoutLoader key="default" layoutProps= {ref: RefImpl} name="default" > 
  at <NuxtLayoutProvider layoutProps= {ref: RefImpl} key="default" name="default"  ... > 
  at <NuxtLayout > 
  at <App key=4 > 
  at <NuxtRoot> @ http://localhost:3001/_nuxt/@fs/home/meebuzo/github/alternate-framework/apps/ecosystem/meeovi-frontend/node_modules/@sentry/core/build/esm/instrument/console.js?v=cfee6d51:42
[   29295ms] [WARNING] [Vue warn]: Avoid app logic that relies on enumerating keys on a component instance. The keys will be empty in production mode to avoid performance overhead. 
  at <VNavigationDrawer modelValue=undefined onUpdate:modelValue=fn location="right"  ... > 
  at <MenusTopmenuLayoutNotifications > 
  at <VCol class="notificationsHeader" > 
  at <VDefaultsProvider defaults= {VTabs: Object} > 
  at <VToolbar ref=Ref< Proxy(Object) > class="v-app-bar" style= {top: 0px, zIndex: 1014, transform: translateY(0px), position: fixed, height: undefined}  ... > 
  at <VAppBar id="topnav" > 
  at <MenusHeader drawer=false onToggleDrawer=fn > 
  at <ClientOnly > 
  at <VApp theme="light" class="auto-text" > 
  at <VResponsive class="border rounded" > 
  at <Default ref=Ref< Proxy(Object) > > 
  at <AsyncComponentWrapper ref=Ref< Proxy(Object) > > 
  at <LayoutLoader key="default" layoutProps= {ref: RefImpl} name="default" > 
  at <NuxtLayoutProvider layoutProps= {ref: RefImpl} key="default" name="default"  ... > 
  at <NuxtLayout > 
  at <App key=4 > 
  at <NuxtRoot> @ http://localhost:3001/_nuxt/@fs/home/meebuzo/github/alternate-framework/apps/ecosystem/meeovi-frontend/node_modules/@sentry/core/build/esm/instrument/console.js?v=cfee6d51:42
[   29300ms] [WARNING] [Vue warn]: Avoid app logic that relies on enumerating keys on a component instance. The keys will be empty in production mode to avoid performance overhead. 
  at <VNavigationDrawer modelValue=undefined onUpdate:modelValue=fn location="right"  ... > 
  at <MenusTopmenuLayoutNotifications > 
  at <VCol class="notificationsHeader" > 
  at <VDefaultsProvider defaults= {VTabs: Object} > 
  at <VToolbar ref=Ref< Proxy(Object) > class="v-app-bar" style= {top: 0px, zIndex: 1014, transform: translateY(0px), position: fixed, height: undefined}  ... > 
  at <VAppBar id="topnav" > 
  at <MenusHeader drawer=false onToggleDrawer=fn > 
  at <ClientOnly > 
  at <VApp theme="light" class="auto-text" > 
  at <VResponsive class="border rounded" > 
  at <Default ref=Ref< Proxy(Object) > > 
  at <AsyncComponentWrapper ref=Ref< Proxy(Object) > > 
  at <LayoutLoader key="default" layoutProps= {ref: RefImpl} name="default" > 
  at <NuxtLayoutProvider layoutProps= {ref: RefImpl} key="default" name="default"  ... > 
  at <NuxtLayout > 
  at <App key=4 > 
  at <NuxtRoot> @ http://localhost:3001/_nuxt/@fs/home/meebuzo/github/alternate-framework/apps/ecosystem/meeovi-frontend/node_modules/@sentry/core/build/esm/instrument/console.js?v=cfee6d51:42
[   29303ms] [WARNING] [Vue warn]: Avoid app logic that relies on enumerating keys on a component instance. The keys will be empty in production mode to avoid performance overhead. 
  at <VNavigationDrawer modelValue=undefined onUpdate:modelValue=fn location="right"  ... > 
  at <MenusTopmenuLayoutNotifications > 
  at <VCol class="notificationsHeader" > 
  at <VDefaultsProvider defaults= {VTabs: Object} > 
  at <VToolbar ref=Ref< Proxy(Object) > class="v-app-bar" style= {top: 0px, zIndex: 1014, transform: translateY(0px), position: fixed, height: undefined}  ... > 
  at <VAppBar id="topnav" > 
  at <MenusHeader drawer=false onToggleDrawer=fn > 
  at <ClientOnly > 
  at <VApp theme="light" class="auto-text" > 
  at <VResponsive class="border rounded" > 
  at <Default ref=Ref< Proxy(Object) > > 
  at <AsyncComponentWrapper ref=Ref< Proxy(Object) > > 
  at <LayoutLoader key="default" layoutProps= {ref: RefImpl} name="default" > 
  at <NuxtLayoutProvider layoutProps= {ref: RefImpl} key="default" name="default"  ... > 
  at <NuxtLayout > 
  at <App key=4 > 
  at <NuxtRoot> @ http://localhost:3001/_nuxt/@fs/home/meebuzo/github/alternate-framework/apps/ecosystem/meeovi-frontend/node_modules/@sentry/core/build/esm/instrument/console.js?v=cfee6d51:42
[   29307ms] [WARNING] [Vue warn]: Avoid app logic that relies on enumerating keys on a component instance. The keys will be empty in production mode to avoid performance overhead. 
  at <VNavigationDrawer modelValue=undefined onUpdate:modelValue=fn location="right"  ... > 
  at <MenusTopmenuLayoutNotifications > 
  at <VCol class="notificationsHeader" > 
  at <VDefaultsProvider defaults= {VTabs: Object} > 
  at <VToolbar ref=Ref< Proxy(Object) > class="v-app-bar" style= {top: 0px, zIndex: 1014, transform: translateY(0px), position: fixed, height: undefined}  ... > 
  at <VAppBar id="topnav" > 
  at <MenusHeader drawer=false onToggleDrawer=fn > 
  at <ClientOnly > 
  at <VApp theme="light" class="auto-text" > 
  at <VResponsive class="border rounded" > 
  at <Default ref=Ref< Proxy(Object) > > 
  at <AsyncComponentWrapper ref=Ref< Proxy(Object) > > 
  at <LayoutLoader key="default" layoutProps= {ref: RefImpl} name="default" > 
  at <NuxtLayoutProvider layoutProps= {ref: RefImpl} key="default" name="default"  ... > 
  at <NuxtLayout > 
  at <App key=4 > 
  at <NuxtRoot> @ http://localhost:3001/_nuxt/@fs/home/meebuzo/github/alternate-framework/apps/ecosystem/meeovi-frontend/node_modules/@sentry/core/build/esm/instrument/console.js?v=cfee6d51:42
[   29310ms] [WARNING] [Vue warn]: Avoid app logic that relies on enumerating keys on a component instance. The keys will be empty in production mode to avoid performance overhead. 
  at <VNavigationDrawer modelValue=undefined onUpdate:modelValue=fn location="right"  ... > 
  at <MenusTopmenuLayoutNotifications > 
  at <VCol class="notificationsHeader" > 
  at <VDefaultsProvider defaults= {VTabs: Object} > 
  at <VToolbar ref=Ref< Proxy(Object) > class="v-app-bar" style= {top: 0px, zIndex: 1014, transform: translateY(0px), position: fixed, height: undefined}  ... > 
  at <VAppBar id="topnav" > 
  at <MenusHeader drawer=false onToggleDrawer=fn > 
  at <ClientOnly > 
  at <VApp theme="light" class="auto-text" > 
  at <VResponsive class="border rounded" > 
  at <Default ref=Ref< Proxy(Object) > > 
  at <AsyncComponentWrapper ref=Ref< Proxy(Object) > > 
  at <LayoutLoader key="default" layoutProps= {ref: RefImpl} name="default" > 
  at <NuxtLayoutProvider layoutProps= {ref: RefImpl} key="default" name="default"  ... > 
  at <NuxtLayout > 
  at <App key=4 > 
  at <NuxtRoot> @ http://localhost:3001/_nuxt/@fs/home/meebuzo/github/alternate-framework/apps/ecosystem/meeovi-frontend/node_modules/@sentry/core/build/esm/instrument/console.js?v=cfee6d51:42
[   29313ms] [WARNING] [Vue warn]: Avoid app logic that relies on enumerating keys on a component instance. The keys will be empty in production mode to avoid performance overhead. 
  at <VNavigationDrawer modelValue=undefined onUpdate:modelValue=fn location="right"  ... > 
  at <MenusTopmenuLayoutNotifications > 
  at <VCol class="notificationsHeader" > 
  at <VDefaultsProvider defaults= {VTabs: Object} > 
  at <VToolbar ref=Ref< Proxy(Object) > class="v-app-bar" style= {top: 0px, zIndex: 1014, transform: translateY(0px), position: fixed, height: undefined}  ... > 
  at <VAppBar id="topnav" > 
  at <MenusHeader drawer=false onToggleDrawer=fn > 
  at <ClientOnly > 
  at <VApp theme="light" class="auto-text" > 
  at <VResponsive class="border rounded" > 
  at <Default ref=Ref< Proxy(Object) > > 
  at <AsyncComponentWrapper ref=Ref< Proxy(Object) > > 
  at <LayoutLoader key="default" layoutProps= {ref: RefImpl} name="default" > 
  at <NuxtLayoutProvider layoutProps= {ref: RefImpl} key="default" name="default"  ... > 
  at <NuxtLayout > 
  at <App key=4 > 
  at <NuxtRoot> @ http://localhost:3001/_nuxt/@fs/home/meebuzo/github/alternate-framework/apps/ecosystem/meeovi-frontend/node_modules/@sentry/core/build/esm/instrument/console.js?v=cfee6d51:42
[   29317ms] [WARNING] [Vue warn]: Avoid app logic that relies on enumerating keys on a component instance. The keys will be empty in production mode to avoid performance overhead. 
  at <VNavigationDrawer modelValue=undefined onUpdate:modelValue=fn location="right"  ... > 
  at <MenusTopmenuLayoutNotifications > 
  at <VCol class="notificationsHeader" > 
  at <VDefaultsProvider defaults= {VTabs: Object} > 
  at <VToolbar ref=Ref< Proxy(Object) > class="v-app-bar" style= {top: 0px, zIndex: 1014, transform: translateY(0px), position: fixed, height: undefined}  ... > 
  at <VAppBar id="topnav" > 
  at <MenusHeader drawer=false onToggleDrawer=fn > 
  at <ClientOnly > 
  at <VApp theme="light" class="auto-text" > 
  at <VResponsive class="border rounded" > 
  at <Default ref=Ref< Proxy(Object) > > 
  at <AsyncComponentWrapper ref=Ref< Proxy(Object) > > 
  at <LayoutLoader key="default" layoutProps= {ref: RefImpl} name="default" > 
  at <NuxtLayoutProvider layoutProps= {ref: RefImpl} key="default" name="default"  ... > 
  at <NuxtLayout > 
  at <App key=4 > 
  at <NuxtRoot> @ http://localhost:3001/_nuxt/@fs/home/meebuzo/github/alternate-framework/apps/ecosystem/meeovi-frontend/node_modules/@sentry/core/build/esm/instrument/console.js?v=cfee6d51:42
[   29321ms] [WARNING] [Vue warn]: Avoid app logic that relies on enumerating keys on a component instance. The keys will be empty in production mode to avoid performance overhead. 
  at <VNavigationDrawer modelValue=undefined onUpdate:modelValue=fn location="right"  ... > 
  at <MenusTopmenuLayoutNotifications > 
  at <VCol class="notificationsHeader" > 
  at <VDefaultsProvider defaults= {VTabs: Object} > 
  at <VToolbar ref=Ref< Proxy(Object) > class="v-app-bar" style= {top: 0px, zIndex: 1014, transform: translateY(0px), position: fixed, height: undefined}  ... > 
  at <VAppBar id="topnav" > 
  at <MenusHeader drawer=false onToggleDrawer=fn > 
  at <ClientOnly > 
  at <VApp theme="light" class="auto-text" > 
  at <VResponsive class="border rounded" > 
  at <Default ref=Ref< Proxy(Object) > > 
  at <AsyncComponentWrapper ref=Ref< Proxy(Object) > > 
  at <LayoutLoader key="default" layoutProps= {ref: RefImpl} name="default" > 
  at <NuxtLayoutProvider layoutProps= {ref: RefImpl} key="default" name="default"  ... > 
  at <NuxtLayout > 
  at <App key=4 > 
  at <NuxtRoot> @ http://localhost:3001/_nuxt/@fs/home/meebuzo/github/alternate-framework/apps/ecosystem/meeovi-frontend/node_modules/@sentry/core/build/esm/instrument/console.js?v=cfee6d51:42
[   29325ms] [WARNING] [Vue warn]: Avoid app logic that relies on enumerating keys on a component instance. The keys will be empty in production mode to avoid performance overhead. 
  at <VNavigationDrawer modelValue=undefined onUpdate:modelValue=fn location="right"  ... > 
  at <MenusTopmenuLayoutNotifications > 
  at <VCol class="notificationsHeader" > 
  at <VDefaultsProvider defaults= {VTabs: Object} > 
  at <VToolbar ref=Ref< Proxy(Object) > class="v-app-bar" style= {top: 0px, zIndex: 1014, transform: translateY(0px), position: fixed, height: undefined}  ... > 
  at <VAppBar id="topnav" > 
  at <MenusHeader drawer=false onToggleDrawer=fn > 
  at <ClientOnly > 
  at <VApp theme="light" class="auto-text" > 
  at <VResponsive class="border rounded" > 
  at <Default ref=Ref< Proxy(Object) > > 
  at <AsyncComponentWrapper ref=Ref< Proxy(Object) > > 
  at <LayoutLoader key="default" layoutProps= {ref: RefImpl} name="default" > 
  at <NuxtLayoutProvider layoutProps= {ref: RefImpl} key="default" name="default"  ... > 
  at <NuxtLayout > 
  at <App key=4 > 
  at <NuxtRoot> @ http://localhost:3001/_nuxt/@fs/home/meebuzo/github/alternate-framework/apps/ecosystem/meeovi-frontend/node_modules/@sentry/core/build/esm/instrument/console.js?v=cfee6d51:42
[   29329ms] [WARNING] [Vue warn]: Avoid app logic that relies on enumerating keys on a component instance. The keys will be empty in production mode to avoid performance overhead. 
  at <VNavigationDrawer modelValue=undefined onUpdate:modelValue=fn location="right"  ... > 
  at <MenusTopmenuLayoutNotifications > 
  at <VCol class="notificationsHeader" > 
  at <VDefaultsProvider defaults= {VTabs: Object} > 
  at <VToolbar ref=Ref< Proxy(Object) > class="v-app-bar" style= {top: 0px, zIndex: 1014, transform: translateY(0px), position: fixed, height: undefined}  ... > 
  at <VAppBar id="topnav" > 
  at <MenusHeader drawer=false onToggleDrawer=fn > 
  at <ClientOnly > 
  at <VApp theme="light" class="auto-text" > 
  at <VResponsive class="border rounded" > 
  at <Default ref=Ref< Proxy(Object) > > 
  at <AsyncComponentWrapper ref=Ref< Proxy(Object) > > 
  at <LayoutLoader key="default" layoutProps= {ref: RefImpl} name="default" > 
  at <NuxtLayoutProvider layoutProps= {ref: RefImpl} key="default" name="default"  ... > 
  at <NuxtLayout > 
  at <App key=4 > 
  at <NuxtRoot> @ http://localhost:3001/_nuxt/@fs/home/meebuzo/github/alternate-framework/apps/ecosystem/meeovi-frontend/node_modules/@sentry/core/build/esm/instrument/console.js?v=cfee6d51:42
[   29334ms] [WARNING] [Vue warn]: Avoid app logic that relies on enumerating keys on a component instance. The keys will be empty in production mode to avoid performance overhead. 
  at <VNavigationDrawer modelValue=undefined onUpdate:modelValue=fn location="right"  ... > 
  at <MenusTopmenuLayoutNotifications > 
  at <VCol class="notificationsHeader" > 
  at <VDefaultsProvider defaults= {VTabs: Object} > 
  at <VToolbar ref=Ref< Proxy(Object) > class="v-app-bar" style= {top: 0px, zIndex: 1014, transform: translateY(0px), position: fixed, height: undefined}  ... > 
  at <VAppBar id="topnav" > 
  at <MenusHeader drawer=false onToggleDrawer=fn > 
  at <ClientOnly > 
  at <VApp theme="light" class="auto-text" > 
  at <VResponsive class="border rounded" > 
  at <Default ref=Ref< Proxy(Object) > > 
  at <AsyncComponentWrapper ref=Ref< Proxy(Object) > > 
  at <LayoutLoader key="default" layoutProps= {ref: RefImpl} name="default" > 
  at <NuxtLayoutProvider layoutProps= {ref: RefImpl} key="default" name="default"  ... > 
  at <NuxtLayout > 
  at <App key=4 > 
  at <NuxtRoot> @ http://localhost:3001/_nuxt/@fs/home/meebuzo/github/alternate-framework/apps/ecosystem/meeovi-frontend/node_modules/@sentry/core/build/esm/instrument/console.js?v=cfee6d51:42
[   29339ms] [WARNING] [Vue warn]: Avoid app logic that relies on enumerating keys on a component instance. The keys will be empty in production mode to avoid performance overhead. 
  at <VNavigationDrawer modelValue=undefined onUpdate:modelValue=fn location="right"  ... > 
  at <MenusTopmenuLayoutNotifications > 
  at <VCol class="notificationsHeader" > 
  at <VDefaultsProvider defaults= {VTabs: Object} > 
  at <VToolbar ref=Ref< Proxy(Object) > class="v-app-bar" style= {top: 0px, zIndex: 1014, transform: translateY(0px), position: fixed, height: undefined}  ... > 
  at <VAppBar id="topnav" > 
  at <MenusHeader drawer=false onToggleDrawer=fn > 
  at <ClientOnly > 
  at <VApp theme="light" class="auto-text" > 
  at <VResponsive class="border rounded" > 
  at <Default ref=Ref< Proxy(Object) > > 
  at <AsyncComponentWrapper ref=Ref< Proxy(Object) > > 
  at <LayoutLoader key="default" layoutProps= {ref: RefImpl} name="default" > 
  at <NuxtLayoutProvider layoutProps= {ref: RefImpl} key="default" name="default"  ... > 
  at <NuxtLayout > 
  at <App key=4 > 
  at <NuxtRoot> @ http://localhost:3001/_nuxt/@fs/home/meebuzo/github/alternate-framework/apps/ecosystem/meeovi-frontend/node_modules/@sentry/core/build/esm/instrument/console.js?v=cfee6d51:42
[   29344ms] [WARNING] [Vue warn]: Avoid app logic that relies on enumerating keys on a component instance. The keys will be empty in production mode to avoid performance overhead. 
  at <VNavigationDrawer modelValue=undefined onUpdate:modelValue=fn location="right"  ... > 
  at <MenusTopmenuLayoutNotifications > 
  at <VCol class="notificationsHeader" > 
  at <VDefaultsProvider defaults= {VTabs: Object} > 
  at <VToolbar ref=Ref< Proxy(Object) > class="v-app-bar" style= {top: 0px, zIndex: 1014, transform: translateY(0px), position: fixed, height: undefined}  ... > 
  at <VAppBar id="topnav" > 
  at <MenusHeader drawer=false onToggleDrawer=fn > 
  at <ClientOnly > 
  at <VApp theme="light" class="auto-text" > 
  at <VResponsive class="border rounded" > 
  at <Default ref=Ref< Proxy(Object) > > 
  at <AsyncComponentWrapper ref=Ref< Proxy(Object) > > 
  at <LayoutLoader key="default" layoutProps= {ref: RefImpl} name="default" > 
  at <NuxtLayoutProvider layoutProps= {ref: RefImpl} key="default" name="default"  ... > 
  at <NuxtLayout > 
  at <App key=4 > 
  at <NuxtRoot> @ http://localhost:3001/_nuxt/@fs/home/meebuzo/github/alternate-framework/apps/ecosystem/meeovi-frontend/node_modules/@sentry/core/build/esm/instrument/console.js?v=cfee6d51:42
[   29348ms] [WARNING] [Vue warn]: Avoid app logic that relies on enumerating keys on a component instance. The keys will be empty in production mode to avoid performance overhead. 
  at <VNavigationDrawer modelValue=undefined onUpdate:modelValue=fn location="right"  ... > 
  at <MenusTopmenuLayoutNotifications > 
  at <VCol class="notificationsHeader" > 
  at <VDefaultsProvider defaults= {VTabs: Object} > 
  at <VToolbar ref=Ref< Proxy(Object) > class="v-app-bar" style= {top: 0px, zIndex: 1014, transform: translateY(0px), position: fixed, height: undefined}  ... > 
  at <VAppBar id="topnav" > 
  at <MenusHeader drawer=false onToggleDrawer=fn > 
  at <ClientOnly > 
  at <VApp theme="light" class="auto-text" > 
  at <VResponsive class="border rounded" > 
  at <Default ref=Ref< Proxy(Object) > > 
  at <AsyncComponentWrapper ref=Ref< Proxy(Object) > > 
  at <LayoutLoader key="default" layoutProps= {ref: RefImpl} name="default" > 
  at <NuxtLayoutProvider layoutProps= {ref: RefImpl} key="default" name="default"  ... > 
  at <NuxtLayout > 
  at <App key=4 > 
  at <NuxtRoot> @ http://localhost:3001/_nuxt/@fs/home/meebuzo/github/alternate-framework/apps/ecosystem/meeovi-frontend/node_modules/@sentry/core/build/esm/instrument/console.js?v=cfee6d51:42
[   29352ms] [WARNING] [Vue warn]: Avoid app logic that relies on enumerating keys on a component instance. The keys will be empty in production mode to avoid performance overhead. 
  at <VNavigationDrawer modelValue=undefined onUpdate:modelValue=fn location="right"  ... > 
  at <MenusTopmenuLayoutNotifications > 
  at <VCol class="notificationsHeader" > 
  at <VDefaultsProvider defaults= {VTabs: Object} > 
  at <VToolbar ref=Ref< Proxy(Object) > class="v-app-bar" style= {top: 0px, zIndex: 1014, transform: translateY(0px), position: fixed, height: undefined}  ... > 
  at <VAppBar id="topnav" > 
  at <MenusHeader drawer=false onToggleDrawer=fn > 
  at <ClientOnly > 
  at <VApp theme="light" class="auto-text" > 
  at <VResponsive class="border rounded" > 
  at <Default ref=Ref< Proxy(Object) > > 
  at <AsyncComponentWrapper ref=Ref< Proxy(Object) > > 
  at <LayoutLoader key="default" layoutProps= {ref: RefImpl} name="default" > 
  at <NuxtLayoutProvider layoutProps= {ref: RefImpl} key="default" name="default"  ... > 
  at <NuxtLayout > 
  at <App key=4 > 
  at <NuxtRoot> @ http://localhost:3001/_nuxt/@fs/home/meebuzo/github/alternate-framework/apps/ecosystem/meeovi-frontend/node_modules/@sentry/core/build/esm/instrument/console.js?v=cfee6d51:42
[   29359ms] [WARNING] [Vue warn]: Avoid app logic that relies on enumerating keys on a component instance. The keys will be empty in production mode to avoid performance overhead. 
  at <VNavigationDrawer modelValue=undefined onUpdate:modelValue=fn location="right"  ... > 
  at <MenusTopmenuLayoutNotifications > 
  at <VCol class="notificationsHeader" > 
  at <VDefaultsProvider defaults= {VTabs: Object} > 
  at <VToolbar ref=Ref< Proxy(Object) > class="v-app-bar" style= {top: 0px, zIndex: 1014, transform: translateY(0px), position: fixed, height: undefined}  ... > 
  at <VAppBar id="topnav" > 
  at <MenusHeader drawer=false onToggleDrawer=fn > 
  at <ClientOnly > 
  at <VApp theme="light" class="auto-text" > 
  at <VResponsive class="border rounded" > 
  at <Default ref=Ref< Proxy(Object) > > 
  at <AsyncComponentWrapper ref=Ref< Proxy(Object) > > 
  at <LayoutLoader key="default" layoutProps= {ref: RefImpl} name="default" > 
  at <NuxtLayoutProvider layoutProps= {ref: RefImpl} key="default" name="default"  ... > 
  at <NuxtLayout > 
  at <App key=4 > 
  at <NuxtRoot> @ http://localhost:3001/_nuxt/@fs/home/meebuzo/github/alternate-framework/apps/ecosystem/meeovi-frontend/node_modules/@sentry/core/build/esm/instrument/console.js?v=cfee6d51:42
[   29365ms] [WARNING] [Vue warn]: Avoid app logic that relies on enumerating keys on a component instance. The keys will be empty in production mode to avoid performance overhead. 
  at <VNavigationDrawer modelValue=undefined onUpdate:modelValue=fn location="right"  ... > 
  at <MenusTopmenuLayoutNotifications > 
  at <VCol class="notificationsHeader" > 
  at <VDefaultsProvider defaults= {VTabs: Object} > 
  at <VToolbar ref=Ref< Proxy(Object) > class="v-app-bar" style= {top: 0px, zIndex: 1014, transform: translateY(0px), position: fixed, height: undefined}  ... > 
  at <VAppBar id="topnav" > 
  at <MenusHeader drawer=false onToggleDrawer=fn > 
  at <ClientOnly > 
  at <VApp theme="light" class="auto-text" > 
  at <VResponsive class="border rounded" > 
  at <Default ref=Ref< Proxy(Object) > > 
  at <AsyncComponentWrapper ref=Ref< Proxy(Object) > > 
  at <LayoutLoader key="default" layoutProps= {ref: RefImpl} name="default" > 
  at <NuxtLayoutProvider layoutProps= {ref: RefImpl} key="default" name="default"  ... > 
  at <NuxtLayout > 
  at <App key=4 > 
  at <NuxtRoot> @ http://localhost:3001/_nuxt/@fs/home/meebuzo/github/alternate-framework/apps/ecosystem/meeovi-frontend/node_modules/@sentry/core/build/esm/instrument/console.js?v=cfee6d51:42
[   29370ms] [WARNING] [Vue warn]: Avoid app logic that relies on enumerating keys on a component instance. The keys will be empty in production mode to avoid performance overhead. 
  at <VNavigationDrawer modelValue=undefined onUpdate:modelValue=fn location="right"  ... > 
  at <MenusTopmenuLayoutNotifications > 
  at <VCol class="notificationsHeader" > 
  at <VDefaultsProvider defaults= {VTabs: Object} > 
  at <VToolbar ref=Ref< Proxy(Object) > class="v-app-bar" style= {top: 0px, zIndex: 1014, transform: translateY(0px), position: fixed, height: undefined}  ... > 
  at <VAppBar id="topnav" > 
  at <MenusHeader drawer=false onToggleDrawer=fn > 
  at <ClientOnly > 
  at <VApp theme="light" class="auto-text" > 
  at <VResponsive class="border rounded" > 
  at <Default ref=Ref< Proxy(Object) > > 
  at <AsyncComponentWrapper ref=Ref< Proxy(Object) > > 
  at <LayoutLoader key="default" layoutProps= {ref: RefImpl} name="default" > 
  at <NuxtLayoutProvider layoutProps= {ref: RefImpl} key="default" name="default"  ... > 
  at <NuxtLayout > 
  at <App key=4 > 
  at <NuxtRoot> @ http://localhost:3001/_nuxt/@fs/home/meebuzo/github/alternate-framework/apps/ecosystem/meeovi-frontend/node_modules/@sentry/core/build/esm/instrument/console.js?v=cfee6d51:42
[   29374ms] [WARNING] [Vue warn]: Avoid app logic that relies on enumerating keys on a component instance. The keys will be empty in production mode to avoid performance overhead. 
  at <VNavigationDrawer modelValue=undefined onUpdate:modelValue=fn location="right"  ... > 
  at <MenusTopmenuLayoutNotifications > 
  at <VCol class="notificationsHeader" > 
  at <VDefaultsProvider defaults= {VTabs: Object} > 
  at <VToolbar ref=Ref< Proxy(Object) > class="v-app-bar" style= {top: 0px, zIndex: 1014, transform: translateY(0px), position: fixed, height: undefined}  ... > 
  at <VAppBar id="topnav" > 
  at <MenusHeader drawer=false onToggleDrawer=fn > 
  at <ClientOnly > 
  at <VApp theme="light" class="auto-text" > 
  at <VResponsive class="border rounded" > 
  at <Default ref=Ref< Proxy(Object) > > 
  at <AsyncComponentWrapper ref=Ref< Proxy(Object) > > 
  at <LayoutLoader key="default" layoutProps= {ref: RefImpl} name="default" > 
  at <NuxtLayoutProvider layoutProps= {ref: RefImpl} key="default" name="default"  ... > 
  at <NuxtLayout > 
  at <App key=4 > 
  at <NuxtRoot> @ http://localhost:3001/_nuxt/@fs/home/meebuzo/github/alternate-framework/apps/ecosystem/meeovi-frontend/node_modules/@sentry/core/build/esm/instrument/console.js?v=cfee6d51:42
[   29377ms] [WARNING] [Vue warn]: Avoid app logic that relies on enumerating keys on a component instance. The keys will be empty in production mode to avoid performance overhead. 
  at <VNavigationDrawer modelValue=undefined onUpdate:modelValue=fn location="right"  ... > 
  at <MenusTopmenuLayoutNotifications > 
  at <VCol class="notificationsHeader" > 
  at <VDefaultsProvider defaults= {VTabs: Object} > 
  at <VToolbar ref=Ref< Proxy(Object) > class="v-app-bar" style= {top: 0px, zIndex: 1014, transform: translateY(0px), position: fixed, height: undefined}  ... > 
  at <VAppBar id="topnav" > 
  at <MenusHeader drawer=false onToggleDrawer=fn > 
  at <ClientOnly > 
  at <VApp theme="light" class="auto-text" > 
  at <VResponsive class="border rounded" > 
  at <Default ref=Ref< Proxy(Object) > > 
  at <AsyncComponentWrapper ref=Ref< Proxy(Object) > > 
  at <LayoutLoader key="default" layoutProps= {ref: RefImpl} name="default" > 
  at <NuxtLayoutProvider layoutProps= {ref: RefImpl} key="default" name="default"  ... > 
  at <NuxtLayout > 
  at <App key=4 > 
  at <NuxtRoot> @ http://localhost:3001/_nuxt/@fs/home/meebuzo/github/alternate-framework/apps/ecosystem/meeovi-frontend/node_modules/@sentry/core/build/esm/instrument/console.js?v=cfee6d51:42
[   29381ms] [WARNING] [Vue warn]: Avoid app logic that relies on enumerating keys on a component instance. The keys will be empty in production mode to avoid performance overhead. 
  at <VNavigationDrawer modelValue=undefined onUpdate:modelValue=fn location="right"  ... > 
  at <MenusTopmenuLayoutNotifications > 
  at <VCol class="notificationsHeader" > 
  at <VDefaultsProvider defaults= {VTabs: Object} > 
  at <VToolbar ref=Ref< Proxy(Object) > class="v-app-bar" style= {top: 0px, zIndex: 1014, transform: translateY(0px), position: fixed, height: undefined}  ... > 
  at <VAppBar id="topnav" > 
  at <MenusHeader drawer=false onToggleDrawer=fn > 
  at <ClientOnly > 
  at <VApp theme="light" class="auto-text" > 
  at <VResponsive class="border rounded" > 
  at <Default ref=Ref< Proxy(Object) > > 
  at <AsyncComponentWrapper ref=Ref< Proxy(Object) > > 
  at <LayoutLoader key="default" layoutProps= {ref: RefImpl} name="default" > 
  at <NuxtLayoutProvider layoutProps= {ref: RefImpl} key="default" name="default"  ... > 
  at <NuxtLayout > 
  at <App key=4 > 
  at <NuxtRoot> @ http://localhost:3001/_nuxt/@fs/home/meebuzo/github/alternate-framework/apps/ecosystem/meeovi-frontend/node_modules/@sentry/core/build/esm/instrument/console.js?v=cfee6d51:42
[   29385ms] [WARNING] [Vue warn]: Avoid app logic that relies on enumerating keys on a component instance. The keys will be empty in production mode to avoid performance overhead. 
  at <VNavigationDrawer modelValue=undefined onUpdate:modelValue=fn location="right"  ... > 
  at <MenusTopmenuLayoutNotifications > 
  at <VCol class="notificationsHeader" > 
  at <VDefaultsProvider defaults= {VTabs: Object} > 
  at <VToolbar ref=Ref< Proxy(Object) > class="v-app-bar" style= {top: 0px, zIndex: 1014, transform: translateY(0px), position: fixed, height: undefined}  ... > 
  at <VAppBar id="topnav" > 
  at <MenusHeader drawer=false onToggleDrawer=fn > 
  at <ClientOnly > 
  at <VApp theme="light" class="auto-text" > 
  at <VResponsive class="border rounded" > 
  at <Default ref=Ref< Proxy(Object) > > 
  at <AsyncComponentWrapper ref=Ref< Proxy(Object) > > 
  at <LayoutLoader key="default" layoutProps= {ref: RefImpl} name="default" > 
  at <NuxtLayoutProvider layoutProps= {ref: RefImpl} key="default" name="default"  ... > 
  at <NuxtLayout > 
  at <App key=4 > 
  at <NuxtRoot> @ http://localhost:3001/_nuxt/@fs/home/meebuzo/github/alternate-framework/apps/ecosystem/meeovi-frontend/node_modules/@sentry/core/build/esm/instrument/console.js?v=cfee6d51:42
[   29389ms] [WARNING] [Vue warn]: Avoid app logic that relies on enumerating keys on a component instance. The keys will be empty in production mode to avoid performance overhead. 
  at <VNavigationDrawer modelValue=undefined onUpdate:modelValue=fn location="right"  ... > 
  at <MenusTopmenuLayoutNotifications > 
  at <VCol class="notificationsHeader" > 
  at <VDefaultsProvider defaults= {VTabs: Object} > 
  at <VToolbar ref=Ref< Proxy(Object) > class="v-app-bar" style= {top: 0px, zIndex: 1014, transform: translateY(0px), position: fixed, height: undefined}  ... > 
  at <VAppBar id="topnav" > 
  at <MenusHeader drawer=false onToggleDrawer=fn > 
  at <ClientOnly > 
  at <VApp theme="light" class="auto-text" > 
  at <VResponsive class="border rounded" > 
  at <Default ref=Ref< Proxy(Object) > > 
  at <AsyncComponentWrapper ref=Ref< Proxy(Object) > > 
  at <LayoutLoader key="default" layoutProps= {ref: RefImpl} name="default" > 
  at <NuxtLayoutProvider layoutProps= {ref: RefImpl} key="default" name="default"  ... > 
  at <NuxtLayout > 
  at <App key=4 > 
  at <NuxtRoot> @ http://localhost:3001/_nuxt/@fs/home/meebuzo/github/alternate-framework/apps/ecosystem/meeovi-frontend/node_modules/@sentry/core/build/esm/instrument/console.js?v=cfee6d51:42
[   29394ms] [WARNING] [Vue warn]: Avoid app logic that relies on enumerating keys on a component instance. The keys will be empty in production mode to avoid performance overhead. 
  at <VNavigationDrawer modelValue=undefined onUpdate:modelValue=fn location="right"  ... > 
  at <MenusTopmenuLayoutNotifications > 
  at <VCol class="notificationsHeader" > 
  at <VDefaultsProvider defaults= {VTabs: Object} > 
  at <VToolbar ref=Ref< Proxy(Object) > class="v-app-bar" style= {top: 0px, zIndex: 1014, transform: translateY(0px), position: fixed, height: undefined}  ... > 
  at <VAppBar id="topnav" > 
  at <MenusHeader drawer=false onToggleDrawer=fn > 
  at <ClientOnly > 
  at <VApp theme="light" class="auto-text" > 
  at <VResponsive class="border rounded" > 
  at <Default ref=Ref< Proxy(Object) > > 
  at <AsyncComponentWrapper ref=Ref< Proxy(Object) > > 
  at <LayoutLoader key="default" layoutProps= {ref: RefImpl} name="default" > 
  at <NuxtLayoutProvider layoutProps= {ref: RefImpl} key="default" name="default"  ... > 
  at <NuxtLayout > 
  at <App key=4 > 
  at <NuxtRoot> @ http://localhost:3001/_nuxt/@fs/home/meebuzo/github/alternate-framework/apps/ecosystem/meeovi-frontend/node_modules/@sentry/core/build/esm/instrument/console.js?v=cfee6d51:42
[   29398ms] [WARNING] [Vue warn]: Avoid app logic that relies on enumerating keys on a component instance. The keys will be empty in production mode to avoid performance overhead. 
  at <VNavigationDrawer modelValue=undefined onUpdate:modelValue=fn location="right"  ... > 
  at <MenusTopmenuLayoutNotifications > 
  at <VCol class="notificationsHeader" > 
  at <VDefaultsProvider defaults= {VTabs: Object} > 
  at <VToolbar ref=Ref< Proxy(Object) > class="v-app-bar" style= {top: 0px, zIndex: 1014, transform: translateY(0px), position: fixed, height: undefined}  ... > 
  at <VAppBar id="topnav" > 
  at <MenusHeader drawer=false onToggleDrawer=fn > 
  at <ClientOnly > 
  at <VApp theme="light" class="auto-text" > 
  at <VResponsive class="border rounded" > 
  at <Default ref=Ref< Proxy(Object) > > 
  at <AsyncComponentWrapper ref=Ref< Proxy(Object) > > 
  at <LayoutLoader key="default" layoutProps= {ref: RefImpl} name="default" > 
  at <NuxtLayoutProvider layoutProps= {ref: RefImpl} key="default" name="default"  ... > 
  at <NuxtLayout > 
  at <App key=4 > 
  at <NuxtRoot> @ http://localhost:3001/_nuxt/@fs/home/meebuzo/github/alternate-framework/apps/ecosystem/meeovi-frontend/node_modules/@sentry/core/build/esm/instrument/console.js?v=cfee6d51:42
[   29402ms] [WARNING] [Vue warn]: Avoid app logic that relies on enumerating keys on a component instance. The keys will be empty in production mode to avoid performance overhead. 
  at <VNavigationDrawer modelValue=undefined onUpdate:modelValue=fn location="right"  ... > 
  at <MenusTopmenuLayoutNotifications > 
  at <VCol class="notificationsHeader" > 
  at <VDefaultsProvider defaults= {VTabs: Object} > 
  at <VToolbar ref=Ref< Proxy(Object) > class="v-app-bar" style= {top: 0px, zIndex: 1014, transform: translateY(0px), position: fixed, height: undefined}  ... > 
  at <VAppBar id="topnav" > 
  at <MenusHeader drawer=false onToggleDrawer=fn > 
  at <ClientOnly > 
  at <VApp theme="light" class="auto-text" > 
  at <VResponsive class="border rounded" > 
  at <Default ref=Ref< Proxy(Object) > > 
  at <AsyncComponentWrapper ref=Ref< Proxy(Object) > > 
  at <LayoutLoader key="default" layoutProps= {ref: RefImpl} name="default" > 
  at <NuxtLayoutProvider layoutProps= {ref: RefImpl} key="default" name="default"  ... > 
  at <NuxtLayout > 
  at <App key=4 > 
  at <NuxtRoot> @ http://localhost:3001/_nuxt/@fs/home/meebuzo/github/alternate-framework/apps/ecosystem/meeovi-frontend/node_modules/@sentry/core/build/esm/instrument/console.js?v=cfee6d51:42
[   29406ms] [WARNING] [Vue warn]: Avoid app logic that relies on enumerating keys on a component instance. The keys will be empty in production mode to avoid performance overhead. 
  at <VNavigationDrawer modelValue=undefined onUpdate:modelValue=fn location="right"  ... > 
  at <MenusTopmenuLayoutNotifications > 
  at <VCol class="notificationsHeader" > 
  at <VDefaultsProvider defaults= {VTabs: Object} > 
  at <VToolbar ref=Ref< Proxy(Object) > class="v-app-bar" style= {top: 0px, zIndex: 1014, transform: translateY(0px), position: fixed, height: undefined}  ... > 
  at <VAppBar id="topnav" > 
  at <MenusHeader drawer=false onToggleDrawer=fn > 
  at <ClientOnly > 
  at <VApp theme="light" class="auto-text" > 
  at <VResponsive class="border rounded" > 
  at <Default ref=Ref< Proxy(Object) > > 
  at <AsyncComponentWrapper ref=Ref< Proxy(Object) > > 
  at <LayoutLoader key="default" layoutProps= {ref: RefImpl} name="default" > 
  at <NuxtLayoutProvider layoutProps= {ref: RefImpl} key="default" name="default"  ... > 
  at <NuxtLayout > 
  at <App key=4 > 
  at <NuxtRoot> @ http://localhost:3001/_nuxt/@fs/home/meebuzo/github/alternate-framework/apps/ecosystem/meeovi-frontend/node_modules/@sentry/core/build/esm/instrument/console.js?v=cfee6d51:42
[   29410ms] [WARNING] [Vue warn]: Avoid app logic that relies on enumerating keys on a component instance. The keys will be empty in production mode to avoid performance overhead. 
  at <VNavigationDrawer modelValue=undefined onUpdate:modelValue=fn location="right"  ... > 
  at <MenusTopmenuLayoutNotifications > 
  at <VCol class="notificationsHeader" > 
  at <VDefaultsProvider defaults= {VTabs: Object} > 
  at <VToolbar ref=Ref< Proxy(Object) > class="v-app-bar" style= {top: 0px, zIndex: 1014, transform: translateY(0px), position: fixed, height: undefined}  ... > 
  at <VAppBar id="topnav" > 
  at <MenusHeader drawer=false onToggleDrawer=fn > 
  at <ClientOnly > 
  at <VApp theme="light" class="auto-text" > 
  at <VResponsive class="border rounded" > 
  at <Default ref=Ref< Proxy(Object) > > 
  at <AsyncComponentWrapper ref=Ref< Proxy(Object) > > 
  at <LayoutLoader key="default" layoutProps= {ref: RefImpl} name="default" > 
  at <NuxtLayoutProvider layoutProps= {ref: RefImpl} key="default" name="default"  ... > 
  at <NuxtLayout > 
  at <App key=4 > 
  at <NuxtRoot> @ http://localhost:3001/_nuxt/@fs/home/meebuzo/github/alternate-framework/apps/ecosystem/meeovi-frontend/node_modules/@sentry/core/build/esm/instrument/console.js?v=cfee6d51:42
[   29415ms] [ERROR] Connecting to 'https://o996770.ingest.us.sentry.io/api/5955273/envelope/?sentry_version=7&sentry_key=df1b90fab7c44ce8aef097a63b468d61&sentry_client=sentry.javascript.nuxt%2F10.63.0' violates the following Content Security Policy directive: "connect-src 'self' https://*.mux.com". The action has been blocked. @ http://localhost:3001/_nuxt/@fs/home/meebuzo/github/alternate-framework/apps/ecosystem/meeovi-frontend/node_modules/@sentry/browser/build/npm/esm/dev/transports/fetch.js?v=cfee6d51:31
[   29416ms] [ERROR] Fetch API cannot load https://o996770.ingest.us.sentry.io/api/5955273/envelope/?sentry_version=7&sentry_key=df1b90fab7c44ce8aef097a63b468d61&sentry_client=sentry.javascript.nuxt%2F10.63.0. Refused to connect because it violates the document's Content Security Policy. @ http://localhost:3001/_nuxt/@fs/home/meebuzo/github/alternate-framework/apps/ecosystem/meeovi-frontend/node_modules/@sentry/browser/build/npm/esm/dev/transports/fetch.js?v=cfee6d51:31
[   29421ms] [WARNING] [Vue warn]: Avoid app logic that relies on enumerating keys on a component instance. The keys will be empty in production mode to avoid performance overhead. 
  at <VNavigationDrawer modelValue=undefined onUpdate:modelValue=fn location="right"  ... > 
  at <MenusTopmenuLayoutNotifications > 
  at <VCol class="notificationsHeader" > 
  at <VDefaultsProvider defaults= {VTabs: Object} > 
  at <VToolbar ref=Ref< Proxy(Object) > class="v-app-bar" style= {top: 0px, zIndex: 1014, transform: translateY(0px), position: fixed, height: undefined}  ... > 
  at <VAppBar id="topnav" > 
  at <MenusHeader drawer=false onToggleDrawer=fn > 
  at <ClientOnly > 
  at <VApp theme="light" class="auto-text" > 
  at <VResponsive class="border rounded" > 
  at <Default ref=Ref< Proxy(Object) > > 
  at <AsyncComponentWrapper ref=Ref< Proxy(Object) > > 
  at <LayoutLoader key="default" layoutProps= {ref: RefImpl} name="default" > 
  at <NuxtLayoutProvider layoutProps= {ref: RefImpl} key="default" name="default"  ... > 
  at <NuxtLayout > 
  at <App key=4 > 
  at <NuxtRoot> @ http://localhost:3001/_nuxt/@fs/home/meebuzo/github/alternate-framework/apps/ecosystem/meeovi-frontend/node_modules/@sentry/core/build/esm/instrument/console.js?v=cfee6d51:42
[   29425ms] [WARNING] [Vue warn]: Avoid app logic that relies on enumerating keys on a component instance. The keys will be empty in production mode to avoid performance overhead. 
  at <VNavigationDrawer modelValue=undefined onUpdate:modelValue=fn location="right"  ... > 
  at <MenusTopmenuLayoutNotifications > 
  at <VCol class="notificationsHeader" > 
  at <VDefaultsProvider defaults= {VTabs: Object} > 
  at <VToolbar ref=Ref< Proxy(Object) > class="v-app-bar" style= {top: 0px, zIndex: 1014, transform: translateY(0px), position: fixed, height: undefined}  ... > 
  at <VAppBar id="topnav" > 
  at <MenusHeader drawer=false onToggleDrawer=fn > 
  at <ClientOnly > 
  at <VApp theme="light" class="auto-text" > 
  at <VResponsive class="border rounded" > 
  at <Default ref=Ref< Proxy(Object) > > 
  at <AsyncComponentWrapper ref=Ref< Proxy(Object) > > 
  at <LayoutLoader key="default" layoutProps= {ref: RefImpl} name="default" > 
  at <NuxtLayoutProvider layoutProps= {ref: RefImpl} key="default" name="default"  ... > 
  at <NuxtLayout > 
  at <App key=4 > 
  at <NuxtRoot> @ http://localhost:3001/_nuxt/@fs/home/meebuzo/github/alternate-framework/apps/ecosystem/meeovi-frontend/node_modules/@sentry/core/build/esm/instrument/console.js?v=cfee6d51:42
[   29428ms] [WARNING] [Vue warn]: Avoid app logic that relies on enumerating keys on a component instance. The keys will be empty in production mode to avoid performance overhead. 
  at <VNavigationDrawer modelValue=undefined onUpdate:modelValue=fn location="right"  ... > 
  at <MenusTopmenuLayoutNotifications > 
  at <VCol class="notificationsHeader" > 
  at <VDefaultsProvider defaults= {VTabs: Object} > 
  at <VToolbar ref=Ref< Proxy(Object) > class="v-app-bar" style= {top: 0px, zIndex: 1014, transform: translateY(0px), position: fixed, height: undefined}  ... > 
  at <VAppBar id="topnav" > 
  at <MenusHeader drawer=false onToggleDrawer=fn > 
  at <ClientOnly > 
  at <VApp theme="light" class="auto-text" > 
  at <VResponsive class="border rounded" > 
  at <Default ref=Ref< Proxy(Object) > > 
  at <AsyncComponentWrapper ref=Ref< Proxy(Object) > > 
  at <LayoutLoader key="default" layoutProps= {ref: RefImpl} name="default" > 
  at <NuxtLayoutProvider layoutProps= {ref: RefImpl} key="default" name="default"  ... > 
  at <NuxtLayout > 
  at <App key=4 > 
  at <NuxtRoot> @ http://localhost:3001/_nuxt/@fs/home/meebuzo/github/alternate-framework/apps/ecosystem/meeovi-frontend/node_modules/@sentry/core/build/esm/instrument/console.js?v=cfee6d51:42
[   29431ms] [WARNING] [Vue warn]: Avoid app logic that relies on enumerating keys on a component instance. The keys will be empty in production mode to avoid performance overhead. 
  at <VNavigationDrawer modelValue=undefined onUpdate:modelValue=fn location="right"  ... > 
  at <MenusTopmenuLayoutNotifications > 
  at <VCol class="notificationsHeader" > 
  at <VDefaultsProvider defaults= {VTabs: Object} > 
  at <VToolbar ref=Ref< Proxy(Object) > class="v-app-bar" style= {top: 0px, zIndex: 1014, transform: translateY(0px), position: fixed, height: undefined}  ... > 
  at <VAppBar id="topnav" > 
  at <MenusHeader drawer=false onToggleDrawer=fn > 
  at <ClientOnly > 
  at <VApp theme="light" class="auto-text" > 
  at <VResponsive class="border rounded" > 
  at <Default ref=Ref< Proxy(Object) > > 
  at <AsyncComponentWrapper ref=Ref< Proxy(Object) > > 
  at <LayoutLoader key="default" layoutProps= {ref: RefImpl} name="default" > 
  at <NuxtLayoutProvider layoutProps= {ref: RefImpl} key="default" name="default"  ... > 
  at <NuxtLayout > 
  at <App key=4 > 
  at <NuxtRoot> @ http://localhost:3001/_nuxt/@fs/home/meebuzo/github/alternate-framework/apps/ecosystem/meeovi-frontend/node_modules/@sentry/core/build/esm/instrument/console.js?v=cfee6d51:42
[   29434ms] [WARNING] [Vue warn]: Avoid app logic that relies on enumerating keys on a component instance. The keys will be empty in production mode to avoid performance overhead. 
  at <VNavigationDrawer modelValue=undefined onUpdate:modelValue=fn location="right"  ... > 
  at <MenusTopmenuLayoutNotifications > 
  at <VCol class="notificationsHeader" > 
  at <VDefaultsProvider defaults= {VTabs: Object} > 
  at <VToolbar ref=Ref< Proxy(Object) > class="v-app-bar" style= {top: 0px, zIndex: 1014, transform: translateY(0px), position: fixed, height: undefined}  ... > 
  at <VAppBar id="topnav" > 
  at <MenusHeader drawer=false onToggleDrawer=fn > 
  at <ClientOnly > 
  at <VApp theme="light" class="auto-text" > 
  at <VResponsive class="border rounded" > 
  at <Default ref=Ref< Proxy(Object) > > 
  at <AsyncComponentWrapper ref=Ref< Proxy(Object) > > 
  at <LayoutLoader key="default" layoutProps= {ref: RefImpl} name="default" > 
  at <NuxtLayoutProvider layoutProps= {ref: RefImpl} key="default" name="default"  ... > 
  at <NuxtLayout > 
  at <App key=4 > 
  at <NuxtRoot> @ http://localhost:3001/_nuxt/@fs/home/meebuzo/github/alternate-framework/apps/ecosystem/meeovi-frontend/node_modules/@sentry/core/build/esm/instrument/console.js?v=cfee6d51:42
[   29437ms] [WARNING] [Vue warn]: Avoid app logic that relies on enumerating keys on a component instance. The keys will be empty in production mode to avoid performance overhead. 
  at <VNavigationDrawer modelValue=undefined onUpdate:modelValue=fn location="right"  ... > 
  at <MenusTopmenuLayoutNotifications > 
  at <VCol class="notificationsHeader" > 
  at <VDefaultsProvider defaults= {VTabs: Object} > 
  at <VToolbar ref=Ref< Proxy(Object) > class="v-app-bar" style= {top: 0px, zIndex: 1014, transform: translateY(0px), position: fixed, height: undefined}  ... > 
  at <VAppBar id="topnav" > 
  at <MenusHeader drawer=false onToggleDrawer=fn > 
  at <ClientOnly > 
  at <VApp theme="light" class="auto-text" > 
  at <VResponsive class="border rounded" > 
  at <Default ref=Ref< Proxy(Object) > > 
  at <AsyncComponentWrapper ref=Ref< Proxy(Object) > > 
  at <LayoutLoader key="default" layoutProps= {ref: RefImpl} name="default" > 
  at <NuxtLayoutProvider layoutProps= {ref: RefImpl} key="default" name="default"  ... > 
  at <NuxtLayout > 
  at <App key=4 > 
  at <NuxtRoot> @ http://localhost:3001/_nuxt/@fs/home/meebuzo/github/alternate-framework/apps/ecosystem/meeovi-frontend/node_modules/@sentry/core/build/esm/instrument/console.js?v=cfee6d51:42
[   29440ms] [WARNING] [Vue warn]: Avoid app logic that relies on enumerating keys on a component instance. The keys will be empty in production mode to avoid performance overhead. 
  at <VNavigationDrawer modelValue=undefined onUpdate:modelValue=fn location="right"  ... > 
  at <MenusTopmenuLayoutNotifications > 
  at <VCol class="notificationsHeader" > 
  at <VDefaultsProvider defaults= {VTabs: Object} > 
  at <VToolbar ref=Ref< Proxy(Object) > class="v-app-bar" style= {top: 0px, zIndex: 1014, transform: translateY(0px), position: fixed, height: undefined}  ... > 
  at <VAppBar id="topnav" > 
  at <MenusHeader drawer=false onToggleDrawer=fn > 
  at <ClientOnly > 
  at <VApp theme="light" class="auto-text" > 
  at <VResponsive class="border rounded" > 
  at <Default ref=Ref< Proxy(Object) > > 
  at <AsyncComponentWrapper ref=Ref< Proxy(Object) > > 
  at <LayoutLoader key="default" layoutProps= {ref: RefImpl} name="default" > 
  at <NuxtLayoutProvider layoutProps= {ref: RefImpl} key="default" name="default"  ... > 
  at <NuxtLayout > 
  at <App key=4 > 
  at <NuxtRoot> @ http://localhost:3001/_nuxt/@fs/home/meebuzo/github/alternate-framework/apps/ecosystem/meeovi-frontend/node_modules/@sentry/core/build/esm/instrument/console.js?v=cfee6d51:42
[   29443ms] [WARNING] [Vue warn]: Avoid app logic that relies on enumerating keys on a component instance. The keys will be empty in production mode to avoid performance overhead. 
  at <VNavigationDrawer modelValue=undefined onUpdate:modelValue=fn location="right"  ... > 
  at <MenusTopmenuLayoutNotifications > 
  at <VCol class="notificationsHeader" > 
  at <VDefaultsProvider defaults= {VTabs: Object} > 
  at <VToolbar ref=Ref< Proxy(Object) > class="v-app-bar" style= {top: 0px, zIndex: 1014, transform: translateY(0px), position: fixed, height: undefined}  ... > 
  at <VAppBar id="topnav" > 
  at <MenusHeader drawer=false onToggleDrawer=fn > 
  at <ClientOnly > 
  at <VApp theme="light" class="auto-text" > 
  at <VResponsive class="border rounded" > 
  at <Default ref=Ref< Proxy(Object) > > 
  at <AsyncComponentWrapper ref=Ref< Proxy(Object) > > 
  at <LayoutLoader key="default" layoutProps= {ref: RefImpl} name="default" > 
  at <NuxtLayoutProvider layoutProps= {ref: RefImpl} key="default" name="default"  ... > 
  at <NuxtLayout > 
  at <App key=4 > 
  at <NuxtRoot> @ http://localhost:3001/_nuxt/@fs/home/meebuzo/github/alternate-framework/apps/ecosystem/meeovi-frontend/node_modules/@sentry/core/build/esm/instrument/console.js?v=cfee6d51:42
[   29447ms] [WARNING] [Vue warn]: Avoid app logic that relies on enumerating keys on a component instance. The keys will be empty in production mode to avoid performance overhead. 
  at <VNavigationDrawer modelValue=undefined onUpdate:modelValue=fn location="right"  ... > 
  at <MenusTopmenuLayoutNotifications > 
  at <VCol class="notificationsHeader" > 
  at <VDefaultsProvider defaults= {VTabs: Object} > 
  at <VToolbar ref=Ref< Proxy(Object) > class="v-app-bar" style= {top: 0px, zIndex: 1014, transform: translateY(0px), position: fixed, height: undefined}  ... > 
  at <VAppBar id="topnav" > 
  at <MenusHeader drawer=false onToggleDrawer=fn > 
  at <ClientOnly > 
  at <VApp theme="light" class="auto-text" > 
  at <VResponsive class="border rounded" > 
  at <Default ref=Ref< Proxy(Object) > > 
  at <AsyncComponentWrapper ref=Ref< Proxy(Object) > > 
  at <LayoutLoader key="default" layoutProps= {ref: RefImpl} name="default" > 
  at <NuxtLayoutProvider layoutProps= {ref: RefImpl} key="default" name="default"  ... > 
  at <NuxtLayout > 
  at <App key=4 > 
  at <NuxtRoot> @ http://localhost:3001/_nuxt/@fs/home/meebuzo/github/alternate-framework/apps/ecosystem/meeovi-frontend/node_modules/@sentry/core/build/esm/instrument/console.js?v=cfee6d51:42
[   29451ms] [WARNING] [Vue warn]: Avoid app logic that relies on enumerating keys on a component instance. The keys will be empty in production mode to avoid performance overhead. 
  at <VNavigationDrawer modelValue=undefined onUpdate:modelValue=fn location="right"  ... > 
  at <MenusTopmenuLayoutNotifications > 
  at <VCol class="notificationsHeader" > 
  at <VDefaultsProvider defaults= {VTabs: Object} > 
  at <VToolbar ref=Ref< Proxy(Object) > class="v-app-bar" style= {top: 0px, zIndex: 1014, transform: translateY(0px), position: fixed, height: undefined}  ... > 
  at <VAppBar id="topnav" > 
  at <MenusHeader drawer=false onToggleDrawer=fn > 
  at <ClientOnly > 
  at <VApp theme="light" class="auto-text" > 
  at <VResponsive class="border rounded" > 
  at <Default ref=Ref< Proxy(Object) > > 
  at <AsyncComponentWrapper ref=Ref< Proxy(Object) > > 
  at <LayoutLoader key="default" layoutProps= {ref: RefImpl} name="default" > 
  at <NuxtLayoutProvider layoutProps= {ref: RefImpl} key="default" name="default"  ... > 
  at <NuxtLayout > 
  at <App key=4 > 
  at <NuxtRoot> @ http://localhost:3001/_nuxt/@fs/home/meebuzo/github/alternate-framework/apps/ecosystem/meeovi-frontend/node_modules/@sentry/core/build/esm/instrument/console.js?v=cfee6d51:42
[   29454ms] [WARNING] [Vue warn]: Avoid app logic that relies on enumerating keys on a component instance. The keys will be empty in production mode to avoid performance overhead. 
  at <VNavigationDrawer modelValue=undefined onUpdate:modelValue=fn location="right"  ... > 
  at <MenusTopmenuLayoutNotifications > 
  at <VCol class="notificationsHeader" > 
  at <VDefaultsProvider defaults= {VTabs: Object} > 
  at <VToolbar ref=Ref< Proxy(Object) > class="v-app-bar" style= {top: 0px, zIndex: 1014, transform: translateY(0px), position: fixed, height: undefined}  ... > 
  at <VAppBar id="topnav" > 
  at <MenusHeader drawer=false onToggleDrawer=fn > 
  at <ClientOnly > 
  at <VApp theme="light" class="auto-text" > 
  at <VResponsive class="border rounded" > 
  at <Default ref=Ref< Proxy(Object) > > 
  at <AsyncComponentWrapper ref=Ref< Proxy(Object) > > 
  at <LayoutLoader key="default" layoutProps= {ref: RefImpl} name="default" > 
  at <NuxtLayoutProvider layoutProps= {ref: RefImpl} key="default" name="default"  ... > 
  at <NuxtLayout > 
  at <App key=4 > 
  at <NuxtRoot> @ http://localhost:3001/_nuxt/@fs/home/meebuzo/github/alternate-framework/apps/ecosystem/meeovi-frontend/node_modules/@sentry/core/build/esm/instrument/console.js?v=cfee6d51:42
[   29458ms] [WARNING] [Vue warn]: Avoid app logic that relies on enumerating keys on a component instance. The keys will be empty in production mode to avoid performance overhead. 
  at <VNavigationDrawer modelValue=undefined onUpdate:modelValue=fn location="right"  ... > 
  at <MenusTopmenuLayoutNotifications > 
  at <VCol class="notificationsHeader" > 
  at <VDefaultsProvider defaults= {VTabs: Object} > 
  at <VToolbar ref=Ref< Proxy(Object) > class="v-app-bar" style= {top: 0px, zIndex: 1014, transform: translateY(0px), position: fixed, height: undefined}  ... > 
  at <VAppBar id="topnav" > 
  at <MenusHeader drawer=false onToggleDrawer=fn > 
  at <ClientOnly > 
  at <VApp theme="light" class="auto-text" > 
  at <VResponsive class="border rounded" > 
  at <Default ref=Ref< Proxy(Object) > > 
  at <AsyncComponentWrapper ref=Ref< Proxy(Object) > > 
  at <LayoutLoader key="default" layoutProps= {ref: RefImpl} name="default" > 
  at <NuxtLayoutProvider layoutProps= {ref: RefImpl} key="default" name="default"  ... > 
  at <NuxtLayout > 
  at <App key=4 > 
  at <NuxtRoot> @ http://localhost:3001/_nuxt/@fs/home/meebuzo/github/alternate-framework/apps/ecosystem/meeovi-frontend/node_modules/@sentry/core/build/esm/instrument/console.js?v=cfee6d51:42
[   29461ms] [WARNING] [Vue warn]: Avoid app logic that relies on enumerating keys on a component instance. The keys will be empty in production mode to avoid performance overhead. 
  at <VNavigationDrawer modelValue=undefined onUpdate:modelValue=fn location="right"  ... > 
  at <MenusTopmenuLayoutNotifications > 
  at <VCol class="notificationsHeader" > 
  at <VDefaultsProvider defaults= {VTabs: Object} > 
  at <VToolbar ref=Ref< Proxy(Object) > class="v-app-bar" style= {top: 0px, zIndex: 1014, transform: translateY(0px), position: fixed, height: undefined}  ... > 
  at <VAppBar id="topnav" > 
  at <MenusHeader drawer=false onToggleDrawer=fn > 
  at <ClientOnly > 
  at <VApp theme="light" class="auto-text" > 
  at <VResponsive class="border rounded" > 
  at <Default ref=Ref< Proxy(Object) > > 
  at <AsyncComponentWrapper ref=Ref< Proxy(Object) > > 
  at <LayoutLoader key="default" layoutProps= {ref: RefImpl} name="default" > 
  at <NuxtLayoutProvider layoutProps= {ref: RefImpl} key="default" name="default"  ... > 
  at <NuxtLayout > 
  at <App key=4 > 
  at <NuxtRoot> @ http://localhost:3001/_nuxt/@fs/home/meebuzo/github/alternate-framework/apps/ecosystem/meeovi-frontend/node_modules/@sentry/core/build/esm/instrument/console.js?v=cfee6d51:42
[   29464ms] [WARNING] [Vue warn]: Avoid app logic that relies on enumerating keys on a component instance. The keys will be empty in production mode to avoid performance overhead. 
  at <VNavigationDrawer modelValue=undefined onUpdate:modelValue=fn location="right"  ... > 
  at <MenusTopmenuLayoutNotifications > 
  at <VCol class="notificationsHeader" > 
  at <VDefaultsProvider defaults= {VTabs: Object} > 
  at <VToolbar ref=Ref< Proxy(Object) > class="v-app-bar" style= {top: 0px, zIndex: 1014, transform: translateY(0px), position: fixed, height: undefined}  ... > 
  at <VAppBar id="topnav" > 
  at <MenusHeader drawer=false onToggleDrawer=fn > 
  at <ClientOnly > 
  at <VApp theme="light" class="auto-text" > 
  at <VResponsive class="border rounded" > 
  at <Default ref=Ref< Proxy(Object) > > 
  at <AsyncComponentWrapper ref=Ref< Proxy(Object) > > 
  at <LayoutLoader key="default" layoutProps= {ref: RefImpl} name="default" > 
  at <NuxtLayoutProvider layoutProps= {ref: RefImpl} key="default" name="default"  ... > 
  at <NuxtLayout > 
  at <App key=4 > 
  at <NuxtRoot> @ http://localhost:3001/_nuxt/@fs/home/meebuzo/github/alternate-framework/apps/ecosystem/meeovi-frontend/node_modules/@sentry/core/build/esm/instrument/console.js?v=cfee6d51:42
[   29468ms] [WARNING] [Vue warn]: Avoid app logic that relies on enumerating keys on a component instance. The keys will be empty in production mode to avoid performance overhead. 
  at <VNavigationDrawer modelValue=undefined onUpdate:modelValue=fn location="right"  ... > 
  at <MenusTopmenuLayoutNotifications > 
  at <VCol class="notificationsHeader" > 
  at <VDefaultsProvider defaults= {VTabs: Object} > 
  at <VToolbar ref=Ref< Proxy(Object) > class="v-app-bar" style= {top: 0px, zIndex: 1014, transform: translateY(0px), position: fixed, height: undefined}  ... > 
  at <VAppBar id="topnav" > 
  at <MenusHeader drawer=false onToggleDrawer=fn > 
  at <ClientOnly > 
  at <VApp theme="light" class="auto-text" > 
  at <VResponsive class="border rounded" > 
  at <Default ref=Ref< Proxy(Object) > > 
  at <AsyncComponentWrapper ref=Ref< Proxy(Object) > > 
  at <LayoutLoader key="default" layoutProps= {ref: RefImpl} name="default" > 
  at <NuxtLayoutProvider layoutProps= {ref: RefImpl} key="default" name="default"  ... > 
  at <NuxtLayout > 
  at <App key=4 > 
  at <NuxtRoot> @ http://localhost:3001/_nuxt/@fs/home/meebuzo/github/alternate-framework/apps/ecosystem/meeovi-frontend/node_modules/@sentry/core/build/esm/instrument/console.js?v=cfee6d51:42
[   29472ms] [WARNING] [Vue warn]: Avoid app logic that relies on enumerating keys on a component instance. The keys will be empty in production mode to avoid performance overhead. 
  at <VNavigationDrawer modelValue=undefined onUpdate:modelValue=fn location="right"  ... > 
  at <MenusTopmenuLayoutNotifications > 
  at <VCol class="notificationsHeader" > 
  at <VDefaultsProvider defaults= {VTabs: Object} > 
  at <VToolbar ref=Ref< Proxy(Object) > class="v-app-bar" style= {top: 0px, zIndex: 1014, transform: translateY(0px), position: fixed, height: undefined}  ... > 
  at <VAppBar id="topnav" > 
  at <MenusHeader drawer=false onToggleDrawer=fn > 
  at <ClientOnly > 
  at <VApp theme="light" class="auto-text" > 
  at <VResponsive class="border rounded" > 
  at <Default ref=Ref< Proxy(Object) > > 
  at <AsyncComponentWrapper ref=Ref< Proxy(Object) > > 
  at <LayoutLoader key="default" layoutProps= {ref: RefImpl} name="default" > 
  at <NuxtLayoutProvider layoutProps= {ref: RefImpl} key="default" name="default"  ... > 
  at <NuxtLayout > 
  at <App key=4 > 
  at <NuxtRoot> @ http://localhost:3001/_nuxt/@fs/home/meebuzo/github/alternate-framework/apps/ecosystem/meeovi-frontend/node_modules/@sentry/core/build/esm/instrument/console.js?v=cfee6d51:42
[   29475ms] [WARNING] [Vue warn]: Avoid app logic that relies on enumerating keys on a component instance. The keys will be empty in production mode to avoid performance overhead. 
  at <VNavigationDrawer modelValue=undefined onUpdate:modelValue=fn location="right"  ... > 
  at <MenusTopmenuLayoutNotifications > 
  at <VCol class="notificationsHeader" > 
  at <VDefaultsProvider defaults= {VTabs: Object} > 
  at <VToolbar ref=Ref< Proxy(Object) > class="v-app-bar" style= {top: 0px, zIndex: 1014, transform: translateY(0px), position: fixed, height: undefined}  ... > 
  at <VAppBar id="topnav" > 
  at <MenusHeader drawer=false onToggleDrawer=fn > 
  at <ClientOnly > 
  at <VApp theme="light" class="auto-text" > 
  at <VResponsive class="border rounded" > 
  at <Default ref=Ref< Proxy(Object) > > 
  at <AsyncComponentWrapper ref=Ref< Proxy(Object) > > 
  at <LayoutLoader key="default" layoutProps= {ref: RefImpl} name="default" > 
  at <NuxtLayoutProvider layoutProps= {ref: RefImpl} key="default" name="default"  ... > 
  at <NuxtLayout > 
  at <App key=4 > 
  at <NuxtRoot> @ http://localhost:3001/_nuxt/@fs/home/meebuzo/github/alternate-framework/apps/ecosystem/meeovi-frontend/node_modules/@sentry/core/build/esm/instrument/console.js?v=cfee6d51:42
[   29479ms] [WARNING] [Vue warn]: Avoid app logic that relies on enumerating keys on a component instance. The keys will be empty in production mode to avoid performance overhead. 
  at <VNavigationDrawer modelValue=undefined onUpdate:modelValue=fn location="right"  ... > 
  at <MenusTopmenuLayoutNotifications > 
  at <VCol class="notificationsHeader" > 
  at <VDefaultsProvider defaults= {VTabs: Object} > 
  at <VToolbar ref=Ref< Proxy(Object) > class="v-app-bar" style= {top: 0px, zIndex: 1014, transform: translateY(0px), position: fixed, height: undefined}  ... > 
  at <VAppBar id="topnav" > 
  at <MenusHeader drawer=false onToggleDrawer=fn > 
  at <ClientOnly > 
  at <VApp theme="light" class="auto-text" > 
  at <VResponsive class="border rounded" > 
  at <Default ref=Ref< Proxy(Object) > > 
  at <AsyncComponentWrapper ref=Ref< Proxy(Object) > > 
  at <LayoutLoader key="default" layoutProps= {ref: RefImpl} name="default" > 
  at <NuxtLayoutProvider layoutProps= {ref: RefImpl} key="default" name="default"  ... > 
  at <NuxtLayout > 
  at <App key=4 > 
  at <NuxtRoot> @ http://localhost:3001/_nuxt/@fs/home/meebuzo/github/alternate-framework/apps/ecosystem/meeovi-frontend/node_modules/@sentry/core/build/esm/instrument/console.js?v=cfee6d51:42
[   29489ms] [WARNING] [Vue warn]: Avoid app logic that relies on enumerating keys on a component instance. The keys will be empty in production mode to avoid performance overhead. 
  at <VNavigationDrawer modelValue=undefined onUpdate:modelValue=fn location="right"  ... > 
  at <MenusTopmenuLayoutNotifications > 
  at <VCol class="notificationsHeader" > 
  at <VDefaultsProvider defaults= {VTabs: Object} > 
  at <VToolbar ref=Ref< Proxy(Object) > class="v-app-bar" style= {top: 0px, zIndex: 1014, transform: translateY(0px), position: fixed, height: undefined}  ... > 
  at <VAppBar id="topnav" > 
  at <MenusHeader drawer=false onToggleDrawer=fn > 
  at <ClientOnly > 
  at <VApp theme="light" class="auto-text" > 
  at <VResponsive class="border rounded" > 
  at <Default ref=Ref< Proxy(Object) > > 
  at <AsyncComponentWrapper ref=Ref< Proxy(Object) > > 
  at <LayoutLoader key="default" layoutProps= {ref: RefImpl} name="default" > 
  at <NuxtLayoutProvider layoutProps= {ref: RefImpl} key="default" name="default"  ... > 
  at <NuxtLayout > 
  at <App key=4 > 
  at <NuxtRoot> @ http://localhost:3001/_nuxt/@fs/home/meebuzo/github/alternate-framework/apps/ecosystem/meeovi-frontend/node_modules/@sentry/core/build/esm/instrument/console.js?v=cfee6d51:42
[   29492ms] [WARNING] [Vue warn]: Avoid app logic that relies on enumerating keys on a component instance. The keys will be empty in production mode to avoid performance overhead. 
  at <VNavigationDrawer modelValue=undefined onUpdate:modelValue=fn location="right"  ... > 
  at <MenusTopmenuLayoutNotifications > 
  at <VCol class="notificationsHeader" > 
  at <VDefaultsProvider defaults= {VTabs: Object} > 
  at <VToolbar ref=Ref< Proxy(Object) > class="v-app-bar" style= {top: 0px, zIndex: 1014, transform: translateY(0px), position: fixed, height: undefined}  ... > 
  at <VAppBar id="topnav" > 
  at <MenusHeader drawer=false onToggleDrawer=fn > 
  at <ClientOnly > 
  at <VApp theme="light" class="auto-text" > 
  at <VResponsive class="border rounded" > 
  at <Default ref=Ref< Proxy(Object) > > 
  at <AsyncComponentWrapper ref=Ref< Proxy(Object) > > 
  at <LayoutLoader key="default" layoutProps= {ref: RefImpl} name="default" > 
  at <NuxtLayoutProvider layoutProps= {ref: RefImpl} key="default" name="default"  ... > 
  at <NuxtLayout > 
  at <App key=4 > 
  at <NuxtRoot> @ http://localhost:3001/_nuxt/@fs/home/meebuzo/github/alternate-framework/apps/ecosystem/meeovi-frontend/node_modules/@sentry/core/build/esm/instrument/console.js?v=cfee6d51:42
[   29495ms] [WARNING] [Vue warn]: Avoid app logic that relies on enumerating keys on a component instance. The keys will be empty in production mode to avoid performance overhead. 
  at <VNavigationDrawer modelValue=undefined onUpdate:modelValue=fn location="right"  ... > 
  at <MenusTopmenuLayoutNotifications > 
  at <VCol class="notificationsHeader" > 
  at <VDefaultsProvider defaults= {VTabs: Object} > 
  at <VToolbar ref=Ref< Proxy(Object) > class="v-app-bar" style= {top: 0px, zIndex: 1014, transform: translateY(0px), position: fixed, height: undefined}  ... > 
  at <VAppBar id="topnav" > 
  at <MenusHeader drawer=false onToggleDrawer=fn > 
  at <ClientOnly > 
  at <VApp theme="light" class="auto-text" > 
  at <VResponsive class="border rounded" > 
  at <Default ref=Ref< Proxy(Object) > > 
  at <AsyncComponentWrapper ref=Ref< Proxy(Object) > > 
  at <LayoutLoader key="default" layoutProps= {ref: RefImpl} name="default" > 
  at <NuxtLayoutProvider layoutProps= {ref: RefImpl} key="default" name="default"  ... > 
  at <NuxtLayout > 
  at <App key=4 > 
  at <NuxtRoot> @ http://localhost:3001/_nuxt/@fs/home/meebuzo/github/alternate-framework/apps/ecosystem/meeovi-frontend/node_modules/@sentry/core/build/esm/instrument/console.js?v=cfee6d51:42
[   29497ms] [WARNING] [Vue warn]: Avoid app logic that relies on enumerating keys on a component instance. The keys will be empty in production mode to avoid performance overhead. 
  at <VNavigationDrawer modelValue=undefined onUpdate:modelValue=fn location="right"  ... > 
  at <MenusTopmenuLayoutNotifications > 
  at <VCol class="notificationsHeader" > 
  at <VDefaultsProvider defaults= {VTabs: Object} > 
  at <VToolbar ref=Ref< Proxy(Object) > class="v-app-bar" style= {top: 0px, zIndex: 1014, transform: translateY(0px), position: fixed, height: undefined}  ... > 
  at <VAppBar id="topnav" > 
  at <MenusHeader drawer=false onToggleDrawer=fn > 
  at <ClientOnly > 
  at <VApp theme="light" class="auto-text" > 
  at <VResponsive class="border rounded" > 
  at <Default ref=Ref< Proxy(Object) > > 
  at <AsyncComponentWrapper ref=Ref< Proxy(Object) > > 
  at <LayoutLoader key="default" layoutProps= {ref: RefImpl} name="default" > 
  at <NuxtLayoutProvider layoutProps= {ref: RefImpl} key="default" name="default"  ... > 
  at <NuxtLayout > 
  at <App key=4 > 
  at <NuxtRoot> @ http://localhost:3001/_nuxt/@fs/home/meebuzo/github/alternate-framework/apps/ecosystem/meeovi-frontend/node_modules/@sentry/core/build/esm/instrument/console.js?v=cfee6d51:42
[   29500ms] [WARNING] [Vue warn]: Avoid app logic that relies on enumerating keys on a component instance. The keys will be empty in production mode to avoid performance overhead. 
  at <VNavigationDrawer modelValue=undefined onUpdate:modelValue=fn location="right"  ... > 
  at <MenusTopmenuLayoutNotifications > 
  at <VCol class="notificationsHeader" > 
  at <VDefaultsProvider defaults= {VTabs: Object} > 
  at <VToolbar ref=Ref< Proxy(Object) > class="v-app-bar" style= {top: 0px, zIndex: 1014, transform: translateY(0px), position: fixed, height: undefined}  ... > 
  at <VAppBar id="topnav" > 
  at <MenusHeader drawer=false onToggleDrawer=fn > 
  at <ClientOnly > 
  at <VApp theme="light" class="auto-text" > 
  at <VResponsive class="border rounded" > 
  at <Default ref=Ref< Proxy(Object) > > 
  at <AsyncComponentWrapper ref=Ref< Proxy(Object) > > 
  at <LayoutLoader key="default" layoutProps= {ref: RefImpl} name="default" > 
  at <NuxtLayoutProvider layoutProps= {ref: RefImpl} key="default" name="default"  ... > 
  at <NuxtLayout > 
  at <App key=4 > 
  at <NuxtRoot> @ http://localhost:3001/_nuxt/@fs/home/meebuzo/github/alternate-framework/apps/ecosystem/meeovi-frontend/node_modules/@sentry/core/build/esm/instrument/console.js?v=cfee6d51:42
[   29502ms] [WARNING] [Vue warn]: Avoid app logic that relies on enumerating keys on a component instance. The keys will be empty in production mode to avoid performance overhead. 
  at <VNavigationDrawer modelValue=undefined onUpdate:modelValue=fn location="right"  ... > 
  at <MenusTopmenuLayoutNotifications > 
  at <VCol class="notificationsHeader" > 
  at <VDefaultsProvider defaults= {VTabs: Object} > 
  at <VToolbar ref=Ref< Proxy(Object) > class="v-app-bar" style= {top: 0px, zIndex: 1014, transform: translateY(0px), position: fixed, height: undefined}  ... > 
  at <VAppBar id="topnav" > 
  at <MenusHeader drawer=false onToggleDrawer=fn > 
  at <ClientOnly > 
  at <VApp theme="light" class="auto-text" > 
  at <VResponsive class="border rounded" > 
  at <Default ref=Ref< Proxy(Object) > > 
  at <AsyncComponentWrapper ref=Ref< Proxy(Object) > > 
  at <LayoutLoader key="default" layoutProps= {ref: RefImpl} name="default" > 
  at <NuxtLayoutProvider layoutProps= {ref: RefImpl} key="default" name="default"  ... > 
  at <NuxtLayout > 
  at <App key=4 > 
  at <NuxtRoot> @ http://localhost:3001/_nuxt/@fs/home/meebuzo/github/alternate-framework/apps/ecosystem/meeovi-frontend/node_modules/@sentry/core/build/esm/instrument/console.js?v=cfee6d51:42
[   29505ms] [WARNING] [Vue warn]: Avoid app logic that relies on enumerating keys on a component instance. The keys will be empty in production mode to avoid performance overhead. 
  at <VNavigationDrawer modelValue=undefined onUpdate:modelValue=fn location="right"  ... > 
  at <MenusTopmenuLayoutNotifications > 
  at <VCol class="notificationsHeader" > 
  at <VDefaultsProvider defaults= {VTabs: Object} > 
  at <VToolbar ref=Ref< Proxy(Object) > class="v-app-bar" style= {top: 0px, zIndex: 1014, transform: translateY(0px), position: fixed, height: undefined}  ... > 
  at <VAppBar id="topnav" > 
  at <MenusHeader drawer=false onToggleDrawer=fn > 
  at <ClientOnly > 
  at <VApp theme="light" class="auto-text" > 
  at <VResponsive class="border rounded" > 
  at <Default ref=Ref< Proxy(Object) > > 
  at <AsyncComponentWrapper ref=Ref< Proxy(Object) > > 
  at <LayoutLoader key="default" layoutProps= {ref: RefImpl} name="default" > 
  at <NuxtLayoutProvider layoutProps= {ref: RefImpl} key="default" name="default"  ... > 
  at <NuxtLayout > 
  at <App key=4 > 
  at <NuxtRoot> @ http://localhost:3001/_nuxt/@fs/home/meebuzo/github/alternate-framework/apps/ecosystem/meeovi-frontend/node_modules/@sentry/core/build/esm/instrument/console.js?v=cfee6d51:42
[   29508ms] [WARNING] [Vue warn]: Avoid app logic that relies on enumerating keys on a component instance. The keys will be empty in production mode to avoid performance overhead. 
  at <VNavigationDrawer modelValue=undefined onUpdate:modelValue=fn location="right"  ... > 
  at <MenusTopmenuLayoutNotifications > 
  at <VCol class="notificationsHeader" > 
  at <VDefaultsProvider defaults= {VTabs: Object} > 
  at <VToolbar ref=Ref< Proxy(Object) > class="v-app-bar" style= {top: 0px, zIndex: 1014, transform: translateY(0px), position: fixed, height: undefined}  ... > 
  at <VAppBar id="topnav" > 
  at <MenusHeader drawer=false onToggleDrawer=fn > 
  at <ClientOnly > 
  at <VApp theme="light" class="auto-text" > 
  at <VResponsive class="border rounded" > 
  at <Default ref=Ref< Proxy(Object) > > 
  at <AsyncComponentWrapper ref=Ref< Proxy(Object) > > 
  at <LayoutLoader key="default" layoutProps= {ref: RefImpl} name="default" > 
  at <NuxtLayoutProvider layoutProps= {ref: RefImpl} key="default" name="default"  ... > 
  at <NuxtLayout > 
  at <App key=4 > 
  at <NuxtRoot> @ http://localhost:3001/_nuxt/@fs/home/meebuzo/github/alternate-framework/apps/ecosystem/meeovi-frontend/node_modules/@sentry/core/build/esm/instrument/console.js?v=cfee6d51:42
[   29510ms] [WARNING] [Vue warn]: Avoid app logic that relies on enumerating keys on a component instance. The keys will be empty in production mode to avoid performance overhead. 
  at <VNavigationDrawer modelValue=undefined onUpdate:modelValue=fn location="right"  ... > 
  at <MenusTopmenuLayoutNotifications > 
  at <VCol class="notificationsHeader" > 
  at <VDefaultsProvider defaults= {VTabs: Object} > 
  at <VToolbar ref=Ref< Proxy(Object) > class="v-app-bar" style= {top: 0px, zIndex: 1014, transform: translateY(0px), position: fixed, height: undefined}  ... > 
  at <VAppBar id="topnav" > 
  at <MenusHeader drawer=false onToggleDrawer=fn > 
  at <ClientOnly > 
  at <VApp theme="light" class="auto-text" > 
  at <VResponsive class="border rounded" > 
  at <Default ref=Ref< Proxy(Object) > > 
  at <AsyncComponentWrapper ref=Ref< Proxy(Object) > > 
  at <LayoutLoader key="default" layoutProps= {ref: RefImpl} name="default" > 
  at <NuxtLayoutProvider layoutProps= {ref: RefImpl} key="default" name="default"  ... > 
  at <NuxtLayout > 
  at <App key=4 > 
  at <NuxtRoot> @ http://localhost:3001/_nuxt/@fs/home/meebuzo/github/alternate-framework/apps/ecosystem/meeovi-frontend/node_modules/@sentry/core/build/esm/instrument/console.js?v=cfee6d51:42
[   29513ms] [WARNING] [Vue warn]: Avoid app logic that relies on enumerating keys on a component instance. The keys will be empty in production mode to avoid performance overhead. 
  at <VNavigationDrawer modelValue=undefined onUpdate:modelValue=fn location="right"  ... > 
  at <MenusTopmenuLayoutNotifications > 
  at <VCol class="notificationsHeader" > 
  at <VDefaultsProvider defaults= {VTabs: Object} > 
  at <VToolbar ref=Ref< Proxy(Object) > class="v-app-bar" style= {top: 0px, zIndex: 1014, transform: translateY(0px), position: fixed, height: undefined}  ... > 
  at <VAppBar id="topnav" > 
  at <MenusHeader drawer=false onToggleDrawer=fn > 
  at <ClientOnly > 
  at <VApp theme="light" class="auto-text" > 
  at <VResponsive class="border rounded" > 
  at <Default ref=Ref< Proxy(Object) > > 
  at <AsyncComponentWrapper ref=Ref< Proxy(Object) > > 
  at <LayoutLoader key="default" layoutProps= {ref: RefImpl} name="default" > 
  at <NuxtLayoutProvider layoutProps= {ref: RefImpl} key="default" name="default"  ... > 
  at <NuxtLayout > 
  at <App key=4 > 
  at <NuxtRoot> @ http://localhost:3001/_nuxt/@fs/home/meebuzo/github/alternate-framework/apps/ecosystem/meeovi-frontend/node_modules/@sentry/core/build/esm/instrument/console.js?v=cfee6d51:42
[   29515ms] [WARNING] [Vue warn]: Avoid app logic that relies on enumerating keys on a component instance. The keys will be empty in production mode to avoid performance overhead. 
  at <VNavigationDrawer modelValue=undefined onUpdate:modelValue=fn location="right"  ... > 
  at <MenusTopmenuLayoutNotifications > 
  at <VCol class="notificationsHeader" > 
  at <VDefaultsProvider defaults= {VTabs: Object} > 
  at <VToolbar ref=Ref< Proxy(Object) > class="v-app-bar" style= {top: 0px, zIndex: 1014, transform: translateY(0px), position: fixed, height: undefined}  ... > 
  at <VAppBar id="topnav" > 
  at <MenusHeader drawer=false onToggleDrawer=fn > 
  at <ClientOnly > 
  at <VApp theme="light" class="auto-text" > 
  at <VResponsive class="border rounded" > 
  at <Default ref=Ref< Proxy(Object) > > 
  at <AsyncComponentWrapper ref=Ref< Proxy(Object) > > 
  at <LayoutLoader key="default" layoutProps= {ref: RefImpl} name="default" > 
  at <NuxtLayoutProvider layoutProps= {ref: RefImpl} key="default" name="default"  ... > 
  at <NuxtLayout > 
  at <App key=4 > 
  at <NuxtRoot> @ http://localhost:3001/_nuxt/@fs/home/meebuzo/github/alternate-framework/apps/ecosystem/meeovi-frontend/node_modules/@sentry/core/build/esm/instrument/console.js?v=cfee6d51:42
[   29518ms] [WARNING] [Vue warn]: Avoid app logic that relies on enumerating keys on a component instance. The keys will be empty in production mode to avoid performance overhead. 
  at <VNavigationDrawer modelValue=undefined onUpdate:modelValue=fn location="right"  ... > 
  at <MenusTopmenuLayoutNotifications > 
  at <VCol class="notificationsHeader" > 
  at <VDefaultsProvider defaults= {VTabs: Object} > 
  at <VToolbar ref=Ref< Proxy(Object) > class="v-app-bar" style= {top: 0px, zIndex: 1014, transform: translateY(0px), position: fixed, height: undefined}  ... > 
  at <VAppBar id="topnav" > 
  at <MenusHeader drawer=false onToggleDrawer=fn > 
  at <ClientOnly > 
  at <VApp theme="light" class="auto-text" > 
  at <VResponsive class="border rounded" > 
  at <Default ref=Ref< Proxy(Object) > > 
  at <AsyncComponentWrapper ref=Ref< Proxy(Object) > > 
  at <LayoutLoader key="default" layoutProps= {ref: RefImpl} name="default" > 
  at <NuxtLayoutProvider layoutProps= {ref: RefImpl} key="default" name="default"  ... > 
  at <NuxtLayout > 
  at <App key=4 > 
  at <NuxtRoot> @ http://localhost:3001/_nuxt/@fs/home/meebuzo/github/alternate-framework/apps/ecosystem/meeovi-frontend/node_modules/@sentry/core/build/esm/instrument/console.js?v=cfee6d51:42
[   29521ms] [WARNING] [Vue warn]: Avoid app logic that relies on enumerating keys on a component instance. The keys will be empty in production mode to avoid performance overhead. 
  at <VNavigationDrawer modelValue=undefined onUpdate:modelValue=fn location="right"  ... > 
  at <MenusTopmenuLayoutNotifications > 
  at <VCol class="notificationsHeader" > 
  at <VDefaultsProvider defaults= {VTabs: Object} > 
  at <VToolbar ref=Ref< Proxy(Object) > class="v-app-bar" style= {top: 0px, zIndex: 1014, transform: translateY(0px), position: fixed, height: undefined}  ... > 
  at <VAppBar id="topnav" > 
  at <MenusHeader drawer=false onToggleDrawer=fn > 
  at <ClientOnly > 
  at <VApp theme="light" class="auto-text" > 
  at <VResponsive class="border rounded" > 
  at <Default ref=Ref< Proxy(Object) > > 
  at <AsyncComponentWrapper ref=Ref< Proxy(Object) > > 
  at <LayoutLoader key="default" layoutProps= {ref: RefImpl} name="default" > 
  at <NuxtLayoutProvider layoutProps= {ref: RefImpl} key="default" name="default"  ... > 
  at <NuxtLayout > 
  at <App key=4 > 
  at <NuxtRoot> @ http://localhost:3001/_nuxt/@fs/home/meebuzo/github/alternate-framework/apps/ecosystem/meeovi-frontend/node_modules/@sentry/core/build/esm/instrument/console.js?v=cfee6d51:42
[   29524ms] [WARNING] [Vue warn]: Avoid app logic that relies on enumerating keys on a component instance. The keys will be empty in production mode to avoid performance overhead. 
  at <VNavigationDrawer modelValue=undefined onUpdate:modelValue=fn location="right"  ... > 
  at <MenusTopmenuLayoutNotifications > 
  at <VCol class="notificationsHeader" > 
  at <VDefaultsProvider defaults= {VTabs: Object} > 
  at <VToolbar ref=Ref< Proxy(Object) > class="v-app-bar" style= {top: 0px, zIndex: 1014, transform: translateY(0px), position: fixed, height: undefined}  ... > 
  at <VAppBar id="topnav" > 
  at <MenusHeader drawer=false onToggleDrawer=fn > 
  at <ClientOnly > 
  at <VApp theme="light" class="auto-text" > 
  at <VResponsive class="border rounded" > 
  at <Default ref=Ref< Proxy(Object) > > 
  at <AsyncComponentWrapper ref=Ref< Proxy(Object) > > 
  at <LayoutLoader key="default" layoutProps= {ref: RefImpl} name="default" > 
  at <NuxtLayoutProvider layoutProps= {ref: RefImpl} key="default" name="default"  ... > 
  at <NuxtLayout > 
  at <App key=4 > 
  at <NuxtRoot> @ http://localhost:3001/_nuxt/@fs/home/meebuzo/github/alternate-framework/apps/ecosystem/meeovi-frontend/node_modules/@sentry/core/build/esm/instrument/console.js?v=cfee6d51:42
[   29527ms] [WARNING] [Vue warn]: Avoid app logic that relies on enumerating keys on a component instance. The keys will be empty in production mode to avoid performance overhead. 
  at <VNavigationDrawer modelValue=undefined onUpdate:modelValue=fn location="right"  ... > 
  at <MenusTopmenuLayoutNotifications > 
  at <VCol class="notificationsHeader" > 
  at <VDefaultsProvider defaults= {VTabs: Object} > 
  at <VToolbar ref=Ref< Proxy(Object) > class="v-app-bar" style= {top: 0px, zIndex: 1014, transform: translateY(0px), position: fixed, height: undefined}  ... > 
  at <VAppBar id="topnav" > 
  at <MenusHeader drawer=false onToggleDrawer=fn > 
  at <ClientOnly > 
  at <VApp theme="light" class="auto-text" > 
  at <VResponsive class="border rounded" > 
  at <Default ref=Ref< Proxy(Object) > > 
  at <AsyncComponentWrapper ref=Ref< Proxy(Object) > > 
  at <LayoutLoader key="default" layoutProps= {ref: RefImpl} name="default" > 
  at <NuxtLayoutProvider layoutProps= {ref: RefImpl} key="default" name="default"  ... > 
  at <NuxtLayout > 
  at <App key=4 > 
  at <NuxtRoot> @ http://localhost:3001/_nuxt/@fs/home/meebuzo/github/alternate-framework/apps/ecosystem/meeovi-frontend/node_modules/@sentry/core/build/esm/instrument/console.js?v=cfee6d51:42
[   29530ms] [WARNING] [Vue warn]: Avoid app logic that relies on enumerating keys on a component instance. The keys will be empty in production mode to avoid performance overhead. 
  at <VNavigationDrawer modelValue=undefined onUpdate:modelValue=fn location="right"  ... > 
  at <MenusTopmenuLayoutNotifications > 
  at <VCol class="notificationsHeader" > 
  at <VDefaultsProvider defaults= {VTabs: Object} > 
  at <VToolbar ref=Ref< Proxy(Object) > class="v-app-bar" style= {top: 0px, zIndex: 1014, transform: translateY(0px), position: fixed, height: undefined}  ... > 
  at <VAppBar id="topnav" > 
  at <MenusHeader drawer=false onToggleDrawer=fn > 
  at <ClientOnly > 
  at <VApp theme="light" class="auto-text" > 
  at <VResponsive class="border rounded" > 
  at <Default ref=Ref< Proxy(Object) > > 
  at <AsyncComponentWrapper ref=Ref< Proxy(Object) > > 
  at <LayoutLoader key="default" layoutProps= {ref: RefImpl} name="default" > 
  at <NuxtLayoutProvider layoutProps= {ref: RefImpl} key="default" name="default"  ... > 
  at <NuxtLayout > 
  at <App key=4 > 
  at <NuxtRoot> @ http://localhost:3001/_nuxt/@fs/home/meebuzo/github/alternate-framework/apps/ecosystem/meeovi-frontend/node_modules/@sentry/core/build/esm/instrument/console.js?v=cfee6d51:42
[   29532ms] [WARNING] [Vue warn]: Avoid app logic that relies on enumerating keys on a component instance. The keys will be empty in production mode to avoid performance overhead. 
  at <VNavigationDrawer modelValue=undefined onUpdate:modelValue=fn location="right"  ... > 
  at <MenusTopmenuLayoutNotifications > 
  at <VCol class="notificationsHeader" > 
  at <VDefaultsProvider defaults= {VTabs: Object} > 
  at <VToolbar ref=Ref< Proxy(Object) > class="v-app-bar" style= {top: 0px, zIndex: 1014, transform: translateY(0px), position: fixed, height: undefined}  ... > 
  at <VAppBar id="topnav" > 
  at <MenusHeader drawer=false onToggleDrawer=fn > 
  at <ClientOnly > 
  at <VApp theme="light" class="auto-text" > 
  at <VResponsive class="border rounded" > 
  at <Default ref=Ref< Proxy(Object) > > 
  at <AsyncComponentWrapper ref=Ref< Proxy(Object) > > 
  at <LayoutLoader key="default" layoutProps= {ref: RefImpl} name="default" > 
  at <NuxtLayoutProvider layoutProps= {ref: RefImpl} key="default" name="default"  ... > 
  at <NuxtLayout > 
  at <App key=4 > 
  at <NuxtRoot> @ http://localhost:3001/_nuxt/@fs/home/meebuzo/github/alternate-framework/apps/ecosystem/meeovi-frontend/node_modules/@sentry/core/build/esm/instrument/console.js?v=cfee6d51:42
[   29535ms] [WARNING] [Vue warn]: Avoid app logic that relies on enumerating keys on a component instance. The keys will be empty in production mode to avoid performance overhead. 
  at <VNavigationDrawer modelValue=undefined onUpdate:modelValue=fn location="right"  ... > 
  at <MenusTopmenuLayoutNotifications > 
  at <VCol class="notificationsHeader" > 
  at <VDefaultsProvider defaults= {VTabs: Object} > 
  at <VToolbar ref=Ref< Proxy(Object) > class="v-app-bar" style= {top: 0px, zIndex: 1014, transform: translateY(0px), position: fixed, height: undefined}  ... > 
  at <VAppBar id="topnav" > 
  at <MenusHeader drawer=false onToggleDrawer=fn > 
  at <ClientOnly > 
  at <VApp theme="light" class="auto-text" > 
  at <VResponsive class="border rounded" > 
  at <Default ref=Ref< Proxy(Object) > > 
  at <AsyncComponentWrapper ref=Ref< Proxy(Object) > > 
  at <LayoutLoader key="default" layoutProps= {ref: RefImpl} name="default" > 
  at <NuxtLayoutProvider layoutProps= {ref: RefImpl} key="default" name="default"  ... > 
  at <NuxtLayout > 
  at <App key=4 > 
  at <NuxtRoot> @ http://localhost:3001/_nuxt/@fs/home/meebuzo/github/alternate-framework/apps/ecosystem/meeovi-frontend/node_modules/@sentry/core/build/esm/instrument/console.js?v=cfee6d51:42
[   29538ms] [WARNING] [Vue warn]: Avoid app logic that relies on enumerating keys on a component instance. The keys will be empty in production mode to avoid performance overhead. 
  at <VNavigationDrawer modelValue=undefined onUpdate:modelValue=fn location="right"  ... > 
  at <MenusTopmenuLayoutNotifications > 
  at <VCol class="notificationsHeader" > 
  at <VDefaultsProvider defaults= {VTabs: Object} > 
  at <VToolbar ref=Ref< Proxy(Object) > class="v-app-bar" style= {top: 0px, zIndex: 1014, transform: translateY(0px), position: fixed, height: undefined}  ... > 
  at <VAppBar id="topnav" > 
  at <MenusHeader drawer=false onToggleDrawer=fn > 
  at <ClientOnly > 
  at <VApp theme="light" class="auto-text" > 
  at <VResponsive class="border rounded" > 
  at <Default ref=Ref< Proxy(Object) > > 
  at <AsyncComponentWrapper ref=Ref< Proxy(Object) > > 
  at <LayoutLoader key="default" layoutProps= {ref: RefImpl} name="default" > 
  at <NuxtLayoutProvider layoutProps= {ref: RefImpl} key="default" name="default"  ... > 
  at <NuxtLayout > 
  at <App key=4 > 
  at <NuxtRoot> @ http://localhost:3001/_nuxt/@fs/home/meebuzo/github/alternate-framework/apps/ecosystem/meeovi-frontend/node_modules/@sentry/core/build/esm/instrument/console.js?v=cfee6d51:42
[   29541ms] [WARNING] [Vue warn]: Avoid app logic that relies on enumerating keys on a component instance. The keys will be empty in production mode to avoid performance overhead. 
  at <VNavigationDrawer modelValue=undefined onUpdate:modelValue=fn location="right"  ... > 
  at <MenusTopmenuLayoutNotifications > 
  at <VCol class="notificationsHeader" > 
  at <VDefaultsProvider defaults= {VTabs: Object} > 
  at <VToolbar ref=Ref< Proxy(Object) > class="v-app-bar" style= {top: 0px, zIndex: 1014, transform: translateY(0px), position: fixed, height: undefined}  ... > 
  at <VAppBar id="topnav" > 
  at <MenusHeader drawer=false onToggleDrawer=fn > 
  at <ClientOnly > 
  at <VApp theme="light" class="auto-text" > 
  at <VResponsive class="border rounded" > 
  at <Default ref=Ref< Proxy(Object) > > 
  at <AsyncComponentWrapper ref=Ref< Proxy(Object) > > 
  at <LayoutLoader key="default" layoutProps= {ref: RefImpl} name="default" > 
  at <NuxtLayoutProvider layoutProps= {ref: RefImpl} key="default" name="default"  ... > 
  at <NuxtLayout > 
  at <App key=4 > 
  at <NuxtRoot> @ http://localhost:3001/_nuxt/@fs/home/meebuzo/github/alternate-framework/apps/ecosystem/meeovi-frontend/node_modules/@sentry/core/build/esm/instrument/console.js?v=cfee6d51:42
[   29544ms] [WARNING] [Vue warn]: Avoid app logic that relies on enumerating keys on a component instance. The keys will be empty in production mode to avoid performance overhead. 
  at <VNavigationDrawer modelValue=undefined onUpdate:modelValue=fn location="right"  ... > 
  at <MenusTopmenuLayoutNotifications > 
  at <VCol class="notificationsHeader" > 
  at <VDefaultsProvider defaults= {VTabs: Object} > 
  at <VToolbar ref=Ref< Proxy(Object) > class="v-app-bar" style= {top: 0px, zIndex: 1014, transform: translateY(0px), position: fixed, height: undefined}  ... > 
  at <VAppBar id="topnav" > 
  at <MenusHeader drawer=false onToggleDrawer=fn > 
  at <ClientOnly > 
  at <VApp theme="light" class="auto-text" > 
  at <VResponsive class="border rounded" > 
  at <Default ref=Ref< Proxy(Object) > > 
  at <AsyncComponentWrapper ref=Ref< Proxy(Object) > > 
  at <LayoutLoader key="default" layoutProps= {ref: RefImpl} name="default" > 
  at <NuxtLayoutProvider layoutProps= {ref: RefImpl} key="default" name="default"  ... > 
  at <NuxtLayout > 
  at <App key=4 > 
  at <NuxtRoot> @ http://localhost:3001/_nuxt/@fs/home/meebuzo/github/alternate-framework/apps/ecosystem/meeovi-frontend/node_modules/@sentry/core/build/esm/instrument/console.js?v=cfee6d51:42
[   29548ms] [WARNING] [Vue warn]: Avoid app logic that relies on enumerating keys on a component instance. The keys will be empty in production mode to avoid performance overhead. 
  at <VNavigationDrawer modelValue=undefined onUpdate:modelValue=fn location="right"  ... > 
  at <MenusTopmenuLayoutNotifications > 
  at <VCol class="notificationsHeader" > 
  at <VDefaultsProvider defaults= {VTabs: Object} > 
  at <VToolbar ref=Ref< Proxy(Object) > class="v-app-bar" style= {top: 0px, zIndex: 1014, transform: translateY(0px), position: fixed, height: undefined}  ... > 
  at <VAppBar id="topnav" > 
  at <MenusHeader drawer=false onToggleDrawer=fn > 
  at <ClientOnly > 
  at <VApp theme="light" class="auto-text" > 
  at <VResponsive class="border rounded" > 
  at <Default ref=Ref< Proxy(Object) > > 
  at <AsyncComponentWrapper ref=Ref< Proxy(Object) > > 
  at <LayoutLoader key="default" layoutProps= {ref: RefImpl} name="default" > 
  at <NuxtLayoutProvider layoutProps= {ref: RefImpl} key="default" name="default"  ... > 
  at <NuxtLayout > 
  at <App key=4 > 
  at <NuxtRoot> @ http://localhost:3001/_nuxt/@fs/home/meebuzo/github/alternate-framework/apps/ecosystem/meeovi-frontend/node_modules/@sentry/core/build/esm/instrument/console.js?v=cfee6d51:42
[   29552ms] [WARNING] [Vue warn]: Avoid app logic that relies on enumerating keys on a component instance. The keys will be empty in production mode to avoid performance overhead. 
  at <VNavigationDrawer modelValue=undefined onUpdate:modelValue=fn location="right"  ... > 
  at <MenusTopmenuLayoutNotifications > 
  at <VCol class="notificationsHeader" > 
  at <VDefaultsProvider defaults= {VTabs: Object} > 
  at <VToolbar ref=Ref< Proxy(Object) > class="v-app-bar" style= {top: 0px, zIndex: 1014, transform: translateY(0px), position: fixed, height: undefined}  ... > 
  at <VAppBar id="topnav" > 
  at <MenusHeader drawer=false onToggleDrawer=fn > 
  at <ClientOnly > 
  at <VApp theme="light" class="auto-text" > 
  at <VResponsive class="border rounded" > 
  at <Default ref=Ref< Proxy(Object) > > 
  at <AsyncComponentWrapper ref=Ref< Proxy(Object) > > 
  at <LayoutLoader key="default" layoutProps= {ref: RefImpl} name="default" > 
  at <NuxtLayoutProvider layoutProps= {ref: RefImpl} key="default" name="default"  ... > 
  at <NuxtLayout > 
  at <App key=4 > 
  at <NuxtRoot> @ http://localhost:3001/_nuxt/@fs/home/meebuzo/github/alternate-framework/apps/ecosystem/meeovi-frontend/node_modules/@sentry/core/build/esm/instrument/console.js?v=cfee6d51:42
[   29555ms] [WARNING] [Vue warn]: Avoid app logic that relies on enumerating keys on a component instance. The keys will be empty in production mode to avoid performance overhead. 
  at <VNavigationDrawer modelValue=undefined onUpdate:modelValue=fn location="right"  ... > 
  at <MenusTopmenuLayoutNotifications > 
  at <VCol class="notificationsHeader" > 
  at <VDefaultsProvider defaults= {VTabs: Object} > 
  at <VToolbar ref=Ref< Proxy(Object) > class="v-app-bar" style= {top: 0px, zIndex: 1014, transform: translateY(0px), position: fixed, height: undefined}  ... > 
  at <VAppBar id="topnav" > 
  at <MenusHeader drawer=false onToggleDrawer=fn > 
  at <ClientOnly > 
  at <VApp theme="light" class="auto-text" > 
  at <VResponsive class="border rounded" > 
  at <Default ref=Ref< Proxy(Object) > > 
  at <AsyncComponentWrapper ref=Ref< Proxy(Object) > > 
  at <LayoutLoader key="default" layoutProps= {ref: RefImpl} name="default" > 
  at <NuxtLayoutProvider layoutProps= {ref: RefImpl} key="default" name="default"  ... > 
  at <NuxtLayout > 
  at <App key=4 > 
  at <NuxtRoot> @ http://localhost:3001/_nuxt/@fs/home/meebuzo/github/alternate-framework/apps/ecosystem/meeovi-frontend/node_modules/@sentry/core/build/esm/instrument/console.js?v=cfee6d51:42
[   29558ms] [WARNING] [Vue warn]: Avoid app logic that relies on enumerating keys on a component instance. The keys will be empty in production mode to avoid performance overhead. 
  at <VNavigationDrawer modelValue=undefined onUpdate:modelValue=fn location="right"  ... > 
  at <MenusTopmenuLayoutNotifications > 
  at <VCol class="notificationsHeader" > 
  at <VDefaultsProvider defaults= {VTabs: Object} > 
  at <VToolbar ref=Ref< Proxy(Object) > class="v-app-bar" style= {top: 0px, zIndex: 1014, transform: translateY(0px), position: fixed, height: undefined}  ... > 
  at <VAppBar id="topnav" > 
  at <MenusHeader drawer=false onToggleDrawer=fn > 
  at <ClientOnly > 
  at <VApp theme="light" class="auto-text" > 
  at <VResponsive class="border rounded" > 
  at <Default ref=Ref< Proxy(Object) > > 
  at <AsyncComponentWrapper ref=Ref< Proxy(Object) > > 
  at <LayoutLoader key="default" layoutProps= {ref: RefImpl} name="default" > 
  at <NuxtLayoutProvider layoutProps= {ref: RefImpl} key="default" name="default"  ... > 
  at <NuxtLayout > 
  at <App key=4 > 
  at <NuxtRoot> @ http://localhost:3001/_nuxt/@fs/home/meebuzo/github/alternate-framework/apps/ecosystem/meeovi-frontend/node_modules/@sentry/core/build/esm/instrument/console.js?v=cfee6d51:42
[   29561ms] [WARNING] [Vue warn]: Avoid app logic that relies on enumerating keys on a component instance. The keys will be empty in production mode to avoid performance overhead. 
  at <VNavigationDrawer modelValue=undefined onUpdate:modelValue=fn location="right"  ... > 
  at <MenusTopmenuLayoutNotifications > 
  at <VCol class="notificationsHeader" > 
  at <VDefaultsProvider defaults= {VTabs: Object} > 
  at <VToolbar ref=Ref< Proxy(Object) > class="v-app-bar" style= {top: 0px, zIndex: 1014, transform: translateY(0px), position: fixed, height: undefined}  ... > 
  at <VAppBar id="topnav" > 
  at <MenusHeader drawer=false onToggleDrawer=fn > 
  at <ClientOnly > 
  at <VApp theme="light" class="auto-text" > 
  at <VResponsive class="border rounded" > 
  at <Default ref=Ref< Proxy(Object) > > 
  at <AsyncComponentWrapper ref=Ref< Proxy(Object) > > 
  at <LayoutLoader key="default" layoutProps= {ref: RefImpl} name="default" > 
  at <NuxtLayoutProvider layoutProps= {ref: RefImpl} key="default" name="default"  ... > 
  at <NuxtLayout > 
  at <App key=4 > 
  at <NuxtRoot> @ http://localhost:3001/_nuxt/@fs/home/meebuzo/github/alternate-framework/apps/ecosystem/meeovi-frontend/node_modules/@sentry/core/build/esm/instrument/console.js?v=cfee6d51:42
[   29564ms] [WARNING] [Vue warn]: Avoid app logic that relies on enumerating keys on a component instance. The keys will be empty in production mode to avoid performance overhead. 
  at <VNavigationDrawer modelValue=undefined onUpdate:modelValue=fn location="right"  ... > 
  at <MenusTopmenuLayoutNotifications > 
  at <VCol class="notificationsHeader" > 
  at <VDefaultsProvider defaults= {VTabs: Object} > 
  at <VToolbar ref=Ref< Proxy(Object) > class="v-app-bar" style= {top: 0px, zIndex: 1014, transform: translateY(0px), position: fixed, height: undefined}  ... > 
  at <VAppBar id="topnav" > 
  at <MenusHeader drawer=false onToggleDrawer=fn > 
  at <ClientOnly > 
  at <VApp theme="light" class="auto-text" > 
  at <VResponsive class="border rounded" > 
  at <Default ref=Ref< Proxy(Object) > > 
  at <AsyncComponentWrapper ref=Ref< Proxy(Object) > > 
  at <LayoutLoader key="default" layoutProps= {ref: RefImpl} name="default" > 
  at <NuxtLayoutProvider layoutProps= {ref: RefImpl} key="default" name="default"  ... > 
  at <NuxtLayout > 
  at <App key=4 > 
  at <NuxtRoot> @ http://localhost:3001/_nuxt/@fs/home/meebuzo/github/alternate-framework/apps/ecosystem/meeovi-frontend/node_modules/@sentry/core/build/esm/instrument/console.js?v=cfee6d51:42
[   29567ms] [WARNING] [Vue warn]: Avoid app logic that relies on enumerating keys on a component instance. The keys will be empty in production mode to avoid performance overhead. 
  at <VNavigationDrawer modelValue=undefined onUpdate:modelValue=fn location="right"  ... > 
  at <MenusTopmenuLayoutNotifications > 
  at <VCol class="notificationsHeader" > 
  at <VDefaultsProvider defaults= {VTabs: Object} > 
  at <VToolbar ref=Ref< Proxy(Object) > class="v-app-bar" style= {top: 0px, zIndex: 1014, transform: translateY(0px), position: fixed, height: undefined}  ... > 
  at <VAppBar id="topnav" > 
  at <MenusHeader drawer=false onToggleDrawer=fn > 
  at <ClientOnly > 
  at <VApp theme="light" class="auto-text" > 
  at <VResponsive class="border rounded" > 
  at <Default ref=Ref< Proxy(Object) > > 
  at <AsyncComponentWrapper ref=Ref< Proxy(Object) > > 
  at <LayoutLoader key="default" layoutProps= {ref: RefImpl} name="default" > 
  at <NuxtLayoutProvider layoutProps= {ref: RefImpl} key="default" name="default"  ... > 
  at <NuxtLayout > 
  at <App key=4 > 
  at <NuxtRoot> @ http://localhost:3001/_nuxt/@fs/home/meebuzo/github/alternate-framework/apps/ecosystem/meeovi-frontend/node_modules/@sentry/core/build/esm/instrument/console.js?v=cfee6d51:42
[   29570ms] [WARNING] [Vue warn]: Avoid app logic that relies on enumerating keys on a component instance. The keys will be empty in production mode to avoid performance overhead. 
  at <VNavigationDrawer modelValue=undefined onUpdate:modelValue=fn location="right"  ... > 
  at <MenusTopmenuLayoutNotifications > 
  at <VCol class="notificationsHeader" > 
  at <VDefaultsProvider defaults= {VTabs: Object} > 
  at <VToolbar ref=Ref< Proxy(Object) > class="v-app-bar" style= {top: 0px, zIndex: 1014, transform: translateY(0px), position: fixed, height: undefined}  ... > 
  at <VAppBar id="topnav" > 
  at <MenusHeader drawer=false onToggleDrawer=fn > 
  at <ClientOnly > 
  at <VApp theme="light" class="auto-text" > 
  at <VResponsive class="border rounded" > 
  at <Default ref=Ref< Proxy(Object) > > 
  at <AsyncComponentWrapper ref=Ref< Proxy(Object) > > 
  at <LayoutLoader key="default" layoutProps= {ref: RefImpl} name="default" > 
  at <NuxtLayoutProvider layoutProps= {ref: RefImpl} key="default" name="default"  ... > 
  at <NuxtLayout > 
  at <App key=4 > 
  at <NuxtRoot> @ http://localhost:3001/_nuxt/@fs/home/meebuzo/github/alternate-framework/apps/ecosystem/meeovi-frontend/node_modules/@sentry/core/build/esm/instrument/console.js?v=cfee6d51:42
[   29572ms] [WARNING] [Vue warn]: Avoid app logic that relies on enumerating keys on a component instance. The keys will be empty in production mode to avoid performance overhead. 
  at <VNavigationDrawer modelValue=undefined onUpdate:modelValue=fn location="right"  ... > 
  at <MenusTopmenuLayoutNotifications > 
  at <VCol class="notificationsHeader" > 
  at <VDefaultsProvider defaults= {VTabs: Object} > 
  at <VToolbar ref=Ref< Proxy(Object) > class="v-app-bar" style= {top: 0px, zIndex: 1014, transform: translateY(0px), position: fixed, height: undefined}  ... > 
  at <VAppBar id="topnav" > 
  at <MenusHeader drawer=false onToggleDrawer=fn > 
  at <ClientOnly > 
  at <VApp theme="light" class="auto-text" > 
  at <VResponsive class="border rounded" > 
  at <Default ref=Ref< Proxy(Object) > > 
  at <AsyncComponentWrapper ref=Ref< Proxy(Object) > > 
  at <LayoutLoader key="default" layoutProps= {ref: RefImpl} name="default" > 
  at <NuxtLayoutProvider layoutProps= {ref: RefImpl} key="default" name="default"  ... > 
  at <NuxtLayout > 
  at <App key=4 > 
  at <NuxtRoot> @ http://localhost:3001/_nuxt/@fs/home/meebuzo/github/alternate-framework/apps/ecosystem/meeovi-frontend/node_modules/@sentry/core/build/esm/instrument/console.js?v=cfee6d51:42
[   29576ms] [WARNING] [Vue warn]: Avoid app logic that relies on enumerating keys on a component instance. The keys will be empty in production mode to avoid performance overhead. 
  at <VNavigationDrawer modelValue=undefined onUpdate:modelValue=fn location="right"  ... > 
  at <MenusTopmenuLayoutNotifications > 
  at <VCol class="notificationsHeader" > 
  at <VDefaultsProvider defaults= {VTabs: Object} > 
  at <VToolbar ref=Ref< Proxy(Object) > class="v-app-bar" style= {top: 0px, zIndex: 1014, transform: translateY(0px), position: fixed, height: undefined}  ... > 
  at <VAppBar id="topnav" > 
  at <MenusHeader drawer=false onToggleDrawer=fn > 
  at <ClientOnly > 
  at <VApp theme="light" class="auto-text" > 
  at <VResponsive class="border rounded" > 
  at <Default ref=Ref< Proxy(Object) > > 
  at <AsyncComponentWrapper ref=Ref< Proxy(Object) > > 
  at <LayoutLoader key="default" layoutProps= {ref: RefImpl} name="default" > 
  at <NuxtLayoutProvider layoutProps= {ref: RefImpl} key="default" name="default"  ... > 
  at <NuxtLayout > 
  at <App key=4 > 
  at <NuxtRoot> @ http://localhost:3001/_nuxt/@fs/home/meebuzo/github/alternate-framework/apps/ecosystem/meeovi-frontend/node_modules/@sentry/core/build/esm/instrument/console.js?v=cfee6d51:42
[   29579ms] [WARNING] [Vue warn]: Avoid app logic that relies on enumerating keys on a component instance. The keys will be empty in production mode to avoid performance overhead. 
  at <VNavigationDrawer modelValue=undefined onUpdate:modelValue=fn location="right"  ... > 
  at <MenusTopmenuLayoutNotifications > 
  at <VCol class="notificationsHeader" > 
  at <VDefaultsProvider defaults= {VTabs: Object} > 
  at <VToolbar ref=Ref< Proxy(Object) > class="v-app-bar" style= {top: 0px, zIndex: 1014, transform: translateY(0px), position: fixed, height: undefined}  ... > 
  at <VAppBar id="topnav" > 
  at <MenusHeader drawer=false onToggleDrawer=fn > 
  at <ClientOnly > 
  at <VApp theme="light" class="auto-text" > 
  at <VResponsive class="border rounded" > 
  at <Default ref=Ref< Proxy(Object) > > 
  at <AsyncComponentWrapper ref=Ref< Proxy(Object) > > 
  at <LayoutLoader key="default" layoutProps= {ref: RefImpl} name="default" > 
  at <NuxtLayoutProvider layoutProps= {ref: RefImpl} key="default" name="default"  ... > 
  at <NuxtLayout > 
  at <App key=4 > 
  at <NuxtRoot> @ http://localhost:3001/_nuxt/@fs/home/meebuzo/github/alternate-framework/apps/ecosystem/meeovi-frontend/node_modules/@sentry/core/build/esm/instrument/console.js?v=cfee6d51:42
[   29583ms] [WARNING] [Vue warn]: Avoid app logic that relies on enumerating keys on a component instance. The keys will be empty in production mode to avoid performance overhead. 
  at <VNavigationDrawer modelValue=undefined onUpdate:modelValue=fn location="right"  ... > 
  at <MenusTopmenuLayoutNotifications > 
  at <VCol class="notificationsHeader" > 
  at <VDefaultsProvider defaults= {VTabs: Object} > 
  at <VToolbar ref=Ref< Proxy(Object) > class="v-app-bar" style= {top: 0px, zIndex: 1014, transform: translateY(0px), position: fixed, height: undefined}  ... > 
  at <VAppBar id="topnav" > 
  at <MenusHeader drawer=false onToggleDrawer=fn > 
  at <ClientOnly > 
  at <VApp theme="light" class="auto-text" > 
  at <VResponsive class="border rounded" > 
  at <Default ref=Ref< Proxy(Object) > > 
  at <AsyncComponentWrapper ref=Ref< Proxy(Object) > > 
  at <LayoutLoader key="default" layoutProps= {ref: RefImpl} name="default" > 
  at <NuxtLayoutProvider layoutProps= {ref: RefImpl} key="default" name="default"  ... > 
  at <NuxtLayout > 
  at <App key=4 > 
  at <NuxtRoot> @ http://localhost:3001/_nuxt/@fs/home/meebuzo/github/alternate-framework/apps/ecosystem/meeovi-frontend/node_modules/@sentry/core/build/esm/instrument/console.js?v=cfee6d51:42
[   29587ms] [WARNING] [Vue warn]: Avoid app logic that relies on enumerating keys on a component instance. The keys will be empty in production mode to avoid performance overhead. 
  at <VNavigationDrawer modelValue=undefined onUpdate:modelValue=fn location="right"  ... > 
  at <MenusTopmenuLayoutNotifications > 
  at <VCol class="notificationsHeader" > 
  at <VDefaultsProvider defaults= {VTabs: Object} > 
  at <VToolbar ref=Ref< Proxy(Object) > class="v-app-bar" style= {top: 0px, zIndex: 1014, transform: translateY(0px), position: fixed, height: undefined}  ... > 
  at <VAppBar id="topnav" > 
  at <MenusHeader drawer=false onToggleDrawer=fn > 
  at <ClientOnly > 
  at <VApp theme="light" class="auto-text" > 
  at <VResponsive class="border rounded" > 
  at <Default ref=Ref< Proxy(Object) > > 
  at <AsyncComponentWrapper ref=Ref< Proxy(Object) > > 
  at <LayoutLoader key="default" layoutProps= {ref: RefImpl} name="default" > 
  at <NuxtLayoutProvider layoutProps= {ref: RefImpl} key="default" name="default"  ... > 
  at <NuxtLayout > 
  at <App key=4 > 
  at <NuxtRoot> @ http://localhost:3001/_nuxt/@fs/home/meebuzo/github/alternate-framework/apps/ecosystem/meeovi-frontend/node_modules/@sentry/core/build/esm/instrument/console.js?v=cfee6d51:42
[   29590ms] [WARNING] [Vue warn]: Avoid app logic that relies on enumerating keys on a component instance. The keys will be empty in production mode to avoid performance overhead. 
  at <VNavigationDrawer modelValue=undefined onUpdate:modelValue=fn location="right"  ... > 
  at <MenusTopmenuLayoutNotifications > 
  at <VCol class="notificationsHeader" > 
  at <VDefaultsProvider defaults= {VTabs: Object} > 
  at <VToolbar ref=Ref< Proxy(Object) > class="v-app-bar" style= {top: 0px, zIndex: 1014, transform: translateY(0px), position: fixed, height: undefined}  ... > 
  at <VAppBar id="topnav" > 
  at <MenusHeader drawer=false onToggleDrawer=fn > 
  at <ClientOnly > 
  at <VApp theme="light" class="auto-text" > 
  at <VResponsive class="border rounded" > 
  at <Default ref=Ref< Proxy(Object) > > 
  at <AsyncComponentWrapper ref=Ref< Proxy(Object) > > 
  at <LayoutLoader key="default" layoutProps= {ref: RefImpl} name="default" > 
  at <NuxtLayoutProvider layoutProps= {ref: RefImpl} key="default" name="default"  ... > 
  at <NuxtLayout > 
  at <App key=4 > 
  at <NuxtRoot> @ http://localhost:3001/_nuxt/@fs/home/meebuzo/github/alternate-framework/apps/ecosystem/meeovi-frontend/node_modules/@sentry/core/build/esm/instrument/console.js?v=cfee6d51:42
[   29594ms] [WARNING] [Vue warn]: Avoid app logic that relies on enumerating keys on a component instance. The keys will be empty in production mode to avoid performance overhead. 
  at <VNavigationDrawer modelValue=undefined onUpdate:modelValue=fn location="right"  ... > 
  at <MenusTopmenuLayoutNotifications > 
  at <VCol class="notificationsHeader" > 
  at <VDefaultsProvider defaults= {VTabs: Object} > 
  at <VToolbar ref=Ref< Proxy(Object) > class="v-app-bar" style= {top: 0px, zIndex: 1014, transform: translateY(0px), position: fixed, height: undefined}  ... > 
  at <VAppBar id="topnav" > 
  at <MenusHeader drawer=false onToggleDrawer=fn > 
  at <ClientOnly > 
  at <VApp theme="light" class="auto-text" > 
  at <VResponsive class="border rounded" > 
  at <Default ref=Ref< Proxy(Object) > > 
  at <AsyncComponentWrapper ref=Ref< Proxy(Object) > > 
  at <LayoutLoader key="default" layoutProps= {ref: RefImpl} name="default" > 
  at <NuxtLayoutProvider layoutProps= {ref: RefImpl} key="default" name="default"  ... > 
  at <NuxtLayout > 
  at <App key=4 > 
  at <NuxtRoot> @ http://localhost:3001/_nuxt/@fs/home/meebuzo/github/alternate-framework/apps/ecosystem/meeovi-frontend/node_modules/@sentry/core/build/esm/instrument/console.js?v=cfee6d51:42
[   29598ms] [WARNING] [Vue warn]: Avoid app logic that relies on enumerating keys on a component instance. The keys will be empty in production mode to avoid performance overhead. 
  at <VNavigationDrawer modelValue=undefined onUpdate:modelValue=fn location="right"  ... > 
  at <MenusTopmenuLayoutNotifications > 
  at <VCol class="notificationsHeader" > 
  at <VDefaultsProvider defaults= {VTabs: Object} > 
  at <VToolbar ref=Ref< Proxy(Object) > class="v-app-bar" style= {top: 0px, zIndex: 1014, transform: translateY(0px), position: fixed, height: undefined}  ... > 
  at <VAppBar id="topnav" > 
  at <MenusHeader drawer=false onToggleDrawer=fn > 
  at <ClientOnly > 
  at <VApp theme="light" class="auto-text" > 
  at <VResponsive class="border rounded" > 
  at <Default ref=Ref< Proxy(Object) > > 
  at <AsyncComponentWrapper ref=Ref< Proxy(Object) > > 
  at <LayoutLoader key="default" layoutProps= {ref: RefImpl} name="default" > 
  at <NuxtLayoutProvider layoutProps= {ref: RefImpl} key="default" name="default"  ... > 
  at <NuxtLayout > 
  at <App key=4 > 
  at <NuxtRoot> @ http://localhost:3001/_nuxt/@fs/home/meebuzo/github/alternate-framework/apps/ecosystem/meeovi-frontend/node_modules/@sentry/core/build/esm/instrument/console.js?v=cfee6d51:42
[   29602ms] [WARNING] [Vue warn]: Avoid app logic that relies on enumerating keys on a component instance. The keys will be empty in production mode to avoid performance overhead. 
  at <VNavigationDrawer modelValue=undefined onUpdate:modelValue=fn location="right"  ... > 
  at <MenusTopmenuLayoutNotifications > 
  at <VCol class="notificationsHeader" > 
  at <VDefaultsProvider defaults= {VTabs: Object} > 
  at <VToolbar ref=Ref< Proxy(Object) > class="v-app-bar" style= {top: 0px, zIndex: 1014, transform: translateY(0px), position: fixed, height: undefined}  ... > 
  at <VAppBar id="topnav" > 
  at <MenusHeader drawer=false onToggleDrawer=fn > 
  at <ClientOnly > 
  at <VApp theme="light" class="auto-text" > 
  at <VResponsive class="border rounded" > 
  at <Default ref=Ref< Proxy(Object) > > 
  at <AsyncComponentWrapper ref=Ref< Proxy(Object) > > 
  at <LayoutLoader key="default" layoutProps= {ref: RefImpl} name="default" > 
  at <NuxtLayoutProvider layoutProps= {ref: RefImpl} key="default" name="default"  ... > 
  at <NuxtLayout > 
  at <App key=4 > 
  at <NuxtRoot> @ http://localhost:3001/_nuxt/@fs/home/meebuzo/github/alternate-framework/apps/ecosystem/meeovi-frontend/node_modules/@sentry/core/build/esm/instrument/console.js?v=cfee6d51:42
[   29606ms] [WARNING] [Vue warn]: Avoid app logic that relies on enumerating keys on a component instance. The keys will be empty in production mode to avoid performance overhead. 
  at <VNavigationDrawer modelValue=undefined onUpdate:modelValue=fn location="right"  ... > 
  at <MenusTopmenuLayoutNotifications > 
  at <VCol class="notificationsHeader" > 
  at <VDefaultsProvider defaults= {VTabs: Object} > 
  at <VToolbar ref=Ref< Proxy(Object) > class="v-app-bar" style= {top: 0px, zIndex: 1014, transform: translateY(0px), position: fixed, height: undefined}  ... > 
  at <VAppBar id="topnav" > 
  at <MenusHeader drawer=false onToggleDrawer=fn > 
  at <ClientOnly > 
  at <VApp theme="light" class="auto-text" > 
  at <VResponsive class="border rounded" > 
  at <Default ref=Ref< Proxy(Object) > > 
  at <AsyncComponentWrapper ref=Ref< Proxy(Object) > > 
  at <LayoutLoader key="default" layoutProps= {ref: RefImpl} name="default" > 
  at <NuxtLayoutProvider layoutProps= {ref: RefImpl} key="default" name="default"  ... > 
  at <NuxtLayout > 
  at <App key=4 > 
  at <NuxtRoot> @ http://localhost:3001/_nuxt/@fs/home/meebuzo/github/alternate-framework/apps/ecosystem/meeovi-frontend/node_modules/@sentry/core/build/esm/instrument/console.js?v=cfee6d51:42
[   29609ms] [WARNING] [Vue warn]: Avoid app logic that relies on enumerating keys on a component instance. The keys will be empty in production mode to avoid performance overhead. 
  at <VNavigationDrawer modelValue=undefined onUpdate:modelValue=fn location="right"  ... > 
  at <MenusTopmenuLayoutNotifications > 
  at <VCol class="notificationsHeader" > 
  at <VDefaultsProvider defaults= {VTabs: Object} > 
  at <VToolbar ref=Ref< Proxy(Object) > class="v-app-bar" style= {top: 0px, zIndex: 1014, transform: translateY(0px), position: fixed, height: undefined}  ... > 
  at <VAppBar id="topnav" > 
  at <MenusHeader drawer=false onToggleDrawer=fn > 
  at <ClientOnly > 
  at <VApp theme="light" class="auto-text" > 
  at <VResponsive class="border rounded" > 
  at <Default ref=Ref< Proxy(Object) > > 
  at <AsyncComponentWrapper ref=Ref< Proxy(Object) > > 
  at <LayoutLoader key="default" layoutProps= {ref: RefImpl} name="default" > 
  at <NuxtLayoutProvider layoutProps= {ref: RefImpl} key="default" name="default"  ... > 
  at <NuxtLayout > 
  at <App key=4 > 
  at <NuxtRoot> @ http://localhost:3001/_nuxt/@fs/home/meebuzo/github/alternate-framework/apps/ecosystem/meeovi-frontend/node_modules/@sentry/core/build/esm/instrument/console.js?v=cfee6d51:42
[   29612ms] [WARNING] [Vue warn]: Avoid app logic that relies on enumerating keys on a component instance. The keys will be empty in production mode to avoid performance overhead. 
  at <VNavigationDrawer modelValue=undefined onUpdate:modelValue=fn location="right"  ... > 
  at <MenusTopmenuLayoutNotifications > 
  at <VCol class="notificationsHeader" > 
  at <VDefaultsProvider defaults= {VTabs: Object} > 
  at <VToolbar ref=Ref< Proxy(Object) > class="v-app-bar" style= {top: 0px, zIndex: 1014, transform: translateY(0px), position: fixed, height: undefined}  ... > 
  at <VAppBar id="topnav" > 
  at <MenusHeader drawer=false onToggleDrawer=fn > 
  at <ClientOnly > 
  at <VApp theme="light" class="auto-text" > 
  at <VResponsive class="border rounded" > 
  at <Default ref=Ref< Proxy(Object) > > 
  at <AsyncComponentWrapper ref=Ref< Proxy(Object) > > 
  at <LayoutLoader key="default" layoutProps= {ref: RefImpl} name="default" > 
  at <NuxtLayoutProvider layoutProps= {ref: RefImpl} key="default" name="default"  ... > 
  at <NuxtLayout > 
  at <App key=4 > 
  at <NuxtRoot> @ http://localhost:3001/_nuxt/@fs/home/meebuzo/github/alternate-framework/apps/ecosystem/meeovi-frontend/node_modules/@sentry/core/build/esm/instrument/console.js?v=cfee6d51:42
[   29614ms] [WARNING] [Vue warn]: Avoid app logic that relies on enumerating keys on a component instance. The keys will be empty in production mode to avoid performance overhead. 
  at <VNavigationDrawer modelValue=undefined onUpdate:modelValue=fn location="right"  ... > 
  at <MenusTopmenuLayoutNotifications > 
  at <VCol class="notificationsHeader" > 
  at <VDefaultsProvider defaults= {VTabs: Object} > 
  at <VToolbar ref=Ref< Proxy(Object) > class="v-app-bar" style= {top: 0px, zIndex: 1014, transform: translateY(0px), position: fixed, height: undefined}  ... > 
  at <VAppBar id="topnav" > 
  at <MenusHeader drawer=false onToggleDrawer=fn > 
  at <ClientOnly > 
  at <VApp theme="light" class="auto-text" > 
  at <VResponsive class="border rounded" > 
  at <Default ref=Ref< Proxy(Object) > > 
  at <AsyncComponentWrapper ref=Ref< Proxy(Object) > > 
  at <LayoutLoader key="default" layoutProps= {ref: RefImpl} name="default" > 
  at <NuxtLayoutProvider layoutProps= {ref: RefImpl} key="default" name="default"  ... > 
  at <NuxtLayout > 
  at <App key=4 > 
  at <NuxtRoot> @ http://localhost:3001/_nuxt/@fs/home/meebuzo/github/alternate-framework/apps/ecosystem/meeovi-frontend/node_modules/@sentry/core/build/esm/instrument/console.js?v=cfee6d51:42
[   29617ms] [WARNING] [Vue warn]: Avoid app logic that relies on enumerating keys on a component instance. The keys will be empty in production mode to avoid performance overhead. 
  at <VNavigationDrawer modelValue=undefined onUpdate:modelValue=fn location="right"  ... > 
  at <MenusTopmenuLayoutNotifications > 
  at <VCol class="notificationsHeader" > 
  at <VDefaultsProvider defaults= {VTabs: Object} > 
  at <VToolbar ref=Ref< Proxy(Object) > class="v-app-bar" style= {top: 0px, zIndex: 1014, transform: translateY(0px), position: fixed, height: undefined}  ... > 
  at <VAppBar id="topnav" > 
  at <MenusHeader drawer=false onToggleDrawer=fn > 
  at <ClientOnly > 
  at <VApp theme="light" class="auto-text" > 
  at <VResponsive class="border rounded" > 
  at <Default ref=Ref< Proxy(Object) > > 
  at <AsyncComponentWrapper ref=Ref< Proxy(Object) > > 
  at <LayoutLoader key="default" layoutProps= {ref: RefImpl} name="default" > 
  at <NuxtLayoutProvider layoutProps= {ref: RefImpl} key="default" name="default"  ... > 
  at <NuxtLayout > 
  at <App key=4 > 
  at <NuxtRoot> @ http://localhost:3001/_nuxt/@fs/home/meebuzo/github/alternate-framework/apps/ecosystem/meeovi-frontend/node_modules/@sentry/core/build/esm/instrument/console.js?v=cfee6d51:42
[   29620ms] [WARNING] [Vue warn]: Avoid app logic that relies on enumerating keys on a component instance. The keys will be empty in production mode to avoid performance overhead. 
  at <VNavigationDrawer modelValue=undefined onUpdate:modelValue=fn location="right"  ... > 
  at <MenusTopmenuLayoutNotifications > 
  at <VCol class="notificationsHeader" > 
  at <VDefaultsProvider defaults= {VTabs: Object} > 
  at <VToolbar ref=Ref< Proxy(Object) > class="v-app-bar" style= {top: 0px, zIndex: 1014, transform: translateY(0px), position: fixed, height: undefined}  ... > 
  at <VAppBar id="topnav" > 
  at <MenusHeader drawer=false onToggleDrawer=fn > 
  at <ClientOnly > 
  at <VApp theme="light" class="auto-text" > 
  at <VResponsive class="border rounded" > 
  at <Default ref=Ref< Proxy(Object) > > 
  at <AsyncComponentWrapper ref=Ref< Proxy(Object) > > 
  at <LayoutLoader key="default" layoutProps= {ref: RefImpl} name="default" > 
  at <NuxtLayoutProvider layoutProps= {ref: RefImpl} key="default" name="default"  ... > 
  at <NuxtLayout > 
  at <App key=4 > 
  at <NuxtRoot> @ http://localhost:3001/_nuxt/@fs/home/meebuzo/github/alternate-framework/apps/ecosystem/meeovi-frontend/node_modules/@sentry/core/build/esm/instrument/console.js?v=cfee6d51:42
[   29623ms] [WARNING] [Vue warn]: Avoid app logic that relies on enumerating keys on a component instance. The keys will be empty in production mode to avoid performance overhead. 
  at <VNavigationDrawer modelValue=undefined onUpdate:modelValue=fn location="right"  ... > 
  at <MenusTopmenuLayoutNotifications > 
  at <VCol class="notificationsHeader" > 
  at <VDefaultsProvider defaults= {VTabs: Object} > 
  at <VToolbar ref=Ref< Proxy(Object) > class="v-app-bar" style= {top: 0px, zIndex: 1014, transform: translateY(0px), position: fixed, height: undefined}  ... > 
  at <VAppBar id="topnav" > 
  at <MenusHeader drawer=false onToggleDrawer=fn > 
  at <ClientOnly > 
  at <VApp theme="light" class="auto-text" > 
  at <VResponsive class="border rounded" > 
  at <Default ref=Ref< Proxy(Object) > > 
  at <AsyncComponentWrapper ref=Ref< Proxy(Object) > > 
  at <LayoutLoader key="default" layoutProps= {ref: RefImpl} name="default" > 
  at <NuxtLayoutProvider layoutProps= {ref: RefImpl} key="default" name="default"  ... > 
  at <NuxtLayout > 
  at <App key=4 > 
  at <NuxtRoot> @ http://localhost:3001/_nuxt/@fs/home/meebuzo/github/alternate-framework/apps/ecosystem/meeovi-frontend/node_modules/@sentry/core/build/esm/instrument/console.js?v=cfee6d51:42
[   29625ms] [WARNING] [Vue warn]: Avoid app logic that relies on enumerating keys on a component instance. The keys will be empty in production mode to avoid performance overhead. 
  at <VNavigationDrawer modelValue=undefined onUpdate:modelValue=fn location="right"  ... > 
  at <MenusTopmenuLayoutNotifications > 
  at <VCol class="notificationsHeader" > 
  at <VDefaultsProvider defaults= {VTabs: Object} > 
  at <VToolbar ref=Ref< Proxy(Object) > class="v-app-bar" style= {top: 0px, zIndex: 1014, transform: translateY(0px), position: fixed, height: undefined}  ... > 
  at <VAppBar id="topnav" > 
  at <MenusHeader drawer=false onToggleDrawer=fn > 
  at <ClientOnly > 
  at <VApp theme="light" class="auto-text" > 
  at <VResponsive class="border rounded" > 
  at <Default ref=Ref< Proxy(Object) > > 
  at <AsyncComponentWrapper ref=Ref< Proxy(Object) > > 
  at <LayoutLoader key="default" layoutProps= {ref: RefImpl} name="default" > 
  at <NuxtLayoutProvider layoutProps= {ref: RefImpl} key="default" name="default"  ... > 
  at <NuxtLayout > 
  at <App key=4 > 
  at <NuxtRoot> @ http://localhost:3001/_nuxt/@fs/home/meebuzo/github/alternate-framework/apps/ecosystem/meeovi-frontend/node_modules/@sentry/core/build/esm/instrument/console.js?v=cfee6d51:42
[   29628ms] [WARNING] [Vue warn]: Avoid app logic that relies on enumerating keys on a component instance. The keys will be empty in production mode to avoid performance overhead. 
  at <VNavigationDrawer modelValue=undefined onUpdate:modelValue=fn location="right"  ... > 
  at <MenusTopmenuLayoutNotifications > 
  at <VCol class="notificationsHeader" > 
  at <VDefaultsProvider defaults= {VTabs: Object} > 
  at <VToolbar ref=Ref< Proxy(Object) > class="v-app-bar" style= {top: 0px, zIndex: 1014, transform: translateY(0px), position: fixed, height: undefined}  ... > 
  at <VAppBar id="topnav" > 
  at <MenusHeader drawer=false onToggleDrawer=fn > 
  at <ClientOnly > 
  at <VApp theme="light" class="auto-text" > 
  at <VResponsive class="border rounded" > 
  at <Default ref=Ref< Proxy(Object) > > 
  at <AsyncComponentWrapper ref=Ref< Proxy(Object) > > 
  at <LayoutLoader key="default" layoutProps= {ref: RefImpl} name="default" > 
  at <NuxtLayoutProvider layoutProps= {ref: RefImpl} key="default" name="default"  ... > 
  at <NuxtLayout > 
  at <App key=4 > 
  at <NuxtRoot> @ http://localhost:3001/_nuxt/@fs/home/meebuzo/github/alternate-framework/apps/ecosystem/meeovi-frontend/node_modules/@sentry/core/build/esm/instrument/console.js?v=cfee6d51:42
[   29631ms] [WARNING] [Vue warn]: Avoid app logic that relies on enumerating keys on a component instance. The keys will be empty in production mode to avoid performance overhead. 
  at <VNavigationDrawer modelValue=undefined onUpdate:modelValue=fn location="right"  ... > 
  at <MenusTopmenuLayoutNotifications > 
  at <VCol class="notificationsHeader" > 
  at <VDefaultsProvider defaults= {VTabs: Object} > 
  at <VToolbar ref=Ref< Proxy(Object) > class="v-app-bar" style= {top: 0px, zIndex: 1014, transform: translateY(0px), position: fixed, height: undefined}  ... > 
  at <VAppBar id="topnav" > 
  at <MenusHeader drawer=false onToggleDrawer=fn > 
  at <ClientOnly > 
  at <VApp theme="light" class="auto-text" > 
  at <VResponsive class="border rounded" > 
  at <Default ref=Ref< Proxy(Object) > > 
  at <AsyncComponentWrapper ref=Ref< Proxy(Object) > > 
  at <LayoutLoader key="default" layoutProps= {ref: RefImpl} name="default" > 
  at <NuxtLayoutProvider layoutProps= {ref: RefImpl} key="default" name="default"  ... > 
  at <NuxtLayout > 
  at <App key=4 > 
  at <NuxtRoot> @ http://localhost:3001/_nuxt/@fs/home/meebuzo/github/alternate-framework/apps/ecosystem/meeovi-frontend/node_modules/@sentry/core/build/esm/instrument/console.js?v=cfee6d51:42
[   29634ms] [WARNING] [Vue warn]: Avoid app logic that relies on enumerating keys on a component instance. The keys will be empty in production mode to avoid performance overhead. 
  at <VNavigationDrawer modelValue=undefined onUpdate:modelValue=fn location="right"  ... > 
  at <MenusTopmenuLayoutNotifications > 
  at <VCol class="notificationsHeader" > 
  at <VDefaultsProvider defaults= {VTabs: Object} > 
  at <VToolbar ref=Ref< Proxy(Object) > class="v-app-bar" style= {top: 0px, zIndex: 1014, transform: translateY(0px), position: fixed, height: undefined}  ... > 
  at <VAppBar id="topnav" > 
  at <MenusHeader drawer=false onToggleDrawer=fn > 
  at <ClientOnly > 
  at <VApp theme="light" class="auto-text" > 
  at <VResponsive class="border rounded" > 
  at <Default ref=Ref< Proxy(Object) > > 
  at <AsyncComponentWrapper ref=Ref< Proxy(Object) > > 
  at <LayoutLoader key="default" layoutProps= {ref: RefImpl} name="default" > 
  at <NuxtLayoutProvider layoutProps= {ref: RefImpl} key="default" name="default"  ... > 
  at <NuxtLayout > 
  at <App key=4 > 
  at <NuxtRoot> @ http://localhost:3001/_nuxt/@fs/home/meebuzo/github/alternate-framework/apps/ecosystem/meeovi-frontend/node_modules/@sentry/core/build/esm/instrument/console.js?v=cfee6d51:42
[   29637ms] [WARNING] [Vue warn]: Avoid app logic that relies on enumerating keys on a component instance. The keys will be empty in production mode to avoid performance overhead. 
  at <VNavigationDrawer modelValue=undefined onUpdate:modelValue=fn location="right"  ... > 
  at <MenusTopmenuLayoutNotifications > 
  at <VCol class="notificationsHeader" > 
  at <VDefaultsProvider defaults= {VTabs: Object} > 
  at <VToolbar ref=Ref< Proxy(Object) > class="v-app-bar" style= {top: 0px, zIndex: 1014, transform: translateY(0px), position: fixed, height: undefined}  ... > 
  at <VAppBar id="topnav" > 
  at <MenusHeader drawer=false onToggleDrawer=fn > 
  at <ClientOnly > 
  at <VApp theme="light" class="auto-text" > 
  at <VResponsive class="border rounded" > 
  at <Default ref=Ref< Proxy(Object) > > 
  at <AsyncComponentWrapper ref=Ref< Proxy(Object) > > 
  at <LayoutLoader key="default" layoutProps= {ref: RefImpl} name="default" > 
  at <NuxtLayoutProvider layoutProps= {ref: RefImpl} key="default" name="default"  ... > 
  at <NuxtLayout > 
  at <App key=4 > 
  at <NuxtRoot> @ http://localhost:3001/_nuxt/@fs/home/meebuzo/github/alternate-framework/apps/ecosystem/meeovi-frontend/node_modules/@sentry/core/build/esm/instrument/console.js?v=cfee6d51:42
[   29639ms] [WARNING] [Vue warn]: Avoid app logic that relies on enumerating keys on a component instance. The keys will be empty in production mode to avoid performance overhead. 
  at <VNavigationDrawer modelValue=undefined onUpdate:modelValue=fn location="right"  ... > 
  at <MenusTopmenuLayoutNotifications > 
  at <VCol class="notificationsHeader" > 
  at <VDefaultsProvider defaults= {VTabs: Object} > 
  at <VToolbar ref=Ref< Proxy(Object) > class="v-app-bar" style= {top: 0px, zIndex: 1014, transform: translateY(0px), position: fixed, height: undefined}  ... > 
  at <VAppBar id="topnav" > 
  at <MenusHeader drawer=false onToggleDrawer=fn > 
  at <ClientOnly > 
  at <VApp theme="light" class="auto-text" > 
  at <VResponsive class="border rounded" > 
  at <Default ref=Ref< Proxy(Object) > > 
  at <AsyncComponentWrapper ref=Ref< Proxy(Object) > > 
  at <LayoutLoader key="default" layoutProps= {ref: RefImpl} name="default" > 
  at <NuxtLayoutProvider layoutProps= {ref: RefImpl} key="default" name="default"  ... > 
  at <NuxtLayout > 
  at <App key=4 > 
  at <NuxtRoot> @ http://localhost:3001/_nuxt/@fs/home/meebuzo/github/alternate-framework/apps/ecosystem/meeovi-frontend/node_modules/@sentry/core/build/esm/instrument/console.js?v=cfee6d51:42
[   29642ms] [WARNING] [Vue warn]: Avoid app logic that relies on enumerating keys on a component instance. The keys will be empty in production mode to avoid performance overhead. 
  at <VNavigationDrawer modelValue=undefined onUpdate:modelValue=fn location="right"  ... > 
  at <MenusTopmenuLayoutNotifications > 
  at <VCol class="notificationsHeader" > 
  at <VDefaultsProvider defaults= {VTabs: Object} > 
  at <VToolbar ref=Ref< Proxy(Object) > class="v-app-bar" style= {top: 0px, zIndex: 1014, transform: translateY(0px), position: fixed, height: undefined}  ... > 
  at <VAppBar id="topnav" > 
  at <MenusHeader drawer=false onToggleDrawer=fn > 
  at <ClientOnly > 
  at <VApp theme="light" class="auto-text" > 
  at <VResponsive class="border rounded" > 
  at <Default ref=Ref< Proxy(Object) > > 
  at <AsyncComponentWrapper ref=Ref< Proxy(Object) > > 
  at <LayoutLoader key="default" layoutProps= {ref: RefImpl} name="default" > 
  at <NuxtLayoutProvider layoutProps= {ref: RefImpl} key="default" name="default"  ... > 
  at <NuxtLayout > 
  at <App key=4 > 
  at <NuxtRoot> @ http://localhost:3001/_nuxt/@fs/home/meebuzo/github/alternate-framework/apps/ecosystem/meeovi-frontend/node_modules/@sentry/core/build/esm/instrument/console.js?v=cfee6d51:42
[   29645ms] [WARNING] [Vue warn]: Avoid app logic that relies on enumerating keys on a component instance. The keys will be empty in production mode to avoid performance overhead. 
  at <VNavigationDrawer modelValue=undefined onUpdate:modelValue=fn location="right"  ... > 
  at <MenusTopmenuLayoutNotifications > 
  at <VCol class="notificationsHeader" > 
  at <VDefaultsProvider defaults= {VTabs: Object} > 
  at <VToolbar ref=Ref< Proxy(Object) > class="v-app-bar" style= {top: 0px, zIndex: 1014, transform: translateY(0px), position: fixed, height: undefined}  ... > 
  at <VAppBar id="topnav" > 
  at <MenusHeader drawer=false onToggleDrawer=fn > 
  at <ClientOnly > 
  at <VApp theme="light" class="auto-text" > 
  at <VResponsive class="border rounded" > 
  at <Default ref=Ref< Proxy(Object) > > 
  at <AsyncComponentWrapper ref=Ref< Proxy(Object) > > 
  at <LayoutLoader key="default" layoutProps= {ref: RefImpl} name="default" > 
  at <NuxtLayoutProvider layoutProps= {ref: RefImpl} key="default" name="default"  ... > 
  at <NuxtLayout > 
  at <App key=4 > 
  at <NuxtRoot> @ http://localhost:3001/_nuxt/@fs/home/meebuzo/github/alternate-framework/apps/ecosystem/meeovi-frontend/node_modules/@sentry/core/build/esm/instrument/console.js?v=cfee6d51:42
[   29648ms] [WARNING] [Vue warn]: Avoid app logic that relies on enumerating keys on a component instance. The keys will be empty in production mode to avoid performance overhead. 
  at <VNavigationDrawer modelValue=undefined onUpdate:modelValue=fn location="right"  ... > 
  at <MenusTopmenuLayoutNotifications > 
  at <VCol class="notificationsHeader" > 
  at <VDefaultsProvider defaults= {VTabs: Object} > 
  at <VToolbar ref=Ref< Proxy(Object) > class="v-app-bar" style= {top: 0px, zIndex: 1014, transform: translateY(0px), position: fixed, height: undefined}  ... > 
  at <VAppBar id="topnav" > 
  at <MenusHeader drawer=false onToggleDrawer=fn > 
  at <ClientOnly > 
  at <VApp theme="light" class="auto-text" > 
  at <VResponsive class="border rounded" > 
  at <Default ref=Ref< Proxy(Object) > > 
  at <AsyncComponentWrapper ref=Ref< Proxy(Object) > > 
  at <LayoutLoader key="default" layoutProps= {ref: RefImpl} name="default" > 
  at <NuxtLayoutProvider layoutProps= {ref: RefImpl} key="default" name="default"  ... > 
  at <NuxtLayout > 
  at <App key=4 > 
  at <NuxtRoot> @ http://localhost:3001/_nuxt/@fs/home/meebuzo/github/alternate-framework/apps/ecosystem/meeovi-frontend/node_modules/@sentry/core/build/esm/instrument/console.js?v=cfee6d51:42
[   29651ms] [WARNING] [Vue warn]: Avoid app logic that relies on enumerating keys on a component instance. The keys will be empty in production mode to avoid performance overhead. 
  at <VNavigationDrawer modelValue=undefined onUpdate:modelValue=fn location="right"  ... > 
  at <MenusTopmenuLayoutNotifications > 
  at <VCol class="notificationsHeader" > 
  at <VDefaultsProvider defaults= {VTabs: Object} > 
  at <VToolbar ref=Ref< Proxy(Object) > class="v-app-bar" style= {top: 0px, zIndex: 1014, transform: translateY(0px), position: fixed, height: undefined}  ... > 
  at <VAppBar id="topnav" > 
  at <MenusHeader drawer=false onToggleDrawer=fn > 
  at <ClientOnly > 
  at <VApp theme="light" class="auto-text" > 
  at <VResponsive class="border rounded" > 
  at <Default ref=Ref< Proxy(Object) > > 
  at <AsyncComponentWrapper ref=Ref< Proxy(Object) > > 
  at <LayoutLoader key="default" layoutProps= {ref: RefImpl} name="default" > 
  at <NuxtLayoutProvider layoutProps= {ref: RefImpl} key="default" name="default"  ... > 
  at <NuxtLayout > 
  at <App key=4 > 
  at <NuxtRoot> @ http://localhost:3001/_nuxt/@fs/home/meebuzo/github/alternate-framework/apps/ecosystem/meeovi-frontend/node_modules/@sentry/core/build/esm/instrument/console.js?v=cfee6d51:42
[   29655ms] [WARNING] [Vue warn]: Avoid app logic that relies on enumerating keys on a component instance. The keys will be empty in production mode to avoid performance overhead. 
  at <VNavigationDrawer modelValue=undefined onUpdate:modelValue=fn location="right"  ... > 
  at <MenusTopmenuLayoutNotifications > 
  at <VCol class="notificationsHeader" > 
  at <VDefaultsProvider defaults= {VTabs: Object} > 
  at <VToolbar ref=Ref< Proxy(Object) > class="v-app-bar" style= {top: 0px, zIndex: 1014, transform: translateY(0px), position: fixed, height: undefined}  ... > 
  at <VAppBar id="topnav" > 
  at <MenusHeader drawer=false onToggleDrawer=fn > 
  at <ClientOnly > 
  at <VApp theme="light" class="auto-text" > 
  at <VResponsive class="border rounded" > 
  at <Default ref=Ref< Proxy(Object) > > 
  at <AsyncComponentWrapper ref=Ref< Proxy(Object) > > 
  at <LayoutLoader key="default" layoutProps= {ref: RefImpl} name="default" > 
  at <NuxtLayoutProvider layoutProps= {ref: RefImpl} key="default" name="default"  ... > 
  at <NuxtLayout > 
  at <App key=4 > 
  at <NuxtRoot> @ http://localhost:3001/_nuxt/@fs/home/meebuzo/github/alternate-framework/apps/ecosystem/meeovi-frontend/node_modules/@sentry/core/build/esm/instrument/console.js?v=cfee6d51:42
[   29658ms] [WARNING] [Vue warn]: Avoid app logic that relies on enumerating keys on a component instance. The keys will be empty in production mode to avoid performance overhead. 
  at <VNavigationDrawer modelValue=undefined onUpdate:modelValue=fn location="right"  ... > 
  at <MenusTopmenuLayoutNotifications > 
  at <VCol class="notificationsHeader" > 
  at <VDefaultsProvider defaults= {VTabs: Object} > 
  at <VToolbar ref=Ref< Proxy(Object) > class="v-app-bar" style= {top: 0px, zIndex: 1014, transform: translateY(0px), position: fixed, height: undefined}  ... > 
  at <VAppBar id="topnav" > 
  at <MenusHeader drawer=false onToggleDrawer=fn > 
  at <ClientOnly > 
  at <VApp theme="light" class="auto-text" > 
  at <VResponsive class="border rounded" > 
  at <Default ref=Ref< Proxy(Object) > > 
  at <AsyncComponentWrapper ref=Ref< Proxy(Object) > > 
  at <LayoutLoader key="default" layoutProps= {ref: RefImpl} name="default" > 
  at <NuxtLayoutProvider layoutProps= {ref: RefImpl} key="default" name="default"  ... > 
  at <NuxtLayout > 
  at <App key=4 > 
  at <NuxtRoot> @ http://localhost:3001/_nuxt/@fs/home/meebuzo/github/alternate-framework/apps/ecosystem/meeovi-frontend/node_modules/@sentry/core/build/esm/instrument/console.js?v=cfee6d51:42
[   29661ms] [WARNING] [Vue warn]: Avoid app logic that relies on enumerating keys on a component instance. The keys will be empty in production mode to avoid performance overhead. 
  at <VNavigationDrawer modelValue=undefined onUpdate:modelValue=fn location="right"  ... > 
  at <MenusTopmenuLayoutNotifications > 
  at <VCol class="notificationsHeader" > 
  at <VDefaultsProvider defaults= {VTabs: Object} > 
  at <VToolbar ref=Ref< Proxy(Object) > class="v-app-bar" style= {top: 0px, zIndex: 1014, transform: translateY(0px), position: fixed, height: undefined}  ... > 
  at <VAppBar id="topnav" > 
  at <MenusHeader drawer=false onToggleDrawer=fn > 
  at <ClientOnly > 
  at <VApp theme="light" class="auto-text" > 
  at <VResponsive class="border rounded" > 
  at <Default ref=Ref< Proxy(Object) > > 
  at <AsyncComponentWrapper ref=Ref< Proxy(Object) > > 
  at <LayoutLoader key="default" layoutProps= {ref: RefImpl} name="default" > 
  at <NuxtLayoutProvider layoutProps= {ref: RefImpl} key="default" name="default"  ... > 
  at <NuxtLayout > 
  at <App key=4 > 
  at <NuxtRoot> @ http://localhost:3001/_nuxt/@fs/home/meebuzo/github/alternate-framework/apps/ecosystem/meeovi-frontend/node_modules/@sentry/core/build/esm/instrument/console.js?v=cfee6d51:42
[   29664ms] [WARNING] [Vue warn]: Avoid app logic that relies on enumerating keys on a component instance. The keys will be empty in production mode to avoid performance overhead. 
  at <VNavigationDrawer modelValue=undefined onUpdate:modelValue=fn location="right"  ... > 
  at <MenusTopmenuLayoutNotifications > 
  at <VCol class="notificationsHeader" > 
  at <VDefaultsProvider defaults= {VTabs: Object} > 
  at <VToolbar ref=Ref< Proxy(Object) > class="v-app-bar" style= {top: 0px, zIndex: 1014, transform: translateY(0px), position: fixed, height: undefined}  ... > 
  at <VAppBar id="topnav" > 
  at <MenusHeader drawer=false onToggleDrawer=fn > 
  at <ClientOnly > 
  at <VApp theme="light" class="auto-text" > 
  at <VResponsive class="border rounded" > 
  at <Default ref=Ref< Proxy(Object) > > 
  at <AsyncComponentWrapper ref=Ref< Proxy(Object) > > 
  at <LayoutLoader key="default" layoutProps= {ref: RefImpl} name="default" > 
  at <NuxtLayoutProvider layoutProps= {ref: RefImpl} key="default" name="default"  ... > 
  at <NuxtLayout > 
  at <App key=4 > 
  at <NuxtRoot> @ http://localhost:3001/_nuxt/@fs/home/meebuzo/github/alternate-framework/apps/ecosystem/meeovi-frontend/node_modules/@sentry/core/build/esm/instrument/console.js?v=cfee6d51:42
[   29667ms] [WARNING] [Vue warn]: Avoid app logic that relies on enumerating keys on a component instance. The keys will be empty in production mode to avoid performance overhead. 
  at <VNavigationDrawer modelValue=undefined onUpdate:modelValue=fn location="right"  ... > 
  at <MenusTopmenuLayoutNotifications > 
  at <VCol class="notificationsHeader" > 
  at <VDefaultsProvider defaults= {VTabs: Object} > 
  at <VToolbar ref=Ref< Proxy(Object) > class="v-app-bar" style= {top: 0px, zIndex: 1014, transform: translateY(0px), position: fixed, height: undefined}  ... > 
  at <VAppBar id="topnav" > 
  at <MenusHeader drawer=false onToggleDrawer=fn > 
  at <ClientOnly > 
  at <VApp theme="light" class="auto-text" > 
  at <VResponsive class="border rounded" > 
  at <Default ref=Ref< Proxy(Object) > > 
  at <AsyncComponentWrapper ref=Ref< Proxy(Object) > > 
  at <LayoutLoader key="default" layoutProps= {ref: RefImpl} name="default" > 
  at <NuxtLayoutProvider layoutProps= {ref: RefImpl} key="default" name="default"  ... > 
  at <NuxtLayout > 
  at <App key=4 > 
  at <NuxtRoot> @ http://localhost:3001/_nuxt/@fs/home/meebuzo/github/alternate-framework/apps/ecosystem/meeovi-frontend/node_modules/@sentry/core/build/esm/instrument/console.js?v=cfee6d51:42
[   29671ms] [WARNING] [Vue warn]: Avoid app logic that relies on enumerating keys on a component instance. The keys will be empty in production mode to avoid performance overhead. 
  at <VNavigationDrawer modelValue=undefined onUpdate:modelValue=fn location="right"  ... > 
  at <MenusTopmenuLayoutNotifications > 
  at <VCol class="notificationsHeader" > 
  at <VDefaultsProvider defaults= {VTabs: Object} > 
  at <VToolbar ref=Ref< Proxy(Object) > class="v-app-bar" style= {top: 0px, zIndex: 1014, transform: translateY(0px), position: fixed, height: undefined}  ... > 
  at <VAppBar id="topnav" > 
  at <MenusHeader drawer=false onToggleDrawer=fn > 
  at <ClientOnly > 
  at <VApp theme="light" class="auto-text" > 
  at <VResponsive class="border rounded" > 
  at <Default ref=Ref< Proxy(Object) > > 
  at <AsyncComponentWrapper ref=Ref< Proxy(Object) > > 
  at <LayoutLoader key="default" layoutProps= {ref: RefImpl} name="default" > 
  at <NuxtLayoutProvider layoutProps= {ref: RefImpl} key="default" name="default"  ... > 
  at <NuxtLayout > 
  at <App key=4 > 
  at <NuxtRoot> @ http://localhost:3001/_nuxt/@fs/home/meebuzo/github/alternate-framework/apps/ecosystem/meeovi-frontend/node_modules/@sentry/core/build/esm/instrument/console.js?v=cfee6d51:42
[   29674ms] [WARNING] [Vue warn]: Avoid app logic that relies on enumerating keys on a component instance. The keys will be empty in production mode to avoid performance overhead. 
  at <VNavigationDrawer modelValue=undefined onUpdate:modelValue=fn location="right"  ... > 
  at <MenusTopmenuLayoutNotifications > 
  at <VCol class="notificationsHeader" > 
  at <VDefaultsProvider defaults= {VTabs: Object} > 
  at <VToolbar ref=Ref< Proxy(Object) > class="v-app-bar" style= {top: 0px, zIndex: 1014, transform: translateY(0px), position: fixed, height: undefined}  ... > 
  at <VAppBar id="topnav" > 
  at <MenusHeader drawer=false onToggleDrawer=fn > 
  at <ClientOnly > 
  at <VApp theme="light" class="auto-text" > 
  at <VResponsive class="border rounded" > 
  at <Default ref=Ref< Proxy(Object) > > 
  at <AsyncComponentWrapper ref=Ref< Proxy(Object) > > 
  at <LayoutLoader key="default" layoutProps= {ref: RefImpl} name="default" > 
  at <NuxtLayoutProvider layoutProps= {ref: RefImpl} key="default" name="default"  ... > 
  at <NuxtLayout > 
  at <App key=4 > 
  at <NuxtRoot> @ http://localhost:3001/_nuxt/@fs/home/meebuzo/github/alternate-framework/apps/ecosystem/meeovi-frontend/node_modules/@sentry/core/build/esm/instrument/console.js?v=cfee6d51:42
[   29678ms] [WARNING] [Vue warn]: Avoid app logic that relies on enumerating keys on a component instance. The keys will be empty in production mode to avoid performance overhead. 
  at <VNavigationDrawer modelValue=undefined onUpdate:modelValue=fn location="right"  ... > 
  at <MenusTopmenuLayoutNotifications > 
  at <VCol class="notificationsHeader" > 
  at <VDefaultsProvider defaults= {VTabs: Object} > 
  at <VToolbar ref=Ref< Proxy(Object) > class="v-app-bar" style= {top: 0px, zIndex: 1014, transform: translateY(0px), position: fixed, height: undefined}  ... > 
  at <VAppBar id="topnav" > 
  at <MenusHeader drawer=false onToggleDrawer=fn > 
  at <ClientOnly > 
  at <VApp theme="light" class="auto-text" > 
  at <VResponsive class="border rounded" > 
  at <Default ref=Ref< Proxy(Object) > > 
  at <AsyncComponentWrapper ref=Ref< Proxy(Object) > > 
  at <LayoutLoader key="default" layoutProps= {ref: RefImpl} name="default" > 
  at <NuxtLayoutProvider layoutProps= {ref: RefImpl} key="default" name="default"  ... > 
  at <NuxtLayout > 
  at <App key=4 > 
  at <NuxtRoot> @ http://localhost:3001/_nuxt/@fs/home/meebuzo/github/alternate-framework/apps/ecosystem/meeovi-frontend/node_modules/@sentry/core/build/esm/instrument/console.js?v=cfee6d51:42
[   29681ms] [WARNING] [Vue warn]: Avoid app logic that relies on enumerating keys on a component instance. The keys will be empty in production mode to avoid performance overhead. 
  at <VNavigationDrawer modelValue=undefined onUpdate:modelValue=fn location="right"  ... > 
  at <MenusTopmenuLayoutNotifications > 
  at <VCol class="notificationsHeader" > 
  at <VDefaultsProvider defaults= {VTabs: Object} > 
  at <VToolbar ref=Ref< Proxy(Object) > class="v-app-bar" style= {top: 0px, zIndex: 1014, transform: translateY(0px), position: fixed, height: undefined}  ... > 
  at <VAppBar id="topnav" > 
  at <MenusHeader drawer=false onToggleDrawer=fn > 
  at <ClientOnly > 
  at <VApp theme="light" class="auto-text" > 
  at <VResponsive class="border rounded" > 
  at <Default ref=Ref< Proxy(Object) > > 
  at <AsyncComponentWrapper ref=Ref< Proxy(Object) > > 
  at <LayoutLoader key="default" layoutProps= {ref: RefImpl} name="default" > 
  at <NuxtLayoutProvider layoutProps= {ref: RefImpl} key="default" name="default"  ... > 
  at <NuxtLayout > 
  at <App key=4 > 
  at <NuxtRoot> @ http://localhost:3001/_nuxt/@fs/home/meebuzo/github/alternate-framework/apps/ecosystem/meeovi-frontend/node_modules/@sentry/core/build/esm/instrument/console.js?v=cfee6d51:42
[   29684ms] [WARNING] [Vue warn]: Avoid app logic that relies on enumerating keys on a component instance. The keys will be empty in production mode to avoid performance overhead. 
  at <VNavigationDrawer modelValue=undefined onUpdate:modelValue=fn location="right"  ... > 
  at <MenusTopmenuLayoutNotifications > 
  at <VCol class="notificationsHeader" > 
  at <VDefaultsProvider defaults= {VTabs: Object} > 
  at <VToolbar ref=Ref< Proxy(Object) > class="v-app-bar" style= {top: 0px, zIndex: 1014, transform: translateY(0px), position: fixed, height: undefined}  ... > 
  at <VAppBar id="topnav" > 
  at <MenusHeader drawer=false onToggleDrawer=fn > 
  at <ClientOnly > 
  at <VApp theme="light" class="auto-text" > 
  at <VResponsive class="border rounded" > 
  at <Default ref=Ref< Proxy(Object) > > 
  at <AsyncComponentWrapper ref=Ref< Proxy(Object) > > 
  at <LayoutLoader key="default" layoutProps= {ref: RefImpl} name="default" > 
  at <NuxtLayoutProvider layoutProps= {ref: RefImpl} key="default" name="default"  ... > 
  at <NuxtLayout > 
  at <App key=4 > 
  at <NuxtRoot> @ http://localhost:3001/_nuxt/@fs/home/meebuzo/github/alternate-framework/apps/ecosystem/meeovi-frontend/node_modules/@sentry/core/build/esm/instrument/console.js?v=cfee6d51:42
[   29688ms] [WARNING] [Vue warn]: Avoid app logic that relies on enumerating keys on a component instance. The keys will be empty in production mode to avoid performance overhead. 
  at <VNavigationDrawer modelValue=undefined onUpdate:modelValue=fn location="right"  ... > 
  at <MenusTopmenuLayoutNotifications > 
  at <VCol class="notificationsHeader" > 
  at <VDefaultsProvider defaults= {VTabs: Object} > 
  at <VToolbar ref=Ref< Proxy(Object) > class="v-app-bar" style= {top: 0px, zIndex: 1014, transform: translateY(0px), position: fixed, height: undefined}  ... > 
  at <VAppBar id="topnav" > 
  at <MenusHeader drawer=false onToggleDrawer=fn > 
  at <ClientOnly > 
  at <VApp theme="light" class="auto-text" > 
  at <VResponsive class="border rounded" > 
  at <Default ref=Ref< Proxy(Object) > > 
  at <AsyncComponentWrapper ref=Ref< Proxy(Object) > > 
  at <LayoutLoader key="default" layoutProps= {ref: RefImpl} name="default" > 
  at <NuxtLayoutProvider layoutProps= {ref: RefImpl} key="default" name="default"  ... > 
  at <NuxtLayout > 
  at <App key=4 > 
  at <NuxtRoot> @ http://localhost:3001/_nuxt/@fs/home/meebuzo/github/alternate-framework/apps/ecosystem/meeovi-frontend/node_modules/@sentry/core/build/esm/instrument/console.js?v=cfee6d51:42
[   29691ms] [WARNING] [Vue warn]: Avoid app logic that relies on enumerating keys on a component instance. The keys will be empty in production mode to avoid performance overhead. 
  at <VNavigationDrawer modelValue=undefined onUpdate:modelValue=fn location="right"  ... > 
  at <MenusTopmenuLayoutNotifications > 
  at <VCol class="notificationsHeader" > 
  at <VDefaultsProvider defaults= {VTabs: Object} > 
  at <VToolbar ref=Ref< Proxy(Object) > class="v-app-bar" style= {top: 0px, zIndex: 1014, transform: translateY(0px), position: fixed, height: undefined}  ... > 
  at <VAppBar id="topnav" > 
  at <MenusHeader drawer=false onToggleDrawer=fn > 
  at <ClientOnly > 
  at <VApp theme="light" class="auto-text" > 
  at <VResponsive class="border rounded" > 
  at <Default ref=Ref< Proxy(Object) > > 
  at <AsyncComponentWrapper ref=Ref< Proxy(Object) > > 
  at <LayoutLoader key="default" layoutProps= {ref: RefImpl} name="default" > 
  at <NuxtLayoutProvider layoutProps= {ref: RefImpl} key="default" name="default"  ... > 
  at <NuxtLayout > 
  at <App key=4 > 
  at <NuxtRoot> @ http://localhost:3001/_nuxt/@fs/home/meebuzo/github/alternate-framework/apps/ecosystem/meeovi-frontend/node_modules/@sentry/core/build/esm/instrument/console.js?v=cfee6d51:42
[   29694ms] [WARNING] [Vue warn]: Avoid app logic that relies on enumerating keys on a component instance. The keys will be empty in production mode to avoid performance overhead. 
  at <VNavigationDrawer modelValue=undefined onUpdate:modelValue=fn location="right"  ... > 
  at <MenusTopmenuLayoutNotifications > 
  at <VCol class="notificationsHeader" > 
  at <VDefaultsProvider defaults= {VTabs: Object} > 
  at <VToolbar ref=Ref< Proxy(Object) > class="v-app-bar" style= {top: 0px, zIndex: 1014, transform: translateY(0px), position: fixed, height: undefined}  ... > 
  at <VAppBar id="topnav" > 
  at <MenusHeader drawer=false onToggleDrawer=fn > 
  at <ClientOnly > 
  at <VApp theme="light" class="auto-text" > 
  at <VResponsive class="border rounded" > 
  at <Default ref=Ref< Proxy(Object) > > 
  at <AsyncComponentWrapper ref=Ref< Proxy(Object) > > 
  at <LayoutLoader key="default" layoutProps= {ref: RefImpl} name="default" > 
  at <NuxtLayoutProvider layoutProps= {ref: RefImpl} key="default" name="default"  ... > 
  at <NuxtLayout > 
  at <App key=4 > 
  at <NuxtRoot> @ http://localhost:3001/_nuxt/@fs/home/meebuzo/github/alternate-framework/apps/ecosystem/meeovi-frontend/node_modules/@sentry/core/build/esm/instrument/console.js?v=cfee6d51:42
[   29697ms] [WARNING] [Vue warn]: Avoid app logic that relies on enumerating keys on a component instance. The keys will be empty in production mode to avoid performance overhead. 
  at <VNavigationDrawer modelValue=undefined onUpdate:modelValue=fn location="right"  ... > 
  at <MenusTopmenuLayoutNotifications > 
  at <VCol class="notificationsHeader" > 
  at <VDefaultsProvider defaults= {VTabs: Object} > 
  at <VToolbar ref=Ref< Proxy(Object) > class="v-app-bar" style= {top: 0px, zIndex: 1014, transform: translateY(0px), position: fixed, height: undefined}  ... > 
  at <VAppBar id="topnav" > 
  at <MenusHeader drawer=false onToggleDrawer=fn > 
  at <ClientOnly > 
  at <VApp theme="light" class="auto-text" > 
  at <VResponsive class="border rounded" > 
  at <Default ref=Ref< Proxy(Object) > > 
  at <AsyncComponentWrapper ref=Ref< Proxy(Object) > > 
  at <LayoutLoader key="default" layoutProps= {ref: RefImpl} name="default" > 
  at <NuxtLayoutProvider layoutProps= {ref: RefImpl} key="default" name="default"  ... > 
  at <NuxtLayout > 
  at <App key=4 > 
  at <NuxtRoot> @ http://localhost:3001/_nuxt/@fs/home/meebuzo/github/alternate-framework/apps/ecosystem/meeovi-frontend/node_modules/@sentry/core/build/esm/instrument/console.js?v=cfee6d51:42
[   29700ms] [WARNING] [Vue warn]: Avoid app logic that relies on enumerating keys on a component instance. The keys will be empty in production mode to avoid performance overhead. 
  at <VNavigationDrawer modelValue=undefined onUpdate:modelValue=fn location="right"  ... > 
  at <MenusTopmenuLayoutNotifications > 
  at <VCol class="notificationsHeader" > 
  at <VDefaultsProvider defaults= {VTabs: Object} > 
  at <VToolbar ref=Ref< Proxy(Object) > class="v-app-bar" style= {top: 0px, zIndex: 1014, transform: translateY(0px), position: fixed, height: undefined}  ... > 
  at <VAppBar id="topnav" > 
  at <MenusHeader drawer=false onToggleDrawer=fn > 
  at <ClientOnly > 
  at <VApp theme="light" class="auto-text" > 
  at <VResponsive class="border rounded" > 
  at <Default ref=Ref< Proxy(Object) > > 
  at <AsyncComponentWrapper ref=Ref< Proxy(Object) > > 
  at <LayoutLoader key="default" layoutProps= {ref: RefImpl} name="default" > 
  at <NuxtLayoutProvider layoutProps= {ref: RefImpl} key="default" name="default"  ... > 
  at <NuxtLayout > 
  at <App key=4 > 
  at <NuxtRoot> @ http://localhost:3001/_nuxt/@fs/home/meebuzo/github/alternate-framework/apps/ecosystem/meeovi-frontend/node_modules/@sentry/core/build/esm/instrument/console.js?v=cfee6d51:42
[   29703ms] [WARNING] [Vue warn]: Avoid app logic that relies on enumerating keys on a component instance. The keys will be empty in production mode to avoid performance overhead. 
  at <VNavigationDrawer modelValue=undefined onUpdate:modelValue=fn location="right"  ... > 
  at <MenusTopmenuLayoutNotifications > 
  at <VCol class="notificationsHeader" > 
  at <VDefaultsProvider defaults= {VTabs: Object} > 
  at <VToolbar ref=Ref< Proxy(Object) > class="v-app-bar" style= {top: 0px, zIndex: 1014, transform: translateY(0px), position: fixed, height: undefined}  ... > 
  at <VAppBar id="topnav" > 
  at <MenusHeader drawer=false onToggleDrawer=fn > 
  at <ClientOnly > 
  at <VApp theme="light" class="auto-text" > 
  at <VResponsive class="border rounded" > 
  at <Default ref=Ref< Proxy(Object) > > 
  at <AsyncComponentWrapper ref=Ref< Proxy(Object) > > 
  at <LayoutLoader key="default" layoutProps= {ref: RefImpl} name="default" > 
  at <NuxtLayoutProvider layoutProps= {ref: RefImpl} key="default" name="default"  ... > 
  at <NuxtLayout > 
  at <App key=4 > 
  at <NuxtRoot> @ http://localhost:3001/_nuxt/@fs/home/meebuzo/github/alternate-framework/apps/ecosystem/meeovi-frontend/node_modules/@sentry/core/build/esm/instrument/console.js?v=cfee6d51:42
[   29706ms] [WARNING] [Vue warn]: Avoid app logic that relies on enumerating keys on a component instance. The keys will be empty in production mode to avoid performance overhead. 
  at <VNavigationDrawer modelValue=undefined onUpdate:modelValue=fn location="right"  ... > 
  at <MenusTopmenuLayoutNotifications > 
  at <VCol class="notificationsHeader" > 
  at <VDefaultsProvider defaults= {VTabs: Object} > 
  at <VToolbar ref=Ref< Proxy(Object) > class="v-app-bar" style= {top: 0px, zIndex: 1014, transform: translateY(0px), position: fixed, height: undefined}  ... > 
  at <VAppBar id="topnav" > 
  at <MenusHeader drawer=false onToggleDrawer=fn > 
  at <ClientOnly > 
  at <VApp theme="light" class="auto-text" > 
  at <VResponsive class="border rounded" > 
  at <Default ref=Ref< Proxy(Object) > > 
  at <AsyncComponentWrapper ref=Ref< Proxy(Object) > > 
  at <LayoutLoader key="default" layoutProps= {ref: RefImpl} name="default" > 
  at <NuxtLayoutProvider layoutProps= {ref: RefImpl} key="default" name="default"  ... > 
  at <NuxtLayout > 
  at <App key=4 > 
  at <NuxtRoot> @ http://localhost:3001/_nuxt/@fs/home/meebuzo/github/alternate-framework/apps/ecosystem/meeovi-frontend/node_modules/@sentry/core/build/esm/instrument/console.js?v=cfee6d51:42
[   29710ms] [WARNING] [Vue warn]: Avoid app logic that relies on enumerating keys on a component instance. The keys will be empty in production mode to avoid performance overhead. 
  at <VNavigationDrawer modelValue=undefined onUpdate:modelValue=fn location="right"  ... > 
  at <MenusTopmenuLayoutNotifications > 
  at <VCol class="notificationsHeader" > 
  at <VDefaultsProvider defaults= {VTabs: Object} > 
  at <VToolbar ref=Ref< Proxy(Object) > class="v-app-bar" style= {top: 0px, zIndex: 1014, transform: translateY(0px), position: fixed, height: undefined}  ... > 
  at <VAppBar id="topnav" > 
  at <MenusHeader drawer=false onToggleDrawer=fn > 
  at <ClientOnly > 
  at <VApp theme="light" class="auto-text" > 
  at <VResponsive class="border rounded" > 
  at <Default ref=Ref< Proxy(Object) > > 
  at <AsyncComponentWrapper ref=Ref< Proxy(Object) > > 
  at <LayoutLoader key="default" layoutProps= {ref: RefImpl} name="default" > 
  at <NuxtLayoutProvider layoutProps= {ref: RefImpl} key="default" name="default"  ... > 
  at <NuxtLayout > 
  at <App key=4 > 
  at <NuxtRoot> @ http://localhost:3001/_nuxt/@fs/home/meebuzo/github/alternate-framework/apps/ecosystem/meeovi-frontend/node_modules/@sentry/core/build/esm/instrument/console.js?v=cfee6d51:42
[   29713ms] [WARNING] [Vue warn]: Avoid app logic that relies on enumerating keys on a component instance. The keys will be empty in production mode to avoid performance overhead. 
  at <VNavigationDrawer modelValue=undefined onUpdate:modelValue=fn location="right"  ... > 
  at <MenusTopmenuLayoutNotifications > 
  at <VCol class="notificationsHeader" > 
  at <VDefaultsProvider defaults= {VTabs: Object} > 
  at <VToolbar ref=Ref< Proxy(Object) > class="v-app-bar" style= {top: 0px, zIndex: 1014, transform: translateY(0px), position: fixed, height: undefined}  ... > 
  at <VAppBar id="topnav" > 
  at <MenusHeader drawer=false onToggleDrawer=fn > 
  at <ClientOnly > 
  at <VApp theme="light" class="auto-text" > 
  at <VResponsive class="border rounded" > 
  at <Default ref=Ref< Proxy(Object) > > 
  at <AsyncComponentWrapper ref=Ref< Proxy(Object) > > 
  at <LayoutLoader key="default" layoutProps= {ref: RefImpl} name="default" > 
  at <NuxtLayoutProvider layoutProps= {ref: RefImpl} key="default" name="default"  ... > 
  at <NuxtLayout > 
  at <App key=4 > 
  at <NuxtRoot> @ http://localhost:3001/_nuxt/@fs/home/meebuzo/github/alternate-framework/apps/ecosystem/meeovi-frontend/node_modules/@sentry/core/build/esm/instrument/console.js?v=cfee6d51:42
[   29716ms] [WARNING] [Vue warn]: Avoid app logic that relies on enumerating keys on a component instance. The keys will be empty in production mode to avoid performance overhead. 
  at <VNavigationDrawer modelValue=undefined onUpdate:modelValue=fn location="right"  ... > 
  at <MenusTopmenuLayoutNotifications > 
  at <VCol class="notificationsHeader" > 
  at <VDefaultsProvider defaults= {VTabs: Object} > 
  at <VToolbar ref=Ref< Proxy(Object) > class="v-app-bar" style= {top: 0px, zIndex: 1014, transform: translateY(0px), position: fixed, height: undefined}  ... > 
  at <VAppBar id="topnav" > 
  at <MenusHeader drawer=false onToggleDrawer=fn > 
  at <ClientOnly > 
  at <VApp theme="light" class="auto-text" > 
  at <VResponsive class="border rounded" > 
  at <Default ref=Ref< Proxy(Object) > > 
  at <AsyncComponentWrapper ref=Ref< Proxy(Object) > > 
  at <LayoutLoader key="default" layoutProps= {ref: RefImpl} name="default" > 
  at <NuxtLayoutProvider layoutProps= {ref: RefImpl} key="default" name="default"  ... > 
  at <NuxtLayout > 
  at <App key=4 > 
  at <NuxtRoot> @ http://localhost:3001/_nuxt/@fs/home/meebuzo/github/alternate-framework/apps/ecosystem/meeovi-frontend/node_modules/@sentry/core/build/esm/instrument/console.js?v=cfee6d51:42
[   29719ms] [WARNING] [Vue warn]: Avoid app logic that relies on enumerating keys on a component instance. The keys will be empty in production mode to avoid performance overhead. 
  at <VNavigationDrawer modelValue=undefined onUpdate:modelValue=fn location="right"  ... > 
  at <MenusTopmenuLayoutNotifications > 
  at <VCol class="notificationsHeader" > 
  at <VDefaultsProvider defaults= {VTabs: Object} > 
  at <VToolbar ref=Ref< Proxy(Object) > class="v-app-bar" style= {top: 0px, zIndex: 1014, transform: translateY(0px), position: fixed, height: undefined}  ... > 
  at <VAppBar id="topnav" > 
  at <MenusHeader drawer=false onToggleDrawer=fn > 
  at <ClientOnly > 
  at <VApp theme="light" class="auto-text" > 
  at <VResponsive class="border rounded" > 
  at <Default ref=Ref< Proxy(Object) > > 
  at <AsyncComponentWrapper ref=Ref< Proxy(Object) > > 
  at <LayoutLoader key="default" layoutProps= {ref: RefImpl} name="default" > 
  at <NuxtLayoutProvider layoutProps= {ref: RefImpl} key="default" name="default"  ... > 
  at <NuxtLayout > 
  at <App key=4 > 
  at <NuxtRoot> @ http://localhost:3001/_nuxt/@fs/home/meebuzo/github/alternate-framework/apps/ecosystem/meeovi-frontend/node_modules/@sentry/core/build/esm/instrument/console.js?v=cfee6d51:42
[   29722ms] [WARNING] [Vue warn]: Avoid app logic that relies on enumerating keys on a component instance. The keys will be empty in production mode to avoid performance overhead. 
  at <VNavigationDrawer modelValue=undefined onUpdate:modelValue=fn location="right"  ... > 
  at <MenusTopmenuLayoutNotifications > 
  at <VCol class="notificationsHeader" > 
  at <VDefaultsProvider defaults= {VTabs: Object} > 
  at <VToolbar ref=Ref< Proxy(Object) > class="v-app-bar" style= {top: 0px, zIndex: 1014, transform: translateY(0px), position: fixed, height: undefined}  ... > 
  at <VAppBar id="topnav" > 
  at <MenusHeader drawer=false onToggleDrawer=fn > 
  at <ClientOnly > 
  at <VApp theme="light" class="auto-text" > 
  at <VResponsive class="border rounded" > 
  at <Default ref=Ref< Proxy(Object) > > 
  at <AsyncComponentWrapper ref=Ref< Proxy(Object) > > 
  at <LayoutLoader key="default" layoutProps= {ref: RefImpl} name="default" > 
  at <NuxtLayoutProvider layoutProps= {ref: RefImpl} key="default" name="default"  ... > 
  at <NuxtLayout > 
  at <App key=4 > 
  at <NuxtRoot> @ http://localhost:3001/_nuxt/@fs/home/meebuzo/github/alternate-framework/apps/ecosystem/meeovi-frontend/node_modules/@sentry/core/build/esm/instrument/console.js?v=cfee6d51:42
[   29726ms] [WARNING] [Vue warn]: Avoid app logic that relies on enumerating keys on a component instance. The keys will be empty in production mode to avoid performance overhead. 
  at <VNavigationDrawer modelValue=undefined onUpdate:modelValue=fn location="right"  ... > 
  at <MenusTopmenuLayoutNotifications > 
  at <VCol class="notificationsHeader" > 
  at <VDefaultsProvider defaults= {VTabs: Object} > 
  at <VToolbar ref=Ref< Proxy(Object) > class="v-app-bar" style= {top: 0px, zIndex: 1014, transform: translateY(0px), position: fixed, height: undefined}  ... > 
  at <VAppBar id="topnav" > 
  at <MenusHeader drawer=false onToggleDrawer=fn > 
  at <ClientOnly > 
  at <VApp theme="light" class="auto-text" > 
  at <VResponsive class="border rounded" > 
  at <Default ref=Ref< Proxy(Object) > > 
  at <AsyncComponentWrapper ref=Ref< Proxy(Object) > > 
  at <LayoutLoader key="default" layoutProps= {ref: RefImpl} name="default" > 
  at <NuxtLayoutProvider layoutProps= {ref: RefImpl} key="default" name="default"  ... > 
  at <NuxtLayout > 
  at <App key=4 > 
  at <NuxtRoot> @ http://localhost:3001/_nuxt/@fs/home/meebuzo/github/alternate-framework/apps/ecosystem/meeovi-frontend/node_modules/@sentry/core/build/esm/instrument/console.js?v=cfee6d51:42
[   29730ms] [WARNING] [Vue warn]: Avoid app logic that relies on enumerating keys on a component instance. The keys will be empty in production mode to avoid performance overhead. 
  at <VNavigationDrawer modelValue=undefined onUpdate:modelValue=fn location="right"  ... > 
  at <MenusTopmenuLayoutNotifications > 
  at <VCol class="notificationsHeader" > 
  at <VDefaultsProvider defaults= {VTabs: Object} > 
  at <VToolbar ref=Ref< Proxy(Object) > class="v-app-bar" style= {top: 0px, zIndex: 1014, transform: translateY(0px), position: fixed, height: undefined}  ... > 
  at <VAppBar id="topnav" > 
  at <MenusHeader drawer=false onToggleDrawer=fn > 
  at <ClientOnly > 
  at <VApp theme="light" class="auto-text" > 
  at <VResponsive class="border rounded" > 
  at <Default ref=Ref< Proxy(Object) > > 
  at <AsyncComponentWrapper ref=Ref< Proxy(Object) > > 
  at <LayoutLoader key="default" layoutProps= {ref: RefImpl} name="default" > 
  at <NuxtLayoutProvider layoutProps= {ref: RefImpl} key="default" name="default"  ... > 
  at <NuxtLayout > 
  at <App key=4 > 
  at <NuxtRoot> @ http://localhost:3001/_nuxt/@fs/home/meebuzo/github/alternate-framework/apps/ecosystem/meeovi-frontend/node_modules/@sentry/core/build/esm/instrument/console.js?v=cfee6d51:42
[   29736ms] [ERROR] Connecting to 'https://o996770.ingest.us.sentry.io/api/5955273/envelope/?sentry_version=7&sentry_key=df1b90fab7c44ce8aef097a63b468d61&sentry_client=sentry.javascript.nuxt%2F10.63.0' violates the following Content Security Policy directive: "connect-src 'self' https://*.mux.com". The action has been blocked. @ http://localhost:3001/_nuxt/@fs/home/meebuzo/github/alternate-framework/apps/ecosystem/meeovi-frontend/node_modules/@sentry/browser/build/npm/esm/dev/transports/fetch.js?v=cfee6d51:31
[   29737ms] [ERROR] Fetch API cannot load https://o996770.ingest.us.sentry.io/api/5955273/envelope/?sentry_version=7&sentry_key=df1b90fab7c44ce8aef097a63b468d61&sentry_client=sentry.javascript.nuxt%2F10.63.0. Refused to connect because it violates the document's Content Security Policy. @ http://localhost:3001/_nuxt/@fs/home/meebuzo/github/alternate-framework/apps/ecosystem/meeovi-frontend/node_modules/@sentry/browser/build/npm/esm/dev/transports/fetch.js?v=cfee6d51:31
[   29738ms] [ERROR] Failed to load resource: the server responded with a status of 404 (Not Found) @ http://localhost:3001/api/auth/fetch-session:0
[   29739ms] [ERROR] Failed to load resource: the server responded with a status of 404 (Not Found) @ http://localhost:3001/api/auth/fetch-session:0
[   29744ms] [WARNING] [Vue warn]: Avoid app logic that relies on enumerating keys on a component instance. The keys will be empty in production mode to avoid performance overhead. 
  at <VNavigationDrawer modelValue=undefined onUpdate:modelValue=fn location="right"  ... > 
  at <MenusTopmenuLayoutNotifications > 
  at <VCol class="notificationsHeader" > 
  at <VDefaultsProvider defaults= {VTabs: Object} > 
  at <VToolbar ref=Ref< Proxy(Object) > class="v-app-bar" style= {top: 0px, zIndex: 1014, transform: translateY(0px), position: fixed, height: undefined}  ... > 
  at <VAppBar id="topnav" > 
  at <MenusHeader drawer=false onToggleDrawer=fn > 
  at <ClientOnly > 
  at <VApp theme="light" class="auto-text" > 
  at <VResponsive class="border rounded" > 
  at <Default ref=Ref< Proxy(Object) > > 
  at <AsyncComponentWrapper ref=Ref< Proxy(Object) > > 
  at <LayoutLoader key="default" layoutProps= {ref: RefImpl} name="default" > 
  at <NuxtLayoutProvider layoutProps= {ref: RefImpl} key="default" name="default"  ... > 
  at <NuxtLayout > 
  at <App key=4 > 
  at <NuxtRoot> @ http://localhost:3001/_nuxt/@fs/home/meebuzo/github/alternate-framework/apps/ecosystem/meeovi-frontend/node_modules/@sentry/core/build/esm/instrument/console.js?v=cfee6d51:42
[   29748ms] [WARNING] [Vue warn]: Avoid app logic that relies on enumerating keys on a component instance. The keys will be empty in production mode to avoid performance overhead. 
  at <VNavigationDrawer modelValue=undefined onUpdate:modelValue=fn location="right"  ... > 
  at <MenusTopmenuLayoutNotifications > 
  at <VCol class="notificationsHeader" > 
  at <VDefaultsProvider defaults= {VTabs: Object} > 
  at <VToolbar ref=Ref< Proxy(Object) > class="v-app-bar" style= {top: 0px, zIndex: 1014, transform: translateY(0px), position: fixed, height: undefined}  ... > 
  at <VAppBar id="topnav" > 
  at <MenusHeader drawer=false onToggleDrawer=fn > 
  at <ClientOnly > 
  at <VApp theme="light" class="auto-text" > 
  at <VResponsive class="border rounded" > 
  at <Default ref=Ref< Proxy(Object) > > 
  at <AsyncComponentWrapper ref=Ref< Proxy(Object) > > 
  at <LayoutLoader key="default" layoutProps= {ref: RefImpl} name="default" > 
  at <NuxtLayoutProvider layoutProps= {ref: RefImpl} key="default" name="default"  ... > 
  at <NuxtLayout > 
  at <App key=4 > 
  at <NuxtRoot> @ http://localhost:3001/_nuxt/@fs/home/meebuzo/github/alternate-framework/apps/ecosystem/meeovi-frontend/node_modules/@sentry/core/build/esm/instrument/console.js?v=cfee6d51:42
[   29752ms] [WARNING] [Vue warn]: Avoid app logic that relies on enumerating keys on a component instance. The keys will be empty in production mode to avoid performance overhead. 
  at <VNavigationDrawer modelValue=undefined onUpdate:modelValue=fn location="right"  ... > 
  at <MenusTopmenuLayoutNotifications > 
  at <VCol class="notificationsHeader" > 
  at <VDefaultsProvider defaults= {VTabs: Object} > 
  at <VToolbar ref=Ref< Proxy(Object) > class="v-app-bar" style= {top: 0px, zIndex: 1014, transform: translateY(0px), position: fixed, height: undefined}  ... > 
  at <VAppBar id="topnav" > 
  at <MenusHeader drawer=false onToggleDrawer=fn > 
  at <ClientOnly > 
  at <VApp theme="light" class="auto-text" > 
  at <VResponsive class="border rounded" > 
  at <Default ref=Ref< Proxy(Object) > > 
  at <AsyncComponentWrapper ref=Ref< Proxy(Object) > > 
  at <LayoutLoader key="default" layoutProps= {ref: RefImpl} name="default" > 
  at <NuxtLayoutProvider layoutProps= {ref: RefImpl} key="default" name="default"  ... > 
  at <NuxtLayout > 
  at <App key=4 > 
  at <NuxtRoot> @ http://localhost:3001/_nuxt/@fs/home/meebuzo/github/alternate-framework/apps/ecosystem/meeovi-frontend/node_modules/@sentry/core/build/esm/instrument/console.js?v=cfee6d51:42
[   29755ms] [WARNING] [Vue warn]: Avoid app logic that relies on enumerating keys on a component instance. The keys will be empty in production mode to avoid performance overhead. 
  at <VNavigationDrawer modelValue=undefined onUpdate:modelValue=fn location="right"  ... > 
  at <MenusTopmenuLayoutNotifications > 
  at <VCol class="notificationsHeader" > 
  at <VDefaultsProvider defaults= {VTabs: Object} > 
  at <VToolbar ref=Ref< Proxy(Object) > class="v-app-bar" style= {top: 0px, zIndex: 1014, transform: translateY(0px), position: fixed, height: undefined}  ... > 
  at <VAppBar id="topnav" > 
  at <MenusHeader drawer=false onToggleDrawer=fn > 
  at <ClientOnly > 
  at <VApp theme="light" class="auto-text" > 
  at <VResponsive class="border rounded" > 
  at <Default ref=Ref< Proxy(Object) > > 
  at <AsyncComponentWrapper ref=Ref< Proxy(Object) > > 
  at <LayoutLoader key="default" layoutProps= {ref: RefImpl} name="default" > 
  at <NuxtLayoutProvider layoutProps= {ref: RefImpl} key="default" name="default"  ... > 
  at <NuxtLayout > 
  at <App key=4 > 
  at <NuxtRoot> @ http://localhost:3001/_nuxt/@fs/home/meebuzo/github/alternate-framework/apps/ecosystem/meeovi-frontend/node_modules/@sentry/core/build/esm/instrument/console.js?v=cfee6d51:42
[   29758ms] [WARNING] [Vue warn]: Avoid app logic that relies on enumerating keys on a component instance. The keys will be empty in production mode to avoid performance overhead. 
  at <VNavigationDrawer modelValue=undefined onUpdate:modelValue=fn location="right"  ... > 
  at <MenusTopmenuLayoutNotifications > 
  at <VCol class="notificationsHeader" > 
  at <VDefaultsProvider defaults= {VTabs: Object} > 
  at <VToolbar ref=Ref< Proxy(Object) > class="v-app-bar" style= {top: 0px, zIndex: 1014, transform: translateY(0px), position: fixed, height: undefined}  ... > 
  at <VAppBar id="topnav" > 
  at <MenusHeader drawer=false onToggleDrawer=fn > 
  at <ClientOnly > 
  at <VApp theme="light" class="auto-text" > 
  at <VResponsive class="border rounded" > 
  at <Default ref=Ref< Proxy(Object) > > 
  at <AsyncComponentWrapper ref=Ref< Proxy(Object) > > 
  at <LayoutLoader key="default" layoutProps= {ref: RefImpl} name="default" > 
  at <NuxtLayoutProvider layoutProps= {ref: RefImpl} key="default" name="default"  ... > 
  at <NuxtLayout > 
  at <App key=4 > 
  at <NuxtRoot> @ http://localhost:3001/_nuxt/@fs/home/meebuzo/github/alternate-framework/apps/ecosystem/meeovi-frontend/node_modules/@sentry/core/build/esm/instrument/console.js?v=cfee6d51:42
[   29762ms] [WARNING] [Vue warn]: Avoid app logic that relies on enumerating keys on a component instance. The keys will be empty in production mode to avoid performance overhead. 
  at <VNavigationDrawer modelValue=undefined onUpdate:modelValue=fn location="right"  ... > 
  at <MenusTopmenuLayoutNotifications > 
  at <VCol class="notificationsHeader" > 
  at <VDefaultsProvider defaults= {VTabs: Object} > 
  at <VToolbar ref=Ref< Proxy(Object) > class="v-app-bar" style= {top: 0px, zIndex: 1014, transform: translateY(0px), position: fixed, height: undefined}  ... > 
  at <VAppBar id="topnav" > 
  at <MenusHeader drawer=false onToggleDrawer=fn > 
  at <ClientOnly > 
  at <VApp theme="light" class="auto-text" > 
  at <VResponsive class="border rounded" > 
  at <Default ref=Ref< Proxy(Object) > > 
  at <AsyncComponentWrapper ref=Ref< Proxy(Object) > > 
  at <LayoutLoader key="default" layoutProps= {ref: RefImpl} name="default" > 
  at <NuxtLayoutProvider layoutProps= {ref: RefImpl} key="default" name="default"  ... > 
  at <NuxtLayout > 
  at <App key=4 > 
  at <NuxtRoot> @ http://localhost:3001/_nuxt/@fs/home/meebuzo/github/alternate-framework/apps/ecosystem/meeovi-frontend/node_modules/@sentry/core/build/esm/instrument/console.js?v=cfee6d51:42
[   29766ms] [WARNING] [Vue warn]: Avoid app logic that relies on enumerating keys on a component instance. The keys will be empty in production mode to avoid performance overhead. 
  at <VNavigationDrawer modelValue=undefined onUpdate:modelValue=fn location="right"  ... > 
  at <MenusTopmenuLayoutNotifications > 
  at <VCol class="notificationsHeader" > 
  at <VDefaultsProvider defaults= {VTabs: Object} > 
  at <VToolbar ref=Ref< Proxy(Object) > class="v-app-bar" style= {top: 0px, zIndex: 1014, transform: translateY(0px), position: fixed, height: undefined}  ... > 
  at <VAppBar id="topnav" > 
  at <MenusHeader drawer=false onToggleDrawer=fn > 
  at <ClientOnly > 
  at <VApp theme="light" class="auto-text" > 
  at <VResponsive class="border rounded" > 
  at <Default ref=Ref< Proxy(Object) > > 
  at <AsyncComponentWrapper ref=Ref< Proxy(Object) > > 
  at <LayoutLoader key="default" layoutProps= {ref: RefImpl} name="default" > 
  at <NuxtLayoutProvider layoutProps= {ref: RefImpl} key="default" name="default"  ... > 
  at <NuxtLayout > 
  at <App key=4 > 
  at <NuxtRoot> @ http://localhost:3001/_nuxt/@fs/home/meebuzo/github/alternate-framework/apps/ecosystem/meeovi-frontend/node_modules/@sentry/core/build/esm/instrument/console.js?v=cfee6d51:42
[   29770ms] [WARNING] [Vue warn]: Avoid app logic that relies on enumerating keys on a component instance. The keys will be empty in production mode to avoid performance overhead. 
  at <VNavigationDrawer modelValue=undefined onUpdate:modelValue=fn location="right"  ... > 
  at <MenusTopmenuLayoutNotifications > 
  at <VCol class="notificationsHeader" > 
  at <VDefaultsProvider defaults= {VTabs: Object} > 
  at <VToolbar ref=Ref< Proxy(Object) > class="v-app-bar" style= {top: 0px, zIndex: 1014, transform: translateY(0px), position: fixed, height: undefined}  ... > 
  at <VAppBar id="topnav" > 
  at <MenusHeader drawer=false onToggleDrawer=fn > 
  at <ClientOnly > 
  at <VApp theme="light" class="auto-text" > 
  at <VResponsive class="border rounded" > 
  at <Default ref=Ref< Proxy(Object) > > 
  at <AsyncComponentWrapper ref=Ref< Proxy(Object) > > 
  at <LayoutLoader key="default" layoutProps= {ref: RefImpl} name="default" > 
  at <NuxtLayoutProvider layoutProps= {ref: RefImpl} key="default" name="default"  ... > 
  at <NuxtLayout > 
  at <App key=4 > 
  at <NuxtRoot> @ http://localhost:3001/_nuxt/@fs/home/meebuzo/github/alternate-framework/apps/ecosystem/meeovi-frontend/node_modules/@sentry/core/build/esm/instrument/console.js?v=cfee6d51:42
[   29773ms] [WARNING] [Vue warn]: Avoid app logic that relies on enumerating keys on a component instance. The keys will be empty in production mode to avoid performance overhead. 
  at <VNavigationDrawer modelValue=undefined onUpdate:modelValue=fn location="right"  ... > 
  at <MenusTopmenuLayoutNotifications > 
  at <VCol class="notificationsHeader" > 
  at <VDefaultsProvider defaults= {VTabs: Object} > 
  at <VToolbar ref=Ref< Proxy(Object) > class="v-app-bar" style= {top: 0px, zIndex: 1014, transform: translateY(0px), position: fixed, height: undefined}  ... > 
  at <VAppBar id="topnav" > 
  at <MenusHeader drawer=false onToggleDrawer=fn > 
  at <ClientOnly > 
  at <VApp theme="light" class="auto-text" > 
  at <VResponsive class="border rounded" > 
  at <Default ref=Ref< Proxy(Object) > > 
  at <AsyncComponentWrapper ref=Ref< Proxy(Object) > > 
  at <LayoutLoader key="default" layoutProps= {ref: RefImpl} name="default" > 
  at <NuxtLayoutProvider layoutProps= {ref: RefImpl} key="default" name="default"  ... > 
  at <NuxtLayout > 
  at <App key=4 > 
  at <NuxtRoot> @ http://localhost:3001/_nuxt/@fs/home/meebuzo/github/alternate-framework/apps/ecosystem/meeovi-frontend/node_modules/@sentry/core/build/esm/instrument/console.js?v=cfee6d51:42
[   29777ms] [WARNING] [Vue warn]: Avoid app logic that relies on enumerating keys on a component instance. The keys will be empty in production mode to avoid performance overhead. 
  at <VNavigationDrawer modelValue=undefined onUpdate:modelValue=fn location="right"  ... > 
  at <MenusTopmenuLayoutNotifications > 
  at <VCol class="notificationsHeader" > 
  at <VDefaultsProvider defaults= {VTabs: Object} > 
  at <VToolbar ref=Ref< Proxy(Object) > class="v-app-bar" style= {top: 0px, zIndex: 1014, transform: translateY(0px), position: fixed, height: undefined}  ... > 
  at <VAppBar id="topnav" > 
  at <MenusHeader drawer=false onToggleDrawer=fn > 
  at <ClientOnly > 
  at <VApp theme="light" class="auto-text" > 
  at <VResponsive class="border rounded" > 
  at <Default ref=Ref< Proxy(Object) > > 
  at <AsyncComponentWrapper ref=Ref< Proxy(Object) > > 
  at <LayoutLoader key="default" layoutProps= {ref: RefImpl} name="default" > 
  at <NuxtLayoutProvider layoutProps= {ref: RefImpl} key="default" name="default"  ... > 
  at <NuxtLayout > 
  at <App key=4 > 
  at <NuxtRoot> @ http://localhost:3001/_nuxt/@fs/home/meebuzo/github/alternate-framework/apps/ecosystem/meeovi-frontend/node_modules/@sentry/core/build/esm/instrument/console.js?v=cfee6d51:42
[   29781ms] [WARNING] [Vue warn]: Avoid app logic that relies on enumerating keys on a component instance. The keys will be empty in production mode to avoid performance overhead. 
  at <VNavigationDrawer modelValue=undefined onUpdate:modelValue=fn location="right"  ... > 
  at <MenusTopmenuLayoutNotifications > 
  at <VCol class="notificationsHeader" > 
  at <VDefaultsProvider defaults= {VTabs: Object} > 
  at <VToolbar ref=Ref< Proxy(Object) > class="v-app-bar" style= {top: 0px, zIndex: 1014, transform: translateY(0px), position: fixed, height: undefined}  ... > 
  at <VAppBar id="topnav" > 
  at <MenusHeader drawer=false onToggleDrawer=fn > 
  at <ClientOnly > 
  at <VApp theme="light" class="auto-text" > 
  at <VResponsive class="border rounded" > 
  at <Default ref=Ref< Proxy(Object) > > 
  at <AsyncComponentWrapper ref=Ref< Proxy(Object) > > 
  at <LayoutLoader key="default" layoutProps= {ref: RefImpl} name="default" > 
  at <NuxtLayoutProvider layoutProps= {ref: RefImpl} key="default" name="default"  ... > 
  at <NuxtLayout > 
  at <App key=4 > 
  at <NuxtRoot> @ http://localhost:3001/_nuxt/@fs/home/meebuzo/github/alternate-framework/apps/ecosystem/meeovi-frontend/node_modules/@sentry/core/build/esm/instrument/console.js?v=cfee6d51:42
[   29785ms] [WARNING] [Vue warn]: Avoid app logic that relies on enumerating keys on a component instance. The keys will be empty in production mode to avoid performance overhead. 
  at <VNavigationDrawer modelValue=undefined onUpdate:modelValue=fn location="right"  ... > 
  at <MenusTopmenuLayoutNotifications > 
  at <VCol class="notificationsHeader" > 
  at <VDefaultsProvider defaults= {VTabs: Object} > 
  at <VToolbar ref=Ref< Proxy(Object) > class="v-app-bar" style= {top: 0px, zIndex: 1014, transform: translateY(0px), position: fixed, height: undefined}  ... > 
  at <VAppBar id="topnav" > 
  at <MenusHeader drawer=false onToggleDrawer=fn > 
  at <ClientOnly > 
  at <VApp theme="light" class="auto-text" > 
  at <VResponsive class="border rounded" > 
  at <Default ref=Ref< Proxy(Object) > > 
  at <AsyncComponentWrapper ref=Ref< Proxy(Object) > > 
  at <LayoutLoader key="default" layoutProps= {ref: RefImpl} name="default" > 
  at <NuxtLayoutProvider layoutProps= {ref: RefImpl} key="default" name="default"  ... > 
  at <NuxtLayout > 
  at <App key=4 > 
  at <NuxtRoot> @ http://localhost:3001/_nuxt/@fs/home/meebuzo/github/alternate-framework/apps/ecosystem/meeovi-frontend/node_modules/@sentry/core/build/esm/instrument/console.js?v=cfee6d51:42
[   29790ms] [WARNING] [Vue warn]: Avoid app logic that relies on enumerating keys on a component instance. The keys will be empty in production mode to avoid performance overhead. 
  at <VNavigationDrawer modelValue=undefined onUpdate:modelValue=fn location="right"  ... > 
  at <MenusTopmenuLayoutNotifications > 
  at <VCol class="notificationsHeader" > 
  at <VDefaultsProvider defaults= {VTabs: Object} > 
  at <VToolbar ref=Ref< Proxy(Object) > class="v-app-bar" style= {top: 0px, zIndex: 1014, transform: translateY(0px), position: fixed, height: undefined}  ... > 
  at <VAppBar id="topnav" > 
  at <MenusHeader drawer=false onToggleDrawer=fn > 
  at <ClientOnly > 
  at <VApp theme="light" class="auto-text" > 
  at <VResponsive class="border rounded" > 
  at <Default ref=Ref< Proxy(Object) > > 
  at <AsyncComponentWrapper ref=Ref< Proxy(Object) > > 
  at <LayoutLoader key="default" layoutProps= {ref: RefImpl} name="default" > 
  at <NuxtLayoutProvider layoutProps= {ref: RefImpl} key="default" name="default"  ... > 
  at <NuxtLayout > 
  at <App key=4 > 
  at <NuxtRoot> @ http://localhost:3001/_nuxt/@fs/home/meebuzo/github/alternate-framework/apps/ecosystem/meeovi-frontend/node_modules/@sentry/core/build/esm/instrument/console.js?v=cfee6d51:42
[   29793ms] [WARNING] [Vue warn]: Avoid app logic that relies on enumerating keys on a component instance. The keys will be empty in production mode to avoid performance overhead. 
  at <VNavigationDrawer modelValue=undefined onUpdate:modelValue=fn location="right"  ... > 
  at <MenusTopmenuLayoutNotifications > 
  at <VCol class="notificationsHeader" > 
  at <VDefaultsProvider defaults= {VTabs: Object} > 
  at <VToolbar ref=Ref< Proxy(Object) > class="v-app-bar" style= {top: 0px, zIndex: 1014, transform: translateY(0px), position: fixed, height: undefined}  ... > 
  at <VAppBar id="topnav" > 
  at <MenusHeader drawer=false onToggleDrawer=fn > 
  at <ClientOnly > 
  at <VApp theme="light" class="auto-text" > 
  at <VResponsive class="border rounded" > 
  at <Default ref=Ref< Proxy(Object) > > 
  at <AsyncComponentWrapper ref=Ref< Proxy(Object) > > 
  at <LayoutLoader key="default" layoutProps= {ref: RefImpl} name="default" > 
  at <NuxtLayoutProvider layoutProps= {ref: RefImpl} key="default" name="default"  ... > 
  at <NuxtLayout > 
  at <App key=4 > 
  at <NuxtRoot> @ http://localhost:3001/_nuxt/@fs/home/meebuzo/github/alternate-framework/apps/ecosystem/meeovi-frontend/node_modules/@sentry/core/build/esm/instrument/console.js?v=cfee6d51:42
[   29796ms] [WARNING] [Vue warn]: Avoid app logic that relies on enumerating keys on a component instance. The keys will be empty in production mode to avoid performance overhead. 
  at <VNavigationDrawer modelValue=undefined onUpdate:modelValue=fn location="right"  ... > 
  at <MenusTopmenuLayoutNotifications > 
  at <VCol class="notificationsHeader" > 
  at <VDefaultsProvider defaults= {VTabs: Object} > 
  at <VToolbar ref=Ref< Proxy(Object) > class="v-app-bar" style= {top: 0px, zIndex: 1014, transform: translateY(0px), position: fixed, height: undefined}  ... > 
  at <VAppBar id="topnav" > 
  at <MenusHeader drawer=false onToggleDrawer=fn > 
  at <ClientOnly > 
  at <VApp theme="light" class="auto-text" > 
  at <VResponsive class="border rounded" > 
  at <Default ref=Ref< Proxy(Object) > > 
  at <AsyncComponentWrapper ref=Ref< Proxy(Object) > > 
  at <LayoutLoader key="default" layoutProps= {ref: RefImpl} name="default" > 
  at <NuxtLayoutProvider layoutProps= {ref: RefImpl} key="default" name="default"  ... > 
  at <NuxtLayout > 
  at <App key=4 > 
  at <NuxtRoot> @ http://localhost:3001/_nuxt/@fs/home/meebuzo/github/alternate-framework/apps/ecosystem/meeovi-frontend/node_modules/@sentry/core/build/esm/instrument/console.js?v=cfee6d51:42
[   29800ms] [WARNING] [Vue warn]: Avoid app logic that relies on enumerating keys on a component instance. The keys will be empty in production mode to avoid performance overhead. 
  at <VNavigationDrawer modelValue=undefined onUpdate:modelValue=fn location="right"  ... > 
  at <MenusTopmenuLayoutNotifications > 
  at <VCol class="notificationsHeader" > 
  at <VDefaultsProvider defaults= {VTabs: Object} > 
  at <VToolbar ref=Ref< Proxy(Object) > class="v-app-bar" style= {top: 0px, zIndex: 1014, transform: translateY(0px), position: fixed, height: undefined}  ... > 
  at <VAppBar id="topnav" > 
  at <MenusHeader drawer=false onToggleDrawer=fn > 
  at <ClientOnly > 
  at <VApp theme="light" class="auto-text" > 
  at <VResponsive class="border rounded" > 
  at <Default ref=Ref< Proxy(Object) > > 
  at <AsyncComponentWrapper ref=Ref< Proxy(Object) > > 
  at <LayoutLoader key="default" layoutProps= {ref: RefImpl} name="default" > 
  at <NuxtLayoutProvider layoutProps= {ref: RefImpl} key="default" name="default"  ... > 
  at <NuxtLayout > 
  at <App key=4 > 
  at <NuxtRoot> @ http://localhost:3001/_nuxt/@fs/home/meebuzo/github/alternate-framework/apps/ecosystem/meeovi-frontend/node_modules/@sentry/core/build/esm/instrument/console.js?v=cfee6d51:42
[   29805ms] [WARNING] [Vue warn]: Avoid app logic that relies on enumerating keys on a component instance. The keys will be empty in production mode to avoid performance overhead. 
  at <VNavigationDrawer modelValue=undefined onUpdate:modelValue=fn location="right"  ... > 
  at <MenusTopmenuLayoutNotifications > 
  at <VCol class="notificationsHeader" > 
  at <VDefaultsProvider defaults= {VTabs: Object} > 
  at <VToolbar ref=Ref< Proxy(Object) > class="v-app-bar" style= {top: 0px, zIndex: 1014, transform: translateY(0px), position: fixed, height: undefined}  ... > 
  at <VAppBar id="topnav" > 
  at <MenusHeader drawer=false onToggleDrawer=fn > 
  at <ClientOnly > 
  at <VApp theme="light" class="auto-text" > 
  at <VResponsive class="border rounded" > 
  at <Default ref=Ref< Proxy(Object) > > 
  at <AsyncComponentWrapper ref=Ref< Proxy(Object) > > 
  at <LayoutLoader key="default" layoutProps= {ref: RefImpl} name="default" > 
  at <NuxtLayoutProvider layoutProps= {ref: RefImpl} key="default" name="default"  ... > 
  at <NuxtLayout > 
  at <App key=4 > 
  at <NuxtRoot> @ http://localhost:3001/_nuxt/@fs/home/meebuzo/github/alternate-framework/apps/ecosystem/meeovi-frontend/node_modules/@sentry/core/build/esm/instrument/console.js?v=cfee6d51:42
[   29809ms] [WARNING] [Vue warn]: Avoid app logic that relies on enumerating keys on a component instance. The keys will be empty in production mode to avoid performance overhead. 
  at <VNavigationDrawer modelValue=undefined onUpdate:modelValue=fn location="right"  ... > 
  at <MenusTopmenuLayoutNotifications > 
  at <VCol class="notificationsHeader" > 
  at <VDefaultsProvider defaults= {VTabs: Object} > 
  at <VToolbar ref=Ref< Proxy(Object) > class="v-app-bar" style= {top: 0px, zIndex: 1014, transform: translateY(0px), position: fixed, height: undefined}  ... > 
  at <VAppBar id="topnav" > 
  at <MenusHeader drawer=false onToggleDrawer=fn > 
  at <ClientOnly > 
  at <VApp theme="light" class="auto-text" > 
  at <VResponsive class="border rounded" > 
  at <Default ref=Ref< Proxy(Object) > > 
  at <AsyncComponentWrapper ref=Ref< Proxy(Object) > > 
  at <LayoutLoader key="default" layoutProps= {ref: RefImpl} name="default" > 
  at <NuxtLayoutProvider layoutProps= {ref: RefImpl} key="default" name="default"  ... > 
  at <NuxtLayout > 
  at <App key=4 > 
  at <NuxtRoot> @ http://localhost:3001/_nuxt/@fs/home/meebuzo/github/alternate-framework/apps/ecosystem/meeovi-frontend/node_modules/@sentry/core/build/esm/instrument/console.js?v=cfee6d51:42
[   29812ms] [WARNING] [Vue warn]: Avoid app logic that relies on enumerating keys on a component instance. The keys will be empty in production mode to avoid performance overhead. 
  at <VNavigationDrawer modelValue=undefined onUpdate:modelValue=fn location="right"  ... > 
  at <MenusTopmenuLayoutNotifications > 
  at <VCol class="notificationsHeader" > 
  at <VDefaultsProvider defaults= {VTabs: Object} > 
  at <VToolbar ref=Ref< Proxy(Object) > class="v-app-bar" style= {top: 0px, zIndex: 1014, transform: translateY(0px), position: fixed, height: undefined}  ... > 
  at <VAppBar id="topnav" > 
  at <MenusHeader drawer=false onToggleDrawer=fn > 
  at <ClientOnly > 
  at <VApp theme="light" class="auto-text" > 
  at <VResponsive class="border rounded" > 
  at <Default ref=Ref< Proxy(Object) > > 
  at <AsyncComponentWrapper ref=Ref< Proxy(Object) > > 
  at <LayoutLoader key="default" layoutProps= {ref: RefImpl} name="default" > 
  at <NuxtLayoutProvider layoutProps= {ref: RefImpl} key="default" name="default"  ... > 
  at <NuxtLayout > 
  at <App key=4 > 
  at <NuxtRoot> @ http://localhost:3001/_nuxt/@fs/home/meebuzo/github/alternate-framework/apps/ecosystem/meeovi-frontend/node_modules/@sentry/core/build/esm/instrument/console.js?v=cfee6d51:42
[   29817ms] [WARNING] [Vue warn]: Avoid app logic that relies on enumerating keys on a component instance. The keys will be empty in production mode to avoid performance overhead. 
  at <VNavigationDrawer modelValue=undefined onUpdate:modelValue=fn location="right"  ... > 
  at <MenusTopmenuLayoutNotifications > 
  at <VCol class="notificationsHeader" > 
  at <VDefaultsProvider defaults= {VTabs: Object} > 
  at <VToolbar ref=Ref< Proxy(Object) > class="v-app-bar" style= {top: 0px, zIndex: 1014, transform: translateY(0px), position: fixed, height: undefined}  ... > 
  at <VAppBar id="topnav" > 
  at <MenusHeader drawer=false onToggleDrawer=fn > 
  at <ClientOnly > 
  at <VApp theme="light" class="auto-text" > 
  at <VResponsive class="border rounded" > 
  at <Default ref=Ref< Proxy(Object) > > 
  at <AsyncComponentWrapper ref=Ref< Proxy(Object) > > 
  at <LayoutLoader key="default" layoutProps= {ref: RefImpl} name="default" > 
  at <NuxtLayoutProvider layoutProps= {ref: RefImpl} key="default" name="default"  ... > 
  at <NuxtLayout > 
  at <App key=4 > 
  at <NuxtRoot> @ http://localhost:3001/_nuxt/@fs/home/meebuzo/github/alternate-framework/apps/ecosystem/meeovi-frontend/node_modules/@sentry/core/build/esm/instrument/console.js?v=cfee6d51:42
[   29821ms] [WARNING] [Vue warn]: Avoid app logic that relies on enumerating keys on a component instance. The keys will be empty in production mode to avoid performance overhead. 
  at <VNavigationDrawer modelValue=undefined onUpdate:modelValue=fn location="right"  ... > 
  at <MenusTopmenuLayoutNotifications > 
  at <VCol class="notificationsHeader" > 
  at <VDefaultsProvider defaults= {VTabs: Object} > 
  at <VToolbar ref=Ref< Proxy(Object) > class="v-app-bar" style= {top: 0px, zIndex: 1014, transform: translateY(0px), position: fixed, height: undefined}  ... > 
  at <VAppBar id="topnav" > 
  at <MenusHeader drawer=false onToggleDrawer=fn > 
  at <ClientOnly > 
  at <VApp theme="light" class="auto-text" > 
  at <VResponsive class="border rounded" > 
  at <Default ref=Ref< Proxy(Object) > > 
  at <AsyncComponentWrapper ref=Ref< Proxy(Object) > > 
  at <LayoutLoader key="default" layoutProps= {ref: RefImpl} name="default" > 
  at <NuxtLayoutProvider layoutProps= {ref: RefImpl} key="default" name="default"  ... > 
  at <NuxtLayout > 
  at <App key=4 > 
  at <NuxtRoot> @ http://localhost:3001/_nuxt/@fs/home/meebuzo/github/alternate-framework/apps/ecosystem/meeovi-frontend/node_modules/@sentry/core/build/esm/instrument/console.js?v=cfee6d51:42
[   29824ms] [WARNING] [Vue warn]: Avoid app logic that relies on enumerating keys on a component instance. The keys will be empty in production mode to avoid performance overhead. 
  at <VNavigationDrawer modelValue=undefined onUpdate:modelValue=fn location="right"  ... > 
  at <MenusTopmenuLayoutNotifications > 
  at <VCol class="notificationsHeader" > 
  at <VDefaultsProvider defaults= {VTabs: Object} > 
  at <VToolbar ref=Ref< Proxy(Object) > class="v-app-bar" style= {top: 0px, zIndex: 1014, transform: translateY(0px), position: fixed, height: undefined}  ... > 
  at <VAppBar id="topnav" > 
  at <MenusHeader drawer=false onToggleDrawer=fn > 
  at <ClientOnly > 
  at <VApp theme="light" class="auto-text" > 
  at <VResponsive class="border rounded" > 
  at <Default ref=Ref< Proxy(Object) > > 
  at <AsyncComponentWrapper ref=Ref< Proxy(Object) > > 
  at <LayoutLoader key="default" layoutProps= {ref: RefImpl} name="default" > 
  at <NuxtLayoutProvider layoutProps= {ref: RefImpl} key="default" name="default"  ... > 
  at <NuxtLayout > 
  at <App key=4 > 
  at <NuxtRoot> @ http://localhost:3001/_nuxt/@fs/home/meebuzo/github/alternate-framework/apps/ecosystem/meeovi-frontend/node_modules/@sentry/core/build/esm/instrument/console.js?v=cfee6d51:42
[   29829ms] [WARNING] [Vue warn]: Avoid app logic that relies on enumerating keys on a component instance. The keys will be empty in production mode to avoid performance overhead. 
  at <VNavigationDrawer modelValue=undefined onUpdate:modelValue=fn location="right"  ... > 
  at <MenusTopmenuLayoutNotifications > 
  at <VCol class="notificationsHeader" > 
  at <VDefaultsProvider defaults= {VTabs: Object} > 
  at <VToolbar ref=Ref< Proxy(Object) > class="v-app-bar" style= {top: 0px, zIndex: 1014, transform: translateY(0px), position: fixed, height: undefined}  ... > 
  at <VAppBar id="topnav" > 
  at <MenusHeader drawer=false onToggleDrawer=fn > 
  at <ClientOnly > 
  at <VApp theme="light" class="auto-text" > 
  at <VResponsive class="border rounded" > 
  at <Default ref=Ref< Proxy(Object) > > 
  at <AsyncComponentWrapper ref=Ref< Proxy(Object) > > 
  at <LayoutLoader key="default" layoutProps= {ref: RefImpl} name="default" > 
  at <NuxtLayoutProvider layoutProps= {ref: RefImpl} key="default" name="default"  ... > 
  at <NuxtLayout > 
  at <App key=4 > 
  at <NuxtRoot> @ http://localhost:3001/_nuxt/@fs/home/meebuzo/github/alternate-framework/apps/ecosystem/meeovi-frontend/node_modules/@sentry/core/build/esm/instrument/console.js?v=cfee6d51:42
[   29834ms] [WARNING] [Vue warn]: Avoid app logic that relies on enumerating keys on a component instance. The keys will be empty in production mode to avoid performance overhead. 
  at <VNavigationDrawer modelValue=undefined onUpdate:modelValue=fn location="right"  ... > 
  at <MenusTopmenuLayoutNotifications > 
  at <VCol class="notificationsHeader" > 
  at <VDefaultsProvider defaults= {VTabs: Object} > 
  at <VToolbar ref=Ref< Proxy(Object) > class="v-app-bar" style= {top: 0px, zIndex: 1014, transform: translateY(0px), position: fixed, height: undefined}  ... > 
  at <VAppBar id="topnav" > 
  at <MenusHeader drawer=false onToggleDrawer=fn > 
  at <ClientOnly > 
  at <VApp theme="light" class="auto-text" > 
  at <VResponsive class="border rounded" > 
  at <Default ref=Ref< Proxy(Object) > > 
  at <AsyncComponentWrapper ref=Ref< Proxy(Object) > > 
  at <LayoutLoader key="default" layoutProps= {ref: RefImpl} name="default" > 
  at <NuxtLayoutProvider layoutProps= {ref: RefImpl} key="default" name="default"  ... > 
  at <NuxtLayout > 
  at <App key=4 > 
  at <NuxtRoot> @ http://localhost:3001/_nuxt/@fs/home/meebuzo/github/alternate-framework/apps/ecosystem/meeovi-frontend/node_modules/@sentry/core/build/esm/instrument/console.js?v=cfee6d51:42
[   29840ms] [WARNING] [Vue warn]: Avoid app logic that relies on enumerating keys on a component instance. The keys will be empty in production mode to avoid performance overhead. 
  at <VNavigationDrawer modelValue=undefined onUpdate:modelValue=fn location="right"  ... > 
  at <MenusTopmenuLayoutNotifications > 
  at <VCol class="notificationsHeader" > 
  at <VDefaultsProvider defaults= {VTabs: Object} > 
  at <VToolbar ref=Ref< Proxy(Object) > class="v-app-bar" style= {top: 0px, zIndex: 1014, transform: translateY(0px), position: fixed, height: undefined}  ... > 
  at <VAppBar id="topnav" > 
  at <MenusHeader drawer=false onToggleDrawer=fn > 
  at <ClientOnly > 
  at <VApp theme="light" class="auto-text" > 
  at <VResponsive class="border rounded" > 
  at <Default ref=Ref< Proxy(Object) > > 
  at <AsyncComponentWrapper ref=Ref< Proxy(Object) > > 
  at <LayoutLoader key="default" layoutProps= {ref: RefImpl} name="default" > 
  at <NuxtLayoutProvider layoutProps= {ref: RefImpl} key="default" name="default"  ... > 
  at <NuxtLayout > 
  at <App key=4 > 
  at <NuxtRoot> @ http://localhost:3001/_nuxt/@fs/home/meebuzo/github/alternate-framework/apps/ecosystem/meeovi-frontend/node_modules/@sentry/core/build/esm/instrument/console.js?v=cfee6d51:42
[   29846ms] [WARNING] [Vue warn]: Avoid app logic that relies on enumerating keys on a component instance. The keys will be empty in production mode to avoid performance overhead. 
  at <VNavigationDrawer modelValue=undefined onUpdate:modelValue=fn location="right"  ... > 
  at <MenusTopmenuLayoutNotifications > 
  at <VCol class="notificationsHeader" > 
  at <VDefaultsProvider defaults= {VTabs: Object} > 
  at <VToolbar ref=Ref< Proxy(Object) > class="v-app-bar" style= {top: 0px, zIndex: 1014, transform: translateY(0px), position: fixed, height: undefined}  ... > 
  at <VAppBar id="topnav" > 
  at <MenusHeader drawer=false onToggleDrawer=fn > 
  at <ClientOnly > 
  at <VApp theme="light" class="auto-text" > 
  at <VResponsive class="border rounded" > 
  at <Default ref=Ref< Proxy(Object) > > 
  at <AsyncComponentWrapper ref=Ref< Proxy(Object) > > 
  at <LayoutLoader key="default" layoutProps= {ref: RefImpl} name="default" > 
  at <NuxtLayoutProvider layoutProps= {ref: RefImpl} key="default" name="default"  ... > 
  at <NuxtLayout > 
  at <App key=4 > 
  at <NuxtRoot> @ http://localhost:3001/_nuxt/@fs/home/meebuzo/github/alternate-framework/apps/ecosystem/meeovi-frontend/node_modules/@sentry/core/build/esm/instrument/console.js?v=cfee6d51:42
[   29850ms] [WARNING] [Vue warn]: Avoid app logic that relies on enumerating keys on a component instance. The keys will be empty in production mode to avoid performance overhead. 
  at <VNavigationDrawer modelValue=undefined onUpdate:modelValue=fn location="right"  ... > 
  at <MenusTopmenuLayoutNotifications > 
  at <VCol class="notificationsHeader" > 
  at <VDefaultsProvider defaults= {VTabs: Object} > 
  at <VToolbar ref=Ref< Proxy(Object) > class="v-app-bar" style= {top: 0px, zIndex: 1014, transform: translateY(0px), position: fixed, height: undefined}  ... > 
  at <VAppBar id="topnav" > 
  at <MenusHeader drawer=false onToggleDrawer=fn > 
  at <ClientOnly > 
  at <VApp theme="light" class="auto-text" > 
  at <VResponsive class="border rounded" > 
  at <Default ref=Ref< Proxy(Object) > > 
  at <AsyncComponentWrapper ref=Ref< Proxy(Object) > > 
  at <LayoutLoader key="default" layoutProps= {ref: RefImpl} name="default" > 
  at <NuxtLayoutProvider layoutProps= {ref: RefImpl} key="default" name="default"  ... > 
  at <NuxtLayout > 
  at <App key=4 > 
  at <NuxtRoot> @ http://localhost:3001/_nuxt/@fs/home/meebuzo/github/alternate-framework/apps/ecosystem/meeovi-frontend/node_modules/@sentry/core/build/esm/instrument/console.js?v=cfee6d51:42
[   29856ms] [WARNING] [Vue warn]: Avoid app logic that relies on enumerating keys on a component instance. The keys will be empty in production mode to avoid performance overhead. 
  at <VNavigationDrawer modelValue=undefined onUpdate:modelValue=fn location="right"  ... > 
  at <MenusTopmenuLayoutNotifications > 
  at <VCol class="notificationsHeader" > 
  at <VDefaultsProvider defaults= {VTabs: Object} > 
  at <VToolbar ref=Ref< Proxy(Object) > class="v-app-bar" style= {top: 0px, zIndex: 1014, transform: translateY(0px), position: fixed, height: undefined}  ... > 
  at <VAppBar id="topnav" > 
  at <MenusHeader drawer=false onToggleDrawer=fn > 
  at <ClientOnly > 
  at <VApp theme="light" class="auto-text" > 
  at <VResponsive class="border rounded" > 
  at <Default ref=Ref< Proxy(Object) > > 
  at <AsyncComponentWrapper ref=Ref< Proxy(Object) > > 
  at <LayoutLoader key="default" layoutProps= {ref: RefImpl} name="default" > 
  at <NuxtLayoutProvider layoutProps= {ref: RefImpl} key="default" name="default"  ... > 
  at <NuxtLayout > 
  at <App key=4 > 
  at <NuxtRoot> @ http://localhost:3001/_nuxt/@fs/home/meebuzo/github/alternate-framework/apps/ecosystem/meeovi-frontend/node_modules/@sentry/core/build/esm/instrument/console.js?v=cfee6d51:42
[   29861ms] [WARNING] [Vue warn]: Avoid app logic that relies on enumerating keys on a component instance. The keys will be empty in production mode to avoid performance overhead. 
  at <VNavigationDrawer modelValue=undefined onUpdate:modelValue=fn location="right"  ... > 
  at <MenusTopmenuLayoutNotifications > 
  at <VCol class="notificationsHeader" > 
  at <VDefaultsProvider defaults= {VTabs: Object} > 
  at <VToolbar ref=Ref< Proxy(Object) > class="v-app-bar" style= {top: 0px, zIndex: 1014, transform: translateY(0px), position: fixed, height: undefined}  ... > 
  at <VAppBar id="topnav" > 
  at <MenusHeader drawer=false onToggleDrawer=fn > 
  at <ClientOnly > 
  at <VApp theme="light" class="auto-text" > 
  at <VResponsive class="border rounded" > 
  at <Default ref=Ref< Proxy(Object) > > 
  at <AsyncComponentWrapper ref=Ref< Proxy(Object) > > 
  at <LayoutLoader key="default" layoutProps= {ref: RefImpl} name="default" > 
  at <NuxtLayoutProvider layoutProps= {ref: RefImpl} key="default" name="default"  ... > 
  at <NuxtLayout > 
  at <App key=4 > 
  at <NuxtRoot> @ http://localhost:3001/_nuxt/@fs/home/meebuzo/github/alternate-framework/apps/ecosystem/meeovi-frontend/node_modules/@sentry/core/build/esm/instrument/console.js?v=cfee6d51:42
[   29865ms] [WARNING] [Vue warn]: Avoid app logic that relies on enumerating keys on a component instance. The keys will be empty in production mode to avoid performance overhead. 
  at <VNavigationDrawer modelValue=undefined onUpdate:modelValue=fn location="right"  ... > 
  at <MenusTopmenuLayoutNotifications > 
  at <VCol class="notificationsHeader" > 
  at <VDefaultsProvider defaults= {VTabs: Object} > 
  at <VToolbar ref=Ref< Proxy(Object) > class="v-app-bar" style= {top: 0px, zIndex: 1014, transform: translateY(0px), position: fixed, height: undefined}  ... > 
  at <VAppBar id="topnav" > 
  at <MenusHeader drawer=false onToggleDrawer=fn > 
  at <ClientOnly > 
  at <VApp theme="light" class="auto-text" > 
  at <VResponsive class="border rounded" > 
  at <Default ref=Ref< Proxy(Object) > > 
  at <AsyncComponentWrapper ref=Ref< Proxy(Object) > > 
  at <LayoutLoader key="default" layoutProps= {ref: RefImpl} name="default" > 
  at <NuxtLayoutProvider layoutProps= {ref: RefImpl} key="default" name="default"  ... > 
  at <NuxtLayout > 
  at <App key=4 > 
  at <NuxtRoot> @ http://localhost:3001/_nuxt/@fs/home/meebuzo/github/alternate-framework/apps/ecosystem/meeovi-frontend/node_modules/@sentry/core/build/esm/instrument/console.js?v=cfee6d51:42
[   29868ms] [WARNING] [Vue warn]: Avoid app logic that relies on enumerating keys on a component instance. The keys will be empty in production mode to avoid performance overhead. 
  at <VNavigationDrawer modelValue=undefined onUpdate:modelValue=fn location="right"  ... > 
  at <MenusTopmenuLayoutNotifications > 
  at <VCol class="notificationsHeader" > 
  at <VDefaultsProvider defaults= {VTabs: Object} > 
  at <VToolbar ref=Ref< Proxy(Object) > class="v-app-bar" style= {top: 0px, zIndex: 1014, transform: translateY(0px), position: fixed, height: undefined}  ... > 
  at <VAppBar id="topnav" > 
  at <MenusHeader drawer=false onToggleDrawer=fn > 
  at <ClientOnly > 
  at <VApp theme="light" class="auto-text" > 
  at <VResponsive class="border rounded" > 
  at <Default ref=Ref< Proxy(Object) > > 
  at <AsyncComponentWrapper ref=Ref< Proxy(Object) > > 
  at <LayoutLoader key="default" layoutProps= {ref: RefImpl} name="default" > 
  at <NuxtLayoutProvider layoutProps= {ref: RefImpl} key="default" name="default"  ... > 
  at <NuxtLayout > 
  at <App key=4 > 
  at <NuxtRoot> @ http://localhost:3001/_nuxt/@fs/home/meebuzo/github/alternate-framework/apps/ecosystem/meeovi-frontend/node_modules/@sentry/core/build/esm/instrument/console.js?v=cfee6d51:42
[   29872ms] [WARNING] [Vue warn]: Avoid app logic that relies on enumerating keys on a component instance. The keys will be empty in production mode to avoid performance overhead. 
  at <VNavigationDrawer modelValue=undefined onUpdate:modelValue=fn location="right"  ... > 
  at <MenusTopmenuLayoutNotifications > 
  at <VCol class="notificationsHeader" > 
  at <VDefaultsProvider defaults= {VTabs: Object} > 
  at <VToolbar ref=Ref< Proxy(Object) > class="v-app-bar" style= {top: 0px, zIndex: 1014, transform: translateY(0px), position: fixed, height: undefined}  ... > 
  at <VAppBar id="topnav" > 
  at <MenusHeader drawer=false onToggleDrawer=fn > 
  at <ClientOnly > 
  at <VApp theme="light" class="auto-text" > 
  at <VResponsive class="border rounded" > 
  at <Default ref=Ref< Proxy(Object) > > 
  at <AsyncComponentWrapper ref=Ref< Proxy(Object) > > 
  at <LayoutLoader key="default" layoutProps= {ref: RefImpl} name="default" > 
  at <NuxtLayoutProvider layoutProps= {ref: RefImpl} key="default" name="default"  ... > 
  at <NuxtLayout > 
  at <App key=4 > 
  at <NuxtRoot> @ http://localhost:3001/_nuxt/@fs/home/meebuzo/github/alternate-framework/apps/ecosystem/meeovi-frontend/node_modules/@sentry/core/build/esm/instrument/console.js?v=cfee6d51:42
[   29875ms] [WARNING] [Vue warn]: Avoid app logic that relies on enumerating keys on a component instance. The keys will be empty in production mode to avoid performance overhead. 
  at <VNavigationDrawer modelValue=undefined onUpdate:modelValue=fn location="right"  ... > 
  at <MenusTopmenuLayoutNotifications > 
  at <VCol class="notificationsHeader" > 
  at <VDefaultsProvider defaults= {VTabs: Object} > 
  at <VToolbar ref=Ref< Proxy(Object) > class="v-app-bar" style= {top: 0px, zIndex: 1014, transform: translateY(0px), position: fixed, height: undefined}  ... > 
  at <VAppBar id="topnav" > 
  at <MenusHeader drawer=false onToggleDrawer=fn > 
  at <ClientOnly > 
  at <VApp theme="light" class="auto-text" > 
  at <VResponsive class="border rounded" > 
  at <Default ref=Ref< Proxy(Object) > > 
  at <AsyncComponentWrapper ref=Ref< Proxy(Object) > > 
  at <LayoutLoader key="default" layoutProps= {ref: RefImpl} name="default" > 
  at <NuxtLayoutProvider layoutProps= {ref: RefImpl} key="default" name="default"  ... > 
  at <NuxtLayout > 
  at <App key=4 > 
  at <NuxtRoot> @ http://localhost:3001/_nuxt/@fs/home/meebuzo/github/alternate-framework/apps/ecosystem/meeovi-frontend/node_modules/@sentry/core/build/esm/instrument/console.js?v=cfee6d51:42
[   29879ms] [WARNING] [Vue warn]: Avoid app logic that relies on enumerating keys on a component instance. The keys will be empty in production mode to avoid performance overhead. 
  at <VNavigationDrawer modelValue=undefined onUpdate:modelValue=fn location="right"  ... > 
  at <MenusTopmenuLayoutNotifications > 
  at <VCol class="notificationsHeader" > 
  at <VDefaultsProvider defaults= {VTabs: Object} > 
  at <VToolbar ref=Ref< Proxy(Object) > class="v-app-bar" style= {top: 0px, zIndex: 1014, transform: translateY(0px), position: fixed, height: undefined}  ... > 
  at <VAppBar id="topnav" > 
  at <MenusHeader drawer=false onToggleDrawer=fn > 
  at <ClientOnly > 
  at <VApp theme="light" class="auto-text" > 
  at <VResponsive class="border rounded" > 
  at <Default ref=Ref< Proxy(Object) > > 
  at <AsyncComponentWrapper ref=Ref< Proxy(Object) > > 
  at <LayoutLoader key="default" layoutProps= {ref: RefImpl} name="default" > 
  at <NuxtLayoutProvider layoutProps= {ref: RefImpl} key="default" name="default"  ... > 
  at <NuxtLayout > 
  at <App key=4 > 
  at <NuxtRoot> @ http://localhost:3001/_nuxt/@fs/home/meebuzo/github/alternate-framework/apps/ecosystem/meeovi-frontend/node_modules/@sentry/core/build/esm/instrument/console.js?v=cfee6d51:42
[   29882ms] [WARNING] [Vue warn]: Avoid app logic that relies on enumerating keys on a component instance. The keys will be empty in production mode to avoid performance overhead. 
  at <VNavigationDrawer modelValue=undefined onUpdate:modelValue=fn location="right"  ... > 
  at <MenusTopmenuLayoutNotifications > 
  at <VCol class="notificationsHeader" > 
  at <VDefaultsProvider defaults= {VTabs: Object} > 
  at <VToolbar ref=Ref< Proxy(Object) > class="v-app-bar" style= {top: 0px, zIndex: 1014, transform: translateY(0px), position: fixed, height: undefined}  ... > 
  at <VAppBar id="topnav" > 
  at <MenusHeader drawer=false onToggleDrawer=fn > 
  at <ClientOnly > 
  at <VApp theme="light" class="auto-text" > 
  at <VResponsive class="border rounded" > 
  at <Default ref=Ref< Proxy(Object) > > 
  at <AsyncComponentWrapper ref=Ref< Proxy(Object) > > 
  at <LayoutLoader key="default" layoutProps= {ref: RefImpl} name="default" > 
  at <NuxtLayoutProvider layoutProps= {ref: RefImpl} key="default" name="default"  ... > 
  at <NuxtLayout > 
  at <App key=4 > 
  at <NuxtRoot> @ http://localhost:3001/_nuxt/@fs/home/meebuzo/github/alternate-framework/apps/ecosystem/meeovi-frontend/node_modules/@sentry/core/build/esm/instrument/console.js?v=cfee6d51:42
[   29887ms] [WARNING] [Vue warn]: Avoid app logic that relies on enumerating keys on a component instance. The keys will be empty in production mode to avoid performance overhead. 
  at <VNavigationDrawer modelValue=undefined onUpdate:modelValue=fn location="right"  ... > 
  at <MenusTopmenuLayoutNotifications > 
  at <VCol class="notificationsHeader" > 
  at <VDefaultsProvider defaults= {VTabs: Object} > 
  at <VToolbar ref=Ref< Proxy(Object) > class="v-app-bar" style= {top: 0px, zIndex: 1014, transform: translateY(0px), position: fixed, height: undefined}  ... > 
  at <VAppBar id="topnav" > 
  at <MenusHeader drawer=false onToggleDrawer=fn > 
  at <ClientOnly > 
  at <VApp theme="light" class="auto-text" > 
  at <VResponsive class="border rounded" > 
  at <Default ref=Ref< Proxy(Object) > > 
  at <AsyncComponentWrapper ref=Ref< Proxy(Object) > > 
  at <LayoutLoader key="default" layoutProps= {ref: RefImpl} name="default" > 
  at <NuxtLayoutProvider layoutProps= {ref: RefImpl} key="default" name="default"  ... > 
  at <NuxtLayout > 
  at <App key=4 > 
  at <NuxtRoot> @ http://localhost:3001/_nuxt/@fs/home/meebuzo/github/alternate-framework/apps/ecosystem/meeovi-frontend/node_modules/@sentry/core/build/esm/instrument/console.js?v=cfee6d51:42
[   29895ms] [WARNING] [Vue warn]: Avoid app logic that relies on enumerating keys on a component instance. The keys will be empty in production mode to avoid performance overhead. 
  at <VNavigationDrawer modelValue=undefined onUpdate:modelValue=fn location="right"  ... > 
  at <MenusTopmenuLayoutNotifications > 
  at <VCol class="notificationsHeader" > 
  at <VDefaultsProvider defaults= {VTabs: Object} > 
  at <VToolbar ref=Ref< Proxy(Object) > class="v-app-bar" style= {top: 0px, zIndex: 1014, transform: translateY(0px), position: fixed, height: undefined}  ... > 
  at <VAppBar id="topnav" > 
  at <MenusHeader drawer=false onToggleDrawer=fn > 
  at <ClientOnly > 
  at <VApp theme="light" class="auto-text" > 
  at <VResponsive class="border rounded" > 
  at <Default ref=Ref< Proxy(Object) > > 
  at <AsyncComponentWrapper ref=Ref< Proxy(Object) > > 
  at <LayoutLoader key="default" layoutProps= {ref: RefImpl} name="default" > 
  at <NuxtLayoutProvider layoutProps= {ref: RefImpl} key="default" name="default"  ... > 
  at <NuxtLayout > 
  at <App key=4 > 
  at <NuxtRoot> @ http://localhost:3001/_nuxt/@fs/home/meebuzo/github/alternate-framework/apps/ecosystem/meeovi-frontend/node_modules/@sentry/core/build/esm/instrument/console.js?v=cfee6d51:42
[   29898ms] [WARNING] [Vue warn]: Avoid app logic that relies on enumerating keys on a component instance. The keys will be empty in production mode to avoid performance overhead. 
  at <VNavigationDrawer modelValue=undefined onUpdate:modelValue=fn location="right"  ... > 
  at <MenusTopmenuLayoutNotifications > 
  at <VCol class="notificationsHeader" > 
  at <VDefaultsProvider defaults= {VTabs: Object} > 
  at <VToolbar ref=Ref< Proxy(Object) > class="v-app-bar" style= {top: 0px, zIndex: 1014, transform: translateY(0px), position: fixed, height: undefined}  ... > 
  at <VAppBar id="topnav" > 
  at <MenusHeader drawer=false onToggleDrawer=fn > 
  at <ClientOnly > 
  at <VApp theme="light" class="auto-text" > 
  at <VResponsive class="border rounded" > 
  at <Default ref=Ref< Proxy(Object) > > 
  at <AsyncComponentWrapper ref=Ref< Proxy(Object) > > 
  at <LayoutLoader key="default" layoutProps= {ref: RefImpl} name="default" > 
  at <NuxtLayoutProvider layoutProps= {ref: RefImpl} key="default" name="default"  ... > 
  at <NuxtLayout > 
  at <App key=4 > 
  at <NuxtRoot> @ http://localhost:3001/_nuxt/@fs/home/meebuzo/github/alternate-framework/apps/ecosystem/meeovi-frontend/node_modules/@sentry/core/build/esm/instrument/console.js?v=cfee6d51:42
[   29901ms] [WARNING] [Vue warn]: Avoid app logic that relies on enumerating keys on a component instance. The keys will be empty in production mode to avoid performance overhead. 
  at <VNavigationDrawer modelValue=undefined onUpdate:modelValue=fn location="right"  ... > 
  at <MenusTopmenuLayoutNotifications > 
  at <VCol class="notificationsHeader" > 
  at <VDefaultsProvider defaults= {VTabs: Object} > 
  at <VToolbar ref=Ref< Proxy(Object) > class="v-app-bar" style= {top: 0px, zIndex: 1014, transform: translateY(0px), position: fixed, height: undefined}  ... > 
  at <VAppBar id="topnav" > 
  at <MenusHeader drawer=false onToggleDrawer=fn > 
  at <ClientOnly > 
  at <VApp theme="light" class="auto-text" > 
  at <VResponsive class="border rounded" > 
  at <Default ref=Ref< Proxy(Object) > > 
  at <AsyncComponentWrapper ref=Ref< Proxy(Object) > > 
  at <LayoutLoader key="default" layoutProps= {ref: RefImpl} name="default" > 
  at <NuxtLayoutProvider layoutProps= {ref: RefImpl} key="default" name="default"  ... > 
  at <NuxtLayout > 
  at <App key=4 > 
  at <NuxtRoot> @ http://localhost:3001/_nuxt/@fs/home/meebuzo/github/alternate-framework/apps/ecosystem/meeovi-frontend/node_modules/@sentry/core/build/esm/instrument/console.js?v=cfee6d51:42
[   29903ms] [WARNING] [Vue warn]: Avoid app logic that relies on enumerating keys on a component instance. The keys will be empty in production mode to avoid performance overhead. 
  at <VNavigationDrawer modelValue=undefined onUpdate:modelValue=fn location="right"  ... > 
  at <MenusTopmenuLayoutNotifications > 
  at <VCol class="notificationsHeader" > 
  at <VDefaultsProvider defaults= {VTabs: Object} > 
  at <VToolbar ref=Ref< Proxy(Object) > class="v-app-bar" style= {top: 0px, zIndex: 1014, transform: translateY(0px), position: fixed, height: undefined}  ... > 
  at <VAppBar id="topnav" > 
  at <MenusHeader drawer=false onToggleDrawer=fn > 
  at <ClientOnly > 
  at <VApp theme="light" class="auto-text" > 
  at <VResponsive class="border rounded" > 
  at <Default ref=Ref< Proxy(Object) > > 
  at <AsyncComponentWrapper ref=Ref< Proxy(Object) > > 
  at <LayoutLoader key="default" layoutProps= {ref: RefImpl} name="default" > 
  at <NuxtLayoutProvider layoutProps= {ref: RefImpl} key="default" name="default"  ... > 
  at <NuxtLayout > 
  at <App key=4 > 
  at <NuxtRoot> @ http://localhost:3001/_nuxt/@fs/home/meebuzo/github/alternate-framework/apps/ecosystem/meeovi-frontend/node_modules/@sentry/core/build/esm/instrument/console.js?v=cfee6d51:42
[   29906ms] [WARNING] [Vue warn]: Avoid app logic that relies on enumerating keys on a component instance. The keys will be empty in production mode to avoid performance overhead. 
  at <VNavigationDrawer modelValue=undefined onUpdate:modelValue=fn location="right"  ... > 
  at <MenusTopmenuLayoutNotifications > 
  at <VCol class="notificationsHeader" > 
  at <VDefaultsProvider defaults= {VTabs: Object} > 
  at <VToolbar ref=Ref< Proxy(Object) > class="v-app-bar" style= {top: 0px, zIndex: 1014, transform: translateY(0px), position: fixed, height: undefined}  ... > 
  at <VAppBar id="topnav" > 
  at <MenusHeader drawer=false onToggleDrawer=fn > 
  at <ClientOnly > 
  at <VApp theme="light" class="auto-text" > 
  at <VResponsive class="border rounded" > 
  at <Default ref=Ref< Proxy(Object) > > 
  at <AsyncComponentWrapper ref=Ref< Proxy(Object) > > 
  at <LayoutLoader key="default" layoutProps= {ref: RefImpl} name="default" > 
  at <NuxtLayoutProvider layoutProps= {ref: RefImpl} key="default" name="default"  ... > 
  at <NuxtLayout > 
  at <App key=4 > 
  at <NuxtRoot> @ http://localhost:3001/_nuxt/@fs/home/meebuzo/github/alternate-framework/apps/ecosystem/meeovi-frontend/node_modules/@sentry/core/build/esm/instrument/console.js?v=cfee6d51:42
[   29909ms] [WARNING] [Vue warn]: Avoid app logic that relies on enumerating keys on a component instance. The keys will be empty in production mode to avoid performance overhead. 
  at <VNavigationDrawer modelValue=undefined onUpdate:modelValue=fn location="right"  ... > 
  at <MenusTopmenuLayoutNotifications > 
  at <VCol class="notificationsHeader" > 
  at <VDefaultsProvider defaults= {VTabs: Object} > 
  at <VToolbar ref=Ref< Proxy(Object) > class="v-app-bar" style= {top: 0px, zIndex: 1014, transform: translateY(0px), position: fixed, height: undefined}  ... > 
  at <VAppBar id="topnav" > 
  at <MenusHeader drawer=false onToggleDrawer=fn > 
  at <ClientOnly > 
  at <VApp theme="light" class="auto-text" > 
  at <VResponsive class="border rounded" > 
  at <Default ref=Ref< Proxy(Object) > > 
  at <AsyncComponentWrapper ref=Ref< Proxy(Object) > > 
  at <LayoutLoader key="default" layoutProps= {ref: RefImpl} name="default" > 
  at <NuxtLayoutProvider layoutProps= {ref: RefImpl} key="default" name="default"  ... > 
  at <NuxtLayout > 
  at <App key=4 > 
  at <NuxtRoot> @ http://localhost:3001/_nuxt/@fs/home/meebuzo/github/alternate-framework/apps/ecosystem/meeovi-frontend/node_modules/@sentry/core/build/esm/instrument/console.js?v=cfee6d51:42
[   29913ms] [WARNING] [Vue warn]: Avoid app logic that relies on enumerating keys on a component instance. The keys will be empty in production mode to avoid performance overhead. 
  at <VNavigationDrawer modelValue=undefined onUpdate:modelValue=fn location="right"  ... > 
  at <MenusTopmenuLayoutNotifications > 
  at <VCol class="notificationsHeader" > 
  at <VDefaultsProvider defaults= {VTabs: Object} > 
  at <VToolbar ref=Ref< Proxy(Object) > class="v-app-bar" style= {top: 0px, zIndex: 1014, transform: translateY(0px), position: fixed, height: undefined}  ... > 
  at <VAppBar id="topnav" > 
  at <MenusHeader drawer=false onToggleDrawer=fn > 
  at <ClientOnly > 
  at <VApp theme="light" class="auto-text" > 
  at <VResponsive class="border rounded" > 
  at <Default ref=Ref< Proxy(Object) > > 
  at <AsyncComponentWrapper ref=Ref< Proxy(Object) > > 
  at <LayoutLoader key="default" layoutProps= {ref: RefImpl} name="default" > 
  at <NuxtLayoutProvider layoutProps= {ref: RefImpl} key="default" name="default"  ... > 
  at <NuxtLayout > 
  at <App key=4 > 
  at <NuxtRoot> @ http://localhost:3001/_nuxt/@fs/home/meebuzo/github/alternate-framework/apps/ecosystem/meeovi-frontend/node_modules/@sentry/core/build/esm/instrument/console.js?v=cfee6d51:42
[   29916ms] [WARNING] [Vue warn]: Avoid app logic that relies on enumerating keys on a component instance. The keys will be empty in production mode to avoid performance overhead. 
  at <VNavigationDrawer modelValue=undefined onUpdate:modelValue=fn location="right"  ... > 
  at <MenusTopmenuLayoutNotifications > 
  at <VCol class="notificationsHeader" > 
  at <VDefaultsProvider defaults= {VTabs: Object} > 
  at <VToolbar ref=Ref< Proxy(Object) > class="v-app-bar" style= {top: 0px, zIndex: 1014, transform: translateY(0px), position: fixed, height: undefined}  ... > 
  at <VAppBar id="topnav" > 
  at <MenusHeader drawer=false onToggleDrawer=fn > 
  at <ClientOnly > 
  at <VApp theme="light" class="auto-text" > 
  at <VResponsive class="border rounded" > 
  at <Default ref=Ref< Proxy(Object) > > 
  at <AsyncComponentWrapper ref=Ref< Proxy(Object) > > 
  at <LayoutLoader key="default" layoutProps= {ref: RefImpl} name="default" > 
  at <NuxtLayoutProvider layoutProps= {ref: RefImpl} key="default" name="default"  ... > 
  at <NuxtLayout > 
  at <App key=4 > 
  at <NuxtRoot> @ http://localhost:3001/_nuxt/@fs/home/meebuzo/github/alternate-framework/apps/ecosystem/meeovi-frontend/node_modules/@sentry/core/build/esm/instrument/console.js?v=cfee6d51:42
[   29920ms] [WARNING] [Vue warn]: Avoid app logic that relies on enumerating keys on a component instance. The keys will be empty in production mode to avoid performance overhead. 
  at <VNavigationDrawer modelValue=undefined onUpdate:modelValue=fn location="right"  ... > 
  at <MenusTopmenuLayoutNotifications > 
  at <VCol class="notificationsHeader" > 
  at <VDefaultsProvider defaults= {VTabs: Object} > 
  at <VToolbar ref=Ref< Proxy(Object) > class="v-app-bar" style= {top: 0px, zIndex: 1014, transform: translateY(0px), position: fixed, height: undefined}  ... > 
  at <VAppBar id="topnav" > 
  at <MenusHeader drawer=false onToggleDrawer=fn > 
  at <ClientOnly > 
  at <VApp theme="light" class="auto-text" > 
  at <VResponsive class="border rounded" > 
  at <Default ref=Ref< Proxy(Object) > > 
  at <AsyncComponentWrapper ref=Ref< Proxy(Object) > > 
  at <LayoutLoader key="default" layoutProps= {ref: RefImpl} name="default" > 
  at <NuxtLayoutProvider layoutProps= {ref: RefImpl} key="default" name="default"  ... > 
  at <NuxtLayout > 
  at <App key=4 > 
  at <NuxtRoot> @ http://localhost:3001/_nuxt/@fs/home/meebuzo/github/alternate-framework/apps/ecosystem/meeovi-frontend/node_modules/@sentry/core/build/esm/instrument/console.js?v=cfee6d51:42
[   29923ms] [WARNING] [Vue warn]: Avoid app logic that relies on enumerating keys on a component instance. The keys will be empty in production mode to avoid performance overhead. 
  at <VNavigationDrawer modelValue=undefined onUpdate:modelValue=fn location="right"  ... > 
  at <MenusTopmenuLayoutNotifications > 
  at <VCol class="notificationsHeader" > 
  at <VDefaultsProvider defaults= {VTabs: Object} > 
  at <VToolbar ref=Ref< Proxy(Object) > class="v-app-bar" style= {top: 0px, zIndex: 1014, transform: translateY(0px), position: fixed, height: undefined}  ... > 
  at <VAppBar id="topnav" > 
  at <MenusHeader drawer=false onToggleDrawer=fn > 
  at <ClientOnly > 
  at <VApp theme="light" class="auto-text" > 
  at <VResponsive class="border rounded" > 
  at <Default ref=Ref< Proxy(Object) > > 
  at <AsyncComponentWrapper ref=Ref< Proxy(Object) > > 
  at <LayoutLoader key="default" layoutProps= {ref: RefImpl} name="default" > 
  at <NuxtLayoutProvider layoutProps= {ref: RefImpl} key="default" name="default"  ... > 
  at <NuxtLayout > 
  at <App key=4 > 
  at <NuxtRoot> @ http://localhost:3001/_nuxt/@fs/home/meebuzo/github/alternate-framework/apps/ecosystem/meeovi-frontend/node_modules/@sentry/core/build/esm/instrument/console.js?v=cfee6d51:42
[   29927ms] [WARNING] [Vue warn]: Avoid app logic that relies on enumerating keys on a component instance. The keys will be empty in production mode to avoid performance overhead. 
  at <VNavigationDrawer modelValue=undefined onUpdate:modelValue=fn location="right"  ... > 
  at <MenusTopmenuLayoutNotifications > 
  at <VCol class="notificationsHeader" > 
  at <VDefaultsProvider defaults= {VTabs: Object} > 
  at <VToolbar ref=Ref< Proxy(Object) > class="v-app-bar" style= {top: 0px, zIndex: 1014, transform: translateY(0px), position: fixed, height: undefined}  ... > 
  at <VAppBar id="topnav" > 
  at <MenusHeader drawer=false onToggleDrawer=fn > 
  at <ClientOnly > 
  at <VApp theme="light" class="auto-text" > 
  at <VResponsive class="border rounded" > 
  at <Default ref=Ref< Proxy(Object) > > 
  at <AsyncComponentWrapper ref=Ref< Proxy(Object) > > 
  at <LayoutLoader key="default" layoutProps= {ref: RefImpl} name="default" > 
  at <NuxtLayoutProvider layoutProps= {ref: RefImpl} key="default" name="default"  ... > 
  at <NuxtLayout > 
  at <App key=4 > 
  at <NuxtRoot> @ http://localhost:3001/_nuxt/@fs/home/meebuzo/github/alternate-framework/apps/ecosystem/meeovi-frontend/node_modules/@sentry/core/build/esm/instrument/console.js?v=cfee6d51:42
[   29931ms] [WARNING] [Vue warn]: Avoid app logic that relies on enumerating keys on a component instance. The keys will be empty in production mode to avoid performance overhead. 
  at <VNavigationDrawer modelValue=undefined onUpdate:modelValue=fn location="right"  ... > 
  at <MenusTopmenuLayoutNotifications > 
  at <VCol class="notificationsHeader" > 
  at <VDefaultsProvider defaults= {VTabs: Object} > 
  at <VToolbar ref=Ref< Proxy(Object) > class="v-app-bar" style= {top: 0px, zIndex: 1014, transform: translateY(0px), position: fixed, height: undefined}  ... > 
  at <VAppBar id="topnav" > 
  at <MenusHeader drawer=false onToggleDrawer=fn > 
  at <ClientOnly > 
  at <VApp theme="light" class="auto-text" > 
  at <VResponsive class="border rounded" > 
  at <Default ref=Ref< Proxy(Object) > > 
  at <AsyncComponentWrapper ref=Ref< Proxy(Object) > > 
  at <LayoutLoader key="default" layoutProps= {ref: RefImpl} name="default" > 
  at <NuxtLayoutProvider layoutProps= {ref: RefImpl} key="default" name="default"  ... > 
  at <NuxtLayout > 
  at <App key=4 > 
  at <NuxtRoot> @ http://localhost:3001/_nuxt/@fs/home/meebuzo/github/alternate-framework/apps/ecosystem/meeovi-frontend/node_modules/@sentry/core/build/esm/instrument/console.js?v=cfee6d51:42
[   29934ms] [WARNING] [Vue warn]: Avoid app logic that relies on enumerating keys on a component instance. The keys will be empty in production mode to avoid performance overhead. 
  at <VNavigationDrawer modelValue=undefined onUpdate:modelValue=fn location="right"  ... > 
  at <MenusTopmenuLayoutNotifications > 
  at <VCol class="notificationsHeader" > 
  at <VDefaultsProvider defaults= {VTabs: Object} > 
  at <VToolbar ref=Ref< Proxy(Object) > class="v-app-bar" style= {top: 0px, zIndex: 1014, transform: translateY(0px), position: fixed, height: undefined}  ... > 
  at <VAppBar id="topnav" > 
  at <MenusHeader drawer=false onToggleDrawer=fn > 
  at <ClientOnly > 
  at <VApp theme="light" class="auto-text" > 
  at <VResponsive class="border rounded" > 
  at <Default ref=Ref< Proxy(Object) > > 
  at <AsyncComponentWrapper ref=Ref< Proxy(Object) > > 
  at <LayoutLoader key="default" layoutProps= {ref: RefImpl} name="default" > 
  at <NuxtLayoutProvider layoutProps= {ref: RefImpl} key="default" name="default"  ... > 
  at <NuxtLayout > 
  at <App key=4 > 
  at <NuxtRoot> @ http://localhost:3001/_nuxt/@fs/home/meebuzo/github/alternate-framework/apps/ecosystem/meeovi-frontend/node_modules/@sentry/core/build/esm/instrument/console.js?v=cfee6d51:42
[   29938ms] [WARNING] [Vue warn]: Avoid app logic that relies on enumerating keys on a component instance. The keys will be empty in production mode to avoid performance overhead. 
  at <VNavigationDrawer modelValue=undefined onUpdate:modelValue=fn location="right"  ... > 
  at <MenusTopmenuLayoutNotifications > 
  at <VCol class="notificationsHeader" > 
  at <VDefaultsProvider defaults= {VTabs: Object} > 
  at <VToolbar ref=Ref< Proxy(Object) > class="v-app-bar" style= {top: 0px, zIndex: 1014, transform: translateY(0px), position: fixed, height: undefined}  ... > 
  at <VAppBar id="topnav" > 
  at <MenusHeader drawer=false onToggleDrawer=fn > 
  at <ClientOnly > 
  at <VApp theme="light" class="auto-text" > 
  at <VResponsive class="border rounded" > 
  at <Default ref=Ref< Proxy(Object) > > 
  at <AsyncComponentWrapper ref=Ref< Proxy(Object) > > 
  at <LayoutLoader key="default" layoutProps= {ref: RefImpl} name="default" > 
  at <NuxtLayoutProvider layoutProps= {ref: RefImpl} key="default" name="default"  ... > 
  at <NuxtLayout > 
  at <App key=4 > 
  at <NuxtRoot> @ http://localhost:3001/_nuxt/@fs/home/meebuzo/github/alternate-framework/apps/ecosystem/meeovi-frontend/node_modules/@sentry/core/build/esm/instrument/console.js?v=cfee6d51:42
[   29941ms] [WARNING] [Vue warn]: Avoid app logic that relies on enumerating keys on a component instance. The keys will be empty in production mode to avoid performance overhead. 
  at <VNavigationDrawer modelValue=undefined onUpdate:modelValue=fn location="right"  ... > 
  at <MenusTopmenuLayoutNotifications > 
  at <VCol class="notificationsHeader" > 
  at <VDefaultsProvider defaults= {VTabs: Object} > 
  at <VToolbar ref=Ref< Proxy(Object) > class="v-app-bar" style= {top: 0px, zIndex: 1014, transform: translateY(0px), position: fixed, height: undefined}  ... > 
  at <VAppBar id="topnav" > 
  at <MenusHeader drawer=false onToggleDrawer=fn > 
  at <ClientOnly > 
  at <VApp theme="light" class="auto-text" > 
  at <VResponsive class="border rounded" > 
  at <Default ref=Ref< Proxy(Object) > > 
  at <AsyncComponentWrapper ref=Ref< Proxy(Object) > > 
  at <LayoutLoader key="default" layoutProps= {ref: RefImpl} name="default" > 
  at <NuxtLayoutProvider layoutProps= {ref: RefImpl} key="default" name="default"  ... > 
  at <NuxtLayout > 
  at <App key=4 > 
  at <NuxtRoot> @ http://localhost:3001/_nuxt/@fs/home/meebuzo/github/alternate-framework/apps/ecosystem/meeovi-frontend/node_modules/@sentry/core/build/esm/instrument/console.js?v=cfee6d51:42
[   29944ms] [WARNING] [Vue warn]: Avoid app logic that relies on enumerating keys on a component instance. The keys will be empty in production mode to avoid performance overhead. 
  at <VNavigationDrawer modelValue=undefined onUpdate:modelValue=fn location="right"  ... > 
  at <MenusTopmenuLayoutNotifications > 
  at <VCol class="notificationsHeader" > 
  at <VDefaultsProvider defaults= {VTabs: Object} > 
  at <VToolbar ref=Ref< Proxy(Object) > class="v-app-bar" style= {top: 0px, zIndex: 1014, transform: translateY(0px), position: fixed, height: undefined}  ... > 
  at <VAppBar id="topnav" > 
  at <MenusHeader drawer=false onToggleDrawer=fn > 
  at <ClientOnly > 
  at <VApp theme="light" class="auto-text" > 
  at <VResponsive class="border rounded" > 
  at <Default ref=Ref< Proxy(Object) > > 
  at <AsyncComponentWrapper ref=Ref< Proxy(Object) > > 
  at <LayoutLoader key="default" layoutProps= {ref: RefImpl} name="default" > 
  at <NuxtLayoutProvider layoutProps= {ref: RefImpl} key="default" name="default"  ... > 
  at <NuxtLayout > 
  at <App key=4 > 
  at <NuxtRoot> @ http://localhost:3001/_nuxt/@fs/home/meebuzo/github/alternate-framework/apps/ecosystem/meeovi-frontend/node_modules/@sentry/core/build/esm/instrument/console.js?v=cfee6d51:42
[   29947ms] [WARNING] [Vue warn]: Avoid app logic that relies on enumerating keys on a component instance. The keys will be empty in production mode to avoid performance overhead. 
  at <VNavigationDrawer modelValue=undefined onUpdate:modelValue=fn location="right"  ... > 
  at <MenusTopmenuLayoutNotifications > 
  at <VCol class="notificationsHeader" > 
  at <VDefaultsProvider defaults= {VTabs: Object} > 
  at <VToolbar ref=Ref< Proxy(Object) > class="v-app-bar" style= {top: 0px, zIndex: 1014, transform: translateY(0px), position: fixed, height: undefined}  ... > 
  at <VAppBar id="topnav" > 
  at <MenusHeader drawer=false onToggleDrawer=fn > 
  at <ClientOnly > 
  at <VApp theme="light" class="auto-text" > 
  at <VResponsive class="border rounded" > 
  at <Default ref=Ref< Proxy(Object) > > 
  at <AsyncComponentWrapper ref=Ref< Proxy(Object) > > 
  at <LayoutLoader key="default" layoutProps= {ref: RefImpl} name="default" > 
  at <NuxtLayoutProvider layoutProps= {ref: RefImpl} key="default" name="default"  ... > 
  at <NuxtLayout > 
  at <App key=4 > 
  at <NuxtRoot> @ http://localhost:3001/_nuxt/@fs/home/meebuzo/github/alternate-framework/apps/ecosystem/meeovi-frontend/node_modules/@sentry/core/build/esm/instrument/console.js?v=cfee6d51:42
[   29950ms] [WARNING] [Vue warn]: Avoid app logic that relies on enumerating keys on a component instance. The keys will be empty in production mode to avoid performance overhead. 
  at <VNavigationDrawer modelValue=undefined onUpdate:modelValue=fn location="right"  ... > 
  at <MenusTopmenuLayoutNotifications > 
  at <VCol class="notificationsHeader" > 
  at <VDefaultsProvider defaults= {VTabs: Object} > 
  at <VToolbar ref=Ref< Proxy(Object) > class="v-app-bar" style= {top: 0px, zIndex: 1014, transform: translateY(0px), position: fixed, height: undefined}  ... > 
  at <VAppBar id="topnav" > 
  at <MenusHeader drawer=false onToggleDrawer=fn > 
  at <ClientOnly > 
  at <VApp theme="light" class="auto-text" > 
  at <VResponsive class="border rounded" > 
  at <Default ref=Ref< Proxy(Object) > > 
  at <AsyncComponentWrapper ref=Ref< Proxy(Object) > > 
  at <LayoutLoader key="default" layoutProps= {ref: RefImpl} name="default" > 
  at <NuxtLayoutProvider layoutProps= {ref: RefImpl} key="default" name="default"  ... > 
  at <NuxtLayout > 
  at <App key=4 > 
  at <NuxtRoot> @ http://localhost:3001/_nuxt/@fs/home/meebuzo/github/alternate-framework/apps/ecosystem/meeovi-frontend/node_modules/@sentry/core/build/esm/instrument/console.js?v=cfee6d51:42
[   29953ms] [WARNING] [Vue warn]: Avoid app logic that relies on enumerating keys on a component instance. The keys will be empty in production mode to avoid performance overhead. 
  at <VNavigationDrawer modelValue=undefined onUpdate:modelValue=fn location="right"  ... > 
  at <MenusTopmenuLayoutNotifications > 
  at <VCol class="notificationsHeader" > 
  at <VDefaultsProvider defaults= {VTabs: Object} > 
  at <VToolbar ref=Ref< Proxy(Object) > class="v-app-bar" style= {top: 0px, zIndex: 1014, transform: translateY(0px), position: fixed, height: undefined}  ... > 
  at <VAppBar id="topnav" > 
  at <MenusHeader drawer=false onToggleDrawer=fn > 
  at <ClientOnly > 
  at <VApp theme="light" class="auto-text" > 
  at <VResponsive class="border rounded" > 
  at <Default ref=Ref< Proxy(Object) > > 
  at <AsyncComponentWrapper ref=Ref< Proxy(Object) > > 
  at <LayoutLoader key="default" layoutProps= {ref: RefImpl} name="default" > 
  at <NuxtLayoutProvider layoutProps= {ref: RefImpl} key="default" name="default"  ... > 
  at <NuxtLayout > 
  at <App key=4 > 
  at <NuxtRoot> @ http://localhost:3001/_nuxt/@fs/home/meebuzo/github/alternate-framework/apps/ecosystem/meeovi-frontend/node_modules/@sentry/core/build/esm/instrument/console.js?v=cfee6d51:42
[   29956ms] [WARNING] [Vue warn]: Avoid app logic that relies on enumerating keys on a component instance. The keys will be empty in production mode to avoid performance overhead. 
  at <VNavigationDrawer modelValue=undefined onUpdate:modelValue=fn location="right"  ... > 
  at <MenusTopmenuLayoutNotifications > 
  at <VCol class="notificationsHeader" > 
  at <VDefaultsProvider defaults= {VTabs: Object} > 
  at <VToolbar ref=Ref< Proxy(Object) > class="v-app-bar" style= {top: 0px, zIndex: 1014, transform: translateY(0px), position: fixed, height: undefined}  ... > 
  at <VAppBar id="topnav" > 
  at <MenusHeader drawer=false onToggleDrawer=fn > 
  at <ClientOnly > 
  at <VApp theme="light" class="auto-text" > 
  at <VResponsive class="border rounded" > 
  at <Default ref=Ref< Proxy(Object) > > 
  at <AsyncComponentWrapper ref=Ref< Proxy(Object) > > 
  at <LayoutLoader key="default" layoutProps= {ref: RefImpl} name="default" > 
  at <NuxtLayoutProvider layoutProps= {ref: RefImpl} key="default" name="default"  ... > 
  at <NuxtLayout > 
  at <App key=4 > 
  at <NuxtRoot> @ http://localhost:3001/_nuxt/@fs/home/meebuzo/github/alternate-framework/apps/ecosystem/meeovi-frontend/node_modules/@sentry/core/build/esm/instrument/console.js?v=cfee6d51:42
[   29960ms] [WARNING] [Vue warn]: Avoid app logic that relies on enumerating keys on a component instance. The keys will be empty in production mode to avoid performance overhead. 
  at <VNavigationDrawer modelValue=undefined onUpdate:modelValue=fn location="right"  ... > 
  at <MenusTopmenuLayoutNotifications > 
  at <VCol class="notificationsHeader" > 
  at <VDefaultsProvider defaults= {VTabs: Object} > 
  at <VToolbar ref=Ref< Proxy(Object) > class="v-app-bar" style= {top: 0px, zIndex: 1014, transform: translateY(0px), position: fixed, height: undefined}  ... > 
  at <VAppBar id="topnav" > 
  at <MenusHeader drawer=false onToggleDrawer=fn > 
  at <ClientOnly > 
  at <VApp theme="light" class="auto-text" > 
  at <VResponsive class="border rounded" > 
  at <Default ref=Ref< Proxy(Object) > > 
  at <AsyncComponentWrapper ref=Ref< Proxy(Object) > > 
  at <LayoutLoader key="default" layoutProps= {ref: RefImpl} name="default" > 
  at <NuxtLayoutProvider layoutProps= {ref: RefImpl} key="default" name="default"  ... > 
  at <NuxtLayout > 
  at <App key=4 > 
  at <NuxtRoot> @ http://localhost:3001/_nuxt/@fs/home/meebuzo/github/alternate-framework/apps/ecosystem/meeovi-frontend/node_modules/@sentry/core/build/esm/instrument/console.js?v=cfee6d51:42
[   29963ms] [WARNING] [Vue warn]: Avoid app logic that relies on enumerating keys on a component instance. The keys will be empty in production mode to avoid performance overhead. 
  at <VNavigationDrawer modelValue=undefined onUpdate:modelValue=fn location="right"  ... > 
  at <MenusTopmenuLayoutNotifications > 
  at <VCol class="notificationsHeader" > 
  at <VDefaultsProvider defaults= {VTabs: Object} > 
  at <VToolbar ref=Ref< Proxy(Object) > class="v-app-bar" style= {top: 0px, zIndex: 1014, transform: translateY(0px), position: fixed, height: undefined}  ... > 
  at <VAppBar id="topnav" > 
  at <MenusHeader drawer=false onToggleDrawer=fn > 
  at <ClientOnly > 
  at <VApp theme="light" class="auto-text" > 
  at <VResponsive class="border rounded" > 
  at <Default ref=Ref< Proxy(Object) > > 
  at <AsyncComponentWrapper ref=Ref< Proxy(Object) > > 
  at <LayoutLoader key="default" layoutProps= {ref: RefImpl} name="default" > 
  at <NuxtLayoutProvider layoutProps= {ref: RefImpl} key="default" name="default"  ... > 
  at <NuxtLayout > 
  at <App key=4 > 
  at <NuxtRoot> @ http://localhost:3001/_nuxt/@fs/home/meebuzo/github/alternate-framework/apps/ecosystem/meeovi-frontend/node_modules/@sentry/core/build/esm/instrument/console.js?v=cfee6d51:42
[   29966ms] [WARNING] [Vue warn]: Avoid app logic that relies on enumerating keys on a component instance. The keys will be empty in production mode to avoid performance overhead. 
  at <VNavigationDrawer modelValue=undefined onUpdate:modelValue=fn location="right"  ... > 
  at <MenusTopmenuLayoutNotifications > 
  at <VCol class="notificationsHeader" > 
  at <VDefaultsProvider defaults= {VTabs: Object} > 
  at <VToolbar ref=Ref< Proxy(Object) > class="v-app-bar" style= {top: 0px, zIndex: 1014, transform: translateY(0px), position: fixed, height: undefined}  ... > 
  at <VAppBar id="topnav" > 
  at <MenusHeader drawer=false onToggleDrawer=fn > 
  at <ClientOnly > 
  at <VApp theme="light" class="auto-text" > 
  at <VResponsive class="border rounded" > 
  at <Default ref=Ref< Proxy(Object) > > 
  at <AsyncComponentWrapper ref=Ref< Proxy(Object) > > 
  at <LayoutLoader key="default" layoutProps= {ref: RefImpl} name="default" > 
  at <NuxtLayoutProvider layoutProps= {ref: RefImpl} key="default" name="default"  ... > 
  at <NuxtLayout > 
  at <App key=4 > 
  at <NuxtRoot> @ http://localhost:3001/_nuxt/@fs/home/meebuzo/github/alternate-framework/apps/ecosystem/meeovi-frontend/node_modules/@sentry/core/build/esm/instrument/console.js?v=cfee6d51:42
[   29970ms] [WARNING] [Vue warn]: Avoid app logic that relies on enumerating keys on a component instance. The keys will be empty in production mode to avoid performance overhead. 
  at <VNavigationDrawer modelValue=undefined onUpdate:modelValue=fn location="right"  ... > 
  at <MenusTopmenuLayoutNotifications > 
  at <VCol class="notificationsHeader" > 
  at <VDefaultsProvider defaults= {VTabs: Object} > 
  at <VToolbar ref=Ref< Proxy(Object) > class="v-app-bar" style= {top: 0px, zIndex: 1014, transform: translateY(0px), position: fixed, height: undefined}  ... > 
  at <VAppBar id="topnav" > 
  at <MenusHeader drawer=false onToggleDrawer=fn > 
  at <ClientOnly > 
  at <VApp theme="light" class="auto-text" > 
  at <VResponsive class="border rounded" > 
  at <Default ref=Ref< Proxy(Object) > > 
  at <AsyncComponentWrapper ref=Ref< Proxy(Object) > > 
  at <LayoutLoader key="default" layoutProps= {ref: RefImpl} name="default" > 
  at <NuxtLayoutProvider layoutProps= {ref: RefImpl} key="default" name="default"  ... > 
  at <NuxtLayout > 
  at <App key=4 > 
  at <NuxtRoot> @ http://localhost:3001/_nuxt/@fs/home/meebuzo/github/alternate-framework/apps/ecosystem/meeovi-frontend/node_modules/@sentry/core/build/esm/instrument/console.js?v=cfee6d51:42
[   29973ms] [WARNING] [Vue warn]: Avoid app logic that relies on enumerating keys on a component instance. The keys will be empty in production mode to avoid performance overhead. 
  at <VNavigationDrawer modelValue=undefined onUpdate:modelValue=fn location="right"  ... > 
  at <MenusTopmenuLayoutNotifications > 
  at <VCol class="notificationsHeader" > 
  at <VDefaultsProvider defaults= {VTabs: Object} > 
  at <VToolbar ref=Ref< Proxy(Object) > class="v-app-bar" style= {top: 0px, zIndex: 1014, transform: translateY(0px), position: fixed, height: undefined}  ... > 
  at <VAppBar id="topnav" > 
  at <MenusHeader drawer=false onToggleDrawer=fn > 
  at <ClientOnly > 
  at <VApp theme="light" class="auto-text" > 
  at <VResponsive class="border rounded" > 
  at <Default ref=Ref< Proxy(Object) > > 
  at <AsyncComponentWrapper ref=Ref< Proxy(Object) > > 
  at <LayoutLoader key="default" layoutProps= {ref: RefImpl} name="default" > 
  at <NuxtLayoutProvider layoutProps= {ref: RefImpl} key="default" name="default"  ... > 
  at <NuxtLayout > 
  at <App key=4 > 
  at <NuxtRoot> @ http://localhost:3001/_nuxt/@fs/home/meebuzo/github/alternate-framework/apps/ecosystem/meeovi-frontend/node_modules/@sentry/core/build/esm/instrument/console.js?v=cfee6d51:42
[   29978ms] [WARNING] [Vue warn]: Avoid app logic that relies on enumerating keys on a component instance. The keys will be empty in production mode to avoid performance overhead. 
  at <VNavigationDrawer modelValue=undefined onUpdate:modelValue=fn location="right"  ... > 
  at <MenusTopmenuLayoutNotifications > 
  at <VCol class="notificationsHeader" > 
  at <VDefaultsProvider defaults= {VTabs: Object} > 
  at <VToolbar ref=Ref< Proxy(Object) > class="v-app-bar" style= {top: 0px, zIndex: 1014, transform: translateY(0px), position: fixed, height: undefined}  ... > 
  at <VAppBar id="topnav" > 
  at <MenusHeader drawer=false onToggleDrawer=fn > 
  at <ClientOnly > 
  at <VApp theme="light" class="auto-text" > 
  at <VResponsive class="border rounded" > 
  at <Default ref=Ref< Proxy(Object) > > 
  at <AsyncComponentWrapper ref=Ref< Proxy(Object) > > 
  at <LayoutLoader key="default" layoutProps= {ref: RefImpl} name="default" > 
  at <NuxtLayoutProvider layoutProps= {ref: RefImpl} key="default" name="default"  ... > 
  at <NuxtLayout > 
  at <App key=4 > 
  at <NuxtRoot> @ http://localhost:3001/_nuxt/@fs/home/meebuzo/github/alternate-framework/apps/ecosystem/meeovi-frontend/node_modules/@sentry/core/build/esm/instrument/console.js?v=cfee6d51:42
[   29983ms] [WARNING] [Vue warn]: Avoid app logic that relies on enumerating keys on a component instance. The keys will be empty in production mode to avoid performance overhead. 
  at <VNavigationDrawer modelValue=undefined onUpdate:modelValue=fn location="right"  ... > 
  at <MenusTopmenuLayoutNotifications > 
  at <VCol class="notificationsHeader" > 
  at <VDefaultsProvider defaults= {VTabs: Object} > 
  at <VToolbar ref=Ref< Proxy(Object) > class="v-app-bar" style= {top: 0px, zIndex: 1014, transform: translateY(0px), position: fixed, height: undefined}  ... > 
  at <VAppBar id="topnav" > 
  at <MenusHeader drawer=false onToggleDrawer=fn > 
  at <ClientOnly > 
  at <VApp theme="light" class="auto-text" > 
  at <VResponsive class="border rounded" > 
  at <Default ref=Ref< Proxy(Object) > > 
  at <AsyncComponentWrapper ref=Ref< Proxy(Object) > > 
  at <LayoutLoader key="default" layoutProps= {ref: RefImpl} name="default" > 
  at <NuxtLayoutProvider layoutProps= {ref: RefImpl} key="default" name="default"  ... > 
  at <NuxtLayout > 
  at <App key=4 > 
  at <NuxtRoot> @ http://localhost:3001/_nuxt/@fs/home/meebuzo/github/alternate-framework/apps/ecosystem/meeovi-frontend/node_modules/@sentry/core/build/esm/instrument/console.js?v=cfee6d51:42
[   29988ms] [WARNING] [Vue warn]: Avoid app logic that relies on enumerating keys on a component instance. The keys will be empty in production mode to avoid performance overhead. 
  at <VNavigationDrawer modelValue=undefined onUpdate:modelValue=fn location="right"  ... > 
  at <MenusTopmenuLayoutNotifications > 
  at <VCol class="notificationsHeader" > 
  at <VDefaultsProvider defaults= {VTabs: Object} > 
  at <VToolbar ref=Ref< Proxy(Object) > class="v-app-bar" style= {top: 0px, zIndex: 1014, transform: translateY(0px), position: fixed, height: undefined}  ... > 
  at <VAppBar id="topnav" > 
  at <MenusHeader drawer=false onToggleDrawer=fn > 
  at <ClientOnly > 
  at <VApp theme="light" class="auto-text" > 
  at <VResponsive class="border rounded" > 
  at <Default ref=Ref< Proxy(Object) > > 
  at <AsyncComponentWrapper ref=Ref< Proxy(Object) > > 
  at <LayoutLoader key="default" layoutProps= {ref: RefImpl} name="default" > 
  at <NuxtLayoutProvider layoutProps= {ref: RefImpl} key="default" name="default"  ... > 
  at <NuxtLayout > 
  at <App key=4 > 
  at <NuxtRoot> @ http://localhost:3001/_nuxt/@fs/home/meebuzo/github/alternate-framework/apps/ecosystem/meeovi-frontend/node_modules/@sentry/core/build/esm/instrument/console.js?v=cfee6d51:42
[   29992ms] [WARNING] [Vue warn]: Avoid app logic that relies on enumerating keys on a component instance. The keys will be empty in production mode to avoid performance overhead. 
  at <VNavigationDrawer modelValue=undefined onUpdate:modelValue=fn location="right"  ... > 
  at <MenusTopmenuLayoutNotifications > 
  at <VCol class="notificationsHeader" > 
  at <VDefaultsProvider defaults= {VTabs: Object} > 
  at <VToolbar ref=Ref< Proxy(Object) > class="v-app-bar" style= {top: 0px, zIndex: 1014, transform: translateY(0px), position: fixed, height: undefined}  ... > 
  at <VAppBar id="topnav" > 
  at <MenusHeader drawer=false onToggleDrawer=fn > 
  at <ClientOnly > 
  at <VApp theme="light" class="auto-text" > 
  at <VResponsive class="border rounded" > 
  at <Default ref=Ref< Proxy(Object) > > 
  at <AsyncComponentWrapper ref=Ref< Proxy(Object) > > 
  at <LayoutLoader key="default" layoutProps= {ref: RefImpl} name="default" > 
  at <NuxtLayoutProvider layoutProps= {ref: RefImpl} key="default" name="default"  ... > 
  at <NuxtLayout > 
  at <App key=4 > 
  at <NuxtRoot> @ http://localhost:3001/_nuxt/@fs/home/meebuzo/github/alternate-framework/apps/ecosystem/meeovi-frontend/node_modules/@sentry/core/build/esm/instrument/console.js?v=cfee6d51:42
[   29996ms] [WARNING] [Vue warn]: Avoid app logic that relies on enumerating keys on a component instance. The keys will be empty in production mode to avoid performance overhead. 
  at <VNavigationDrawer modelValue=undefined onUpdate:modelValue=fn location="right"  ... > 
  at <MenusTopmenuLayoutNotifications > 
  at <VCol class="notificationsHeader" > 
  at <VDefaultsProvider defaults= {VTabs: Object} > 
  at <VToolbar ref=Ref< Proxy(Object) > class="v-app-bar" style= {top: 0px, zIndex: 1014, transform: translateY(0px), position: fixed, height: undefined}  ... > 
  at <VAppBar id="topnav" > 
  at <MenusHeader drawer=false onToggleDrawer=fn > 
  at <ClientOnly > 
  at <VApp theme="light" class="auto-text" > 
  at <VResponsive class="border rounded" > 
  at <Default ref=Ref< Proxy(Object) > > 
  at <AsyncComponentWrapper ref=Ref< Proxy(Object) > > 
  at <LayoutLoader key="default" layoutProps= {ref: RefImpl} name="default" > 
  at <NuxtLayoutProvider layoutProps= {ref: RefImpl} key="default" name="default"  ... > 
  at <NuxtLayout > 
  at <App key=4 > 
  at <NuxtRoot> @ http://localhost:3001/_nuxt/@fs/home/meebuzo/github/alternate-framework/apps/ecosystem/meeovi-frontend/node_modules/@sentry/core/build/esm/instrument/console.js?v=cfee6d51:42
[   29998ms] [WARNING] [Vue warn]: Avoid app logic that relies on enumerating keys on a component instance. The keys will be empty in production mode to avoid performance overhead. 
  at <VNavigationDrawer modelValue=undefined onUpdate:modelValue=fn location="right"  ... > 
  at <MenusTopmenuLayoutNotifications > 
  at <VCol class="notificationsHeader" > 
  at <VDefaultsProvider defaults= {VTabs: Object} > 
  at <VToolbar ref=Ref< Proxy(Object) > class="v-app-bar" style= {top: 0px, zIndex: 1014, transform: translateY(0px), position: fixed, height: undefined}  ... > 
  at <VAppBar id="topnav" > 
  at <MenusHeader drawer=false onToggleDrawer=fn > 
  at <ClientOnly > 
  at <VApp theme="light" class="auto-text" > 
  at <VResponsive class="border rounded" > 
  at <Default ref=Ref< Proxy(Object) > > 
  at <AsyncComponentWrapper ref=Ref< Proxy(Object) > > 
  at <LayoutLoader key="default" layoutProps= {ref: RefImpl} name="default" > 
  at <NuxtLayoutProvider layoutProps= {ref: RefImpl} key="default" name="default"  ... > 
  at <NuxtLayout > 
  at <App key=4 > 
  at <NuxtRoot> @ http://localhost:3001/_nuxt/@fs/home/meebuzo/github/alternate-framework/apps/ecosystem/meeovi-frontend/node_modules/@sentry/core/build/esm/instrument/console.js?v=cfee6d51:42
[   30001ms] [WARNING] [Vue warn]: Avoid app logic that relies on enumerating keys on a component instance. The keys will be empty in production mode to avoid performance overhead. 
  at <VNavigationDrawer modelValue=undefined onUpdate:modelValue=fn location="right"  ... > 
  at <MenusTopmenuLayoutNotifications > 
  at <VCol class="notificationsHeader" > 
  at <VDefaultsProvider defaults= {VTabs: Object} > 
  at <VToolbar ref=Ref< Proxy(Object) > class="v-app-bar" style= {top: 0px, zIndex: 1014, transform: translateY(0px), position: fixed, height: undefined}  ... > 
  at <VAppBar id="topnav" > 
  at <MenusHeader drawer=false onToggleDrawer=fn > 
  at <ClientOnly > 
  at <VApp theme="light" class="auto-text" > 
  at <VResponsive class="border rounded" > 
  at <Default ref=Ref< Proxy(Object) > > 
  at <AsyncComponentWrapper ref=Ref< Proxy(Object) > > 
  at <LayoutLoader key="default" layoutProps= {ref: RefImpl} name="default" > 
  at <NuxtLayoutProvider layoutProps= {ref: RefImpl} key="default" name="default"  ... > 
  at <NuxtLayout > 
  at <App key=4 > 
  at <NuxtRoot> @ http://localhost:3001/_nuxt/@fs/home/meebuzo/github/alternate-framework/apps/ecosystem/meeovi-frontend/node_modules/@sentry/core/build/esm/instrument/console.js?v=cfee6d51:42
[   30004ms] [WARNING] [Vue warn]: Avoid app logic that relies on enumerating keys on a component instance. The keys will be empty in production mode to avoid performance overhead. 
  at <VNavigationDrawer modelValue=undefined onUpdate:modelValue=fn location="right"  ... > 
  at <MenusTopmenuLayoutNotifications > 
  at <VCol class="notificationsHeader" > 
  at <VDefaultsProvider defaults= {VTabs: Object} > 
  at <VToolbar ref=Ref< Proxy(Object) > class="v-app-bar" style= {top: 0px, zIndex: 1014, transform: translateY(0px), position: fixed, height: undefined}  ... > 
  at <VAppBar id="topnav" > 
  at <MenusHeader drawer=false onToggleDrawer=fn > 
  at <ClientOnly > 
  at <VApp theme="light" class="auto-text" > 
  at <VResponsive class="border rounded" > 
  at <Default ref=Ref< Proxy(Object) > > 
  at <AsyncComponentWrapper ref=Ref< Proxy(Object) > > 
  at <LayoutLoader key="default" layoutProps= {ref: RefImpl} name="default" > 
  at <NuxtLayoutProvider layoutProps= {ref: RefImpl} key="default" name="default"  ... > 
  at <NuxtLayout > 
  at <App key=4 > 
  at <NuxtRoot> @ http://localhost:3001/_nuxt/@fs/home/meebuzo/github/alternate-framework/apps/ecosystem/meeovi-frontend/node_modules/@sentry/core/build/esm/instrument/console.js?v=cfee6d51:42
[   30007ms] [WARNING] [Vue warn]: Avoid app logic that relies on enumerating keys on a component instance. The keys will be empty in production mode to avoid performance overhead. 
  at <VNavigationDrawer modelValue=undefined onUpdate:modelValue=fn location="right"  ... > 
  at <MenusTopmenuLayoutNotifications > 
  at <VCol class="notificationsHeader" > 
  at <VDefaultsProvider defaults= {VTabs: Object} > 
  at <VToolbar ref=Ref< Proxy(Object) > class="v-app-bar" style= {top: 0px, zIndex: 1014, transform: translateY(0px), position: fixed, height: undefined}  ... > 
  at <VAppBar id="topnav" > 
  at <MenusHeader drawer=false onToggleDrawer=fn > 
  at <ClientOnly > 
  at <VApp theme="light" class="auto-text" > 
  at <VResponsive class="border rounded" > 
  at <Default ref=Ref< Proxy(Object) > > 
  at <AsyncComponentWrapper ref=Ref< Proxy(Object) > > 
  at <LayoutLoader key="default" layoutProps= {ref: RefImpl} name="default" > 
  at <NuxtLayoutProvider layoutProps= {ref: RefImpl} key="default" name="default"  ... > 
  at <NuxtLayout > 
  at <App key=4 > 
  at <NuxtRoot> @ http://localhost:3001/_nuxt/@fs/home/meebuzo/github/alternate-framework/apps/ecosystem/meeovi-frontend/node_modules/@sentry/core/build/esm/instrument/console.js?v=cfee6d51:42
[   30011ms] [WARNING] [Vue warn]: Avoid app logic that relies on enumerating keys on a component instance. The keys will be empty in production mode to avoid performance overhead. 
  at <VNavigationDrawer modelValue=undefined onUpdate:modelValue=fn location="right"  ... > 
  at <MenusTopmenuLayoutNotifications > 
  at <VCol class="notificationsHeader" > 
  at <VDefaultsProvider defaults= {VTabs: Object} > 
  at <VToolbar ref=Ref< Proxy(Object) > class="v-app-bar" style= {top: 0px, zIndex: 1014, transform: translateY(0px), position: fixed, height: undefined}  ... > 
  at <VAppBar id="topnav" > 
  at <MenusHeader drawer=false onToggleDrawer=fn > 
  at <ClientOnly > 
  at <VApp theme="light" class="auto-text" > 
  at <VResponsive class="border rounded" > 
  at <Default ref=Ref< Proxy(Object) > > 
  at <AsyncComponentWrapper ref=Ref< Proxy(Object) > > 
  at <LayoutLoader key="default" layoutProps= {ref: RefImpl} name="default" > 
  at <NuxtLayoutProvider layoutProps= {ref: RefImpl} key="default" name="default"  ... > 
  at <NuxtLayout > 
  at <App key=4 > 
  at <NuxtRoot> @ http://localhost:3001/_nuxt/@fs/home/meebuzo/github/alternate-framework/apps/ecosystem/meeovi-frontend/node_modules/@sentry/core/build/esm/instrument/console.js?v=cfee6d51:42
[   30014ms] [WARNING] [Vue warn]: Avoid app logic that relies on enumerating keys on a component instance. The keys will be empty in production mode to avoid performance overhead. 
  at <VNavigationDrawer modelValue=undefined onUpdate:modelValue=fn location="right"  ... > 
  at <MenusTopmenuLayoutNotifications > 
  at <VCol class="notificationsHeader" > 
  at <VDefaultsProvider defaults= {VTabs: Object} > 
  at <VToolbar ref=Ref< Proxy(Object) > class="v-app-bar" style= {top: 0px, zIndex: 1014, transform: translateY(0px), position: fixed, height: undefined}  ... > 
  at <VAppBar id="topnav" > 
  at <MenusHeader drawer=false onToggleDrawer=fn > 
  at <ClientOnly > 
  at <VApp theme="light" class="auto-text" > 
  at <VResponsive class="border rounded" > 
  at <Default ref=Ref< Proxy(Object) > > 
  at <AsyncComponentWrapper ref=Ref< Proxy(Object) > > 
  at <LayoutLoader key="default" layoutProps= {ref: RefImpl} name="default" > 
  at <NuxtLayoutProvider layoutProps= {ref: RefImpl} key="default" name="default"  ... > 
  at <NuxtLayout > 
  at <App key=4 > 
  at <NuxtRoot> @ http://localhost:3001/_nuxt/@fs/home/meebuzo/github/alternate-framework/apps/ecosystem/meeovi-frontend/node_modules/@sentry/core/build/esm/instrument/console.js?v=cfee6d51:42
[   30019ms] [WARNING] [Vue warn]: Avoid app logic that relies on enumerating keys on a component instance. The keys will be empty in production mode to avoid performance overhead. 
  at <VNavigationDrawer modelValue=undefined onUpdate:modelValue=fn location="right"  ... > 
  at <MenusTopmenuLayoutNotifications > 
  at <VCol class="notificationsHeader" > 
  at <VDefaultsProvider defaults= {VTabs: Object} > 
  at <VToolbar ref=Ref< Proxy(Object) > class="v-app-bar" style= {top: 0px, zIndex: 1014, transform: translateY(0px), position: fixed, height: undefined}  ... > 
  at <VAppBar id="topnav" > 
  at <MenusHeader drawer=false onToggleDrawer=fn > 
  at <ClientOnly > 
  at <VApp theme="light" class="auto-text" > 
  at <VResponsive class="border rounded" > 
  at <Default ref=Ref< Proxy(Object) > > 
  at <AsyncComponentWrapper ref=Ref< Proxy(Object) > > 
  at <LayoutLoader key="default" layoutProps= {ref: RefImpl} name="default" > 
  at <NuxtLayoutProvider layoutProps= {ref: RefImpl} key="default" name="default"  ... > 
  at <NuxtLayout > 
  at <App key=4 > 
  at <NuxtRoot> @ http://localhost:3001/_nuxt/@fs/home/meebuzo/github/alternate-framework/apps/ecosystem/meeovi-frontend/node_modules/@sentry/core/build/esm/instrument/console.js?v=cfee6d51:42
[   30022ms] [WARNING] [Vue warn]: Avoid app logic that relies on enumerating keys on a component instance. The keys will be empty in production mode to avoid performance overhead. 
  at <VNavigationDrawer modelValue=undefined onUpdate:modelValue=fn location="right"  ... > 
  at <MenusTopmenuLayoutNotifications > 
  at <VCol class="notificationsHeader" > 
  at <VDefaultsProvider defaults= {VTabs: Object} > 
  at <VToolbar ref=Ref< Proxy(Object) > class="v-app-bar" style= {top: 0px, zIndex: 1014, transform: translateY(0px), position: fixed, height: undefined}  ... > 
  at <VAppBar id="topnav" > 
  at <MenusHeader drawer=false onToggleDrawer=fn > 
  at <ClientOnly > 
  at <VApp theme="light" class="auto-text" > 
  at <VResponsive class="border rounded" > 
  at <Default ref=Ref< Proxy(Object) > > 
  at <AsyncComponentWrapper ref=Ref< Proxy(Object) > > 
  at <LayoutLoader key="default" layoutProps= {ref: RefImpl} name="default" > 
  at <NuxtLayoutProvider layoutProps= {ref: RefImpl} key="default" name="default"  ... > 
  at <NuxtLayout > 
  at <App key=4 > 
  at <NuxtRoot> @ http://localhost:3001/_nuxt/@fs/home/meebuzo/github/alternate-framework/apps/ecosystem/meeovi-frontend/node_modules/@sentry/core/build/esm/instrument/console.js?v=cfee6d51:42
[   30026ms] [WARNING] [Vue warn]: Avoid app logic that relies on enumerating keys on a component instance. The keys will be empty in production mode to avoid performance overhead. 
  at <VNavigationDrawer modelValue=undefined onUpdate:modelValue=fn location="right"  ... > 
  at <MenusTopmenuLayoutNotifications > 
  at <VCol class="notificationsHeader" > 
  at <VDefaultsProvider defaults= {VTabs: Object} > 
  at <VToolbar ref=Ref< Proxy(Object) > class="v-app-bar" style= {top: 0px, zIndex: 1014, transform: translateY(0px), position: fixed, height: undefined}  ... > 
  at <VAppBar id="topnav" > 
  at <MenusHeader drawer=false onToggleDrawer=fn > 
  at <ClientOnly > 
  at <VApp theme="light" class="auto-text" > 
  at <VResponsive class="border rounded" > 
  at <Default ref=Ref< Proxy(Object) > > 
  at <AsyncComponentWrapper ref=Ref< Proxy(Object) > > 
  at <LayoutLoader key="default" layoutProps= {ref: RefImpl} name="default" > 
  at <NuxtLayoutProvider layoutProps= {ref: RefImpl} key="default" name="default"  ... > 
  at <NuxtLayout > 
  at <App key=4 > 
  at <NuxtRoot> @ http://localhost:3001/_nuxt/@fs/home/meebuzo/github/alternate-framework/apps/ecosystem/meeovi-frontend/node_modules/@sentry/core/build/esm/instrument/console.js?v=cfee6d51:42
[   30031ms] [WARNING] [Vue warn]: Avoid app logic that relies on enumerating keys on a component instance. The keys will be empty in production mode to avoid performance overhead. 
  at <VNavigationDrawer modelValue=undefined onUpdate:modelValue=fn location="right"  ... > 
  at <MenusTopmenuLayoutNotifications > 
  at <VCol class="notificationsHeader" > 
  at <VDefaultsProvider defaults= {VTabs: Object} > 
  at <VToolbar ref=Ref< Proxy(Object) > class="v-app-bar" style= {top: 0px, zIndex: 1014, transform: translateY(0px), position: fixed, height: undefined}  ... > 
  at <VAppBar id="topnav" > 
  at <MenusHeader drawer=false onToggleDrawer=fn > 
  at <ClientOnly > 
  at <VApp theme="light" class="auto-text" > 
  at <VResponsive class="border rounded" > 
  at <Default ref=Ref< Proxy(Object) > > 
  at <AsyncComponentWrapper ref=Ref< Proxy(Object) > > 
  at <LayoutLoader key="default" layoutProps= {ref: RefImpl} name="default" > 
  at <NuxtLayoutProvider layoutProps= {ref: RefImpl} key="default" name="default"  ... > 
  at <NuxtLayout > 
  at <App key=4 > 
  at <NuxtRoot> @ http://localhost:3001/_nuxt/@fs/home/meebuzo/github/alternate-framework/apps/ecosystem/meeovi-frontend/node_modules/@sentry/core/build/esm/instrument/console.js?v=cfee6d51:42
[   30036ms] [WARNING] [Vue warn]: Avoid app logic that relies on enumerating keys on a component instance. The keys will be empty in production mode to avoid performance overhead. 
  at <VNavigationDrawer modelValue=undefined onUpdate:modelValue=fn location="right"  ... > 
  at <MenusTopmenuLayoutNotifications > 
  at <VCol class="notificationsHeader" > 
  at <VDefaultsProvider defaults= {VTabs: Object} > 
  at <VToolbar ref=Ref< Proxy(Object) > class="v-app-bar" style= {top: 0px, zIndex: 1014, transform: translateY(0px), position: fixed, height: undefined}  ... > 
  at <VAppBar id="topnav" > 
  at <MenusHeader drawer=false onToggleDrawer=fn > 
  at <ClientOnly > 
  at <VApp theme="light" class="auto-text" > 
  at <VResponsive class="border rounded" > 
  at <Default ref=Ref< Proxy(Object) > > 
  at <AsyncComponentWrapper ref=Ref< Proxy(Object) > > 
  at <LayoutLoader key="default" layoutProps= {ref: RefImpl} name="default" > 
  at <NuxtLayoutProvider layoutProps= {ref: RefImpl} key="default" name="default"  ... > 
  at <NuxtLayout > 
  at <App key=4 > 
  at <NuxtRoot> @ http://localhost:3001/_nuxt/@fs/home/meebuzo/github/alternate-framework/apps/ecosystem/meeovi-frontend/node_modules/@sentry/core/build/esm/instrument/console.js?v=cfee6d51:42
[   30040ms] [WARNING] [Vue warn]: Avoid app logic that relies on enumerating keys on a component instance. The keys will be empty in production mode to avoid performance overhead. 
  at <VNavigationDrawer modelValue=undefined onUpdate:modelValue=fn location="right"  ... > 
  at <MenusTopmenuLayoutNotifications > 
  at <VCol class="notificationsHeader" > 
  at <VDefaultsProvider defaults= {VTabs: Object} > 
  at <VToolbar ref=Ref< Proxy(Object) > class="v-app-bar" style= {top: 0px, zIndex: 1014, transform: translateY(0px), position: fixed, height: undefined}  ... > 
  at <VAppBar id="topnav" > 
  at <MenusHeader drawer=false onToggleDrawer=fn > 
  at <ClientOnly > 
  at <VApp theme="light" class="auto-text" > 
  at <VResponsive class="border rounded" > 
  at <Default ref=Ref< Proxy(Object) > > 
  at <AsyncComponentWrapper ref=Ref< Proxy(Object) > > 
  at <LayoutLoader key="default" layoutProps= {ref: RefImpl} name="default" > 
  at <NuxtLayoutProvider layoutProps= {ref: RefImpl} key="default" name="default"  ... > 
  at <NuxtLayout > 
  at <App key=4 > 
  at <NuxtRoot> @ http://localhost:3001/_nuxt/@fs/home/meebuzo/github/alternate-framework/apps/ecosystem/meeovi-frontend/node_modules/@sentry/core/build/esm/instrument/console.js?v=cfee6d51:42
[   30044ms] [WARNING] [Vue warn]: Avoid app logic that relies on enumerating keys on a component instance. The keys will be empty in production mode to avoid performance overhead. 
  at <VNavigationDrawer modelValue=undefined onUpdate:modelValue=fn location="right"  ... > 
  at <MenusTopmenuLayoutNotifications > 
  at <VCol class="notificationsHeader" > 
  at <VDefaultsProvider defaults= {VTabs: Object} > 
  at <VToolbar ref=Ref< Proxy(Object) > class="v-app-bar" style= {top: 0px, zIndex: 1014, transform: translateY(0px), position: fixed, height: undefined}  ... > 
  at <VAppBar id="topnav" > 
  at <MenusHeader drawer=false onToggleDrawer=fn > 
  at <ClientOnly > 
  at <VApp theme="light" class="auto-text" > 
  at <VResponsive class="border rounded" > 
  at <Default ref=Ref< Proxy(Object) > > 
  at <AsyncComponentWrapper ref=Ref< Proxy(Object) > > 
  at <LayoutLoader key="default" layoutProps= {ref: RefImpl} name="default" > 
  at <NuxtLayoutProvider layoutProps= {ref: RefImpl} key="default" name="default"  ... > 
  at <NuxtLayout > 
  at <App key=4 > 
  at <NuxtRoot> @ http://localhost:3001/_nuxt/@fs/home/meebuzo/github/alternate-framework/apps/ecosystem/meeovi-frontend/node_modules/@sentry/core/build/esm/instrument/console.js?v=cfee6d51:42
[   30048ms] [WARNING] [Vue warn]: Avoid app logic that relies on enumerating keys on a component instance. The keys will be empty in production mode to avoid performance overhead. 
  at <VNavigationDrawer modelValue=undefined onUpdate:modelValue=fn location="right"  ... > 
  at <MenusTopmenuLayoutNotifications > 
  at <VCol class="notificationsHeader" > 
  at <VDefaultsProvider defaults= {VTabs: Object} > 
  at <VToolbar ref=Ref< Proxy(Object) > class="v-app-bar" style= {top: 0px, zIndex: 1014, transform: translateY(0px), position: fixed, height: undefined}  ... > 
  at <VAppBar id="topnav" > 
  at <MenusHeader drawer=false onToggleDrawer=fn > 
  at <ClientOnly > 
  at <VApp theme="light" class="auto-text" > 
  at <VResponsive class="border rounded" > 
  at <Default ref=Ref< Proxy(Object) > > 
  at <AsyncComponentWrapper ref=Ref< Proxy(Object) > > 
  at <LayoutLoader key="default" layoutProps= {ref: RefImpl} name="default" > 
  at <NuxtLayoutProvider layoutProps= {ref: RefImpl} key="default" name="default"  ... > 
  at <NuxtLayout > 
  at <App key=4 > 
  at <NuxtRoot> @ http://localhost:3001/_nuxt/@fs/home/meebuzo/github/alternate-framework/apps/ecosystem/meeovi-frontend/node_modules/@sentry/core/build/esm/instrument/console.js?v=cfee6d51:42
[   30051ms] [WARNING] [Vue warn]: Avoid app logic that relies on enumerating keys on a component instance. The keys will be empty in production mode to avoid performance overhead. 
  at <VNavigationDrawer modelValue=undefined onUpdate:modelValue=fn location="right"  ... > 
  at <MenusTopmenuLayoutNotifications > 
  at <VCol class="notificationsHeader" > 
  at <VDefaultsProvider defaults= {VTabs: Object} > 
  at <VToolbar ref=Ref< Proxy(Object) > class="v-app-bar" style= {top: 0px, zIndex: 1014, transform: translateY(0px), position: fixed, height: undefined}  ... > 
  at <VAppBar id="topnav" > 
  at <MenusHeader drawer=false onToggleDrawer=fn > 
  at <ClientOnly > 
  at <VApp theme="light" class="auto-text" > 
  at <VResponsive class="border rounded" > 
  at <Default ref=Ref< Proxy(Object) > > 
  at <AsyncComponentWrapper ref=Ref< Proxy(Object) > > 
  at <LayoutLoader key="default" layoutProps= {ref: RefImpl} name="default" > 
  at <NuxtLayoutProvider layoutProps= {ref: RefImpl} key="default" name="default"  ... > 
  at <NuxtLayout > 
  at <App key=4 > 
  at <NuxtRoot> @ http://localhost:3001/_nuxt/@fs/home/meebuzo/github/alternate-framework/apps/ecosystem/meeovi-frontend/node_modules/@sentry/core/build/esm/instrument/console.js?v=cfee6d51:42
[   30053ms] [WARNING] [Vue warn]: Avoid app logic that relies on enumerating keys on a component instance. The keys will be empty in production mode to avoid performance overhead. 
  at <VNavigationDrawer modelValue=undefined onUpdate:modelValue=fn location="right"  ... > 
  at <MenusTopmenuLayoutNotifications > 
  at <VCol class="notificationsHeader" > 
  at <VDefaultsProvider defaults= {VTabs: Object} > 
  at <VToolbar ref=Ref< Proxy(Object) > class="v-app-bar" style= {top: 0px, zIndex: 1014, transform: translateY(0px), position: fixed, height: undefined}  ... > 
  at <VAppBar id="topnav" > 
  at <MenusHeader drawer=false onToggleDrawer=fn > 
  at <ClientOnly > 
  at <VApp theme="light" class="auto-text" > 
  at <VResponsive class="border rounded" > 
  at <Default ref=Ref< Proxy(Object) > > 
  at <AsyncComponentWrapper ref=Ref< Proxy(Object) > > 
  at <LayoutLoader key="default" layoutProps= {ref: RefImpl} name="default" > 
  at <NuxtLayoutProvider layoutProps= {ref: RefImpl} key="default" name="default"  ... > 
  at <NuxtLayout > 
  at <App key=4 > 
  at <NuxtRoot> @ http://localhost:3001/_nuxt/@fs/home/meebuzo/github/alternate-framework/apps/ecosystem/meeovi-frontend/node_modules/@sentry/core/build/esm/instrument/console.js?v=cfee6d51:42
[   30056ms] [WARNING] [Vue warn]: Avoid app logic that relies on enumerating keys on a component instance. The keys will be empty in production mode to avoid performance overhead. 
  at <VNavigationDrawer modelValue=undefined onUpdate:modelValue=fn location="right"  ... > 
  at <MenusTopmenuLayoutNotifications > 
  at <VCol class="notificationsHeader" > 
  at <VDefaultsProvider defaults= {VTabs: Object} > 
  at <VToolbar ref=Ref< Proxy(Object) > class="v-app-bar" style= {top: 0px, zIndex: 1014, transform: translateY(0px), position: fixed, height: undefined}  ... > 
  at <VAppBar id="topnav" > 
  at <MenusHeader drawer=false onToggleDrawer=fn > 
  at <ClientOnly > 
  at <VApp theme="light" class="auto-text" > 
  at <VResponsive class="border rounded" > 
  at <Default ref=Ref< Proxy(Object) > > 
  at <AsyncComponentWrapper ref=Ref< Proxy(Object) > > 
  at <LayoutLoader key="default" layoutProps= {ref: RefImpl} name="default" > 
  at <NuxtLayoutProvider layoutProps= {ref: RefImpl} key="default" name="default"  ... > 
  at <NuxtLayout > 
  at <App key=4 > 
  at <NuxtRoot> @ http://localhost:3001/_nuxt/@fs/home/meebuzo/github/alternate-framework/apps/ecosystem/meeovi-frontend/node_modules/@sentry/core/build/esm/instrument/console.js?v=cfee6d51:42
[   30059ms] [WARNING] [Vue warn]: Avoid app logic that relies on enumerating keys on a component instance. The keys will be empty in production mode to avoid performance overhead. 
  at <VNavigationDrawer modelValue=undefined onUpdate:modelValue=fn location="right"  ... > 
  at <MenusTopmenuLayoutNotifications > 
  at <VCol class="notificationsHeader" > 
  at <VDefaultsProvider defaults= {VTabs: Object} > 
  at <VToolbar ref=Ref< Proxy(Object) > class="v-app-bar" style= {top: 0px, zIndex: 1014, transform: translateY(0px), position: fixed, height: undefined}  ... > 
  at <VAppBar id="topnav" > 
  at <MenusHeader drawer=false onToggleDrawer=fn > 
  at <ClientOnly > 
  at <VApp theme="light" class="auto-text" > 
  at <VResponsive class="border rounded" > 
  at <Default ref=Ref< Proxy(Object) > > 
  at <AsyncComponentWrapper ref=Ref< Proxy(Object) > > 
  at <LayoutLoader key="default" layoutProps= {ref: RefImpl} name="default" > 
  at <NuxtLayoutProvider layoutProps= {ref: RefImpl} key="default" name="default"  ... > 
  at <NuxtLayout > 
  at <App key=4 > 
  at <NuxtRoot> @ http://localhost:3001/_nuxt/@fs/home/meebuzo/github/alternate-framework/apps/ecosystem/meeovi-frontend/node_modules/@sentry/core/build/esm/instrument/console.js?v=cfee6d51:42
[   30062ms] [WARNING] [Vue warn]: Avoid app logic that relies on enumerating keys on a component instance. The keys will be empty in production mode to avoid performance overhead. 
  at <VNavigationDrawer modelValue=undefined onUpdate:modelValue=fn location="right"  ... > 
  at <MenusTopmenuLayoutNotifications > 
  at <VCol class="notificationsHeader" > 
  at <VDefaultsProvider defaults= {VTabs: Object} > 
  at <VToolbar ref=Ref< Proxy(Object) > class="v-app-bar" style= {top: 0px, zIndex: 1014, transform: translateY(0px), position: fixed, height: undefined}  ... > 
  at <VAppBar id="topnav" > 
  at <MenusHeader drawer=false onToggleDrawer=fn > 
  at <ClientOnly > 
  at <VApp theme="light" class="auto-text" > 
  at <VResponsive class="border rounded" > 
  at <Default ref=Ref< Proxy(Object) > > 
  at <AsyncComponentWrapper ref=Ref< Proxy(Object) > > 
  at <LayoutLoader key="default" layoutProps= {ref: RefImpl} name="default" > 
  at <NuxtLayoutProvider layoutProps= {ref: RefImpl} key="default" name="default"  ... > 
  at <NuxtLayout > 
  at <App key=4 > 
  at <NuxtRoot> @ http://localhost:3001/_nuxt/@fs/home/meebuzo/github/alternate-framework/apps/ecosystem/meeovi-frontend/node_modules/@sentry/core/build/esm/instrument/console.js?v=cfee6d51:42
[   30064ms] [WARNING] [Vue warn]: Avoid app logic that relies on enumerating keys on a component instance. The keys will be empty in production mode to avoid performance overhead. 
  at <VNavigationDrawer modelValue=undefined onUpdate:modelValue=fn location="right"  ... > 
  at <MenusTopmenuLayoutNotifications > 
  at <VCol class="notificationsHeader" > 
  at <VDefaultsProvider defaults= {VTabs: Object} > 
  at <VToolbar ref=Ref< Proxy(Object) > class="v-app-bar" style= {top: 0px, zIndex: 1014, transform: translateY(0px), position: fixed, height: undefined}  ... > 
  at <VAppBar id="topnav" > 
  at <MenusHeader drawer=false onToggleDrawer=fn > 
  at <ClientOnly > 
  at <VApp theme="light" class="auto-text" > 
  at <VResponsive class="border rounded" > 
  at <Default ref=Ref< Proxy(Object) > > 
  at <AsyncComponentWrapper ref=Ref< Proxy(Object) > > 
  at <LayoutLoader key="default" layoutProps= {ref: RefImpl} name="default" > 
  at <NuxtLayoutProvider layoutProps= {ref: RefImpl} key="default" name="default"  ... > 
  at <NuxtLayout > 
  at <App key=4 > 
  at <NuxtRoot> @ http://localhost:3001/_nuxt/@fs/home/meebuzo/github/alternate-framework/apps/ecosystem/meeovi-frontend/node_modules/@sentry/core/build/esm/instrument/console.js?v=cfee6d51:42
[   30067ms] [WARNING] [Vue warn]: Avoid app logic that relies on enumerating keys on a component instance. The keys will be empty in production mode to avoid performance overhead. 
  at <VNavigationDrawer modelValue=undefined onUpdate:modelValue=fn location="right"  ... > 
  at <MenusTopmenuLayoutNotifications > 
  at <VCol class="notificationsHeader" > 
  at <VDefaultsProvider defaults= {VTabs: Object} > 
  at <VToolbar ref=Ref< Proxy(Object) > class="v-app-bar" style= {top: 0px, zIndex: 1014, transform: translateY(0px), position: fixed, height: undefined}  ... > 
  at <VAppBar id="topnav" > 
  at <MenusHeader drawer=false onToggleDrawer=fn > 
  at <ClientOnly > 
  at <VApp theme="light" class="auto-text" > 
  at <VResponsive class="border rounded" > 
  at <Default ref=Ref< Proxy(Object) > > 
  at <AsyncComponentWrapper ref=Ref< Proxy(Object) > > 
  at <LayoutLoader key="default" layoutProps= {ref: RefImpl} name="default" > 
  at <NuxtLayoutProvider layoutProps= {ref: RefImpl} key="default" name="default"  ... > 
  at <NuxtLayout > 
  at <App key=4 > 
  at <NuxtRoot> @ http://localhost:3001/_nuxt/@fs/home/meebuzo/github/alternate-framework/apps/ecosystem/meeovi-frontend/node_modules/@sentry/core/build/esm/instrument/console.js?v=cfee6d51:42
[   30069ms] [WARNING] [Vue warn]: Avoid app logic that relies on enumerating keys on a component instance. The keys will be empty in production mode to avoid performance overhead. 
  at <VNavigationDrawer modelValue=undefined onUpdate:modelValue=fn location="right"  ... > 
  at <MenusTopmenuLayoutNotifications > 
  at <VCol class="notificationsHeader" > 
  at <VDefaultsProvider defaults= {VTabs: Object} > 
  at <VToolbar ref=Ref< Proxy(Object) > class="v-app-bar" style= {top: 0px, zIndex: 1014, transform: translateY(0px), position: fixed, height: undefined}  ... > 
  at <VAppBar id="topnav" > 
  at <MenusHeader drawer=false onToggleDrawer=fn > 
  at <ClientOnly > 
  at <VApp theme="light" class="auto-text" > 
  at <VResponsive class="border rounded" > 
  at <Default ref=Ref< Proxy(Object) > > 
  at <AsyncComponentWrapper ref=Ref< Proxy(Object) > > 
  at <LayoutLoader key="default" layoutProps= {ref: RefImpl} name="default" > 
  at <NuxtLayoutProvider layoutProps= {ref: RefImpl} key="default" name="default"  ... > 
  at <NuxtLayout > 
  at <App key=4 > 
  at <NuxtRoot> @ http://localhost:3001/_nuxt/@fs/home/meebuzo/github/alternate-framework/apps/ecosystem/meeovi-frontend/node_modules/@sentry/core/build/esm/instrument/console.js?v=cfee6d51:42
[   30072ms] [WARNING] [Vue warn]: Avoid app logic that relies on enumerating keys on a component instance. The keys will be empty in production mode to avoid performance overhead. 
  at <VNavigationDrawer modelValue=undefined onUpdate:modelValue=fn location="right"  ... > 
  at <MenusTopmenuLayoutNotifications > 
  at <VCol class="notificationsHeader" > 
  at <VDefaultsProvider defaults= {VTabs: Object} > 
  at <VToolbar ref=Ref< Proxy(Object) > class="v-app-bar" style= {top: 0px, zIndex: 1014, transform: translateY(0px), position: fixed, height: undefined}  ... > 
  at <VAppBar id="topnav" > 
  at <MenusHeader drawer=false onToggleDrawer=fn > 
  at <ClientOnly > 
  at <VApp theme="light" class="auto-text" > 
  at <VResponsive class="border rounded" > 
  at <Default ref=Ref< Proxy(Object) > > 
  at <AsyncComponentWrapper ref=Ref< Proxy(Object) > > 
  at <LayoutLoader key="default" layoutProps= {ref: RefImpl} name="default" > 
  at <NuxtLayoutProvider layoutProps= {ref: RefImpl} key="default" name="default"  ... > 
  at <NuxtLayout > 
  at <App key=4 > 
  at <NuxtRoot> @ http://localhost:3001/_nuxt/@fs/home/meebuzo/github/alternate-framework/apps/ecosystem/meeovi-frontend/node_modules/@sentry/core/build/esm/instrument/console.js?v=cfee6d51:42
[   30074ms] [WARNING] [Vue warn]: Avoid app logic that relies on enumerating keys on a component instance. The keys will be empty in production mode to avoid performance overhead. 
  at <VNavigationDrawer modelValue=undefined onUpdate:modelValue=fn location="right"  ... > 
  at <MenusTopmenuLayoutNotifications > 
  at <VCol class="notificationsHeader" > 
  at <VDefaultsProvider defaults= {VTabs: Object} > 
  at <VToolbar ref=Ref< Proxy(Object) > class="v-app-bar" style= {top: 0px, zIndex: 1014, transform: translateY(0px), position: fixed, height: undefined}  ... > 
  at <VAppBar id="topnav" > 
  at <MenusHeader drawer=false onToggleDrawer=fn > 
  at <ClientOnly > 
  at <VApp theme="light" class="auto-text" > 
  at <VResponsive class="border rounded" > 
  at <Default ref=Ref< Proxy(Object) > > 
  at <AsyncComponentWrapper ref=Ref< Proxy(Object) > > 
  at <LayoutLoader key="default" layoutProps= {ref: RefImpl} name="default" > 
  at <NuxtLayoutProvider layoutProps= {ref: RefImpl} key="default" name="default"  ... > 
  at <NuxtLayout > 
  at <App key=4 > 
  at <NuxtRoot> @ http://localhost:3001/_nuxt/@fs/home/meebuzo/github/alternate-framework/apps/ecosystem/meeovi-frontend/node_modules/@sentry/core/build/esm/instrument/console.js?v=cfee6d51:42
[   30078ms] [WARNING] [Vue warn]: Avoid app logic that relies on enumerating keys on a component instance. The keys will be empty in production mode to avoid performance overhead. 
  at <VNavigationDrawer modelValue=undefined onUpdate:modelValue=fn location="right"  ... > 
  at <MenusTopmenuLayoutNotifications > 
  at <VCol class="notificationsHeader" > 
  at <VDefaultsProvider defaults= {VTabs: Object} > 
  at <VToolbar ref=Ref< Proxy(Object) > class="v-app-bar" style= {top: 0px, zIndex: 1014, transform: translateY(0px), position: fixed, height: undefined}  ... > 
  at <VAppBar id="topnav" > 
  at <MenusHeader drawer=false onToggleDrawer=fn > 
  at <ClientOnly > 
  at <VApp theme="light" class="auto-text" > 
  at <VResponsive class="border rounded" > 
  at <Default ref=Ref< Proxy(Object) > > 
  at <AsyncComponentWrapper ref=Ref< Proxy(Object) > > 
  at <LayoutLoader key="default" layoutProps= {ref: RefImpl} name="default" > 
  at <NuxtLayoutProvider layoutProps= {ref: RefImpl} key="default" name="default"  ... > 
  at <NuxtLayout > 
  at <App key=4 > 
  at <NuxtRoot> @ http://localhost:3001/_nuxt/@fs/home/meebuzo/github/alternate-framework/apps/ecosystem/meeovi-frontend/node_modules/@sentry/core/build/esm/instrument/console.js?v=cfee6d51:42
[   30080ms] [WARNING] [Vue warn]: Avoid app logic that relies on enumerating keys on a component instance. The keys will be empty in production mode to avoid performance overhead. 
  at <VNavigationDrawer modelValue=undefined onUpdate:modelValue=fn location="right"  ... > 
  at <MenusTopmenuLayoutNotifications > 
  at <VCol class="notificationsHeader" > 
  at <VDefaultsProvider defaults= {VTabs: Object} > 
  at <VToolbar ref=Ref< Proxy(Object) > class="v-app-bar" style= {top: 0px, zIndex: 1014, transform: translateY(0px), position: fixed, height: undefined}  ... > 
  at <VAppBar id="topnav" > 
  at <MenusHeader drawer=false onToggleDrawer=fn > 
  at <ClientOnly > 
  at <VApp theme="light" class="auto-text" > 
  at <VResponsive class="border rounded" > 
  at <Default ref=Ref< Proxy(Object) > > 
  at <AsyncComponentWrapper ref=Ref< Proxy(Object) > > 
  at <LayoutLoader key="default" layoutProps= {ref: RefImpl} name="default" > 
  at <NuxtLayoutProvider layoutProps= {ref: RefImpl} key="default" name="default"  ... > 
  at <NuxtLayout > 
  at <App key=4 > 
  at <NuxtRoot> @ http://localhost:3001/_nuxt/@fs/home/meebuzo/github/alternate-framework/apps/ecosystem/meeovi-frontend/node_modules/@sentry/core/build/esm/instrument/console.js?v=cfee6d51:42
[   30084ms] [WARNING] [Vue warn]: Avoid app logic that relies on enumerating keys on a component instance. The keys will be empty in production mode to avoid performance overhead. 
  at <VNavigationDrawer modelValue=undefined onUpdate:modelValue=fn location="right"  ... > 
  at <MenusTopmenuLayoutNotifications > 
  at <VCol class="notificationsHeader" > 
  at <VDefaultsProvider defaults= {VTabs: Object} > 
  at <VToolbar ref=Ref< Proxy(Object) > class="v-app-bar" style= {top: 0px, zIndex: 1014, transform: translateY(0px), position: fixed, height: undefined}  ... > 
  at <VAppBar id="topnav" > 
  at <MenusHeader drawer=false onToggleDrawer=fn > 
  at <ClientOnly > 
  at <VApp theme="light" class="auto-text" > 
  at <VResponsive class="border rounded" > 
  at <Default ref=Ref< Proxy(Object) > > 
  at <AsyncComponentWrapper ref=Ref< Proxy(Object) > > 
  at <LayoutLoader key="default" layoutProps= {ref: RefImpl} name="default" > 
  at <NuxtLayoutProvider layoutProps= {ref: RefImpl} key="default" name="default"  ... > 
  at <NuxtLayout > 
  at <App key=4 > 
  at <NuxtRoot> @ http://localhost:3001/_nuxt/@fs/home/meebuzo/github/alternate-framework/apps/ecosystem/meeovi-frontend/node_modules/@sentry/core/build/esm/instrument/console.js?v=cfee6d51:42
[   30089ms] [WARNING] [Vue warn]: Avoid app logic that relies on enumerating keys on a component instance. The keys will be empty in production mode to avoid performance overhead. 
  at <VNavigationDrawer modelValue=undefined onUpdate:modelValue=fn location="right"  ... > 
  at <MenusTopmenuLayoutNotifications > 
  at <VCol class="notificationsHeader" > 
  at <VDefaultsProvider defaults= {VTabs: Object} > 
  at <VToolbar ref=Ref< Proxy(Object) > class="v-app-bar" style= {top: 0px, zIndex: 1014, transform: translateY(0px), position: fixed, height: undefined}  ... > 
  at <VAppBar id="topnav" > 
  at <MenusHeader drawer=false onToggleDrawer=fn > 
  at <ClientOnly > 
  at <VApp theme="light" class="auto-text" > 
  at <VResponsive class="border rounded" > 
  at <Default ref=Ref< Proxy(Object) > > 
  at <AsyncComponentWrapper ref=Ref< Proxy(Object) > > 
  at <LayoutLoader key="default" layoutProps= {ref: RefImpl} name="default" > 
  at <NuxtLayoutProvider layoutProps= {ref: RefImpl} key="default" name="default"  ... > 
  at <NuxtLayout > 
  at <App key=4 > 
  at <NuxtRoot> @ http://localhost:3001/_nuxt/@fs/home/meebuzo/github/alternate-framework/apps/ecosystem/meeovi-frontend/node_modules/@sentry/core/build/esm/instrument/console.js?v=cfee6d51:42
[   30093ms] [WARNING] [Vue warn]: Avoid app logic that relies on enumerating keys on a component instance. The keys will be empty in production mode to avoid performance overhead. 
  at <VNavigationDrawer modelValue=undefined onUpdate:modelValue=fn location="right"  ... > 
  at <MenusTopmenuLayoutNotifications > 
  at <VCol class="notificationsHeader" > 
  at <VDefaultsProvider defaults= {VTabs: Object} > 
  at <VToolbar ref=Ref< Proxy(Object) > class="v-app-bar" style= {top: 0px, zIndex: 1014, transform: translateY(0px), position: fixed, height: undefined}  ... > 
  at <VAppBar id="topnav" > 
  at <MenusHeader drawer=false onToggleDrawer=fn > 
  at <ClientOnly > 
  at <VApp theme="light" class="auto-text" > 
  at <VResponsive class="border rounded" > 
  at <Default ref=Ref< Proxy(Object) > > 
  at <AsyncComponentWrapper ref=Ref< Proxy(Object) > > 
  at <LayoutLoader key="default" layoutProps= {ref: RefImpl} name="default" > 
  at <NuxtLayoutProvider layoutProps= {ref: RefImpl} key="default" name="default"  ... > 
  at <NuxtLayout > 
  at <App key=4 > 
  at <NuxtRoot> @ http://localhost:3001/_nuxt/@fs/home/meebuzo/github/alternate-framework/apps/ecosystem/meeovi-frontend/node_modules/@sentry/core/build/esm/instrument/console.js?v=cfee6d51:42
[   30098ms] [WARNING] [Vue warn]: Avoid app logic that relies on enumerating keys on a component instance. The keys will be empty in production mode to avoid performance overhead. 
  at <VNavigationDrawer modelValue=undefined onUpdate:modelValue=fn location="right"  ... > 
  at <MenusTopmenuLayoutNotifications > 
  at <VCol class="notificationsHeader" > 
  at <VDefaultsProvider defaults= {VTabs: Object} > 
  at <VToolbar ref=Ref< Proxy(Object) > class="v-app-bar" style= {top: 0px, zIndex: 1014, transform: translateY(0px), position: fixed, height: undefined}  ... > 
  at <VAppBar id="topnav" > 
  at <MenusHeader drawer=false onToggleDrawer=fn > 
  at <ClientOnly > 
  at <VApp theme="light" class="auto-text" > 
  at <VResponsive class="border rounded" > 
  at <Default ref=Ref< Proxy(Object) > > 
  at <AsyncComponentWrapper ref=Ref< Proxy(Object) > > 
  at <LayoutLoader key="default" layoutProps= {ref: RefImpl} name="default" > 
  at <NuxtLayoutProvider layoutProps= {ref: RefImpl} key="default" name="default"  ... > 
  at <NuxtLayout > 
  at <App key=4 > 
  at <NuxtRoot> @ http://localhost:3001/_nuxt/@fs/home/meebuzo/github/alternate-framework/apps/ecosystem/meeovi-frontend/node_modules/@sentry/core/build/esm/instrument/console.js?v=cfee6d51:42
[   30101ms] [WARNING] [Vue warn]: Avoid app logic that relies on enumerating keys on a component instance. The keys will be empty in production mode to avoid performance overhead. 
  at <VNavigationDrawer modelValue=undefined onUpdate:modelValue=fn location="right"  ... > 
  at <MenusTopmenuLayoutNotifications > 
  at <VCol class="notificationsHeader" > 
  at <VDefaultsProvider defaults= {VTabs: Object} > 
  at <VToolbar ref=Ref< Proxy(Object) > class="v-app-bar" style= {top: 0px, zIndex: 1014, transform: translateY(0px), position: fixed, height: undefined}  ... > 
  at <VAppBar id="topnav" > 
  at <MenusHeader drawer=false onToggleDrawer=fn > 
  at <ClientOnly > 
  at <VApp theme="light" class="auto-text" > 
  at <VResponsive class="border rounded" > 
  at <Default ref=Ref< Proxy(Object) > > 
  at <AsyncComponentWrapper ref=Ref< Proxy(Object) > > 
  at <LayoutLoader key="default" layoutProps= {ref: RefImpl} name="default" > 
  at <NuxtLayoutProvider layoutProps= {ref: RefImpl} key="default" name="default"  ... > 
  at <NuxtLayout > 
  at <App key=4 > 
  at <NuxtRoot> @ http://localhost:3001/_nuxt/@fs/home/meebuzo/github/alternate-framework/apps/ecosystem/meeovi-frontend/node_modules/@sentry/core/build/esm/instrument/console.js?v=cfee6d51:42
[   30106ms] [ERROR] Connecting to 'https://o996770.ingest.us.sentry.io/api/5955273/envelope/?sentry_version=7&sentry_key=df1b90fab7c44ce8aef097a63b468d61&sentry_client=sentry.javascript.nuxt%2F10.63.0' violates the following Content Security Policy directive: "connect-src 'self' https://*.mux.com". The action has been blocked. @ http://localhost:3001/_nuxt/@fs/home/meebuzo/github/alternate-framework/apps/ecosystem/meeovi-frontend/node_modules/@sentry/browser/build/npm/esm/dev/transports/fetch.js?v=cfee6d51:31
[   30106ms] [ERROR] Fetch API cannot load https://o996770.ingest.us.sentry.io/api/5955273/envelope/?sentry_version=7&sentry_key=df1b90fab7c44ce8aef097a63b468d61&sentry_client=sentry.javascript.nuxt%2F10.63.0. Refused to connect because it violates the document's Content Security Policy. @ http://localhost:3001/_nuxt/@fs/home/meebuzo/github/alternate-framework/apps/ecosystem/meeovi-frontend/node_modules/@sentry/browser/build/npm/esm/dev/transports/fetch.js?v=cfee6d51:31
[   30111ms] [WARNING] [Vue warn]: Avoid app logic that relies on enumerating keys on a component instance. The keys will be empty in production mode to avoid performance overhead. 
  at <VNavigationDrawer modelValue=undefined onUpdate:modelValue=fn location="right"  ... > 
  at <MenusTopmenuLayoutNotifications > 
  at <VCol class="notificationsHeader" > 
  at <VDefaultsProvider defaults= {VTabs: Object} > 
  at <VToolbar ref=Ref< Proxy(Object) > class="v-app-bar" style= {top: 0px, zIndex: 1014, transform: translateY(0px), position: fixed, height: undefined}  ... > 
  at <VAppBar id="topnav" > 
  at <MenusHeader drawer=false onToggleDrawer=fn > 
  at <ClientOnly > 
  at <VApp theme="light" class="auto-text" > 
  at <VResponsive class="border rounded" > 
  at <Default ref=Ref< Proxy(Object) > > 
  at <AsyncComponentWrapper ref=Ref< Proxy(Object) > > 
  at <LayoutLoader key="default" layoutProps= {ref: RefImpl} name="default" > 
  at <NuxtLayoutProvider layoutProps= {ref: RefImpl} key="default" name="default"  ... > 
  at <NuxtLayout > 
  at <App key=4 > 
  at <NuxtRoot> @ http://localhost:3001/_nuxt/@fs/home/meebuzo/github/alternate-framework/apps/ecosystem/meeovi-frontend/node_modules/@sentry/core/build/esm/instrument/console.js?v=cfee6d51:42
[   30115ms] [WARNING] [Vue warn]: Avoid app logic that relies on enumerating keys on a component instance. The keys will be empty in production mode to avoid performance overhead. 
  at <VNavigationDrawer modelValue=undefined onUpdate:modelValue=fn location="right"  ... > 
  at <MenusTopmenuLayoutNotifications > 
  at <VCol class="notificationsHeader" > 
  at <VDefaultsProvider defaults= {VTabs: Object} > 
  at <VToolbar ref=Ref< Proxy(Object) > class="v-app-bar" style= {top: 0px, zIndex: 1014, transform: translateY(0px), position: fixed, height: undefined}  ... > 
  at <VAppBar id="topnav" > 
  at <MenusHeader drawer=false onToggleDrawer=fn > 
  at <ClientOnly > 
  at <VApp theme="light" class="auto-text" > 
  at <VResponsive class="border rounded" > 
  at <Default ref=Ref< Proxy(Object) > > 
  at <AsyncComponentWrapper ref=Ref< Proxy(Object) > > 
  at <LayoutLoader key="default" layoutProps= {ref: RefImpl} name="default" > 
  at <NuxtLayoutProvider layoutProps= {ref: RefImpl} key="default" name="default"  ... > 
  at <NuxtLayout > 
  at <App key=4 > 
  at <NuxtRoot> @ http://localhost:3001/_nuxt/@fs/home/meebuzo/github/alternate-framework/apps/ecosystem/meeovi-frontend/node_modules/@sentry/core/build/esm/instrument/console.js?v=cfee6d51:42
[   30119ms] [WARNING] [Vue warn]: Avoid app logic that relies on enumerating keys on a component instance. The keys will be empty in production mode to avoid performance overhead. 
  at <VNavigationDrawer modelValue=undefined onUpdate:modelValue=fn location="right"  ... > 
  at <MenusTopmenuLayoutNotifications > 
  at <VCol class="notificationsHeader" > 
  at <VDefaultsProvider defaults= {VTabs: Object} > 
  at <VToolbar ref=Ref< Proxy(Object) > class="v-app-bar" style= {top: 0px, zIndex: 1014, transform: translateY(0px), position: fixed, height: undefined}  ... > 
  at <VAppBar id="topnav" > 
  at <MenusHeader drawer=false onToggleDrawer=fn > 
  at <ClientOnly > 
  at <VApp theme="light" class="auto-text" > 
  at <VResponsive class="border rounded" > 
  at <Default ref=Ref< Proxy(Object) > > 
  at <AsyncComponentWrapper ref=Ref< Proxy(Object) > > 
  at <LayoutLoader key="default" layoutProps= {ref: RefImpl} name="default" > 
  at <NuxtLayoutProvider layoutProps= {ref: RefImpl} key="default" name="default"  ... > 
  at <NuxtLayout > 
  at <App key=4 > 
  at <NuxtRoot> @ http://localhost:3001/_nuxt/@fs/home/meebuzo/github/alternate-framework/apps/ecosystem/meeovi-frontend/node_modules/@sentry/core/build/esm/instrument/console.js?v=cfee6d51:42
[   30123ms] [WARNING] [Vue warn]: Avoid app logic that relies on enumerating keys on a component instance. The keys will be empty in production mode to avoid performance overhead. 
  at <VNavigationDrawer modelValue=undefined onUpdate:modelValue=fn location="right"  ... > 
  at <MenusTopmenuLayoutNotifications > 
  at <VCol class="notificationsHeader" > 
  at <VDefaultsProvider defaults= {VTabs: Object} > 
  at <VToolbar ref=Ref< Proxy(Object) > class="v-app-bar" style= {top: 0px, zIndex: 1014, transform: translateY(0px), position: fixed, height: undefined}  ... > 
  at <VAppBar id="topnav" > 
  at <MenusHeader drawer=false onToggleDrawer=fn > 
  at <ClientOnly > 
  at <VApp theme="light" class="auto-text" > 
  at <VResponsive class="border rounded" > 
  at <Default ref=Ref< Proxy(Object) > > 
  at <AsyncComponentWrapper ref=Ref< Proxy(Object) > > 
  at <LayoutLoader key="default" layoutProps= {ref: RefImpl} name="default" > 
  at <NuxtLayoutProvider layoutProps= {ref: RefImpl} key="default" name="default"  ... > 
  at <NuxtLayout > 
  at <App key=4 > 
  at <NuxtRoot> @ http://localhost:3001/_nuxt/@fs/home/meebuzo/github/alternate-framework/apps/ecosystem/meeovi-frontend/node_modules/@sentry/core/build/esm/instrument/console.js?v=cfee6d51:42
[   30128ms] [WARNING] [Vue warn]: Avoid app logic that relies on enumerating keys on a component instance. The keys will be empty in production mode to avoid performance overhead. 
  at <VNavigationDrawer modelValue=undefined onUpdate:modelValue=fn location="right"  ... > 
  at <MenusTopmenuLayoutNotifications > 
  at <VCol class="notificationsHeader" > 
  at <VDefaultsProvider defaults= {VTabs: Object} > 
  at <VToolbar ref=Ref< Proxy(Object) > class="v-app-bar" style= {top: 0px, zIndex: 1014, transform: translateY(0px), position: fixed, height: undefined}  ... > 
  at <VAppBar id="topnav" > 
  at <MenusHeader drawer=false onToggleDrawer=fn > 
  at <ClientOnly > 
  at <VApp theme="light" class="auto-text" > 
  at <VResponsive class="border rounded" > 
  at <Default ref=Ref< Proxy(Object) > > 
  at <AsyncComponentWrapper ref=Ref< Proxy(Object) > > 
  at <LayoutLoader key="default" layoutProps= {ref: RefImpl} name="default" > 
  at <NuxtLayoutProvider layoutProps= {ref: RefImpl} key="default" name="default"  ... > 
  at <NuxtLayout > 
  at <App key=4 > 
  at <NuxtRoot> @ http://localhost:3001/_nuxt/@fs/home/meebuzo/github/alternate-framework/apps/ecosystem/meeovi-frontend/node_modules/@sentry/core/build/esm/instrument/console.js?v=cfee6d51:42
[   30131ms] [WARNING] [Vue warn]: Avoid app logic that relies on enumerating keys on a component instance. The keys will be empty in production mode to avoid performance overhead. 
  at <VNavigationDrawer modelValue=undefined onUpdate:modelValue=fn location="right"  ... > 
  at <MenusTopmenuLayoutNotifications > 
  at <VCol class="notificationsHeader" > 
  at <VDefaultsProvider defaults= {VTabs: Object} > 
  at <VToolbar ref=Ref< Proxy(Object) > class="v-app-bar" style= {top: 0px, zIndex: 1014, transform: translateY(0px), position: fixed, height: undefined}  ... > 
  at <VAppBar id="topnav" > 
  at <MenusHeader drawer=false onToggleDrawer=fn > 
  at <ClientOnly > 
  at <VApp theme="light" class="auto-text" > 
  at <VResponsive class="border rounded" > 
  at <Default ref=Ref< Proxy(Object) > > 
  at <AsyncComponentWrapper ref=Ref< Proxy(Object) > > 
  at <LayoutLoader key="default" layoutProps= {ref: RefImpl} name="default" > 
  at <NuxtLayoutProvider layoutProps= {ref: RefImpl} key="default" name="default"  ... > 
  at <NuxtLayout > 
  at <App key=4 > 
  at <NuxtRoot> @ http://localhost:3001/_nuxt/@fs/home/meebuzo/github/alternate-framework/apps/ecosystem/meeovi-frontend/node_modules/@sentry/core/build/esm/instrument/console.js?v=cfee6d51:42
[   30135ms] [WARNING] [Vue warn]: Avoid app logic that relies on enumerating keys on a component instance. The keys will be empty in production mode to avoid performance overhead. 
  at <VNavigationDrawer modelValue=undefined onUpdate:modelValue=fn location="right"  ... > 
  at <MenusTopmenuLayoutNotifications > 
  at <VCol class="notificationsHeader" > 
  at <VDefaultsProvider defaults= {VTabs: Object} > 
  at <VToolbar ref=Ref< Proxy(Object) > class="v-app-bar" style= {top: 0px, zIndex: 1014, transform: translateY(0px), position: fixed, height: undefined}  ... > 
  at <VAppBar id="topnav" > 
  at <MenusHeader drawer=false onToggleDrawer=fn > 
  at <ClientOnly > 
  at <VApp theme="light" class="auto-text" > 
  at <VResponsive class="border rounded" > 
  at <Default ref=Ref< Proxy(Object) > > 
  at <AsyncComponentWrapper ref=Ref< Proxy(Object) > > 
  at <LayoutLoader key="default" layoutProps= {ref: RefImpl} name="default" > 
  at <NuxtLayoutProvider layoutProps= {ref: RefImpl} key="default" name="default"  ... > 
  at <NuxtLayout > 
  at <App key=4 > 
  at <NuxtRoot> @ http://localhost:3001/_nuxt/@fs/home/meebuzo/github/alternate-framework/apps/ecosystem/meeovi-frontend/node_modules/@sentry/core/build/esm/instrument/console.js?v=cfee6d51:42
[   30138ms] [WARNING] [Vue warn]: Avoid app logic that relies on enumerating keys on a component instance. The keys will be empty in production mode to avoid performance overhead. 
  at <VNavigationDrawer modelValue=undefined onUpdate:modelValue=fn location="right"  ... > 
  at <MenusTopmenuLayoutNotifications > 
  at <VCol class="notificationsHeader" > 
  at <VDefaultsProvider defaults= {VTabs: Object} > 
  at <VToolbar ref=Ref< Proxy(Object) > class="v-app-bar" style= {top: 0px, zIndex: 1014, transform: translateY(0px), position: fixed, height: undefined}  ... > 
  at <VAppBar id="topnav" > 
  at <MenusHeader drawer=false onToggleDrawer=fn > 
  at <ClientOnly > 
  at <VApp theme="light" class="auto-text" > 
  at <VResponsive class="border rounded" > 
  at <Default ref=Ref< Proxy(Object) > > 
  at <AsyncComponentWrapper ref=Ref< Proxy(Object) > > 
  at <LayoutLoader key="default" layoutProps= {ref: RefImpl} name="default" > 
  at <NuxtLayoutProvider layoutProps= {ref: RefImpl} key="default" name="default"  ... > 
  at <NuxtLayout > 
  at <App key=4 > 
  at <NuxtRoot> @ http://localhost:3001/_nuxt/@fs/home/meebuzo/github/alternate-framework/apps/ecosystem/meeovi-frontend/node_modules/@sentry/core/build/esm/instrument/console.js?v=cfee6d51:42
[   30140ms] [WARNING] [Vue warn]: Avoid app logic that relies on enumerating keys on a component instance. The keys will be empty in production mode to avoid performance overhead. 
  at <VNavigationDrawer modelValue=undefined onUpdate:modelValue=fn location="right"  ... > 
  at <MenusTopmenuLayoutNotifications > 
  at <VCol class="notificationsHeader" > 
  at <VDefaultsProvider defaults= {VTabs: Object} > 
  at <VToolbar ref=Ref< Proxy(Object) > class="v-app-bar" style= {top: 0px, zIndex: 1014, transform: translateY(0px), position: fixed, height: undefined}  ... > 
  at <VAppBar id="topnav" > 
  at <MenusHeader drawer=false onToggleDrawer=fn > 
  at <ClientOnly > 
  at <VApp theme="light" class="auto-text" > 
  at <VResponsive class="border rounded" > 
  at <Default ref=Ref< Proxy(Object) > > 
  at <AsyncComponentWrapper ref=Ref< Proxy(Object) > > 
  at <LayoutLoader key="default" layoutProps= {ref: RefImpl} name="default" > 
  at <NuxtLayoutProvider layoutProps= {ref: RefImpl} key="default" name="default"  ... > 
  at <NuxtLayout > 
  at <App key=4 > 
  at <NuxtRoot> @ http://localhost:3001/_nuxt/@fs/home/meebuzo/github/alternate-framework/apps/ecosystem/meeovi-frontend/node_modules/@sentry/core/build/esm/instrument/console.js?v=cfee6d51:42
[   30143ms] [WARNING] [Vue warn]: Avoid app logic that relies on enumerating keys on a component instance. The keys will be empty in production mode to avoid performance overhead. 
  at <VNavigationDrawer modelValue=undefined onUpdate:modelValue=fn location="right"  ... > 
  at <MenusTopmenuLayoutNotifications > 
  at <VCol class="notificationsHeader" > 
  at <VDefaultsProvider defaults= {VTabs: Object} > 
  at <VToolbar ref=Ref< Proxy(Object) > class="v-app-bar" style= {top: 0px, zIndex: 1014, transform: translateY(0px), position: fixed, height: undefined}  ... > 
  at <VAppBar id="topnav" > 
  at <MenusHeader drawer=false onToggleDrawer=fn > 
  at <ClientOnly > 
  at <VApp theme="light" class="auto-text" > 
  at <VResponsive class="border rounded" > 
  at <Default ref=Ref< Proxy(Object) > > 
  at <AsyncComponentWrapper ref=Ref< Proxy(Object) > > 
  at <LayoutLoader key="default" layoutProps= {ref: RefImpl} name="default" > 
  at <NuxtLayoutProvider layoutProps= {ref: RefImpl} key="default" name="default"  ... > 
  at <NuxtLayout > 
  at <App key=4 > 
  at <NuxtRoot> @ http://localhost:3001/_nuxt/@fs/home/meebuzo/github/alternate-framework/apps/ecosystem/meeovi-frontend/node_modules/@sentry/core/build/esm/instrument/console.js?v=cfee6d51:42
[   30148ms] [WARNING] [Vue warn]: Avoid app logic that relies on enumerating keys on a component instance. The keys will be empty in production mode to avoid performance overhead. 
  at <VNavigationDrawer modelValue=undefined onUpdate:modelValue=fn location="right"  ... > 
  at <MenusTopmenuLayoutNotifications > 
  at <VCol class="notificationsHeader" > 
  at <VDefaultsProvider defaults= {VTabs: Object} > 
  at <VToolbar ref=Ref< Proxy(Object) > class="v-app-bar" style= {top: 0px, zIndex: 1014, transform: translateY(0px), position: fixed, height: undefined}  ... > 
  at <VAppBar id="topnav" > 
  at <MenusHeader drawer=false onToggleDrawer=fn > 
  at <ClientOnly > 
  at <VApp theme="light" class="auto-text" > 
  at <VResponsive class="border rounded" > 
  at <Default ref=Ref< Proxy(Object) > > 
  at <AsyncComponentWrapper ref=Ref< Proxy(Object) > > 
  at <LayoutLoader key="default" layoutProps= {ref: RefImpl} name="default" > 
  at <NuxtLayoutProvider layoutProps= {ref: RefImpl} key="default" name="default"  ... > 
  at <NuxtLayout > 
  at <App key=4 > 
  at <NuxtRoot> @ http://localhost:3001/_nuxt/@fs/home/meebuzo/github/alternate-framework/apps/ecosystem/meeovi-frontend/node_modules/@sentry/core/build/esm/instrument/console.js?v=cfee6d51:42
[   30151ms] [WARNING] [Vue warn]: Avoid app logic that relies on enumerating keys on a component instance. The keys will be empty in production mode to avoid performance overhead. 
  at <VNavigationDrawer modelValue=undefined onUpdate:modelValue=fn location="right"  ... > 
  at <MenusTopmenuLayoutNotifications > 
  at <VCol class="notificationsHeader" > 
  at <VDefaultsProvider defaults= {VTabs: Object} > 
  at <VToolbar ref=Ref< Proxy(Object) > class="v-app-bar" style= {top: 0px, zIndex: 1014, transform: translateY(0px), position: fixed, height: undefined}  ... > 
  at <VAppBar id="topnav" > 
  at <MenusHeader drawer=false onToggleDrawer=fn > 
  at <ClientOnly > 
  at <VApp theme="light" class="auto-text" > 
  at <VResponsive class="border rounded" > 
  at <Default ref=Ref< Proxy(Object) > > 
  at <AsyncComponentWrapper ref=Ref< Proxy(Object) > > 
  at <LayoutLoader key="default" layoutProps= {ref: RefImpl} name="default" > 
  at <NuxtLayoutProvider layoutProps= {ref: RefImpl} key="default" name="default"  ... > 
  at <NuxtLayout > 
  at <App key=4 > 
  at <NuxtRoot> @ http://localhost:3001/_nuxt/@fs/home/meebuzo/github/alternate-framework/apps/ecosystem/meeovi-frontend/node_modules/@sentry/core/build/esm/instrument/console.js?v=cfee6d51:42
[   30154ms] [WARNING] [Vue warn]: Avoid app logic that relies on enumerating keys on a component instance. The keys will be empty in production mode to avoid performance overhead. 
  at <VNavigationDrawer modelValue=undefined onUpdate:modelValue=fn location="right"  ... > 
  at <MenusTopmenuLayoutNotifications > 
  at <VCol class="notificationsHeader" > 
  at <VDefaultsProvider defaults= {VTabs: Object} > 
  at <VToolbar ref=Ref< Proxy(Object) > class="v-app-bar" style= {top: 0px, zIndex: 1014, transform: translateY(0px), position: fixed, height: undefined}  ... > 
  at <VAppBar id="topnav" > 
  at <MenusHeader drawer=false onToggleDrawer=fn > 
  at <ClientOnly > 
  at <VApp theme="light" class="auto-text" > 
  at <VResponsive class="border rounded" > 
  at <Default ref=Ref< Proxy(Object) > > 
  at <AsyncComponentWrapper ref=Ref< Proxy(Object) > > 
  at <LayoutLoader key="default" layoutProps= {ref: RefImpl} name="default" > 
  at <NuxtLayoutProvider layoutProps= {ref: RefImpl} key="default" name="default"  ... > 
  at <NuxtLayout > 
  at <App key=4 > 
  at <NuxtRoot> @ http://localhost:3001/_nuxt/@fs/home/meebuzo/github/alternate-framework/apps/ecosystem/meeovi-frontend/node_modules/@sentry/core/build/esm/instrument/console.js?v=cfee6d51:42
[   30157ms] [WARNING] [Vue warn]: Avoid app logic that relies on enumerating keys on a component instance. The keys will be empty in production mode to avoid performance overhead. 
  at <VNavigationDrawer modelValue=undefined onUpdate:modelValue=fn location="right"  ... > 
  at <MenusTopmenuLayoutNotifications > 
  at <VCol class="notificationsHeader" > 
  at <VDefaultsProvider defaults= {VTabs: Object} > 
  at <VToolbar ref=Ref< Proxy(Object) > class="v-app-bar" style= {top: 0px, zIndex: 1014, transform: translateY(0px), position: fixed, height: undefined}  ... > 
  at <VAppBar id="topnav" > 
  at <MenusHeader drawer=false onToggleDrawer=fn > 
  at <ClientOnly > 
  at <VApp theme="light" class="auto-text" > 
  at <VResponsive class="border rounded" > 
  at <Default ref=Ref< Proxy(Object) > > 
  at <AsyncComponentWrapper ref=Ref< Proxy(Object) > > 
  at <LayoutLoader key="default" layoutProps= {ref: RefImpl} name="default" > 
  at <NuxtLayoutProvider layoutProps= {ref: RefImpl} key="default" name="default"  ... > 
  at <NuxtLayout > 
  at <App key=4 > 
  at <NuxtRoot> @ http://localhost:3001/_nuxt/@fs/home/meebuzo/github/alternate-framework/apps/ecosystem/meeovi-frontend/node_modules/@sentry/core/build/esm/instrument/console.js?v=cfee6d51:42
[   30161ms] [WARNING] [Vue warn]: Avoid app logic that relies on enumerating keys on a component instance. The keys will be empty in production mode to avoid performance overhead. 
  at <VNavigationDrawer modelValue=undefined onUpdate:modelValue=fn location="right"  ... > 
  at <MenusTopmenuLayoutNotifications > 
  at <VCol class="notificationsHeader" > 
  at <VDefaultsProvider defaults= {VTabs: Object} > 
  at <VToolbar ref=Ref< Proxy(Object) > class="v-app-bar" style= {top: 0px, zIndex: 1014, transform: translateY(0px), position: fixed, height: undefined}  ... > 
  at <VAppBar id="topnav" > 
  at <MenusHeader drawer=false onToggleDrawer=fn > 
  at <ClientOnly > 
  at <VApp theme="light" class="auto-text" > 
  at <VResponsive class="border rounded" > 
  at <Default ref=Ref< Proxy(Object) > > 
  at <AsyncComponentWrapper ref=Ref< Proxy(Object) > > 
  at <LayoutLoader key="default" layoutProps= {ref: RefImpl} name="default" > 
  at <NuxtLayoutProvider layoutProps= {ref: RefImpl} key="default" name="default"  ... > 
  at <NuxtLayout > 
  at <App key=4 > 
  at <NuxtRoot> @ http://localhost:3001/_nuxt/@fs/home/meebuzo/github/alternate-framework/apps/ecosystem/meeovi-frontend/node_modules/@sentry/core/build/esm/instrument/console.js?v=cfee6d51:42
[   30164ms] [WARNING] [Vue warn]: Avoid app logic that relies on enumerating keys on a component instance. The keys will be empty in production mode to avoid performance overhead. 
  at <VNavigationDrawer modelValue=undefined onUpdate:modelValue=fn location="right"  ... > 
  at <MenusTopmenuLayoutNotifications > 
  at <VCol class="notificationsHeader" > 
  at <VDefaultsProvider defaults= {VTabs: Object} > 
  at <VToolbar ref=Ref< Proxy(Object) > class="v-app-bar" style= {top: 0px, zIndex: 1014, transform: translateY(0px), position: fixed, height: undefined}  ... > 
  at <VAppBar id="topnav" > 
  at <MenusHeader drawer=false onToggleDrawer=fn > 
  at <ClientOnly > 
  at <VApp theme="light" class="auto-text" > 
  at <VResponsive class="border rounded" > 
  at <Default ref=Ref< Proxy(Object) > > 
  at <AsyncComponentWrapper ref=Ref< Proxy(Object) > > 
  at <LayoutLoader key="default" layoutProps= {ref: RefImpl} name="default" > 
  at <NuxtLayoutProvider layoutProps= {ref: RefImpl} key="default" name="default"  ... > 
  at <NuxtLayout > 
  at <App key=4 > 
  at <NuxtRoot> @ http://localhost:3001/_nuxt/@fs/home/meebuzo/github/alternate-framework/apps/ecosystem/meeovi-frontend/node_modules/@sentry/core/build/esm/instrument/console.js?v=cfee6d51:42
[   30168ms] [WARNING] [Vue warn]: Avoid app logic that relies on enumerating keys on a component instance. The keys will be empty in production mode to avoid performance overhead. 
  at <VNavigationDrawer modelValue=undefined onUpdate:modelValue=fn location="right"  ... > 
  at <MenusTopmenuLayoutNotifications > 
  at <VCol class="notificationsHeader" > 
  at <VDefaultsProvider defaults= {VTabs: Object} > 
  at <VToolbar ref=Ref< Proxy(Object) > class="v-app-bar" style= {top: 0px, zIndex: 1014, transform: translateY(0px), position: fixed, height: undefined}  ... > 
  at <VAppBar id="topnav" > 
  at <MenusHeader drawer=false onToggleDrawer=fn > 
  at <ClientOnly > 
  at <VApp theme="light" class="auto-text" > 
  at <VResponsive class="border rounded" > 
  at <Default ref=Ref< Proxy(Object) > > 
  at <AsyncComponentWrapper ref=Ref< Proxy(Object) > > 
  at <LayoutLoader key="default" layoutProps= {ref: RefImpl} name="default" > 
  at <NuxtLayoutProvider layoutProps= {ref: RefImpl} key="default" name="default"  ... > 
  at <NuxtLayout > 
  at <App key=4 > 
  at <NuxtRoot> @ http://localhost:3001/_nuxt/@fs/home/meebuzo/github/alternate-framework/apps/ecosystem/meeovi-frontend/node_modules/@sentry/core/build/esm/instrument/console.js?v=cfee6d51:42
[   30170ms] [WARNING] [Vue warn]: Avoid app logic that relies on enumerating keys on a component instance. The keys will be empty in production mode to avoid performance overhead. 
  at <VNavigationDrawer modelValue=undefined onUpdate:modelValue=fn location="right"  ... > 
  at <MenusTopmenuLayoutNotifications > 
  at <VCol class="notificationsHeader" > 
  at <VDefaultsProvider defaults= {VTabs: Object} > 
  at <VToolbar ref=Ref< Proxy(Object) > class="v-app-bar" style= {top: 0px, zIndex: 1014, transform: translateY(0px), position: fixed, height: undefined}  ... > 
  at <VAppBar id="topnav" > 
  at <MenusHeader drawer=false onToggleDrawer=fn > 
  at <ClientOnly > 
  at <VApp theme="light" class="auto-text" > 
  at <VResponsive class="border rounded" > 
  at <Default ref=Ref< Proxy(Object) > > 
  at <AsyncComponentWrapper ref=Ref< Proxy(Object) > > 
  at <LayoutLoader key="default" layoutProps= {ref: RefImpl} name="default" > 
  at <NuxtLayoutProvider layoutProps= {ref: RefImpl} key="default" name="default"  ... > 
  at <NuxtLayout > 
  at <App key=4 > 
  at <NuxtRoot> @ http://localhost:3001/_nuxt/@fs/home/meebuzo/github/alternate-framework/apps/ecosystem/meeovi-frontend/node_modules/@sentry/core/build/esm/instrument/console.js?v=cfee6d51:42
[   30173ms] [WARNING] [Vue warn]: Avoid app logic that relies on enumerating keys on a component instance. The keys will be empty in production mode to avoid performance overhead. 
  at <VNavigationDrawer modelValue=undefined onUpdate:modelValue=fn location="right"  ... > 
  at <MenusTopmenuLayoutNotifications > 
  at <VCol class="notificationsHeader" > 
  at <VDefaultsProvider defaults= {VTabs: Object} > 
  at <VToolbar ref=Ref< Proxy(Object) > class="v-app-bar" style= {top: 0px, zIndex: 1014, transform: translateY(0px), position: fixed, height: undefined}  ... > 
  at <VAppBar id="topnav" > 
  at <MenusHeader drawer=false onToggleDrawer=fn > 
  at <ClientOnly > 
  at <VApp theme="light" class="auto-text" > 
  at <VResponsive class="border rounded" > 
  at <Default ref=Ref< Proxy(Object) > > 
  at <AsyncComponentWrapper ref=Ref< Proxy(Object) > > 
  at <LayoutLoader key="default" layoutProps= {ref: RefImpl} name="default" > 
  at <NuxtLayoutProvider layoutProps= {ref: RefImpl} key="default" name="default"  ... > 
  at <NuxtLayout > 
  at <App key=4 > 
  at <NuxtRoot> @ http://localhost:3001/_nuxt/@fs/home/meebuzo/github/alternate-framework/apps/ecosystem/meeovi-frontend/node_modules/@sentry/core/build/esm/instrument/console.js?v=cfee6d51:42
[   30175ms] [WARNING] [Vue warn]: Avoid app logic that relies on enumerating keys on a component instance. The keys will be empty in production mode to avoid performance overhead. 
  at <VNavigationDrawer modelValue=undefined onUpdate:modelValue=fn location="right"  ... > 
  at <MenusTopmenuLayoutNotifications > 
  at <VCol class="notificationsHeader" > 
  at <VDefaultsProvider defaults= {VTabs: Object} > 
  at <VToolbar ref=Ref< Proxy(Object) > class="v-app-bar" style= {top: 0px, zIndex: 1014, transform: translateY(0px), position: fixed, height: undefined}  ... > 
  at <VAppBar id="topnav" > 
  at <MenusHeader drawer=false onToggleDrawer=fn > 
  at <ClientOnly > 
  at <VApp theme="light" class="auto-text" > 
  at <VResponsive class="border rounded" > 
  at <Default ref=Ref< Proxy(Object) > > 
  at <AsyncComponentWrapper ref=Ref< Proxy(Object) > > 
  at <LayoutLoader key="default" layoutProps= {ref: RefImpl} name="default" > 
  at <NuxtLayoutProvider layoutProps= {ref: RefImpl} key="default" name="default"  ... > 
  at <NuxtLayout > 
  at <App key=4 > 
  at <NuxtRoot> @ http://localhost:3001/_nuxt/@fs/home/meebuzo/github/alternate-framework/apps/ecosystem/meeovi-frontend/node_modules/@sentry/core/build/esm/instrument/console.js?v=cfee6d51:42
[   30178ms] [WARNING] [Vue warn]: Avoid app logic that relies on enumerating keys on a component instance. The keys will be empty in production mode to avoid performance overhead. 
  at <VNavigationDrawer modelValue=undefined onUpdate:modelValue=fn location="right"  ... > 
  at <MenusTopmenuLayoutNotifications > 
  at <VCol class="notificationsHeader" > 
  at <VDefaultsProvider defaults= {VTabs: Object} > 
  at <VToolbar ref=Ref< Proxy(Object) > class="v-app-bar" style= {top: 0px, zIndex: 1014, transform: translateY(0px), position: fixed, height: undefined}  ... > 
  at <VAppBar id="topnav" > 
  at <MenusHeader drawer=false onToggleDrawer=fn > 
  at <ClientOnly > 
  at <VApp theme="light" class="auto-text" > 
  at <VResponsive class="border rounded" > 
  at <Default ref=Ref< Proxy(Object) > > 
  at <AsyncComponentWrapper ref=Ref< Proxy(Object) > > 
  at <LayoutLoader key="default" layoutProps= {ref: RefImpl} name="default" > 
  at <NuxtLayoutProvider layoutProps= {ref: RefImpl} key="default" name="default"  ... > 
  at <NuxtLayout > 
  at <App key=4 > 
  at <NuxtRoot> @ http://localhost:3001/_nuxt/@fs/home/meebuzo/github/alternate-framework/apps/ecosystem/meeovi-frontend/node_modules/@sentry/core/build/esm/instrument/console.js?v=cfee6d51:42
[   30180ms] [WARNING] [Vue warn]: Avoid app logic that relies on enumerating keys on a component instance. The keys will be empty in production mode to avoid performance overhead. 
  at <VNavigationDrawer modelValue=undefined onUpdate:modelValue=fn location="right"  ... > 
  at <MenusTopmenuLayoutNotifications > 
  at <VCol class="notificationsHeader" > 
  at <VDefaultsProvider defaults= {VTabs: Object} > 
  at <VToolbar ref=Ref< Proxy(Object) > class="v-app-bar" style= {top: 0px, zIndex: 1014, transform: translateY(0px), position: fixed, height: undefined}  ... > 
  at <VAppBar id="topnav" > 
  at <MenusHeader drawer=false onToggleDrawer=fn > 
  at <ClientOnly > 
  at <VApp theme="light" class="auto-text" > 
  at <VResponsive class="border rounded" > 
  at <Default ref=Ref< Proxy(Object) > > 
  at <AsyncComponentWrapper ref=Ref< Proxy(Object) > > 
  at <LayoutLoader key="default" layoutProps= {ref: RefImpl} name="default" > 
  at <NuxtLayoutProvider layoutProps= {ref: RefImpl} key="default" name="default"  ... > 
  at <NuxtLayout > 
  at <App key=4 > 
  at <NuxtRoot> @ http://localhost:3001/_nuxt/@fs/home/meebuzo/github/alternate-framework/apps/ecosystem/meeovi-frontend/node_modules/@sentry/core/build/esm/instrument/console.js?v=cfee6d51:42
[   30183ms] [WARNING] [Vue warn]: Avoid app logic that relies on enumerating keys on a component instance. The keys will be empty in production mode to avoid performance overhead. 
  at <VNavigationDrawer modelValue=undefined onUpdate:modelValue=fn location="right"  ... > 
  at <MenusTopmenuLayoutNotifications > 
  at <VCol class="notificationsHeader" > 
  at <VDefaultsProvider defaults= {VTabs: Object} > 
  at <VToolbar ref=Ref< Proxy(Object) > class="v-app-bar" style= {top: 0px, zIndex: 1014, transform: translateY(0px), position: fixed, height: undefined}  ... > 
  at <VAppBar id="topnav" > 
  at <MenusHeader drawer=false onToggleDrawer=fn > 
  at <ClientOnly > 
  at <VApp theme="light" class="auto-text" > 
  at <VResponsive class="border rounded" > 
  at <Default ref=Ref< Proxy(Object) > > 
  at <AsyncComponentWrapper ref=Ref< Proxy(Object) > > 
  at <LayoutLoader key="default" layoutProps= {ref: RefImpl} name="default" > 
  at <NuxtLayoutProvider layoutProps= {ref: RefImpl} key="default" name="default"  ... > 
  at <NuxtLayout > 
  at <App key=4 > 
  at <NuxtRoot> @ http://localhost:3001/_nuxt/@fs/home/meebuzo/github/alternate-framework/apps/ecosystem/meeovi-frontend/node_modules/@sentry/core/build/esm/instrument/console.js?v=cfee6d51:42
[   30186ms] [WARNING] [Vue warn]: Avoid app logic that relies on enumerating keys on a component instance. The keys will be empty in production mode to avoid performance overhead. 
  at <VNavigationDrawer modelValue=undefined onUpdate:modelValue=fn location="right"  ... > 
  at <MenusTopmenuLayoutNotifications > 
  at <VCol class="notificationsHeader" > 
  at <VDefaultsProvider defaults= {VTabs: Object} > 
  at <VToolbar ref=Ref< Proxy(Object) > class="v-app-bar" style= {top: 0px, zIndex: 1014, transform: translateY(0px), position: fixed, height: undefined}  ... > 
  at <VAppBar id="topnav" > 
  at <MenusHeader drawer=false onToggleDrawer=fn > 
  at <ClientOnly > 
  at <VApp theme="light" class="auto-text" > 
  at <VResponsive class="border rounded" > 
  at <Default ref=Ref< Proxy(Object) > > 
  at <AsyncComponentWrapper ref=Ref< Proxy(Object) > > 
  at <LayoutLoader key="default" layoutProps= {ref: RefImpl} name="default" > 
  at <NuxtLayoutProvider layoutProps= {ref: RefImpl} key="default" name="default"  ... > 
  at <NuxtLayout > 
  at <App key=4 > 
  at <NuxtRoot> @ http://localhost:3001/_nuxt/@fs/home/meebuzo/github/alternate-framework/apps/ecosystem/meeovi-frontend/node_modules/@sentry/core/build/esm/instrument/console.js?v=cfee6d51:42
[   30191ms] [WARNING] [Vue warn]: Avoid app logic that relies on enumerating keys on a component instance. The keys will be empty in production mode to avoid performance overhead. 
  at <VNavigationDrawer modelValue=undefined onUpdate:modelValue=fn location="right"  ... > 
  at <MenusTopmenuLayoutNotifications > 
  at <VCol class="notificationsHeader" > 
  at <VDefaultsProvider defaults= {VTabs: Object} > 
  at <VToolbar ref=Ref< Proxy(Object) > class="v-app-bar" style= {top: 0px, zIndex: 1014, transform: translateY(0px), position: fixed, height: undefined}  ... > 
  at <VAppBar id="topnav" > 
  at <MenusHeader drawer=false onToggleDrawer=fn > 
  at <ClientOnly > 
  at <VApp theme="light" class="auto-text" > 
  at <VResponsive class="border rounded" > 
  at <Default ref=Ref< Proxy(Object) > > 
  at <AsyncComponentWrapper ref=Ref< Proxy(Object) > > 
  at <LayoutLoader key="default" layoutProps= {ref: RefImpl} name="default" > 
  at <NuxtLayoutProvider layoutProps= {ref: RefImpl} key="default" name="default"  ... > 
  at <NuxtLayout > 
  at <App key=4 > 
  at <NuxtRoot> @ http://localhost:3001/_nuxt/@fs/home/meebuzo/github/alternate-framework/apps/ecosystem/meeovi-frontend/node_modules/@sentry/core/build/esm/instrument/console.js?v=cfee6d51:42
[   30195ms] [WARNING] [Vue warn]: Avoid app logic that relies on enumerating keys on a component instance. The keys will be empty in production mode to avoid performance overhead. 
  at <VNavigationDrawer modelValue=undefined onUpdate:modelValue=fn location="right"  ... > 
  at <MenusTopmenuLayoutNotifications > 
  at <VCol class="notificationsHeader" > 
  at <VDefaultsProvider defaults= {VTabs: Object} > 
  at <VToolbar ref=Ref< Proxy(Object) > class="v-app-bar" style= {top: 0px, zIndex: 1014, transform: translateY(0px), position: fixed, height: undefined}  ... > 
  at <VAppBar id="topnav" > 
  at <MenusHeader drawer=false onToggleDrawer=fn > 
  at <ClientOnly > 
  at <VApp theme="light" class="auto-text" > 
  at <VResponsive class="border rounded" > 
  at <Default ref=Ref< Proxy(Object) > > 
  at <AsyncComponentWrapper ref=Ref< Proxy(Object) > > 
  at <LayoutLoader key="default" layoutProps= {ref: RefImpl} name="default" > 
  at <NuxtLayoutProvider layoutProps= {ref: RefImpl} key="default" name="default"  ... > 
  at <NuxtLayout > 
  at <App key=4 > 
  at <NuxtRoot> @ http://localhost:3001/_nuxt/@fs/home/meebuzo/github/alternate-framework/apps/ecosystem/meeovi-frontend/node_modules/@sentry/core/build/esm/instrument/console.js?v=cfee6d51:42
[   30200ms] [WARNING] [Vue warn]: Avoid app logic that relies on enumerating keys on a component instance. The keys will be empty in production mode to avoid performance overhead. 
  at <VNavigationDrawer modelValue=undefined onUpdate:modelValue=fn location="right"  ... > 
  at <MenusTopmenuLayoutNotifications > 
  at <VCol class="notificationsHeader" > 
  at <VDefaultsProvider defaults= {VTabs: Object} > 
  at <VToolbar ref=Ref< Proxy(Object) > class="v-app-bar" style= {top: 0px, zIndex: 1014, transform: translateY(0px), position: fixed, height: undefined}  ... > 
  at <VAppBar id="topnav" > 
  at <MenusHeader drawer=false onToggleDrawer=fn > 
  at <ClientOnly > 
  at <VApp theme="light" class="auto-text" > 
  at <VResponsive class="border rounded" > 
  at <Default ref=Ref< Proxy(Object) > > 
  at <AsyncComponentWrapper ref=Ref< Proxy(Object) > > 
  at <LayoutLoader key="default" layoutProps= {ref: RefImpl} name="default" > 
  at <NuxtLayoutProvider layoutProps= {ref: RefImpl} key="default" name="default"  ... > 
  at <NuxtLayout > 
  at <App key=4 > 
  at <NuxtRoot> @ http://localhost:3001/_nuxt/@fs/home/meebuzo/github/alternate-framework/apps/ecosystem/meeovi-frontend/node_modules/@sentry/core/build/esm/instrument/console.js?v=cfee6d51:42
[   30204ms] [WARNING] [Vue warn]: Avoid app logic that relies on enumerating keys on a component instance. The keys will be empty in production mode to avoid performance overhead. 
  at <VNavigationDrawer modelValue=undefined onUpdate:modelValue=fn location="right"  ... > 
  at <MenusTopmenuLayoutNotifications > 
  at <VCol class="notificationsHeader" > 
  at <VDefaultsProvider defaults= {VTabs: Object} > 
  at <VToolbar ref=Ref< Proxy(Object) > class="v-app-bar" style= {top: 0px, zIndex: 1014, transform: translateY(0px), position: fixed, height: undefined}  ... > 
  at <VAppBar id="topnav" > 
  at <MenusHeader drawer=false onToggleDrawer=fn > 
  at <ClientOnly > 
  at <VApp theme="light" class="auto-text" > 
  at <VResponsive class="border rounded" > 
  at <Default ref=Ref< Proxy(Object) > > 
  at <AsyncComponentWrapper ref=Ref< Proxy(Object) > > 
  at <LayoutLoader key="default" layoutProps= {ref: RefImpl} name="default" > 
  at <NuxtLayoutProvider layoutProps= {ref: RefImpl} key="default" name="default"  ... > 
  at <NuxtLayout > 
  at <App key=4 > 
  at <NuxtRoot> @ http://localhost:3001/_nuxt/@fs/home/meebuzo/github/alternate-framework/apps/ecosystem/meeovi-frontend/node_modules/@sentry/core/build/esm/instrument/console.js?v=cfee6d51:42
[   30208ms] [WARNING] [Vue warn]: Avoid app logic that relies on enumerating keys on a component instance. The keys will be empty in production mode to avoid performance overhead. 
  at <VNavigationDrawer modelValue=undefined onUpdate:modelValue=fn location="right"  ... > 
  at <MenusTopmenuLayoutNotifications > 
  at <VCol class="notificationsHeader" > 
  at <VDefaultsProvider defaults= {VTabs: Object} > 
  at <VToolbar ref=Ref< Proxy(Object) > class="v-app-bar" style= {top: 0px, zIndex: 1014, transform: translateY(0px), position: fixed, height: undefined}  ... > 
  at <VAppBar id="topnav" > 
  at <MenusHeader drawer=false onToggleDrawer=fn > 
  at <ClientOnly > 
  at <VApp theme="light" class="auto-text" > 
  at <VResponsive class="border rounded" > 
  at <Default ref=Ref< Proxy(Object) > > 
  at <AsyncComponentWrapper ref=Ref< Proxy(Object) > > 
  at <LayoutLoader key="default" layoutProps= {ref: RefImpl} name="default" > 
  at <NuxtLayoutProvider layoutProps= {ref: RefImpl} key="default" name="default"  ... > 
  at <NuxtLayout > 
  at <App key=4 > 
  at <NuxtRoot> @ http://localhost:3001/_nuxt/@fs/home/meebuzo/github/alternate-framework/apps/ecosystem/meeovi-frontend/node_modules/@sentry/core/build/esm/instrument/console.js?v=cfee6d51:42
[   30213ms] [WARNING] [Vue warn]: Avoid app logic that relies on enumerating keys on a component instance. The keys will be empty in production mode to avoid performance overhead. 
  at <VNavigationDrawer modelValue=undefined onUpdate:modelValue=fn location="right"  ... > 
  at <MenusTopmenuLayoutNotifications > 
  at <VCol class="notificationsHeader" > 
  at <VDefaultsProvider defaults= {VTabs: Object} > 
  at <VToolbar ref=Ref< Proxy(Object) > class="v-app-bar" style= {top: 0px, zIndex: 1014, transform: translateY(0px), position: fixed, height: undefined}  ... > 
  at <VAppBar id="topnav" > 
  at <MenusHeader drawer=false onToggleDrawer=fn > 
  at <ClientOnly > 
  at <VApp theme="light" class="auto-text" > 
  at <VResponsive class="border rounded" > 
  at <Default ref=Ref< Proxy(Object) > > 
  at <AsyncComponentWrapper ref=Ref< Proxy(Object) > > 
  at <LayoutLoader key="default" layoutProps= {ref: RefImpl} name="default" > 
  at <NuxtLayoutProvider layoutProps= {ref: RefImpl} key="default" name="default"  ... > 
  at <NuxtLayout > 
  at <App key=4 > 
  at <NuxtRoot> @ http://localhost:3001/_nuxt/@fs/home/meebuzo/github/alternate-framework/apps/ecosystem/meeovi-frontend/node_modules/@sentry/core/build/esm/instrument/console.js?v=cfee6d51:42
[   30217ms] [WARNING] [Vue warn]: Avoid app logic that relies on enumerating keys on a component instance. The keys will be empty in production mode to avoid performance overhead. 
  at <VNavigationDrawer modelValue=undefined onUpdate:modelValue=fn location="right"  ... > 
  at <MenusTopmenuLayoutNotifications > 
  at <VCol class="notificationsHeader" > 
  at <VDefaultsProvider defaults= {VTabs: Object} > 
  at <VToolbar ref=Ref< Proxy(Object) > class="v-app-bar" style= {top: 0px, zIndex: 1014, transform: translateY(0px), position: fixed, height: undefined}  ... > 
  at <VAppBar id="topnav" > 
  at <MenusHeader drawer=false onToggleDrawer=fn > 
  at <ClientOnly > 
  at <VApp theme="light" class="auto-text" > 
  at <VResponsive class="border rounded" > 
  at <Default ref=Ref< Proxy(Object) > > 
  at <AsyncComponentWrapper ref=Ref< Proxy(Object) > > 
  at <LayoutLoader key="default" layoutProps= {ref: RefImpl} name="default" > 
  at <NuxtLayoutProvider layoutProps= {ref: RefImpl} key="default" name="default"  ... > 
  at <NuxtLayout > 
  at <App key=4 > 
  at <NuxtRoot> @ http://localhost:3001/_nuxt/@fs/home/meebuzo/github/alternate-framework/apps/ecosystem/meeovi-frontend/node_modules/@sentry/core/build/esm/instrument/console.js?v=cfee6d51:42
[   30221ms] [WARNING] [Vue warn]: Avoid app logic that relies on enumerating keys on a component instance. The keys will be empty in production mode to avoid performance overhead. 
  at <VNavigationDrawer modelValue=undefined onUpdate:modelValue=fn location="right"  ... > 
  at <MenusTopmenuLayoutNotifications > 
  at <VCol class="notificationsHeader" > 
  at <VDefaultsProvider defaults= {VTabs: Object} > 
  at <VToolbar ref=Ref< Proxy(Object) > class="v-app-bar" style= {top: 0px, zIndex: 1014, transform: translateY(0px), position: fixed, height: undefined}  ... > 
  at <VAppBar id="topnav" > 
  at <MenusHeader drawer=false onToggleDrawer=fn > 
  at <ClientOnly > 
  at <VApp theme="light" class="auto-text" > 
  at <VResponsive class="border rounded" > 
  at <Default ref=Ref< Proxy(Object) > > 
  at <AsyncComponentWrapper ref=Ref< Proxy(Object) > > 
  at <LayoutLoader key="default" layoutProps= {ref: RefImpl} name="default" > 
  at <NuxtLayoutProvider layoutProps= {ref: RefImpl} key="default" name="default"  ... > 
  at <NuxtLayout > 
  at <App key=4 > 
  at <NuxtRoot> @ http://localhost:3001/_nuxt/@fs/home/meebuzo/github/alternate-framework/apps/ecosystem/meeovi-frontend/node_modules/@sentry/core/build/esm/instrument/console.js?v=cfee6d51:42
[   30225ms] [WARNING] [Vue warn]: Avoid app logic that relies on enumerating keys on a component instance. The keys will be empty in production mode to avoid performance overhead. 
  at <VNavigationDrawer modelValue=undefined onUpdate:modelValue=fn location="right"  ... > 
  at <MenusTopmenuLayoutNotifications > 
  at <VCol class="notificationsHeader" > 
  at <VDefaultsProvider defaults= {VTabs: Object} > 
  at <VToolbar ref=Ref< Proxy(Object) > class="v-app-bar" style= {top: 0px, zIndex: 1014, transform: translateY(0px), position: fixed, height: undefined}  ... > 
  at <VAppBar id="topnav" > 
  at <MenusHeader drawer=false onToggleDrawer=fn > 
  at <ClientOnly > 
  at <VApp theme="light" class="auto-text" > 
  at <VResponsive class="border rounded" > 
  at <Default ref=Ref< Proxy(Object) > > 
  at <AsyncComponentWrapper ref=Ref< Proxy(Object) > > 
  at <LayoutLoader key="default" layoutProps= {ref: RefImpl} name="default" > 
  at <NuxtLayoutProvider layoutProps= {ref: RefImpl} key="default" name="default"  ... > 
  at <NuxtLayout > 
  at <App key=4 > 
  at <NuxtRoot> @ http://localhost:3001/_nuxt/@fs/home/meebuzo/github/alternate-framework/apps/ecosystem/meeovi-frontend/node_modules/@sentry/core/build/esm/instrument/console.js?v=cfee6d51:42
[   30229ms] [WARNING] [Vue warn]: Avoid app logic that relies on enumerating keys on a component instance. The keys will be empty in production mode to avoid performance overhead. 
  at <VNavigationDrawer modelValue=undefined onUpdate:modelValue=fn location="right"  ... > 
  at <MenusTopmenuLayoutNotifications > 
  at <VCol class="notificationsHeader" > 
  at <VDefaultsProvider defaults= {VTabs: Object} > 
  at <VToolbar ref=Ref< Proxy(Object) > class="v-app-bar" style= {top: 0px, zIndex: 1014, transform: translateY(0px), position: fixed, height: undefined}  ... > 
  at <VAppBar id="topnav" > 
  at <MenusHeader drawer=false onToggleDrawer=fn > 
  at <ClientOnly > 
  at <VApp theme="light" class="auto-text" > 
  at <VResponsive class="border rounded" > 
  at <Default ref=Ref< Proxy(Object) > > 
  at <AsyncComponentWrapper ref=Ref< Proxy(Object) > > 
  at <LayoutLoader key="default" layoutProps= {ref: RefImpl} name="default" > 
  at <NuxtLayoutProvider layoutProps= {ref: RefImpl} key="default" name="default"  ... > 
  at <NuxtLayout > 
  at <App key=4 > 
  at <NuxtRoot> @ http://localhost:3001/_nuxt/@fs/home/meebuzo/github/alternate-framework/apps/ecosystem/meeovi-frontend/node_modules/@sentry/core/build/esm/instrument/console.js?v=cfee6d51:42
[   30233ms] [WARNING] [Vue warn]: Avoid app logic that relies on enumerating keys on a component instance. The keys will be empty in production mode to avoid performance overhead. 
  at <VNavigationDrawer modelValue=undefined onUpdate:modelValue=fn location="right"  ... > 
  at <MenusTopmenuLayoutNotifications > 
  at <VCol class="notificationsHeader" > 
  at <VDefaultsProvider defaults= {VTabs: Object} > 
  at <VToolbar ref=Ref< Proxy(Object) > class="v-app-bar" style= {top: 0px, zIndex: 1014, transform: translateY(0px), position: fixed, height: undefined}  ... > 
  at <VAppBar id="topnav" > 
  at <MenusHeader drawer=false onToggleDrawer=fn > 
  at <ClientOnly > 
  at <VApp theme="light" class="auto-text" > 
  at <VResponsive class="border rounded" > 
  at <Default ref=Ref< Proxy(Object) > > 
  at <AsyncComponentWrapper ref=Ref< Proxy(Object) > > 
  at <LayoutLoader key="default" layoutProps= {ref: RefImpl} name="default" > 
  at <NuxtLayoutProvider layoutProps= {ref: RefImpl} key="default" name="default"  ... > 
  at <NuxtLayout > 
  at <App key=4 > 
  at <NuxtRoot> @ http://localhost:3001/_nuxt/@fs/home/meebuzo/github/alternate-framework/apps/ecosystem/meeovi-frontend/node_modules/@sentry/core/build/esm/instrument/console.js?v=cfee6d51:42
[   30237ms] [WARNING] [Vue warn]: Avoid app logic that relies on enumerating keys on a component instance. The keys will be empty in production mode to avoid performance overhead. 
  at <VNavigationDrawer modelValue=undefined onUpdate:modelValue=fn location="right"  ... > 
  at <MenusTopmenuLayoutNotifications > 
  at <VCol class="notificationsHeader" > 
  at <VDefaultsProvider defaults= {VTabs: Object} > 
  at <VToolbar ref=Ref< Proxy(Object) > class="v-app-bar" style= {top: 0px, zIndex: 1014, transform: translateY(0px), position: fixed, height: undefined}  ... > 
  at <VAppBar id="topnav" > 
  at <MenusHeader drawer=false onToggleDrawer=fn > 
  at <ClientOnly > 
  at <VApp theme="light" class="auto-text" > 
  at <VResponsive class="border rounded" > 
  at <Default ref=Ref< Proxy(Object) > > 
  at <AsyncComponentWrapper ref=Ref< Proxy(Object) > > 
  at <LayoutLoader key="default" layoutProps= {ref: RefImpl} name="default" > 
  at <NuxtLayoutProvider layoutProps= {ref: RefImpl} key="default" name="default"  ... > 
  at <NuxtLayout > 
  at <App key=4 > 
  at <NuxtRoot> @ http://localhost:3001/_nuxt/@fs/home/meebuzo/github/alternate-framework/apps/ecosystem/meeovi-frontend/node_modules/@sentry/core/build/esm/instrument/console.js?v=cfee6d51:42
[   30241ms] [WARNING] [Vue warn]: Avoid app logic that relies on enumerating keys on a component instance. The keys will be empty in production mode to avoid performance overhead. 
  at <VNavigationDrawer modelValue=undefined onUpdate:modelValue=fn location="right"  ... > 
  at <MenusTopmenuLayoutNotifications > 
  at <VCol class="notificationsHeader" > 
  at <VDefaultsProvider defaults= {VTabs: Object} > 
  at <VToolbar ref=Ref< Proxy(Object) > class="v-app-bar" style= {top: 0px, zIndex: 1014, transform: translateY(0px), position: fixed, height: undefined}  ... > 
  at <VAppBar id="topnav" > 
  at <MenusHeader drawer=false onToggleDrawer=fn > 
  at <ClientOnly > 
  at <VApp theme="light" class="auto-text" > 
  at <VResponsive class="border rounded" > 
  at <Default ref=Ref< Proxy(Object) > > 
  at <AsyncComponentWrapper ref=Ref< Proxy(Object) > > 
  at <LayoutLoader key="default" layoutProps= {ref: RefImpl} name="default" > 
  at <NuxtLayoutProvider layoutProps= {ref: RefImpl} key="default" name="default"  ... > 
  at <NuxtLayout > 
  at <App key=4 > 
  at <NuxtRoot> @ http://localhost:3001/_nuxt/@fs/home/meebuzo/github/alternate-framework/apps/ecosystem/meeovi-frontend/node_modules/@sentry/core/build/esm/instrument/console.js?v=cfee6d51:42
[   30245ms] [WARNING] [Vue warn]: Avoid app logic that relies on enumerating keys on a component instance. The keys will be empty in production mode to avoid performance overhead. 
  at <VNavigationDrawer modelValue=undefined onUpdate:modelValue=fn location="right"  ... > 
  at <MenusTopmenuLayoutNotifications > 
  at <VCol class="notificationsHeader" > 
  at <VDefaultsProvider defaults= {VTabs: Object} > 
  at <VToolbar ref=Ref< Proxy(Object) > class="v-app-bar" style= {top: 0px, zIndex: 1014, transform: translateY(0px), position: fixed, height: undefined}  ... > 
  at <VAppBar id="topnav" > 
  at <MenusHeader drawer=false onToggleDrawer=fn > 
  at <ClientOnly > 
  at <VApp theme="light" class="auto-text" > 
  at <VResponsive class="border rounded" > 
  at <Default ref=Ref< Proxy(Object) > > 
  at <AsyncComponentWrapper ref=Ref< Proxy(Object) > > 
  at <LayoutLoader key="default" layoutProps= {ref: RefImpl} name="default" > 
  at <NuxtLayoutProvider layoutProps= {ref: RefImpl} key="default" name="default"  ... > 
  at <NuxtLayout > 
  at <App key=4 > 
  at <NuxtRoot> @ http://localhost:3001/_nuxt/@fs/home/meebuzo/github/alternate-framework/apps/ecosystem/meeovi-frontend/node_modules/@sentry/core/build/esm/instrument/console.js?v=cfee6d51:42
[   30250ms] [WARNING] [Vue warn]: Avoid app logic that relies on enumerating keys on a component instance. The keys will be empty in production mode to avoid performance overhead. 
  at <VNavigationDrawer modelValue=undefined onUpdate:modelValue=fn location="right"  ... > 
  at <MenusTopmenuLayoutNotifications > 
  at <VCol class="notificationsHeader" > 
  at <VDefaultsProvider defaults= {VTabs: Object} > 
  at <VToolbar ref=Ref< Proxy(Object) > class="v-app-bar" style= {top: 0px, zIndex: 1014, transform: translateY(0px), position: fixed, height: undefined}  ... > 
  at <VAppBar id="topnav" > 
  at <MenusHeader drawer=false onToggleDrawer=fn > 
  at <ClientOnly > 
  at <VApp theme="light" class="auto-text" > 
  at <VResponsive class="border rounded" > 
  at <Default ref=Ref< Proxy(Object) > > 
  at <AsyncComponentWrapper ref=Ref< Proxy(Object) > > 
  at <LayoutLoader key="default" layoutProps= {ref: RefImpl} name="default" > 
  at <NuxtLayoutProvider layoutProps= {ref: RefImpl} key="default" name="default"  ... > 
  at <NuxtLayout > 
  at <App key=4 > 
  at <NuxtRoot> @ http://localhost:3001/_nuxt/@fs/home/meebuzo/github/alternate-framework/apps/ecosystem/meeovi-frontend/node_modules/@sentry/core/build/esm/instrument/console.js?v=cfee6d51:42
[   30254ms] [WARNING] [Vue warn]: Avoid app logic that relies on enumerating keys on a component instance. The keys will be empty in production mode to avoid performance overhead. 
  at <VNavigationDrawer modelValue=undefined onUpdate:modelValue=fn location="right"  ... > 
  at <MenusTopmenuLayoutNotifications > 
  at <VCol class="notificationsHeader" > 
  at <VDefaultsProvider defaults= {VTabs: Object} > 
  at <VToolbar ref=Ref< Proxy(Object) > class="v-app-bar" style= {top: 0px, zIndex: 1014, transform: translateY(0px), position: fixed, height: undefined}  ... > 
  at <VAppBar id="topnav" > 
  at <MenusHeader drawer=false onToggleDrawer=fn > 
  at <ClientOnly > 
  at <VApp theme="light" class="auto-text" > 
  at <VResponsive class="border rounded" > 
  at <Default ref=Ref< Proxy(Object) > > 
  at <AsyncComponentWrapper ref=Ref< Proxy(Object) > > 
  at <LayoutLoader key="default" layoutProps= {ref: RefImpl} name="default" > 
  at <NuxtLayoutProvider layoutProps= {ref: RefImpl} key="default" name="default"  ... > 
  at <NuxtLayout > 
  at <App key=4 > 
  at <NuxtRoot> @ http://localhost:3001/_nuxt/@fs/home/meebuzo/github/alternate-framework/apps/ecosystem/meeovi-frontend/node_modules/@sentry/core/build/esm/instrument/console.js?v=cfee6d51:42
[   30258ms] [WARNING] [Vue warn]: Avoid app logic that relies on enumerating keys on a component instance. The keys will be empty in production mode to avoid performance overhead. 
  at <VNavigationDrawer modelValue=undefined onUpdate:modelValue=fn location="right"  ... > 
  at <MenusTopmenuLayoutNotifications > 
  at <VCol class="notificationsHeader" > 
  at <VDefaultsProvider defaults= {VTabs: Object} > 
  at <VToolbar ref=Ref< Proxy(Object) > class="v-app-bar" style= {top: 0px, zIndex: 1014, transform: translateY(0px), position: fixed, height: undefined}  ... > 
  at <VAppBar id="topnav" > 
  at <MenusHeader drawer=false onToggleDrawer=fn > 
  at <ClientOnly > 
  at <VApp theme="light" class="auto-text" > 
  at <VResponsive class="border rounded" > 
  at <Default ref=Ref< Proxy(Object) > > 
  at <AsyncComponentWrapper ref=Ref< Proxy(Object) > > 
  at <LayoutLoader key="default" layoutProps= {ref: RefImpl} name="default" > 
  at <NuxtLayoutProvider layoutProps= {ref: RefImpl} key="default" name="default"  ... > 
  at <NuxtLayout > 
  at <App key=4 > 
  at <NuxtRoot> @ http://localhost:3001/_nuxt/@fs/home/meebuzo/github/alternate-framework/apps/ecosystem/meeovi-frontend/node_modules/@sentry/core/build/esm/instrument/console.js?v=cfee6d51:42
[   30262ms] [WARNING] [Vue warn]: Avoid app logic that relies on enumerating keys on a component instance. The keys will be empty in production mode to avoid performance overhead. 
  at <VNavigationDrawer modelValue=undefined onUpdate:modelValue=fn location="right"  ... > 
  at <MenusTopmenuLayoutNotifications > 
  at <VCol class="notificationsHeader" > 
  at <VDefaultsProvider defaults= {VTabs: Object} > 
  at <VToolbar ref=Ref< Proxy(Object) > class="v-app-bar" style= {top: 0px, zIndex: 1014, transform: translateY(0px), position: fixed, height: undefined}  ... > 
  at <VAppBar id="topnav" > 
  at <MenusHeader drawer=false onToggleDrawer=fn > 
  at <ClientOnly > 
  at <VApp theme="light" class="auto-text" > 
  at <VResponsive class="border rounded" > 
  at <Default ref=Ref< Proxy(Object) > > 
  at <AsyncComponentWrapper ref=Ref< Proxy(Object) > > 
  at <LayoutLoader key="default" layoutProps= {ref: RefImpl} name="default" > 
  at <NuxtLayoutProvider layoutProps= {ref: RefImpl} key="default" name="default"  ... > 
  at <NuxtLayout > 
  at <App key=4 > 
  at <NuxtRoot> @ http://localhost:3001/_nuxt/@fs/home/meebuzo/github/alternate-framework/apps/ecosystem/meeovi-frontend/node_modules/@sentry/core/build/esm/instrument/console.js?v=cfee6d51:42
[   30267ms] [WARNING] [Vue warn]: Avoid app logic that relies on enumerating keys on a component instance. The keys will be empty in production mode to avoid performance overhead. 
  at <VNavigationDrawer modelValue=undefined onUpdate:modelValue=fn location="right"  ... > 
  at <MenusTopmenuLayoutNotifications > 
  at <VCol class="notificationsHeader" > 
  at <VDefaultsProvider defaults= {VTabs: Object} > 
  at <VToolbar ref=Ref< Proxy(Object) > class="v-app-bar" style= {top: 0px, zIndex: 1014, transform: translateY(0px), position: fixed, height: undefined}  ... > 
  at <VAppBar id="topnav" > 
  at <MenusHeader drawer=false onToggleDrawer=fn > 
  at <ClientOnly > 
  at <VApp theme="light" class="auto-text" > 
  at <VResponsive class="border rounded" > 
  at <Default ref=Ref< Proxy(Object) > > 
  at <AsyncComponentWrapper ref=Ref< Proxy(Object) > > 
  at <LayoutLoader key="default" layoutProps= {ref: RefImpl} name="default" > 
  at <NuxtLayoutProvider layoutProps= {ref: RefImpl} key="default" name="default"  ... > 
  at <NuxtLayout > 
  at <App key=4 > 
  at <NuxtRoot> @ http://localhost:3001/_nuxt/@fs/home/meebuzo/github/alternate-framework/apps/ecosystem/meeovi-frontend/node_modules/@sentry/core/build/esm/instrument/console.js?v=cfee6d51:42
[   30271ms] [WARNING] [Vue warn]: Avoid app logic that relies on enumerating keys on a component instance. The keys will be empty in production mode to avoid performance overhead. 
  at <VNavigationDrawer modelValue=undefined onUpdate:modelValue=fn location="right"  ... > 
  at <MenusTopmenuLayoutNotifications > 
  at <VCol class="notificationsHeader" > 
  at <VDefaultsProvider defaults= {VTabs: Object} > 
  at <VToolbar ref=Ref< Proxy(Object) > class="v-app-bar" style= {top: 0px, zIndex: 1014, transform: translateY(0px), position: fixed, height: undefined}  ... > 
  at <VAppBar id="topnav" > 
  at <MenusHeader drawer=false onToggleDrawer=fn > 
  at <ClientOnly > 
  at <VApp theme="light" class="auto-text" > 
  at <VResponsive class="border rounded" > 
  at <Default ref=Ref< Proxy(Object) > > 
  at <AsyncComponentWrapper ref=Ref< Proxy(Object) > > 
  at <LayoutLoader key="default" layoutProps= {ref: RefImpl} name="default" > 
  at <NuxtLayoutProvider layoutProps= {ref: RefImpl} key="default" name="default"  ... > 
  at <NuxtLayout > 
  at <App key=4 > 
  at <NuxtRoot> @ http://localhost:3001/_nuxt/@fs/home/meebuzo/github/alternate-framework/apps/ecosystem/meeovi-frontend/node_modules/@sentry/core/build/esm/instrument/console.js?v=cfee6d51:42
[   30275ms] [WARNING] [Vue warn]: Avoid app logic that relies on enumerating keys on a component instance. The keys will be empty in production mode to avoid performance overhead. 
  at <VNavigationDrawer modelValue=undefined onUpdate:modelValue=fn location="right"  ... > 
  at <MenusTopmenuLayoutNotifications > 
  at <VCol class="notificationsHeader" > 
  at <VDefaultsProvider defaults= {VTabs: Object} > 
  at <VToolbar ref=Ref< Proxy(Object) > class="v-app-bar" style= {top: 0px, zIndex: 1014, transform: translateY(0px), position: fixed, height: undefined}  ... > 
  at <VAppBar id="topnav" > 
  at <MenusHeader drawer=false onToggleDrawer=fn > 
  at <ClientOnly > 
  at <VApp theme="light" class="auto-text" > 
  at <VResponsive class="border rounded" > 
  at <Default ref=Ref< Proxy(Object) > > 
  at <AsyncComponentWrapper ref=Ref< Proxy(Object) > > 
  at <LayoutLoader key="default" layoutProps= {ref: RefImpl} name="default" > 
  at <NuxtLayoutProvider layoutProps= {ref: RefImpl} key="default" name="default"  ... > 
  at <NuxtLayout > 
  at <App key=4 > 
  at <NuxtRoot> @ http://localhost:3001/_nuxt/@fs/home/meebuzo/github/alternate-framework/apps/ecosystem/meeovi-frontend/node_modules/@sentry/core/build/esm/instrument/console.js?v=cfee6d51:42
[   30279ms] [WARNING] [Vue warn]: Avoid app logic that relies on enumerating keys on a component instance. The keys will be empty in production mode to avoid performance overhead. 
  at <VNavigationDrawer modelValue=undefined onUpdate:modelValue=fn location="right"  ... > 
  at <MenusTopmenuLayoutNotifications > 
  at <VCol class="notificationsHeader" > 
  at <VDefaultsProvider defaults= {VTabs: Object} > 
  at <VToolbar ref=Ref< Proxy(Object) > class="v-app-bar" style= {top: 0px, zIndex: 1014, transform: translateY(0px), position: fixed, height: undefined}  ... > 
  at <VAppBar id="topnav" > 
  at <MenusHeader drawer=false onToggleDrawer=fn > 
  at <ClientOnly > 
  at <VApp theme="light" class="auto-text" > 
  at <VResponsive class="border rounded" > 
  at <Default ref=Ref< Proxy(Object) > > 
  at <AsyncComponentWrapper ref=Ref< Proxy(Object) > > 
  at <LayoutLoader key="default" layoutProps= {ref: RefImpl} name="default" > 
  at <NuxtLayoutProvider layoutProps= {ref: RefImpl} key="default" name="default"  ... > 
  at <NuxtLayout > 
  at <App key=4 > 
  at <NuxtRoot> @ http://localhost:3001/_nuxt/@fs/home/meebuzo/github/alternate-framework/apps/ecosystem/meeovi-frontend/node_modules/@sentry/core/build/esm/instrument/console.js?v=cfee6d51:42
[   30284ms] [WARNING] [Vue warn]: Avoid app logic that relies on enumerating keys on a component instance. The keys will be empty in production mode to avoid performance overhead. 
  at <VNavigationDrawer modelValue=undefined onUpdate:modelValue=fn location="right"  ... > 
  at <MenusTopmenuLayoutNotifications > 
  at <VCol class="notificationsHeader" > 
  at <VDefaultsProvider defaults= {VTabs: Object} > 
  at <VToolbar ref=Ref< Proxy(Object) > class="v-app-bar" style= {top: 0px, zIndex: 1014, transform: translateY(0px), position: fixed, height: undefined}  ... > 
  at <VAppBar id="topnav" > 
  at <MenusHeader drawer=false onToggleDrawer=fn > 
  at <ClientOnly > 
  at <VApp theme="light" class="auto-text" > 
  at <VResponsive class="border rounded" > 
  at <Default ref=Ref< Proxy(Object) > > 
  at <AsyncComponentWrapper ref=Ref< Proxy(Object) > > 
  at <LayoutLoader key="default" layoutProps= {ref: RefImpl} name="default" > 
  at <NuxtLayoutProvider layoutProps= {ref: RefImpl} key="default" name="default"  ... > 
  at <NuxtLayout > 
  at <App key=4 > 
  at <NuxtRoot> @ http://localhost:3001/_nuxt/@fs/home/meebuzo/github/alternate-framework/apps/ecosystem/meeovi-frontend/node_modules/@sentry/core/build/esm/instrument/console.js?v=cfee6d51:42
[   30288ms] [WARNING] [Vue warn]: Avoid app logic that relies on enumerating keys on a component instance. The keys will be empty in production mode to avoid performance overhead. 
  at <VNavigationDrawer modelValue=undefined onUpdate:modelValue=fn location="right"  ... > 
  at <MenusTopmenuLayoutNotifications > 
  at <VCol class="notificationsHeader" > 
  at <VDefaultsProvider defaults= {VTabs: Object} > 
  at <VToolbar ref=Ref< Proxy(Object) > class="v-app-bar" style= {top: 0px, zIndex: 1014, transform: translateY(0px), position: fixed, height: undefined}  ... > 
  at <VAppBar id="topnav" > 
  at <MenusHeader drawer=false onToggleDrawer=fn > 
  at <ClientOnly > 
  at <VApp theme="light" class="auto-text" > 
  at <VResponsive class="border rounded" > 
  at <Default ref=Ref< Proxy(Object) > > 
  at <AsyncComponentWrapper ref=Ref< Proxy(Object) > > 
  at <LayoutLoader key="default" layoutProps= {ref: RefImpl} name="default" > 
  at <NuxtLayoutProvider layoutProps= {ref: RefImpl} key="default" name="default"  ... > 
  at <NuxtLayout > 
  at <App key=4 > 
  at <NuxtRoot> @ http://localhost:3001/_nuxt/@fs/home/meebuzo/github/alternate-framework/apps/ecosystem/meeovi-frontend/node_modules/@sentry/core/build/esm/instrument/console.js?v=cfee6d51:42
[   30292ms] [WARNING] [Vue warn]: Avoid app logic that relies on enumerating keys on a component instance. The keys will be empty in production mode to avoid performance overhead. 
  at <VNavigationDrawer modelValue=undefined onUpdate:modelValue=fn location="right"  ... > 
  at <MenusTopmenuLayoutNotifications > 
  at <VCol class="notificationsHeader" > 
  at <VDefaultsProvider defaults= {VTabs: Object} > 
  at <VToolbar ref=Ref< Proxy(Object) > class="v-app-bar" style= {top: 0px, zIndex: 1014, transform: translateY(0px), position: fixed, height: undefined}  ... > 
  at <VAppBar id="topnav" > 
  at <MenusHeader drawer=false onToggleDrawer=fn > 
  at <ClientOnly > 
  at <VApp theme="light" class="auto-text" > 
  at <VResponsive class="border rounded" > 
  at <Default ref=Ref< Proxy(Object) > > 
  at <AsyncComponentWrapper ref=Ref< Proxy(Object) > > 
  at <LayoutLoader key="default" layoutProps= {ref: RefImpl} name="default" > 
  at <NuxtLayoutProvider layoutProps= {ref: RefImpl} key="default" name="default"  ... > 
  at <NuxtLayout > 
  at <App key=4 > 
  at <NuxtRoot> @ http://localhost:3001/_nuxt/@fs/home/meebuzo/github/alternate-framework/apps/ecosystem/meeovi-frontend/node_modules/@sentry/core/build/esm/instrument/console.js?v=cfee6d51:42
[   30296ms] [WARNING] [Vue warn]: Avoid app logic that relies on enumerating keys on a component instance. The keys will be empty in production mode to avoid performance overhead. 
  at <VNavigationDrawer modelValue=undefined onUpdate:modelValue=fn location="right"  ... > 
  at <MenusTopmenuLayoutNotifications > 
  at <VCol class="notificationsHeader" > 
  at <VDefaultsProvider defaults= {VTabs: Object} > 
  at <VToolbar ref=Ref< Proxy(Object) > class="v-app-bar" style= {top: 0px, zIndex: 1014, transform: translateY(0px), position: fixed, height: undefined}  ... > 
  at <VAppBar id="topnav" > 
  at <MenusHeader drawer=false onToggleDrawer=fn > 
  at <ClientOnly > 
  at <VApp theme="light" class="auto-text" > 
  at <VResponsive class="border rounded" > 
  at <Default ref=Ref< Proxy(Object) > > 
  at <AsyncComponentWrapper ref=Ref< Proxy(Object) > > 
  at <LayoutLoader key="default" layoutProps= {ref: RefImpl} name="default" > 
  at <NuxtLayoutProvider layoutProps= {ref: RefImpl} key="default" name="default"  ... > 
  at <NuxtLayout > 
  at <App key=4 > 
  at <NuxtRoot> @ http://localhost:3001/_nuxt/@fs/home/meebuzo/github/alternate-framework/apps/ecosystem/meeovi-frontend/node_modules/@sentry/core/build/esm/instrument/console.js?v=cfee6d51:42
[   30300ms] [WARNING] [Vue warn]: Avoid app logic that relies on enumerating keys on a component instance. The keys will be empty in production mode to avoid performance overhead. 
  at <VNavigationDrawer modelValue=undefined onUpdate:modelValue=fn location="right"  ... > 
  at <MenusTopmenuLayoutNotifications > 
  at <VCol class="notificationsHeader" > 
  at <VDefaultsProvider defaults= {VTabs: Object} > 
  at <VToolbar ref=Ref< Proxy(Object) > class="v-app-bar" style= {top: 0px, zIndex: 1014, transform: translateY(0px), position: fixed, height: undefined}  ... > 
  at <VAppBar id="topnav" > 
  at <MenusHeader drawer=false onToggleDrawer=fn > 
  at <ClientOnly > 
  at <VApp theme="light" class="auto-text" > 
  at <VResponsive class="border rounded" > 
  at <Default ref=Ref< Proxy(Object) > > 
  at <AsyncComponentWrapper ref=Ref< Proxy(Object) > > 
  at <LayoutLoader key="default" layoutProps= {ref: RefImpl} name="default" > 
  at <NuxtLayoutProvider layoutProps= {ref: RefImpl} key="default" name="default"  ... > 
  at <NuxtLayout > 
  at <App key=4 > 
  at <NuxtRoot> @ http://localhost:3001/_nuxt/@fs/home/meebuzo/github/alternate-framework/apps/ecosystem/meeovi-frontend/node_modules/@sentry/core/build/esm/instrument/console.js?v=cfee6d51:42
[   30302ms] [WARNING] [Vue warn]: Avoid app logic that relies on enumerating keys on a component instance. The keys will be empty in production mode to avoid performance overhead. 
  at <VNavigationDrawer modelValue=undefined onUpdate:modelValue=fn location="right"  ... > 
  at <MenusTopmenuLayoutNotifications > 
  at <VCol class="notificationsHeader" > 
  at <VDefaultsProvider defaults= {VTabs: Object} > 
  at <VToolbar ref=Ref< Proxy(Object) > class="v-app-bar" style= {top: 0px, zIndex: 1014, transform: translateY(0px), position: fixed, height: undefined}  ... > 
  at <VAppBar id="topnav" > 
  at <MenusHeader drawer=false onToggleDrawer=fn > 
  at <ClientOnly > 
  at <VApp theme="light" class="auto-text" > 
  at <VResponsive class="border rounded" > 
  at <Default ref=Ref< Proxy(Object) > > 
  at <AsyncComponentWrapper ref=Ref< Proxy(Object) > > 
  at <LayoutLoader key="default" layoutProps= {ref: RefImpl} name="default" > 
  at <NuxtLayoutProvider layoutProps= {ref: RefImpl} key="default" name="default"  ... > 
  at <NuxtLayout > 
  at <App key=4 > 
  at <NuxtRoot> @ http://localhost:3001/_nuxt/@fs/home/meebuzo/github/alternate-framework/apps/ecosystem/meeovi-frontend/node_modules/@sentry/core/build/esm/instrument/console.js?v=cfee6d51:42
[   30305ms] [WARNING] [Vue warn]: Avoid app logic that relies on enumerating keys on a component instance. The keys will be empty in production mode to avoid performance overhead. 
  at <VNavigationDrawer modelValue=undefined onUpdate:modelValue=fn location="right"  ... > 
  at <MenusTopmenuLayoutNotifications > 
  at <VCol class="notificationsHeader" > 
  at <VDefaultsProvider defaults= {VTabs: Object} > 
  at <VToolbar ref=Ref< Proxy(Object) > class="v-app-bar" style= {top: 0px, zIndex: 1014, transform: translateY(0px), position: fixed, height: undefined}  ... > 
  at <VAppBar id="topnav" > 
  at <MenusHeader drawer=false onToggleDrawer=fn > 
  at <ClientOnly > 
  at <VApp theme="light" class="auto-text" > 
  at <VResponsive class="border rounded" > 
  at <Default ref=Ref< Proxy(Object) > > 
  at <AsyncComponentWrapper ref=Ref< Proxy(Object) > > 
  at <LayoutLoader key="default" layoutProps= {ref: RefImpl} name="default" > 
  at <NuxtLayoutProvider layoutProps= {ref: RefImpl} key="default" name="default"  ... > 
  at <NuxtLayout > 
  at <App key=4 > 
  at <NuxtRoot> @ http://localhost:3001/_nuxt/@fs/home/meebuzo/github/alternate-framework/apps/ecosystem/meeovi-frontend/node_modules/@sentry/core/build/esm/instrument/console.js?v=cfee6d51:42
[   30307ms] [WARNING] [Vue warn]: Avoid app logic that relies on enumerating keys on a component instance. The keys will be empty in production mode to avoid performance overhead. 
  at <VNavigationDrawer modelValue=undefined onUpdate:modelValue=fn location="right"  ... > 
  at <MenusTopmenuLayoutNotifications > 
  at <VCol class="notificationsHeader" > 
  at <VDefaultsProvider defaults= {VTabs: Object} > 
  at <VToolbar ref=Ref< Proxy(Object) > class="v-app-bar" style= {top: 0px, zIndex: 1014, transform: translateY(0px), position: fixed, height: undefined}  ... > 
  at <VAppBar id="topnav" > 
  at <MenusHeader drawer=false onToggleDrawer=fn > 
  at <ClientOnly > 
  at <VApp theme="light" class="auto-text" > 
  at <VResponsive class="border rounded" > 
  at <Default ref=Ref< Proxy(Object) > > 
  at <AsyncComponentWrapper ref=Ref< Proxy(Object) > > 
  at <LayoutLoader key="default" layoutProps= {ref: RefImpl} name="default" > 
  at <NuxtLayoutProvider layoutProps= {ref: RefImpl} key="default" name="default"  ... > 
  at <NuxtLayout > 
  at <App key=4 > 
  at <NuxtRoot> @ http://localhost:3001/_nuxt/@fs/home/meebuzo/github/alternate-framework/apps/ecosystem/meeovi-frontend/node_modules/@sentry/core/build/esm/instrument/console.js?v=cfee6d51:42
[   30310ms] [WARNING] [Vue warn]: Avoid app logic that relies on enumerating keys on a component instance. The keys will be empty in production mode to avoid performance overhead. 
  at <VNavigationDrawer modelValue=undefined onUpdate:modelValue=fn location="right"  ... > 
  at <MenusTopmenuLayoutNotifications > 
  at <VCol class="notificationsHeader" > 
  at <VDefaultsProvider defaults= {VTabs: Object} > 
  at <VToolbar ref=Ref< Proxy(Object) > class="v-app-bar" style= {top: 0px, zIndex: 1014, transform: translateY(0px), position: fixed, height: undefined}  ... > 
  at <VAppBar id="topnav" > 
  at <MenusHeader drawer=false onToggleDrawer=fn > 
  at <ClientOnly > 
  at <VApp theme="light" class="auto-text" > 
  at <VResponsive class="border rounded" > 
  at <Default ref=Ref< Proxy(Object) > > 
  at <AsyncComponentWrapper ref=Ref< Proxy(Object) > > 
  at <LayoutLoader key="default" layoutProps= {ref: RefImpl} name="default" > 
  at <NuxtLayoutProvider layoutProps= {ref: RefImpl} key="default" name="default"  ... > 
  at <NuxtLayout > 
  at <App key=4 > 
  at <NuxtRoot> @ http://localhost:3001/_nuxt/@fs/home/meebuzo/github/alternate-framework/apps/ecosystem/meeovi-frontend/node_modules/@sentry/core/build/esm/instrument/console.js?v=cfee6d51:42
[   30313ms] [WARNING] [Vue warn]: Avoid app logic that relies on enumerating keys on a component instance. The keys will be empty in production mode to avoid performance overhead. 
  at <VNavigationDrawer modelValue=undefined onUpdate:modelValue=fn location="right"  ... > 
  at <MenusTopmenuLayoutNotifications > 
  at <VCol class="notificationsHeader" > 
  at <VDefaultsProvider defaults= {VTabs: Object} > 
  at <VToolbar ref=Ref< Proxy(Object) > class="v-app-bar" style= {top: 0px, zIndex: 1014, transform: translateY(0px), position: fixed, height: undefined}  ... > 
  at <VAppBar id="topnav" > 
  at <MenusHeader drawer=false onToggleDrawer=fn > 
  at <ClientOnly > 
  at <VApp theme="light" class="auto-text" > 
  at <VResponsive class="border rounded" > 
  at <Default ref=Ref< Proxy(Object) > > 
  at <AsyncComponentWrapper ref=Ref< Proxy(Object) > > 
  at <LayoutLoader key="default" layoutProps= {ref: RefImpl} name="default" > 
  at <NuxtLayoutProvider layoutProps= {ref: RefImpl} key="default" name="default"  ... > 
  at <NuxtLayout > 
  at <App key=4 > 
  at <NuxtRoot> @ http://localhost:3001/_nuxt/@fs/home/meebuzo/github/alternate-framework/apps/ecosystem/meeovi-frontend/node_modules/@sentry/core/build/esm/instrument/console.js?v=cfee6d51:42
[   30315ms] [WARNING] [Vue warn]: Avoid app logic that relies on enumerating keys on a component instance. The keys will be empty in production mode to avoid performance overhead. 
  at <VNavigationDrawer modelValue=undefined onUpdate:modelValue=fn location="right"  ... > 
  at <MenusTopmenuLayoutNotifications > 
  at <VCol class="notificationsHeader" > 
  at <VDefaultsProvider defaults= {VTabs: Object} > 
  at <VToolbar ref=Ref< Proxy(Object) > class="v-app-bar" style= {top: 0px, zIndex: 1014, transform: translateY(0px), position: fixed, height: undefined}  ... > 
  at <VAppBar id="topnav" > 
  at <MenusHeader drawer=false onToggleDrawer=fn > 
  at <ClientOnly > 
  at <VApp theme="light" class="auto-text" > 
  at <VResponsive class="border rounded" > 
  at <Default ref=Ref< Proxy(Object) > > 
  at <AsyncComponentWrapper ref=Ref< Proxy(Object) > > 
  at <LayoutLoader key="default" layoutProps= {ref: RefImpl} name="default" > 
  at <NuxtLayoutProvider layoutProps= {ref: RefImpl} key="default" name="default"  ... > 
  at <NuxtLayout > 
  at <App key=4 > 
  at <NuxtRoot> @ http://localhost:3001/_nuxt/@fs/home/meebuzo/github/alternate-framework/apps/ecosystem/meeovi-frontend/node_modules/@sentry/core/build/esm/instrument/console.js?v=cfee6d51:42
[   30318ms] [WARNING] [Vue warn]: Avoid app logic that relies on enumerating keys on a component instance. The keys will be empty in production mode to avoid performance overhead. 
  at <VNavigationDrawer modelValue=undefined onUpdate:modelValue=fn location="right"  ... > 
  at <MenusTopmenuLayoutNotifications > 
  at <VCol class="notificationsHeader" > 
  at <VDefaultsProvider defaults= {VTabs: Object} > 
  at <VToolbar ref=Ref< Proxy(Object) > class="v-app-bar" style= {top: 0px, zIndex: 1014, transform: translateY(0px), position: fixed, height: undefined}  ... > 
  at <VAppBar id="topnav" > 
  at <MenusHeader drawer=false onToggleDrawer=fn > 
  at <ClientOnly > 
  at <VApp theme="light" class="auto-text" > 
  at <VResponsive class="border rounded" > 
  at <Default ref=Ref< Proxy(Object) > > 
  at <AsyncComponentWrapper ref=Ref< Proxy(Object) > > 
  at <LayoutLoader key="default" layoutProps= {ref: RefImpl} name="default" > 
  at <NuxtLayoutProvider layoutProps= {ref: RefImpl} key="default" name="default"  ... > 
  at <NuxtLayout > 
  at <App key=4 > 
  at <NuxtRoot> @ http://localhost:3001/_nuxt/@fs/home/meebuzo/github/alternate-framework/apps/ecosystem/meeovi-frontend/node_modules/@sentry/core/build/esm/instrument/console.js?v=cfee6d51:42
[   30325ms] [WARNING] [Vue warn]: Avoid app logic that relies on enumerating keys on a component instance. The keys will be empty in production mode to avoid performance overhead. 
  at <VNavigationDrawer modelValue=undefined onUpdate:modelValue=fn location="right"  ... > 
  at <MenusTopmenuLayoutNotifications > 
  at <VCol class="notificationsHeader" > 
  at <VDefaultsProvider defaults= {VTabs: Object} > 
  at <VToolbar ref=Ref< Proxy(Object) > class="v-app-bar" style= {top: 0px, zIndex: 1014, transform: translateY(0px), position: fixed, height: undefined}  ... > 
  at <VAppBar id="topnav" > 
  at <MenusHeader drawer=false onToggleDrawer=fn > 
  at <ClientOnly > 
  at <VApp theme="light" class="auto-text" > 
  at <VResponsive class="border rounded" > 
  at <Default ref=Ref< Proxy(Object) > > 
  at <AsyncComponentWrapper ref=Ref< Proxy(Object) > > 
  at <LayoutLoader key="default" layoutProps= {ref: RefImpl} name="default" > 
  at <NuxtLayoutProvider layoutProps= {ref: RefImpl} key="default" name="default"  ... > 
  at <NuxtLayout > 
  at <App key=4 > 
  at <NuxtRoot> @ http://localhost:3001/_nuxt/@fs/home/meebuzo/github/alternate-framework/apps/ecosystem/meeovi-frontend/node_modules/@sentry/core/build/esm/instrument/console.js?v=cfee6d51:42
[   30329ms] [WARNING] [Vue warn]: Avoid app logic that relies on enumerating keys on a component instance. The keys will be empty in production mode to avoid performance overhead. 
  at <VNavigationDrawer modelValue=undefined onUpdate:modelValue=fn location="right"  ... > 
  at <MenusTopmenuLayoutNotifications > 
  at <VCol class="notificationsHeader" > 
  at <VDefaultsProvider defaults= {VTabs: Object} > 
  at <VToolbar ref=Ref< Proxy(Object) > class="v-app-bar" style= {top: 0px, zIndex: 1014, transform: translateY(0px), position: fixed, height: undefined}  ... > 
  at <VAppBar id="topnav" > 
  at <MenusHeader drawer=false onToggleDrawer=fn > 
  at <ClientOnly > 
  at <VApp theme="light" class="auto-text" > 
  at <VResponsive class="border rounded" > 
  at <Default ref=Ref< Proxy(Object) > > 
  at <AsyncComponentWrapper ref=Ref< Proxy(Object) > > 
  at <LayoutLoader key="default" layoutProps= {ref: RefImpl} name="default" > 
  at <NuxtLayoutProvider layoutProps= {ref: RefImpl} key="default" name="default"  ... > 
  at <NuxtLayout > 
  at <App key=4 > 
  at <NuxtRoot> @ http://localhost:3001/_nuxt/@fs/home/meebuzo/github/alternate-framework/apps/ecosystem/meeovi-frontend/node_modules/@sentry/core/build/esm/instrument/console.js?v=cfee6d51:42
[   30332ms] [WARNING] [Vue warn]: Avoid app logic that relies on enumerating keys on a component instance. The keys will be empty in production mode to avoid performance overhead. 
  at <VNavigationDrawer modelValue=undefined onUpdate:modelValue=fn location="right"  ... > 
  at <MenusTopmenuLayoutNotifications > 
  at <VCol class="notificationsHeader" > 
  at <VDefaultsProvider defaults= {VTabs: Object} > 
  at <VToolbar ref=Ref< Proxy(Object) > class="v-app-bar" style= {top: 0px, zIndex: 1014, transform: translateY(0px), position: fixed, height: undefined}  ... > 
  at <VAppBar id="topnav" > 
  at <MenusHeader drawer=false onToggleDrawer=fn > 
  at <ClientOnly > 
  at <VApp theme="light" class="auto-text" > 
  at <VResponsive class="border rounded" > 
  at <Default ref=Ref< Proxy(Object) > > 
  at <AsyncComponentWrapper ref=Ref< Proxy(Object) > > 
  at <LayoutLoader key="default" layoutProps= {ref: RefImpl} name="default" > 
  at <NuxtLayoutProvider layoutProps= {ref: RefImpl} key="default" name="default"  ... > 
  at <NuxtLayout > 
  at <App key=4 > 
  at <NuxtRoot> @ http://localhost:3001/_nuxt/@fs/home/meebuzo/github/alternate-framework/apps/ecosystem/meeovi-frontend/node_modules/@sentry/core/build/esm/instrument/console.js?v=cfee6d51:42
[   30336ms] [WARNING] [Vue warn]: Avoid app logic that relies on enumerating keys on a component instance. The keys will be empty in production mode to avoid performance overhead. 
  at <VNavigationDrawer modelValue=undefined onUpdate:modelValue=fn location="right"  ... > 
  at <MenusTopmenuLayoutNotifications > 
  at <VCol class="notificationsHeader" > 
  at <VDefaultsProvider defaults= {VTabs: Object} > 
  at <VToolbar ref=Ref< Proxy(Object) > class="v-app-bar" style= {top: 0px, zIndex: 1014, transform: translateY(0px), position: fixed, height: undefined}  ... > 
  at <VAppBar id="topnav" > 
  at <MenusHeader drawer=false onToggleDrawer=fn > 
  at <ClientOnly > 
  at <VApp theme="light" class="auto-text" > 
  at <VResponsive class="border rounded" > 
  at <Default ref=Ref< Proxy(Object) > > 
  at <AsyncComponentWrapper ref=Ref< Proxy(Object) > > 
  at <LayoutLoader key="default" layoutProps= {ref: RefImpl} name="default" > 
  at <NuxtLayoutProvider layoutProps= {ref: RefImpl} key="default" name="default"  ... > 
  at <NuxtLayout > 
  at <App key=4 > 
  at <NuxtRoot> @ http://localhost:3001/_nuxt/@fs/home/meebuzo/github/alternate-framework/apps/ecosystem/meeovi-frontend/node_modules/@sentry/core/build/esm/instrument/console.js?v=cfee6d51:42
[   30340ms] [WARNING] [Vue warn]: Avoid app logic that relies on enumerating keys on a component instance. The keys will be empty in production mode to avoid performance overhead. 
  at <VNavigationDrawer modelValue=undefined onUpdate:modelValue=fn location="right"  ... > 
  at <MenusTopmenuLayoutNotifications > 
  at <VCol class="notificationsHeader" > 
  at <VDefaultsProvider defaults= {VTabs: Object} > 
  at <VToolbar ref=Ref< Proxy(Object) > class="v-app-bar" style= {top: 0px, zIndex: 1014, transform: translateY(0px), position: fixed, height: undefined}  ... > 
  at <VAppBar id="topnav" > 
  at <MenusHeader drawer=false onToggleDrawer=fn > 
  at <ClientOnly > 
  at <VApp theme="light" class="auto-text" > 
  at <VResponsive class="border rounded" > 
  at <Default ref=Ref< Proxy(Object) > > 
  at <AsyncComponentWrapper ref=Ref< Proxy(Object) > > 
  at <LayoutLoader key="default" layoutProps= {ref: RefImpl} name="default" > 
  at <NuxtLayoutProvider layoutProps= {ref: RefImpl} key="default" name="default"  ... > 
  at <NuxtLayout > 
  at <App key=4 > 
  at <NuxtRoot> @ http://localhost:3001/_nuxt/@fs/home/meebuzo/github/alternate-framework/apps/ecosystem/meeovi-frontend/node_modules/@sentry/core/build/esm/instrument/console.js?v=cfee6d51:42
[   30344ms] [WARNING] [Vue warn]: Avoid app logic that relies on enumerating keys on a component instance. The keys will be empty in production mode to avoid performance overhead. 
  at <VNavigationDrawer modelValue=undefined onUpdate:modelValue=fn location="right"  ... > 
  at <MenusTopmenuLayoutNotifications > 
  at <VCol class="notificationsHeader" > 
  at <VDefaultsProvider defaults= {VTabs: Object} > 
  at <VToolbar ref=Ref< Proxy(Object) > class="v-app-bar" style= {top: 0px, zIndex: 1014, transform: translateY(0px), position: fixed, height: undefined}  ... > 
  at <VAppBar id="topnav" > 
  at <MenusHeader drawer=false onToggleDrawer=fn > 
  at <ClientOnly > 
  at <VApp theme="light" class="auto-text" > 
  at <VResponsive class="border rounded" > 
  at <Default ref=Ref< Proxy(Object) > > 
  at <AsyncComponentWrapper ref=Ref< Proxy(Object) > > 
  at <LayoutLoader key="default" layoutProps= {ref: RefImpl} name="default" > 
  at <NuxtLayoutProvider layoutProps= {ref: RefImpl} key="default" name="default"  ... > 
  at <NuxtLayout > 
  at <App key=4 > 
  at <NuxtRoot> @ http://localhost:3001/_nuxt/@fs/home/meebuzo/github/alternate-framework/apps/ecosystem/meeovi-frontend/node_modules/@sentry/core/build/esm/instrument/console.js?v=cfee6d51:42
[   30347ms] [WARNING] [Vue warn]: Avoid app logic that relies on enumerating keys on a component instance. The keys will be empty in production mode to avoid performance overhead. 
  at <VNavigationDrawer modelValue=undefined onUpdate:modelValue=fn location="right"  ... > 
  at <MenusTopmenuLayoutNotifications > 
  at <VCol class="notificationsHeader" > 
  at <VDefaultsProvider defaults= {VTabs: Object} > 
  at <VToolbar ref=Ref< Proxy(Object) > class="v-app-bar" style= {top: 0px, zIndex: 1014, transform: translateY(0px), position: fixed, height: undefined}  ... > 
  at <VAppBar id="topnav" > 
  at <MenusHeader drawer=false onToggleDrawer=fn > 
  at <ClientOnly > 
  at <VApp theme="light" class="auto-text" > 
  at <VResponsive class="border rounded" > 
  at <Default ref=Ref< Proxy(Object) > > 
  at <AsyncComponentWrapper ref=Ref< Proxy(Object) > > 
  at <LayoutLoader key="default" layoutProps= {ref: RefImpl} name="default" > 
  at <NuxtLayoutProvider layoutProps= {ref: RefImpl} key="default" name="default"  ... > 
  at <NuxtLayout > 
  at <App key=4 > 
  at <NuxtRoot> @ http://localhost:3001/_nuxt/@fs/home/meebuzo/github/alternate-framework/apps/ecosystem/meeovi-frontend/node_modules/@sentry/core/build/esm/instrument/console.js?v=cfee6d51:42
[   30350ms] [WARNING] [Vue warn]: Avoid app logic that relies on enumerating keys on a component instance. The keys will be empty in production mode to avoid performance overhead. 
  at <VNavigationDrawer modelValue=undefined onUpdate:modelValue=fn location="right"  ... > 
  at <MenusTopmenuLayoutNotifications > 
  at <VCol class="notificationsHeader" > 
  at <VDefaultsProvider defaults= {VTabs: Object} > 
  at <VToolbar ref=Ref< Proxy(Object) > class="v-app-bar" style= {top: 0px, zIndex: 1014, transform: translateY(0px), position: fixed, height: undefined}  ... > 
  at <VAppBar id="topnav" > 
  at <MenusHeader drawer=false onToggleDrawer=fn > 
  at <ClientOnly > 
  at <VApp theme="light" class="auto-text" > 
  at <VResponsive class="border rounded" > 
  at <Default ref=Ref< Proxy(Object) > > 
  at <AsyncComponentWrapper ref=Ref< Proxy(Object) > > 
  at <LayoutLoader key="default" layoutProps= {ref: RefImpl} name="default" > 
  at <NuxtLayoutProvider layoutProps= {ref: RefImpl} key="default" name="default"  ... > 
  at <NuxtLayout > 
  at <App key=4 > 
  at <NuxtRoot> @ http://localhost:3001/_nuxt/@fs/home/meebuzo/github/alternate-framework/apps/ecosystem/meeovi-frontend/node_modules/@sentry/core/build/esm/instrument/console.js?v=cfee6d51:42
[   30354ms] [WARNING] [Vue warn]: Avoid app logic that relies on enumerating keys on a component instance. The keys will be empty in production mode to avoid performance overhead. 
  at <VNavigationDrawer modelValue=undefined onUpdate:modelValue=fn location="right"  ... > 
  at <MenusTopmenuLayoutNotifications > 
  at <VCol class="notificationsHeader" > 
  at <VDefaultsProvider defaults= {VTabs: Object} > 
  at <VToolbar ref=Ref< Proxy(Object) > class="v-app-bar" style= {top: 0px, zIndex: 1014, transform: translateY(0px), position: fixed, height: undefined}  ... > 
  at <VAppBar id="topnav" > 
  at <MenusHeader drawer=false onToggleDrawer=fn > 
  at <ClientOnly > 
  at <VApp theme="light" class="auto-text" > 
  at <VResponsive class="border rounded" > 
  at <Default ref=Ref< Proxy(Object) > > 
  at <AsyncComponentWrapper ref=Ref< Proxy(Object) > > 
  at <LayoutLoader key="default" layoutProps= {ref: RefImpl} name="default" > 
  at <NuxtLayoutProvider layoutProps= {ref: RefImpl} key="default" name="default"  ... > 
  at <NuxtLayout > 
  at <App key=4 > 
  at <NuxtRoot> @ http://localhost:3001/_nuxt/@fs/home/meebuzo/github/alternate-framework/apps/ecosystem/meeovi-frontend/node_modules/@sentry/core/build/esm/instrument/console.js?v=cfee6d51:42
[   30358ms] [WARNING] [Vue warn]: Avoid app logic that relies on enumerating keys on a component instance. The keys will be empty in production mode to avoid performance overhead. 
  at <VNavigationDrawer modelValue=undefined onUpdate:modelValue=fn location="right"  ... > 
  at <MenusTopmenuLayoutNotifications > 
  at <VCol class="notificationsHeader" > 
  at <VDefaultsProvider defaults= {VTabs: Object} > 
  at <VToolbar ref=Ref< Proxy(Object) > class="v-app-bar" style= {top: 0px, zIndex: 1014, transform: translateY(0px), position: fixed, height: undefined}  ... > 
  at <VAppBar id="topnav" > 
  at <MenusHeader drawer=false onToggleDrawer=fn > 
  at <ClientOnly > 
  at <VApp theme="light" class="auto-text" > 
  at <VResponsive class="border rounded" > 
  at <Default ref=Ref< Proxy(Object) > > 
  at <AsyncComponentWrapper ref=Ref< Proxy(Object) > > 
  at <LayoutLoader key="default" layoutProps= {ref: RefImpl} name="default" > 
  at <NuxtLayoutProvider layoutProps= {ref: RefImpl} key="default" name="default"  ... > 
  at <NuxtLayout > 
  at <App key=4 > 
  at <NuxtRoot> @ http://localhost:3001/_nuxt/@fs/home/meebuzo/github/alternate-framework/apps/ecosystem/meeovi-frontend/node_modules/@sentry/core/build/esm/instrument/console.js?v=cfee6d51:42
[   30361ms] [WARNING] [Vue warn]: Avoid app logic that relies on enumerating keys on a component instance. The keys will be empty in production mode to avoid performance overhead. 
  at <VNavigationDrawer modelValue=undefined onUpdate:modelValue=fn location="right"  ... > 
  at <MenusTopmenuLayoutNotifications > 
  at <VCol class="notificationsHeader" > 
  at <VDefaultsProvider defaults= {VTabs: Object} > 
  at <VToolbar ref=Ref< Proxy(Object) > class="v-app-bar" style= {top: 0px, zIndex: 1014, transform: translateY(0px), position: fixed, height: undefined}  ... > 
  at <VAppBar id="topnav" > 
  at <MenusHeader drawer=false onToggleDrawer=fn > 
  at <ClientOnly > 
  at <VApp theme="light" class="auto-text" > 
  at <VResponsive class="border rounded" > 
  at <Default ref=Ref< Proxy(Object) > > 
  at <AsyncComponentWrapper ref=Ref< Proxy(Object) > > 
  at <LayoutLoader key="default" layoutProps= {ref: RefImpl} name="default" > 
  at <NuxtLayoutProvider layoutProps= {ref: RefImpl} key="default" name="default"  ... > 
  at <NuxtLayout > 
  at <App key=4 > 
  at <NuxtRoot> @ http://localhost:3001/_nuxt/@fs/home/meebuzo/github/alternate-framework/apps/ecosystem/meeovi-frontend/node_modules/@sentry/core/build/esm/instrument/console.js?v=cfee6d51:42
[   30364ms] [WARNING] [Vue warn]: Avoid app logic that relies on enumerating keys on a component instance. The keys will be empty in production mode to avoid performance overhead. 
  at <VNavigationDrawer modelValue=undefined onUpdate:modelValue=fn location="right"  ... > 
  at <MenusTopmenuLayoutNotifications > 
  at <VCol class="notificationsHeader" > 
  at <VDefaultsProvider defaults= {VTabs: Object} > 
  at <VToolbar ref=Ref< Proxy(Object) > class="v-app-bar" style= {top: 0px, zIndex: 1014, transform: translateY(0px), position: fixed, height: undefined}  ... > 
  at <VAppBar id="topnav" > 
  at <MenusHeader drawer=false onToggleDrawer=fn > 
  at <ClientOnly > 
  at <VApp theme="light" class="auto-text" > 
  at <VResponsive class="border rounded" > 
  at <Default ref=Ref< Proxy(Object) > > 
  at <AsyncComponentWrapper ref=Ref< Proxy(Object) > > 
  at <LayoutLoader key="default" layoutProps= {ref: RefImpl} name="default" > 
  at <NuxtLayoutProvider layoutProps= {ref: RefImpl} key="default" name="default"  ... > 
  at <NuxtLayout > 
  at <App key=4 > 
  at <NuxtRoot> @ http://localhost:3001/_nuxt/@fs/home/meebuzo/github/alternate-framework/apps/ecosystem/meeovi-frontend/node_modules/@sentry/core/build/esm/instrument/console.js?v=cfee6d51:42
[   30367ms] [WARNING] [Vue warn]: Avoid app logic that relies on enumerating keys on a component instance. The keys will be empty in production mode to avoid performance overhead. 
  at <VNavigationDrawer modelValue=undefined onUpdate:modelValue=fn location="right"  ... > 
  at <MenusTopmenuLayoutNotifications > 
  at <VCol class="notificationsHeader" > 
  at <VDefaultsProvider defaults= {VTabs: Object} > 
  at <VToolbar ref=Ref< Proxy(Object) > class="v-app-bar" style= {top: 0px, zIndex: 1014, transform: translateY(0px), position: fixed, height: undefined}  ... > 
  at <VAppBar id="topnav" > 
  at <MenusHeader drawer=false onToggleDrawer=fn > 
  at <ClientOnly > 
  at <VApp theme="light" class="auto-text" > 
  at <VResponsive class="border rounded" > 
  at <Default ref=Ref< Proxy(Object) > > 
  at <AsyncComponentWrapper ref=Ref< Proxy(Object) > > 
  at <LayoutLoader key="default" layoutProps= {ref: RefImpl} name="default" > 
  at <NuxtLayoutProvider layoutProps= {ref: RefImpl} key="default" name="default"  ... > 
  at <NuxtLayout > 
  at <App key=4 > 
  at <NuxtRoot> @ http://localhost:3001/_nuxt/@fs/home/meebuzo/github/alternate-framework/apps/ecosystem/meeovi-frontend/node_modules/@sentry/core/build/esm/instrument/console.js?v=cfee6d51:42
[   30370ms] [WARNING] [Vue warn]: Avoid app logic that relies on enumerating keys on a component instance. The keys will be empty in production mode to avoid performance overhead. 
  at <VNavigationDrawer modelValue=undefined onUpdate:modelValue=fn location="right"  ... > 
  at <MenusTopmenuLayoutNotifications > 
  at <VCol class="notificationsHeader" > 
  at <VDefaultsProvider defaults= {VTabs: Object} > 
  at <VToolbar ref=Ref< Proxy(Object) > class="v-app-bar" style= {top: 0px, zIndex: 1014, transform: translateY(0px), position: fixed, height: undefined}  ... > 
  at <VAppBar id="topnav" > 
  at <MenusHeader drawer=false onToggleDrawer=fn > 
  at <ClientOnly > 
  at <VApp theme="light" class="auto-text" > 
  at <VResponsive class="border rounded" > 
  at <Default ref=Ref< Proxy(Object) > > 
  at <AsyncComponentWrapper ref=Ref< Proxy(Object) > > 
  at <LayoutLoader key="default" layoutProps= {ref: RefImpl} name="default" > 
  at <NuxtLayoutProvider layoutProps= {ref: RefImpl} key="default" name="default"  ... > 
  at <NuxtLayout > 
  at <App key=4 > 
  at <NuxtRoot> @ http://localhost:3001/_nuxt/@fs/home/meebuzo/github/alternate-framework/apps/ecosystem/meeovi-frontend/node_modules/@sentry/core/build/esm/instrument/console.js?v=cfee6d51:42
[   30373ms] [WARNING] [Vue warn]: Avoid app logic that relies on enumerating keys on a component instance. The keys will be empty in production mode to avoid performance overhead. 
  at <VNavigationDrawer modelValue=undefined onUpdate:modelValue=fn location="right"  ... > 
  at <MenusTopmenuLayoutNotifications > 
  at <VCol class="notificationsHeader" > 
  at <VDefaultsProvider defaults= {VTabs: Object} > 
  at <VToolbar ref=Ref< Proxy(Object) > class="v-app-bar" style= {top: 0px, zIndex: 1014, transform: translateY(0px), position: fixed, height: undefined}  ... > 
  at <VAppBar id="topnav" > 
  at <MenusHeader drawer=false onToggleDrawer=fn > 
  at <ClientOnly > 
  at <VApp theme="light" class="auto-text" > 
  at <VResponsive class="border rounded" > 
  at <Default ref=Ref< Proxy(Object) > > 
  at <AsyncComponentWrapper ref=Ref< Proxy(Object) > > 
  at <LayoutLoader key="default" layoutProps= {ref: RefImpl} name="default" > 
  at <NuxtLayoutProvider layoutProps= {ref: RefImpl} key="default" name="default"  ... > 
  at <NuxtLayout > 
  at <App key=4 > 
  at <NuxtRoot> @ http://localhost:3001/_nuxt/@fs/home/meebuzo/github/alternate-framework/apps/ecosystem/meeovi-frontend/node_modules/@sentry/core/build/esm/instrument/console.js?v=cfee6d51:42
[   30377ms] [WARNING] [Vue warn]: Avoid app logic that relies on enumerating keys on a component instance. The keys will be empty in production mode to avoid performance overhead. 
  at <VNavigationDrawer modelValue=undefined onUpdate:modelValue=fn location="right"  ... > 
  at <MenusTopmenuLayoutNotifications > 
  at <VCol class="notificationsHeader" > 
  at <VDefaultsProvider defaults= {VTabs: Object} > 
  at <VToolbar ref=Ref< Proxy(Object) > class="v-app-bar" style= {top: 0px, zIndex: 1014, transform: translateY(0px), position: fixed, height: undefined}  ... > 
  at <VAppBar id="topnav" > 
  at <MenusHeader drawer=false onToggleDrawer=fn > 
  at <ClientOnly > 
  at <VApp theme="light" class="auto-text" > 
  at <VResponsive class="border rounded" > 
  at <Default ref=Ref< Proxy(Object) > > 
  at <AsyncComponentWrapper ref=Ref< Proxy(Object) > > 
  at <LayoutLoader key="default" layoutProps= {ref: RefImpl} name="default" > 
  at <NuxtLayoutProvider layoutProps= {ref: RefImpl} key="default" name="default"  ... > 
  at <NuxtLayout > 
  at <App key=4 > 
  at <NuxtRoot> @ http://localhost:3001/_nuxt/@fs/home/meebuzo/github/alternate-framework/apps/ecosystem/meeovi-frontend/node_modules/@sentry/core/build/esm/instrument/console.js?v=cfee6d51:42
[   30382ms] [WARNING] [Vue warn]: Avoid app logic that relies on enumerating keys on a component instance. The keys will be empty in production mode to avoid performance overhead. 
  at <VNavigationDrawer modelValue=undefined onUpdate:modelValue=fn location="right"  ... > 
  at <MenusTopmenuLayoutNotifications > 
  at <VCol class="notificationsHeader" > 
  at <VDefaultsProvider defaults= {VTabs: Object} > 
  at <VToolbar ref=Ref< Proxy(Object) > class="v-app-bar" style= {top: 0px, zIndex: 1014, transform: translateY(0px), position: fixed, height: undefined}  ... > 
  at <VAppBar id="topnav" > 
  at <MenusHeader drawer=false onToggleDrawer=fn > 
  at <ClientOnly > 
  at <VApp theme="light" class="auto-text" > 
  at <VResponsive class="border rounded" > 
  at <Default ref=Ref< Proxy(Object) > > 
  at <AsyncComponentWrapper ref=Ref< Proxy(Object) > > 
  at <LayoutLoader key="default" layoutProps= {ref: RefImpl} name="default" > 
  at <NuxtLayoutProvider layoutProps= {ref: RefImpl} key="default" name="default"  ... > 
  at <NuxtLayout > 
  at <App key=4 > 
  at <NuxtRoot> @ http://localhost:3001/_nuxt/@fs/home/meebuzo/github/alternate-framework/apps/ecosystem/meeovi-frontend/node_modules/@sentry/core/build/esm/instrument/console.js?v=cfee6d51:42
[   30386ms] [WARNING] [Vue warn]: Avoid app logic that relies on enumerating keys on a component instance. The keys will be empty in production mode to avoid performance overhead. 
  at <VNavigationDrawer modelValue=undefined onUpdate:modelValue=fn location="right"  ... > 
  at <MenusTopmenuLayoutNotifications > 
  at <VCol class="notificationsHeader" > 
  at <VDefaultsProvider defaults= {VTabs: Object} > 
  at <VToolbar ref=Ref< Proxy(Object) > class="v-app-bar" style= {top: 0px, zIndex: 1014, transform: translateY(0px), position: fixed, height: undefined}  ... > 
  at <VAppBar id="topnav" > 
  at <MenusHeader drawer=false onToggleDrawer=fn > 
  at <ClientOnly > 
  at <VApp theme="light" class="auto-text" > 
  at <VResponsive class="border rounded" > 
  at <Default ref=Ref< Proxy(Object) > > 
  at <AsyncComponentWrapper ref=Ref< Proxy(Object) > > 
  at <LayoutLoader key="default" layoutProps= {ref: RefImpl} name="default" > 
  at <NuxtLayoutProvider layoutProps= {ref: RefImpl} key="default" name="default"  ... > 
  at <NuxtLayout > 
  at <App key=4 > 
  at <NuxtRoot> @ http://localhost:3001/_nuxt/@fs/home/meebuzo/github/alternate-framework/apps/ecosystem/meeovi-frontend/node_modules/@sentry/core/build/esm/instrument/console.js?v=cfee6d51:42
[   30390ms] [WARNING] [Vue warn]: Avoid app logic that relies on enumerating keys on a component instance. The keys will be empty in production mode to avoid performance overhead. 
  at <VNavigationDrawer modelValue=undefined onUpdate:modelValue=fn location="right"  ... > 
  at <MenusTopmenuLayoutNotifications > 
  at <VCol class="notificationsHeader" > 
  at <VDefaultsProvider defaults= {VTabs: Object} > 
  at <VToolbar ref=Ref< Proxy(Object) > class="v-app-bar" style= {top: 0px, zIndex: 1014, transform: translateY(0px), position: fixed, height: undefined}  ... > 
  at <VAppBar id="topnav" > 
  at <MenusHeader drawer=false onToggleDrawer=fn > 
  at <ClientOnly > 
  at <VApp theme="light" class="auto-text" > 
  at <VResponsive class="border rounded" > 
  at <Default ref=Ref< Proxy(Object) > > 
  at <AsyncComponentWrapper ref=Ref< Proxy(Object) > > 
  at <LayoutLoader key="default" layoutProps= {ref: RefImpl} name="default" > 
  at <NuxtLayoutProvider layoutProps= {ref: RefImpl} key="default" name="default"  ... > 
  at <NuxtLayout > 
  at <App key=4 > 
  at <NuxtRoot> @ http://localhost:3001/_nuxt/@fs/home/meebuzo/github/alternate-framework/apps/ecosystem/meeovi-frontend/node_modules/@sentry/core/build/esm/instrument/console.js?v=cfee6d51:42
[   30393ms] [WARNING] [Vue warn]: Avoid app logic that relies on enumerating keys on a component instance. The keys will be empty in production mode to avoid performance overhead. 
  at <VNavigationDrawer modelValue=undefined onUpdate:modelValue=fn location="right"  ... > 
  at <MenusTopmenuLayoutNotifications > 
  at <VCol class="notificationsHeader" > 
  at <VDefaultsProvider defaults= {VTabs: Object} > 
  at <VToolbar ref=Ref< Proxy(Object) > class="v-app-bar" style= {top: 0px, zIndex: 1014, transform: translateY(0px), position: fixed, height: undefined}  ... > 
  at <VAppBar id="topnav" > 
  at <MenusHeader drawer=false onToggleDrawer=fn > 
  at <ClientOnly > 
  at <VApp theme="light" class="auto-text" > 
  at <VResponsive class="border rounded" > 
  at <Default ref=Ref< Proxy(Object) > > 
  at <AsyncComponentWrapper ref=Ref< Proxy(Object) > > 
  at <LayoutLoader key="default" layoutProps= {ref: RefImpl} name="default" > 
  at <NuxtLayoutProvider layoutProps= {ref: RefImpl} key="default" name="default"  ... > 
  at <NuxtLayout > 
  at <App key=4 > 
  at <NuxtRoot> @ http://localhost:3001/_nuxt/@fs/home/meebuzo/github/alternate-framework/apps/ecosystem/meeovi-frontend/node_modules/@sentry/core/build/esm/instrument/console.js?v=cfee6d51:42
[   30396ms] [WARNING] [Vue warn]: Avoid app logic that relies on enumerating keys on a component instance. The keys will be empty in production mode to avoid performance overhead. 
  at <VNavigationDrawer modelValue=undefined onUpdate:modelValue=fn location="right"  ... > 
  at <MenusTopmenuLayoutNotifications > 
  at <VCol class="notificationsHeader" > 
  at <VDefaultsProvider defaults= {VTabs: Object} > 
  at <VToolbar ref=Ref< Proxy(Object) > class="v-app-bar" style= {top: 0px, zIndex: 1014, transform: translateY(0px), position: fixed, height: undefined}  ... > 
  at <VAppBar id="topnav" > 
  at <MenusHeader drawer=false onToggleDrawer=fn > 
  at <ClientOnly > 
  at <VApp theme="light" class="auto-text" > 
  at <VResponsive class="border rounded" > 
  at <Default ref=Ref< Proxy(Object) > > 
  at <AsyncComponentWrapper ref=Ref< Proxy(Object) > > 
  at <LayoutLoader key="default" layoutProps= {ref: RefImpl} name="default" > 
  at <NuxtLayoutProvider layoutProps= {ref: RefImpl} key="default" name="default"  ... > 
  at <NuxtLayout > 
  at <App key=4 > 
  at <NuxtRoot> @ http://localhost:3001/_nuxt/@fs/home/meebuzo/github/alternate-framework/apps/ecosystem/meeovi-frontend/node_modules/@sentry/core/build/esm/instrument/console.js?v=cfee6d51:42
[   30403ms] [WARNING] [Vue warn]: Avoid app logic that relies on enumerating keys on a component instance. The keys will be empty in production mode to avoid performance overhead. 
  at <VNavigationDrawer modelValue=undefined onUpdate:modelValue=fn location="right"  ... > 
  at <MenusTopmenuLayoutNotifications > 
  at <VCol class="notificationsHeader" > 
  at <VDefaultsProvider defaults= {VTabs: Object} > 
  at <VToolbar ref=Ref< Proxy(Object) > class="v-app-bar" style= {top: 0px, zIndex: 1014, transform: translateY(0px), position: fixed, height: undefined}  ... > 
  at <VAppBar id="topnav" > 
  at <MenusHeader drawer=false onToggleDrawer=fn > 
  at <ClientOnly > 
  at <VApp theme="light" class="auto-text" > 
  at <VResponsive class="border rounded" > 
  at <Default ref=Ref< Proxy(Object) > > 
  at <AsyncComponentWrapper ref=Ref< Proxy(Object) > > 
  at <LayoutLoader key="default" layoutProps= {ref: RefImpl} name="default" > 
  at <NuxtLayoutProvider layoutProps= {ref: RefImpl} key="default" name="default"  ... > 
  at <NuxtLayout > 
  at <App key=4 > 
  at <NuxtRoot> @ http://localhost:3001/_nuxt/@fs/home/meebuzo/github/alternate-framework/apps/ecosystem/meeovi-frontend/node_modules/@sentry/core/build/esm/instrument/console.js?v=cfee6d51:42
[   30407ms] [WARNING] [Vue warn]: Avoid app logic that relies on enumerating keys on a component instance. The keys will be empty in production mode to avoid performance overhead. 
  at <VNavigationDrawer modelValue=undefined onUpdate:modelValue=fn location="right"  ... > 
  at <MenusTopmenuLayoutNotifications > 
  at <VCol class="notificationsHeader" > 
  at <VDefaultsProvider defaults= {VTabs: Object} > 
  at <VToolbar ref=Ref< Proxy(Object) > class="v-app-bar" style= {top: 0px, zIndex: 1014, transform: translateY(0px), position: fixed, height: undefined}  ... > 
  at <VAppBar id="topnav" > 
  at <MenusHeader drawer=false onToggleDrawer=fn > 
  at <ClientOnly > 
  at <VApp theme="light" class="auto-text" > 
  at <VResponsive class="border rounded" > 
  at <Default ref=Ref< Proxy(Object) > > 
  at <AsyncComponentWrapper ref=Ref< Proxy(Object) > > 
  at <LayoutLoader key="default" layoutProps= {ref: RefImpl} name="default" > 
  at <NuxtLayoutProvider layoutProps= {ref: RefImpl} key="default" name="default"  ... > 
  at <NuxtLayout > 
  at <App key=4 > 
  at <NuxtRoot> @ http://localhost:3001/_nuxt/@fs/home/meebuzo/github/alternate-framework/apps/ecosystem/meeovi-frontend/node_modules/@sentry/core/build/esm/instrument/console.js?v=cfee6d51:42
[   30410ms] [WARNING] [Vue warn]: Avoid app logic that relies on enumerating keys on a component instance. The keys will be empty in production mode to avoid performance overhead. 
  at <VNavigationDrawer modelValue=undefined onUpdate:modelValue=fn location="right"  ... > 
  at <MenusTopmenuLayoutNotifications > 
  at <VCol class="notificationsHeader" > 
  at <VDefaultsProvider defaults= {VTabs: Object} > 
  at <VToolbar ref=Ref< Proxy(Object) > class="v-app-bar" style= {top: 0px, zIndex: 1014, transform: translateY(0px), position: fixed, height: undefined}  ... > 
  at <VAppBar id="topnav" > 
  at <MenusHeader drawer=false onToggleDrawer=fn > 
  at <ClientOnly > 
  at <VApp theme="light" class="auto-text" > 
  at <VResponsive class="border rounded" > 
  at <Default ref=Ref< Proxy(Object) > > 
  at <AsyncComponentWrapper ref=Ref< Proxy(Object) > > 
  at <LayoutLoader key="default" layoutProps= {ref: RefImpl} name="default" > 
  at <NuxtLayoutProvider layoutProps= {ref: RefImpl} key="default" name="default"  ... > 
  at <NuxtLayout > 
  at <App key=4 > 
  at <NuxtRoot> @ http://localhost:3001/_nuxt/@fs/home/meebuzo/github/alternate-framework/apps/ecosystem/meeovi-frontend/node_modules/@sentry/core/build/esm/instrument/console.js?v=cfee6d51:42
[   30413ms] [WARNING] [Vue warn]: Avoid app logic that relies on enumerating keys on a component instance. The keys will be empty in production mode to avoid performance overhead. 
  at <VNavigationDrawer modelValue=undefined onUpdate:modelValue=fn location="right"  ... > 
  at <MenusTopmenuLayoutNotifications > 
  at <VCol class="notificationsHeader" > 
  at <VDefaultsProvider defaults= {VTabs: Object} > 
  at <VToolbar ref=Ref< Proxy(Object) > class="v-app-bar" style= {top: 0px, zIndex: 1014, transform: translateY(0px), position: fixed, height: undefined}  ... > 
  at <VAppBar id="topnav" > 
  at <MenusHeader drawer=false onToggleDrawer=fn > 
  at <ClientOnly > 
  at <VApp theme="light" class="auto-text" > 
  at <VResponsive class="border rounded" > 
  at <Default ref=Ref< Proxy(Object) > > 
  at <AsyncComponentWrapper ref=Ref< Proxy(Object) > > 
  at <LayoutLoader key="default" layoutProps= {ref: RefImpl} name="default" > 
  at <NuxtLayoutProvider layoutProps= {ref: RefImpl} key="default" name="default"  ... > 
  at <NuxtLayout > 
  at <App key=4 > 
  at <NuxtRoot> @ http://localhost:3001/_nuxt/@fs/home/meebuzo/github/alternate-framework/apps/ecosystem/meeovi-frontend/node_modules/@sentry/core/build/esm/instrument/console.js?v=cfee6d51:42
[   30416ms] [WARNING] [Vue warn]: Avoid app logic that relies on enumerating keys on a component instance. The keys will be empty in production mode to avoid performance overhead. 
  at <VNavigationDrawer modelValue=undefined onUpdate:modelValue=fn location="right"  ... > 
  at <MenusTopmenuLayoutNotifications > 
  at <VCol class="notificationsHeader" > 
  at <VDefaultsProvider defaults= {VTabs: Object} > 
  at <VToolbar ref=Ref< Proxy(Object) > class="v-app-bar" style= {top: 0px, zIndex: 1014, transform: translateY(0px), position: fixed, height: undefined}  ... > 
  at <VAppBar id="topnav" > 
  at <MenusHeader drawer=false onToggleDrawer=fn > 
  at <ClientOnly > 
  at <VApp theme="light" class="auto-text" > 
  at <VResponsive class="border rounded" > 
  at <Default ref=Ref< Proxy(Object) > > 
  at <AsyncComponentWrapper ref=Ref< Proxy(Object) > > 
  at <LayoutLoader key="default" layoutProps= {ref: RefImpl} name="default" > 
  at <NuxtLayoutProvider layoutProps= {ref: RefImpl} key="default" name="default"  ... > 
  at <NuxtLayout > 
  at <App key=4 > 
  at <NuxtRoot> @ http://localhost:3001/_nuxt/@fs/home/meebuzo/github/alternate-framework/apps/ecosystem/meeovi-frontend/node_modules/@sentry/core/build/esm/instrument/console.js?v=cfee6d51:42
[   30419ms] [WARNING] [Vue warn]: Avoid app logic that relies on enumerating keys on a component instance. The keys will be empty in production mode to avoid performance overhead. 
  at <VNavigationDrawer modelValue=undefined onUpdate:modelValue=fn location="right"  ... > 
  at <MenusTopmenuLayoutNotifications > 
  at <VCol class="notificationsHeader" > 
  at <VDefaultsProvider defaults= {VTabs: Object} > 
  at <VToolbar ref=Ref< Proxy(Object) > class="v-app-bar" style= {top: 0px, zIndex: 1014, transform: translateY(0px), position: fixed, height: undefined}  ... > 
  at <VAppBar id="topnav" > 
  at <MenusHeader drawer=false onToggleDrawer=fn > 
  at <ClientOnly > 
  at <VApp theme="light" class="auto-text" > 
  at <VResponsive class="border rounded" > 
  at <Default ref=Ref< Proxy(Object) > > 
  at <AsyncComponentWrapper ref=Ref< Proxy(Object) > > 
  at <LayoutLoader key="default" layoutProps= {ref: RefImpl} name="default" > 
  at <NuxtLayoutProvider layoutProps= {ref: RefImpl} key="default" name="default"  ... > 
  at <NuxtLayout > 
  at <App key=4 > 
  at <NuxtRoot> @ http://localhost:3001/_nuxt/@fs/home/meebuzo/github/alternate-framework/apps/ecosystem/meeovi-frontend/node_modules/@sentry/core/build/esm/instrument/console.js?v=cfee6d51:42
[   30422ms] [WARNING] [Vue warn]: Avoid app logic that relies on enumerating keys on a component instance. The keys will be empty in production mode to avoid performance overhead. 
  at <VNavigationDrawer modelValue=undefined onUpdate:modelValue=fn location="right"  ... > 
  at <MenusTopmenuLayoutNotifications > 
  at <VCol class="notificationsHeader" > 
  at <VDefaultsProvider defaults= {VTabs: Object} > 
  at <VToolbar ref=Ref< Proxy(Object) > class="v-app-bar" style= {top: 0px, zIndex: 1014, transform: translateY(0px), position: fixed, height: undefined}  ... > 
  at <VAppBar id="topnav" > 
  at <MenusHeader drawer=false onToggleDrawer=fn > 
  at <ClientOnly > 
  at <VApp theme="light" class="auto-text" > 
  at <VResponsive class="border rounded" > 
  at <Default ref=Ref< Proxy(Object) > > 
  at <AsyncComponentWrapper ref=Ref< Proxy(Object) > > 
  at <LayoutLoader key="default" layoutProps= {ref: RefImpl} name="default" > 
  at <NuxtLayoutProvider layoutProps= {ref: RefImpl} key="default" name="default"  ... > 
  at <NuxtLayout > 
  at <App key=4 > 
  at <NuxtRoot> @ http://localhost:3001/_nuxt/@fs/home/meebuzo/github/alternate-framework/apps/ecosystem/meeovi-frontend/node_modules/@sentry/core/build/esm/instrument/console.js?v=cfee6d51:42
[   30425ms] [WARNING] [Vue warn]: Avoid app logic that relies on enumerating keys on a component instance. The keys will be empty in production mode to avoid performance overhead. 
  at <VNavigationDrawer modelValue=undefined onUpdate:modelValue=fn location="right"  ... > 
  at <MenusTopmenuLayoutNotifications > 
  at <VCol class="notificationsHeader" > 
  at <VDefaultsProvider defaults= {VTabs: Object} > 
  at <VToolbar ref=Ref< Proxy(Object) > class="v-app-bar" style= {top: 0px, zIndex: 1014, transform: translateY(0px), position: fixed, height: undefined}  ... > 
  at <VAppBar id="topnav" > 
  at <MenusHeader drawer=false onToggleDrawer=fn > 
  at <ClientOnly > 
  at <VApp theme="light" class="auto-text" > 
  at <VResponsive class="border rounded" > 
  at <Default ref=Ref< Proxy(Object) > > 
  at <AsyncComponentWrapper ref=Ref< Proxy(Object) > > 
  at <LayoutLoader key="default" layoutProps= {ref: RefImpl} name="default" > 
  at <NuxtLayoutProvider layoutProps= {ref: RefImpl} key="default" name="default"  ... > 
  at <NuxtLayout > 
  at <App key=4 > 
  at <NuxtRoot> @ http://localhost:3001/_nuxt/@fs/home/meebuzo/github/alternate-framework/apps/ecosystem/meeovi-frontend/node_modules/@sentry/core/build/esm/instrument/console.js?v=cfee6d51:42
[   30428ms] [WARNING] [Vue warn]: Avoid app logic that relies on enumerating keys on a component instance. The keys will be empty in production mode to avoid performance overhead. 
  at <VNavigationDrawer modelValue=undefined onUpdate:modelValue=fn location="right"  ... > 
  at <MenusTopmenuLayoutNotifications > 
  at <VCol class="notificationsHeader" > 
  at <VDefaultsProvider defaults= {VTabs: Object} > 
  at <VToolbar ref=Ref< Proxy(Object) > class="v-app-bar" style= {top: 0px, zIndex: 1014, transform: translateY(0px), position: fixed, height: undefined}  ... > 
  at <VAppBar id="topnav" > 
  at <MenusHeader drawer=false onToggleDrawer=fn > 
  at <ClientOnly > 
  at <VApp theme="light" class="auto-text" > 
  at <VResponsive class="border rounded" > 
  at <Default ref=Ref< Proxy(Object) > > 
  at <AsyncComponentWrapper ref=Ref< Proxy(Object) > > 
  at <LayoutLoader key="default" layoutProps= {ref: RefImpl} name="default" > 
  at <NuxtLayoutProvider layoutProps= {ref: RefImpl} key="default" name="default"  ... > 
  at <NuxtLayout > 
  at <App key=4 > 
  at <NuxtRoot> @ http://localhost:3001/_nuxt/@fs/home/meebuzo/github/alternate-framework/apps/ecosystem/meeovi-frontend/node_modules/@sentry/core/build/esm/instrument/console.js?v=cfee6d51:42
[   30431ms] [WARNING] [Vue warn]: Avoid app logic that relies on enumerating keys on a component instance. The keys will be empty in production mode to avoid performance overhead. 
  at <VNavigationDrawer modelValue=undefined onUpdate:modelValue=fn location="right"  ... > 
  at <MenusTopmenuLayoutNotifications > 
  at <VCol class="notificationsHeader" > 
  at <VDefaultsProvider defaults= {VTabs: Object} > 
  at <VToolbar ref=Ref< Proxy(Object) > class="v-app-bar" style= {top: 0px, zIndex: 1014, transform: translateY(0px), position: fixed, height: undefined}  ... > 
  at <VAppBar id="topnav" > 
  at <MenusHeader drawer=false onToggleDrawer=fn > 
  at <ClientOnly > 
  at <VApp theme="light" class="auto-text" > 
  at <VResponsive class="border rounded" > 
  at <Default ref=Ref< Proxy(Object) > > 
  at <AsyncComponentWrapper ref=Ref< Proxy(Object) > > 
  at <LayoutLoader key="default" layoutProps= {ref: RefImpl} name="default" > 
  at <NuxtLayoutProvider layoutProps= {ref: RefImpl} key="default" name="default"  ... > 
  at <NuxtLayout > 
  at <App key=4 > 
  at <NuxtRoot> @ http://localhost:3001/_nuxt/@fs/home/meebuzo/github/alternate-framework/apps/ecosystem/meeovi-frontend/node_modules/@sentry/core/build/esm/instrument/console.js?v=cfee6d51:42
[   30434ms] [WARNING] [Vue warn]: Avoid app logic that relies on enumerating keys on a component instance. The keys will be empty in production mode to avoid performance overhead. 
  at <VNavigationDrawer modelValue=undefined onUpdate:modelValue=fn location="right"  ... > 
  at <MenusTopmenuLayoutNotifications > 
  at <VCol class="notificationsHeader" > 
  at <VDefaultsProvider defaults= {VTabs: Object} > 
  at <VToolbar ref=Ref< Proxy(Object) > class="v-app-bar" style= {top: 0px, zIndex: 1014, transform: translateY(0px), position: fixed, height: undefined}  ... > 
  at <VAppBar id="topnav" > 
  at <MenusHeader drawer=false onToggleDrawer=fn > 
  at <ClientOnly > 
  at <VApp theme="light" class="auto-text" > 
  at <VResponsive class="border rounded" > 
  at <Default ref=Ref< Proxy(Object) > > 
  at <AsyncComponentWrapper ref=Ref< Proxy(Object) > > 
  at <LayoutLoader key="default" layoutProps= {ref: RefImpl} name="default" > 
  at <NuxtLayoutProvider layoutProps= {ref: RefImpl} key="default" name="default"  ... > 
  at <NuxtLayout > 
  at <App key=4 > 
  at <NuxtRoot> @ http://localhost:3001/_nuxt/@fs/home/meebuzo/github/alternate-framework/apps/ecosystem/meeovi-frontend/node_modules/@sentry/core/build/esm/instrument/console.js?v=cfee6d51:42
[   30436ms] [WARNING] [Vue warn]: Avoid app logic that relies on enumerating keys on a component instance. The keys will be empty in production mode to avoid performance overhead. 
  at <VNavigationDrawer modelValue=undefined onUpdate:modelValue=fn location="right"  ... > 
  at <MenusTopmenuLayoutNotifications > 
  at <VCol class="notificationsHeader" > 
  at <VDefaultsProvider defaults= {VTabs: Object} > 
  at <VToolbar ref=Ref< Proxy(Object) > class="v-app-bar" style= {top: 0px, zIndex: 1014, transform: translateY(0px), position: fixed, height: undefined}  ... > 
  at <VAppBar id="topnav" > 
  at <MenusHeader drawer=false onToggleDrawer=fn > 
  at <ClientOnly > 
  at <VApp theme="light" class="auto-text" > 
  at <VResponsive class="border rounded" > 
  at <Default ref=Ref< Proxy(Object) > > 
  at <AsyncComponentWrapper ref=Ref< Proxy(Object) > > 
  at <LayoutLoader key="default" layoutProps= {ref: RefImpl} name="default" > 
  at <NuxtLayoutProvider layoutProps= {ref: RefImpl} key="default" name="default"  ... > 
  at <NuxtLayout > 
  at <App key=4 > 
  at <NuxtRoot> @ http://localhost:3001/_nuxt/@fs/home/meebuzo/github/alternate-framework/apps/ecosystem/meeovi-frontend/node_modules/@sentry/core/build/esm/instrument/console.js?v=cfee6d51:42
[   30439ms] [WARNING] [Vue warn]: Avoid app logic that relies on enumerating keys on a component instance. The keys will be empty in production mode to avoid performance overhead. 
  at <VNavigationDrawer modelValue=undefined onUpdate:modelValue=fn location="right"  ... > 
  at <MenusTopmenuLayoutNotifications > 
  at <VCol class="notificationsHeader" > 
  at <VDefaultsProvider defaults= {VTabs: Object} > 
  at <VToolbar ref=Ref< Proxy(Object) > class="v-app-bar" style= {top: 0px, zIndex: 1014, transform: translateY(0px), position: fixed, height: undefined}  ... > 
  at <VAppBar id="topnav" > 
  at <MenusHeader drawer=false onToggleDrawer=fn > 
  at <ClientOnly > 
  at <VApp theme="light" class="auto-text" > 
  at <VResponsive class="border rounded" > 
  at <Default ref=Ref< Proxy(Object) > > 
  at <AsyncComponentWrapper ref=Ref< Proxy(Object) > > 
  at <LayoutLoader key="default" layoutProps= {ref: RefImpl} name="default" > 
  at <NuxtLayoutProvider layoutProps= {ref: RefImpl} key="default" name="default"  ... > 
  at <NuxtLayout > 
  at <App key=4 > 
  at <NuxtRoot> @ http://localhost:3001/_nuxt/@fs/home/meebuzo/github/alternate-framework/apps/ecosystem/meeovi-frontend/node_modules/@sentry/core/build/esm/instrument/console.js?v=cfee6d51:42
[   30441ms] [WARNING] [Vue warn]: Avoid app logic that relies on enumerating keys on a component instance. The keys will be empty in production mode to avoid performance overhead. 
  at <VNavigationDrawer modelValue=undefined onUpdate:modelValue=fn location="right"  ... > 
  at <MenusTopmenuLayoutNotifications > 
  at <VCol class="notificationsHeader" > 
  at <VDefaultsProvider defaults= {VTabs: Object} > 
  at <VToolbar ref=Ref< Proxy(Object) > class="v-app-bar" style= {top: 0px, zIndex: 1014, transform: translateY(0px), position: fixed, height: undefined}  ... > 
  at <VAppBar id="topnav" > 
  at <MenusHeader drawer=false onToggleDrawer=fn > 
  at <ClientOnly > 
  at <VApp theme="light" class="auto-text" > 
  at <VResponsive class="border rounded" > 
  at <Default ref=Ref< Proxy(Object) > > 
  at <AsyncComponentWrapper ref=Ref< Proxy(Object) > > 
  at <LayoutLoader key="default" layoutProps= {ref: RefImpl} name="default" > 
  at <NuxtLayoutProvider layoutProps= {ref: RefImpl} key="default" name="default"  ... > 
  at <NuxtLayout > 
  at <App key=4 > 
  at <NuxtRoot> @ http://localhost:3001/_nuxt/@fs/home/meebuzo/github/alternate-framework/apps/ecosystem/meeovi-frontend/node_modules/@sentry/core/build/esm/instrument/console.js?v=cfee6d51:42
[   30444ms] [WARNING] [Vue warn]: Avoid app logic that relies on enumerating keys on a component instance. The keys will be empty in production mode to avoid performance overhead. 
  at <VNavigationDrawer modelValue=undefined onUpdate:modelValue=fn location="right"  ... > 
  at <MenusTopmenuLayoutNotifications > 
  at <VCol class="notificationsHeader" > 
  at <VDefaultsProvider defaults= {VTabs: Object} > 
  at <VToolbar ref=Ref< Proxy(Object) > class="v-app-bar" style= {top: 0px, zIndex: 1014, transform: translateY(0px), position: fixed, height: undefined}  ... > 
  at <VAppBar id="topnav" > 
  at <MenusHeader drawer=false onToggleDrawer=fn > 
  at <ClientOnly > 
  at <VApp theme="light" class="auto-text" > 
  at <VResponsive class="border rounded" > 
  at <Default ref=Ref< Proxy(Object) > > 
  at <AsyncComponentWrapper ref=Ref< Proxy(Object) > > 
  at <LayoutLoader key="default" layoutProps= {ref: RefImpl} name="default" > 
  at <NuxtLayoutProvider layoutProps= {ref: RefImpl} key="default" name="default"  ... > 
  at <NuxtLayout > 
  at <App key=4 > 
  at <NuxtRoot> @ http://localhost:3001/_nuxt/@fs/home/meebuzo/github/alternate-framework/apps/ecosystem/meeovi-frontend/node_modules/@sentry/core/build/esm/instrument/console.js?v=cfee6d51:42
[   30446ms] [WARNING] [Vue warn]: Avoid app logic that relies on enumerating keys on a component instance. The keys will be empty in production mode to avoid performance overhead. 
  at <VNavigationDrawer modelValue=undefined onUpdate:modelValue=fn location="right"  ... > 
  at <MenusTopmenuLayoutNotifications > 
  at <VCol class="notificationsHeader" > 
  at <VDefaultsProvider defaults= {VTabs: Object} > 
  at <VToolbar ref=Ref< Proxy(Object) > class="v-app-bar" style= {top: 0px, zIndex: 1014, transform: translateY(0px), position: fixed, height: undefined}  ... > 
  at <VAppBar id="topnav" > 
  at <MenusHeader drawer=false onToggleDrawer=fn > 
  at <ClientOnly > 
  at <VApp theme="light" class="auto-text" > 
  at <VResponsive class="border rounded" > 
  at <Default ref=Ref< Proxy(Object) > > 
  at <AsyncComponentWrapper ref=Ref< Proxy(Object) > > 
  at <LayoutLoader key="default" layoutProps= {ref: RefImpl} name="default" > 
  at <NuxtLayoutProvider layoutProps= {ref: RefImpl} key="default" name="default"  ... > 
  at <NuxtLayout > 
  at <App key=4 > 
  at <NuxtRoot> @ http://localhost:3001/_nuxt/@fs/home/meebuzo/github/alternate-framework/apps/ecosystem/meeovi-frontend/node_modules/@sentry/core/build/esm/instrument/console.js?v=cfee6d51:42
[   30449ms] [WARNING] [Vue warn]: Avoid app logic that relies on enumerating keys on a component instance. The keys will be empty in production mode to avoid performance overhead. 
  at <VNavigationDrawer modelValue=undefined onUpdate:modelValue=fn location="right"  ... > 
  at <MenusTopmenuLayoutNotifications > 
  at <VCol class="notificationsHeader" > 
  at <VDefaultsProvider defaults= {VTabs: Object} > 
  at <VToolbar ref=Ref< Proxy(Object) > class="v-app-bar" style= {top: 0px, zIndex: 1014, transform: translateY(0px), position: fixed, height: undefined}  ... > 
  at <VAppBar id="topnav" > 
  at <MenusHeader drawer=false onToggleDrawer=fn > 
  at <ClientOnly > 
  at <VApp theme="light" class="auto-text" > 
  at <VResponsive class="border rounded" > 
  at <Default ref=Ref< Proxy(Object) > > 
  at <AsyncComponentWrapper ref=Ref< Proxy(Object) > > 
  at <LayoutLoader key="default" layoutProps= {ref: RefImpl} name="default" > 
  at <NuxtLayoutProvider layoutProps= {ref: RefImpl} key="default" name="default"  ... > 
  at <NuxtLayout > 
  at <App key=4 > 
  at <NuxtRoot> @ http://localhost:3001/_nuxt/@fs/home/meebuzo/github/alternate-framework/apps/ecosystem/meeovi-frontend/node_modules/@sentry/core/build/esm/instrument/console.js?v=cfee6d51:42
[   30452ms] [WARNING] [Vue warn]: Avoid app logic that relies on enumerating keys on a component instance. The keys will be empty in production mode to avoid performance overhead. 
  at <VNavigationDrawer modelValue=undefined onUpdate:modelValue=fn location="right"  ... > 
  at <MenusTopmenuLayoutNotifications > 
  at <VCol class="notificationsHeader" > 
  at <VDefaultsProvider defaults= {VTabs: Object} > 
  at <VToolbar ref=Ref< Proxy(Object) > class="v-app-bar" style= {top: 0px, zIndex: 1014, transform: translateY(0px), position: fixed, height: undefined}  ... > 
  at <VAppBar id="topnav" > 
  at <MenusHeader drawer=false onToggleDrawer=fn > 
  at <ClientOnly > 
  at <VApp theme="light" class="auto-text" > 
  at <VResponsive class="border rounded" > 
  at <Default ref=Ref< Proxy(Object) > > 
  at <AsyncComponentWrapper ref=Ref< Proxy(Object) > > 
  at <LayoutLoader key="default" layoutProps= {ref: RefImpl} name="default" > 
  at <NuxtLayoutProvider layoutProps= {ref: RefImpl} key="default" name="default"  ... > 
  at <NuxtLayout > 
  at <App key=4 > 
  at <NuxtRoot> @ http://localhost:3001/_nuxt/@fs/home/meebuzo/github/alternate-framework/apps/ecosystem/meeovi-frontend/node_modules/@sentry/core/build/esm/instrument/console.js?v=cfee6d51:42
[   30457ms] [ERROR] Connecting to 'https://o996770.ingest.us.sentry.io/api/5955273/envelope/?sentry_version=7&sentry_key=df1b90fab7c44ce8aef097a63b468d61&sentry_client=sentry.javascript.nuxt%2F10.63.0' violates the following Content Security Policy directive: "connect-src 'self' https://*.mux.com". The action has been blocked. @ http://localhost:3001/_nuxt/@fs/home/meebuzo/github/alternate-framework/apps/ecosystem/meeovi-frontend/node_modules/@sentry/browser/build/npm/esm/dev/transports/fetch.js?v=cfee6d51:31
[   30458ms] [ERROR] Fetch API cannot load https://o996770.ingest.us.sentry.io/api/5955273/envelope/?sentry_version=7&sentry_key=df1b90fab7c44ce8aef097a63b468d61&sentry_client=sentry.javascript.nuxt%2F10.63.0. Refused to connect because it violates the document's Content Security Policy. @ http://localhost:3001/_nuxt/@fs/home/meebuzo/github/alternate-framework/apps/ecosystem/meeovi-frontend/node_modules/@sentry/browser/build/npm/esm/dev/transports/fetch.js?v=cfee6d51:31
[   30459ms] [ERROR] Failed to load resource: the server responded with a status of 404 (Not Found) @ http://localhost:3001/api/auth/user/name/to-string:0
[   30460ms] [ERROR] Failed to load resource: the server responded with a status of 404 (Not Found) @ http://localhost:3001/api/auth/user/name/value-of:0
[   30464ms] TypeError: Cannot convert object to primitive value
    at http://localhost:3001/_nuxt/components/menus/topmenu/myaccounttopmenu.vue:174:63
    at Proxy.renderFnWithContext (http://localhost:3001/_nuxt/@fs/home/meebuzo/github/alternate-framework/apps/ecosystem/meeovi-frontend/node_modules/@vue/runtime-core/dist/runtime-core.esm-bundler.js?v=cfee6d51:709:13)
    at Proxy.<anonymous> (http://localhost:3001/_nuxt/@fs/home/meebuzo/github/alternate-framework/node_modules/vuetify/lib/components/VList/VListChildren.js?v=cfee6d51:21:33)
    at renderComponentRoot (http://localhost:3001/_nuxt/@fs/home/meebuzo/github/alternate-framework/apps/ecosystem/meeovi-frontend/node_modules/@vue/runtime-core/dist/runtime-core.esm-bundler.js?v=cfee6d51:4628:16)
    at ReactiveEffect.componentUpdateFn [as fn] (http://localhost:3001/_nuxt/@fs/home/meebuzo/github/alternate-framework/apps/ecosystem/meeovi-frontend/node_modules/@vue/runtime-core/dist/runtime-core.esm-bundler.js?v=cfee6d51:6206:46)
    at ReactiveEffect.run (http://localhost:3001/_nuxt/@fs/home/meebuzo/github/alternate-framework/apps/ecosystem/meeovi-frontend/node_modules/@vue/reactivity/dist/reactivity.esm-bundler.js?v=cfee6d51:230:19)
    at setupRenderEffect (http://localhost:3001/_nuxt/@fs/home/meebuzo/github/alternate-framework/apps/ecosystem/meeovi-frontend/node_modules/@vue/runtime-core/dist/runtime-core.esm-bundler.js?v=cfee6d51:6341:5)
    at mountComponent (http://localhost:3001/_nuxt/@fs/home/meebuzo/github/alternate-framework/apps/ecosystem/meeovi-frontend/node_modules/@vue/runtime-core/dist/runtime-core.esm-bundler.js?v=cfee6d51:6113:7)
    at processComponent (http://localhost:3001/_nuxt/@fs/home/meebuzo/github/alternate-framework/apps/ecosystem/meeovi-frontend/node_modules/@vue/runtime-core/dist/runtime-core.esm-bundler.js?v=cfee6d51:6065:9)
    at patch (http://localhost:3001/_nuxt/@fs/home/meebuzo/github/alternate-framework/apps/ecosystem/meeovi-frontend/node_modules/@vue/runtime-core/dist/runtime-core.esm-bundler.js?v=cfee6d51:5557:11)
    at mountChildren (http://localhost:3001/_nuxt/@fs/home/meebuzo/github/alternate-framework/apps/ecosystem/meeovi-frontend/node_modules/@vue/runtime-core/dist/runtime-core.esm-bundler.js?v=cfee6d51:5808:7)
    at mountElement (http://localhost:3001/_nuxt/@fs/home/meebuzo/github/alternate-framework/apps/ecosystem/meeovi-frontend/node_modules/@vue/runtime-core/dist/runtime-core.esm-bundler.js?v=cfee6d51:5724:7)
    at processElement (http://localhost:3001/_nuxt/@fs/home/meebuzo/github/alternate-framework/apps/ecosystem/meeovi-frontend/node_modules/@vue/runtime-core/dist/runtime-core.esm-bundler.js?v=cfee6d51:5679:7)
    at patch (http://localhost:3001/_nuxt/@fs/home/meebuzo/github/alternate-framework/apps/ecosystem/meeovi-frontend/node_modules/@vue/runtime-core/dist/runtime-core.esm-bundler.js?v=cfee6d51:5545:11)
    at ReactiveEffect.componentUpdateFn [as fn] (http://localhost:3001/_nuxt/@fs/home/meebuzo/github/alternate-framework/apps/ecosystem/meeovi-frontend/node_modules/@vue/runtime-core/dist/runtime-core.esm-bundler.js?v=cfee6d51:6213:11)
    at ReactiveEffect.run (http://localhost:3001/_nuxt/@fs/home/meebuzo/github/alternate-framework/apps/ecosystem/meeovi-frontend/node_modules/@vue/reactivity/dist/reactivity.esm-bundler.js?v=cfee6d51:230:19)
    at setupRenderEffect (http://localhost:3001/_nuxt/@fs/home/meebuzo/github/alternate-framework/apps/ecosystem/meeovi-frontend/node_modules/@vue/runtime-core/dist/runtime-core.esm-bundler.js?v=cfee6d51:6341:5)
    at mountComponent (http://localhost:3001/_nuxt/@fs/home/meebuzo/github/alternate-framework/apps/ecosystem/meeovi-frontend/node_modules/@vue/runtime-core/dist/runtime-core.esm-bundler.js?v=cfee6d51:6113:7)
    at processComponent (http://localhost:3001/_nuxt/@fs/home/meebuzo/github/alternate-framework/apps/ecosystem/meeovi-frontend/node_modules/@vue/runtime-core/dist/runtime-core.esm-bundler.js?v=cfee6d51:6065:9)
    at patch (http://localhost:3001/_nuxt/@fs/home/meebuzo/github/alternate-framework/apps/ecosystem/meeovi-frontend/node_modules/@vue/runtime-core/dist/runtime-core.esm-bundler.js?v=cfee6d51:5557:11)
    at mountChildren (http://localhost:3001/_nuxt/@fs/home/meebuzo/github/alternate-framework/apps/ecosystem/meeovi-frontend/node_modules/@vue/runtime-core/dist/runtime-core.esm-bundler.js?v=cfee6d51:5808:7)
    at mountElement (http://localhost:3001/_nuxt/@fs/home/meebuzo/github/alternate-framework/apps/ecosystem/meeovi-frontend/node_modules/@vue/runtime-core/dist/runtime-core.esm-bundler.js?v=cfee6d51:5724:7)
    at processElement (http://localhost:3001/_nuxt/@fs/home/meebuzo/github/alternate-framework/apps/ecosystem/meeovi-frontend/node_modules/@vue/runtime-core/dist/runtime-core.esm-bundler.js?v=cfee6d51:5679:7)
    at patch (http://localhost:3001/_nuxt/@fs/home/meebuzo/github/alternate-framework/apps/ecosystem/meeovi-frontend/node_modules/@vue/runtime-core/dist/runtime-core.esm-bundler.js?v=cfee6d51:5545:11)
    at mountChildren (http://localhost:3001/_nuxt/@fs/home/meebuzo/github/alternate-framework/apps/ecosystem/meeovi-frontend/node_modules/@vue/runtime-core/dist/runtime-core.esm-bundler.js?v=cfee6d51:5808:7)
    at processFragment (http://localhost:3001/_nuxt/@fs/home/meebuzo/github/alternate-framework/apps/ecosystem/meeovi-frontend/node_modules/@vue/runtime-core/dist/runtime-core.esm-bundler.js?v=cfee6d51:5995:7)
    at patch (http://localhost:3001/_nuxt/@fs/home/meebuzo/github/alternate-framework/apps/ecosystem/meeovi-frontend/node_modules/@vue/runtime-core/dist/runtime-core.esm-bundler.js?v=cfee6d51:5531:9)
    at mountChildren (http://localhost:3001/_nuxt/@fs/home/meebuzo/github/alternate-framework/apps/ecosystem/meeovi-frontend/node_modules/@vue/runtime-core/dist/runtime-core.esm-bundler.js?v=cfee6d51:5808:7)
    at mountElement (http://localhost:3001/_nuxt/@fs/home/meebuzo/github/alternate-framework/apps/ecosystem/meeovi-frontend/node_modules/@vue/runtime-core/dist/runtime-core.esm-bundler.js?v=cfee6d51:5724:7)
    at processElement (http://localhost:3001/_nuxt/@fs/home/meebuzo/github/alternate-framework/apps/ecosystem/meeovi-frontend/node_modules/@vue/runtime-core/dist/runtime-core.esm-bundler.js?v=cfee6d51:5679:7)
    at patch (http://localhost:3001/_nuxt/@fs/home/meebuzo/github/alternate-framework/apps/ecosystem/meeovi-frontend/node_modules/@vue/runtime-core/dist/runtime-core.esm-bundler.js?v=cfee6d51:5545:11)
    at mountChildren (http://localhost:3001/_nuxt/@fs/home/meebuzo/github/alternate-framework/apps/ecosystem/meeovi-frontend/node_modules/@vue/runtime-core/dist/runtime-core.esm-bundler.js?v=cfee6d51:5808:7)
    at mountElement (http://localhost:3001/_nuxt/@fs/home/meebuzo/github/alternate-framework/apps/ecosystem/meeovi-frontend/node_modules/@vue/runtime-core/dist/runtime-core.esm-bundler.js?v=cfee6d51:5724:7)
    at processElement (http://localhost:3001/_nuxt/@fs/home/meebuzo/github/alternate-framework/apps/ecosystem/meeovi-frontend/node_modules/@vue/runtime-core/dist/runtime-core.esm-bundler.js?v=cfee6d51:5679:7)
    at patch (http://localhost:3001/_nuxt/@fs/home/meebuzo/github/alternate-framework/apps/ecosystem/meeovi-frontend/node_modules/@vue/runtime-core/dist/runtime-core.esm-bundler.js?v=cfee6d51:5545:11)
    at mountChildren (http://localhost:3001/_nuxt/@fs/home/meebuzo/github/alternate-framework/apps/ecosystem/meeovi-frontend/node_modules/@vue/runtime-core/dist/runtime-core.esm-bundler.js?v=cfee6d51:5808:7)
    at processFragment (http://localhost:3001/_nuxt/@fs/home/meebuzo/github/alternate-framework/apps/ecosystem/meeovi-frontend/node_modules/@vue/runtime-core/dist/runtime-core.esm-bundler.js?v=cfee6d51:5995:7)
    at patch (http://localhost:3001/_nuxt/@fs/home/meebuzo/github/alternate-framework/apps/ecosystem/meeovi-frontend/node_modules/@vue/runtime-core/dist/runtime-core.esm-bundler.js?v=cfee6d51:5531:9)
    at ReactiveEffect.componentUpdateFn [as fn] (http://localhost:3001/_nuxt/@fs/home/meebuzo/github/alternate-framework/apps/ecosystem/meeovi-frontend/node_modules/@vue/runtime-core/dist/runtime-core.esm-bundler.js?v=cfee6d51:6213:11)
    at ReactiveEffect.run (http://localhost:3001/_nuxt/@fs/home/meebuzo/github/alternate-framework/apps/ecosystem/meeovi-frontend/node_modules/@vue/reactivity/dist/reactivity.esm-bundler.js?v=cfee6d51:230:19)
    at setupRenderEffect (http://localhost:3001/_nuxt/@fs/home/meebuzo/github/alternate-framework/apps/ecosystem/meeovi-frontend/node_modules/@vue/runtime-core/dist/runtime-core.esm-bundler.js?v=cfee6d51:6341:5)
    at mountComponent (http://localhost:3001/_nuxt/@fs/home/meebuzo/github/alternate-framework/apps/ecosystem/meeovi-frontend/node_modules/@vue/runtime-core/dist/runtime-core.esm-bundler.js?v=cfee6d51:6113:7)
    at processComponent (http://localhost:3001/_nuxt/@fs/home/meebuzo/github/alternate-framework/apps/ecosystem/meeovi-frontend/node_modules/@vue/runtime-core/dist/runtime-core.esm-bundler.js?v=cfee6d51:6065:9)
    at patch (http://localhost:3001/_nuxt/@fs/home/meebuzo/github/alternate-framework/apps/ecosystem/meeovi-frontend/node_modules/@vue/runtime-core/dist/runtime-core.esm-bundler.js?v=cfee6d51:5557:11)
    at mountChildren (http://localhost:3001/_nuxt/@fs/home/meebuzo/github/alternate-framework/apps/ecosystem/meeovi-frontend/node_modules/@vue/runtime-core/dist/runtime-core.esm-bundler.js?v=cfee6d51:5808:7)
    at mountElement (http://localhost:3001/_nuxt/@fs/home/meebuzo/github/alternate-framework/apps/ecosystem/meeovi-frontend/node_modules/@vue/runtime-core/dist/runtime-core.esm-bundler.js?v=cfee6d51:5724:7)
    at processElement (http://localhost:3001/_nuxt/@fs/home/meebuzo/github/alternate-framework/apps/ecosystem/meeovi-frontend/node_modules/@vue/runtime-core/dist/runtime-core.esm-bundler.js?v=cfee6d51:5679:7)
    at patch (http://localhost:3001/_nuxt/@fs/home/meebuzo/github/alternate-framework/apps/ecosystem/meeovi-frontend/node_modules/@vue/runtime-core/dist/runtime-core.esm-bundler.js?v=cfee6d51:5545:11)
    at ReactiveEffect.componentUpdateFn [as fn] (http://localhost:3001/_nuxt/@fs/home/meebuzo/github/alternate-framework/apps/ecosystem/meeovi-frontend/node_modules/@vue/runtime-core/dist/runtime-core.esm-bundler.js?v=cfee6d51:6213:11)
    at ReactiveEffect.run (http://localhost:3001/_nuxt/@fs/home/meebuzo/github/alternate-framework/apps/ecosystem/meeovi-frontend/node_modules/@vue/reactivity/dist/reactivity.esm-bundler.js?v=cfee6d51:230:19)
[   30464ms] TypeError: Cannot read properties of undefined (reading 'length')
    at http://localhost:3001/_nuxt/components/menus/topmenu/LayoutNotifications.vue:161:33
    at Proxy.renderFnWithContext (http://localhost:3001/_nuxt/@fs/home/meebuzo/github/alternate-framework/apps/ecosystem/meeovi-frontend/node_modules/@vue/runtime-core/dist/runtime-core.esm-bundler.js?v=cfee6d51:709:13)
    at default (http://localhost:3001/_nuxt/@fs/home/meebuzo/github/alternate-framework/node_modules/vuetify/lib/components/VNavigationDrawer/VNavigationDrawer.js?v=cfee6d51:260:28)
    at normalizeChildren (http://localhost:3001/_nuxt/@fs/home/meebuzo/github/alternate-framework/apps/ecosystem/meeovi-frontend/node_modules/@vue/runtime-core/dist/runtime-core.esm-bundler.js?v=cfee6d51:7969:34)
    at createBaseVNode (http://localhost:3001/_nuxt/@fs/home/meebuzo/github/alternate-framework/apps/ecosystem/meeovi-frontend/node_modules/@vue/runtime-core/dist/runtime-core.esm-bundler.js?v=cfee6d51:7773:5)
    at _createVNode (http://localhost:3001/_nuxt/@fs/home/meebuzo/github/alternate-framework/apps/ecosystem/meeovi-frontend/node_modules/@vue/runtime-core/dist/runtime-core.esm-bundler.js?v=cfee6d51:7850:10)
    at createVNodeWithArgsTransform (http://localhost:3001/_nuxt/@fs/home/meebuzo/github/alternate-framework/apps/ecosystem/meeovi-frontend/node_modules/@vue/runtime-core/dist/runtime-core.esm-bundler.js?v=cfee6d51:7727:10)
    at Proxy.<anonymous> (http://localhost:3001/_nuxt/@fs/home/meebuzo/github/alternate-framework/node_modules/vuetify/lib/components/VNavigationDrawer/VNavigationDrawer.js?v=cfee6d51:219:52)
    at renderComponentRoot (http://localhost:3001/_nuxt/@fs/home/meebuzo/github/alternate-framework/apps/ecosystem/meeovi-frontend/node_modules/@vue/runtime-core/dist/runtime-core.esm-bundler.js?v=cfee6d51:4628:16)
    at ReactiveEffect.componentUpdateFn [as fn] (http://localhost:3001/_nuxt/@fs/home/meebuzo/github/alternate-framework/apps/ecosystem/meeovi-frontend/node_modules/@vue/runtime-core/dist/runtime-core.esm-bundler.js?v=cfee6d51:6284:26)
    at ReactiveEffect.run (http://localhost:3001/_nuxt/@fs/home/meebuzo/github/alternate-framework/apps/ecosystem/meeovi-frontend/node_modules/@vue/reactivity/dist/reactivity.esm-bundler.js?v=cfee6d51:230:19)
    at ReactiveEffect.runIfDirty (http://localhost:3001/_nuxt/@fs/home/meebuzo/github/alternate-framework/apps/ecosystem/meeovi-frontend/node_modules/@vue/reactivity/dist/reactivity.esm-bundler.js?v=cfee6d51:268:12)
    at callWithErrorHandling (http://localhost:3001/_nuxt/@fs/home/meebuzo/github/alternate-framework/apps/ecosystem/meeovi-frontend/node_modules/@vue/runtime-core/dist/runtime-core.esm-bundler.js?v=cfee6d51:197:33)
    at flushJobs (http://localhost:3001/_nuxt/@fs/home/meebuzo/github/alternate-framework/apps/ecosystem/meeovi-frontend/node_modules/@vue/runtime-core/dist/runtime-core.esm-bundler.js?v=cfee6d51:405:9)
[   30468ms] TypeError: Cannot read properties of undefined (reading 'length')
    at http://localhost:3001/_nuxt/components/menus/topmenu/LayoutNotifications.vue:161:33
    at Proxy.renderFnWithContext (http://localhost:3001/_nuxt/@fs/home/meebuzo/github/alternate-framework/apps/ecosystem/meeovi-frontend/node_modules/@vue/runtime-core/dist/runtime-core.esm-bundler.js?v=cfee6d51:709:13)
    at default (http://localhost:3001/_nuxt/@fs/home/meebuzo/github/alternate-framework/node_modules/vuetify/lib/components/VNavigationDrawer/VNavigationDrawer.js?v=cfee6d51:260:28)
    at normalizeChildren (http://localhost:3001/_nuxt/@fs/home/meebuzo/github/alternate-framework/apps/ecosystem/meeovi-frontend/node_modules/@vue/runtime-core/dist/runtime-core.esm-bundler.js?v=cfee6d51:7969:34)
    at createBaseVNode (http://localhost:3001/_nuxt/@fs/home/meebuzo/github/alternate-framework/apps/ecosystem/meeovi-frontend/node_modules/@vue/runtime-core/dist/runtime-core.esm-bundler.js?v=cfee6d51:7773:5)
    at _createVNode (http://localhost:3001/_nuxt/@fs/home/meebuzo/github/alternate-framework/apps/ecosystem/meeovi-frontend/node_modules/@vue/runtime-core/dist/runtime-core.esm-bundler.js?v=cfee6d51:7850:10)
    at createVNodeWithArgsTransform (http://localhost:3001/_nuxt/@fs/home/meebuzo/github/alternate-framework/apps/ecosystem/meeovi-frontend/node_modules/@vue/runtime-core/dist/runtime-core.esm-bundler.js?v=cfee6d51:7727:10)
    at Proxy.<anonymous> (http://localhost:3001/_nuxt/@fs/home/meebuzo/github/alternate-framework/node_modules/vuetify/lib/components/VNavigationDrawer/VNavigationDrawer.js?v=cfee6d51:219:52)
    at renderComponentRoot (http://localhost:3001/_nuxt/@fs/home/meebuzo/github/alternate-framework/apps/ecosystem/meeovi-frontend/node_modules/@vue/runtime-core/dist/runtime-core.esm-bundler.js?v=cfee6d51:4628:16)
    at ReactiveEffect.componentUpdateFn [as fn] (http://localhost:3001/_nuxt/@fs/home/meebuzo/github/alternate-framework/apps/ecosystem/meeovi-frontend/node_modules/@vue/runtime-core/dist/runtime-core.esm-bundler.js?v=cfee6d51:6284:26)
    at ReactiveEffect.run (http://localhost:3001/_nuxt/@fs/home/meebuzo/github/alternate-framework/apps/ecosystem/meeovi-frontend/node_modules/@vue/reactivity/dist/reactivity.esm-bundler.js?v=cfee6d51:230:19)
    at ReactiveEffect.runIfDirty (http://localhost:3001/_nuxt/@fs/home/meebuzo/github/alternate-framework/apps/ecosystem/meeovi-frontend/node_modules/@vue/reactivity/dist/reactivity.esm-bundler.js?v=cfee6d51:268:12)
    at callWithErrorHandling (http://localhost:3001/_nuxt/@fs/home/meebuzo/github/alternate-framework/apps/ecosystem/meeovi-frontend/node_modules/@vue/runtime-core/dist/runtime-core.esm-bundler.js?v=cfee6d51:197:33)
    at flushJobs (http://localhost:3001/_nuxt/@fs/home/meebuzo/github/alternate-framework/apps/ecosystem/meeovi-frontend/node_modules/@vue/runtime-core/dist/runtime-core.esm-bundler.js?v=cfee6d51:405:9)
[   30469ms] TypeError: Cannot read properties of undefined (reading 'length')
    at http://localhost:3001/_nuxt/components/menus/topmenu/LayoutNotifications.vue:161:33
    at Proxy.renderFnWithContext (http://localhost:3001/_nuxt/@fs/home/meebuzo/github/alternate-framework/apps/ecosystem/meeovi-frontend/node_modules/@vue/runtime-core/dist/runtime-core.esm-bundler.js?v=cfee6d51:709:13)
    at default (http://localhost:3001/_nuxt/@fs/home/meebuzo/github/alternate-framework/node_modules/vuetify/lib/components/VNavigationDrawer/VNavigationDrawer.js?v=cfee6d51:260:28)
    at normalizeChildren (http://localhost:3001/_nuxt/@fs/home/meebuzo/github/alternate-framework/apps/ecosystem/meeovi-frontend/node_modules/@vue/runtime-core/dist/runtime-core.esm-bundler.js?v=cfee6d51:7969:34)
    at createBaseVNode (http://localhost:3001/_nuxt/@fs/home/meebuzo/github/alternate-framework/apps/ecosystem/meeovi-frontend/node_modules/@vue/runtime-core/dist/runtime-core.esm-bundler.js?v=cfee6d51:7773:5)
    at _createVNode (http://localhost:3001/_nuxt/@fs/home/meebuzo/github/alternate-framework/apps/ecosystem/meeovi-frontend/node_modules/@vue/runtime-core/dist/runtime-core.esm-bundler.js?v=cfee6d51:7850:10)
    at createVNodeWithArgsTransform (http://localhost:3001/_nuxt/@fs/home/meebuzo/github/alternate-framework/apps/ecosystem/meeovi-frontend/node_modules/@vue/runtime-core/dist/runtime-core.esm-bundler.js?v=cfee6d51:7727:10)
    at Proxy.<anonymous> (http://localhost:3001/_nuxt/@fs/home/meebuzo/github/alternate-framework/node_modules/vuetify/lib/components/VNavigationDrawer/VNavigationDrawer.js?v=cfee6d51:219:52)
    at renderComponentRoot (http://localhost:3001/_nuxt/@fs/home/meebuzo/github/alternate-framework/apps/ecosystem/meeovi-frontend/node_modules/@vue/runtime-core/dist/runtime-core.esm-bundler.js?v=cfee6d51:4628:16)
    at ReactiveEffect.componentUpdateFn [as fn] (http://localhost:3001/_nuxt/@fs/home/meebuzo/github/alternate-framework/apps/ecosystem/meeovi-frontend/node_modules/@vue/runtime-core/dist/runtime-core.esm-bundler.js?v=cfee6d51:6284:26)
    at ReactiveEffect.run (http://localhost:3001/_nuxt/@fs/home/meebuzo/github/alternate-framework/apps/ecosystem/meeovi-frontend/node_modules/@vue/reactivity/dist/reactivity.esm-bundler.js?v=cfee6d51:230:19)
    at ReactiveEffect.runIfDirty (http://localhost:3001/_nuxt/@fs/home/meebuzo/github/alternate-framework/apps/ecosystem/meeovi-frontend/node_modules/@vue/reactivity/dist/reactivity.esm-bundler.js?v=cfee6d51:268:12)
    at callWithErrorHandling (http://localhost:3001/_nuxt/@fs/home/meebuzo/github/alternate-framework/apps/ecosystem/meeovi-frontend/node_modules/@vue/runtime-core/dist/runtime-core.esm-bundler.js?v=cfee6d51:197:33)
    at flushJobs (http://localhost:3001/_nuxt/@fs/home/meebuzo/github/alternate-framework/apps/ecosystem/meeovi-frontend/node_modules/@vue/runtime-core/dist/runtime-core.esm-bundler.js?v=cfee6d51:405:9)
[   30491ms] [ERROR] Connecting to 'https://cms.meeovicms.com/items/navigation/51' violates the following Content Security Policy directive: "connect-src 'self' https://*.mux.com". The action has been blocked. @ http://localhost:3001/_nuxt/@fs/home/meebuzo/github/alternate-framework/apps/ecosystem/meeovi-frontend/node_modules/.cache/vite/client/deps/@directus_sdk.js?v=cfee6d51:101
[   30491ms] [ERROR] Fetch API cannot load https://cms.meeovicms.com/items/navigation/51. Refused to connect because it violates the document's Content Security Policy. @ http://localhost:3001/_nuxt/@fs/home/meebuzo/github/alternate-framework/apps/ecosystem/meeovi-frontend/node_modules/.cache/vite/client/deps/@directus_sdk.js?v=cfee6d51:101
[   30495ms] [ERROR] Connecting to 'https://cms.meeovicms.com/items/navigation/50' violates the following Content Security Policy directive: "connect-src 'self' https://*.mux.com". The action has been blocked. @ http://localhost:3001/_nuxt/@fs/home/meebuzo/github/alternate-framework/apps/ecosystem/meeovi-frontend/node_modules/.cache/vite/client/deps/@directus_sdk.js?v=cfee6d51:101
[   30495ms] [ERROR] Fetch API cannot load https://cms.meeovicms.com/items/navigation/50. Refused to connect because it violates the document's Content Security Policy. @ http://localhost:3001/_nuxt/@fs/home/meebuzo/github/alternate-framework/apps/ecosystem/meeovi-frontend/node_modules/.cache/vite/client/deps/@directus_sdk.js?v=cfee6d51:101
[   30505ms] [WARNING] [Vue warn]: Unhandled error during execution of render function 
  at <VDefaultsProvider key="content-defaults" disabled=true defaults= {VIcon: Object} > 
  at <VBtn symbol= Symbol(vuetify:v-tabs) ref=Ref< undefined > class="v-tab"  ... > 
  at <VTab key=0 > 
  at <VSlideGroup centerActive=false scrollToActive=true contentClass=undefined  ... > 
  at <VTabs modelValue=null onUpdate:modelValue=fn bg-color=undefined  ... > 
  at <VCard variant="text" class="lowerBar" > 
  at <MenusLowerBar > 
  at <ClientOnly > 
  at <VApp theme="light" class="auto-text" > 
  at <VResponsive class="border rounded" > 
  at <Default ref=Ref< Proxy(Object) > > 
  at <AsyncComponentWrapper ref=Ref< Proxy(Object) > > 
  at <LayoutLoader key="default" layoutProps= {ref: RefImpl} name="default" > 
  at <NuxtLayoutProvider layoutProps= {ref: RefImpl} key="default" name="default"  ... > 
  at <NuxtLayout > 
  at <App key=4 > 
  at <NuxtRoot> @ http://localhost:3001/_nuxt/@fs/home/meebuzo/github/alternate-framework/apps/ecosystem/meeovi-frontend/node_modules/@sentry/core/build/esm/instrument/console.js?v=cfee6d51:42
[   30509ms] [WARNING] [Vue warn]: Unhandled error during execution of render function 
  at <VDefaultsProvider key="content-defaults" disabled=true defaults= {VIcon: Object} > 
  at <VBtn symbol= Symbol(vuetify:v-tabs) ref=Ref< undefined > class="v-tab"  ... > 
  at <VTab key=0 > 
  at <VSlideGroup centerActive=false scrollToActive=true contentClass=undefined  ... > 
  at <VTabs modelValue=null onUpdate:modelValue=fn bg-color=undefined  ... > 
  at <VCard variant="text" class="lowerBar" > 
  at <MenusLowerBar > 
  at <ClientOnly > 
  at <VApp theme="light" class="auto-text" > 
  at <VResponsive class="border rounded" > 
  at <Default ref=Ref< Proxy(Object) > > 
  at <AsyncComponentWrapper ref=Ref< Proxy(Object) > > 
  at <LayoutLoader key="default" layoutProps= {ref: RefImpl} name="default" > 
  at <NuxtLayoutProvider layoutProps= {ref: RefImpl} key="default" name="default"  ... > 
  at <NuxtLayout > 
  at <App key=4 > 
  at <NuxtRoot> @ http://localhost:3001/_nuxt/@fs/home/meebuzo/github/alternate-framework/apps/ecosystem/meeovi-frontend/node_modules/@sentry/core/build/esm/instrument/console.js?v=cfee6d51:42
[   30510ms] [WARNING] [Vue warn]: Unhandled error during execution of component update 
  at <VSlideGroup centerActive=false scrollToActive=true contentClass=undefined  ... > 
  at <VTabs modelValue=null onUpdate:modelValue=fn bg-color=undefined  ... > 
  at <VCard variant="text" class="lowerBar" > 
  at <MenusLowerBar > 
  at <ClientOnly > 
  at <VApp theme="light" class="auto-text" > 
  at <VResponsive class="border rounded" > 
  at <Default ref=Ref< Proxy(Object) > > 
  at <AsyncComponentWrapper ref=Ref< Proxy(Object) > > 
  at <LayoutLoader key="default" layoutProps= {ref: RefImpl} name="default" > 
  at <NuxtLayoutProvider layoutProps= {ref: RefImpl} key="default" name="default"  ... > 
  at <NuxtLayout > 
  at <App key=4 > 
  at <NuxtRoot> @ http://localhost:3001/_nuxt/@fs/home/meebuzo/github/alternate-framework/apps/ecosystem/meeovi-frontend/node_modules/@sentry/core/build/esm/instrument/console.js?v=cfee6d51:42
[   30515ms] [ERROR] Connecting to 'https://cms.meeovicms.com/items/navigation/50' violates the following Content Security Policy directive: "connect-src 'self' https://*.mux.com". The action has been blocked. @ http://localhost:3001/_nuxt/@fs/home/meebuzo/github/alternate-framework/apps/ecosystem/meeovi-frontend/node_modules/.cache/vite/client/deps/@directus_sdk.js?v=cfee6d51:101
[   30515ms] [ERROR] Fetch API cannot load https://cms.meeovicms.com/items/navigation/50. Refused to connect because it violates the document's Content Security Policy. @ http://localhost:3001/_nuxt/@fs/home/meebuzo/github/alternate-framework/apps/ecosystem/meeovi-frontend/node_modules/.cache/vite/client/deps/@directus_sdk.js?v=cfee6d51:101
[   30568ms] [WARNING] [Vue warn]: Avoid app logic that relies on enumerating keys on a component instance. The keys will be empty in production mode to avoid performance overhead. 
  at <VDefaultsProvider key="content-defaults" disabled=true defaults= {VIcon: Object} > 
  at <VBtn symbol= Symbol(vuetify:v-tabs) ref=Ref< undefined > class="v-tab"  ... > 
  at <VTab key=0 > 
  at <VSlideGroup centerActive=false scrollToActive=true contentClass=undefined  ... > 
  at <VTabs modelValue=null onUpdate:modelValue=fn bg-color=undefined  ... > 
  at <VCard variant="text" class="lowerBar" > 
  at <MenusLowerBar > 
  at <ClientOnly > 
  at <VApp theme="light" class="auto-text" > 
  at <VResponsive class="border rounded" > 
  at <Default ref=Ref< Proxy(Object) > > 
  at <AsyncComponentWrapper ref=Ref< Proxy(Object) > > 
  at <LayoutLoader key="default" layoutProps= {ref: RefImpl} name="default" > 
  at <NuxtLayoutProvider layoutProps= {ref: RefImpl} key="default" name="default"  ... > 
  at <NuxtLayout > 
  at <App key=4 > 
  at <NuxtRoot> @ http://localhost:3001/_nuxt/@fs/home/meebuzo/github/alternate-framework/apps/ecosystem/meeovi-frontend/node_modules/@sentry/core/build/esm/instrument/console.js?v=cfee6d51:42
[   30571ms] [WARNING] [Vue warn]: Avoid app logic that relies on enumerating keys on a component instance. The keys will be empty in production mode to avoid performance overhead. 
  at <VDefaultsProvider key="content-defaults" disabled=true defaults= {VIcon: Object} > 
  at <VBtn symbol= Symbol(vuetify:v-tabs) ref=Ref< undefined > class="v-tab"  ... > 
  at <VTab key=0 > 
  at <VSlideGroup centerActive=false scrollToActive=true contentClass=undefined  ... > 
  at <VTabs modelValue=null onUpdate:modelValue=fn bg-color=undefined  ... > 
  at <VCard variant="text" class="lowerBar" > 
  at <MenusLowerBar > 
  at <ClientOnly > 
  at <VApp theme="light" class="auto-text" > 
  at <VResponsive class="border rounded" > 
  at <Default ref=Ref< Proxy(Object) > > 
  at <AsyncComponentWrapper ref=Ref< Proxy(Object) > > 
  at <LayoutLoader key="default" layoutProps= {ref: RefImpl} name="default" > 
  at <NuxtLayoutProvider layoutProps= {ref: RefImpl} key="default" name="default"  ... > 
  at <NuxtLayout > 
  at <App key=4 > 
  at <NuxtRoot> @ http://localhost:3001/_nuxt/@fs/home/meebuzo/github/alternate-framework/apps/ecosystem/meeovi-frontend/node_modules/@sentry/core/build/esm/instrument/console.js?v=cfee6d51:42
[   30573ms] [WARNING] [Vue warn]: Avoid app logic that relies on enumerating keys on a component instance. The keys will be empty in production mode to avoid performance overhead. 
  at <VDefaultsProvider key="content-defaults" disabled=true defaults= {VIcon: Object} > 
  at <VBtn symbol= Symbol(vuetify:v-tabs) ref=Ref< undefined > class="v-tab"  ... > 
  at <VTab key=0 > 
  at <VSlideGroup centerActive=false scrollToActive=true contentClass=undefined  ... > 
  at <VTabs modelValue=null onUpdate:modelValue=fn bg-color=undefined  ... > 
  at <VCard variant="text" class="lowerBar" > 
  at <MenusLowerBar > 
  at <ClientOnly > 
  at <VApp theme="light" class="auto-text" > 
  at <VResponsive class="border rounded" > 
  at <Default ref=Ref< Proxy(Object) > > 
  at <AsyncComponentWrapper ref=Ref< Proxy(Object) > > 
  at <LayoutLoader key="default" layoutProps= {ref: RefImpl} name="default" > 
  at <NuxtLayoutProvider layoutProps= {ref: RefImpl} key="default" name="default"  ... > 
  at <NuxtLayout > 
  at <App key=4 > 
  at <NuxtRoot> @ http://localhost:3001/_nuxt/@fs/home/meebuzo/github/alternate-framework/apps/ecosystem/meeovi-frontend/node_modules/@sentry/core/build/esm/instrument/console.js?v=cfee6d51:42
[   30575ms] [WARNING] [Vue warn]: Avoid app logic that relies on enumerating keys on a component instance. The keys will be empty in production mode to avoid performance overhead. 
  at <VDefaultsProvider key="content-defaults" disabled=true defaults= {VIcon: Object} > 
  at <VBtn symbol= Symbol(vuetify:v-tabs) ref=Ref< undefined > class="v-tab"  ... > 
  at <VTab key=0 > 
  at <VSlideGroup centerActive=false scrollToActive=true contentClass=undefined  ... > 
  at <VTabs modelValue=null onUpdate:modelValue=fn bg-color=undefined  ... > 
  at <VCard variant="text" class="lowerBar" > 
  at <MenusLowerBar > 
  at <ClientOnly > 
  at <VApp theme="light" class="auto-text" > 
  at <VResponsive class="border rounded" > 
  at <Default ref=Ref< Proxy(Object) > > 
  at <AsyncComponentWrapper ref=Ref< Proxy(Object) > > 
  at <LayoutLoader key="default" layoutProps= {ref: RefImpl} name="default" > 
  at <NuxtLayoutProvider layoutProps= {ref: RefImpl} key="default" name="default"  ... > 
  at <NuxtLayout > 
  at <App key=4 > 
  at <NuxtRoot> @ http://localhost:3001/_nuxt/@fs/home/meebuzo/github/alternate-framework/apps/ecosystem/meeovi-frontend/node_modules/@sentry/core/build/esm/instrument/console.js?v=cfee6d51:42
[   30577ms] [WARNING] [Vue warn]: Avoid app logic that relies on enumerating keys on a component instance. The keys will be empty in production mode to avoid performance overhead. 
  at <VDefaultsProvider key="content-defaults" disabled=true defaults= {VIcon: Object} > 
  at <VBtn symbol= Symbol(vuetify:v-tabs) ref=Ref< undefined > class="v-tab"  ... > 
  at <VTab key=0 > 
  at <VSlideGroup centerActive=false scrollToActive=true contentClass=undefined  ... > 
  at <VTabs modelValue=null onUpdate:modelValue=fn bg-color=undefined  ... > 
  at <VCard variant="text" class="lowerBar" > 
  at <MenusLowerBar > 
  at <ClientOnly > 
  at <VApp theme="light" class="auto-text" > 
  at <VResponsive class="border rounded" > 
  at <Default ref=Ref< Proxy(Object) > > 
  at <AsyncComponentWrapper ref=Ref< Proxy(Object) > > 
  at <LayoutLoader key="default" layoutProps= {ref: RefImpl} name="default" > 
  at <NuxtLayoutProvider layoutProps= {ref: RefImpl} key="default" name="default"  ... > 
  at <NuxtLayout > 
  at <App key=4 > 
  at <NuxtRoot> @ http://localhost:3001/_nuxt/@fs/home/meebuzo/github/alternate-framework/apps/ecosystem/meeovi-frontend/node_modules/@sentry/core/build/esm/instrument/console.js?v=cfee6d51:42
[   30579ms] [WARNING] [Vue warn]: Avoid app logic that relies on enumerating keys on a component instance. The keys will be empty in production mode to avoid performance overhead. 
  at <VDefaultsProvider key="content-defaults" disabled=true defaults= {VIcon: Object} > 
  at <VBtn symbol= Symbol(vuetify:v-tabs) ref=Ref< undefined > class="v-tab"  ... > 
  at <VTab key=0 > 
  at <VSlideGroup centerActive=false scrollToActive=true contentClass=undefined  ... > 
  at <VTabs modelValue=null onUpdate:modelValue=fn bg-color=undefined  ... > 
  at <VCard variant="text" class="lowerBar" > 
  at <MenusLowerBar > 
  at <ClientOnly > 
  at <VApp theme="light" class="auto-text" > 
  at <VResponsive class="border rounded" > 
  at <Default ref=Ref< Proxy(Object) > > 
  at <AsyncComponentWrapper ref=Ref< Proxy(Object) > > 
  at <LayoutLoader key="default" layoutProps= {ref: RefImpl} name="default" > 
  at <NuxtLayoutProvider layoutProps= {ref: RefImpl} key="default" name="default"  ... > 
  at <NuxtLayout > 
  at <App key=4 > 
  at <NuxtRoot> @ http://localhost:3001/_nuxt/@fs/home/meebuzo/github/alternate-framework/apps/ecosystem/meeovi-frontend/node_modules/@sentry/core/build/esm/instrument/console.js?v=cfee6d51:42
[   30581ms] [WARNING] [Vue warn]: Avoid app logic that relies on enumerating keys on a component instance. The keys will be empty in production mode to avoid performance overhead. 
  at <VDefaultsProvider key="content-defaults" disabled=true defaults= {VIcon: Object} > 
  at <VBtn symbol= Symbol(vuetify:v-tabs) ref=Ref< undefined > class="v-tab"  ... > 
  at <VTab key=0 > 
  at <VSlideGroup centerActive=false scrollToActive=true contentClass=undefined  ... > 
  at <VTabs modelValue=null onUpdate:modelValue=fn bg-color=undefined  ... > 
  at <VCard variant="text" class="lowerBar" > 
  at <MenusLowerBar > 
  at <ClientOnly > 
  at <VApp theme="light" class="auto-text" > 
  at <VResponsive class="border rounded" > 
  at <Default ref=Ref< Proxy(Object) > > 
  at <AsyncComponentWrapper ref=Ref< Proxy(Object) > > 
  at <LayoutLoader key="default" layoutProps= {ref: RefImpl} name="default" > 
  at <NuxtLayoutProvider layoutProps= {ref: RefImpl} key="default" name="default"  ... > 
  at <NuxtLayout > 
  at <App key=4 > 
  at <NuxtRoot> @ http://localhost:3001/_nuxt/@fs/home/meebuzo/github/alternate-framework/apps/ecosystem/meeovi-frontend/node_modules/@sentry/core/build/esm/instrument/console.js?v=cfee6d51:42
[   30584ms] [WARNING] [Vue warn]: Avoid app logic that relies on enumerating keys on a component instance. The keys will be empty in production mode to avoid performance overhead. 
  at <VDefaultsProvider key="content-defaults" disabled=true defaults= {VIcon: Object} > 
  at <VBtn symbol= Symbol(vuetify:v-tabs) ref=Ref< undefined > class="v-tab"  ... > 
  at <VTab key=0 > 
  at <VSlideGroup centerActive=false scrollToActive=true contentClass=undefined  ... > 
  at <VTabs modelValue=null onUpdate:modelValue=fn bg-color=undefined  ... > 
  at <VCard variant="text" class="lowerBar" > 
  at <MenusLowerBar > 
  at <ClientOnly > 
  at <VApp theme="light" class="auto-text" > 
  at <VResponsive class="border rounded" > 
  at <Default ref=Ref< Proxy(Object) > > 
  at <AsyncComponentWrapper ref=Ref< Proxy(Object) > > 
  at <LayoutLoader key="default" layoutProps= {ref: RefImpl} name="default" > 
  at <NuxtLayoutProvider layoutProps= {ref: RefImpl} key="default" name="default"  ... > 
  at <NuxtLayout > 
  at <App key=4 > 
  at <NuxtRoot> @ http://localhost:3001/_nuxt/@fs/home/meebuzo/github/alternate-framework/apps/ecosystem/meeovi-frontend/node_modules/@sentry/core/build/esm/instrument/console.js?v=cfee6d51:42
[   30585ms] [WARNING] [Vue warn]: Avoid app logic that relies on enumerating keys on a component instance. The keys will be empty in production mode to avoid performance overhead. 
  at <VDefaultsProvider key="content-defaults" disabled=true defaults= {VIcon: Object} > 
  at <VBtn symbol= Symbol(vuetify:v-tabs) ref=Ref< undefined > class="v-tab"  ... > 
  at <VTab key=0 > 
  at <VSlideGroup centerActive=false scrollToActive=true contentClass=undefined  ... > 
  at <VTabs modelValue=null onUpdate:modelValue=fn bg-color=undefined  ... > 
  at <VCard variant="text" class="lowerBar" > 
  at <MenusLowerBar > 
  at <ClientOnly > 
  at <VApp theme="light" class="auto-text" > 
  at <VResponsive class="border rounded" > 
  at <Default ref=Ref< Proxy(Object) > > 
  at <AsyncComponentWrapper ref=Ref< Proxy(Object) > > 
  at <LayoutLoader key="default" layoutProps= {ref: RefImpl} name="default" > 
  at <NuxtLayoutProvider layoutProps= {ref: RefImpl} key="default" name="default"  ... > 
  at <NuxtLayout > 
  at <App key=4 > 
  at <NuxtRoot> @ http://localhost:3001/_nuxt/@fs/home/meebuzo/github/alternate-framework/apps/ecosystem/meeovi-frontend/node_modules/@sentry/core/build/esm/instrument/console.js?v=cfee6d51:42
[   30589ms] [WARNING] [Vue warn]: Avoid app logic that relies on enumerating keys on a component instance. The keys will be empty in production mode to avoid performance overhead. 
  at <VDefaultsProvider key="content-defaults" disabled=true defaults= {VIcon: Object} > 
  at <VBtn symbol= Symbol(vuetify:v-tabs) ref=Ref< undefined > class="v-tab"  ... > 
  at <VTab key=0 > 
  at <VSlideGroup centerActive=false scrollToActive=true contentClass=undefined  ... > 
  at <VTabs modelValue=null onUpdate:modelValue=fn bg-color=undefined  ... > 
  at <VCard variant="text" class="lowerBar" > 
  at <MenusLowerBar > 
  at <ClientOnly > 
  at <VApp theme="light" class="auto-text" > 
  at <VResponsive class="border rounded" > 
  at <Default ref=Ref< Proxy(Object) > > 
  at <AsyncComponentWrapper ref=Ref< Proxy(Object) > > 
  at <LayoutLoader key="default" layoutProps= {ref: RefImpl} name="default" > 
  at <NuxtLayoutProvider layoutProps= {ref: RefImpl} key="default" name="default"  ... > 
  at <NuxtLayout > 
  at <App key=4 > 
  at <NuxtRoot> @ http://localhost:3001/_nuxt/@fs/home/meebuzo/github/alternate-framework/apps/ecosystem/meeovi-frontend/node_modules/@sentry/core/build/esm/instrument/console.js?v=cfee6d51:42
[   30591ms] [WARNING] [Vue warn]: Avoid app logic that relies on enumerating keys on a component instance. The keys will be empty in production mode to avoid performance overhead. 
  at <VDefaultsProvider key="content-defaults" disabled=true defaults= {VIcon: Object} > 
  at <VBtn symbol= Symbol(vuetify:v-tabs) ref=Ref< undefined > class="v-tab"  ... > 
  at <VTab key=0 > 
  at <VSlideGroup centerActive=false scrollToActive=true contentClass=undefined  ... > 
  at <VTabs modelValue=null onUpdate:modelValue=fn bg-color=undefined  ... > 
  at <VCard variant="text" class="lowerBar" > 
  at <MenusLowerBar > 
  at <ClientOnly > 
  at <VApp theme="light" class="auto-text" > 
  at <VResponsive class="border rounded" > 
  at <Default ref=Ref< Proxy(Object) > > 
  at <AsyncComponentWrapper ref=Ref< Proxy(Object) > > 
  at <LayoutLoader key="default" layoutProps= {ref: RefImpl} name="default" > 
  at <NuxtLayoutProvider layoutProps= {ref: RefImpl} key="default" name="default"  ... > 
  at <NuxtLayout > 
  at <App key=4 > 
  at <NuxtRoot> @ http://localhost:3001/_nuxt/@fs/home/meebuzo/github/alternate-framework/apps/ecosystem/meeovi-frontend/node_modules/@sentry/core/build/esm/instrument/console.js?v=cfee6d51:42
[   30592ms] [WARNING] [Vue warn]: Avoid app logic that relies on enumerating keys on a component instance. The keys will be empty in production mode to avoid performance overhead. 
  at <VDefaultsProvider key="content-defaults" disabled=true defaults= {VIcon: Object} > 
  at <VBtn symbol= Symbol(vuetify:v-tabs) ref=Ref< undefined > class="v-tab"  ... > 
  at <VTab key=0 > 
  at <VSlideGroup centerActive=false scrollToActive=true contentClass=undefined  ... > 
  at <VTabs modelValue=null onUpdate:modelValue=fn bg-color=undefined  ... > 
  at <VCard variant="text" class="lowerBar" > 
  at <MenusLowerBar > 
  at <ClientOnly > 
  at <VApp theme="light" class="auto-text" > 
  at <VResponsive class="border rounded" > 
  at <Default ref=Ref< Proxy(Object) > > 
  at <AsyncComponentWrapper ref=Ref< Proxy(Object) > > 
  at <LayoutLoader key="default" layoutProps= {ref: RefImpl} name="default" > 
  at <NuxtLayoutProvider layoutProps= {ref: RefImpl} key="default" name="default"  ... > 
  at <NuxtLayout > 
  at <App key=4 > 
  at <NuxtRoot> @ http://localhost:3001/_nuxt/@fs/home/meebuzo/github/alternate-framework/apps/ecosystem/meeovi-frontend/node_modules/@sentry/core/build/esm/instrument/console.js?v=cfee6d51:42
[   30594ms] [WARNING] [Vue warn]: Avoid app logic that relies on enumerating keys on a component instance. The keys will be empty in production mode to avoid performance overhead. 
  at <VDefaultsProvider key="content-defaults" disabled=true defaults= {VIcon: Object} > 
  at <VBtn symbol= Symbol(vuetify:v-tabs) ref=Ref< undefined > class="v-tab"  ... > 
  at <VTab key=0 > 
  at <VSlideGroup centerActive=false scrollToActive=true contentClass=undefined  ... > 
  at <VTabs modelValue=null onUpdate:modelValue=fn bg-color=undefined  ... > 
  at <VCard variant="text" class="lowerBar" > 
  at <MenusLowerBar > 
  at <ClientOnly > 
  at <VApp theme="light" class="auto-text" > 
  at <VResponsive class="border rounded" > 
  at <Default ref=Ref< Proxy(Object) > > 
  at <AsyncComponentWrapper ref=Ref< Proxy(Object) > > 
  at <LayoutLoader key="default" layoutProps= {ref: RefImpl} name="default" > 
  at <NuxtLayoutProvider layoutProps= {ref: RefImpl} key="default" name="default"  ... > 
  at <NuxtLayout > 
  at <App key=4 > 
  at <NuxtRoot> @ http://localhost:3001/_nuxt/@fs/home/meebuzo/github/alternate-framework/apps/ecosystem/meeovi-frontend/node_modules/@sentry/core/build/esm/instrument/console.js?v=cfee6d51:42
[   30596ms] [WARNING] [Vue warn]: Avoid app logic that relies on enumerating keys on a component instance. The keys will be empty in production mode to avoid performance overhead. 
  at <VDefaultsProvider key="content-defaults" disabled=true defaults= {VIcon: Object} > 
  at <VBtn symbol= Symbol(vuetify:v-tabs) ref=Ref< undefined > class="v-tab"  ... > 
  at <VTab key=0 > 
  at <VSlideGroup centerActive=false scrollToActive=true contentClass=undefined  ... > 
  at <VTabs modelValue=null onUpdate:modelValue=fn bg-color=undefined  ... > 
  at <VCard variant="text" class="lowerBar" > 
  at <MenusLowerBar > 
  at <ClientOnly > 
  at <VApp theme="light" class="auto-text" > 
  at <VResponsive class="border rounded" > 
  at <Default ref=Ref< Proxy(Object) > > 
  at <AsyncComponentWrapper ref=Ref< Proxy(Object) > > 
  at <LayoutLoader key="default" layoutProps= {ref: RefImpl} name="default" > 
  at <NuxtLayoutProvider layoutProps= {ref: RefImpl} key="default" name="default"  ... > 
  at <NuxtLayout > 
  at <App key=4 > 
  at <NuxtRoot> @ http://localhost:3001/_nuxt/@fs/home/meebuzo/github/alternate-framework/apps/ecosystem/meeovi-frontend/node_modules/@sentry/core/build/esm/instrument/console.js?v=cfee6d51:42
[   30597ms] [WARNING] [Vue warn]: Avoid app logic that relies on enumerating keys on a component instance. The keys will be empty in production mode to avoid performance overhead. 
  at <VDefaultsProvider key="content-defaults" disabled=true defaults= {VIcon: Object} > 
  at <VBtn symbol= Symbol(vuetify:v-tabs) ref=Ref< undefined > class="v-tab"  ... > 
  at <VTab key=0 > 
  at <VSlideGroup centerActive=false scrollToActive=true contentClass=undefined  ... > 
  at <VTabs modelValue=null onUpdate:modelValue=fn bg-color=undefined  ... > 
  at <VCard variant="text" class="lowerBar" > 
  at <MenusLowerBar > 
  at <ClientOnly > 
  at <VApp theme="light" class="auto-text" > 
  at <VResponsive class="border rounded" > 
  at <Default ref=Ref< Proxy(Object) > > 
  at <AsyncComponentWrapper ref=Ref< Proxy(Object) > > 
  at <LayoutLoader key="default" layoutProps= {ref: RefImpl} name="default" > 
  at <NuxtLayoutProvider layoutProps= {ref: RefImpl} key="default" name="default"  ... > 
  at <NuxtLayout > 
  at <App key=4 > 
  at <NuxtRoot> @ http://localhost:3001/_nuxt/@fs/home/meebuzo/github/alternate-framework/apps/ecosystem/meeovi-frontend/node_modules/@sentry/core/build/esm/instrument/console.js?v=cfee6d51:42
[   30599ms] [WARNING] [Vue warn]: Avoid app logic that relies on enumerating keys on a component instance. The keys will be empty in production mode to avoid performance overhead. 
  at <VDefaultsProvider key="content-defaults" disabled=true defaults= {VIcon: Object} > 
  at <VBtn symbol= Symbol(vuetify:v-tabs) ref=Ref< undefined > class="v-tab"  ... > 
  at <VTab key=0 > 
  at <VSlideGroup centerActive=false scrollToActive=true contentClass=undefined  ... > 
  at <VTabs modelValue=null onUpdate:modelValue=fn bg-color=undefined  ... > 
  at <VCard variant="text" class="lowerBar" > 
  at <MenusLowerBar > 
  at <ClientOnly > 
  at <VApp theme="light" class="auto-text" > 
  at <VResponsive class="border rounded" > 
  at <Default ref=Ref< Proxy(Object) > > 
  at <AsyncComponentWrapper ref=Ref< Proxy(Object) > > 
  at <LayoutLoader key="default" layoutProps= {ref: RefImpl} name="default" > 
  at <NuxtLayoutProvider layoutProps= {ref: RefImpl} key="default" name="default"  ... > 
  at <NuxtLayout > 
  at <App key=4 > 
  at <NuxtRoot> @ http://localhost:3001/_nuxt/@fs/home/meebuzo/github/alternate-framework/apps/ecosystem/meeovi-frontend/node_modules/@sentry/core/build/esm/instrument/console.js?v=cfee6d51:42
[   30600ms] [WARNING] [Vue warn]: Avoid app logic that relies on enumerating keys on a component instance. The keys will be empty in production mode to avoid performance overhead. 
  at <VDefaultsProvider key="content-defaults" disabled=true defaults= {VIcon: Object} > 
  at <VBtn symbol= Symbol(vuetify:v-tabs) ref=Ref< undefined > class="v-tab"  ... > 
  at <VTab key=0 > 
  at <VSlideGroup centerActive=false scrollToActive=true contentClass=undefined  ... > 
  at <VTabs modelValue=null onUpdate:modelValue=fn bg-color=undefined  ... > 
  at <VCard variant="text" class="lowerBar" > 
  at <MenusLowerBar > 
  at <ClientOnly > 
  at <VApp theme="light" class="auto-text" > 
  at <VResponsive class="border rounded" > 
  at <Default ref=Ref< Proxy(Object) > > 
  at <AsyncComponentWrapper ref=Ref< Proxy(Object) > > 
  at <LayoutLoader key="default" layoutProps= {ref: RefImpl} name="default" > 
  at <NuxtLayoutProvider layoutProps= {ref: RefImpl} key="default" name="default"  ... > 
  at <NuxtLayout > 
  at <App key=4 > 
  at <NuxtRoot> @ http://localhost:3001/_nuxt/@fs/home/meebuzo/github/alternate-framework/apps/ecosystem/meeovi-frontend/node_modules/@sentry/core/build/esm/instrument/console.js?v=cfee6d51:42
[   30602ms] [WARNING] [Vue warn]: Avoid app logic that relies on enumerating keys on a component instance. The keys will be empty in production mode to avoid performance overhead. 
  at <VDefaultsProvider key="content-defaults" disabled=true defaults= {VIcon: Object} > 
  at <VBtn symbol= Symbol(vuetify:v-tabs) ref=Ref< undefined > class="v-tab"  ... > 
  at <VTab key=0 > 
  at <VSlideGroup centerActive=false scrollToActive=true contentClass=undefined  ... > 
  at <VTabs modelValue=null onUpdate:modelValue=fn bg-color=undefined  ... > 
  at <VCard variant="text" class="lowerBar" > 
  at <MenusLowerBar > 
  at <ClientOnly > 
  at <VApp theme="light" class="auto-text" > 
  at <VResponsive class="border rounded" > 
  at <Default ref=Ref< Proxy(Object) > > 
  at <AsyncComponentWrapper ref=Ref< Proxy(Object) > > 
  at <LayoutLoader key="default" layoutProps= {ref: RefImpl} name="default" > 
  at <NuxtLayoutProvider layoutProps= {ref: RefImpl} key="default" name="default"  ... > 
  at <NuxtLayout > 
  at <App key=4 > 
  at <NuxtRoot> @ http://localhost:3001/_nuxt/@fs/home/meebuzo/github/alternate-framework/apps/ecosystem/meeovi-frontend/node_modules/@sentry/core/build/esm/instrument/console.js?v=cfee6d51:42
[   30604ms] [WARNING] [Vue warn]: Avoid app logic that relies on enumerating keys on a component instance. The keys will be empty in production mode to avoid performance overhead. 
  at <VDefaultsProvider key="content-defaults" disabled=true defaults= {VIcon: Object} > 
  at <VBtn symbol= Symbol(vuetify:v-tabs) ref=Ref< undefined > class="v-tab"  ... > 
  at <VTab key=0 > 
  at <VSlideGroup centerActive=false scrollToActive=true contentClass=undefined  ... > 
  at <VTabs modelValue=null onUpdate:modelValue=fn bg-color=undefined  ... > 
  at <VCard variant="text" class="lowerBar" > 
  at <MenusLowerBar > 
  at <ClientOnly > 
  at <VApp theme="light" class="auto-text" > 
  at <VResponsive class="border rounded" > 
  at <Default ref=Ref< Proxy(Object) > > 
  at <AsyncComponentWrapper ref=Ref< Proxy(Object) > > 
  at <LayoutLoader key="default" layoutProps= {ref: RefImpl} name="default" > 
  at <NuxtLayoutProvider layoutProps= {ref: RefImpl} key="default" name="default"  ... > 
  at <NuxtLayout > 
  at <App key=4 > 
  at <NuxtRoot> @ http://localhost:3001/_nuxt/@fs/home/meebuzo/github/alternate-framework/apps/ecosystem/meeovi-frontend/node_modules/@sentry/core/build/esm/instrument/console.js?v=cfee6d51:42
[   30605ms] [WARNING] [Vue warn]: Avoid app logic that relies on enumerating keys on a component instance. The keys will be empty in production mode to avoid performance overhead. 
  at <VDefaultsProvider key="content-defaults" disabled=true defaults= {VIcon: Object} > 
  at <VBtn symbol= Symbol(vuetify:v-tabs) ref=Ref< undefined > class="v-tab"  ... > 
  at <VTab key=0 > 
  at <VSlideGroup centerActive=false scrollToActive=true contentClass=undefined  ... > 
  at <VTabs modelValue=null onUpdate:modelValue=fn bg-color=undefined  ... > 
  at <VCard variant="text" class="lowerBar" > 
  at <MenusLowerBar > 
  at <ClientOnly > 
  at <VApp theme="light" class="auto-text" > 
  at <VResponsive class="border rounded" > 
  at <Default ref=Ref< Proxy(Object) > > 
  at <AsyncComponentWrapper ref=Ref< Proxy(Object) > > 
  at <LayoutLoader key="default" layoutProps= {ref: RefImpl} name="default" > 
  at <NuxtLayoutProvider layoutProps= {ref: RefImpl} key="default" name="default"  ... > 
  at <NuxtLayout > 
  at <App key=4 > 
  at <NuxtRoot> @ http://localhost:3001/_nuxt/@fs/home/meebuzo/github/alternate-framework/apps/ecosystem/meeovi-frontend/node_modules/@sentry/core/build/esm/instrument/console.js?v=cfee6d51:42
[   30606ms] [WARNING] [Vue warn]: Avoid app logic that relies on enumerating keys on a component instance. The keys will be empty in production mode to avoid performance overhead. 
  at <VDefaultsProvider key="content-defaults" disabled=true defaults= {VIcon: Object} > 
  at <VBtn symbol= Symbol(vuetify:v-tabs) ref=Ref< undefined > class="v-tab"  ... > 
  at <VTab key=0 > 
  at <VSlideGroup centerActive=false scrollToActive=true contentClass=undefined  ... > 
  at <VTabs modelValue=null onUpdate:modelValue=fn bg-color=undefined  ... > 
  at <VCard variant="text" class="lowerBar" > 
  at <MenusLowerBar > 
  at <ClientOnly > 
  at <VApp theme="light" class="auto-text" > 
  at <VResponsive class="border rounded" > 
  at <Default ref=Ref< Proxy(Object) > > 
  at <AsyncComponentWrapper ref=Ref< Proxy(Object) > > 
  at <LayoutLoader key="default" layoutProps= {ref: RefImpl} name="default" > 
  at <NuxtLayoutProvider layoutProps= {ref: RefImpl} key="default" name="default"  ... > 
  at <NuxtLayout > 
  at <App key=4 > 
  at <NuxtRoot> @ http://localhost:3001/_nuxt/@fs/home/meebuzo/github/alternate-framework/apps/ecosystem/meeovi-frontend/node_modules/@sentry/core/build/esm/instrument/console.js?v=cfee6d51:42
[   30607ms] [WARNING] [Vue warn]: Avoid app logic that relies on enumerating keys on a component instance. The keys will be empty in production mode to avoid performance overhead. 
  at <VDefaultsProvider key="content-defaults" disabled=true defaults= {VIcon: Object} > 
  at <VBtn symbol= Symbol(vuetify:v-tabs) ref=Ref< undefined > class="v-tab"  ... > 
  at <VTab key=0 > 
  at <VSlideGroup centerActive=false scrollToActive=true contentClass=undefined  ... > 
  at <VTabs modelValue=null onUpdate:modelValue=fn bg-color=undefined  ... > 
  at <VCard variant="text" class="lowerBar" > 
  at <MenusLowerBar > 
  at <ClientOnly > 
  at <VApp theme="light" class="auto-text" > 
  at <VResponsive class="border rounded" > 
  at <Default ref=Ref< Proxy(Object) > > 
  at <AsyncComponentWrapper ref=Ref< Proxy(Object) > > 
  at <LayoutLoader key="default" layoutProps= {ref: RefImpl} name="default" > 
  at <NuxtLayoutProvider layoutProps= {ref: RefImpl} key="default" name="default"  ... > 
  at <NuxtLayout > 
  at <App key=4 > 
  at <NuxtRoot> @ http://localhost:3001/_nuxt/@fs/home/meebuzo/github/alternate-framework/apps/ecosystem/meeovi-frontend/node_modules/@sentry/core/build/esm/instrument/console.js?v=cfee6d51:42
[   30608ms] [WARNING] [Vue warn]: Avoid app logic that relies on enumerating keys on a component instance. The keys will be empty in production mode to avoid performance overhead. 
  at <VDefaultsProvider key="content-defaults" disabled=true defaults= {VIcon: Object} > 
  at <VBtn symbol= Symbol(vuetify:v-tabs) ref=Ref< undefined > class="v-tab"  ... > 
  at <VTab key=0 > 
  at <VSlideGroup centerActive=false scrollToActive=true contentClass=undefined  ... > 
  at <VTabs modelValue=null onUpdate:modelValue=fn bg-color=undefined  ... > 
  at <VCard variant="text" class="lowerBar" > 
  at <MenusLowerBar > 
  at <ClientOnly > 
  at <VApp theme="light" class="auto-text" > 
  at <VResponsive class="border rounded" > 
  at <Default ref=Ref< Proxy(Object) > > 
  at <AsyncComponentWrapper ref=Ref< Proxy(Object) > > 
  at <LayoutLoader key="default" layoutProps= {ref: RefImpl} name="default" > 
  at <NuxtLayoutProvider layoutProps= {ref: RefImpl} key="default" name="default"  ... > 
  at <NuxtLayout > 
  at <App key=4 > 
  at <NuxtRoot> @ http://localhost:3001/_nuxt/@fs/home/meebuzo/github/alternate-framework/apps/ecosystem/meeovi-frontend/node_modules/@sentry/core/build/esm/instrument/console.js?v=cfee6d51:42
[   30609ms] [WARNING] [Vue warn]: Avoid app logic that relies on enumerating keys on a component instance. The keys will be empty in production mode to avoid performance overhead. 
  at <VDefaultsProvider key="content-defaults" disabled=true defaults= {VIcon: Object} > 
  at <VBtn symbol= Symbol(vuetify:v-tabs) ref=Ref< undefined > class="v-tab"  ... > 
  at <VTab key=0 > 
  at <VSlideGroup centerActive=false scrollToActive=true contentClass=undefined  ... > 
  at <VTabs modelValue=null onUpdate:modelValue=fn bg-color=undefined  ... > 
  at <VCard variant="text" class="lowerBar" > 
  at <MenusLowerBar > 
  at <ClientOnly > 
  at <VApp theme="light" class="auto-text" > 
  at <VResponsive class="border rounded" > 
  at <Default ref=Ref< Proxy(Object) > > 
  at <AsyncComponentWrapper ref=Ref< Proxy(Object) > > 
  at <LayoutLoader key="default" layoutProps= {ref: RefImpl} name="default" > 
  at <NuxtLayoutProvider layoutProps= {ref: RefImpl} key="default" name="default"  ... > 
  at <NuxtLayout > 
  at <App key=4 > 
  at <NuxtRoot> @ http://localhost:3001/_nuxt/@fs/home/meebuzo/github/alternate-framework/apps/ecosystem/meeovi-frontend/node_modules/@sentry/core/build/esm/instrument/console.js?v=cfee6d51:42
[   30610ms] [WARNING] [Vue warn]: Avoid app logic that relies on enumerating keys on a component instance. The keys will be empty in production mode to avoid performance overhead. 
  at <VDefaultsProvider key="content-defaults" disabled=true defaults= {VIcon: Object} > 
  at <VBtn symbol= Symbol(vuetify:v-tabs) ref=Ref< undefined > class="v-tab"  ... > 
  at <VTab key=0 > 
  at <VSlideGroup centerActive=false scrollToActive=true contentClass=undefined  ... > 
  at <VTabs modelValue=null onUpdate:modelValue=fn bg-color=undefined  ... > 
  at <VCard variant="text" class="lowerBar" > 
  at <MenusLowerBar > 
  at <ClientOnly > 
  at <VApp theme="light" class="auto-text" > 
  at <VResponsive class="border rounded" > 
  at <Default ref=Ref< Proxy(Object) > > 
  at <AsyncComponentWrapper ref=Ref< Proxy(Object) > > 
  at <LayoutLoader key="default" layoutProps= {ref: RefImpl} name="default" > 
  at <NuxtLayoutProvider layoutProps= {ref: RefImpl} key="default" name="default"  ... > 
  at <NuxtLayout > 
  at <App key=4 > 
  at <NuxtRoot> @ http://localhost:3001/_nuxt/@fs/home/meebuzo/github/alternate-framework/apps/ecosystem/meeovi-frontend/node_modules/@sentry/core/build/esm/instrument/console.js?v=cfee6d51:42
[   30611ms] [WARNING] [Vue warn]: Avoid app logic that relies on enumerating keys on a component instance. The keys will be empty in production mode to avoid performance overhead. 
  at <VDefaultsProvider key="content-defaults" disabled=true defaults= {VIcon: Object} > 
  at <VBtn symbol= Symbol(vuetify:v-tabs) ref=Ref< undefined > class="v-tab"  ... > 
  at <VTab key=0 > 
  at <VSlideGroup centerActive=false scrollToActive=true contentClass=undefined  ... > 
  at <VTabs modelValue=null onUpdate:modelValue=fn bg-color=undefined  ... > 
  at <VCard variant="text" class="lowerBar" > 
  at <MenusLowerBar > 
  at <ClientOnly > 
  at <VApp theme="light" class="auto-text" > 
  at <VResponsive class="border rounded" > 
  at <Default ref=Ref< Proxy(Object) > > 
  at <AsyncComponentWrapper ref=Ref< Proxy(Object) > > 
  at <LayoutLoader key="default" layoutProps= {ref: RefImpl} name="default" > 
  at <NuxtLayoutProvider layoutProps= {ref: RefImpl} key="default" name="default"  ... > 
  at <NuxtLayout > 
  at <App key=4 > 
  at <NuxtRoot> @ http://localhost:3001/_nuxt/@fs/home/meebuzo/github/alternate-framework/apps/ecosystem/meeovi-frontend/node_modules/@sentry/core/build/esm/instrument/console.js?v=cfee6d51:42
[   30612ms] [WARNING] [Vue warn]: Avoid app logic that relies on enumerating keys on a component instance. The keys will be empty in production mode to avoid performance overhead. 
  at <VDefaultsProvider key="content-defaults" disabled=true defaults= {VIcon: Object} > 
  at <VBtn symbol= Symbol(vuetify:v-tabs) ref=Ref< undefined > class="v-tab"  ... > 
  at <VTab key=0 > 
  at <VSlideGroup centerActive=false scrollToActive=true contentClass=undefined  ... > 
  at <VTabs modelValue=null onUpdate:modelValue=fn bg-color=undefined  ... > 
  at <VCard variant="text" class="lowerBar" > 
  at <MenusLowerBar > 
  at <ClientOnly > 
  at <VApp theme="light" class="auto-text" > 
  at <VResponsive class="border rounded" > 
  at <Default ref=Ref< Proxy(Object) > > 
  at <AsyncComponentWrapper ref=Ref< Proxy(Object) > > 
  at <LayoutLoader key="default" layoutProps= {ref: RefImpl} name="default" > 
  at <NuxtLayoutProvider layoutProps= {ref: RefImpl} key="default" name="default"  ... > 
  at <NuxtLayout > 
  at <App key=4 > 
  at <NuxtRoot> @ http://localhost:3001/_nuxt/@fs/home/meebuzo/github/alternate-framework/apps/ecosystem/meeovi-frontend/node_modules/@sentry/core/build/esm/instrument/console.js?v=cfee6d51:42
[   30613ms] [WARNING] [Vue warn]: Avoid app logic that relies on enumerating keys on a component instance. The keys will be empty in production mode to avoid performance overhead. 
  at <VDefaultsProvider key="content-defaults" disabled=true defaults= {VIcon: Object} > 
  at <VBtn symbol= Symbol(vuetify:v-tabs) ref=Ref< undefined > class="v-tab"  ... > 
  at <VTab key=0 > 
  at <VSlideGroup centerActive=false scrollToActive=true contentClass=undefined  ... > 
  at <VTabs modelValue=null onUpdate:modelValue=fn bg-color=undefined  ... > 
  at <VCard variant="text" class="lowerBar" > 
  at <MenusLowerBar > 
  at <ClientOnly > 
  at <VApp theme="light" class="auto-text" > 
  at <VResponsive class="border rounded" > 
  at <Default ref=Ref< Proxy(Object) > > 
  at <AsyncComponentWrapper ref=Ref< Proxy(Object) > > 
  at <LayoutLoader key="default" layoutProps= {ref: RefImpl} name="default" > 
  at <NuxtLayoutProvider layoutProps= {ref: RefImpl} key="default" name="default"  ... > 
  at <NuxtLayout > 
  at <App key=4 > 
  at <NuxtRoot> @ http://localhost:3001/_nuxt/@fs/home/meebuzo/github/alternate-framework/apps/ecosystem/meeovi-frontend/node_modules/@sentry/core/build/esm/instrument/console.js?v=cfee6d51:42
[   30614ms] [WARNING] [Vue warn]: Avoid app logic that relies on enumerating keys on a component instance. The keys will be empty in production mode to avoid performance overhead. 
  at <VDefaultsProvider key="content-defaults" disabled=true defaults= {VIcon: Object} > 
  at <VBtn symbol= Symbol(vuetify:v-tabs) ref=Ref< undefined > class="v-tab"  ... > 
  at <VTab key=0 > 
  at <VSlideGroup centerActive=false scrollToActive=true contentClass=undefined  ... > 
  at <VTabs modelValue=null onUpdate:modelValue=fn bg-color=undefined  ... > 
  at <VCard variant="text" class="lowerBar" > 
  at <MenusLowerBar > 
  at <ClientOnly > 
  at <VApp theme="light" class="auto-text" > 
  at <VResponsive class="border rounded" > 
  at <Default ref=Ref< Proxy(Object) > > 
  at <AsyncComponentWrapper ref=Ref< Proxy(Object) > > 
  at <LayoutLoader key="default" layoutProps= {ref: RefImpl} name="default" > 
  at <NuxtLayoutProvider layoutProps= {ref: RefImpl} key="default" name="default"  ... > 
  at <NuxtLayout > 
  at <App key=4 > 
  at <NuxtRoot> @ http://localhost:3001/_nuxt/@fs/home/meebuzo/github/alternate-framework/apps/ecosystem/meeovi-frontend/node_modules/@sentry/core/build/esm/instrument/console.js?v=cfee6d51:42
[   30615ms] [WARNING] [Vue warn]: Avoid app logic that relies on enumerating keys on a component instance. The keys will be empty in production mode to avoid performance overhead. 
  at <VDefaultsProvider key="content-defaults" disabled=true defaults= {VIcon: Object} > 
  at <VBtn symbol= Symbol(vuetify:v-tabs) ref=Ref< undefined > class="v-tab"  ... > 
  at <VTab key=0 > 
  at <VSlideGroup centerActive=false scrollToActive=true contentClass=undefined  ... > 
  at <VTabs modelValue=null onUpdate:modelValue=fn bg-color=undefined  ... > 
  at <VCard variant="text" class="lowerBar" > 
  at <MenusLowerBar > 
  at <ClientOnly > 
  at <VApp theme="light" class="auto-text" > 
  at <VResponsive class="border rounded" > 
  at <Default ref=Ref< Proxy(Object) > > 
  at <AsyncComponentWrapper ref=Ref< Proxy(Object) > > 
  at <LayoutLoader key="default" layoutProps= {ref: RefImpl} name="default" > 
  at <NuxtLayoutProvider layoutProps= {ref: RefImpl} key="default" name="default"  ... > 
  at <NuxtLayout > 
  at <App key=4 > 
  at <NuxtRoot> @ http://localhost:3001/_nuxt/@fs/home/meebuzo/github/alternate-framework/apps/ecosystem/meeovi-frontend/node_modules/@sentry/core/build/esm/instrument/console.js?v=cfee6d51:42
[   30617ms] [WARNING] [Vue warn]: Avoid app logic that relies on enumerating keys on a component instance. The keys will be empty in production mode to avoid performance overhead. 
  at <VDefaultsProvider key="content-defaults" disabled=true defaults= {VIcon: Object} > 
  at <VBtn symbol= Symbol(vuetify:v-tabs) ref=Ref< undefined > class="v-tab"  ... > 
  at <VTab key=0 > 
  at <VSlideGroup centerActive=false scrollToActive=true contentClass=undefined  ... > 
  at <VTabs modelValue=null onUpdate:modelValue=fn bg-color=undefined  ... > 
  at <VCard variant="text" class="lowerBar" > 
  at <MenusLowerBar > 
  at <ClientOnly > 
  at <VApp theme="light" class="auto-text" > 
  at <VResponsive class="border rounded" > 
  at <Default ref=Ref< Proxy(Object) > > 
  at <AsyncComponentWrapper ref=Ref< Proxy(Object) > > 
  at <LayoutLoader key="default" layoutProps= {ref: RefImpl} name="default" > 
  at <NuxtLayoutProvider layoutProps= {ref: RefImpl} key="default" name="default"  ... > 
  at <NuxtLayout > 
  at <App key=4 > 
  at <NuxtRoot> @ http://localhost:3001/_nuxt/@fs/home/meebuzo/github/alternate-framework/apps/ecosystem/meeovi-frontend/node_modules/@sentry/core/build/esm/instrument/console.js?v=cfee6d51:42
[   30618ms] [WARNING] [Vue warn]: Avoid app logic that relies on enumerating keys on a component instance. The keys will be empty in production mode to avoid performance overhead. 
  at <VDefaultsProvider key="content-defaults" disabled=true defaults= {VIcon: Object} > 
  at <VBtn symbol= Symbol(vuetify:v-tabs) ref=Ref< undefined > class="v-tab"  ... > 
  at <VTab key=0 > 
  at <VSlideGroup centerActive=false scrollToActive=true contentClass=undefined  ... > 
  at <VTabs modelValue=null onUpdate:modelValue=fn bg-color=undefined  ... > 
  at <VCard variant="text" class="lowerBar" > 
  at <MenusLowerBar > 
  at <ClientOnly > 
  at <VApp theme="light" class="auto-text" > 
  at <VResponsive class="border rounded" > 
  at <Default ref=Ref< Proxy(Object) > > 
  at <AsyncComponentWrapper ref=Ref< Proxy(Object) > > 
  at <LayoutLoader key="default" layoutProps= {ref: RefImpl} name="default" > 
  at <NuxtLayoutProvider layoutProps= {ref: RefImpl} key="default" name="default"  ... > 
  at <NuxtLayout > 
  at <App key=4 > 
  at <NuxtRoot> @ http://localhost:3001/_nuxt/@fs/home/meebuzo/github/alternate-framework/apps/ecosystem/meeovi-frontend/node_modules/@sentry/core/build/esm/instrument/console.js?v=cfee6d51:42
[   30619ms] [WARNING] [Vue warn]: Avoid app logic that relies on enumerating keys on a component instance. The keys will be empty in production mode to avoid performance overhead. 
  at <VDefaultsProvider key="content-defaults" disabled=true defaults= {VIcon: Object} > 
  at <VBtn symbol= Symbol(vuetify:v-tabs) ref=Ref< undefined > class="v-tab"  ... > 
  at <VTab key=0 > 
  at <VSlideGroup centerActive=false scrollToActive=true contentClass=undefined  ... > 
  at <VTabs modelValue=null onUpdate:modelValue=fn bg-color=undefined  ... > 
  at <VCard variant="text" class="lowerBar" > 
  at <MenusLowerBar > 
  at <ClientOnly > 
  at <VApp theme="light" class="auto-text" > 
  at <VResponsive class="border rounded" > 
  at <Default ref=Ref< Proxy(Object) > > 
  at <AsyncComponentWrapper ref=Ref< Proxy(Object) > > 
  at <LayoutLoader key="default" layoutProps= {ref: RefImpl} name="default" > 
  at <NuxtLayoutProvider layoutProps= {ref: RefImpl} key="default" name="default"  ... > 
  at <NuxtLayout > 
  at <App key=4 > 
  at <NuxtRoot> @ http://localhost:3001/_nuxt/@fs/home/meebuzo/github/alternate-framework/apps/ecosystem/meeovi-frontend/node_modules/@sentry/core/build/esm/instrument/console.js?v=cfee6d51:42
[   30620ms] [WARNING] [Vue warn]: Avoid app logic that relies on enumerating keys on a component instance. The keys will be empty in production mode to avoid performance overhead. 
  at <VDefaultsProvider key="content-defaults" disabled=true defaults= {VIcon: Object} > 
  at <VBtn symbol= Symbol(vuetify:v-tabs) ref=Ref< undefined > class="v-tab"  ... > 
  at <VTab key=0 > 
  at <VSlideGroup centerActive=false scrollToActive=true contentClass=undefined  ... > 
  at <VTabs modelValue=null onUpdate:modelValue=fn bg-color=undefined  ... > 
  at <VCard variant="text" class="lowerBar" > 
  at <MenusLowerBar > 
  at <ClientOnly > 
  at <VApp theme="light" class="auto-text" > 
  at <VResponsive class="border rounded" > 
  at <Default ref=Ref< Proxy(Object) > > 
  at <AsyncComponentWrapper ref=Ref< Proxy(Object) > > 
  at <LayoutLoader key="default" layoutProps= {ref: RefImpl} name="default" > 
  at <NuxtLayoutProvider layoutProps= {ref: RefImpl} key="default" name="default"  ... > 
  at <NuxtLayout > 
  at <App key=4 > 
  at <NuxtRoot> @ http://localhost:3001/_nuxt/@fs/home/meebuzo/github/alternate-framework/apps/ecosystem/meeovi-frontend/node_modules/@sentry/core/build/esm/instrument/console.js?v=cfee6d51:42
[   30622ms] [WARNING] [Vue warn]: Avoid app logic that relies on enumerating keys on a component instance. The keys will be empty in production mode to avoid performance overhead. 
  at <VDefaultsProvider key="content-defaults" disabled=true defaults= {VIcon: Object} > 
  at <VBtn symbol= Symbol(vuetify:v-tabs) ref=Ref< undefined > class="v-tab"  ... > 
  at <VTab key=0 > 
  at <VSlideGroup centerActive=false scrollToActive=true contentClass=undefined  ... > 
  at <VTabs modelValue=null onUpdate:modelValue=fn bg-color=undefined  ... > 
  at <VCard variant="text" class="lowerBar" > 
  at <MenusLowerBar > 
  at <ClientOnly > 
  at <VApp theme="light" class="auto-text" > 
  at <VResponsive class="border rounded" > 
  at <Default ref=Ref< Proxy(Object) > > 
  at <AsyncComponentWrapper ref=Ref< Proxy(Object) > > 
  at <LayoutLoader key="default" layoutProps= {ref: RefImpl} name="default" > 
  at <NuxtLayoutProvider layoutProps= {ref: RefImpl} key="default" name="default"  ... > 
  at <NuxtLayout > 
  at <App key=4 > 
  at <NuxtRoot> @ http://localhost:3001/_nuxt/@fs/home/meebuzo/github/alternate-framework/apps/ecosystem/meeovi-frontend/node_modules/@sentry/core/build/esm/instrument/console.js?v=cfee6d51:42
[   30623ms] [WARNING] [Vue warn]: Avoid app logic that relies on enumerating keys on a component instance. The keys will be empty in production mode to avoid performance overhead. 
  at <VDefaultsProvider key="content-defaults" disabled=true defaults= {VIcon: Object} > 
  at <VBtn symbol= Symbol(vuetify:v-tabs) ref=Ref< undefined > class="v-tab"  ... > 
  at <VTab key=0 > 
  at <VSlideGroup centerActive=false scrollToActive=true contentClass=undefined  ... > 
  at <VTabs modelValue=null onUpdate:modelValue=fn bg-color=undefined  ... > 
  at <VCard variant="text" class="lowerBar" > 
  at <MenusLowerBar > 
  at <ClientOnly > 
  at <VApp theme="light" class="auto-text" > 
  at <VResponsive class="border rounded" > 
  at <Default ref=Ref< Proxy(Object) > > 
  at <AsyncComponentWrapper ref=Ref< Proxy(Object) > > 
  at <LayoutLoader key="default" layoutProps= {ref: RefImpl} name="default" > 
  at <NuxtLayoutProvider layoutProps= {ref: RefImpl} key="default" name="default"  ... > 
  at <NuxtLayout > 
  at <App key=4 > 
  at <NuxtRoot> @ http://localhost:3001/_nuxt/@fs/home/meebuzo/github/alternate-framework/apps/ecosystem/meeovi-frontend/node_modules/@sentry/core/build/esm/instrument/console.js?v=cfee6d51:42
[   30624ms] [WARNING] [Vue warn]: Avoid app logic that relies on enumerating keys on a component instance. The keys will be empty in production mode to avoid performance overhead. 
  at <VDefaultsProvider key="content-defaults" disabled=true defaults= {VIcon: Object} > 
  at <VBtn symbol= Symbol(vuetify:v-tabs) ref=Ref< undefined > class="v-tab"  ... > 
  at <VTab key=0 > 
  at <VSlideGroup centerActive=false scrollToActive=true contentClass=undefined  ... > 
  at <VTabs modelValue=null onUpdate:modelValue=fn bg-color=undefined  ... > 
  at <VCard variant="text" class="lowerBar" > 
  at <MenusLowerBar > 
  at <ClientOnly > 
  at <VApp theme="light" class="auto-text" > 
  at <VResponsive class="border rounded" > 
  at <Default ref=Ref< Proxy(Object) > > 
  at <AsyncComponentWrapper ref=Ref< Proxy(Object) > > 
  at <LayoutLoader key="default" layoutProps= {ref: RefImpl} name="default" > 
  at <NuxtLayoutProvider layoutProps= {ref: RefImpl} key="default" name="default"  ... > 
  at <NuxtLayout > 
  at <App key=4 > 
  at <NuxtRoot> @ http://localhost:3001/_nuxt/@fs/home/meebuzo/github/alternate-framework/apps/ecosystem/meeovi-frontend/node_modules/@sentry/core/build/esm/instrument/console.js?v=cfee6d51:42
[   30625ms] [WARNING] [Vue warn]: Avoid app logic that relies on enumerating keys on a component instance. The keys will be empty in production mode to avoid performance overhead. 
  at <VDefaultsProvider key="content-defaults" disabled=true defaults= {VIcon: Object} > 
  at <VBtn symbol= Symbol(vuetify:v-tabs) ref=Ref< undefined > class="v-tab"  ... > 
  at <VTab key=0 > 
  at <VSlideGroup centerActive=false scrollToActive=true contentClass=undefined  ... > 
  at <VTabs modelValue=null onUpdate:modelValue=fn bg-color=undefined  ... > 
  at <VCard variant="text" class="lowerBar" > 
  at <MenusLowerBar > 
  at <ClientOnly > 
  at <VApp theme="light" class="auto-text" > 
  at <VResponsive class="border rounded" > 
  at <Default ref=Ref< Proxy(Object) > > 
  at <AsyncComponentWrapper ref=Ref< Proxy(Object) > > 
  at <LayoutLoader key="default" layoutProps= {ref: RefImpl} name="default" > 
  at <NuxtLayoutProvider layoutProps= {ref: RefImpl} key="default" name="default"  ... > 
  at <NuxtLayout > 
  at <App key=4 > 
  at <NuxtRoot> @ http://localhost:3001/_nuxt/@fs/home/meebuzo/github/alternate-framework/apps/ecosystem/meeovi-frontend/node_modules/@sentry/core/build/esm/instrument/console.js?v=cfee6d51:42
[   30627ms] [WARNING] [Vue warn]: Avoid app logic that relies on enumerating keys on a component instance. The keys will be empty in production mode to avoid performance overhead. 
  at <VDefaultsProvider key="content-defaults" disabled=true defaults= {VIcon: Object} > 
  at <VBtn symbol= Symbol(vuetify:v-tabs) ref=Ref< undefined > class="v-tab"  ... > 
  at <VTab key=0 > 
  at <VSlideGroup centerActive=false scrollToActive=true contentClass=undefined  ... > 
  at <VTabs modelValue=null onUpdate:modelValue=fn bg-color=undefined  ... > 
  at <VCard variant="text" class="lowerBar" > 
  at <MenusLowerBar > 
  at <ClientOnly > 
  at <VApp theme="light" class="auto-text" > 
  at <VResponsive class="border rounded" > 
  at <Default ref=Ref< Proxy(Object) > > 
  at <AsyncComponentWrapper ref=Ref< Proxy(Object) > > 
  at <LayoutLoader key="default" layoutProps= {ref: RefImpl} name="default" > 
  at <NuxtLayoutProvider layoutProps= {ref: RefImpl} key="default" name="default"  ... > 
  at <NuxtLayout > 
  at <App key=4 > 
  at <NuxtRoot> @ http://localhost:3001/_nuxt/@fs/home/meebuzo/github/alternate-framework/apps/ecosystem/meeovi-frontend/node_modules/@sentry/core/build/esm/instrument/console.js?v=cfee6d51:42
[   30628ms] [WARNING] [Vue warn]: Avoid app logic that relies on enumerating keys on a component instance. The keys will be empty in production mode to avoid performance overhead. 
  at <VDefaultsProvider key="content-defaults" disabled=true defaults= {VIcon: Object} > 
  at <VBtn symbol= Symbol(vuetify:v-tabs) ref=Ref< undefined > class="v-tab"  ... > 
  at <VTab key=0 > 
  at <VSlideGroup centerActive=false scrollToActive=true contentClass=undefined  ... > 
  at <VTabs modelValue=null onUpdate:modelValue=fn bg-color=undefined  ... > 
  at <VCard variant="text" class="lowerBar" > 
  at <MenusLowerBar > 
  at <ClientOnly > 
  at <VApp theme="light" class="auto-text" > 
  at <VResponsive class="border rounded" > 
  at <Default ref=Ref< Proxy(Object) > > 
  at <AsyncComponentWrapper ref=Ref< Proxy(Object) > > 
  at <LayoutLoader key="default" layoutProps= {ref: RefImpl} name="default" > 
  at <NuxtLayoutProvider layoutProps= {ref: RefImpl} key="default" name="default"  ... > 
  at <NuxtLayout > 
  at <App key=4 > 
  at <NuxtRoot> @ http://localhost:3001/_nuxt/@fs/home/meebuzo/github/alternate-framework/apps/ecosystem/meeovi-frontend/node_modules/@sentry/core/build/esm/instrument/console.js?v=cfee6d51:42
[   30631ms] [WARNING] [Vue warn]: Avoid app logic that relies on enumerating keys on a component instance. The keys will be empty in production mode to avoid performance overhead. 
  at <VDefaultsProvider key="content-defaults" disabled=true defaults= {VIcon: Object} > 
  at <VBtn symbol= Symbol(vuetify:v-tabs) ref=Ref< undefined > class="v-tab"  ... > 
  at <VTab key=0 > 
  at <VSlideGroup centerActive=false scrollToActive=true contentClass=undefined  ... > 
  at <VTabs modelValue=null onUpdate:modelValue=fn bg-color=undefined  ... > 
  at <VCard variant="text" class="lowerBar" > 
  at <MenusLowerBar > 
  at <ClientOnly > 
  at <VApp theme="light" class="auto-text" > 
  at <VResponsive class="border rounded" > 
  at <Default ref=Ref< Proxy(Object) > > 
  at <AsyncComponentWrapper ref=Ref< Proxy(Object) > > 
  at <LayoutLoader key="default" layoutProps= {ref: RefImpl} name="default" > 
  at <NuxtLayoutProvider layoutProps= {ref: RefImpl} key="default" name="default"  ... > 
  at <NuxtLayout > 
  at <App key=4 > 
  at <NuxtRoot> @ http://localhost:3001/_nuxt/@fs/home/meebuzo/github/alternate-framework/apps/ecosystem/meeovi-frontend/node_modules/@sentry/core/build/esm/instrument/console.js?v=cfee6d51:42
[   30632ms] [WARNING] [Vue warn]: Avoid app logic that relies on enumerating keys on a component instance. The keys will be empty in production mode to avoid performance overhead. 
  at <VDefaultsProvider key="content-defaults" disabled=true defaults= {VIcon: Object} > 
  at <VBtn symbol= Symbol(vuetify:v-tabs) ref=Ref< undefined > class="v-tab"  ... > 
  at <VTab key=0 > 
  at <VSlideGroup centerActive=false scrollToActive=true contentClass=undefined  ... > 
  at <VTabs modelValue=null onUpdate:modelValue=fn bg-color=undefined  ... > 
  at <VCard variant="text" class="lowerBar" > 
  at <MenusLowerBar > 
  at <ClientOnly > 
  at <VApp theme="light" class="auto-text" > 
  at <VResponsive class="border rounded" > 
  at <Default ref=Ref< Proxy(Object) > > 
  at <AsyncComponentWrapper ref=Ref< Proxy(Object) > > 
  at <LayoutLoader key="default" layoutProps= {ref: RefImpl} name="default" > 
  at <NuxtLayoutProvider layoutProps= {ref: RefImpl} key="default" name="default"  ... > 
  at <NuxtLayout > 
  at <App key=4 > 
  at <NuxtRoot> @ http://localhost:3001/_nuxt/@fs/home/meebuzo/github/alternate-framework/apps/ecosystem/meeovi-frontend/node_modules/@sentry/core/build/esm/instrument/console.js?v=cfee6d51:42
[   30633ms] [WARNING] [Vue warn]: Avoid app logic that relies on enumerating keys on a component instance. The keys will be empty in production mode to avoid performance overhead. 
  at <VDefaultsProvider key="content-defaults" disabled=true defaults= {VIcon: Object} > 
  at <VBtn symbol= Symbol(vuetify:v-tabs) ref=Ref< undefined > class="v-tab"  ... > 
  at <VTab key=0 > 
  at <VSlideGroup centerActive=false scrollToActive=true contentClass=undefined  ... > 
  at <VTabs modelValue=null onUpdate:modelValue=fn bg-color=undefined  ... > 
  at <VCard variant="text" class="lowerBar" > 
  at <MenusLowerBar > 
  at <ClientOnly > 
  at <VApp theme="light" class="auto-text" > 
  at <VResponsive class="border rounded" > 
  at <Default ref=Ref< Proxy(Object) > > 
  at <AsyncComponentWrapper ref=Ref< Proxy(Object) > > 
  at <LayoutLoader key="default" layoutProps= {ref: RefImpl} name="default" > 
  at <NuxtLayoutProvider layoutProps= {ref: RefImpl} key="default" name="default"  ... > 
  at <NuxtLayout > 
  at <App key=4 > 
  at <NuxtRoot> @ http://localhost:3001/_nuxt/@fs/home/meebuzo/github/alternate-framework/apps/ecosystem/meeovi-frontend/node_modules/@sentry/core/build/esm/instrument/console.js?v=cfee6d51:42
[   30635ms] [WARNING] [Vue warn]: Avoid app logic that relies on enumerating keys on a component instance. The keys will be empty in production mode to avoid performance overhead. 
  at <VDefaultsProvider key="content-defaults" disabled=true defaults= {VIcon: Object} > 
  at <VBtn symbol= Symbol(vuetify:v-tabs) ref=Ref< undefined > class="v-tab"  ... > 
  at <VTab key=0 > 
  at <VSlideGroup centerActive=false scrollToActive=true contentClass=undefined  ... > 
  at <VTabs modelValue=null onUpdate:modelValue=fn bg-color=undefined  ... > 
  at <VCard variant="text" class="lowerBar" > 
  at <MenusLowerBar > 
  at <ClientOnly > 
  at <VApp theme="light" class="auto-text" > 
  at <VResponsive class="border rounded" > 
  at <Default ref=Ref< Proxy(Object) > > 
  at <AsyncComponentWrapper ref=Ref< Proxy(Object) > > 
  at <LayoutLoader key="default" layoutProps= {ref: RefImpl} name="default" > 
  at <NuxtLayoutProvider layoutProps= {ref: RefImpl} key="default" name="default"  ... > 
  at <NuxtLayout > 
  at <App key=4 > 
  at <NuxtRoot> @ http://localhost:3001/_nuxt/@fs/home/meebuzo/github/alternate-framework/apps/ecosystem/meeovi-frontend/node_modules/@sentry/core/build/esm/instrument/console.js?v=cfee6d51:42
[   30636ms] [WARNING] [Vue warn]: Avoid app logic that relies on enumerating keys on a component instance. The keys will be empty in production mode to avoid performance overhead. 
  at <VDefaultsProvider key="content-defaults" disabled=true defaults= {VIcon: Object} > 
  at <VBtn symbol= Symbol(vuetify:v-tabs) ref=Ref< undefined > class="v-tab"  ... > 
  at <VTab key=0 > 
  at <VSlideGroup centerActive=false scrollToActive=true contentClass=undefined  ... > 
  at <VTabs modelValue=null onUpdate:modelValue=fn bg-color=undefined  ... > 
  at <VCard variant="text" class="lowerBar" > 
  at <MenusLowerBar > 
  at <ClientOnly > 
  at <VApp theme="light" class="auto-text" > 
  at <VResponsive class="border rounded" > 
  at <Default ref=Ref< Proxy(Object) > > 
  at <AsyncComponentWrapper ref=Ref< Proxy(Object) > > 
  at <LayoutLoader key="default" layoutProps= {ref: RefImpl} name="default" > 
  at <NuxtLayoutProvider layoutProps= {ref: RefImpl} key="default" name="default"  ... > 
  at <NuxtLayout > 
  at <App key=4 > 
  at <NuxtRoot> @ http://localhost:3001/_nuxt/@fs/home/meebuzo/github/alternate-framework/apps/ecosystem/meeovi-frontend/node_modules/@sentry/core/build/esm/instrument/console.js?v=cfee6d51:42
[   30637ms] [WARNING] [Vue warn]: Avoid app logic that relies on enumerating keys on a component instance. The keys will be empty in production mode to avoid performance overhead. 
  at <VDefaultsProvider key="content-defaults" disabled=true defaults= {VIcon: Object} > 
  at <VBtn symbol= Symbol(vuetify:v-tabs) ref=Ref< undefined > class="v-tab"  ... > 
  at <VTab key=0 > 
  at <VSlideGroup centerActive=false scrollToActive=true contentClass=undefined  ... > 
  at <VTabs modelValue=null onUpdate:modelValue=fn bg-color=undefined  ... > 
  at <VCard variant="text" class="lowerBar" > 
  at <MenusLowerBar > 
  at <ClientOnly > 
  at <VApp theme="light" class="auto-text" > 
  at <VResponsive class="border rounded" > 
  at <Default ref=Ref< Proxy(Object) > > 
  at <AsyncComponentWrapper ref=Ref< Proxy(Object) > > 
  at <LayoutLoader key="default" layoutProps= {ref: RefImpl} name="default" > 
  at <NuxtLayoutProvider layoutProps= {ref: RefImpl} key="default" name="default"  ... > 
  at <NuxtLayout > 
  at <App key=4 > 
  at <NuxtRoot> @ http://localhost:3001/_nuxt/@fs/home/meebuzo/github/alternate-framework/apps/ecosystem/meeovi-frontend/node_modules/@sentry/core/build/esm/instrument/console.js?v=cfee6d51:42
[   30638ms] [WARNING] [Vue warn]: Avoid app logic that relies on enumerating keys on a component instance. The keys will be empty in production mode to avoid performance overhead. 
  at <VDefaultsProvider key="content-defaults" disabled=true defaults= {VIcon: Object} > 
  at <VBtn symbol= Symbol(vuetify:v-tabs) ref=Ref< undefined > class="v-tab"  ... > 
  at <VTab key=0 > 
  at <VSlideGroup centerActive=false scrollToActive=true contentClass=undefined  ... > 
  at <VTabs modelValue=null onUpdate:modelValue=fn bg-color=undefined  ... > 
  at <VCard variant="text" class="lowerBar" > 
  at <MenusLowerBar > 
  at <ClientOnly > 
  at <VApp theme="light" class="auto-text" > 
  at <VResponsive class="border rounded" > 
  at <Default ref=Ref< Proxy(Object) > > 
  at <AsyncComponentWrapper ref=Ref< Proxy(Object) > > 
  at <LayoutLoader key="default" layoutProps= {ref: RefImpl} name="default" > 
  at <NuxtLayoutProvider layoutProps= {ref: RefImpl} key="default" name="default"  ... > 
  at <NuxtLayout > 
  at <App key=4 > 
  at <NuxtRoot> @ http://localhost:3001/_nuxt/@fs/home/meebuzo/github/alternate-framework/apps/ecosystem/meeovi-frontend/node_modules/@sentry/core/build/esm/instrument/console.js?v=cfee6d51:42
[   30640ms] [WARNING] [Vue warn]: Avoid app logic that relies on enumerating keys on a component instance. The keys will be empty in production mode to avoid performance overhead. 
  at <VDefaultsProvider key="content-defaults" disabled=true defaults= {VIcon: Object} > 
  at <VBtn symbol= Symbol(vuetify:v-tabs) ref=Ref< undefined > class="v-tab"  ... > 
  at <VTab key=0 > 
  at <VSlideGroup centerActive=false scrollToActive=true contentClass=undefined  ... > 
  at <VTabs modelValue=null onUpdate:modelValue=fn bg-color=undefined  ... > 
  at <VCard variant="text" class="lowerBar" > 
  at <MenusLowerBar > 
  at <ClientOnly > 
  at <VApp theme="light" class="auto-text" > 
  at <VResponsive class="border rounded" > 
  at <Default ref=Ref< Proxy(Object) > > 
  at <AsyncComponentWrapper ref=Ref< Proxy(Object) > > 
  at <LayoutLoader key="default" layoutProps= {ref: RefImpl} name="default" > 
  at <NuxtLayoutProvider layoutProps= {ref: RefImpl} key="default" name="default"  ... > 
  at <NuxtLayout > 
  at <App key=4 > 
  at <NuxtRoot> @ http://localhost:3001/_nuxt/@fs/home/meebuzo/github/alternate-framework/apps/ecosystem/meeovi-frontend/node_modules/@sentry/core/build/esm/instrument/console.js?v=cfee6d51:42
[   30641ms] [WARNING] [Vue warn]: Avoid app logic that relies on enumerating keys on a component instance. The keys will be empty in production mode to avoid performance overhead. 
  at <VDefaultsProvider key="content-defaults" disabled=true defaults= {VIcon: Object} > 
  at <VBtn symbol= Symbol(vuetify:v-tabs) ref=Ref< undefined > class="v-tab"  ... > 
  at <VTab key=0 > 
  at <VSlideGroup centerActive=false scrollToActive=true contentClass=undefined  ... > 
  at <VTabs modelValue=null onUpdate:modelValue=fn bg-color=undefined  ... > 
  at <VCard variant="text" class="lowerBar" > 
  at <MenusLowerBar > 
  at <ClientOnly > 
  at <VApp theme="light" class="auto-text" > 
  at <VResponsive class="border rounded" > 
  at <Default ref=Ref< Proxy(Object) > > 
  at <AsyncComponentWrapper ref=Ref< Proxy(Object) > > 
  at <LayoutLoader key="default" layoutProps= {ref: RefImpl} name="default" > 
  at <NuxtLayoutProvider layoutProps= {ref: RefImpl} key="default" name="default"  ... > 
  at <NuxtLayout > 
  at <App key=4 > 
  at <NuxtRoot> @ http://localhost:3001/_nuxt/@fs/home/meebuzo/github/alternate-framework/apps/ecosystem/meeovi-frontend/node_modules/@sentry/core/build/esm/instrument/console.js?v=cfee6d51:42
[   30642ms] [WARNING] [Vue warn]: Avoid app logic that relies on enumerating keys on a component instance. The keys will be empty in production mode to avoid performance overhead. 
  at <VDefaultsProvider key="content-defaults" disabled=true defaults= {VIcon: Object} > 
  at <VBtn symbol= Symbol(vuetify:v-tabs) ref=Ref< undefined > class="v-tab"  ... > 
  at <VTab key=0 > 
  at <VSlideGroup centerActive=false scrollToActive=true contentClass=undefined  ... > 
  at <VTabs modelValue=null onUpdate:modelValue=fn bg-color=undefined  ... > 
  at <VCard variant="text" class="lowerBar" > 
  at <MenusLowerBar > 
  at <ClientOnly > 
  at <VApp theme="light" class="auto-text" > 
  at <VResponsive class="border rounded" > 
  at <Default ref=Ref< Proxy(Object) > > 
  at <AsyncComponentWrapper ref=Ref< Proxy(Object) > > 
  at <LayoutLoader key="default" layoutProps= {ref: RefImpl} name="default" > 
  at <NuxtLayoutProvider layoutProps= {ref: RefImpl} key="default" name="default"  ... > 
  at <NuxtLayout > 
  at <App key=4 > 
  at <NuxtRoot> @ http://localhost:3001/_nuxt/@fs/home/meebuzo/github/alternate-framework/apps/ecosystem/meeovi-frontend/node_modules/@sentry/core/build/esm/instrument/console.js?v=cfee6d51:42
[   30643ms] [WARNING] [Vue warn]: Avoid app logic that relies on enumerating keys on a component instance. The keys will be empty in production mode to avoid performance overhead. 
  at <VDefaultsProvider key="content-defaults" disabled=true defaults= {VIcon: Object} > 
  at <VBtn symbol= Symbol(vuetify:v-tabs) ref=Ref< undefined > class="v-tab"  ... > 
  at <VTab key=0 > 
  at <VSlideGroup centerActive=false scrollToActive=true contentClass=undefined  ... > 
  at <VTabs modelValue=null onUpdate:modelValue=fn bg-color=undefined  ... > 
  at <VCard variant="text" class="lowerBar" > 
  at <MenusLowerBar > 
  at <ClientOnly > 
  at <VApp theme="light" class="auto-text" > 
  at <VResponsive class="border rounded" > 
  at <Default ref=Ref< Proxy(Object) > > 
  at <AsyncComponentWrapper ref=Ref< Proxy(Object) > > 
  at <LayoutLoader key="default" layoutProps= {ref: RefImpl} name="default" > 
  at <NuxtLayoutProvider layoutProps= {ref: RefImpl} key="default" name="default"  ... > 
  at <NuxtLayout > 
  at <App key=4 > 
  at <NuxtRoot> @ http://localhost:3001/_nuxt/@fs/home/meebuzo/github/alternate-framework/apps/ecosystem/meeovi-frontend/node_modules/@sentry/core/build/esm/instrument/console.js?v=cfee6d51:42
[   30645ms] [WARNING] [Vue warn]: Avoid app logic that relies on enumerating keys on a component instance. The keys will be empty in production mode to avoid performance overhead. 
  at <VDefaultsProvider key="content-defaults" disabled=true defaults= {VIcon: Object} > 
  at <VBtn symbol= Symbol(vuetify:v-tabs) ref=Ref< undefined > class="v-tab"  ... > 
  at <VTab key=0 > 
  at <VSlideGroup centerActive=false scrollToActive=true contentClass=undefined  ... > 
  at <VTabs modelValue=null onUpdate:modelValue=fn bg-color=undefined  ... > 
  at <VCard variant="text" class="lowerBar" > 
  at <MenusLowerBar > 
  at <ClientOnly > 
  at <VApp theme="light" class="auto-text" > 
  at <VResponsive class="border rounded" > 
  at <Default ref=Ref< Proxy(Object) > > 
  at <AsyncComponentWrapper ref=Ref< Proxy(Object) > > 
  at <LayoutLoader key="default" layoutProps= {ref: RefImpl} name="default" > 
  at <NuxtLayoutProvider layoutProps= {ref: RefImpl} key="default" name="default"  ... > 
  at <NuxtLayout > 
  at <App key=4 > 
  at <NuxtRoot> @ http://localhost:3001/_nuxt/@fs/home/meebuzo/github/alternate-framework/apps/ecosystem/meeovi-frontend/node_modules/@sentry/core/build/esm/instrument/console.js?v=cfee6d51:42
[   30646ms] [WARNING] [Vue warn]: Avoid app logic that relies on enumerating keys on a component instance. The keys will be empty in production mode to avoid performance overhead. 
  at <VDefaultsProvider key="content-defaults" disabled=true defaults= {VIcon: Object} > 
  at <VBtn symbol= Symbol(vuetify:v-tabs) ref=Ref< undefined > class="v-tab"  ... > 
  at <VTab key=0 > 
  at <VSlideGroup centerActive=false scrollToActive=true contentClass=undefined  ... > 
  at <VTabs modelValue=null onUpdate:modelValue=fn bg-color=undefined  ... > 
  at <VCard variant="text" class="lowerBar" > 
  at <MenusLowerBar > 
  at <ClientOnly > 
  at <VApp theme="light" class="auto-text" > 
  at <VResponsive class="border rounded" > 
  at <Default ref=Ref< Proxy(Object) > > 
  at <AsyncComponentWrapper ref=Ref< Proxy(Object) > > 
  at <LayoutLoader key="default" layoutProps= {ref: RefImpl} name="default" > 
  at <NuxtLayoutProvider layoutProps= {ref: RefImpl} key="default" name="default"  ... > 
  at <NuxtLayout > 
  at <App key=4 > 
  at <NuxtRoot> @ http://localhost:3001/_nuxt/@fs/home/meebuzo/github/alternate-framework/apps/ecosystem/meeovi-frontend/node_modules/@sentry/core/build/esm/instrument/console.js?v=cfee6d51:42
[   30647ms] [WARNING] [Vue warn]: Avoid app logic that relies on enumerating keys on a component instance. The keys will be empty in production mode to avoid performance overhead. 
  at <VDefaultsProvider key="content-defaults" disabled=true defaults= {VIcon: Object} > 
  at <VBtn symbol= Symbol(vuetify:v-tabs) ref=Ref< undefined > class="v-tab"  ... > 
  at <VTab key=0 > 
  at <VSlideGroup centerActive=false scrollToActive=true contentClass=undefined  ... > 
  at <VTabs modelValue=null onUpdate:modelValue=fn bg-color=undefined  ... > 
  at <VCard variant="text" class="lowerBar" > 
  at <MenusLowerBar > 
  at <ClientOnly > 
  at <VApp theme="light" class="auto-text" > 
  at <VResponsive class="border rounded" > 
  at <Default ref=Ref< Proxy(Object) > > 
  at <AsyncComponentWrapper ref=Ref< Proxy(Object) > > 
  at <LayoutLoader key="default" layoutProps= {ref: RefImpl} name="default" > 
  at <NuxtLayoutProvider layoutProps= {ref: RefImpl} key="default" name="default"  ... > 
  at <NuxtLayout > 
  at <App key=4 > 
  at <NuxtRoot> @ http://localhost:3001/_nuxt/@fs/home/meebuzo/github/alternate-framework/apps/ecosystem/meeovi-frontend/node_modules/@sentry/core/build/esm/instrument/console.js?v=cfee6d51:42
[   30648ms] [WARNING] [Vue warn]: Avoid app logic that relies on enumerating keys on a component instance. The keys will be empty in production mode to avoid performance overhead. 
  at <VDefaultsProvider key="content-defaults" disabled=true defaults= {VIcon: Object} > 
  at <VBtn symbol= Symbol(vuetify:v-tabs) ref=Ref< undefined > class="v-tab"  ... > 
  at <VTab key=0 > 
  at <VSlideGroup centerActive=false scrollToActive=true contentClass=undefined  ... > 
  at <VTabs modelValue=null onUpdate:modelValue=fn bg-color=undefined  ... > 
  at <VCard variant="text" class="lowerBar" > 
  at <MenusLowerBar > 
  at <ClientOnly > 
  at <VApp theme="light" class="auto-text" > 
  at <VResponsive class="border rounded" > 
  at <Default ref=Ref< Proxy(Object) > > 
  at <AsyncComponentWrapper ref=Ref< Proxy(Object) > > 
  at <LayoutLoader key="default" layoutProps= {ref: RefImpl} name="default" > 
  at <NuxtLayoutProvider layoutProps= {ref: RefImpl} key="default" name="default"  ... > 
  at <NuxtLayout > 
  at <App key=4 > 
  at <NuxtRoot> @ http://localhost:3001/_nuxt/@fs/home/meebuzo/github/alternate-framework/apps/ecosystem/meeovi-frontend/node_modules/@sentry/core/build/esm/instrument/console.js?v=cfee6d51:42
[   30649ms] [WARNING] [Vue warn]: Avoid app logic that relies on enumerating keys on a component instance. The keys will be empty in production mode to avoid performance overhead. 
  at <VDefaultsProvider key="content-defaults" disabled=true defaults= {VIcon: Object} > 
  at <VBtn symbol= Symbol(vuetify:v-tabs) ref=Ref< undefined > class="v-tab"  ... > 
  at <VTab key=0 > 
  at <VSlideGroup centerActive=false scrollToActive=true contentClass=undefined  ... > 
  at <VTabs modelValue=null onUpdate:modelValue=fn bg-color=undefined  ... > 
  at <VCard variant="text" class="lowerBar" > 
  at <MenusLowerBar > 
  at <ClientOnly > 
  at <VApp theme="light" class="auto-text" > 
  at <VResponsive class="border rounded" > 
  at <Default ref=Ref< Proxy(Object) > > 
  at <AsyncComponentWrapper ref=Ref< Proxy(Object) > > 
  at <LayoutLoader key="default" layoutProps= {ref: RefImpl} name="default" > 
  at <NuxtLayoutProvider layoutProps= {ref: RefImpl} key="default" name="default"  ... > 
  at <NuxtLayout > 
  at <App key=4 > 
  at <NuxtRoot> @ http://localhost:3001/_nuxt/@fs/home/meebuzo/github/alternate-framework/apps/ecosystem/meeovi-frontend/node_modules/@sentry/core/build/esm/instrument/console.js?v=cfee6d51:42
[   30650ms] [WARNING] [Vue warn]: Avoid app logic that relies on enumerating keys on a component instance. The keys will be empty in production mode to avoid performance overhead. 
  at <VDefaultsProvider key="content-defaults" disabled=true defaults= {VIcon: Object} > 
  at <VBtn symbol= Symbol(vuetify:v-tabs) ref=Ref< undefined > class="v-tab"  ... > 
  at <VTab key=0 > 
  at <VSlideGroup centerActive=false scrollToActive=true contentClass=undefined  ... > 
  at <VTabs modelValue=null onUpdate:modelValue=fn bg-color=undefined  ... > 
  at <VCard variant="text" class="lowerBar" > 
  at <MenusLowerBar > 
  at <ClientOnly > 
  at <VApp theme="light" class="auto-text" > 
  at <VResponsive class="border rounded" > 
  at <Default ref=Ref< Proxy(Object) > > 
  at <AsyncComponentWrapper ref=Ref< Proxy(Object) > > 
  at <LayoutLoader key="default" layoutProps= {ref: RefImpl} name="default" > 
  at <NuxtLayoutProvider layoutProps= {ref: RefImpl} key="default" name="default"  ... > 
  at <NuxtLayout > 
  at <App key=4 > 
  at <NuxtRoot> @ http://localhost:3001/_nuxt/@fs/home/meebuzo/github/alternate-framework/apps/ecosystem/meeovi-frontend/node_modules/@sentry/core/build/esm/instrument/console.js?v=cfee6d51:42
[   30651ms] [WARNING] [Vue warn]: Avoid app logic that relies on enumerating keys on a component instance. The keys will be empty in production mode to avoid performance overhead. 
  at <VDefaultsProvider key="content-defaults" disabled=true defaults= {VIcon: Object} > 
  at <VBtn symbol= Symbol(vuetify:v-tabs) ref=Ref< undefined > class="v-tab"  ... > 
  at <VTab key=0 > 
  at <VSlideGroup centerActive=false scrollToActive=true contentClass=undefined  ... > 
  at <VTabs modelValue=null onUpdate:modelValue=fn bg-color=undefined  ... > 
  at <VCard variant="text" class="lowerBar" > 
  at <MenusLowerBar > 
  at <ClientOnly > 
  at <VApp theme="light" class="auto-text" > 
  at <VResponsive class="border rounded" > 
  at <Default ref=Ref< Proxy(Object) > > 
  at <AsyncComponentWrapper ref=Ref< Proxy(Object) > > 
  at <LayoutLoader key="default" layoutProps= {ref: RefImpl} name="default" > 
  at <NuxtLayoutProvider layoutProps= {ref: RefImpl} key="default" name="default"  ... > 
  at <NuxtLayout > 
  at <App key=4 > 
  at <NuxtRoot> @ http://localhost:3001/_nuxt/@fs/home/meebuzo/github/alternate-framework/apps/ecosystem/meeovi-frontend/node_modules/@sentry/core/build/esm/instrument/console.js?v=cfee6d51:42
[   30653ms] [WARNING] [Vue warn]: Avoid app logic that relies on enumerating keys on a component instance. The keys will be empty in production mode to avoid performance overhead. 
  at <VDefaultsProvider key="content-defaults" disabled=true defaults= {VIcon: Object} > 
  at <VBtn symbol= Symbol(vuetify:v-tabs) ref=Ref< undefined > class="v-tab"  ... > 
  at <VTab key=0 > 
  at <VSlideGroup centerActive=false scrollToActive=true contentClass=undefined  ... > 
  at <VTabs modelValue=null onUpdate:modelValue=fn bg-color=undefined  ... > 
  at <VCard variant="text" class="lowerBar" > 
  at <MenusLowerBar > 
  at <ClientOnly > 
  at <VApp theme="light" class="auto-text" > 
  at <VResponsive class="border rounded" > 
  at <Default ref=Ref< Proxy(Object) > > 
  at <AsyncComponentWrapper ref=Ref< Proxy(Object) > > 
  at <LayoutLoader key="default" layoutProps= {ref: RefImpl} name="default" > 
  at <NuxtLayoutProvider layoutProps= {ref: RefImpl} key="default" name="default"  ... > 
  at <NuxtLayout > 
  at <App key=4 > 
  at <NuxtRoot> @ http://localhost:3001/_nuxt/@fs/home/meebuzo/github/alternate-framework/apps/ecosystem/meeovi-frontend/node_modules/@sentry/core/build/esm/instrument/console.js?v=cfee6d51:42
[   30654ms] [WARNING] [Vue warn]: Avoid app logic that relies on enumerating keys on a component instance. The keys will be empty in production mode to avoid performance overhead. 
  at <VDefaultsProvider key="content-defaults" disabled=true defaults= {VIcon: Object} > 
  at <VBtn symbol= Symbol(vuetify:v-tabs) ref=Ref< undefined > class="v-tab"  ... > 
  at <VTab key=0 > 
  at <VSlideGroup centerActive=false scrollToActive=true contentClass=undefined  ... > 
  at <VTabs modelValue=null onUpdate:modelValue=fn bg-color=undefined  ... > 
  at <VCard variant="text" class="lowerBar" > 
  at <MenusLowerBar > 
  at <ClientOnly > 
  at <VApp theme="light" class="auto-text" > 
  at <VResponsive class="border rounded" > 
  at <Default ref=Ref< Proxy(Object) > > 
  at <AsyncComponentWrapper ref=Ref< Proxy(Object) > > 
  at <LayoutLoader key="default" layoutProps= {ref: RefImpl} name="default" > 
  at <NuxtLayoutProvider layoutProps= {ref: RefImpl} key="default" name="default"  ... > 
  at <NuxtLayout > 
  at <App key=4 > 
  at <NuxtRoot> @ http://localhost:3001/_nuxt/@fs/home/meebuzo/github/alternate-framework/apps/ecosystem/meeovi-frontend/node_modules/@sentry/core/build/esm/instrument/console.js?v=cfee6d51:42
[   30655ms] [WARNING] [Vue warn]: Avoid app logic that relies on enumerating keys on a component instance. The keys will be empty in production mode to avoid performance overhead. 
  at <VDefaultsProvider key="content-defaults" disabled=true defaults= {VIcon: Object} > 
  at <VBtn symbol= Symbol(vuetify:v-tabs) ref=Ref< undefined > class="v-tab"  ... > 
  at <VTab key=0 > 
  at <VSlideGroup centerActive=false scrollToActive=true contentClass=undefined  ... > 
  at <VTabs modelValue=null onUpdate:modelValue=fn bg-color=undefined  ... > 
  at <VCard variant="text" class="lowerBar" > 
  at <MenusLowerBar > 
  at <ClientOnly > 
  at <VApp theme="light" class="auto-text" > 
  at <VResponsive class="border rounded" > 
  at <Default ref=Ref< Proxy(Object) > > 
  at <AsyncComponentWrapper ref=Ref< Proxy(Object) > > 
  at <LayoutLoader key="default" layoutProps= {ref: RefImpl} name="default" > 
  at <NuxtLayoutProvider layoutProps= {ref: RefImpl} key="default" name="default"  ... > 
  at <NuxtLayout > 
  at <App key=4 > 
  at <NuxtRoot> @ http://localhost:3001/_nuxt/@fs/home/meebuzo/github/alternate-framework/apps/ecosystem/meeovi-frontend/node_modules/@sentry/core/build/esm/instrument/console.js?v=cfee6d51:42
[   30658ms] [WARNING] [Vue warn]: Avoid app logic that relies on enumerating keys on a component instance. The keys will be empty in production mode to avoid performance overhead. 
  at <VDefaultsProvider key="content-defaults" disabled=true defaults= {VIcon: Object} > 
  at <VBtn symbol= Symbol(vuetify:v-tabs) ref=Ref< undefined > class="v-tab"  ... > 
  at <VTab key=0 > 
  at <VSlideGroup centerActive=false scrollToActive=true contentClass=undefined  ... > 
  at <VTabs modelValue=null onUpdate:modelValue=fn bg-color=undefined  ... > 
  at <VCard variant="text" class="lowerBar" > 
  at <MenusLowerBar > 
  at <ClientOnly > 
  at <VApp theme="light" class="auto-text" > 
  at <VResponsive class="border rounded" > 
  at <Default ref=Ref< Proxy(Object) > > 
  at <AsyncComponentWrapper ref=Ref< Proxy(Object) > > 
  at <LayoutLoader key="default" layoutProps= {ref: RefImpl} name="default" > 
  at <NuxtLayoutProvider layoutProps= {ref: RefImpl} key="default" name="default"  ... > 
  at <NuxtLayout > 
  at <App key=4 > 
  at <NuxtRoot> @ http://localhost:3001/_nuxt/@fs/home/meebuzo/github/alternate-framework/apps/ecosystem/meeovi-frontend/node_modules/@sentry/core/build/esm/instrument/console.js?v=cfee6d51:42
[   30659ms] [WARNING] [Vue warn]: Avoid app logic that relies on enumerating keys on a component instance. The keys will be empty in production mode to avoid performance overhead. 
  at <VDefaultsProvider key="content-defaults" disabled=true defaults= {VIcon: Object} > 
  at <VBtn symbol= Symbol(vuetify:v-tabs) ref=Ref< undefined > class="v-tab"  ... > 
  at <VTab key=0 > 
  at <VSlideGroup centerActive=false scrollToActive=true contentClass=undefined  ... > 
  at <VTabs modelValue=null onUpdate:modelValue=fn bg-color=undefined  ... > 
  at <VCard variant="text" class="lowerBar" > 
  at <MenusLowerBar > 
  at <ClientOnly > 
  at <VApp theme="light" class="auto-text" > 
  at <VResponsive class="border rounded" > 
  at <Default ref=Ref< Proxy(Object) > > 
  at <AsyncComponentWrapper ref=Ref< Proxy(Object) > > 
  at <LayoutLoader key="default" layoutProps= {ref: RefImpl} name="default" > 
  at <NuxtLayoutProvider layoutProps= {ref: RefImpl} key="default" name="default"  ... > 
  at <NuxtLayout > 
  at <App key=4 > 
  at <NuxtRoot> @ http://localhost:3001/_nuxt/@fs/home/meebuzo/github/alternate-framework/apps/ecosystem/meeovi-frontend/node_modules/@sentry/core/build/esm/instrument/console.js?v=cfee6d51:42
[   30660ms] [WARNING] [Vue warn]: Avoid app logic that relies on enumerating keys on a component instance. The keys will be empty in production mode to avoid performance overhead. 
  at <VDefaultsProvider key="content-defaults" disabled=true defaults= {VIcon: Object} > 
  at <VBtn symbol= Symbol(vuetify:v-tabs) ref=Ref< undefined > class="v-tab"  ... > 
  at <VTab key=0 > 
  at <VSlideGroup centerActive=false scrollToActive=true contentClass=undefined  ... > 
  at <VTabs modelValue=null onUpdate:modelValue=fn bg-color=undefined  ... > 
  at <VCard variant="text" class="lowerBar" > 
  at <MenusLowerBar > 
  at <ClientOnly > 
  at <VApp theme="light" class="auto-text" > 
  at <VResponsive class="border rounded" > 
  at <Default ref=Ref< Proxy(Object) > > 
  at <AsyncComponentWrapper ref=Ref< Proxy(Object) > > 
  at <LayoutLoader key="default" layoutProps= {ref: RefImpl} name="default" > 
  at <NuxtLayoutProvider layoutProps= {ref: RefImpl} key="default" name="default"  ... > 
  at <NuxtLayout > 
  at <App key=4 > 
  at <NuxtRoot> @ http://localhost:3001/_nuxt/@fs/home/meebuzo/github/alternate-framework/apps/ecosystem/meeovi-frontend/node_modules/@sentry/core/build/esm/instrument/console.js?v=cfee6d51:42
[   30661ms] [WARNING] [Vue warn]: Avoid app logic that relies on enumerating keys on a component instance. The keys will be empty in production mode to avoid performance overhead. 
  at <VDefaultsProvider key="content-defaults" disabled=true defaults= {VIcon: Object} > 
  at <VBtn symbol= Symbol(vuetify:v-tabs) ref=Ref< undefined > class="v-tab"  ... > 
  at <VTab key=0 > 
  at <VSlideGroup centerActive=false scrollToActive=true contentClass=undefined  ... > 
  at <VTabs modelValue=null onUpdate:modelValue=fn bg-color=undefined  ... > 
  at <VCard variant="text" class="lowerBar" > 
  at <MenusLowerBar > 
  at <ClientOnly > 
  at <VApp theme="light" class="auto-text" > 
  at <VResponsive class="border rounded" > 
  at <Default ref=Ref< Proxy(Object) > > 
  at <AsyncComponentWrapper ref=Ref< Proxy(Object) > > 
  at <LayoutLoader key="default" layoutProps= {ref: RefImpl} name="default" > 
  at <NuxtLayoutProvider layoutProps= {ref: RefImpl} key="default" name="default"  ... > 
  at <NuxtLayout > 
  at <App key=4 > 
  at <NuxtRoot> @ http://localhost:3001/_nuxt/@fs/home/meebuzo/github/alternate-framework/apps/ecosystem/meeovi-frontend/node_modules/@sentry/core/build/esm/instrument/console.js?v=cfee6d51:42
[   30662ms] [WARNING] [Vue warn]: Avoid app logic that relies on enumerating keys on a component instance. The keys will be empty in production mode to avoid performance overhead. 
  at <VDefaultsProvider key="content-defaults" disabled=true defaults= {VIcon: Object} > 
  at <VBtn symbol= Symbol(vuetify:v-tabs) ref=Ref< undefined > class="v-tab"  ... > 
  at <VTab key=0 > 
  at <VSlideGroup centerActive=false scrollToActive=true contentClass=undefined  ... > 
  at <VTabs modelValue=null onUpdate:modelValue=fn bg-color=undefined  ... > 
  at <VCard variant="text" class="lowerBar" > 
  at <MenusLowerBar > 
  at <ClientOnly > 
  at <VApp theme="light" class="auto-text" > 
  at <VResponsive class="border rounded" > 
  at <Default ref=Ref< Proxy(Object) > > 
  at <AsyncComponentWrapper ref=Ref< Proxy(Object) > > 
  at <LayoutLoader key="default" layoutProps= {ref: RefImpl} name="default" > 
  at <NuxtLayoutProvider layoutProps= {ref: RefImpl} key="default" name="default"  ... > 
  at <NuxtLayout > 
  at <App key=4 > 
  at <NuxtRoot> @ http://localhost:3001/_nuxt/@fs/home/meebuzo/github/alternate-framework/apps/ecosystem/meeovi-frontend/node_modules/@sentry/core/build/esm/instrument/console.js?v=cfee6d51:42
[   30663ms] [WARNING] [Vue warn]: Avoid app logic that relies on enumerating keys on a component instance. The keys will be empty in production mode to avoid performance overhead. 
  at <VDefaultsProvider key="content-defaults" disabled=true defaults= {VIcon: Object} > 
  at <VBtn symbol= Symbol(vuetify:v-tabs) ref=Ref< undefined > class="v-tab"  ... > 
  at <VTab key=0 > 
  at <VSlideGroup centerActive=false scrollToActive=true contentClass=undefined  ... > 
  at <VTabs modelValue=null onUpdate:modelValue=fn bg-color=undefined  ... > 
  at <VCard variant="text" class="lowerBar" > 
  at <MenusLowerBar > 
  at <ClientOnly > 
  at <VApp theme="light" class="auto-text" > 
  at <VResponsive class="border rounded" > 
  at <Default ref=Ref< Proxy(Object) > > 
  at <AsyncComponentWrapper ref=Ref< Proxy(Object) > > 
  at <LayoutLoader key="default" layoutProps= {ref: RefImpl} name="default" > 
  at <NuxtLayoutProvider layoutProps= {ref: RefImpl} key="default" name="default"  ... > 
  at <NuxtLayout > 
  at <App key=4 > 
  at <NuxtRoot> @ http://localhost:3001/_nuxt/@fs/home/meebuzo/github/alternate-framework/apps/ecosystem/meeovi-frontend/node_modules/@sentry/core/build/esm/instrument/console.js?v=cfee6d51:42
[   30664ms] [WARNING] [Vue warn]: Avoid app logic that relies on enumerating keys on a component instance. The keys will be empty in production mode to avoid performance overhead. 
  at <VDefaultsProvider key="content-defaults" disabled=true defaults= {VIcon: Object} > 
  at <VBtn symbol= Symbol(vuetify:v-tabs) ref=Ref< undefined > class="v-tab"  ... > 
  at <VTab key=0 > 
  at <VSlideGroup centerActive=false scrollToActive=true contentClass=undefined  ... > 
  at <VTabs modelValue=null onUpdate:modelValue=fn bg-color=undefined  ... > 
  at <VCard variant="text" class="lowerBar" > 
  at <MenusLowerBar > 
  at <ClientOnly > 
  at <VApp theme="light" class="auto-text" > 
  at <VResponsive class="border rounded" > 
  at <Default ref=Ref< Proxy(Object) > > 
  at <AsyncComponentWrapper ref=Ref< Proxy(Object) > > 
  at <LayoutLoader key="default" layoutProps= {ref: RefImpl} name="default" > 
  at <NuxtLayoutProvider layoutProps= {ref: RefImpl} key="default" name="default"  ... > 
  at <NuxtLayout > 
  at <App key=4 > 
  at <NuxtRoot> @ http://localhost:3001/_nuxt/@fs/home/meebuzo/github/alternate-framework/apps/ecosystem/meeovi-frontend/node_modules/@sentry/core/build/esm/instrument/console.js?v=cfee6d51:42
[   30665ms] [WARNING] [Vue warn]: Avoid app logic that relies on enumerating keys on a component instance. The keys will be empty in production mode to avoid performance overhead. 
  at <VDefaultsProvider key="content-defaults" disabled=true defaults= {VIcon: Object} > 
  at <VBtn symbol= Symbol(vuetify:v-tabs) ref=Ref< undefined > class="v-tab"  ... > 
  at <VTab key=0 > 
  at <VSlideGroup centerActive=false scrollToActive=true contentClass=undefined  ... > 
  at <VTabs modelValue=null onUpdate:modelValue=fn bg-color=undefined  ... > 
  at <VCard variant="text" class="lowerBar" > 
  at <MenusLowerBar > 
  at <ClientOnly > 
  at <VApp theme="light" class="auto-text" > 
  at <VResponsive class="border rounded" > 
  at <Default ref=Ref< Proxy(Object) > > 
  at <AsyncComponentWrapper ref=Ref< Proxy(Object) > > 
  at <LayoutLoader key="default" layoutProps= {ref: RefImpl} name="default" > 
  at <NuxtLayoutProvider layoutProps= {ref: RefImpl} key="default" name="default"  ... > 
  at <NuxtLayout > 
  at <App key=4 > 
  at <NuxtRoot> @ http://localhost:3001/_nuxt/@fs/home/meebuzo/github/alternate-framework/apps/ecosystem/meeovi-frontend/node_modules/@sentry/core/build/esm/instrument/console.js?v=cfee6d51:42
[   30666ms] [WARNING] [Vue warn]: Avoid app logic that relies on enumerating keys on a component instance. The keys will be empty in production mode to avoid performance overhead. 
  at <VDefaultsProvider key="content-defaults" disabled=true defaults= {VIcon: Object} > 
  at <VBtn symbol= Symbol(vuetify:v-tabs) ref=Ref< undefined > class="v-tab"  ... > 
  at <VTab key=0 > 
  at <VSlideGroup centerActive=false scrollToActive=true contentClass=undefined  ... > 
  at <VTabs modelValue=null onUpdate:modelValue=fn bg-color=undefined  ... > 
  at <VCard variant="text" class="lowerBar" > 
  at <MenusLowerBar > 
  at <ClientOnly > 
  at <VApp theme="light" class="auto-text" > 
  at <VResponsive class="border rounded" > 
  at <Default ref=Ref< Proxy(Object) > > 
  at <AsyncComponentWrapper ref=Ref< Proxy(Object) > > 
  at <LayoutLoader key="default" layoutProps= {ref: RefImpl} name="default" > 
  at <NuxtLayoutProvider layoutProps= {ref: RefImpl} key="default" name="default"  ... > 
  at <NuxtLayout > 
  at <App key=4 > 
  at <NuxtRoot> @ http://localhost:3001/_nuxt/@fs/home/meebuzo/github/alternate-framework/apps/ecosystem/meeovi-frontend/node_modules/@sentry/core/build/esm/instrument/console.js?v=cfee6d51:42
[   30668ms] [WARNING] [Vue warn]: Avoid app logic that relies on enumerating keys on a component instance. The keys will be empty in production mode to avoid performance overhead. 
  at <VDefaultsProvider key="content-defaults" disabled=true defaults= {VIcon: Object} > 
  at <VBtn symbol= Symbol(vuetify:v-tabs) ref=Ref< undefined > class="v-tab"  ... > 
  at <VTab key=0 > 
  at <VSlideGroup centerActive=false scrollToActive=true contentClass=undefined  ... > 
  at <VTabs modelValue=null onUpdate:modelValue=fn bg-color=undefined  ... > 
  at <VCard variant="text" class="lowerBar" > 
  at <MenusLowerBar > 
  at <ClientOnly > 
  at <VApp theme="light" class="auto-text" > 
  at <VResponsive class="border rounded" > 
  at <Default ref=Ref< Proxy(Object) > > 
  at <AsyncComponentWrapper ref=Ref< Proxy(Object) > > 
  at <LayoutLoader key="default" layoutProps= {ref: RefImpl} name="default" > 
  at <NuxtLayoutProvider layoutProps= {ref: RefImpl} key="default" name="default"  ... > 
  at <NuxtLayout > 
  at <App key=4 > 
  at <NuxtRoot> @ http://localhost:3001/_nuxt/@fs/home/meebuzo/github/alternate-framework/apps/ecosystem/meeovi-frontend/node_modules/@sentry/core/build/esm/instrument/console.js?v=cfee6d51:42
[   30670ms] [WARNING] [Vue warn]: Avoid app logic that relies on enumerating keys on a component instance. The keys will be empty in production mode to avoid performance overhead. 
  at <VDefaultsProvider key="content-defaults" disabled=true defaults= {VIcon: Object} > 
  at <VBtn symbol= Symbol(vuetify:v-tabs) ref=Ref< undefined > class="v-tab"  ... > 
  at <VTab key=0 > 
  at <VSlideGroup centerActive=false scrollToActive=true contentClass=undefined  ... > 
  at <VTabs modelValue=null onUpdate:modelValue=fn bg-color=undefined  ... > 
  at <VCard variant="text" class="lowerBar" > 
  at <MenusLowerBar > 
  at <ClientOnly > 
  at <VApp theme="light" class="auto-text" > 
  at <VResponsive class="border rounded" > 
  at <Default ref=Ref< Proxy(Object) > > 
  at <AsyncComponentWrapper ref=Ref< Proxy(Object) > > 
  at <LayoutLoader key="default" layoutProps= {ref: RefImpl} name="default" > 
  at <NuxtLayoutProvider layoutProps= {ref: RefImpl} key="default" name="default"  ... > 
  at <NuxtLayout > 
  at <App key=4 > 
  at <NuxtRoot> @ http://localhost:3001/_nuxt/@fs/home/meebuzo/github/alternate-framework/apps/ecosystem/meeovi-frontend/node_modules/@sentry/core/build/esm/instrument/console.js?v=cfee6d51:42
[   30671ms] [WARNING] [Vue warn]: Avoid app logic that relies on enumerating keys on a component instance. The keys will be empty in production mode to avoid performance overhead. 
  at <VDefaultsProvider key="content-defaults" disabled=true defaults= {VIcon: Object} > 
  at <VBtn symbol= Symbol(vuetify:v-tabs) ref=Ref< undefined > class="v-tab"  ... > 
  at <VTab key=0 > 
  at <VSlideGroup centerActive=false scrollToActive=true contentClass=undefined  ... > 
  at <VTabs modelValue=null onUpdate:modelValue=fn bg-color=undefined  ... > 
  at <VCard variant="text" class="lowerBar" > 
  at <MenusLowerBar > 
  at <ClientOnly > 
  at <VApp theme="light" class="auto-text" > 
  at <VResponsive class="border rounded" > 
  at <Default ref=Ref< Proxy(Object) > > 
  at <AsyncComponentWrapper ref=Ref< Proxy(Object) > > 
  at <LayoutLoader key="default" layoutProps= {ref: RefImpl} name="default" > 
  at <NuxtLayoutProvider layoutProps= {ref: RefImpl} key="default" name="default"  ... > 
  at <NuxtLayout > 
  at <App key=4 > 
  at <NuxtRoot> @ http://localhost:3001/_nuxt/@fs/home/meebuzo/github/alternate-framework/apps/ecosystem/meeovi-frontend/node_modules/@sentry/core/build/esm/instrument/console.js?v=cfee6d51:42
[   30672ms] [WARNING] [Vue warn]: Avoid app logic that relies on enumerating keys on a component instance. The keys will be empty in production mode to avoid performance overhead. 
  at <VDefaultsProvider key="content-defaults" disabled=true defaults= {VIcon: Object} > 
  at <VBtn symbol= Symbol(vuetify:v-tabs) ref=Ref< undefined > class="v-tab"  ... > 
  at <VTab key=0 > 
  at <VSlideGroup centerActive=false scrollToActive=true contentClass=undefined  ... > 
  at <VTabs modelValue=null onUpdate:modelValue=fn bg-color=undefined  ... > 
  at <VCard variant="text" class="lowerBar" > 
  at <MenusLowerBar > 
  at <ClientOnly > 
  at <VApp theme="light" class="auto-text" > 
  at <VResponsive class="border rounded" > 
  at <Default ref=Ref< Proxy(Object) > > 
  at <AsyncComponentWrapper ref=Ref< Proxy(Object) > > 
  at <LayoutLoader key="default" layoutProps= {ref: RefImpl} name="default" > 
  at <NuxtLayoutProvider layoutProps= {ref: RefImpl} key="default" name="default"  ... > 
  at <NuxtLayout > 
  at <App key=4 > 
  at <NuxtRoot> @ http://localhost:3001/_nuxt/@fs/home/meebuzo/github/alternate-framework/apps/ecosystem/meeovi-frontend/node_modules/@sentry/core/build/esm/instrument/console.js?v=cfee6d51:42
[   30673ms] [WARNING] [Vue warn]: Avoid app logic that relies on enumerating keys on a component instance. The keys will be empty in production mode to avoid performance overhead. 
  at <VDefaultsProvider key="content-defaults" disabled=true defaults= {VIcon: Object} > 
  at <VBtn symbol= Symbol(vuetify:v-tabs) ref=Ref< undefined > class="v-tab"  ... > 
  at <VTab key=0 > 
  at <VSlideGroup centerActive=false scrollToActive=true contentClass=undefined  ... > 
  at <VTabs modelValue=null onUpdate:modelValue=fn bg-color=undefined  ... > 
  at <VCard variant="text" class="lowerBar" > 
  at <MenusLowerBar > 
  at <ClientOnly > 
  at <VApp theme="light" class="auto-text" > 
  at <VResponsive class="border rounded" > 
  at <Default ref=Ref< Proxy(Object) > > 
  at <AsyncComponentWrapper ref=Ref< Proxy(Object) > > 
  at <LayoutLoader key="default" layoutProps= {ref: RefImpl} name="default" > 
  at <NuxtLayoutProvider layoutProps= {ref: RefImpl} key="default" name="default"  ... > 
  at <NuxtLayout > 
  at <App key=4 > 
  at <NuxtRoot> @ http://localhost:3001/_nuxt/@fs/home/meebuzo/github/alternate-framework/apps/ecosystem/meeovi-frontend/node_modules/@sentry/core/build/esm/instrument/console.js?v=cfee6d51:42
[   30674ms] [WARNING] [Vue warn]: Avoid app logic that relies on enumerating keys on a component instance. The keys will be empty in production mode to avoid performance overhead. 
  at <VDefaultsProvider key="content-defaults" disabled=true defaults= {VIcon: Object} > 
  at <VBtn symbol= Symbol(vuetify:v-tabs) ref=Ref< undefined > class="v-tab"  ... > 
  at <VTab key=0 > 
  at <VSlideGroup centerActive=false scrollToActive=true contentClass=undefined  ... > 
  at <VTabs modelValue=null onUpdate:modelValue=fn bg-color=undefined  ... > 
  at <VCard variant="text" class="lowerBar" > 
  at <MenusLowerBar > 
  at <ClientOnly > 
  at <VApp theme="light" class="auto-text" > 
  at <VResponsive class="border rounded" > 
  at <Default ref=Ref< Proxy(Object) > > 
  at <AsyncComponentWrapper ref=Ref< Proxy(Object) > > 
  at <LayoutLoader key="default" layoutProps= {ref: RefImpl} name="default" > 
  at <NuxtLayoutProvider layoutProps= {ref: RefImpl} key="default" name="default"  ... > 
  at <NuxtLayout > 
  at <App key=4 > 
  at <NuxtRoot> @ http://localhost:3001/_nuxt/@fs/home/meebuzo/github/alternate-framework/apps/ecosystem/meeovi-frontend/node_modules/@sentry/core/build/esm/instrument/console.js?v=cfee6d51:42
[   30675ms] [WARNING] [Vue warn]: Avoid app logic that relies on enumerating keys on a component instance. The keys will be empty in production mode to avoid performance overhead. 
  at <VDefaultsProvider key="content-defaults" disabled=true defaults= {VIcon: Object} > 
  at <VBtn symbol= Symbol(vuetify:v-tabs) ref=Ref< undefined > class="v-tab"  ... > 
  at <VTab key=0 > 
  at <VSlideGroup centerActive=false scrollToActive=true contentClass=undefined  ... > 
  at <VTabs modelValue=null onUpdate:modelValue=fn bg-color=undefined  ... > 
  at <VCard variant="text" class="lowerBar" > 
  at <MenusLowerBar > 
  at <ClientOnly > 
  at <VApp theme="light" class="auto-text" > 
  at <VResponsive class="border rounded" > 
  at <Default ref=Ref< Proxy(Object) > > 
  at <AsyncComponentWrapper ref=Ref< Proxy(Object) > > 
  at <LayoutLoader key="default" layoutProps= {ref: RefImpl} name="default" > 
  at <NuxtLayoutProvider layoutProps= {ref: RefImpl} key="default" name="default"  ... > 
  at <NuxtLayout > 
  at <App key=4 > 
  at <NuxtRoot> @ http://localhost:3001/_nuxt/@fs/home/meebuzo/github/alternate-framework/apps/ecosystem/meeovi-frontend/node_modules/@sentry/core/build/esm/instrument/console.js?v=cfee6d51:42
[   30676ms] [WARNING] [Vue warn]: Avoid app logic that relies on enumerating keys on a component instance. The keys will be empty in production mode to avoid performance overhead. 
  at <VDefaultsProvider key="content-defaults" disabled=true defaults= {VIcon: Object} > 
  at <VBtn symbol= Symbol(vuetify:v-tabs) ref=Ref< undefined > class="v-tab"  ... > 
  at <VTab key=0 > 
  at <VSlideGroup centerActive=false scrollToActive=true contentClass=undefined  ... > 
  at <VTabs modelValue=null onUpdate:modelValue=fn bg-color=undefined  ... > 
  at <VCard variant="text" class="lowerBar" > 
  at <MenusLowerBar > 
  at <ClientOnly > 
  at <VApp theme="light" class="auto-text" > 
  at <VResponsive class="border rounded" > 
  at <Default ref=Ref< Proxy(Object) > > 
  at <AsyncComponentWrapper ref=Ref< Proxy(Object) > > 
  at <LayoutLoader key="default" layoutProps= {ref: RefImpl} name="default" > 
  at <NuxtLayoutProvider layoutProps= {ref: RefImpl} key="default" name="default"  ... > 
  at <NuxtLayout > 
  at <App key=4 > 
  at <NuxtRoot> @ http://localhost:3001/_nuxt/@fs/home/meebuzo/github/alternate-framework/apps/ecosystem/meeovi-frontend/node_modules/@sentry/core/build/esm/instrument/console.js?v=cfee6d51:42
[   30677ms] [WARNING] [Vue warn]: Avoid app logic that relies on enumerating keys on a component instance. The keys will be empty in production mode to avoid performance overhead. 
  at <VDefaultsProvider key="content-defaults" disabled=true defaults= {VIcon: Object} > 
  at <VBtn symbol= Symbol(vuetify:v-tabs) ref=Ref< undefined > class="v-tab"  ... > 
  at <VTab key=0 > 
  at <VSlideGroup centerActive=false scrollToActive=true contentClass=undefined  ... > 
  at <VTabs modelValue=null onUpdate:modelValue=fn bg-color=undefined  ... > 
  at <VCard variant="text" class="lowerBar" > 
  at <MenusLowerBar > 
  at <ClientOnly > 
  at <VApp theme="light" class="auto-text" > 
  at <VResponsive class="border rounded" > 
  at <Default ref=Ref< Proxy(Object) > > 
  at <AsyncComponentWrapper ref=Ref< Proxy(Object) > > 
  at <LayoutLoader key="default" layoutProps= {ref: RefImpl} name="default" > 
  at <NuxtLayoutProvider layoutProps= {ref: RefImpl} key="default" name="default"  ... > 
  at <NuxtLayout > 
  at <App key=4 > 
  at <NuxtRoot> @ http://localhost:3001/_nuxt/@fs/home/meebuzo/github/alternate-framework/apps/ecosystem/meeovi-frontend/node_modules/@sentry/core/build/esm/instrument/console.js?v=cfee6d51:42
[   30678ms] [WARNING] [Vue warn]: Avoid app logic that relies on enumerating keys on a component instance. The keys will be empty in production mode to avoid performance overhead. 
  at <VDefaultsProvider key="content-defaults" disabled=true defaults= {VIcon: Object} > 
  at <VBtn symbol= Symbol(vuetify:v-tabs) ref=Ref< undefined > class="v-tab"  ... > 
  at <VTab key=0 > 
  at <VSlideGroup centerActive=false scrollToActive=true contentClass=undefined  ... > 
  at <VTabs modelValue=null onUpdate:modelValue=fn bg-color=undefined  ... > 
  at <VCard variant="text" class="lowerBar" > 
  at <MenusLowerBar > 
  at <ClientOnly > 
  at <VApp theme="light" class="auto-text" > 
  at <VResponsive class="border rounded" > 
  at <Default ref=Ref< Proxy(Object) > > 
  at <AsyncComponentWrapper ref=Ref< Proxy(Object) > > 
  at <LayoutLoader key="default" layoutProps= {ref: RefImpl} name="default" > 
  at <NuxtLayoutProvider layoutProps= {ref: RefImpl} key="default" name="default"  ... > 
  at <NuxtLayout > 
  at <App key=4 > 
  at <NuxtRoot> @ http://localhost:3001/_nuxt/@fs/home/meebuzo/github/alternate-framework/apps/ecosystem/meeovi-frontend/node_modules/@sentry/core/build/esm/instrument/console.js?v=cfee6d51:42
[   30679ms] [WARNING] [Vue warn]: Avoid app logic that relies on enumerating keys on a component instance. The keys will be empty in production mode to avoid performance overhead. 
  at <VDefaultsProvider key="content-defaults" disabled=true defaults= {VIcon: Object} > 
  at <VBtn symbol= Symbol(vuetify:v-tabs) ref=Ref< undefined > class="v-tab"  ... > 
  at <VTab key=0 > 
  at <VSlideGroup centerActive=false scrollToActive=true contentClass=undefined  ... > 
  at <VTabs modelValue=null onUpdate:modelValue=fn bg-color=undefined  ... > 
  at <VCard variant="text" class="lowerBar" > 
  at <MenusLowerBar > 
  at <ClientOnly > 
  at <VApp theme="light" class="auto-text" > 
  at <VResponsive class="border rounded" > 
  at <Default ref=Ref< Proxy(Object) > > 
  at <AsyncComponentWrapper ref=Ref< Proxy(Object) > > 
  at <LayoutLoader key="default" layoutProps= {ref: RefImpl} name="default" > 
  at <NuxtLayoutProvider layoutProps= {ref: RefImpl} key="default" name="default"  ... > 
  at <NuxtLayout > 
  at <App key=4 > 
  at <NuxtRoot> @ http://localhost:3001/_nuxt/@fs/home/meebuzo/github/alternate-framework/apps/ecosystem/meeovi-frontend/node_modules/@sentry/core/build/esm/instrument/console.js?v=cfee6d51:42
[   30679ms] [WARNING] [Vue warn]: Avoid app logic that relies on enumerating keys on a component instance. The keys will be empty in production mode to avoid performance overhead. 
  at <VDefaultsProvider key="content-defaults" disabled=true defaults= {VIcon: Object} > 
  at <VBtn symbol= Symbol(vuetify:v-tabs) ref=Ref< undefined > class="v-tab"  ... > 
  at <VTab key=0 > 
  at <VSlideGroup centerActive=false scrollToActive=true contentClass=undefined  ... > 
  at <VTabs modelValue=null onUpdate:modelValue=fn bg-color=undefined  ... > 
  at <VCard variant="text" class="lowerBar" > 
  at <MenusLowerBar > 
  at <ClientOnly > 
  at <VApp theme="light" class="auto-text" > 
  at <VResponsive class="border rounded" > 
  at <Default ref=Ref< Proxy(Object) > > 
  at <AsyncComponentWrapper ref=Ref< Proxy(Object) > > 
  at <LayoutLoader key="default" layoutProps= {ref: RefImpl} name="default" > 
  at <NuxtLayoutProvider layoutProps= {ref: RefImpl} key="default" name="default"  ... > 
  at <NuxtLayout > 
  at <App key=4 > 
  at <NuxtRoot> @ http://localhost:3001/_nuxt/@fs/home/meebuzo/github/alternate-framework/apps/ecosystem/meeovi-frontend/node_modules/@sentry/core/build/esm/instrument/console.js?v=cfee6d51:42
[   30680ms] [WARNING] [Vue warn]: Avoid app logic that relies on enumerating keys on a component instance. The keys will be empty in production mode to avoid performance overhead. 
  at <VDefaultsProvider key="content-defaults" disabled=true defaults= {VIcon: Object} > 
  at <VBtn symbol= Symbol(vuetify:v-tabs) ref=Ref< undefined > class="v-tab"  ... > 
  at <VTab key=0 > 
  at <VSlideGroup centerActive=false scrollToActive=true contentClass=undefined  ... > 
  at <VTabs modelValue=null onUpdate:modelValue=fn bg-color=undefined  ... > 
  at <VCard variant="text" class="lowerBar" > 
  at <MenusLowerBar > 
  at <ClientOnly > 
  at <VApp theme="light" class="auto-text" > 
  at <VResponsive class="border rounded" > 
  at <Default ref=Ref< Proxy(Object) > > 
  at <AsyncComponentWrapper ref=Ref< Proxy(Object) > > 
  at <LayoutLoader key="default" layoutProps= {ref: RefImpl} name="default" > 
  at <NuxtLayoutProvider layoutProps= {ref: RefImpl} key="default" name="default"  ... > 
  at <NuxtLayout > 
  at <App key=4 > 
  at <NuxtRoot> @ http://localhost:3001/_nuxt/@fs/home/meebuzo/github/alternate-framework/apps/ecosystem/meeovi-frontend/node_modules/@sentry/core/build/esm/instrument/console.js?v=cfee6d51:42
[   30681ms] [WARNING] [Vue warn]: Avoid app logic that relies on enumerating keys on a component instance. The keys will be empty in production mode to avoid performance overhead. 
  at <VDefaultsProvider key="content-defaults" disabled=true defaults= {VIcon: Object} > 
  at <VBtn symbol= Symbol(vuetify:v-tabs) ref=Ref< undefined > class="v-tab"  ... > 
  at <VTab key=0 > 
  at <VSlideGroup centerActive=false scrollToActive=true contentClass=undefined  ... > 
  at <VTabs modelValue=null onUpdate:modelValue=fn bg-color=undefined  ... > 
  at <VCard variant="text" class="lowerBar" > 
  at <MenusLowerBar > 
  at <ClientOnly > 
  at <VApp theme="light" class="auto-text" > 
  at <VResponsive class="border rounded" > 
  at <Default ref=Ref< Proxy(Object) > > 
  at <AsyncComponentWrapper ref=Ref< Proxy(Object) > > 
  at <LayoutLoader key="default" layoutProps= {ref: RefImpl} name="default" > 
  at <NuxtLayoutProvider layoutProps= {ref: RefImpl} key="default" name="default"  ... > 
  at <NuxtLayout > 
  at <App key=4 > 
  at <NuxtRoot> @ http://localhost:3001/_nuxt/@fs/home/meebuzo/github/alternate-framework/apps/ecosystem/meeovi-frontend/node_modules/@sentry/core/build/esm/instrument/console.js?v=cfee6d51:42
[   30682ms] [WARNING] [Vue warn]: Avoid app logic that relies on enumerating keys on a component instance. The keys will be empty in production mode to avoid performance overhead. 
  at <VDefaultsProvider key="content-defaults" disabled=true defaults= {VIcon: Object} > 
  at <VBtn symbol= Symbol(vuetify:v-tabs) ref=Ref< undefined > class="v-tab"  ... > 
  at <VTab key=0 > 
  at <VSlideGroup centerActive=false scrollToActive=true contentClass=undefined  ... > 
  at <VTabs modelValue=null onUpdate:modelValue=fn bg-color=undefined  ... > 
  at <VCard variant="text" class="lowerBar" > 
  at <MenusLowerBar > 
  at <ClientOnly > 
  at <VApp theme="light" class="auto-text" > 
  at <VResponsive class="border rounded" > 
  at <Default ref=Ref< Proxy(Object) > > 
  at <AsyncComponentWrapper ref=Ref< Proxy(Object) > > 
  at <LayoutLoader key="default" layoutProps= {ref: RefImpl} name="default" > 
  at <NuxtLayoutProvider layoutProps= {ref: RefImpl} key="default" name="default"  ... > 
  at <NuxtLayout > 
  at <App key=4 > 
  at <NuxtRoot> @ http://localhost:3001/_nuxt/@fs/home/meebuzo/github/alternate-framework/apps/ecosystem/meeovi-frontend/node_modules/@sentry/core/build/esm/instrument/console.js?v=cfee6d51:42
[   30687ms] [WARNING] [Vue warn]: Avoid app logic that relies on enumerating keys on a component instance. The keys will be empty in production mode to avoid performance overhead. 
  at <VDefaultsProvider key="content-defaults" disabled=true defaults= {VIcon: Object} > 
  at <VBtn symbol= Symbol(vuetify:v-tabs) ref=Ref< undefined > class="v-tab"  ... > 
  at <VTab key=0 > 
  at <VSlideGroup centerActive=false scrollToActive=true contentClass=undefined  ... > 
  at <VTabs modelValue=null onUpdate:modelValue=fn bg-color=undefined  ... > 
  at <VCard variant="text" class="lowerBar" > 
  at <MenusLowerBar > 
  at <ClientOnly > 
  at <VApp theme="light" class="auto-text" > 
  at <VResponsive class="border rounded" > 
  at <Default ref=Ref< Proxy(Object) > > 
  at <AsyncComponentWrapper ref=Ref< Proxy(Object) > > 
  at <LayoutLoader key="default" layoutProps= {ref: RefImpl} name="default" > 
  at <NuxtLayoutProvider layoutProps= {ref: RefImpl} key="default" name="default"  ... > 
  at <NuxtLayout > 
  at <App key=4 > 
  at <NuxtRoot> @ http://localhost:3001/_nuxt/@fs/home/meebuzo/github/alternate-framework/apps/ecosystem/meeovi-frontend/node_modules/@sentry/core/build/esm/instrument/console.js?v=cfee6d51:42
[   30688ms] [WARNING] [Vue warn]: Avoid app logic that relies on enumerating keys on a component instance. The keys will be empty in production mode to avoid performance overhead. 
  at <VDefaultsProvider key="content-defaults" disabled=true defaults= {VIcon: Object} > 
  at <VBtn symbol= Symbol(vuetify:v-tabs) ref=Ref< undefined > class="v-tab"  ... > 
  at <VTab key=0 > 
  at <VSlideGroup centerActive=false scrollToActive=true contentClass=undefined  ... > 
  at <VTabs modelValue=null onUpdate:modelValue=fn bg-color=undefined  ... > 
  at <VCard variant="text" class="lowerBar" > 
  at <MenusLowerBar > 
  at <ClientOnly > 
  at <VApp theme="light" class="auto-text" > 
  at <VResponsive class="border rounded" > 
  at <Default ref=Ref< Proxy(Object) > > 
  at <AsyncComponentWrapper ref=Ref< Proxy(Object) > > 
  at <LayoutLoader key="default" layoutProps= {ref: RefImpl} name="default" > 
  at <NuxtLayoutProvider layoutProps= {ref: RefImpl} key="default" name="default"  ... > 
  at <NuxtLayout > 
  at <App key=4 > 
  at <NuxtRoot> @ http://localhost:3001/_nuxt/@fs/home/meebuzo/github/alternate-framework/apps/ecosystem/meeovi-frontend/node_modules/@sentry/core/build/esm/instrument/console.js?v=cfee6d51:42
[   30689ms] [WARNING] [Vue warn]: Avoid app logic that relies on enumerating keys on a component instance. The keys will be empty in production mode to avoid performance overhead. 
  at <VDefaultsProvider key="content-defaults" disabled=true defaults= {VIcon: Object} > 
  at <VBtn symbol= Symbol(vuetify:v-tabs) ref=Ref< undefined > class="v-tab"  ... > 
  at <VTab key=0 > 
  at <VSlideGroup centerActive=false scrollToActive=true contentClass=undefined  ... > 
  at <VTabs modelValue=null onUpdate:modelValue=fn bg-color=undefined  ... > 
  at <VCard variant="text" class="lowerBar" > 
  at <MenusLowerBar > 
  at <ClientOnly > 
  at <VApp theme="light" class="auto-text" > 
  at <VResponsive class="border rounded" > 
  at <Default ref=Ref< Proxy(Object) > > 
  at <AsyncComponentWrapper ref=Ref< Proxy(Object) > > 
  at <LayoutLoader key="default" layoutProps= {ref: RefImpl} name="default" > 
  at <NuxtLayoutProvider layoutProps= {ref: RefImpl} key="default" name="default"  ... > 
  at <NuxtLayout > 
  at <App key=4 > 
  at <NuxtRoot> @ http://localhost:3001/_nuxt/@fs/home/meebuzo/github/alternate-framework/apps/ecosystem/meeovi-frontend/node_modules/@sentry/core/build/esm/instrument/console.js?v=cfee6d51:42
[   30690ms] [WARNING] [Vue warn]: Avoid app logic that relies on enumerating keys on a component instance. The keys will be empty in production mode to avoid performance overhead. 
  at <VDefaultsProvider key="content-defaults" disabled=true defaults= {VIcon: Object} > 
  at <VBtn symbol= Symbol(vuetify:v-tabs) ref=Ref< undefined > class="v-tab"  ... > 
  at <VTab key=0 > 
  at <VSlideGroup centerActive=false scrollToActive=true contentClass=undefined  ... > 
  at <VTabs modelValue=null onUpdate:modelValue=fn bg-color=undefined  ... > 
  at <VCard variant="text" class="lowerBar" > 
  at <MenusLowerBar > 
  at <ClientOnly > 
  at <VApp theme="light" class="auto-text" > 
  at <VResponsive class="border rounded" > 
  at <Default ref=Ref< Proxy(Object) > > 
  at <AsyncComponentWrapper ref=Ref< Proxy(Object) > > 
  at <LayoutLoader key="default" layoutProps= {ref: RefImpl} name="default" > 
  at <NuxtLayoutProvider layoutProps= {ref: RefImpl} key="default" name="default"  ... > 
  at <NuxtLayout > 
  at <App key=4 > 
  at <NuxtRoot> @ http://localhost:3001/_nuxt/@fs/home/meebuzo/github/alternate-framework/apps/ecosystem/meeovi-frontend/node_modules/@sentry/core/build/esm/instrument/console.js?v=cfee6d51:42
[   30691ms] [WARNING] [Vue warn]: Avoid app logic that relies on enumerating keys on a component instance. The keys will be empty in production mode to avoid performance overhead. 
  at <VDefaultsProvider key="content-defaults" disabled=true defaults= {VIcon: Object} > 
  at <VBtn symbol= Symbol(vuetify:v-tabs) ref=Ref< undefined > class="v-tab"  ... > 
  at <VTab key=0 > 
  at <VSlideGroup centerActive=false scrollToActive=true contentClass=undefined  ... > 
  at <VTabs modelValue=null onUpdate:modelValue=fn bg-color=undefined  ... > 
  at <VCard variant="text" class="lowerBar" > 
  at <MenusLowerBar > 
  at <ClientOnly > 
  at <VApp theme="light" class="auto-text" > 
  at <VResponsive class="border rounded" > 
  at <Default ref=Ref< Proxy(Object) > > 
  at <AsyncComponentWrapper ref=Ref< Proxy(Object) > > 
  at <LayoutLoader key="default" layoutProps= {ref: RefImpl} name="default" > 
  at <NuxtLayoutProvider layoutProps= {ref: RefImpl} key="default" name="default"  ... > 
  at <NuxtLayout > 
  at <App key=4 > 
  at <NuxtRoot> @ http://localhost:3001/_nuxt/@fs/home/meebuzo/github/alternate-framework/apps/ecosystem/meeovi-frontend/node_modules/@sentry/core/build/esm/instrument/console.js?v=cfee6d51:42
[   30693ms] [WARNING] [Vue warn]: Avoid app logic that relies on enumerating keys on a component instance. The keys will be empty in production mode to avoid performance overhead. 
  at <VDefaultsProvider key="content-defaults" disabled=true defaults= {VIcon: Object} > 
  at <VBtn symbol= Symbol(vuetify:v-tabs) ref=Ref< undefined > class="v-tab"  ... > 
  at <VTab key=0 > 
  at <VSlideGroup centerActive=false scrollToActive=true contentClass=undefined  ... > 
  at <VTabs modelValue=null onUpdate:modelValue=fn bg-color=undefined  ... > 
  at <VCard variant="text" class="lowerBar" > 
  at <MenusLowerBar > 
  at <ClientOnly > 
  at <VApp theme="light" class="auto-text" > 
  at <VResponsive class="border rounded" > 
  at <Default ref=Ref< Proxy(Object) > > 
  at <AsyncComponentWrapper ref=Ref< Proxy(Object) > > 
  at <LayoutLoader key="default" layoutProps= {ref: RefImpl} name="default" > 
  at <NuxtLayoutProvider layoutProps= {ref: RefImpl} key="default" name="default"  ... > 
  at <NuxtLayout > 
  at <App key=4 > 
  at <NuxtRoot> @ http://localhost:3001/_nuxt/@fs/home/meebuzo/github/alternate-framework/apps/ecosystem/meeovi-frontend/node_modules/@sentry/core/build/esm/instrument/console.js?v=cfee6d51:42
[   30695ms] [WARNING] [Vue warn]: Avoid app logic that relies on enumerating keys on a component instance. The keys will be empty in production mode to avoid performance overhead. 
  at <VDefaultsProvider key="content-defaults" disabled=true defaults= {VIcon: Object} > 
  at <VBtn symbol= Symbol(vuetify:v-tabs) ref=Ref< undefined > class="v-tab"  ... > 
  at <VTab key=0 > 
  at <VSlideGroup centerActive=false scrollToActive=true contentClass=undefined  ... > 
  at <VTabs modelValue=null onUpdate:modelValue=fn bg-color=undefined  ... > 
  at <VCard variant="text" class="lowerBar" > 
  at <MenusLowerBar > 
  at <ClientOnly > 
  at <VApp theme="light" class="auto-text" > 
  at <VResponsive class="border rounded" > 
  at <Default ref=Ref< Proxy(Object) > > 
  at <AsyncComponentWrapper ref=Ref< Proxy(Object) > > 
  at <LayoutLoader key="default" layoutProps= {ref: RefImpl} name="default" > 
  at <NuxtLayoutProvider layoutProps= {ref: RefImpl} key="default" name="default"  ... > 
  at <NuxtLayout > 
  at <App key=4 > 
  at <NuxtRoot> @ http://localhost:3001/_nuxt/@fs/home/meebuzo/github/alternate-framework/apps/ecosystem/meeovi-frontend/node_modules/@sentry/core/build/esm/instrument/console.js?v=cfee6d51:42
[   30697ms] [WARNING] [Vue warn]: Avoid app logic that relies on enumerating keys on a component instance. The keys will be empty in production mode to avoid performance overhead. 
  at <VDefaultsProvider key="content-defaults" disabled=true defaults= {VIcon: Object} > 
  at <VBtn symbol= Symbol(vuetify:v-tabs) ref=Ref< undefined > class="v-tab"  ... > 
  at <VTab key=0 > 
  at <VSlideGroup centerActive=false scrollToActive=true contentClass=undefined  ... > 
  at <VTabs modelValue=null onUpdate:modelValue=fn bg-color=undefined  ... > 
  at <VCard variant="text" class="lowerBar" > 
  at <MenusLowerBar > 
  at <ClientOnly > 
  at <VApp theme="light" class="auto-text" > 
  at <VResponsive class="border rounded" > 
  at <Default ref=Ref< Proxy(Object) > > 
  at <AsyncComponentWrapper ref=Ref< Proxy(Object) > > 
  at <LayoutLoader key="default" layoutProps= {ref: RefImpl} name="default" > 
  at <NuxtLayoutProvider layoutProps= {ref: RefImpl} key="default" name="default"  ... > 
  at <NuxtLayout > 
  at <App key=4 > 
  at <NuxtRoot> @ http://localhost:3001/_nuxt/@fs/home/meebuzo/github/alternate-framework/apps/ecosystem/meeovi-frontend/node_modules/@sentry/core/build/esm/instrument/console.js?v=cfee6d51:42
[   30698ms] [WARNING] [Vue warn]: Avoid app logic that relies on enumerating keys on a component instance. The keys will be empty in production mode to avoid performance overhead. 
  at <VDefaultsProvider key="content-defaults" disabled=true defaults= {VIcon: Object} > 
  at <VBtn symbol= Symbol(vuetify:v-tabs) ref=Ref< undefined > class="v-tab"  ... > 
  at <VTab key=0 > 
  at <VSlideGroup centerActive=false scrollToActive=true contentClass=undefined  ... > 
  at <VTabs modelValue=null onUpdate:modelValue=fn bg-color=undefined  ... > 
  at <VCard variant="text" class="lowerBar" > 
  at <MenusLowerBar > 
  at <ClientOnly > 
  at <VApp theme="light" class="auto-text" > 
  at <VResponsive class="border rounded" > 
  at <Default ref=Ref< Proxy(Object) > > 
  at <AsyncComponentWrapper ref=Ref< Proxy(Object) > > 
  at <LayoutLoader key="default" layoutProps= {ref: RefImpl} name="default" > 
  at <NuxtLayoutProvider layoutProps= {ref: RefImpl} key="default" name="default"  ... > 
  at <NuxtLayout > 
  at <App key=4 > 
  at <NuxtRoot> @ http://localhost:3001/_nuxt/@fs/home/meebuzo/github/alternate-framework/apps/ecosystem/meeovi-frontend/node_modules/@sentry/core/build/esm/instrument/console.js?v=cfee6d51:42
[   30706ms] [ERROR] Connecting to 'https://o996770.ingest.us.sentry.io/api/5955273/envelope/?sentry_version=7&sentry_key=df1b90fab7c44ce8aef097a63b468d61&sentry_client=sentry.javascript.nuxt%2F10.63.0' violates the following Content Security Policy directive: "connect-src 'self' https://*.mux.com". The action has been blocked. @ http://localhost:3001/_nuxt/@fs/home/meebuzo/github/alternate-framework/apps/ecosystem/meeovi-frontend/node_modules/@sentry/browser/build/npm/esm/dev/transports/fetch.js?v=cfee6d51:31
[   30707ms] [ERROR] Fetch API cannot load https://o996770.ingest.us.sentry.io/api/5955273/envelope/?sentry_version=7&sentry_key=df1b90fab7c44ce8aef097a63b468d61&sentry_client=sentry.javascript.nuxt%2F10.63.0. Refused to connect because it violates the document's Content Security Policy. @ http://localhost:3001/_nuxt/@fs/home/meebuzo/github/alternate-framework/apps/ecosystem/meeovi-frontend/node_modules/@sentry/browser/build/npm/esm/dev/transports/fetch.js?v=cfee6d51:31
[   30886ms] TypeError: Cannot convert object to primitive value
    at String (<anonymous>)
    at toDisplayString (http://localhost:3001/_nuxt/@fs/home/meebuzo/github/alternate-framework/apps/ecosystem/meeovi-frontend/node_modules/@vue/shared/dist/shared.esm-bundler.js?v=cfee6d51:471:226)
    at http://localhost:3001/_nuxt/components/menus/LowerBar.vue:89:91
    at Proxy.renderFnWithContext (http://localhost:3001/_nuxt/@fs/home/meebuzo/github/alternate-framework/apps/ecosystem/meeovi-frontend/node_modules/@vue/runtime-core/dist/runtime-core.esm-bundler.js?v=cfee6d51:709:13)
    at default (http://localhost:3001/_nuxt/@fs/home/meebuzo/github/alternate-framework/node_modules/vuetify/lib/components/VTabs/VTab.js?v=cfee6d51:125:77)
    at http://localhost:3001/_nuxt/@fs/home/meebuzo/github/alternate-framework/apps/ecosystem/meeovi-frontend/node_modules/@vue/runtime-core/dist/runtime-core.esm-bundler.js?v=cfee6d51:5325:31
    at Proxy.renderFnWithContext (http://localhost:3001/_nuxt/@fs/home/meebuzo/github/alternate-framework/apps/ecosystem/meeovi-frontend/node_modules/@vue/runtime-core/dist/runtime-core.esm-bundler.js?v=cfee6d51:709:13)
    at default (http://localhost:3001/_nuxt/@fs/home/meebuzo/github/alternate-framework/node_modules/vuetify/lib/components/VBtn/VBtn.js?v=cfee6d51:217:42)
    at http://localhost:3001/_nuxt/@fs/home/meebuzo/github/alternate-framework/apps/ecosystem/meeovi-frontend/node_modules/@vue/runtime-core/dist/runtime-core.esm-bundler.js?v=cfee6d51:5325:31
    at Proxy.renderFnWithContext (http://localhost:3001/_nuxt/@fs/home/meebuzo/github/alternate-framework/apps/ecosystem/meeovi-frontend/node_modules/@vue/runtime-core/dist/runtime-core.esm-bundler.js?v=cfee6d51:709:13)
    at Proxy.<anonymous> (http://localhost:3001/_nuxt/@fs/home/meebuzo/github/alternate-framework/node_modules/vuetify/lib/components/VDefaultsProvider/VDefaultsProvider.js?v=cfee6d51:31:33)
    at renderComponentRoot (http://localhost:3001/_nuxt/@fs/home/meebuzo/github/alternate-framework/apps/ecosystem/meeovi-frontend/node_modules/@vue/runtime-core/dist/runtime-core.esm-bundler.js?v=cfee6d51:4628:16)
    at ReactiveEffect.componentUpdateFn [as fn] (http://localhost:3001/_nuxt/@fs/home/meebuzo/github/alternate-framework/apps/ecosystem/meeovi-frontend/node_modules/@vue/runtime-core/dist/runtime-core.esm-bundler.js?v=cfee6d51:6206:46)
    at ReactiveEffect.run (http://localhost:3001/_nuxt/@fs/home/meebuzo/github/alternate-framework/apps/ecosystem/meeovi-frontend/node_modules/@vue/reactivity/dist/reactivity.esm-bundler.js?v=cfee6d51:230:19)
    at setupRenderEffect (http://localhost:3001/_nuxt/@fs/home/meebuzo/github/alternate-framework/apps/ecosystem/meeovi-frontend/node_modules/@vue/runtime-core/dist/runtime-core.esm-bundler.js?v=cfee6d51:6341:5)
    at mountComponent (http://localhost:3001/_nuxt/@fs/home/meebuzo/github/alternate-framework/apps/ecosystem/meeovi-frontend/node_modules/@vue/runtime-core/dist/runtime-core.esm-bundler.js?v=cfee6d51:6113:7)
    at processComponent (http://localhost:3001/_nuxt/@fs/home/meebuzo/github/alternate-framework/apps/ecosystem/meeovi-frontend/node_modules/@vue/runtime-core/dist/runtime-core.esm-bundler.js?v=cfee6d51:6065:9)
    at patch (http://localhost:3001/_nuxt/@fs/home/meebuzo/github/alternate-framework/apps/ecosystem/meeovi-frontend/node_modules/@vue/runtime-core/dist/runtime-core.esm-bundler.js?v=cfee6d51:5557:11)
    at mountChildren (http://localhost:3001/_nuxt/@fs/home/meebuzo/github/alternate-framework/apps/ecosystem/meeovi-frontend/node_modules/@vue/runtime-core/dist/runtime-core.esm-bundler.js?v=cfee6d51:5808:7)
    at mountElement (http://localhost:3001/_nuxt/@fs/home/meebuzo/github/alternate-framework/apps/ecosystem/meeovi-frontend/node_modules/@vue/runtime-core/dist/runtime-core.esm-bundler.js?v=cfee6d51:5724:7)
    at processElement (http://localhost:3001/_nuxt/@fs/home/meebuzo/github/alternate-framework/apps/ecosystem/meeovi-frontend/node_modules/@vue/runtime-core/dist/runtime-core.esm-bundler.js?v=cfee6d51:5679:7)
    at patch (http://localhost:3001/_nuxt/@fs/home/meebuzo/github/alternate-framework/apps/ecosystem/meeovi-frontend/node_modules/@vue/runtime-core/dist/runtime-core.esm-bundler.js?v=cfee6d51:5545:11)
    at mountChildren (http://localhost:3001/_nuxt/@fs/home/meebuzo/github/alternate-framework/apps/ecosystem/meeovi-frontend/node_modules/@vue/runtime-core/dist/runtime-core.esm-bundler.js?v=cfee6d51:5808:7)
    at mountElement (http://localhost:3001/_nuxt/@fs/home/meebuzo/github/alternate-framework/apps/ecosystem/meeovi-frontend/node_modules/@vue/runtime-core/dist/runtime-core.esm-bundler.js?v=cfee6d51:5724:7)
    at processElement (http://localhost:3001/_nuxt/@fs/home/meebuzo/github/alternate-framework/apps/ecosystem/meeovi-frontend/node_modules/@vue/runtime-core/dist/runtime-core.esm-bundler.js?v=cfee6d51:5679:7)
    at patch (http://localhost:3001/_nuxt/@fs/home/meebuzo/github/alternate-framework/apps/ecosystem/meeovi-frontend/node_modules/@vue/runtime-core/dist/runtime-core.esm-bundler.js?v=cfee6d51:5545:11)
    at ReactiveEffect.componentUpdateFn [as fn] (http://localhost:3001/_nuxt/@fs/home/meebuzo/github/alternate-framework/apps/ecosystem/meeovi-frontend/node_modules/@vue/runtime-core/dist/runtime-core.esm-bundler.js?v=cfee6d51:6213:11)
    at ReactiveEffect.run (http://localhost:3001/_nuxt/@fs/home/meebuzo/github/alternate-framework/apps/ecosystem/meeovi-frontend/node_modules/@vue/reactivity/dist/reactivity.esm-bundler.js?v=cfee6d51:230:19)
    at setupRenderEffect (http://localhost:3001/_nuxt/@fs/home/meebuzo/github/alternate-framework/apps/ecosystem/meeovi-frontend/node_modules/@vue/runtime-core/dist/runtime-core.esm-bundler.js?v=cfee6d51:6341:5)
    at mountComponent (http://localhost:3001/_nuxt/@fs/home/meebuzo/github/alternate-framework/apps/ecosystem/meeovi-frontend/node_modules/@vue/runtime-core/dist/runtime-core.esm-bundler.js?v=cfee6d51:6113:7)
    at processComponent (http://localhost:3001/_nuxt/@fs/home/meebuzo/github/alternate-framework/apps/ecosystem/meeovi-frontend/node_modules/@vue/runtime-core/dist/runtime-core.esm-bundler.js?v=cfee6d51:6065:9)
    at patch (http://localhost:3001/_nuxt/@fs/home/meebuzo/github/alternate-framework/apps/ecosystem/meeovi-frontend/node_modules/@vue/runtime-core/dist/runtime-core.esm-bundler.js?v=cfee6d51:5557:11)
    at ReactiveEffect.componentUpdateFn [as fn] (http://localhost:3001/_nuxt/@fs/home/meebuzo/github/alternate-framework/apps/ecosystem/meeovi-frontend/node_modules/@vue/runtime-core/dist/runtime-core.esm-bundler.js?v=cfee6d51:6213:11)
    at ReactiveEffect.run (http://localhost:3001/_nuxt/@fs/home/meebuzo/github/alternate-framework/apps/ecosystem/meeovi-frontend/node_modules/@vue/reactivity/dist/reactivity.esm-bundler.js?v=cfee6d51:230:19)
    at setupRenderEffect (http://localhost:3001/_nuxt/@fs/home/meebuzo/github/alternate-framework/apps/ecosystem/meeovi-frontend/node_modules/@vue/runtime-core/dist/runtime-core.esm-bundler.js?v=cfee6d51:6341:5)
    at mountComponent (http://localhost:3001/_nuxt/@fs/home/meebuzo/github/alternate-framework/apps/ecosystem/meeovi-frontend/node_modules/@vue/runtime-core/dist/runtime-core.esm-bundler.js?v=cfee6d51:6113:7)
    at processComponent (http://localhost:3001/_nuxt/@fs/home/meebuzo/github/alternate-framework/apps/ecosystem/meeovi-frontend/node_modules/@vue/runtime-core/dist/runtime-core.esm-bundler.js?v=cfee6d51:6065:9)
    at patch (http://localhost:3001/_nuxt/@fs/home/meebuzo/github/alternate-framework/apps/ecosystem/meeovi-frontend/node_modules/@vue/runtime-core/dist/runtime-core.esm-bundler.js?v=cfee6d51:5557:11)
    at mountChildren (http://localhost:3001/_nuxt/@fs/home/meebuzo/github/alternate-framework/apps/ecosystem/meeovi-frontend/node_modules/@vue/runtime-core/dist/runtime-core.esm-bundler.js?v=cfee6d51:5808:7)
    at processFragment (http://localhost:3001/_nuxt/@fs/home/meebuzo/github/alternate-framework/apps/ecosystem/meeovi-frontend/node_modules/@vue/runtime-core/dist/runtime-core.esm-bundler.js?v=cfee6d51:5995:7)
    at patch (http://localhost:3001/_nuxt/@fs/home/meebuzo/github/alternate-framework/apps/ecosystem/meeovi-frontend/node_modules/@vue/runtime-core/dist/runtime-core.esm-bundler.js?v=cfee6d51:5531:9)
    at mountChildren (http://localhost:3001/_nuxt/@fs/home/meebuzo/github/alternate-framework/apps/ecosystem/meeovi-frontend/node_modules/@vue/runtime-core/dist/runtime-core.esm-bundler.js?v=cfee6d51:5808:7)
    at mountElement (http://localhost:3001/_nuxt/@fs/home/meebuzo/github/alternate-framework/apps/ecosystem/meeovi-frontend/node_modules/@vue/runtime-core/dist/runtime-core.esm-bundler.js?v=cfee6d51:5724:7)
    at processElement (http://localhost:3001/_nuxt/@fs/home/meebuzo/github/alternate-framework/apps/ecosystem/meeovi-frontend/node_modules/@vue/runtime-core/dist/runtime-core.esm-bundler.js?v=cfee6d51:5679:7)
    at patch (http://localhost:3001/_nuxt/@fs/home/meebuzo/github/alternate-framework/apps/ecosystem/meeovi-frontend/node_modules/@vue/runtime-core/dist/runtime-core.esm-bundler.js?v=cfee6d51:5545:11)
    at mountChildren (http://localhost:3001/_nuxt/@fs/home/meebuzo/github/alternate-framework/apps/ecosystem/meeovi-frontend/node_modules/@vue/runtime-core/dist/runtime-core.esm-bundler.js?v=cfee6d51:5808:7)
    at mountElement (http://localhost:3001/_nuxt/@fs/home/meebuzo/github/alternate-framework/apps/ecosystem/meeovi-frontend/node_modules/@vue/runtime-core/dist/runtime-core.esm-bundler.js?v=cfee6d51:5724:7)
    at processElement (http://localhost:3001/_nuxt/@fs/home/meebuzo/github/alternate-framework/apps/ecosystem/meeovi-frontend/node_modules/@vue/runtime-core/dist/runtime-core.esm-bundler.js?v=cfee6d51:5679:7)
    at patch (http://localhost:3001/_nuxt/@fs/home/meebuzo/github/alternate-framework/apps/ecosystem/meeovi-frontend/node_modules/@vue/runtime-core/dist/runtime-core.esm-bundler.js?v=cfee6d51:5545:11)
    at mountChildren (http://localhost:3001/_nuxt/@fs/home/meebuzo/github/alternate-framework/apps/ecosystem/meeovi-frontend/node_modules/@vue/runtime-core/dist/runtime-core.esm-bundler.js?v=cfee6d51:5808:7)
[   30886ms] TypeError: Cannot convert object to primitive value
    at String (<anonymous>)
    at toDisplayString (http://localhost:3001/_nuxt/@fs/home/meebuzo/github/alternate-framework/apps/ecosystem/meeovi-frontend/node_modules/@vue/shared/dist/shared.esm-bundler.js?v=cfee6d51:471:226)
    at http://localhost:3001/_nuxt/components/menus/LowerBar.vue:89:91
    at Proxy.renderFnWithContext (http://localhost:3001/_nuxt/@fs/home/meebuzo/github/alternate-framework/apps/ecosystem/meeovi-frontend/node_modules/@vue/runtime-core/dist/runtime-core.esm-bundler.js?v=cfee6d51:709:13)
    at default (http://localhost:3001/_nuxt/@fs/home/meebuzo/github/alternate-framework/node_modules/vuetify/lib/components/VTabs/VTab.js?v=cfee6d51:125:77)
    at http://localhost:3001/_nuxt/@fs/home/meebuzo/github/alternate-framework/apps/ecosystem/meeovi-frontend/node_modules/@vue/runtime-core/dist/runtime-core.esm-bundler.js?v=cfee6d51:5325:31
    at Proxy.renderFnWithContext (http://localhost:3001/_nuxt/@fs/home/meebuzo/github/alternate-framework/apps/ecosystem/meeovi-frontend/node_modules/@vue/runtime-core/dist/runtime-core.esm-bundler.js?v=cfee6d51:709:13)
    at default (http://localhost:3001/_nuxt/@fs/home/meebuzo/github/alternate-framework/node_modules/vuetify/lib/components/VBtn/VBtn.js?v=cfee6d51:217:42)
    at http://localhost:3001/_nuxt/@fs/home/meebuzo/github/alternate-framework/apps/ecosystem/meeovi-frontend/node_modules/@vue/runtime-core/dist/runtime-core.esm-bundler.js?v=cfee6d51:5325:31
    at Proxy.renderFnWithContext (http://localhost:3001/_nuxt/@fs/home/meebuzo/github/alternate-framework/apps/ecosystem/meeovi-frontend/node_modules/@vue/runtime-core/dist/runtime-core.esm-bundler.js?v=cfee6d51:709:13)
    at Proxy.<anonymous> (http://localhost:3001/_nuxt/@fs/home/meebuzo/github/alternate-framework/node_modules/vuetify/lib/components/VDefaultsProvider/VDefaultsProvider.js?v=cfee6d51:31:33)
    at renderComponentRoot (http://localhost:3001/_nuxt/@fs/home/meebuzo/github/alternate-framework/apps/ecosystem/meeovi-frontend/node_modules/@vue/runtime-core/dist/runtime-core.esm-bundler.js?v=cfee6d51:4628:16)
    at ReactiveEffect.componentUpdateFn [as fn] (http://localhost:3001/_nuxt/@fs/home/meebuzo/github/alternate-framework/apps/ecosystem/meeovi-frontend/node_modules/@vue/runtime-core/dist/runtime-core.esm-bundler.js?v=cfee6d51:6206:46)
    at ReactiveEffect.run (http://localhost:3001/_nuxt/@fs/home/meebuzo/github/alternate-framework/apps/ecosystem/meeovi-frontend/node_modules/@vue/reactivity/dist/reactivity.esm-bundler.js?v=cfee6d51:230:19)
    at setupRenderEffect (http://localhost:3001/_nuxt/@fs/home/meebuzo/github/alternate-framework/apps/ecosystem/meeovi-frontend/node_modules/@vue/runtime-core/dist/runtime-core.esm-bundler.js?v=cfee6d51:6341:5)
    at mountComponent (http://localhost:3001/_nuxt/@fs/home/meebuzo/github/alternate-framework/apps/ecosystem/meeovi-frontend/node_modules/@vue/runtime-core/dist/runtime-core.esm-bundler.js?v=cfee6d51:6113:7)
    at processComponent (http://localhost:3001/_nuxt/@fs/home/meebuzo/github/alternate-framework/apps/ecosystem/meeovi-frontend/node_modules/@vue/runtime-core/dist/runtime-core.esm-bundler.js?v=cfee6d51:6065:9)
    at patch (http://localhost:3001/_nuxt/@fs/home/meebuzo/github/alternate-framework/apps/ecosystem/meeovi-frontend/node_modules/@vue/runtime-core/dist/runtime-core.esm-bundler.js?v=cfee6d51:5557:11)
    at mountChildren (http://localhost:3001/_nuxt/@fs/home/meebuzo/github/alternate-framework/apps/ecosystem/meeovi-frontend/node_modules/@vue/runtime-core/dist/runtime-core.esm-bundler.js?v=cfee6d51:5808:7)
    at mountElement (http://localhost:3001/_nuxt/@fs/home/meebuzo/github/alternate-framework/apps/ecosystem/meeovi-frontend/node_modules/@vue/runtime-core/dist/runtime-core.esm-bundler.js?v=cfee6d51:5724:7)
    at processElement (http://localhost:3001/_nuxt/@fs/home/meebuzo/github/alternate-framework/apps/ecosystem/meeovi-frontend/node_modules/@vue/runtime-core/dist/runtime-core.esm-bundler.js?v=cfee6d51:5679:7)
    at patch (http://localhost:3001/_nuxt/@fs/home/meebuzo/github/alternate-framework/apps/ecosystem/meeovi-frontend/node_modules/@vue/runtime-core/dist/runtime-core.esm-bundler.js?v=cfee6d51:5545:11)
    at mountChildren (http://localhost:3001/_nuxt/@fs/home/meebuzo/github/alternate-framework/apps/ecosystem/meeovi-frontend/node_modules/@vue/runtime-core/dist/runtime-core.esm-bundler.js?v=cfee6d51:5808:7)
    at mountElement (http://localhost:3001/_nuxt/@fs/home/meebuzo/github/alternate-framework/apps/ecosystem/meeovi-frontend/node_modules/@vue/runtime-core/dist/runtime-core.esm-bundler.js?v=cfee6d51:5724:7)
    at processElement (http://localhost:3001/_nuxt/@fs/home/meebuzo/github/alternate-framework/apps/ecosystem/meeovi-frontend/node_modules/@vue/runtime-core/dist/runtime-core.esm-bundler.js?v=cfee6d51:5679:7)
    at patch (http://localhost:3001/_nuxt/@fs/home/meebuzo/github/alternate-framework/apps/ecosystem/meeovi-frontend/node_modules/@vue/runtime-core/dist/runtime-core.esm-bundler.js?v=cfee6d51:5545:11)
    at ReactiveEffect.componentUpdateFn [as fn] (http://localhost:3001/_nuxt/@fs/home/meebuzo/github/alternate-framework/apps/ecosystem/meeovi-frontend/node_modules/@vue/runtime-core/dist/runtime-core.esm-bundler.js?v=cfee6d51:6213:11)
    at ReactiveEffect.run (http://localhost:3001/_nuxt/@fs/home/meebuzo/github/alternate-framework/apps/ecosystem/meeovi-frontend/node_modules/@vue/reactivity/dist/reactivity.esm-bundler.js?v=cfee6d51:230:19)
    at setupRenderEffect (http://localhost:3001/_nuxt/@fs/home/meebuzo/github/alternate-framework/apps/ecosystem/meeovi-frontend/node_modules/@vue/runtime-core/dist/runtime-core.esm-bundler.js?v=cfee6d51:6341:5)
    at mountComponent (http://localhost:3001/_nuxt/@fs/home/meebuzo/github/alternate-framework/apps/ecosystem/meeovi-frontend/node_modules/@vue/runtime-core/dist/runtime-core.esm-bundler.js?v=cfee6d51:6113:7)
    at processComponent (http://localhost:3001/_nuxt/@fs/home/meebuzo/github/alternate-framework/apps/ecosystem/meeovi-frontend/node_modules/@vue/runtime-core/dist/runtime-core.esm-bundler.js?v=cfee6d51:6065:9)
    at patch (http://localhost:3001/_nuxt/@fs/home/meebuzo/github/alternate-framework/apps/ecosystem/meeovi-frontend/node_modules/@vue/runtime-core/dist/runtime-core.esm-bundler.js?v=cfee6d51:5557:11)
    at ReactiveEffect.componentUpdateFn [as fn] (http://localhost:3001/_nuxt/@fs/home/meebuzo/github/alternate-framework/apps/ecosystem/meeovi-frontend/node_modules/@vue/runtime-core/dist/runtime-core.esm-bundler.js?v=cfee6d51:6213:11)
    at ReactiveEffect.run (http://localhost:3001/_nuxt/@fs/home/meebuzo/github/alternate-framework/apps/ecosystem/meeovi-frontend/node_modules/@vue/reactivity/dist/reactivity.esm-bundler.js?v=cfee6d51:230:19)
    at setupRenderEffect (http://localhost:3001/_nuxt/@fs/home/meebuzo/github/alternate-framework/apps/ecosystem/meeovi-frontend/node_modules/@vue/runtime-core/dist/runtime-core.esm-bundler.js?v=cfee6d51:6341:5)
    at mountComponent (http://localhost:3001/_nuxt/@fs/home/meebuzo/github/alternate-framework/apps/ecosystem/meeovi-frontend/node_modules/@vue/runtime-core/dist/runtime-core.esm-bundler.js?v=cfee6d51:6113:7)
    at processComponent (http://localhost:3001/_nuxt/@fs/home/meebuzo/github/alternate-framework/apps/ecosystem/meeovi-frontend/node_modules/@vue/runtime-core/dist/runtime-core.esm-bundler.js?v=cfee6d51:6065:9)
    at patch (http://localhost:3001/_nuxt/@fs/home/meebuzo/github/alternate-framework/apps/ecosystem/meeovi-frontend/node_modules/@vue/runtime-core/dist/runtime-core.esm-bundler.js?v=cfee6d51:5557:11)
    at mountChildren (http://localhost:3001/_nuxt/@fs/home/meebuzo/github/alternate-framework/apps/ecosystem/meeovi-frontend/node_modules/@vue/runtime-core/dist/runtime-core.esm-bundler.js?v=cfee6d51:5808:7)
    at processFragment (http://localhost:3001/_nuxt/@fs/home/meebuzo/github/alternate-framework/apps/ecosystem/meeovi-frontend/node_modules/@vue/runtime-core/dist/runtime-core.esm-bundler.js?v=cfee6d51:5995:7)
    at patch (http://localhost:3001/_nuxt/@fs/home/meebuzo/github/alternate-framework/apps/ecosystem/meeovi-frontend/node_modules/@vue/runtime-core/dist/runtime-core.esm-bundler.js?v=cfee6d51:5531:9)
    at mountChildren (http://localhost:3001/_nuxt/@fs/home/meebuzo/github/alternate-framework/apps/ecosystem/meeovi-frontend/node_modules/@vue/runtime-core/dist/runtime-core.esm-bundler.js?v=cfee6d51:5808:7)
    at mountElement (http://localhost:3001/_nuxt/@fs/home/meebuzo/github/alternate-framework/apps/ecosystem/meeovi-frontend/node_modules/@vue/runtime-core/dist/runtime-core.esm-bundler.js?v=cfee6d51:5724:7)
    at processElement (http://localhost:3001/_nuxt/@fs/home/meebuzo/github/alternate-framework/apps/ecosystem/meeovi-frontend/node_modules/@vue/runtime-core/dist/runtime-core.esm-bundler.js?v=cfee6d51:5679:7)
    at patch (http://localhost:3001/_nuxt/@fs/home/meebuzo/github/alternate-framework/apps/ecosystem/meeovi-frontend/node_modules/@vue/runtime-core/dist/runtime-core.esm-bundler.js?v=cfee6d51:5545:11)
    at mountChildren (http://localhost:3001/_nuxt/@fs/home/meebuzo/github/alternate-framework/apps/ecosystem/meeovi-frontend/node_modules/@vue/runtime-core/dist/runtime-core.esm-bundler.js?v=cfee6d51:5808:7)
    at mountElement (http://localhost:3001/_nuxt/@fs/home/meebuzo/github/alternate-framework/apps/ecosystem/meeovi-frontend/node_modules/@vue/runtime-core/dist/runtime-core.esm-bundler.js?v=cfee6d51:5724:7)
    at processElement (http://localhost:3001/_nuxt/@fs/home/meebuzo/github/alternate-framework/apps/ecosystem/meeovi-frontend/node_modules/@vue/runtime-core/dist/runtime-core.esm-bundler.js?v=cfee6d51:5679:7)
    at patch (http://localhost:3001/_nuxt/@fs/home/meebuzo/github/alternate-framework/apps/ecosystem/meeovi-frontend/node_modules/@vue/runtime-core/dist/runtime-core.esm-bundler.js?v=cfee6d51:5545:11)
    at mountChildren (http://localhost:3001/_nuxt/@fs/home/meebuzo/github/alternate-framework/apps/ecosystem/meeovi-frontend/node_modules/@vue/runtime-core/dist/runtime-core.esm-bundler.js?v=cfee6d51:5808:7)
[   30715ms] [ERROR] Failed to load resource: the server responded with a status of 404 (Not Found) @ http://localhost:3001/api/auth/user/value/name/to-string:0
[   30719ms] [ERROR] Failed to load resource: the server responded with a status of 404 (Not Found) @ http://localhost:3001/api/auth/user/value/name/value-of:0
[   30720ms] [ERROR] Failed to load resource: the server responded with a status of 404 (Not Found) @ http://localhost:3001/api/auth/user/value/name/to-string:0
[   30723ms] [ERROR] Failed to load resource: the server responded with a status of 404 (Not Found) @ http://localhost:3001/api/auth/user/value/name/value-of:0
[   31080ms] [ERROR] Connecting to 'https://o996770.ingest.us.sentry.io/api/5955273/envelope/?sentry_version=7&sentry_key=df1b90fab7c44ce8aef097a63b468d61&sentry_client=sentry.javascript.nuxt%2F10.63.0' violates the following Content Security Policy directive: "connect-src 'self' https://*.mux.com". The action has been blocked. @ http://localhost:3001/_nuxt/@fs/home/meebuzo/github/alternate-framework/apps/ecosystem/meeovi-frontend/node_modules/@sentry/browser/build/npm/esm/dev/transports/fetch.js?v=cfee6d51:31
[   31081ms] [ERROR] Fetch API cannot load https://o996770.ingest.us.sentry.io/api/5955273/envelope/?sentry_version=7&sentry_key=df1b90fab7c44ce8aef097a63b468d61&sentry_client=sentry.javascript.nuxt%2F10.63.0. Refused to connect because it violates the document's Content Security Policy. @ http://localhost:3001/_nuxt/@fs/home/meebuzo/github/alternate-framework/apps/ecosystem/meeovi-frontend/node_modules/@sentry/browser/build/npm/esm/dev/transports/fetch.js?v=cfee6d51:31
[   31084ms] TypeError: Cannot destructure property 'type' of 'vnode' as it is null.
    at unmount (http://localhost:3001/_nuxt/@fs/home/meebuzo/github/alternate-framework/apps/ecosystem/meeovi-frontend/node_modules/@vue/runtime-core/dist/runtime-core.esm-bundler.js?v=cfee6d51:6715:7)
    at unmountComponent (http://localhost:3001/_nuxt/@fs/home/meebuzo/github/alternate-framework/apps/ecosystem/meeovi-frontend/node_modules/@vue/runtime-core/dist/runtime-core.esm-bundler.js?v=cfee6d51:6857:7)
    at unmount (http://localhost:3001/_nuxt/@fs/home/meebuzo/github/alternate-framework/apps/ecosystem/meeovi-frontend/node_modules/@vue/runtime-core/dist/runtime-core.esm-bundler.js?v=cfee6d51:6748:7)
    at unmountChildren (http://localhost:3001/_nuxt/@fs/home/meebuzo/github/alternate-framework/apps/ecosystem/meeovi-frontend/node_modules/@vue/runtime-core/dist/runtime-core.esm-bundler.js?v=cfee6d51:6871:7)
    at unmount (http://localhost:3001/_nuxt/@fs/home/meebuzo/github/alternate-framework/apps/ecosystem/meeovi-frontend/node_modules/@vue/runtime-core/dist/runtime-core.esm-bundler.js?v=cfee6d51:6780:9)
    at unmountComponent (http://localhost:3001/_nuxt/@fs/home/meebuzo/github/alternate-framework/apps/ecosystem/meeovi-frontend/node_modules/@vue/runtime-core/dist/runtime-core.esm-bundler.js?v=cfee6d51:6857:7)
    at unmount (http://localhost:3001/_nuxt/@fs/home/meebuzo/github/alternate-framework/apps/ecosystem/meeovi-frontend/node_modules/@vue/runtime-core/dist/runtime-core.esm-bundler.js?v=cfee6d51:6748:7)
    at unmountChildren (http://localhost:3001/_nuxt/@fs/home/meebuzo/github/alternate-framework/apps/ecosystem/meeovi-frontend/node_modules/@vue/runtime-core/dist/runtime-core.esm-bundler.js?v=cfee6d51:6871:7)
    at unmount (http://localhost:3001/_nuxt/@fs/home/meebuzo/github/alternate-framework/apps/ecosystem/meeovi-frontend/node_modules/@vue/runtime-core/dist/runtime-core.esm-bundler.js?v=cfee6d51:6780:9)
    at unmountChildren (http://localhost:3001/_nuxt/@fs/home/meebuzo/github/alternate-framework/apps/ecosystem/meeovi-frontend/node_modules/@vue/runtime-core/dist/runtime-core.esm-bundler.js?v=cfee6d51:6871:7)
    at unmount (http://localhost:3001/_nuxt/@fs/home/meebuzo/github/alternate-framework/apps/ecosystem/meeovi-frontend/node_modules/@vue/runtime-core/dist/runtime-core.esm-bundler.js?v=cfee6d51:6780:9)
    at unmountChildren (http://localhost:3001/_nuxt/@fs/home/meebuzo/github/alternate-framework/apps/ecosystem/meeovi-frontend/node_modules/@vue/runtime-core/dist/runtime-core.esm-bundler.js?v=cfee6d51:6871:7)
    at unmount (http://localhost:3001/_nuxt/@fs/home/meebuzo/github/alternate-framework/apps/ecosystem/meeovi-frontend/node_modules/@vue/runtime-core/dist/runtime-core.esm-bundler.js?v=cfee6d51:6780:9)
    at unmountChildren (http://localhost:3001/_nuxt/@fs/home/meebuzo/github/alternate-framework/apps/ecosystem/meeovi-frontend/node_modules/@vue/runtime-core/dist/runtime-core.esm-bundler.js?v=cfee6d51:6871:7)
    at unmount (http://localhost:3001/_nuxt/@fs/home/meebuzo/github/alternate-framework/apps/ecosystem/meeovi-frontend/node_modules/@vue/runtime-core/dist/runtime-core.esm-bundler.js?v=cfee6d51:6780:9)
    at unmountChildren (http://localhost:3001/_nuxt/@fs/home/meebuzo/github/alternate-framework/apps/ecosystem/meeovi-frontend/node_modules/@vue/runtime-core/dist/runtime-core.esm-bundler.js?v=cfee6d51:6871:7)
    at unmount (http://localhost:3001/_nuxt/@fs/home/meebuzo/github/alternate-framework/apps/ecosystem/meeovi-frontend/node_modules/@vue/runtime-core/dist/runtime-core.esm-bundler.js?v=cfee6d51:6780:9)
    at unmountComponent (http://localhost:3001/_nuxt/@fs/home/meebuzo/github/alternate-framework/apps/ecosystem/meeovi-frontend/node_modules/@vue/runtime-core/dist/runtime-core.esm-bundler.js?v=cfee6d51:6857:7)
    at unmount (http://localhost:3001/_nuxt/@fs/home/meebuzo/github/alternate-framework/apps/ecosystem/meeovi-frontend/node_modules/@vue/runtime-core/dist/runtime-core.esm-bundler.js?v=cfee6d51:6748:7)
    at unmountChildren (http://localhost:3001/_nuxt/@fs/home/meebuzo/github/alternate-framework/apps/ecosystem/meeovi-frontend/node_modules/@vue/runtime-core/dist/runtime-core.esm-bundler.js?v=cfee6d51:6871:7)
    at unmount (http://localhost:3001/_nuxt/@fs/home/meebuzo/github/alternate-framework/apps/ecosystem/meeovi-frontend/node_modules/@vue/runtime-core/dist/runtime-core.esm-bundler.js?v=cfee6d51:6772:9)
    at unmountComponent (http://localhost:3001/_nuxt/@fs/home/meebuzo/github/alternate-framework/apps/ecosystem/meeovi-frontend/node_modules/@vue/runtime-core/dist/runtime-core.esm-bundler.js?v=cfee6d51:6857:7)
    at unmount (http://localhost:3001/_nuxt/@fs/home/meebuzo/github/alternate-framework/apps/ecosystem/meeovi-frontend/node_modules/@vue/runtime-core/dist/runtime-core.esm-bundler.js?v=cfee6d51:6748:7)
    at unmountChildren (http://localhost:3001/_nuxt/@fs/home/meebuzo/github/alternate-framework/apps/ecosystem/meeovi-frontend/node_modules/@vue/runtime-core/dist/runtime-core.esm-bundler.js?v=cfee6d51:6871:7)
    at unmount (http://localhost:3001/_nuxt/@fs/home/meebuzo/github/alternate-framework/apps/ecosystem/meeovi-frontend/node_modules/@vue/runtime-core/dist/runtime-core.esm-bundler.js?v=cfee6d51:6780:9)
    at unmountComponent (http://localhost:3001/_nuxt/@fs/home/meebuzo/github/alternate-framework/apps/ecosystem/meeovi-frontend/node_modules/@vue/runtime-core/dist/runtime-core.esm-bundler.js?v=cfee6d51:6857:7)
    at unmount (http://localhost:3001/_nuxt/@fs/home/meebuzo/github/alternate-framework/apps/ecosystem/meeovi-frontend/node_modules/@vue/runtime-core/dist/runtime-core.esm-bundler.js?v=cfee6d51:6748:7)
    at unmountChildren (http://localhost:3001/_nuxt/@fs/home/meebuzo/github/alternate-framework/apps/ecosystem/meeovi-frontend/node_modules/@vue/runtime-core/dist/runtime-core.esm-bundler.js?v=cfee6d51:6871:7)
    at unmount (http://localhost:3001/_nuxt/@fs/home/meebuzo/github/alternate-framework/apps/ecosystem/meeovi-frontend/node_modules/@vue/runtime-core/dist/runtime-core.esm-bundler.js?v=cfee6d51:6780:9)
    at unmountComponent (http://localhost:3001/_nuxt/@fs/home/meebuzo/github/alternate-framework/apps/ecosystem/meeovi-frontend/node_modules/@vue/runtime-core/dist/runtime-core.esm-bundler.js?v=cfee6d51:6857:7)
    at unmount (http://localhost:3001/_nuxt/@fs/home/meebuzo/github/alternate-framework/apps/ecosystem/meeovi-frontend/node_modules/@vue/runtime-core/dist/runtime-core.esm-bundler.js?v=cfee6d51:6748:7)
    at unmountChildren (http://localhost:3001/_nuxt/@fs/home/meebuzo/github/alternate-framework/apps/ecosystem/meeovi-frontend/node_modules/@vue/runtime-core/dist/runtime-core.esm-bundler.js?v=cfee6d51:6871:7)
    at unmount (http://localhost:3001/_nuxt/@fs/home/meebuzo/github/alternate-framework/apps/ecosystem/meeovi-frontend/node_modules/@vue/runtime-core/dist/runtime-core.esm-bundler.js?v=cfee6d51:6780:9)
    at unmountChildren (http://localhost:3001/_nuxt/@fs/home/meebuzo/github/alternate-framework/apps/ecosystem/meeovi-frontend/node_modules/@vue/runtime-core/dist/runtime-core.esm-bundler.js?v=cfee6d51:6871:7)
    at unmount (http://localhost:3001/_nuxt/@fs/home/meebuzo/github/alternate-framework/apps/ecosystem/meeovi-frontend/node_modules/@vue/runtime-core/dist/runtime-core.esm-bundler.js?v=cfee6d51:6780:9)
    at unmountChildren (http://localhost:3001/_nuxt/@fs/home/meebuzo/github/alternate-framework/apps/ecosystem/meeovi-frontend/node_modules/@vue/runtime-core/dist/runtime-core.esm-bundler.js?v=cfee6d51:6871:7)
    at unmount (http://localhost:3001/_nuxt/@fs/home/meebuzo/github/alternate-framework/apps/ecosystem/meeovi-frontend/node_modules/@vue/runtime-core/dist/runtime-core.esm-bundler.js?v=cfee6d51:6780:9)
    at unmountChildren (http://localhost:3001/_nuxt/@fs/home/meebuzo/github/alternate-framework/apps/ecosystem/meeovi-frontend/node_modules/@vue/runtime-core/dist/runtime-core.esm-bundler.js?v=cfee6d51:6871:7)
    at unmount (http://localhost:3001/_nuxt/@fs/home/meebuzo/github/alternate-framework/apps/ecosystem/meeovi-frontend/node_modules/@vue/runtime-core/dist/runtime-core.esm-bundler.js?v=cfee6d51:6780:9)
    at unmountComponent (http://localhost:3001/_nuxt/@fs/home/meebuzo/github/alternate-framework/apps/ecosystem/meeovi-frontend/node_modules/@vue/runtime-core/dist/runtime-core.esm-bundler.js?v=cfee6d51:6857:7)
    at unmount (http://localhost:3001/_nuxt/@fs/home/meebuzo/github/alternate-framework/apps/ecosystem/meeovi-frontend/node_modules/@vue/runtime-core/dist/runtime-core.esm-bundler.js?v=cfee6d51:6748:7)
    at unmountChildren (http://localhost:3001/_nuxt/@fs/home/meebuzo/github/alternate-framework/apps/ecosystem/meeovi-frontend/node_modules/@vue/runtime-core/dist/runtime-core.esm-bundler.js?v=cfee6d51:6871:7)
    at unmount (http://localhost:3001/_nuxt/@fs/home/meebuzo/github/alternate-framework/apps/ecosystem/meeovi-frontend/node_modules/@vue/runtime-core/dist/runtime-core.esm-bundler.js?v=cfee6d51:6780:9)
    at unmountComponent (http://localhost:3001/_nuxt/@fs/home/meebuzo/github/alternate-framework/apps/ecosystem/meeovi-frontend/node_modules/@vue/runtime-core/dist/runtime-core.esm-bundler.js?v=cfee6d51:6857:7)
    at unmount (http://localhost:3001/_nuxt/@fs/home/meebuzo/github/alternate-framework/apps/ecosystem/meeovi-frontend/node_modules/@vue/runtime-core/dist/runtime-core.esm-bundler.js?v=cfee6d51:6748:7)
    at unmountComponent (http://localhost:3001/_nuxt/@fs/home/meebuzo/github/alternate-framework/apps/ecosystem/meeovi-frontend/node_modules/@vue/runtime-core/dist/runtime-core.esm-bundler.js?v=cfee6d51:6857:7)
    at unmount (http://localhost:3001/_nuxt/@fs/home/meebuzo/github/alternate-framework/apps/ecosystem/meeovi-frontend/node_modules/@vue/runtime-core/dist/runtime-core.esm-bundler.js?v=cfee6d51:6748:7)
    at unmountChildren (http://localhost:3001/_nuxt/@fs/home/meebuzo/github/alternate-framework/apps/ecosystem/meeovi-frontend/node_modules/@vue/runtime-core/dist/runtime-core.esm-bundler.js?v=cfee6d51:6871:7)
    at unmount (http://localhost:3001/_nuxt/@fs/home/meebuzo/github/alternate-framework/apps/ecosystem/meeovi-frontend/node_modules/@vue/runtime-core/dist/runtime-core.esm-bundler.js?v=cfee6d51:6772:9)
    at unmountComponent (http://localhost:3001/_nuxt/@fs/home/meebuzo/github/alternate-framework/apps/ecosystem/meeovi-frontend/node_modules/@vue/runtime-core/dist/runtime-core.esm-bundler.js?v=cfee6d51:6857:7)
[   31089ms] [WARNING] The resource https://assets.lemonsqueezy.com/lemon.js was preloaded using link preload but not used within a few seconds from the window's load event. Please make sure it has an appropriate `as` value and it is preloaded intentionally. @ http://localhost:3001/results?q=test:0
[   31089ms] [WARNING] The resource http://localhost:3001/_scripts/assets/617ef9f044b38e3e.js was preloaded using link preload but not used within a few seconds from the window's load event. Please make sure it has an appropriate `as` value and it is preloaded intentionally. @ http://localhost:3001/results?q=test:0
[   31089ms] [WARNING] The resource http://localhost:3001/_scripts/assets/19c30be51d281b68.js was preloaded using link preload but not used within a few seconds from the window's load event. Please make sure it has an appropriate `as` value and it is preloaded intentionally. @ http://localhost:3001/results?q=test:0
[   31089ms] [WARNING] The resource https://analytics.tiktok.com/i18n/pixel/events.js?sdkid=CXXXXXXXXXXXXXX&lib=ttq was preloaded using link preload but not used within a few seconds from the window's load event. Please make sure it has an appropriate `as` value and it is preloaded intentionally. @ http://localhost:3001/results?q=test:0
[   31089ms] [WARNING] The resource http://localhost:3001/_scripts/assets/feee309636b01acc.js was preloaded using link preload but not used within a few seconds from the window's load event. Please make sure it has an appropriate `as` value and it is preloaded intentionally. @ http://localhost:3001/results?q=test:0
[   31089ms] [WARNING] The resource http://localhost:3001/_scripts/assets/855230e132191715.js was preloaded using link preload but not used within a few seconds from the window's load event. Please make sure it has an appropriate `as` value and it is preloaded intentionally. @ http://localhost:3001/results?q=test:0
[   31089ms] [WARNING] The resource http://localhost:3001/_scripts/assets/c9d9e48a8e62fd8b.js was preloaded using link preload but not used within a few seconds from the window's load event. Please make sure it has an appropriate `as` value and it is preloaded intentionally. @ http://localhost:3001/results?q=test:0
[   31089ms] [WARNING] The resource http://localhost:3001/_scripts/assets/1f21dc953a5b896b.js?id=GTM-MQ4JC38D was preloaded using link preload but not used within a few seconds from the window's load event. Please make sure it has an appropriate `as` value and it is preloaded intentionally. @ http://localhost:3001/results?q=test:0
[   31089ms] [WARNING] The resource https://www.google.com/recaptcha/api.js?render=6LefSp8pAAAAAPTNjynL-drL6LWYuwEJ7LzDh01O was preloaded using link preload but not used within a few seconds from the window's load event. Please make sure it has an appropriate `as` value and it is preloaded intentionally. @ http://localhost:3001/results?q=test:0
[   31089ms] [WARNING] The resource http://localhost:3001/_scripts/assets/359ae0d6a58473c2.js was preloaded using link preload but not used within a few seconds from the window's load event. Please make sure it has an appropriate `as` value and it is preloaded intentionally. @ http://localhost:3001/results?q=test:0
[   31089ms] [WARNING] The resource https://www.sandbox.paypal.com/web-sdk/v6/core was preloaded using link preload but not used within a few seconds from the window's load event. Please make sure it has an appropriate `as` value and it is preloaded intentionally. @ http://localhost:3001/results?q=test:0
[   31184ms] [ERROR] Connecting to 'https://ep1.adtrafficquality.google/getconfig/sodar?sv=200&tid=gda&tv=r20260709&st=env&sjk=2703241083209993' violates the following Content Security Policy directive: "connect-src 'self' https://*.mux.com". The action has been blocked. @ http://localhost:3001/_nuxt/@fs/home/meebuzo/github/alternate-framework/apps/ecosystem/meeovi-frontend/node_modules/@sentry/browser/build/npm/esm/dev/integrations/browserapierrors.js?v=cfee6d51:94
[   31599ms] [WARNING] [TikTok Pixel] - Invalid pixel ID
Issue: The pixel ID is invalid. This could prevent your pixel from receiving data.
Suggestion: Please go to Events Manager and find the correct pixel ID. @ http://localhost:3001/_nuxt/@fs/home/meebuzo/github/alternate-framework/apps/ecosystem/meeovi-frontend/node_modules/@sentry/core/build/esm/instrument/console.js?v=cfee6d51:42
[   31604ms] [ERROR] Connecting to 'https://analytics.tiktok.com/api/v2/pixel' violates the following Content Security Policy directive: "connect-src 'self' https://*.mux.com". The action has been blocked. @ https://analytics.tiktok.com/i18n/pixel/static/main.MTA2MWE1OWMwMA.js:0
[   31722ms] [WARNING] [Stripe.js] It looks like Stripe.js was loaded more than one time. Please only load it once per page. @ http://localhost:3001/_nuxt/@fs/home/meebuzo/github/alternate-framework/apps/ecosystem/meeovi-frontend/node_modules/@sentry/core/build/esm/instrument/console.js?v=cfee6d51:42
[   31934ms] [ERROR] Connecting to 'https://analytics.tiktok.com/api/v2/pixel/act' violates the following Content Security Policy directive: "connect-src 'self' https://*.mux.com". The action has been blocked. @ https://analytics.tiktok.com/i18n/pixel/static/main.MTA2MWE1OWMwMA.js:0
[   39574ms] [ERROR] Failed to load resource: the server responded with a status of 500 (Server Error) @ http://localhost:3001/q_auto/images/logo512alpha.png:0
