[    1567ms] [ERROR] Failed to load resource: net::ERR_NETWORK_CHANGED @ http://localhost:3001/_nuxt/@fs/home/meebuzo/github/alternate-framework/node_modules/vuetify/lib/components/VIcon/VIcon.css:0
[    1567ms] [ERROR] Failed to load resource: net::ERR_NETWORK_CHANGED @ http://localhost:3001/_nuxt/home/meebuzo/github/alternate-framework/node_modules/vuetify/lib/components/VIcon/VIcon.css:0
[    1568ms] [ERROR] Failed to load resource: net::ERR_NETWORK_CHANGED @ http://localhost:3001/_nuxt/@fs/home/meebuzo/github/alternate-framework/node_modules/vuetify/lib/components/VProgressCircular/VProgressCircular.css:0
[    1568ms] [ERROR] Failed to load resource: net::ERR_NETWORK_CHANGED @ http://localhost:3001/_nuxt/home/meebuzo/github/alternate-framework/node_modules/vuetify/lib/components/VProgressCircular/VProgressCircular.css:0
[    1568ms] [ERROR] Failed to load resource: net::ERR_NETWORK_CHANGED @ http://localhost:3001/_nuxt/@fs/home/meebuzo/github/alternate-framework/node_modules/vuetify/lib/components/VProgressLinear/VProgressLinear.css:0
[    1568ms] [ERROR] Failed to load resource: net::ERR_NETWORK_CHANGED @ http://localhost:3001/_nuxt/home/meebuzo/github/alternate-framework/node_modules/vuetify/lib/components/VProgressLinear/VProgressLinear.css:0
[    1568ms] [ERROR] Failed to load resource: net::ERR_NETWORK_CHANGED @ http://localhost:3001/_nuxt/@fs/home/meebuzo/github/alternate-framework/node_modules/vuetify/lib/directives/ripple/VRipple.css:0
[    1568ms] [ERROR] Failed to load resource: net::ERR_NETWORK_CHANGED @ http://localhost:3001/_nuxt/home/meebuzo/github/alternate-framework/node_modules/vuetify/lib/directives/ripple/VRipple.css:0
[    1570ms] [ERROR] Failed to load resource: net::ERR_NETWORK_CHANGED @ http://localhost:3001/_nuxt/@fs/home/meebuzo/github/alternate-framework/node_modules/vuetify/lib/components/VAlert/VAlert.css:0
[    1570ms] [ERROR] Failed to load resource: net::ERR_NETWORK_CHANGED @ http://localhost:3001/_nuxt/home/meebuzo/github/alternate-framework/node_modules/vuetify/lib/components/VAlert/VAlert.css:0
[    1570ms] [ERROR] Failed to load resource: net::ERR_NETWORK_CHANGED @ http://localhost:3001/_nuxt/@fs/home/meebuzo/github/alternate-framework/node_modules/vuetify/lib/components/VAutocomplete/VAutocomplete.css:0
[    1570ms] [ERROR] Failed to load resource: net::ERR_NETWORK_CHANGED @ http://localhost:3001/_nuxt/home/meebuzo/github/alternate-framework/node_modules/vuetify/lib/components/VAutocomplete/VAutocomplete.css:0
[    1570ms] [ERROR] Failed to load resource: net::ERR_NETWORK_CHANGED @ http://localhost:3001/_nuxt/@fs/home/meebuzo/github/alternate-framework/node_modules/vuetify/lib/components/VAvatar/VAvatar.css:0
[    1570ms] [ERROR] Failed to load resource: net::ERR_NETWORK_CHANGED @ http://localhost:3001/_nuxt/home/meebuzo/github/alternate-framework/node_modules/vuetify/lib/components/VAvatar/VAvatar.css:0
[    1571ms] [ERROR] Failed to load resource: net::ERR_NETWORK_CHANGED @ http://localhost:3001/_nuxt/@fs/home/meebuzo/github/alternate-framework/node_modules/vuetify/lib/components/VBadge/VBadge.css:0
[    1575ms] [ERROR] Failed to load resource: net::ERR_NETWORK_CHANGED @ http://localhost:3001/_nuxt/home/meebuzo/github/alternate-framework/node_modules/vuetify/lib/components/VBadge/VBadge.css:0
[    1575ms] [ERROR] Failed to load resource: net::ERR_NETWORK_CHANGED @ http://localhost:3001/_nuxt/@fs/home/meebuzo/github/alternate-framework/node_modules/vuetify/lib/components/VCheckbox/VCheckbox.css:0
[    1575ms] [ERROR] Failed to load resource: net::ERR_NETWORK_CHANGED @ http://localhost:3001/_nuxt/home/meebuzo/github/alternate-framework/node_modules/vuetify/lib/components/VCheckbox/VCheckbox.css:0
[    1577ms] [ERROR] Failed to load resource: net::ERR_NETWORK_CHANGED @ http://localhost:3001/_nuxt/@fs/home/meebuzo/github/alternate-framework/node_modules/vuetify/lib/components/VSelectionControl/VSelectionControl.css:0
[    1577ms] [ERROR] Failed to load resource: net::ERR_NETWORK_CHANGED @ http://localhost:3001/_nuxt/home/meebuzo/github/alternate-framework/node_modules/vuetify/lib/components/VSelectionControl/VSelectionControl.css:0
[    1577ms] [ERROR] Failed to load resource: net::ERR_NETWORK_CHANGED @ http://localhost:3001/_nuxt/@fs/home/meebuzo/github/alternate-framework/node_modules/vuetify/lib/components/VLabel/VLabel.css:0
[    1578ms] [ERROR] Failed to load resource: net::ERR_NETWORK_CHANGED @ http://localhost:3001/_nuxt/home/meebuzo/github/alternate-framework/node_modules/vuetify/lib/components/VLabel/VLabel.css:0
[    1578ms] [ERROR] Failed to load resource: net::ERR_NETWORK_CHANGED @ http://localhost:3001/_nuxt/@fs/home/meebuzo/github/alternate-framework/node_modules/vuetify/lib/components/VSelectionControlGroup/VSelectionControlGroup.css:0
[    1578ms] [ERROR] Failed to load resource: net::ERR_NETWORK_CHANGED @ http://localhost:3001/_nuxt/home/meebuzo/github/alternate-framework/node_modules/vuetify/lib/components/VSelectionControlGroup/VSelectionControlGroup.css:0
[    1581ms] [ERROR] Failed to load resource: net::ERR_NETWORK_CHANGED @ http://localhost:3001/_nuxt/@fs/home/meebuzo/github/alternate-framework/node_modules/vuetify/lib/components/VInput/VInput.css:0
[    1589ms] [ERROR] Failed to load resource: net::ERR_NETWORK_CHANGED @ http://localhost:3001/_nuxt/home/meebuzo/github/alternate-framework/node_modules/vuetify/lib/components/VInput/VInput.css:0
[    1589ms] [ERROR] Failed to load resource: net::ERR_NETWORK_CHANGED @ http://localhost:3001/_nuxt/@fs/home/meebuzo/github/alternate-framework/node_modules/vuetify/lib/components/VMessages/VMessages.css:0
[    1589ms] [ERROR] Failed to load resource: net::ERR_NETWORK_CHANGED @ http://localhost:3001/_nuxt/home/meebuzo/github/alternate-framework/node_modules/vuetify/lib/components/VMessages/VMessages.css:0
[    1589ms] [ERROR] Failed to load resource: net::ERR_NETWORK_CHANGED @ http://localhost:3001/_nuxt/@fs/home/meebuzo/github/alternate-framework/node_modules/vuetify/lib/components/VChip/VChip.css:0
[    1590ms] [ERROR] Failed to load resource: net::ERR_NETWORK_CHANGED @ http://localhost:3001/_nuxt/home/meebuzo/github/alternate-framework/node_modules/vuetify/lib/components/VChip/VChip.css:0
[    1590ms] [ERROR] Failed to load resource: net::ERR_NETWORK_CHANGED @ http://localhost:3001/_nuxt/@fs/home/meebuzo/github/alternate-framework/node_modules/vuetify/lib/components/VChipGroup/VChipGroup.css:0
[    1590ms] [ERROR] Failed to load resource: net::ERR_NETWORK_CHANGED @ http://localhost:3001/_nuxt/home/meebuzo/github/alternate-framework/node_modules/vuetify/lib/components/VChipGroup/VChipGroup.css:0
[    1592ms] [ERROR] Failed to load resource: net::ERR_NETWORK_CHANGED @ http://localhost:3001/_nuxt/@fs/home/meebuzo/github/alternate-framework/node_modules/vuetify/lib/components/VSlideGroup/VSlideGroup.css:0
[    1592ms] [ERROR] Failed to load resource: net::ERR_NETWORK_CHANGED @ http://localhost:3001/_nuxt/home/meebuzo/github/alternate-framework/node_modules/vuetify/lib/components/VSlideGroup/VSlideGroup.css:0
[    1592ms] [ERROR] Failed to load resource: net::ERR_NETWORK_CHANGED @ http://localhost:3001/_nuxt/@fs/home/meebuzo/github/alternate-framework/node_modules/vuetify/lib/components/VDivider/VDivider.css:0
[    1592ms] [ERROR] Failed to load resource: net::ERR_NETWORK_CHANGED @ http://localhost:3001/_nuxt/home/meebuzo/github/alternate-framework/node_modules/vuetify/lib/components/VDivider/VDivider.css:0
[    1592ms] [ERROR] Failed to load resource: net::ERR_NETWORK_CHANGED @ http://localhost:3001/_nuxt/@fs/home/meebuzo/github/alternate-framework/node_modules/vuetify/lib/components/VList/VList.css:0
[    1592ms] [ERROR] Failed to load resource: net::ERR_NETWORK_CHANGED @ http://localhost:3001/_nuxt/home/meebuzo/github/alternate-framework/node_modules/vuetify/lib/components/VList/VList.css:0
[    1592ms] [ERROR] Failed to load resource: net::ERR_NETWORK_CHANGED @ http://localhost:3001/_nuxt/@fs/home/meebuzo/github/alternate-framework/node_modules/vuetify/lib/components/VList/VListItem.css:0
[    1596ms] [ERROR] Failed to load resource: net::ERR_NETWORK_CHANGED @ http://localhost:3001/_nuxt/home/meebuzo/github/alternate-framework/node_modules/vuetify/lib/components/VList/VListItem.css:0
[    1596ms] [ERROR] Failed to load resource: net::ERR_NETWORK_CHANGED @ http://localhost:3001/_nuxt/@fs/home/meebuzo/github/alternate-framework/node_modules/vuetify/lib/components/VMenu/VMenu.css:0
[    1596ms] [ERROR] Failed to load resource: net::ERR_NETWORK_CHANGED @ http://localhost:3001/_nuxt/home/meebuzo/github/alternate-framework/node_modules/vuetify/lib/components/VMenu/VMenu.css:0
[    1596ms] [ERROR] Failed to load resource: net::ERR_NETWORK_CHANGED @ http://localhost:3001/_nuxt/@fs/home/meebuzo/github/alternate-framework/node_modules/vuetify/lib/components/VOverlay/VOverlay.css:0
[    1597ms] [ERROR] Failed to load resource: net::ERR_NETWORK_CHANGED @ http://localhost:3001/_nuxt/home/meebuzo/github/alternate-framework/node_modules/vuetify/lib/components/VOverlay/VOverlay.css:0
[    1597ms] [ERROR] Failed to load resource: net::ERR_NETWORK_CHANGED @ http://localhost:3001/_nuxt/@fs/home/meebuzo/github/alternate-framework/node_modules/vuetify/lib/components/VSelect/VSelect.css:0
[    1597ms] [ERROR] Failed to load resource: net::ERR_NETWORK_CHANGED @ http://localhost:3001/_nuxt/home/meebuzo/github/alternate-framework/node_modules/vuetify/lib/components/VSelect/VSelect.css:0
[    1597ms] [ERROR] Failed to load resource: net::ERR_NETWORK_CHANGED @ http://localhost:3001/_nuxt/@fs/home/meebuzo/github/alternate-framework/node_modules/vuetify/lib/components/VSheet/VSheet.css:0
[    1597ms] [ERROR] Failed to load resource: net::ERR_NETWORK_CHANGED @ http://localhost:3001/_nuxt/home/meebuzo/github/alternate-framework/node_modules/vuetify/lib/components/VSheet/VSheet.css:0
[    1597ms] [ERROR] Failed to load resource: net::ERR_NETWORK_CHANGED @ http://localhost:3001/_nuxt/@fs/home/meebuzo/github/alternate-framework/node_modules/vuetify/lib/components/VTextField/VTextField.css:0
[    1597ms] [ERROR] Failed to load resource: net::ERR_NETWORK_CHANGED @ http://localhost:3001/_nuxt/home/meebuzo/github/alternate-framework/node_modules/vuetify/lib/components/VTextField/VTextField.css:0
[    1597ms] [ERROR] Failed to load resource: net::ERR_NETWORK_CHANGED @ http://localhost:3001/_nuxt/@fs/home/meebuzo/github/alternate-framework/node_modules/vuetify/lib/components/VCounter/VCounter.css:0
[    1597ms] [ERROR] Failed to load resource: net::ERR_NETWORK_CHANGED @ http://localhost:3001/_nuxt/home/meebuzo/github/alternate-framework/node_modules/vuetify/lib/components/VCounter/VCounter.css:0
[    1598ms] [ERROR] Failed to load resource: net::ERR_NETWORK_CHANGED @ http://localhost:3001/_nuxt/@fs/home/meebuzo/github/alternate-framework/node_modules/vuetify/lib/components/VField/VField.css:0
[    1598ms] [ERROR] Failed to load resource: net::ERR_NETWORK_CHANGED @ http://localhost:3001/_nuxt/home/meebuzo/github/alternate-framework/node_modules/vuetify/lib/components/VField/VField.css:0
[    1600ms] [ERROR] Failed to load resource: net::ERR_NETWORK_CHANGED @ http://localhost:3001/_nuxt/@fs/home/meebuzo/github/alternate-framework/node_modules/vuetify/lib/components/VVirtualScroll/VVirtualScroll.css:0
[    1600ms] [ERROR] Failed to load resource: net::ERR_NETWORK_CHANGED @ http://localhost:3001/_nuxt/home/meebuzo/github/alternate-framework/node_modules/vuetify/lib/components/VVirtualScroll/VVirtualScroll.css:0
[    1602ms] [ERROR] Failed to load resource: net::ERR_NETWORK_CHANGED @ http://localhost:3001/_nuxt/@fs/home/meebuzo/github/alternate-framework/node_modules/vuetify/lib/labs/VHighlight/VHighlight.css:0
[    1602ms] [ERROR] Failed to load resource: net::ERR_NETWORK_CHANGED @ http://localhost:3001/_nuxt/home/meebuzo/github/alternate-framework/node_modules/vuetify/lib/labs/VHighlight/VHighlight.css:0
[    1602ms] [ERROR] Failed to load resource: net::ERR_NETWORK_CHANGED @ http://localhost:3001/_nuxt/@fs/home/meebuzo/github/alternate-framework/node_modules/vuetify/lib/components/VBanner/VBanner.css:0
[    1602ms] [ERROR] Failed to load resource: net::ERR_NETWORK_CHANGED @ http://localhost:3001/_nuxt/home/meebuzo/github/alternate-framework/node_modules/vuetify/lib/components/VBanner/VBanner.css:0
[    1602ms] [ERROR] Failed to load resource: net::ERR_NETWORK_CHANGED @ http://localhost:3001/_nuxt/@fs/home/meebuzo/github/alternate-framework/node_modules/vuetify/lib/components/VBottomNavigation/VBottomNavigation.css:0
[    1602ms] [ERROR] Failed to load resource: net::ERR_NETWORK_CHANGED @ http://localhost:3001/_nuxt/home/meebuzo/github/alternate-framework/node_modules/vuetify/lib/components/VBottomNavigation/VBottomNavigation.css:0
[    1602ms] [ERROR] Failed to load resource: net::ERR_NETWORK_CHANGED @ http://localhost:3001/_nuxt/@fs/home/meebuzo/github/alternate-framework/node_modules/vuetify/lib/components/VBottomSheet/VBottomSheet.css:0
[    1602ms] [ERROR] Failed to load resource: net::ERR_NETWORK_CHANGED @ http://localhost:3001/_nuxt/home/meebuzo/github/alternate-framework/node_modules/vuetify/lib/components/VBottomSheet/VBottomSheet.css:0
[    1602ms] [ERROR] Failed to load resource: net::ERR_NETWORK_CHANGED @ http://localhost:3001/_nuxt/@fs/home/meebuzo/github/alternate-framework/node_modules/vuetify/lib/components/VDialog/VDialog.css:0
[    1602ms] [ERROR] Failed to load resource: net::ERR_NETWORK_CHANGED @ http://localhost:3001/_nuxt/home/meebuzo/github/alternate-framework/node_modules/vuetify/lib/components/VDialog/VDialog.css:0
[    1602ms] [ERROR] Failed to load resource: net::ERR_NETWORK_CHANGED @ http://localhost:3001/_nuxt/@fs/home/meebuzo/github/alternate-framework/node_modules/vuetify/lib/components/VBreadcrumbs/VBreadcrumbs.css:0
[    1602ms] [ERROR] Failed to load resource: net::ERR_NETWORK_CHANGED @ http://localhost:3001/_nuxt/home/meebuzo/github/alternate-framework/node_modules/vuetify/lib/components/VBreadcrumbs/VBreadcrumbs.css:0
[    1602ms] [ERROR] Failed to load resource: net::ERR_NETWORK_CHANGED @ http://localhost:3001/_nuxt/@fs/home/meebuzo/github/alternate-framework/node_modules/vuetify/lib/components/VCalendar/VCalendarCategory.css:0
[    1602ms] [ERROR] Failed to load resource: net::ERR_NETWORK_CHANGED @ http://localhost:3001/_nuxt/@fs/home/meebuzo/github/alternate-framework/node_modules/vuetify/lib/components/VCalendar/VCalendarDaily.css:0
[    1602ms] [ERROR] Failed to load resource: net::ERR_NETWORK_CHANGED @ http://localhost:3001/_nuxt/@fs/home/meebuzo/github/alternate-framework/node_modules/vuetify/lib/components/VCalendar/VCalendarWeekly.css:0
[    1602ms] [ERROR] Failed to load resource: net::ERR_NETWORK_CHANGED @ http://localhost:3001/_nuxt/home/meebuzo/github/alternate-framework/node_modules/vuetify/lib/components/VCalendar/VCalendarCategory.css:0
[    1602ms] [ERROR] Failed to load resource: net::ERR_NETWORK_CHANGED @ http://localhost:3001/_nuxt/home/meebuzo/github/alternate-framework/node_modules/vuetify/lib/components/VCalendar/VCalendarDaily.css:0
[    1602ms] [ERROR] Failed to load resource: net::ERR_NETWORK_CHANGED @ http://localhost:3001/_nuxt/home/meebuzo/github/alternate-framework/node_modules/vuetify/lib/components/VCalendar/VCalendarWeekly.css:0
[    1602ms] [ERROR] Failed to load resource: net::ERR_NETWORK_CHANGED @ http://localhost:3001/_nuxt/@fs/home/meebuzo/github/alternate-framework/node_modules/vuetify/lib/components/VIconBtn/VIconBtn.css:0
[    1603ms] [ERROR] Failed to load resource: net::ERR_NETWORK_CHANGED @ http://localhost:3001/_nuxt/home/meebuzo/github/alternate-framework/node_modules/vuetify/lib/components/VIconBtn/VIconBtn.css:0
[    1604ms] [ERROR] Failed to load resource: net::ERR_NETWORK_CHANGED @ http://localhost:3001/_nuxt/@fs/home/meebuzo/github/alternate-framework/node_modules/vuetify/lib/components/VCalendar/composables/calendarWithEvents.css:0
[    1604ms] [ERROR] Failed to load resource: net::ERR_NETWORK_CHANGED @ http://localhost:3001/_nuxt/home/meebuzo/github/alternate-framework/node_modules/vuetify/lib/components/VCalendar/composables/calendarWithEvents.css:0
[    1605ms] [ERROR] Failed to load resource: net::ERR_NETWORK_CHANGED @ http://localhost:3001/_nuxt/@fs/home/meebuzo/github/alternate-framework/node_modules/vuetify/lib/components/VCard/VCard.css:0
[    1608ms] [ERROR] Failed to load resource: net::ERR_NETWORK_CHANGED @ http://localhost:3001/_nuxt/home/meebuzo/github/alternate-framework/node_modules/vuetify/lib/components/VCard/VCard.css:0
[    1608ms] [ERROR] Failed to load resource: net::ERR_NETWORK_CHANGED @ http://localhost:3001/_nuxt/@fs/home/meebuzo/github/alternate-framework/node_modules/vuetify/lib/components/VCarousel/VCarousel.css:0
[    1608ms] [ERROR] Failed to load resource: net::ERR_NETWORK_CHANGED @ http://localhost:3001/_nuxt/home/meebuzo/github/alternate-framework/node_modules/vuetify/lib/components/VCarousel/VCarousel.css:0
[    1608ms] [ERROR] Failed to load resource: net::ERR_NETWORK_CHANGED @ http://localhost:3001/_nuxt/@fs/home/meebuzo/github/alternate-framework/node_modules/vuetify/lib/components/VWindow/VWindow.css:0
[    1608ms] [ERROR] Failed to load resource: net::ERR_NETWORK_CHANGED @ http://localhost:3001/_nuxt/home/meebuzo/github/alternate-framework/node_modules/vuetify/lib/components/VWindow/VWindow.css:0
[    1609ms] [ERROR] Failed to load resource: net::ERR_NETWORK_CHANGED @ http://localhost:3001/_nuxt/@fs/home/meebuzo/github/alternate-framework/node_modules/vuetify/lib/components/VCode/VCode.css:0
[    1609ms] [ERROR] Failed to load resource: net::ERR_NETWORK_CHANGED @ http://localhost:3001/_nuxt/home/meebuzo/github/alternate-framework/node_modules/vuetify/lib/components/VCode/VCode.css:0
[    1609ms] [ERROR] Failed to load resource: net::ERR_NETWORK_CHANGED @ http://localhost:3001/_nuxt/@fs/home/meebuzo/github/alternate-framework/node_modules/vuetify/lib/components/VColorInput/VColorInput.css:0
[    1609ms] [ERROR] Failed to load resource: net::ERR_NETWORK_CHANGED @ http://localhost:3001/_nuxt/home/meebuzo/github/alternate-framework/node_modules/vuetify/lib/components/VColorInput/VColorInput.css:0
[    1609ms] [ERROR] Failed to load resource: net::ERR_NETWORK_CHANGED @ http://localhost:3001/_nuxt/@fs/home/meebuzo/github/alternate-framework/node_modules/vuetify/lib/components/VColorPicker/VColorPicker.css:0
[    1609ms] [ERROR] Failed to load resource: net::ERR_NETWORK_CHANGED @ http://localhost:3001/_nuxt/home/meebuzo/github/alternate-framework/node_modules/vuetify/lib/components/VColorPicker/VColorPicker.css:0
[    1609ms] [ERROR] Failed to load resource: net::ERR_NETWORK_CHANGED @ http://localhost:3001/_nuxt/@fs/home/meebuzo/github/alternate-framework/node_modules/vuetify/lib/components/VColorPicker/VColorPickerCanvas.css:0
[    1609ms] [ERROR] Failed to load resource: net::ERR_NETWORK_CHANGED @ http://localhost:3001/_nuxt/home/meebuzo/github/alternate-framework/node_modules/vuetify/lib/components/VColorPicker/VColorPickerCanvas.css:0
[    1609ms] [ERROR] Failed to load resource: net::ERR_NETWORK_CHANGED @ http://localhost:3001/_nuxt/@fs/home/meebuzo/github/alternate-framework/node_modules/vuetify/lib/components/VColorPicker/VColorPickerEdit.css:0
[    1610ms] [ERROR] Failed to load resource: net::ERR_NETWORK_CHANGED @ http://localhost:3001/_nuxt/home/meebuzo/github/alternate-framework/node_modules/vuetify/lib/components/VColorPicker/VColorPickerEdit.css:0
[    1610ms] [ERROR] Failed to load resource: net::ERR_NETWORK_CHANGED @ http://localhost:3001/_nuxt/@fs/home/meebuzo/github/alternate-framework/node_modules/vuetify/lib/components/VColorPicker/VColorPickerPreview.css:0
[    1610ms] [ERROR] Failed to load resource: net::ERR_NETWORK_CHANGED @ http://localhost:3001/_nuxt/home/meebuzo/github/alternate-framework/node_modules/vuetify/lib/components/VColorPicker/VColorPickerPreview.css:0
[    1610ms] [ERROR] Failed to load resource: net::ERR_NETWORK_CHANGED @ http://localhost:3001/_nuxt/@fs/home/meebuzo/github/alternate-framework/node_modules/vuetify/lib/components/VSlider/VSlider.css:0
[    1610ms] [ERROR] Failed to load resource: net::ERR_NETWORK_CHANGED @ http://localhost:3001/_nuxt/home/meebuzo/github/alternate-framework/node_modules/vuetify/lib/components/VSlider/VSlider.css:0
[    1610ms] [ERROR] Failed to load resource: net::ERR_NETWORK_CHANGED @ http://localhost:3001/_nuxt/@fs/home/meebuzo/github/alternate-framework/node_modules/vuetify/lib/components/VSlider/VSliderThumb.css:0
[    1610ms] [ERROR] Failed to load resource: net::ERR_NETWORK_CHANGED @ http://localhost:3001/_nuxt/home/meebuzo/github/alternate-framework/node_modules/vuetify/lib/components/VSlider/VSliderThumb.css:0
[    1611ms] [ERROR] Failed to load resource: net::ERR_NETWORK_CHANGED @ http://localhost:3001/_nuxt/@fs/home/meebuzo/github/alternate-framework/node_modules/vuetify/lib/components/VSlider/VSliderTrack.css:0
[    1611ms] [ERROR] Failed to load resource: net::ERR_NETWORK_CHANGED @ http://localhost:3001/_nuxt/home/meebuzo/github/alternate-framework/node_modules/vuetify/lib/components/VSlider/VSliderTrack.css:0
[    1611ms] [ERROR] Failed to load resource: net::ERR_NETWORK_CHANGED @ http://localhost:3001/_nuxt/@fs/home/meebuzo/github/alternate-framework/node_modules/vuetify/lib/components/VColorPicker/VColorPickerSwatches.css:0
[    1611ms] [ERROR] Failed to load resource: net::ERR_NETWORK_CHANGED @ http://localhost:3001/_nuxt/home/meebuzo/github/alternate-framework/node_modules/vuetify/lib/components/VColorPicker/VColorPickerSwatches.css:0
[    1611ms] [ERROR] Failed to load resource: net::ERR_NETWORK_CHANGED @ http://localhost:3001/_nuxt/@fs/home/meebuzo/github/alternate-framework/node_modules/vuetify/lib/components/VPicker/VPicker.css:0
[    1611ms] [ERROR] Failed to load resource: net::ERR_NETWORK_CHANGED @ http://localhost:3001/_nuxt/home/meebuzo/github/alternate-framework/node_modules/vuetify/lib/components/VPicker/VPicker.css:0
[    1613ms] [ERROR] Failed to load resource: net::ERR_NETWORK_CHANGED @ http://localhost:3001/_nuxt/@fs/home/meebuzo/github/alternate-framework/node_modules/vuetify/lib/components/VCombobox/VCombobox.css:0
[    1613ms] [ERROR] Failed to load resource: net::ERR_NETWORK_CHANGED @ http://localhost:3001/_nuxt/home/meebuzo/github/alternate-framework/node_modules/vuetify/lib/components/VCombobox/VCombobox.css:0
[    1613ms] [ERROR] Failed to load resource: net::ERR_NETWORK_CHANGED @ http://localhost:3001/_nuxt/@fs/home/meebuzo/github/alternate-framework/node_modules/vuetify/lib/components/VDataTable/VDataTable.css:0
[    1614ms] [ERROR] Failed to load resource: net::ERR_NETWORK_CHANGED @ http://localhost:3001/_nuxt/home/meebuzo/github/alternate-framework/node_modules/vuetify/lib/components/VDataTable/VDataTable.css:0
[    1619ms] [ERROR] Failed to load resource: net::ERR_NETWORK_CHANGED @ http://localhost:3001/_nuxt/@fs/home/meebuzo/github/alternate-framework/node_modules/vuetify/lib/components/VDataTable/VDataTableFooter.css:0
[    1619ms] [ERROR] Failed to load resource: net::ERR_NETWORK_CHANGED @ http://localhost:3001/_nuxt/home/meebuzo/github/alternate-framework/node_modules/vuetify/lib/components/VDataTable/VDataTableFooter.css:0
[    1622ms] [ERROR] Failed to load resource: net::ERR_NETWORK_CHANGED @ http://localhost:3001/_nuxt/@fs/home/meebuzo/github/alternate-framework/node_modules/vuetify/lib/components/VPagination/VPagination.css:0
[    1622ms] [ERROR] Failed to load resource: net::ERR_NETWORK_CHANGED @ http://localhost:3001/_nuxt/home/meebuzo/github/alternate-framework/node_modules/vuetify/lib/components/VPagination/VPagination.css:0
[    1624ms] [ERROR] Failed to load resource: net::ERR_NETWORK_CHANGED @ http://localhost:3001/_nuxt/@fs/home/meebuzo/github/alternate-framework/node_modules/vuetify/lib/components/VTable/VTable.css:0
[    1624ms] [ERROR] Failed to load resource: net::ERR_NETWORK_CHANGED @ http://localhost:3001/_nuxt/home/meebuzo/github/alternate-framework/node_modules/vuetify/lib/components/VTable/VTable.css:0
[    1626ms] [ERROR] Failed to load resource: net::ERR_NETWORK_CHANGED @ http://localhost:3001/_nuxt/@fs/home/meebuzo/github/alternate-framework/node_modules/vuetify/lib/components/VDatePicker/VDatePicker.css:0
[    1626ms] [ERROR] Failed to load resource: net::ERR_NETWORK_CHANGED @ http://localhost:3001/_nuxt/home/meebuzo/github/alternate-framework/node_modules/vuetify/lib/components/VDatePicker/VDatePicker.css:0
[    1626ms] [ERROR] Failed to load resource: net::ERR_NETWORK_CHANGED @ http://localhost:3001/_nuxt/@fs/home/meebuzo/github/alternate-framework/node_modules/vuetify/lib/components/VDatePicker/VDatePickerControls.css:0
[    1626ms] [ERROR] Failed to load resource: net::ERR_NETWORK_CHANGED @ http://localhost:3001/_nuxt/home/meebuzo/github/alternate-framework/node_modules/vuetify/lib/components/VDatePicker/VDatePickerControls.css:0
[    1626ms] [ERROR] Failed to load resource: net::ERR_NETWORK_CHANGED @ http://localhost:3001/_nuxt/@fs/home/meebuzo/github/alternate-framework/node_modules/vuetify/lib/components/VGrid/VContainer.css:0
[    1627ms] [ERROR] Failed to load resource: net::ERR_NETWORK_CHANGED @ http://localhost:3001/_nuxt/home/meebuzo/github/alternate-framework/node_modules/vuetify/lib/components/VGrid/VContainer.css:0
[    1627ms] [ERROR] Failed to load resource: net::ERR_NETWORK_CHANGED @ http://localhost:3001/_nuxt/@fs/home/meebuzo/github/alternate-framework/node_modules/vuetify/lib/components/VGrid/VGrid.css:0
[    1628ms] [ERROR] Failed to load resource: net::ERR_NETWORK_CHANGED @ http://localhost:3001/_nuxt/home/meebuzo/github/alternate-framework/node_modules/vuetify/lib/components/VGrid/VGrid.css:0
[    1628ms] [ERROR] Failed to load resource: net::ERR_NETWORK_CHANGED @ http://localhost:3001/_nuxt/@fs/home/meebuzo/github/alternate-framework/node_modules/vuetify/lib/components/VGrid/VSpacer.css:0
[    1628ms] [ERROR] Failed to load resource: net::ERR_NETWORK_CHANGED @ http://localhost:3001/_nuxt/home/meebuzo/github/alternate-framework/node_modules/vuetify/lib/components/VGrid/VSpacer.css:0
[    1629ms] [ERROR] Failed to load resource: net::ERR_NETWORK_CHANGED @ http://localhost:3001/_nuxt/@fs/home/meebuzo/github/alternate-framework/node_modules/vuetify/lib/components/VDatePicker/VDatePickerHeader.css:0
[    1629ms] [ERROR] Failed to load resource: net::ERR_NETWORK_CHANGED @ http://localhost:3001/_nuxt/home/meebuzo/github/alternate-framework/node_modules/vuetify/lib/components/VDatePicker/VDatePickerHeader.css:0
[    1630ms] [ERROR] Failed to load resource: net::ERR_NETWORK_CHANGED @ http://localhost:3001/_nuxt/@fs/home/meebuzo/github/alternate-framework/node_modules/vuetify/lib/components/VDatePicker/VDatePickerMonth.css:0
[    1631ms] [ERROR] Failed to load resource: net::ERR_NETWORK_CHANGED @ http://localhost:3001/_nuxt/home/meebuzo/github/alternate-framework/node_modules/vuetify/lib/components/VDatePicker/VDatePickerMonth.css:0
[    1631ms] [ERROR] Failed to load resource: net::ERR_NETWORK_CHANGED @ http://localhost:3001/_nuxt/@fs/home/meebuzo/github/alternate-framework/node_modules/vuetify/lib/components/VDatePicker/VDatePickerMonths.css:0
[    1631ms] [ERROR] Failed to load resource: net::ERR_NETWORK_CHANGED @ http://localhost:3001/_nuxt/home/meebuzo/github/alternate-framework/node_modules/vuetify/lib/components/VDatePicker/VDatePickerMonths.css:0
[    1631ms] [ERROR] Failed to load resource: net::ERR_NETWORK_CHANGED @ http://localhost:3001/_nuxt/@fs/home/meebuzo/github/alternate-framework/node_modules/vuetify/lib/components/VDatePicker/VDatePickerYears.css:0
[    1632ms] [ERROR] Failed to load resource: net::ERR_NETWORK_CHANGED @ http://localhost:3001/_nuxt/home/meebuzo/github/alternate-framework/node_modules/vuetify/lib/components/VDatePicker/VDatePickerYears.css:0
[    1632ms] [ERROR] Failed to load resource: net::ERR_NETWORK_CHANGED @ http://localhost:3001/_nuxt/@fs/home/meebuzo/github/alternate-framework/node_modules/vuetify/lib/components/VEmptyState/VEmptyState.css:0
[    1632ms] [ERROR] Failed to load resource: net::ERR_NETWORK_CHANGED @ http://localhost:3001/_nuxt/home/meebuzo/github/alternate-framework/node_modules/vuetify/lib/components/VEmptyState/VEmptyState.css:0
[    1632ms] [ERROR] Failed to load resource: net::ERR_NETWORK_CHANGED @ http://localhost:3001/_nuxt/@fs/home/meebuzo/github/alternate-framework/node_modules/vuetify/lib/components/VExpansionPanel/VExpansionPanel.css:0
[    1633ms] [ERROR] Failed to load resource: net::ERR_NETWORK_CHANGED @ http://localhost:3001/_nuxt/home/meebuzo/github/alternate-framework/node_modules/vuetify/lib/components/VExpansionPanel/VExpansionPanel.css:0
[    1633ms] [ERROR] Failed to load resource: net::ERR_NETWORK_CHANGED @ http://localhost:3001/_nuxt/@fs/home/meebuzo/github/alternate-framework/node_modules/vuetify/lib/components/VFab/VFab.css:0
[    1633ms] [ERROR] Failed to load resource: net::ERR_NETWORK_CHANGED @ http://localhost:3001/_nuxt/home/meebuzo/github/alternate-framework/node_modules/vuetify/lib/components/VFab/VFab.css:0
[    1633ms] [ERROR] Failed to load resource: net::ERR_NETWORK_CHANGED @ http://localhost:3001/_nuxt/@fs/home/meebuzo/github/alternate-framework/node_modules/vuetify/lib/components/VFileInput/VFileInput.css:0
[    1633ms] [ERROR] Failed to load resource: net::ERR_NETWORK_CHANGED @ http://localhost:3001/_nuxt/home/meebuzo/github/alternate-framework/node_modules/vuetify/lib/components/VFileInput/VFileInput.css:0
[    1634ms] [ERROR] Failed to load resource: net::ERR_NETWORK_CHANGED @ http://localhost:3001/_nuxt/@fs/home/meebuzo/github/alternate-framework/node_modules/vuetify/lib/components/VFileUpload/VFileUpload.css:0
[    1634ms] [ERROR] Failed to load resource: net::ERR_NETWORK_CHANGED @ http://localhost:3001/_nuxt/home/meebuzo/github/alternate-framework/node_modules/vuetify/lib/components/VFileUpload/VFileUpload.css:0
[    1634ms] [ERROR] Failed to load resource: net::ERR_NETWORK_CHANGED @ http://localhost:3001/_nuxt/@fs/home/meebuzo/github/alternate-framework/node_modules/vuetify/lib/components/VFooter/VFooter.css:0
[    1634ms] [ERROR] Failed to load resource: net::ERR_NETWORK_CHANGED @ http://localhost:3001/_nuxt/home/meebuzo/github/alternate-framework/node_modules/vuetify/lib/components/VFooter/VFooter.css:0
[    1634ms] [ERROR] Failed to load resource: net::ERR_NETWORK_CHANGED @ http://localhost:3001/_nuxt/@fs/home/meebuzo/github/alternate-framework/node_modules/vuetify/lib/components/VHotkey/VHotkey.css:0
[    1635ms] [ERROR] Failed to load resource: net::ERR_NETWORK_CHANGED @ http://localhost:3001/_nuxt/home/meebuzo/github/alternate-framework/node_modules/vuetify/lib/components/VHotkey/VHotkey.css:0
[    1635ms] [ERROR] Failed to load resource: net::ERR_NETWORK_CHANGED @ http://localhost:3001/_nuxt/@fs/home/meebuzo/github/alternate-framework/node_modules/vuetify/lib/components/VKbd/VKbd.css:0
[    1636ms] [ERROR] Failed to load resource: net::ERR_NETWORK_CHANGED @ http://localhost:3001/_nuxt/home/meebuzo/github/alternate-framework/node_modules/vuetify/lib/components/VKbd/VKbd.css:0
[    1636ms] [ERROR] Failed to load resource: net::ERR_NETWORK_CHANGED @ http://localhost:3001/_nuxt/@fs/home/meebuzo/github/alternate-framework/node_modules/vuetify/lib/components/VInfiniteScroll/VInfiniteScroll.css:0
[    1637ms] [ERROR] Failed to load resource: net::ERR_NETWORK_CHANGED @ http://localhost:3001/_nuxt/home/meebuzo/github/alternate-framework/node_modules/vuetify/lib/components/VInfiniteScroll/VInfiniteScroll.css:0
[    1637ms] [ERROR] Failed to load resource: net::ERR_NETWORK_CHANGED @ http://localhost:3001/_nuxt/@fs/home/meebuzo/github/alternate-framework/node_modules/vuetify/lib/components/VItemGroup/VItemGroup.css:0
[    1639ms] [ERROR] Failed to load resource: net::ERR_NETWORK_CHANGED @ http://localhost:3001/_nuxt/home/meebuzo/github/alternate-framework/node_modules/vuetify/lib/components/VItemGroup/VItemGroup.css:0
[    1639ms] [ERROR] Failed to load resource: net::ERR_NETWORK_CHANGED @ http://localhost:3001/_nuxt/@fs/home/meebuzo/github/alternate-framework/node_modules/vuetify/lib/components/VLayout/VLayout.css:0
[    1639ms] [ERROR] Failed to load resource: net::ERR_NETWORK_CHANGED @ http://localhost:3001/_nuxt/home/meebuzo/github/alternate-framework/node_modules/vuetify/lib/components/VLayout/VLayout.css:0
[    1639ms] [ERROR] Failed to load resource: net::ERR_NETWORK_CHANGED @ http://localhost:3001/_nuxt/@fs/home/meebuzo/github/alternate-framework/node_modules/vuetify/lib/components/VLayout/VLayoutItem.css:0
[    1640ms] [ERROR] Failed to load resource: net::ERR_NETWORK_CHANGED @ http://localhost:3001/_nuxt/home/meebuzo/github/alternate-framework/node_modules/vuetify/lib/components/VLayout/VLayoutItem.css:0
[    1640ms] [ERROR] Failed to load resource: net::ERR_NETWORK_CHANGED @ http://localhost:3001/_nuxt/@fs/home/meebuzo/github/alternate-framework/node_modules/vuetify/lib/components/VLocaleProvider/VLocaleProvider.css:0
[    1641ms] [ERROR] Failed to load resource: net::ERR_NETWORK_CHANGED @ http://localhost:3001/_nuxt/home/meebuzo/github/alternate-framework/node_modules/vuetify/lib/components/VLocaleProvider/VLocaleProvider.css:0
[    1641ms] [ERROR] Failed to load resource: net::ERR_NETWORK_CHANGED @ http://localhost:3001/_nuxt/@fs/home/meebuzo/github/alternate-framework/node_modules/vuetify/lib/components/VMain/VMain.css:0
[    1641ms] [ERROR] Failed to load resource: net::ERR_NETWORK_CHANGED @ http://localhost:3001/_nuxt/home/meebuzo/github/alternate-framework/node_modules/vuetify/lib/components/VMain/VMain.css:0
[    1642ms] [ERROR] Failed to load resource: net::ERR_NETWORK_CHANGED @ http://localhost:3001/_nuxt/@fs/home/meebuzo/github/alternate-framework/node_modules/vuetify/lib/components/VNavigationDrawer/VNavigationDrawer.css:0
[    1642ms] [ERROR] Failed to load resource: net::ERR_NETWORK_CHANGED @ http://localhost:3001/_nuxt/home/meebuzo/github/alternate-framework/node_modules/vuetify/lib/components/VNavigationDrawer/VNavigationDrawer.css:0
[    1642ms] [ERROR] Failed to load resource: net::ERR_NETWORK_CHANGED @ http://localhost:3001/_nuxt/@fs/home/meebuzo/github/alternate-framework/node_modules/vuetify/lib/components/VNumberInput/VNumberInput.css:0
[    1643ms] [ERROR] Failed to load resource: net::ERR_NETWORK_CHANGED @ http://localhost:3001/_nuxt/home/meebuzo/github/alternate-framework/node_modules/vuetify/lib/components/VNumberInput/VNumberInput.css:0
[    1643ms] [ERROR] Failed to load resource: net::ERR_NETWORK_CHANGED @ http://localhost:3001/_nuxt/@fs/home/meebuzo/github/alternate-framework/node_modules/vuetify/lib/components/VOtpInput/VOtpInput.css:0
[    1643ms] [ERROR] Failed to load resource: net::ERR_NETWORK_CHANGED @ http://localhost:3001/_nuxt/home/meebuzo/github/alternate-framework/node_modules/vuetify/lib/components/VOtpInput/VOtpInput.css:0
[    1644ms] [ERROR] Failed to load resource: net::ERR_NETWORK_CHANGED @ http://localhost:3001/_nuxt/@fs/home/meebuzo/github/alternate-framework/node_modules/vuetify/lib/components/VParallax/VParallax.css:0
[    1644ms] [ERROR] Failed to load resource: net::ERR_NETWORK_CHANGED @ http://localhost:3001/_nuxt/home/meebuzo/github/alternate-framework/node_modules/vuetify/lib/components/VParallax/VParallax.css:0
[    1644ms] [ERROR] Failed to load resource: net::ERR_NETWORK_CHANGED @ http://localhost:3001/_nuxt/@fs/home/meebuzo/github/alternate-framework/node_modules/vuetify/lib/components/VPullToRefresh/VPullToRefresh.css:0
[    1645ms] [ERROR] Failed to load resource: net::ERR_NETWORK_CHANGED @ http://localhost:3001/_nuxt/home/meebuzo/github/alternate-framework/node_modules/vuetify/lib/components/VPullToRefresh/VPullToRefresh.css:0
[    1645ms] [ERROR] Failed to load resource: net::ERR_NETWORK_CHANGED @ http://localhost:3001/_nuxt/@fs/home/meebuzo/github/alternate-framework/node_modules/vuetify/lib/components/VRadioGroup/VRadioGroup.css:0
[    1645ms] [ERROR] Failed to load resource: net::ERR_NETWORK_CHANGED @ http://localhost:3001/_nuxt/home/meebuzo/github/alternate-framework/node_modules/vuetify/lib/components/VRadioGroup/VRadioGroup.css:0
[    1646ms] [ERROR] Failed to load resource: net::ERR_NETWORK_CHANGED @ http://localhost:3001/_nuxt/@fs/home/meebuzo/github/alternate-framework/node_modules/vuetify/lib/components/VRating/VRating.css:0
[    1646ms] [ERROR] Failed to load resource: net::ERR_NETWORK_CHANGED @ http://localhost:3001/_nuxt/home/meebuzo/github/alternate-framework/node_modules/vuetify/lib/components/VRating/VRating.css:0
[    1647ms] [ERROR] Failed to load resource: net::ERR_NETWORK_CHANGED @ http://localhost:3001/_nuxt/@fs/home/meebuzo/github/alternate-framework/node_modules/vuetify/lib/components/VSkeletonLoader/VSkeletonLoader.css:0
[    1648ms] [ERROR] Failed to load resource: net::ERR_NETWORK_CHANGED @ http://localhost:3001/_nuxt/home/meebuzo/github/alternate-framework/node_modules/vuetify/lib/components/VSkeletonLoader/VSkeletonLoader.css:0
[    1648ms] [ERROR] Failed to load resource: net::ERR_NETWORK_CHANGED @ http://localhost:3001/_nuxt/@fs/home/meebuzo/github/alternate-framework/node_modules/vuetify/lib/components/VSnackbar/VSnackbar.css:0
[    1648ms] [ERROR] Failed to load resource: net::ERR_NETWORK_CHANGED @ http://localhost:3001/_nuxt/home/meebuzo/github/alternate-framework/node_modules/vuetify/lib/components/VSnackbar/VSnackbar.css:0
[    1648ms] [ERROR] Failed to load resource: net::ERR_NETWORK_CHANGED @ http://localhost:3001/_nuxt/@fs/home/meebuzo/github/alternate-framework/node_modules/vuetify/lib/components/VTooltip/VTooltip.css:0
[    1648ms] [ERROR] Failed to load resource: net::ERR_NETWORK_CHANGED @ http://localhost:3001/_nuxt/home/meebuzo/github/alternate-framework/node_modules/vuetify/lib/components/VTooltip/VTooltip.css:0
[    1648ms] [ERROR] Failed to load resource: net::ERR_NETWORK_CHANGED @ http://localhost:3001/_nuxt/@fs/home/meebuzo/github/alternate-framework/node_modules/vuetify/lib/components/VSpeedDial/VSpeedDial.css:0
[    1649ms] [ERROR] Failed to load resource: net::ERR_NETWORK_CHANGED @ http://localhost:3001/_nuxt/home/meebuzo/github/alternate-framework/node_modules/vuetify/lib/components/VSpeedDial/VSpeedDial.css:0
[    1649ms] [ERROR] Failed to load resource: net::ERR_NETWORK_CHANGED @ http://localhost:3001/_nuxt/@fs/home/meebuzo/github/alternate-framework/node_modules/vuetify/lib/components/VStepper/VStepper.css:0
[    1649ms] [ERROR] Failed to load resource: net::ERR_NETWORK_CHANGED @ http://localhost:3001/_nuxt/home/meebuzo/github/alternate-framework/node_modules/vuetify/lib/components/VStepper/VStepper.css:0
[    1649ms] [ERROR] Failed to load resource: net::ERR_NETWORK_CHANGED @ http://localhost:3001/_nuxt/@fs/home/meebuzo/github/alternate-framework/node_modules/vuetify/lib/components/VStepper/VStepperItem.css:0
[    1649ms] [ERROR] Failed to load resource: net::ERR_NETWORK_CHANGED @ http://localhost:3001/_nuxt/home/meebuzo/github/alternate-framework/node_modules/vuetify/lib/components/VStepper/VStepperItem.css:0
[    1649ms] [ERROR] Failed to load resource: net::ERR_NETWORK_CHANGED @ http://localhost:3001/_nuxt/@fs/home/meebuzo/github/alternate-framework/node_modules/vuetify/lib/components/VStepperVertical/VStepperVerticalItem.css:0
[    1649ms] [ERROR] Failed to load resource: net::ERR_NETWORK_CHANGED @ http://localhost:3001/_nuxt/home/meebuzo/github/alternate-framework/node_modules/vuetify/lib/components/VStepperVertical/VStepperVerticalItem.css:0
[    1650ms] [ERROR] Failed to load resource: net::ERR_NETWORK_CHANGED @ http://localhost:3001/_nuxt/@fs/home/meebuzo/github/alternate-framework/node_modules/vuetify/lib/components/VSwitch/VSwitch.css:0
[    1650ms] [ERROR] Failed to load resource: net::ERR_NETWORK_CHANGED @ http://localhost:3001/_nuxt/home/meebuzo/github/alternate-framework/node_modules/vuetify/lib/components/VSwitch/VSwitch.css:0
[    1650ms] [ERROR] Failed to load resource: net::ERR_NETWORK_CHANGED @ http://localhost:3001/_nuxt/@fs/home/meebuzo/github/alternate-framework/node_modules/vuetify/lib/components/VSystemBar/VSystemBar.css:0
[    1651ms] [ERROR] Failed to load resource: net::ERR_NETWORK_CHANGED @ http://localhost:3001/_nuxt/home/meebuzo/github/alternate-framework/node_modules/vuetify/lib/components/VSystemBar/VSystemBar.css:0
[    1651ms] [ERROR] Failed to load resource: net::ERR_NETWORK_CHANGED @ http://localhost:3001/_nuxt/@fs/home/meebuzo/github/alternate-framework/node_modules/vuetify/lib/components/VTabs/VTab.css:0
[    1651ms] [ERROR] Failed to load resource: net::ERR_NETWORK_CHANGED @ http://localhost:3001/_nuxt/home/meebuzo/github/alternate-framework/node_modules/vuetify/lib/components/VTabs/VTab.css:0
[    1651ms] [ERROR] Failed to load resource: net::ERR_NETWORK_CHANGED @ http://localhost:3001/_nuxt/@fs/home/meebuzo/github/alternate-framework/node_modules/vuetify/lib/components/VTabs/VTabs.css:0
[    1651ms] [ERROR] Failed to load resource: net::ERR_NETWORK_CHANGED @ http://localhost:3001/_nuxt/home/meebuzo/github/alternate-framework/node_modules/vuetify/lib/components/VTabs/VTabs.css:0
[    1652ms] [ERROR] Failed to load resource: net::ERR_NETWORK_CHANGED @ http://localhost:3001/_nuxt/@fs/home/meebuzo/github/alternate-framework/node_modules/vuetify/lib/components/VTextarea/VTextarea.css:0
[    1652ms] [ERROR] Failed to load resource: net::ERR_NETWORK_CHANGED @ http://localhost:3001/_nuxt/home/meebuzo/github/alternate-framework/node_modules/vuetify/lib/components/VTextarea/VTextarea.css:0
[    1652ms] [ERROR] Failed to load resource: net::ERR_NETWORK_CHANGED @ http://localhost:3001/_nuxt/@fs/home/meebuzo/github/alternate-framework/node_modules/vuetify/lib/components/VThemeProvider/VThemeProvider.css:0
[    1653ms] [ERROR] Failed to load resource: net::ERR_NETWORK_CHANGED @ http://localhost:3001/_nuxt/home/meebuzo/github/alternate-framework/node_modules/vuetify/lib/components/VThemeProvider/VThemeProvider.css:0
[    1653ms] [ERROR] Failed to load resource: net::ERR_NETWORK_CHANGED @ http://localhost:3001/_nuxt/@fs/home/meebuzo/github/alternate-framework/node_modules/vuetify/lib/components/VTimeline/VTimeline.css:0
[    1653ms] [ERROR] Failed to load resource: net::ERR_NETWORK_CHANGED @ http://localhost:3001/_nuxt/home/meebuzo/github/alternate-framework/node_modules/vuetify/lib/components/VTimeline/VTimeline.css:0
[    1653ms] [ERROR] Failed to load resource: net::ERR_NETWORK_CHANGED @ http://localhost:3001/_nuxt/@fs/home/meebuzo/github/alternate-framework/node_modules/vuetify/lib/components/VTimePicker/VTimePicker.css:0
[    1653ms] [ERROR] Failed to load resource: net::ERR_NETWORK_CHANGED @ http://localhost:3001/_nuxt/home/meebuzo/github/alternate-framework/node_modules/vuetify/lib/components/VTimePicker/VTimePicker.css:0
[    1654ms] [ERROR] Failed to load resource: net::ERR_NETWORK_CHANGED @ http://localhost:3001/_nuxt/@fs/home/meebuzo/github/alternate-framework/node_modules/vuetify/lib/components/VTimePicker/VTimePickerClock.css:0
[    1654ms] [ERROR] Failed to load resource: net::ERR_NETWORK_CHANGED @ http://localhost:3001/_nuxt/home/meebuzo/github/alternate-framework/node_modules/vuetify/lib/components/VTimePicker/VTimePickerClock.css:0
[    1654ms] [ERROR] Failed to load resource: net::ERR_NETWORK_CHANGED @ http://localhost:3001/_nuxt/@fs/home/meebuzo/github/alternate-framework/node_modules/vuetify/lib/components/VTimePicker/VTimePickerControls.css:0
[    1654ms] [ERROR] Failed to load resource: net::ERR_NETWORK_CHANGED @ http://localhost:3001/_nuxt/home/meebuzo/github/alternate-framework/node_modules/vuetify/lib/components/VTimePicker/VTimePickerControls.css:0
[    1655ms] [ERROR] Failed to load resource: net::ERR_NETWORK_CHANGED @ http://localhost:3001/_nuxt/@fs/home/meebuzo/github/alternate-framework/node_modules/vuetify/lib/components/VTreeview/VTreeviewItem.css:0
[    1655ms] [ERROR] Failed to load resource: net::ERR_NETWORK_CHANGED @ http://localhost:3001/_nuxt/home/meebuzo/github/alternate-framework/node_modules/vuetify/lib/components/VTreeview/VTreeviewItem.css:0
[    1655ms] [ERROR] Failed to load resource: net::ERR_NETWORK_CHANGED @ http://localhost:3001/_nuxt/@fs/home/meebuzo/github/alternate-framework/node_modules/vuetify/lib/labs/VAvatarGroup/VAvatarGroup.css:0
[    1655ms] [ERROR] Failed to load resource: net::ERR_NETWORK_CHANGED @ http://localhost:3001/_nuxt/home/meebuzo/github/alternate-framework/node_modules/vuetify/lib/labs/VAvatarGroup/VAvatarGroup.css:0
[    1656ms] [ERROR] Failed to load resource: net::ERR_NETWORK_CHANGED @ http://localhost:3001/_nuxt/@fs/home/meebuzo/github/alternate-framework/node_modules/vuetify/lib/labs/VCommandPalette/VCommandPalette.css:0
[    1656ms] [ERROR] Failed to load resource: net::ERR_NETWORK_CHANGED @ http://localhost:3001/_nuxt/home/meebuzo/github/alternate-framework/node_modules/vuetify/lib/labs/VCommandPalette/VCommandPalette.css:0
[    1656ms] [ERROR] Failed to load resource: net::ERR_NETWORK_CHANGED @ http://localhost:3001/_nuxt/@fs/home/meebuzo/github/alternate-framework/node_modules/vuetify/lib/labs/VDateRangePicker/VDateRangePicker.css:0
[    1656ms] [ERROR] Failed to load resource: net::ERR_NETWORK_CHANGED @ http://localhost:3001/_nuxt/home/meebuzo/github/alternate-framework/node_modules/vuetify/lib/labs/VDateRangePicker/VDateRangePicker.css:0
[    1656ms] [ERROR] Failed to load resource: net::ERR_NETWORK_CHANGED @ http://localhost:3001/_nuxt/@fs/home/meebuzo/github/alternate-framework/node_modules/vuetify/lib/labs/VMonthPicker/VMonthPicker.css:0
[    1657ms] [ERROR] Failed to load resource: net::ERR_NETWORK_CHANGED @ http://localhost:3001/_nuxt/home/meebuzo/github/alternate-framework/node_modules/vuetify/lib/labs/VMonthPicker/VMonthPicker.css:0
[    1657ms] [ERROR] Failed to load resource: net::ERR_NETWORK_CHANGED @ http://localhost:3001/_nuxt/@fs/home/meebuzo/github/alternate-framework/node_modules/vuetify/lib/labs/VHeatmap/VHeatmap.css:0
[    1657ms] [ERROR] Failed to load resource: net::ERR_NETWORK_CHANGED @ http://localhost:3001/_nuxt/home/meebuzo/github/alternate-framework/node_modules/vuetify/lib/labs/VHeatmap/VHeatmap.css:0
[    1657ms] [ERROR] Failed to load resource: net::ERR_NETWORK_CHANGED @ http://localhost:3001/_nuxt/@fs/home/meebuzo/github/alternate-framework/node_modules/vuetify/lib/labs/VPie/VPie.css:0
[    1658ms] [ERROR] Failed to load resource: net::ERR_NETWORK_CHANGED @ http://localhost:3001/_nuxt/home/meebuzo/github/alternate-framework/node_modules/vuetify/lib/labs/VPie/VPie.css:0
[    1658ms] [ERROR] Failed to load resource: net::ERR_NETWORK_CHANGED @ http://localhost:3001/_nuxt/@fs/home/meebuzo/github/alternate-framework/node_modules/vuetify/lib/labs/VProgress/VProgress.css:0
[    1658ms] [ERROR] Failed to load resource: net::ERR_NETWORK_CHANGED @ http://localhost:3001/_nuxt/home/meebuzo/github/alternate-framework/node_modules/vuetify/lib/labs/VProgress/VProgress.css:0
[    1659ms] [ERROR] Failed to load resource: net::ERR_NETWORK_CHANGED @ http://localhost:3001/_nuxt/@fs/home/meebuzo/github/alternate-framework/node_modules/vuetify/lib/labs/VVideo/VVideo.css:0
[    1659ms] [ERROR] Failed to load resource: net::ERR_NETWORK_CHANGED @ http://localhost:3001/_nuxt/home/meebuzo/github/alternate-framework/node_modules/vuetify/lib/labs/VVideo/VVideo.css:0
[    1659ms] [ERROR] Failed to load resource: net::ERR_NETWORK_CHANGED @ http://localhost:3001/_nuxt/@fs/home/meebuzo/github/alternate-framework/node_modules/vuetify/lib/labs/VVideo/VVideoControls.css:0
[    1659ms] [ERROR] Failed to load resource: net::ERR_NETWORK_CHANGED @ http://localhost:3001/_nuxt/home/meebuzo/github/alternate-framework/node_modules/vuetify/lib/labs/VVideo/VVideoControls.css:0
[    1660ms] [ERROR] Failed to load resource: net::ERR_NETWORK_CHANGED @ http://localhost:3001/_nuxt/@fs/home/meebuzo/github/alternate-framework/node_modules/vuetify/lib/labs/VVideo/VVideoVolume.css:0
[    1660ms] [ERROR] Failed to load resource: net::ERR_NETWORK_CHANGED @ http://localhost:3001/_nuxt/home/meebuzo/github/alternate-framework/node_modules/vuetify/lib/labs/VVideo/VVideoVolume.css:0
[    1660ms] [ERROR] Failed to load resource: net::ERR_NETWORK_CHANGED @ http://localhost:3001/_nuxt/components/menus/topmenu/LayoutNotifications.vue?vue&type=style&index=0&scoped=cb984815&lang.css:0
[    1660ms] [ERROR] Failed to load resource: net::ERR_NETWORK_CHANGED @ http://localhost:3001/_nuxt/components/search/search.vue?vue&type=style&index=0&scoped=2df110ac&lang.css:0
[    1661ms] [ERROR] Failed to load resource: net::ERR_NETWORK_CHANGED @ http://localhost:3001/_nuxt/@fs/home/meebuzo/github/alternate-framework/layers/commerce/app/components/menus/cart.vue?vue&type=style&index=0&scoped=c12e68f2&lang.css:0
[    1661ms] [ERROR] Failed to load resource: net::ERR_NETWORK_CHANGED @ http://localhost:3001/_nuxt/home/meebuzo/github/alternate-framework/layers/commerce/app/components/menus/cart.vue?vue&type=style&index=0&scoped=c12e68f2&lang.css:0
[    1661ms] [ERROR] Failed to load resource: net::ERR_NETWORK_CHANGED @ http://localhost:3001/_nuxt/@fs/home/meebuzo/github/alternate-framework/layers/social/app/components/blocks/reactions.vue?vue&type=style&index=0&lang.css:0
[    1661ms] [ERROR] Failed to load resource: net::ERR_NETWORK_CHANGED @ http://localhost:3001/_nuxt/home/meebuzo/github/alternate-framework/layers/social/app/components/blocks/reactions.vue?vue&type=style&index=0&lang.css:0
[    1661ms] [ERROR] Failed to load resource: net::ERR_NETWORK_CHANGED @ http://localhost:3001/_nuxt/@fs/home/meebuzo/github/alternate-framework/node_modules/@waline/client/dist/waline.css:0
[    1662ms] [ERROR] Failed to load resource: net::ERR_NETWORK_CHANGED @ http://localhost:3001/_nuxt/@fs/home/meebuzo/github/alternate-framework/node_modules/@waline/client/dist/waline-meta.css:0
[    1662ms] [ERROR] Failed to load resource: net::ERR_NETWORK_CHANGED @ http://localhost:3001/_nuxt/home/meebuzo/github/alternate-framework/node_modules/@waline/client/dist/waline.css:0
[    1662ms] [ERROR] Failed to load resource: net::ERR_NETWORK_CHANGED @ http://localhost:3001/_nuxt/home/meebuzo/github/alternate-framework/node_modules/@waline/client/dist/waline-meta.css:0
[    1663ms] [ERROR] Failed to load resource: net::ERR_NETWORK_CHANGED @ http://localhost:3001/_nuxt/@fs/home/meebuzo/github/alternate-framework/packages/plugins/meeovi-forms/node_modules/@jsonforms/vue-vuetify/lib/jsonforms-vue-vuetify.css:0
[    3431ms] [ERROR] Failed to load resource: net::ERR_NETWORK_CHANGED @ http://localhost:3001/_nuxt/home/meebuzo/github/alternate-framework/packages/plugins/meeovi-forms/node_modules/vuetify/lib/components/VSelectionControlGroup/VSelectionControlGroup.css:0
[    3431ms] [ERROR] Failed to load resource: net::ERR_NETWORK_CHANGED @ http://localhost:3001/_nuxt/@fs/home/meebuzo/github/alternate-framework/packages/plugins/meeovi-forms/node_modules/vuetify/lib/components/VInput/VInput.css:0
[    3432ms] [ERROR] Failed to load resource: net::ERR_NETWORK_CHANGED @ http://localhost:3001/_nuxt/home/meebuzo/github/alternate-framework/packages/plugins/meeovi-forms/node_modules/vuetify/lib/components/VInput/VInput.css:0
[    3432ms] [ERROR] Failed to load resource: net::ERR_NETWORK_CHANGED @ http://localhost:3001/_nuxt/@fs/home/meebuzo/github/alternate-framework/packages/plugins/meeovi-forms/node_modules/vuetify/lib/components/VMessages/VMessages.css:0
[    3432ms] [ERROR] Failed to load resource: net::ERR_NETWORK_CHANGED @ http://localhost:3001/_nuxt/home/meebuzo/github/alternate-framework/packages/plugins/meeovi-forms/node_modules/vuetify/lib/components/VMessages/VMessages.css:0
[    3432ms] [ERROR] Failed to load resource: net::ERR_NETWORK_CHANGED @ http://localhost:3001/_nuxt/@fs/home/meebuzo/github/alternate-framework/packages/plugins/meeovi-forms/node_modules/vuetify/lib/components/VChip/VChip.css:0
[    3432ms] [ERROR] Failed to load resource: net::ERR_NETWORK_CHANGED @ http://localhost:3001/_nuxt/home/meebuzo/github/alternate-framework/packages/plugins/meeovi-forms/node_modules/vuetify/lib/components/VChip/VChip.css:0
[    3432ms] [ERROR] Failed to load resource: net::ERR_NETWORK_CHANGED @ http://localhost:3001/_nuxt/@fs/home/meebuzo/github/alternate-framework/packages/plugins/meeovi-forms/node_modules/vuetify/lib/components/VChipGroup/VChipGroup.css:0
[    3432ms] [ERROR] Failed to load resource: net::ERR_NETWORK_CHANGED @ http://localhost:3001/_nuxt/home/meebuzo/github/alternate-framework/packages/plugins/meeovi-forms/node_modules/vuetify/lib/components/VChipGroup/VChipGroup.css:0
[    3432ms] [ERROR] Failed to load resource: net::ERR_NETWORK_CHANGED @ http://localhost:3001/_nuxt/@fs/home/meebuzo/github/alternate-framework/packages/plugins/meeovi-forms/node_modules/vuetify/lib/components/VSlideGroup/VSlideGroup.css:0
[    3434ms] [ERROR] Failed to load resource: net::ERR_NETWORK_CHANGED @ http://localhost:3001/_nuxt/home/meebuzo/github/alternate-framework/packages/plugins/meeovi-forms/node_modules/vuetify/lib/components/VSlideGroup/VSlideGroup.css:0
[    3434ms] [ERROR] Failed to load resource: net::ERR_NETWORK_CHANGED @ http://localhost:3001/_nuxt/@fs/home/meebuzo/github/alternate-framework/packages/plugins/meeovi-forms/node_modules/vuetify/lib/components/VDivider/VDivider.css:0
[    3434ms] [ERROR] Failed to load resource: net::ERR_NETWORK_CHANGED @ http://localhost:3001/_nuxt/home/meebuzo/github/alternate-framework/packages/plugins/meeovi-forms/node_modules/vuetify/lib/components/VDivider/VDivider.css:0
[    3434ms] [ERROR] Failed to load resource: net::ERR_NETWORK_CHANGED @ http://localhost:3001/_nuxt/@fs/home/meebuzo/github/alternate-framework/packages/plugins/meeovi-forms/node_modules/vuetify/lib/components/VList/VList.css:0
[    3434ms] [ERROR] Failed to load resource: net::ERR_NETWORK_CHANGED @ http://localhost:3001/_nuxt/home/meebuzo/github/alternate-framework/packages/plugins/meeovi-forms/node_modules/vuetify/lib/components/VList/VList.css:0
[    3434ms] [ERROR] Failed to load resource: net::ERR_NETWORK_CHANGED @ http://localhost:3001/_nuxt/@fs/home/meebuzo/github/alternate-framework/packages/plugins/meeovi-forms/node_modules/vuetify/lib/components/VList/VListItem.css:0
[    3434ms] [ERROR] Failed to load resource: net::ERR_NETWORK_CHANGED @ http://localhost:3001/_nuxt/home/meebuzo/github/alternate-framework/packages/plugins/meeovi-forms/node_modules/vuetify/lib/components/VList/VListItem.css:0
[    3434ms] [ERROR] Failed to load resource: net::ERR_NETWORK_CHANGED @ http://localhost:3001/_nuxt/@fs/home/meebuzo/github/alternate-framework/packages/plugins/meeovi-forms/node_modules/vuetify/lib/components/VMenu/VMenu.css:0
[    3435ms] [ERROR] Failed to load resource: net::ERR_NETWORK_CHANGED @ http://localhost:3001/_nuxt/home/meebuzo/github/alternate-framework/packages/plugins/meeovi-forms/node_modules/vuetify/lib/components/VMenu/VMenu.css:0
[    3435ms] [ERROR] Failed to load resource: net::ERR_NETWORK_CHANGED @ http://localhost:3001/_nuxt/@fs/home/meebuzo/github/alternate-framework/packages/plugins/meeovi-forms/node_modules/vuetify/lib/components/VOverlay/VOverlay.css:0
[    3435ms] [ERROR] Failed to load resource: net::ERR_NETWORK_CHANGED @ http://localhost:3001/_nuxt/home/meebuzo/github/alternate-framework/packages/plugins/meeovi-forms/node_modules/vuetify/lib/components/VOverlay/VOverlay.css:0
[    3435ms] [ERROR] Failed to load resource: net::ERR_NETWORK_CHANGED @ http://localhost:3001/_nuxt/@fs/home/meebuzo/github/alternate-framework/packages/plugins/meeovi-forms/node_modules/vuetify/lib/components/VSelect/VSelect.css:0
[    3435ms] [ERROR] Failed to load resource: net::ERR_NETWORK_CHANGED @ http://localhost:3001/_nuxt/home/meebuzo/github/alternate-framework/packages/plugins/meeovi-forms/node_modules/vuetify/lib/components/VSelect/VSelect.css:0
[    3435ms] [ERROR] Failed to load resource: net::ERR_NETWORK_CHANGED @ http://localhost:3001/_nuxt/@fs/home/meebuzo/github/alternate-framework/packages/plugins/meeovi-forms/node_modules/vuetify/lib/components/VSheet/VSheet.css:0
[    3436ms] [ERROR] Failed to load resource: net::ERR_NETWORK_CHANGED @ http://localhost:3001/_nuxt/home/meebuzo/github/alternate-framework/packages/plugins/meeovi-forms/node_modules/vuetify/lib/components/VSheet/VSheet.css:0
[    3436ms] [ERROR] Failed to load resource: net::ERR_NETWORK_CHANGED @ http://localhost:3001/_nuxt/@fs/home/meebuzo/github/alternate-framework/packages/plugins/meeovi-forms/node_modules/vuetify/lib/components/VTextField/VTextField.css:0
[    3436ms] [ERROR] Failed to load resource: net::ERR_NETWORK_CHANGED @ http://localhost:3001/_nuxt/home/meebuzo/github/alternate-framework/packages/plugins/meeovi-forms/node_modules/vuetify/lib/components/VTextField/VTextField.css:0
[    3436ms] [ERROR] Failed to load resource: net::ERR_NETWORK_CHANGED @ http://localhost:3001/_nuxt/@fs/home/meebuzo/github/alternate-framework/packages/plugins/meeovi-forms/node_modules/vuetify/lib/components/VCounter/VCounter.css:0
[    3437ms] [ERROR] Failed to load resource: net::ERR_NETWORK_CHANGED @ http://localhost:3001/_nuxt/home/meebuzo/github/alternate-framework/packages/plugins/meeovi-forms/node_modules/vuetify/lib/components/VCounter/VCounter.css:0
[    3437ms] [ERROR] Failed to load resource: net::ERR_NETWORK_CHANGED @ http://localhost:3001/_nuxt/@fs/home/meebuzo/github/alternate-framework/packages/plugins/meeovi-forms/node_modules/vuetify/lib/components/VField/VField.css:0
[    3437ms] [ERROR] Failed to load resource: net::ERR_NETWORK_CHANGED @ http://localhost:3001/_nuxt/home/meebuzo/github/alternate-framework/packages/plugins/meeovi-forms/node_modules/vuetify/lib/components/VField/VField.css:0
[    3437ms] [ERROR] Failed to load resource: net::ERR_NETWORK_CHANGED @ http://localhost:3001/_nuxt/@fs/home/meebuzo/github/alternate-framework/packages/plugins/meeovi-forms/node_modules/vuetify/lib/components/VVirtualScroll/VVirtualScroll.css:0
[    3438ms] [ERROR] Failed to load resource: net::ERR_NETWORK_CHANGED @ http://localhost:3001/_nuxt/home/meebuzo/github/alternate-framework/packages/plugins/meeovi-forms/node_modules/vuetify/lib/components/VVirtualScroll/VVirtualScroll.css:0
[    3438ms] [ERROR] Failed to load resource: net::ERR_NETWORK_CHANGED @ http://localhost:3001/_nuxt/@fs/home/meebuzo/github/alternate-framework/packages/plugins/meeovi-forms/node_modules/vuetify/lib/components/VBadge/VBadge.css:0
[    3438ms] [ERROR] Failed to load resource: net::ERR_NETWORK_CHANGED @ http://localhost:3001/_nuxt/home/meebuzo/github/alternate-framework/packages/plugins/meeovi-forms/node_modules/vuetify/lib/components/VBadge/VBadge.css:0
[    3438ms] [ERROR] Failed to load resource: net::ERR_NETWORK_CHANGED @ http://localhost:3001/_nuxt/@fs/home/meebuzo/github/alternate-framework/packages/plugins/meeovi-forms/node_modules/vuetify/lib/components/VBanner/VBanner.css:0
[    3439ms] [ERROR] Failed to load resource: net::ERR_NETWORK_CHANGED @ http://localhost:3001/_nuxt/home/meebuzo/github/alternate-framework/packages/plugins/meeovi-forms/node_modules/vuetify/lib/components/VBanner/VBanner.css:0
[    3439ms] [ERROR] Failed to load resource: net::ERR_NETWORK_CHANGED @ http://localhost:3001/_nuxt/@fs/home/meebuzo/github/alternate-framework/packages/plugins/meeovi-forms/node_modules/vuetify/lib/components/VBottomNavigation/VBottomNavigation.css:0
[    3440ms] [ERROR] Failed to load resource: net::ERR_NETWORK_CHANGED @ http://localhost:3001/_nuxt/home/meebuzo/github/alternate-framework/packages/plugins/meeovi-forms/node_modules/vuetify/lib/components/VBottomNavigation/VBottomNavigation.css:0
[    3440ms] [ERROR] Failed to load resource: net::ERR_NETWORK_CHANGED @ http://localhost:3001/_nuxt/@fs/home/meebuzo/github/alternate-framework/packages/plugins/meeovi-forms/node_modules/vuetify/lib/components/VBottomSheet/VBottomSheet.css:0
[    3440ms] [ERROR] Failed to load resource: net::ERR_NETWORK_CHANGED @ http://localhost:3001/_nuxt/home/meebuzo/github/alternate-framework/packages/plugins/meeovi-forms/node_modules/vuetify/lib/components/VBottomSheet/VBottomSheet.css:0
[    3440ms] [ERROR] Failed to load resource: net::ERR_NETWORK_CHANGED @ http://localhost:3001/_nuxt/@fs/home/meebuzo/github/alternate-framework/packages/plugins/meeovi-forms/node_modules/vuetify/lib/components/VDialog/VDialog.css:0
[    3441ms] [ERROR] Failed to load resource: net::ERR_NETWORK_CHANGED @ http://localhost:3001/_nuxt/home/meebuzo/github/alternate-framework/packages/plugins/meeovi-forms/node_modules/vuetify/lib/components/VDialog/VDialog.css:0
[    3441ms] [ERROR] Failed to load resource: net::ERR_NETWORK_CHANGED @ http://localhost:3001/_nuxt/@fs/home/meebuzo/github/alternate-framework/packages/plugins/meeovi-forms/node_modules/vuetify/lib/components/VBreadcrumbs/VBreadcrumbs.css:0
[    3441ms] [ERROR] Failed to load resource: net::ERR_NETWORK_CHANGED @ http://localhost:3001/_nuxt/home/meebuzo/github/alternate-framework/packages/plugins/meeovi-forms/node_modules/vuetify/lib/components/VBreadcrumbs/VBreadcrumbs.css:0
[    3441ms] [ERROR] Failed to load resource: net::ERR_NETWORK_CHANGED @ http://localhost:3001/_nuxt/@fs/home/meebuzo/github/alternate-framework/packages/plugins/meeovi-forms/node_modules/vuetify/lib/components/VCalendar/VCalendarCategory.css:0
[    3441ms] [ERROR] Failed to load resource: net::ERR_NETWORK_CHANGED @ http://localhost:3001/_nuxt/@fs/home/meebuzo/github/alternate-framework/packages/plugins/meeovi-forms/node_modules/vuetify/lib/components/VCalendar/VCalendarDaily.css:0
[    3442ms] [ERROR] Failed to load resource: net::ERR_NETWORK_CHANGED @ http://localhost:3001/_nuxt/@fs/home/meebuzo/github/alternate-framework/packages/plugins/meeovi-forms/node_modules/vuetify/lib/components/VCalendar/VCalendarWeekly.css:0
[    3442ms] [ERROR] Failed to load resource: net::ERR_NETWORK_CHANGED @ http://localhost:3001/_nuxt/home/meebuzo/github/alternate-framework/packages/plugins/meeovi-forms/node_modules/vuetify/lib/components/VCalendar/VCalendarCategory.css:0
[    3442ms] [ERROR] Failed to load resource: net::ERR_NETWORK_CHANGED @ http://localhost:3001/_nuxt/home/meebuzo/github/alternate-framework/packages/plugins/meeovi-forms/node_modules/vuetify/lib/components/VCalendar/VCalendarDaily.css:0
[    3443ms] [ERROR] Failed to load resource: net::ERR_NETWORK_CHANGED @ http://localhost:3001/_nuxt/home/meebuzo/github/alternate-framework/packages/plugins/meeovi-forms/node_modules/vuetify/lib/components/VCalendar/VCalendarWeekly.css:0
[    3443ms] [ERROR] Failed to load resource: net::ERR_NETWORK_CHANGED @ http://localhost:3001/_nuxt/@fs/home/meebuzo/github/alternate-framework/packages/plugins/meeovi-forms/node_modules/vuetify/lib/labs/VIconBtn/VIconBtn.css:0
[    3443ms] [ERROR] Failed to load resource: net::ERR_NETWORK_CHANGED @ http://localhost:3001/_nuxt/home/meebuzo/github/alternate-framework/packages/plugins/meeovi-forms/node_modules/vuetify/lib/labs/VIconBtn/VIconBtn.css:0
[    3443ms] [ERROR] Failed to load resource: net::ERR_NETWORK_CHANGED @ http://localhost:3001/_nuxt/@fs/home/meebuzo/github/alternate-framework/packages/plugins/meeovi-forms/node_modules/vuetify/lib/components/VCalendar/composables/calendarWithEvents.css:0
[    3443ms] [ERROR] Failed to load resource: net::ERR_NETWORK_CHANGED @ http://localhost:3001/_nuxt/home/meebuzo/github/alternate-framework/packages/plugins/meeovi-forms/node_modules/vuetify/lib/components/VCalendar/composables/calendarWithEvents.css:0
[    3443ms] [ERROR] Failed to load resource: net::ERR_NETWORK_CHANGED @ http://localhost:3001/_nuxt/@fs/home/meebuzo/github/alternate-framework/packages/plugins/meeovi-forms/node_modules/vuetify/lib/components/VCard/VCard.css:0
[    3443ms] [ERROR] Failed to load resource: net::ERR_NETWORK_CHANGED @ http://localhost:3001/_nuxt/home/meebuzo/github/alternate-framework/packages/plugins/meeovi-forms/node_modules/vuetify/lib/components/VCard/VCard.css:0
[    3444ms] [ERROR] Failed to load resource: net::ERR_NETWORK_CHANGED @ http://localhost:3001/_nuxt/@fs/home/meebuzo/github/alternate-framework/packages/plugins/meeovi-forms/node_modules/vuetify/lib/components/VCarousel/VCarousel.css:0
[    3444ms] [ERROR] Failed to load resource: net::ERR_NETWORK_CHANGED @ http://localhost:3001/_nuxt/home/meebuzo/github/alternate-framework/packages/plugins/meeovi-forms/node_modules/vuetify/lib/components/VCarousel/VCarousel.css:0
[    3444ms] [ERROR] Failed to load resource: net::ERR_NETWORK_CHANGED @ http://localhost:3001/_nuxt/@fs/home/meebuzo/github/alternate-framework/packages/plugins/meeovi-forms/node_modules/vuetify/lib/components/VWindow/VWindow.css:0
[    3444ms] [ERROR] Failed to load resource: net::ERR_NETWORK_CHANGED @ http://localhost:3001/_nuxt/home/meebuzo/github/alternate-framework/packages/plugins/meeovi-forms/node_modules/vuetify/lib/components/VWindow/VWindow.css:0
[    3444ms] [ERROR] Failed to load resource: net::ERR_NETWORK_CHANGED @ http://localhost:3001/_nuxt/@fs/home/meebuzo/github/alternate-framework/packages/plugins/meeovi-forms/node_modules/vuetify/lib/components/VCode/VCode.css:0
[    3445ms] [ERROR] Failed to load resource: net::ERR_NETWORK_CHANGED @ http://localhost:3001/_nuxt/home/meebuzo/github/alternate-framework/packages/plugins/meeovi-forms/node_modules/vuetify/lib/components/VCode/VCode.css:0
[    3445ms] [ERROR] Failed to load resource: net::ERR_NETWORK_CHANGED @ http://localhost:3001/_nuxt/@fs/home/meebuzo/github/alternate-framework/packages/plugins/meeovi-forms/node_modules/vuetify/lib/components/VColorPicker/VColorPicker.css:0
[    3445ms] [ERROR] Failed to load resource: net::ERR_NETWORK_CHANGED @ http://localhost:3001/_nuxt/home/meebuzo/github/alternate-framework/packages/plugins/meeovi-forms/node_modules/vuetify/lib/components/VColorPicker/VColorPicker.css:0
[    3445ms] [ERROR] Failed to load resource: net::ERR_NETWORK_CHANGED @ http://localhost:3001/_nuxt/@fs/home/meebuzo/github/alternate-framework/packages/plugins/meeovi-forms/node_modules/vuetify/lib/components/VColorPicker/VColorPickerCanvas.css:0
[    3446ms] [ERROR] Failed to load resource: net::ERR_NETWORK_CHANGED @ http://localhost:3001/_nuxt/home/meebuzo/github/alternate-framework/packages/plugins/meeovi-forms/node_modules/vuetify/lib/components/VColorPicker/VColorPickerCanvas.css:0
[    3446ms] [ERROR] Failed to load resource: net::ERR_NETWORK_CHANGED @ http://localhost:3001/_nuxt/@fs/home/meebuzo/github/alternate-framework/packages/plugins/meeovi-forms/node_modules/vuetify/lib/components/VColorPicker/VColorPickerEdit.css:0
[    3446ms] [ERROR] Failed to load resource: net::ERR_NETWORK_CHANGED @ http://localhost:3001/_nuxt/home/meebuzo/github/alternate-framework/packages/plugins/meeovi-forms/node_modules/vuetify/lib/components/VColorPicker/VColorPickerEdit.css:0
[    3446ms] [ERROR] Failed to load resource: net::ERR_NETWORK_CHANGED @ http://localhost:3001/_nuxt/@fs/home/meebuzo/github/alternate-framework/packages/plugins/meeovi-forms/node_modules/vuetify/lib/components/VColorPicker/VColorPickerPreview.css:0
[    3446ms] [ERROR] Failed to load resource: net::ERR_NETWORK_CHANGED @ http://localhost:3001/_nuxt/home/meebuzo/github/alternate-framework/packages/plugins/meeovi-forms/node_modules/vuetify/lib/components/VColorPicker/VColorPickerPreview.css:0
[    3446ms] [ERROR] Failed to load resource: net::ERR_NETWORK_CHANGED @ http://localhost:3001/_nuxt/@fs/home/meebuzo/github/alternate-framework/packages/plugins/meeovi-forms/node_modules/vuetify/lib/components/VSlider/VSlider.css:0
[    3447ms] [ERROR] Failed to load resource: net::ERR_NETWORK_CHANGED @ http://localhost:3001/_nuxt/home/meebuzo/github/alternate-framework/packages/plugins/meeovi-forms/node_modules/vuetify/lib/components/VSlider/VSlider.css:0
[    3447ms] [ERROR] Failed to load resource: net::ERR_NETWORK_CHANGED @ http://localhost:3001/_nuxt/@fs/home/meebuzo/github/alternate-framework/packages/plugins/meeovi-forms/node_modules/vuetify/lib/components/VSlider/VSliderThumb.css:0
[    3447ms] [ERROR] Failed to load resource: net::ERR_NETWORK_CHANGED @ http://localhost:3001/_nuxt/home/meebuzo/github/alternate-framework/packages/plugins/meeovi-forms/node_modules/vuetify/lib/components/VSlider/VSliderThumb.css:0
[    3447ms] [ERROR] Failed to load resource: net::ERR_NETWORK_CHANGED @ http://localhost:3001/_nuxt/@fs/home/meebuzo/github/alternate-framework/packages/plugins/meeovi-forms/node_modules/vuetify/lib/components/VSlider/VSliderTrack.css:0
[    3448ms] [ERROR] Failed to load resource: net::ERR_NETWORK_CHANGED @ http://localhost:3001/_nuxt/home/meebuzo/github/alternate-framework/packages/plugins/meeovi-forms/node_modules/vuetify/lib/components/VSlider/VSliderTrack.css:0
[    3448ms] [ERROR] Failed to load resource: net::ERR_NETWORK_CHANGED @ http://localhost:3001/_nuxt/@fs/home/meebuzo/github/alternate-framework/packages/plugins/meeovi-forms/node_modules/vuetify/lib/components/VColorPicker/VColorPickerSwatches.css:0
[    3448ms] [ERROR] Failed to load resource: net::ERR_NETWORK_CHANGED @ http://localhost:3001/_nuxt/home/meebuzo/github/alternate-framework/packages/plugins/meeovi-forms/node_modules/vuetify/lib/components/VColorPicker/VColorPickerSwatches.css:0
[    3448ms] [ERROR] Failed to load resource: net::ERR_NETWORK_CHANGED @ http://localhost:3001/_nuxt/@fs/home/meebuzo/github/alternate-framework/packages/plugins/meeovi-forms/node_modules/vuetify/lib/labs/VPicker/VPicker.css:0
[    3448ms] [ERROR] Failed to load resource: net::ERR_NETWORK_CHANGED @ http://localhost:3001/_nuxt/home/meebuzo/github/alternate-framework/packages/plugins/meeovi-forms/node_modules/vuetify/lib/labs/VPicker/VPicker.css:0
[    3449ms] [ERROR] Failed to load resource: net::ERR_NETWORK_CHANGED @ http://localhost:3001/_nuxt/@fs/home/meebuzo/github/alternate-framework/packages/plugins/meeovi-forms/node_modules/vuetify/lib/components/VCombobox/VCombobox.css:0
[    3449ms] [ERROR] Failed to load resource: net::ERR_NETWORK_CHANGED @ http://localhost:3001/_nuxt/home/meebuzo/github/alternate-framework/packages/plugins/meeovi-forms/node_modules/vuetify/lib/components/VCombobox/VCombobox.css:0
[    3449ms] [ERROR] Failed to load resource: net::ERR_NETWORK_CHANGED @ http://localhost:3001/_nuxt/@fs/home/meebuzo/github/alternate-framework/packages/plugins/meeovi-forms/node_modules/vuetify/lib/components/VDataTable/VDataTable.css:0
[    3450ms] [ERROR] Failed to load resource: net::ERR_NETWORK_CHANGED @ http://localhost:3001/_nuxt/home/meebuzo/github/alternate-framework/packages/plugins/meeovi-forms/node_modules/vuetify/lib/components/VDataTable/VDataTable.css:0
[    3450ms] [ERROR] Failed to load resource: net::ERR_NETWORK_CHANGED @ http://localhost:3001/_nuxt/@fs/home/meebuzo/github/alternate-framework/packages/plugins/meeovi-forms/node_modules/vuetify/lib/components/VDataTable/VDataTableFooter.css:0
[    3450ms] [ERROR] Failed to load resource: net::ERR_NETWORK_CHANGED @ http://localhost:3001/_nuxt/home/meebuzo/github/alternate-framework/packages/plugins/meeovi-forms/node_modules/vuetify/lib/components/VDataTable/VDataTableFooter.css:0
[    3450ms] [ERROR] Failed to load resource: net::ERR_NETWORK_CHANGED @ http://localhost:3001/_nuxt/@fs/home/meebuzo/github/alternate-framework/packages/plugins/meeovi-forms/node_modules/vuetify/lib/components/VPagination/VPagination.css:0
[    3451ms] [ERROR] Failed to load resource: net::ERR_NETWORK_CHANGED @ http://localhost:3001/_nuxt/home/meebuzo/github/alternate-framework/packages/plugins/meeovi-forms/node_modules/vuetify/lib/components/VPagination/VPagination.css:0
[    3454ms] [ERROR] Failed to load resource: net::ERR_NETWORK_CHANGED @ http://localhost:3001/_nuxt/@fs/home/meebuzo/github/alternate-framework/packages/plugins/meeovi-forms/node_modules/vuetify/lib/components/VTable/VTable.css:0
[    3456ms] [ERROR] Failed to load resource: net::ERR_NETWORK_CHANGED @ http://localhost:3001/_nuxt/home/meebuzo/github/alternate-framework/packages/plugins/meeovi-forms/node_modules/vuetify/lib/components/VTable/VTable.css:0
[    3456ms] [ERROR] Failed to load resource: net::ERR_NETWORK_CHANGED @ http://localhost:3001/_nuxt/@fs/home/meebuzo/github/alternate-framework/packages/plugins/meeovi-forms/node_modules/vuetify/lib/components/VDatePicker/VDatePicker.css:0
[    3456ms] [ERROR] Failed to load resource: net::ERR_NETWORK_CHANGED @ http://localhost:3001/_nuxt/home/meebuzo/github/alternate-framework/packages/plugins/meeovi-forms/node_modules/vuetify/lib/components/VDatePicker/VDatePicker.css:0
[    3456ms] [ERROR] Failed to load resource: net::ERR_NETWORK_CHANGED @ http://localhost:3001/_nuxt/@fs/home/meebuzo/github/alternate-framework/packages/plugins/meeovi-forms/node_modules/vuetify/lib/components/VDatePicker/VDatePickerControls.css:0
[    3457ms] [ERROR] Failed to load resource: net::ERR_NETWORK_CHANGED @ http://localhost:3001/_nuxt/home/meebuzo/github/alternate-framework/packages/plugins/meeovi-forms/node_modules/vuetify/lib/components/VDatePicker/VDatePickerControls.css:0
[    3460ms] [ERROR] Failed to load resource: net::ERR_NETWORK_CHANGED @ http://localhost:3001/_nuxt/@fs/home/meebuzo/github/alternate-framework/packages/plugins/meeovi-forms/node_modules/vuetify/lib/components/VGrid/VContainer.css:0
[    3460ms] [ERROR] Failed to load resource: net::ERR_NETWORK_CHANGED @ http://localhost:3001/_nuxt/home/meebuzo/github/alternate-framework/packages/plugins/meeovi-forms/node_modules/vuetify/lib/components/VGrid/VContainer.css:0
[    3460ms] [ERROR] Failed to load resource: net::ERR_NETWORK_CHANGED @ http://localhost:3001/_nuxt/@fs/home/meebuzo/github/alternate-framework/packages/plugins/meeovi-forms/node_modules/vuetify/lib/components/VGrid/VGrid.css:0
[    3460ms] [ERROR] Failed to load resource: net::ERR_NETWORK_CHANGED @ http://localhost:3001/_nuxt/home/meebuzo/github/alternate-framework/packages/plugins/meeovi-forms/node_modules/vuetify/lib/components/VGrid/VGrid.css:0
[    3460ms] [ERROR] Failed to load resource: net::ERR_NETWORK_CHANGED @ http://localhost:3001/_nuxt/@fs/home/meebuzo/github/alternate-framework/packages/plugins/meeovi-forms/node_modules/vuetify/lib/components/VGrid/VSpacer.css:0
[    3460ms] [ERROR] Failed to load resource: net::ERR_NETWORK_CHANGED @ http://localhost:3001/_nuxt/home/meebuzo/github/alternate-framework/packages/plugins/meeovi-forms/node_modules/vuetify/lib/components/VGrid/VSpacer.css:0
[    3461ms] [ERROR] Failed to load resource: net::ERR_NETWORK_CHANGED @ http://localhost:3001/_nuxt/@fs/home/meebuzo/github/alternate-framework/packages/plugins/meeovi-forms/node_modules/vuetify/lib/components/VDatePicker/VDatePickerHeader.css:0
[    3461ms] [ERROR] Failed to load resource: net::ERR_NETWORK_CHANGED @ http://localhost:3001/_nuxt/home/meebuzo/github/alternate-framework/packages/plugins/meeovi-forms/node_modules/vuetify/lib/components/VDatePicker/VDatePickerHeader.css:0
[    3461ms] [ERROR] Failed to load resource: net::ERR_NETWORK_CHANGED @ http://localhost:3001/_nuxt/@fs/home/meebuzo/github/alternate-framework/packages/plugins/meeovi-forms/node_modules/vuetify/lib/components/VDatePicker/VDatePickerMonth.css:0
[    3461ms] [ERROR] Failed to load resource: net::ERR_NETWORK_CHANGED @ http://localhost:3001/_nuxt/home/meebuzo/github/alternate-framework/packages/plugins/meeovi-forms/node_modules/vuetify/lib/components/VDatePicker/VDatePickerMonth.css:0
[    3461ms] [ERROR] Failed to load resource: net::ERR_NETWORK_CHANGED @ http://localhost:3001/_nuxt/@fs/home/meebuzo/github/alternate-framework/packages/plugins/meeovi-forms/node_modules/vuetify/lib/components/VDatePicker/VDatePickerMonths.css:0
[    3461ms] [ERROR] Failed to load resource: net::ERR_NETWORK_CHANGED @ http://localhost:3001/_nuxt/home/meebuzo/github/alternate-framework/packages/plugins/meeovi-forms/node_modules/vuetify/lib/components/VDatePicker/VDatePickerMonths.css:0
[    3461ms] [ERROR] Failed to load resource: net::ERR_NETWORK_CHANGED @ http://localhost:3001/_nuxt/@fs/home/meebuzo/github/alternate-framework/packages/plugins/meeovi-forms/node_modules/vuetify/lib/components/VDatePicker/VDatePickerYears.css:0
[    3461ms] [ERROR] Failed to load resource: net::ERR_NETWORK_CHANGED @ http://localhost:3001/_nuxt/home/meebuzo/github/alternate-framework/packages/plugins/meeovi-forms/node_modules/vuetify/lib/components/VDatePicker/VDatePickerYears.css:0
[    3461ms] [ERROR] Failed to load resource: net::ERR_NETWORK_CHANGED @ http://localhost:3001/_nuxt/@fs/home/meebuzo/github/alternate-framework/packages/plugins/meeovi-forms/node_modules/vuetify/lib/components/VEmptyState/VEmptyState.css:0
[    3461ms] [ERROR] Failed to load resource: net::ERR_NETWORK_CHANGED @ http://localhost:3001/_nuxt/home/meebuzo/github/alternate-framework/packages/plugins/meeovi-forms/node_modules/vuetify/lib/components/VEmptyState/VEmptyState.css:0
[    3461ms] [ERROR] Failed to load resource: net::ERR_NETWORK_CHANGED @ http://localhost:3001/_nuxt/@fs/home/meebuzo/github/alternate-framework/packages/plugins/meeovi-forms/node_modules/vuetify/lib/components/VExpansionPanel/VExpansionPanel.css:0
[    3461ms] [ERROR] Failed to load resource: net::ERR_NETWORK_CHANGED @ http://localhost:3001/_nuxt/home/meebuzo/github/alternate-framework/packages/plugins/meeovi-forms/node_modules/vuetify/lib/components/VExpansionPanel/VExpansionPanel.css:0
[    3462ms] [ERROR] Failed to load resource: net::ERR_NETWORK_CHANGED @ http://localhost:3001/_nuxt/@fs/home/meebuzo/github/alternate-framework/packages/plugins/meeovi-forms/node_modules/vuetify/lib/components/VFab/VFab.css:0
[    3462ms] [ERROR] Failed to load resource: net::ERR_NETWORK_CHANGED @ http://localhost:3001/_nuxt/home/meebuzo/github/alternate-framework/packages/plugins/meeovi-forms/node_modules/vuetify/lib/components/VFab/VFab.css:0
[    3462ms] [ERROR] Failed to load resource: net::ERR_NETWORK_CHANGED @ http://localhost:3001/_nuxt/@fs/home/meebuzo/github/alternate-framework/packages/plugins/meeovi-forms/node_modules/vuetify/lib/components/VFileInput/VFileInput.css:0
[    3462ms] [ERROR] Failed to load resource: net::ERR_NETWORK_CHANGED @ http://localhost:3001/_nuxt/home/meebuzo/github/alternate-framework/packages/plugins/meeovi-forms/node_modules/vuetify/lib/components/VFileInput/VFileInput.css:0
[    3462ms] [ERROR] Failed to load resource: net::ERR_NETWORK_CHANGED @ http://localhost:3001/_nuxt/@fs/home/meebuzo/github/alternate-framework/packages/plugins/meeovi-forms/node_modules/vuetify/lib/components/VFooter/VFooter.css:0
[    3462ms] [ERROR] Failed to load resource: net::ERR_NETWORK_CHANGED @ http://localhost:3001/_nuxt/home/meebuzo/github/alternate-framework/packages/plugins/meeovi-forms/node_modules/vuetify/lib/components/VFooter/VFooter.css:0
[    3462ms] [ERROR] Failed to load resource: net::ERR_NETWORK_CHANGED @ http://localhost:3001/_nuxt/@fs/home/meebuzo/github/alternate-framework/packages/plugins/meeovi-forms/node_modules/vuetify/lib/components/VHotkey/VHotkey.css:0
[    3463ms] [ERROR] Failed to load resource: net::ERR_NETWORK_CHANGED @ http://localhost:3001/_nuxt/home/meebuzo/github/alternate-framework/packages/plugins/meeovi-forms/node_modules/vuetify/lib/components/VHotkey/VHotkey.css:0
[    3465ms] [ERROR] Failed to load resource: net::ERR_NETWORK_CHANGED @ http://localhost:3001/_nuxt/@fs/home/meebuzo/github/alternate-framework/packages/plugins/meeovi-forms/node_modules/vuetify/lib/components/VKbd/VKbd.css:0
[    3465ms] [ERROR] Failed to load resource: net::ERR_NETWORK_CHANGED @ http://localhost:3001/_nuxt/home/meebuzo/github/alternate-framework/packages/plugins/meeovi-forms/node_modules/vuetify/lib/components/VKbd/VKbd.css:0
[    3465ms] [ERROR] Failed to load resource: net::ERR_NETWORK_CHANGED @ http://localhost:3001/_nuxt/@fs/home/meebuzo/github/alternate-framework/packages/plugins/meeovi-forms/node_modules/vuetify/lib/components/VInfiniteScroll/VInfiniteScroll.css:0
[    3465ms] [ERROR] Failed to load resource: net::ERR_NETWORK_CHANGED @ http://localhost:3001/_nuxt/home/meebuzo/github/alternate-framework/packages/plugins/meeovi-forms/node_modules/vuetify/lib/components/VInfiniteScroll/VInfiniteScroll.css:0
[    3465ms] [ERROR] Failed to load resource: net::ERR_NETWORK_CHANGED @ http://localhost:3001/_nuxt/@fs/home/meebuzo/github/alternate-framework/packages/plugins/meeovi-forms/node_modules/vuetify/lib/components/VItemGroup/VItemGroup.css:0
[    3465ms] [ERROR] Failed to load resource: net::ERR_NETWORK_CHANGED @ http://localhost:3001/_nuxt/home/meebuzo/github/alternate-framework/packages/plugins/meeovi-forms/node_modules/vuetify/lib/components/VItemGroup/VItemGroup.css:0
[    3466ms] [ERROR] Failed to load resource: net::ERR_NETWORK_CHANGED @ http://localhost:3001/_nuxt/@fs/home/meebuzo/github/alternate-framework/packages/plugins/meeovi-forms/node_modules/vuetify/lib/components/VLayout/VLayout.css:0
[    3468ms] [ERROR] Failed to load resource: net::ERR_NETWORK_CHANGED @ http://localhost:3001/_nuxt/home/meebuzo/github/alternate-framework/packages/plugins/meeovi-forms/node_modules/vuetify/lib/components/VLayout/VLayout.css:0
[    3468ms] [ERROR] Failed to load resource: net::ERR_NETWORK_CHANGED @ http://localhost:3001/_nuxt/@fs/home/meebuzo/github/alternate-framework/packages/plugins/meeovi-forms/node_modules/vuetify/lib/components/VLayout/VLayoutItem.css:0
[    3468ms] [ERROR] Failed to load resource: net::ERR_NETWORK_CHANGED @ http://localhost:3001/_nuxt/home/meebuzo/github/alternate-framework/packages/plugins/meeovi-forms/node_modules/vuetify/lib/components/VLayout/VLayoutItem.css:0
[    3468ms] [ERROR] Failed to load resource: net::ERR_NETWORK_CHANGED @ http://localhost:3001/_nuxt/@fs/home/meebuzo/github/alternate-framework/packages/plugins/meeovi-forms/node_modules/vuetify/lib/components/VLocaleProvider/VLocaleProvider.css:0
[    3468ms] [ERROR] Failed to load resource: net::ERR_NETWORK_CHANGED @ http://localhost:3001/_nuxt/home/meebuzo/github/alternate-framework/packages/plugins/meeovi-forms/node_modules/vuetify/lib/components/VLocaleProvider/VLocaleProvider.css:0
[    3469ms] [ERROR] Failed to load resource: net::ERR_NETWORK_CHANGED @ http://localhost:3001/_nuxt/@fs/home/meebuzo/github/alternate-framework/packages/plugins/meeovi-forms/node_modules/vuetify/lib/components/VMain/VMain.css:0
[    3470ms] [ERROR] Failed to load resource: net::ERR_NETWORK_CHANGED @ http://localhost:3001/_nuxt/home/meebuzo/github/alternate-framework/packages/plugins/meeovi-forms/node_modules/vuetify/lib/components/VMain/VMain.css:0
[    3470ms] [ERROR] Failed to load resource: net::ERR_NETWORK_CHANGED @ http://localhost:3001/_nuxt/@fs/home/meebuzo/github/alternate-framework/packages/plugins/meeovi-forms/node_modules/vuetify/lib/components/VNavigationDrawer/VNavigationDrawer.css:0
[    3470ms] [ERROR] Failed to load resource: net::ERR_NETWORK_CHANGED @ http://localhost:3001/_nuxt/home/meebuzo/github/alternate-framework/packages/plugins/meeovi-forms/node_modules/vuetify/lib/components/VNavigationDrawer/VNavigationDrawer.css:0
[    3470ms] [ERROR] Failed to load resource: net::ERR_NETWORK_CHANGED @ http://localhost:3001/_nuxt/@fs/home/meebuzo/github/alternate-framework/packages/plugins/meeovi-forms/node_modules/vuetify/lib/components/VNumberInput/VNumberInput.css:0
[    3471ms] [ERROR] Failed to load resource: net::ERR_NETWORK_CHANGED @ http://localhost:3001/_nuxt/home/meebuzo/github/alternate-framework/packages/plugins/meeovi-forms/node_modules/vuetify/lib/components/VNumberInput/VNumberInput.css:0
[    3471ms] [ERROR] Failed to load resource: net::ERR_NETWORK_CHANGED @ http://localhost:3001/_nuxt/@fs/home/meebuzo/github/alternate-framework/packages/plugins/meeovi-forms/node_modules/vuetify/lib/components/VOtpInput/VOtpInput.css:0
[    3472ms] [ERROR] Failed to load resource: net::ERR_NETWORK_CHANGED @ http://localhost:3001/_nuxt/home/meebuzo/github/alternate-framework/packages/plugins/meeovi-forms/node_modules/vuetify/lib/components/VOtpInput/VOtpInput.css:0
[    3472ms] [ERROR] Failed to load resource: net::ERR_NETWORK_CHANGED @ http://localhost:3001/_nuxt/@fs/home/meebuzo/github/alternate-framework/packages/plugins/meeovi-forms/node_modules/vuetify/lib/components/VParallax/VParallax.css:0
[    3472ms] [ERROR] Failed to load resource: net::ERR_NETWORK_CHANGED @ http://localhost:3001/_nuxt/home/meebuzo/github/alternate-framework/packages/plugins/meeovi-forms/node_modules/vuetify/lib/components/VParallax/VParallax.css:0
[    3472ms] [ERROR] Failed to load resource: net::ERR_NETWORK_CHANGED @ http://localhost:3001/_nuxt/@fs/home/meebuzo/github/alternate-framework/packages/plugins/meeovi-forms/node_modules/vuetify/lib/components/VRadioGroup/VRadioGroup.css:0
[    3473ms] [ERROR] Failed to load resource: net::ERR_NETWORK_CHANGED @ http://localhost:3001/_nuxt/home/meebuzo/github/alternate-framework/packages/plugins/meeovi-forms/node_modules/vuetify/lib/components/VRadioGroup/VRadioGroup.css:0
[    3473ms] [ERROR] Failed to load resource: net::ERR_NETWORK_CHANGED @ http://localhost:3001/_nuxt/@fs/home/meebuzo/github/alternate-framework/packages/plugins/meeovi-forms/node_modules/vuetify/lib/components/VRating/VRating.css:0
[    3473ms] [ERROR] Failed to load resource: net::ERR_NETWORK_CHANGED @ http://localhost:3001/_nuxt/home/meebuzo/github/alternate-framework/packages/plugins/meeovi-forms/node_modules/vuetify/lib/components/VRating/VRating.css:0
[    3473ms] [ERROR] Failed to load resource: net::ERR_NETWORK_CHANGED @ http://localhost:3001/_nuxt/@fs/home/meebuzo/github/alternate-framework/packages/plugins/meeovi-forms/node_modules/vuetify/lib/components/VSkeletonLoader/VSkeletonLoader.css:0
[    3473ms] [ERROR] Failed to load resource: net::ERR_NETWORK_CHANGED @ http://localhost:3001/_nuxt/home/meebuzo/github/alternate-framework/packages/plugins/meeovi-forms/node_modules/vuetify/lib/components/VSkeletonLoader/VSkeletonLoader.css:0
[    3474ms] [ERROR] Failed to load resource: net::ERR_NETWORK_CHANGED @ http://localhost:3001/_nuxt/@fs/home/meebuzo/github/alternate-framework/packages/plugins/meeovi-forms/node_modules/vuetify/lib/components/VSnackbar/VSnackbar.css:0
[    3474ms] [ERROR] Failed to load resource: net::ERR_NETWORK_CHANGED @ http://localhost:3001/_nuxt/home/meebuzo/github/alternate-framework/packages/plugins/meeovi-forms/node_modules/vuetify/lib/components/VSnackbar/VSnackbar.css:0
[    3475ms] [ERROR] Failed to load resource: net::ERR_NETWORK_CHANGED @ http://localhost:3001/_nuxt/@fs/home/meebuzo/github/alternate-framework/packages/plugins/meeovi-forms/node_modules/vuetify/lib/components/VSpeedDial/VSpeedDial.css:0
[    3475ms] [ERROR] Failed to load resource: net::ERR_NETWORK_CHANGED @ http://localhost:3001/_nuxt/home/meebuzo/github/alternate-framework/packages/plugins/meeovi-forms/node_modules/vuetify/lib/components/VSpeedDial/VSpeedDial.css:0
[    3475ms] [ERROR] Failed to load resource: net::ERR_NETWORK_CHANGED @ http://localhost:3001/_nuxt/@fs/home/meebuzo/github/alternate-framework/packages/plugins/meeovi-forms/node_modules/vuetify/lib/components/VStepper/VStepper.css:0
[    3475ms] [ERROR] Failed to load resource: net::ERR_NETWORK_CHANGED @ http://localhost:3001/_nuxt/home/meebuzo/github/alternate-framework/packages/plugins/meeovi-forms/node_modules/vuetify/lib/components/VStepper/VStepper.css:0
[    3476ms] [ERROR] Failed to load resource: net::ERR_NETWORK_CHANGED @ http://localhost:3001/_nuxt/@fs/home/meebuzo/github/alternate-framework/packages/plugins/meeovi-forms/node_modules/vuetify/lib/components/VStepper/VStepperItem.css:0
[    3476ms] [ERROR] Failed to load resource: net::ERR_NETWORK_CHANGED @ http://localhost:3001/_nuxt/home/meebuzo/github/alternate-framework/packages/plugins/meeovi-forms/node_modules/vuetify/lib/components/VStepper/VStepperItem.css:0
[    3476ms] [ERROR] Failed to load resource: net::ERR_NETWORK_CHANGED @ http://localhost:3001/_nuxt/@fs/home/meebuzo/github/alternate-framework/packages/plugins/meeovi-forms/node_modules/vuetify/lib/components/VSwitch/VSwitch.css:0
[    3476ms] [ERROR] Failed to load resource: net::ERR_NETWORK_CHANGED @ http://localhost:3001/_nuxt/home/meebuzo/github/alternate-framework/packages/plugins/meeovi-forms/node_modules/vuetify/lib/components/VSwitch/VSwitch.css:0
[    3477ms] [ERROR] Failed to load resource: net::ERR_NETWORK_CHANGED @ http://localhost:3001/_nuxt/@fs/home/meebuzo/github/alternate-framework/packages/plugins/meeovi-forms/node_modules/vuetify/lib/components/VSystemBar/VSystemBar.css:0
[    3477ms] [ERROR] Failed to load resource: net::ERR_NETWORK_CHANGED @ http://localhost:3001/_nuxt/home/meebuzo/github/alternate-framework/packages/plugins/meeovi-forms/node_modules/vuetify/lib/components/VSystemBar/VSystemBar.css:0
[    3478ms] [ERROR] Failed to load resource: net::ERR_NETWORK_CHANGED @ http://localhost:3001/_nuxt/@fs/home/meebuzo/github/alternate-framework/packages/plugins/meeovi-forms/node_modules/vuetify/lib/components/VTabs/VTab.css:0
[    3478ms] [ERROR] Failed to load resource: net::ERR_NETWORK_CHANGED @ http://localhost:3001/_nuxt/home/meebuzo/github/alternate-framework/packages/plugins/meeovi-forms/node_modules/vuetify/lib/components/VTabs/VTab.css:0
[    3478ms] [ERROR] Failed to load resource: net::ERR_NETWORK_CHANGED @ http://localhost:3001/_nuxt/@fs/home/meebuzo/github/alternate-framework/packages/plugins/meeovi-forms/node_modules/vuetify/lib/components/VTabs/VTabs.css:0
[    3479ms] [ERROR] Failed to load resource: net::ERR_NETWORK_CHANGED @ http://localhost:3001/_nuxt/home/meebuzo/github/alternate-framework/packages/plugins/meeovi-forms/node_modules/vuetify/lib/components/VTabs/VTabs.css:0
[    3479ms] [ERROR] Failed to load resource: net::ERR_NETWORK_CHANGED @ http://localhost:3001/_nuxt/@fs/home/meebuzo/github/alternate-framework/packages/plugins/meeovi-forms/node_modules/vuetify/lib/components/VTextarea/VTextarea.css:0
[    3479ms] [ERROR] Failed to load resource: net::ERR_NETWORK_CHANGED @ http://localhost:3001/_nuxt/home/meebuzo/github/alternate-framework/packages/plugins/meeovi-forms/node_modules/vuetify/lib/components/VTextarea/VTextarea.css:0
[    3480ms] [ERROR] Failed to load resource: net::ERR_NETWORK_CHANGED @ http://localhost:3001/_nuxt/@fs/home/meebuzo/github/alternate-framework/packages/plugins/meeovi-forms/node_modules/vuetify/lib/components/VThemeProvider/VThemeProvider.css:0
[    3480ms] [ERROR] Failed to load resource: net::ERR_NETWORK_CHANGED @ http://localhost:3001/_nuxt/home/meebuzo/github/alternate-framework/packages/plugins/meeovi-forms/node_modules/vuetify/lib/components/VThemeProvider/VThemeProvider.css:0
[    3480ms] [ERROR] Failed to load resource: net::ERR_NETWORK_CHANGED @ http://localhost:3001/_nuxt/@fs/home/meebuzo/github/alternate-framework/packages/plugins/meeovi-forms/node_modules/vuetify/lib/components/VTimeline/VTimeline.css:0
[    3480ms] [ERROR] Failed to load resource: net::ERR_NETWORK_CHANGED @ http://localhost:3001/_nuxt/home/meebuzo/github/alternate-framework/packages/plugins/meeovi-forms/node_modules/vuetify/lib/components/VTimeline/VTimeline.css:0
[    3480ms] [ERROR] Failed to load resource: net::ERR_NETWORK_CHANGED @ http://localhost:3001/_nuxt/@fs/home/meebuzo/github/alternate-framework/packages/plugins/meeovi-forms/node_modules/vuetify/lib/components/VTimePicker/VTimePicker.css:0
[    3480ms] [ERROR] Failed to load resource: net::ERR_NETWORK_CHANGED @ http://localhost:3001/_nuxt/home/meebuzo/github/alternate-framework/packages/plugins/meeovi-forms/node_modules/vuetify/lib/components/VTimePicker/VTimePicker.css:0
[    3481ms] [ERROR] Failed to load resource: net::ERR_NETWORK_CHANGED @ http://localhost:3001/_nuxt/@fs/home/meebuzo/github/alternate-framework/packages/plugins/meeovi-forms/node_modules/vuetify/lib/components/VTimePicker/VTimePickerClock.css:0
[    3481ms] [ERROR] Failed to load resource: net::ERR_NETWORK_CHANGED @ http://localhost:3001/_nuxt/home/meebuzo/github/alternate-framework/packages/plugins/meeovi-forms/node_modules/vuetify/lib/components/VTimePicker/VTimePickerClock.css:0
[    3481ms] [ERROR] Failed to load resource: net::ERR_NETWORK_CHANGED @ http://localhost:3001/_nuxt/@fs/home/meebuzo/github/alternate-framework/packages/plugins/meeovi-forms/node_modules/vuetify/lib/components/VTimePicker/VTimePickerControls.css:0
[    3482ms] [ERROR] Failed to load resource: net::ERR_NETWORK_CHANGED @ http://localhost:3001/_nuxt/home/meebuzo/github/alternate-framework/packages/plugins/meeovi-forms/node_modules/vuetify/lib/components/VTimePicker/VTimePickerControls.css:0
[    3482ms] [ERROR] Failed to load resource: net::ERR_NETWORK_CHANGED @ http://localhost:3001/_nuxt/@fs/home/meebuzo/github/alternate-framework/packages/plugins/meeovi-forms/node_modules/vuetify/lib/components/VTooltip/VTooltip.css:0
[    3482ms] [ERROR] Failed to load resource: net::ERR_NETWORK_CHANGED @ http://localhost:3001/_nuxt/home/meebuzo/github/alternate-framework/packages/plugins/meeovi-forms/node_modules/vuetify/lib/components/VTooltip/VTooltip.css:0
[    3483ms] [ERROR] Failed to load resource: net::ERR_NETWORK_CHANGED @ http://localhost:3001/_nuxt/@fs/home/meebuzo/github/alternate-framework/packages/plugins/meeovi-forms/node_modules/vuetify/lib/components/VTreeview/VTreeviewItem.css:0
[    3483ms] [ERROR] Failed to load resource: net::ERR_NETWORK_CHANGED @ http://localhost:3001/_nuxt/home/meebuzo/github/alternate-framework/packages/plugins/meeovi-forms/node_modules/vuetify/lib/components/VTreeview/VTreeviewItem.css:0
[    3483ms] [ERROR] Failed to load resource: net::ERR_NETWORK_CHANGED @ http://localhost:3001/_nuxt/@fs/home/meebuzo/github/alternate-framework/packages/plugins/meeovi-forms/node_modules/vuetify/lib/labs/VStepperVertical/VStepperVerticalItem.css:0
[    3483ms] [ERROR] Failed to load resource: net::ERR_NETWORK_CHANGED @ http://localhost:3001/_nuxt/home/meebuzo/github/alternate-framework/packages/plugins/meeovi-forms/node_modules/vuetify/lib/labs/VStepperVertical/VStepperVerticalItem.css:0
[    3484ms] [ERROR] Failed to load resource: net::ERR_NETWORK_CHANGED @ http://localhost:3001/_nuxt/@fs/home/meebuzo/github/alternate-framework/node_modules/vuetify/lib/components/VApp/VApp.css:0
[    3484ms] [ERROR] Failed to load resource: net::ERR_NETWORK_CHANGED @ http://localhost:3001/_nuxt/home/meebuzo/github/alternate-framework/node_modules/vuetify/lib/components/VApp/VApp.css:0
[    3484ms] [ERROR] Failed to load resource: net::ERR_NETWORK_CHANGED @ http://localhost:3001/_nuxt/@fs/home/meebuzo/github/alternate-framework/node_modules/vuetify/lib/components/VAppBar/VAppBar.css:0
[    3485ms] [ERROR] Failed to load resource: net::ERR_NETWORK_CHANGED @ http://localhost:3001/_nuxt/home/meebuzo/github/alternate-framework/node_modules/vuetify/lib/components/VAppBar/VAppBar.css:0
[    3485ms] [ERROR] Failed to load resource: net::ERR_NETWORK_CHANGED @ http://localhost:3001/_nuxt/@fs/home/meebuzo/github/alternate-framework/node_modules/vuetify/lib/components/VToolbar/VToolbar.css:0
[    3485ms] [ERROR] Failed to load resource: net::ERR_NETWORK_CHANGED @ http://localhost:3001/_nuxt/home/meebuzo/github/alternate-framework/node_modules/vuetify/lib/components/VToolbar/VToolbar.css:0
[    3485ms] [ERROR] Failed to load resource: net::ERR_NETWORK_CHANGED @ http://localhost:3001/_nuxt/@fs/home/meebuzo/github/alternate-framework/node_modules/vuetify/lib/components/VImg/VImg.css:0
[    3485ms] [ERROR] Failed to load resource: net::ERR_NETWORK_CHANGED @ http://localhost:3001/_nuxt/home/meebuzo/github/alternate-framework/node_modules/vuetify/lib/components/VImg/VImg.css:0
[    3486ms] [ERROR] Failed to load resource: net::ERR_NETWORK_CHANGED @ http://localhost:3001/_nuxt/@fs/home/meebuzo/github/alternate-framework/node_modules/vuetify/lib/components/VResponsive/VResponsive.css:0
[    3486ms] [ERROR] Failed to load resource: net::ERR_NETWORK_CHANGED @ http://localhost:3001/_nuxt/home/meebuzo/github/alternate-framework/node_modules/vuetify/lib/components/VResponsive/VResponsive.css:0
[    3486ms] [ERROR] Failed to load resource: net::ERR_NETWORK_CHANGED @ http://localhost:3001/_nuxt/@fs/home/meebuzo/github/alternate-framework/node_modules/vuetify/lib/components/VBtn/VBtn.css:0
[    3487ms] [ERROR] Failed to load resource: net::ERR_NETWORK_CHANGED @ http://localhost:3001/_nuxt/home/meebuzo/github/alternate-framework/node_modules/vuetify/lib/components/VBtn/VBtn.css:0
[    3487ms] [ERROR] Failed to load resource: net::ERR_NETWORK_CHANGED @ http://localhost:3001/_nuxt/@fs/home/meebuzo/github/alternate-framework/node_modules/vuetify/lib/components/VBtnToggle/VBtnToggle.css:0
[    3487ms] [ERROR] Failed to load resource: net::ERR_NETWORK_CHANGED @ http://localhost:3001/_nuxt/home/meebuzo/github/alternate-framework/node_modules/vuetify/lib/components/VBtnToggle/VBtnToggle.css:0
[    3487ms] [ERROR] Failed to load resource: net::ERR_NETWORK_CHANGED @ http://localhost:3001/_nuxt/@fs/home/meebuzo/github/alternate-framework/node_modules/vuetify/lib/components/VBtnGroup/VBtnGroup.css:0
[    3487ms] [ERROR] Failed to load resource: net::ERR_NETWORK_CHANGED @ http://localhost:3001/_nuxt/home/meebuzo/github/alternate-framework/node_modules/vuetify/lib/components/VBtnGroup/VBtnGroup.css:0
[    3488ms] [ERROR] Failed to load resource: net::ERR_NETWORK_CHANGED @ http://localhost:3001/_nuxt/@fs/home/meebuzo/github/alternate-framework/node_modules/vuetify/lib/components/VIcon/VIcon.css:0
[    3488ms] [ERROR] Failed to load resource: net::ERR_NETWORK_CHANGED @ http://localhost:3001/_nuxt/home/meebuzo/github/alternate-framework/node_modules/vuetify/lib/components/VIcon/VIcon.css:0
[    3488ms] [ERROR] Failed to load resource: net::ERR_NETWORK_CHANGED @ http://localhost:3001/_nuxt/@fs/home/meebuzo/github/alternate-framework/node_modules/vuetify/lib/components/VProgressCircular/VProgressCircular.css:0
[    3489ms] [ERROR] Failed to load resource: net::ERR_NETWORK_CHANGED @ http://localhost:3001/_nuxt/home/meebuzo/github/alternate-framework/node_modules/vuetify/lib/components/VProgressCircular/VProgressCircular.css:0
[    3489ms] [ERROR] Failed to load resource: net::ERR_NETWORK_CHANGED @ http://localhost:3001/_nuxt/@fs/home/meebuzo/github/alternate-framework/node_modules/vuetify/lib/components/VProgressLinear/VProgressLinear.css:0
[    3491ms] [ERROR] Failed to load resource: net::ERR_NETWORK_CHANGED @ http://localhost:3001/_nuxt/home/meebuzo/github/alternate-framework/node_modules/vuetify/lib/components/VProgressLinear/VProgressLinear.css:0
[    3491ms] [ERROR] Failed to load resource: net::ERR_NETWORK_CHANGED @ http://localhost:3001/_nuxt/@fs/home/meebuzo/github/alternate-framework/node_modules/vuetify/lib/directives/ripple/VRipple.css:0
[    3491ms] [ERROR] Failed to load resource: net::ERR_NETWORK_CHANGED @ http://localhost:3001/_nuxt/home/meebuzo/github/alternate-framework/node_modules/vuetify/lib/directives/ripple/VRipple.css:0
[    3491ms] [ERROR] Failed to load resource: net::ERR_NETWORK_CHANGED @ http://localhost:3001/_nuxt/@fs/home/meebuzo/github/alternate-framework/node_modules/vuetify/lib/components/VAlert/VAlert.css:0
[    3491ms] [ERROR] Failed to load resource: net::ERR_NETWORK_CHANGED @ http://localhost:3001/_nuxt/home/meebuzo/github/alternate-framework/node_modules/vuetify/lib/components/VAlert/VAlert.css:0
[    3491ms] [ERROR] Failed to load resource: net::ERR_NETWORK_CHANGED @ http://localhost:3001/_nuxt/@fs/home/meebuzo/github/alternate-framework/node_modules/vuetify/lib/components/VAutocomplete/VAutocomplete.css:0
[    3491ms] [ERROR] Failed to load resource: net::ERR_NETWORK_CHANGED @ http://localhost:3001/_nuxt/home/meebuzo/github/alternate-framework/node_modules/vuetify/lib/components/VAutocomplete/VAutocomplete.css:0
[    3491ms] [ERROR] Failed to load resource: net::ERR_NETWORK_CHANGED @ http://localhost:3001/_nuxt/@fs/home/meebuzo/github/alternate-framework/node_modules/vuetify/lib/components/VAvatar/VAvatar.css:0
[    3494ms] [ERROR] Failed to load resource: net::ERR_NETWORK_CHANGED @ http://localhost:3001/_nuxt/home/meebuzo/github/alternate-framework/node_modules/vuetify/lib/components/VAvatar/VAvatar.css:0
[    3494ms] [ERROR] Failed to load resource: net::ERR_NETWORK_CHANGED @ http://localhost:3001/_nuxt/@fs/home/meebuzo/github/alternate-framework/node_modules/vuetify/lib/components/VBadge/VBadge.css:0
[    3494ms] [ERROR] Failed to load resource: net::ERR_NETWORK_CHANGED @ http://localhost:3001/_nuxt/home/meebuzo/github/alternate-framework/node_modules/vuetify/lib/components/VBadge/VBadge.css:0
[    3494ms] [ERROR] Failed to load resource: net::ERR_NETWORK_CHANGED @ http://localhost:3001/_nuxt/@fs/home/meebuzo/github/alternate-framework/node_modules/vuetify/lib/components/VCheckbox/VCheckbox.css:0
[    3495ms] [ERROR] Failed to load resource: net::ERR_NETWORK_CHANGED @ http://localhost:3001/_nuxt/home/meebuzo/github/alternate-framework/node_modules/vuetify/lib/components/VCheckbox/VCheckbox.css:0
[    3495ms] [ERROR] Failed to load resource: net::ERR_NETWORK_CHANGED @ http://localhost:3001/_nuxt/@fs/home/meebuzo/github/alternate-framework/node_modules/vuetify/lib/components/VSelectionControl/VSelectionControl.css:0
[    3495ms] [ERROR] Failed to load resource: net::ERR_NETWORK_CHANGED @ http://localhost:3001/_nuxt/home/meebuzo/github/alternate-framework/node_modules/vuetify/lib/components/VSelectionControl/VSelectionControl.css:0
[    3495ms] [ERROR] Failed to load resource: net::ERR_NETWORK_CHANGED @ http://localhost:3001/_nuxt/@fs/home/meebuzo/github/alternate-framework/node_modules/vuetify/lib/components/VLabel/VLabel.css:0
[    3495ms] [ERROR] Failed to load resource: net::ERR_NETWORK_CHANGED @ http://localhost:3001/_nuxt/home/meebuzo/github/alternate-framework/node_modules/vuetify/lib/components/VLabel/VLabel.css:0
[    3495ms] [ERROR] Failed to load resource: net::ERR_NETWORK_CHANGED @ http://localhost:3001/_nuxt/@fs/home/meebuzo/github/alternate-framework/node_modules/vuetify/lib/components/VSelectionControlGroup/VSelectionControlGroup.css:0
[    3496ms] [ERROR] Failed to load resource: net::ERR_NETWORK_CHANGED @ http://localhost:3001/_nuxt/home/meebuzo/github/alternate-framework/node_modules/vuetify/lib/components/VSelectionControlGroup/VSelectionControlGroup.css:0
[    3496ms] [ERROR] Failed to load resource: net::ERR_NETWORK_CHANGED @ http://localhost:3001/_nuxt/@fs/home/meebuzo/github/alternate-framework/node_modules/vuetify/lib/components/VInput/VInput.css:0
[    3496ms] [ERROR] Failed to load resource: net::ERR_NETWORK_CHANGED @ http://localhost:3001/_nuxt/home/meebuzo/github/alternate-framework/node_modules/vuetify/lib/components/VInput/VInput.css:0
[    3496ms] [ERROR] Failed to load resource: net::ERR_NETWORK_CHANGED @ http://localhost:3001/_nuxt/@fs/home/meebuzo/github/alternate-framework/node_modules/vuetify/lib/components/VMessages/VMessages.css:0
[    3496ms] [ERROR] Failed to load resource: net::ERR_NETWORK_CHANGED @ http://localhost:3001/_nuxt/home/meebuzo/github/alternate-framework/node_modules/vuetify/lib/components/VMessages/VMessages.css:0
[    3496ms] [ERROR] Failed to load resource: net::ERR_NETWORK_CHANGED @ http://localhost:3001/_nuxt/@fs/home/meebuzo/github/alternate-framework/node_modules/vuetify/lib/components/VChip/VChip.css:0
[    3497ms] [ERROR] Failed to load resource: net::ERR_NETWORK_CHANGED @ http://localhost:3001/_nuxt/home/meebuzo/github/alternate-framework/node_modules/vuetify/lib/components/VChip/VChip.css:0
[    3497ms] [ERROR] Failed to load resource: net::ERR_NETWORK_CHANGED @ http://localhost:3001/_nuxt/@fs/home/meebuzo/github/alternate-framework/node_modules/vuetify/lib/components/VChipGroup/VChipGroup.css:0
[    3497ms] [ERROR] Failed to load resource: net::ERR_NETWORK_CHANGED @ http://localhost:3001/_nuxt/home/meebuzo/github/alternate-framework/node_modules/vuetify/lib/components/VChipGroup/VChipGroup.css:0
[    3497ms] [ERROR] Failed to load resource: net::ERR_NETWORK_CHANGED @ http://localhost:3001/_nuxt/@fs/home/meebuzo/github/alternate-framework/node_modules/vuetify/lib/components/VSlideGroup/VSlideGroup.css:0
[    3498ms] [ERROR] Failed to load resource: net::ERR_NETWORK_CHANGED @ http://localhost:3001/_nuxt/home/meebuzo/github/alternate-framework/node_modules/vuetify/lib/components/VSlideGroup/VSlideGroup.css:0
[    3498ms] [ERROR] Failed to load resource: net::ERR_NETWORK_CHANGED @ http://localhost:3001/_nuxt/@fs/home/meebuzo/github/alternate-framework/node_modules/vuetify/lib/components/VDivider/VDivider.css:0
[    3501ms] [ERROR] Failed to load resource: net::ERR_NETWORK_CHANGED @ http://localhost:3001/_nuxt/home/meebuzo/github/alternate-framework/node_modules/vuetify/lib/components/VDivider/VDivider.css:0
[    3501ms] [ERROR] Failed to load resource: net::ERR_NETWORK_CHANGED @ http://localhost:3001/_nuxt/@fs/home/meebuzo/github/alternate-framework/node_modules/vuetify/lib/components/VList/VList.css:0
[    3501ms] [ERROR] Failed to load resource: net::ERR_NETWORK_CHANGED @ http://localhost:3001/_nuxt/home/meebuzo/github/alternate-framework/node_modules/vuetify/lib/components/VList/VList.css:0
[    3501ms] [ERROR] Failed to load resource: net::ERR_NETWORK_CHANGED @ http://localhost:3001/_nuxt/@fs/home/meebuzo/github/alternate-framework/node_modules/vuetify/lib/components/VList/VListItem.css:0
[    3501ms] [ERROR] Failed to load resource: net::ERR_NETWORK_CHANGED @ http://localhost:3001/_nuxt/home/meebuzo/github/alternate-framework/node_modules/vuetify/lib/components/VList/VListItem.css:0
[    3501ms] [ERROR] Failed to load resource: net::ERR_NETWORK_CHANGED @ http://localhost:3001/_nuxt/@fs/home/meebuzo/github/alternate-framework/node_modules/vuetify/lib/components/VMenu/VMenu.css:0
[    3501ms] [ERROR] Failed to load resource: net::ERR_NETWORK_CHANGED @ http://localhost:3001/_nuxt/home/meebuzo/github/alternate-framework/node_modules/vuetify/lib/components/VMenu/VMenu.css:0
[    3501ms] [ERROR] Failed to load resource: net::ERR_NETWORK_CHANGED @ http://localhost:3001/_nuxt/@fs/home/meebuzo/github/alternate-framework/node_modules/vuetify/lib/components/VOverlay/VOverlay.css:0
[    3502ms] [ERROR] Failed to load resource: net::ERR_NETWORK_CHANGED @ http://localhost:3001/_nuxt/home/meebuzo/github/alternate-framework/node_modules/vuetify/lib/components/VOverlay/VOverlay.css:0
[    3502ms] [ERROR] Failed to load resource: net::ERR_NETWORK_CHANGED @ http://localhost:3001/_nuxt/@fs/home/meebuzo/github/alternate-framework/node_modules/vuetify/lib/components/VSelect/VSelect.css:0
[    3502ms] [ERROR] Failed to load resource: net::ERR_NETWORK_CHANGED @ http://localhost:3001/_nuxt/home/meebuzo/github/alternate-framework/node_modules/vuetify/lib/components/VSelect/VSelect.css:0
[    3502ms] [ERROR] Failed to load resource: net::ERR_NETWORK_CHANGED @ http://localhost:3001/_nuxt/@fs/home/meebuzo/github/alternate-framework/node_modules/vuetify/lib/components/VSheet/VSheet.css:0
[    3502ms] [ERROR] Failed to load resource: net::ERR_NETWORK_CHANGED @ http://localhost:3001/_nuxt/home/meebuzo/github/alternate-framework/node_modules/vuetify/lib/components/VSheet/VSheet.css:0
[    3502ms] [ERROR] Failed to load resource: net::ERR_NETWORK_CHANGED @ http://localhost:3001/_nuxt/@fs/home/meebuzo/github/alternate-framework/node_modules/vuetify/lib/components/VTextField/VTextField.css:0
[    3503ms] [ERROR] Failed to load resource: net::ERR_NETWORK_CHANGED @ http://localhost:3001/_nuxt/home/meebuzo/github/alternate-framework/node_modules/vuetify/lib/components/VTextField/VTextField.css:0
[    3503ms] [ERROR] Failed to load resource: net::ERR_NETWORK_CHANGED @ http://localhost:3001/_nuxt/@fs/home/meebuzo/github/alternate-framework/node_modules/vuetify/lib/components/VCounter/VCounter.css:0
[    3503ms] [ERROR] Failed to load resource: net::ERR_NETWORK_CHANGED @ http://localhost:3001/_nuxt/home/meebuzo/github/alternate-framework/node_modules/vuetify/lib/components/VCounter/VCounter.css:0
[    3503ms] [ERROR] Failed to load resource: net::ERR_NETWORK_CHANGED @ http://localhost:3001/_nuxt/@fs/home/meebuzo/github/alternate-framework/node_modules/vuetify/lib/components/VField/VField.css:0
[    3503ms] [ERROR] Failed to load resource: net::ERR_NETWORK_CHANGED @ http://localhost:3001/_nuxt/home/meebuzo/github/alternate-framework/node_modules/vuetify/lib/components/VField/VField.css:0
[    3504ms] [ERROR] Failed to load resource: net::ERR_NETWORK_CHANGED @ http://localhost:3001/_nuxt/@fs/home/meebuzo/github/alternate-framework/node_modules/vuetify/lib/components/VVirtualScroll/VVirtualScroll.css:0
[    3504ms] [ERROR] Failed to load resource: net::ERR_NETWORK_CHANGED @ http://localhost:3001/_nuxt/home/meebuzo/github/alternate-framework/node_modules/vuetify/lib/components/VVirtualScroll/VVirtualScroll.css:0
[    3504ms] [ERROR] Failed to load resource: net::ERR_NETWORK_CHANGED @ http://localhost:3001/_nuxt/@fs/home/meebuzo/github/alternate-framework/node_modules/vuetify/lib/labs/VHighlight/VHighlight.css:0
[    3505ms] [ERROR] Failed to load resource: net::ERR_NETWORK_CHANGED @ http://localhost:3001/_nuxt/home/meebuzo/github/alternate-framework/node_modules/vuetify/lib/labs/VHighlight/VHighlight.css:0
[    3505ms] [ERROR] Failed to load resource: net::ERR_NETWORK_CHANGED @ http://localhost:3001/_nuxt/@fs/home/meebuzo/github/alternate-framework/node_modules/vuetify/lib/components/VBanner/VBanner.css:0
[    3506ms] [ERROR] Failed to load resource: net::ERR_NETWORK_CHANGED @ http://localhost:3001/_nuxt/home/meebuzo/github/alternate-framework/node_modules/vuetify/lib/components/VBanner/VBanner.css:0
[    3506ms] [ERROR] Failed to load resource: net::ERR_NETWORK_CHANGED @ http://localhost:3001/_nuxt/@fs/home/meebuzo/github/alternate-framework/node_modules/vuetify/lib/components/VBottomNavigation/VBottomNavigation.css:0
[    3506ms] [ERROR] Failed to load resource: net::ERR_NETWORK_CHANGED @ http://localhost:3001/_nuxt/home/meebuzo/github/alternate-framework/node_modules/vuetify/lib/components/VBottomNavigation/VBottomNavigation.css:0
[    3506ms] [ERROR] Failed to load resource: net::ERR_NETWORK_CHANGED @ http://localhost:3001/_nuxt/@fs/home/meebuzo/github/alternate-framework/node_modules/vuetify/lib/components/VBottomSheet/VBottomSheet.css:0
[    3507ms] [ERROR] Failed to load resource: net::ERR_NETWORK_CHANGED @ http://localhost:3001/_nuxt/home/meebuzo/github/alternate-framework/node_modules/vuetify/lib/components/VBottomSheet/VBottomSheet.css:0
[    3507ms] [ERROR] Failed to load resource: net::ERR_NETWORK_CHANGED @ http://localhost:3001/_nuxt/@fs/home/meebuzo/github/alternate-framework/node_modules/vuetify/lib/components/VDialog/VDialog.css:0
[    3508ms] [ERROR] Failed to load resource: net::ERR_NETWORK_CHANGED @ http://localhost:3001/_nuxt/home/meebuzo/github/alternate-framework/node_modules/vuetify/lib/components/VDialog/VDialog.css:0
[    3508ms] [ERROR] Failed to load resource: net::ERR_NETWORK_CHANGED @ http://localhost:3001/_nuxt/@fs/home/meebuzo/github/alternate-framework/node_modules/vuetify/lib/components/VBreadcrumbs/VBreadcrumbs.css:0
[    3508ms] [ERROR] Failed to load resource: net::ERR_NETWORK_CHANGED @ http://localhost:3001/_nuxt/home/meebuzo/github/alternate-framework/node_modules/vuetify/lib/components/VBreadcrumbs/VBreadcrumbs.css:0
[    3509ms] [ERROR] Failed to load resource: net::ERR_NETWORK_CHANGED @ http://localhost:3001/_nuxt/@fs/home/meebuzo/github/alternate-framework/node_modules/vuetify/lib/components/VCalendar/VCalendarCategory.css:0
[    3509ms] [ERROR] Failed to load resource: net::ERR_NETWORK_CHANGED @ http://localhost:3001/_nuxt/@fs/home/meebuzo/github/alternate-framework/node_modules/vuetify/lib/components/VCalendar/VCalendarDaily.css:0
[    3509ms] [ERROR] Failed to load resource: net::ERR_NETWORK_CHANGED @ http://localhost:3001/_nuxt/@fs/home/meebuzo/github/alternate-framework/node_modules/vuetify/lib/components/VCalendar/VCalendarWeekly.css:0
[    3510ms] [ERROR] Failed to load resource: net::ERR_NETWORK_CHANGED @ http://localhost:3001/_nuxt/home/meebuzo/github/alternate-framework/node_modules/vuetify/lib/components/VCalendar/VCalendarCategory.css:0
[    3510ms] [ERROR] Failed to load resource: net::ERR_NETWORK_CHANGED @ http://localhost:3001/_nuxt/home/meebuzo/github/alternate-framework/node_modules/vuetify/lib/components/VCalendar/VCalendarDaily.css:0
[    3510ms] [ERROR] Failed to load resource: net::ERR_NETWORK_CHANGED @ http://localhost:3001/_nuxt/home/meebuzo/github/alternate-framework/node_modules/vuetify/lib/components/VCalendar/VCalendarWeekly.css:0
[    3510ms] [ERROR] Failed to load resource: net::ERR_NETWORK_CHANGED @ http://localhost:3001/_nuxt/@fs/home/meebuzo/github/alternate-framework/node_modules/vuetify/lib/components/VIconBtn/VIconBtn.css:0
[    3511ms] [ERROR] Failed to load resource: net::ERR_NETWORK_CHANGED @ http://localhost:3001/_nuxt/home/meebuzo/github/alternate-framework/node_modules/vuetify/lib/components/VIconBtn/VIconBtn.css:0
[    3511ms] [ERROR] Failed to load resource: net::ERR_NETWORK_CHANGED @ http://localhost:3001/_nuxt/@fs/home/meebuzo/github/alternate-framework/node_modules/vuetify/lib/components/VCalendar/composables/calendarWithEvents.css:0
[    3511ms] [ERROR] Failed to load resource: net::ERR_NETWORK_CHANGED @ http://localhost:3001/_nuxt/home/meebuzo/github/alternate-framework/node_modules/vuetify/lib/components/VCalendar/composables/calendarWithEvents.css:0
[    3511ms] [ERROR] Failed to load resource: net::ERR_NETWORK_CHANGED @ http://localhost:3001/_nuxt/@fs/home/meebuzo/github/alternate-framework/node_modules/vuetify/lib/components/VCard/VCard.css:0
[    3512ms] [ERROR] Failed to load resource: net::ERR_NETWORK_CHANGED @ http://localhost:3001/_nuxt/home/meebuzo/github/alternate-framework/node_modules/vuetify/lib/components/VCard/VCard.css:0
[    3512ms] [ERROR] Failed to load resource: net::ERR_NETWORK_CHANGED @ http://localhost:3001/_nuxt/@fs/home/meebuzo/github/alternate-framework/node_modules/vuetify/lib/components/VCarousel/VCarousel.css:0
[    3512ms] [ERROR] Failed to load resource: net::ERR_NETWORK_CHANGED @ http://localhost:3001/_nuxt/home/meebuzo/github/alternate-framework/node_modules/vuetify/lib/components/VCarousel/VCarousel.css:0
[    3513ms] [ERROR] Failed to load resource: net::ERR_NETWORK_CHANGED @ http://localhost:3001/_nuxt/@fs/home/meebuzo/github/alternate-framework/node_modules/vuetify/lib/components/VWindow/VWindow.css:0
[    3513ms] [ERROR] Failed to load resource: net::ERR_NETWORK_CHANGED @ http://localhost:3001/_nuxt/home/meebuzo/github/alternate-framework/node_modules/vuetify/lib/components/VWindow/VWindow.css:0
[    3514ms] [ERROR] Failed to load resource: net::ERR_NETWORK_CHANGED @ http://localhost:3001/_nuxt/@fs/home/meebuzo/github/alternate-framework/node_modules/vuetify/lib/components/VCode/VCode.css:0
[    3514ms] [ERROR] Failed to load resource: net::ERR_NETWORK_CHANGED @ http://localhost:3001/_nuxt/home/meebuzo/github/alternate-framework/node_modules/vuetify/lib/components/VCode/VCode.css:0
[    3514ms] [ERROR] Failed to load resource: net::ERR_NETWORK_CHANGED @ http://localhost:3001/_nuxt/@fs/home/meebuzo/github/alternate-framework/node_modules/vuetify/lib/components/VColorInput/VColorInput.css:0
[    3514ms] [ERROR] Failed to load resource: net::ERR_NETWORK_CHANGED @ http://localhost:3001/_nuxt/home/meebuzo/github/alternate-framework/node_modules/vuetify/lib/components/VColorInput/VColorInput.css:0
[    3515ms] [ERROR] Failed to load resource: net::ERR_NETWORK_CHANGED @ http://localhost:3001/_nuxt/@fs/home/meebuzo/github/alternate-framework/node_modules/vuetify/lib/components/VColorPicker/VColorPicker.css:0
[    3515ms] [ERROR] Failed to load resource: net::ERR_NETWORK_CHANGED @ http://localhost:3001/_nuxt/home/meebuzo/github/alternate-framework/node_modules/vuetify/lib/components/VColorPicker/VColorPicker.css:0
[    3515ms] [ERROR] Failed to load resource: net::ERR_NETWORK_CHANGED @ http://localhost:3001/_nuxt/@fs/home/meebuzo/github/alternate-framework/node_modules/vuetify/lib/components/VColorPicker/VColorPickerCanvas.css:0
[    3516ms] [ERROR] Failed to load resource: net::ERR_NETWORK_CHANGED @ http://localhost:3001/_nuxt/home/meebuzo/github/alternate-framework/node_modules/vuetify/lib/components/VColorPicker/VColorPickerCanvas.css:0
[    3516ms] [ERROR] Failed to load resource: net::ERR_NETWORK_CHANGED @ http://localhost:3001/_nuxt/@fs/home/meebuzo/github/alternate-framework/node_modules/vuetify/lib/components/VColorPicker/VColorPickerEdit.css:0
[    3516ms] [ERROR] Failed to load resource: net::ERR_NETWORK_CHANGED @ http://localhost:3001/_nuxt/home/meebuzo/github/alternate-framework/node_modules/vuetify/lib/components/VColorPicker/VColorPickerEdit.css:0
[    3517ms] [ERROR] Failed to load resource: net::ERR_NETWORK_CHANGED @ http://localhost:3001/_nuxt/@fs/home/meebuzo/github/alternate-framework/node_modules/vuetify/lib/components/VColorPicker/VColorPickerPreview.css:0
[    3518ms] [ERROR] Failed to load resource: net::ERR_NETWORK_CHANGED @ http://localhost:3001/_nuxt/home/meebuzo/github/alternate-framework/node_modules/vuetify/lib/components/VColorPicker/VColorPickerPreview.css:0
[    3518ms] [ERROR] Failed to load resource: net::ERR_NETWORK_CHANGED @ http://localhost:3001/_nuxt/@fs/home/meebuzo/github/alternate-framework/node_modules/vuetify/lib/components/VSlider/VSlider.css:0
[    3518ms] [ERROR] Failed to load resource: net::ERR_NETWORK_CHANGED @ http://localhost:3001/_nuxt/home/meebuzo/github/alternate-framework/node_modules/vuetify/lib/components/VSlider/VSlider.css:0
[    3518ms] [ERROR] Failed to load resource: net::ERR_NETWORK_CHANGED @ http://localhost:3001/_nuxt/@fs/home/meebuzo/github/alternate-framework/node_modules/vuetify/lib/components/VSlider/VSliderThumb.css:0
[    3519ms] [ERROR] Failed to load resource: net::ERR_NETWORK_CHANGED @ http://localhost:3001/_nuxt/home/meebuzo/github/alternate-framework/node_modules/vuetify/lib/components/VSlider/VSliderThumb.css:0
[    3519ms] [ERROR] Failed to load resource: net::ERR_NETWORK_CHANGED @ http://localhost:3001/_nuxt/@fs/home/meebuzo/github/alternate-framework/node_modules/vuetify/lib/components/VSlider/VSliderTrack.css:0
[    3519ms] [ERROR] Failed to load resource: net::ERR_NETWORK_CHANGED @ http://localhost:3001/_nuxt/home/meebuzo/github/alternate-framework/node_modules/vuetify/lib/components/VSlider/VSliderTrack.css:0
[    3519ms] [ERROR] Failed to load resource: net::ERR_NETWORK_CHANGED @ http://localhost:3001/_nuxt/@fs/home/meebuzo/github/alternate-framework/node_modules/vuetify/lib/components/VColorPicker/VColorPickerSwatches.css:0
[    3520ms] [ERROR] Failed to load resource: net::ERR_NETWORK_CHANGED @ http://localhost:3001/_nuxt/home/meebuzo/github/alternate-framework/node_modules/vuetify/lib/components/VColorPicker/VColorPickerSwatches.css:0
[    3520ms] [ERROR] Failed to load resource: net::ERR_NETWORK_CHANGED @ http://localhost:3001/_nuxt/@fs/home/meebuzo/github/alternate-framework/node_modules/vuetify/lib/components/VPicker/VPicker.css:0
[    3520ms] [ERROR] Failed to load resource: net::ERR_NETWORK_CHANGED @ http://localhost:3001/_nuxt/home/meebuzo/github/alternate-framework/node_modules/vuetify/lib/components/VPicker/VPicker.css:0
[    3520ms] [ERROR] Failed to load resource: net::ERR_NETWORK_CHANGED @ http://localhost:3001/_nuxt/@fs/home/meebuzo/github/alternate-framework/node_modules/vuetify/lib/components/VCombobox/VCombobox.css:0
[    3522ms] [ERROR] Failed to load resource: net::ERR_NETWORK_CHANGED @ http://localhost:3001/_nuxt/home/meebuzo/github/alternate-framework/node_modules/vuetify/lib/components/VCombobox/VCombobox.css:0
[    3522ms] [ERROR] Failed to load resource: net::ERR_NETWORK_CHANGED @ http://localhost:3001/_nuxt/@fs/home/meebuzo/github/alternate-framework/node_modules/vuetify/lib/components/VDataTable/VDataTable.css:0
[    3522ms] [ERROR] Failed to load resource: net::ERR_NETWORK_CHANGED @ http://localhost:3001/_nuxt/home/meebuzo/github/alternate-framework/node_modules/vuetify/lib/components/VDataTable/VDataTable.css:0
[    3522ms] [ERROR] Failed to load resource: net::ERR_NETWORK_CHANGED @ http://localhost:3001/_nuxt/@fs/home/meebuzo/github/alternate-framework/node_modules/vuetify/lib/components/VDataTable/VDataTableFooter.css:0
[    3522ms] [ERROR] Failed to load resource: net::ERR_NETWORK_CHANGED @ http://localhost:3001/_nuxt/home/meebuzo/github/alternate-framework/node_modules/vuetify/lib/components/VDataTable/VDataTableFooter.css:0
[    3522ms] [ERROR] Failed to load resource: net::ERR_NETWORK_CHANGED @ http://localhost:3001/_nuxt/@fs/home/meebuzo/github/alternate-framework/node_modules/vuetify/lib/components/VPagination/VPagination.css:0
[    3524ms] [ERROR] Failed to load resource: net::ERR_NETWORK_CHANGED @ http://localhost:3001/_nuxt/home/meebuzo/github/alternate-framework/node_modules/vuetify/lib/components/VPagination/VPagination.css:0
[    3524ms] [ERROR] Failed to load resource: net::ERR_NETWORK_CHANGED @ http://localhost:3001/_nuxt/@fs/home/meebuzo/github/alternate-framework/node_modules/vuetify/lib/components/VTable/VTable.css:0
[    3524ms] [ERROR] Failed to load resource: net::ERR_NETWORK_CHANGED @ http://localhost:3001/_nuxt/home/meebuzo/github/alternate-framework/node_modules/vuetify/lib/components/VTable/VTable.css:0
[    3524ms] [ERROR] Failed to load resource: net::ERR_NETWORK_CHANGED @ http://localhost:3001/_nuxt/@fs/home/meebuzo/github/alternate-framework/node_modules/vuetify/lib/components/VDatePicker/VDatePicker.css:0
[    3524ms] [ERROR] Failed to load resource: net::ERR_NETWORK_CHANGED @ http://localhost:3001/_nuxt/home/meebuzo/github/alternate-framework/node_modules/vuetify/lib/components/VDatePicker/VDatePicker.css:0
[    3524ms] [ERROR] Failed to load resource: net::ERR_NETWORK_CHANGED @ http://localhost:3001/_nuxt/@fs/home/meebuzo/github/alternate-framework/node_modules/vuetify/lib/components/VDatePicker/VDatePickerControls.css:0
[    3526ms] [ERROR] Failed to load resource: net::ERR_NETWORK_CHANGED @ http://localhost:3001/_nuxt/home/meebuzo/github/alternate-framework/node_modules/vuetify/lib/components/VDatePicker/VDatePickerControls.css:0
[    3526ms] [ERROR] Failed to load resource: net::ERR_NETWORK_CHANGED @ http://localhost:3001/_nuxt/@fs/home/meebuzo/github/alternate-framework/node_modules/vuetify/lib/components/VGrid/VContainer.css:0
[    3527ms] [ERROR] Failed to load resource: net::ERR_NETWORK_CHANGED @ http://localhost:3001/_nuxt/home/meebuzo/github/alternate-framework/node_modules/vuetify/lib/components/VGrid/VContainer.css:0
[    3527ms] [ERROR] Failed to load resource: net::ERR_NETWORK_CHANGED @ http://localhost:3001/_nuxt/@fs/home/meebuzo/github/alternate-framework/node_modules/vuetify/lib/components/VGrid/VGrid.css:0
[    3527ms] [ERROR] Failed to load resource: net::ERR_NETWORK_CHANGED @ http://localhost:3001/_nuxt/home/meebuzo/github/alternate-framework/node_modules/vuetify/lib/components/VGrid/VGrid.css:0
[    3527ms] [ERROR] Failed to load resource: net::ERR_NETWORK_CHANGED @ http://localhost:3001/_nuxt/@fs/home/meebuzo/github/alternate-framework/node_modules/vuetify/lib/components/VGrid/VSpacer.css:0
[    3527ms] [ERROR] Failed to load resource: net::ERR_NETWORK_CHANGED @ http://localhost:3001/_nuxt/home/meebuzo/github/alternate-framework/node_modules/vuetify/lib/components/VGrid/VSpacer.css:0
[    3527ms] [ERROR] Failed to load resource: net::ERR_NETWORK_CHANGED @ http://localhost:3001/_nuxt/@fs/home/meebuzo/github/alternate-framework/node_modules/vuetify/lib/components/VDatePicker/VDatePickerHeader.css:0
[    3529ms] [ERROR] Failed to load resource: net::ERR_NETWORK_CHANGED @ http://localhost:3001/_nuxt/home/meebuzo/github/alternate-framework/node_modules/vuetify/lib/components/VDatePicker/VDatePickerHeader.css:0
[    3529ms] [ERROR] Failed to load resource: net::ERR_NETWORK_CHANGED @ http://localhost:3001/_nuxt/@fs/home/meebuzo/github/alternate-framework/node_modules/vuetify/lib/components/VDatePicker/VDatePickerMonth.css:0
[    3529ms] [ERROR] Failed to load resource: net::ERR_NETWORK_CHANGED @ http://localhost:3001/_nuxt/home/meebuzo/github/alternate-framework/node_modules/vuetify/lib/components/VDatePicker/VDatePickerMonth.css:0
[    3529ms] [ERROR] Failed to load resource: net::ERR_NETWORK_CHANGED @ http://localhost:3001/_nuxt/@fs/home/meebuzo/github/alternate-framework/node_modules/vuetify/lib/components/VDatePicker/VDatePickerMonths.css:0
[    3529ms] [ERROR] Failed to load resource: net::ERR_NETWORK_CHANGED @ http://localhost:3001/_nuxt/home/meebuzo/github/alternate-framework/node_modules/vuetify/lib/components/VDatePicker/VDatePickerMonths.css:0
[    3529ms] [ERROR] Failed to load resource: net::ERR_NETWORK_CHANGED @ http://localhost:3001/_nuxt/@fs/home/meebuzo/github/alternate-framework/node_modules/vuetify/lib/components/VDatePicker/VDatePickerYears.css:0
[    3530ms] [ERROR] Failed to load resource: net::ERR_NETWORK_CHANGED @ http://localhost:3001/_nuxt/home/meebuzo/github/alternate-framework/node_modules/vuetify/lib/components/VDatePicker/VDatePickerYears.css:0
[    3530ms] [ERROR] Failed to load resource: net::ERR_NETWORK_CHANGED @ http://localhost:3001/_nuxt/@fs/home/meebuzo/github/alternate-framework/node_modules/vuetify/lib/components/VEmptyState/VEmptyState.css:0
[    3530ms] [ERROR] Failed to load resource: net::ERR_NETWORK_CHANGED @ http://localhost:3001/_nuxt/home/meebuzo/github/alternate-framework/node_modules/vuetify/lib/components/VEmptyState/VEmptyState.css:0
[    3530ms] [ERROR] Failed to load resource: net::ERR_NETWORK_CHANGED @ http://localhost:3001/_nuxt/@fs/home/meebuzo/github/alternate-framework/node_modules/vuetify/lib/components/VExpansionPanel/VExpansionPanel.css:0
[    3530ms] [ERROR] Failed to load resource: net::ERR_NETWORK_CHANGED @ http://localhost:3001/_nuxt/home/meebuzo/github/alternate-framework/node_modules/vuetify/lib/components/VExpansionPanel/VExpansionPanel.css:0
[    3530ms] [ERROR] Failed to load resource: net::ERR_NETWORK_CHANGED @ http://localhost:3001/_nuxt/@fs/home/meebuzo/github/alternate-framework/node_modules/vuetify/lib/components/VFab/VFab.css:0
[    3530ms] [ERROR] Failed to load resource: net::ERR_NETWORK_CHANGED @ http://localhost:3001/_nuxt/home/meebuzo/github/alternate-framework/node_modules/vuetify/lib/components/VFab/VFab.css:0
[    3534ms] [ERROR] Failed to load resource: net::ERR_NETWORK_CHANGED @ http://localhost:3001/_nuxt/@fs/home/meebuzo/github/alternate-framework/node_modules/vuetify/lib/components/VFileInput/VFileInput.css:0
[    3534ms] [ERROR] Failed to load resource: net::ERR_NETWORK_CHANGED @ http://localhost:3001/_nuxt/home/meebuzo/github/alternate-framework/node_modules/vuetify/lib/components/VFileInput/VFileInput.css:0
[    3535ms] [ERROR] Failed to load resource: net::ERR_NETWORK_CHANGED @ http://localhost:3001/_nuxt/@fs/home/meebuzo/github/alternate-framework/node_modules/vuetify/lib/components/VFileUpload/VFileUpload.css:0
[    3535ms] [ERROR] Failed to load resource: net::ERR_NETWORK_CHANGED @ http://localhost:3001/_nuxt/home/meebuzo/github/alternate-framework/node_modules/vuetify/lib/components/VFileUpload/VFileUpload.css:0
[    3535ms] [ERROR] Failed to load resource: net::ERR_NETWORK_CHANGED @ http://localhost:3001/_nuxt/@fs/home/meebuzo/github/alternate-framework/node_modules/vuetify/lib/components/VFooter/VFooter.css:0
[    3535ms] [ERROR] Failed to load resource: net::ERR_NETWORK_CHANGED @ http://localhost:3001/_nuxt/home/meebuzo/github/alternate-framework/node_modules/vuetify/lib/components/VFooter/VFooter.css:0
[    3535ms] [ERROR] Failed to load resource: net::ERR_NETWORK_CHANGED @ http://localhost:3001/_nuxt/@fs/home/meebuzo/github/alternate-framework/node_modules/vuetify/lib/components/VHotkey/VHotkey.css:0
[    3535ms] [ERROR] Failed to load resource: net::ERR_NETWORK_CHANGED @ http://localhost:3001/_nuxt/home/meebuzo/github/alternate-framework/node_modules/vuetify/lib/components/VHotkey/VHotkey.css:0
[    3535ms] [ERROR] Failed to load resource: net::ERR_NETWORK_CHANGED @ http://localhost:3001/_nuxt/@fs/home/meebuzo/github/alternate-framework/node_modules/vuetify/lib/components/VKbd/VKbd.css:0
[    3535ms] [ERROR] Failed to load resource: net::ERR_NETWORK_CHANGED @ http://localhost:3001/_nuxt/home/meebuzo/github/alternate-framework/node_modules/vuetify/lib/components/VKbd/VKbd.css:0
[    3535ms] [ERROR] Failed to load resource: net::ERR_NETWORK_CHANGED @ http://localhost:3001/_nuxt/@fs/home/meebuzo/github/alternate-framework/node_modules/vuetify/lib/components/VInfiniteScroll/VInfiniteScroll.css:0
[    3535ms] [ERROR] Failed to load resource: net::ERR_NETWORK_CHANGED @ http://localhost:3001/_nuxt/home/meebuzo/github/alternate-framework/node_modules/vuetify/lib/components/VInfiniteScroll/VInfiniteScroll.css:0
[    3535ms] [ERROR] Failed to load resource: net::ERR_NETWORK_CHANGED @ http://localhost:3001/_nuxt/@fs/home/meebuzo/github/alternate-framework/node_modules/vuetify/lib/components/VItemGroup/VItemGroup.css:0
[    3536ms] [ERROR] Failed to load resource: net::ERR_NETWORK_CHANGED @ http://localhost:3001/_nuxt/home/meebuzo/github/alternate-framework/node_modules/vuetify/lib/components/VItemGroup/VItemGroup.css:0
[    3536ms] [ERROR] Failed to load resource: net::ERR_NETWORK_CHANGED @ http://localhost:3001/_nuxt/@fs/home/meebuzo/github/alternate-framework/node_modules/vuetify/lib/components/VLayout/VLayout.css:0
[    3536ms] [ERROR] Failed to load resource: net::ERR_NETWORK_CHANGED @ http://localhost:3001/_nuxt/home/meebuzo/github/alternate-framework/node_modules/vuetify/lib/components/VLayout/VLayout.css:0
[    3536ms] [ERROR] Failed to load resource: net::ERR_NETWORK_CHANGED @ http://localhost:3001/_nuxt/@fs/home/meebuzo/github/alternate-framework/node_modules/vuetify/lib/components/VLayout/VLayoutItem.css:0
[    3536ms] [ERROR] Failed to load resource: net::ERR_NETWORK_CHANGED @ http://localhost:3001/_nuxt/home/meebuzo/github/alternate-framework/node_modules/vuetify/lib/components/VLayout/VLayoutItem.css:0
[    3536ms] [ERROR] Failed to load resource: net::ERR_NETWORK_CHANGED @ http://localhost:3001/_nuxt/@fs/home/meebuzo/github/alternate-framework/node_modules/vuetify/lib/components/VLocaleProvider/VLocaleProvider.css:0
[    3536ms] [ERROR] Failed to load resource: net::ERR_NETWORK_CHANGED @ http://localhost:3001/_nuxt/home/meebuzo/github/alternate-framework/node_modules/vuetify/lib/components/VLocaleProvider/VLocaleProvider.css:0
[    3536ms] [ERROR] Failed to load resource: net::ERR_NETWORK_CHANGED @ http://localhost:3001/_nuxt/@fs/home/meebuzo/github/alternate-framework/node_modules/vuetify/lib/components/VMain/VMain.css:0
[    3536ms] [ERROR] Failed to load resource: net::ERR_NETWORK_CHANGED @ http://localhost:3001/_nuxt/home/meebuzo/github/alternate-framework/node_modules/vuetify/lib/components/VMain/VMain.css:0
[    3537ms] [ERROR] Failed to load resource: net::ERR_NETWORK_CHANGED @ http://localhost:3001/_nuxt/@fs/home/meebuzo/github/alternate-framework/node_modules/vuetify/lib/components/VNavigationDrawer/VNavigationDrawer.css:0
[    3537ms] [ERROR] Failed to load resource: net::ERR_NETWORK_CHANGED @ http://localhost:3001/_nuxt/home/meebuzo/github/alternate-framework/node_modules/vuetify/lib/components/VNavigationDrawer/VNavigationDrawer.css:0
[    3537ms] [ERROR] Failed to load resource: net::ERR_NETWORK_CHANGED @ http://localhost:3001/_nuxt/@fs/home/meebuzo/github/alternate-framework/node_modules/vuetify/lib/components/VNumberInput/VNumberInput.css:0
[    3538ms] [ERROR] Failed to load resource: net::ERR_NETWORK_CHANGED @ http://localhost:3001/_nuxt/home/meebuzo/github/alternate-framework/node_modules/vuetify/lib/components/VNumberInput/VNumberInput.css:0
[    3538ms] [ERROR] Failed to load resource: net::ERR_NETWORK_CHANGED @ http://localhost:3001/_nuxt/@fs/home/meebuzo/github/alternate-framework/node_modules/vuetify/lib/components/VOtpInput/VOtpInput.css:0
[    3539ms] [ERROR] Failed to load resource: net::ERR_NETWORK_CHANGED @ http://localhost:3001/_nuxt/home/meebuzo/github/alternate-framework/node_modules/vuetify/lib/components/VOtpInput/VOtpInput.css:0
[    3539ms] [ERROR] Failed to load resource: net::ERR_NETWORK_CHANGED @ http://localhost:3001/_nuxt/@fs/home/meebuzo/github/alternate-framework/node_modules/vuetify/lib/components/VParallax/VParallax.css:0
[    3540ms] [ERROR] Failed to load resource: net::ERR_NETWORK_CHANGED @ http://localhost:3001/_nuxt/home/meebuzo/github/alternate-framework/node_modules/vuetify/lib/components/VParallax/VParallax.css:0
[    3540ms] [ERROR] Failed to load resource: net::ERR_NETWORK_CHANGED @ http://localhost:3001/_nuxt/@fs/home/meebuzo/github/alternate-framework/node_modules/vuetify/lib/components/VPullToRefresh/VPullToRefresh.css:0
[    3541ms] [ERROR] Failed to load resource: net::ERR_NETWORK_CHANGED @ http://localhost:3001/_nuxt/home/meebuzo/github/alternate-framework/node_modules/vuetify/lib/components/VPullToRefresh/VPullToRefresh.css:0
[    3541ms] [ERROR] Failed to load resource: net::ERR_NETWORK_CHANGED @ http://localhost:3001/_nuxt/@fs/home/meebuzo/github/alternate-framework/node_modules/vuetify/lib/components/VRadioGroup/VRadioGroup.css:0
[    3542ms] [ERROR] Failed to load resource: net::ERR_NETWORK_CHANGED @ http://localhost:3001/_nuxt/home/meebuzo/github/alternate-framework/node_modules/vuetify/lib/components/VRadioGroup/VRadioGroup.css:0
[    3542ms] [ERROR] Failed to load resource: net::ERR_NETWORK_CHANGED @ http://localhost:3001/_nuxt/@fs/home/meebuzo/github/alternate-framework/node_modules/vuetify/lib/components/VRating/VRating.css:0
[    3543ms] [ERROR] Failed to load resource: net::ERR_NETWORK_CHANGED @ http://localhost:3001/_nuxt/home/meebuzo/github/alternate-framework/node_modules/vuetify/lib/components/VRating/VRating.css:0
[    3544ms] [ERROR] Failed to load resource: net::ERR_NETWORK_CHANGED @ http://localhost:3001/_nuxt/@fs/home/meebuzo/github/alternate-framework/node_modules/vuetify/lib/components/VSkeletonLoader/VSkeletonLoader.css:0
[    3545ms] [ERROR] Failed to load resource: net::ERR_NETWORK_CHANGED @ http://localhost:3001/_nuxt/home/meebuzo/github/alternate-framework/node_modules/vuetify/lib/components/VSkeletonLoader/VSkeletonLoader.css:0
[    3545ms] [ERROR] Failed to load resource: net::ERR_NETWORK_CHANGED @ http://localhost:3001/_nuxt/@fs/home/meebuzo/github/alternate-framework/node_modules/vuetify/lib/components/VSnackbar/VSnackbar.css:0
[    3546ms] [ERROR] Failed to load resource: net::ERR_NETWORK_CHANGED @ http://localhost:3001/_nuxt/home/meebuzo/github/alternate-framework/node_modules/vuetify/lib/components/VSnackbar/VSnackbar.css:0
[    3546ms] [ERROR] Failed to load resource: net::ERR_NETWORK_CHANGED @ http://localhost:3001/_nuxt/@fs/home/meebuzo/github/alternate-framework/node_modules/vuetify/lib/components/VTooltip/VTooltip.css:0
[    3547ms] [ERROR] Failed to load resource: net::ERR_NETWORK_CHANGED @ http://localhost:3001/_nuxt/home/meebuzo/github/alternate-framework/node_modules/vuetify/lib/components/VTooltip/VTooltip.css:0
[    3547ms] [ERROR] Failed to load resource: net::ERR_NETWORK_CHANGED @ http://localhost:3001/_nuxt/@fs/home/meebuzo/github/alternate-framework/node_modules/vuetify/lib/components/VSpeedDial/VSpeedDial.css:0
[    3548ms] [ERROR] Failed to load resource: net::ERR_NETWORK_CHANGED @ http://localhost:3001/_nuxt/home/meebuzo/github/alternate-framework/node_modules/vuetify/lib/components/VSpeedDial/VSpeedDial.css:0
[    3548ms] [ERROR] Failed to load resource: net::ERR_NETWORK_CHANGED @ http://localhost:3001/_nuxt/@fs/home/meebuzo/github/alternate-framework/node_modules/vuetify/lib/components/VStepper/VStepper.css:0
[    3548ms] [ERROR] Failed to load resource: net::ERR_NETWORK_CHANGED @ http://localhost:3001/_nuxt/home/meebuzo/github/alternate-framework/node_modules/vuetify/lib/components/VStepper/VStepper.css:0
[    3548ms] [ERROR] Failed to load resource: net::ERR_NETWORK_CHANGED @ http://localhost:3001/_nuxt/@fs/home/meebuzo/github/alternate-framework/node_modules/vuetify/lib/components/VStepper/VStepperItem.css:0
[    3549ms] [ERROR] Failed to load resource: net::ERR_NETWORK_CHANGED @ http://localhost:3001/_nuxt/home/meebuzo/github/alternate-framework/node_modules/vuetify/lib/components/VStepper/VStepperItem.css:0
[    3549ms] [ERROR] Failed to load resource: net::ERR_NETWORK_CHANGED @ http://localhost:3001/_nuxt/@fs/home/meebuzo/github/alternate-framework/node_modules/vuetify/lib/components/VStepperVertical/VStepperVerticalItem.css:0
[    3549ms] [ERROR] Failed to load resource: net::ERR_NETWORK_CHANGED @ http://localhost:3001/_nuxt/home/meebuzo/github/alternate-framework/node_modules/vuetify/lib/components/VStepperVertical/VStepperVerticalItem.css:0
[    3550ms] [ERROR] Failed to load resource: net::ERR_NETWORK_CHANGED @ http://localhost:3001/_nuxt/@fs/home/meebuzo/github/alternate-framework/node_modules/vuetify/lib/components/VSwitch/VSwitch.css:0
[    3550ms] [ERROR] Failed to load resource: net::ERR_NETWORK_CHANGED @ http://localhost:3001/_nuxt/home/meebuzo/github/alternate-framework/node_modules/vuetify/lib/components/VSwitch/VSwitch.css:0
[    3550ms] [ERROR] Failed to load resource: net::ERR_NETWORK_CHANGED @ http://localhost:3001/_nuxt/@fs/home/meebuzo/github/alternate-framework/node_modules/vuetify/lib/components/VSystemBar/VSystemBar.css:0
[    3551ms] [ERROR] Failed to load resource: net::ERR_NETWORK_CHANGED @ http://localhost:3001/_nuxt/home/meebuzo/github/alternate-framework/node_modules/vuetify/lib/components/VSystemBar/VSystemBar.css:0
[    3551ms] [ERROR] Failed to load resource: net::ERR_NETWORK_CHANGED @ http://localhost:3001/_nuxt/@fs/home/meebuzo/github/alternate-framework/node_modules/vuetify/lib/components/VTabs/VTab.css:0
[    3551ms] [ERROR] Failed to load resource: net::ERR_NETWORK_CHANGED @ http://localhost:3001/_nuxt/home/meebuzo/github/alternate-framework/node_modules/vuetify/lib/components/VTabs/VTab.css:0
[    3552ms] [ERROR] Failed to load resource: net::ERR_NETWORK_CHANGED @ http://localhost:3001/_nuxt/@fs/home/meebuzo/github/alternate-framework/node_modules/vuetify/lib/components/VTabs/VTabs.css:0
[    3552ms] [ERROR] Failed to load resource: net::ERR_NETWORK_CHANGED @ http://localhost:3001/_nuxt/home/meebuzo/github/alternate-framework/node_modules/vuetify/lib/components/VTabs/VTabs.css:0
[    3553ms] [ERROR] Failed to load resource: net::ERR_NETWORK_CHANGED @ http://localhost:3001/_nuxt/@fs/home/meebuzo/github/alternate-framework/node_modules/vuetify/lib/components/VTextarea/VTextarea.css:0
[    3553ms] [ERROR] Failed to load resource: net::ERR_NETWORK_CHANGED @ http://localhost:3001/_nuxt/home/meebuzo/github/alternate-framework/node_modules/vuetify/lib/components/VTextarea/VTextarea.css:0
[    3557ms] [ERROR] Failed to load resource: net::ERR_NETWORK_CHANGED @ http://localhost:3001/_nuxt/@fs/home/meebuzo/github/alternate-framework/node_modules/vuetify/lib/components/VThemeProvider/VThemeProvider.css:0
[    3557ms] [ERROR] Failed to load resource: net::ERR_NETWORK_CHANGED @ http://localhost:3001/_nuxt/home/meebuzo/github/alternate-framework/node_modules/vuetify/lib/components/VThemeProvider/VThemeProvider.css:0
[    3557ms] [ERROR] Failed to load resource: net::ERR_NETWORK_CHANGED @ http://localhost:3001/_nuxt/@fs/home/meebuzo/github/alternate-framework/node_modules/vuetify/lib/components/VTimeline/VTimeline.css:0
[    3557ms] [ERROR] Failed to load resource: net::ERR_NETWORK_CHANGED @ http://localhost:3001/_nuxt/home/meebuzo/github/alternate-framework/node_modules/vuetify/lib/components/VTimeline/VTimeline.css:0
[    3557ms] [ERROR] Failed to load resource: net::ERR_NETWORK_CHANGED @ http://localhost:3001/_nuxt/@fs/home/meebuzo/github/alternate-framework/node_modules/vuetify/lib/components/VTimePicker/VTimePicker.css:0
[    3557ms] [ERROR] Failed to load resource: net::ERR_NETWORK_CHANGED @ http://localhost:3001/_nuxt/home/meebuzo/github/alternate-framework/node_modules/vuetify/lib/components/VTimePicker/VTimePicker.css:0
[    3557ms] [ERROR] Failed to load resource: net::ERR_NETWORK_CHANGED @ http://localhost:3001/_nuxt/@fs/home/meebuzo/github/alternate-framework/node_modules/vuetify/lib/components/VTimePicker/VTimePickerClock.css:0
[    3558ms] [ERROR] Failed to load resource: net::ERR_NETWORK_CHANGED @ http://localhost:3001/_nuxt/home/meebuzo/github/alternate-framework/node_modules/vuetify/lib/components/VTimePicker/VTimePickerClock.css:0
[    3558ms] [ERROR] Failed to load resource: net::ERR_NETWORK_CHANGED @ http://localhost:3001/_nuxt/@fs/home/meebuzo/github/alternate-framework/node_modules/vuetify/lib/components/VTimePicker/VTimePickerControls.css:0
[    3558ms] [ERROR] Failed to load resource: net::ERR_NETWORK_CHANGED @ http://localhost:3001/_nuxt/home/meebuzo/github/alternate-framework/node_modules/vuetify/lib/components/VTimePicker/VTimePickerControls.css:0
[    3559ms] [ERROR] Failed to load resource: net::ERR_NETWORK_CHANGED @ http://localhost:3001/_nuxt/@fs/home/meebuzo/github/alternate-framework/node_modules/vuetify/lib/components/VTreeview/VTreeviewItem.css:0
[    3559ms] [ERROR] Failed to load resource: net::ERR_NETWORK_CHANGED @ http://localhost:3001/_nuxt/home/meebuzo/github/alternate-framework/node_modules/vuetify/lib/components/VTreeview/VTreeviewItem.css:0
[    3559ms] [ERROR] Failed to load resource: net::ERR_NETWORK_CHANGED @ http://localhost:3001/_nuxt/@fs/home/meebuzo/github/alternate-framework/node_modules/vuetify/lib/labs/VAvatarGroup/VAvatarGroup.css:0
[    3560ms] [ERROR] Failed to load resource: net::ERR_NETWORK_CHANGED @ http://localhost:3001/_nuxt/home/meebuzo/github/alternate-framework/node_modules/vuetify/lib/labs/VAvatarGroup/VAvatarGroup.css:0
[    3560ms] [ERROR] Failed to load resource: net::ERR_NETWORK_CHANGED @ http://localhost:3001/_nuxt/@fs/home/meebuzo/github/alternate-framework/node_modules/vuetify/lib/labs/VCommandPalette/VCommandPalette.css:0
[    3561ms] [ERROR] Failed to load resource: net::ERR_NETWORK_CHANGED @ http://localhost:3001/_nuxt/home/meebuzo/github/alternate-framework/node_modules/vuetify/lib/labs/VCommandPalette/VCommandPalette.css:0
[    3563ms] [ERROR] Failed to load resource: net::ERR_NETWORK_CHANGED @ http://localhost:3001/_nuxt/@fs/home/meebuzo/github/alternate-framework/node_modules/vuetify/lib/labs/VDateRangePicker/VDateRangePicker.css:0
[    3563ms] [ERROR] Failed to load resource: net::ERR_NETWORK_CHANGED @ http://localhost:3001/_nuxt/home/meebuzo/github/alternate-framework/node_modules/vuetify/lib/labs/VDateRangePicker/VDateRangePicker.css:0
[    3563ms] [ERROR] Failed to load resource: net::ERR_NETWORK_CHANGED @ http://localhost:3001/_nuxt/@fs/home/meebuzo/github/alternate-framework/node_modules/vuetify/lib/labs/VMonthPicker/VMonthPicker.css:0
[    3563ms] [ERROR] Failed to load resource: net::ERR_NETWORK_CHANGED @ http://localhost:3001/_nuxt/home/meebuzo/github/alternate-framework/node_modules/vuetify/lib/labs/VMonthPicker/VMonthPicker.css:0
[    3563ms] [ERROR] Failed to load resource: net::ERR_NETWORK_CHANGED @ http://localhost:3001/_nuxt/@fs/home/meebuzo/github/alternate-framework/node_modules/vuetify/lib/labs/VHeatmap/VHeatmap.css:0
[    3564ms] [ERROR] Failed to load resource: net::ERR_NETWORK_CHANGED @ http://localhost:3001/_nuxt/home/meebuzo/github/alternate-framework/node_modules/vuetify/lib/labs/VHeatmap/VHeatmap.css:0
[    3565ms] [ERROR] Failed to load resource: net::ERR_NETWORK_CHANGED @ http://localhost:3001/_nuxt/@fs/home/meebuzo/github/alternate-framework/node_modules/vuetify/lib/labs/VPie/VPie.css:0
[    3567ms] [ERROR] Failed to load resource: net::ERR_NETWORK_CHANGED @ http://localhost:3001/_nuxt/home/meebuzo/github/alternate-framework/node_modules/vuetify/lib/labs/VPie/VPie.css:0
[    3567ms] [ERROR] Failed to load resource: net::ERR_NETWORK_CHANGED @ http://localhost:3001/_nuxt/@fs/home/meebuzo/github/alternate-framework/node_modules/vuetify/lib/labs/VProgress/VProgress.css:0
[    3567ms] [ERROR] Failed to load resource: net::ERR_NETWORK_CHANGED @ http://localhost:3001/_nuxt/home/meebuzo/github/alternate-framework/node_modules/vuetify/lib/labs/VProgress/VProgress.css:0
[    3568ms] [ERROR] Failed to load resource: net::ERR_NETWORK_CHANGED @ http://localhost:3001/_nuxt/@fs/home/meebuzo/github/alternate-framework/node_modules/vuetify/lib/labs/VVideo/VVideo.css:0
[    3568ms] [ERROR] Failed to load resource: net::ERR_NETWORK_CHANGED @ http://localhost:3001/_nuxt/home/meebuzo/github/alternate-framework/node_modules/vuetify/lib/labs/VVideo/VVideo.css:0
[    3568ms] [ERROR] Failed to load resource: net::ERR_NETWORK_CHANGED @ http://localhost:3001/_nuxt/@fs/home/meebuzo/github/alternate-framework/node_modules/vuetify/lib/labs/VVideo/VVideoControls.css:0
[    3569ms] [ERROR] Failed to load resource: net::ERR_NETWORK_CHANGED @ http://localhost:3001/_nuxt/home/meebuzo/github/alternate-framework/node_modules/vuetify/lib/labs/VVideo/VVideoControls.css:0
[    3569ms] [ERROR] Failed to load resource: net::ERR_NETWORK_CHANGED @ http://localhost:3001/_nuxt/@fs/home/meebuzo/github/alternate-framework/node_modules/vuetify/lib/labs/VVideo/VVideoVolume.css:0
[    3570ms] [ERROR] Failed to load resource: net::ERR_NETWORK_CHANGED @ http://localhost:3001/_nuxt/home/meebuzo/github/alternate-framework/node_modules/vuetify/lib/labs/VVideo/VVideoVolume.css:0
[    3570ms] [ERROR] Failed to load resource: net::ERR_NETWORK_CHANGED @ http://localhost:3001/_nuxt/components/menus/topmenu/LayoutNotifications.vue?vue&type=style&index=0&scoped=cb984815&lang.css:0
[    3571ms] [ERROR] Failed to load resource: net::ERR_NETWORK_CHANGED @ http://localhost:3001/_nuxt/components/search/search.vue?vue&type=style&index=0&scoped=2df110ac&lang.css:0
[    3571ms] [ERROR] Failed to load resource: net::ERR_NETWORK_CHANGED @ http://localhost:3001/_nuxt/@fs/home/meebuzo/github/alternate-framework/layers/commerce/app/components/menus/cart.vue?vue&type=style&index=0&scoped=c12e68f2&lang.css:0
[    3571ms] [ERROR] Failed to load resource: net::ERR_NETWORK_CHANGED @ http://localhost:3001/_nuxt/home/meebuzo/github/alternate-framework/layers/commerce/app/components/menus/cart.vue?vue&type=style&index=0&scoped=c12e68f2&lang.css:0
[    3571ms] [ERROR] Failed to load resource: net::ERR_NETWORK_CHANGED @ http://localhost:3001/_nuxt/@fs/home/meebuzo/github/alternate-framework/layers/social/app/components/blocks/reactions.vue?vue&type=style&index=0&lang.css:0
[    3571ms] [ERROR] Failed to load resource: net::ERR_NETWORK_CHANGED @ http://localhost:3001/_nuxt/home/meebuzo/github/alternate-framework/layers/social/app/components/blocks/reactions.vue?vue&type=style&index=0&lang.css:0
[    3571ms] [ERROR] Failed to load resource: net::ERR_NETWORK_CHANGED @ http://localhost:3001/_nuxt/@fs/home/meebuzo/github/alternate-framework/node_modules/@waline/client/dist/waline.css:0
[    3571ms] [ERROR] Failed to load resource: net::ERR_NETWORK_CHANGED @ http://localhost:3001/_nuxt/@fs/home/meebuzo/github/alternate-framework/node_modules/@waline/client/dist/waline-meta.css:0
[    3572ms] [ERROR] Failed to load resource: net::ERR_NETWORK_CHANGED @ http://localhost:3001/_nuxt/home/meebuzo/github/alternate-framework/node_modules/@waline/client/dist/waline.css:0
[    3572ms] [ERROR] Failed to load resource: net::ERR_NETWORK_CHANGED @ http://localhost:3001/_nuxt/home/meebuzo/github/alternate-framework/node_modules/@waline/client/dist/waline-meta.css:0
