[    3445ms] [WARNING] Failed parsing 'srcset' attribute value since it has an unknown descriptor. @ :0
[    3445ms] [WARNING] Dropped srcset candidate "https://res.cloudinary.com/\u003CYour" @ :0
[    3445ms] [WARNING] Failed parsing 'srcset' attribute value since it has an unknown descriptor. @ :0
[    3445ms] [WARNING] Dropped srcset candidate "https://res.cloudinary.com/\u003CYour" @ :0
[    3445ms] [WARNING] Failed parsing 'srcset' attribute value since it has an unknown descriptor. @ :0
[    3445ms] [WARNING] Dropped srcset candidate "https://res.cloudinary.com/\u003CYour" @ :0
[    3445ms] [WARNING] Failed parsing 'srcset' attribute value since it has an unknown descriptor. @ :0
[    3445ms] [WARNING] Dropped srcset candidate "https://res.cloudinary.com/\u003CYour" @ :0
[    3445ms] [WARNING] Failed parsing 'srcset' attribute value since it has an unknown descriptor. @ :0
[    3445ms] [WARNING] Dropped srcset candidate "https://res.cloudinary.com/\u003CYour" @ :0
[    3445ms] [WARNING] Failed parsing 'srcset' attribute value since it has an unknown descriptor. @ :0
[    3445ms] [WARNING] Dropped srcset candidate "https://res.cloudinary.com/\u003CYour" @ :0
[    3445ms] [WARNING] Failed parsing 'srcset' attribute value since it has an unknown descriptor. @ :0
[    3445ms] [WARNING] Dropped srcset candidate "https://res.cloudinary.com/\u003CYour" @ :0
[    3445ms] [WARNING] Failed parsing 'srcset' attribute value since it has an unknown descriptor. @ :0
[    3445ms] [WARNING] Dropped srcset candidate "https://res.cloudinary.com/\u003CYour" @ :0
[    3445ms] [WARNING] Failed parsing 'srcset' attribute value since it has an unknown descriptor. @ :0
[    3445ms] [WARNING] Dropped srcset candidate "https://res.cloudinary.com/\u003CYour" @ :0
[    3446ms] [WARNING] Failed parsing 'srcset' attribute value since it has an unknown descriptor. @ :0
[    3446ms] [WARNING] Dropped srcset candidate "https://res.cloudinary.com/\u003CYour" @ :0
[    3447ms] [WARNING] Failed parsing 'srcset' attribute value since it has an unknown descriptor. @ :0
[    3447ms] [WARNING] Dropped srcset candidate "https://res.cloudinary.com/\u003CYour" @ :0
[    3447ms] [WARNING] Failed parsing 'srcset' attribute value since it has an unknown descriptor. @ :0
[    3447ms] [WARNING] Dropped srcset candidate "https://res.cloudinary.com/\u003CYour" @ :0
[    3448ms] [WARNING] Failed parsing 'srcset' attribute value since it has an unknown descriptor. @ :0
[    3448ms] [WARNING] Dropped srcset candidate "https://res.cloudinary.com/\u003CYour" @ :0
[    3448ms] [WARNING] Failed parsing 'srcset' attribute value since it has an unknown descriptor. @ :0
[    3448ms] [WARNING] Dropped srcset candidate "https://res.cloudinary.com/\u003CYour" @ :0
[    3448ms] [WARNING] Failed parsing 'srcset' attribute value since it has an unknown descriptor. @ :0
[    3448ms] [WARNING] Dropped srcset candidate "https://res.cloudinary.com/\u003CYour" @ :0
[    3448ms] [WARNING] Failed parsing 'srcset' attribute value since it has an unknown descriptor. @ :0
[    3448ms] [WARNING] Dropped srcset candidate "https://res.cloudinary.com/\u003CYour" @ :0
[    3449ms] [WARNING] Failed parsing 'srcset' attribute value since it has an unknown descriptor. @ :0
[    3449ms] [WARNING] Dropped srcset candidate "https://res.cloudinary.com/\u003CYour" @ :0
[    3449ms] [WARNING] Failed parsing 'srcset' attribute value since it has an unknown descriptor. @ :0
[    3449ms] [WARNING] Dropped srcset candidate "https://res.cloudinary.com/\u003CYour" @ :0
[    4121ms] [ERROR] Failed to load resource: the server responded with a status of 500 (Server Error) @ http://localhost:3001/q_auto/images/display-2.png:0
[   11007ms] [LOG] ✨ %cNuxt DevTools %c Press Shift + Alt + D to open DevTools color: black; border-radius: 3px 0 0 3px; padding: 2px 2px 1px 10px; background: #00DC82 border-radius: 0 3px 3px 0; padding: 2px 10px 1px 2px; background: #00DC8220  @ http://localhost:3001/_nuxt/@fs/home/meebuzo/github/alternate-framework/apps/ecosystem/meeovi-frontend/node_modules/@sentry/core/build/esm/instrument/console.js?v=cfee6d51:42
[   11010ms] [ERROR] Failed to load resource: the server responded with a status of 500 (Server Error) @ http://localhost:3001/q_auto/images/display-1.png:0
[   11054ms] [WARNING] [Vue warn]: Unhandled error during execution of watcher callback @ http://localhost:3001/_nuxt/@fs/home/meebuzo/github/alternate-framework/apps/ecosystem/meeovi-frontend/node_modules/@sentry/core/build/esm/instrument/console.js?v=cfee6d51:42
[   11082ms] [INFO] <Suspense> is an experimental feature and its API will likely change. @ http://localhost:3001/_nuxt/@fs/home/meebuzo/github/alternate-framework/apps/ecosystem/meeovi-frontend/node_modules/@sentry/core/build/esm/instrument/console.js?v=cfee6d51:42
[   11102ms] [ERROR] Connecting to 'https://o996770.ingest.us.sentry.io/api/5955273/envelope/?sentry_version=7&sentry_key=df1b90fab7c44ce8aef097a63b468d61&sentry_client=sentry.javascript.nuxt%2F10.63.0' violates the following Content Security Policy directive: "connect-src 'self' https://*.mux.com". The action has been blocked. @ http://localhost:3001/_nuxt/@fs/home/meebuzo/github/alternate-framework/apps/ecosystem/meeovi-frontend/node_modules/@sentry/browser/build/npm/esm/dev/transports/fetch.js?v=cfee6d51:31
[   11103ms] [ERROR] Fetch API cannot load https://o996770.ingest.us.sentry.io/api/5955273/envelope/?sentry_version=7&sentry_key=df1b90fab7c44ce8aef097a63b468d61&sentry_client=sentry.javascript.nuxt%2F10.63.0. Refused to connect because it violates the document's Content Security Policy. @ http://localhost:3001/_nuxt/@fs/home/meebuzo/github/alternate-framework/apps/ecosystem/meeovi-frontend/node_modules/@sentry/browser/build/npm/esm/dev/transports/fetch.js?v=cfee6d51:31
[   11108ms] TypeError: Cannot convert object to primitive value
    at getUserStorageKey (http://localhost:3001/_nuxt/@fs/home/meebuzo/github/alternate-framework/layers/auth/app/composables/useSessionLocale.ts:18:45)
    at getPersistedLocaleForUser (http://localhost:3001/_nuxt/@fs/home/meebuzo/github/alternate-framework/layers/auth/app/composables/useSessionLocale.ts:43:24)
    at restoreLocaleForUser (http://localhost:3001/_nuxt/@fs/home/meebuzo/github/alternate-framework/layers/auth/app/composables/useSessionLocale.ts:51:26)
    at watch.immediate (http://localhost:3001/_nuxt/@fs/home/meebuzo/github/alternate-framework/layers/auth/app/plugins/session-locale.client.ts:16:13)
    at callWithErrorHandling (http://localhost:3001/_nuxt/@fs/home/meebuzo/github/alternate-framework/apps/ecosystem/meeovi-frontend/node_modules/@vue/runtime-core/dist/runtime-core.esm-bundler.js?v=cfee6d51:197:19)
    at callWithAsyncErrorHandling (http://localhost:3001/_nuxt/@fs/home/meebuzo/github/alternate-framework/apps/ecosystem/meeovi-frontend/node_modules/@vue/runtime-core/dist/runtime-core.esm-bundler.js?v=cfee6d51:204:17)
    at baseWatchOptions.call (http://localhost:3001/_nuxt/@fs/home/meebuzo/github/alternate-framework/apps/ecosystem/meeovi-frontend/node_modules/@vue/runtime-core/dist/runtime-core.esm-bundler.js?v=cfee6d51:890:47)
    at job (http://localhost:3001/_nuxt/@fs/home/meebuzo/github/alternate-framework/apps/ecosystem/meeovi-frontend/node_modules/@vue/reactivity/dist/reactivity.esm-bundler.js?v=cfee6d51:1849:18)
    at watch (http://localhost:3001/_nuxt/@fs/home/meebuzo/github/alternate-framework/apps/ecosystem/meeovi-frontend/node_modules/@vue/reactivity/dist/reactivity.esm-bundler.js?v=cfee6d51:1884:7)
    at doWatch (http://localhost:3001/_nuxt/@fs/home/meebuzo/github/alternate-framework/apps/ecosystem/meeovi-frontend/node_modules/@vue/runtime-core/dist/runtime-core.esm-bundler.js?v=cfee6d51:918:23)
    at watch (http://localhost:3001/_nuxt/@fs/home/meebuzo/github/alternate-framework/apps/ecosystem/meeovi-frontend/node_modules/@vue/runtime-core/dist/runtime-core.esm-bundler.js?v=cfee6d51:851:10)
    at http://localhost:3001/_nuxt/@fs/home/meebuzo/github/alternate-framework/layers/auth/app/plugins/session-locale.client.ts:10:3
    at http://localhost:3001/_nuxt/@fs/home/meebuzo/github/alternate-framework/apps/ecosystem/meeovi-frontend/node_modules/nuxt/dist/app/nuxt.js?v=cfee6d51:142:60
    at fn (http://localhost:3001/_nuxt/@fs/home/meebuzo/github/alternate-framework/apps/ecosystem/meeovi-frontend/node_modules/nuxt/dist/app/nuxt.js?v=cfee6d51:224:44)
    at Object.runWithContext (http://localhost:3001/_nuxt/@fs/home/meebuzo/github/alternate-framework/apps/ecosystem/meeovi-frontend/node_modules/@vue/runtime-core/dist/runtime-core.esm-bundler.js?v=cfee6d51:4366:18)
    at callWithNuxt (http://localhost:3001/_nuxt/@fs/home/meebuzo/github/alternate-framework/apps/ecosystem/meeovi-frontend/node_modules/nuxt/dist/app/nuxt.js?v=cfee6d51:230:24)
    at http://localhost:3001/_nuxt/@fs/home/meebuzo/github/alternate-framework/apps/ecosystem/meeovi-frontend/node_modules/nuxt/dist/app/nuxt.js?v=cfee6d51:37:41
    at EffectScope.run (http://localhost:3001/_nuxt/@fs/home/meebuzo/github/alternate-framework/apps/ecosystem/meeovi-frontend/node_modules/@vue/reactivity/dist/reactivity.esm-bundler.js?v=cfee6d51:75:16)
    at Object.runWithContext (http://localhost:3001/_nuxt/@fs/home/meebuzo/github/alternate-framework/apps/ecosystem/meeovi-frontend/node_modules/nuxt/dist/app/nuxt.js?v=cfee6d51:37:31)
    at applyPlugin (http://localhost:3001/_nuxt/@fs/home/meebuzo/github/alternate-framework/apps/ecosystem/meeovi-frontend/node_modules/nuxt/dist/app/nuxt.js?v=cfee6d51:142:39)
    at executePlugin (http://localhost:3001/_nuxt/@fs/home/meebuzo/github/alternate-framework/apps/ecosystem/meeovi-frontend/node_modules/nuxt/dist/app/nuxt.js?v=cfee6d51:161:23)
    at applyPlugins (http://localhost:3001/_nuxt/@fs/home/meebuzo/github/alternate-framework/apps/ecosystem/meeovi-frontend/node_modules/nuxt/dist/app/nuxt.js?v=cfee6d51:197:11)
    at async initApp (http://localhost:3001/_nuxt/@fs/home/meebuzo/github/alternate-framework/apps/ecosystem/meeovi-frontend/node_modules/nuxt/dist/app/entry.js?v=cfee6d51:60:7)
[   11107ms] [ERROR] Failed to load resource: the server responded with a status of 404 (Not Found) @ http://localhost:3001/api/auth/user/value/id/to-string:0
[   11127ms] [ERROR] Failed to load resource: the server responded with a status of 404 (Not Found) @ http://localhost:3001/api/auth/user/value/id/value-of:0
[   11527ms] [ERROR] Connecting to 'https://demo.meeovicms.com/graphql' violates the following Content Security Policy directive: "connect-src 'self' https://*.mux.com". The action has been blocked. @ http://localhost:3001/_nuxt/@fs/home/meebuzo/github/alternate-framework/apps/ecosystem/meeovi-frontend/node_modules/@sentry/core/build/esm/instrument/fetch.js?v=cfee6d51:44
[   11528ms] [ERROR] Fetch API cannot load https://demo.meeovicms.com/graphql. Refused to connect because it violates the document's Content Security Policy. @ http://localhost:3001/_nuxt/@fs/home/meebuzo/github/alternate-framework/apps/ecosystem/meeovi-frontend/node_modules/@sentry/core/build/esm/instrument/fetch.js?v=cfee6d51:44
[   11573ms] [WARNING] [nuxt] [image] Density values above `2` are not recommended. See https://observablehq.com/@eeeps/visual-acuity-and-device-pixel-ratio. @ http://localhost:3001/_nuxt/@fs/home/meebuzo/github/alternate-framework/apps/ecosystem/meeovi-frontend/node_modules/@sentry/core/build/esm/instrument/console.js?v=cfee6d51:42
[   11574ms] [WARNING] Failed parsing 'srcset' attribute value since it has an unknown descriptor. @ http://localhost:3001/_nuxt/@fs/home/meebuzo/github/alternate-framework/apps/ecosystem/meeovi-frontend/node_modules/@vue/runtime-dom/dist/runtime-dom.esm-bundler.js?v=cfee6d51:674
[   11574ms] [WARNING] Dropped srcset candidate "https://res.cloudinary.com/\u003CYour" @ http://localhost:3001/_nuxt/@fs/home/meebuzo/github/alternate-framework/apps/ecosystem/meeovi-frontend/node_modules/@vue/runtime-dom/dist/runtime-dom.esm-bundler.js?v=cfee6d51:674
[   11574ms] [WARNING] Failed parsing 'srcset' attribute value since it has an unknown descriptor. @ http://localhost:3001/_nuxt/@fs/home/meebuzo/github/alternate-framework/apps/ecosystem/meeovi-frontend/node_modules/@vue/runtime-dom/dist/runtime-dom.esm-bundler.js?v=cfee6d51:674
[   11575ms] [WARNING] Dropped srcset candidate "https://res.cloudinary.com/\u003CYour" @ http://localhost:3001/_nuxt/@fs/home/meebuzo/github/alternate-framework/apps/ecosystem/meeovi-frontend/node_modules/@vue/runtime-dom/dist/runtime-dom.esm-bundler.js?v=cfee6d51:674
[   11575ms] [WARNING] Failed parsing 'srcset' attribute value since it has an unknown descriptor. @ http://localhost:3001/_nuxt/@fs/home/meebuzo/github/alternate-framework/apps/ecosystem/meeovi-frontend/node_modules/@vue/runtime-dom/dist/runtime-dom.esm-bundler.js?v=cfee6d51:674
[   11575ms] [WARNING] Dropped srcset candidate "https://res.cloudinary.com/\u003CYour" @ http://localhost:3001/_nuxt/@fs/home/meebuzo/github/alternate-framework/apps/ecosystem/meeovi-frontend/node_modules/@vue/runtime-dom/dist/runtime-dom.esm-bundler.js?v=cfee6d51:674
[   11579ms] [WARNING] Failed parsing 'srcset' attribute value since it has an unknown descriptor. @ http://localhost:3001/_nuxt/@fs/home/meebuzo/github/alternate-framework/apps/ecosystem/meeovi-frontend/node_modules/@vue/runtime-dom/dist/runtime-dom.esm-bundler.js?v=cfee6d51:674
[   11579ms] [WARNING] Dropped srcset candidate "https://res.cloudinary.com/\u003CYour" @ http://localhost:3001/_nuxt/@fs/home/meebuzo/github/alternate-framework/apps/ecosystem/meeovi-frontend/node_modules/@vue/runtime-dom/dist/runtime-dom.esm-bundler.js?v=cfee6d51:674
[   11579ms] [WARNING] Failed parsing 'srcset' attribute value since it has an unknown descriptor. @ http://localhost:3001/_nuxt/@fs/home/meebuzo/github/alternate-framework/apps/ecosystem/meeovi-frontend/node_modules/@vue/runtime-dom/dist/runtime-dom.esm-bundler.js?v=cfee6d51:674
[   11580ms] [WARNING] Dropped srcset candidate "https://res.cloudinary.com/\u003CYour" @ http://localhost:3001/_nuxt/@fs/home/meebuzo/github/alternate-framework/apps/ecosystem/meeovi-frontend/node_modules/@vue/runtime-dom/dist/runtime-dom.esm-bundler.js?v=cfee6d51:674
[   11580ms] [WARNING] Failed parsing 'srcset' attribute value since it has an unknown descriptor. @ http://localhost:3001/_nuxt/@fs/home/meebuzo/github/alternate-framework/apps/ecosystem/meeovi-frontend/node_modules/@vue/runtime-dom/dist/runtime-dom.esm-bundler.js?v=cfee6d51:674
[   11580ms] [WARNING] Dropped srcset candidate "https://res.cloudinary.com/\u003CYour" @ http://localhost:3001/_nuxt/@fs/home/meebuzo/github/alternate-framework/apps/ecosystem/meeovi-frontend/node_modules/@vue/runtime-dom/dist/runtime-dom.esm-bundler.js?v=cfee6d51:674
[   11583ms] [WARNING] Failed parsing 'srcset' attribute value since it has an unknown descriptor. @ http://localhost:3001/_nuxt/@fs/home/meebuzo/github/alternate-framework/apps/ecosystem/meeovi-frontend/node_modules/@vue/runtime-dom/dist/runtime-dom.esm-bundler.js?v=cfee6d51:674
[   11583ms] [WARNING] Dropped srcset candidate "https://res.cloudinary.com/\u003CYour" @ http://localhost:3001/_nuxt/@fs/home/meebuzo/github/alternate-framework/apps/ecosystem/meeovi-frontend/node_modules/@vue/runtime-dom/dist/runtime-dom.esm-bundler.js?v=cfee6d51:674
[   11584ms] [WARNING] Failed parsing 'srcset' attribute value since it has an unknown descriptor. @ http://localhost:3001/_nuxt/@fs/home/meebuzo/github/alternate-framework/apps/ecosystem/meeovi-frontend/node_modules/@vue/runtime-dom/dist/runtime-dom.esm-bundler.js?v=cfee6d51:674
[   11584ms] [WARNING] Dropped srcset candidate "https://res.cloudinary.com/\u003CYour" @ http://localhost:3001/_nuxt/@fs/home/meebuzo/github/alternate-framework/apps/ecosystem/meeovi-frontend/node_modules/@vue/runtime-dom/dist/runtime-dom.esm-bundler.js?v=cfee6d51:674
[   11584ms] [WARNING] Failed parsing 'srcset' attribute value since it has an unknown descriptor. @ http://localhost:3001/_nuxt/@fs/home/meebuzo/github/alternate-framework/apps/ecosystem/meeovi-frontend/node_modules/@vue/runtime-dom/dist/runtime-dom.esm-bundler.js?v=cfee6d51:674
[   11584ms] [WARNING] Dropped srcset candidate "https://res.cloudinary.com/\u003CYour" @ http://localhost:3001/_nuxt/@fs/home/meebuzo/github/alternate-framework/apps/ecosystem/meeovi-frontend/node_modules/@vue/runtime-dom/dist/runtime-dom.esm-bundler.js?v=cfee6d51:674
[   11680ms] [ERROR] Connecting to 'https://cms.meeovicms.com/items/page_blocks/5?fields=*%2Cmedia.*.*' violates the following Content Security Policy directive: "connect-src 'self' https://*.mux.com". The action has been blocked. @ http://localhost:3001/_nuxt/@fs/home/meebuzo/github/alternate-framework/apps/ecosystem/meeovi-frontend/node_modules/.cache/vite/client/deps/@directus_sdk.js?v=cfee6d51:101
[   11681ms] [ERROR] Fetch API cannot load https://cms.meeovicms.com/items/page_blocks/5?fields=*%2Cmedia.*.*. Refused to connect because it violates the document's Content Security Policy. @ http://localhost:3001/_nuxt/@fs/home/meebuzo/github/alternate-framework/apps/ecosystem/meeovi-frontend/node_modules/.cache/vite/client/deps/@directus_sdk.js?v=cfee6d51:101
[   11697ms] [ERROR] Connecting to 'https://cms.meeovicms.com/items/navigation/12' violates the following Content Security Policy directive: "connect-src 'self' https://*.mux.com". The action has been blocked. @ http://localhost:3001/_nuxt/@fs/home/meebuzo/github/alternate-framework/apps/ecosystem/meeovi-frontend/node_modules/.cache/vite/client/deps/@directus_sdk.js?v=cfee6d51:101
[   11698ms] [ERROR] Fetch API cannot load https://cms.meeovicms.com/items/navigation/12. Refused to connect because it violates the document's Content Security Policy. @ http://localhost:3001/_nuxt/@fs/home/meebuzo/github/alternate-framework/apps/ecosystem/meeovi-frontend/node_modules/.cache/vite/client/deps/@directus_sdk.js?v=cfee6d51:101
[   11754ms] [ERROR] Connecting to 'https://cms.meeovicms.com/items/navigation/5' violates the following Content Security Policy directive: "connect-src 'self' https://*.mux.com". The action has been blocked. @ http://localhost:3001/_nuxt/@fs/home/meebuzo/github/alternate-framework/apps/ecosystem/meeovi-frontend/node_modules/.cache/vite/client/deps/@directus_sdk.js?v=cfee6d51:101
[   11755ms] [ERROR] Fetch API cannot load https://cms.meeovicms.com/items/navigation/5. Refused to connect because it violates the document's Content Security Policy. @ http://localhost:3001/_nuxt/@fs/home/meebuzo/github/alternate-framework/apps/ecosystem/meeovi-frontend/node_modules/.cache/vite/client/deps/@directus_sdk.js?v=cfee6d51:101
[   11758ms] [ERROR] Connecting to 'https://cms.meeovicms.com/items/departments?fields=*%2C*.*&filter=%7B%22active%22%3A%7B%22_eq%22%3A%22active%22%7D%2C%22type%22%3A%7B%22_eq%22%3A%22department%22%7D%7D&sort=name' violates the following Content Security Policy directive: "connect-src 'self' https://*.mux.com". The action has been blocked. @ http://localhost:3001/_nuxt/@fs/home/meebuzo/github/alternate-framework/apps/ecosystem/meeovi-frontend/node_modules/.cache/vite/client/deps/@directus_sdk.js?v=cfee6d51:101
[   11760ms] [ERROR] Fetch API cannot load https://cms.meeovicms.com/items/departments?fields=*%2C*.*&filter=%7B%22active%22%3A%7B%22_eq%22%3A%22active%22%7D%2C%22type%22%3A%7B%22_eq%22%3A%22department%22%7D%7D&sort=name. Refused to connect because it violates the document's Content Security Policy. @ http://localhost:3001/_nuxt/@fs/home/meebuzo/github/alternate-framework/apps/ecosystem/meeovi-frontend/node_modules/.cache/vite/client/deps/@directus_sdk.js?v=cfee6d51:101
[   11764ms] [ERROR] Connecting to 'https://cms.meeovicms.com/items/departments?fields=*%2C*.*&filter=%7B%22active%22%3A%7B%22_eq%22%3A%22active%22%7D%2C%22type%22%3A%7B%22_eq%22%3A%22outlet%22%7D%7D&sort=name' violates the following Content Security Policy directive: "connect-src 'self' https://*.mux.com". The action has been blocked. @ http://localhost:3001/_nuxt/@fs/home/meebuzo/github/alternate-framework/apps/ecosystem/meeovi-frontend/node_modules/.cache/vite/client/deps/@directus_sdk.js?v=cfee6d51:101
[   11765ms] [ERROR] Fetch API cannot load https://cms.meeovicms.com/items/departments?fields=*%2C*.*&filter=%7B%22active%22%3A%7B%22_eq%22%3A%22active%22%7D%2C%22type%22%3A%7B%22_eq%22%3A%22outlet%22%7D%7D&sort=name. Refused to connect because it violates the document's Content Security Policy. @ http://localhost:3001/_nuxt/@fs/home/meebuzo/github/alternate-framework/apps/ecosystem/meeovi-frontend/node_modules/.cache/vite/client/deps/@directus_sdk.js?v=cfee6d51:101
[   11768ms] [ERROR] Connecting to 'https://cms.meeovicms.com/items/navigation/76' violates the following Content Security Policy directive: "connect-src 'self' https://*.mux.com". The action has been blocked. @ http://localhost:3001/_nuxt/@fs/home/meebuzo/github/alternate-framework/apps/ecosystem/meeovi-frontend/node_modules/.cache/vite/client/deps/@directus_sdk.js?v=cfee6d51:101
[   11769ms] [ERROR] Fetch API cannot load https://cms.meeovicms.com/items/navigation/76. Refused to connect because it violates the document's Content Security Policy. @ http://localhost:3001/_nuxt/@fs/home/meebuzo/github/alternate-framework/apps/ecosystem/meeovi-frontend/node_modules/.cache/vite/client/deps/@directus_sdk.js?v=cfee6d51:101
[   11772ms] [ERROR] Connecting to 'https://cms.meeovicms.com/items/navigation/87' violates the following Content Security Policy directive: "connect-src 'self' https://*.mux.com". The action has been blocked. @ http://localhost:3001/_nuxt/@fs/home/meebuzo/github/alternate-framework/apps/ecosystem/meeovi-frontend/node_modules/.cache/vite/client/deps/@directus_sdk.js?v=cfee6d51:101
[   11773ms] [ERROR] Fetch API cannot load https://cms.meeovicms.com/items/navigation/87. Refused to connect because it violates the document's Content Security Policy. @ http://localhost:3001/_nuxt/@fs/home/meebuzo/github/alternate-framework/apps/ecosystem/meeovi-frontend/node_modules/.cache/vite/client/deps/@directus_sdk.js?v=cfee6d51:101
[   11798ms] [ERROR] Connecting to 'https://cms.meeovicms.com/items/navigation/7' violates the following Content Security Policy directive: "connect-src 'self' https://*.mux.com". The action has been blocked. @ http://localhost:3001/_nuxt/@fs/home/meebuzo/github/alternate-framework/apps/ecosystem/meeovi-frontend/node_modules/.cache/vite/client/deps/@directus_sdk.js?v=cfee6d51:101
[   11798ms] [ERROR] Fetch API cannot load https://cms.meeovicms.com/items/navigation/7. Refused to connect because it violates the document's Content Security Policy. @ http://localhost:3001/_nuxt/@fs/home/meebuzo/github/alternate-framework/apps/ecosystem/meeovi-frontend/node_modules/.cache/vite/client/deps/@directus_sdk.js?v=cfee6d51:101
[   11855ms] [ERROR] Connecting to 'https://cms.meeovicms.com/items/navigation/2?fields=*%2Cmenus.*' violates the following Content Security Policy directive: "connect-src 'self' https://*.mux.com". The action has been blocked. @ http://localhost:3001/_nuxt/@fs/home/meebuzo/github/alternate-framework/apps/ecosystem/meeovi-frontend/node_modules/.cache/vite/client/deps/@directus_sdk.js?v=cfee6d51:101
[   11855ms] [ERROR] Fetch API cannot load https://cms.meeovicms.com/items/navigation/2?fields=*%2Cmenus.*. Refused to connect because it violates the document's Content Security Policy. @ http://localhost:3001/_nuxt/@fs/home/meebuzo/github/alternate-framework/apps/ecosystem/meeovi-frontend/node_modules/.cache/vite/client/deps/@directus_sdk.js?v=cfee6d51:101
[   11955ms] [LOG] undefined @ http://localhost:3001/_nuxt/@fs/home/meebuzo/github/alternate-framework/apps/ecosystem/meeovi-frontend/node_modules/@sentry/core/build/esm/instrument/console.js?v=cfee6d51:42
[   11956ms] [ERROR] Connecting to 'https://cms.meeovicms.com/items/navigation/8' violates the following Content Security Policy directive: "connect-src 'self' https://*.mux.com". The action has been blocked. @ http://localhost:3001/_nuxt/@fs/home/meebuzo/github/alternate-framework/apps/ecosystem/meeovi-frontend/node_modules/.cache/vite/client/deps/@directus_sdk.js?v=cfee6d51:101
[   11956ms] [ERROR] Fetch API cannot load https://cms.meeovicms.com/items/navigation/8. Refused to connect because it violates the document's Content Security Policy. @ http://localhost:3001/_nuxt/@fs/home/meebuzo/github/alternate-framework/apps/ecosystem/meeovi-frontend/node_modules/.cache/vite/client/deps/@directus_sdk.js?v=cfee6d51:101
[   11957ms] [ERROR] Connecting to 'https://cms.meeovicms.com/items/navigation/3?fields=*%2Cmenus.*' violates the following Content Security Policy directive: "connect-src 'self' https://*.mux.com". The action has been blocked. @ http://localhost:3001/_nuxt/@fs/home/meebuzo/github/alternate-framework/apps/ecosystem/meeovi-frontend/node_modules/.cache/vite/client/deps/@directus_sdk.js?v=cfee6d51:101
[   11957ms] [ERROR] Fetch API cannot load https://cms.meeovicms.com/items/navigation/3?fields=*%2Cmenus.*. Refused to connect because it violates the document's Content Security Policy. @ http://localhost:3001/_nuxt/@fs/home/meebuzo/github/alternate-framework/apps/ecosystem/meeovi-frontend/node_modules/.cache/vite/client/deps/@directus_sdk.js?v=cfee6d51:101
[   11965ms] [WARNING] Failed parsing 'srcset' attribute value since it has an unknown descriptor. @ http://localhost:3001/_nuxt/@fs/home/meebuzo/github/alternate-framework/apps/ecosystem/meeovi-frontend/node_modules/@vue/runtime-dom/dist/runtime-dom.esm-bundler.js?v=cfee6d51:674
[   11965ms] [WARNING] Dropped srcset candidate "https://res.cloudinary.com/\u003CYour" @ http://localhost:3001/_nuxt/@fs/home/meebuzo/github/alternate-framework/apps/ecosystem/meeovi-frontend/node_modules/@vue/runtime-dom/dist/runtime-dom.esm-bundler.js?v=cfee6d51:674
[   11966ms] [WARNING] Failed parsing 'srcset' attribute value since it has an unknown descriptor. @ http://localhost:3001/_nuxt/@fs/home/meebuzo/github/alternate-framework/apps/ecosystem/meeovi-frontend/node_modules/@vue/runtime-dom/dist/runtime-dom.esm-bundler.js?v=cfee6d51:674
[   11966ms] [WARNING] Dropped srcset candidate "https://res.cloudinary.com/\u003CYour" @ http://localhost:3001/_nuxt/@fs/home/meebuzo/github/alternate-framework/apps/ecosystem/meeovi-frontend/node_modules/@vue/runtime-dom/dist/runtime-dom.esm-bundler.js?v=cfee6d51:674
[   11967ms] [WARNING] Failed parsing 'srcset' attribute value since it has an unknown descriptor. @ http://localhost:3001/_nuxt/@fs/home/meebuzo/github/alternate-framework/apps/ecosystem/meeovi-frontend/node_modules/@vue/runtime-dom/dist/runtime-dom.esm-bundler.js?v=cfee6d51:674
[   11967ms] [WARNING] Dropped srcset candidate "https://res.cloudinary.com/\u003CYour" @ http://localhost:3001/_nuxt/@fs/home/meebuzo/github/alternate-framework/apps/ecosystem/meeovi-frontend/node_modules/@vue/runtime-dom/dist/runtime-dom.esm-bundler.js?v=cfee6d51:674
[   11968ms] [WARNING] Failed parsing 'srcset' attribute value since it has an unknown descriptor. @ http://localhost:3001/_nuxt/@fs/home/meebuzo/github/alternate-framework/apps/ecosystem/meeovi-frontend/node_modules/@vue/runtime-dom/dist/runtime-dom.esm-bundler.js?v=cfee6d51:674
[   11969ms] [WARNING] Dropped srcset candidate "https://res.cloudinary.com/\u003CYour" @ http://localhost:3001/_nuxt/@fs/home/meebuzo/github/alternate-framework/apps/ecosystem/meeovi-frontend/node_modules/@vue/runtime-dom/dist/runtime-dom.esm-bundler.js?v=cfee6d51:674
[   11969ms] [WARNING] Failed parsing 'srcset' attribute value since it has an unknown descriptor. @ http://localhost:3001/_nuxt/@fs/home/meebuzo/github/alternate-framework/apps/ecosystem/meeovi-frontend/node_modules/@vue/runtime-dom/dist/runtime-dom.esm-bundler.js?v=cfee6d51:674
[   11970ms] [WARNING] Dropped srcset candidate "https://res.cloudinary.com/\u003CYour" @ http://localhost:3001/_nuxt/@fs/home/meebuzo/github/alternate-framework/apps/ecosystem/meeovi-frontend/node_modules/@vue/runtime-dom/dist/runtime-dom.esm-bundler.js?v=cfee6d51:674
[   11971ms] [WARNING] Failed parsing 'srcset' attribute value since it has an unknown descriptor. @ http://localhost:3001/_nuxt/@fs/home/meebuzo/github/alternate-framework/apps/ecosystem/meeovi-frontend/node_modules/@vue/runtime-dom/dist/runtime-dom.esm-bundler.js?v=cfee6d51:674
[   11971ms] [WARNING] Dropped srcset candidate "https://res.cloudinary.com/\u003CYour" @ http://localhost:3001/_nuxt/@fs/home/meebuzo/github/alternate-framework/apps/ecosystem/meeovi-frontend/node_modules/@vue/runtime-dom/dist/runtime-dom.esm-bundler.js?v=cfee6d51:674
[   12034ms] [ERROR] Connecting to 'https://cms.meeovicms.com/items/navigation/9' violates the following Content Security Policy directive: "connect-src 'self' https://*.mux.com". The action has been blocked. @ http://localhost:3001/_nuxt/@fs/home/meebuzo/github/alternate-framework/apps/ecosystem/meeovi-frontend/node_modules/.cache/vite/client/deps/@directus_sdk.js?v=cfee6d51:101
[   12035ms] [ERROR] Fetch API cannot load https://cms.meeovicms.com/items/navigation/9. Refused to connect because it violates the document's Content Security Policy. @ http://localhost:3001/_nuxt/@fs/home/meebuzo/github/alternate-framework/apps/ecosystem/meeovi-frontend/node_modules/.cache/vite/client/deps/@directus_sdk.js?v=cfee6d51:101
[   12052ms] [WARNING] [Vue warn]: Unhandled error during execution of render function 
  at <VListChildren items= [] returnObject=false > 
  at <VList key=0 lines="one" density="comfortable" > 
  at <VNavigationDrawer modelValue=false onUpdate:modelValue=fn location="right"  ... > 
  at <MenusTopmenuMyaccounttopmenu > 
  at <ClientOnly > 
  at <VCol class="myaccounttopmenu" > 
  at <VDefaultsProvider defaults= {VTabs: Object} > 
  at <VToolbar ref=Ref< Proxy(Object) > class="v-app-bar" style= {top: 0px, zIndex: 1010, transform: translateY(0px), position: fixed, height: undefined}  ... > 
  at <VAppBar id="topnav" > 
  at <MenusHeader drawer=false onToggleDrawer=fn > 
  at <ClientOnly > 
  at <VApp theme="light" class="auto-text" > 
  at <VResponsive class="border rounded" > 
  at <Default ref=Ref< Proxy(Object) > > 
  at <AsyncComponentWrapper ref=Ref< Proxy(Object) > > 
  at <LayoutLoader key="default" layoutProps= {ref: RefImpl} name="default" > 
  at <NuxtLayoutProvider layoutProps= {ref: RefImpl} key="default" name="default"  ... > 
  at <NuxtLayout > 
  at <App key=4 > 
  at <NuxtRoot> @ http://localhost:3001/_nuxt/@fs/home/meebuzo/github/alternate-framework/apps/ecosystem/meeovi-frontend/node_modules/@sentry/core/build/esm/instrument/console.js?v=cfee6d51:42
[   12068ms] [WARNING] [Vue warn]: Unhandled error during execution of render function 
  at <VNavigationDrawer modelValue=undefined onUpdate:modelValue=fn location="right"  ... > 
  at <MenusTopmenuLayoutNotifications > 
  at <VCol class="notificationsHeader" > 
  at <VDefaultsProvider defaults= {VTabs: Object} > 
  at <VToolbar ref=Ref< Proxy(Object) > class="v-app-bar" style= {top: 0px, zIndex: 1012, transform: translateY(0px), position: fixed, height: undefined}  ... > 
  at <VAppBar id="topnav" > 
  at <MenusHeader drawer=false onToggleDrawer=fn > 
  at <ClientOnly > 
  at <VApp theme="light" class="auto-text" > 
  at <VResponsive class="border rounded" > 
  at <Default ref=Ref< Proxy(Object) > > 
  at <AsyncComponentWrapper ref=Ref< Proxy(Object) > > 
  at <LayoutLoader key="default" layoutProps= {ref: RefImpl} name="default" > 
  at <NuxtLayoutProvider layoutProps= {ref: RefImpl} key="default" name="default"  ... > 
  at <NuxtLayout > 
  at <App key=4 > 
  at <NuxtRoot> @ http://localhost:3001/_nuxt/@fs/home/meebuzo/github/alternate-framework/apps/ecosystem/meeovi-frontend/node_modules/@sentry/core/build/esm/instrument/console.js?v=cfee6d51:42
[   12072ms] [WARNING] [Vue warn]: Unhandled error during execution of component update 
  at <VNavigationDrawer modelValue=undefined onUpdate:modelValue=fn location="right"  ... > 
  at <MenusTopmenuLayoutNotifications > 
  at <VCol class="notificationsHeader" > 
  at <VDefaultsProvider defaults= {VTabs: Object} > 
  at <VToolbar ref=Ref< Proxy(Object) > class="v-app-bar" style= {top: 0px, zIndex: 1012, transform: translateY(0px), position: fixed, height: undefined}  ... > 
  at <VAppBar id="topnav" > 
  at <MenusHeader drawer=false onToggleDrawer=fn > 
  at <ClientOnly > 
  at <VApp theme="light" class="auto-text" > 
  at <VResponsive class="border rounded" > 
  at <Default ref=Ref< Proxy(Object) > > 
  at <AsyncComponentWrapper ref=Ref< Proxy(Object) > > 
  at <LayoutLoader key="default" layoutProps= {ref: RefImpl} name="default" > 
  at <NuxtLayoutProvider layoutProps= {ref: RefImpl} key="default" name="default"  ... > 
  at <NuxtLayout > 
  at <App key=4 > 
  at <NuxtRoot> @ http://localhost:3001/_nuxt/@fs/home/meebuzo/github/alternate-framework/apps/ecosystem/meeovi-frontend/node_modules/@sentry/core/build/esm/instrument/console.js?v=cfee6d51:42
[   12092ms] [ERROR] Connecting to 'https://cms.meeovicms.com/items/page_blocks/5?fields=*%2Cmedia.*.*' violates the following Content Security Policy directive: "connect-src 'self' https://*.mux.com". The action has been blocked. @ http://localhost:3001/_nuxt/@fs/home/meebuzo/github/alternate-framework/apps/ecosystem/meeovi-frontend/node_modules/.cache/vite/client/deps/@directus_sdk.js?v=cfee6d51:101
[   12092ms] [ERROR] Fetch API cannot load https://cms.meeovicms.com/items/page_blocks/5?fields=*%2Cmedia.*.*. Refused to connect because it violates the document's Content Security Policy. @ http://localhost:3001/_nuxt/@fs/home/meebuzo/github/alternate-framework/apps/ecosystem/meeovi-frontend/node_modules/.cache/vite/client/deps/@directus_sdk.js?v=cfee6d51:101
[   12138ms] [ERROR] Connecting to 'https://cms.meeovicms.com/items/navigation/10' violates the following Content Security Policy directive: "connect-src 'self' https://*.mux.com". The action has been blocked. @ http://localhost:3001/_nuxt/@fs/home/meebuzo/github/alternate-framework/apps/ecosystem/meeovi-frontend/node_modules/.cache/vite/client/deps/@directus_sdk.js?v=cfee6d51:101
[   12138ms] [ERROR] Fetch API cannot load https://cms.meeovicms.com/items/navigation/10. Refused to connect because it violates the document's Content Security Policy. @ http://localhost:3001/_nuxt/@fs/home/meebuzo/github/alternate-framework/apps/ecosystem/meeovi-frontend/node_modules/.cache/vite/client/deps/@directus_sdk.js?v=cfee6d51:101
[   12163ms] [WARNING] [Vue warn]: Unhandled error during execution of render function 
  at <VNavigationDrawer modelValue=undefined onUpdate:modelValue=fn location="right"  ... > 
  at <MenusTopmenuLayoutNotifications > 
  at <VCol class="notificationsHeader" > 
  at <VDefaultsProvider defaults= {VTabs: Object} > 
  at <VToolbar ref=Ref< Proxy(Object) > class="v-app-bar" style= {top: 0px, zIndex: 1012, transform: translateY(0px), position: fixed, height: undefined}  ... > 
  at <VAppBar id="topnav" > 
  at <MenusHeader drawer=false onToggleDrawer=fn > 
  at <ClientOnly > 
  at <VApp theme="light" class="auto-text" > 
  at <VResponsive class="border rounded" > 
  at <Default ref=Ref< Proxy(Object) > > 
  at <AsyncComponentWrapper ref=Ref< Proxy(Object) > > 
  at <LayoutLoader key="default" layoutProps= {ref: RefImpl} name="default" > 
  at <NuxtLayoutProvider layoutProps= {ref: RefImpl} key="default" name="default"  ... > 
  at <NuxtLayout > 
  at <App key=4 > 
  at <NuxtRoot> @ http://localhost:3001/_nuxt/@fs/home/meebuzo/github/alternate-framework/apps/ecosystem/meeovi-frontend/node_modules/@sentry/core/build/esm/instrument/console.js?v=cfee6d51:42
[   12169ms] [WARNING] [Vue warn]: Unhandled error during execution of component update 
  at <VNavigationDrawer modelValue=undefined onUpdate:modelValue=fn location="right"  ... > 
  at <MenusTopmenuLayoutNotifications > 
  at <VCol class="notificationsHeader" > 
  at <VDefaultsProvider defaults= {VTabs: Object} > 
  at <VToolbar ref=Ref< Proxy(Object) > class="v-app-bar" style= {top: 0px, zIndex: 1012, transform: translateY(0px), position: fixed, height: undefined}  ... > 
  at <VAppBar id="topnav" > 
  at <MenusHeader drawer=false onToggleDrawer=fn > 
  at <ClientOnly > 
  at <VApp theme="light" class="auto-text" > 
  at <VResponsive class="border rounded" > 
  at <Default ref=Ref< Proxy(Object) > > 
  at <AsyncComponentWrapper ref=Ref< Proxy(Object) > > 
  at <LayoutLoader key="default" layoutProps= {ref: RefImpl} name="default" > 
  at <NuxtLayoutProvider layoutProps= {ref: RefImpl} key="default" name="default"  ... > 
  at <NuxtLayout > 
  at <App key=4 > 
  at <NuxtRoot> @ http://localhost:3001/_nuxt/@fs/home/meebuzo/github/alternate-framework/apps/ecosystem/meeovi-frontend/node_modules/@sentry/core/build/esm/instrument/console.js?v=cfee6d51:42
[   12191ms] [WARNING] [Vue warn]: Unhandled error during execution of render function 
  at <VNavigationDrawer modelValue=undefined onUpdate:modelValue=fn location="right"  ... > 
  at <MenusTopmenuLayoutNotifications > 
  at <VCol class="notificationsHeader" > 
  at <VDefaultsProvider defaults= {VTabs: Object} > 
  at <VToolbar ref=Ref< Proxy(Object) > class="v-app-bar" style= {top: 0px, zIndex: 1012, transform: translateY(0px), position: fixed, height: undefined}  ... > 
  at <VAppBar id="topnav" > 
  at <MenusHeader drawer=false onToggleDrawer=fn > 
  at <ClientOnly > 
  at <VApp theme="light" class="auto-text" > 
  at <VResponsive class="border rounded" > 
  at <Default ref=Ref< Proxy(Object) > > 
  at <AsyncComponentWrapper ref=Ref< Proxy(Object) > > 
  at <LayoutLoader key="default" layoutProps= {ref: RefImpl} name="default" > 
  at <NuxtLayoutProvider layoutProps= {ref: RefImpl} key="default" name="default"  ... > 
  at <NuxtLayout > 
  at <App key=4 > 
  at <NuxtRoot> @ http://localhost:3001/_nuxt/@fs/home/meebuzo/github/alternate-framework/apps/ecosystem/meeovi-frontend/node_modules/@sentry/core/build/esm/instrument/console.js?v=cfee6d51:42
[   12197ms] [WARNING] [Vue warn]: Unhandled error during execution of component update 
  at <VNavigationDrawer modelValue=undefined onUpdate:modelValue=fn location="right"  ... > 
  at <MenusTopmenuLayoutNotifications > 
  at <VCol class="notificationsHeader" > 
  at <VDefaultsProvider defaults= {VTabs: Object} > 
  at <VToolbar ref=Ref< Proxy(Object) > class="v-app-bar" style= {top: 0px, zIndex: 1012, transform: translateY(0px), position: fixed, height: undefined}  ... > 
  at <VAppBar id="topnav" > 
  at <MenusHeader drawer=false onToggleDrawer=fn > 
  at <ClientOnly > 
  at <VApp theme="light" class="auto-text" > 
  at <VResponsive class="border rounded" > 
  at <Default ref=Ref< Proxy(Object) > > 
  at <AsyncComponentWrapper ref=Ref< Proxy(Object) > > 
  at <LayoutLoader key="default" layoutProps= {ref: RefImpl} name="default" > 
  at <NuxtLayoutProvider layoutProps= {ref: RefImpl} key="default" name="default"  ... > 
  at <NuxtLayout > 
  at <App key=4 > 
  at <NuxtRoot> @ http://localhost:3001/_nuxt/@fs/home/meebuzo/github/alternate-framework/apps/ecosystem/meeovi-frontend/node_modules/@sentry/core/build/esm/instrument/console.js?v=cfee6d51:42
[   12276ms] [WARNING] [Vue warn]: Avoid app logic that relies on enumerating keys on a component instance. The keys will be empty in production mode to avoid performance overhead. 
  at <VNavigationDrawer modelValue=undefined onUpdate:modelValue=fn location="right"  ... > 
  at <MenusTopmenuLayoutNotifications > 
  at <VCol class="notificationsHeader" > 
  at <VDefaultsProvider defaults= {VTabs: Object} > 
  at <VToolbar ref=Ref< Proxy(Object) > class="v-app-bar" style= {top: 0px, zIndex: 1012, transform: translateY(0px), position: fixed, height: undefined}  ... > 
  at <VAppBar id="topnav" > 
  at <MenusHeader drawer=false onToggleDrawer=fn > 
  at <ClientOnly > 
  at <VApp theme="light" class="auto-text" > 
  at <VResponsive class="border rounded" > 
  at <Default ref=Ref< Proxy(Object) > > 
  at <AsyncComponentWrapper ref=Ref< Proxy(Object) > > 
  at <LayoutLoader key="default" layoutProps= {ref: RefImpl} name="default" > 
  at <NuxtLayoutProvider layoutProps= {ref: RefImpl} key="default" name="default"  ... > 
  at <NuxtLayout > 
  at <App key=4 > 
  at <NuxtRoot> @ http://localhost:3001/_nuxt/@fs/home/meebuzo/github/alternate-framework/apps/ecosystem/meeovi-frontend/node_modules/@sentry/core/build/esm/instrument/console.js?v=cfee6d51:42
[   12282ms] [WARNING] [Vue warn]: Avoid app logic that relies on enumerating keys on a component instance. The keys will be empty in production mode to avoid performance overhead. 
  at <VNavigationDrawer modelValue=undefined onUpdate:modelValue=fn location="right"  ... > 
  at <MenusTopmenuLayoutNotifications > 
  at <VCol class="notificationsHeader" > 
  at <VDefaultsProvider defaults= {VTabs: Object} > 
  at <VToolbar ref=Ref< Proxy(Object) > class="v-app-bar" style= {top: 0px, zIndex: 1012, transform: translateY(0px), position: fixed, height: undefined}  ... > 
  at <VAppBar id="topnav" > 
  at <MenusHeader drawer=false onToggleDrawer=fn > 
  at <ClientOnly > 
  at <VApp theme="light" class="auto-text" > 
  at <VResponsive class="border rounded" > 
  at <Default ref=Ref< Proxy(Object) > > 
  at <AsyncComponentWrapper ref=Ref< Proxy(Object) > > 
  at <LayoutLoader key="default" layoutProps= {ref: RefImpl} name="default" > 
  at <NuxtLayoutProvider layoutProps= {ref: RefImpl} key="default" name="default"  ... > 
  at <NuxtLayout > 
  at <App key=4 > 
  at <NuxtRoot> @ http://localhost:3001/_nuxt/@fs/home/meebuzo/github/alternate-framework/apps/ecosystem/meeovi-frontend/node_modules/@sentry/core/build/esm/instrument/console.js?v=cfee6d51:42
[   12287ms] [WARNING] [Vue warn]: Avoid app logic that relies on enumerating keys on a component instance. The keys will be empty in production mode to avoid performance overhead. 
  at <VNavigationDrawer modelValue=undefined onUpdate:modelValue=fn location="right"  ... > 
  at <MenusTopmenuLayoutNotifications > 
  at <VCol class="notificationsHeader" > 
  at <VDefaultsProvider defaults= {VTabs: Object} > 
  at <VToolbar ref=Ref< Proxy(Object) > class="v-app-bar" style= {top: 0px, zIndex: 1012, transform: translateY(0px), position: fixed, height: undefined}  ... > 
  at <VAppBar id="topnav" > 
  at <MenusHeader drawer=false onToggleDrawer=fn > 
  at <ClientOnly > 
  at <VApp theme="light" class="auto-text" > 
  at <VResponsive class="border rounded" > 
  at <Default ref=Ref< Proxy(Object) > > 
  at <AsyncComponentWrapper ref=Ref< Proxy(Object) > > 
  at <LayoutLoader key="default" layoutProps= {ref: RefImpl} name="default" > 
  at <NuxtLayoutProvider layoutProps= {ref: RefImpl} key="default" name="default"  ... > 
  at <NuxtLayout > 
  at <App key=4 > 
  at <NuxtRoot> @ http://localhost:3001/_nuxt/@fs/home/meebuzo/github/alternate-framework/apps/ecosystem/meeovi-frontend/node_modules/@sentry/core/build/esm/instrument/console.js?v=cfee6d51:42
[   12293ms] [WARNING] [Vue warn]: Avoid app logic that relies on enumerating keys on a component instance. The keys will be empty in production mode to avoid performance overhead. 
  at <VNavigationDrawer modelValue=undefined onUpdate:modelValue=fn location="right"  ... > 
  at <MenusTopmenuLayoutNotifications > 
  at <VCol class="notificationsHeader" > 
  at <VDefaultsProvider defaults= {VTabs: Object} > 
  at <VToolbar ref=Ref< Proxy(Object) > class="v-app-bar" style= {top: 0px, zIndex: 1012, transform: translateY(0px), position: fixed, height: undefined}  ... > 
  at <VAppBar id="topnav" > 
  at <MenusHeader drawer=false onToggleDrawer=fn > 
  at <ClientOnly > 
  at <VApp theme="light" class="auto-text" > 
  at <VResponsive class="border rounded" > 
  at <Default ref=Ref< Proxy(Object) > > 
  at <AsyncComponentWrapper ref=Ref< Proxy(Object) > > 
  at <LayoutLoader key="default" layoutProps= {ref: RefImpl} name="default" > 
  at <NuxtLayoutProvider layoutProps= {ref: RefImpl} key="default" name="default"  ... > 
  at <NuxtLayout > 
  at <App key=4 > 
  at <NuxtRoot> @ http://localhost:3001/_nuxt/@fs/home/meebuzo/github/alternate-framework/apps/ecosystem/meeovi-frontend/node_modules/@sentry/core/build/esm/instrument/console.js?v=cfee6d51:42
[   12299ms] [WARNING] [Vue warn]: Avoid app logic that relies on enumerating keys on a component instance. The keys will be empty in production mode to avoid performance overhead. 
  at <VNavigationDrawer modelValue=undefined onUpdate:modelValue=fn location="right"  ... > 
  at <MenusTopmenuLayoutNotifications > 
  at <VCol class="notificationsHeader" > 
  at <VDefaultsProvider defaults= {VTabs: Object} > 
  at <VToolbar ref=Ref< Proxy(Object) > class="v-app-bar" style= {top: 0px, zIndex: 1012, transform: translateY(0px), position: fixed, height: undefined}  ... > 
  at <VAppBar id="topnav" > 
  at <MenusHeader drawer=false onToggleDrawer=fn > 
  at <ClientOnly > 
  at <VApp theme="light" class="auto-text" > 
  at <VResponsive class="border rounded" > 
  at <Default ref=Ref< Proxy(Object) > > 
  at <AsyncComponentWrapper ref=Ref< Proxy(Object) > > 
  at <LayoutLoader key="default" layoutProps= {ref: RefImpl} name="default" > 
  at <NuxtLayoutProvider layoutProps= {ref: RefImpl} key="default" name="default"  ... > 
  at <NuxtLayout > 
  at <App key=4 > 
  at <NuxtRoot> @ http://localhost:3001/_nuxt/@fs/home/meebuzo/github/alternate-framework/apps/ecosystem/meeovi-frontend/node_modules/@sentry/core/build/esm/instrument/console.js?v=cfee6d51:42
[   12304ms] [WARNING] [Vue warn]: Avoid app logic that relies on enumerating keys on a component instance. The keys will be empty in production mode to avoid performance overhead. 
  at <VNavigationDrawer modelValue=undefined onUpdate:modelValue=fn location="right"  ... > 
  at <MenusTopmenuLayoutNotifications > 
  at <VCol class="notificationsHeader" > 
  at <VDefaultsProvider defaults= {VTabs: Object} > 
  at <VToolbar ref=Ref< Proxy(Object) > class="v-app-bar" style= {top: 0px, zIndex: 1012, transform: translateY(0px), position: fixed, height: undefined}  ... > 
  at <VAppBar id="topnav" > 
  at <MenusHeader drawer=false onToggleDrawer=fn > 
  at <ClientOnly > 
  at <VApp theme="light" class="auto-text" > 
  at <VResponsive class="border rounded" > 
  at <Default ref=Ref< Proxy(Object) > > 
  at <AsyncComponentWrapper ref=Ref< Proxy(Object) > > 
  at <LayoutLoader key="default" layoutProps= {ref: RefImpl} name="default" > 
  at <NuxtLayoutProvider layoutProps= {ref: RefImpl} key="default" name="default"  ... > 
  at <NuxtLayout > 
  at <App key=4 > 
  at <NuxtRoot> @ http://localhost:3001/_nuxt/@fs/home/meebuzo/github/alternate-framework/apps/ecosystem/meeovi-frontend/node_modules/@sentry/core/build/esm/instrument/console.js?v=cfee6d51:42
[   12310ms] [WARNING] [Vue warn]: Avoid app logic that relies on enumerating keys on a component instance. The keys will be empty in production mode to avoid performance overhead. 
  at <VNavigationDrawer modelValue=undefined onUpdate:modelValue=fn location="right"  ... > 
  at <MenusTopmenuLayoutNotifications > 
  at <VCol class="notificationsHeader" > 
  at <VDefaultsProvider defaults= {VTabs: Object} > 
  at <VToolbar ref=Ref< Proxy(Object) > class="v-app-bar" style= {top: 0px, zIndex: 1012, transform: translateY(0px), position: fixed, height: undefined}  ... > 
  at <VAppBar id="topnav" > 
  at <MenusHeader drawer=false onToggleDrawer=fn > 
  at <ClientOnly > 
  at <VApp theme="light" class="auto-text" > 
  at <VResponsive class="border rounded" > 
  at <Default ref=Ref< Proxy(Object) > > 
  at <AsyncComponentWrapper ref=Ref< Proxy(Object) > > 
  at <LayoutLoader key="default" layoutProps= {ref: RefImpl} name="default" > 
  at <NuxtLayoutProvider layoutProps= {ref: RefImpl} key="default" name="default"  ... > 
  at <NuxtLayout > 
  at <App key=4 > 
  at <NuxtRoot> @ http://localhost:3001/_nuxt/@fs/home/meebuzo/github/alternate-framework/apps/ecosystem/meeovi-frontend/node_modules/@sentry/core/build/esm/instrument/console.js?v=cfee6d51:42
[   12315ms] [ERROR] Connecting to 'https://o996770.ingest.us.sentry.io/api/5955273/envelope/?sentry_version=7&sentry_key=df1b90fab7c44ce8aef097a63b468d61&sentry_client=sentry.javascript.nuxt%2F10.63.0' violates the following Content Security Policy directive: "connect-src 'self' https://*.mux.com". The action has been blocked. @ http://localhost:3001/_nuxt/@fs/home/meebuzo/github/alternate-framework/apps/ecosystem/meeovi-frontend/node_modules/@sentry/browser/build/npm/esm/dev/transports/fetch.js?v=cfee6d51:31
[   12316ms] [ERROR] Fetch API cannot load https://o996770.ingest.us.sentry.io/api/5955273/envelope/?sentry_version=7&sentry_key=df1b90fab7c44ce8aef097a63b468d61&sentry_client=sentry.javascript.nuxt%2F10.63.0. Refused to connect because it violates the document's Content Security Policy. @ http://localhost:3001/_nuxt/@fs/home/meebuzo/github/alternate-framework/apps/ecosystem/meeovi-frontend/node_modules/@sentry/browser/build/npm/esm/dev/transports/fetch.js?v=cfee6d51:31
[   12327ms] [WARNING] [Vue warn]: Avoid app logic that relies on enumerating keys on a component instance. The keys will be empty in production mode to avoid performance overhead. 
  at <VNavigationDrawer modelValue=undefined onUpdate:modelValue=fn location="right"  ... > 
  at <MenusTopmenuLayoutNotifications > 
  at <VCol class="notificationsHeader" > 
  at <VDefaultsProvider defaults= {VTabs: Object} > 
  at <VToolbar ref=Ref< Proxy(Object) > class="v-app-bar" style= {top: 0px, zIndex: 1012, transform: translateY(0px), position: fixed, height: undefined}  ... > 
  at <VAppBar id="topnav" > 
  at <MenusHeader drawer=false onToggleDrawer=fn > 
  at <ClientOnly > 
  at <VApp theme="light" class="auto-text" > 
  at <VResponsive class="border rounded" > 
  at <Default ref=Ref< Proxy(Object) > > 
  at <AsyncComponentWrapper ref=Ref< Proxy(Object) > > 
  at <LayoutLoader key="default" layoutProps= {ref: RefImpl} name="default" > 
  at <NuxtLayoutProvider layoutProps= {ref: RefImpl} key="default" name="default"  ... > 
  at <NuxtLayout > 
  at <App key=4 > 
  at <NuxtRoot> @ http://localhost:3001/_nuxt/@fs/home/meebuzo/github/alternate-framework/apps/ecosystem/meeovi-frontend/node_modules/@sentry/core/build/esm/instrument/console.js?v=cfee6d51:42
[   12333ms] [WARNING] [Vue warn]: Avoid app logic that relies on enumerating keys on a component instance. The keys will be empty in production mode to avoid performance overhead. 
  at <VNavigationDrawer modelValue=undefined onUpdate:modelValue=fn location="right"  ... > 
  at <MenusTopmenuLayoutNotifications > 
  at <VCol class="notificationsHeader" > 
  at <VDefaultsProvider defaults= {VTabs: Object} > 
  at <VToolbar ref=Ref< Proxy(Object) > class="v-app-bar" style= {top: 0px, zIndex: 1012, transform: translateY(0px), position: fixed, height: undefined}  ... > 
  at <VAppBar id="topnav" > 
  at <MenusHeader drawer=false onToggleDrawer=fn > 
  at <ClientOnly > 
  at <VApp theme="light" class="auto-text" > 
  at <VResponsive class="border rounded" > 
  at <Default ref=Ref< Proxy(Object) > > 
  at <AsyncComponentWrapper ref=Ref< Proxy(Object) > > 
  at <LayoutLoader key="default" layoutProps= {ref: RefImpl} name="default" > 
  at <NuxtLayoutProvider layoutProps= {ref: RefImpl} key="default" name="default"  ... > 
  at <NuxtLayout > 
  at <App key=4 > 
  at <NuxtRoot> @ http://localhost:3001/_nuxt/@fs/home/meebuzo/github/alternate-framework/apps/ecosystem/meeovi-frontend/node_modules/@sentry/core/build/esm/instrument/console.js?v=cfee6d51:42
[   12340ms] [WARNING] [Vue warn]: Avoid app logic that relies on enumerating keys on a component instance. The keys will be empty in production mode to avoid performance overhead. 
  at <VNavigationDrawer modelValue=undefined onUpdate:modelValue=fn location="right"  ... > 
  at <MenusTopmenuLayoutNotifications > 
  at <VCol class="notificationsHeader" > 
  at <VDefaultsProvider defaults= {VTabs: Object} > 
  at <VToolbar ref=Ref< Proxy(Object) > class="v-app-bar" style= {top: 0px, zIndex: 1012, transform: translateY(0px), position: fixed, height: undefined}  ... > 
  at <VAppBar id="topnav" > 
  at <MenusHeader drawer=false onToggleDrawer=fn > 
  at <ClientOnly > 
  at <VApp theme="light" class="auto-text" > 
  at <VResponsive class="border rounded" > 
  at <Default ref=Ref< Proxy(Object) > > 
  at <AsyncComponentWrapper ref=Ref< Proxy(Object) > > 
  at <LayoutLoader key="default" layoutProps= {ref: RefImpl} name="default" > 
  at <NuxtLayoutProvider layoutProps= {ref: RefImpl} key="default" name="default"  ... > 
  at <NuxtLayout > 
  at <App key=4 > 
  at <NuxtRoot> @ http://localhost:3001/_nuxt/@fs/home/meebuzo/github/alternate-framework/apps/ecosystem/meeovi-frontend/node_modules/@sentry/core/build/esm/instrument/console.js?v=cfee6d51:42
[   12345ms] [WARNING] [Vue warn]: Avoid app logic that relies on enumerating keys on a component instance. The keys will be empty in production mode to avoid performance overhead. 
  at <VNavigationDrawer modelValue=undefined onUpdate:modelValue=fn location="right"  ... > 
  at <MenusTopmenuLayoutNotifications > 
  at <VCol class="notificationsHeader" > 
  at <VDefaultsProvider defaults= {VTabs: Object} > 
  at <VToolbar ref=Ref< Proxy(Object) > class="v-app-bar" style= {top: 0px, zIndex: 1012, transform: translateY(0px), position: fixed, height: undefined}  ... > 
  at <VAppBar id="topnav" > 
  at <MenusHeader drawer=false onToggleDrawer=fn > 
  at <ClientOnly > 
  at <VApp theme="light" class="auto-text" > 
  at <VResponsive class="border rounded" > 
  at <Default ref=Ref< Proxy(Object) > > 
  at <AsyncComponentWrapper ref=Ref< Proxy(Object) > > 
  at <LayoutLoader key="default" layoutProps= {ref: RefImpl} name="default" > 
  at <NuxtLayoutProvider layoutProps= {ref: RefImpl} key="default" name="default"  ... > 
  at <NuxtLayout > 
  at <App key=4 > 
  at <NuxtRoot> @ http://localhost:3001/_nuxt/@fs/home/meebuzo/github/alternate-framework/apps/ecosystem/meeovi-frontend/node_modules/@sentry/core/build/esm/instrument/console.js?v=cfee6d51:42
[   12351ms] [WARNING] [Vue warn]: Avoid app logic that relies on enumerating keys on a component instance. The keys will be empty in production mode to avoid performance overhead. 
  at <VNavigationDrawer modelValue=undefined onUpdate:modelValue=fn location="right"  ... > 
  at <MenusTopmenuLayoutNotifications > 
  at <VCol class="notificationsHeader" > 
  at <VDefaultsProvider defaults= {VTabs: Object} > 
  at <VToolbar ref=Ref< Proxy(Object) > class="v-app-bar" style= {top: 0px, zIndex: 1012, transform: translateY(0px), position: fixed, height: undefined}  ... > 
  at <VAppBar id="topnav" > 
  at <MenusHeader drawer=false onToggleDrawer=fn > 
  at <ClientOnly > 
  at <VApp theme="light" class="auto-text" > 
  at <VResponsive class="border rounded" > 
  at <Default ref=Ref< Proxy(Object) > > 
  at <AsyncComponentWrapper ref=Ref< Proxy(Object) > > 
  at <LayoutLoader key="default" layoutProps= {ref: RefImpl} name="default" > 
  at <NuxtLayoutProvider layoutProps= {ref: RefImpl} key="default" name="default"  ... > 
  at <NuxtLayout > 
  at <App key=4 > 
  at <NuxtRoot> @ http://localhost:3001/_nuxt/@fs/home/meebuzo/github/alternate-framework/apps/ecosystem/meeovi-frontend/node_modules/@sentry/core/build/esm/instrument/console.js?v=cfee6d51:42
[   12416ms] [WARNING] [Vue warn]: Avoid app logic that relies on enumerating keys on a component instance. The keys will be empty in production mode to avoid performance overhead. 
  at <VNavigationDrawer modelValue=undefined onUpdate:modelValue=fn location="right"  ... > 
  at <MenusTopmenuLayoutNotifications > 
  at <VCol class="notificationsHeader" > 
  at <VDefaultsProvider defaults= {VTabs: Object} > 
  at <VToolbar ref=Ref< Proxy(Object) > class="v-app-bar" style= {top: 0px, zIndex: 1012, transform: translateY(0px), position: fixed, height: undefined}  ... > 
  at <VAppBar id="topnav" > 
  at <MenusHeader drawer=false onToggleDrawer=fn > 
  at <ClientOnly > 
  at <VApp theme="light" class="auto-text" > 
  at <VResponsive class="border rounded" > 
  at <Default ref=Ref< Proxy(Object) > > 
  at <AsyncComponentWrapper ref=Ref< Proxy(Object) > > 
  at <LayoutLoader key="default" layoutProps= {ref: RefImpl} name="default" > 
  at <NuxtLayoutProvider layoutProps= {ref: RefImpl} key="default" name="default"  ... > 
  at <NuxtLayout > 
  at <App key=4 > 
  at <NuxtRoot> @ http://localhost:3001/_nuxt/@fs/home/meebuzo/github/alternate-framework/apps/ecosystem/meeovi-frontend/node_modules/@sentry/core/build/esm/instrument/console.js?v=cfee6d51:42
[   12421ms] [WARNING] [Vue warn]: Avoid app logic that relies on enumerating keys on a component instance. The keys will be empty in production mode to avoid performance overhead. 
  at <VNavigationDrawer modelValue=undefined onUpdate:modelValue=fn location="right"  ... > 
  at <MenusTopmenuLayoutNotifications > 
  at <VCol class="notificationsHeader" > 
  at <VDefaultsProvider defaults= {VTabs: Object} > 
  at <VToolbar ref=Ref< Proxy(Object) > class="v-app-bar" style= {top: 0px, zIndex: 1012, transform: translateY(0px), position: fixed, height: undefined}  ... > 
  at <VAppBar id="topnav" > 
  at <MenusHeader drawer=false onToggleDrawer=fn > 
  at <ClientOnly > 
  at <VApp theme="light" class="auto-text" > 
  at <VResponsive class="border rounded" > 
  at <Default ref=Ref< Proxy(Object) > > 
  at <AsyncComponentWrapper ref=Ref< Proxy(Object) > > 
  at <LayoutLoader key="default" layoutProps= {ref: RefImpl} name="default" > 
  at <NuxtLayoutProvider layoutProps= {ref: RefImpl} key="default" name="default"  ... > 
  at <NuxtLayout > 
  at <App key=4 > 
  at <NuxtRoot> @ http://localhost:3001/_nuxt/@fs/home/meebuzo/github/alternate-framework/apps/ecosystem/meeovi-frontend/node_modules/@sentry/core/build/esm/instrument/console.js?v=cfee6d51:42
[   12429ms] [WARNING] [Vue warn]: Avoid app logic that relies on enumerating keys on a component instance. The keys will be empty in production mode to avoid performance overhead. 
  at <VNavigationDrawer modelValue=undefined onUpdate:modelValue=fn location="right"  ... > 
  at <MenusTopmenuLayoutNotifications > 
  at <VCol class="notificationsHeader" > 
  at <VDefaultsProvider defaults= {VTabs: Object} > 
  at <VToolbar ref=Ref< Proxy(Object) > class="v-app-bar" style= {top: 0px, zIndex: 1012, transform: translateY(0px), position: fixed, height: undefined}  ... > 
  at <VAppBar id="topnav" > 
  at <MenusHeader drawer=false onToggleDrawer=fn > 
  at <ClientOnly > 
  at <VApp theme="light" class="auto-text" > 
  at <VResponsive class="border rounded" > 
  at <Default ref=Ref< Proxy(Object) > > 
  at <AsyncComponentWrapper ref=Ref< Proxy(Object) > > 
  at <LayoutLoader key="default" layoutProps= {ref: RefImpl} name="default" > 
  at <NuxtLayoutProvider layoutProps= {ref: RefImpl} key="default" name="default"  ... > 
  at <NuxtLayout > 
  at <App key=4 > 
  at <NuxtRoot> @ http://localhost:3001/_nuxt/@fs/home/meebuzo/github/alternate-framework/apps/ecosystem/meeovi-frontend/node_modules/@sentry/core/build/esm/instrument/console.js?v=cfee6d51:42
[   12435ms] [WARNING] [Vue warn]: Avoid app logic that relies on enumerating keys on a component instance. The keys will be empty in production mode to avoid performance overhead. 
  at <VNavigationDrawer modelValue=undefined onUpdate:modelValue=fn location="right"  ... > 
  at <MenusTopmenuLayoutNotifications > 
  at <VCol class="notificationsHeader" > 
  at <VDefaultsProvider defaults= {VTabs: Object} > 
  at <VToolbar ref=Ref< Proxy(Object) > class="v-app-bar" style= {top: 0px, zIndex: 1012, transform: translateY(0px), position: fixed, height: undefined}  ... > 
  at <VAppBar id="topnav" > 
  at <MenusHeader drawer=false onToggleDrawer=fn > 
  at <ClientOnly > 
  at <VApp theme="light" class="auto-text" > 
  at <VResponsive class="border rounded" > 
  at <Default ref=Ref< Proxy(Object) > > 
  at <AsyncComponentWrapper ref=Ref< Proxy(Object) > > 
  at <LayoutLoader key="default" layoutProps= {ref: RefImpl} name="default" > 
  at <NuxtLayoutProvider layoutProps= {ref: RefImpl} key="default" name="default"  ... > 
  at <NuxtLayout > 
  at <App key=4 > 
  at <NuxtRoot> @ http://localhost:3001/_nuxt/@fs/home/meebuzo/github/alternate-framework/apps/ecosystem/meeovi-frontend/node_modules/@sentry/core/build/esm/instrument/console.js?v=cfee6d51:42
[   12440ms] [WARNING] [Vue warn]: Avoid app logic that relies on enumerating keys on a component instance. The keys will be empty in production mode to avoid performance overhead. 
  at <VNavigationDrawer modelValue=undefined onUpdate:modelValue=fn location="right"  ... > 
  at <MenusTopmenuLayoutNotifications > 
  at <VCol class="notificationsHeader" > 
  at <VDefaultsProvider defaults= {VTabs: Object} > 
  at <VToolbar ref=Ref< Proxy(Object) > class="v-app-bar" style= {top: 0px, zIndex: 1012, transform: translateY(0px), position: fixed, height: undefined}  ... > 
  at <VAppBar id="topnav" > 
  at <MenusHeader drawer=false onToggleDrawer=fn > 
  at <ClientOnly > 
  at <VApp theme="light" class="auto-text" > 
  at <VResponsive class="border rounded" > 
  at <Default ref=Ref< Proxy(Object) > > 
  at <AsyncComponentWrapper ref=Ref< Proxy(Object) > > 
  at <LayoutLoader key="default" layoutProps= {ref: RefImpl} name="default" > 
  at <NuxtLayoutProvider layoutProps= {ref: RefImpl} key="default" name="default"  ... > 
  at <NuxtLayout > 
  at <App key=4 > 
  at <NuxtRoot> @ http://localhost:3001/_nuxt/@fs/home/meebuzo/github/alternate-framework/apps/ecosystem/meeovi-frontend/node_modules/@sentry/core/build/esm/instrument/console.js?v=cfee6d51:42
[   12444ms] [WARNING] [Vue warn]: Avoid app logic that relies on enumerating keys on a component instance. The keys will be empty in production mode to avoid performance overhead. 
  at <VNavigationDrawer modelValue=undefined onUpdate:modelValue=fn location="right"  ... > 
  at <MenusTopmenuLayoutNotifications > 
  at <VCol class="notificationsHeader" > 
  at <VDefaultsProvider defaults= {VTabs: Object} > 
  at <VToolbar ref=Ref< Proxy(Object) > class="v-app-bar" style= {top: 0px, zIndex: 1012, transform: translateY(0px), position: fixed, height: undefined}  ... > 
  at <VAppBar id="topnav" > 
  at <MenusHeader drawer=false onToggleDrawer=fn > 
  at <ClientOnly > 
  at <VApp theme="light" class="auto-text" > 
  at <VResponsive class="border rounded" > 
  at <Default ref=Ref< Proxy(Object) > > 
  at <AsyncComponentWrapper ref=Ref< Proxy(Object) > > 
  at <LayoutLoader key="default" layoutProps= {ref: RefImpl} name="default" > 
  at <NuxtLayoutProvider layoutProps= {ref: RefImpl} key="default" name="default"  ... > 
  at <NuxtLayout > 
  at <App key=4 > 
  at <NuxtRoot> @ http://localhost:3001/_nuxt/@fs/home/meebuzo/github/alternate-framework/apps/ecosystem/meeovi-frontend/node_modules/@sentry/core/build/esm/instrument/console.js?v=cfee6d51:42
[   12448ms] [WARNING] [Vue warn]: Avoid app logic that relies on enumerating keys on a component instance. The keys will be empty in production mode to avoid performance overhead. 
  at <VNavigationDrawer modelValue=undefined onUpdate:modelValue=fn location="right"  ... > 
  at <MenusTopmenuLayoutNotifications > 
  at <VCol class="notificationsHeader" > 
  at <VDefaultsProvider defaults= {VTabs: Object} > 
  at <VToolbar ref=Ref< Proxy(Object) > class="v-app-bar" style= {top: 0px, zIndex: 1012, transform: translateY(0px), position: fixed, height: undefined}  ... > 
  at <VAppBar id="topnav" > 
  at <MenusHeader drawer=false onToggleDrawer=fn > 
  at <ClientOnly > 
  at <VApp theme="light" class="auto-text" > 
  at <VResponsive class="border rounded" > 
  at <Default ref=Ref< Proxy(Object) > > 
  at <AsyncComponentWrapper ref=Ref< Proxy(Object) > > 
  at <LayoutLoader key="default" layoutProps= {ref: RefImpl} name="default" > 
  at <NuxtLayoutProvider layoutProps= {ref: RefImpl} key="default" name="default"  ... > 
  at <NuxtLayout > 
  at <App key=4 > 
  at <NuxtRoot> @ http://localhost:3001/_nuxt/@fs/home/meebuzo/github/alternate-framework/apps/ecosystem/meeovi-frontend/node_modules/@sentry/core/build/esm/instrument/console.js?v=cfee6d51:42
[   12453ms] [WARNING] [Vue warn]: Avoid app logic that relies on enumerating keys on a component instance. The keys will be empty in production mode to avoid performance overhead. 
  at <VNavigationDrawer modelValue=undefined onUpdate:modelValue=fn location="right"  ... > 
  at <MenusTopmenuLayoutNotifications > 
  at <VCol class="notificationsHeader" > 
  at <VDefaultsProvider defaults= {VTabs: Object} > 
  at <VToolbar ref=Ref< Proxy(Object) > class="v-app-bar" style= {top: 0px, zIndex: 1012, transform: translateY(0px), position: fixed, height: undefined}  ... > 
  at <VAppBar id="topnav" > 
  at <MenusHeader drawer=false onToggleDrawer=fn > 
  at <ClientOnly > 
  at <VApp theme="light" class="auto-text" > 
  at <VResponsive class="border rounded" > 
  at <Default ref=Ref< Proxy(Object) > > 
  at <AsyncComponentWrapper ref=Ref< Proxy(Object) > > 
  at <LayoutLoader key="default" layoutProps= {ref: RefImpl} name="default" > 
  at <NuxtLayoutProvider layoutProps= {ref: RefImpl} key="default" name="default"  ... > 
  at <NuxtLayout > 
  at <App key=4 > 
  at <NuxtRoot> @ http://localhost:3001/_nuxt/@fs/home/meebuzo/github/alternate-framework/apps/ecosystem/meeovi-frontend/node_modules/@sentry/core/build/esm/instrument/console.js?v=cfee6d51:42
[   12458ms] [WARNING] [Vue warn]: Avoid app logic that relies on enumerating keys on a component instance. The keys will be empty in production mode to avoid performance overhead. 
  at <VNavigationDrawer modelValue=undefined onUpdate:modelValue=fn location="right"  ... > 
  at <MenusTopmenuLayoutNotifications > 
  at <VCol class="notificationsHeader" > 
  at <VDefaultsProvider defaults= {VTabs: Object} > 
  at <VToolbar ref=Ref< Proxy(Object) > class="v-app-bar" style= {top: 0px, zIndex: 1012, transform: translateY(0px), position: fixed, height: undefined}  ... > 
  at <VAppBar id="topnav" > 
  at <MenusHeader drawer=false onToggleDrawer=fn > 
  at <ClientOnly > 
  at <VApp theme="light" class="auto-text" > 
  at <VResponsive class="border rounded" > 
  at <Default ref=Ref< Proxy(Object) > > 
  at <AsyncComponentWrapper ref=Ref< Proxy(Object) > > 
  at <LayoutLoader key="default" layoutProps= {ref: RefImpl} name="default" > 
  at <NuxtLayoutProvider layoutProps= {ref: RefImpl} key="default" name="default"  ... > 
  at <NuxtLayout > 
  at <App key=4 > 
  at <NuxtRoot> @ http://localhost:3001/_nuxt/@fs/home/meebuzo/github/alternate-framework/apps/ecosystem/meeovi-frontend/node_modules/@sentry/core/build/esm/instrument/console.js?v=cfee6d51:42
[   12461ms] [ERROR] Connecting to 'https://o996770.ingest.us.sentry.io/api/5955273/envelope/?sentry_version=7&sentry_key=df1b90fab7c44ce8aef097a63b468d61&sentry_client=sentry.javascript.nuxt%2F10.63.0' violates the following Content Security Policy directive: "connect-src 'self' https://*.mux.com". The action has been blocked. @ http://localhost:3001/_nuxt/@fs/home/meebuzo/github/alternate-framework/apps/ecosystem/meeovi-frontend/node_modules/@sentry/browser/build/npm/esm/dev/transports/fetch.js?v=cfee6d51:31
[   12461ms] [ERROR] Fetch API cannot load https://o996770.ingest.us.sentry.io/api/5955273/envelope/?sentry_version=7&sentry_key=df1b90fab7c44ce8aef097a63b468d61&sentry_client=sentry.javascript.nuxt%2F10.63.0. Refused to connect because it violates the document's Content Security Policy. @ http://localhost:3001/_nuxt/@fs/home/meebuzo/github/alternate-framework/apps/ecosystem/meeovi-frontend/node_modules/@sentry/browser/build/npm/esm/dev/transports/fetch.js?v=cfee6d51:31
[   12467ms] [WARNING] [Vue warn]: Avoid app logic that relies on enumerating keys on a component instance. The keys will be empty in production mode to avoid performance overhead. 
  at <VNavigationDrawer modelValue=undefined onUpdate:modelValue=fn location="right"  ... > 
  at <MenusTopmenuLayoutNotifications > 
  at <VCol class="notificationsHeader" > 
  at <VDefaultsProvider defaults= {VTabs: Object} > 
  at <VToolbar ref=Ref< Proxy(Object) > class="v-app-bar" style= {top: 0px, zIndex: 1012, transform: translateY(0px), position: fixed, height: undefined}  ... > 
  at <VAppBar id="topnav" > 
  at <MenusHeader drawer=false onToggleDrawer=fn > 
  at <ClientOnly > 
  at <VApp theme="light" class="auto-text" > 
  at <VResponsive class="border rounded" > 
  at <Default ref=Ref< Proxy(Object) > > 
  at <AsyncComponentWrapper ref=Ref< Proxy(Object) > > 
  at <LayoutLoader key="default" layoutProps= {ref: RefImpl} name="default" > 
  at <NuxtLayoutProvider layoutProps= {ref: RefImpl} key="default" name="default"  ... > 
  at <NuxtLayout > 
  at <App key=4 > 
  at <NuxtRoot> @ http://localhost:3001/_nuxt/@fs/home/meebuzo/github/alternate-framework/apps/ecosystem/meeovi-frontend/node_modules/@sentry/core/build/esm/instrument/console.js?v=cfee6d51:42
[   12472ms] [WARNING] [Vue warn]: Avoid app logic that relies on enumerating keys on a component instance. The keys will be empty in production mode to avoid performance overhead. 
  at <VNavigationDrawer modelValue=undefined onUpdate:modelValue=fn location="right"  ... > 
  at <MenusTopmenuLayoutNotifications > 
  at <VCol class="notificationsHeader" > 
  at <VDefaultsProvider defaults= {VTabs: Object} > 
  at <VToolbar ref=Ref< Proxy(Object) > class="v-app-bar" style= {top: 0px, zIndex: 1012, transform: translateY(0px), position: fixed, height: undefined}  ... > 
  at <VAppBar id="topnav" > 
  at <MenusHeader drawer=false onToggleDrawer=fn > 
  at <ClientOnly > 
  at <VApp theme="light" class="auto-text" > 
  at <VResponsive class="border rounded" > 
  at <Default ref=Ref< Proxy(Object) > > 
  at <AsyncComponentWrapper ref=Ref< Proxy(Object) > > 
  at <LayoutLoader key="default" layoutProps= {ref: RefImpl} name="default" > 
  at <NuxtLayoutProvider layoutProps= {ref: RefImpl} key="default" name="default"  ... > 
  at <NuxtLayout > 
  at <App key=4 > 
  at <NuxtRoot> @ http://localhost:3001/_nuxt/@fs/home/meebuzo/github/alternate-framework/apps/ecosystem/meeovi-frontend/node_modules/@sentry/core/build/esm/instrument/console.js?v=cfee6d51:42
[   12476ms] [WARNING] [Vue warn]: Avoid app logic that relies on enumerating keys on a component instance. The keys will be empty in production mode to avoid performance overhead. 
  at <VNavigationDrawer modelValue=undefined onUpdate:modelValue=fn location="right"  ... > 
  at <MenusTopmenuLayoutNotifications > 
  at <VCol class="notificationsHeader" > 
  at <VDefaultsProvider defaults= {VTabs: Object} > 
  at <VToolbar ref=Ref< Proxy(Object) > class="v-app-bar" style= {top: 0px, zIndex: 1012, transform: translateY(0px), position: fixed, height: undefined}  ... > 
  at <VAppBar id="topnav" > 
  at <MenusHeader drawer=false onToggleDrawer=fn > 
  at <ClientOnly > 
  at <VApp theme="light" class="auto-text" > 
  at <VResponsive class="border rounded" > 
  at <Default ref=Ref< Proxy(Object) > > 
  at <AsyncComponentWrapper ref=Ref< Proxy(Object) > > 
  at <LayoutLoader key="default" layoutProps= {ref: RefImpl} name="default" > 
  at <NuxtLayoutProvider layoutProps= {ref: RefImpl} key="default" name="default"  ... > 
  at <NuxtLayout > 
  at <App key=4 > 
  at <NuxtRoot> @ http://localhost:3001/_nuxt/@fs/home/meebuzo/github/alternate-framework/apps/ecosystem/meeovi-frontend/node_modules/@sentry/core/build/esm/instrument/console.js?v=cfee6d51:42
[   12482ms] [WARNING] [Vue warn]: Avoid app logic that relies on enumerating keys on a component instance. The keys will be empty in production mode to avoid performance overhead. 
  at <VNavigationDrawer modelValue=undefined onUpdate:modelValue=fn location="right"  ... > 
  at <MenusTopmenuLayoutNotifications > 
  at <VCol class="notificationsHeader" > 
  at <VDefaultsProvider defaults= {VTabs: Object} > 
  at <VToolbar ref=Ref< Proxy(Object) > class="v-app-bar" style= {top: 0px, zIndex: 1012, transform: translateY(0px), position: fixed, height: undefined}  ... > 
  at <VAppBar id="topnav" > 
  at <MenusHeader drawer=false onToggleDrawer=fn > 
  at <ClientOnly > 
  at <VApp theme="light" class="auto-text" > 
  at <VResponsive class="border rounded" > 
  at <Default ref=Ref< Proxy(Object) > > 
  at <AsyncComponentWrapper ref=Ref< Proxy(Object) > > 
  at <LayoutLoader key="default" layoutProps= {ref: RefImpl} name="default" > 
  at <NuxtLayoutProvider layoutProps= {ref: RefImpl} key="default" name="default"  ... > 
  at <NuxtLayout > 
  at <App key=4 > 
  at <NuxtRoot> @ http://localhost:3001/_nuxt/@fs/home/meebuzo/github/alternate-framework/apps/ecosystem/meeovi-frontend/node_modules/@sentry/core/build/esm/instrument/console.js?v=cfee6d51:42
[   12491ms] [WARNING] [Vue warn]: Avoid app logic that relies on enumerating keys on a component instance. The keys will be empty in production mode to avoid performance overhead. 
  at <VNavigationDrawer modelValue=undefined onUpdate:modelValue=fn location="right"  ... > 
  at <MenusTopmenuLayoutNotifications > 
  at <VCol class="notificationsHeader" > 
  at <VDefaultsProvider defaults= {VTabs: Object} > 
  at <VToolbar ref=Ref< Proxy(Object) > class="v-app-bar" style= {top: 0px, zIndex: 1012, transform: translateY(0px), position: fixed, height: undefined}  ... > 
  at <VAppBar id="topnav" > 
  at <MenusHeader drawer=false onToggleDrawer=fn > 
  at <ClientOnly > 
  at <VApp theme="light" class="auto-text" > 
  at <VResponsive class="border rounded" > 
  at <Default ref=Ref< Proxy(Object) > > 
  at <AsyncComponentWrapper ref=Ref< Proxy(Object) > > 
  at <LayoutLoader key="default" layoutProps= {ref: RefImpl} name="default" > 
  at <NuxtLayoutProvider layoutProps= {ref: RefImpl} key="default" name="default"  ... > 
  at <NuxtLayout > 
  at <App key=4 > 
  at <NuxtRoot> @ http://localhost:3001/_nuxt/@fs/home/meebuzo/github/alternate-framework/apps/ecosystem/meeovi-frontend/node_modules/@sentry/core/build/esm/instrument/console.js?v=cfee6d51:42
[   12494ms] [WARNING] [Vue warn]: Avoid app logic that relies on enumerating keys on a component instance. The keys will be empty in production mode to avoid performance overhead. 
  at <VNavigationDrawer modelValue=undefined onUpdate:modelValue=fn location="right"  ... > 
  at <MenusTopmenuLayoutNotifications > 
  at <VCol class="notificationsHeader" > 
  at <VDefaultsProvider defaults= {VTabs: Object} > 
  at <VToolbar ref=Ref< Proxy(Object) > class="v-app-bar" style= {top: 0px, zIndex: 1012, transform: translateY(0px), position: fixed, height: undefined}  ... > 
  at <VAppBar id="topnav" > 
  at <MenusHeader drawer=false onToggleDrawer=fn > 
  at <ClientOnly > 
  at <VApp theme="light" class="auto-text" > 
  at <VResponsive class="border rounded" > 
  at <Default ref=Ref< Proxy(Object) > > 
  at <AsyncComponentWrapper ref=Ref< Proxy(Object) > > 
  at <LayoutLoader key="default" layoutProps= {ref: RefImpl} name="default" > 
  at <NuxtLayoutProvider layoutProps= {ref: RefImpl} key="default" name="default"  ... > 
  at <NuxtLayout > 
  at <App key=4 > 
  at <NuxtRoot> @ http://localhost:3001/_nuxt/@fs/home/meebuzo/github/alternate-framework/apps/ecosystem/meeovi-frontend/node_modules/@sentry/core/build/esm/instrument/console.js?v=cfee6d51:42
[   12500ms] [WARNING] [Vue warn]: Avoid app logic that relies on enumerating keys on a component instance. The keys will be empty in production mode to avoid performance overhead. 
  at <VNavigationDrawer modelValue=undefined onUpdate:modelValue=fn location="right"  ... > 
  at <MenusTopmenuLayoutNotifications > 
  at <VCol class="notificationsHeader" > 
  at <VDefaultsProvider defaults= {VTabs: Object} > 
  at <VToolbar ref=Ref< Proxy(Object) > class="v-app-bar" style= {top: 0px, zIndex: 1012, transform: translateY(0px), position: fixed, height: undefined}  ... > 
  at <VAppBar id="topnav" > 
  at <MenusHeader drawer=false onToggleDrawer=fn > 
  at <ClientOnly > 
  at <VApp theme="light" class="auto-text" > 
  at <VResponsive class="border rounded" > 
  at <Default ref=Ref< Proxy(Object) > > 
  at <AsyncComponentWrapper ref=Ref< Proxy(Object) > > 
  at <LayoutLoader key="default" layoutProps= {ref: RefImpl} name="default" > 
  at <NuxtLayoutProvider layoutProps= {ref: RefImpl} key="default" name="default"  ... > 
  at <NuxtLayout > 
  at <App key=4 > 
  at <NuxtRoot> @ http://localhost:3001/_nuxt/@fs/home/meebuzo/github/alternate-framework/apps/ecosystem/meeovi-frontend/node_modules/@sentry/core/build/esm/instrument/console.js?v=cfee6d51:42
[   12505ms] [WARNING] [Vue warn]: Avoid app logic that relies on enumerating keys on a component instance. The keys will be empty in production mode to avoid performance overhead. 
  at <VNavigationDrawer modelValue=undefined onUpdate:modelValue=fn location="right"  ... > 
  at <MenusTopmenuLayoutNotifications > 
  at <VCol class="notificationsHeader" > 
  at <VDefaultsProvider defaults= {VTabs: Object} > 
  at <VToolbar ref=Ref< Proxy(Object) > class="v-app-bar" style= {top: 0px, zIndex: 1012, transform: translateY(0px), position: fixed, height: undefined}  ... > 
  at <VAppBar id="topnav" > 
  at <MenusHeader drawer=false onToggleDrawer=fn > 
  at <ClientOnly > 
  at <VApp theme="light" class="auto-text" > 
  at <VResponsive class="border rounded" > 
  at <Default ref=Ref< Proxy(Object) > > 
  at <AsyncComponentWrapper ref=Ref< Proxy(Object) > > 
  at <LayoutLoader key="default" layoutProps= {ref: RefImpl} name="default" > 
  at <NuxtLayoutProvider layoutProps= {ref: RefImpl} key="default" name="default"  ... > 
  at <NuxtLayout > 
  at <App key=4 > 
  at <NuxtRoot> @ http://localhost:3001/_nuxt/@fs/home/meebuzo/github/alternate-framework/apps/ecosystem/meeovi-frontend/node_modules/@sentry/core/build/esm/instrument/console.js?v=cfee6d51:42
[   12511ms] [WARNING] [Vue warn]: Avoid app logic that relies on enumerating keys on a component instance. The keys will be empty in production mode to avoid performance overhead. 
  at <VNavigationDrawer modelValue=undefined onUpdate:modelValue=fn location="right"  ... > 
  at <MenusTopmenuLayoutNotifications > 
  at <VCol class="notificationsHeader" > 
  at <VDefaultsProvider defaults= {VTabs: Object} > 
  at <VToolbar ref=Ref< Proxy(Object) > class="v-app-bar" style= {top: 0px, zIndex: 1012, transform: translateY(0px), position: fixed, height: undefined}  ... > 
  at <VAppBar id="topnav" > 
  at <MenusHeader drawer=false onToggleDrawer=fn > 
  at <ClientOnly > 
  at <VApp theme="light" class="auto-text" > 
  at <VResponsive class="border rounded" > 
  at <Default ref=Ref< Proxy(Object) > > 
  at <AsyncComponentWrapper ref=Ref< Proxy(Object) > > 
  at <LayoutLoader key="default" layoutProps= {ref: RefImpl} name="default" > 
  at <NuxtLayoutProvider layoutProps= {ref: RefImpl} key="default" name="default"  ... > 
  at <NuxtLayout > 
  at <App key=4 > 
  at <NuxtRoot> @ http://localhost:3001/_nuxt/@fs/home/meebuzo/github/alternate-framework/apps/ecosystem/meeovi-frontend/node_modules/@sentry/core/build/esm/instrument/console.js?v=cfee6d51:42
[   12514ms] [WARNING] [Vue warn]: Avoid app logic that relies on enumerating keys on a component instance. The keys will be empty in production mode to avoid performance overhead. 
  at <VNavigationDrawer modelValue=undefined onUpdate:modelValue=fn location="right"  ... > 
  at <MenusTopmenuLayoutNotifications > 
  at <VCol class="notificationsHeader" > 
  at <VDefaultsProvider defaults= {VTabs: Object} > 
  at <VToolbar ref=Ref< Proxy(Object) > class="v-app-bar" style= {top: 0px, zIndex: 1012, transform: translateY(0px), position: fixed, height: undefined}  ... > 
  at <VAppBar id="topnav" > 
  at <MenusHeader drawer=false onToggleDrawer=fn > 
  at <ClientOnly > 
  at <VApp theme="light" class="auto-text" > 
  at <VResponsive class="border rounded" > 
  at <Default ref=Ref< Proxy(Object) > > 
  at <AsyncComponentWrapper ref=Ref< Proxy(Object) > > 
  at <LayoutLoader key="default" layoutProps= {ref: RefImpl} name="default" > 
  at <NuxtLayoutProvider layoutProps= {ref: RefImpl} key="default" name="default"  ... > 
  at <NuxtLayout > 
  at <App key=4 > 
  at <NuxtRoot> @ http://localhost:3001/_nuxt/@fs/home/meebuzo/github/alternate-framework/apps/ecosystem/meeovi-frontend/node_modules/@sentry/core/build/esm/instrument/console.js?v=cfee6d51:42
[   12522ms] [WARNING] [Vue warn]: Avoid app logic that relies on enumerating keys on a component instance. The keys will be empty in production mode to avoid performance overhead. 
  at <VNavigationDrawer modelValue=undefined onUpdate:modelValue=fn location="right"  ... > 
  at <MenusTopmenuLayoutNotifications > 
  at <VCol class="notificationsHeader" > 
  at <VDefaultsProvider defaults= {VTabs: Object} > 
  at <VToolbar ref=Ref< Proxy(Object) > class="v-app-bar" style= {top: 0px, zIndex: 1012, transform: translateY(0px), position: fixed, height: undefined}  ... > 
  at <VAppBar id="topnav" > 
  at <MenusHeader drawer=false onToggleDrawer=fn > 
  at <ClientOnly > 
  at <VApp theme="light" class="auto-text" > 
  at <VResponsive class="border rounded" > 
  at <Default ref=Ref< Proxy(Object) > > 
  at <AsyncComponentWrapper ref=Ref< Proxy(Object) > > 
  at <LayoutLoader key="default" layoutProps= {ref: RefImpl} name="default" > 
  at <NuxtLayoutProvider layoutProps= {ref: RefImpl} key="default" name="default"  ... > 
  at <NuxtLayout > 
  at <App key=4 > 
  at <NuxtRoot> @ http://localhost:3001/_nuxt/@fs/home/meebuzo/github/alternate-framework/apps/ecosystem/meeovi-frontend/node_modules/@sentry/core/build/esm/instrument/console.js?v=cfee6d51:42
[   12533ms] [WARNING] [Vue warn]: Avoid app logic that relies on enumerating keys on a component instance. The keys will be empty in production mode to avoid performance overhead. 
  at <VNavigationDrawer modelValue=undefined onUpdate:modelValue=fn location="right"  ... > 
  at <MenusTopmenuLayoutNotifications > 
  at <VCol class="notificationsHeader" > 
  at <VDefaultsProvider defaults= {VTabs: Object} > 
  at <VToolbar ref=Ref< Proxy(Object) > class="v-app-bar" style= {top: 0px, zIndex: 1012, transform: translateY(0px), position: fixed, height: undefined}  ... > 
  at <VAppBar id="topnav" > 
  at <MenusHeader drawer=false onToggleDrawer=fn > 
  at <ClientOnly > 
  at <VApp theme="light" class="auto-text" > 
  at <VResponsive class="border rounded" > 
  at <Default ref=Ref< Proxy(Object) > > 
  at <AsyncComponentWrapper ref=Ref< Proxy(Object) > > 
  at <LayoutLoader key="default" layoutProps= {ref: RefImpl} name="default" > 
  at <NuxtLayoutProvider layoutProps= {ref: RefImpl} key="default" name="default"  ... > 
  at <NuxtLayout > 
  at <App key=4 > 
  at <NuxtRoot> @ http://localhost:3001/_nuxt/@fs/home/meebuzo/github/alternate-framework/apps/ecosystem/meeovi-frontend/node_modules/@sentry/core/build/esm/instrument/console.js?v=cfee6d51:42
[   12542ms] [WARNING] [Vue warn]: Avoid app logic that relies on enumerating keys on a component instance. The keys will be empty in production mode to avoid performance overhead. 
  at <VNavigationDrawer modelValue=undefined onUpdate:modelValue=fn location="right"  ... > 
  at <MenusTopmenuLayoutNotifications > 
  at <VCol class="notificationsHeader" > 
  at <VDefaultsProvider defaults= {VTabs: Object} > 
  at <VToolbar ref=Ref< Proxy(Object) > class="v-app-bar" style= {top: 0px, zIndex: 1012, transform: translateY(0px), position: fixed, height: undefined}  ... > 
  at <VAppBar id="topnav" > 
  at <MenusHeader drawer=false onToggleDrawer=fn > 
  at <ClientOnly > 
  at <VApp theme="light" class="auto-text" > 
  at <VResponsive class="border rounded" > 
  at <Default ref=Ref< Proxy(Object) > > 
  at <AsyncComponentWrapper ref=Ref< Proxy(Object) > > 
  at <LayoutLoader key="default" layoutProps= {ref: RefImpl} name="default" > 
  at <NuxtLayoutProvider layoutProps= {ref: RefImpl} key="default" name="default"  ... > 
  at <NuxtLayout > 
  at <App key=4 > 
  at <NuxtRoot> @ http://localhost:3001/_nuxt/@fs/home/meebuzo/github/alternate-framework/apps/ecosystem/meeovi-frontend/node_modules/@sentry/core/build/esm/instrument/console.js?v=cfee6d51:42
[   12552ms] [WARNING] [Vue warn]: Avoid app logic that relies on enumerating keys on a component instance. The keys will be empty in production mode to avoid performance overhead. 
  at <VNavigationDrawer modelValue=undefined onUpdate:modelValue=fn location="right"  ... > 
  at <MenusTopmenuLayoutNotifications > 
  at <VCol class="notificationsHeader" > 
  at <VDefaultsProvider defaults= {VTabs: Object} > 
  at <VToolbar ref=Ref< Proxy(Object) > class="v-app-bar" style= {top: 0px, zIndex: 1012, transform: translateY(0px), position: fixed, height: undefined}  ... > 
  at <VAppBar id="topnav" > 
  at <MenusHeader drawer=false onToggleDrawer=fn > 
  at <ClientOnly > 
  at <VApp theme="light" class="auto-text" > 
  at <VResponsive class="border rounded" > 
  at <Default ref=Ref< Proxy(Object) > > 
  at <AsyncComponentWrapper ref=Ref< Proxy(Object) > > 
  at <LayoutLoader key="default" layoutProps= {ref: RefImpl} name="default" > 
  at <NuxtLayoutProvider layoutProps= {ref: RefImpl} key="default" name="default"  ... > 
  at <NuxtLayout > 
  at <App key=4 > 
  at <NuxtRoot> @ http://localhost:3001/_nuxt/@fs/home/meebuzo/github/alternate-framework/apps/ecosystem/meeovi-frontend/node_modules/@sentry/core/build/esm/instrument/console.js?v=cfee6d51:42
[   12560ms] [WARNING] [Vue warn]: Avoid app logic that relies on enumerating keys on a component instance. The keys will be empty in production mode to avoid performance overhead. 
  at <VNavigationDrawer modelValue=undefined onUpdate:modelValue=fn location="right"  ... > 
  at <MenusTopmenuLayoutNotifications > 
  at <VCol class="notificationsHeader" > 
  at <VDefaultsProvider defaults= {VTabs: Object} > 
  at <VToolbar ref=Ref< Proxy(Object) > class="v-app-bar" style= {top: 0px, zIndex: 1012, transform: translateY(0px), position: fixed, height: undefined}  ... > 
  at <VAppBar id="topnav" > 
  at <MenusHeader drawer=false onToggleDrawer=fn > 
  at <ClientOnly > 
  at <VApp theme="light" class="auto-text" > 
  at <VResponsive class="border rounded" > 
  at <Default ref=Ref< Proxy(Object) > > 
  at <AsyncComponentWrapper ref=Ref< Proxy(Object) > > 
  at <LayoutLoader key="default" layoutProps= {ref: RefImpl} name="default" > 
  at <NuxtLayoutProvider layoutProps= {ref: RefImpl} key="default" name="default"  ... > 
  at <NuxtLayout > 
  at <App key=4 > 
  at <NuxtRoot> @ http://localhost:3001/_nuxt/@fs/home/meebuzo/github/alternate-framework/apps/ecosystem/meeovi-frontend/node_modules/@sentry/core/build/esm/instrument/console.js?v=cfee6d51:42
[   12571ms] [WARNING] [Vue warn]: Avoid app logic that relies on enumerating keys on a component instance. The keys will be empty in production mode to avoid performance overhead. 
  at <VNavigationDrawer modelValue=undefined onUpdate:modelValue=fn location="right"  ... > 
  at <MenusTopmenuLayoutNotifications > 
  at <VCol class="notificationsHeader" > 
  at <VDefaultsProvider defaults= {VTabs: Object} > 
  at <VToolbar ref=Ref< Proxy(Object) > class="v-app-bar" style= {top: 0px, zIndex: 1012, transform: translateY(0px), position: fixed, height: undefined}  ... > 
  at <VAppBar id="topnav" > 
  at <MenusHeader drawer=false onToggleDrawer=fn > 
  at <ClientOnly > 
  at <VApp theme="light" class="auto-text" > 
  at <VResponsive class="border rounded" > 
  at <Default ref=Ref< Proxy(Object) > > 
  at <AsyncComponentWrapper ref=Ref< Proxy(Object) > > 
  at <LayoutLoader key="default" layoutProps= {ref: RefImpl} name="default" > 
  at <NuxtLayoutProvider layoutProps= {ref: RefImpl} key="default" name="default"  ... > 
  at <NuxtLayout > 
  at <App key=4 > 
  at <NuxtRoot> @ http://localhost:3001/_nuxt/@fs/home/meebuzo/github/alternate-framework/apps/ecosystem/meeovi-frontend/node_modules/@sentry/core/build/esm/instrument/console.js?v=cfee6d51:42
[   12580ms] [WARNING] [Vue warn]: Avoid app logic that relies on enumerating keys on a component instance. The keys will be empty in production mode to avoid performance overhead. 
  at <VNavigationDrawer modelValue=undefined onUpdate:modelValue=fn location="right"  ... > 
  at <MenusTopmenuLayoutNotifications > 
  at <VCol class="notificationsHeader" > 
  at <VDefaultsProvider defaults= {VTabs: Object} > 
  at <VToolbar ref=Ref< Proxy(Object) > class="v-app-bar" style= {top: 0px, zIndex: 1012, transform: translateY(0px), position: fixed, height: undefined}  ... > 
  at <VAppBar id="topnav" > 
  at <MenusHeader drawer=false onToggleDrawer=fn > 
  at <ClientOnly > 
  at <VApp theme="light" class="auto-text" > 
  at <VResponsive class="border rounded" > 
  at <Default ref=Ref< Proxy(Object) > > 
  at <AsyncComponentWrapper ref=Ref< Proxy(Object) > > 
  at <LayoutLoader key="default" layoutProps= {ref: RefImpl} name="default" > 
  at <NuxtLayoutProvider layoutProps= {ref: RefImpl} key="default" name="default"  ... > 
  at <NuxtLayout > 
  at <App key=4 > 
  at <NuxtRoot> @ http://localhost:3001/_nuxt/@fs/home/meebuzo/github/alternate-framework/apps/ecosystem/meeovi-frontend/node_modules/@sentry/core/build/esm/instrument/console.js?v=cfee6d51:42
[   12584ms] [WARNING] [Vue warn]: Avoid app logic that relies on enumerating keys on a component instance. The keys will be empty in production mode to avoid performance overhead. 
  at <VNavigationDrawer modelValue=undefined onUpdate:modelValue=fn location="right"  ... > 
  at <MenusTopmenuLayoutNotifications > 
  at <VCol class="notificationsHeader" > 
  at <VDefaultsProvider defaults= {VTabs: Object} > 
  at <VToolbar ref=Ref< Proxy(Object) > class="v-app-bar" style= {top: 0px, zIndex: 1012, transform: translateY(0px), position: fixed, height: undefined}  ... > 
  at <VAppBar id="topnav" > 
  at <MenusHeader drawer=false onToggleDrawer=fn > 
  at <ClientOnly > 
  at <VApp theme="light" class="auto-text" > 
  at <VResponsive class="border rounded" > 
  at <Default ref=Ref< Proxy(Object) > > 
  at <AsyncComponentWrapper ref=Ref< Proxy(Object) > > 
  at <LayoutLoader key="default" layoutProps= {ref: RefImpl} name="default" > 
  at <NuxtLayoutProvider layoutProps= {ref: RefImpl} key="default" name="default"  ... > 
  at <NuxtLayout > 
  at <App key=4 > 
  at <NuxtRoot> @ http://localhost:3001/_nuxt/@fs/home/meebuzo/github/alternate-framework/apps/ecosystem/meeovi-frontend/node_modules/@sentry/core/build/esm/instrument/console.js?v=cfee6d51:42
[   12590ms] [WARNING] [Vue warn]: Avoid app logic that relies on enumerating keys on a component instance. The keys will be empty in production mode to avoid performance overhead. 
  at <VNavigationDrawer modelValue=undefined onUpdate:modelValue=fn location="right"  ... > 
  at <MenusTopmenuLayoutNotifications > 
  at <VCol class="notificationsHeader" > 
  at <VDefaultsProvider defaults= {VTabs: Object} > 
  at <VToolbar ref=Ref< Proxy(Object) > class="v-app-bar" style= {top: 0px, zIndex: 1012, transform: translateY(0px), position: fixed, height: undefined}  ... > 
  at <VAppBar id="topnav" > 
  at <MenusHeader drawer=false onToggleDrawer=fn > 
  at <ClientOnly > 
  at <VApp theme="light" class="auto-text" > 
  at <VResponsive class="border rounded" > 
  at <Default ref=Ref< Proxy(Object) > > 
  at <AsyncComponentWrapper ref=Ref< Proxy(Object) > > 
  at <LayoutLoader key="default" layoutProps= {ref: RefImpl} name="default" > 
  at <NuxtLayoutProvider layoutProps= {ref: RefImpl} key="default" name="default"  ... > 
  at <NuxtLayout > 
  at <App key=4 > 
  at <NuxtRoot> @ http://localhost:3001/_nuxt/@fs/home/meebuzo/github/alternate-framework/apps/ecosystem/meeovi-frontend/node_modules/@sentry/core/build/esm/instrument/console.js?v=cfee6d51:42
[   12594ms] [WARNING] [Vue warn]: Avoid app logic that relies on enumerating keys on a component instance. The keys will be empty in production mode to avoid performance overhead. 
  at <VNavigationDrawer modelValue=undefined onUpdate:modelValue=fn location="right"  ... > 
  at <MenusTopmenuLayoutNotifications > 
  at <VCol class="notificationsHeader" > 
  at <VDefaultsProvider defaults= {VTabs: Object} > 
  at <VToolbar ref=Ref< Proxy(Object) > class="v-app-bar" style= {top: 0px, zIndex: 1012, transform: translateY(0px), position: fixed, height: undefined}  ... > 
  at <VAppBar id="topnav" > 
  at <MenusHeader drawer=false onToggleDrawer=fn > 
  at <ClientOnly > 
  at <VApp theme="light" class="auto-text" > 
  at <VResponsive class="border rounded" > 
  at <Default ref=Ref< Proxy(Object) > > 
  at <AsyncComponentWrapper ref=Ref< Proxy(Object) > > 
  at <LayoutLoader key="default" layoutProps= {ref: RefImpl} name="default" > 
  at <NuxtLayoutProvider layoutProps= {ref: RefImpl} key="default" name="default"  ... > 
  at <NuxtLayout > 
  at <App key=4 > 
  at <NuxtRoot> @ http://localhost:3001/_nuxt/@fs/home/meebuzo/github/alternate-framework/apps/ecosystem/meeovi-frontend/node_modules/@sentry/core/build/esm/instrument/console.js?v=cfee6d51:42
[   12598ms] [WARNING] [Vue warn]: Avoid app logic that relies on enumerating keys on a component instance. The keys will be empty in production mode to avoid performance overhead. 
  at <VNavigationDrawer modelValue=undefined onUpdate:modelValue=fn location="right"  ... > 
  at <MenusTopmenuLayoutNotifications > 
  at <VCol class="notificationsHeader" > 
  at <VDefaultsProvider defaults= {VTabs: Object} > 
  at <VToolbar ref=Ref< Proxy(Object) > class="v-app-bar" style= {top: 0px, zIndex: 1012, transform: translateY(0px), position: fixed, height: undefined}  ... > 
  at <VAppBar id="topnav" > 
  at <MenusHeader drawer=false onToggleDrawer=fn > 
  at <ClientOnly > 
  at <VApp theme="light" class="auto-text" > 
  at <VResponsive class="border rounded" > 
  at <Default ref=Ref< Proxy(Object) > > 
  at <AsyncComponentWrapper ref=Ref< Proxy(Object) > > 
  at <LayoutLoader key="default" layoutProps= {ref: RefImpl} name="default" > 
  at <NuxtLayoutProvider layoutProps= {ref: RefImpl} key="default" name="default"  ... > 
  at <NuxtLayout > 
  at <App key=4 > 
  at <NuxtRoot> @ http://localhost:3001/_nuxt/@fs/home/meebuzo/github/alternate-framework/apps/ecosystem/meeovi-frontend/node_modules/@sentry/core/build/esm/instrument/console.js?v=cfee6d51:42
[   12602ms] [WARNING] [Vue warn]: Avoid app logic that relies on enumerating keys on a component instance. The keys will be empty in production mode to avoid performance overhead. 
  at <VNavigationDrawer modelValue=undefined onUpdate:modelValue=fn location="right"  ... > 
  at <MenusTopmenuLayoutNotifications > 
  at <VCol class="notificationsHeader" > 
  at <VDefaultsProvider defaults= {VTabs: Object} > 
  at <VToolbar ref=Ref< Proxy(Object) > class="v-app-bar" style= {top: 0px, zIndex: 1012, transform: translateY(0px), position: fixed, height: undefined}  ... > 
  at <VAppBar id="topnav" > 
  at <MenusHeader drawer=false onToggleDrawer=fn > 
  at <ClientOnly > 
  at <VApp theme="light" class="auto-text" > 
  at <VResponsive class="border rounded" > 
  at <Default ref=Ref< Proxy(Object) > > 
  at <AsyncComponentWrapper ref=Ref< Proxy(Object) > > 
  at <LayoutLoader key="default" layoutProps= {ref: RefImpl} name="default" > 
  at <NuxtLayoutProvider layoutProps= {ref: RefImpl} key="default" name="default"  ... > 
  at <NuxtLayout > 
  at <App key=4 > 
  at <NuxtRoot> @ http://localhost:3001/_nuxt/@fs/home/meebuzo/github/alternate-framework/apps/ecosystem/meeovi-frontend/node_modules/@sentry/core/build/esm/instrument/console.js?v=cfee6d51:42
[   12606ms] [WARNING] [Vue warn]: Avoid app logic that relies on enumerating keys on a component instance. The keys will be empty in production mode to avoid performance overhead. 
  at <VNavigationDrawer modelValue=undefined onUpdate:modelValue=fn location="right"  ... > 
  at <MenusTopmenuLayoutNotifications > 
  at <VCol class="notificationsHeader" > 
  at <VDefaultsProvider defaults= {VTabs: Object} > 
  at <VToolbar ref=Ref< Proxy(Object) > class="v-app-bar" style= {top: 0px, zIndex: 1012, transform: translateY(0px), position: fixed, height: undefined}  ... > 
  at <VAppBar id="topnav" > 
  at <MenusHeader drawer=false onToggleDrawer=fn > 
  at <ClientOnly > 
  at <VApp theme="light" class="auto-text" > 
  at <VResponsive class="border rounded" > 
  at <Default ref=Ref< Proxy(Object) > > 
  at <AsyncComponentWrapper ref=Ref< Proxy(Object) > > 
  at <LayoutLoader key="default" layoutProps= {ref: RefImpl} name="default" > 
  at <NuxtLayoutProvider layoutProps= {ref: RefImpl} key="default" name="default"  ... > 
  at <NuxtLayout > 
  at <App key=4 > 
  at <NuxtRoot> @ http://localhost:3001/_nuxt/@fs/home/meebuzo/github/alternate-framework/apps/ecosystem/meeovi-frontend/node_modules/@sentry/core/build/esm/instrument/console.js?v=cfee6d51:42
[   12610ms] [WARNING] [Vue warn]: Avoid app logic that relies on enumerating keys on a component instance. The keys will be empty in production mode to avoid performance overhead. 
  at <VNavigationDrawer modelValue=undefined onUpdate:modelValue=fn location="right"  ... > 
  at <MenusTopmenuLayoutNotifications > 
  at <VCol class="notificationsHeader" > 
  at <VDefaultsProvider defaults= {VTabs: Object} > 
  at <VToolbar ref=Ref< Proxy(Object) > class="v-app-bar" style= {top: 0px, zIndex: 1012, transform: translateY(0px), position: fixed, height: undefined}  ... > 
  at <VAppBar id="topnav" > 
  at <MenusHeader drawer=false onToggleDrawer=fn > 
  at <ClientOnly > 
  at <VApp theme="light" class="auto-text" > 
  at <VResponsive class="border rounded" > 
  at <Default ref=Ref< Proxy(Object) > > 
  at <AsyncComponentWrapper ref=Ref< Proxy(Object) > > 
  at <LayoutLoader key="default" layoutProps= {ref: RefImpl} name="default" > 
  at <NuxtLayoutProvider layoutProps= {ref: RefImpl} key="default" name="default"  ... > 
  at <NuxtLayout > 
  at <App key=4 > 
  at <NuxtRoot> @ http://localhost:3001/_nuxt/@fs/home/meebuzo/github/alternate-framework/apps/ecosystem/meeovi-frontend/node_modules/@sentry/core/build/esm/instrument/console.js?v=cfee6d51:42
[   12615ms] [WARNING] [Vue warn]: Avoid app logic that relies on enumerating keys on a component instance. The keys will be empty in production mode to avoid performance overhead. 
  at <VNavigationDrawer modelValue=undefined onUpdate:modelValue=fn location="right"  ... > 
  at <MenusTopmenuLayoutNotifications > 
  at <VCol class="notificationsHeader" > 
  at <VDefaultsProvider defaults= {VTabs: Object} > 
  at <VToolbar ref=Ref< Proxy(Object) > class="v-app-bar" style= {top: 0px, zIndex: 1012, transform: translateY(0px), position: fixed, height: undefined}  ... > 
  at <VAppBar id="topnav" > 
  at <MenusHeader drawer=false onToggleDrawer=fn > 
  at <ClientOnly > 
  at <VApp theme="light" class="auto-text" > 
  at <VResponsive class="border rounded" > 
  at <Default ref=Ref< Proxy(Object) > > 
  at <AsyncComponentWrapper ref=Ref< Proxy(Object) > > 
  at <LayoutLoader key="default" layoutProps= {ref: RefImpl} name="default" > 
  at <NuxtLayoutProvider layoutProps= {ref: RefImpl} key="default" name="default"  ... > 
  at <NuxtLayout > 
  at <App key=4 > 
  at <NuxtRoot> @ http://localhost:3001/_nuxt/@fs/home/meebuzo/github/alternate-framework/apps/ecosystem/meeovi-frontend/node_modules/@sentry/core/build/esm/instrument/console.js?v=cfee6d51:42
[   12619ms] [WARNING] [Vue warn]: Avoid app logic that relies on enumerating keys on a component instance. The keys will be empty in production mode to avoid performance overhead. 
  at <VNavigationDrawer modelValue=undefined onUpdate:modelValue=fn location="right"  ... > 
  at <MenusTopmenuLayoutNotifications > 
  at <VCol class="notificationsHeader" > 
  at <VDefaultsProvider defaults= {VTabs: Object} > 
  at <VToolbar ref=Ref< Proxy(Object) > class="v-app-bar" style= {top: 0px, zIndex: 1012, transform: translateY(0px), position: fixed, height: undefined}  ... > 
  at <VAppBar id="topnav" > 
  at <MenusHeader drawer=false onToggleDrawer=fn > 
  at <ClientOnly > 
  at <VApp theme="light" class="auto-text" > 
  at <VResponsive class="border rounded" > 
  at <Default ref=Ref< Proxy(Object) > > 
  at <AsyncComponentWrapper ref=Ref< Proxy(Object) > > 
  at <LayoutLoader key="default" layoutProps= {ref: RefImpl} name="default" > 
  at <NuxtLayoutProvider layoutProps= {ref: RefImpl} key="default" name="default"  ... > 
  at <NuxtLayout > 
  at <App key=4 > 
  at <NuxtRoot> @ http://localhost:3001/_nuxt/@fs/home/meebuzo/github/alternate-framework/apps/ecosystem/meeovi-frontend/node_modules/@sentry/core/build/esm/instrument/console.js?v=cfee6d51:42
[   12623ms] [WARNING] [Vue warn]: Avoid app logic that relies on enumerating keys on a component instance. The keys will be empty in production mode to avoid performance overhead. 
  at <VNavigationDrawer modelValue=undefined onUpdate:modelValue=fn location="right"  ... > 
  at <MenusTopmenuLayoutNotifications > 
  at <VCol class="notificationsHeader" > 
  at <VDefaultsProvider defaults= {VTabs: Object} > 
  at <VToolbar ref=Ref< Proxy(Object) > class="v-app-bar" style= {top: 0px, zIndex: 1012, transform: translateY(0px), position: fixed, height: undefined}  ... > 
  at <VAppBar id="topnav" > 
  at <MenusHeader drawer=false onToggleDrawer=fn > 
  at <ClientOnly > 
  at <VApp theme="light" class="auto-text" > 
  at <VResponsive class="border rounded" > 
  at <Default ref=Ref< Proxy(Object) > > 
  at <AsyncComponentWrapper ref=Ref< Proxy(Object) > > 
  at <LayoutLoader key="default" layoutProps= {ref: RefImpl} name="default" > 
  at <NuxtLayoutProvider layoutProps= {ref: RefImpl} key="default" name="default"  ... > 
  at <NuxtLayout > 
  at <App key=4 > 
  at <NuxtRoot> @ http://localhost:3001/_nuxt/@fs/home/meebuzo/github/alternate-framework/apps/ecosystem/meeovi-frontend/node_modules/@sentry/core/build/esm/instrument/console.js?v=cfee6d51:42
[   12626ms] [WARNING] [Vue warn]: Avoid app logic that relies on enumerating keys on a component instance. The keys will be empty in production mode to avoid performance overhead. 
  at <VNavigationDrawer modelValue=undefined onUpdate:modelValue=fn location="right"  ... > 
  at <MenusTopmenuLayoutNotifications > 
  at <VCol class="notificationsHeader" > 
  at <VDefaultsProvider defaults= {VTabs: Object} > 
  at <VToolbar ref=Ref< Proxy(Object) > class="v-app-bar" style= {top: 0px, zIndex: 1012, transform: translateY(0px), position: fixed, height: undefined}  ... > 
  at <VAppBar id="topnav" > 
  at <MenusHeader drawer=false onToggleDrawer=fn > 
  at <ClientOnly > 
  at <VApp theme="light" class="auto-text" > 
  at <VResponsive class="border rounded" > 
  at <Default ref=Ref< Proxy(Object) > > 
  at <AsyncComponentWrapper ref=Ref< Proxy(Object) > > 
  at <LayoutLoader key="default" layoutProps= {ref: RefImpl} name="default" > 
  at <NuxtLayoutProvider layoutProps= {ref: RefImpl} key="default" name="default"  ... > 
  at <NuxtLayout > 
  at <App key=4 > 
  at <NuxtRoot> @ http://localhost:3001/_nuxt/@fs/home/meebuzo/github/alternate-framework/apps/ecosystem/meeovi-frontend/node_modules/@sentry/core/build/esm/instrument/console.js?v=cfee6d51:42
[   12630ms] [ERROR] Connecting to 'https://o996770.ingest.us.sentry.io/api/5955273/envelope/?sentry_version=7&sentry_key=df1b90fab7c44ce8aef097a63b468d61&sentry_client=sentry.javascript.nuxt%2F10.63.0' violates the following Content Security Policy directive: "connect-src 'self' https://*.mux.com". The action has been blocked. @ http://localhost:3001/_nuxt/@fs/home/meebuzo/github/alternate-framework/apps/ecosystem/meeovi-frontend/node_modules/@sentry/browser/build/npm/esm/dev/transports/fetch.js?v=cfee6d51:31
[   12631ms] [ERROR] Fetch API cannot load https://o996770.ingest.us.sentry.io/api/5955273/envelope/?sentry_version=7&sentry_key=df1b90fab7c44ce8aef097a63b468d61&sentry_client=sentry.javascript.nuxt%2F10.63.0. Refused to connect because it violates the document's Content Security Policy. @ http://localhost:3001/_nuxt/@fs/home/meebuzo/github/alternate-framework/apps/ecosystem/meeovi-frontend/node_modules/@sentry/browser/build/npm/esm/dev/transports/fetch.js?v=cfee6d51:31
[   12631ms] [ERROR] Failed to load resource: the server responded with a status of 500 (Server Error) @ http://localhost:3001/q_auto/images/display-2.png:0
[   12633ms] [ERROR] Failed to load resource: the server responded with a status of 500 (Server Error) @ http://localhost:3001/q_auto/images/display-1.png:0
[   12640ms] [WARNING] [Vue warn]: Avoid app logic that relies on enumerating keys on a component instance. The keys will be empty in production mode to avoid performance overhead. 
  at <VNavigationDrawer modelValue=undefined onUpdate:modelValue=fn location="right"  ... > 
  at <MenusTopmenuLayoutNotifications > 
  at <VCol class="notificationsHeader" > 
  at <VDefaultsProvider defaults= {VTabs: Object} > 
  at <VToolbar ref=Ref< Proxy(Object) > class="v-app-bar" style= {top: 0px, zIndex: 1012, transform: translateY(0px), position: fixed, height: undefined}  ... > 
  at <VAppBar id="topnav" > 
  at <MenusHeader drawer=false onToggleDrawer=fn > 
  at <ClientOnly > 
  at <VApp theme="light" class="auto-text" > 
  at <VResponsive class="border rounded" > 
  at <Default ref=Ref< Proxy(Object) > > 
  at <AsyncComponentWrapper ref=Ref< Proxy(Object) > > 
  at <LayoutLoader key="default" layoutProps= {ref: RefImpl} name="default" > 
  at <NuxtLayoutProvider layoutProps= {ref: RefImpl} key="default" name="default"  ... > 
  at <NuxtLayout > 
  at <App key=4 > 
  at <NuxtRoot> @ http://localhost:3001/_nuxt/@fs/home/meebuzo/github/alternate-framework/apps/ecosystem/meeovi-frontend/node_modules/@sentry/core/build/esm/instrument/console.js?v=cfee6d51:42
[   12644ms] [WARNING] [Vue warn]: Avoid app logic that relies on enumerating keys on a component instance. The keys will be empty in production mode to avoid performance overhead. 
  at <VNavigationDrawer modelValue=undefined onUpdate:modelValue=fn location="right"  ... > 
  at <MenusTopmenuLayoutNotifications > 
  at <VCol class="notificationsHeader" > 
  at <VDefaultsProvider defaults= {VTabs: Object} > 
  at <VToolbar ref=Ref< Proxy(Object) > class="v-app-bar" style= {top: 0px, zIndex: 1012, transform: translateY(0px), position: fixed, height: undefined}  ... > 
  at <VAppBar id="topnav" > 
  at <MenusHeader drawer=false onToggleDrawer=fn > 
  at <ClientOnly > 
  at <VApp theme="light" class="auto-text" > 
  at <VResponsive class="border rounded" > 
  at <Default ref=Ref< Proxy(Object) > > 
  at <AsyncComponentWrapper ref=Ref< Proxy(Object) > > 
  at <LayoutLoader key="default" layoutProps= {ref: RefImpl} name="default" > 
  at <NuxtLayoutProvider layoutProps= {ref: RefImpl} key="default" name="default"  ... > 
  at <NuxtLayout > 
  at <App key=4 > 
  at <NuxtRoot> @ http://localhost:3001/_nuxt/@fs/home/meebuzo/github/alternate-framework/apps/ecosystem/meeovi-frontend/node_modules/@sentry/core/build/esm/instrument/console.js?v=cfee6d51:42
[   12648ms] [WARNING] [Vue warn]: Avoid app logic that relies on enumerating keys on a component instance. The keys will be empty in production mode to avoid performance overhead. 
  at <VNavigationDrawer modelValue=undefined onUpdate:modelValue=fn location="right"  ... > 
  at <MenusTopmenuLayoutNotifications > 
  at <VCol class="notificationsHeader" > 
  at <VDefaultsProvider defaults= {VTabs: Object} > 
  at <VToolbar ref=Ref< Proxy(Object) > class="v-app-bar" style= {top: 0px, zIndex: 1012, transform: translateY(0px), position: fixed, height: undefined}  ... > 
  at <VAppBar id="topnav" > 
  at <MenusHeader drawer=false onToggleDrawer=fn > 
  at <ClientOnly > 
  at <VApp theme="light" class="auto-text" > 
  at <VResponsive class="border rounded" > 
  at <Default ref=Ref< Proxy(Object) > > 
  at <AsyncComponentWrapper ref=Ref< Proxy(Object) > > 
  at <LayoutLoader key="default" layoutProps= {ref: RefImpl} name="default" > 
  at <NuxtLayoutProvider layoutProps= {ref: RefImpl} key="default" name="default"  ... > 
  at <NuxtLayout > 
  at <App key=4 > 
  at <NuxtRoot> @ http://localhost:3001/_nuxt/@fs/home/meebuzo/github/alternate-framework/apps/ecosystem/meeovi-frontend/node_modules/@sentry/core/build/esm/instrument/console.js?v=cfee6d51:42
[   12653ms] [WARNING] [Vue warn]: Avoid app logic that relies on enumerating keys on a component instance. The keys will be empty in production mode to avoid performance overhead. 
  at <VNavigationDrawer modelValue=undefined onUpdate:modelValue=fn location="right"  ... > 
  at <MenusTopmenuLayoutNotifications > 
  at <VCol class="notificationsHeader" > 
  at <VDefaultsProvider defaults= {VTabs: Object} > 
  at <VToolbar ref=Ref< Proxy(Object) > class="v-app-bar" style= {top: 0px, zIndex: 1012, transform: translateY(0px), position: fixed, height: undefined}  ... > 
  at <VAppBar id="topnav" > 
  at <MenusHeader drawer=false onToggleDrawer=fn > 
  at <ClientOnly > 
  at <VApp theme="light" class="auto-text" > 
  at <VResponsive class="border rounded" > 
  at <Default ref=Ref< Proxy(Object) > > 
  at <AsyncComponentWrapper ref=Ref< Proxy(Object) > > 
  at <LayoutLoader key="default" layoutProps= {ref: RefImpl} name="default" > 
  at <NuxtLayoutProvider layoutProps= {ref: RefImpl} key="default" name="default"  ... > 
  at <NuxtLayout > 
  at <App key=4 > 
  at <NuxtRoot> @ http://localhost:3001/_nuxt/@fs/home/meebuzo/github/alternate-framework/apps/ecosystem/meeovi-frontend/node_modules/@sentry/core/build/esm/instrument/console.js?v=cfee6d51:42
[   12657ms] [WARNING] [Vue warn]: Avoid app logic that relies on enumerating keys on a component instance. The keys will be empty in production mode to avoid performance overhead. 
  at <VNavigationDrawer modelValue=undefined onUpdate:modelValue=fn location="right"  ... > 
  at <MenusTopmenuLayoutNotifications > 
  at <VCol class="notificationsHeader" > 
  at <VDefaultsProvider defaults= {VTabs: Object} > 
  at <VToolbar ref=Ref< Proxy(Object) > class="v-app-bar" style= {top: 0px, zIndex: 1012, transform: translateY(0px), position: fixed, height: undefined}  ... > 
  at <VAppBar id="topnav" > 
  at <MenusHeader drawer=false onToggleDrawer=fn > 
  at <ClientOnly > 
  at <VApp theme="light" class="auto-text" > 
  at <VResponsive class="border rounded" > 
  at <Default ref=Ref< Proxy(Object) > > 
  at <AsyncComponentWrapper ref=Ref< Proxy(Object) > > 
  at <LayoutLoader key="default" layoutProps= {ref: RefImpl} name="default" > 
  at <NuxtLayoutProvider layoutProps= {ref: RefImpl} key="default" name="default"  ... > 
  at <NuxtLayout > 
  at <App key=4 > 
  at <NuxtRoot> @ http://localhost:3001/_nuxt/@fs/home/meebuzo/github/alternate-framework/apps/ecosystem/meeovi-frontend/node_modules/@sentry/core/build/esm/instrument/console.js?v=cfee6d51:42
[   12661ms] [WARNING] [Vue warn]: Avoid app logic that relies on enumerating keys on a component instance. The keys will be empty in production mode to avoid performance overhead. 
  at <VNavigationDrawer modelValue=undefined onUpdate:modelValue=fn location="right"  ... > 
  at <MenusTopmenuLayoutNotifications > 
  at <VCol class="notificationsHeader" > 
  at <VDefaultsProvider defaults= {VTabs: Object} > 
  at <VToolbar ref=Ref< Proxy(Object) > class="v-app-bar" style= {top: 0px, zIndex: 1012, transform: translateY(0px), position: fixed, height: undefined}  ... > 
  at <VAppBar id="topnav" > 
  at <MenusHeader drawer=false onToggleDrawer=fn > 
  at <ClientOnly > 
  at <VApp theme="light" class="auto-text" > 
  at <VResponsive class="border rounded" > 
  at <Default ref=Ref< Proxy(Object) > > 
  at <AsyncComponentWrapper ref=Ref< Proxy(Object) > > 
  at <LayoutLoader key="default" layoutProps= {ref: RefImpl} name="default" > 
  at <NuxtLayoutProvider layoutProps= {ref: RefImpl} key="default" name="default"  ... > 
  at <NuxtLayout > 
  at <App key=4 > 
  at <NuxtRoot> @ http://localhost:3001/_nuxt/@fs/home/meebuzo/github/alternate-framework/apps/ecosystem/meeovi-frontend/node_modules/@sentry/core/build/esm/instrument/console.js?v=cfee6d51:42
[   12666ms] [WARNING] [Vue warn]: Avoid app logic that relies on enumerating keys on a component instance. The keys will be empty in production mode to avoid performance overhead. 
  at <VNavigationDrawer modelValue=undefined onUpdate:modelValue=fn location="right"  ... > 
  at <MenusTopmenuLayoutNotifications > 
  at <VCol class="notificationsHeader" > 
  at <VDefaultsProvider defaults= {VTabs: Object} > 
  at <VToolbar ref=Ref< Proxy(Object) > class="v-app-bar" style= {top: 0px, zIndex: 1012, transform: translateY(0px), position: fixed, height: undefined}  ... > 
  at <VAppBar id="topnav" > 
  at <MenusHeader drawer=false onToggleDrawer=fn > 
  at <ClientOnly > 
  at <VApp theme="light" class="auto-text" > 
  at <VResponsive class="border rounded" > 
  at <Default ref=Ref< Proxy(Object) > > 
  at <AsyncComponentWrapper ref=Ref< Proxy(Object) > > 
  at <LayoutLoader key="default" layoutProps= {ref: RefImpl} name="default" > 
  at <NuxtLayoutProvider layoutProps= {ref: RefImpl} key="default" name="default"  ... > 
  at <NuxtLayout > 
  at <App key=4 > 
  at <NuxtRoot> @ http://localhost:3001/_nuxt/@fs/home/meebuzo/github/alternate-framework/apps/ecosystem/meeovi-frontend/node_modules/@sentry/core/build/esm/instrument/console.js?v=cfee6d51:42
[   12675ms] [WARNING] [Vue warn]: Avoid app logic that relies on enumerating keys on a component instance. The keys will be empty in production mode to avoid performance overhead. 
  at <VNavigationDrawer modelValue=undefined onUpdate:modelValue=fn location="right"  ... > 
  at <MenusTopmenuLayoutNotifications > 
  at <VCol class="notificationsHeader" > 
  at <VDefaultsProvider defaults= {VTabs: Object} > 
  at <VToolbar ref=Ref< Proxy(Object) > class="v-app-bar" style= {top: 0px, zIndex: 1012, transform: translateY(0px), position: fixed, height: undefined}  ... > 
  at <VAppBar id="topnav" > 
  at <MenusHeader drawer=false onToggleDrawer=fn > 
  at <ClientOnly > 
  at <VApp theme="light" class="auto-text" > 
  at <VResponsive class="border rounded" > 
  at <Default ref=Ref< Proxy(Object) > > 
  at <AsyncComponentWrapper ref=Ref< Proxy(Object) > > 
  at <LayoutLoader key="default" layoutProps= {ref: RefImpl} name="default" > 
  at <NuxtLayoutProvider layoutProps= {ref: RefImpl} key="default" name="default"  ... > 
  at <NuxtLayout > 
  at <App key=4 > 
  at <NuxtRoot> @ http://localhost:3001/_nuxt/@fs/home/meebuzo/github/alternate-framework/apps/ecosystem/meeovi-frontend/node_modules/@sentry/core/build/esm/instrument/console.js?v=cfee6d51:42
[   12679ms] [WARNING] [Vue warn]: Avoid app logic that relies on enumerating keys on a component instance. The keys will be empty in production mode to avoid performance overhead. 
  at <VNavigationDrawer modelValue=undefined onUpdate:modelValue=fn location="right"  ... > 
  at <MenusTopmenuLayoutNotifications > 
  at <VCol class="notificationsHeader" > 
  at <VDefaultsProvider defaults= {VTabs: Object} > 
  at <VToolbar ref=Ref< Proxy(Object) > class="v-app-bar" style= {top: 0px, zIndex: 1012, transform: translateY(0px), position: fixed, height: undefined}  ... > 
  at <VAppBar id="topnav" > 
  at <MenusHeader drawer=false onToggleDrawer=fn > 
  at <ClientOnly > 
  at <VApp theme="light" class="auto-text" > 
  at <VResponsive class="border rounded" > 
  at <Default ref=Ref< Proxy(Object) > > 
  at <AsyncComponentWrapper ref=Ref< Proxy(Object) > > 
  at <LayoutLoader key="default" layoutProps= {ref: RefImpl} name="default" > 
  at <NuxtLayoutProvider layoutProps= {ref: RefImpl} key="default" name="default"  ... > 
  at <NuxtLayout > 
  at <App key=4 > 
  at <NuxtRoot> @ http://localhost:3001/_nuxt/@fs/home/meebuzo/github/alternate-framework/apps/ecosystem/meeovi-frontend/node_modules/@sentry/core/build/esm/instrument/console.js?v=cfee6d51:42
[   12683ms] [WARNING] [Vue warn]: Avoid app logic that relies on enumerating keys on a component instance. The keys will be empty in production mode to avoid performance overhead. 
  at <VNavigationDrawer modelValue=undefined onUpdate:modelValue=fn location="right"  ... > 
  at <MenusTopmenuLayoutNotifications > 
  at <VCol class="notificationsHeader" > 
  at <VDefaultsProvider defaults= {VTabs: Object} > 
  at <VToolbar ref=Ref< Proxy(Object) > class="v-app-bar" style= {top: 0px, zIndex: 1012, transform: translateY(0px), position: fixed, height: undefined}  ... > 
  at <VAppBar id="topnav" > 
  at <MenusHeader drawer=false onToggleDrawer=fn > 
  at <ClientOnly > 
  at <VApp theme="light" class="auto-text" > 
  at <VResponsive class="border rounded" > 
  at <Default ref=Ref< Proxy(Object) > > 
  at <AsyncComponentWrapper ref=Ref< Proxy(Object) > > 
  at <LayoutLoader key="default" layoutProps= {ref: RefImpl} name="default" > 
  at <NuxtLayoutProvider layoutProps= {ref: RefImpl} key="default" name="default"  ... > 
  at <NuxtLayout > 
  at <App key=4 > 
  at <NuxtRoot> @ http://localhost:3001/_nuxt/@fs/home/meebuzo/github/alternate-framework/apps/ecosystem/meeovi-frontend/node_modules/@sentry/core/build/esm/instrument/console.js?v=cfee6d51:42
[   12686ms] [WARNING] [Vue warn]: Avoid app logic that relies on enumerating keys on a component instance. The keys will be empty in production mode to avoid performance overhead. 
  at <VNavigationDrawer modelValue=undefined onUpdate:modelValue=fn location="right"  ... > 
  at <MenusTopmenuLayoutNotifications > 
  at <VCol class="notificationsHeader" > 
  at <VDefaultsProvider defaults= {VTabs: Object} > 
  at <VToolbar ref=Ref< Proxy(Object) > class="v-app-bar" style= {top: 0px, zIndex: 1012, transform: translateY(0px), position: fixed, height: undefined}  ... > 
  at <VAppBar id="topnav" > 
  at <MenusHeader drawer=false onToggleDrawer=fn > 
  at <ClientOnly > 
  at <VApp theme="light" class="auto-text" > 
  at <VResponsive class="border rounded" > 
  at <Default ref=Ref< Proxy(Object) > > 
  at <AsyncComponentWrapper ref=Ref< Proxy(Object) > > 
  at <LayoutLoader key="default" layoutProps= {ref: RefImpl} name="default" > 
  at <NuxtLayoutProvider layoutProps= {ref: RefImpl} key="default" name="default"  ... > 
  at <NuxtLayout > 
  at <App key=4 > 
  at <NuxtRoot> @ http://localhost:3001/_nuxt/@fs/home/meebuzo/github/alternate-framework/apps/ecosystem/meeovi-frontend/node_modules/@sentry/core/build/esm/instrument/console.js?v=cfee6d51:42
[   12690ms] [WARNING] [Vue warn]: Avoid app logic that relies on enumerating keys on a component instance. The keys will be empty in production mode to avoid performance overhead. 
  at <VNavigationDrawer modelValue=undefined onUpdate:modelValue=fn location="right"  ... > 
  at <MenusTopmenuLayoutNotifications > 
  at <VCol class="notificationsHeader" > 
  at <VDefaultsProvider defaults= {VTabs: Object} > 
  at <VToolbar ref=Ref< Proxy(Object) > class="v-app-bar" style= {top: 0px, zIndex: 1012, transform: translateY(0px), position: fixed, height: undefined}  ... > 
  at <VAppBar id="topnav" > 
  at <MenusHeader drawer=false onToggleDrawer=fn > 
  at <ClientOnly > 
  at <VApp theme="light" class="auto-text" > 
  at <VResponsive class="border rounded" > 
  at <Default ref=Ref< Proxy(Object) > > 
  at <AsyncComponentWrapper ref=Ref< Proxy(Object) > > 
  at <LayoutLoader key="default" layoutProps= {ref: RefImpl} name="default" > 
  at <NuxtLayoutProvider layoutProps= {ref: RefImpl} key="default" name="default"  ... > 
  at <NuxtLayout > 
  at <App key=4 > 
  at <NuxtRoot> @ http://localhost:3001/_nuxt/@fs/home/meebuzo/github/alternate-framework/apps/ecosystem/meeovi-frontend/node_modules/@sentry/core/build/esm/instrument/console.js?v=cfee6d51:42
[   12697ms] [WARNING] [Vue warn]: Avoid app logic that relies on enumerating keys on a component instance. The keys will be empty in production mode to avoid performance overhead. 
  at <VNavigationDrawer modelValue=undefined onUpdate:modelValue=fn location="right"  ... > 
  at <MenusTopmenuLayoutNotifications > 
  at <VCol class="notificationsHeader" > 
  at <VDefaultsProvider defaults= {VTabs: Object} > 
  at <VToolbar ref=Ref< Proxy(Object) > class="v-app-bar" style= {top: 0px, zIndex: 1012, transform: translateY(0px), position: fixed, height: undefined}  ... > 
  at <VAppBar id="topnav" > 
  at <MenusHeader drawer=false onToggleDrawer=fn > 
  at <ClientOnly > 
  at <VApp theme="light" class="auto-text" > 
  at <VResponsive class="border rounded" > 
  at <Default ref=Ref< Proxy(Object) > > 
  at <AsyncComponentWrapper ref=Ref< Proxy(Object) > > 
  at <LayoutLoader key="default" layoutProps= {ref: RefImpl} name="default" > 
  at <NuxtLayoutProvider layoutProps= {ref: RefImpl} key="default" name="default"  ... > 
  at <NuxtLayout > 
  at <App key=4 > 
  at <NuxtRoot> @ http://localhost:3001/_nuxt/@fs/home/meebuzo/github/alternate-framework/apps/ecosystem/meeovi-frontend/node_modules/@sentry/core/build/esm/instrument/console.js?v=cfee6d51:42
[   12700ms] [WARNING] [Vue warn]: Avoid app logic that relies on enumerating keys on a component instance. The keys will be empty in production mode to avoid performance overhead. 
  at <VNavigationDrawer modelValue=undefined onUpdate:modelValue=fn location="right"  ... > 
  at <MenusTopmenuLayoutNotifications > 
  at <VCol class="notificationsHeader" > 
  at <VDefaultsProvider defaults= {VTabs: Object} > 
  at <VToolbar ref=Ref< Proxy(Object) > class="v-app-bar" style= {top: 0px, zIndex: 1012, transform: translateY(0px), position: fixed, height: undefined}  ... > 
  at <VAppBar id="topnav" > 
  at <MenusHeader drawer=false onToggleDrawer=fn > 
  at <ClientOnly > 
  at <VApp theme="light" class="auto-text" > 
  at <VResponsive class="border rounded" > 
  at <Default ref=Ref< Proxy(Object) > > 
  at <AsyncComponentWrapper ref=Ref< Proxy(Object) > > 
  at <LayoutLoader key="default" layoutProps= {ref: RefImpl} name="default" > 
  at <NuxtLayoutProvider layoutProps= {ref: RefImpl} key="default" name="default"  ... > 
  at <NuxtLayout > 
  at <App key=4 > 
  at <NuxtRoot> @ http://localhost:3001/_nuxt/@fs/home/meebuzo/github/alternate-framework/apps/ecosystem/meeovi-frontend/node_modules/@sentry/core/build/esm/instrument/console.js?v=cfee6d51:42
[   12703ms] [WARNING] [Vue warn]: Avoid app logic that relies on enumerating keys on a component instance. The keys will be empty in production mode to avoid performance overhead. 
  at <VNavigationDrawer modelValue=undefined onUpdate:modelValue=fn location="right"  ... > 
  at <MenusTopmenuLayoutNotifications > 
  at <VCol class="notificationsHeader" > 
  at <VDefaultsProvider defaults= {VTabs: Object} > 
  at <VToolbar ref=Ref< Proxy(Object) > class="v-app-bar" style= {top: 0px, zIndex: 1012, transform: translateY(0px), position: fixed, height: undefined}  ... > 
  at <VAppBar id="topnav" > 
  at <MenusHeader drawer=false onToggleDrawer=fn > 
  at <ClientOnly > 
  at <VApp theme="light" class="auto-text" > 
  at <VResponsive class="border rounded" > 
  at <Default ref=Ref< Proxy(Object) > > 
  at <AsyncComponentWrapper ref=Ref< Proxy(Object) > > 
  at <LayoutLoader key="default" layoutProps= {ref: RefImpl} name="default" > 
  at <NuxtLayoutProvider layoutProps= {ref: RefImpl} key="default" name="default"  ... > 
  at <NuxtLayout > 
  at <App key=4 > 
  at <NuxtRoot> @ http://localhost:3001/_nuxt/@fs/home/meebuzo/github/alternate-framework/apps/ecosystem/meeovi-frontend/node_modules/@sentry/core/build/esm/instrument/console.js?v=cfee6d51:42
[   12707ms] [WARNING] [Vue warn]: Avoid app logic that relies on enumerating keys on a component instance. The keys will be empty in production mode to avoid performance overhead. 
  at <VNavigationDrawer modelValue=undefined onUpdate:modelValue=fn location="right"  ... > 
  at <MenusTopmenuLayoutNotifications > 
  at <VCol class="notificationsHeader" > 
  at <VDefaultsProvider defaults= {VTabs: Object} > 
  at <VToolbar ref=Ref< Proxy(Object) > class="v-app-bar" style= {top: 0px, zIndex: 1012, transform: translateY(0px), position: fixed, height: undefined}  ... > 
  at <VAppBar id="topnav" > 
  at <MenusHeader drawer=false onToggleDrawer=fn > 
  at <ClientOnly > 
  at <VApp theme="light" class="auto-text" > 
  at <VResponsive class="border rounded" > 
  at <Default ref=Ref< Proxy(Object) > > 
  at <AsyncComponentWrapper ref=Ref< Proxy(Object) > > 
  at <LayoutLoader key="default" layoutProps= {ref: RefImpl} name="default" > 
  at <NuxtLayoutProvider layoutProps= {ref: RefImpl} key="default" name="default"  ... > 
  at <NuxtLayout > 
  at <App key=4 > 
  at <NuxtRoot> @ http://localhost:3001/_nuxt/@fs/home/meebuzo/github/alternate-framework/apps/ecosystem/meeovi-frontend/node_modules/@sentry/core/build/esm/instrument/console.js?v=cfee6d51:42
[   12710ms] [WARNING] [Vue warn]: Avoid app logic that relies on enumerating keys on a component instance. The keys will be empty in production mode to avoid performance overhead. 
  at <VNavigationDrawer modelValue=undefined onUpdate:modelValue=fn location="right"  ... > 
  at <MenusTopmenuLayoutNotifications > 
  at <VCol class="notificationsHeader" > 
  at <VDefaultsProvider defaults= {VTabs: Object} > 
  at <VToolbar ref=Ref< Proxy(Object) > class="v-app-bar" style= {top: 0px, zIndex: 1012, transform: translateY(0px), position: fixed, height: undefined}  ... > 
  at <VAppBar id="topnav" > 
  at <MenusHeader drawer=false onToggleDrawer=fn > 
  at <ClientOnly > 
  at <VApp theme="light" class="auto-text" > 
  at <VResponsive class="border rounded" > 
  at <Default ref=Ref< Proxy(Object) > > 
  at <AsyncComponentWrapper ref=Ref< Proxy(Object) > > 
  at <LayoutLoader key="default" layoutProps= {ref: RefImpl} name="default" > 
  at <NuxtLayoutProvider layoutProps= {ref: RefImpl} key="default" name="default"  ... > 
  at <NuxtLayout > 
  at <App key=4 > 
  at <NuxtRoot> @ http://localhost:3001/_nuxt/@fs/home/meebuzo/github/alternate-framework/apps/ecosystem/meeovi-frontend/node_modules/@sentry/core/build/esm/instrument/console.js?v=cfee6d51:42
[   12714ms] [WARNING] [Vue warn]: Avoid app logic that relies on enumerating keys on a component instance. The keys will be empty in production mode to avoid performance overhead. 
  at <VNavigationDrawer modelValue=undefined onUpdate:modelValue=fn location="right"  ... > 
  at <MenusTopmenuLayoutNotifications > 
  at <VCol class="notificationsHeader" > 
  at <VDefaultsProvider defaults= {VTabs: Object} > 
  at <VToolbar ref=Ref< Proxy(Object) > class="v-app-bar" style= {top: 0px, zIndex: 1012, transform: translateY(0px), position: fixed, height: undefined}  ... > 
  at <VAppBar id="topnav" > 
  at <MenusHeader drawer=false onToggleDrawer=fn > 
  at <ClientOnly > 
  at <VApp theme="light" class="auto-text" > 
  at <VResponsive class="border rounded" > 
  at <Default ref=Ref< Proxy(Object) > > 
  at <AsyncComponentWrapper ref=Ref< Proxy(Object) > > 
  at <LayoutLoader key="default" layoutProps= {ref: RefImpl} name="default" > 
  at <NuxtLayoutProvider layoutProps= {ref: RefImpl} key="default" name="default"  ... > 
  at <NuxtLayout > 
  at <App key=4 > 
  at <NuxtRoot> @ http://localhost:3001/_nuxt/@fs/home/meebuzo/github/alternate-framework/apps/ecosystem/meeovi-frontend/node_modules/@sentry/core/build/esm/instrument/console.js?v=cfee6d51:42
[   12725ms] [WARNING] [Vue warn]: Avoid app logic that relies on enumerating keys on a component instance. The keys will be empty in production mode to avoid performance overhead. 
  at <VNavigationDrawer modelValue=undefined onUpdate:modelValue=fn location="right"  ... > 
  at <MenusTopmenuLayoutNotifications > 
  at <VCol class="notificationsHeader" > 
  at <VDefaultsProvider defaults= {VTabs: Object} > 
  at <VToolbar ref=Ref< Proxy(Object) > class="v-app-bar" style= {top: 0px, zIndex: 1012, transform: translateY(0px), position: fixed, height: undefined}  ... > 
  at <VAppBar id="topnav" > 
  at <MenusHeader drawer=false onToggleDrawer=fn > 
  at <ClientOnly > 
  at <VApp theme="light" class="auto-text" > 
  at <VResponsive class="border rounded" > 
  at <Default ref=Ref< Proxy(Object) > > 
  at <AsyncComponentWrapper ref=Ref< Proxy(Object) > > 
  at <LayoutLoader key="default" layoutProps= {ref: RefImpl} name="default" > 
  at <NuxtLayoutProvider layoutProps= {ref: RefImpl} key="default" name="default"  ... > 
  at <NuxtLayout > 
  at <App key=4 > 
  at <NuxtRoot> @ http://localhost:3001/_nuxt/@fs/home/meebuzo/github/alternate-framework/apps/ecosystem/meeovi-frontend/node_modules/@sentry/core/build/esm/instrument/console.js?v=cfee6d51:42
[   12730ms] [WARNING] [Vue warn]: Avoid app logic that relies on enumerating keys on a component instance. The keys will be empty in production mode to avoid performance overhead. 
  at <VNavigationDrawer modelValue=undefined onUpdate:modelValue=fn location="right"  ... > 
  at <MenusTopmenuLayoutNotifications > 
  at <VCol class="notificationsHeader" > 
  at <VDefaultsProvider defaults= {VTabs: Object} > 
  at <VToolbar ref=Ref< Proxy(Object) > class="v-app-bar" style= {top: 0px, zIndex: 1012, transform: translateY(0px), position: fixed, height: undefined}  ... > 
  at <VAppBar id="topnav" > 
  at <MenusHeader drawer=false onToggleDrawer=fn > 
  at <ClientOnly > 
  at <VApp theme="light" class="auto-text" > 
  at <VResponsive class="border rounded" > 
  at <Default ref=Ref< Proxy(Object) > > 
  at <AsyncComponentWrapper ref=Ref< Proxy(Object) > > 
  at <LayoutLoader key="default" layoutProps= {ref: RefImpl} name="default" > 
  at <NuxtLayoutProvider layoutProps= {ref: RefImpl} key="default" name="default"  ... > 
  at <NuxtLayout > 
  at <App key=4 > 
  at <NuxtRoot> @ http://localhost:3001/_nuxt/@fs/home/meebuzo/github/alternate-framework/apps/ecosystem/meeovi-frontend/node_modules/@sentry/core/build/esm/instrument/console.js?v=cfee6d51:42
[   12734ms] [WARNING] [Vue warn]: Avoid app logic that relies on enumerating keys on a component instance. The keys will be empty in production mode to avoid performance overhead. 
  at <VNavigationDrawer modelValue=undefined onUpdate:modelValue=fn location="right"  ... > 
  at <MenusTopmenuLayoutNotifications > 
  at <VCol class="notificationsHeader" > 
  at <VDefaultsProvider defaults= {VTabs: Object} > 
  at <VToolbar ref=Ref< Proxy(Object) > class="v-app-bar" style= {top: 0px, zIndex: 1012, transform: translateY(0px), position: fixed, height: undefined}  ... > 
  at <VAppBar id="topnav" > 
  at <MenusHeader drawer=false onToggleDrawer=fn > 
  at <ClientOnly > 
  at <VApp theme="light" class="auto-text" > 
  at <VResponsive class="border rounded" > 
  at <Default ref=Ref< Proxy(Object) > > 
  at <AsyncComponentWrapper ref=Ref< Proxy(Object) > > 
  at <LayoutLoader key="default" layoutProps= {ref: RefImpl} name="default" > 
  at <NuxtLayoutProvider layoutProps= {ref: RefImpl} key="default" name="default"  ... > 
  at <NuxtLayout > 
  at <App key=4 > 
  at <NuxtRoot> @ http://localhost:3001/_nuxt/@fs/home/meebuzo/github/alternate-framework/apps/ecosystem/meeovi-frontend/node_modules/@sentry/core/build/esm/instrument/console.js?v=cfee6d51:42
[   12740ms] [WARNING] [Vue warn]: Avoid app logic that relies on enumerating keys on a component instance. The keys will be empty in production mode to avoid performance overhead. 
  at <VNavigationDrawer modelValue=undefined onUpdate:modelValue=fn location="right"  ... > 
  at <MenusTopmenuLayoutNotifications > 
  at <VCol class="notificationsHeader" > 
  at <VDefaultsProvider defaults= {VTabs: Object} > 
  at <VToolbar ref=Ref< Proxy(Object) > class="v-app-bar" style= {top: 0px, zIndex: 1012, transform: translateY(0px), position: fixed, height: undefined}  ... > 
  at <VAppBar id="topnav" > 
  at <MenusHeader drawer=false onToggleDrawer=fn > 
  at <ClientOnly > 
  at <VApp theme="light" class="auto-text" > 
  at <VResponsive class="border rounded" > 
  at <Default ref=Ref< Proxy(Object) > > 
  at <AsyncComponentWrapper ref=Ref< Proxy(Object) > > 
  at <LayoutLoader key="default" layoutProps= {ref: RefImpl} name="default" > 
  at <NuxtLayoutProvider layoutProps= {ref: RefImpl} key="default" name="default"  ... > 
  at <NuxtLayout > 
  at <App key=4 > 
  at <NuxtRoot> @ http://localhost:3001/_nuxt/@fs/home/meebuzo/github/alternate-framework/apps/ecosystem/meeovi-frontend/node_modules/@sentry/core/build/esm/instrument/console.js?v=cfee6d51:42
[   12743ms] [WARNING] [Vue warn]: Avoid app logic that relies on enumerating keys on a component instance. The keys will be empty in production mode to avoid performance overhead. 
  at <VNavigationDrawer modelValue=undefined onUpdate:modelValue=fn location="right"  ... > 
  at <MenusTopmenuLayoutNotifications > 
  at <VCol class="notificationsHeader" > 
  at <VDefaultsProvider defaults= {VTabs: Object} > 
  at <VToolbar ref=Ref< Proxy(Object) > class="v-app-bar" style= {top: 0px, zIndex: 1012, transform: translateY(0px), position: fixed, height: undefined}  ... > 
  at <VAppBar id="topnav" > 
  at <MenusHeader drawer=false onToggleDrawer=fn > 
  at <ClientOnly > 
  at <VApp theme="light" class="auto-text" > 
  at <VResponsive class="border rounded" > 
  at <Default ref=Ref< Proxy(Object) > > 
  at <AsyncComponentWrapper ref=Ref< Proxy(Object) > > 
  at <LayoutLoader key="default" layoutProps= {ref: RefImpl} name="default" > 
  at <NuxtLayoutProvider layoutProps= {ref: RefImpl} key="default" name="default"  ... > 
  at <NuxtLayout > 
  at <App key=4 > 
  at <NuxtRoot> @ http://localhost:3001/_nuxt/@fs/home/meebuzo/github/alternate-framework/apps/ecosystem/meeovi-frontend/node_modules/@sentry/core/build/esm/instrument/console.js?v=cfee6d51:42
[   12752ms] [WARNING] [Vue warn]: Avoid app logic that relies on enumerating keys on a component instance. The keys will be empty in production mode to avoid performance overhead. 
  at <VNavigationDrawer modelValue=undefined onUpdate:modelValue=fn location="right"  ... > 
  at <MenusTopmenuLayoutNotifications > 
  at <VCol class="notificationsHeader" > 
  at <VDefaultsProvider defaults= {VTabs: Object} > 
  at <VToolbar ref=Ref< Proxy(Object) > class="v-app-bar" style= {top: 0px, zIndex: 1012, transform: translateY(0px), position: fixed, height: undefined}  ... > 
  at <VAppBar id="topnav" > 
  at <MenusHeader drawer=false onToggleDrawer=fn > 
  at <ClientOnly > 
  at <VApp theme="light" class="auto-text" > 
  at <VResponsive class="border rounded" > 
  at <Default ref=Ref< Proxy(Object) > > 
  at <AsyncComponentWrapper ref=Ref< Proxy(Object) > > 
  at <LayoutLoader key="default" layoutProps= {ref: RefImpl} name="default" > 
  at <NuxtLayoutProvider layoutProps= {ref: RefImpl} key="default" name="default"  ... > 
  at <NuxtLayout > 
  at <App key=4 > 
  at <NuxtRoot> @ http://localhost:3001/_nuxt/@fs/home/meebuzo/github/alternate-framework/apps/ecosystem/meeovi-frontend/node_modules/@sentry/core/build/esm/instrument/console.js?v=cfee6d51:42
[   12757ms] [WARNING] [Vue warn]: Avoid app logic that relies on enumerating keys on a component instance. The keys will be empty in production mode to avoid performance overhead. 
  at <VNavigationDrawer modelValue=undefined onUpdate:modelValue=fn location="right"  ... > 
  at <MenusTopmenuLayoutNotifications > 
  at <VCol class="notificationsHeader" > 
  at <VDefaultsProvider defaults= {VTabs: Object} > 
  at <VToolbar ref=Ref< Proxy(Object) > class="v-app-bar" style= {top: 0px, zIndex: 1012, transform: translateY(0px), position: fixed, height: undefined}  ... > 
  at <VAppBar id="topnav" > 
  at <MenusHeader drawer=false onToggleDrawer=fn > 
  at <ClientOnly > 
  at <VApp theme="light" class="auto-text" > 
  at <VResponsive class="border rounded" > 
  at <Default ref=Ref< Proxy(Object) > > 
  at <AsyncComponentWrapper ref=Ref< Proxy(Object) > > 
  at <LayoutLoader key="default" layoutProps= {ref: RefImpl} name="default" > 
  at <NuxtLayoutProvider layoutProps= {ref: RefImpl} key="default" name="default"  ... > 
  at <NuxtLayout > 
  at <App key=4 > 
  at <NuxtRoot> @ http://localhost:3001/_nuxt/@fs/home/meebuzo/github/alternate-framework/apps/ecosystem/meeovi-frontend/node_modules/@sentry/core/build/esm/instrument/console.js?v=cfee6d51:42
[   12761ms] [WARNING] [Vue warn]: Avoid app logic that relies on enumerating keys on a component instance. The keys will be empty in production mode to avoid performance overhead. 
  at <VNavigationDrawer modelValue=undefined onUpdate:modelValue=fn location="right"  ... > 
  at <MenusTopmenuLayoutNotifications > 
  at <VCol class="notificationsHeader" > 
  at <VDefaultsProvider defaults= {VTabs: Object} > 
  at <VToolbar ref=Ref< Proxy(Object) > class="v-app-bar" style= {top: 0px, zIndex: 1012, transform: translateY(0px), position: fixed, height: undefined}  ... > 
  at <VAppBar id="topnav" > 
  at <MenusHeader drawer=false onToggleDrawer=fn > 
  at <ClientOnly > 
  at <VApp theme="light" class="auto-text" > 
  at <VResponsive class="border rounded" > 
  at <Default ref=Ref< Proxy(Object) > > 
  at <AsyncComponentWrapper ref=Ref< Proxy(Object) > > 
  at <LayoutLoader key="default" layoutProps= {ref: RefImpl} name="default" > 
  at <NuxtLayoutProvider layoutProps= {ref: RefImpl} key="default" name="default"  ... > 
  at <NuxtLayout > 
  at <App key=4 > 
  at <NuxtRoot> @ http://localhost:3001/_nuxt/@fs/home/meebuzo/github/alternate-framework/apps/ecosystem/meeovi-frontend/node_modules/@sentry/core/build/esm/instrument/console.js?v=cfee6d51:42
[   12764ms] [WARNING] [Vue warn]: Avoid app logic that relies on enumerating keys on a component instance. The keys will be empty in production mode to avoid performance overhead. 
  at <VNavigationDrawer modelValue=undefined onUpdate:modelValue=fn location="right"  ... > 
  at <MenusTopmenuLayoutNotifications > 
  at <VCol class="notificationsHeader" > 
  at <VDefaultsProvider defaults= {VTabs: Object} > 
  at <VToolbar ref=Ref< Proxy(Object) > class="v-app-bar" style= {top: 0px, zIndex: 1012, transform: translateY(0px), position: fixed, height: undefined}  ... > 
  at <VAppBar id="topnav" > 
  at <MenusHeader drawer=false onToggleDrawer=fn > 
  at <ClientOnly > 
  at <VApp theme="light" class="auto-text" > 
  at <VResponsive class="border rounded" > 
  at <Default ref=Ref< Proxy(Object) > > 
  at <AsyncComponentWrapper ref=Ref< Proxy(Object) > > 
  at <LayoutLoader key="default" layoutProps= {ref: RefImpl} name="default" > 
  at <NuxtLayoutProvider layoutProps= {ref: RefImpl} key="default" name="default"  ... > 
  at <NuxtLayout > 
  at <App key=4 > 
  at <NuxtRoot> @ http://localhost:3001/_nuxt/@fs/home/meebuzo/github/alternate-framework/apps/ecosystem/meeovi-frontend/node_modules/@sentry/core/build/esm/instrument/console.js?v=cfee6d51:42
[   12768ms] [WARNING] [Vue warn]: Avoid app logic that relies on enumerating keys on a component instance. The keys will be empty in production mode to avoid performance overhead. 
  at <VNavigationDrawer modelValue=undefined onUpdate:modelValue=fn location="right"  ... > 
  at <MenusTopmenuLayoutNotifications > 
  at <VCol class="notificationsHeader" > 
  at <VDefaultsProvider defaults= {VTabs: Object} > 
  at <VToolbar ref=Ref< Proxy(Object) > class="v-app-bar" style= {top: 0px, zIndex: 1012, transform: translateY(0px), position: fixed, height: undefined}  ... > 
  at <VAppBar id="topnav" > 
  at <MenusHeader drawer=false onToggleDrawer=fn > 
  at <ClientOnly > 
  at <VApp theme="light" class="auto-text" > 
  at <VResponsive class="border rounded" > 
  at <Default ref=Ref< Proxy(Object) > > 
  at <AsyncComponentWrapper ref=Ref< Proxy(Object) > > 
  at <LayoutLoader key="default" layoutProps= {ref: RefImpl} name="default" > 
  at <NuxtLayoutProvider layoutProps= {ref: RefImpl} key="default" name="default"  ... > 
  at <NuxtLayout > 
  at <App key=4 > 
  at <NuxtRoot> @ http://localhost:3001/_nuxt/@fs/home/meebuzo/github/alternate-framework/apps/ecosystem/meeovi-frontend/node_modules/@sentry/core/build/esm/instrument/console.js?v=cfee6d51:42
[   12772ms] [WARNING] [Vue warn]: Avoid app logic that relies on enumerating keys on a component instance. The keys will be empty in production mode to avoid performance overhead. 
  at <VNavigationDrawer modelValue=undefined onUpdate:modelValue=fn location="right"  ... > 
  at <MenusTopmenuLayoutNotifications > 
  at <VCol class="notificationsHeader" > 
  at <VDefaultsProvider defaults= {VTabs: Object} > 
  at <VToolbar ref=Ref< Proxy(Object) > class="v-app-bar" style= {top: 0px, zIndex: 1012, transform: translateY(0px), position: fixed, height: undefined}  ... > 
  at <VAppBar id="topnav" > 
  at <MenusHeader drawer=false onToggleDrawer=fn > 
  at <ClientOnly > 
  at <VApp theme="light" class="auto-text" > 
  at <VResponsive class="border rounded" > 
  at <Default ref=Ref< Proxy(Object) > > 
  at <AsyncComponentWrapper ref=Ref< Proxy(Object) > > 
  at <LayoutLoader key="default" layoutProps= {ref: RefImpl} name="default" > 
  at <NuxtLayoutProvider layoutProps= {ref: RefImpl} key="default" name="default"  ... > 
  at <NuxtLayout > 
  at <App key=4 > 
  at <NuxtRoot> @ http://localhost:3001/_nuxt/@fs/home/meebuzo/github/alternate-framework/apps/ecosystem/meeovi-frontend/node_modules/@sentry/core/build/esm/instrument/console.js?v=cfee6d51:42
[   12776ms] [WARNING] [Vue warn]: Avoid app logic that relies on enumerating keys on a component instance. The keys will be empty in production mode to avoid performance overhead. 
  at <VNavigationDrawer modelValue=undefined onUpdate:modelValue=fn location="right"  ... > 
  at <MenusTopmenuLayoutNotifications > 
  at <VCol class="notificationsHeader" > 
  at <VDefaultsProvider defaults= {VTabs: Object} > 
  at <VToolbar ref=Ref< Proxy(Object) > class="v-app-bar" style= {top: 0px, zIndex: 1012, transform: translateY(0px), position: fixed, height: undefined}  ... > 
  at <VAppBar id="topnav" > 
  at <MenusHeader drawer=false onToggleDrawer=fn > 
  at <ClientOnly > 
  at <VApp theme="light" class="auto-text" > 
  at <VResponsive class="border rounded" > 
  at <Default ref=Ref< Proxy(Object) > > 
  at <AsyncComponentWrapper ref=Ref< Proxy(Object) > > 
  at <LayoutLoader key="default" layoutProps= {ref: RefImpl} name="default" > 
  at <NuxtLayoutProvider layoutProps= {ref: RefImpl} key="default" name="default"  ... > 
  at <NuxtLayout > 
  at <App key=4 > 
  at <NuxtRoot> @ http://localhost:3001/_nuxt/@fs/home/meebuzo/github/alternate-framework/apps/ecosystem/meeovi-frontend/node_modules/@sentry/core/build/esm/instrument/console.js?v=cfee6d51:42
[   12780ms] [WARNING] [Vue warn]: Avoid app logic that relies on enumerating keys on a component instance. The keys will be empty in production mode to avoid performance overhead. 
  at <VNavigationDrawer modelValue=undefined onUpdate:modelValue=fn location="right"  ... > 
  at <MenusTopmenuLayoutNotifications > 
  at <VCol class="notificationsHeader" > 
  at <VDefaultsProvider defaults= {VTabs: Object} > 
  at <VToolbar ref=Ref< Proxy(Object) > class="v-app-bar" style= {top: 0px, zIndex: 1012, transform: translateY(0px), position: fixed, height: undefined}  ... > 
  at <VAppBar id="topnav" > 
  at <MenusHeader drawer=false onToggleDrawer=fn > 
  at <ClientOnly > 
  at <VApp theme="light" class="auto-text" > 
  at <VResponsive class="border rounded" > 
  at <Default ref=Ref< Proxy(Object) > > 
  at <AsyncComponentWrapper ref=Ref< Proxy(Object) > > 
  at <LayoutLoader key="default" layoutProps= {ref: RefImpl} name="default" > 
  at <NuxtLayoutProvider layoutProps= {ref: RefImpl} key="default" name="default"  ... > 
  at <NuxtLayout > 
  at <App key=4 > 
  at <NuxtRoot> @ http://localhost:3001/_nuxt/@fs/home/meebuzo/github/alternate-framework/apps/ecosystem/meeovi-frontend/node_modules/@sentry/core/build/esm/instrument/console.js?v=cfee6d51:42
[   12783ms] [WARNING] [Vue warn]: Avoid app logic that relies on enumerating keys on a component instance. The keys will be empty in production mode to avoid performance overhead. 
  at <VNavigationDrawer modelValue=undefined onUpdate:modelValue=fn location="right"  ... > 
  at <MenusTopmenuLayoutNotifications > 
  at <VCol class="notificationsHeader" > 
  at <VDefaultsProvider defaults= {VTabs: Object} > 
  at <VToolbar ref=Ref< Proxy(Object) > class="v-app-bar" style= {top: 0px, zIndex: 1012, transform: translateY(0px), position: fixed, height: undefined}  ... > 
  at <VAppBar id="topnav" > 
  at <MenusHeader drawer=false onToggleDrawer=fn > 
  at <ClientOnly > 
  at <VApp theme="light" class="auto-text" > 
  at <VResponsive class="border rounded" > 
  at <Default ref=Ref< Proxy(Object) > > 
  at <AsyncComponentWrapper ref=Ref< Proxy(Object) > > 
  at <LayoutLoader key="default" layoutProps= {ref: RefImpl} name="default" > 
  at <NuxtLayoutProvider layoutProps= {ref: RefImpl} key="default" name="default"  ... > 
  at <NuxtLayout > 
  at <App key=4 > 
  at <NuxtRoot> @ http://localhost:3001/_nuxt/@fs/home/meebuzo/github/alternate-framework/apps/ecosystem/meeovi-frontend/node_modules/@sentry/core/build/esm/instrument/console.js?v=cfee6d51:42
[   12787ms] [WARNING] [Vue warn]: Avoid app logic that relies on enumerating keys on a component instance. The keys will be empty in production mode to avoid performance overhead. 
  at <VNavigationDrawer modelValue=undefined onUpdate:modelValue=fn location="right"  ... > 
  at <MenusTopmenuLayoutNotifications > 
  at <VCol class="notificationsHeader" > 
  at <VDefaultsProvider defaults= {VTabs: Object} > 
  at <VToolbar ref=Ref< Proxy(Object) > class="v-app-bar" style= {top: 0px, zIndex: 1012, transform: translateY(0px), position: fixed, height: undefined}  ... > 
  at <VAppBar id="topnav" > 
  at <MenusHeader drawer=false onToggleDrawer=fn > 
  at <ClientOnly > 
  at <VApp theme="light" class="auto-text" > 
  at <VResponsive class="border rounded" > 
  at <Default ref=Ref< Proxy(Object) > > 
  at <AsyncComponentWrapper ref=Ref< Proxy(Object) > > 
  at <LayoutLoader key="default" layoutProps= {ref: RefImpl} name="default" > 
  at <NuxtLayoutProvider layoutProps= {ref: RefImpl} key="default" name="default"  ... > 
  at <NuxtLayout > 
  at <App key=4 > 
  at <NuxtRoot> @ http://localhost:3001/_nuxt/@fs/home/meebuzo/github/alternate-framework/apps/ecosystem/meeovi-frontend/node_modules/@sentry/core/build/esm/instrument/console.js?v=cfee6d51:42
[   12792ms] [WARNING] [Vue warn]: Avoid app logic that relies on enumerating keys on a component instance. The keys will be empty in production mode to avoid performance overhead. 
  at <VNavigationDrawer modelValue=undefined onUpdate:modelValue=fn location="right"  ... > 
  at <MenusTopmenuLayoutNotifications > 
  at <VCol class="notificationsHeader" > 
  at <VDefaultsProvider defaults= {VTabs: Object} > 
  at <VToolbar ref=Ref< Proxy(Object) > class="v-app-bar" style= {top: 0px, zIndex: 1012, transform: translateY(0px), position: fixed, height: undefined}  ... > 
  at <VAppBar id="topnav" > 
  at <MenusHeader drawer=false onToggleDrawer=fn > 
  at <ClientOnly > 
  at <VApp theme="light" class="auto-text" > 
  at <VResponsive class="border rounded" > 
  at <Default ref=Ref< Proxy(Object) > > 
  at <AsyncComponentWrapper ref=Ref< Proxy(Object) > > 
  at <LayoutLoader key="default" layoutProps= {ref: RefImpl} name="default" > 
  at <NuxtLayoutProvider layoutProps= {ref: RefImpl} key="default" name="default"  ... > 
  at <NuxtLayout > 
  at <App key=4 > 
  at <NuxtRoot> @ http://localhost:3001/_nuxt/@fs/home/meebuzo/github/alternate-framework/apps/ecosystem/meeovi-frontend/node_modules/@sentry/core/build/esm/instrument/console.js?v=cfee6d51:42
[   12796ms] [WARNING] [Vue warn]: Avoid app logic that relies on enumerating keys on a component instance. The keys will be empty in production mode to avoid performance overhead. 
  at <VNavigationDrawer modelValue=undefined onUpdate:modelValue=fn location="right"  ... > 
  at <MenusTopmenuLayoutNotifications > 
  at <VCol class="notificationsHeader" > 
  at <VDefaultsProvider defaults= {VTabs: Object} > 
  at <VToolbar ref=Ref< Proxy(Object) > class="v-app-bar" style= {top: 0px, zIndex: 1012, transform: translateY(0px), position: fixed, height: undefined}  ... > 
  at <VAppBar id="topnav" > 
  at <MenusHeader drawer=false onToggleDrawer=fn > 
  at <ClientOnly > 
  at <VApp theme="light" class="auto-text" > 
  at <VResponsive class="border rounded" > 
  at <Default ref=Ref< Proxy(Object) > > 
  at <AsyncComponentWrapper ref=Ref< Proxy(Object) > > 
  at <LayoutLoader key="default" layoutProps= {ref: RefImpl} name="default" > 
  at <NuxtLayoutProvider layoutProps= {ref: RefImpl} key="default" name="default"  ... > 
  at <NuxtLayout > 
  at <App key=4 > 
  at <NuxtRoot> @ http://localhost:3001/_nuxt/@fs/home/meebuzo/github/alternate-framework/apps/ecosystem/meeovi-frontend/node_modules/@sentry/core/build/esm/instrument/console.js?v=cfee6d51:42
[   12802ms] [WARNING] [Vue warn]: Avoid app logic that relies on enumerating keys on a component instance. The keys will be empty in production mode to avoid performance overhead. 
  at <VNavigationDrawer modelValue=undefined onUpdate:modelValue=fn location="right"  ... > 
  at <MenusTopmenuLayoutNotifications > 
  at <VCol class="notificationsHeader" > 
  at <VDefaultsProvider defaults= {VTabs: Object} > 
  at <VToolbar ref=Ref< Proxy(Object) > class="v-app-bar" style= {top: 0px, zIndex: 1012, transform: translateY(0px), position: fixed, height: undefined}  ... > 
  at <VAppBar id="topnav" > 
  at <MenusHeader drawer=false onToggleDrawer=fn > 
  at <ClientOnly > 
  at <VApp theme="light" class="auto-text" > 
  at <VResponsive class="border rounded" > 
  at <Default ref=Ref< Proxy(Object) > > 
  at <AsyncComponentWrapper ref=Ref< Proxy(Object) > > 
  at <LayoutLoader key="default" layoutProps= {ref: RefImpl} name="default" > 
  at <NuxtLayoutProvider layoutProps= {ref: RefImpl} key="default" name="default"  ... > 
  at <NuxtLayout > 
  at <App key=4 > 
  at <NuxtRoot> @ http://localhost:3001/_nuxt/@fs/home/meebuzo/github/alternate-framework/apps/ecosystem/meeovi-frontend/node_modules/@sentry/core/build/esm/instrument/console.js?v=cfee6d51:42
[   12806ms] [WARNING] [Vue warn]: Avoid app logic that relies on enumerating keys on a component instance. The keys will be empty in production mode to avoid performance overhead. 
  at <VNavigationDrawer modelValue=undefined onUpdate:modelValue=fn location="right"  ... > 
  at <MenusTopmenuLayoutNotifications > 
  at <VCol class="notificationsHeader" > 
  at <VDefaultsProvider defaults= {VTabs: Object} > 
  at <VToolbar ref=Ref< Proxy(Object) > class="v-app-bar" style= {top: 0px, zIndex: 1012, transform: translateY(0px), position: fixed, height: undefined}  ... > 
  at <VAppBar id="topnav" > 
  at <MenusHeader drawer=false onToggleDrawer=fn > 
  at <ClientOnly > 
  at <VApp theme="light" class="auto-text" > 
  at <VResponsive class="border rounded" > 
  at <Default ref=Ref< Proxy(Object) > > 
  at <AsyncComponentWrapper ref=Ref< Proxy(Object) > > 
  at <LayoutLoader key="default" layoutProps= {ref: RefImpl} name="default" > 
  at <NuxtLayoutProvider layoutProps= {ref: RefImpl} key="default" name="default"  ... > 
  at <NuxtLayout > 
  at <App key=4 > 
  at <NuxtRoot> @ http://localhost:3001/_nuxt/@fs/home/meebuzo/github/alternate-framework/apps/ecosystem/meeovi-frontend/node_modules/@sentry/core/build/esm/instrument/console.js?v=cfee6d51:42
[   12811ms] [WARNING] [Vue warn]: Avoid app logic that relies on enumerating keys on a component instance. The keys will be empty in production mode to avoid performance overhead. 
  at <VNavigationDrawer modelValue=undefined onUpdate:modelValue=fn location="right"  ... > 
  at <MenusTopmenuLayoutNotifications > 
  at <VCol class="notificationsHeader" > 
  at <VDefaultsProvider defaults= {VTabs: Object} > 
  at <VToolbar ref=Ref< Proxy(Object) > class="v-app-bar" style= {top: 0px, zIndex: 1012, transform: translateY(0px), position: fixed, height: undefined}  ... > 
  at <VAppBar id="topnav" > 
  at <MenusHeader drawer=false onToggleDrawer=fn > 
  at <ClientOnly > 
  at <VApp theme="light" class="auto-text" > 
  at <VResponsive class="border rounded" > 
  at <Default ref=Ref< Proxy(Object) > > 
  at <AsyncComponentWrapper ref=Ref< Proxy(Object) > > 
  at <LayoutLoader key="default" layoutProps= {ref: RefImpl} name="default" > 
  at <NuxtLayoutProvider layoutProps= {ref: RefImpl} key="default" name="default"  ... > 
  at <NuxtLayout > 
  at <App key=4 > 
  at <NuxtRoot> @ http://localhost:3001/_nuxt/@fs/home/meebuzo/github/alternate-framework/apps/ecosystem/meeovi-frontend/node_modules/@sentry/core/build/esm/instrument/console.js?v=cfee6d51:42
[   12815ms] [WARNING] [Vue warn]: Avoid app logic that relies on enumerating keys on a component instance. The keys will be empty in production mode to avoid performance overhead. 
  at <VNavigationDrawer modelValue=undefined onUpdate:modelValue=fn location="right"  ... > 
  at <MenusTopmenuLayoutNotifications > 
  at <VCol class="notificationsHeader" > 
  at <VDefaultsProvider defaults= {VTabs: Object} > 
  at <VToolbar ref=Ref< Proxy(Object) > class="v-app-bar" style= {top: 0px, zIndex: 1012, transform: translateY(0px), position: fixed, height: undefined}  ... > 
  at <VAppBar id="topnav" > 
  at <MenusHeader drawer=false onToggleDrawer=fn > 
  at <ClientOnly > 
  at <VApp theme="light" class="auto-text" > 
  at <VResponsive class="border rounded" > 
  at <Default ref=Ref< Proxy(Object) > > 
  at <AsyncComponentWrapper ref=Ref< Proxy(Object) > > 
  at <LayoutLoader key="default" layoutProps= {ref: RefImpl} name="default" > 
  at <NuxtLayoutProvider layoutProps= {ref: RefImpl} key="default" name="default"  ... > 
  at <NuxtLayout > 
  at <App key=4 > 
  at <NuxtRoot> @ http://localhost:3001/_nuxt/@fs/home/meebuzo/github/alternate-framework/apps/ecosystem/meeovi-frontend/node_modules/@sentry/core/build/esm/instrument/console.js?v=cfee6d51:42
[   12820ms] [WARNING] [Vue warn]: Avoid app logic that relies on enumerating keys on a component instance. The keys will be empty in production mode to avoid performance overhead. 
  at <VNavigationDrawer modelValue=undefined onUpdate:modelValue=fn location="right"  ... > 
  at <MenusTopmenuLayoutNotifications > 
  at <VCol class="notificationsHeader" > 
  at <VDefaultsProvider defaults= {VTabs: Object} > 
  at <VToolbar ref=Ref< Proxy(Object) > class="v-app-bar" style= {top: 0px, zIndex: 1012, transform: translateY(0px), position: fixed, height: undefined}  ... > 
  at <VAppBar id="topnav" > 
  at <MenusHeader drawer=false onToggleDrawer=fn > 
  at <ClientOnly > 
  at <VApp theme="light" class="auto-text" > 
  at <VResponsive class="border rounded" > 
  at <Default ref=Ref< Proxy(Object) > > 
  at <AsyncComponentWrapper ref=Ref< Proxy(Object) > > 
  at <LayoutLoader key="default" layoutProps= {ref: RefImpl} name="default" > 
  at <NuxtLayoutProvider layoutProps= {ref: RefImpl} key="default" name="default"  ... > 
  at <NuxtLayout > 
  at <App key=4 > 
  at <NuxtRoot> @ http://localhost:3001/_nuxt/@fs/home/meebuzo/github/alternate-framework/apps/ecosystem/meeovi-frontend/node_modules/@sentry/core/build/esm/instrument/console.js?v=cfee6d51:42
[   12825ms] [WARNING] [Vue warn]: Avoid app logic that relies on enumerating keys on a component instance. The keys will be empty in production mode to avoid performance overhead. 
  at <VNavigationDrawer modelValue=undefined onUpdate:modelValue=fn location="right"  ... > 
  at <MenusTopmenuLayoutNotifications > 
  at <VCol class="notificationsHeader" > 
  at <VDefaultsProvider defaults= {VTabs: Object} > 
  at <VToolbar ref=Ref< Proxy(Object) > class="v-app-bar" style= {top: 0px, zIndex: 1012, transform: translateY(0px), position: fixed, height: undefined}  ... > 
  at <VAppBar id="topnav" > 
  at <MenusHeader drawer=false onToggleDrawer=fn > 
  at <ClientOnly > 
  at <VApp theme="light" class="auto-text" > 
  at <VResponsive class="border rounded" > 
  at <Default ref=Ref< Proxy(Object) > > 
  at <AsyncComponentWrapper ref=Ref< Proxy(Object) > > 
  at <LayoutLoader key="default" layoutProps= {ref: RefImpl} name="default" > 
  at <NuxtLayoutProvider layoutProps= {ref: RefImpl} key="default" name="default"  ... > 
  at <NuxtLayout > 
  at <App key=4 > 
  at <NuxtRoot> @ http://localhost:3001/_nuxt/@fs/home/meebuzo/github/alternate-framework/apps/ecosystem/meeovi-frontend/node_modules/@sentry/core/build/esm/instrument/console.js?v=cfee6d51:42
[   12829ms] [WARNING] [Vue warn]: Avoid app logic that relies on enumerating keys on a component instance. The keys will be empty in production mode to avoid performance overhead. 
  at <VNavigationDrawer modelValue=undefined onUpdate:modelValue=fn location="right"  ... > 
  at <MenusTopmenuLayoutNotifications > 
  at <VCol class="notificationsHeader" > 
  at <VDefaultsProvider defaults= {VTabs: Object} > 
  at <VToolbar ref=Ref< Proxy(Object) > class="v-app-bar" style= {top: 0px, zIndex: 1012, transform: translateY(0px), position: fixed, height: undefined}  ... > 
  at <VAppBar id="topnav" > 
  at <MenusHeader drawer=false onToggleDrawer=fn > 
  at <ClientOnly > 
  at <VApp theme="light" class="auto-text" > 
  at <VResponsive class="border rounded" > 
  at <Default ref=Ref< Proxy(Object) > > 
  at <AsyncComponentWrapper ref=Ref< Proxy(Object) > > 
  at <LayoutLoader key="default" layoutProps= {ref: RefImpl} name="default" > 
  at <NuxtLayoutProvider layoutProps= {ref: RefImpl} key="default" name="default"  ... > 
  at <NuxtLayout > 
  at <App key=4 > 
  at <NuxtRoot> @ http://localhost:3001/_nuxt/@fs/home/meebuzo/github/alternate-framework/apps/ecosystem/meeovi-frontend/node_modules/@sentry/core/build/esm/instrument/console.js?v=cfee6d51:42
[   12832ms] [WARNING] [Vue warn]: Avoid app logic that relies on enumerating keys on a component instance. The keys will be empty in production mode to avoid performance overhead. 
  at <VNavigationDrawer modelValue=undefined onUpdate:modelValue=fn location="right"  ... > 
  at <MenusTopmenuLayoutNotifications > 
  at <VCol class="notificationsHeader" > 
  at <VDefaultsProvider defaults= {VTabs: Object} > 
  at <VToolbar ref=Ref< Proxy(Object) > class="v-app-bar" style= {top: 0px, zIndex: 1012, transform: translateY(0px), position: fixed, height: undefined}  ... > 
  at <VAppBar id="topnav" > 
  at <MenusHeader drawer=false onToggleDrawer=fn > 
  at <ClientOnly > 
  at <VApp theme="light" class="auto-text" > 
  at <VResponsive class="border rounded" > 
  at <Default ref=Ref< Proxy(Object) > > 
  at <AsyncComponentWrapper ref=Ref< Proxy(Object) > > 
  at <LayoutLoader key="default" layoutProps= {ref: RefImpl} name="default" > 
  at <NuxtLayoutProvider layoutProps= {ref: RefImpl} key="default" name="default"  ... > 
  at <NuxtLayout > 
  at <App key=4 > 
  at <NuxtRoot> @ http://localhost:3001/_nuxt/@fs/home/meebuzo/github/alternate-framework/apps/ecosystem/meeovi-frontend/node_modules/@sentry/core/build/esm/instrument/console.js?v=cfee6d51:42
[   12836ms] [WARNING] [Vue warn]: Avoid app logic that relies on enumerating keys on a component instance. The keys will be empty in production mode to avoid performance overhead. 
  at <VNavigationDrawer modelValue=undefined onUpdate:modelValue=fn location="right"  ... > 
  at <MenusTopmenuLayoutNotifications > 
  at <VCol class="notificationsHeader" > 
  at <VDefaultsProvider defaults= {VTabs: Object} > 
  at <VToolbar ref=Ref< Proxy(Object) > class="v-app-bar" style= {top: 0px, zIndex: 1012, transform: translateY(0px), position: fixed, height: undefined}  ... > 
  at <VAppBar id="topnav" > 
  at <MenusHeader drawer=false onToggleDrawer=fn > 
  at <ClientOnly > 
  at <VApp theme="light" class="auto-text" > 
  at <VResponsive class="border rounded" > 
  at <Default ref=Ref< Proxy(Object) > > 
  at <AsyncComponentWrapper ref=Ref< Proxy(Object) > > 
  at <LayoutLoader key="default" layoutProps= {ref: RefImpl} name="default" > 
  at <NuxtLayoutProvider layoutProps= {ref: RefImpl} key="default" name="default"  ... > 
  at <NuxtLayout > 
  at <App key=4 > 
  at <NuxtRoot> @ http://localhost:3001/_nuxt/@fs/home/meebuzo/github/alternate-framework/apps/ecosystem/meeovi-frontend/node_modules/@sentry/core/build/esm/instrument/console.js?v=cfee6d51:42
[   12840ms] [WARNING] [Vue warn]: Avoid app logic that relies on enumerating keys on a component instance. The keys will be empty in production mode to avoid performance overhead. 
  at <VNavigationDrawer modelValue=undefined onUpdate:modelValue=fn location="right"  ... > 
  at <MenusTopmenuLayoutNotifications > 
  at <VCol class="notificationsHeader" > 
  at <VDefaultsProvider defaults= {VTabs: Object} > 
  at <VToolbar ref=Ref< Proxy(Object) > class="v-app-bar" style= {top: 0px, zIndex: 1012, transform: translateY(0px), position: fixed, height: undefined}  ... > 
  at <VAppBar id="topnav" > 
  at <MenusHeader drawer=false onToggleDrawer=fn > 
  at <ClientOnly > 
  at <VApp theme="light" class="auto-text" > 
  at <VResponsive class="border rounded" > 
  at <Default ref=Ref< Proxy(Object) > > 
  at <AsyncComponentWrapper ref=Ref< Proxy(Object) > > 
  at <LayoutLoader key="default" layoutProps= {ref: RefImpl} name="default" > 
  at <NuxtLayoutProvider layoutProps= {ref: RefImpl} key="default" name="default"  ... > 
  at <NuxtLayout > 
  at <App key=4 > 
  at <NuxtRoot> @ http://localhost:3001/_nuxt/@fs/home/meebuzo/github/alternate-framework/apps/ecosystem/meeovi-frontend/node_modules/@sentry/core/build/esm/instrument/console.js?v=cfee6d51:42
[   12845ms] [WARNING] [Vue warn]: Avoid app logic that relies on enumerating keys on a component instance. The keys will be empty in production mode to avoid performance overhead. 
  at <VNavigationDrawer modelValue=undefined onUpdate:modelValue=fn location="right"  ... > 
  at <MenusTopmenuLayoutNotifications > 
  at <VCol class="notificationsHeader" > 
  at <VDefaultsProvider defaults= {VTabs: Object} > 
  at <VToolbar ref=Ref< Proxy(Object) > class="v-app-bar" style= {top: 0px, zIndex: 1012, transform: translateY(0px), position: fixed, height: undefined}  ... > 
  at <VAppBar id="topnav" > 
  at <MenusHeader drawer=false onToggleDrawer=fn > 
  at <ClientOnly > 
  at <VApp theme="light" class="auto-text" > 
  at <VResponsive class="border rounded" > 
  at <Default ref=Ref< Proxy(Object) > > 
  at <AsyncComponentWrapper ref=Ref< Proxy(Object) > > 
  at <LayoutLoader key="default" layoutProps= {ref: RefImpl} name="default" > 
  at <NuxtLayoutProvider layoutProps= {ref: RefImpl} key="default" name="default"  ... > 
  at <NuxtLayout > 
  at <App key=4 > 
  at <NuxtRoot> @ http://localhost:3001/_nuxt/@fs/home/meebuzo/github/alternate-framework/apps/ecosystem/meeovi-frontend/node_modules/@sentry/core/build/esm/instrument/console.js?v=cfee6d51:42
[   12850ms] [WARNING] [Vue warn]: Avoid app logic that relies on enumerating keys on a component instance. The keys will be empty in production mode to avoid performance overhead. 
  at <VNavigationDrawer modelValue=undefined onUpdate:modelValue=fn location="right"  ... > 
  at <MenusTopmenuLayoutNotifications > 
  at <VCol class="notificationsHeader" > 
  at <VDefaultsProvider defaults= {VTabs: Object} > 
  at <VToolbar ref=Ref< Proxy(Object) > class="v-app-bar" style= {top: 0px, zIndex: 1012, transform: translateY(0px), position: fixed, height: undefined}  ... > 
  at <VAppBar id="topnav" > 
  at <MenusHeader drawer=false onToggleDrawer=fn > 
  at <ClientOnly > 
  at <VApp theme="light" class="auto-text" > 
  at <VResponsive class="border rounded" > 
  at <Default ref=Ref< Proxy(Object) > > 
  at <AsyncComponentWrapper ref=Ref< Proxy(Object) > > 
  at <LayoutLoader key="default" layoutProps= {ref: RefImpl} name="default" > 
  at <NuxtLayoutProvider layoutProps= {ref: RefImpl} key="default" name="default"  ... > 
  at <NuxtLayout > 
  at <App key=4 > 
  at <NuxtRoot> @ http://localhost:3001/_nuxt/@fs/home/meebuzo/github/alternate-framework/apps/ecosystem/meeovi-frontend/node_modules/@sentry/core/build/esm/instrument/console.js?v=cfee6d51:42
[   12855ms] [WARNING] [Vue warn]: Avoid app logic that relies on enumerating keys on a component instance. The keys will be empty in production mode to avoid performance overhead. 
  at <VNavigationDrawer modelValue=undefined onUpdate:modelValue=fn location="right"  ... > 
  at <MenusTopmenuLayoutNotifications > 
  at <VCol class="notificationsHeader" > 
  at <VDefaultsProvider defaults= {VTabs: Object} > 
  at <VToolbar ref=Ref< Proxy(Object) > class="v-app-bar" style= {top: 0px, zIndex: 1012, transform: translateY(0px), position: fixed, height: undefined}  ... > 
  at <VAppBar id="topnav" > 
  at <MenusHeader drawer=false onToggleDrawer=fn > 
  at <ClientOnly > 
  at <VApp theme="light" class="auto-text" > 
  at <VResponsive class="border rounded" > 
  at <Default ref=Ref< Proxy(Object) > > 
  at <AsyncComponentWrapper ref=Ref< Proxy(Object) > > 
  at <LayoutLoader key="default" layoutProps= {ref: RefImpl} name="default" > 
  at <NuxtLayoutProvider layoutProps= {ref: RefImpl} key="default" name="default"  ... > 
  at <NuxtLayout > 
  at <App key=4 > 
  at <NuxtRoot> @ http://localhost:3001/_nuxt/@fs/home/meebuzo/github/alternate-framework/apps/ecosystem/meeovi-frontend/node_modules/@sentry/core/build/esm/instrument/console.js?v=cfee6d51:42
[   12859ms] [WARNING] [Vue warn]: Avoid app logic that relies on enumerating keys on a component instance. The keys will be empty in production mode to avoid performance overhead. 
  at <VNavigationDrawer modelValue=undefined onUpdate:modelValue=fn location="right"  ... > 
  at <MenusTopmenuLayoutNotifications > 
  at <VCol class="notificationsHeader" > 
  at <VDefaultsProvider defaults= {VTabs: Object} > 
  at <VToolbar ref=Ref< Proxy(Object) > class="v-app-bar" style= {top: 0px, zIndex: 1012, transform: translateY(0px), position: fixed, height: undefined}  ... > 
  at <VAppBar id="topnav" > 
  at <MenusHeader drawer=false onToggleDrawer=fn > 
  at <ClientOnly > 
  at <VApp theme="light" class="auto-text" > 
  at <VResponsive class="border rounded" > 
  at <Default ref=Ref< Proxy(Object) > > 
  at <AsyncComponentWrapper ref=Ref< Proxy(Object) > > 
  at <LayoutLoader key="default" layoutProps= {ref: RefImpl} name="default" > 
  at <NuxtLayoutProvider layoutProps= {ref: RefImpl} key="default" name="default"  ... > 
  at <NuxtLayout > 
  at <App key=4 > 
  at <NuxtRoot> @ http://localhost:3001/_nuxt/@fs/home/meebuzo/github/alternate-framework/apps/ecosystem/meeovi-frontend/node_modules/@sentry/core/build/esm/instrument/console.js?v=cfee6d51:42
[   12864ms] [WARNING] [Vue warn]: Avoid app logic that relies on enumerating keys on a component instance. The keys will be empty in production mode to avoid performance overhead. 
  at <VNavigationDrawer modelValue=undefined onUpdate:modelValue=fn location="right"  ... > 
  at <MenusTopmenuLayoutNotifications > 
  at <VCol class="notificationsHeader" > 
  at <VDefaultsProvider defaults= {VTabs: Object} > 
  at <VToolbar ref=Ref< Proxy(Object) > class="v-app-bar" style= {top: 0px, zIndex: 1012, transform: translateY(0px), position: fixed, height: undefined}  ... > 
  at <VAppBar id="topnav" > 
  at <MenusHeader drawer=false onToggleDrawer=fn > 
  at <ClientOnly > 
  at <VApp theme="light" class="auto-text" > 
  at <VResponsive class="border rounded" > 
  at <Default ref=Ref< Proxy(Object) > > 
  at <AsyncComponentWrapper ref=Ref< Proxy(Object) > > 
  at <LayoutLoader key="default" layoutProps= {ref: RefImpl} name="default" > 
  at <NuxtLayoutProvider layoutProps= {ref: RefImpl} key="default" name="default"  ... > 
  at <NuxtLayout > 
  at <App key=4 > 
  at <NuxtRoot> @ http://localhost:3001/_nuxt/@fs/home/meebuzo/github/alternate-framework/apps/ecosystem/meeovi-frontend/node_modules/@sentry/core/build/esm/instrument/console.js?v=cfee6d51:42
[   12870ms] [WARNING] [Vue warn]: Avoid app logic that relies on enumerating keys on a component instance. The keys will be empty in production mode to avoid performance overhead. 
  at <VNavigationDrawer modelValue=undefined onUpdate:modelValue=fn location="right"  ... > 
  at <MenusTopmenuLayoutNotifications > 
  at <VCol class="notificationsHeader" > 
  at <VDefaultsProvider defaults= {VTabs: Object} > 
  at <VToolbar ref=Ref< Proxy(Object) > class="v-app-bar" style= {top: 0px, zIndex: 1012, transform: translateY(0px), position: fixed, height: undefined}  ... > 
  at <VAppBar id="topnav" > 
  at <MenusHeader drawer=false onToggleDrawer=fn > 
  at <ClientOnly > 
  at <VApp theme="light" class="auto-text" > 
  at <VResponsive class="border rounded" > 
  at <Default ref=Ref< Proxy(Object) > > 
  at <AsyncComponentWrapper ref=Ref< Proxy(Object) > > 
  at <LayoutLoader key="default" layoutProps= {ref: RefImpl} name="default" > 
  at <NuxtLayoutProvider layoutProps= {ref: RefImpl} key="default" name="default"  ... > 
  at <NuxtLayout > 
  at <App key=4 > 
  at <NuxtRoot> @ http://localhost:3001/_nuxt/@fs/home/meebuzo/github/alternate-framework/apps/ecosystem/meeovi-frontend/node_modules/@sentry/core/build/esm/instrument/console.js?v=cfee6d51:42
[   12875ms] [WARNING] [Vue warn]: Avoid app logic that relies on enumerating keys on a component instance. The keys will be empty in production mode to avoid performance overhead. 
  at <VNavigationDrawer modelValue=undefined onUpdate:modelValue=fn location="right"  ... > 
  at <MenusTopmenuLayoutNotifications > 
  at <VCol class="notificationsHeader" > 
  at <VDefaultsProvider defaults= {VTabs: Object} > 
  at <VToolbar ref=Ref< Proxy(Object) > class="v-app-bar" style= {top: 0px, zIndex: 1012, transform: translateY(0px), position: fixed, height: undefined}  ... > 
  at <VAppBar id="topnav" > 
  at <MenusHeader drawer=false onToggleDrawer=fn > 
  at <ClientOnly > 
  at <VApp theme="light" class="auto-text" > 
  at <VResponsive class="border rounded" > 
  at <Default ref=Ref< Proxy(Object) > > 
  at <AsyncComponentWrapper ref=Ref< Proxy(Object) > > 
  at <LayoutLoader key="default" layoutProps= {ref: RefImpl} name="default" > 
  at <NuxtLayoutProvider layoutProps= {ref: RefImpl} key="default" name="default"  ... > 
  at <NuxtLayout > 
  at <App key=4 > 
  at <NuxtRoot> @ http://localhost:3001/_nuxt/@fs/home/meebuzo/github/alternate-framework/apps/ecosystem/meeovi-frontend/node_modules/@sentry/core/build/esm/instrument/console.js?v=cfee6d51:42
[   12880ms] [WARNING] [Vue warn]: Avoid app logic that relies on enumerating keys on a component instance. The keys will be empty in production mode to avoid performance overhead. 
  at <VNavigationDrawer modelValue=undefined onUpdate:modelValue=fn location="right"  ... > 
  at <MenusTopmenuLayoutNotifications > 
  at <VCol class="notificationsHeader" > 
  at <VDefaultsProvider defaults= {VTabs: Object} > 
  at <VToolbar ref=Ref< Proxy(Object) > class="v-app-bar" style= {top: 0px, zIndex: 1012, transform: translateY(0px), position: fixed, height: undefined}  ... > 
  at <VAppBar id="topnav" > 
  at <MenusHeader drawer=false onToggleDrawer=fn > 
  at <ClientOnly > 
  at <VApp theme="light" class="auto-text" > 
  at <VResponsive class="border rounded" > 
  at <Default ref=Ref< Proxy(Object) > > 
  at <AsyncComponentWrapper ref=Ref< Proxy(Object) > > 
  at <LayoutLoader key="default" layoutProps= {ref: RefImpl} name="default" > 
  at <NuxtLayoutProvider layoutProps= {ref: RefImpl} key="default" name="default"  ... > 
  at <NuxtLayout > 
  at <App key=4 > 
  at <NuxtRoot> @ http://localhost:3001/_nuxt/@fs/home/meebuzo/github/alternate-framework/apps/ecosystem/meeovi-frontend/node_modules/@sentry/core/build/esm/instrument/console.js?v=cfee6d51:42
[   12885ms] [WARNING] [Vue warn]: Avoid app logic that relies on enumerating keys on a component instance. The keys will be empty in production mode to avoid performance overhead. 
  at <VNavigationDrawer modelValue=undefined onUpdate:modelValue=fn location="right"  ... > 
  at <MenusTopmenuLayoutNotifications > 
  at <VCol class="notificationsHeader" > 
  at <VDefaultsProvider defaults= {VTabs: Object} > 
  at <VToolbar ref=Ref< Proxy(Object) > class="v-app-bar" style= {top: 0px, zIndex: 1012, transform: translateY(0px), position: fixed, height: undefined}  ... > 
  at <VAppBar id="topnav" > 
  at <MenusHeader drawer=false onToggleDrawer=fn > 
  at <ClientOnly > 
  at <VApp theme="light" class="auto-text" > 
  at <VResponsive class="border rounded" > 
  at <Default ref=Ref< Proxy(Object) > > 
  at <AsyncComponentWrapper ref=Ref< Proxy(Object) > > 
  at <LayoutLoader key="default" layoutProps= {ref: RefImpl} name="default" > 
  at <NuxtLayoutProvider layoutProps= {ref: RefImpl} key="default" name="default"  ... > 
  at <NuxtLayout > 
  at <App key=4 > 
  at <NuxtRoot> @ http://localhost:3001/_nuxt/@fs/home/meebuzo/github/alternate-framework/apps/ecosystem/meeovi-frontend/node_modules/@sentry/core/build/esm/instrument/console.js?v=cfee6d51:42
[   12891ms] [WARNING] [Vue warn]: Avoid app logic that relies on enumerating keys on a component instance. The keys will be empty in production mode to avoid performance overhead. 
  at <VNavigationDrawer modelValue=undefined onUpdate:modelValue=fn location="right"  ... > 
  at <MenusTopmenuLayoutNotifications > 
  at <VCol class="notificationsHeader" > 
  at <VDefaultsProvider defaults= {VTabs: Object} > 
  at <VToolbar ref=Ref< Proxy(Object) > class="v-app-bar" style= {top: 0px, zIndex: 1012, transform: translateY(0px), position: fixed, height: undefined}  ... > 
  at <VAppBar id="topnav" > 
  at <MenusHeader drawer=false onToggleDrawer=fn > 
  at <ClientOnly > 
  at <VApp theme="light" class="auto-text" > 
  at <VResponsive class="border rounded" > 
  at <Default ref=Ref< Proxy(Object) > > 
  at <AsyncComponentWrapper ref=Ref< Proxy(Object) > > 
  at <LayoutLoader key="default" layoutProps= {ref: RefImpl} name="default" > 
  at <NuxtLayoutProvider layoutProps= {ref: RefImpl} key="default" name="default"  ... > 
  at <NuxtLayout > 
  at <App key=4 > 
  at <NuxtRoot> @ http://localhost:3001/_nuxt/@fs/home/meebuzo/github/alternate-framework/apps/ecosystem/meeovi-frontend/node_modules/@sentry/core/build/esm/instrument/console.js?v=cfee6d51:42
[   12898ms] [WARNING] [Vue warn]: Avoid app logic that relies on enumerating keys on a component instance. The keys will be empty in production mode to avoid performance overhead. 
  at <VNavigationDrawer modelValue=undefined onUpdate:modelValue=fn location="right"  ... > 
  at <MenusTopmenuLayoutNotifications > 
  at <VCol class="notificationsHeader" > 
  at <VDefaultsProvider defaults= {VTabs: Object} > 
  at <VToolbar ref=Ref< Proxy(Object) > class="v-app-bar" style= {top: 0px, zIndex: 1012, transform: translateY(0px), position: fixed, height: undefined}  ... > 
  at <VAppBar id="topnav" > 
  at <MenusHeader drawer=false onToggleDrawer=fn > 
  at <ClientOnly > 
  at <VApp theme="light" class="auto-text" > 
  at <VResponsive class="border rounded" > 
  at <Default ref=Ref< Proxy(Object) > > 
  at <AsyncComponentWrapper ref=Ref< Proxy(Object) > > 
  at <LayoutLoader key="default" layoutProps= {ref: RefImpl} name="default" > 
  at <NuxtLayoutProvider layoutProps= {ref: RefImpl} key="default" name="default"  ... > 
  at <NuxtLayout > 
  at <App key=4 > 
  at <NuxtRoot> @ http://localhost:3001/_nuxt/@fs/home/meebuzo/github/alternate-framework/apps/ecosystem/meeovi-frontend/node_modules/@sentry/core/build/esm/instrument/console.js?v=cfee6d51:42
[   12904ms] [ERROR] Connecting to 'https://o996770.ingest.us.sentry.io/api/5955273/envelope/?sentry_version=7&sentry_key=df1b90fab7c44ce8aef097a63b468d61&sentry_client=sentry.javascript.nuxt%2F10.63.0' violates the following Content Security Policy directive: "connect-src 'self' https://*.mux.com". The action has been blocked. @ http://localhost:3001/_nuxt/@fs/home/meebuzo/github/alternate-framework/apps/ecosystem/meeovi-frontend/node_modules/@sentry/browser/build/npm/esm/dev/transports/fetch.js?v=cfee6d51:31
[   12904ms] [ERROR] Fetch API cannot load https://o996770.ingest.us.sentry.io/api/5955273/envelope/?sentry_version=7&sentry_key=df1b90fab7c44ce8aef097a63b468d61&sentry_client=sentry.javascript.nuxt%2F10.63.0. Refused to connect because it violates the document's Content Security Policy. @ http://localhost:3001/_nuxt/@fs/home/meebuzo/github/alternate-framework/apps/ecosystem/meeovi-frontend/node_modules/@sentry/browser/build/npm/esm/dev/transports/fetch.js?v=cfee6d51:31
[   12905ms] [ERROR] Failed to load resource: the server responded with a status of 500 (Server Error) @ http://localhost:3001/q_auto/images/logo512alpha.png:0
[   12911ms] [WARNING] [Vue warn]: Avoid app logic that relies on enumerating keys on a component instance. The keys will be empty in production mode to avoid performance overhead. 
  at <VNavigationDrawer modelValue=undefined onUpdate:modelValue=fn location="right"  ... > 
  at <MenusTopmenuLayoutNotifications > 
  at <VCol class="notificationsHeader" > 
  at <VDefaultsProvider defaults= {VTabs: Object} > 
  at <VToolbar ref=Ref< Proxy(Object) > class="v-app-bar" style= {top: 0px, zIndex: 1012, transform: translateY(0px), position: fixed, height: undefined}  ... > 
  at <VAppBar id="topnav" > 
  at <MenusHeader drawer=false onToggleDrawer=fn > 
  at <ClientOnly > 
  at <VApp theme="light" class="auto-text" > 
  at <VResponsive class="border rounded" > 
  at <Default ref=Ref< Proxy(Object) > > 
  at <AsyncComponentWrapper ref=Ref< Proxy(Object) > > 
  at <LayoutLoader key="default" layoutProps= {ref: RefImpl} name="default" > 
  at <NuxtLayoutProvider layoutProps= {ref: RefImpl} key="default" name="default"  ... > 
  at <NuxtLayout > 
  at <App key=4 > 
  at <NuxtRoot> @ http://localhost:3001/_nuxt/@fs/home/meebuzo/github/alternate-framework/apps/ecosystem/meeovi-frontend/node_modules/@sentry/core/build/esm/instrument/console.js?v=cfee6d51:42
[   12916ms] [WARNING] [Vue warn]: Avoid app logic that relies on enumerating keys on a component instance. The keys will be empty in production mode to avoid performance overhead. 
  at <VNavigationDrawer modelValue=undefined onUpdate:modelValue=fn location="right"  ... > 
  at <MenusTopmenuLayoutNotifications > 
  at <VCol class="notificationsHeader" > 
  at <VDefaultsProvider defaults= {VTabs: Object} > 
  at <VToolbar ref=Ref< Proxy(Object) > class="v-app-bar" style= {top: 0px, zIndex: 1012, transform: translateY(0px), position: fixed, height: undefined}  ... > 
  at <VAppBar id="topnav" > 
  at <MenusHeader drawer=false onToggleDrawer=fn > 
  at <ClientOnly > 
  at <VApp theme="light" class="auto-text" > 
  at <VResponsive class="border rounded" > 
  at <Default ref=Ref< Proxy(Object) > > 
  at <AsyncComponentWrapper ref=Ref< Proxy(Object) > > 
  at <LayoutLoader key="default" layoutProps= {ref: RefImpl} name="default" > 
  at <NuxtLayoutProvider layoutProps= {ref: RefImpl} key="default" name="default"  ... > 
  at <NuxtLayout > 
  at <App key=4 > 
  at <NuxtRoot> @ http://localhost:3001/_nuxt/@fs/home/meebuzo/github/alternate-framework/apps/ecosystem/meeovi-frontend/node_modules/@sentry/core/build/esm/instrument/console.js?v=cfee6d51:42
[   12923ms] [WARNING] [Vue warn]: Avoid app logic that relies on enumerating keys on a component instance. The keys will be empty in production mode to avoid performance overhead. 
  at <VNavigationDrawer modelValue=undefined onUpdate:modelValue=fn location="right"  ... > 
  at <MenusTopmenuLayoutNotifications > 
  at <VCol class="notificationsHeader" > 
  at <VDefaultsProvider defaults= {VTabs: Object} > 
  at <VToolbar ref=Ref< Proxy(Object) > class="v-app-bar" style= {top: 0px, zIndex: 1012, transform: translateY(0px), position: fixed, height: undefined}  ... > 
  at <VAppBar id="topnav" > 
  at <MenusHeader drawer=false onToggleDrawer=fn > 
  at <ClientOnly > 
  at <VApp theme="light" class="auto-text" > 
  at <VResponsive class="border rounded" > 
  at <Default ref=Ref< Proxy(Object) > > 
  at <AsyncComponentWrapper ref=Ref< Proxy(Object) > > 
  at <LayoutLoader key="default" layoutProps= {ref: RefImpl} name="default" > 
  at <NuxtLayoutProvider layoutProps= {ref: RefImpl} key="default" name="default"  ... > 
  at <NuxtLayout > 
  at <App key=4 > 
  at <NuxtRoot> @ http://localhost:3001/_nuxt/@fs/home/meebuzo/github/alternate-framework/apps/ecosystem/meeovi-frontend/node_modules/@sentry/core/build/esm/instrument/console.js?v=cfee6d51:42
[   12929ms] [WARNING] [Vue warn]: Avoid app logic that relies on enumerating keys on a component instance. The keys will be empty in production mode to avoid performance overhead. 
  at <VNavigationDrawer modelValue=undefined onUpdate:modelValue=fn location="right"  ... > 
  at <MenusTopmenuLayoutNotifications > 
  at <VCol class="notificationsHeader" > 
  at <VDefaultsProvider defaults= {VTabs: Object} > 
  at <VToolbar ref=Ref< Proxy(Object) > class="v-app-bar" style= {top: 0px, zIndex: 1012, transform: translateY(0px), position: fixed, height: undefined}  ... > 
  at <VAppBar id="topnav" > 
  at <MenusHeader drawer=false onToggleDrawer=fn > 
  at <ClientOnly > 
  at <VApp theme="light" class="auto-text" > 
  at <VResponsive class="border rounded" > 
  at <Default ref=Ref< Proxy(Object) > > 
  at <AsyncComponentWrapper ref=Ref< Proxy(Object) > > 
  at <LayoutLoader key="default" layoutProps= {ref: RefImpl} name="default" > 
  at <NuxtLayoutProvider layoutProps= {ref: RefImpl} key="default" name="default"  ... > 
  at <NuxtLayout > 
  at <App key=4 > 
  at <NuxtRoot> @ http://localhost:3001/_nuxt/@fs/home/meebuzo/github/alternate-framework/apps/ecosystem/meeovi-frontend/node_modules/@sentry/core/build/esm/instrument/console.js?v=cfee6d51:42
[   12934ms] [WARNING] [Vue warn]: Avoid app logic that relies on enumerating keys on a component instance. The keys will be empty in production mode to avoid performance overhead. 
  at <VNavigationDrawer modelValue=undefined onUpdate:modelValue=fn location="right"  ... > 
  at <MenusTopmenuLayoutNotifications > 
  at <VCol class="notificationsHeader" > 
  at <VDefaultsProvider defaults= {VTabs: Object} > 
  at <VToolbar ref=Ref< Proxy(Object) > class="v-app-bar" style= {top: 0px, zIndex: 1012, transform: translateY(0px), position: fixed, height: undefined}  ... > 
  at <VAppBar id="topnav" > 
  at <MenusHeader drawer=false onToggleDrawer=fn > 
  at <ClientOnly > 
  at <VApp theme="light" class="auto-text" > 
  at <VResponsive class="border rounded" > 
  at <Default ref=Ref< Proxy(Object) > > 
  at <AsyncComponentWrapper ref=Ref< Proxy(Object) > > 
  at <LayoutLoader key="default" layoutProps= {ref: RefImpl} name="default" > 
  at <NuxtLayoutProvider layoutProps= {ref: RefImpl} key="default" name="default"  ... > 
  at <NuxtLayout > 
  at <App key=4 > 
  at <NuxtRoot> @ http://localhost:3001/_nuxt/@fs/home/meebuzo/github/alternate-framework/apps/ecosystem/meeovi-frontend/node_modules/@sentry/core/build/esm/instrument/console.js?v=cfee6d51:42
[   12940ms] [WARNING] [Vue warn]: Avoid app logic that relies on enumerating keys on a component instance. The keys will be empty in production mode to avoid performance overhead. 
  at <VNavigationDrawer modelValue=undefined onUpdate:modelValue=fn location="right"  ... > 
  at <MenusTopmenuLayoutNotifications > 
  at <VCol class="notificationsHeader" > 
  at <VDefaultsProvider defaults= {VTabs: Object} > 
  at <VToolbar ref=Ref< Proxy(Object) > class="v-app-bar" style= {top: 0px, zIndex: 1012, transform: translateY(0px), position: fixed, height: undefined}  ... > 
  at <VAppBar id="topnav" > 
  at <MenusHeader drawer=false onToggleDrawer=fn > 
  at <ClientOnly > 
  at <VApp theme="light" class="auto-text" > 
  at <VResponsive class="border rounded" > 
  at <Default ref=Ref< Proxy(Object) > > 
  at <AsyncComponentWrapper ref=Ref< Proxy(Object) > > 
  at <LayoutLoader key="default" layoutProps= {ref: RefImpl} name="default" > 
  at <NuxtLayoutProvider layoutProps= {ref: RefImpl} key="default" name="default"  ... > 
  at <NuxtLayout > 
  at <App key=4 > 
  at <NuxtRoot> @ http://localhost:3001/_nuxt/@fs/home/meebuzo/github/alternate-framework/apps/ecosystem/meeovi-frontend/node_modules/@sentry/core/build/esm/instrument/console.js?v=cfee6d51:42
[   12944ms] [WARNING] [Vue warn]: Avoid app logic that relies on enumerating keys on a component instance. The keys will be empty in production mode to avoid performance overhead. 
  at <VNavigationDrawer modelValue=undefined onUpdate:modelValue=fn location="right"  ... > 
  at <MenusTopmenuLayoutNotifications > 
  at <VCol class="notificationsHeader" > 
  at <VDefaultsProvider defaults= {VTabs: Object} > 
  at <VToolbar ref=Ref< Proxy(Object) > class="v-app-bar" style= {top: 0px, zIndex: 1012, transform: translateY(0px), position: fixed, height: undefined}  ... > 
  at <VAppBar id="topnav" > 
  at <MenusHeader drawer=false onToggleDrawer=fn > 
  at <ClientOnly > 
  at <VApp theme="light" class="auto-text" > 
  at <VResponsive class="border rounded" > 
  at <Default ref=Ref< Proxy(Object) > > 
  at <AsyncComponentWrapper ref=Ref< Proxy(Object) > > 
  at <LayoutLoader key="default" layoutProps= {ref: RefImpl} name="default" > 
  at <NuxtLayoutProvider layoutProps= {ref: RefImpl} key="default" name="default"  ... > 
  at <NuxtLayout > 
  at <App key=4 > 
  at <NuxtRoot> @ http://localhost:3001/_nuxt/@fs/home/meebuzo/github/alternate-framework/apps/ecosystem/meeovi-frontend/node_modules/@sentry/core/build/esm/instrument/console.js?v=cfee6d51:42
[   12949ms] [WARNING] [Vue warn]: Avoid app logic that relies on enumerating keys on a component instance. The keys will be empty in production mode to avoid performance overhead. 
  at <VNavigationDrawer modelValue=undefined onUpdate:modelValue=fn location="right"  ... > 
  at <MenusTopmenuLayoutNotifications > 
  at <VCol class="notificationsHeader" > 
  at <VDefaultsProvider defaults= {VTabs: Object} > 
  at <VToolbar ref=Ref< Proxy(Object) > class="v-app-bar" style= {top: 0px, zIndex: 1012, transform: translateY(0px), position: fixed, height: undefined}  ... > 
  at <VAppBar id="topnav" > 
  at <MenusHeader drawer=false onToggleDrawer=fn > 
  at <ClientOnly > 
  at <VApp theme="light" class="auto-text" > 
  at <VResponsive class="border rounded" > 
  at <Default ref=Ref< Proxy(Object) > > 
  at <AsyncComponentWrapper ref=Ref< Proxy(Object) > > 
  at <LayoutLoader key="default" layoutProps= {ref: RefImpl} name="default" > 
  at <NuxtLayoutProvider layoutProps= {ref: RefImpl} key="default" name="default"  ... > 
  at <NuxtLayout > 
  at <App key=4 > 
  at <NuxtRoot> @ http://localhost:3001/_nuxt/@fs/home/meebuzo/github/alternate-framework/apps/ecosystem/meeovi-frontend/node_modules/@sentry/core/build/esm/instrument/console.js?v=cfee6d51:42
[   12953ms] [WARNING] [Vue warn]: Avoid app logic that relies on enumerating keys on a component instance. The keys will be empty in production mode to avoid performance overhead. 
  at <VNavigationDrawer modelValue=undefined onUpdate:modelValue=fn location="right"  ... > 
  at <MenusTopmenuLayoutNotifications > 
  at <VCol class="notificationsHeader" > 
  at <VDefaultsProvider defaults= {VTabs: Object} > 
  at <VToolbar ref=Ref< Proxy(Object) > class="v-app-bar" style= {top: 0px, zIndex: 1012, transform: translateY(0px), position: fixed, height: undefined}  ... > 
  at <VAppBar id="topnav" > 
  at <MenusHeader drawer=false onToggleDrawer=fn > 
  at <ClientOnly > 
  at <VApp theme="light" class="auto-text" > 
  at <VResponsive class="border rounded" > 
  at <Default ref=Ref< Proxy(Object) > > 
  at <AsyncComponentWrapper ref=Ref< Proxy(Object) > > 
  at <LayoutLoader key="default" layoutProps= {ref: RefImpl} name="default" > 
  at <NuxtLayoutProvider layoutProps= {ref: RefImpl} key="default" name="default"  ... > 
  at <NuxtLayout > 
  at <App key=4 > 
  at <NuxtRoot> @ http://localhost:3001/_nuxt/@fs/home/meebuzo/github/alternate-framework/apps/ecosystem/meeovi-frontend/node_modules/@sentry/core/build/esm/instrument/console.js?v=cfee6d51:42
[   12958ms] [WARNING] [Vue warn]: Avoid app logic that relies on enumerating keys on a component instance. The keys will be empty in production mode to avoid performance overhead. 
  at <VNavigationDrawer modelValue=undefined onUpdate:modelValue=fn location="right"  ... > 
  at <MenusTopmenuLayoutNotifications > 
  at <VCol class="notificationsHeader" > 
  at <VDefaultsProvider defaults= {VTabs: Object} > 
  at <VToolbar ref=Ref< Proxy(Object) > class="v-app-bar" style= {top: 0px, zIndex: 1012, transform: translateY(0px), position: fixed, height: undefined}  ... > 
  at <VAppBar id="topnav" > 
  at <MenusHeader drawer=false onToggleDrawer=fn > 
  at <ClientOnly > 
  at <VApp theme="light" class="auto-text" > 
  at <VResponsive class="border rounded" > 
  at <Default ref=Ref< Proxy(Object) > > 
  at <AsyncComponentWrapper ref=Ref< Proxy(Object) > > 
  at <LayoutLoader key="default" layoutProps= {ref: RefImpl} name="default" > 
  at <NuxtLayoutProvider layoutProps= {ref: RefImpl} key="default" name="default"  ... > 
  at <NuxtLayout > 
  at <App key=4 > 
  at <NuxtRoot> @ http://localhost:3001/_nuxt/@fs/home/meebuzo/github/alternate-framework/apps/ecosystem/meeovi-frontend/node_modules/@sentry/core/build/esm/instrument/console.js?v=cfee6d51:42
[   12962ms] [WARNING] [Vue warn]: Avoid app logic that relies on enumerating keys on a component instance. The keys will be empty in production mode to avoid performance overhead. 
  at <VNavigationDrawer modelValue=undefined onUpdate:modelValue=fn location="right"  ... > 
  at <MenusTopmenuLayoutNotifications > 
  at <VCol class="notificationsHeader" > 
  at <VDefaultsProvider defaults= {VTabs: Object} > 
  at <VToolbar ref=Ref< Proxy(Object) > class="v-app-bar" style= {top: 0px, zIndex: 1012, transform: translateY(0px), position: fixed, height: undefined}  ... > 
  at <VAppBar id="topnav" > 
  at <MenusHeader drawer=false onToggleDrawer=fn > 
  at <ClientOnly > 
  at <VApp theme="light" class="auto-text" > 
  at <VResponsive class="border rounded" > 
  at <Default ref=Ref< Proxy(Object) > > 
  at <AsyncComponentWrapper ref=Ref< Proxy(Object) > > 
  at <LayoutLoader key="default" layoutProps= {ref: RefImpl} name="default" > 
  at <NuxtLayoutProvider layoutProps= {ref: RefImpl} key="default" name="default"  ... > 
  at <NuxtLayout > 
  at <App key=4 > 
  at <NuxtRoot> @ http://localhost:3001/_nuxt/@fs/home/meebuzo/github/alternate-framework/apps/ecosystem/meeovi-frontend/node_modules/@sentry/core/build/esm/instrument/console.js?v=cfee6d51:42
[   12967ms] [WARNING] [Vue warn]: Avoid app logic that relies on enumerating keys on a component instance. The keys will be empty in production mode to avoid performance overhead. 
  at <VNavigationDrawer modelValue=undefined onUpdate:modelValue=fn location="right"  ... > 
  at <MenusTopmenuLayoutNotifications > 
  at <VCol class="notificationsHeader" > 
  at <VDefaultsProvider defaults= {VTabs: Object} > 
  at <VToolbar ref=Ref< Proxy(Object) > class="v-app-bar" style= {top: 0px, zIndex: 1012, transform: translateY(0px), position: fixed, height: undefined}  ... > 
  at <VAppBar id="topnav" > 
  at <MenusHeader drawer=false onToggleDrawer=fn > 
  at <ClientOnly > 
  at <VApp theme="light" class="auto-text" > 
  at <VResponsive class="border rounded" > 
  at <Default ref=Ref< Proxy(Object) > > 
  at <AsyncComponentWrapper ref=Ref< Proxy(Object) > > 
  at <LayoutLoader key="default" layoutProps= {ref: RefImpl} name="default" > 
  at <NuxtLayoutProvider layoutProps= {ref: RefImpl} key="default" name="default"  ... > 
  at <NuxtLayout > 
  at <App key=4 > 
  at <NuxtRoot> @ http://localhost:3001/_nuxt/@fs/home/meebuzo/github/alternate-framework/apps/ecosystem/meeovi-frontend/node_modules/@sentry/core/build/esm/instrument/console.js?v=cfee6d51:42
[   12971ms] [WARNING] [Vue warn]: Avoid app logic that relies on enumerating keys on a component instance. The keys will be empty in production mode to avoid performance overhead. 
  at <VNavigationDrawer modelValue=undefined onUpdate:modelValue=fn location="right"  ... > 
  at <MenusTopmenuLayoutNotifications > 
  at <VCol class="notificationsHeader" > 
  at <VDefaultsProvider defaults= {VTabs: Object} > 
  at <VToolbar ref=Ref< Proxy(Object) > class="v-app-bar" style= {top: 0px, zIndex: 1012, transform: translateY(0px), position: fixed, height: undefined}  ... > 
  at <VAppBar id="topnav" > 
  at <MenusHeader drawer=false onToggleDrawer=fn > 
  at <ClientOnly > 
  at <VApp theme="light" class="auto-text" > 
  at <VResponsive class="border rounded" > 
  at <Default ref=Ref< Proxy(Object) > > 
  at <AsyncComponentWrapper ref=Ref< Proxy(Object) > > 
  at <LayoutLoader key="default" layoutProps= {ref: RefImpl} name="default" > 
  at <NuxtLayoutProvider layoutProps= {ref: RefImpl} key="default" name="default"  ... > 
  at <NuxtLayout > 
  at <App key=4 > 
  at <NuxtRoot> @ http://localhost:3001/_nuxt/@fs/home/meebuzo/github/alternate-framework/apps/ecosystem/meeovi-frontend/node_modules/@sentry/core/build/esm/instrument/console.js?v=cfee6d51:42
[   12978ms] [WARNING] [Vue warn]: Avoid app logic that relies on enumerating keys on a component instance. The keys will be empty in production mode to avoid performance overhead. 
  at <VNavigationDrawer modelValue=undefined onUpdate:modelValue=fn location="right"  ... > 
  at <MenusTopmenuLayoutNotifications > 
  at <VCol class="notificationsHeader" > 
  at <VDefaultsProvider defaults= {VTabs: Object} > 
  at <VToolbar ref=Ref< Proxy(Object) > class="v-app-bar" style= {top: 0px, zIndex: 1012, transform: translateY(0px), position: fixed, height: undefined}  ... > 
  at <VAppBar id="topnav" > 
  at <MenusHeader drawer=false onToggleDrawer=fn > 
  at <ClientOnly > 
  at <VApp theme="light" class="auto-text" > 
  at <VResponsive class="border rounded" > 
  at <Default ref=Ref< Proxy(Object) > > 
  at <AsyncComponentWrapper ref=Ref< Proxy(Object) > > 
  at <LayoutLoader key="default" layoutProps= {ref: RefImpl} name="default" > 
  at <NuxtLayoutProvider layoutProps= {ref: RefImpl} key="default" name="default"  ... > 
  at <NuxtLayout > 
  at <App key=4 > 
  at <NuxtRoot> @ http://localhost:3001/_nuxt/@fs/home/meebuzo/github/alternate-framework/apps/ecosystem/meeovi-frontend/node_modules/@sentry/core/build/esm/instrument/console.js?v=cfee6d51:42
[   12982ms] [WARNING] [Vue warn]: Avoid app logic that relies on enumerating keys on a component instance. The keys will be empty in production mode to avoid performance overhead. 
  at <VNavigationDrawer modelValue=undefined onUpdate:modelValue=fn location="right"  ... > 
  at <MenusTopmenuLayoutNotifications > 
  at <VCol class="notificationsHeader" > 
  at <VDefaultsProvider defaults= {VTabs: Object} > 
  at <VToolbar ref=Ref< Proxy(Object) > class="v-app-bar" style= {top: 0px, zIndex: 1012, transform: translateY(0px), position: fixed, height: undefined}  ... > 
  at <VAppBar id="topnav" > 
  at <MenusHeader drawer=false onToggleDrawer=fn > 
  at <ClientOnly > 
  at <VApp theme="light" class="auto-text" > 
  at <VResponsive class="border rounded" > 
  at <Default ref=Ref< Proxy(Object) > > 
  at <AsyncComponentWrapper ref=Ref< Proxy(Object) > > 
  at <LayoutLoader key="default" layoutProps= {ref: RefImpl} name="default" > 
  at <NuxtLayoutProvider layoutProps= {ref: RefImpl} key="default" name="default"  ... > 
  at <NuxtLayout > 
  at <App key=4 > 
  at <NuxtRoot> @ http://localhost:3001/_nuxt/@fs/home/meebuzo/github/alternate-framework/apps/ecosystem/meeovi-frontend/node_modules/@sentry/core/build/esm/instrument/console.js?v=cfee6d51:42
[   12987ms] [WARNING] [Vue warn]: Avoid app logic that relies on enumerating keys on a component instance. The keys will be empty in production mode to avoid performance overhead. 
  at <VNavigationDrawer modelValue=undefined onUpdate:modelValue=fn location="right"  ... > 
  at <MenusTopmenuLayoutNotifications > 
  at <VCol class="notificationsHeader" > 
  at <VDefaultsProvider defaults= {VTabs: Object} > 
  at <VToolbar ref=Ref< Proxy(Object) > class="v-app-bar" style= {top: 0px, zIndex: 1012, transform: translateY(0px), position: fixed, height: undefined}  ... > 
  at <VAppBar id="topnav" > 
  at <MenusHeader drawer=false onToggleDrawer=fn > 
  at <ClientOnly > 
  at <VApp theme="light" class="auto-text" > 
  at <VResponsive class="border rounded" > 
  at <Default ref=Ref< Proxy(Object) > > 
  at <AsyncComponentWrapper ref=Ref< Proxy(Object) > > 
  at <LayoutLoader key="default" layoutProps= {ref: RefImpl} name="default" > 
  at <NuxtLayoutProvider layoutProps= {ref: RefImpl} key="default" name="default"  ... > 
  at <NuxtLayout > 
  at <App key=4 > 
  at <NuxtRoot> @ http://localhost:3001/_nuxt/@fs/home/meebuzo/github/alternate-framework/apps/ecosystem/meeovi-frontend/node_modules/@sentry/core/build/esm/instrument/console.js?v=cfee6d51:42
[   12990ms] [WARNING] [Vue warn]: Avoid app logic that relies on enumerating keys on a component instance. The keys will be empty in production mode to avoid performance overhead. 
  at <VNavigationDrawer modelValue=undefined onUpdate:modelValue=fn location="right"  ... > 
  at <MenusTopmenuLayoutNotifications > 
  at <VCol class="notificationsHeader" > 
  at <VDefaultsProvider defaults= {VTabs: Object} > 
  at <VToolbar ref=Ref< Proxy(Object) > class="v-app-bar" style= {top: 0px, zIndex: 1012, transform: translateY(0px), position: fixed, height: undefined}  ... > 
  at <VAppBar id="topnav" > 
  at <MenusHeader drawer=false onToggleDrawer=fn > 
  at <ClientOnly > 
  at <VApp theme="light" class="auto-text" > 
  at <VResponsive class="border rounded" > 
  at <Default ref=Ref< Proxy(Object) > > 
  at <AsyncComponentWrapper ref=Ref< Proxy(Object) > > 
  at <LayoutLoader key="default" layoutProps= {ref: RefImpl} name="default" > 
  at <NuxtLayoutProvider layoutProps= {ref: RefImpl} key="default" name="default"  ... > 
  at <NuxtLayout > 
  at <App key=4 > 
  at <NuxtRoot> @ http://localhost:3001/_nuxt/@fs/home/meebuzo/github/alternate-framework/apps/ecosystem/meeovi-frontend/node_modules/@sentry/core/build/esm/instrument/console.js?v=cfee6d51:42
[   12993ms] [WARNING] [Vue warn]: Avoid app logic that relies on enumerating keys on a component instance. The keys will be empty in production mode to avoid performance overhead. 
  at <VNavigationDrawer modelValue=undefined onUpdate:modelValue=fn location="right"  ... > 
  at <MenusTopmenuLayoutNotifications > 
  at <VCol class="notificationsHeader" > 
  at <VDefaultsProvider defaults= {VTabs: Object} > 
  at <VToolbar ref=Ref< Proxy(Object) > class="v-app-bar" style= {top: 0px, zIndex: 1012, transform: translateY(0px), position: fixed, height: undefined}  ... > 
  at <VAppBar id="topnav" > 
  at <MenusHeader drawer=false onToggleDrawer=fn > 
  at <ClientOnly > 
  at <VApp theme="light" class="auto-text" > 
  at <VResponsive class="border rounded" > 
  at <Default ref=Ref< Proxy(Object) > > 
  at <AsyncComponentWrapper ref=Ref< Proxy(Object) > > 
  at <LayoutLoader key="default" layoutProps= {ref: RefImpl} name="default" > 
  at <NuxtLayoutProvider layoutProps= {ref: RefImpl} key="default" name="default"  ... > 
  at <NuxtLayout > 
  at <App key=4 > 
  at <NuxtRoot> @ http://localhost:3001/_nuxt/@fs/home/meebuzo/github/alternate-framework/apps/ecosystem/meeovi-frontend/node_modules/@sentry/core/build/esm/instrument/console.js?v=cfee6d51:42
[   12997ms] [WARNING] [Vue warn]: Avoid app logic that relies on enumerating keys on a component instance. The keys will be empty in production mode to avoid performance overhead. 
  at <VNavigationDrawer modelValue=undefined onUpdate:modelValue=fn location="right"  ... > 
  at <MenusTopmenuLayoutNotifications > 
  at <VCol class="notificationsHeader" > 
  at <VDefaultsProvider defaults= {VTabs: Object} > 
  at <VToolbar ref=Ref< Proxy(Object) > class="v-app-bar" style= {top: 0px, zIndex: 1012, transform: translateY(0px), position: fixed, height: undefined}  ... > 
  at <VAppBar id="topnav" > 
  at <MenusHeader drawer=false onToggleDrawer=fn > 
  at <ClientOnly > 
  at <VApp theme="light" class="auto-text" > 
  at <VResponsive class="border rounded" > 
  at <Default ref=Ref< Proxy(Object) > > 
  at <AsyncComponentWrapper ref=Ref< Proxy(Object) > > 
  at <LayoutLoader key="default" layoutProps= {ref: RefImpl} name="default" > 
  at <NuxtLayoutProvider layoutProps= {ref: RefImpl} key="default" name="default"  ... > 
  at <NuxtLayout > 
  at <App key=4 > 
  at <NuxtRoot> @ http://localhost:3001/_nuxt/@fs/home/meebuzo/github/alternate-framework/apps/ecosystem/meeovi-frontend/node_modules/@sentry/core/build/esm/instrument/console.js?v=cfee6d51:42
[   13001ms] [WARNING] [Vue warn]: Avoid app logic that relies on enumerating keys on a component instance. The keys will be empty in production mode to avoid performance overhead. 
  at <VNavigationDrawer modelValue=undefined onUpdate:modelValue=fn location="right"  ... > 
  at <MenusTopmenuLayoutNotifications > 
  at <VCol class="notificationsHeader" > 
  at <VDefaultsProvider defaults= {VTabs: Object} > 
  at <VToolbar ref=Ref< Proxy(Object) > class="v-app-bar" style= {top: 0px, zIndex: 1012, transform: translateY(0px), position: fixed, height: undefined}  ... > 
  at <VAppBar id="topnav" > 
  at <MenusHeader drawer=false onToggleDrawer=fn > 
  at <ClientOnly > 
  at <VApp theme="light" class="auto-text" > 
  at <VResponsive class="border rounded" > 
  at <Default ref=Ref< Proxy(Object) > > 
  at <AsyncComponentWrapper ref=Ref< Proxy(Object) > > 
  at <LayoutLoader key="default" layoutProps= {ref: RefImpl} name="default" > 
  at <NuxtLayoutProvider layoutProps= {ref: RefImpl} key="default" name="default"  ... > 
  at <NuxtLayout > 
  at <App key=4 > 
  at <NuxtRoot> @ http://localhost:3001/_nuxt/@fs/home/meebuzo/github/alternate-framework/apps/ecosystem/meeovi-frontend/node_modules/@sentry/core/build/esm/instrument/console.js?v=cfee6d51:42
[   13005ms] [WARNING] [Vue warn]: Avoid app logic that relies on enumerating keys on a component instance. The keys will be empty in production mode to avoid performance overhead. 
  at <VNavigationDrawer modelValue=undefined onUpdate:modelValue=fn location="right"  ... > 
  at <MenusTopmenuLayoutNotifications > 
  at <VCol class="notificationsHeader" > 
  at <VDefaultsProvider defaults= {VTabs: Object} > 
  at <VToolbar ref=Ref< Proxy(Object) > class="v-app-bar" style= {top: 0px, zIndex: 1012, transform: translateY(0px), position: fixed, height: undefined}  ... > 
  at <VAppBar id="topnav" > 
  at <MenusHeader drawer=false onToggleDrawer=fn > 
  at <ClientOnly > 
  at <VApp theme="light" class="auto-text" > 
  at <VResponsive class="border rounded" > 
  at <Default ref=Ref< Proxy(Object) > > 
  at <AsyncComponentWrapper ref=Ref< Proxy(Object) > > 
  at <LayoutLoader key="default" layoutProps= {ref: RefImpl} name="default" > 
  at <NuxtLayoutProvider layoutProps= {ref: RefImpl} key="default" name="default"  ... > 
  at <NuxtLayout > 
  at <App key=4 > 
  at <NuxtRoot> @ http://localhost:3001/_nuxt/@fs/home/meebuzo/github/alternate-framework/apps/ecosystem/meeovi-frontend/node_modules/@sentry/core/build/esm/instrument/console.js?v=cfee6d51:42
[   13008ms] [WARNING] [Vue warn]: Avoid app logic that relies on enumerating keys on a component instance. The keys will be empty in production mode to avoid performance overhead. 
  at <VNavigationDrawer modelValue=undefined onUpdate:modelValue=fn location="right"  ... > 
  at <MenusTopmenuLayoutNotifications > 
  at <VCol class="notificationsHeader" > 
  at <VDefaultsProvider defaults= {VTabs: Object} > 
  at <VToolbar ref=Ref< Proxy(Object) > class="v-app-bar" style= {top: 0px, zIndex: 1012, transform: translateY(0px), position: fixed, height: undefined}  ... > 
  at <VAppBar id="topnav" > 
  at <MenusHeader drawer=false onToggleDrawer=fn > 
  at <ClientOnly > 
  at <VApp theme="light" class="auto-text" > 
  at <VResponsive class="border rounded" > 
  at <Default ref=Ref< Proxy(Object) > > 
  at <AsyncComponentWrapper ref=Ref< Proxy(Object) > > 
  at <LayoutLoader key="default" layoutProps= {ref: RefImpl} name="default" > 
  at <NuxtLayoutProvider layoutProps= {ref: RefImpl} key="default" name="default"  ... > 
  at <NuxtLayout > 
  at <App key=4 > 
  at <NuxtRoot> @ http://localhost:3001/_nuxt/@fs/home/meebuzo/github/alternate-framework/apps/ecosystem/meeovi-frontend/node_modules/@sentry/core/build/esm/instrument/console.js?v=cfee6d51:42
[   13012ms] [WARNING] [Vue warn]: Avoid app logic that relies on enumerating keys on a component instance. The keys will be empty in production mode to avoid performance overhead. 
  at <VNavigationDrawer modelValue=undefined onUpdate:modelValue=fn location="right"  ... > 
  at <MenusTopmenuLayoutNotifications > 
  at <VCol class="notificationsHeader" > 
  at <VDefaultsProvider defaults= {VTabs: Object} > 
  at <VToolbar ref=Ref< Proxy(Object) > class="v-app-bar" style= {top: 0px, zIndex: 1012, transform: translateY(0px), position: fixed, height: undefined}  ... > 
  at <VAppBar id="topnav" > 
  at <MenusHeader drawer=false onToggleDrawer=fn > 
  at <ClientOnly > 
  at <VApp theme="light" class="auto-text" > 
  at <VResponsive class="border rounded" > 
  at <Default ref=Ref< Proxy(Object) > > 
  at <AsyncComponentWrapper ref=Ref< Proxy(Object) > > 
  at <LayoutLoader key="default" layoutProps= {ref: RefImpl} name="default" > 
  at <NuxtLayoutProvider layoutProps= {ref: RefImpl} key="default" name="default"  ... > 
  at <NuxtLayout > 
  at <App key=4 > 
  at <NuxtRoot> @ http://localhost:3001/_nuxt/@fs/home/meebuzo/github/alternate-framework/apps/ecosystem/meeovi-frontend/node_modules/@sentry/core/build/esm/instrument/console.js?v=cfee6d51:42
[   13016ms] [WARNING] [Vue warn]: Avoid app logic that relies on enumerating keys on a component instance. The keys will be empty in production mode to avoid performance overhead. 
  at <VNavigationDrawer modelValue=undefined onUpdate:modelValue=fn location="right"  ... > 
  at <MenusTopmenuLayoutNotifications > 
  at <VCol class="notificationsHeader" > 
  at <VDefaultsProvider defaults= {VTabs: Object} > 
  at <VToolbar ref=Ref< Proxy(Object) > class="v-app-bar" style= {top: 0px, zIndex: 1012, transform: translateY(0px), position: fixed, height: undefined}  ... > 
  at <VAppBar id="topnav" > 
  at <MenusHeader drawer=false onToggleDrawer=fn > 
  at <ClientOnly > 
  at <VApp theme="light" class="auto-text" > 
  at <VResponsive class="border rounded" > 
  at <Default ref=Ref< Proxy(Object) > > 
  at <AsyncComponentWrapper ref=Ref< Proxy(Object) > > 
  at <LayoutLoader key="default" layoutProps= {ref: RefImpl} name="default" > 
  at <NuxtLayoutProvider layoutProps= {ref: RefImpl} key="default" name="default"  ... > 
  at <NuxtLayout > 
  at <App key=4 > 
  at <NuxtRoot> @ http://localhost:3001/_nuxt/@fs/home/meebuzo/github/alternate-framework/apps/ecosystem/meeovi-frontend/node_modules/@sentry/core/build/esm/instrument/console.js?v=cfee6d51:42
[   13019ms] [WARNING] [Vue warn]: Avoid app logic that relies on enumerating keys on a component instance. The keys will be empty in production mode to avoid performance overhead. 
  at <VNavigationDrawer modelValue=undefined onUpdate:modelValue=fn location="right"  ... > 
  at <MenusTopmenuLayoutNotifications > 
  at <VCol class="notificationsHeader" > 
  at <VDefaultsProvider defaults= {VTabs: Object} > 
  at <VToolbar ref=Ref< Proxy(Object) > class="v-app-bar" style= {top: 0px, zIndex: 1012, transform: translateY(0px), position: fixed, height: undefined}  ... > 
  at <VAppBar id="topnav" > 
  at <MenusHeader drawer=false onToggleDrawer=fn > 
  at <ClientOnly > 
  at <VApp theme="light" class="auto-text" > 
  at <VResponsive class="border rounded" > 
  at <Default ref=Ref< Proxy(Object) > > 
  at <AsyncComponentWrapper ref=Ref< Proxy(Object) > > 
  at <LayoutLoader key="default" layoutProps= {ref: RefImpl} name="default" > 
  at <NuxtLayoutProvider layoutProps= {ref: RefImpl} key="default" name="default"  ... > 
  at <NuxtLayout > 
  at <App key=4 > 
  at <NuxtRoot> @ http://localhost:3001/_nuxt/@fs/home/meebuzo/github/alternate-framework/apps/ecosystem/meeovi-frontend/node_modules/@sentry/core/build/esm/instrument/console.js?v=cfee6d51:42
[   13023ms] [WARNING] [Vue warn]: Avoid app logic that relies on enumerating keys on a component instance. The keys will be empty in production mode to avoid performance overhead. 
  at <VNavigationDrawer modelValue=undefined onUpdate:modelValue=fn location="right"  ... > 
  at <MenusTopmenuLayoutNotifications > 
  at <VCol class="notificationsHeader" > 
  at <VDefaultsProvider defaults= {VTabs: Object} > 
  at <VToolbar ref=Ref< Proxy(Object) > class="v-app-bar" style= {top: 0px, zIndex: 1012, transform: translateY(0px), position: fixed, height: undefined}  ... > 
  at <VAppBar id="topnav" > 
  at <MenusHeader drawer=false onToggleDrawer=fn > 
  at <ClientOnly > 
  at <VApp theme="light" class="auto-text" > 
  at <VResponsive class="border rounded" > 
  at <Default ref=Ref< Proxy(Object) > > 
  at <AsyncComponentWrapper ref=Ref< Proxy(Object) > > 
  at <LayoutLoader key="default" layoutProps= {ref: RefImpl} name="default" > 
  at <NuxtLayoutProvider layoutProps= {ref: RefImpl} key="default" name="default"  ... > 
  at <NuxtLayout > 
  at <App key=4 > 
  at <NuxtRoot> @ http://localhost:3001/_nuxt/@fs/home/meebuzo/github/alternate-framework/apps/ecosystem/meeovi-frontend/node_modules/@sentry/core/build/esm/instrument/console.js?v=cfee6d51:42
[   13026ms] [WARNING] [Vue warn]: Avoid app logic that relies on enumerating keys on a component instance. The keys will be empty in production mode to avoid performance overhead. 
  at <VNavigationDrawer modelValue=undefined onUpdate:modelValue=fn location="right"  ... > 
  at <MenusTopmenuLayoutNotifications > 
  at <VCol class="notificationsHeader" > 
  at <VDefaultsProvider defaults= {VTabs: Object} > 
  at <VToolbar ref=Ref< Proxy(Object) > class="v-app-bar" style= {top: 0px, zIndex: 1012, transform: translateY(0px), position: fixed, height: undefined}  ... > 
  at <VAppBar id="topnav" > 
  at <MenusHeader drawer=false onToggleDrawer=fn > 
  at <ClientOnly > 
  at <VApp theme="light" class="auto-text" > 
  at <VResponsive class="border rounded" > 
  at <Default ref=Ref< Proxy(Object) > > 
  at <AsyncComponentWrapper ref=Ref< Proxy(Object) > > 
  at <LayoutLoader key="default" layoutProps= {ref: RefImpl} name="default" > 
  at <NuxtLayoutProvider layoutProps= {ref: RefImpl} key="default" name="default"  ... > 
  at <NuxtLayout > 
  at <App key=4 > 
  at <NuxtRoot> @ http://localhost:3001/_nuxt/@fs/home/meebuzo/github/alternate-framework/apps/ecosystem/meeovi-frontend/node_modules/@sentry/core/build/esm/instrument/console.js?v=cfee6d51:42
[   13030ms] [WARNING] [Vue warn]: Avoid app logic that relies on enumerating keys on a component instance. The keys will be empty in production mode to avoid performance overhead. 
  at <VNavigationDrawer modelValue=undefined onUpdate:modelValue=fn location="right"  ... > 
  at <MenusTopmenuLayoutNotifications > 
  at <VCol class="notificationsHeader" > 
  at <VDefaultsProvider defaults= {VTabs: Object} > 
  at <VToolbar ref=Ref< Proxy(Object) > class="v-app-bar" style= {top: 0px, zIndex: 1012, transform: translateY(0px), position: fixed, height: undefined}  ... > 
  at <VAppBar id="topnav" > 
  at <MenusHeader drawer=false onToggleDrawer=fn > 
  at <ClientOnly > 
  at <VApp theme="light" class="auto-text" > 
  at <VResponsive class="border rounded" > 
  at <Default ref=Ref< Proxy(Object) > > 
  at <AsyncComponentWrapper ref=Ref< Proxy(Object) > > 
  at <LayoutLoader key="default" layoutProps= {ref: RefImpl} name="default" > 
  at <NuxtLayoutProvider layoutProps= {ref: RefImpl} key="default" name="default"  ... > 
  at <NuxtLayout > 
  at <App key=4 > 
  at <NuxtRoot> @ http://localhost:3001/_nuxt/@fs/home/meebuzo/github/alternate-framework/apps/ecosystem/meeovi-frontend/node_modules/@sentry/core/build/esm/instrument/console.js?v=cfee6d51:42
[   13033ms] [WARNING] [Vue warn]: Avoid app logic that relies on enumerating keys on a component instance. The keys will be empty in production mode to avoid performance overhead. 
  at <VNavigationDrawer modelValue=undefined onUpdate:modelValue=fn location="right"  ... > 
  at <MenusTopmenuLayoutNotifications > 
  at <VCol class="notificationsHeader" > 
  at <VDefaultsProvider defaults= {VTabs: Object} > 
  at <VToolbar ref=Ref< Proxy(Object) > class="v-app-bar" style= {top: 0px, zIndex: 1012, transform: translateY(0px), position: fixed, height: undefined}  ... > 
  at <VAppBar id="topnav" > 
  at <MenusHeader drawer=false onToggleDrawer=fn > 
  at <ClientOnly > 
  at <VApp theme="light" class="auto-text" > 
  at <VResponsive class="border rounded" > 
  at <Default ref=Ref< Proxy(Object) > > 
  at <AsyncComponentWrapper ref=Ref< Proxy(Object) > > 
  at <LayoutLoader key="default" layoutProps= {ref: RefImpl} name="default" > 
  at <NuxtLayoutProvider layoutProps= {ref: RefImpl} key="default" name="default"  ... > 
  at <NuxtLayout > 
  at <App key=4 > 
  at <NuxtRoot> @ http://localhost:3001/_nuxt/@fs/home/meebuzo/github/alternate-framework/apps/ecosystem/meeovi-frontend/node_modules/@sentry/core/build/esm/instrument/console.js?v=cfee6d51:42
[   13037ms] [WARNING] [Vue warn]: Avoid app logic that relies on enumerating keys on a component instance. The keys will be empty in production mode to avoid performance overhead. 
  at <VNavigationDrawer modelValue=undefined onUpdate:modelValue=fn location="right"  ... > 
  at <MenusTopmenuLayoutNotifications > 
  at <VCol class="notificationsHeader" > 
  at <VDefaultsProvider defaults= {VTabs: Object} > 
  at <VToolbar ref=Ref< Proxy(Object) > class="v-app-bar" style= {top: 0px, zIndex: 1012, transform: translateY(0px), position: fixed, height: undefined}  ... > 
  at <VAppBar id="topnav" > 
  at <MenusHeader drawer=false onToggleDrawer=fn > 
  at <ClientOnly > 
  at <VApp theme="light" class="auto-text" > 
  at <VResponsive class="border rounded" > 
  at <Default ref=Ref< Proxy(Object) > > 
  at <AsyncComponentWrapper ref=Ref< Proxy(Object) > > 
  at <LayoutLoader key="default" layoutProps= {ref: RefImpl} name="default" > 
  at <NuxtLayoutProvider layoutProps= {ref: RefImpl} key="default" name="default"  ... > 
  at <NuxtLayout > 
  at <App key=4 > 
  at <NuxtRoot> @ http://localhost:3001/_nuxt/@fs/home/meebuzo/github/alternate-framework/apps/ecosystem/meeovi-frontend/node_modules/@sentry/core/build/esm/instrument/console.js?v=cfee6d51:42
[   13041ms] [WARNING] [Vue warn]: Avoid app logic that relies on enumerating keys on a component instance. The keys will be empty in production mode to avoid performance overhead. 
  at <VNavigationDrawer modelValue=undefined onUpdate:modelValue=fn location="right"  ... > 
  at <MenusTopmenuLayoutNotifications > 
  at <VCol class="notificationsHeader" > 
  at <VDefaultsProvider defaults= {VTabs: Object} > 
  at <VToolbar ref=Ref< Proxy(Object) > class="v-app-bar" style= {top: 0px, zIndex: 1012, transform: translateY(0px), position: fixed, height: undefined}  ... > 
  at <VAppBar id="topnav" > 
  at <MenusHeader drawer=false onToggleDrawer=fn > 
  at <ClientOnly > 
  at <VApp theme="light" class="auto-text" > 
  at <VResponsive class="border rounded" > 
  at <Default ref=Ref< Proxy(Object) > > 
  at <AsyncComponentWrapper ref=Ref< Proxy(Object) > > 
  at <LayoutLoader key="default" layoutProps= {ref: RefImpl} name="default" > 
  at <NuxtLayoutProvider layoutProps= {ref: RefImpl} key="default" name="default"  ... > 
  at <NuxtLayout > 
  at <App key=4 > 
  at <NuxtRoot> @ http://localhost:3001/_nuxt/@fs/home/meebuzo/github/alternate-framework/apps/ecosystem/meeovi-frontend/node_modules/@sentry/core/build/esm/instrument/console.js?v=cfee6d51:42
[   13045ms] [WARNING] [Vue warn]: Avoid app logic that relies on enumerating keys on a component instance. The keys will be empty in production mode to avoid performance overhead. 
  at <VNavigationDrawer modelValue=undefined onUpdate:modelValue=fn location="right"  ... > 
  at <MenusTopmenuLayoutNotifications > 
  at <VCol class="notificationsHeader" > 
  at <VDefaultsProvider defaults= {VTabs: Object} > 
  at <VToolbar ref=Ref< Proxy(Object) > class="v-app-bar" style= {top: 0px, zIndex: 1012, transform: translateY(0px), position: fixed, height: undefined}  ... > 
  at <VAppBar id="topnav" > 
  at <MenusHeader drawer=false onToggleDrawer=fn > 
  at <ClientOnly > 
  at <VApp theme="light" class="auto-text" > 
  at <VResponsive class="border rounded" > 
  at <Default ref=Ref< Proxy(Object) > > 
  at <AsyncComponentWrapper ref=Ref< Proxy(Object) > > 
  at <LayoutLoader key="default" layoutProps= {ref: RefImpl} name="default" > 
  at <NuxtLayoutProvider layoutProps= {ref: RefImpl} key="default" name="default"  ... > 
  at <NuxtLayout > 
  at <App key=4 > 
  at <NuxtRoot> @ http://localhost:3001/_nuxt/@fs/home/meebuzo/github/alternate-framework/apps/ecosystem/meeovi-frontend/node_modules/@sentry/core/build/esm/instrument/console.js?v=cfee6d51:42
[   13048ms] [WARNING] [Vue warn]: Avoid app logic that relies on enumerating keys on a component instance. The keys will be empty in production mode to avoid performance overhead. 
  at <VNavigationDrawer modelValue=undefined onUpdate:modelValue=fn location="right"  ... > 
  at <MenusTopmenuLayoutNotifications > 
  at <VCol class="notificationsHeader" > 
  at <VDefaultsProvider defaults= {VTabs: Object} > 
  at <VToolbar ref=Ref< Proxy(Object) > class="v-app-bar" style= {top: 0px, zIndex: 1012, transform: translateY(0px), position: fixed, height: undefined}  ... > 
  at <VAppBar id="topnav" > 
  at <MenusHeader drawer=false onToggleDrawer=fn > 
  at <ClientOnly > 
  at <VApp theme="light" class="auto-text" > 
  at <VResponsive class="border rounded" > 
  at <Default ref=Ref< Proxy(Object) > > 
  at <AsyncComponentWrapper ref=Ref< Proxy(Object) > > 
  at <LayoutLoader key="default" layoutProps= {ref: RefImpl} name="default" > 
  at <NuxtLayoutProvider layoutProps= {ref: RefImpl} key="default" name="default"  ... > 
  at <NuxtLayout > 
  at <App key=4 > 
  at <NuxtRoot> @ http://localhost:3001/_nuxt/@fs/home/meebuzo/github/alternate-framework/apps/ecosystem/meeovi-frontend/node_modules/@sentry/core/build/esm/instrument/console.js?v=cfee6d51:42
[   13052ms] [WARNING] [Vue warn]: Avoid app logic that relies on enumerating keys on a component instance. The keys will be empty in production mode to avoid performance overhead. 
  at <VNavigationDrawer modelValue=undefined onUpdate:modelValue=fn location="right"  ... > 
  at <MenusTopmenuLayoutNotifications > 
  at <VCol class="notificationsHeader" > 
  at <VDefaultsProvider defaults= {VTabs: Object} > 
  at <VToolbar ref=Ref< Proxy(Object) > class="v-app-bar" style= {top: 0px, zIndex: 1012, transform: translateY(0px), position: fixed, height: undefined}  ... > 
  at <VAppBar id="topnav" > 
  at <MenusHeader drawer=false onToggleDrawer=fn > 
  at <ClientOnly > 
  at <VApp theme="light" class="auto-text" > 
  at <VResponsive class="border rounded" > 
  at <Default ref=Ref< Proxy(Object) > > 
  at <AsyncComponentWrapper ref=Ref< Proxy(Object) > > 
  at <LayoutLoader key="default" layoutProps= {ref: RefImpl} name="default" > 
  at <NuxtLayoutProvider layoutProps= {ref: RefImpl} key="default" name="default"  ... > 
  at <NuxtLayout > 
  at <App key=4 > 
  at <NuxtRoot> @ http://localhost:3001/_nuxt/@fs/home/meebuzo/github/alternate-framework/apps/ecosystem/meeovi-frontend/node_modules/@sentry/core/build/esm/instrument/console.js?v=cfee6d51:42
[   13055ms] [WARNING] [Vue warn]: Avoid app logic that relies on enumerating keys on a component instance. The keys will be empty in production mode to avoid performance overhead. 
  at <VNavigationDrawer modelValue=undefined onUpdate:modelValue=fn location="right"  ... > 
  at <MenusTopmenuLayoutNotifications > 
  at <VCol class="notificationsHeader" > 
  at <VDefaultsProvider defaults= {VTabs: Object} > 
  at <VToolbar ref=Ref< Proxy(Object) > class="v-app-bar" style= {top: 0px, zIndex: 1012, transform: translateY(0px), position: fixed, height: undefined}  ... > 
  at <VAppBar id="topnav" > 
  at <MenusHeader drawer=false onToggleDrawer=fn > 
  at <ClientOnly > 
  at <VApp theme="light" class="auto-text" > 
  at <VResponsive class="border rounded" > 
  at <Default ref=Ref< Proxy(Object) > > 
  at <AsyncComponentWrapper ref=Ref< Proxy(Object) > > 
  at <LayoutLoader key="default" layoutProps= {ref: RefImpl} name="default" > 
  at <NuxtLayoutProvider layoutProps= {ref: RefImpl} key="default" name="default"  ... > 
  at <NuxtLayout > 
  at <App key=4 > 
  at <NuxtRoot> @ http://localhost:3001/_nuxt/@fs/home/meebuzo/github/alternate-framework/apps/ecosystem/meeovi-frontend/node_modules/@sentry/core/build/esm/instrument/console.js?v=cfee6d51:42
[   13059ms] [WARNING] [Vue warn]: Avoid app logic that relies on enumerating keys on a component instance. The keys will be empty in production mode to avoid performance overhead. 
  at <VNavigationDrawer modelValue=undefined onUpdate:modelValue=fn location="right"  ... > 
  at <MenusTopmenuLayoutNotifications > 
  at <VCol class="notificationsHeader" > 
  at <VDefaultsProvider defaults= {VTabs: Object} > 
  at <VToolbar ref=Ref< Proxy(Object) > class="v-app-bar" style= {top: 0px, zIndex: 1012, transform: translateY(0px), position: fixed, height: undefined}  ... > 
  at <VAppBar id="topnav" > 
  at <MenusHeader drawer=false onToggleDrawer=fn > 
  at <ClientOnly > 
  at <VApp theme="light" class="auto-text" > 
  at <VResponsive class="border rounded" > 
  at <Default ref=Ref< Proxy(Object) > > 
  at <AsyncComponentWrapper ref=Ref< Proxy(Object) > > 
  at <LayoutLoader key="default" layoutProps= {ref: RefImpl} name="default" > 
  at <NuxtLayoutProvider layoutProps= {ref: RefImpl} key="default" name="default"  ... > 
  at <NuxtLayout > 
  at <App key=4 > 
  at <NuxtRoot> @ http://localhost:3001/_nuxt/@fs/home/meebuzo/github/alternate-framework/apps/ecosystem/meeovi-frontend/node_modules/@sentry/core/build/esm/instrument/console.js?v=cfee6d51:42
[   13063ms] [WARNING] [Vue warn]: Avoid app logic that relies on enumerating keys on a component instance. The keys will be empty in production mode to avoid performance overhead. 
  at <VNavigationDrawer modelValue=undefined onUpdate:modelValue=fn location="right"  ... > 
  at <MenusTopmenuLayoutNotifications > 
  at <VCol class="notificationsHeader" > 
  at <VDefaultsProvider defaults= {VTabs: Object} > 
  at <VToolbar ref=Ref< Proxy(Object) > class="v-app-bar" style= {top: 0px, zIndex: 1012, transform: translateY(0px), position: fixed, height: undefined}  ... > 
  at <VAppBar id="topnav" > 
  at <MenusHeader drawer=false onToggleDrawer=fn > 
  at <ClientOnly > 
  at <VApp theme="light" class="auto-text" > 
  at <VResponsive class="border rounded" > 
  at <Default ref=Ref< Proxy(Object) > > 
  at <AsyncComponentWrapper ref=Ref< Proxy(Object) > > 
  at <LayoutLoader key="default" layoutProps= {ref: RefImpl} name="default" > 
  at <NuxtLayoutProvider layoutProps= {ref: RefImpl} key="default" name="default"  ... > 
  at <NuxtLayout > 
  at <App key=4 > 
  at <NuxtRoot> @ http://localhost:3001/_nuxt/@fs/home/meebuzo/github/alternate-framework/apps/ecosystem/meeovi-frontend/node_modules/@sentry/core/build/esm/instrument/console.js?v=cfee6d51:42
[   13067ms] [WARNING] [Vue warn]: Avoid app logic that relies on enumerating keys on a component instance. The keys will be empty in production mode to avoid performance overhead. 
  at <VNavigationDrawer modelValue=undefined onUpdate:modelValue=fn location="right"  ... > 
  at <MenusTopmenuLayoutNotifications > 
  at <VCol class="notificationsHeader" > 
  at <VDefaultsProvider defaults= {VTabs: Object} > 
  at <VToolbar ref=Ref< Proxy(Object) > class="v-app-bar" style= {top: 0px, zIndex: 1012, transform: translateY(0px), position: fixed, height: undefined}  ... > 
  at <VAppBar id="topnav" > 
  at <MenusHeader drawer=false onToggleDrawer=fn > 
  at <ClientOnly > 
  at <VApp theme="light" class="auto-text" > 
  at <VResponsive class="border rounded" > 
  at <Default ref=Ref< Proxy(Object) > > 
  at <AsyncComponentWrapper ref=Ref< Proxy(Object) > > 
  at <LayoutLoader key="default" layoutProps= {ref: RefImpl} name="default" > 
  at <NuxtLayoutProvider layoutProps= {ref: RefImpl} key="default" name="default"  ... > 
  at <NuxtLayout > 
  at <App key=4 > 
  at <NuxtRoot> @ http://localhost:3001/_nuxt/@fs/home/meebuzo/github/alternate-framework/apps/ecosystem/meeovi-frontend/node_modules/@sentry/core/build/esm/instrument/console.js?v=cfee6d51:42
[   13070ms] [WARNING] [Vue warn]: Avoid app logic that relies on enumerating keys on a component instance. The keys will be empty in production mode to avoid performance overhead. 
  at <VNavigationDrawer modelValue=undefined onUpdate:modelValue=fn location="right"  ... > 
  at <MenusTopmenuLayoutNotifications > 
  at <VCol class="notificationsHeader" > 
  at <VDefaultsProvider defaults= {VTabs: Object} > 
  at <VToolbar ref=Ref< Proxy(Object) > class="v-app-bar" style= {top: 0px, zIndex: 1012, transform: translateY(0px), position: fixed, height: undefined}  ... > 
  at <VAppBar id="topnav" > 
  at <MenusHeader drawer=false onToggleDrawer=fn > 
  at <ClientOnly > 
  at <VApp theme="light" class="auto-text" > 
  at <VResponsive class="border rounded" > 
  at <Default ref=Ref< Proxy(Object) > > 
  at <AsyncComponentWrapper ref=Ref< Proxy(Object) > > 
  at <LayoutLoader key="default" layoutProps= {ref: RefImpl} name="default" > 
  at <NuxtLayoutProvider layoutProps= {ref: RefImpl} key="default" name="default"  ... > 
  at <NuxtLayout > 
  at <App key=4 > 
  at <NuxtRoot> @ http://localhost:3001/_nuxt/@fs/home/meebuzo/github/alternate-framework/apps/ecosystem/meeovi-frontend/node_modules/@sentry/core/build/esm/instrument/console.js?v=cfee6d51:42
[   13073ms] [WARNING] [Vue warn]: Avoid app logic that relies on enumerating keys on a component instance. The keys will be empty in production mode to avoid performance overhead. 
  at <VNavigationDrawer modelValue=undefined onUpdate:modelValue=fn location="right"  ... > 
  at <MenusTopmenuLayoutNotifications > 
  at <VCol class="notificationsHeader" > 
  at <VDefaultsProvider defaults= {VTabs: Object} > 
  at <VToolbar ref=Ref< Proxy(Object) > class="v-app-bar" style= {top: 0px, zIndex: 1012, transform: translateY(0px), position: fixed, height: undefined}  ... > 
  at <VAppBar id="topnav" > 
  at <MenusHeader drawer=false onToggleDrawer=fn > 
  at <ClientOnly > 
  at <VApp theme="light" class="auto-text" > 
  at <VResponsive class="border rounded" > 
  at <Default ref=Ref< Proxy(Object) > > 
  at <AsyncComponentWrapper ref=Ref< Proxy(Object) > > 
  at <LayoutLoader key="default" layoutProps= {ref: RefImpl} name="default" > 
  at <NuxtLayoutProvider layoutProps= {ref: RefImpl} key="default" name="default"  ... > 
  at <NuxtLayout > 
  at <App key=4 > 
  at <NuxtRoot> @ http://localhost:3001/_nuxt/@fs/home/meebuzo/github/alternate-framework/apps/ecosystem/meeovi-frontend/node_modules/@sentry/core/build/esm/instrument/console.js?v=cfee6d51:42
[   13077ms] [WARNING] [Vue warn]: Avoid app logic that relies on enumerating keys on a component instance. The keys will be empty in production mode to avoid performance overhead. 
  at <VNavigationDrawer modelValue=undefined onUpdate:modelValue=fn location="right"  ... > 
  at <MenusTopmenuLayoutNotifications > 
  at <VCol class="notificationsHeader" > 
  at <VDefaultsProvider defaults= {VTabs: Object} > 
  at <VToolbar ref=Ref< Proxy(Object) > class="v-app-bar" style= {top: 0px, zIndex: 1012, transform: translateY(0px), position: fixed, height: undefined}  ... > 
  at <VAppBar id="topnav" > 
  at <MenusHeader drawer=false onToggleDrawer=fn > 
  at <ClientOnly > 
  at <VApp theme="light" class="auto-text" > 
  at <VResponsive class="border rounded" > 
  at <Default ref=Ref< Proxy(Object) > > 
  at <AsyncComponentWrapper ref=Ref< Proxy(Object) > > 
  at <LayoutLoader key="default" layoutProps= {ref: RefImpl} name="default" > 
  at <NuxtLayoutProvider layoutProps= {ref: RefImpl} key="default" name="default"  ... > 
  at <NuxtLayout > 
  at <App key=4 > 
  at <NuxtRoot> @ http://localhost:3001/_nuxt/@fs/home/meebuzo/github/alternate-framework/apps/ecosystem/meeovi-frontend/node_modules/@sentry/core/build/esm/instrument/console.js?v=cfee6d51:42
[   13081ms] [WARNING] [Vue warn]: Avoid app logic that relies on enumerating keys on a component instance. The keys will be empty in production mode to avoid performance overhead. 
  at <VNavigationDrawer modelValue=undefined onUpdate:modelValue=fn location="right"  ... > 
  at <MenusTopmenuLayoutNotifications > 
  at <VCol class="notificationsHeader" > 
  at <VDefaultsProvider defaults= {VTabs: Object} > 
  at <VToolbar ref=Ref< Proxy(Object) > class="v-app-bar" style= {top: 0px, zIndex: 1012, transform: translateY(0px), position: fixed, height: undefined}  ... > 
  at <VAppBar id="topnav" > 
  at <MenusHeader drawer=false onToggleDrawer=fn > 
  at <ClientOnly > 
  at <VApp theme="light" class="auto-text" > 
  at <VResponsive class="border rounded" > 
  at <Default ref=Ref< Proxy(Object) > > 
  at <AsyncComponentWrapper ref=Ref< Proxy(Object) > > 
  at <LayoutLoader key="default" layoutProps= {ref: RefImpl} name="default" > 
  at <NuxtLayoutProvider layoutProps= {ref: RefImpl} key="default" name="default"  ... > 
  at <NuxtLayout > 
  at <App key=4 > 
  at <NuxtRoot> @ http://localhost:3001/_nuxt/@fs/home/meebuzo/github/alternate-framework/apps/ecosystem/meeovi-frontend/node_modules/@sentry/core/build/esm/instrument/console.js?v=cfee6d51:42
[   13085ms] [WARNING] [Vue warn]: Avoid app logic that relies on enumerating keys on a component instance. The keys will be empty in production mode to avoid performance overhead. 
  at <VNavigationDrawer modelValue=undefined onUpdate:modelValue=fn location="right"  ... > 
  at <MenusTopmenuLayoutNotifications > 
  at <VCol class="notificationsHeader" > 
  at <VDefaultsProvider defaults= {VTabs: Object} > 
  at <VToolbar ref=Ref< Proxy(Object) > class="v-app-bar" style= {top: 0px, zIndex: 1012, transform: translateY(0px), position: fixed, height: undefined}  ... > 
  at <VAppBar id="topnav" > 
  at <MenusHeader drawer=false onToggleDrawer=fn > 
  at <ClientOnly > 
  at <VApp theme="light" class="auto-text" > 
  at <VResponsive class="border rounded" > 
  at <Default ref=Ref< Proxy(Object) > > 
  at <AsyncComponentWrapper ref=Ref< Proxy(Object) > > 
  at <LayoutLoader key="default" layoutProps= {ref: RefImpl} name="default" > 
  at <NuxtLayoutProvider layoutProps= {ref: RefImpl} key="default" name="default"  ... > 
  at <NuxtLayout > 
  at <App key=4 > 
  at <NuxtRoot> @ http://localhost:3001/_nuxt/@fs/home/meebuzo/github/alternate-framework/apps/ecosystem/meeovi-frontend/node_modules/@sentry/core/build/esm/instrument/console.js?v=cfee6d51:42
[   13089ms] [WARNING] [Vue warn]: Avoid app logic that relies on enumerating keys on a component instance. The keys will be empty in production mode to avoid performance overhead. 
  at <VNavigationDrawer modelValue=undefined onUpdate:modelValue=fn location="right"  ... > 
  at <MenusTopmenuLayoutNotifications > 
  at <VCol class="notificationsHeader" > 
  at <VDefaultsProvider defaults= {VTabs: Object} > 
  at <VToolbar ref=Ref< Proxy(Object) > class="v-app-bar" style= {top: 0px, zIndex: 1012, transform: translateY(0px), position: fixed, height: undefined}  ... > 
  at <VAppBar id="topnav" > 
  at <MenusHeader drawer=false onToggleDrawer=fn > 
  at <ClientOnly > 
  at <VApp theme="light" class="auto-text" > 
  at <VResponsive class="border rounded" > 
  at <Default ref=Ref< Proxy(Object) > > 
  at <AsyncComponentWrapper ref=Ref< Proxy(Object) > > 
  at <LayoutLoader key="default" layoutProps= {ref: RefImpl} name="default" > 
  at <NuxtLayoutProvider layoutProps= {ref: RefImpl} key="default" name="default"  ... > 
  at <NuxtLayout > 
  at <App key=4 > 
  at <NuxtRoot> @ http://localhost:3001/_nuxt/@fs/home/meebuzo/github/alternate-framework/apps/ecosystem/meeovi-frontend/node_modules/@sentry/core/build/esm/instrument/console.js?v=cfee6d51:42
[   13094ms] [WARNING] [Vue warn]: Avoid app logic that relies on enumerating keys on a component instance. The keys will be empty in production mode to avoid performance overhead. 
  at <VNavigationDrawer modelValue=undefined onUpdate:modelValue=fn location="right"  ... > 
  at <MenusTopmenuLayoutNotifications > 
  at <VCol class="notificationsHeader" > 
  at <VDefaultsProvider defaults= {VTabs: Object} > 
  at <VToolbar ref=Ref< Proxy(Object) > class="v-app-bar" style= {top: 0px, zIndex: 1012, transform: translateY(0px), position: fixed, height: undefined}  ... > 
  at <VAppBar id="topnav" > 
  at <MenusHeader drawer=false onToggleDrawer=fn > 
  at <ClientOnly > 
  at <VApp theme="light" class="auto-text" > 
  at <VResponsive class="border rounded" > 
  at <Default ref=Ref< Proxy(Object) > > 
  at <AsyncComponentWrapper ref=Ref< Proxy(Object) > > 
  at <LayoutLoader key="default" layoutProps= {ref: RefImpl} name="default" > 
  at <NuxtLayoutProvider layoutProps= {ref: RefImpl} key="default" name="default"  ... > 
  at <NuxtLayout > 
  at <App key=4 > 
  at <NuxtRoot> @ http://localhost:3001/_nuxt/@fs/home/meebuzo/github/alternate-framework/apps/ecosystem/meeovi-frontend/node_modules/@sentry/core/build/esm/instrument/console.js?v=cfee6d51:42
[   13099ms] [WARNING] [Vue warn]: Avoid app logic that relies on enumerating keys on a component instance. The keys will be empty in production mode to avoid performance overhead. 
  at <VNavigationDrawer modelValue=undefined onUpdate:modelValue=fn location="right"  ... > 
  at <MenusTopmenuLayoutNotifications > 
  at <VCol class="notificationsHeader" > 
  at <VDefaultsProvider defaults= {VTabs: Object} > 
  at <VToolbar ref=Ref< Proxy(Object) > class="v-app-bar" style= {top: 0px, zIndex: 1012, transform: translateY(0px), position: fixed, height: undefined}  ... > 
  at <VAppBar id="topnav" > 
  at <MenusHeader drawer=false onToggleDrawer=fn > 
  at <ClientOnly > 
  at <VApp theme="light" class="auto-text" > 
  at <VResponsive class="border rounded" > 
  at <Default ref=Ref< Proxy(Object) > > 
  at <AsyncComponentWrapper ref=Ref< Proxy(Object) > > 
  at <LayoutLoader key="default" layoutProps= {ref: RefImpl} name="default" > 
  at <NuxtLayoutProvider layoutProps= {ref: RefImpl} key="default" name="default"  ... > 
  at <NuxtLayout > 
  at <App key=4 > 
  at <NuxtRoot> @ http://localhost:3001/_nuxt/@fs/home/meebuzo/github/alternate-framework/apps/ecosystem/meeovi-frontend/node_modules/@sentry/core/build/esm/instrument/console.js?v=cfee6d51:42
[   13104ms] [WARNING] [Vue warn]: Avoid app logic that relies on enumerating keys on a component instance. The keys will be empty in production mode to avoid performance overhead. 
  at <VNavigationDrawer modelValue=undefined onUpdate:modelValue=fn location="right"  ... > 
  at <MenusTopmenuLayoutNotifications > 
  at <VCol class="notificationsHeader" > 
  at <VDefaultsProvider defaults= {VTabs: Object} > 
  at <VToolbar ref=Ref< Proxy(Object) > class="v-app-bar" style= {top: 0px, zIndex: 1012, transform: translateY(0px), position: fixed, height: undefined}  ... > 
  at <VAppBar id="topnav" > 
  at <MenusHeader drawer=false onToggleDrawer=fn > 
  at <ClientOnly > 
  at <VApp theme="light" class="auto-text" > 
  at <VResponsive class="border rounded" > 
  at <Default ref=Ref< Proxy(Object) > > 
  at <AsyncComponentWrapper ref=Ref< Proxy(Object) > > 
  at <LayoutLoader key="default" layoutProps= {ref: RefImpl} name="default" > 
  at <NuxtLayoutProvider layoutProps= {ref: RefImpl} key="default" name="default"  ... > 
  at <NuxtLayout > 
  at <App key=4 > 
  at <NuxtRoot> @ http://localhost:3001/_nuxt/@fs/home/meebuzo/github/alternate-framework/apps/ecosystem/meeovi-frontend/node_modules/@sentry/core/build/esm/instrument/console.js?v=cfee6d51:42
[   13109ms] [WARNING] [Vue warn]: Avoid app logic that relies on enumerating keys on a component instance. The keys will be empty in production mode to avoid performance overhead. 
  at <VNavigationDrawer modelValue=undefined onUpdate:modelValue=fn location="right"  ... > 
  at <MenusTopmenuLayoutNotifications > 
  at <VCol class="notificationsHeader" > 
  at <VDefaultsProvider defaults= {VTabs: Object} > 
  at <VToolbar ref=Ref< Proxy(Object) > class="v-app-bar" style= {top: 0px, zIndex: 1012, transform: translateY(0px), position: fixed, height: undefined}  ... > 
  at <VAppBar id="topnav" > 
  at <MenusHeader drawer=false onToggleDrawer=fn > 
  at <ClientOnly > 
  at <VApp theme="light" class="auto-text" > 
  at <VResponsive class="border rounded" > 
  at <Default ref=Ref< Proxy(Object) > > 
  at <AsyncComponentWrapper ref=Ref< Proxy(Object) > > 
  at <LayoutLoader key="default" layoutProps= {ref: RefImpl} name="default" > 
  at <NuxtLayoutProvider layoutProps= {ref: RefImpl} key="default" name="default"  ... > 
  at <NuxtLayout > 
  at <App key=4 > 
  at <NuxtRoot> @ http://localhost:3001/_nuxt/@fs/home/meebuzo/github/alternate-framework/apps/ecosystem/meeovi-frontend/node_modules/@sentry/core/build/esm/instrument/console.js?v=cfee6d51:42
[   13113ms] [WARNING] [Vue warn]: Avoid app logic that relies on enumerating keys on a component instance. The keys will be empty in production mode to avoid performance overhead. 
  at <VNavigationDrawer modelValue=undefined onUpdate:modelValue=fn location="right"  ... > 
  at <MenusTopmenuLayoutNotifications > 
  at <VCol class="notificationsHeader" > 
  at <VDefaultsProvider defaults= {VTabs: Object} > 
  at <VToolbar ref=Ref< Proxy(Object) > class="v-app-bar" style= {top: 0px, zIndex: 1012, transform: translateY(0px), position: fixed, height: undefined}  ... > 
  at <VAppBar id="topnav" > 
  at <MenusHeader drawer=false onToggleDrawer=fn > 
  at <ClientOnly > 
  at <VApp theme="light" class="auto-text" > 
  at <VResponsive class="border rounded" > 
  at <Default ref=Ref< Proxy(Object) > > 
  at <AsyncComponentWrapper ref=Ref< Proxy(Object) > > 
  at <LayoutLoader key="default" layoutProps= {ref: RefImpl} name="default" > 
  at <NuxtLayoutProvider layoutProps= {ref: RefImpl} key="default" name="default"  ... > 
  at <NuxtLayout > 
  at <App key=4 > 
  at <NuxtRoot> @ http://localhost:3001/_nuxt/@fs/home/meebuzo/github/alternate-framework/apps/ecosystem/meeovi-frontend/node_modules/@sentry/core/build/esm/instrument/console.js?v=cfee6d51:42
[   13118ms] [WARNING] [Vue warn]: Avoid app logic that relies on enumerating keys on a component instance. The keys will be empty in production mode to avoid performance overhead. 
  at <VNavigationDrawer modelValue=undefined onUpdate:modelValue=fn location="right"  ... > 
  at <MenusTopmenuLayoutNotifications > 
  at <VCol class="notificationsHeader" > 
  at <VDefaultsProvider defaults= {VTabs: Object} > 
  at <VToolbar ref=Ref< Proxy(Object) > class="v-app-bar" style= {top: 0px, zIndex: 1012, transform: translateY(0px), position: fixed, height: undefined}  ... > 
  at <VAppBar id="topnav" > 
  at <MenusHeader drawer=false onToggleDrawer=fn > 
  at <ClientOnly > 
  at <VApp theme="light" class="auto-text" > 
  at <VResponsive class="border rounded" > 
  at <Default ref=Ref< Proxy(Object) > > 
  at <AsyncComponentWrapper ref=Ref< Proxy(Object) > > 
  at <LayoutLoader key="default" layoutProps= {ref: RefImpl} name="default" > 
  at <NuxtLayoutProvider layoutProps= {ref: RefImpl} key="default" name="default"  ... > 
  at <NuxtLayout > 
  at <App key=4 > 
  at <NuxtRoot> @ http://localhost:3001/_nuxt/@fs/home/meebuzo/github/alternate-framework/apps/ecosystem/meeovi-frontend/node_modules/@sentry/core/build/esm/instrument/console.js?v=cfee6d51:42
[   13123ms] [WARNING] [Vue warn]: Avoid app logic that relies on enumerating keys on a component instance. The keys will be empty in production mode to avoid performance overhead. 
  at <VNavigationDrawer modelValue=undefined onUpdate:modelValue=fn location="right"  ... > 
  at <MenusTopmenuLayoutNotifications > 
  at <VCol class="notificationsHeader" > 
  at <VDefaultsProvider defaults= {VTabs: Object} > 
  at <VToolbar ref=Ref< Proxy(Object) > class="v-app-bar" style= {top: 0px, zIndex: 1012, transform: translateY(0px), position: fixed, height: undefined}  ... > 
  at <VAppBar id="topnav" > 
  at <MenusHeader drawer=false onToggleDrawer=fn > 
  at <ClientOnly > 
  at <VApp theme="light" class="auto-text" > 
  at <VResponsive class="border rounded" > 
  at <Default ref=Ref< Proxy(Object) > > 
  at <AsyncComponentWrapper ref=Ref< Proxy(Object) > > 
  at <LayoutLoader key="default" layoutProps= {ref: RefImpl} name="default" > 
  at <NuxtLayoutProvider layoutProps= {ref: RefImpl} key="default" name="default"  ... > 
  at <NuxtLayout > 
  at <App key=4 > 
  at <NuxtRoot> @ http://localhost:3001/_nuxt/@fs/home/meebuzo/github/alternate-framework/apps/ecosystem/meeovi-frontend/node_modules/@sentry/core/build/esm/instrument/console.js?v=cfee6d51:42
[   13127ms] [WARNING] [Vue warn]: Avoid app logic that relies on enumerating keys on a component instance. The keys will be empty in production mode to avoid performance overhead. 
  at <VNavigationDrawer modelValue=undefined onUpdate:modelValue=fn location="right"  ... > 
  at <MenusTopmenuLayoutNotifications > 
  at <VCol class="notificationsHeader" > 
  at <VDefaultsProvider defaults= {VTabs: Object} > 
  at <VToolbar ref=Ref< Proxy(Object) > class="v-app-bar" style= {top: 0px, zIndex: 1012, transform: translateY(0px), position: fixed, height: undefined}  ... > 
  at <VAppBar id="topnav" > 
  at <MenusHeader drawer=false onToggleDrawer=fn > 
  at <ClientOnly > 
  at <VApp theme="light" class="auto-text" > 
  at <VResponsive class="border rounded" > 
  at <Default ref=Ref< Proxy(Object) > > 
  at <AsyncComponentWrapper ref=Ref< Proxy(Object) > > 
  at <LayoutLoader key="default" layoutProps= {ref: RefImpl} name="default" > 
  at <NuxtLayoutProvider layoutProps= {ref: RefImpl} key="default" name="default"  ... > 
  at <NuxtLayout > 
  at <App key=4 > 
  at <NuxtRoot> @ http://localhost:3001/_nuxt/@fs/home/meebuzo/github/alternate-framework/apps/ecosystem/meeovi-frontend/node_modules/@sentry/core/build/esm/instrument/console.js?v=cfee6d51:42
[   13131ms] [WARNING] [Vue warn]: Avoid app logic that relies on enumerating keys on a component instance. The keys will be empty in production mode to avoid performance overhead. 
  at <VNavigationDrawer modelValue=undefined onUpdate:modelValue=fn location="right"  ... > 
  at <MenusTopmenuLayoutNotifications > 
  at <VCol class="notificationsHeader" > 
  at <VDefaultsProvider defaults= {VTabs: Object} > 
  at <VToolbar ref=Ref< Proxy(Object) > class="v-app-bar" style= {top: 0px, zIndex: 1012, transform: translateY(0px), position: fixed, height: undefined}  ... > 
  at <VAppBar id="topnav" > 
  at <MenusHeader drawer=false onToggleDrawer=fn > 
  at <ClientOnly > 
  at <VApp theme="light" class="auto-text" > 
  at <VResponsive class="border rounded" > 
  at <Default ref=Ref< Proxy(Object) > > 
  at <AsyncComponentWrapper ref=Ref< Proxy(Object) > > 
  at <LayoutLoader key="default" layoutProps= {ref: RefImpl} name="default" > 
  at <NuxtLayoutProvider layoutProps= {ref: RefImpl} key="default" name="default"  ... > 
  at <NuxtLayout > 
  at <App key=4 > 
  at <NuxtRoot> @ http://localhost:3001/_nuxt/@fs/home/meebuzo/github/alternate-framework/apps/ecosystem/meeovi-frontend/node_modules/@sentry/core/build/esm/instrument/console.js?v=cfee6d51:42
[   13136ms] [WARNING] [Vue warn]: Avoid app logic that relies on enumerating keys on a component instance. The keys will be empty in production mode to avoid performance overhead. 
  at <VNavigationDrawer modelValue=undefined onUpdate:modelValue=fn location="right"  ... > 
  at <MenusTopmenuLayoutNotifications > 
  at <VCol class="notificationsHeader" > 
  at <VDefaultsProvider defaults= {VTabs: Object} > 
  at <VToolbar ref=Ref< Proxy(Object) > class="v-app-bar" style= {top: 0px, zIndex: 1012, transform: translateY(0px), position: fixed, height: undefined}  ... > 
  at <VAppBar id="topnav" > 
  at <MenusHeader drawer=false onToggleDrawer=fn > 
  at <ClientOnly > 
  at <VApp theme="light" class="auto-text" > 
  at <VResponsive class="border rounded" > 
  at <Default ref=Ref< Proxy(Object) > > 
  at <AsyncComponentWrapper ref=Ref< Proxy(Object) > > 
  at <LayoutLoader key="default" layoutProps= {ref: RefImpl} name="default" > 
  at <NuxtLayoutProvider layoutProps= {ref: RefImpl} key="default" name="default"  ... > 
  at <NuxtLayout > 
  at <App key=4 > 
  at <NuxtRoot> @ http://localhost:3001/_nuxt/@fs/home/meebuzo/github/alternate-framework/apps/ecosystem/meeovi-frontend/node_modules/@sentry/core/build/esm/instrument/console.js?v=cfee6d51:42
[   13141ms] [WARNING] [Vue warn]: Avoid app logic that relies on enumerating keys on a component instance. The keys will be empty in production mode to avoid performance overhead. 
  at <VNavigationDrawer modelValue=undefined onUpdate:modelValue=fn location="right"  ... > 
  at <MenusTopmenuLayoutNotifications > 
  at <VCol class="notificationsHeader" > 
  at <VDefaultsProvider defaults= {VTabs: Object} > 
  at <VToolbar ref=Ref< Proxy(Object) > class="v-app-bar" style= {top: 0px, zIndex: 1012, transform: translateY(0px), position: fixed, height: undefined}  ... > 
  at <VAppBar id="topnav" > 
  at <MenusHeader drawer=false onToggleDrawer=fn > 
  at <ClientOnly > 
  at <VApp theme="light" class="auto-text" > 
  at <VResponsive class="border rounded" > 
  at <Default ref=Ref< Proxy(Object) > > 
  at <AsyncComponentWrapper ref=Ref< Proxy(Object) > > 
  at <LayoutLoader key="default" layoutProps= {ref: RefImpl} name="default" > 
  at <NuxtLayoutProvider layoutProps= {ref: RefImpl} key="default" name="default"  ... > 
  at <NuxtLayout > 
  at <App key=4 > 
  at <NuxtRoot> @ http://localhost:3001/_nuxt/@fs/home/meebuzo/github/alternate-framework/apps/ecosystem/meeovi-frontend/node_modules/@sentry/core/build/esm/instrument/console.js?v=cfee6d51:42
[   13145ms] [WARNING] [Vue warn]: Avoid app logic that relies on enumerating keys on a component instance. The keys will be empty in production mode to avoid performance overhead. 
  at <VNavigationDrawer modelValue=undefined onUpdate:modelValue=fn location="right"  ... > 
  at <MenusTopmenuLayoutNotifications > 
  at <VCol class="notificationsHeader" > 
  at <VDefaultsProvider defaults= {VTabs: Object} > 
  at <VToolbar ref=Ref< Proxy(Object) > class="v-app-bar" style= {top: 0px, zIndex: 1012, transform: translateY(0px), position: fixed, height: undefined}  ... > 
  at <VAppBar id="topnav" > 
  at <MenusHeader drawer=false onToggleDrawer=fn > 
  at <ClientOnly > 
  at <VApp theme="light" class="auto-text" > 
  at <VResponsive class="border rounded" > 
  at <Default ref=Ref< Proxy(Object) > > 
  at <AsyncComponentWrapper ref=Ref< Proxy(Object) > > 
  at <LayoutLoader key="default" layoutProps= {ref: RefImpl} name="default" > 
  at <NuxtLayoutProvider layoutProps= {ref: RefImpl} key="default" name="default"  ... > 
  at <NuxtLayout > 
  at <App key=4 > 
  at <NuxtRoot> @ http://localhost:3001/_nuxt/@fs/home/meebuzo/github/alternate-framework/apps/ecosystem/meeovi-frontend/node_modules/@sentry/core/build/esm/instrument/console.js?v=cfee6d51:42
[   13150ms] [WARNING] [Vue warn]: Avoid app logic that relies on enumerating keys on a component instance. The keys will be empty in production mode to avoid performance overhead. 
  at <VNavigationDrawer modelValue=undefined onUpdate:modelValue=fn location="right"  ... > 
  at <MenusTopmenuLayoutNotifications > 
  at <VCol class="notificationsHeader" > 
  at <VDefaultsProvider defaults= {VTabs: Object} > 
  at <VToolbar ref=Ref< Proxy(Object) > class="v-app-bar" style= {top: 0px, zIndex: 1012, transform: translateY(0px), position: fixed, height: undefined}  ... > 
  at <VAppBar id="topnav" > 
  at <MenusHeader drawer=false onToggleDrawer=fn > 
  at <ClientOnly > 
  at <VApp theme="light" class="auto-text" > 
  at <VResponsive class="border rounded" > 
  at <Default ref=Ref< Proxy(Object) > > 
  at <AsyncComponentWrapper ref=Ref< Proxy(Object) > > 
  at <LayoutLoader key="default" layoutProps= {ref: RefImpl} name="default" > 
  at <NuxtLayoutProvider layoutProps= {ref: RefImpl} key="default" name="default"  ... > 
  at <NuxtLayout > 
  at <App key=4 > 
  at <NuxtRoot> @ http://localhost:3001/_nuxt/@fs/home/meebuzo/github/alternate-framework/apps/ecosystem/meeovi-frontend/node_modules/@sentry/core/build/esm/instrument/console.js?v=cfee6d51:42
[   13154ms] [WARNING] [Vue warn]: Avoid app logic that relies on enumerating keys on a component instance. The keys will be empty in production mode to avoid performance overhead. 
  at <VNavigationDrawer modelValue=undefined onUpdate:modelValue=fn location="right"  ... > 
  at <MenusTopmenuLayoutNotifications > 
  at <VCol class="notificationsHeader" > 
  at <VDefaultsProvider defaults= {VTabs: Object} > 
  at <VToolbar ref=Ref< Proxy(Object) > class="v-app-bar" style= {top: 0px, zIndex: 1012, transform: translateY(0px), position: fixed, height: undefined}  ... > 
  at <VAppBar id="topnav" > 
  at <MenusHeader drawer=false onToggleDrawer=fn > 
  at <ClientOnly > 
  at <VApp theme="light" class="auto-text" > 
  at <VResponsive class="border rounded" > 
  at <Default ref=Ref< Proxy(Object) > > 
  at <AsyncComponentWrapper ref=Ref< Proxy(Object) > > 
  at <LayoutLoader key="default" layoutProps= {ref: RefImpl} name="default" > 
  at <NuxtLayoutProvider layoutProps= {ref: RefImpl} key="default" name="default"  ... > 
  at <NuxtLayout > 
  at <App key=4 > 
  at <NuxtRoot> @ http://localhost:3001/_nuxt/@fs/home/meebuzo/github/alternate-framework/apps/ecosystem/meeovi-frontend/node_modules/@sentry/core/build/esm/instrument/console.js?v=cfee6d51:42
[   13159ms] [WARNING] [Vue warn]: Avoid app logic that relies on enumerating keys on a component instance. The keys will be empty in production mode to avoid performance overhead. 
  at <VNavigationDrawer modelValue=undefined onUpdate:modelValue=fn location="right"  ... > 
  at <MenusTopmenuLayoutNotifications > 
  at <VCol class="notificationsHeader" > 
  at <VDefaultsProvider defaults= {VTabs: Object} > 
  at <VToolbar ref=Ref< Proxy(Object) > class="v-app-bar" style= {top: 0px, zIndex: 1012, transform: translateY(0px), position: fixed, height: undefined}  ... > 
  at <VAppBar id="topnav" > 
  at <MenusHeader drawer=false onToggleDrawer=fn > 
  at <ClientOnly > 
  at <VApp theme="light" class="auto-text" > 
  at <VResponsive class="border rounded" > 
  at <Default ref=Ref< Proxy(Object) > > 
  at <AsyncComponentWrapper ref=Ref< Proxy(Object) > > 
  at <LayoutLoader key="default" layoutProps= {ref: RefImpl} name="default" > 
  at <NuxtLayoutProvider layoutProps= {ref: RefImpl} key="default" name="default"  ... > 
  at <NuxtLayout > 
  at <App key=4 > 
  at <NuxtRoot> @ http://localhost:3001/_nuxt/@fs/home/meebuzo/github/alternate-framework/apps/ecosystem/meeovi-frontend/node_modules/@sentry/core/build/esm/instrument/console.js?v=cfee6d51:42
[   13164ms] [WARNING] [Vue warn]: Avoid app logic that relies on enumerating keys on a component instance. The keys will be empty in production mode to avoid performance overhead. 
  at <VNavigationDrawer modelValue=undefined onUpdate:modelValue=fn location="right"  ... > 
  at <MenusTopmenuLayoutNotifications > 
  at <VCol class="notificationsHeader" > 
  at <VDefaultsProvider defaults= {VTabs: Object} > 
  at <VToolbar ref=Ref< Proxy(Object) > class="v-app-bar" style= {top: 0px, zIndex: 1012, transform: translateY(0px), position: fixed, height: undefined}  ... > 
  at <VAppBar id="topnav" > 
  at <MenusHeader drawer=false onToggleDrawer=fn > 
  at <ClientOnly > 
  at <VApp theme="light" class="auto-text" > 
  at <VResponsive class="border rounded" > 
  at <Default ref=Ref< Proxy(Object) > > 
  at <AsyncComponentWrapper ref=Ref< Proxy(Object) > > 
  at <LayoutLoader key="default" layoutProps= {ref: RefImpl} name="default" > 
  at <NuxtLayoutProvider layoutProps= {ref: RefImpl} key="default" name="default"  ... > 
  at <NuxtLayout > 
  at <App key=4 > 
  at <NuxtRoot> @ http://localhost:3001/_nuxt/@fs/home/meebuzo/github/alternate-framework/apps/ecosystem/meeovi-frontend/node_modules/@sentry/core/build/esm/instrument/console.js?v=cfee6d51:42
[   13168ms] [WARNING] [Vue warn]: Avoid app logic that relies on enumerating keys on a component instance. The keys will be empty in production mode to avoid performance overhead. 
  at <VNavigationDrawer modelValue=undefined onUpdate:modelValue=fn location="right"  ... > 
  at <MenusTopmenuLayoutNotifications > 
  at <VCol class="notificationsHeader" > 
  at <VDefaultsProvider defaults= {VTabs: Object} > 
  at <VToolbar ref=Ref< Proxy(Object) > class="v-app-bar" style= {top: 0px, zIndex: 1012, transform: translateY(0px), position: fixed, height: undefined}  ... > 
  at <VAppBar id="topnav" > 
  at <MenusHeader drawer=false onToggleDrawer=fn > 
  at <ClientOnly > 
  at <VApp theme="light" class="auto-text" > 
  at <VResponsive class="border rounded" > 
  at <Default ref=Ref< Proxy(Object) > > 
  at <AsyncComponentWrapper ref=Ref< Proxy(Object) > > 
  at <LayoutLoader key="default" layoutProps= {ref: RefImpl} name="default" > 
  at <NuxtLayoutProvider layoutProps= {ref: RefImpl} key="default" name="default"  ... > 
  at <NuxtLayout > 
  at <App key=4 > 
  at <NuxtRoot> @ http://localhost:3001/_nuxt/@fs/home/meebuzo/github/alternate-framework/apps/ecosystem/meeovi-frontend/node_modules/@sentry/core/build/esm/instrument/console.js?v=cfee6d51:42
[   13173ms] [WARNING] [Vue warn]: Avoid app logic that relies on enumerating keys on a component instance. The keys will be empty in production mode to avoid performance overhead. 
  at <VNavigationDrawer modelValue=undefined onUpdate:modelValue=fn location="right"  ... > 
  at <MenusTopmenuLayoutNotifications > 
  at <VCol class="notificationsHeader" > 
  at <VDefaultsProvider defaults= {VTabs: Object} > 
  at <VToolbar ref=Ref< Proxy(Object) > class="v-app-bar" style= {top: 0px, zIndex: 1012, transform: translateY(0px), position: fixed, height: undefined}  ... > 
  at <VAppBar id="topnav" > 
  at <MenusHeader drawer=false onToggleDrawer=fn > 
  at <ClientOnly > 
  at <VApp theme="light" class="auto-text" > 
  at <VResponsive class="border rounded" > 
  at <Default ref=Ref< Proxy(Object) > > 
  at <AsyncComponentWrapper ref=Ref< Proxy(Object) > > 
  at <LayoutLoader key="default" layoutProps= {ref: RefImpl} name="default" > 
  at <NuxtLayoutProvider layoutProps= {ref: RefImpl} key="default" name="default"  ... > 
  at <NuxtLayout > 
  at <App key=4 > 
  at <NuxtRoot> @ http://localhost:3001/_nuxt/@fs/home/meebuzo/github/alternate-framework/apps/ecosystem/meeovi-frontend/node_modules/@sentry/core/build/esm/instrument/console.js?v=cfee6d51:42
[   13177ms] [WARNING] [Vue warn]: Avoid app logic that relies on enumerating keys on a component instance. The keys will be empty in production mode to avoid performance overhead. 
  at <VNavigationDrawer modelValue=undefined onUpdate:modelValue=fn location="right"  ... > 
  at <MenusTopmenuLayoutNotifications > 
  at <VCol class="notificationsHeader" > 
  at <VDefaultsProvider defaults= {VTabs: Object} > 
  at <VToolbar ref=Ref< Proxy(Object) > class="v-app-bar" style= {top: 0px, zIndex: 1012, transform: translateY(0px), position: fixed, height: undefined}  ... > 
  at <VAppBar id="topnav" > 
  at <MenusHeader drawer=false onToggleDrawer=fn > 
  at <ClientOnly > 
  at <VApp theme="light" class="auto-text" > 
  at <VResponsive class="border rounded" > 
  at <Default ref=Ref< Proxy(Object) > > 
  at <AsyncComponentWrapper ref=Ref< Proxy(Object) > > 
  at <LayoutLoader key="default" layoutProps= {ref: RefImpl} name="default" > 
  at <NuxtLayoutProvider layoutProps= {ref: RefImpl} key="default" name="default"  ... > 
  at <NuxtLayout > 
  at <App key=4 > 
  at <NuxtRoot> @ http://localhost:3001/_nuxt/@fs/home/meebuzo/github/alternate-framework/apps/ecosystem/meeovi-frontend/node_modules/@sentry/core/build/esm/instrument/console.js?v=cfee6d51:42
[   13182ms] [WARNING] [Vue warn]: Avoid app logic that relies on enumerating keys on a component instance. The keys will be empty in production mode to avoid performance overhead. 
  at <VNavigationDrawer modelValue=undefined onUpdate:modelValue=fn location="right"  ... > 
  at <MenusTopmenuLayoutNotifications > 
  at <VCol class="notificationsHeader" > 
  at <VDefaultsProvider defaults= {VTabs: Object} > 
  at <VToolbar ref=Ref< Proxy(Object) > class="v-app-bar" style= {top: 0px, zIndex: 1012, transform: translateY(0px), position: fixed, height: undefined}  ... > 
  at <VAppBar id="topnav" > 
  at <MenusHeader drawer=false onToggleDrawer=fn > 
  at <ClientOnly > 
  at <VApp theme="light" class="auto-text" > 
  at <VResponsive class="border rounded" > 
  at <Default ref=Ref< Proxy(Object) > > 
  at <AsyncComponentWrapper ref=Ref< Proxy(Object) > > 
  at <LayoutLoader key="default" layoutProps= {ref: RefImpl} name="default" > 
  at <NuxtLayoutProvider layoutProps= {ref: RefImpl} key="default" name="default"  ... > 
  at <NuxtLayout > 
  at <App key=4 > 
  at <NuxtRoot> @ http://localhost:3001/_nuxt/@fs/home/meebuzo/github/alternate-framework/apps/ecosystem/meeovi-frontend/node_modules/@sentry/core/build/esm/instrument/console.js?v=cfee6d51:42
[   13187ms] [WARNING] [Vue warn]: Avoid app logic that relies on enumerating keys on a component instance. The keys will be empty in production mode to avoid performance overhead. 
  at <VNavigationDrawer modelValue=undefined onUpdate:modelValue=fn location="right"  ... > 
  at <MenusTopmenuLayoutNotifications > 
  at <VCol class="notificationsHeader" > 
  at <VDefaultsProvider defaults= {VTabs: Object} > 
  at <VToolbar ref=Ref< Proxy(Object) > class="v-app-bar" style= {top: 0px, zIndex: 1012, transform: translateY(0px), position: fixed, height: undefined}  ... > 
  at <VAppBar id="topnav" > 
  at <MenusHeader drawer=false onToggleDrawer=fn > 
  at <ClientOnly > 
  at <VApp theme="light" class="auto-text" > 
  at <VResponsive class="border rounded" > 
  at <Default ref=Ref< Proxy(Object) > > 
  at <AsyncComponentWrapper ref=Ref< Proxy(Object) > > 
  at <LayoutLoader key="default" layoutProps= {ref: RefImpl} name="default" > 
  at <NuxtLayoutProvider layoutProps= {ref: RefImpl} key="default" name="default"  ... > 
  at <NuxtLayout > 
  at <App key=4 > 
  at <NuxtRoot> @ http://localhost:3001/_nuxt/@fs/home/meebuzo/github/alternate-framework/apps/ecosystem/meeovi-frontend/node_modules/@sentry/core/build/esm/instrument/console.js?v=cfee6d51:42
[   13191ms] [WARNING] [Vue warn]: Avoid app logic that relies on enumerating keys on a component instance. The keys will be empty in production mode to avoid performance overhead. 
  at <VNavigationDrawer modelValue=undefined onUpdate:modelValue=fn location="right"  ... > 
  at <MenusTopmenuLayoutNotifications > 
  at <VCol class="notificationsHeader" > 
  at <VDefaultsProvider defaults= {VTabs: Object} > 
  at <VToolbar ref=Ref< Proxy(Object) > class="v-app-bar" style= {top: 0px, zIndex: 1012, transform: translateY(0px), position: fixed, height: undefined}  ... > 
  at <VAppBar id="topnav" > 
  at <MenusHeader drawer=false onToggleDrawer=fn > 
  at <ClientOnly > 
  at <VApp theme="light" class="auto-text" > 
  at <VResponsive class="border rounded" > 
  at <Default ref=Ref< Proxy(Object) > > 
  at <AsyncComponentWrapper ref=Ref< Proxy(Object) > > 
  at <LayoutLoader key="default" layoutProps= {ref: RefImpl} name="default" > 
  at <NuxtLayoutProvider layoutProps= {ref: RefImpl} key="default" name="default"  ... > 
  at <NuxtLayout > 
  at <App key=4 > 
  at <NuxtRoot> @ http://localhost:3001/_nuxt/@fs/home/meebuzo/github/alternate-framework/apps/ecosystem/meeovi-frontend/node_modules/@sentry/core/build/esm/instrument/console.js?v=cfee6d51:42
[   13198ms] [WARNING] [Vue warn]: Avoid app logic that relies on enumerating keys on a component instance. The keys will be empty in production mode to avoid performance overhead. 
  at <VNavigationDrawer modelValue=undefined onUpdate:modelValue=fn location="right"  ... > 
  at <MenusTopmenuLayoutNotifications > 
  at <VCol class="notificationsHeader" > 
  at <VDefaultsProvider defaults= {VTabs: Object} > 
  at <VToolbar ref=Ref< Proxy(Object) > class="v-app-bar" style= {top: 0px, zIndex: 1012, transform: translateY(0px), position: fixed, height: undefined}  ... > 
  at <VAppBar id="topnav" > 
  at <MenusHeader drawer=false onToggleDrawer=fn > 
  at <ClientOnly > 
  at <VApp theme="light" class="auto-text" > 
  at <VResponsive class="border rounded" > 
  at <Default ref=Ref< Proxy(Object) > > 
  at <AsyncComponentWrapper ref=Ref< Proxy(Object) > > 
  at <LayoutLoader key="default" layoutProps= {ref: RefImpl} name="default" > 
  at <NuxtLayoutProvider layoutProps= {ref: RefImpl} key="default" name="default"  ... > 
  at <NuxtLayout > 
  at <App key=4 > 
  at <NuxtRoot> @ http://localhost:3001/_nuxt/@fs/home/meebuzo/github/alternate-framework/apps/ecosystem/meeovi-frontend/node_modules/@sentry/core/build/esm/instrument/console.js?v=cfee6d51:42
[   13202ms] [WARNING] [Vue warn]: Avoid app logic that relies on enumerating keys on a component instance. The keys will be empty in production mode to avoid performance overhead. 
  at <VNavigationDrawer modelValue=undefined onUpdate:modelValue=fn location="right"  ... > 
  at <MenusTopmenuLayoutNotifications > 
  at <VCol class="notificationsHeader" > 
  at <VDefaultsProvider defaults= {VTabs: Object} > 
  at <VToolbar ref=Ref< Proxy(Object) > class="v-app-bar" style= {top: 0px, zIndex: 1012, transform: translateY(0px), position: fixed, height: undefined}  ... > 
  at <VAppBar id="topnav" > 
  at <MenusHeader drawer=false onToggleDrawer=fn > 
  at <ClientOnly > 
  at <VApp theme="light" class="auto-text" > 
  at <VResponsive class="border rounded" > 
  at <Default ref=Ref< Proxy(Object) > > 
  at <AsyncComponentWrapper ref=Ref< Proxy(Object) > > 
  at <LayoutLoader key="default" layoutProps= {ref: RefImpl} name="default" > 
  at <NuxtLayoutProvider layoutProps= {ref: RefImpl} key="default" name="default"  ... > 
  at <NuxtLayout > 
  at <App key=4 > 
  at <NuxtRoot> @ http://localhost:3001/_nuxt/@fs/home/meebuzo/github/alternate-framework/apps/ecosystem/meeovi-frontend/node_modules/@sentry/core/build/esm/instrument/console.js?v=cfee6d51:42
[   13207ms] [WARNING] [Vue warn]: Avoid app logic that relies on enumerating keys on a component instance. The keys will be empty in production mode to avoid performance overhead. 
  at <VNavigationDrawer modelValue=undefined onUpdate:modelValue=fn location="right"  ... > 
  at <MenusTopmenuLayoutNotifications > 
  at <VCol class="notificationsHeader" > 
  at <VDefaultsProvider defaults= {VTabs: Object} > 
  at <VToolbar ref=Ref< Proxy(Object) > class="v-app-bar" style= {top: 0px, zIndex: 1012, transform: translateY(0px), position: fixed, height: undefined}  ... > 
  at <VAppBar id="topnav" > 
  at <MenusHeader drawer=false onToggleDrawer=fn > 
  at <ClientOnly > 
  at <VApp theme="light" class="auto-text" > 
  at <VResponsive class="border rounded" > 
  at <Default ref=Ref< Proxy(Object) > > 
  at <AsyncComponentWrapper ref=Ref< Proxy(Object) > > 
  at <LayoutLoader key="default" layoutProps= {ref: RefImpl} name="default" > 
  at <NuxtLayoutProvider layoutProps= {ref: RefImpl} key="default" name="default"  ... > 
  at <NuxtLayout > 
  at <App key=4 > 
  at <NuxtRoot> @ http://localhost:3001/_nuxt/@fs/home/meebuzo/github/alternate-framework/apps/ecosystem/meeovi-frontend/node_modules/@sentry/core/build/esm/instrument/console.js?v=cfee6d51:42
[   13211ms] [WARNING] [Vue warn]: Avoid app logic that relies on enumerating keys on a component instance. The keys will be empty in production mode to avoid performance overhead. 
  at <VNavigationDrawer modelValue=undefined onUpdate:modelValue=fn location="right"  ... > 
  at <MenusTopmenuLayoutNotifications > 
  at <VCol class="notificationsHeader" > 
  at <VDefaultsProvider defaults= {VTabs: Object} > 
  at <VToolbar ref=Ref< Proxy(Object) > class="v-app-bar" style= {top: 0px, zIndex: 1012, transform: translateY(0px), position: fixed, height: undefined}  ... > 
  at <VAppBar id="topnav" > 
  at <MenusHeader drawer=false onToggleDrawer=fn > 
  at <ClientOnly > 
  at <VApp theme="light" class="auto-text" > 
  at <VResponsive class="border rounded" > 
  at <Default ref=Ref< Proxy(Object) > > 
  at <AsyncComponentWrapper ref=Ref< Proxy(Object) > > 
  at <LayoutLoader key="default" layoutProps= {ref: RefImpl} name="default" > 
  at <NuxtLayoutProvider layoutProps= {ref: RefImpl} key="default" name="default"  ... > 
  at <NuxtLayout > 
  at <App key=4 > 
  at <NuxtRoot> @ http://localhost:3001/_nuxt/@fs/home/meebuzo/github/alternate-framework/apps/ecosystem/meeovi-frontend/node_modules/@sentry/core/build/esm/instrument/console.js?v=cfee6d51:42
[   13216ms] [WARNING] [Vue warn]: Avoid app logic that relies on enumerating keys on a component instance. The keys will be empty in production mode to avoid performance overhead. 
  at <VNavigationDrawer modelValue=undefined onUpdate:modelValue=fn location="right"  ... > 
  at <MenusTopmenuLayoutNotifications > 
  at <VCol class="notificationsHeader" > 
  at <VDefaultsProvider defaults= {VTabs: Object} > 
  at <VToolbar ref=Ref< Proxy(Object) > class="v-app-bar" style= {top: 0px, zIndex: 1012, transform: translateY(0px), position: fixed, height: undefined}  ... > 
  at <VAppBar id="topnav" > 
  at <MenusHeader drawer=false onToggleDrawer=fn > 
  at <ClientOnly > 
  at <VApp theme="light" class="auto-text" > 
  at <VResponsive class="border rounded" > 
  at <Default ref=Ref< Proxy(Object) > > 
  at <AsyncComponentWrapper ref=Ref< Proxy(Object) > > 
  at <LayoutLoader key="default" layoutProps= {ref: RefImpl} name="default" > 
  at <NuxtLayoutProvider layoutProps= {ref: RefImpl} key="default" name="default"  ... > 
  at <NuxtLayout > 
  at <App key=4 > 
  at <NuxtRoot> @ http://localhost:3001/_nuxt/@fs/home/meebuzo/github/alternate-framework/apps/ecosystem/meeovi-frontend/node_modules/@sentry/core/build/esm/instrument/console.js?v=cfee6d51:42
[   13223ms] [WARNING] [Vue warn]: Avoid app logic that relies on enumerating keys on a component instance. The keys will be empty in production mode to avoid performance overhead. 
  at <VNavigationDrawer modelValue=undefined onUpdate:modelValue=fn location="right"  ... > 
  at <MenusTopmenuLayoutNotifications > 
  at <VCol class="notificationsHeader" > 
  at <VDefaultsProvider defaults= {VTabs: Object} > 
  at <VToolbar ref=Ref< Proxy(Object) > class="v-app-bar" style= {top: 0px, zIndex: 1012, transform: translateY(0px), position: fixed, height: undefined}  ... > 
  at <VAppBar id="topnav" > 
  at <MenusHeader drawer=false onToggleDrawer=fn > 
  at <ClientOnly > 
  at <VApp theme="light" class="auto-text" > 
  at <VResponsive class="border rounded" > 
  at <Default ref=Ref< Proxy(Object) > > 
  at <AsyncComponentWrapper ref=Ref< Proxy(Object) > > 
  at <LayoutLoader key="default" layoutProps= {ref: RefImpl} name="default" > 
  at <NuxtLayoutProvider layoutProps= {ref: RefImpl} key="default" name="default"  ... > 
  at <NuxtLayout > 
  at <App key=4 > 
  at <NuxtRoot> @ http://localhost:3001/_nuxt/@fs/home/meebuzo/github/alternate-framework/apps/ecosystem/meeovi-frontend/node_modules/@sentry/core/build/esm/instrument/console.js?v=cfee6d51:42
[   13228ms] [WARNING] [Vue warn]: Avoid app logic that relies on enumerating keys on a component instance. The keys will be empty in production mode to avoid performance overhead. 
  at <VNavigationDrawer modelValue=undefined onUpdate:modelValue=fn location="right"  ... > 
  at <MenusTopmenuLayoutNotifications > 
  at <VCol class="notificationsHeader" > 
  at <VDefaultsProvider defaults= {VTabs: Object} > 
  at <VToolbar ref=Ref< Proxy(Object) > class="v-app-bar" style= {top: 0px, zIndex: 1012, transform: translateY(0px), position: fixed, height: undefined}  ... > 
  at <VAppBar id="topnav" > 
  at <MenusHeader drawer=false onToggleDrawer=fn > 
  at <ClientOnly > 
  at <VApp theme="light" class="auto-text" > 
  at <VResponsive class="border rounded" > 
  at <Default ref=Ref< Proxy(Object) > > 
  at <AsyncComponentWrapper ref=Ref< Proxy(Object) > > 
  at <LayoutLoader key="default" layoutProps= {ref: RefImpl} name="default" > 
  at <NuxtLayoutProvider layoutProps= {ref: RefImpl} key="default" name="default"  ... > 
  at <NuxtLayout > 
  at <App key=4 > 
  at <NuxtRoot> @ http://localhost:3001/_nuxt/@fs/home/meebuzo/github/alternate-framework/apps/ecosystem/meeovi-frontend/node_modules/@sentry/core/build/esm/instrument/console.js?v=cfee6d51:42
[   13232ms] [WARNING] [Vue warn]: Avoid app logic that relies on enumerating keys on a component instance. The keys will be empty in production mode to avoid performance overhead. 
  at <VNavigationDrawer modelValue=undefined onUpdate:modelValue=fn location="right"  ... > 
  at <MenusTopmenuLayoutNotifications > 
  at <VCol class="notificationsHeader" > 
  at <VDefaultsProvider defaults= {VTabs: Object} > 
  at <VToolbar ref=Ref< Proxy(Object) > class="v-app-bar" style= {top: 0px, zIndex: 1012, transform: translateY(0px), position: fixed, height: undefined}  ... > 
  at <VAppBar id="topnav" > 
  at <MenusHeader drawer=false onToggleDrawer=fn > 
  at <ClientOnly > 
  at <VApp theme="light" class="auto-text" > 
  at <VResponsive class="border rounded" > 
  at <Default ref=Ref< Proxy(Object) > > 
  at <AsyncComponentWrapper ref=Ref< Proxy(Object) > > 
  at <LayoutLoader key="default" layoutProps= {ref: RefImpl} name="default" > 
  at <NuxtLayoutProvider layoutProps= {ref: RefImpl} key="default" name="default"  ... > 
  at <NuxtLayout > 
  at <App key=4 > 
  at <NuxtRoot> @ http://localhost:3001/_nuxt/@fs/home/meebuzo/github/alternate-framework/apps/ecosystem/meeovi-frontend/node_modules/@sentry/core/build/esm/instrument/console.js?v=cfee6d51:42
[   13236ms] [WARNING] [Vue warn]: Avoid app logic that relies on enumerating keys on a component instance. The keys will be empty in production mode to avoid performance overhead. 
  at <VNavigationDrawer modelValue=undefined onUpdate:modelValue=fn location="right"  ... > 
  at <MenusTopmenuLayoutNotifications > 
  at <VCol class="notificationsHeader" > 
  at <VDefaultsProvider defaults= {VTabs: Object} > 
  at <VToolbar ref=Ref< Proxy(Object) > class="v-app-bar" style= {top: 0px, zIndex: 1012, transform: translateY(0px), position: fixed, height: undefined}  ... > 
  at <VAppBar id="topnav" > 
  at <MenusHeader drawer=false onToggleDrawer=fn > 
  at <ClientOnly > 
  at <VApp theme="light" class="auto-text" > 
  at <VResponsive class="border rounded" > 
  at <Default ref=Ref< Proxy(Object) > > 
  at <AsyncComponentWrapper ref=Ref< Proxy(Object) > > 
  at <LayoutLoader key="default" layoutProps= {ref: RefImpl} name="default" > 
  at <NuxtLayoutProvider layoutProps= {ref: RefImpl} key="default" name="default"  ... > 
  at <NuxtLayout > 
  at <App key=4 > 
  at <NuxtRoot> @ http://localhost:3001/_nuxt/@fs/home/meebuzo/github/alternate-framework/apps/ecosystem/meeovi-frontend/node_modules/@sentry/core/build/esm/instrument/console.js?v=cfee6d51:42
[   13241ms] [WARNING] [Vue warn]: Avoid app logic that relies on enumerating keys on a component instance. The keys will be empty in production mode to avoid performance overhead. 
  at <VNavigationDrawer modelValue=undefined onUpdate:modelValue=fn location="right"  ... > 
  at <MenusTopmenuLayoutNotifications > 
  at <VCol class="notificationsHeader" > 
  at <VDefaultsProvider defaults= {VTabs: Object} > 
  at <VToolbar ref=Ref< Proxy(Object) > class="v-app-bar" style= {top: 0px, zIndex: 1012, transform: translateY(0px), position: fixed, height: undefined}  ... > 
  at <VAppBar id="topnav" > 
  at <MenusHeader drawer=false onToggleDrawer=fn > 
  at <ClientOnly > 
  at <VApp theme="light" class="auto-text" > 
  at <VResponsive class="border rounded" > 
  at <Default ref=Ref< Proxy(Object) > > 
  at <AsyncComponentWrapper ref=Ref< Proxy(Object) > > 
  at <LayoutLoader key="default" layoutProps= {ref: RefImpl} name="default" > 
  at <NuxtLayoutProvider layoutProps= {ref: RefImpl} key="default" name="default"  ... > 
  at <NuxtLayout > 
  at <App key=4 > 
  at <NuxtRoot> @ http://localhost:3001/_nuxt/@fs/home/meebuzo/github/alternate-framework/apps/ecosystem/meeovi-frontend/node_modules/@sentry/core/build/esm/instrument/console.js?v=cfee6d51:42
[   13244ms] [WARNING] [Vue warn]: Avoid app logic that relies on enumerating keys on a component instance. The keys will be empty in production mode to avoid performance overhead. 
  at <VNavigationDrawer modelValue=undefined onUpdate:modelValue=fn location="right"  ... > 
  at <MenusTopmenuLayoutNotifications > 
  at <VCol class="notificationsHeader" > 
  at <VDefaultsProvider defaults= {VTabs: Object} > 
  at <VToolbar ref=Ref< Proxy(Object) > class="v-app-bar" style= {top: 0px, zIndex: 1012, transform: translateY(0px), position: fixed, height: undefined}  ... > 
  at <VAppBar id="topnav" > 
  at <MenusHeader drawer=false onToggleDrawer=fn > 
  at <ClientOnly > 
  at <VApp theme="light" class="auto-text" > 
  at <VResponsive class="border rounded" > 
  at <Default ref=Ref< Proxy(Object) > > 
  at <AsyncComponentWrapper ref=Ref< Proxy(Object) > > 
  at <LayoutLoader key="default" layoutProps= {ref: RefImpl} name="default" > 
  at <NuxtLayoutProvider layoutProps= {ref: RefImpl} key="default" name="default"  ... > 
  at <NuxtLayout > 
  at <App key=4 > 
  at <NuxtRoot> @ http://localhost:3001/_nuxt/@fs/home/meebuzo/github/alternate-framework/apps/ecosystem/meeovi-frontend/node_modules/@sentry/core/build/esm/instrument/console.js?v=cfee6d51:42
[   13248ms] [WARNING] [Vue warn]: Avoid app logic that relies on enumerating keys on a component instance. The keys will be empty in production mode to avoid performance overhead. 
  at <VNavigationDrawer modelValue=undefined onUpdate:modelValue=fn location="right"  ... > 
  at <MenusTopmenuLayoutNotifications > 
  at <VCol class="notificationsHeader" > 
  at <VDefaultsProvider defaults= {VTabs: Object} > 
  at <VToolbar ref=Ref< Proxy(Object) > class="v-app-bar" style= {top: 0px, zIndex: 1012, transform: translateY(0px), position: fixed, height: undefined}  ... > 
  at <VAppBar id="topnav" > 
  at <MenusHeader drawer=false onToggleDrawer=fn > 
  at <ClientOnly > 
  at <VApp theme="light" class="auto-text" > 
  at <VResponsive class="border rounded" > 
  at <Default ref=Ref< Proxy(Object) > > 
  at <AsyncComponentWrapper ref=Ref< Proxy(Object) > > 
  at <LayoutLoader key="default" layoutProps= {ref: RefImpl} name="default" > 
  at <NuxtLayoutProvider layoutProps= {ref: RefImpl} key="default" name="default"  ... > 
  at <NuxtLayout > 
  at <App key=4 > 
  at <NuxtRoot> @ http://localhost:3001/_nuxt/@fs/home/meebuzo/github/alternate-framework/apps/ecosystem/meeovi-frontend/node_modules/@sentry/core/build/esm/instrument/console.js?v=cfee6d51:42
[   13253ms] [WARNING] [Vue warn]: Avoid app logic that relies on enumerating keys on a component instance. The keys will be empty in production mode to avoid performance overhead. 
  at <VNavigationDrawer modelValue=undefined onUpdate:modelValue=fn location="right"  ... > 
  at <MenusTopmenuLayoutNotifications > 
  at <VCol class="notificationsHeader" > 
  at <VDefaultsProvider defaults= {VTabs: Object} > 
  at <VToolbar ref=Ref< Proxy(Object) > class="v-app-bar" style= {top: 0px, zIndex: 1012, transform: translateY(0px), position: fixed, height: undefined}  ... > 
  at <VAppBar id="topnav" > 
  at <MenusHeader drawer=false onToggleDrawer=fn > 
  at <ClientOnly > 
  at <VApp theme="light" class="auto-text" > 
  at <VResponsive class="border rounded" > 
  at <Default ref=Ref< Proxy(Object) > > 
  at <AsyncComponentWrapper ref=Ref< Proxy(Object) > > 
  at <LayoutLoader key="default" layoutProps= {ref: RefImpl} name="default" > 
  at <NuxtLayoutProvider layoutProps= {ref: RefImpl} key="default" name="default"  ... > 
  at <NuxtLayout > 
  at <App key=4 > 
  at <NuxtRoot> @ http://localhost:3001/_nuxt/@fs/home/meebuzo/github/alternate-framework/apps/ecosystem/meeovi-frontend/node_modules/@sentry/core/build/esm/instrument/console.js?v=cfee6d51:42
[   13257ms] [WARNING] [Vue warn]: Avoid app logic that relies on enumerating keys on a component instance. The keys will be empty in production mode to avoid performance overhead. 
  at <VNavigationDrawer modelValue=undefined onUpdate:modelValue=fn location="right"  ... > 
  at <MenusTopmenuLayoutNotifications > 
  at <VCol class="notificationsHeader" > 
  at <VDefaultsProvider defaults= {VTabs: Object} > 
  at <VToolbar ref=Ref< Proxy(Object) > class="v-app-bar" style= {top: 0px, zIndex: 1012, transform: translateY(0px), position: fixed, height: undefined}  ... > 
  at <VAppBar id="topnav" > 
  at <MenusHeader drawer=false onToggleDrawer=fn > 
  at <ClientOnly > 
  at <VApp theme="light" class="auto-text" > 
  at <VResponsive class="border rounded" > 
  at <Default ref=Ref< Proxy(Object) > > 
  at <AsyncComponentWrapper ref=Ref< Proxy(Object) > > 
  at <LayoutLoader key="default" layoutProps= {ref: RefImpl} name="default" > 
  at <NuxtLayoutProvider layoutProps= {ref: RefImpl} key="default" name="default"  ... > 
  at <NuxtLayout > 
  at <App key=4 > 
  at <NuxtRoot> @ http://localhost:3001/_nuxt/@fs/home/meebuzo/github/alternate-framework/apps/ecosystem/meeovi-frontend/node_modules/@sentry/core/build/esm/instrument/console.js?v=cfee6d51:42
[   13260ms] [WARNING] [Vue warn]: Avoid app logic that relies on enumerating keys on a component instance. The keys will be empty in production mode to avoid performance overhead. 
  at <VNavigationDrawer modelValue=undefined onUpdate:modelValue=fn location="right"  ... > 
  at <MenusTopmenuLayoutNotifications > 
  at <VCol class="notificationsHeader" > 
  at <VDefaultsProvider defaults= {VTabs: Object} > 
  at <VToolbar ref=Ref< Proxy(Object) > class="v-app-bar" style= {top: 0px, zIndex: 1012, transform: translateY(0px), position: fixed, height: undefined}  ... > 
  at <VAppBar id="topnav" > 
  at <MenusHeader drawer=false onToggleDrawer=fn > 
  at <ClientOnly > 
  at <VApp theme="light" class="auto-text" > 
  at <VResponsive class="border rounded" > 
  at <Default ref=Ref< Proxy(Object) > > 
  at <AsyncComponentWrapper ref=Ref< Proxy(Object) > > 
  at <LayoutLoader key="default" layoutProps= {ref: RefImpl} name="default" > 
  at <NuxtLayoutProvider layoutProps= {ref: RefImpl} key="default" name="default"  ... > 
  at <NuxtLayout > 
  at <App key=4 > 
  at <NuxtRoot> @ http://localhost:3001/_nuxt/@fs/home/meebuzo/github/alternate-framework/apps/ecosystem/meeovi-frontend/node_modules/@sentry/core/build/esm/instrument/console.js?v=cfee6d51:42
[   13263ms] [WARNING] [Vue warn]: Avoid app logic that relies on enumerating keys on a component instance. The keys will be empty in production mode to avoid performance overhead. 
  at <VNavigationDrawer modelValue=undefined onUpdate:modelValue=fn location="right"  ... > 
  at <MenusTopmenuLayoutNotifications > 
  at <VCol class="notificationsHeader" > 
  at <VDefaultsProvider defaults= {VTabs: Object} > 
  at <VToolbar ref=Ref< Proxy(Object) > class="v-app-bar" style= {top: 0px, zIndex: 1012, transform: translateY(0px), position: fixed, height: undefined}  ... > 
  at <VAppBar id="topnav" > 
  at <MenusHeader drawer=false onToggleDrawer=fn > 
  at <ClientOnly > 
  at <VApp theme="light" class="auto-text" > 
  at <VResponsive class="border rounded" > 
  at <Default ref=Ref< Proxy(Object) > > 
  at <AsyncComponentWrapper ref=Ref< Proxy(Object) > > 
  at <LayoutLoader key="default" layoutProps= {ref: RefImpl} name="default" > 
  at <NuxtLayoutProvider layoutProps= {ref: RefImpl} key="default" name="default"  ... > 
  at <NuxtLayout > 
  at <App key=4 > 
  at <NuxtRoot> @ http://localhost:3001/_nuxt/@fs/home/meebuzo/github/alternate-framework/apps/ecosystem/meeovi-frontend/node_modules/@sentry/core/build/esm/instrument/console.js?v=cfee6d51:42
[   13266ms] [WARNING] [Vue warn]: Avoid app logic that relies on enumerating keys on a component instance. The keys will be empty in production mode to avoid performance overhead. 
  at <VNavigationDrawer modelValue=undefined onUpdate:modelValue=fn location="right"  ... > 
  at <MenusTopmenuLayoutNotifications > 
  at <VCol class="notificationsHeader" > 
  at <VDefaultsProvider defaults= {VTabs: Object} > 
  at <VToolbar ref=Ref< Proxy(Object) > class="v-app-bar" style= {top: 0px, zIndex: 1012, transform: translateY(0px), position: fixed, height: undefined}  ... > 
  at <VAppBar id="topnav" > 
  at <MenusHeader drawer=false onToggleDrawer=fn > 
  at <ClientOnly > 
  at <VApp theme="light" class="auto-text" > 
  at <VResponsive class="border rounded" > 
  at <Default ref=Ref< Proxy(Object) > > 
  at <AsyncComponentWrapper ref=Ref< Proxy(Object) > > 
  at <LayoutLoader key="default" layoutProps= {ref: RefImpl} name="default" > 
  at <NuxtLayoutProvider layoutProps= {ref: RefImpl} key="default" name="default"  ... > 
  at <NuxtLayout > 
  at <App key=4 > 
  at <NuxtRoot> @ http://localhost:3001/_nuxt/@fs/home/meebuzo/github/alternate-framework/apps/ecosystem/meeovi-frontend/node_modules/@sentry/core/build/esm/instrument/console.js?v=cfee6d51:42
[   13270ms] [WARNING] [Vue warn]: Avoid app logic that relies on enumerating keys on a component instance. The keys will be empty in production mode to avoid performance overhead. 
  at <VNavigationDrawer modelValue=undefined onUpdate:modelValue=fn location="right"  ... > 
  at <MenusTopmenuLayoutNotifications > 
  at <VCol class="notificationsHeader" > 
  at <VDefaultsProvider defaults= {VTabs: Object} > 
  at <VToolbar ref=Ref< Proxy(Object) > class="v-app-bar" style= {top: 0px, zIndex: 1012, transform: translateY(0px), position: fixed, height: undefined}  ... > 
  at <VAppBar id="topnav" > 
  at <MenusHeader drawer=false onToggleDrawer=fn > 
  at <ClientOnly > 
  at <VApp theme="light" class="auto-text" > 
  at <VResponsive class="border rounded" > 
  at <Default ref=Ref< Proxy(Object) > > 
  at <AsyncComponentWrapper ref=Ref< Proxy(Object) > > 
  at <LayoutLoader key="default" layoutProps= {ref: RefImpl} name="default" > 
  at <NuxtLayoutProvider layoutProps= {ref: RefImpl} key="default" name="default"  ... > 
  at <NuxtLayout > 
  at <App key=4 > 
  at <NuxtRoot> @ http://localhost:3001/_nuxt/@fs/home/meebuzo/github/alternate-framework/apps/ecosystem/meeovi-frontend/node_modules/@sentry/core/build/esm/instrument/console.js?v=cfee6d51:42
[   13274ms] [WARNING] [Vue warn]: Avoid app logic that relies on enumerating keys on a component instance. The keys will be empty in production mode to avoid performance overhead. 
  at <VNavigationDrawer modelValue=undefined onUpdate:modelValue=fn location="right"  ... > 
  at <MenusTopmenuLayoutNotifications > 
  at <VCol class="notificationsHeader" > 
  at <VDefaultsProvider defaults= {VTabs: Object} > 
  at <VToolbar ref=Ref< Proxy(Object) > class="v-app-bar" style= {top: 0px, zIndex: 1012, transform: translateY(0px), position: fixed, height: undefined}  ... > 
  at <VAppBar id="topnav" > 
  at <MenusHeader drawer=false onToggleDrawer=fn > 
  at <ClientOnly > 
  at <VApp theme="light" class="auto-text" > 
  at <VResponsive class="border rounded" > 
  at <Default ref=Ref< Proxy(Object) > > 
  at <AsyncComponentWrapper ref=Ref< Proxy(Object) > > 
  at <LayoutLoader key="default" layoutProps= {ref: RefImpl} name="default" > 
  at <NuxtLayoutProvider layoutProps= {ref: RefImpl} key="default" name="default"  ... > 
  at <NuxtLayout > 
  at <App key=4 > 
  at <NuxtRoot> @ http://localhost:3001/_nuxt/@fs/home/meebuzo/github/alternate-framework/apps/ecosystem/meeovi-frontend/node_modules/@sentry/core/build/esm/instrument/console.js?v=cfee6d51:42
[   13278ms] [WARNING] [Vue warn]: Avoid app logic that relies on enumerating keys on a component instance. The keys will be empty in production mode to avoid performance overhead. 
  at <VNavigationDrawer modelValue=undefined onUpdate:modelValue=fn location="right"  ... > 
  at <MenusTopmenuLayoutNotifications > 
  at <VCol class="notificationsHeader" > 
  at <VDefaultsProvider defaults= {VTabs: Object} > 
  at <VToolbar ref=Ref< Proxy(Object) > class="v-app-bar" style= {top: 0px, zIndex: 1012, transform: translateY(0px), position: fixed, height: undefined}  ... > 
  at <VAppBar id="topnav" > 
  at <MenusHeader drawer=false onToggleDrawer=fn > 
  at <ClientOnly > 
  at <VApp theme="light" class="auto-text" > 
  at <VResponsive class="border rounded" > 
  at <Default ref=Ref< Proxy(Object) > > 
  at <AsyncComponentWrapper ref=Ref< Proxy(Object) > > 
  at <LayoutLoader key="default" layoutProps= {ref: RefImpl} name="default" > 
  at <NuxtLayoutProvider layoutProps= {ref: RefImpl} key="default" name="default"  ... > 
  at <NuxtLayout > 
  at <App key=4 > 
  at <NuxtRoot> @ http://localhost:3001/_nuxt/@fs/home/meebuzo/github/alternate-framework/apps/ecosystem/meeovi-frontend/node_modules/@sentry/core/build/esm/instrument/console.js?v=cfee6d51:42
[   13282ms] [WARNING] [Vue warn]: Avoid app logic that relies on enumerating keys on a component instance. The keys will be empty in production mode to avoid performance overhead. 
  at <VNavigationDrawer modelValue=undefined onUpdate:modelValue=fn location="right"  ... > 
  at <MenusTopmenuLayoutNotifications > 
  at <VCol class="notificationsHeader" > 
  at <VDefaultsProvider defaults= {VTabs: Object} > 
  at <VToolbar ref=Ref< Proxy(Object) > class="v-app-bar" style= {top: 0px, zIndex: 1012, transform: translateY(0px), position: fixed, height: undefined}  ... > 
  at <VAppBar id="topnav" > 
  at <MenusHeader drawer=false onToggleDrawer=fn > 
  at <ClientOnly > 
  at <VApp theme="light" class="auto-text" > 
  at <VResponsive class="border rounded" > 
  at <Default ref=Ref< Proxy(Object) > > 
  at <AsyncComponentWrapper ref=Ref< Proxy(Object) > > 
  at <LayoutLoader key="default" layoutProps= {ref: RefImpl} name="default" > 
  at <NuxtLayoutProvider layoutProps= {ref: RefImpl} key="default" name="default"  ... > 
  at <NuxtLayout > 
  at <App key=4 > 
  at <NuxtRoot> @ http://localhost:3001/_nuxt/@fs/home/meebuzo/github/alternate-framework/apps/ecosystem/meeovi-frontend/node_modules/@sentry/core/build/esm/instrument/console.js?v=cfee6d51:42
[   13285ms] [WARNING] [Vue warn]: Avoid app logic that relies on enumerating keys on a component instance. The keys will be empty in production mode to avoid performance overhead. 
  at <VNavigationDrawer modelValue=undefined onUpdate:modelValue=fn location="right"  ... > 
  at <MenusTopmenuLayoutNotifications > 
  at <VCol class="notificationsHeader" > 
  at <VDefaultsProvider defaults= {VTabs: Object} > 
  at <VToolbar ref=Ref< Proxy(Object) > class="v-app-bar" style= {top: 0px, zIndex: 1012, transform: translateY(0px), position: fixed, height: undefined}  ... > 
  at <VAppBar id="topnav" > 
  at <MenusHeader drawer=false onToggleDrawer=fn > 
  at <ClientOnly > 
  at <VApp theme="light" class="auto-text" > 
  at <VResponsive class="border rounded" > 
  at <Default ref=Ref< Proxy(Object) > > 
  at <AsyncComponentWrapper ref=Ref< Proxy(Object) > > 
  at <LayoutLoader key="default" layoutProps= {ref: RefImpl} name="default" > 
  at <NuxtLayoutProvider layoutProps= {ref: RefImpl} key="default" name="default"  ... > 
  at <NuxtLayout > 
  at <App key=4 > 
  at <NuxtRoot> @ http://localhost:3001/_nuxt/@fs/home/meebuzo/github/alternate-framework/apps/ecosystem/meeovi-frontend/node_modules/@sentry/core/build/esm/instrument/console.js?v=cfee6d51:42
[   13290ms] [WARNING] [Vue warn]: Avoid app logic that relies on enumerating keys on a component instance. The keys will be empty in production mode to avoid performance overhead. 
  at <VNavigationDrawer modelValue=undefined onUpdate:modelValue=fn location="right"  ... > 
  at <MenusTopmenuLayoutNotifications > 
  at <VCol class="notificationsHeader" > 
  at <VDefaultsProvider defaults= {VTabs: Object} > 
  at <VToolbar ref=Ref< Proxy(Object) > class="v-app-bar" style= {top: 0px, zIndex: 1012, transform: translateY(0px), position: fixed, height: undefined}  ... > 
  at <VAppBar id="topnav" > 
  at <MenusHeader drawer=false onToggleDrawer=fn > 
  at <ClientOnly > 
  at <VApp theme="light" class="auto-text" > 
  at <VResponsive class="border rounded" > 
  at <Default ref=Ref< Proxy(Object) > > 
  at <AsyncComponentWrapper ref=Ref< Proxy(Object) > > 
  at <LayoutLoader key="default" layoutProps= {ref: RefImpl} name="default" > 
  at <NuxtLayoutProvider layoutProps= {ref: RefImpl} key="default" name="default"  ... > 
  at <NuxtLayout > 
  at <App key=4 > 
  at <NuxtRoot> @ http://localhost:3001/_nuxt/@fs/home/meebuzo/github/alternate-framework/apps/ecosystem/meeovi-frontend/node_modules/@sentry/core/build/esm/instrument/console.js?v=cfee6d51:42
[   13294ms] [WARNING] [Vue warn]: Avoid app logic that relies on enumerating keys on a component instance. The keys will be empty in production mode to avoid performance overhead. 
  at <VNavigationDrawer modelValue=undefined onUpdate:modelValue=fn location="right"  ... > 
  at <MenusTopmenuLayoutNotifications > 
  at <VCol class="notificationsHeader" > 
  at <VDefaultsProvider defaults= {VTabs: Object} > 
  at <VToolbar ref=Ref< Proxy(Object) > class="v-app-bar" style= {top: 0px, zIndex: 1012, transform: translateY(0px), position: fixed, height: undefined}  ... > 
  at <VAppBar id="topnav" > 
  at <MenusHeader drawer=false onToggleDrawer=fn > 
  at <ClientOnly > 
  at <VApp theme="light" class="auto-text" > 
  at <VResponsive class="border rounded" > 
  at <Default ref=Ref< Proxy(Object) > > 
  at <AsyncComponentWrapper ref=Ref< Proxy(Object) > > 
  at <LayoutLoader key="default" layoutProps= {ref: RefImpl} name="default" > 
  at <NuxtLayoutProvider layoutProps= {ref: RefImpl} key="default" name="default"  ... > 
  at <NuxtLayout > 
  at <App key=4 > 
  at <NuxtRoot> @ http://localhost:3001/_nuxt/@fs/home/meebuzo/github/alternate-framework/apps/ecosystem/meeovi-frontend/node_modules/@sentry/core/build/esm/instrument/console.js?v=cfee6d51:42
[   13297ms] [WARNING] [Vue warn]: Avoid app logic that relies on enumerating keys on a component instance. The keys will be empty in production mode to avoid performance overhead. 
  at <VNavigationDrawer modelValue=undefined onUpdate:modelValue=fn location="right"  ... > 
  at <MenusTopmenuLayoutNotifications > 
  at <VCol class="notificationsHeader" > 
  at <VDefaultsProvider defaults= {VTabs: Object} > 
  at <VToolbar ref=Ref< Proxy(Object) > class="v-app-bar" style= {top: 0px, zIndex: 1012, transform: translateY(0px), position: fixed, height: undefined}  ... > 
  at <VAppBar id="topnav" > 
  at <MenusHeader drawer=false onToggleDrawer=fn > 
  at <ClientOnly > 
  at <VApp theme="light" class="auto-text" > 
  at <VResponsive class="border rounded" > 
  at <Default ref=Ref< Proxy(Object) > > 
  at <AsyncComponentWrapper ref=Ref< Proxy(Object) > > 
  at <LayoutLoader key="default" layoutProps= {ref: RefImpl} name="default" > 
  at <NuxtLayoutProvider layoutProps= {ref: RefImpl} key="default" name="default"  ... > 
  at <NuxtLayout > 
  at <App key=4 > 
  at <NuxtRoot> @ http://localhost:3001/_nuxt/@fs/home/meebuzo/github/alternate-framework/apps/ecosystem/meeovi-frontend/node_modules/@sentry/core/build/esm/instrument/console.js?v=cfee6d51:42
[   13300ms] [WARNING] [Vue warn]: Avoid app logic that relies on enumerating keys on a component instance. The keys will be empty in production mode to avoid performance overhead. 
  at <VNavigationDrawer modelValue=undefined onUpdate:modelValue=fn location="right"  ... > 
  at <MenusTopmenuLayoutNotifications > 
  at <VCol class="notificationsHeader" > 
  at <VDefaultsProvider defaults= {VTabs: Object} > 
  at <VToolbar ref=Ref< Proxy(Object) > class="v-app-bar" style= {top: 0px, zIndex: 1012, transform: translateY(0px), position: fixed, height: undefined}  ... > 
  at <VAppBar id="topnav" > 
  at <MenusHeader drawer=false onToggleDrawer=fn > 
  at <ClientOnly > 
  at <VApp theme="light" class="auto-text" > 
  at <VResponsive class="border rounded" > 
  at <Default ref=Ref< Proxy(Object) > > 
  at <AsyncComponentWrapper ref=Ref< Proxy(Object) > > 
  at <LayoutLoader key="default" layoutProps= {ref: RefImpl} name="default" > 
  at <NuxtLayoutProvider layoutProps= {ref: RefImpl} key="default" name="default"  ... > 
  at <NuxtLayout > 
  at <App key=4 > 
  at <NuxtRoot> @ http://localhost:3001/_nuxt/@fs/home/meebuzo/github/alternate-framework/apps/ecosystem/meeovi-frontend/node_modules/@sentry/core/build/esm/instrument/console.js?v=cfee6d51:42
[   13304ms] [WARNING] [Vue warn]: Avoid app logic that relies on enumerating keys on a component instance. The keys will be empty in production mode to avoid performance overhead. 
  at <VNavigationDrawer modelValue=undefined onUpdate:modelValue=fn location="right"  ... > 
  at <MenusTopmenuLayoutNotifications > 
  at <VCol class="notificationsHeader" > 
  at <VDefaultsProvider defaults= {VTabs: Object} > 
  at <VToolbar ref=Ref< Proxy(Object) > class="v-app-bar" style= {top: 0px, zIndex: 1012, transform: translateY(0px), position: fixed, height: undefined}  ... > 
  at <VAppBar id="topnav" > 
  at <MenusHeader drawer=false onToggleDrawer=fn > 
  at <ClientOnly > 
  at <VApp theme="light" class="auto-text" > 
  at <VResponsive class="border rounded" > 
  at <Default ref=Ref< Proxy(Object) > > 
  at <AsyncComponentWrapper ref=Ref< Proxy(Object) > > 
  at <LayoutLoader key="default" layoutProps= {ref: RefImpl} name="default" > 
  at <NuxtLayoutProvider layoutProps= {ref: RefImpl} key="default" name="default"  ... > 
  at <NuxtLayout > 
  at <App key=4 > 
  at <NuxtRoot> @ http://localhost:3001/_nuxt/@fs/home/meebuzo/github/alternate-framework/apps/ecosystem/meeovi-frontend/node_modules/@sentry/core/build/esm/instrument/console.js?v=cfee6d51:42
[   13309ms] [WARNING] [Vue warn]: Avoid app logic that relies on enumerating keys on a component instance. The keys will be empty in production mode to avoid performance overhead. 
  at <VNavigationDrawer modelValue=undefined onUpdate:modelValue=fn location="right"  ... > 
  at <MenusTopmenuLayoutNotifications > 
  at <VCol class="notificationsHeader" > 
  at <VDefaultsProvider defaults= {VTabs: Object} > 
  at <VToolbar ref=Ref< Proxy(Object) > class="v-app-bar" style= {top: 0px, zIndex: 1012, transform: translateY(0px), position: fixed, height: undefined}  ... > 
  at <VAppBar id="topnav" > 
  at <MenusHeader drawer=false onToggleDrawer=fn > 
  at <ClientOnly > 
  at <VApp theme="light" class="auto-text" > 
  at <VResponsive class="border rounded" > 
  at <Default ref=Ref< Proxy(Object) > > 
  at <AsyncComponentWrapper ref=Ref< Proxy(Object) > > 
  at <LayoutLoader key="default" layoutProps= {ref: RefImpl} name="default" > 
  at <NuxtLayoutProvider layoutProps= {ref: RefImpl} key="default" name="default"  ... > 
  at <NuxtLayout > 
  at <App key=4 > 
  at <NuxtRoot> @ http://localhost:3001/_nuxt/@fs/home/meebuzo/github/alternate-framework/apps/ecosystem/meeovi-frontend/node_modules/@sentry/core/build/esm/instrument/console.js?v=cfee6d51:42
[   13313ms] [WARNING] [Vue warn]: Avoid app logic that relies on enumerating keys on a component instance. The keys will be empty in production mode to avoid performance overhead. 
  at <VNavigationDrawer modelValue=undefined onUpdate:modelValue=fn location="right"  ... > 
  at <MenusTopmenuLayoutNotifications > 
  at <VCol class="notificationsHeader" > 
  at <VDefaultsProvider defaults= {VTabs: Object} > 
  at <VToolbar ref=Ref< Proxy(Object) > class="v-app-bar" style= {top: 0px, zIndex: 1012, transform: translateY(0px), position: fixed, height: undefined}  ... > 
  at <VAppBar id="topnav" > 
  at <MenusHeader drawer=false onToggleDrawer=fn > 
  at <ClientOnly > 
  at <VApp theme="light" class="auto-text" > 
  at <VResponsive class="border rounded" > 
  at <Default ref=Ref< Proxy(Object) > > 
  at <AsyncComponentWrapper ref=Ref< Proxy(Object) > > 
  at <LayoutLoader key="default" layoutProps= {ref: RefImpl} name="default" > 
  at <NuxtLayoutProvider layoutProps= {ref: RefImpl} key="default" name="default"  ... > 
  at <NuxtLayout > 
  at <App key=4 > 
  at <NuxtRoot> @ http://localhost:3001/_nuxt/@fs/home/meebuzo/github/alternate-framework/apps/ecosystem/meeovi-frontend/node_modules/@sentry/core/build/esm/instrument/console.js?v=cfee6d51:42
[   13317ms] [WARNING] [Vue warn]: Avoid app logic that relies on enumerating keys on a component instance. The keys will be empty in production mode to avoid performance overhead. 
  at <VNavigationDrawer modelValue=undefined onUpdate:modelValue=fn location="right"  ... > 
  at <MenusTopmenuLayoutNotifications > 
  at <VCol class="notificationsHeader" > 
  at <VDefaultsProvider defaults= {VTabs: Object} > 
  at <VToolbar ref=Ref< Proxy(Object) > class="v-app-bar" style= {top: 0px, zIndex: 1012, transform: translateY(0px), position: fixed, height: undefined}  ... > 
  at <VAppBar id="topnav" > 
  at <MenusHeader drawer=false onToggleDrawer=fn > 
  at <ClientOnly > 
  at <VApp theme="light" class="auto-text" > 
  at <VResponsive class="border rounded" > 
  at <Default ref=Ref< Proxy(Object) > > 
  at <AsyncComponentWrapper ref=Ref< Proxy(Object) > > 
  at <LayoutLoader key="default" layoutProps= {ref: RefImpl} name="default" > 
  at <NuxtLayoutProvider layoutProps= {ref: RefImpl} key="default" name="default"  ... > 
  at <NuxtLayout > 
  at <App key=4 > 
  at <NuxtRoot> @ http://localhost:3001/_nuxt/@fs/home/meebuzo/github/alternate-framework/apps/ecosystem/meeovi-frontend/node_modules/@sentry/core/build/esm/instrument/console.js?v=cfee6d51:42
[   13320ms] [WARNING] [Vue warn]: Avoid app logic that relies on enumerating keys on a component instance. The keys will be empty in production mode to avoid performance overhead. 
  at <VNavigationDrawer modelValue=undefined onUpdate:modelValue=fn location="right"  ... > 
  at <MenusTopmenuLayoutNotifications > 
  at <VCol class="notificationsHeader" > 
  at <VDefaultsProvider defaults= {VTabs: Object} > 
  at <VToolbar ref=Ref< Proxy(Object) > class="v-app-bar" style= {top: 0px, zIndex: 1012, transform: translateY(0px), position: fixed, height: undefined}  ... > 
  at <VAppBar id="topnav" > 
  at <MenusHeader drawer=false onToggleDrawer=fn > 
  at <ClientOnly > 
  at <VApp theme="light" class="auto-text" > 
  at <VResponsive class="border rounded" > 
  at <Default ref=Ref< Proxy(Object) > > 
  at <AsyncComponentWrapper ref=Ref< Proxy(Object) > > 
  at <LayoutLoader key="default" layoutProps= {ref: RefImpl} name="default" > 
  at <NuxtLayoutProvider layoutProps= {ref: RefImpl} key="default" name="default"  ... > 
  at <NuxtLayout > 
  at <App key=4 > 
  at <NuxtRoot> @ http://localhost:3001/_nuxt/@fs/home/meebuzo/github/alternate-framework/apps/ecosystem/meeovi-frontend/node_modules/@sentry/core/build/esm/instrument/console.js?v=cfee6d51:42
[   13326ms] [ERROR] Connecting to 'https://o996770.ingest.us.sentry.io/api/5955273/envelope/?sentry_version=7&sentry_key=df1b90fab7c44ce8aef097a63b468d61&sentry_client=sentry.javascript.nuxt%2F10.63.0' violates the following Content Security Policy directive: "connect-src 'self' https://*.mux.com". The action has been blocked. @ http://localhost:3001/_nuxt/@fs/home/meebuzo/github/alternate-framework/apps/ecosystem/meeovi-frontend/node_modules/@sentry/browser/build/npm/esm/dev/transports/fetch.js?v=cfee6d51:31
[   13326ms] [ERROR] Fetch API cannot load https://o996770.ingest.us.sentry.io/api/5955273/envelope/?sentry_version=7&sentry_key=df1b90fab7c44ce8aef097a63b468d61&sentry_client=sentry.javascript.nuxt%2F10.63.0. Refused to connect because it violates the document's Content Security Policy. @ http://localhost:3001/_nuxt/@fs/home/meebuzo/github/alternate-framework/apps/ecosystem/meeovi-frontend/node_modules/@sentry/browser/build/npm/esm/dev/transports/fetch.js?v=cfee6d51:31
[   13332ms] [ERROR] Failed to load resource: the server responded with a status of 404 (Not Found) @ http://localhost:3001/api/auth/fetch-session:0
[   13337ms] [WARNING] [Vue warn]: Avoid app logic that relies on enumerating keys on a component instance. The keys will be empty in production mode to avoid performance overhead. 
  at <VNavigationDrawer modelValue=undefined onUpdate:modelValue=fn location="right"  ... > 
  at <MenusTopmenuLayoutNotifications > 
  at <VCol class="notificationsHeader" > 
  at <VDefaultsProvider defaults= {VTabs: Object} > 
  at <VToolbar ref=Ref< Proxy(Object) > class="v-app-bar" style= {top: 0px, zIndex: 1012, transform: translateY(0px), position: fixed, height: undefined}  ... > 
  at <VAppBar id="topnav" > 
  at <MenusHeader drawer=false onToggleDrawer=fn > 
  at <ClientOnly > 
  at <VApp theme="light" class="auto-text" > 
  at <VResponsive class="border rounded" > 
  at <Default ref=Ref< Proxy(Object) > > 
  at <AsyncComponentWrapper ref=Ref< Proxy(Object) > > 
  at <LayoutLoader key="default" layoutProps= {ref: RefImpl} name="default" > 
  at <NuxtLayoutProvider layoutProps= {ref: RefImpl} key="default" name="default"  ... > 
  at <NuxtLayout > 
  at <App key=4 > 
  at <NuxtRoot> @ http://localhost:3001/_nuxt/@fs/home/meebuzo/github/alternate-framework/apps/ecosystem/meeovi-frontend/node_modules/@sentry/core/build/esm/instrument/console.js?v=cfee6d51:42
[   13340ms] [WARNING] [Vue warn]: Avoid app logic that relies on enumerating keys on a component instance. The keys will be empty in production mode to avoid performance overhead. 
  at <VNavigationDrawer modelValue=undefined onUpdate:modelValue=fn location="right"  ... > 
  at <MenusTopmenuLayoutNotifications > 
  at <VCol class="notificationsHeader" > 
  at <VDefaultsProvider defaults= {VTabs: Object} > 
  at <VToolbar ref=Ref< Proxy(Object) > class="v-app-bar" style= {top: 0px, zIndex: 1012, transform: translateY(0px), position: fixed, height: undefined}  ... > 
  at <VAppBar id="topnav" > 
  at <MenusHeader drawer=false onToggleDrawer=fn > 
  at <ClientOnly > 
  at <VApp theme="light" class="auto-text" > 
  at <VResponsive class="border rounded" > 
  at <Default ref=Ref< Proxy(Object) > > 
  at <AsyncComponentWrapper ref=Ref< Proxy(Object) > > 
  at <LayoutLoader key="default" layoutProps= {ref: RefImpl} name="default" > 
  at <NuxtLayoutProvider layoutProps= {ref: RefImpl} key="default" name="default"  ... > 
  at <NuxtLayout > 
  at <App key=4 > 
  at <NuxtRoot> @ http://localhost:3001/_nuxt/@fs/home/meebuzo/github/alternate-framework/apps/ecosystem/meeovi-frontend/node_modules/@sentry/core/build/esm/instrument/console.js?v=cfee6d51:42
[   13343ms] [WARNING] [Vue warn]: Avoid app logic that relies on enumerating keys on a component instance. The keys will be empty in production mode to avoid performance overhead. 
  at <VNavigationDrawer modelValue=undefined onUpdate:modelValue=fn location="right"  ... > 
  at <MenusTopmenuLayoutNotifications > 
  at <VCol class="notificationsHeader" > 
  at <VDefaultsProvider defaults= {VTabs: Object} > 
  at <VToolbar ref=Ref< Proxy(Object) > class="v-app-bar" style= {top: 0px, zIndex: 1012, transform: translateY(0px), position: fixed, height: undefined}  ... > 
  at <VAppBar id="topnav" > 
  at <MenusHeader drawer=false onToggleDrawer=fn > 
  at <ClientOnly > 
  at <VApp theme="light" class="auto-text" > 
  at <VResponsive class="border rounded" > 
  at <Default ref=Ref< Proxy(Object) > > 
  at <AsyncComponentWrapper ref=Ref< Proxy(Object) > > 
  at <LayoutLoader key="default" layoutProps= {ref: RefImpl} name="default" > 
  at <NuxtLayoutProvider layoutProps= {ref: RefImpl} key="default" name="default"  ... > 
  at <NuxtLayout > 
  at <App key=4 > 
  at <NuxtRoot> @ http://localhost:3001/_nuxt/@fs/home/meebuzo/github/alternate-framework/apps/ecosystem/meeovi-frontend/node_modules/@sentry/core/build/esm/instrument/console.js?v=cfee6d51:42
[   13347ms] [WARNING] [Vue warn]: Avoid app logic that relies on enumerating keys on a component instance. The keys will be empty in production mode to avoid performance overhead. 
  at <VNavigationDrawer modelValue=undefined onUpdate:modelValue=fn location="right"  ... > 
  at <MenusTopmenuLayoutNotifications > 
  at <VCol class="notificationsHeader" > 
  at <VDefaultsProvider defaults= {VTabs: Object} > 
  at <VToolbar ref=Ref< Proxy(Object) > class="v-app-bar" style= {top: 0px, zIndex: 1012, transform: translateY(0px), position: fixed, height: undefined}  ... > 
  at <VAppBar id="topnav" > 
  at <MenusHeader drawer=false onToggleDrawer=fn > 
  at <ClientOnly > 
  at <VApp theme="light" class="auto-text" > 
  at <VResponsive class="border rounded" > 
  at <Default ref=Ref< Proxy(Object) > > 
  at <AsyncComponentWrapper ref=Ref< Proxy(Object) > > 
  at <LayoutLoader key="default" layoutProps= {ref: RefImpl} name="default" > 
  at <NuxtLayoutProvider layoutProps= {ref: RefImpl} key="default" name="default"  ... > 
  at <NuxtLayout > 
  at <App key=4 > 
  at <NuxtRoot> @ http://localhost:3001/_nuxt/@fs/home/meebuzo/github/alternate-framework/apps/ecosystem/meeovi-frontend/node_modules/@sentry/core/build/esm/instrument/console.js?v=cfee6d51:42
[   13351ms] [WARNING] [Vue warn]: Avoid app logic that relies on enumerating keys on a component instance. The keys will be empty in production mode to avoid performance overhead. 
  at <VNavigationDrawer modelValue=undefined onUpdate:modelValue=fn location="right"  ... > 
  at <MenusTopmenuLayoutNotifications > 
  at <VCol class="notificationsHeader" > 
  at <VDefaultsProvider defaults= {VTabs: Object} > 
  at <VToolbar ref=Ref< Proxy(Object) > class="v-app-bar" style= {top: 0px, zIndex: 1012, transform: translateY(0px), position: fixed, height: undefined}  ... > 
  at <VAppBar id="topnav" > 
  at <MenusHeader drawer=false onToggleDrawer=fn > 
  at <ClientOnly > 
  at <VApp theme="light" class="auto-text" > 
  at <VResponsive class="border rounded" > 
  at <Default ref=Ref< Proxy(Object) > > 
  at <AsyncComponentWrapper ref=Ref< Proxy(Object) > > 
  at <LayoutLoader key="default" layoutProps= {ref: RefImpl} name="default" > 
  at <NuxtLayoutProvider layoutProps= {ref: RefImpl} key="default" name="default"  ... > 
  at <NuxtLayout > 
  at <App key=4 > 
  at <NuxtRoot> @ http://localhost:3001/_nuxt/@fs/home/meebuzo/github/alternate-framework/apps/ecosystem/meeovi-frontend/node_modules/@sentry/core/build/esm/instrument/console.js?v=cfee6d51:42
[   13354ms] [WARNING] [Vue warn]: Avoid app logic that relies on enumerating keys on a component instance. The keys will be empty in production mode to avoid performance overhead. 
  at <VNavigationDrawer modelValue=undefined onUpdate:modelValue=fn location="right"  ... > 
  at <MenusTopmenuLayoutNotifications > 
  at <VCol class="notificationsHeader" > 
  at <VDefaultsProvider defaults= {VTabs: Object} > 
  at <VToolbar ref=Ref< Proxy(Object) > class="v-app-bar" style= {top: 0px, zIndex: 1012, transform: translateY(0px), position: fixed, height: undefined}  ... > 
  at <VAppBar id="topnav" > 
  at <MenusHeader drawer=false onToggleDrawer=fn > 
  at <ClientOnly > 
  at <VApp theme="light" class="auto-text" > 
  at <VResponsive class="border rounded" > 
  at <Default ref=Ref< Proxy(Object) > > 
  at <AsyncComponentWrapper ref=Ref< Proxy(Object) > > 
  at <LayoutLoader key="default" layoutProps= {ref: RefImpl} name="default" > 
  at <NuxtLayoutProvider layoutProps= {ref: RefImpl} key="default" name="default"  ... > 
  at <NuxtLayout > 
  at <App key=4 > 
  at <NuxtRoot> @ http://localhost:3001/_nuxt/@fs/home/meebuzo/github/alternate-framework/apps/ecosystem/meeovi-frontend/node_modules/@sentry/core/build/esm/instrument/console.js?v=cfee6d51:42
[   13358ms] [WARNING] [Vue warn]: Avoid app logic that relies on enumerating keys on a component instance. The keys will be empty in production mode to avoid performance overhead. 
  at <VNavigationDrawer modelValue=undefined onUpdate:modelValue=fn location="right"  ... > 
  at <MenusTopmenuLayoutNotifications > 
  at <VCol class="notificationsHeader" > 
  at <VDefaultsProvider defaults= {VTabs: Object} > 
  at <VToolbar ref=Ref< Proxy(Object) > class="v-app-bar" style= {top: 0px, zIndex: 1012, transform: translateY(0px), position: fixed, height: undefined}  ... > 
  at <VAppBar id="topnav" > 
  at <MenusHeader drawer=false onToggleDrawer=fn > 
  at <ClientOnly > 
  at <VApp theme="light" class="auto-text" > 
  at <VResponsive class="border rounded" > 
  at <Default ref=Ref< Proxy(Object) > > 
  at <AsyncComponentWrapper ref=Ref< Proxy(Object) > > 
  at <LayoutLoader key="default" layoutProps= {ref: RefImpl} name="default" > 
  at <NuxtLayoutProvider layoutProps= {ref: RefImpl} key="default" name="default"  ... > 
  at <NuxtLayout > 
  at <App key=4 > 
  at <NuxtRoot> @ http://localhost:3001/_nuxt/@fs/home/meebuzo/github/alternate-framework/apps/ecosystem/meeovi-frontend/node_modules/@sentry/core/build/esm/instrument/console.js?v=cfee6d51:42
[   13362ms] [WARNING] [Vue warn]: Avoid app logic that relies on enumerating keys on a component instance. The keys will be empty in production mode to avoid performance overhead. 
  at <VNavigationDrawer modelValue=undefined onUpdate:modelValue=fn location="right"  ... > 
  at <MenusTopmenuLayoutNotifications > 
  at <VCol class="notificationsHeader" > 
  at <VDefaultsProvider defaults= {VTabs: Object} > 
  at <VToolbar ref=Ref< Proxy(Object) > class="v-app-bar" style= {top: 0px, zIndex: 1012, transform: translateY(0px), position: fixed, height: undefined}  ... > 
  at <VAppBar id="topnav" > 
  at <MenusHeader drawer=false onToggleDrawer=fn > 
  at <ClientOnly > 
  at <VApp theme="light" class="auto-text" > 
  at <VResponsive class="border rounded" > 
  at <Default ref=Ref< Proxy(Object) > > 
  at <AsyncComponentWrapper ref=Ref< Proxy(Object) > > 
  at <LayoutLoader key="default" layoutProps= {ref: RefImpl} name="default" > 
  at <NuxtLayoutProvider layoutProps= {ref: RefImpl} key="default" name="default"  ... > 
  at <NuxtLayout > 
  at <App key=4 > 
  at <NuxtRoot> @ http://localhost:3001/_nuxt/@fs/home/meebuzo/github/alternate-framework/apps/ecosystem/meeovi-frontend/node_modules/@sentry/core/build/esm/instrument/console.js?v=cfee6d51:42
[   13365ms] [WARNING] [Vue warn]: Avoid app logic that relies on enumerating keys on a component instance. The keys will be empty in production mode to avoid performance overhead. 
  at <VNavigationDrawer modelValue=undefined onUpdate:modelValue=fn location="right"  ... > 
  at <MenusTopmenuLayoutNotifications > 
  at <VCol class="notificationsHeader" > 
  at <VDefaultsProvider defaults= {VTabs: Object} > 
  at <VToolbar ref=Ref< Proxy(Object) > class="v-app-bar" style= {top: 0px, zIndex: 1012, transform: translateY(0px), position: fixed, height: undefined}  ... > 
  at <VAppBar id="topnav" > 
  at <MenusHeader drawer=false onToggleDrawer=fn > 
  at <ClientOnly > 
  at <VApp theme="light" class="auto-text" > 
  at <VResponsive class="border rounded" > 
  at <Default ref=Ref< Proxy(Object) > > 
  at <AsyncComponentWrapper ref=Ref< Proxy(Object) > > 
  at <LayoutLoader key="default" layoutProps= {ref: RefImpl} name="default" > 
  at <NuxtLayoutProvider layoutProps= {ref: RefImpl} key="default" name="default"  ... > 
  at <NuxtLayout > 
  at <App key=4 > 
  at <NuxtRoot> @ http://localhost:3001/_nuxt/@fs/home/meebuzo/github/alternate-framework/apps/ecosystem/meeovi-frontend/node_modules/@sentry/core/build/esm/instrument/console.js?v=cfee6d51:42
[   13370ms] [WARNING] [Vue warn]: Avoid app logic that relies on enumerating keys on a component instance. The keys will be empty in production mode to avoid performance overhead. 
  at <VNavigationDrawer modelValue=undefined onUpdate:modelValue=fn location="right"  ... > 
  at <MenusTopmenuLayoutNotifications > 
  at <VCol class="notificationsHeader" > 
  at <VDefaultsProvider defaults= {VTabs: Object} > 
  at <VToolbar ref=Ref< Proxy(Object) > class="v-app-bar" style= {top: 0px, zIndex: 1012, transform: translateY(0px), position: fixed, height: undefined}  ... > 
  at <VAppBar id="topnav" > 
  at <MenusHeader drawer=false onToggleDrawer=fn > 
  at <ClientOnly > 
  at <VApp theme="light" class="auto-text" > 
  at <VResponsive class="border rounded" > 
  at <Default ref=Ref< Proxy(Object) > > 
  at <AsyncComponentWrapper ref=Ref< Proxy(Object) > > 
  at <LayoutLoader key="default" layoutProps= {ref: RefImpl} name="default" > 
  at <NuxtLayoutProvider layoutProps= {ref: RefImpl} key="default" name="default"  ... > 
  at <NuxtLayout > 
  at <App key=4 > 
  at <NuxtRoot> @ http://localhost:3001/_nuxt/@fs/home/meebuzo/github/alternate-framework/apps/ecosystem/meeovi-frontend/node_modules/@sentry/core/build/esm/instrument/console.js?v=cfee6d51:42
[   13375ms] [WARNING] [Vue warn]: Avoid app logic that relies on enumerating keys on a component instance. The keys will be empty in production mode to avoid performance overhead. 
  at <VNavigationDrawer modelValue=undefined onUpdate:modelValue=fn location="right"  ... > 
  at <MenusTopmenuLayoutNotifications > 
  at <VCol class="notificationsHeader" > 
  at <VDefaultsProvider defaults= {VTabs: Object} > 
  at <VToolbar ref=Ref< Proxy(Object) > class="v-app-bar" style= {top: 0px, zIndex: 1012, transform: translateY(0px), position: fixed, height: undefined}  ... > 
  at <VAppBar id="topnav" > 
  at <MenusHeader drawer=false onToggleDrawer=fn > 
  at <ClientOnly > 
  at <VApp theme="light" class="auto-text" > 
  at <VResponsive class="border rounded" > 
  at <Default ref=Ref< Proxy(Object) > > 
  at <AsyncComponentWrapper ref=Ref< Proxy(Object) > > 
  at <LayoutLoader key="default" layoutProps= {ref: RefImpl} name="default" > 
  at <NuxtLayoutProvider layoutProps= {ref: RefImpl} key="default" name="default"  ... > 
  at <NuxtLayout > 
  at <App key=4 > 
  at <NuxtRoot> @ http://localhost:3001/_nuxt/@fs/home/meebuzo/github/alternate-framework/apps/ecosystem/meeovi-frontend/node_modules/@sentry/core/build/esm/instrument/console.js?v=cfee6d51:42
[   13379ms] [WARNING] [Vue warn]: Avoid app logic that relies on enumerating keys on a component instance. The keys will be empty in production mode to avoid performance overhead. 
  at <VNavigationDrawer modelValue=undefined onUpdate:modelValue=fn location="right"  ... > 
  at <MenusTopmenuLayoutNotifications > 
  at <VCol class="notificationsHeader" > 
  at <VDefaultsProvider defaults= {VTabs: Object} > 
  at <VToolbar ref=Ref< Proxy(Object) > class="v-app-bar" style= {top: 0px, zIndex: 1012, transform: translateY(0px), position: fixed, height: undefined}  ... > 
  at <VAppBar id="topnav" > 
  at <MenusHeader drawer=false onToggleDrawer=fn > 
  at <ClientOnly > 
  at <VApp theme="light" class="auto-text" > 
  at <VResponsive class="border rounded" > 
  at <Default ref=Ref< Proxy(Object) > > 
  at <AsyncComponentWrapper ref=Ref< Proxy(Object) > > 
  at <LayoutLoader key="default" layoutProps= {ref: RefImpl} name="default" > 
  at <NuxtLayoutProvider layoutProps= {ref: RefImpl} key="default" name="default"  ... > 
  at <NuxtLayout > 
  at <App key=4 > 
  at <NuxtRoot> @ http://localhost:3001/_nuxt/@fs/home/meebuzo/github/alternate-framework/apps/ecosystem/meeovi-frontend/node_modules/@sentry/core/build/esm/instrument/console.js?v=cfee6d51:42
[   13383ms] [WARNING] [Vue warn]: Avoid app logic that relies on enumerating keys on a component instance. The keys will be empty in production mode to avoid performance overhead. 
  at <VNavigationDrawer modelValue=undefined onUpdate:modelValue=fn location="right"  ... > 
  at <MenusTopmenuLayoutNotifications > 
  at <VCol class="notificationsHeader" > 
  at <VDefaultsProvider defaults= {VTabs: Object} > 
  at <VToolbar ref=Ref< Proxy(Object) > class="v-app-bar" style= {top: 0px, zIndex: 1012, transform: translateY(0px), position: fixed, height: undefined}  ... > 
  at <VAppBar id="topnav" > 
  at <MenusHeader drawer=false onToggleDrawer=fn > 
  at <ClientOnly > 
  at <VApp theme="light" class="auto-text" > 
  at <VResponsive class="border rounded" > 
  at <Default ref=Ref< Proxy(Object) > > 
  at <AsyncComponentWrapper ref=Ref< Proxy(Object) > > 
  at <LayoutLoader key="default" layoutProps= {ref: RefImpl} name="default" > 
  at <NuxtLayoutProvider layoutProps= {ref: RefImpl} key="default" name="default"  ... > 
  at <NuxtLayout > 
  at <App key=4 > 
  at <NuxtRoot> @ http://localhost:3001/_nuxt/@fs/home/meebuzo/github/alternate-framework/apps/ecosystem/meeovi-frontend/node_modules/@sentry/core/build/esm/instrument/console.js?v=cfee6d51:42
[   13387ms] [WARNING] [Vue warn]: Avoid app logic that relies on enumerating keys on a component instance. The keys will be empty in production mode to avoid performance overhead. 
  at <VNavigationDrawer modelValue=undefined onUpdate:modelValue=fn location="right"  ... > 
  at <MenusTopmenuLayoutNotifications > 
  at <VCol class="notificationsHeader" > 
  at <VDefaultsProvider defaults= {VTabs: Object} > 
  at <VToolbar ref=Ref< Proxy(Object) > class="v-app-bar" style= {top: 0px, zIndex: 1012, transform: translateY(0px), position: fixed, height: undefined}  ... > 
  at <VAppBar id="topnav" > 
  at <MenusHeader drawer=false onToggleDrawer=fn > 
  at <ClientOnly > 
  at <VApp theme="light" class="auto-text" > 
  at <VResponsive class="border rounded" > 
  at <Default ref=Ref< Proxy(Object) > > 
  at <AsyncComponentWrapper ref=Ref< Proxy(Object) > > 
  at <LayoutLoader key="default" layoutProps= {ref: RefImpl} name="default" > 
  at <NuxtLayoutProvider layoutProps= {ref: RefImpl} key="default" name="default"  ... > 
  at <NuxtLayout > 
  at <App key=4 > 
  at <NuxtRoot> @ http://localhost:3001/_nuxt/@fs/home/meebuzo/github/alternate-framework/apps/ecosystem/meeovi-frontend/node_modules/@sentry/core/build/esm/instrument/console.js?v=cfee6d51:42
[   13390ms] [WARNING] [Vue warn]: Avoid app logic that relies on enumerating keys on a component instance. The keys will be empty in production mode to avoid performance overhead. 
  at <VNavigationDrawer modelValue=undefined onUpdate:modelValue=fn location="right"  ... > 
  at <MenusTopmenuLayoutNotifications > 
  at <VCol class="notificationsHeader" > 
  at <VDefaultsProvider defaults= {VTabs: Object} > 
  at <VToolbar ref=Ref< Proxy(Object) > class="v-app-bar" style= {top: 0px, zIndex: 1012, transform: translateY(0px), position: fixed, height: undefined}  ... > 
  at <VAppBar id="topnav" > 
  at <MenusHeader drawer=false onToggleDrawer=fn > 
  at <ClientOnly > 
  at <VApp theme="light" class="auto-text" > 
  at <VResponsive class="border rounded" > 
  at <Default ref=Ref< Proxy(Object) > > 
  at <AsyncComponentWrapper ref=Ref< Proxy(Object) > > 
  at <LayoutLoader key="default" layoutProps= {ref: RefImpl} name="default" > 
  at <NuxtLayoutProvider layoutProps= {ref: RefImpl} key="default" name="default"  ... > 
  at <NuxtLayout > 
  at <App key=4 > 
  at <NuxtRoot> @ http://localhost:3001/_nuxt/@fs/home/meebuzo/github/alternate-framework/apps/ecosystem/meeovi-frontend/node_modules/@sentry/core/build/esm/instrument/console.js?v=cfee6d51:42
[   13395ms] [WARNING] [Vue warn]: Avoid app logic that relies on enumerating keys on a component instance. The keys will be empty in production mode to avoid performance overhead. 
  at <VNavigationDrawer modelValue=undefined onUpdate:modelValue=fn location="right"  ... > 
  at <MenusTopmenuLayoutNotifications > 
  at <VCol class="notificationsHeader" > 
  at <VDefaultsProvider defaults= {VTabs: Object} > 
  at <VToolbar ref=Ref< Proxy(Object) > class="v-app-bar" style= {top: 0px, zIndex: 1012, transform: translateY(0px), position: fixed, height: undefined}  ... > 
  at <VAppBar id="topnav" > 
  at <MenusHeader drawer=false onToggleDrawer=fn > 
  at <ClientOnly > 
  at <VApp theme="light" class="auto-text" > 
  at <VResponsive class="border rounded" > 
  at <Default ref=Ref< Proxy(Object) > > 
  at <AsyncComponentWrapper ref=Ref< Proxy(Object) > > 
  at <LayoutLoader key="default" layoutProps= {ref: RefImpl} name="default" > 
  at <NuxtLayoutProvider layoutProps= {ref: RefImpl} key="default" name="default"  ... > 
  at <NuxtLayout > 
  at <App key=4 > 
  at <NuxtRoot> @ http://localhost:3001/_nuxt/@fs/home/meebuzo/github/alternate-framework/apps/ecosystem/meeovi-frontend/node_modules/@sentry/core/build/esm/instrument/console.js?v=cfee6d51:42
[   13399ms] [WARNING] [Vue warn]: Avoid app logic that relies on enumerating keys on a component instance. The keys will be empty in production mode to avoid performance overhead. 
  at <VNavigationDrawer modelValue=undefined onUpdate:modelValue=fn location="right"  ... > 
  at <MenusTopmenuLayoutNotifications > 
  at <VCol class="notificationsHeader" > 
  at <VDefaultsProvider defaults= {VTabs: Object} > 
  at <VToolbar ref=Ref< Proxy(Object) > class="v-app-bar" style= {top: 0px, zIndex: 1012, transform: translateY(0px), position: fixed, height: undefined}  ... > 
  at <VAppBar id="topnav" > 
  at <MenusHeader drawer=false onToggleDrawer=fn > 
  at <ClientOnly > 
  at <VApp theme="light" class="auto-text" > 
  at <VResponsive class="border rounded" > 
  at <Default ref=Ref< Proxy(Object) > > 
  at <AsyncComponentWrapper ref=Ref< Proxy(Object) > > 
  at <LayoutLoader key="default" layoutProps= {ref: RefImpl} name="default" > 
  at <NuxtLayoutProvider layoutProps= {ref: RefImpl} key="default" name="default"  ... > 
  at <NuxtLayout > 
  at <App key=4 > 
  at <NuxtRoot> @ http://localhost:3001/_nuxt/@fs/home/meebuzo/github/alternate-framework/apps/ecosystem/meeovi-frontend/node_modules/@sentry/core/build/esm/instrument/console.js?v=cfee6d51:42
[   13402ms] [WARNING] [Vue warn]: Avoid app logic that relies on enumerating keys on a component instance. The keys will be empty in production mode to avoid performance overhead. 
  at <VNavigationDrawer modelValue=undefined onUpdate:modelValue=fn location="right"  ... > 
  at <MenusTopmenuLayoutNotifications > 
  at <VCol class="notificationsHeader" > 
  at <VDefaultsProvider defaults= {VTabs: Object} > 
  at <VToolbar ref=Ref< Proxy(Object) > class="v-app-bar" style= {top: 0px, zIndex: 1012, transform: translateY(0px), position: fixed, height: undefined}  ... > 
  at <VAppBar id="topnav" > 
  at <MenusHeader drawer=false onToggleDrawer=fn > 
  at <ClientOnly > 
  at <VApp theme="light" class="auto-text" > 
  at <VResponsive class="border rounded" > 
  at <Default ref=Ref< Proxy(Object) > > 
  at <AsyncComponentWrapper ref=Ref< Proxy(Object) > > 
  at <LayoutLoader key="default" layoutProps= {ref: RefImpl} name="default" > 
  at <NuxtLayoutProvider layoutProps= {ref: RefImpl} key="default" name="default"  ... > 
  at <NuxtLayout > 
  at <App key=4 > 
  at <NuxtRoot> @ http://localhost:3001/_nuxt/@fs/home/meebuzo/github/alternate-framework/apps/ecosystem/meeovi-frontend/node_modules/@sentry/core/build/esm/instrument/console.js?v=cfee6d51:42
[   13405ms] [WARNING] [Vue warn]: Avoid app logic that relies on enumerating keys on a component instance. The keys will be empty in production mode to avoid performance overhead. 
  at <VNavigationDrawer modelValue=undefined onUpdate:modelValue=fn location="right"  ... > 
  at <MenusTopmenuLayoutNotifications > 
  at <VCol class="notificationsHeader" > 
  at <VDefaultsProvider defaults= {VTabs: Object} > 
  at <VToolbar ref=Ref< Proxy(Object) > class="v-app-bar" style= {top: 0px, zIndex: 1012, transform: translateY(0px), position: fixed, height: undefined}  ... > 
  at <VAppBar id="topnav" > 
  at <MenusHeader drawer=false onToggleDrawer=fn > 
  at <ClientOnly > 
  at <VApp theme="light" class="auto-text" > 
  at <VResponsive class="border rounded" > 
  at <Default ref=Ref< Proxy(Object) > > 
  at <AsyncComponentWrapper ref=Ref< Proxy(Object) > > 
  at <LayoutLoader key="default" layoutProps= {ref: RefImpl} name="default" > 
  at <NuxtLayoutProvider layoutProps= {ref: RefImpl} key="default" name="default"  ... > 
  at <NuxtLayout > 
  at <App key=4 > 
  at <NuxtRoot> @ http://localhost:3001/_nuxt/@fs/home/meebuzo/github/alternate-framework/apps/ecosystem/meeovi-frontend/node_modules/@sentry/core/build/esm/instrument/console.js?v=cfee6d51:42
[   13409ms] [WARNING] [Vue warn]: Avoid app logic that relies on enumerating keys on a component instance. The keys will be empty in production mode to avoid performance overhead. 
  at <VNavigationDrawer modelValue=undefined onUpdate:modelValue=fn location="right"  ... > 
  at <MenusTopmenuLayoutNotifications > 
  at <VCol class="notificationsHeader" > 
  at <VDefaultsProvider defaults= {VTabs: Object} > 
  at <VToolbar ref=Ref< Proxy(Object) > class="v-app-bar" style= {top: 0px, zIndex: 1012, transform: translateY(0px), position: fixed, height: undefined}  ... > 
  at <VAppBar id="topnav" > 
  at <MenusHeader drawer=false onToggleDrawer=fn > 
  at <ClientOnly > 
  at <VApp theme="light" class="auto-text" > 
  at <VResponsive class="border rounded" > 
  at <Default ref=Ref< Proxy(Object) > > 
  at <AsyncComponentWrapper ref=Ref< Proxy(Object) > > 
  at <LayoutLoader key="default" layoutProps= {ref: RefImpl} name="default" > 
  at <NuxtLayoutProvider layoutProps= {ref: RefImpl} key="default" name="default"  ... > 
  at <NuxtLayout > 
  at <App key=4 > 
  at <NuxtRoot> @ http://localhost:3001/_nuxt/@fs/home/meebuzo/github/alternate-framework/apps/ecosystem/meeovi-frontend/node_modules/@sentry/core/build/esm/instrument/console.js?v=cfee6d51:42
[   13413ms] [WARNING] [Vue warn]: Avoid app logic that relies on enumerating keys on a component instance. The keys will be empty in production mode to avoid performance overhead. 
  at <VNavigationDrawer modelValue=undefined onUpdate:modelValue=fn location="right"  ... > 
  at <MenusTopmenuLayoutNotifications > 
  at <VCol class="notificationsHeader" > 
  at <VDefaultsProvider defaults= {VTabs: Object} > 
  at <VToolbar ref=Ref< Proxy(Object) > class="v-app-bar" style= {top: 0px, zIndex: 1012, transform: translateY(0px), position: fixed, height: undefined}  ... > 
  at <VAppBar id="topnav" > 
  at <MenusHeader drawer=false onToggleDrawer=fn > 
  at <ClientOnly > 
  at <VApp theme="light" class="auto-text" > 
  at <VResponsive class="border rounded" > 
  at <Default ref=Ref< Proxy(Object) > > 
  at <AsyncComponentWrapper ref=Ref< Proxy(Object) > > 
  at <LayoutLoader key="default" layoutProps= {ref: RefImpl} name="default" > 
  at <NuxtLayoutProvider layoutProps= {ref: RefImpl} key="default" name="default"  ... > 
  at <NuxtLayout > 
  at <App key=4 > 
  at <NuxtRoot> @ http://localhost:3001/_nuxt/@fs/home/meebuzo/github/alternate-framework/apps/ecosystem/meeovi-frontend/node_modules/@sentry/core/build/esm/instrument/console.js?v=cfee6d51:42
[   13417ms] [WARNING] [Vue warn]: Avoid app logic that relies on enumerating keys on a component instance. The keys will be empty in production mode to avoid performance overhead. 
  at <VNavigationDrawer modelValue=undefined onUpdate:modelValue=fn location="right"  ... > 
  at <MenusTopmenuLayoutNotifications > 
  at <VCol class="notificationsHeader" > 
  at <VDefaultsProvider defaults= {VTabs: Object} > 
  at <VToolbar ref=Ref< Proxy(Object) > class="v-app-bar" style= {top: 0px, zIndex: 1012, transform: translateY(0px), position: fixed, height: undefined}  ... > 
  at <VAppBar id="topnav" > 
  at <MenusHeader drawer=false onToggleDrawer=fn > 
  at <ClientOnly > 
  at <VApp theme="light" class="auto-text" > 
  at <VResponsive class="border rounded" > 
  at <Default ref=Ref< Proxy(Object) > > 
  at <AsyncComponentWrapper ref=Ref< Proxy(Object) > > 
  at <LayoutLoader key="default" layoutProps= {ref: RefImpl} name="default" > 
  at <NuxtLayoutProvider layoutProps= {ref: RefImpl} key="default" name="default"  ... > 
  at <NuxtLayout > 
  at <App key=4 > 
  at <NuxtRoot> @ http://localhost:3001/_nuxt/@fs/home/meebuzo/github/alternate-framework/apps/ecosystem/meeovi-frontend/node_modules/@sentry/core/build/esm/instrument/console.js?v=cfee6d51:42
[   13422ms] [WARNING] [Vue warn]: Avoid app logic that relies on enumerating keys on a component instance. The keys will be empty in production mode to avoid performance overhead. 
  at <VNavigationDrawer modelValue=undefined onUpdate:modelValue=fn location="right"  ... > 
  at <MenusTopmenuLayoutNotifications > 
  at <VCol class="notificationsHeader" > 
  at <VDefaultsProvider defaults= {VTabs: Object} > 
  at <VToolbar ref=Ref< Proxy(Object) > class="v-app-bar" style= {top: 0px, zIndex: 1012, transform: translateY(0px), position: fixed, height: undefined}  ... > 
  at <VAppBar id="topnav" > 
  at <MenusHeader drawer=false onToggleDrawer=fn > 
  at <ClientOnly > 
  at <VApp theme="light" class="auto-text" > 
  at <VResponsive class="border rounded" > 
  at <Default ref=Ref< Proxy(Object) > > 
  at <AsyncComponentWrapper ref=Ref< Proxy(Object) > > 
  at <LayoutLoader key="default" layoutProps= {ref: RefImpl} name="default" > 
  at <NuxtLayoutProvider layoutProps= {ref: RefImpl} key="default" name="default"  ... > 
  at <NuxtLayout > 
  at <App key=4 > 
  at <NuxtRoot> @ http://localhost:3001/_nuxt/@fs/home/meebuzo/github/alternate-framework/apps/ecosystem/meeovi-frontend/node_modules/@sentry/core/build/esm/instrument/console.js?v=cfee6d51:42
[   13425ms] [WARNING] [Vue warn]: Avoid app logic that relies on enumerating keys on a component instance. The keys will be empty in production mode to avoid performance overhead. 
  at <VNavigationDrawer modelValue=undefined onUpdate:modelValue=fn location="right"  ... > 
  at <MenusTopmenuLayoutNotifications > 
  at <VCol class="notificationsHeader" > 
  at <VDefaultsProvider defaults= {VTabs: Object} > 
  at <VToolbar ref=Ref< Proxy(Object) > class="v-app-bar" style= {top: 0px, zIndex: 1012, transform: translateY(0px), position: fixed, height: undefined}  ... > 
  at <VAppBar id="topnav" > 
  at <MenusHeader drawer=false onToggleDrawer=fn > 
  at <ClientOnly > 
  at <VApp theme="light" class="auto-text" > 
  at <VResponsive class="border rounded" > 
  at <Default ref=Ref< Proxy(Object) > > 
  at <AsyncComponentWrapper ref=Ref< Proxy(Object) > > 
  at <LayoutLoader key="default" layoutProps= {ref: RefImpl} name="default" > 
  at <NuxtLayoutProvider layoutProps= {ref: RefImpl} key="default" name="default"  ... > 
  at <NuxtLayout > 
  at <App key=4 > 
  at <NuxtRoot> @ http://localhost:3001/_nuxt/@fs/home/meebuzo/github/alternate-framework/apps/ecosystem/meeovi-frontend/node_modules/@sentry/core/build/esm/instrument/console.js?v=cfee6d51:42
[   13429ms] [WARNING] [Vue warn]: Avoid app logic that relies on enumerating keys on a component instance. The keys will be empty in production mode to avoid performance overhead. 
  at <VNavigationDrawer modelValue=undefined onUpdate:modelValue=fn location="right"  ... > 
  at <MenusTopmenuLayoutNotifications > 
  at <VCol class="notificationsHeader" > 
  at <VDefaultsProvider defaults= {VTabs: Object} > 
  at <VToolbar ref=Ref< Proxy(Object) > class="v-app-bar" style= {top: 0px, zIndex: 1012, transform: translateY(0px), position: fixed, height: undefined}  ... > 
  at <VAppBar id="topnav" > 
  at <MenusHeader drawer=false onToggleDrawer=fn > 
  at <ClientOnly > 
  at <VApp theme="light" class="auto-text" > 
  at <VResponsive class="border rounded" > 
  at <Default ref=Ref< Proxy(Object) > > 
  at <AsyncComponentWrapper ref=Ref< Proxy(Object) > > 
  at <LayoutLoader key="default" layoutProps= {ref: RefImpl} name="default" > 
  at <NuxtLayoutProvider layoutProps= {ref: RefImpl} key="default" name="default"  ... > 
  at <NuxtLayout > 
  at <App key=4 > 
  at <NuxtRoot> @ http://localhost:3001/_nuxt/@fs/home/meebuzo/github/alternate-framework/apps/ecosystem/meeovi-frontend/node_modules/@sentry/core/build/esm/instrument/console.js?v=cfee6d51:42
[   13435ms] [WARNING] [Vue warn]: Avoid app logic that relies on enumerating keys on a component instance. The keys will be empty in production mode to avoid performance overhead. 
  at <VNavigationDrawer modelValue=undefined onUpdate:modelValue=fn location="right"  ... > 
  at <MenusTopmenuLayoutNotifications > 
  at <VCol class="notificationsHeader" > 
  at <VDefaultsProvider defaults= {VTabs: Object} > 
  at <VToolbar ref=Ref< Proxy(Object) > class="v-app-bar" style= {top: 0px, zIndex: 1012, transform: translateY(0px), position: fixed, height: undefined}  ... > 
  at <VAppBar id="topnav" > 
  at <MenusHeader drawer=false onToggleDrawer=fn > 
  at <ClientOnly > 
  at <VApp theme="light" class="auto-text" > 
  at <VResponsive class="border rounded" > 
  at <Default ref=Ref< Proxy(Object) > > 
  at <AsyncComponentWrapper ref=Ref< Proxy(Object) > > 
  at <LayoutLoader key="default" layoutProps= {ref: RefImpl} name="default" > 
  at <NuxtLayoutProvider layoutProps= {ref: RefImpl} key="default" name="default"  ... > 
  at <NuxtLayout > 
  at <App key=4 > 
  at <NuxtRoot> @ http://localhost:3001/_nuxt/@fs/home/meebuzo/github/alternate-framework/apps/ecosystem/meeovi-frontend/node_modules/@sentry/core/build/esm/instrument/console.js?v=cfee6d51:42
[   13439ms] [WARNING] [Vue warn]: Avoid app logic that relies on enumerating keys on a component instance. The keys will be empty in production mode to avoid performance overhead. 
  at <VNavigationDrawer modelValue=undefined onUpdate:modelValue=fn location="right"  ... > 
  at <MenusTopmenuLayoutNotifications > 
  at <VCol class="notificationsHeader" > 
  at <VDefaultsProvider defaults= {VTabs: Object} > 
  at <VToolbar ref=Ref< Proxy(Object) > class="v-app-bar" style= {top: 0px, zIndex: 1012, transform: translateY(0px), position: fixed, height: undefined}  ... > 
  at <VAppBar id="topnav" > 
  at <MenusHeader drawer=false onToggleDrawer=fn > 
  at <ClientOnly > 
  at <VApp theme="light" class="auto-text" > 
  at <VResponsive class="border rounded" > 
  at <Default ref=Ref< Proxy(Object) > > 
  at <AsyncComponentWrapper ref=Ref< Proxy(Object) > > 
  at <LayoutLoader key="default" layoutProps= {ref: RefImpl} name="default" > 
  at <NuxtLayoutProvider layoutProps= {ref: RefImpl} key="default" name="default"  ... > 
  at <NuxtLayout > 
  at <App key=4 > 
  at <NuxtRoot> @ http://localhost:3001/_nuxt/@fs/home/meebuzo/github/alternate-framework/apps/ecosystem/meeovi-frontend/node_modules/@sentry/core/build/esm/instrument/console.js?v=cfee6d51:42
[   13444ms] [WARNING] [Vue warn]: Avoid app logic that relies on enumerating keys on a component instance. The keys will be empty in production mode to avoid performance overhead. 
  at <VNavigationDrawer modelValue=undefined onUpdate:modelValue=fn location="right"  ... > 
  at <MenusTopmenuLayoutNotifications > 
  at <VCol class="notificationsHeader" > 
  at <VDefaultsProvider defaults= {VTabs: Object} > 
  at <VToolbar ref=Ref< Proxy(Object) > class="v-app-bar" style= {top: 0px, zIndex: 1012, transform: translateY(0px), position: fixed, height: undefined}  ... > 
  at <VAppBar id="topnav" > 
  at <MenusHeader drawer=false onToggleDrawer=fn > 
  at <ClientOnly > 
  at <VApp theme="light" class="auto-text" > 
  at <VResponsive class="border rounded" > 
  at <Default ref=Ref< Proxy(Object) > > 
  at <AsyncComponentWrapper ref=Ref< Proxy(Object) > > 
  at <LayoutLoader key="default" layoutProps= {ref: RefImpl} name="default" > 
  at <NuxtLayoutProvider layoutProps= {ref: RefImpl} key="default" name="default"  ... > 
  at <NuxtLayout > 
  at <App key=4 > 
  at <NuxtRoot> @ http://localhost:3001/_nuxt/@fs/home/meebuzo/github/alternate-framework/apps/ecosystem/meeovi-frontend/node_modules/@sentry/core/build/esm/instrument/console.js?v=cfee6d51:42
[   13449ms] [WARNING] [Vue warn]: Avoid app logic that relies on enumerating keys on a component instance. The keys will be empty in production mode to avoid performance overhead. 
  at <VNavigationDrawer modelValue=undefined onUpdate:modelValue=fn location="right"  ... > 
  at <MenusTopmenuLayoutNotifications > 
  at <VCol class="notificationsHeader" > 
  at <VDefaultsProvider defaults= {VTabs: Object} > 
  at <VToolbar ref=Ref< Proxy(Object) > class="v-app-bar" style= {top: 0px, zIndex: 1012, transform: translateY(0px), position: fixed, height: undefined}  ... > 
  at <VAppBar id="topnav" > 
  at <MenusHeader drawer=false onToggleDrawer=fn > 
  at <ClientOnly > 
  at <VApp theme="light" class="auto-text" > 
  at <VResponsive class="border rounded" > 
  at <Default ref=Ref< Proxy(Object) > > 
  at <AsyncComponentWrapper ref=Ref< Proxy(Object) > > 
  at <LayoutLoader key="default" layoutProps= {ref: RefImpl} name="default" > 
  at <NuxtLayoutProvider layoutProps= {ref: RefImpl} key="default" name="default"  ... > 
  at <NuxtLayout > 
  at <App key=4 > 
  at <NuxtRoot> @ http://localhost:3001/_nuxt/@fs/home/meebuzo/github/alternate-framework/apps/ecosystem/meeovi-frontend/node_modules/@sentry/core/build/esm/instrument/console.js?v=cfee6d51:42
[   13452ms] [WARNING] [Vue warn]: Avoid app logic that relies on enumerating keys on a component instance. The keys will be empty in production mode to avoid performance overhead. 
  at <VNavigationDrawer modelValue=undefined onUpdate:modelValue=fn location="right"  ... > 
  at <MenusTopmenuLayoutNotifications > 
  at <VCol class="notificationsHeader" > 
  at <VDefaultsProvider defaults= {VTabs: Object} > 
  at <VToolbar ref=Ref< Proxy(Object) > class="v-app-bar" style= {top: 0px, zIndex: 1012, transform: translateY(0px), position: fixed, height: undefined}  ... > 
  at <VAppBar id="topnav" > 
  at <MenusHeader drawer=false onToggleDrawer=fn > 
  at <ClientOnly > 
  at <VApp theme="light" class="auto-text" > 
  at <VResponsive class="border rounded" > 
  at <Default ref=Ref< Proxy(Object) > > 
  at <AsyncComponentWrapper ref=Ref< Proxy(Object) > > 
  at <LayoutLoader key="default" layoutProps= {ref: RefImpl} name="default" > 
  at <NuxtLayoutProvider layoutProps= {ref: RefImpl} key="default" name="default"  ... > 
  at <NuxtLayout > 
  at <App key=4 > 
  at <NuxtRoot> @ http://localhost:3001/_nuxt/@fs/home/meebuzo/github/alternate-framework/apps/ecosystem/meeovi-frontend/node_modules/@sentry/core/build/esm/instrument/console.js?v=cfee6d51:42
[   13455ms] [WARNING] [Vue warn]: Avoid app logic that relies on enumerating keys on a component instance. The keys will be empty in production mode to avoid performance overhead. 
  at <VNavigationDrawer modelValue=undefined onUpdate:modelValue=fn location="right"  ... > 
  at <MenusTopmenuLayoutNotifications > 
  at <VCol class="notificationsHeader" > 
  at <VDefaultsProvider defaults= {VTabs: Object} > 
  at <VToolbar ref=Ref< Proxy(Object) > class="v-app-bar" style= {top: 0px, zIndex: 1012, transform: translateY(0px), position: fixed, height: undefined}  ... > 
  at <VAppBar id="topnav" > 
  at <MenusHeader drawer=false onToggleDrawer=fn > 
  at <ClientOnly > 
  at <VApp theme="light" class="auto-text" > 
  at <VResponsive class="border rounded" > 
  at <Default ref=Ref< Proxy(Object) > > 
  at <AsyncComponentWrapper ref=Ref< Proxy(Object) > > 
  at <LayoutLoader key="default" layoutProps= {ref: RefImpl} name="default" > 
  at <NuxtLayoutProvider layoutProps= {ref: RefImpl} key="default" name="default"  ... > 
  at <NuxtLayout > 
  at <App key=4 > 
  at <NuxtRoot> @ http://localhost:3001/_nuxt/@fs/home/meebuzo/github/alternate-framework/apps/ecosystem/meeovi-frontend/node_modules/@sentry/core/build/esm/instrument/console.js?v=cfee6d51:42
[   13459ms] [WARNING] [Vue warn]: Avoid app logic that relies on enumerating keys on a component instance. The keys will be empty in production mode to avoid performance overhead. 
  at <VNavigationDrawer modelValue=undefined onUpdate:modelValue=fn location="right"  ... > 
  at <MenusTopmenuLayoutNotifications > 
  at <VCol class="notificationsHeader" > 
  at <VDefaultsProvider defaults= {VTabs: Object} > 
  at <VToolbar ref=Ref< Proxy(Object) > class="v-app-bar" style= {top: 0px, zIndex: 1012, transform: translateY(0px), position: fixed, height: undefined}  ... > 
  at <VAppBar id="topnav" > 
  at <MenusHeader drawer=false onToggleDrawer=fn > 
  at <ClientOnly > 
  at <VApp theme="light" class="auto-text" > 
  at <VResponsive class="border rounded" > 
  at <Default ref=Ref< Proxy(Object) > > 
  at <AsyncComponentWrapper ref=Ref< Proxy(Object) > > 
  at <LayoutLoader key="default" layoutProps= {ref: RefImpl} name="default" > 
  at <NuxtLayoutProvider layoutProps= {ref: RefImpl} key="default" name="default"  ... > 
  at <NuxtLayout > 
  at <App key=4 > 
  at <NuxtRoot> @ http://localhost:3001/_nuxt/@fs/home/meebuzo/github/alternate-framework/apps/ecosystem/meeovi-frontend/node_modules/@sentry/core/build/esm/instrument/console.js?v=cfee6d51:42
[   13463ms] [WARNING] [Vue warn]: Avoid app logic that relies on enumerating keys on a component instance. The keys will be empty in production mode to avoid performance overhead. 
  at <VNavigationDrawer modelValue=undefined onUpdate:modelValue=fn location="right"  ... > 
  at <MenusTopmenuLayoutNotifications > 
  at <VCol class="notificationsHeader" > 
  at <VDefaultsProvider defaults= {VTabs: Object} > 
  at <VToolbar ref=Ref< Proxy(Object) > class="v-app-bar" style= {top: 0px, zIndex: 1012, transform: translateY(0px), position: fixed, height: undefined}  ... > 
  at <VAppBar id="topnav" > 
  at <MenusHeader drawer=false onToggleDrawer=fn > 
  at <ClientOnly > 
  at <VApp theme="light" class="auto-text" > 
  at <VResponsive class="border rounded" > 
  at <Default ref=Ref< Proxy(Object) > > 
  at <AsyncComponentWrapper ref=Ref< Proxy(Object) > > 
  at <LayoutLoader key="default" layoutProps= {ref: RefImpl} name="default" > 
  at <NuxtLayoutProvider layoutProps= {ref: RefImpl} key="default" name="default"  ... > 
  at <NuxtLayout > 
  at <App key=4 > 
  at <NuxtRoot> @ http://localhost:3001/_nuxt/@fs/home/meebuzo/github/alternate-framework/apps/ecosystem/meeovi-frontend/node_modules/@sentry/core/build/esm/instrument/console.js?v=cfee6d51:42
[   13466ms] [WARNING] [Vue warn]: Avoid app logic that relies on enumerating keys on a component instance. The keys will be empty in production mode to avoid performance overhead. 
  at <VNavigationDrawer modelValue=undefined onUpdate:modelValue=fn location="right"  ... > 
  at <MenusTopmenuLayoutNotifications > 
  at <VCol class="notificationsHeader" > 
  at <VDefaultsProvider defaults= {VTabs: Object} > 
  at <VToolbar ref=Ref< Proxy(Object) > class="v-app-bar" style= {top: 0px, zIndex: 1012, transform: translateY(0px), position: fixed, height: undefined}  ... > 
  at <VAppBar id="topnav" > 
  at <MenusHeader drawer=false onToggleDrawer=fn > 
  at <ClientOnly > 
  at <VApp theme="light" class="auto-text" > 
  at <VResponsive class="border rounded" > 
  at <Default ref=Ref< Proxy(Object) > > 
  at <AsyncComponentWrapper ref=Ref< Proxy(Object) > > 
  at <LayoutLoader key="default" layoutProps= {ref: RefImpl} name="default" > 
  at <NuxtLayoutProvider layoutProps= {ref: RefImpl} key="default" name="default"  ... > 
  at <NuxtLayout > 
  at <App key=4 > 
  at <NuxtRoot> @ http://localhost:3001/_nuxt/@fs/home/meebuzo/github/alternate-framework/apps/ecosystem/meeovi-frontend/node_modules/@sentry/core/build/esm/instrument/console.js?v=cfee6d51:42
[   13470ms] [WARNING] [Vue warn]: Avoid app logic that relies on enumerating keys on a component instance. The keys will be empty in production mode to avoid performance overhead. 
  at <VNavigationDrawer modelValue=undefined onUpdate:modelValue=fn location="right"  ... > 
  at <MenusTopmenuLayoutNotifications > 
  at <VCol class="notificationsHeader" > 
  at <VDefaultsProvider defaults= {VTabs: Object} > 
  at <VToolbar ref=Ref< Proxy(Object) > class="v-app-bar" style= {top: 0px, zIndex: 1012, transform: translateY(0px), position: fixed, height: undefined}  ... > 
  at <VAppBar id="topnav" > 
  at <MenusHeader drawer=false onToggleDrawer=fn > 
  at <ClientOnly > 
  at <VApp theme="light" class="auto-text" > 
  at <VResponsive class="border rounded" > 
  at <Default ref=Ref< Proxy(Object) > > 
  at <AsyncComponentWrapper ref=Ref< Proxy(Object) > > 
  at <LayoutLoader key="default" layoutProps= {ref: RefImpl} name="default" > 
  at <NuxtLayoutProvider layoutProps= {ref: RefImpl} key="default" name="default"  ... > 
  at <NuxtLayout > 
  at <App key=4 > 
  at <NuxtRoot> @ http://localhost:3001/_nuxt/@fs/home/meebuzo/github/alternate-framework/apps/ecosystem/meeovi-frontend/node_modules/@sentry/core/build/esm/instrument/console.js?v=cfee6d51:42
[   13476ms] [WARNING] [Vue warn]: Avoid app logic that relies on enumerating keys on a component instance. The keys will be empty in production mode to avoid performance overhead. 
  at <VNavigationDrawer modelValue=undefined onUpdate:modelValue=fn location="right"  ... > 
  at <MenusTopmenuLayoutNotifications > 
  at <VCol class="notificationsHeader" > 
  at <VDefaultsProvider defaults= {VTabs: Object} > 
  at <VToolbar ref=Ref< Proxy(Object) > class="v-app-bar" style= {top: 0px, zIndex: 1012, transform: translateY(0px), position: fixed, height: undefined}  ... > 
  at <VAppBar id="topnav" > 
  at <MenusHeader drawer=false onToggleDrawer=fn > 
  at <ClientOnly > 
  at <VApp theme="light" class="auto-text" > 
  at <VResponsive class="border rounded" > 
  at <Default ref=Ref< Proxy(Object) > > 
  at <AsyncComponentWrapper ref=Ref< Proxy(Object) > > 
  at <LayoutLoader key="default" layoutProps= {ref: RefImpl} name="default" > 
  at <NuxtLayoutProvider layoutProps= {ref: RefImpl} key="default" name="default"  ... > 
  at <NuxtLayout > 
  at <App key=4 > 
  at <NuxtRoot> @ http://localhost:3001/_nuxt/@fs/home/meebuzo/github/alternate-framework/apps/ecosystem/meeovi-frontend/node_modules/@sentry/core/build/esm/instrument/console.js?v=cfee6d51:42
[   13482ms] [WARNING] [Vue warn]: Avoid app logic that relies on enumerating keys on a component instance. The keys will be empty in production mode to avoid performance overhead. 
  at <VNavigationDrawer modelValue=undefined onUpdate:modelValue=fn location="right"  ... > 
  at <MenusTopmenuLayoutNotifications > 
  at <VCol class="notificationsHeader" > 
  at <VDefaultsProvider defaults= {VTabs: Object} > 
  at <VToolbar ref=Ref< Proxy(Object) > class="v-app-bar" style= {top: 0px, zIndex: 1012, transform: translateY(0px), position: fixed, height: undefined}  ... > 
  at <VAppBar id="topnav" > 
  at <MenusHeader drawer=false onToggleDrawer=fn > 
  at <ClientOnly > 
  at <VApp theme="light" class="auto-text" > 
  at <VResponsive class="border rounded" > 
  at <Default ref=Ref< Proxy(Object) > > 
  at <AsyncComponentWrapper ref=Ref< Proxy(Object) > > 
  at <LayoutLoader key="default" layoutProps= {ref: RefImpl} name="default" > 
  at <NuxtLayoutProvider layoutProps= {ref: RefImpl} key="default" name="default"  ... > 
  at <NuxtLayout > 
  at <App key=4 > 
  at <NuxtRoot> @ http://localhost:3001/_nuxt/@fs/home/meebuzo/github/alternate-framework/apps/ecosystem/meeovi-frontend/node_modules/@sentry/core/build/esm/instrument/console.js?v=cfee6d51:42
[   13486ms] [WARNING] [Vue warn]: Avoid app logic that relies on enumerating keys on a component instance. The keys will be empty in production mode to avoid performance overhead. 
  at <VNavigationDrawer modelValue=undefined onUpdate:modelValue=fn location="right"  ... > 
  at <MenusTopmenuLayoutNotifications > 
  at <VCol class="notificationsHeader" > 
  at <VDefaultsProvider defaults= {VTabs: Object} > 
  at <VToolbar ref=Ref< Proxy(Object) > class="v-app-bar" style= {top: 0px, zIndex: 1012, transform: translateY(0px), position: fixed, height: undefined}  ... > 
  at <VAppBar id="topnav" > 
  at <MenusHeader drawer=false onToggleDrawer=fn > 
  at <ClientOnly > 
  at <VApp theme="light" class="auto-text" > 
  at <VResponsive class="border rounded" > 
  at <Default ref=Ref< Proxy(Object) > > 
  at <AsyncComponentWrapper ref=Ref< Proxy(Object) > > 
  at <LayoutLoader key="default" layoutProps= {ref: RefImpl} name="default" > 
  at <NuxtLayoutProvider layoutProps= {ref: RefImpl} key="default" name="default"  ... > 
  at <NuxtLayout > 
  at <App key=4 > 
  at <NuxtRoot> @ http://localhost:3001/_nuxt/@fs/home/meebuzo/github/alternate-framework/apps/ecosystem/meeovi-frontend/node_modules/@sentry/core/build/esm/instrument/console.js?v=cfee6d51:42
[   13491ms] [WARNING] [Vue warn]: Avoid app logic that relies on enumerating keys on a component instance. The keys will be empty in production mode to avoid performance overhead. 
  at <VNavigationDrawer modelValue=undefined onUpdate:modelValue=fn location="right"  ... > 
  at <MenusTopmenuLayoutNotifications > 
  at <VCol class="notificationsHeader" > 
  at <VDefaultsProvider defaults= {VTabs: Object} > 
  at <VToolbar ref=Ref< Proxy(Object) > class="v-app-bar" style= {top: 0px, zIndex: 1012, transform: translateY(0px), position: fixed, height: undefined}  ... > 
  at <VAppBar id="topnav" > 
  at <MenusHeader drawer=false onToggleDrawer=fn > 
  at <ClientOnly > 
  at <VApp theme="light" class="auto-text" > 
  at <VResponsive class="border rounded" > 
  at <Default ref=Ref< Proxy(Object) > > 
  at <AsyncComponentWrapper ref=Ref< Proxy(Object) > > 
  at <LayoutLoader key="default" layoutProps= {ref: RefImpl} name="default" > 
  at <NuxtLayoutProvider layoutProps= {ref: RefImpl} key="default" name="default"  ... > 
  at <NuxtLayout > 
  at <App key=4 > 
  at <NuxtRoot> @ http://localhost:3001/_nuxt/@fs/home/meebuzo/github/alternate-framework/apps/ecosystem/meeovi-frontend/node_modules/@sentry/core/build/esm/instrument/console.js?v=cfee6d51:42
[   13496ms] [WARNING] [Vue warn]: Avoid app logic that relies on enumerating keys on a component instance. The keys will be empty in production mode to avoid performance overhead. 
  at <VNavigationDrawer modelValue=undefined onUpdate:modelValue=fn location="right"  ... > 
  at <MenusTopmenuLayoutNotifications > 
  at <VCol class="notificationsHeader" > 
  at <VDefaultsProvider defaults= {VTabs: Object} > 
  at <VToolbar ref=Ref< Proxy(Object) > class="v-app-bar" style= {top: 0px, zIndex: 1012, transform: translateY(0px), position: fixed, height: undefined}  ... > 
  at <VAppBar id="topnav" > 
  at <MenusHeader drawer=false onToggleDrawer=fn > 
  at <ClientOnly > 
  at <VApp theme="light" class="auto-text" > 
  at <VResponsive class="border rounded" > 
  at <Default ref=Ref< Proxy(Object) > > 
  at <AsyncComponentWrapper ref=Ref< Proxy(Object) > > 
  at <LayoutLoader key="default" layoutProps= {ref: RefImpl} name="default" > 
  at <NuxtLayoutProvider layoutProps= {ref: RefImpl} key="default" name="default"  ... > 
  at <NuxtLayout > 
  at <App key=4 > 
  at <NuxtRoot> @ http://localhost:3001/_nuxt/@fs/home/meebuzo/github/alternate-framework/apps/ecosystem/meeovi-frontend/node_modules/@sentry/core/build/esm/instrument/console.js?v=cfee6d51:42
[   13499ms] [WARNING] [Vue warn]: Avoid app logic that relies on enumerating keys on a component instance. The keys will be empty in production mode to avoid performance overhead. 
  at <VNavigationDrawer modelValue=undefined onUpdate:modelValue=fn location="right"  ... > 
  at <MenusTopmenuLayoutNotifications > 
  at <VCol class="notificationsHeader" > 
  at <VDefaultsProvider defaults= {VTabs: Object} > 
  at <VToolbar ref=Ref< Proxy(Object) > class="v-app-bar" style= {top: 0px, zIndex: 1012, transform: translateY(0px), position: fixed, height: undefined}  ... > 
  at <VAppBar id="topnav" > 
  at <MenusHeader drawer=false onToggleDrawer=fn > 
  at <ClientOnly > 
  at <VApp theme="light" class="auto-text" > 
  at <VResponsive class="border rounded" > 
  at <Default ref=Ref< Proxy(Object) > > 
  at <AsyncComponentWrapper ref=Ref< Proxy(Object) > > 
  at <LayoutLoader key="default" layoutProps= {ref: RefImpl} name="default" > 
  at <NuxtLayoutProvider layoutProps= {ref: RefImpl} key="default" name="default"  ... > 
  at <NuxtLayout > 
  at <App key=4 > 
  at <NuxtRoot> @ http://localhost:3001/_nuxt/@fs/home/meebuzo/github/alternate-framework/apps/ecosystem/meeovi-frontend/node_modules/@sentry/core/build/esm/instrument/console.js?v=cfee6d51:42
[   13503ms] [WARNING] [Vue warn]: Avoid app logic that relies on enumerating keys on a component instance. The keys will be empty in production mode to avoid performance overhead. 
  at <VNavigationDrawer modelValue=undefined onUpdate:modelValue=fn location="right"  ... > 
  at <MenusTopmenuLayoutNotifications > 
  at <VCol class="notificationsHeader" > 
  at <VDefaultsProvider defaults= {VTabs: Object} > 
  at <VToolbar ref=Ref< Proxy(Object) > class="v-app-bar" style= {top: 0px, zIndex: 1012, transform: translateY(0px), position: fixed, height: undefined}  ... > 
  at <VAppBar id="topnav" > 
  at <MenusHeader drawer=false onToggleDrawer=fn > 
  at <ClientOnly > 
  at <VApp theme="light" class="auto-text" > 
  at <VResponsive class="border rounded" > 
  at <Default ref=Ref< Proxy(Object) > > 
  at <AsyncComponentWrapper ref=Ref< Proxy(Object) > > 
  at <LayoutLoader key="default" layoutProps= {ref: RefImpl} name="default" > 
  at <NuxtLayoutProvider layoutProps= {ref: RefImpl} key="default" name="default"  ... > 
  at <NuxtLayout > 
  at <App key=4 > 
  at <NuxtRoot> @ http://localhost:3001/_nuxt/@fs/home/meebuzo/github/alternate-framework/apps/ecosystem/meeovi-frontend/node_modules/@sentry/core/build/esm/instrument/console.js?v=cfee6d51:42
[   13506ms] [WARNING] [Vue warn]: Avoid app logic that relies on enumerating keys on a component instance. The keys will be empty in production mode to avoid performance overhead. 
  at <VNavigationDrawer modelValue=undefined onUpdate:modelValue=fn location="right"  ... > 
  at <MenusTopmenuLayoutNotifications > 
  at <VCol class="notificationsHeader" > 
  at <VDefaultsProvider defaults= {VTabs: Object} > 
  at <VToolbar ref=Ref< Proxy(Object) > class="v-app-bar" style= {top: 0px, zIndex: 1012, transform: translateY(0px), position: fixed, height: undefined}  ... > 
  at <VAppBar id="topnav" > 
  at <MenusHeader drawer=false onToggleDrawer=fn > 
  at <ClientOnly > 
  at <VApp theme="light" class="auto-text" > 
  at <VResponsive class="border rounded" > 
  at <Default ref=Ref< Proxy(Object) > > 
  at <AsyncComponentWrapper ref=Ref< Proxy(Object) > > 
  at <LayoutLoader key="default" layoutProps= {ref: RefImpl} name="default" > 
  at <NuxtLayoutProvider layoutProps= {ref: RefImpl} key="default" name="default"  ... > 
  at <NuxtLayout > 
  at <App key=4 > 
  at <NuxtRoot> @ http://localhost:3001/_nuxt/@fs/home/meebuzo/github/alternate-framework/apps/ecosystem/meeovi-frontend/node_modules/@sentry/core/build/esm/instrument/console.js?v=cfee6d51:42
[   13510ms] [WARNING] [Vue warn]: Avoid app logic that relies on enumerating keys on a component instance. The keys will be empty in production mode to avoid performance overhead. 
  at <VNavigationDrawer modelValue=undefined onUpdate:modelValue=fn location="right"  ... > 
  at <MenusTopmenuLayoutNotifications > 
  at <VCol class="notificationsHeader" > 
  at <VDefaultsProvider defaults= {VTabs: Object} > 
  at <VToolbar ref=Ref< Proxy(Object) > class="v-app-bar" style= {top: 0px, zIndex: 1012, transform: translateY(0px), position: fixed, height: undefined}  ... > 
  at <VAppBar id="topnav" > 
  at <MenusHeader drawer=false onToggleDrawer=fn > 
  at <ClientOnly > 
  at <VApp theme="light" class="auto-text" > 
  at <VResponsive class="border rounded" > 
  at <Default ref=Ref< Proxy(Object) > > 
  at <AsyncComponentWrapper ref=Ref< Proxy(Object) > > 
  at <LayoutLoader key="default" layoutProps= {ref: RefImpl} name="default" > 
  at <NuxtLayoutProvider layoutProps= {ref: RefImpl} key="default" name="default"  ... > 
  at <NuxtLayout > 
  at <App key=4 > 
  at <NuxtRoot> @ http://localhost:3001/_nuxt/@fs/home/meebuzo/github/alternate-framework/apps/ecosystem/meeovi-frontend/node_modules/@sentry/core/build/esm/instrument/console.js?v=cfee6d51:42
[   13514ms] [WARNING] [Vue warn]: Avoid app logic that relies on enumerating keys on a component instance. The keys will be empty in production mode to avoid performance overhead. 
  at <VNavigationDrawer modelValue=undefined onUpdate:modelValue=fn location="right"  ... > 
  at <MenusTopmenuLayoutNotifications > 
  at <VCol class="notificationsHeader" > 
  at <VDefaultsProvider defaults= {VTabs: Object} > 
  at <VToolbar ref=Ref< Proxy(Object) > class="v-app-bar" style= {top: 0px, zIndex: 1012, transform: translateY(0px), position: fixed, height: undefined}  ... > 
  at <VAppBar id="topnav" > 
  at <MenusHeader drawer=false onToggleDrawer=fn > 
  at <ClientOnly > 
  at <VApp theme="light" class="auto-text" > 
  at <VResponsive class="border rounded" > 
  at <Default ref=Ref< Proxy(Object) > > 
  at <AsyncComponentWrapper ref=Ref< Proxy(Object) > > 
  at <LayoutLoader key="default" layoutProps= {ref: RefImpl} name="default" > 
  at <NuxtLayoutProvider layoutProps= {ref: RefImpl} key="default" name="default"  ... > 
  at <NuxtLayout > 
  at <App key=4 > 
  at <NuxtRoot> @ http://localhost:3001/_nuxt/@fs/home/meebuzo/github/alternate-framework/apps/ecosystem/meeovi-frontend/node_modules/@sentry/core/build/esm/instrument/console.js?v=cfee6d51:42
[   13517ms] [WARNING] [Vue warn]: Avoid app logic that relies on enumerating keys on a component instance. The keys will be empty in production mode to avoid performance overhead. 
  at <VNavigationDrawer modelValue=undefined onUpdate:modelValue=fn location="right"  ... > 
  at <MenusTopmenuLayoutNotifications > 
  at <VCol class="notificationsHeader" > 
  at <VDefaultsProvider defaults= {VTabs: Object} > 
  at <VToolbar ref=Ref< Proxy(Object) > class="v-app-bar" style= {top: 0px, zIndex: 1012, transform: translateY(0px), position: fixed, height: undefined}  ... > 
  at <VAppBar id="topnav" > 
  at <MenusHeader drawer=false onToggleDrawer=fn > 
  at <ClientOnly > 
  at <VApp theme="light" class="auto-text" > 
  at <VResponsive class="border rounded" > 
  at <Default ref=Ref< Proxy(Object) > > 
  at <AsyncComponentWrapper ref=Ref< Proxy(Object) > > 
  at <LayoutLoader key="default" layoutProps= {ref: RefImpl} name="default" > 
  at <NuxtLayoutProvider layoutProps= {ref: RefImpl} key="default" name="default"  ... > 
  at <NuxtLayout > 
  at <App key=4 > 
  at <NuxtRoot> @ http://localhost:3001/_nuxt/@fs/home/meebuzo/github/alternate-framework/apps/ecosystem/meeovi-frontend/node_modules/@sentry/core/build/esm/instrument/console.js?v=cfee6d51:42
[   13521ms] [WARNING] [Vue warn]: Avoid app logic that relies on enumerating keys on a component instance. The keys will be empty in production mode to avoid performance overhead. 
  at <VNavigationDrawer modelValue=undefined onUpdate:modelValue=fn location="right"  ... > 
  at <MenusTopmenuLayoutNotifications > 
  at <VCol class="notificationsHeader" > 
  at <VDefaultsProvider defaults= {VTabs: Object} > 
  at <VToolbar ref=Ref< Proxy(Object) > class="v-app-bar" style= {top: 0px, zIndex: 1012, transform: translateY(0px), position: fixed, height: undefined}  ... > 
  at <VAppBar id="topnav" > 
  at <MenusHeader drawer=false onToggleDrawer=fn > 
  at <ClientOnly > 
  at <VApp theme="light" class="auto-text" > 
  at <VResponsive class="border rounded" > 
  at <Default ref=Ref< Proxy(Object) > > 
  at <AsyncComponentWrapper ref=Ref< Proxy(Object) > > 
  at <LayoutLoader key="default" layoutProps= {ref: RefImpl} name="default" > 
  at <NuxtLayoutProvider layoutProps= {ref: RefImpl} key="default" name="default"  ... > 
  at <NuxtLayout > 
  at <App key=4 > 
  at <NuxtRoot> @ http://localhost:3001/_nuxt/@fs/home/meebuzo/github/alternate-framework/apps/ecosystem/meeovi-frontend/node_modules/@sentry/core/build/esm/instrument/console.js?v=cfee6d51:42
[   13525ms] [WARNING] [Vue warn]: Avoid app logic that relies on enumerating keys on a component instance. The keys will be empty in production mode to avoid performance overhead. 
  at <VNavigationDrawer modelValue=undefined onUpdate:modelValue=fn location="right"  ... > 
  at <MenusTopmenuLayoutNotifications > 
  at <VCol class="notificationsHeader" > 
  at <VDefaultsProvider defaults= {VTabs: Object} > 
  at <VToolbar ref=Ref< Proxy(Object) > class="v-app-bar" style= {top: 0px, zIndex: 1012, transform: translateY(0px), position: fixed, height: undefined}  ... > 
  at <VAppBar id="topnav" > 
  at <MenusHeader drawer=false onToggleDrawer=fn > 
  at <ClientOnly > 
  at <VApp theme="light" class="auto-text" > 
  at <VResponsive class="border rounded" > 
  at <Default ref=Ref< Proxy(Object) > > 
  at <AsyncComponentWrapper ref=Ref< Proxy(Object) > > 
  at <LayoutLoader key="default" layoutProps= {ref: RefImpl} name="default" > 
  at <NuxtLayoutProvider layoutProps= {ref: RefImpl} key="default" name="default"  ... > 
  at <NuxtLayout > 
  at <App key=4 > 
  at <NuxtRoot> @ http://localhost:3001/_nuxt/@fs/home/meebuzo/github/alternate-framework/apps/ecosystem/meeovi-frontend/node_modules/@sentry/core/build/esm/instrument/console.js?v=cfee6d51:42
[   13529ms] [WARNING] [Vue warn]: Avoid app logic that relies on enumerating keys on a component instance. The keys will be empty in production mode to avoid performance overhead. 
  at <VNavigationDrawer modelValue=undefined onUpdate:modelValue=fn location="right"  ... > 
  at <MenusTopmenuLayoutNotifications > 
  at <VCol class="notificationsHeader" > 
  at <VDefaultsProvider defaults= {VTabs: Object} > 
  at <VToolbar ref=Ref< Proxy(Object) > class="v-app-bar" style= {top: 0px, zIndex: 1012, transform: translateY(0px), position: fixed, height: undefined}  ... > 
  at <VAppBar id="topnav" > 
  at <MenusHeader drawer=false onToggleDrawer=fn > 
  at <ClientOnly > 
  at <VApp theme="light" class="auto-text" > 
  at <VResponsive class="border rounded" > 
  at <Default ref=Ref< Proxy(Object) > > 
  at <AsyncComponentWrapper ref=Ref< Proxy(Object) > > 
  at <LayoutLoader key="default" layoutProps= {ref: RefImpl} name="default" > 
  at <NuxtLayoutProvider layoutProps= {ref: RefImpl} key="default" name="default"  ... > 
  at <NuxtLayout > 
  at <App key=4 > 
  at <NuxtRoot> @ http://localhost:3001/_nuxt/@fs/home/meebuzo/github/alternate-framework/apps/ecosystem/meeovi-frontend/node_modules/@sentry/core/build/esm/instrument/console.js?v=cfee6d51:42
[   13533ms] [WARNING] [Vue warn]: Avoid app logic that relies on enumerating keys on a component instance. The keys will be empty in production mode to avoid performance overhead. 
  at <VNavigationDrawer modelValue=undefined onUpdate:modelValue=fn location="right"  ... > 
  at <MenusTopmenuLayoutNotifications > 
  at <VCol class="notificationsHeader" > 
  at <VDefaultsProvider defaults= {VTabs: Object} > 
  at <VToolbar ref=Ref< Proxy(Object) > class="v-app-bar" style= {top: 0px, zIndex: 1012, transform: translateY(0px), position: fixed, height: undefined}  ... > 
  at <VAppBar id="topnav" > 
  at <MenusHeader drawer=false onToggleDrawer=fn > 
  at <ClientOnly > 
  at <VApp theme="light" class="auto-text" > 
  at <VResponsive class="border rounded" > 
  at <Default ref=Ref< Proxy(Object) > > 
  at <AsyncComponentWrapper ref=Ref< Proxy(Object) > > 
  at <LayoutLoader key="default" layoutProps= {ref: RefImpl} name="default" > 
  at <NuxtLayoutProvider layoutProps= {ref: RefImpl} key="default" name="default"  ... > 
  at <NuxtLayout > 
  at <App key=4 > 
  at <NuxtRoot> @ http://localhost:3001/_nuxt/@fs/home/meebuzo/github/alternate-framework/apps/ecosystem/meeovi-frontend/node_modules/@sentry/core/build/esm/instrument/console.js?v=cfee6d51:42
[   13537ms] [WARNING] [Vue warn]: Avoid app logic that relies on enumerating keys on a component instance. The keys will be empty in production mode to avoid performance overhead. 
  at <VNavigationDrawer modelValue=undefined onUpdate:modelValue=fn location="right"  ... > 
  at <MenusTopmenuLayoutNotifications > 
  at <VCol class="notificationsHeader" > 
  at <VDefaultsProvider defaults= {VTabs: Object} > 
  at <VToolbar ref=Ref< Proxy(Object) > class="v-app-bar" style= {top: 0px, zIndex: 1012, transform: translateY(0px), position: fixed, height: undefined}  ... > 
  at <VAppBar id="topnav" > 
  at <MenusHeader drawer=false onToggleDrawer=fn > 
  at <ClientOnly > 
  at <VApp theme="light" class="auto-text" > 
  at <VResponsive class="border rounded" > 
  at <Default ref=Ref< Proxy(Object) > > 
  at <AsyncComponentWrapper ref=Ref< Proxy(Object) > > 
  at <LayoutLoader key="default" layoutProps= {ref: RefImpl} name="default" > 
  at <NuxtLayoutProvider layoutProps= {ref: RefImpl} key="default" name="default"  ... > 
  at <NuxtLayout > 
  at <App key=4 > 
  at <NuxtRoot> @ http://localhost:3001/_nuxt/@fs/home/meebuzo/github/alternate-framework/apps/ecosystem/meeovi-frontend/node_modules/@sentry/core/build/esm/instrument/console.js?v=cfee6d51:42
[   13540ms] [WARNING] [Vue warn]: Avoid app logic that relies on enumerating keys on a component instance. The keys will be empty in production mode to avoid performance overhead. 
  at <VNavigationDrawer modelValue=undefined onUpdate:modelValue=fn location="right"  ... > 
  at <MenusTopmenuLayoutNotifications > 
  at <VCol class="notificationsHeader" > 
  at <VDefaultsProvider defaults= {VTabs: Object} > 
  at <VToolbar ref=Ref< Proxy(Object) > class="v-app-bar" style= {top: 0px, zIndex: 1012, transform: translateY(0px), position: fixed, height: undefined}  ... > 
  at <VAppBar id="topnav" > 
  at <MenusHeader drawer=false onToggleDrawer=fn > 
  at <ClientOnly > 
  at <VApp theme="light" class="auto-text" > 
  at <VResponsive class="border rounded" > 
  at <Default ref=Ref< Proxy(Object) > > 
  at <AsyncComponentWrapper ref=Ref< Proxy(Object) > > 
  at <LayoutLoader key="default" layoutProps= {ref: RefImpl} name="default" > 
  at <NuxtLayoutProvider layoutProps= {ref: RefImpl} key="default" name="default"  ... > 
  at <NuxtLayout > 
  at <App key=4 > 
  at <NuxtRoot> @ http://localhost:3001/_nuxt/@fs/home/meebuzo/github/alternate-framework/apps/ecosystem/meeovi-frontend/node_modules/@sentry/core/build/esm/instrument/console.js?v=cfee6d51:42
[   13544ms] [WARNING] [Vue warn]: Avoid app logic that relies on enumerating keys on a component instance. The keys will be empty in production mode to avoid performance overhead. 
  at <VNavigationDrawer modelValue=undefined onUpdate:modelValue=fn location="right"  ... > 
  at <MenusTopmenuLayoutNotifications > 
  at <VCol class="notificationsHeader" > 
  at <VDefaultsProvider defaults= {VTabs: Object} > 
  at <VToolbar ref=Ref< Proxy(Object) > class="v-app-bar" style= {top: 0px, zIndex: 1012, transform: translateY(0px), position: fixed, height: undefined}  ... > 
  at <VAppBar id="topnav" > 
  at <MenusHeader drawer=false onToggleDrawer=fn > 
  at <ClientOnly > 
  at <VApp theme="light" class="auto-text" > 
  at <VResponsive class="border rounded" > 
  at <Default ref=Ref< Proxy(Object) > > 
  at <AsyncComponentWrapper ref=Ref< Proxy(Object) > > 
  at <LayoutLoader key="default" layoutProps= {ref: RefImpl} name="default" > 
  at <NuxtLayoutProvider layoutProps= {ref: RefImpl} key="default" name="default"  ... > 
  at <NuxtLayout > 
  at <App key=4 > 
  at <NuxtRoot> @ http://localhost:3001/_nuxt/@fs/home/meebuzo/github/alternate-framework/apps/ecosystem/meeovi-frontend/node_modules/@sentry/core/build/esm/instrument/console.js?v=cfee6d51:42
[   13548ms] [WARNING] [Vue warn]: Avoid app logic that relies on enumerating keys on a component instance. The keys will be empty in production mode to avoid performance overhead. 
  at <VNavigationDrawer modelValue=undefined onUpdate:modelValue=fn location="right"  ... > 
  at <MenusTopmenuLayoutNotifications > 
  at <VCol class="notificationsHeader" > 
  at <VDefaultsProvider defaults= {VTabs: Object} > 
  at <VToolbar ref=Ref< Proxy(Object) > class="v-app-bar" style= {top: 0px, zIndex: 1012, transform: translateY(0px), position: fixed, height: undefined}  ... > 
  at <VAppBar id="topnav" > 
  at <MenusHeader drawer=false onToggleDrawer=fn > 
  at <ClientOnly > 
  at <VApp theme="light" class="auto-text" > 
  at <VResponsive class="border rounded" > 
  at <Default ref=Ref< Proxy(Object) > > 
  at <AsyncComponentWrapper ref=Ref< Proxy(Object) > > 
  at <LayoutLoader key="default" layoutProps= {ref: RefImpl} name="default" > 
  at <NuxtLayoutProvider layoutProps= {ref: RefImpl} key="default" name="default"  ... > 
  at <NuxtLayout > 
  at <App key=4 > 
  at <NuxtRoot> @ http://localhost:3001/_nuxt/@fs/home/meebuzo/github/alternate-framework/apps/ecosystem/meeovi-frontend/node_modules/@sentry/core/build/esm/instrument/console.js?v=cfee6d51:42
[   13552ms] [WARNING] [Vue warn]: Avoid app logic that relies on enumerating keys on a component instance. The keys will be empty in production mode to avoid performance overhead. 
  at <VNavigationDrawer modelValue=undefined onUpdate:modelValue=fn location="right"  ... > 
  at <MenusTopmenuLayoutNotifications > 
  at <VCol class="notificationsHeader" > 
  at <VDefaultsProvider defaults= {VTabs: Object} > 
  at <VToolbar ref=Ref< Proxy(Object) > class="v-app-bar" style= {top: 0px, zIndex: 1012, transform: translateY(0px), position: fixed, height: undefined}  ... > 
  at <VAppBar id="topnav" > 
  at <MenusHeader drawer=false onToggleDrawer=fn > 
  at <ClientOnly > 
  at <VApp theme="light" class="auto-text" > 
  at <VResponsive class="border rounded" > 
  at <Default ref=Ref< Proxy(Object) > > 
  at <AsyncComponentWrapper ref=Ref< Proxy(Object) > > 
  at <LayoutLoader key="default" layoutProps= {ref: RefImpl} name="default" > 
  at <NuxtLayoutProvider layoutProps= {ref: RefImpl} key="default" name="default"  ... > 
  at <NuxtLayout > 
  at <App key=4 > 
  at <NuxtRoot> @ http://localhost:3001/_nuxt/@fs/home/meebuzo/github/alternate-framework/apps/ecosystem/meeovi-frontend/node_modules/@sentry/core/build/esm/instrument/console.js?v=cfee6d51:42
[   13555ms] [WARNING] [Vue warn]: Avoid app logic that relies on enumerating keys on a component instance. The keys will be empty in production mode to avoid performance overhead. 
  at <VNavigationDrawer modelValue=undefined onUpdate:modelValue=fn location="right"  ... > 
  at <MenusTopmenuLayoutNotifications > 
  at <VCol class="notificationsHeader" > 
  at <VDefaultsProvider defaults= {VTabs: Object} > 
  at <VToolbar ref=Ref< Proxy(Object) > class="v-app-bar" style= {top: 0px, zIndex: 1012, transform: translateY(0px), position: fixed, height: undefined}  ... > 
  at <VAppBar id="topnav" > 
  at <MenusHeader drawer=false onToggleDrawer=fn > 
  at <ClientOnly > 
  at <VApp theme="light" class="auto-text" > 
  at <VResponsive class="border rounded" > 
  at <Default ref=Ref< Proxy(Object) > > 
  at <AsyncComponentWrapper ref=Ref< Proxy(Object) > > 
  at <LayoutLoader key="default" layoutProps= {ref: RefImpl} name="default" > 
  at <NuxtLayoutProvider layoutProps= {ref: RefImpl} key="default" name="default"  ... > 
  at <NuxtLayout > 
  at <App key=4 > 
  at <NuxtRoot> @ http://localhost:3001/_nuxt/@fs/home/meebuzo/github/alternate-framework/apps/ecosystem/meeovi-frontend/node_modules/@sentry/core/build/esm/instrument/console.js?v=cfee6d51:42
[   13558ms] [WARNING] [Vue warn]: Avoid app logic that relies on enumerating keys on a component instance. The keys will be empty in production mode to avoid performance overhead. 
  at <VNavigationDrawer modelValue=undefined onUpdate:modelValue=fn location="right"  ... > 
  at <MenusTopmenuLayoutNotifications > 
  at <VCol class="notificationsHeader" > 
  at <VDefaultsProvider defaults= {VTabs: Object} > 
  at <VToolbar ref=Ref< Proxy(Object) > class="v-app-bar" style= {top: 0px, zIndex: 1012, transform: translateY(0px), position: fixed, height: undefined}  ... > 
  at <VAppBar id="topnav" > 
  at <MenusHeader drawer=false onToggleDrawer=fn > 
  at <ClientOnly > 
  at <VApp theme="light" class="auto-text" > 
  at <VResponsive class="border rounded" > 
  at <Default ref=Ref< Proxy(Object) > > 
  at <AsyncComponentWrapper ref=Ref< Proxy(Object) > > 
  at <LayoutLoader key="default" layoutProps= {ref: RefImpl} name="default" > 
  at <NuxtLayoutProvider layoutProps= {ref: RefImpl} key="default" name="default"  ... > 
  at <NuxtLayout > 
  at <App key=4 > 
  at <NuxtRoot> @ http://localhost:3001/_nuxt/@fs/home/meebuzo/github/alternate-framework/apps/ecosystem/meeovi-frontend/node_modules/@sentry/core/build/esm/instrument/console.js?v=cfee6d51:42
[   13562ms] [WARNING] [Vue warn]: Avoid app logic that relies on enumerating keys on a component instance. The keys will be empty in production mode to avoid performance overhead. 
  at <VNavigationDrawer modelValue=undefined onUpdate:modelValue=fn location="right"  ... > 
  at <MenusTopmenuLayoutNotifications > 
  at <VCol class="notificationsHeader" > 
  at <VDefaultsProvider defaults= {VTabs: Object} > 
  at <VToolbar ref=Ref< Proxy(Object) > class="v-app-bar" style= {top: 0px, zIndex: 1012, transform: translateY(0px), position: fixed, height: undefined}  ... > 
  at <VAppBar id="topnav" > 
  at <MenusHeader drawer=false onToggleDrawer=fn > 
  at <ClientOnly > 
  at <VApp theme="light" class="auto-text" > 
  at <VResponsive class="border rounded" > 
  at <Default ref=Ref< Proxy(Object) > > 
  at <AsyncComponentWrapper ref=Ref< Proxy(Object) > > 
  at <LayoutLoader key="default" layoutProps= {ref: RefImpl} name="default" > 
  at <NuxtLayoutProvider layoutProps= {ref: RefImpl} key="default" name="default"  ... > 
  at <NuxtLayout > 
  at <App key=4 > 
  at <NuxtRoot> @ http://localhost:3001/_nuxt/@fs/home/meebuzo/github/alternate-framework/apps/ecosystem/meeovi-frontend/node_modules/@sentry/core/build/esm/instrument/console.js?v=cfee6d51:42
[   13565ms] [WARNING] [Vue warn]: Avoid app logic that relies on enumerating keys on a component instance. The keys will be empty in production mode to avoid performance overhead. 
  at <VNavigationDrawer modelValue=undefined onUpdate:modelValue=fn location="right"  ... > 
  at <MenusTopmenuLayoutNotifications > 
  at <VCol class="notificationsHeader" > 
  at <VDefaultsProvider defaults= {VTabs: Object} > 
  at <VToolbar ref=Ref< Proxy(Object) > class="v-app-bar" style= {top: 0px, zIndex: 1012, transform: translateY(0px), position: fixed, height: undefined}  ... > 
  at <VAppBar id="topnav" > 
  at <MenusHeader drawer=false onToggleDrawer=fn > 
  at <ClientOnly > 
  at <VApp theme="light" class="auto-text" > 
  at <VResponsive class="border rounded" > 
  at <Default ref=Ref< Proxy(Object) > > 
  at <AsyncComponentWrapper ref=Ref< Proxy(Object) > > 
  at <LayoutLoader key="default" layoutProps= {ref: RefImpl} name="default" > 
  at <NuxtLayoutProvider layoutProps= {ref: RefImpl} key="default" name="default"  ... > 
  at <NuxtLayout > 
  at <App key=4 > 
  at <NuxtRoot> @ http://localhost:3001/_nuxt/@fs/home/meebuzo/github/alternate-framework/apps/ecosystem/meeovi-frontend/node_modules/@sentry/core/build/esm/instrument/console.js?v=cfee6d51:42
[   13568ms] [WARNING] [Vue warn]: Avoid app logic that relies on enumerating keys on a component instance. The keys will be empty in production mode to avoid performance overhead. 
  at <VNavigationDrawer modelValue=undefined onUpdate:modelValue=fn location="right"  ... > 
  at <MenusTopmenuLayoutNotifications > 
  at <VCol class="notificationsHeader" > 
  at <VDefaultsProvider defaults= {VTabs: Object} > 
  at <VToolbar ref=Ref< Proxy(Object) > class="v-app-bar" style= {top: 0px, zIndex: 1012, transform: translateY(0px), position: fixed, height: undefined}  ... > 
  at <VAppBar id="topnav" > 
  at <MenusHeader drawer=false onToggleDrawer=fn > 
  at <ClientOnly > 
  at <VApp theme="light" class="auto-text" > 
  at <VResponsive class="border rounded" > 
  at <Default ref=Ref< Proxy(Object) > > 
  at <AsyncComponentWrapper ref=Ref< Proxy(Object) > > 
  at <LayoutLoader key="default" layoutProps= {ref: RefImpl} name="default" > 
  at <NuxtLayoutProvider layoutProps= {ref: RefImpl} key="default" name="default"  ... > 
  at <NuxtLayout > 
  at <App key=4 > 
  at <NuxtRoot> @ http://localhost:3001/_nuxt/@fs/home/meebuzo/github/alternate-framework/apps/ecosystem/meeovi-frontend/node_modules/@sentry/core/build/esm/instrument/console.js?v=cfee6d51:42
[   13571ms] [WARNING] [Vue warn]: Avoid app logic that relies on enumerating keys on a component instance. The keys will be empty in production mode to avoid performance overhead. 
  at <VNavigationDrawer modelValue=undefined onUpdate:modelValue=fn location="right"  ... > 
  at <MenusTopmenuLayoutNotifications > 
  at <VCol class="notificationsHeader" > 
  at <VDefaultsProvider defaults= {VTabs: Object} > 
  at <VToolbar ref=Ref< Proxy(Object) > class="v-app-bar" style= {top: 0px, zIndex: 1012, transform: translateY(0px), position: fixed, height: undefined}  ... > 
  at <VAppBar id="topnav" > 
  at <MenusHeader drawer=false onToggleDrawer=fn > 
  at <ClientOnly > 
  at <VApp theme="light" class="auto-text" > 
  at <VResponsive class="border rounded" > 
  at <Default ref=Ref< Proxy(Object) > > 
  at <AsyncComponentWrapper ref=Ref< Proxy(Object) > > 
  at <LayoutLoader key="default" layoutProps= {ref: RefImpl} name="default" > 
  at <NuxtLayoutProvider layoutProps= {ref: RefImpl} key="default" name="default"  ... > 
  at <NuxtLayout > 
  at <App key=4 > 
  at <NuxtRoot> @ http://localhost:3001/_nuxt/@fs/home/meebuzo/github/alternate-framework/apps/ecosystem/meeovi-frontend/node_modules/@sentry/core/build/esm/instrument/console.js?v=cfee6d51:42
[   13574ms] [WARNING] [Vue warn]: Avoid app logic that relies on enumerating keys on a component instance. The keys will be empty in production mode to avoid performance overhead. 
  at <VNavigationDrawer modelValue=undefined onUpdate:modelValue=fn location="right"  ... > 
  at <MenusTopmenuLayoutNotifications > 
  at <VCol class="notificationsHeader" > 
  at <VDefaultsProvider defaults= {VTabs: Object} > 
  at <VToolbar ref=Ref< Proxy(Object) > class="v-app-bar" style= {top: 0px, zIndex: 1012, transform: translateY(0px), position: fixed, height: undefined}  ... > 
  at <VAppBar id="topnav" > 
  at <MenusHeader drawer=false onToggleDrawer=fn > 
  at <ClientOnly > 
  at <VApp theme="light" class="auto-text" > 
  at <VResponsive class="border rounded" > 
  at <Default ref=Ref< Proxy(Object) > > 
  at <AsyncComponentWrapper ref=Ref< Proxy(Object) > > 
  at <LayoutLoader key="default" layoutProps= {ref: RefImpl} name="default" > 
  at <NuxtLayoutProvider layoutProps= {ref: RefImpl} key="default" name="default"  ... > 
  at <NuxtLayout > 
  at <App key=4 > 
  at <NuxtRoot> @ http://localhost:3001/_nuxt/@fs/home/meebuzo/github/alternate-framework/apps/ecosystem/meeovi-frontend/node_modules/@sentry/core/build/esm/instrument/console.js?v=cfee6d51:42
[   13577ms] [WARNING] [Vue warn]: Avoid app logic that relies on enumerating keys on a component instance. The keys will be empty in production mode to avoid performance overhead. 
  at <VNavigationDrawer modelValue=undefined onUpdate:modelValue=fn location="right"  ... > 
  at <MenusTopmenuLayoutNotifications > 
  at <VCol class="notificationsHeader" > 
  at <VDefaultsProvider defaults= {VTabs: Object} > 
  at <VToolbar ref=Ref< Proxy(Object) > class="v-app-bar" style= {top: 0px, zIndex: 1012, transform: translateY(0px), position: fixed, height: undefined}  ... > 
  at <VAppBar id="topnav" > 
  at <MenusHeader drawer=false onToggleDrawer=fn > 
  at <ClientOnly > 
  at <VApp theme="light" class="auto-text" > 
  at <VResponsive class="border rounded" > 
  at <Default ref=Ref< Proxy(Object) > > 
  at <AsyncComponentWrapper ref=Ref< Proxy(Object) > > 
  at <LayoutLoader key="default" layoutProps= {ref: RefImpl} name="default" > 
  at <NuxtLayoutProvider layoutProps= {ref: RefImpl} key="default" name="default"  ... > 
  at <NuxtLayout > 
  at <App key=4 > 
  at <NuxtRoot> @ http://localhost:3001/_nuxt/@fs/home/meebuzo/github/alternate-framework/apps/ecosystem/meeovi-frontend/node_modules/@sentry/core/build/esm/instrument/console.js?v=cfee6d51:42
[   13580ms] [WARNING] [Vue warn]: Avoid app logic that relies on enumerating keys on a component instance. The keys will be empty in production mode to avoid performance overhead. 
  at <VNavigationDrawer modelValue=undefined onUpdate:modelValue=fn location="right"  ... > 
  at <MenusTopmenuLayoutNotifications > 
  at <VCol class="notificationsHeader" > 
  at <VDefaultsProvider defaults= {VTabs: Object} > 
  at <VToolbar ref=Ref< Proxy(Object) > class="v-app-bar" style= {top: 0px, zIndex: 1012, transform: translateY(0px), position: fixed, height: undefined}  ... > 
  at <VAppBar id="topnav" > 
  at <MenusHeader drawer=false onToggleDrawer=fn > 
  at <ClientOnly > 
  at <VApp theme="light" class="auto-text" > 
  at <VResponsive class="border rounded" > 
  at <Default ref=Ref< Proxy(Object) > > 
  at <AsyncComponentWrapper ref=Ref< Proxy(Object) > > 
  at <LayoutLoader key="default" layoutProps= {ref: RefImpl} name="default" > 
  at <NuxtLayoutProvider layoutProps= {ref: RefImpl} key="default" name="default"  ... > 
  at <NuxtLayout > 
  at <App key=4 > 
  at <NuxtRoot> @ http://localhost:3001/_nuxt/@fs/home/meebuzo/github/alternate-framework/apps/ecosystem/meeovi-frontend/node_modules/@sentry/core/build/esm/instrument/console.js?v=cfee6d51:42
[   13584ms] [WARNING] [Vue warn]: Avoid app logic that relies on enumerating keys on a component instance. The keys will be empty in production mode to avoid performance overhead. 
  at <VNavigationDrawer modelValue=undefined onUpdate:modelValue=fn location="right"  ... > 
  at <MenusTopmenuLayoutNotifications > 
  at <VCol class="notificationsHeader" > 
  at <VDefaultsProvider defaults= {VTabs: Object} > 
  at <VToolbar ref=Ref< Proxy(Object) > class="v-app-bar" style= {top: 0px, zIndex: 1012, transform: translateY(0px), position: fixed, height: undefined}  ... > 
  at <VAppBar id="topnav" > 
  at <MenusHeader drawer=false onToggleDrawer=fn > 
  at <ClientOnly > 
  at <VApp theme="light" class="auto-text" > 
  at <VResponsive class="border rounded" > 
  at <Default ref=Ref< Proxy(Object) > > 
  at <AsyncComponentWrapper ref=Ref< Proxy(Object) > > 
  at <LayoutLoader key="default" layoutProps= {ref: RefImpl} name="default" > 
  at <NuxtLayoutProvider layoutProps= {ref: RefImpl} key="default" name="default"  ... > 
  at <NuxtLayout > 
  at <App key=4 > 
  at <NuxtRoot> @ http://localhost:3001/_nuxt/@fs/home/meebuzo/github/alternate-framework/apps/ecosystem/meeovi-frontend/node_modules/@sentry/core/build/esm/instrument/console.js?v=cfee6d51:42
[   13586ms] [WARNING] [Vue warn]: Avoid app logic that relies on enumerating keys on a component instance. The keys will be empty in production mode to avoid performance overhead. 
  at <VNavigationDrawer modelValue=undefined onUpdate:modelValue=fn location="right"  ... > 
  at <MenusTopmenuLayoutNotifications > 
  at <VCol class="notificationsHeader" > 
  at <VDefaultsProvider defaults= {VTabs: Object} > 
  at <VToolbar ref=Ref< Proxy(Object) > class="v-app-bar" style= {top: 0px, zIndex: 1012, transform: translateY(0px), position: fixed, height: undefined}  ... > 
  at <VAppBar id="topnav" > 
  at <MenusHeader drawer=false onToggleDrawer=fn > 
  at <ClientOnly > 
  at <VApp theme="light" class="auto-text" > 
  at <VResponsive class="border rounded" > 
  at <Default ref=Ref< Proxy(Object) > > 
  at <AsyncComponentWrapper ref=Ref< Proxy(Object) > > 
  at <LayoutLoader key="default" layoutProps= {ref: RefImpl} name="default" > 
  at <NuxtLayoutProvider layoutProps= {ref: RefImpl} key="default" name="default"  ... > 
  at <NuxtLayout > 
  at <App key=4 > 
  at <NuxtRoot> @ http://localhost:3001/_nuxt/@fs/home/meebuzo/github/alternate-framework/apps/ecosystem/meeovi-frontend/node_modules/@sentry/core/build/esm/instrument/console.js?v=cfee6d51:42
[   13589ms] [WARNING] [Vue warn]: Avoid app logic that relies on enumerating keys on a component instance. The keys will be empty in production mode to avoid performance overhead. 
  at <VNavigationDrawer modelValue=undefined onUpdate:modelValue=fn location="right"  ... > 
  at <MenusTopmenuLayoutNotifications > 
  at <VCol class="notificationsHeader" > 
  at <VDefaultsProvider defaults= {VTabs: Object} > 
  at <VToolbar ref=Ref< Proxy(Object) > class="v-app-bar" style= {top: 0px, zIndex: 1012, transform: translateY(0px), position: fixed, height: undefined}  ... > 
  at <VAppBar id="topnav" > 
  at <MenusHeader drawer=false onToggleDrawer=fn > 
  at <ClientOnly > 
  at <VApp theme="light" class="auto-text" > 
  at <VResponsive class="border rounded" > 
  at <Default ref=Ref< Proxy(Object) > > 
  at <AsyncComponentWrapper ref=Ref< Proxy(Object) > > 
  at <LayoutLoader key="default" layoutProps= {ref: RefImpl} name="default" > 
  at <NuxtLayoutProvider layoutProps= {ref: RefImpl} key="default" name="default"  ... > 
  at <NuxtLayout > 
  at <App key=4 > 
  at <NuxtRoot> @ http://localhost:3001/_nuxt/@fs/home/meebuzo/github/alternate-framework/apps/ecosystem/meeovi-frontend/node_modules/@sentry/core/build/esm/instrument/console.js?v=cfee6d51:42
[   13592ms] [WARNING] [Vue warn]: Avoid app logic that relies on enumerating keys on a component instance. The keys will be empty in production mode to avoid performance overhead. 
  at <VNavigationDrawer modelValue=undefined onUpdate:modelValue=fn location="right"  ... > 
  at <MenusTopmenuLayoutNotifications > 
  at <VCol class="notificationsHeader" > 
  at <VDefaultsProvider defaults= {VTabs: Object} > 
  at <VToolbar ref=Ref< Proxy(Object) > class="v-app-bar" style= {top: 0px, zIndex: 1012, transform: translateY(0px), position: fixed, height: undefined}  ... > 
  at <VAppBar id="topnav" > 
  at <MenusHeader drawer=false onToggleDrawer=fn > 
  at <ClientOnly > 
  at <VApp theme="light" class="auto-text" > 
  at <VResponsive class="border rounded" > 
  at <Default ref=Ref< Proxy(Object) > > 
  at <AsyncComponentWrapper ref=Ref< Proxy(Object) > > 
  at <LayoutLoader key="default" layoutProps= {ref: RefImpl} name="default" > 
  at <NuxtLayoutProvider layoutProps= {ref: RefImpl} key="default" name="default"  ... > 
  at <NuxtLayout > 
  at <App key=4 > 
  at <NuxtRoot> @ http://localhost:3001/_nuxt/@fs/home/meebuzo/github/alternate-framework/apps/ecosystem/meeovi-frontend/node_modules/@sentry/core/build/esm/instrument/console.js?v=cfee6d51:42
[   13596ms] [WARNING] [Vue warn]: Avoid app logic that relies on enumerating keys on a component instance. The keys will be empty in production mode to avoid performance overhead. 
  at <VNavigationDrawer modelValue=undefined onUpdate:modelValue=fn location="right"  ... > 
  at <MenusTopmenuLayoutNotifications > 
  at <VCol class="notificationsHeader" > 
  at <VDefaultsProvider defaults= {VTabs: Object} > 
  at <VToolbar ref=Ref< Proxy(Object) > class="v-app-bar" style= {top: 0px, zIndex: 1012, transform: translateY(0px), position: fixed, height: undefined}  ... > 
  at <VAppBar id="topnav" > 
  at <MenusHeader drawer=false onToggleDrawer=fn > 
  at <ClientOnly > 
  at <VApp theme="light" class="auto-text" > 
  at <VResponsive class="border rounded" > 
  at <Default ref=Ref< Proxy(Object) > > 
  at <AsyncComponentWrapper ref=Ref< Proxy(Object) > > 
  at <LayoutLoader key="default" layoutProps= {ref: RefImpl} name="default" > 
  at <NuxtLayoutProvider layoutProps= {ref: RefImpl} key="default" name="default"  ... > 
  at <NuxtLayout > 
  at <App key=4 > 
  at <NuxtRoot> @ http://localhost:3001/_nuxt/@fs/home/meebuzo/github/alternate-framework/apps/ecosystem/meeovi-frontend/node_modules/@sentry/core/build/esm/instrument/console.js?v=cfee6d51:42
[   13599ms] [WARNING] [Vue warn]: Avoid app logic that relies on enumerating keys on a component instance. The keys will be empty in production mode to avoid performance overhead. 
  at <VNavigationDrawer modelValue=undefined onUpdate:modelValue=fn location="right"  ... > 
  at <MenusTopmenuLayoutNotifications > 
  at <VCol class="notificationsHeader" > 
  at <VDefaultsProvider defaults= {VTabs: Object} > 
  at <VToolbar ref=Ref< Proxy(Object) > class="v-app-bar" style= {top: 0px, zIndex: 1012, transform: translateY(0px), position: fixed, height: undefined}  ... > 
  at <VAppBar id="topnav" > 
  at <MenusHeader drawer=false onToggleDrawer=fn > 
  at <ClientOnly > 
  at <VApp theme="light" class="auto-text" > 
  at <VResponsive class="border rounded" > 
  at <Default ref=Ref< Proxy(Object) > > 
  at <AsyncComponentWrapper ref=Ref< Proxy(Object) > > 
  at <LayoutLoader key="default" layoutProps= {ref: RefImpl} name="default" > 
  at <NuxtLayoutProvider layoutProps= {ref: RefImpl} key="default" name="default"  ... > 
  at <NuxtLayout > 
  at <App key=4 > 
  at <NuxtRoot> @ http://localhost:3001/_nuxt/@fs/home/meebuzo/github/alternate-framework/apps/ecosystem/meeovi-frontend/node_modules/@sentry/core/build/esm/instrument/console.js?v=cfee6d51:42
[   13603ms] [WARNING] [Vue warn]: Avoid app logic that relies on enumerating keys on a component instance. The keys will be empty in production mode to avoid performance overhead. 
  at <VNavigationDrawer modelValue=undefined onUpdate:modelValue=fn location="right"  ... > 
  at <MenusTopmenuLayoutNotifications > 
  at <VCol class="notificationsHeader" > 
  at <VDefaultsProvider defaults= {VTabs: Object} > 
  at <VToolbar ref=Ref< Proxy(Object) > class="v-app-bar" style= {top: 0px, zIndex: 1012, transform: translateY(0px), position: fixed, height: undefined}  ... > 
  at <VAppBar id="topnav" > 
  at <MenusHeader drawer=false onToggleDrawer=fn > 
  at <ClientOnly > 
  at <VApp theme="light" class="auto-text" > 
  at <VResponsive class="border rounded" > 
  at <Default ref=Ref< Proxy(Object) > > 
  at <AsyncComponentWrapper ref=Ref< Proxy(Object) > > 
  at <LayoutLoader key="default" layoutProps= {ref: RefImpl} name="default" > 
  at <NuxtLayoutProvider layoutProps= {ref: RefImpl} key="default" name="default"  ... > 
  at <NuxtLayout > 
  at <App key=4 > 
  at <NuxtRoot> @ http://localhost:3001/_nuxt/@fs/home/meebuzo/github/alternate-framework/apps/ecosystem/meeovi-frontend/node_modules/@sentry/core/build/esm/instrument/console.js?v=cfee6d51:42
[   13607ms] [WARNING] [Vue warn]: Avoid app logic that relies on enumerating keys on a component instance. The keys will be empty in production mode to avoid performance overhead. 
  at <VNavigationDrawer modelValue=undefined onUpdate:modelValue=fn location="right"  ... > 
  at <MenusTopmenuLayoutNotifications > 
  at <VCol class="notificationsHeader" > 
  at <VDefaultsProvider defaults= {VTabs: Object} > 
  at <VToolbar ref=Ref< Proxy(Object) > class="v-app-bar" style= {top: 0px, zIndex: 1012, transform: translateY(0px), position: fixed, height: undefined}  ... > 
  at <VAppBar id="topnav" > 
  at <MenusHeader drawer=false onToggleDrawer=fn > 
  at <ClientOnly > 
  at <VApp theme="light" class="auto-text" > 
  at <VResponsive class="border rounded" > 
  at <Default ref=Ref< Proxy(Object) > > 
  at <AsyncComponentWrapper ref=Ref< Proxy(Object) > > 
  at <LayoutLoader key="default" layoutProps= {ref: RefImpl} name="default" > 
  at <NuxtLayoutProvider layoutProps= {ref: RefImpl} key="default" name="default"  ... > 
  at <NuxtLayout > 
  at <App key=4 > 
  at <NuxtRoot> @ http://localhost:3001/_nuxt/@fs/home/meebuzo/github/alternate-framework/apps/ecosystem/meeovi-frontend/node_modules/@sentry/core/build/esm/instrument/console.js?v=cfee6d51:42
[   13611ms] [WARNING] [Vue warn]: Avoid app logic that relies on enumerating keys on a component instance. The keys will be empty in production mode to avoid performance overhead. 
  at <VNavigationDrawer modelValue=undefined onUpdate:modelValue=fn location="right"  ... > 
  at <MenusTopmenuLayoutNotifications > 
  at <VCol class="notificationsHeader" > 
  at <VDefaultsProvider defaults= {VTabs: Object} > 
  at <VToolbar ref=Ref< Proxy(Object) > class="v-app-bar" style= {top: 0px, zIndex: 1012, transform: translateY(0px), position: fixed, height: undefined}  ... > 
  at <VAppBar id="topnav" > 
  at <MenusHeader drawer=false onToggleDrawer=fn > 
  at <ClientOnly > 
  at <VApp theme="light" class="auto-text" > 
  at <VResponsive class="border rounded" > 
  at <Default ref=Ref< Proxy(Object) > > 
  at <AsyncComponentWrapper ref=Ref< Proxy(Object) > > 
  at <LayoutLoader key="default" layoutProps= {ref: RefImpl} name="default" > 
  at <NuxtLayoutProvider layoutProps= {ref: RefImpl} key="default" name="default"  ... > 
  at <NuxtLayout > 
  at <App key=4 > 
  at <NuxtRoot> @ http://localhost:3001/_nuxt/@fs/home/meebuzo/github/alternate-framework/apps/ecosystem/meeovi-frontend/node_modules/@sentry/core/build/esm/instrument/console.js?v=cfee6d51:42
[   13615ms] [WARNING] [Vue warn]: Avoid app logic that relies on enumerating keys on a component instance. The keys will be empty in production mode to avoid performance overhead. 
  at <VNavigationDrawer modelValue=undefined onUpdate:modelValue=fn location="right"  ... > 
  at <MenusTopmenuLayoutNotifications > 
  at <VCol class="notificationsHeader" > 
  at <VDefaultsProvider defaults= {VTabs: Object} > 
  at <VToolbar ref=Ref< Proxy(Object) > class="v-app-bar" style= {top: 0px, zIndex: 1012, transform: translateY(0px), position: fixed, height: undefined}  ... > 
  at <VAppBar id="topnav" > 
  at <MenusHeader drawer=false onToggleDrawer=fn > 
  at <ClientOnly > 
  at <VApp theme="light" class="auto-text" > 
  at <VResponsive class="border rounded" > 
  at <Default ref=Ref< Proxy(Object) > > 
  at <AsyncComponentWrapper ref=Ref< Proxy(Object) > > 
  at <LayoutLoader key="default" layoutProps= {ref: RefImpl} name="default" > 
  at <NuxtLayoutProvider layoutProps= {ref: RefImpl} key="default" name="default"  ... > 
  at <NuxtLayout > 
  at <App key=4 > 
  at <NuxtRoot> @ http://localhost:3001/_nuxt/@fs/home/meebuzo/github/alternate-framework/apps/ecosystem/meeovi-frontend/node_modules/@sentry/core/build/esm/instrument/console.js?v=cfee6d51:42
[   13619ms] [WARNING] [Vue warn]: Avoid app logic that relies on enumerating keys on a component instance. The keys will be empty in production mode to avoid performance overhead. 
  at <VNavigationDrawer modelValue=undefined onUpdate:modelValue=fn location="right"  ... > 
  at <MenusTopmenuLayoutNotifications > 
  at <VCol class="notificationsHeader" > 
  at <VDefaultsProvider defaults= {VTabs: Object} > 
  at <VToolbar ref=Ref< Proxy(Object) > class="v-app-bar" style= {top: 0px, zIndex: 1012, transform: translateY(0px), position: fixed, height: undefined}  ... > 
  at <VAppBar id="topnav" > 
  at <MenusHeader drawer=false onToggleDrawer=fn > 
  at <ClientOnly > 
  at <VApp theme="light" class="auto-text" > 
  at <VResponsive class="border rounded" > 
  at <Default ref=Ref< Proxy(Object) > > 
  at <AsyncComponentWrapper ref=Ref< Proxy(Object) > > 
  at <LayoutLoader key="default" layoutProps= {ref: RefImpl} name="default" > 
  at <NuxtLayoutProvider layoutProps= {ref: RefImpl} key="default" name="default"  ... > 
  at <NuxtLayout > 
  at <App key=4 > 
  at <NuxtRoot> @ http://localhost:3001/_nuxt/@fs/home/meebuzo/github/alternate-framework/apps/ecosystem/meeovi-frontend/node_modules/@sentry/core/build/esm/instrument/console.js?v=cfee6d51:42
[   13623ms] [WARNING] [Vue warn]: Avoid app logic that relies on enumerating keys on a component instance. The keys will be empty in production mode to avoid performance overhead. 
  at <VNavigationDrawer modelValue=undefined onUpdate:modelValue=fn location="right"  ... > 
  at <MenusTopmenuLayoutNotifications > 
  at <VCol class="notificationsHeader" > 
  at <VDefaultsProvider defaults= {VTabs: Object} > 
  at <VToolbar ref=Ref< Proxy(Object) > class="v-app-bar" style= {top: 0px, zIndex: 1012, transform: translateY(0px), position: fixed, height: undefined}  ... > 
  at <VAppBar id="topnav" > 
  at <MenusHeader drawer=false onToggleDrawer=fn > 
  at <ClientOnly > 
  at <VApp theme="light" class="auto-text" > 
  at <VResponsive class="border rounded" > 
  at <Default ref=Ref< Proxy(Object) > > 
  at <AsyncComponentWrapper ref=Ref< Proxy(Object) > > 
  at <LayoutLoader key="default" layoutProps= {ref: RefImpl} name="default" > 
  at <NuxtLayoutProvider layoutProps= {ref: RefImpl} key="default" name="default"  ... > 
  at <NuxtLayout > 
  at <App key=4 > 
  at <NuxtRoot> @ http://localhost:3001/_nuxt/@fs/home/meebuzo/github/alternate-framework/apps/ecosystem/meeovi-frontend/node_modules/@sentry/core/build/esm/instrument/console.js?v=cfee6d51:42
[   13627ms] [WARNING] [Vue warn]: Avoid app logic that relies on enumerating keys on a component instance. The keys will be empty in production mode to avoid performance overhead. 
  at <VNavigationDrawer modelValue=undefined onUpdate:modelValue=fn location="right"  ... > 
  at <MenusTopmenuLayoutNotifications > 
  at <VCol class="notificationsHeader" > 
  at <VDefaultsProvider defaults= {VTabs: Object} > 
  at <VToolbar ref=Ref< Proxy(Object) > class="v-app-bar" style= {top: 0px, zIndex: 1012, transform: translateY(0px), position: fixed, height: undefined}  ... > 
  at <VAppBar id="topnav" > 
  at <MenusHeader drawer=false onToggleDrawer=fn > 
  at <ClientOnly > 
  at <VApp theme="light" class="auto-text" > 
  at <VResponsive class="border rounded" > 
  at <Default ref=Ref< Proxy(Object) > > 
  at <AsyncComponentWrapper ref=Ref< Proxy(Object) > > 
  at <LayoutLoader key="default" layoutProps= {ref: RefImpl} name="default" > 
  at <NuxtLayoutProvider layoutProps= {ref: RefImpl} key="default" name="default"  ... > 
  at <NuxtLayout > 
  at <App key=4 > 
  at <NuxtRoot> @ http://localhost:3001/_nuxt/@fs/home/meebuzo/github/alternate-framework/apps/ecosystem/meeovi-frontend/node_modules/@sentry/core/build/esm/instrument/console.js?v=cfee6d51:42
[   13631ms] [WARNING] [Vue warn]: Avoid app logic that relies on enumerating keys on a component instance. The keys will be empty in production mode to avoid performance overhead. 
  at <VNavigationDrawer modelValue=undefined onUpdate:modelValue=fn location="right"  ... > 
  at <MenusTopmenuLayoutNotifications > 
  at <VCol class="notificationsHeader" > 
  at <VDefaultsProvider defaults= {VTabs: Object} > 
  at <VToolbar ref=Ref< Proxy(Object) > class="v-app-bar" style= {top: 0px, zIndex: 1012, transform: translateY(0px), position: fixed, height: undefined}  ... > 
  at <VAppBar id="topnav" > 
  at <MenusHeader drawer=false onToggleDrawer=fn > 
  at <ClientOnly > 
  at <VApp theme="light" class="auto-text" > 
  at <VResponsive class="border rounded" > 
  at <Default ref=Ref< Proxy(Object) > > 
  at <AsyncComponentWrapper ref=Ref< Proxy(Object) > > 
  at <LayoutLoader key="default" layoutProps= {ref: RefImpl} name="default" > 
  at <NuxtLayoutProvider layoutProps= {ref: RefImpl} key="default" name="default"  ... > 
  at <NuxtLayout > 
  at <App key=4 > 
  at <NuxtRoot> @ http://localhost:3001/_nuxt/@fs/home/meebuzo/github/alternate-framework/apps/ecosystem/meeovi-frontend/node_modules/@sentry/core/build/esm/instrument/console.js?v=cfee6d51:42
[   13635ms] [WARNING] [Vue warn]: Avoid app logic that relies on enumerating keys on a component instance. The keys will be empty in production mode to avoid performance overhead. 
  at <VNavigationDrawer modelValue=undefined onUpdate:modelValue=fn location="right"  ... > 
  at <MenusTopmenuLayoutNotifications > 
  at <VCol class="notificationsHeader" > 
  at <VDefaultsProvider defaults= {VTabs: Object} > 
  at <VToolbar ref=Ref< Proxy(Object) > class="v-app-bar" style= {top: 0px, zIndex: 1012, transform: translateY(0px), position: fixed, height: undefined}  ... > 
  at <VAppBar id="topnav" > 
  at <MenusHeader drawer=false onToggleDrawer=fn > 
  at <ClientOnly > 
  at <VApp theme="light" class="auto-text" > 
  at <VResponsive class="border rounded" > 
  at <Default ref=Ref< Proxy(Object) > > 
  at <AsyncComponentWrapper ref=Ref< Proxy(Object) > > 
  at <LayoutLoader key="default" layoutProps= {ref: RefImpl} name="default" > 
  at <NuxtLayoutProvider layoutProps= {ref: RefImpl} key="default" name="default"  ... > 
  at <NuxtLayout > 
  at <App key=4 > 
  at <NuxtRoot> @ http://localhost:3001/_nuxt/@fs/home/meebuzo/github/alternate-framework/apps/ecosystem/meeovi-frontend/node_modules/@sentry/core/build/esm/instrument/console.js?v=cfee6d51:42
[   13639ms] [WARNING] [Vue warn]: Avoid app logic that relies on enumerating keys on a component instance. The keys will be empty in production mode to avoid performance overhead. 
  at <VNavigationDrawer modelValue=undefined onUpdate:modelValue=fn location="right"  ... > 
  at <MenusTopmenuLayoutNotifications > 
  at <VCol class="notificationsHeader" > 
  at <VDefaultsProvider defaults= {VTabs: Object} > 
  at <VToolbar ref=Ref< Proxy(Object) > class="v-app-bar" style= {top: 0px, zIndex: 1012, transform: translateY(0px), position: fixed, height: undefined}  ... > 
  at <VAppBar id="topnav" > 
  at <MenusHeader drawer=false onToggleDrawer=fn > 
  at <ClientOnly > 
  at <VApp theme="light" class="auto-text" > 
  at <VResponsive class="border rounded" > 
  at <Default ref=Ref< Proxy(Object) > > 
  at <AsyncComponentWrapper ref=Ref< Proxy(Object) > > 
  at <LayoutLoader key="default" layoutProps= {ref: RefImpl} name="default" > 
  at <NuxtLayoutProvider layoutProps= {ref: RefImpl} key="default" name="default"  ... > 
  at <NuxtLayout > 
  at <App key=4 > 
  at <NuxtRoot> @ http://localhost:3001/_nuxt/@fs/home/meebuzo/github/alternate-framework/apps/ecosystem/meeovi-frontend/node_modules/@sentry/core/build/esm/instrument/console.js?v=cfee6d51:42
[   13643ms] [WARNING] [Vue warn]: Avoid app logic that relies on enumerating keys on a component instance. The keys will be empty in production mode to avoid performance overhead. 
  at <VNavigationDrawer modelValue=undefined onUpdate:modelValue=fn location="right"  ... > 
  at <MenusTopmenuLayoutNotifications > 
  at <VCol class="notificationsHeader" > 
  at <VDefaultsProvider defaults= {VTabs: Object} > 
  at <VToolbar ref=Ref< Proxy(Object) > class="v-app-bar" style= {top: 0px, zIndex: 1012, transform: translateY(0px), position: fixed, height: undefined}  ... > 
  at <VAppBar id="topnav" > 
  at <MenusHeader drawer=false onToggleDrawer=fn > 
  at <ClientOnly > 
  at <VApp theme="light" class="auto-text" > 
  at <VResponsive class="border rounded" > 
  at <Default ref=Ref< Proxy(Object) > > 
  at <AsyncComponentWrapper ref=Ref< Proxy(Object) > > 
  at <LayoutLoader key="default" layoutProps= {ref: RefImpl} name="default" > 
  at <NuxtLayoutProvider layoutProps= {ref: RefImpl} key="default" name="default"  ... > 
  at <NuxtLayout > 
  at <App key=4 > 
  at <NuxtRoot> @ http://localhost:3001/_nuxt/@fs/home/meebuzo/github/alternate-framework/apps/ecosystem/meeovi-frontend/node_modules/@sentry/core/build/esm/instrument/console.js?v=cfee6d51:42
[   13646ms] [WARNING] [Vue warn]: Avoid app logic that relies on enumerating keys on a component instance. The keys will be empty in production mode to avoid performance overhead. 
  at <VNavigationDrawer modelValue=undefined onUpdate:modelValue=fn location="right"  ... > 
  at <MenusTopmenuLayoutNotifications > 
  at <VCol class="notificationsHeader" > 
  at <VDefaultsProvider defaults= {VTabs: Object} > 
  at <VToolbar ref=Ref< Proxy(Object) > class="v-app-bar" style= {top: 0px, zIndex: 1012, transform: translateY(0px), position: fixed, height: undefined}  ... > 
  at <VAppBar id="topnav" > 
  at <MenusHeader drawer=false onToggleDrawer=fn > 
  at <ClientOnly > 
  at <VApp theme="light" class="auto-text" > 
  at <VResponsive class="border rounded" > 
  at <Default ref=Ref< Proxy(Object) > > 
  at <AsyncComponentWrapper ref=Ref< Proxy(Object) > > 
  at <LayoutLoader key="default" layoutProps= {ref: RefImpl} name="default" > 
  at <NuxtLayoutProvider layoutProps= {ref: RefImpl} key="default" name="default"  ... > 
  at <NuxtLayout > 
  at <App key=4 > 
  at <NuxtRoot> @ http://localhost:3001/_nuxt/@fs/home/meebuzo/github/alternate-framework/apps/ecosystem/meeovi-frontend/node_modules/@sentry/core/build/esm/instrument/console.js?v=cfee6d51:42
[   13650ms] [WARNING] [Vue warn]: Avoid app logic that relies on enumerating keys on a component instance. The keys will be empty in production mode to avoid performance overhead. 
  at <VNavigationDrawer modelValue=undefined onUpdate:modelValue=fn location="right"  ... > 
  at <MenusTopmenuLayoutNotifications > 
  at <VCol class="notificationsHeader" > 
  at <VDefaultsProvider defaults= {VTabs: Object} > 
  at <VToolbar ref=Ref< Proxy(Object) > class="v-app-bar" style= {top: 0px, zIndex: 1012, transform: translateY(0px), position: fixed, height: undefined}  ... > 
  at <VAppBar id="topnav" > 
  at <MenusHeader drawer=false onToggleDrawer=fn > 
  at <ClientOnly > 
  at <VApp theme="light" class="auto-text" > 
  at <VResponsive class="border rounded" > 
  at <Default ref=Ref< Proxy(Object) > > 
  at <AsyncComponentWrapper ref=Ref< Proxy(Object) > > 
  at <LayoutLoader key="default" layoutProps= {ref: RefImpl} name="default" > 
  at <NuxtLayoutProvider layoutProps= {ref: RefImpl} key="default" name="default"  ... > 
  at <NuxtLayout > 
  at <App key=4 > 
  at <NuxtRoot> @ http://localhost:3001/_nuxt/@fs/home/meebuzo/github/alternate-framework/apps/ecosystem/meeovi-frontend/node_modules/@sentry/core/build/esm/instrument/console.js?v=cfee6d51:42
[   13654ms] [WARNING] [Vue warn]: Avoid app logic that relies on enumerating keys on a component instance. The keys will be empty in production mode to avoid performance overhead. 
  at <VNavigationDrawer modelValue=undefined onUpdate:modelValue=fn location="right"  ... > 
  at <MenusTopmenuLayoutNotifications > 
  at <VCol class="notificationsHeader" > 
  at <VDefaultsProvider defaults= {VTabs: Object} > 
  at <VToolbar ref=Ref< Proxy(Object) > class="v-app-bar" style= {top: 0px, zIndex: 1012, transform: translateY(0px), position: fixed, height: undefined}  ... > 
  at <VAppBar id="topnav" > 
  at <MenusHeader drawer=false onToggleDrawer=fn > 
  at <ClientOnly > 
  at <VApp theme="light" class="auto-text" > 
  at <VResponsive class="border rounded" > 
  at <Default ref=Ref< Proxy(Object) > > 
  at <AsyncComponentWrapper ref=Ref< Proxy(Object) > > 
  at <LayoutLoader key="default" layoutProps= {ref: RefImpl} name="default" > 
  at <NuxtLayoutProvider layoutProps= {ref: RefImpl} key="default" name="default"  ... > 
  at <NuxtLayout > 
  at <App key=4 > 
  at <NuxtRoot> @ http://localhost:3001/_nuxt/@fs/home/meebuzo/github/alternate-framework/apps/ecosystem/meeovi-frontend/node_modules/@sentry/core/build/esm/instrument/console.js?v=cfee6d51:42
[   13658ms] [WARNING] [Vue warn]: Avoid app logic that relies on enumerating keys on a component instance. The keys will be empty in production mode to avoid performance overhead. 
  at <VNavigationDrawer modelValue=undefined onUpdate:modelValue=fn location="right"  ... > 
  at <MenusTopmenuLayoutNotifications > 
  at <VCol class="notificationsHeader" > 
  at <VDefaultsProvider defaults= {VTabs: Object} > 
  at <VToolbar ref=Ref< Proxy(Object) > class="v-app-bar" style= {top: 0px, zIndex: 1012, transform: translateY(0px), position: fixed, height: undefined}  ... > 
  at <VAppBar id="topnav" > 
  at <MenusHeader drawer=false onToggleDrawer=fn > 
  at <ClientOnly > 
  at <VApp theme="light" class="auto-text" > 
  at <VResponsive class="border rounded" > 
  at <Default ref=Ref< Proxy(Object) > > 
  at <AsyncComponentWrapper ref=Ref< Proxy(Object) > > 
  at <LayoutLoader key="default" layoutProps= {ref: RefImpl} name="default" > 
  at <NuxtLayoutProvider layoutProps= {ref: RefImpl} key="default" name="default"  ... > 
  at <NuxtLayout > 
  at <App key=4 > 
  at <NuxtRoot> @ http://localhost:3001/_nuxt/@fs/home/meebuzo/github/alternate-framework/apps/ecosystem/meeovi-frontend/node_modules/@sentry/core/build/esm/instrument/console.js?v=cfee6d51:42
[   13661ms] [WARNING] [Vue warn]: Avoid app logic that relies on enumerating keys on a component instance. The keys will be empty in production mode to avoid performance overhead. 
  at <VNavigationDrawer modelValue=undefined onUpdate:modelValue=fn location="right"  ... > 
  at <MenusTopmenuLayoutNotifications > 
  at <VCol class="notificationsHeader" > 
  at <VDefaultsProvider defaults= {VTabs: Object} > 
  at <VToolbar ref=Ref< Proxy(Object) > class="v-app-bar" style= {top: 0px, zIndex: 1012, transform: translateY(0px), position: fixed, height: undefined}  ... > 
  at <VAppBar id="topnav" > 
  at <MenusHeader drawer=false onToggleDrawer=fn > 
  at <ClientOnly > 
  at <VApp theme="light" class="auto-text" > 
  at <VResponsive class="border rounded" > 
  at <Default ref=Ref< Proxy(Object) > > 
  at <AsyncComponentWrapper ref=Ref< Proxy(Object) > > 
  at <LayoutLoader key="default" layoutProps= {ref: RefImpl} name="default" > 
  at <NuxtLayoutProvider layoutProps= {ref: RefImpl} key="default" name="default"  ... > 
  at <NuxtLayout > 
  at <App key=4 > 
  at <NuxtRoot> @ http://localhost:3001/_nuxt/@fs/home/meebuzo/github/alternate-framework/apps/ecosystem/meeovi-frontend/node_modules/@sentry/core/build/esm/instrument/console.js?v=cfee6d51:42
[   13664ms] [WARNING] [Vue warn]: Avoid app logic that relies on enumerating keys on a component instance. The keys will be empty in production mode to avoid performance overhead. 
  at <VNavigationDrawer modelValue=undefined onUpdate:modelValue=fn location="right"  ... > 
  at <MenusTopmenuLayoutNotifications > 
  at <VCol class="notificationsHeader" > 
  at <VDefaultsProvider defaults= {VTabs: Object} > 
  at <VToolbar ref=Ref< Proxy(Object) > class="v-app-bar" style= {top: 0px, zIndex: 1012, transform: translateY(0px), position: fixed, height: undefined}  ... > 
  at <VAppBar id="topnav" > 
  at <MenusHeader drawer=false onToggleDrawer=fn > 
  at <ClientOnly > 
  at <VApp theme="light" class="auto-text" > 
  at <VResponsive class="border rounded" > 
  at <Default ref=Ref< Proxy(Object) > > 
  at <AsyncComponentWrapper ref=Ref< Proxy(Object) > > 
  at <LayoutLoader key="default" layoutProps= {ref: RefImpl} name="default" > 
  at <NuxtLayoutProvider layoutProps= {ref: RefImpl} key="default" name="default"  ... > 
  at <NuxtLayout > 
  at <App key=4 > 
  at <NuxtRoot> @ http://localhost:3001/_nuxt/@fs/home/meebuzo/github/alternate-framework/apps/ecosystem/meeovi-frontend/node_modules/@sentry/core/build/esm/instrument/console.js?v=cfee6d51:42
[   13667ms] [WARNING] [Vue warn]: Avoid app logic that relies on enumerating keys on a component instance. The keys will be empty in production mode to avoid performance overhead. 
  at <VNavigationDrawer modelValue=undefined onUpdate:modelValue=fn location="right"  ... > 
  at <MenusTopmenuLayoutNotifications > 
  at <VCol class="notificationsHeader" > 
  at <VDefaultsProvider defaults= {VTabs: Object} > 
  at <VToolbar ref=Ref< Proxy(Object) > class="v-app-bar" style= {top: 0px, zIndex: 1012, transform: translateY(0px), position: fixed, height: undefined}  ... > 
  at <VAppBar id="topnav" > 
  at <MenusHeader drawer=false onToggleDrawer=fn > 
  at <ClientOnly > 
  at <VApp theme="light" class="auto-text" > 
  at <VResponsive class="border rounded" > 
  at <Default ref=Ref< Proxy(Object) > > 
  at <AsyncComponentWrapper ref=Ref< Proxy(Object) > > 
  at <LayoutLoader key="default" layoutProps= {ref: RefImpl} name="default" > 
  at <NuxtLayoutProvider layoutProps= {ref: RefImpl} key="default" name="default"  ... > 
  at <NuxtLayout > 
  at <App key=4 > 
  at <NuxtRoot> @ http://localhost:3001/_nuxt/@fs/home/meebuzo/github/alternate-framework/apps/ecosystem/meeovi-frontend/node_modules/@sentry/core/build/esm/instrument/console.js?v=cfee6d51:42
[   13670ms] [WARNING] [Vue warn]: Avoid app logic that relies on enumerating keys on a component instance. The keys will be empty in production mode to avoid performance overhead. 
  at <VNavigationDrawer modelValue=undefined onUpdate:modelValue=fn location="right"  ... > 
  at <MenusTopmenuLayoutNotifications > 
  at <VCol class="notificationsHeader" > 
  at <VDefaultsProvider defaults= {VTabs: Object} > 
  at <VToolbar ref=Ref< Proxy(Object) > class="v-app-bar" style= {top: 0px, zIndex: 1012, transform: translateY(0px), position: fixed, height: undefined}  ... > 
  at <VAppBar id="topnav" > 
  at <MenusHeader drawer=false onToggleDrawer=fn > 
  at <ClientOnly > 
  at <VApp theme="light" class="auto-text" > 
  at <VResponsive class="border rounded" > 
  at <Default ref=Ref< Proxy(Object) > > 
  at <AsyncComponentWrapper ref=Ref< Proxy(Object) > > 
  at <LayoutLoader key="default" layoutProps= {ref: RefImpl} name="default" > 
  at <NuxtLayoutProvider layoutProps= {ref: RefImpl} key="default" name="default"  ... > 
  at <NuxtLayout > 
  at <App key=4 > 
  at <NuxtRoot> @ http://localhost:3001/_nuxt/@fs/home/meebuzo/github/alternate-framework/apps/ecosystem/meeovi-frontend/node_modules/@sentry/core/build/esm/instrument/console.js?v=cfee6d51:42
[   13674ms] [WARNING] [Vue warn]: Avoid app logic that relies on enumerating keys on a component instance. The keys will be empty in production mode to avoid performance overhead. 
  at <VNavigationDrawer modelValue=undefined onUpdate:modelValue=fn location="right"  ... > 
  at <MenusTopmenuLayoutNotifications > 
  at <VCol class="notificationsHeader" > 
  at <VDefaultsProvider defaults= {VTabs: Object} > 
  at <VToolbar ref=Ref< Proxy(Object) > class="v-app-bar" style= {top: 0px, zIndex: 1012, transform: translateY(0px), position: fixed, height: undefined}  ... > 
  at <VAppBar id="topnav" > 
  at <MenusHeader drawer=false onToggleDrawer=fn > 
  at <ClientOnly > 
  at <VApp theme="light" class="auto-text" > 
  at <VResponsive class="border rounded" > 
  at <Default ref=Ref< Proxy(Object) > > 
  at <AsyncComponentWrapper ref=Ref< Proxy(Object) > > 
  at <LayoutLoader key="default" layoutProps= {ref: RefImpl} name="default" > 
  at <NuxtLayoutProvider layoutProps= {ref: RefImpl} key="default" name="default"  ... > 
  at <NuxtLayout > 
  at <App key=4 > 
  at <NuxtRoot> @ http://localhost:3001/_nuxt/@fs/home/meebuzo/github/alternate-framework/apps/ecosystem/meeovi-frontend/node_modules/@sentry/core/build/esm/instrument/console.js?v=cfee6d51:42
[   13677ms] [WARNING] [Vue warn]: Avoid app logic that relies on enumerating keys on a component instance. The keys will be empty in production mode to avoid performance overhead. 
  at <VNavigationDrawer modelValue=undefined onUpdate:modelValue=fn location="right"  ... > 
  at <MenusTopmenuLayoutNotifications > 
  at <VCol class="notificationsHeader" > 
  at <VDefaultsProvider defaults= {VTabs: Object} > 
  at <VToolbar ref=Ref< Proxy(Object) > class="v-app-bar" style= {top: 0px, zIndex: 1012, transform: translateY(0px), position: fixed, height: undefined}  ... > 
  at <VAppBar id="topnav" > 
  at <MenusHeader drawer=false onToggleDrawer=fn > 
  at <ClientOnly > 
  at <VApp theme="light" class="auto-text" > 
  at <VResponsive class="border rounded" > 
  at <Default ref=Ref< Proxy(Object) > > 
  at <AsyncComponentWrapper ref=Ref< Proxy(Object) > > 
  at <LayoutLoader key="default" layoutProps= {ref: RefImpl} name="default" > 
  at <NuxtLayoutProvider layoutProps= {ref: RefImpl} key="default" name="default"  ... > 
  at <NuxtLayout > 
  at <App key=4 > 
  at <NuxtRoot> @ http://localhost:3001/_nuxt/@fs/home/meebuzo/github/alternate-framework/apps/ecosystem/meeovi-frontend/node_modules/@sentry/core/build/esm/instrument/console.js?v=cfee6d51:42
[   13680ms] [WARNING] [Vue warn]: Avoid app logic that relies on enumerating keys on a component instance. The keys will be empty in production mode to avoid performance overhead. 
  at <VNavigationDrawer modelValue=undefined onUpdate:modelValue=fn location="right"  ... > 
  at <MenusTopmenuLayoutNotifications > 
  at <VCol class="notificationsHeader" > 
  at <VDefaultsProvider defaults= {VTabs: Object} > 
  at <VToolbar ref=Ref< Proxy(Object) > class="v-app-bar" style= {top: 0px, zIndex: 1012, transform: translateY(0px), position: fixed, height: undefined}  ... > 
  at <VAppBar id="topnav" > 
  at <MenusHeader drawer=false onToggleDrawer=fn > 
  at <ClientOnly > 
  at <VApp theme="light" class="auto-text" > 
  at <VResponsive class="border rounded" > 
  at <Default ref=Ref< Proxy(Object) > > 
  at <AsyncComponentWrapper ref=Ref< Proxy(Object) > > 
  at <LayoutLoader key="default" layoutProps= {ref: RefImpl} name="default" > 
  at <NuxtLayoutProvider layoutProps= {ref: RefImpl} key="default" name="default"  ... > 
  at <NuxtLayout > 
  at <App key=4 > 
  at <NuxtRoot> @ http://localhost:3001/_nuxt/@fs/home/meebuzo/github/alternate-framework/apps/ecosystem/meeovi-frontend/node_modules/@sentry/core/build/esm/instrument/console.js?v=cfee6d51:42
[   13683ms] [WARNING] [Vue warn]: Avoid app logic that relies on enumerating keys on a component instance. The keys will be empty in production mode to avoid performance overhead. 
  at <VNavigationDrawer modelValue=undefined onUpdate:modelValue=fn location="right"  ... > 
  at <MenusTopmenuLayoutNotifications > 
  at <VCol class="notificationsHeader" > 
  at <VDefaultsProvider defaults= {VTabs: Object} > 
  at <VToolbar ref=Ref< Proxy(Object) > class="v-app-bar" style= {top: 0px, zIndex: 1012, transform: translateY(0px), position: fixed, height: undefined}  ... > 
  at <VAppBar id="topnav" > 
  at <MenusHeader drawer=false onToggleDrawer=fn > 
  at <ClientOnly > 
  at <VApp theme="light" class="auto-text" > 
  at <VResponsive class="border rounded" > 
  at <Default ref=Ref< Proxy(Object) > > 
  at <AsyncComponentWrapper ref=Ref< Proxy(Object) > > 
  at <LayoutLoader key="default" layoutProps= {ref: RefImpl} name="default" > 
  at <NuxtLayoutProvider layoutProps= {ref: RefImpl} key="default" name="default"  ... > 
  at <NuxtLayout > 
  at <App key=4 > 
  at <NuxtRoot> @ http://localhost:3001/_nuxt/@fs/home/meebuzo/github/alternate-framework/apps/ecosystem/meeovi-frontend/node_modules/@sentry/core/build/esm/instrument/console.js?v=cfee6d51:42
[   13689ms] [WARNING] [Vue warn]: Avoid app logic that relies on enumerating keys on a component instance. The keys will be empty in production mode to avoid performance overhead. 
  at <VNavigationDrawer modelValue=undefined onUpdate:modelValue=fn location="right"  ... > 
  at <MenusTopmenuLayoutNotifications > 
  at <VCol class="notificationsHeader" > 
  at <VDefaultsProvider defaults= {VTabs: Object} > 
  at <VToolbar ref=Ref< Proxy(Object) > class="v-app-bar" style= {top: 0px, zIndex: 1012, transform: translateY(0px), position: fixed, height: undefined}  ... > 
  at <VAppBar id="topnav" > 
  at <MenusHeader drawer=false onToggleDrawer=fn > 
  at <ClientOnly > 
  at <VApp theme="light" class="auto-text" > 
  at <VResponsive class="border rounded" > 
  at <Default ref=Ref< Proxy(Object) > > 
  at <AsyncComponentWrapper ref=Ref< Proxy(Object) > > 
  at <LayoutLoader key="default" layoutProps= {ref: RefImpl} name="default" > 
  at <NuxtLayoutProvider layoutProps= {ref: RefImpl} key="default" name="default"  ... > 
  at <NuxtLayout > 
  at <App key=4 > 
  at <NuxtRoot> @ http://localhost:3001/_nuxt/@fs/home/meebuzo/github/alternate-framework/apps/ecosystem/meeovi-frontend/node_modules/@sentry/core/build/esm/instrument/console.js?v=cfee6d51:42
[   13692ms] [WARNING] [Vue warn]: Avoid app logic that relies on enumerating keys on a component instance. The keys will be empty in production mode to avoid performance overhead. 
  at <VNavigationDrawer modelValue=undefined onUpdate:modelValue=fn location="right"  ... > 
  at <MenusTopmenuLayoutNotifications > 
  at <VCol class="notificationsHeader" > 
  at <VDefaultsProvider defaults= {VTabs: Object} > 
  at <VToolbar ref=Ref< Proxy(Object) > class="v-app-bar" style= {top: 0px, zIndex: 1012, transform: translateY(0px), position: fixed, height: undefined}  ... > 
  at <VAppBar id="topnav" > 
  at <MenusHeader drawer=false onToggleDrawer=fn > 
  at <ClientOnly > 
  at <VApp theme="light" class="auto-text" > 
  at <VResponsive class="border rounded" > 
  at <Default ref=Ref< Proxy(Object) > > 
  at <AsyncComponentWrapper ref=Ref< Proxy(Object) > > 
  at <LayoutLoader key="default" layoutProps= {ref: RefImpl} name="default" > 
  at <NuxtLayoutProvider layoutProps= {ref: RefImpl} key="default" name="default"  ... > 
  at <NuxtLayout > 
  at <App key=4 > 
  at <NuxtRoot> @ http://localhost:3001/_nuxt/@fs/home/meebuzo/github/alternate-framework/apps/ecosystem/meeovi-frontend/node_modules/@sentry/core/build/esm/instrument/console.js?v=cfee6d51:42
[   13696ms] [WARNING] [Vue warn]: Avoid app logic that relies on enumerating keys on a component instance. The keys will be empty in production mode to avoid performance overhead. 
  at <VNavigationDrawer modelValue=undefined onUpdate:modelValue=fn location="right"  ... > 
  at <MenusTopmenuLayoutNotifications > 
  at <VCol class="notificationsHeader" > 
  at <VDefaultsProvider defaults= {VTabs: Object} > 
  at <VToolbar ref=Ref< Proxy(Object) > class="v-app-bar" style= {top: 0px, zIndex: 1012, transform: translateY(0px), position: fixed, height: undefined}  ... > 
  at <VAppBar id="topnav" > 
  at <MenusHeader drawer=false onToggleDrawer=fn > 
  at <ClientOnly > 
  at <VApp theme="light" class="auto-text" > 
  at <VResponsive class="border rounded" > 
  at <Default ref=Ref< Proxy(Object) > > 
  at <AsyncComponentWrapper ref=Ref< Proxy(Object) > > 
  at <LayoutLoader key="default" layoutProps= {ref: RefImpl} name="default" > 
  at <NuxtLayoutProvider layoutProps= {ref: RefImpl} key="default" name="default"  ... > 
  at <NuxtLayout > 
  at <App key=4 > 
  at <NuxtRoot> @ http://localhost:3001/_nuxt/@fs/home/meebuzo/github/alternate-framework/apps/ecosystem/meeovi-frontend/node_modules/@sentry/core/build/esm/instrument/console.js?v=cfee6d51:42
[   13699ms] [WARNING] [Vue warn]: Avoid app logic that relies on enumerating keys on a component instance. The keys will be empty in production mode to avoid performance overhead. 
  at <VNavigationDrawer modelValue=undefined onUpdate:modelValue=fn location="right"  ... > 
  at <MenusTopmenuLayoutNotifications > 
  at <VCol class="notificationsHeader" > 
  at <VDefaultsProvider defaults= {VTabs: Object} > 
  at <VToolbar ref=Ref< Proxy(Object) > class="v-app-bar" style= {top: 0px, zIndex: 1012, transform: translateY(0px), position: fixed, height: undefined}  ... > 
  at <VAppBar id="topnav" > 
  at <MenusHeader drawer=false onToggleDrawer=fn > 
  at <ClientOnly > 
  at <VApp theme="light" class="auto-text" > 
  at <VResponsive class="border rounded" > 
  at <Default ref=Ref< Proxy(Object) > > 
  at <AsyncComponentWrapper ref=Ref< Proxy(Object) > > 
  at <LayoutLoader key="default" layoutProps= {ref: RefImpl} name="default" > 
  at <NuxtLayoutProvider layoutProps= {ref: RefImpl} key="default" name="default"  ... > 
  at <NuxtLayout > 
  at <App key=4 > 
  at <NuxtRoot> @ http://localhost:3001/_nuxt/@fs/home/meebuzo/github/alternate-framework/apps/ecosystem/meeovi-frontend/node_modules/@sentry/core/build/esm/instrument/console.js?v=cfee6d51:42
[   13703ms] [ERROR] Connecting to 'https://o996770.ingest.us.sentry.io/api/5955273/envelope/?sentry_version=7&sentry_key=df1b90fab7c44ce8aef097a63b468d61&sentry_client=sentry.javascript.nuxt%2F10.63.0' violates the following Content Security Policy directive: "connect-src 'self' https://*.mux.com". The action has been blocked. @ http://localhost:3001/_nuxt/@fs/home/meebuzo/github/alternate-framework/apps/ecosystem/meeovi-frontend/node_modules/@sentry/browser/build/npm/esm/dev/transports/fetch.js?v=cfee6d51:31
[   13704ms] [ERROR] Fetch API cannot load https://o996770.ingest.us.sentry.io/api/5955273/envelope/?sentry_version=7&sentry_key=df1b90fab7c44ce8aef097a63b468d61&sentry_client=sentry.javascript.nuxt%2F10.63.0. Refused to connect because it violates the document's Content Security Policy. @ http://localhost:3001/_nuxt/@fs/home/meebuzo/github/alternate-framework/apps/ecosystem/meeovi-frontend/node_modules/@sentry/browser/build/npm/esm/dev/transports/fetch.js?v=cfee6d51:31
[   13708ms] [WARNING] [Vue warn]: Avoid app logic that relies on enumerating keys on a component instance. The keys will be empty in production mode to avoid performance overhead. 
  at <VNavigationDrawer modelValue=undefined onUpdate:modelValue=fn location="right"  ... > 
  at <MenusTopmenuLayoutNotifications > 
  at <VCol class="notificationsHeader" > 
  at <VDefaultsProvider defaults= {VTabs: Object} > 
  at <VToolbar ref=Ref< Proxy(Object) > class="v-app-bar" style= {top: 0px, zIndex: 1012, transform: translateY(0px), position: fixed, height: undefined}  ... > 
  at <VAppBar id="topnav" > 
  at <MenusHeader drawer=false onToggleDrawer=fn > 
  at <ClientOnly > 
  at <VApp theme="light" class="auto-text" > 
  at <VResponsive class="border rounded" > 
  at <Default ref=Ref< Proxy(Object) > > 
  at <AsyncComponentWrapper ref=Ref< Proxy(Object) > > 
  at <LayoutLoader key="default" layoutProps= {ref: RefImpl} name="default" > 
  at <NuxtLayoutProvider layoutProps= {ref: RefImpl} key="default" name="default"  ... > 
  at <NuxtLayout > 
  at <App key=4 > 
  at <NuxtRoot> @ http://localhost:3001/_nuxt/@fs/home/meebuzo/github/alternate-framework/apps/ecosystem/meeovi-frontend/node_modules/@sentry/core/build/esm/instrument/console.js?v=cfee6d51:42
[   13711ms] [WARNING] [Vue warn]: Avoid app logic that relies on enumerating keys on a component instance. The keys will be empty in production mode to avoid performance overhead. 
  at <VNavigationDrawer modelValue=undefined onUpdate:modelValue=fn location="right"  ... > 
  at <MenusTopmenuLayoutNotifications > 
  at <VCol class="notificationsHeader" > 
  at <VDefaultsProvider defaults= {VTabs: Object} > 
  at <VToolbar ref=Ref< Proxy(Object) > class="v-app-bar" style= {top: 0px, zIndex: 1012, transform: translateY(0px), position: fixed, height: undefined}  ... > 
  at <VAppBar id="topnav" > 
  at <MenusHeader drawer=false onToggleDrawer=fn > 
  at <ClientOnly > 
  at <VApp theme="light" class="auto-text" > 
  at <VResponsive class="border rounded" > 
  at <Default ref=Ref< Proxy(Object) > > 
  at <AsyncComponentWrapper ref=Ref< Proxy(Object) > > 
  at <LayoutLoader key="default" layoutProps= {ref: RefImpl} name="default" > 
  at <NuxtLayoutProvider layoutProps= {ref: RefImpl} key="default" name="default"  ... > 
  at <NuxtLayout > 
  at <App key=4 > 
  at <NuxtRoot> @ http://localhost:3001/_nuxt/@fs/home/meebuzo/github/alternate-framework/apps/ecosystem/meeovi-frontend/node_modules/@sentry/core/build/esm/instrument/console.js?v=cfee6d51:42
[   13714ms] [WARNING] [Vue warn]: Avoid app logic that relies on enumerating keys on a component instance. The keys will be empty in production mode to avoid performance overhead. 
  at <VNavigationDrawer modelValue=undefined onUpdate:modelValue=fn location="right"  ... > 
  at <MenusTopmenuLayoutNotifications > 
  at <VCol class="notificationsHeader" > 
  at <VDefaultsProvider defaults= {VTabs: Object} > 
  at <VToolbar ref=Ref< Proxy(Object) > class="v-app-bar" style= {top: 0px, zIndex: 1012, transform: translateY(0px), position: fixed, height: undefined}  ... > 
  at <VAppBar id="topnav" > 
  at <MenusHeader drawer=false onToggleDrawer=fn > 
  at <ClientOnly > 
  at <VApp theme="light" class="auto-text" > 
  at <VResponsive class="border rounded" > 
  at <Default ref=Ref< Proxy(Object) > > 
  at <AsyncComponentWrapper ref=Ref< Proxy(Object) > > 
  at <LayoutLoader key="default" layoutProps= {ref: RefImpl} name="default" > 
  at <NuxtLayoutProvider layoutProps= {ref: RefImpl} key="default" name="default"  ... > 
  at <NuxtLayout > 
  at <App key=4 > 
  at <NuxtRoot> @ http://localhost:3001/_nuxt/@fs/home/meebuzo/github/alternate-framework/apps/ecosystem/meeovi-frontend/node_modules/@sentry/core/build/esm/instrument/console.js?v=cfee6d51:42
[   13717ms] [WARNING] [Vue warn]: Avoid app logic that relies on enumerating keys on a component instance. The keys will be empty in production mode to avoid performance overhead. 
  at <VNavigationDrawer modelValue=undefined onUpdate:modelValue=fn location="right"  ... > 
  at <MenusTopmenuLayoutNotifications > 
  at <VCol class="notificationsHeader" > 
  at <VDefaultsProvider defaults= {VTabs: Object} > 
  at <VToolbar ref=Ref< Proxy(Object) > class="v-app-bar" style= {top: 0px, zIndex: 1012, transform: translateY(0px), position: fixed, height: undefined}  ... > 
  at <VAppBar id="topnav" > 
  at <MenusHeader drawer=false onToggleDrawer=fn > 
  at <ClientOnly > 
  at <VApp theme="light" class="auto-text" > 
  at <VResponsive class="border rounded" > 
  at <Default ref=Ref< Proxy(Object) > > 
  at <AsyncComponentWrapper ref=Ref< Proxy(Object) > > 
  at <LayoutLoader key="default" layoutProps= {ref: RefImpl} name="default" > 
  at <NuxtLayoutProvider layoutProps= {ref: RefImpl} key="default" name="default"  ... > 
  at <NuxtLayout > 
  at <App key=4 > 
  at <NuxtRoot> @ http://localhost:3001/_nuxt/@fs/home/meebuzo/github/alternate-framework/apps/ecosystem/meeovi-frontend/node_modules/@sentry/core/build/esm/instrument/console.js?v=cfee6d51:42
[   13720ms] [WARNING] [Vue warn]: Avoid app logic that relies on enumerating keys on a component instance. The keys will be empty in production mode to avoid performance overhead. 
  at <VNavigationDrawer modelValue=undefined onUpdate:modelValue=fn location="right"  ... > 
  at <MenusTopmenuLayoutNotifications > 
  at <VCol class="notificationsHeader" > 
  at <VDefaultsProvider defaults= {VTabs: Object} > 
  at <VToolbar ref=Ref< Proxy(Object) > class="v-app-bar" style= {top: 0px, zIndex: 1012, transform: translateY(0px), position: fixed, height: undefined}  ... > 
  at <VAppBar id="topnav" > 
  at <MenusHeader drawer=false onToggleDrawer=fn > 
  at <ClientOnly > 
  at <VApp theme="light" class="auto-text" > 
  at <VResponsive class="border rounded" > 
  at <Default ref=Ref< Proxy(Object) > > 
  at <AsyncComponentWrapper ref=Ref< Proxy(Object) > > 
  at <LayoutLoader key="default" layoutProps= {ref: RefImpl} name="default" > 
  at <NuxtLayoutProvider layoutProps= {ref: RefImpl} key="default" name="default"  ... > 
  at <NuxtLayout > 
  at <App key=4 > 
  at <NuxtRoot> @ http://localhost:3001/_nuxt/@fs/home/meebuzo/github/alternate-framework/apps/ecosystem/meeovi-frontend/node_modules/@sentry/core/build/esm/instrument/console.js?v=cfee6d51:42
[   13722ms] [WARNING] [Vue warn]: Avoid app logic that relies on enumerating keys on a component instance. The keys will be empty in production mode to avoid performance overhead. 
  at <VNavigationDrawer modelValue=undefined onUpdate:modelValue=fn location="right"  ... > 
  at <MenusTopmenuLayoutNotifications > 
  at <VCol class="notificationsHeader" > 
  at <VDefaultsProvider defaults= {VTabs: Object} > 
  at <VToolbar ref=Ref< Proxy(Object) > class="v-app-bar" style= {top: 0px, zIndex: 1012, transform: translateY(0px), position: fixed, height: undefined}  ... > 
  at <VAppBar id="topnav" > 
  at <MenusHeader drawer=false onToggleDrawer=fn > 
  at <ClientOnly > 
  at <VApp theme="light" class="auto-text" > 
  at <VResponsive class="border rounded" > 
  at <Default ref=Ref< Proxy(Object) > > 
  at <AsyncComponentWrapper ref=Ref< Proxy(Object) > > 
  at <LayoutLoader key="default" layoutProps= {ref: RefImpl} name="default" > 
  at <NuxtLayoutProvider layoutProps= {ref: RefImpl} key="default" name="default"  ... > 
  at <NuxtLayout > 
  at <App key=4 > 
  at <NuxtRoot> @ http://localhost:3001/_nuxt/@fs/home/meebuzo/github/alternate-framework/apps/ecosystem/meeovi-frontend/node_modules/@sentry/core/build/esm/instrument/console.js?v=cfee6d51:42
[   13726ms] [WARNING] [Vue warn]: Avoid app logic that relies on enumerating keys on a component instance. The keys will be empty in production mode to avoid performance overhead. 
  at <VNavigationDrawer modelValue=undefined onUpdate:modelValue=fn location="right"  ... > 
  at <MenusTopmenuLayoutNotifications > 
  at <VCol class="notificationsHeader" > 
  at <VDefaultsProvider defaults= {VTabs: Object} > 
  at <VToolbar ref=Ref< Proxy(Object) > class="v-app-bar" style= {top: 0px, zIndex: 1012, transform: translateY(0px), position: fixed, height: undefined}  ... > 
  at <VAppBar id="topnav" > 
  at <MenusHeader drawer=false onToggleDrawer=fn > 
  at <ClientOnly > 
  at <VApp theme="light" class="auto-text" > 
  at <VResponsive class="border rounded" > 
  at <Default ref=Ref< Proxy(Object) > > 
  at <AsyncComponentWrapper ref=Ref< Proxy(Object) > > 
  at <LayoutLoader key="default" layoutProps= {ref: RefImpl} name="default" > 
  at <NuxtLayoutProvider layoutProps= {ref: RefImpl} key="default" name="default"  ... > 
  at <NuxtLayout > 
  at <App key=4 > 
  at <NuxtRoot> @ http://localhost:3001/_nuxt/@fs/home/meebuzo/github/alternate-framework/apps/ecosystem/meeovi-frontend/node_modules/@sentry/core/build/esm/instrument/console.js?v=cfee6d51:42
[   13730ms] [WARNING] [Vue warn]: Avoid app logic that relies on enumerating keys on a component instance. The keys will be empty in production mode to avoid performance overhead. 
  at <VNavigationDrawer modelValue=undefined onUpdate:modelValue=fn location="right"  ... > 
  at <MenusTopmenuLayoutNotifications > 
  at <VCol class="notificationsHeader" > 
  at <VDefaultsProvider defaults= {VTabs: Object} > 
  at <VToolbar ref=Ref< Proxy(Object) > class="v-app-bar" style= {top: 0px, zIndex: 1012, transform: translateY(0px), position: fixed, height: undefined}  ... > 
  at <VAppBar id="topnav" > 
  at <MenusHeader drawer=false onToggleDrawer=fn > 
  at <ClientOnly > 
  at <VApp theme="light" class="auto-text" > 
  at <VResponsive class="border rounded" > 
  at <Default ref=Ref< Proxy(Object) > > 
  at <AsyncComponentWrapper ref=Ref< Proxy(Object) > > 
  at <LayoutLoader key="default" layoutProps= {ref: RefImpl} name="default" > 
  at <NuxtLayoutProvider layoutProps= {ref: RefImpl} key="default" name="default"  ... > 
  at <NuxtLayout > 
  at <App key=4 > 
  at <NuxtRoot> @ http://localhost:3001/_nuxt/@fs/home/meebuzo/github/alternate-framework/apps/ecosystem/meeovi-frontend/node_modules/@sentry/core/build/esm/instrument/console.js?v=cfee6d51:42
[   13734ms] [WARNING] [Vue warn]: Avoid app logic that relies on enumerating keys on a component instance. The keys will be empty in production mode to avoid performance overhead. 
  at <VNavigationDrawer modelValue=undefined onUpdate:modelValue=fn location="right"  ... > 
  at <MenusTopmenuLayoutNotifications > 
  at <VCol class="notificationsHeader" > 
  at <VDefaultsProvider defaults= {VTabs: Object} > 
  at <VToolbar ref=Ref< Proxy(Object) > class="v-app-bar" style= {top: 0px, zIndex: 1012, transform: translateY(0px), position: fixed, height: undefined}  ... > 
  at <VAppBar id="topnav" > 
  at <MenusHeader drawer=false onToggleDrawer=fn > 
  at <ClientOnly > 
  at <VApp theme="light" class="auto-text" > 
  at <VResponsive class="border rounded" > 
  at <Default ref=Ref< Proxy(Object) > > 
  at <AsyncComponentWrapper ref=Ref< Proxy(Object) > > 
  at <LayoutLoader key="default" layoutProps= {ref: RefImpl} name="default" > 
  at <NuxtLayoutProvider layoutProps= {ref: RefImpl} key="default" name="default"  ... > 
  at <NuxtLayout > 
  at <App key=4 > 
  at <NuxtRoot> @ http://localhost:3001/_nuxt/@fs/home/meebuzo/github/alternate-framework/apps/ecosystem/meeovi-frontend/node_modules/@sentry/core/build/esm/instrument/console.js?v=cfee6d51:42
[   13738ms] [WARNING] [Vue warn]: Avoid app logic that relies on enumerating keys on a component instance. The keys will be empty in production mode to avoid performance overhead. 
  at <VNavigationDrawer modelValue=undefined onUpdate:modelValue=fn location="right"  ... > 
  at <MenusTopmenuLayoutNotifications > 
  at <VCol class="notificationsHeader" > 
  at <VDefaultsProvider defaults= {VTabs: Object} > 
  at <VToolbar ref=Ref< Proxy(Object) > class="v-app-bar" style= {top: 0px, zIndex: 1012, transform: translateY(0px), position: fixed, height: undefined}  ... > 
  at <VAppBar id="topnav" > 
  at <MenusHeader drawer=false onToggleDrawer=fn > 
  at <ClientOnly > 
  at <VApp theme="light" class="auto-text" > 
  at <VResponsive class="border rounded" > 
  at <Default ref=Ref< Proxy(Object) > > 
  at <AsyncComponentWrapper ref=Ref< Proxy(Object) > > 
  at <LayoutLoader key="default" layoutProps= {ref: RefImpl} name="default" > 
  at <NuxtLayoutProvider layoutProps= {ref: RefImpl} key="default" name="default"  ... > 
  at <NuxtLayout > 
  at <App key=4 > 
  at <NuxtRoot> @ http://localhost:3001/_nuxt/@fs/home/meebuzo/github/alternate-framework/apps/ecosystem/meeovi-frontend/node_modules/@sentry/core/build/esm/instrument/console.js?v=cfee6d51:42
[   13741ms] [WARNING] [Vue warn]: Avoid app logic that relies on enumerating keys on a component instance. The keys will be empty in production mode to avoid performance overhead. 
  at <VNavigationDrawer modelValue=undefined onUpdate:modelValue=fn location="right"  ... > 
  at <MenusTopmenuLayoutNotifications > 
  at <VCol class="notificationsHeader" > 
  at <VDefaultsProvider defaults= {VTabs: Object} > 
  at <VToolbar ref=Ref< Proxy(Object) > class="v-app-bar" style= {top: 0px, zIndex: 1012, transform: translateY(0px), position: fixed, height: undefined}  ... > 
  at <VAppBar id="topnav" > 
  at <MenusHeader drawer=false onToggleDrawer=fn > 
  at <ClientOnly > 
  at <VApp theme="light" class="auto-text" > 
  at <VResponsive class="border rounded" > 
  at <Default ref=Ref< Proxy(Object) > > 
  at <AsyncComponentWrapper ref=Ref< Proxy(Object) > > 
  at <LayoutLoader key="default" layoutProps= {ref: RefImpl} name="default" > 
  at <NuxtLayoutProvider layoutProps= {ref: RefImpl} key="default" name="default"  ... > 
  at <NuxtLayout > 
  at <App key=4 > 
  at <NuxtRoot> @ http://localhost:3001/_nuxt/@fs/home/meebuzo/github/alternate-framework/apps/ecosystem/meeovi-frontend/node_modules/@sentry/core/build/esm/instrument/console.js?v=cfee6d51:42
[   13744ms] [WARNING] [Vue warn]: Avoid app logic that relies on enumerating keys on a component instance. The keys will be empty in production mode to avoid performance overhead. 
  at <VNavigationDrawer modelValue=undefined onUpdate:modelValue=fn location="right"  ... > 
  at <MenusTopmenuLayoutNotifications > 
  at <VCol class="notificationsHeader" > 
  at <VDefaultsProvider defaults= {VTabs: Object} > 
  at <VToolbar ref=Ref< Proxy(Object) > class="v-app-bar" style= {top: 0px, zIndex: 1012, transform: translateY(0px), position: fixed, height: undefined}  ... > 
  at <VAppBar id="topnav" > 
  at <MenusHeader drawer=false onToggleDrawer=fn > 
  at <ClientOnly > 
  at <VApp theme="light" class="auto-text" > 
  at <VResponsive class="border rounded" > 
  at <Default ref=Ref< Proxy(Object) > > 
  at <AsyncComponentWrapper ref=Ref< Proxy(Object) > > 
  at <LayoutLoader key="default" layoutProps= {ref: RefImpl} name="default" > 
  at <NuxtLayoutProvider layoutProps= {ref: RefImpl} key="default" name="default"  ... > 
  at <NuxtLayout > 
  at <App key=4 > 
  at <NuxtRoot> @ http://localhost:3001/_nuxt/@fs/home/meebuzo/github/alternate-framework/apps/ecosystem/meeovi-frontend/node_modules/@sentry/core/build/esm/instrument/console.js?v=cfee6d51:42
[   13746ms] [WARNING] [Vue warn]: Avoid app logic that relies on enumerating keys on a component instance. The keys will be empty in production mode to avoid performance overhead. 
  at <VNavigationDrawer modelValue=undefined onUpdate:modelValue=fn location="right"  ... > 
  at <MenusTopmenuLayoutNotifications > 
  at <VCol class="notificationsHeader" > 
  at <VDefaultsProvider defaults= {VTabs: Object} > 
  at <VToolbar ref=Ref< Proxy(Object) > class="v-app-bar" style= {top: 0px, zIndex: 1012, transform: translateY(0px), position: fixed, height: undefined}  ... > 
  at <VAppBar id="topnav" > 
  at <MenusHeader drawer=false onToggleDrawer=fn > 
  at <ClientOnly > 
  at <VApp theme="light" class="auto-text" > 
  at <VResponsive class="border rounded" > 
  at <Default ref=Ref< Proxy(Object) > > 
  at <AsyncComponentWrapper ref=Ref< Proxy(Object) > > 
  at <LayoutLoader key="default" layoutProps= {ref: RefImpl} name="default" > 
  at <NuxtLayoutProvider layoutProps= {ref: RefImpl} key="default" name="default"  ... > 
  at <NuxtLayout > 
  at <App key=4 > 
  at <NuxtRoot> @ http://localhost:3001/_nuxt/@fs/home/meebuzo/github/alternate-framework/apps/ecosystem/meeovi-frontend/node_modules/@sentry/core/build/esm/instrument/console.js?v=cfee6d51:42
[   13749ms] [WARNING] [Vue warn]: Avoid app logic that relies on enumerating keys on a component instance. The keys will be empty in production mode to avoid performance overhead. 
  at <VNavigationDrawer modelValue=undefined onUpdate:modelValue=fn location="right"  ... > 
  at <MenusTopmenuLayoutNotifications > 
  at <VCol class="notificationsHeader" > 
  at <VDefaultsProvider defaults= {VTabs: Object} > 
  at <VToolbar ref=Ref< Proxy(Object) > class="v-app-bar" style= {top: 0px, zIndex: 1012, transform: translateY(0px), position: fixed, height: undefined}  ... > 
  at <VAppBar id="topnav" > 
  at <MenusHeader drawer=false onToggleDrawer=fn > 
  at <ClientOnly > 
  at <VApp theme="light" class="auto-text" > 
  at <VResponsive class="border rounded" > 
  at <Default ref=Ref< Proxy(Object) > > 
  at <AsyncComponentWrapper ref=Ref< Proxy(Object) > > 
  at <LayoutLoader key="default" layoutProps= {ref: RefImpl} name="default" > 
  at <NuxtLayoutProvider layoutProps= {ref: RefImpl} key="default" name="default"  ... > 
  at <NuxtLayout > 
  at <App key=4 > 
  at <NuxtRoot> @ http://localhost:3001/_nuxt/@fs/home/meebuzo/github/alternate-framework/apps/ecosystem/meeovi-frontend/node_modules/@sentry/core/build/esm/instrument/console.js?v=cfee6d51:42
[   13751ms] [WARNING] [Vue warn]: Avoid app logic that relies on enumerating keys on a component instance. The keys will be empty in production mode to avoid performance overhead. 
  at <VNavigationDrawer modelValue=undefined onUpdate:modelValue=fn location="right"  ... > 
  at <MenusTopmenuLayoutNotifications > 
  at <VCol class="notificationsHeader" > 
  at <VDefaultsProvider defaults= {VTabs: Object} > 
  at <VToolbar ref=Ref< Proxy(Object) > class="v-app-bar" style= {top: 0px, zIndex: 1012, transform: translateY(0px), position: fixed, height: undefined}  ... > 
  at <VAppBar id="topnav" > 
  at <MenusHeader drawer=false onToggleDrawer=fn > 
  at <ClientOnly > 
  at <VApp theme="light" class="auto-text" > 
  at <VResponsive class="border rounded" > 
  at <Default ref=Ref< Proxy(Object) > > 
  at <AsyncComponentWrapper ref=Ref< Proxy(Object) > > 
  at <LayoutLoader key="default" layoutProps= {ref: RefImpl} name="default" > 
  at <NuxtLayoutProvider layoutProps= {ref: RefImpl} key="default" name="default"  ... > 
  at <NuxtLayout > 
  at <App key=4 > 
  at <NuxtRoot> @ http://localhost:3001/_nuxt/@fs/home/meebuzo/github/alternate-framework/apps/ecosystem/meeovi-frontend/node_modules/@sentry/core/build/esm/instrument/console.js?v=cfee6d51:42
[   13754ms] [WARNING] [Vue warn]: Avoid app logic that relies on enumerating keys on a component instance. The keys will be empty in production mode to avoid performance overhead. 
  at <VNavigationDrawer modelValue=undefined onUpdate:modelValue=fn location="right"  ... > 
  at <MenusTopmenuLayoutNotifications > 
  at <VCol class="notificationsHeader" > 
  at <VDefaultsProvider defaults= {VTabs: Object} > 
  at <VToolbar ref=Ref< Proxy(Object) > class="v-app-bar" style= {top: 0px, zIndex: 1012, transform: translateY(0px), position: fixed, height: undefined}  ... > 
  at <VAppBar id="topnav" > 
  at <MenusHeader drawer=false onToggleDrawer=fn > 
  at <ClientOnly > 
  at <VApp theme="light" class="auto-text" > 
  at <VResponsive class="border rounded" > 
  at <Default ref=Ref< Proxy(Object) > > 
  at <AsyncComponentWrapper ref=Ref< Proxy(Object) > > 
  at <LayoutLoader key="default" layoutProps= {ref: RefImpl} name="default" > 
  at <NuxtLayoutProvider layoutProps= {ref: RefImpl} key="default" name="default"  ... > 
  at <NuxtLayout > 
  at <App key=4 > 
  at <NuxtRoot> @ http://localhost:3001/_nuxt/@fs/home/meebuzo/github/alternate-framework/apps/ecosystem/meeovi-frontend/node_modules/@sentry/core/build/esm/instrument/console.js?v=cfee6d51:42
[   13757ms] [WARNING] [Vue warn]: Avoid app logic that relies on enumerating keys on a component instance. The keys will be empty in production mode to avoid performance overhead. 
  at <VNavigationDrawer modelValue=undefined onUpdate:modelValue=fn location="right"  ... > 
  at <MenusTopmenuLayoutNotifications > 
  at <VCol class="notificationsHeader" > 
  at <VDefaultsProvider defaults= {VTabs: Object} > 
  at <VToolbar ref=Ref< Proxy(Object) > class="v-app-bar" style= {top: 0px, zIndex: 1012, transform: translateY(0px), position: fixed, height: undefined}  ... > 
  at <VAppBar id="topnav" > 
  at <MenusHeader drawer=false onToggleDrawer=fn > 
  at <ClientOnly > 
  at <VApp theme="light" class="auto-text" > 
  at <VResponsive class="border rounded" > 
  at <Default ref=Ref< Proxy(Object) > > 
  at <AsyncComponentWrapper ref=Ref< Proxy(Object) > > 
  at <LayoutLoader key="default" layoutProps= {ref: RefImpl} name="default" > 
  at <NuxtLayoutProvider layoutProps= {ref: RefImpl} key="default" name="default"  ... > 
  at <NuxtLayout > 
  at <App key=4 > 
  at <NuxtRoot> @ http://localhost:3001/_nuxt/@fs/home/meebuzo/github/alternate-framework/apps/ecosystem/meeovi-frontend/node_modules/@sentry/core/build/esm/instrument/console.js?v=cfee6d51:42
[   13759ms] [WARNING] [Vue warn]: Avoid app logic that relies on enumerating keys on a component instance. The keys will be empty in production mode to avoid performance overhead. 
  at <VNavigationDrawer modelValue=undefined onUpdate:modelValue=fn location="right"  ... > 
  at <MenusTopmenuLayoutNotifications > 
  at <VCol class="notificationsHeader" > 
  at <VDefaultsProvider defaults= {VTabs: Object} > 
  at <VToolbar ref=Ref< Proxy(Object) > class="v-app-bar" style= {top: 0px, zIndex: 1012, transform: translateY(0px), position: fixed, height: undefined}  ... > 
  at <VAppBar id="topnav" > 
  at <MenusHeader drawer=false onToggleDrawer=fn > 
  at <ClientOnly > 
  at <VApp theme="light" class="auto-text" > 
  at <VResponsive class="border rounded" > 
  at <Default ref=Ref< Proxy(Object) > > 
  at <AsyncComponentWrapper ref=Ref< Proxy(Object) > > 
  at <LayoutLoader key="default" layoutProps= {ref: RefImpl} name="default" > 
  at <NuxtLayoutProvider layoutProps= {ref: RefImpl} key="default" name="default"  ... > 
  at <NuxtLayout > 
  at <App key=4 > 
  at <NuxtRoot> @ http://localhost:3001/_nuxt/@fs/home/meebuzo/github/alternate-framework/apps/ecosystem/meeovi-frontend/node_modules/@sentry/core/build/esm/instrument/console.js?v=cfee6d51:42
[   13762ms] [WARNING] [Vue warn]: Avoid app logic that relies on enumerating keys on a component instance. The keys will be empty in production mode to avoid performance overhead. 
  at <VNavigationDrawer modelValue=undefined onUpdate:modelValue=fn location="right"  ... > 
  at <MenusTopmenuLayoutNotifications > 
  at <VCol class="notificationsHeader" > 
  at <VDefaultsProvider defaults= {VTabs: Object} > 
  at <VToolbar ref=Ref< Proxy(Object) > class="v-app-bar" style= {top: 0px, zIndex: 1012, transform: translateY(0px), position: fixed, height: undefined}  ... > 
  at <VAppBar id="topnav" > 
  at <MenusHeader drawer=false onToggleDrawer=fn > 
  at <ClientOnly > 
  at <VApp theme="light" class="auto-text" > 
  at <VResponsive class="border rounded" > 
  at <Default ref=Ref< Proxy(Object) > > 
  at <AsyncComponentWrapper ref=Ref< Proxy(Object) > > 
  at <LayoutLoader key="default" layoutProps= {ref: RefImpl} name="default" > 
  at <NuxtLayoutProvider layoutProps= {ref: RefImpl} key="default" name="default"  ... > 
  at <NuxtLayout > 
  at <App key=4 > 
  at <NuxtRoot> @ http://localhost:3001/_nuxt/@fs/home/meebuzo/github/alternate-framework/apps/ecosystem/meeovi-frontend/node_modules/@sentry/core/build/esm/instrument/console.js?v=cfee6d51:42
[   13764ms] [WARNING] [Vue warn]: Avoid app logic that relies on enumerating keys on a component instance. The keys will be empty in production mode to avoid performance overhead. 
  at <VNavigationDrawer modelValue=undefined onUpdate:modelValue=fn location="right"  ... > 
  at <MenusTopmenuLayoutNotifications > 
  at <VCol class="notificationsHeader" > 
  at <VDefaultsProvider defaults= {VTabs: Object} > 
  at <VToolbar ref=Ref< Proxy(Object) > class="v-app-bar" style= {top: 0px, zIndex: 1012, transform: translateY(0px), position: fixed, height: undefined}  ... > 
  at <VAppBar id="topnav" > 
  at <MenusHeader drawer=false onToggleDrawer=fn > 
  at <ClientOnly > 
  at <VApp theme="light" class="auto-text" > 
  at <VResponsive class="border rounded" > 
  at <Default ref=Ref< Proxy(Object) > > 
  at <AsyncComponentWrapper ref=Ref< Proxy(Object) > > 
  at <LayoutLoader key="default" layoutProps= {ref: RefImpl} name="default" > 
  at <NuxtLayoutProvider layoutProps= {ref: RefImpl} key="default" name="default"  ... > 
  at <NuxtLayout > 
  at <App key=4 > 
  at <NuxtRoot> @ http://localhost:3001/_nuxt/@fs/home/meebuzo/github/alternate-framework/apps/ecosystem/meeovi-frontend/node_modules/@sentry/core/build/esm/instrument/console.js?v=cfee6d51:42
[   13767ms] [WARNING] [Vue warn]: Avoid app logic that relies on enumerating keys on a component instance. The keys will be empty in production mode to avoid performance overhead. 
  at <VNavigationDrawer modelValue=undefined onUpdate:modelValue=fn location="right"  ... > 
  at <MenusTopmenuLayoutNotifications > 
  at <VCol class="notificationsHeader" > 
  at <VDefaultsProvider defaults= {VTabs: Object} > 
  at <VToolbar ref=Ref< Proxy(Object) > class="v-app-bar" style= {top: 0px, zIndex: 1012, transform: translateY(0px), position: fixed, height: undefined}  ... > 
  at <VAppBar id="topnav" > 
  at <MenusHeader drawer=false onToggleDrawer=fn > 
  at <ClientOnly > 
  at <VApp theme="light" class="auto-text" > 
  at <VResponsive class="border rounded" > 
  at <Default ref=Ref< Proxy(Object) > > 
  at <AsyncComponentWrapper ref=Ref< Proxy(Object) > > 
  at <LayoutLoader key="default" layoutProps= {ref: RefImpl} name="default" > 
  at <NuxtLayoutProvider layoutProps= {ref: RefImpl} key="default" name="default"  ... > 
  at <NuxtLayout > 
  at <App key=4 > 
  at <NuxtRoot> @ http://localhost:3001/_nuxt/@fs/home/meebuzo/github/alternate-framework/apps/ecosystem/meeovi-frontend/node_modules/@sentry/core/build/esm/instrument/console.js?v=cfee6d51:42
[   13769ms] [WARNING] [Vue warn]: Avoid app logic that relies on enumerating keys on a component instance. The keys will be empty in production mode to avoid performance overhead. 
  at <VNavigationDrawer modelValue=undefined onUpdate:modelValue=fn location="right"  ... > 
  at <MenusTopmenuLayoutNotifications > 
  at <VCol class="notificationsHeader" > 
  at <VDefaultsProvider defaults= {VTabs: Object} > 
  at <VToolbar ref=Ref< Proxy(Object) > class="v-app-bar" style= {top: 0px, zIndex: 1012, transform: translateY(0px), position: fixed, height: undefined}  ... > 
  at <VAppBar id="topnav" > 
  at <MenusHeader drawer=false onToggleDrawer=fn > 
  at <ClientOnly > 
  at <VApp theme="light" class="auto-text" > 
  at <VResponsive class="border rounded" > 
  at <Default ref=Ref< Proxy(Object) > > 
  at <AsyncComponentWrapper ref=Ref< Proxy(Object) > > 
  at <LayoutLoader key="default" layoutProps= {ref: RefImpl} name="default" > 
  at <NuxtLayoutProvider layoutProps= {ref: RefImpl} key="default" name="default"  ... > 
  at <NuxtLayout > 
  at <App key=4 > 
  at <NuxtRoot> @ http://localhost:3001/_nuxt/@fs/home/meebuzo/github/alternate-framework/apps/ecosystem/meeovi-frontend/node_modules/@sentry/core/build/esm/instrument/console.js?v=cfee6d51:42
[   13772ms] [WARNING] [Vue warn]: Avoid app logic that relies on enumerating keys on a component instance. The keys will be empty in production mode to avoid performance overhead. 
  at <VNavigationDrawer modelValue=undefined onUpdate:modelValue=fn location="right"  ... > 
  at <MenusTopmenuLayoutNotifications > 
  at <VCol class="notificationsHeader" > 
  at <VDefaultsProvider defaults= {VTabs: Object} > 
  at <VToolbar ref=Ref< Proxy(Object) > class="v-app-bar" style= {top: 0px, zIndex: 1012, transform: translateY(0px), position: fixed, height: undefined}  ... > 
  at <VAppBar id="topnav" > 
  at <MenusHeader drawer=false onToggleDrawer=fn > 
  at <ClientOnly > 
  at <VApp theme="light" class="auto-text" > 
  at <VResponsive class="border rounded" > 
  at <Default ref=Ref< Proxy(Object) > > 
  at <AsyncComponentWrapper ref=Ref< Proxy(Object) > > 
  at <LayoutLoader key="default" layoutProps= {ref: RefImpl} name="default" > 
  at <NuxtLayoutProvider layoutProps= {ref: RefImpl} key="default" name="default"  ... > 
  at <NuxtLayout > 
  at <App key=4 > 
  at <NuxtRoot> @ http://localhost:3001/_nuxt/@fs/home/meebuzo/github/alternate-framework/apps/ecosystem/meeovi-frontend/node_modules/@sentry/core/build/esm/instrument/console.js?v=cfee6d51:42
[   13776ms] [WARNING] [Vue warn]: Avoid app logic that relies on enumerating keys on a component instance. The keys will be empty in production mode to avoid performance overhead. 
  at <VNavigationDrawer modelValue=undefined onUpdate:modelValue=fn location="right"  ... > 
  at <MenusTopmenuLayoutNotifications > 
  at <VCol class="notificationsHeader" > 
  at <VDefaultsProvider defaults= {VTabs: Object} > 
  at <VToolbar ref=Ref< Proxy(Object) > class="v-app-bar" style= {top: 0px, zIndex: 1012, transform: translateY(0px), position: fixed, height: undefined}  ... > 
  at <VAppBar id="topnav" > 
  at <MenusHeader drawer=false onToggleDrawer=fn > 
  at <ClientOnly > 
  at <VApp theme="light" class="auto-text" > 
  at <VResponsive class="border rounded" > 
  at <Default ref=Ref< Proxy(Object) > > 
  at <AsyncComponentWrapper ref=Ref< Proxy(Object) > > 
  at <LayoutLoader key="default" layoutProps= {ref: RefImpl} name="default" > 
  at <NuxtLayoutProvider layoutProps= {ref: RefImpl} key="default" name="default"  ... > 
  at <NuxtLayout > 
  at <App key=4 > 
  at <NuxtRoot> @ http://localhost:3001/_nuxt/@fs/home/meebuzo/github/alternate-framework/apps/ecosystem/meeovi-frontend/node_modules/@sentry/core/build/esm/instrument/console.js?v=cfee6d51:42
[   13780ms] [WARNING] [Vue warn]: Avoid app logic that relies on enumerating keys on a component instance. The keys will be empty in production mode to avoid performance overhead. 
  at <VNavigationDrawer modelValue=undefined onUpdate:modelValue=fn location="right"  ... > 
  at <MenusTopmenuLayoutNotifications > 
  at <VCol class="notificationsHeader" > 
  at <VDefaultsProvider defaults= {VTabs: Object} > 
  at <VToolbar ref=Ref< Proxy(Object) > class="v-app-bar" style= {top: 0px, zIndex: 1012, transform: translateY(0px), position: fixed, height: undefined}  ... > 
  at <VAppBar id="topnav" > 
  at <MenusHeader drawer=false onToggleDrawer=fn > 
  at <ClientOnly > 
  at <VApp theme="light" class="auto-text" > 
  at <VResponsive class="border rounded" > 
  at <Default ref=Ref< Proxy(Object) > > 
  at <AsyncComponentWrapper ref=Ref< Proxy(Object) > > 
  at <LayoutLoader key="default" layoutProps= {ref: RefImpl} name="default" > 
  at <NuxtLayoutProvider layoutProps= {ref: RefImpl} key="default" name="default"  ... > 
  at <NuxtLayout > 
  at <App key=4 > 
  at <NuxtRoot> @ http://localhost:3001/_nuxt/@fs/home/meebuzo/github/alternate-framework/apps/ecosystem/meeovi-frontend/node_modules/@sentry/core/build/esm/instrument/console.js?v=cfee6d51:42
[   13783ms] [WARNING] [Vue warn]: Avoid app logic that relies on enumerating keys on a component instance. The keys will be empty in production mode to avoid performance overhead. 
  at <VNavigationDrawer modelValue=undefined onUpdate:modelValue=fn location="right"  ... > 
  at <MenusTopmenuLayoutNotifications > 
  at <VCol class="notificationsHeader" > 
  at <VDefaultsProvider defaults= {VTabs: Object} > 
  at <VToolbar ref=Ref< Proxy(Object) > class="v-app-bar" style= {top: 0px, zIndex: 1012, transform: translateY(0px), position: fixed, height: undefined}  ... > 
  at <VAppBar id="topnav" > 
  at <MenusHeader drawer=false onToggleDrawer=fn > 
  at <ClientOnly > 
  at <VApp theme="light" class="auto-text" > 
  at <VResponsive class="border rounded" > 
  at <Default ref=Ref< Proxy(Object) > > 
  at <AsyncComponentWrapper ref=Ref< Proxy(Object) > > 
  at <LayoutLoader key="default" layoutProps= {ref: RefImpl} name="default" > 
  at <NuxtLayoutProvider layoutProps= {ref: RefImpl} key="default" name="default"  ... > 
  at <NuxtLayout > 
  at <App key=4 > 
  at <NuxtRoot> @ http://localhost:3001/_nuxt/@fs/home/meebuzo/github/alternate-framework/apps/ecosystem/meeovi-frontend/node_modules/@sentry/core/build/esm/instrument/console.js?v=cfee6d51:42
[   13785ms] [WARNING] [Vue warn]: Avoid app logic that relies on enumerating keys on a component instance. The keys will be empty in production mode to avoid performance overhead. 
  at <VNavigationDrawer modelValue=undefined onUpdate:modelValue=fn location="right"  ... > 
  at <MenusTopmenuLayoutNotifications > 
  at <VCol class="notificationsHeader" > 
  at <VDefaultsProvider defaults= {VTabs: Object} > 
  at <VToolbar ref=Ref< Proxy(Object) > class="v-app-bar" style= {top: 0px, zIndex: 1012, transform: translateY(0px), position: fixed, height: undefined}  ... > 
  at <VAppBar id="topnav" > 
  at <MenusHeader drawer=false onToggleDrawer=fn > 
  at <ClientOnly > 
  at <VApp theme="light" class="auto-text" > 
  at <VResponsive class="border rounded" > 
  at <Default ref=Ref< Proxy(Object) > > 
  at <AsyncComponentWrapper ref=Ref< Proxy(Object) > > 
  at <LayoutLoader key="default" layoutProps= {ref: RefImpl} name="default" > 
  at <NuxtLayoutProvider layoutProps= {ref: RefImpl} key="default" name="default"  ... > 
  at <NuxtLayout > 
  at <App key=4 > 
  at <NuxtRoot> @ http://localhost:3001/_nuxt/@fs/home/meebuzo/github/alternate-framework/apps/ecosystem/meeovi-frontend/node_modules/@sentry/core/build/esm/instrument/console.js?v=cfee6d51:42
[   13788ms] [WARNING] [Vue warn]: Avoid app logic that relies on enumerating keys on a component instance. The keys will be empty in production mode to avoid performance overhead. 
  at <VNavigationDrawer modelValue=undefined onUpdate:modelValue=fn location="right"  ... > 
  at <MenusTopmenuLayoutNotifications > 
  at <VCol class="notificationsHeader" > 
  at <VDefaultsProvider defaults= {VTabs: Object} > 
  at <VToolbar ref=Ref< Proxy(Object) > class="v-app-bar" style= {top: 0px, zIndex: 1012, transform: translateY(0px), position: fixed, height: undefined}  ... > 
  at <VAppBar id="topnav" > 
  at <MenusHeader drawer=false onToggleDrawer=fn > 
  at <ClientOnly > 
  at <VApp theme="light" class="auto-text" > 
  at <VResponsive class="border rounded" > 
  at <Default ref=Ref< Proxy(Object) > > 
  at <AsyncComponentWrapper ref=Ref< Proxy(Object) > > 
  at <LayoutLoader key="default" layoutProps= {ref: RefImpl} name="default" > 
  at <NuxtLayoutProvider layoutProps= {ref: RefImpl} key="default" name="default"  ... > 
  at <NuxtLayout > 
  at <App key=4 > 
  at <NuxtRoot> @ http://localhost:3001/_nuxt/@fs/home/meebuzo/github/alternate-framework/apps/ecosystem/meeovi-frontend/node_modules/@sentry/core/build/esm/instrument/console.js?v=cfee6d51:42
[   13790ms] [WARNING] [Vue warn]: Avoid app logic that relies on enumerating keys on a component instance. The keys will be empty in production mode to avoid performance overhead. 
  at <VNavigationDrawer modelValue=undefined onUpdate:modelValue=fn location="right"  ... > 
  at <MenusTopmenuLayoutNotifications > 
  at <VCol class="notificationsHeader" > 
  at <VDefaultsProvider defaults= {VTabs: Object} > 
  at <VToolbar ref=Ref< Proxy(Object) > class="v-app-bar" style= {top: 0px, zIndex: 1012, transform: translateY(0px), position: fixed, height: undefined}  ... > 
  at <VAppBar id="topnav" > 
  at <MenusHeader drawer=false onToggleDrawer=fn > 
  at <ClientOnly > 
  at <VApp theme="light" class="auto-text" > 
  at <VResponsive class="border rounded" > 
  at <Default ref=Ref< Proxy(Object) > > 
  at <AsyncComponentWrapper ref=Ref< Proxy(Object) > > 
  at <LayoutLoader key="default" layoutProps= {ref: RefImpl} name="default" > 
  at <NuxtLayoutProvider layoutProps= {ref: RefImpl} key="default" name="default"  ... > 
  at <NuxtLayout > 
  at <App key=4 > 
  at <NuxtRoot> @ http://localhost:3001/_nuxt/@fs/home/meebuzo/github/alternate-framework/apps/ecosystem/meeovi-frontend/node_modules/@sentry/core/build/esm/instrument/console.js?v=cfee6d51:42
[   13793ms] [WARNING] [Vue warn]: Avoid app logic that relies on enumerating keys on a component instance. The keys will be empty in production mode to avoid performance overhead. 
  at <VNavigationDrawer modelValue=undefined onUpdate:modelValue=fn location="right"  ... > 
  at <MenusTopmenuLayoutNotifications > 
  at <VCol class="notificationsHeader" > 
  at <VDefaultsProvider defaults= {VTabs: Object} > 
  at <VToolbar ref=Ref< Proxy(Object) > class="v-app-bar" style= {top: 0px, zIndex: 1012, transform: translateY(0px), position: fixed, height: undefined}  ... > 
  at <VAppBar id="topnav" > 
  at <MenusHeader drawer=false onToggleDrawer=fn > 
  at <ClientOnly > 
  at <VApp theme="light" class="auto-text" > 
  at <VResponsive class="border rounded" > 
  at <Default ref=Ref< Proxy(Object) > > 
  at <AsyncComponentWrapper ref=Ref< Proxy(Object) > > 
  at <LayoutLoader key="default" layoutProps= {ref: RefImpl} name="default" > 
  at <NuxtLayoutProvider layoutProps= {ref: RefImpl} key="default" name="default"  ... > 
  at <NuxtLayout > 
  at <App key=4 > 
  at <NuxtRoot> @ http://localhost:3001/_nuxt/@fs/home/meebuzo/github/alternate-framework/apps/ecosystem/meeovi-frontend/node_modules/@sentry/core/build/esm/instrument/console.js?v=cfee6d51:42
[   13795ms] [WARNING] [Vue warn]: Avoid app logic that relies on enumerating keys on a component instance. The keys will be empty in production mode to avoid performance overhead. 
  at <VNavigationDrawer modelValue=undefined onUpdate:modelValue=fn location="right"  ... > 
  at <MenusTopmenuLayoutNotifications > 
  at <VCol class="notificationsHeader" > 
  at <VDefaultsProvider defaults= {VTabs: Object} > 
  at <VToolbar ref=Ref< Proxy(Object) > class="v-app-bar" style= {top: 0px, zIndex: 1012, transform: translateY(0px), position: fixed, height: undefined}  ... > 
  at <VAppBar id="topnav" > 
  at <MenusHeader drawer=false onToggleDrawer=fn > 
  at <ClientOnly > 
  at <VApp theme="light" class="auto-text" > 
  at <VResponsive class="border rounded" > 
  at <Default ref=Ref< Proxy(Object) > > 
  at <AsyncComponentWrapper ref=Ref< Proxy(Object) > > 
  at <LayoutLoader key="default" layoutProps= {ref: RefImpl} name="default" > 
  at <NuxtLayoutProvider layoutProps= {ref: RefImpl} key="default" name="default"  ... > 
  at <NuxtLayout > 
  at <App key=4 > 
  at <NuxtRoot> @ http://localhost:3001/_nuxt/@fs/home/meebuzo/github/alternate-framework/apps/ecosystem/meeovi-frontend/node_modules/@sentry/core/build/esm/instrument/console.js?v=cfee6d51:42
[   13798ms] [WARNING] [Vue warn]: Avoid app logic that relies on enumerating keys on a component instance. The keys will be empty in production mode to avoid performance overhead. 
  at <VNavigationDrawer modelValue=undefined onUpdate:modelValue=fn location="right"  ... > 
  at <MenusTopmenuLayoutNotifications > 
  at <VCol class="notificationsHeader" > 
  at <VDefaultsProvider defaults= {VTabs: Object} > 
  at <VToolbar ref=Ref< Proxy(Object) > class="v-app-bar" style= {top: 0px, zIndex: 1012, transform: translateY(0px), position: fixed, height: undefined}  ... > 
  at <VAppBar id="topnav" > 
  at <MenusHeader drawer=false onToggleDrawer=fn > 
  at <ClientOnly > 
  at <VApp theme="light" class="auto-text" > 
  at <VResponsive class="border rounded" > 
  at <Default ref=Ref< Proxy(Object) > > 
  at <AsyncComponentWrapper ref=Ref< Proxy(Object) > > 
  at <LayoutLoader key="default" layoutProps= {ref: RefImpl} name="default" > 
  at <NuxtLayoutProvider layoutProps= {ref: RefImpl} key="default" name="default"  ... > 
  at <NuxtLayout > 
  at <App key=4 > 
  at <NuxtRoot> @ http://localhost:3001/_nuxt/@fs/home/meebuzo/github/alternate-framework/apps/ecosystem/meeovi-frontend/node_modules/@sentry/core/build/esm/instrument/console.js?v=cfee6d51:42
[   13801ms] [WARNING] [Vue warn]: Avoid app logic that relies on enumerating keys on a component instance. The keys will be empty in production mode to avoid performance overhead. 
  at <VNavigationDrawer modelValue=undefined onUpdate:modelValue=fn location="right"  ... > 
  at <MenusTopmenuLayoutNotifications > 
  at <VCol class="notificationsHeader" > 
  at <VDefaultsProvider defaults= {VTabs: Object} > 
  at <VToolbar ref=Ref< Proxy(Object) > class="v-app-bar" style= {top: 0px, zIndex: 1012, transform: translateY(0px), position: fixed, height: undefined}  ... > 
  at <VAppBar id="topnav" > 
  at <MenusHeader drawer=false onToggleDrawer=fn > 
  at <ClientOnly > 
  at <VApp theme="light" class="auto-text" > 
  at <VResponsive class="border rounded" > 
  at <Default ref=Ref< Proxy(Object) > > 
  at <AsyncComponentWrapper ref=Ref< Proxy(Object) > > 
  at <LayoutLoader key="default" layoutProps= {ref: RefImpl} name="default" > 
  at <NuxtLayoutProvider layoutProps= {ref: RefImpl} key="default" name="default"  ... > 
  at <NuxtLayout > 
  at <App key=4 > 
  at <NuxtRoot> @ http://localhost:3001/_nuxt/@fs/home/meebuzo/github/alternate-framework/apps/ecosystem/meeovi-frontend/node_modules/@sentry/core/build/esm/instrument/console.js?v=cfee6d51:42
[   13804ms] [WARNING] [Vue warn]: Avoid app logic that relies on enumerating keys on a component instance. The keys will be empty in production mode to avoid performance overhead. 
  at <VNavigationDrawer modelValue=undefined onUpdate:modelValue=fn location="right"  ... > 
  at <MenusTopmenuLayoutNotifications > 
  at <VCol class="notificationsHeader" > 
  at <VDefaultsProvider defaults= {VTabs: Object} > 
  at <VToolbar ref=Ref< Proxy(Object) > class="v-app-bar" style= {top: 0px, zIndex: 1012, transform: translateY(0px), position: fixed, height: undefined}  ... > 
  at <VAppBar id="topnav" > 
  at <MenusHeader drawer=false onToggleDrawer=fn > 
  at <ClientOnly > 
  at <VApp theme="light" class="auto-text" > 
  at <VResponsive class="border rounded" > 
  at <Default ref=Ref< Proxy(Object) > > 
  at <AsyncComponentWrapper ref=Ref< Proxy(Object) > > 
  at <LayoutLoader key="default" layoutProps= {ref: RefImpl} name="default" > 
  at <NuxtLayoutProvider layoutProps= {ref: RefImpl} key="default" name="default"  ... > 
  at <NuxtLayout > 
  at <App key=4 > 
  at <NuxtRoot> @ http://localhost:3001/_nuxt/@fs/home/meebuzo/github/alternate-framework/apps/ecosystem/meeovi-frontend/node_modules/@sentry/core/build/esm/instrument/console.js?v=cfee6d51:42
[   13806ms] [WARNING] [Vue warn]: Avoid app logic that relies on enumerating keys on a component instance. The keys will be empty in production mode to avoid performance overhead. 
  at <VNavigationDrawer modelValue=undefined onUpdate:modelValue=fn location="right"  ... > 
  at <MenusTopmenuLayoutNotifications > 
  at <VCol class="notificationsHeader" > 
  at <VDefaultsProvider defaults= {VTabs: Object} > 
  at <VToolbar ref=Ref< Proxy(Object) > class="v-app-bar" style= {top: 0px, zIndex: 1012, transform: translateY(0px), position: fixed, height: undefined}  ... > 
  at <VAppBar id="topnav" > 
  at <MenusHeader drawer=false onToggleDrawer=fn > 
  at <ClientOnly > 
  at <VApp theme="light" class="auto-text" > 
  at <VResponsive class="border rounded" > 
  at <Default ref=Ref< Proxy(Object) > > 
  at <AsyncComponentWrapper ref=Ref< Proxy(Object) > > 
  at <LayoutLoader key="default" layoutProps= {ref: RefImpl} name="default" > 
  at <NuxtLayoutProvider layoutProps= {ref: RefImpl} key="default" name="default"  ... > 
  at <NuxtLayout > 
  at <App key=4 > 
  at <NuxtRoot> @ http://localhost:3001/_nuxt/@fs/home/meebuzo/github/alternate-framework/apps/ecosystem/meeovi-frontend/node_modules/@sentry/core/build/esm/instrument/console.js?v=cfee6d51:42
[   13809ms] [WARNING] [Vue warn]: Avoid app logic that relies on enumerating keys on a component instance. The keys will be empty in production mode to avoid performance overhead. 
  at <VNavigationDrawer modelValue=undefined onUpdate:modelValue=fn location="right"  ... > 
  at <MenusTopmenuLayoutNotifications > 
  at <VCol class="notificationsHeader" > 
  at <VDefaultsProvider defaults= {VTabs: Object} > 
  at <VToolbar ref=Ref< Proxy(Object) > class="v-app-bar" style= {top: 0px, zIndex: 1012, transform: translateY(0px), position: fixed, height: undefined}  ... > 
  at <VAppBar id="topnav" > 
  at <MenusHeader drawer=false onToggleDrawer=fn > 
  at <ClientOnly > 
  at <VApp theme="light" class="auto-text" > 
  at <VResponsive class="border rounded" > 
  at <Default ref=Ref< Proxy(Object) > > 
  at <AsyncComponentWrapper ref=Ref< Proxy(Object) > > 
  at <LayoutLoader key="default" layoutProps= {ref: RefImpl} name="default" > 
  at <NuxtLayoutProvider layoutProps= {ref: RefImpl} key="default" name="default"  ... > 
  at <NuxtLayout > 
  at <App key=4 > 
  at <NuxtRoot> @ http://localhost:3001/_nuxt/@fs/home/meebuzo/github/alternate-framework/apps/ecosystem/meeovi-frontend/node_modules/@sentry/core/build/esm/instrument/console.js?v=cfee6d51:42
[   13811ms] [WARNING] [Vue warn]: Avoid app logic that relies on enumerating keys on a component instance. The keys will be empty in production mode to avoid performance overhead. 
  at <VNavigationDrawer modelValue=undefined onUpdate:modelValue=fn location="right"  ... > 
  at <MenusTopmenuLayoutNotifications > 
  at <VCol class="notificationsHeader" > 
  at <VDefaultsProvider defaults= {VTabs: Object} > 
  at <VToolbar ref=Ref< Proxy(Object) > class="v-app-bar" style= {top: 0px, zIndex: 1012, transform: translateY(0px), position: fixed, height: undefined}  ... > 
  at <VAppBar id="topnav" > 
  at <MenusHeader drawer=false onToggleDrawer=fn > 
  at <ClientOnly > 
  at <VApp theme="light" class="auto-text" > 
  at <VResponsive class="border rounded" > 
  at <Default ref=Ref< Proxy(Object) > > 
  at <AsyncComponentWrapper ref=Ref< Proxy(Object) > > 
  at <LayoutLoader key="default" layoutProps= {ref: RefImpl} name="default" > 
  at <NuxtLayoutProvider layoutProps= {ref: RefImpl} key="default" name="default"  ... > 
  at <NuxtLayout > 
  at <App key=4 > 
  at <NuxtRoot> @ http://localhost:3001/_nuxt/@fs/home/meebuzo/github/alternate-framework/apps/ecosystem/meeovi-frontend/node_modules/@sentry/core/build/esm/instrument/console.js?v=cfee6d51:42
[   13813ms] [WARNING] [Vue warn]: Avoid app logic that relies on enumerating keys on a component instance. The keys will be empty in production mode to avoid performance overhead. 
  at <VNavigationDrawer modelValue=undefined onUpdate:modelValue=fn location="right"  ... > 
  at <MenusTopmenuLayoutNotifications > 
  at <VCol class="notificationsHeader" > 
  at <VDefaultsProvider defaults= {VTabs: Object} > 
  at <VToolbar ref=Ref< Proxy(Object) > class="v-app-bar" style= {top: 0px, zIndex: 1012, transform: translateY(0px), position: fixed, height: undefined}  ... > 
  at <VAppBar id="topnav" > 
  at <MenusHeader drawer=false onToggleDrawer=fn > 
  at <ClientOnly > 
  at <VApp theme="light" class="auto-text" > 
  at <VResponsive class="border rounded" > 
  at <Default ref=Ref< Proxy(Object) > > 
  at <AsyncComponentWrapper ref=Ref< Proxy(Object) > > 
  at <LayoutLoader key="default" layoutProps= {ref: RefImpl} name="default" > 
  at <NuxtLayoutProvider layoutProps= {ref: RefImpl} key="default" name="default"  ... > 
  at <NuxtLayout > 
  at <App key=4 > 
  at <NuxtRoot> @ http://localhost:3001/_nuxt/@fs/home/meebuzo/github/alternate-framework/apps/ecosystem/meeovi-frontend/node_modules/@sentry/core/build/esm/instrument/console.js?v=cfee6d51:42
[   13816ms] [WARNING] [Vue warn]: Avoid app logic that relies on enumerating keys on a component instance. The keys will be empty in production mode to avoid performance overhead. 
  at <VNavigationDrawer modelValue=undefined onUpdate:modelValue=fn location="right"  ... > 
  at <MenusTopmenuLayoutNotifications > 
  at <VCol class="notificationsHeader" > 
  at <VDefaultsProvider defaults= {VTabs: Object} > 
  at <VToolbar ref=Ref< Proxy(Object) > class="v-app-bar" style= {top: 0px, zIndex: 1012, transform: translateY(0px), position: fixed, height: undefined}  ... > 
  at <VAppBar id="topnav" > 
  at <MenusHeader drawer=false onToggleDrawer=fn > 
  at <ClientOnly > 
  at <VApp theme="light" class="auto-text" > 
  at <VResponsive class="border rounded" > 
  at <Default ref=Ref< Proxy(Object) > > 
  at <AsyncComponentWrapper ref=Ref< Proxy(Object) > > 
  at <LayoutLoader key="default" layoutProps= {ref: RefImpl} name="default" > 
  at <NuxtLayoutProvider layoutProps= {ref: RefImpl} key="default" name="default"  ... > 
  at <NuxtLayout > 
  at <App key=4 > 
  at <NuxtRoot> @ http://localhost:3001/_nuxt/@fs/home/meebuzo/github/alternate-framework/apps/ecosystem/meeovi-frontend/node_modules/@sentry/core/build/esm/instrument/console.js?v=cfee6d51:42
[   13819ms] [WARNING] [Vue warn]: Avoid app logic that relies on enumerating keys on a component instance. The keys will be empty in production mode to avoid performance overhead. 
  at <VNavigationDrawer modelValue=undefined onUpdate:modelValue=fn location="right"  ... > 
  at <MenusTopmenuLayoutNotifications > 
  at <VCol class="notificationsHeader" > 
  at <VDefaultsProvider defaults= {VTabs: Object} > 
  at <VToolbar ref=Ref< Proxy(Object) > class="v-app-bar" style= {top: 0px, zIndex: 1012, transform: translateY(0px), position: fixed, height: undefined}  ... > 
  at <VAppBar id="topnav" > 
  at <MenusHeader drawer=false onToggleDrawer=fn > 
  at <ClientOnly > 
  at <VApp theme="light" class="auto-text" > 
  at <VResponsive class="border rounded" > 
  at <Default ref=Ref< Proxy(Object) > > 
  at <AsyncComponentWrapper ref=Ref< Proxy(Object) > > 
  at <LayoutLoader key="default" layoutProps= {ref: RefImpl} name="default" > 
  at <NuxtLayoutProvider layoutProps= {ref: RefImpl} key="default" name="default"  ... > 
  at <NuxtLayout > 
  at <App key=4 > 
  at <NuxtRoot> @ http://localhost:3001/_nuxt/@fs/home/meebuzo/github/alternate-framework/apps/ecosystem/meeovi-frontend/node_modules/@sentry/core/build/esm/instrument/console.js?v=cfee6d51:42
[   13821ms] [WARNING] [Vue warn]: Avoid app logic that relies on enumerating keys on a component instance. The keys will be empty in production mode to avoid performance overhead. 
  at <VNavigationDrawer modelValue=undefined onUpdate:modelValue=fn location="right"  ... > 
  at <MenusTopmenuLayoutNotifications > 
  at <VCol class="notificationsHeader" > 
  at <VDefaultsProvider defaults= {VTabs: Object} > 
  at <VToolbar ref=Ref< Proxy(Object) > class="v-app-bar" style= {top: 0px, zIndex: 1012, transform: translateY(0px), position: fixed, height: undefined}  ... > 
  at <VAppBar id="topnav" > 
  at <MenusHeader drawer=false onToggleDrawer=fn > 
  at <ClientOnly > 
  at <VApp theme="light" class="auto-text" > 
  at <VResponsive class="border rounded" > 
  at <Default ref=Ref< Proxy(Object) > > 
  at <AsyncComponentWrapper ref=Ref< Proxy(Object) > > 
  at <LayoutLoader key="default" layoutProps= {ref: RefImpl} name="default" > 
  at <NuxtLayoutProvider layoutProps= {ref: RefImpl} key="default" name="default"  ... > 
  at <NuxtLayout > 
  at <App key=4 > 
  at <NuxtRoot> @ http://localhost:3001/_nuxt/@fs/home/meebuzo/github/alternate-framework/apps/ecosystem/meeovi-frontend/node_modules/@sentry/core/build/esm/instrument/console.js?v=cfee6d51:42
[   13823ms] [WARNING] [Vue warn]: Avoid app logic that relies on enumerating keys on a component instance. The keys will be empty in production mode to avoid performance overhead. 
  at <VNavigationDrawer modelValue=undefined onUpdate:modelValue=fn location="right"  ... > 
  at <MenusTopmenuLayoutNotifications > 
  at <VCol class="notificationsHeader" > 
  at <VDefaultsProvider defaults= {VTabs: Object} > 
  at <VToolbar ref=Ref< Proxy(Object) > class="v-app-bar" style= {top: 0px, zIndex: 1012, transform: translateY(0px), position: fixed, height: undefined}  ... > 
  at <VAppBar id="topnav" > 
  at <MenusHeader drawer=false onToggleDrawer=fn > 
  at <ClientOnly > 
  at <VApp theme="light" class="auto-text" > 
  at <VResponsive class="border rounded" > 
  at <Default ref=Ref< Proxy(Object) > > 
  at <AsyncComponentWrapper ref=Ref< Proxy(Object) > > 
  at <LayoutLoader key="default" layoutProps= {ref: RefImpl} name="default" > 
  at <NuxtLayoutProvider layoutProps= {ref: RefImpl} key="default" name="default"  ... > 
  at <NuxtLayout > 
  at <App key=4 > 
  at <NuxtRoot> @ http://localhost:3001/_nuxt/@fs/home/meebuzo/github/alternate-framework/apps/ecosystem/meeovi-frontend/node_modules/@sentry/core/build/esm/instrument/console.js?v=cfee6d51:42
[   13826ms] [WARNING] [Vue warn]: Avoid app logic that relies on enumerating keys on a component instance. The keys will be empty in production mode to avoid performance overhead. 
  at <VNavigationDrawer modelValue=undefined onUpdate:modelValue=fn location="right"  ... > 
  at <MenusTopmenuLayoutNotifications > 
  at <VCol class="notificationsHeader" > 
  at <VDefaultsProvider defaults= {VTabs: Object} > 
  at <VToolbar ref=Ref< Proxy(Object) > class="v-app-bar" style= {top: 0px, zIndex: 1012, transform: translateY(0px), position: fixed, height: undefined}  ... > 
  at <VAppBar id="topnav" > 
  at <MenusHeader drawer=false onToggleDrawer=fn > 
  at <ClientOnly > 
  at <VApp theme="light" class="auto-text" > 
  at <VResponsive class="border rounded" > 
  at <Default ref=Ref< Proxy(Object) > > 
  at <AsyncComponentWrapper ref=Ref< Proxy(Object) > > 
  at <LayoutLoader key="default" layoutProps= {ref: RefImpl} name="default" > 
  at <NuxtLayoutProvider layoutProps= {ref: RefImpl} key="default" name="default"  ... > 
  at <NuxtLayout > 
  at <App key=4 > 
  at <NuxtRoot> @ http://localhost:3001/_nuxt/@fs/home/meebuzo/github/alternate-framework/apps/ecosystem/meeovi-frontend/node_modules/@sentry/core/build/esm/instrument/console.js?v=cfee6d51:42
[   13828ms] [WARNING] [Vue warn]: Avoid app logic that relies on enumerating keys on a component instance. The keys will be empty in production mode to avoid performance overhead. 
  at <VNavigationDrawer modelValue=undefined onUpdate:modelValue=fn location="right"  ... > 
  at <MenusTopmenuLayoutNotifications > 
  at <VCol class="notificationsHeader" > 
  at <VDefaultsProvider defaults= {VTabs: Object} > 
  at <VToolbar ref=Ref< Proxy(Object) > class="v-app-bar" style= {top: 0px, zIndex: 1012, transform: translateY(0px), position: fixed, height: undefined}  ... > 
  at <VAppBar id="topnav" > 
  at <MenusHeader drawer=false onToggleDrawer=fn > 
  at <ClientOnly > 
  at <VApp theme="light" class="auto-text" > 
  at <VResponsive class="border rounded" > 
  at <Default ref=Ref< Proxy(Object) > > 
  at <AsyncComponentWrapper ref=Ref< Proxy(Object) > > 
  at <LayoutLoader key="default" layoutProps= {ref: RefImpl} name="default" > 
  at <NuxtLayoutProvider layoutProps= {ref: RefImpl} key="default" name="default"  ... > 
  at <NuxtLayout > 
  at <App key=4 > 
  at <NuxtRoot> @ http://localhost:3001/_nuxt/@fs/home/meebuzo/github/alternate-framework/apps/ecosystem/meeovi-frontend/node_modules/@sentry/core/build/esm/instrument/console.js?v=cfee6d51:42
[   13831ms] [WARNING] [Vue warn]: Avoid app logic that relies on enumerating keys on a component instance. The keys will be empty in production mode to avoid performance overhead. 
  at <VNavigationDrawer modelValue=undefined onUpdate:modelValue=fn location="right"  ... > 
  at <MenusTopmenuLayoutNotifications > 
  at <VCol class="notificationsHeader" > 
  at <VDefaultsProvider defaults= {VTabs: Object} > 
  at <VToolbar ref=Ref< Proxy(Object) > class="v-app-bar" style= {top: 0px, zIndex: 1012, transform: translateY(0px), position: fixed, height: undefined}  ... > 
  at <VAppBar id="topnav" > 
  at <MenusHeader drawer=false onToggleDrawer=fn > 
  at <ClientOnly > 
  at <VApp theme="light" class="auto-text" > 
  at <VResponsive class="border rounded" > 
  at <Default ref=Ref< Proxy(Object) > > 
  at <AsyncComponentWrapper ref=Ref< Proxy(Object) > > 
  at <LayoutLoader key="default" layoutProps= {ref: RefImpl} name="default" > 
  at <NuxtLayoutProvider layoutProps= {ref: RefImpl} key="default" name="default"  ... > 
  at <NuxtLayout > 
  at <App key=4 > 
  at <NuxtRoot> @ http://localhost:3001/_nuxt/@fs/home/meebuzo/github/alternate-framework/apps/ecosystem/meeovi-frontend/node_modules/@sentry/core/build/esm/instrument/console.js?v=cfee6d51:42
[   13833ms] [WARNING] [Vue warn]: Avoid app logic that relies on enumerating keys on a component instance. The keys will be empty in production mode to avoid performance overhead. 
  at <VNavigationDrawer modelValue=undefined onUpdate:modelValue=fn location="right"  ... > 
  at <MenusTopmenuLayoutNotifications > 
  at <VCol class="notificationsHeader" > 
  at <VDefaultsProvider defaults= {VTabs: Object} > 
  at <VToolbar ref=Ref< Proxy(Object) > class="v-app-bar" style= {top: 0px, zIndex: 1012, transform: translateY(0px), position: fixed, height: undefined}  ... > 
  at <VAppBar id="topnav" > 
  at <MenusHeader drawer=false onToggleDrawer=fn > 
  at <ClientOnly > 
  at <VApp theme="light" class="auto-text" > 
  at <VResponsive class="border rounded" > 
  at <Default ref=Ref< Proxy(Object) > > 
  at <AsyncComponentWrapper ref=Ref< Proxy(Object) > > 
  at <LayoutLoader key="default" layoutProps= {ref: RefImpl} name="default" > 
  at <NuxtLayoutProvider layoutProps= {ref: RefImpl} key="default" name="default"  ... > 
  at <NuxtLayout > 
  at <App key=4 > 
  at <NuxtRoot> @ http://localhost:3001/_nuxt/@fs/home/meebuzo/github/alternate-framework/apps/ecosystem/meeovi-frontend/node_modules/@sentry/core/build/esm/instrument/console.js?v=cfee6d51:42
[   13836ms] [WARNING] [Vue warn]: Avoid app logic that relies on enumerating keys on a component instance. The keys will be empty in production mode to avoid performance overhead. 
  at <VNavigationDrawer modelValue=undefined onUpdate:modelValue=fn location="right"  ... > 
  at <MenusTopmenuLayoutNotifications > 
  at <VCol class="notificationsHeader" > 
  at <VDefaultsProvider defaults= {VTabs: Object} > 
  at <VToolbar ref=Ref< Proxy(Object) > class="v-app-bar" style= {top: 0px, zIndex: 1012, transform: translateY(0px), position: fixed, height: undefined}  ... > 
  at <VAppBar id="topnav" > 
  at <MenusHeader drawer=false onToggleDrawer=fn > 
  at <ClientOnly > 
  at <VApp theme="light" class="auto-text" > 
  at <VResponsive class="border rounded" > 
  at <Default ref=Ref< Proxy(Object) > > 
  at <AsyncComponentWrapper ref=Ref< Proxy(Object) > > 
  at <LayoutLoader key="default" layoutProps= {ref: RefImpl} name="default" > 
  at <NuxtLayoutProvider layoutProps= {ref: RefImpl} key="default" name="default"  ... > 
  at <NuxtLayout > 
  at <App key=4 > 
  at <NuxtRoot> @ http://localhost:3001/_nuxt/@fs/home/meebuzo/github/alternate-framework/apps/ecosystem/meeovi-frontend/node_modules/@sentry/core/build/esm/instrument/console.js?v=cfee6d51:42
[   13838ms] [WARNING] [Vue warn]: Avoid app logic that relies on enumerating keys on a component instance. The keys will be empty in production mode to avoid performance overhead. 
  at <VNavigationDrawer modelValue=undefined onUpdate:modelValue=fn location="right"  ... > 
  at <MenusTopmenuLayoutNotifications > 
  at <VCol class="notificationsHeader" > 
  at <VDefaultsProvider defaults= {VTabs: Object} > 
  at <VToolbar ref=Ref< Proxy(Object) > class="v-app-bar" style= {top: 0px, zIndex: 1012, transform: translateY(0px), position: fixed, height: undefined}  ... > 
  at <VAppBar id="topnav" > 
  at <MenusHeader drawer=false onToggleDrawer=fn > 
  at <ClientOnly > 
  at <VApp theme="light" class="auto-text" > 
  at <VResponsive class="border rounded" > 
  at <Default ref=Ref< Proxy(Object) > > 
  at <AsyncComponentWrapper ref=Ref< Proxy(Object) > > 
  at <LayoutLoader key="default" layoutProps= {ref: RefImpl} name="default" > 
  at <NuxtLayoutProvider layoutProps= {ref: RefImpl} key="default" name="default"  ... > 
  at <NuxtLayout > 
  at <App key=4 > 
  at <NuxtRoot> @ http://localhost:3001/_nuxt/@fs/home/meebuzo/github/alternate-framework/apps/ecosystem/meeovi-frontend/node_modules/@sentry/core/build/esm/instrument/console.js?v=cfee6d51:42
[   13841ms] [WARNING] [Vue warn]: Avoid app logic that relies on enumerating keys on a component instance. The keys will be empty in production mode to avoid performance overhead. 
  at <VNavigationDrawer modelValue=undefined onUpdate:modelValue=fn location="right"  ... > 
  at <MenusTopmenuLayoutNotifications > 
  at <VCol class="notificationsHeader" > 
  at <VDefaultsProvider defaults= {VTabs: Object} > 
  at <VToolbar ref=Ref< Proxy(Object) > class="v-app-bar" style= {top: 0px, zIndex: 1012, transform: translateY(0px), position: fixed, height: undefined}  ... > 
  at <VAppBar id="topnav" > 
  at <MenusHeader drawer=false onToggleDrawer=fn > 
  at <ClientOnly > 
  at <VApp theme="light" class="auto-text" > 
  at <VResponsive class="border rounded" > 
  at <Default ref=Ref< Proxy(Object) > > 
  at <AsyncComponentWrapper ref=Ref< Proxy(Object) > > 
  at <LayoutLoader key="default" layoutProps= {ref: RefImpl} name="default" > 
  at <NuxtLayoutProvider layoutProps= {ref: RefImpl} key="default" name="default"  ... > 
  at <NuxtLayout > 
  at <App key=4 > 
  at <NuxtRoot> @ http://localhost:3001/_nuxt/@fs/home/meebuzo/github/alternate-framework/apps/ecosystem/meeovi-frontend/node_modules/@sentry/core/build/esm/instrument/console.js?v=cfee6d51:42
[   13844ms] [WARNING] [Vue warn]: Avoid app logic that relies on enumerating keys on a component instance. The keys will be empty in production mode to avoid performance overhead. 
  at <VNavigationDrawer modelValue=undefined onUpdate:modelValue=fn location="right"  ... > 
  at <MenusTopmenuLayoutNotifications > 
  at <VCol class="notificationsHeader" > 
  at <VDefaultsProvider defaults= {VTabs: Object} > 
  at <VToolbar ref=Ref< Proxy(Object) > class="v-app-bar" style= {top: 0px, zIndex: 1012, transform: translateY(0px), position: fixed, height: undefined}  ... > 
  at <VAppBar id="topnav" > 
  at <MenusHeader drawer=false onToggleDrawer=fn > 
  at <ClientOnly > 
  at <VApp theme="light" class="auto-text" > 
  at <VResponsive class="border rounded" > 
  at <Default ref=Ref< Proxy(Object) > > 
  at <AsyncComponentWrapper ref=Ref< Proxy(Object) > > 
  at <LayoutLoader key="default" layoutProps= {ref: RefImpl} name="default" > 
  at <NuxtLayoutProvider layoutProps= {ref: RefImpl} key="default" name="default"  ... > 
  at <NuxtLayout > 
  at <App key=4 > 
  at <NuxtRoot> @ http://localhost:3001/_nuxt/@fs/home/meebuzo/github/alternate-framework/apps/ecosystem/meeovi-frontend/node_modules/@sentry/core/build/esm/instrument/console.js?v=cfee6d51:42
[   13847ms] [WARNING] [Vue warn]: Avoid app logic that relies on enumerating keys on a component instance. The keys will be empty in production mode to avoid performance overhead. 
  at <VNavigationDrawer modelValue=undefined onUpdate:modelValue=fn location="right"  ... > 
  at <MenusTopmenuLayoutNotifications > 
  at <VCol class="notificationsHeader" > 
  at <VDefaultsProvider defaults= {VTabs: Object} > 
  at <VToolbar ref=Ref< Proxy(Object) > class="v-app-bar" style= {top: 0px, zIndex: 1012, transform: translateY(0px), position: fixed, height: undefined}  ... > 
  at <VAppBar id="topnav" > 
  at <MenusHeader drawer=false onToggleDrawer=fn > 
  at <ClientOnly > 
  at <VApp theme="light" class="auto-text" > 
  at <VResponsive class="border rounded" > 
  at <Default ref=Ref< Proxy(Object) > > 
  at <AsyncComponentWrapper ref=Ref< Proxy(Object) > > 
  at <LayoutLoader key="default" layoutProps= {ref: RefImpl} name="default" > 
  at <NuxtLayoutProvider layoutProps= {ref: RefImpl} key="default" name="default"  ... > 
  at <NuxtLayout > 
  at <App key=4 > 
  at <NuxtRoot> @ http://localhost:3001/_nuxt/@fs/home/meebuzo/github/alternate-framework/apps/ecosystem/meeovi-frontend/node_modules/@sentry/core/build/esm/instrument/console.js?v=cfee6d51:42
[   13850ms] [WARNING] [Vue warn]: Avoid app logic that relies on enumerating keys on a component instance. The keys will be empty in production mode to avoid performance overhead. 
  at <VNavigationDrawer modelValue=undefined onUpdate:modelValue=fn location="right"  ... > 
  at <MenusTopmenuLayoutNotifications > 
  at <VCol class="notificationsHeader" > 
  at <VDefaultsProvider defaults= {VTabs: Object} > 
  at <VToolbar ref=Ref< Proxy(Object) > class="v-app-bar" style= {top: 0px, zIndex: 1012, transform: translateY(0px), position: fixed, height: undefined}  ... > 
  at <VAppBar id="topnav" > 
  at <MenusHeader drawer=false onToggleDrawer=fn > 
  at <ClientOnly > 
  at <VApp theme="light" class="auto-text" > 
  at <VResponsive class="border rounded" > 
  at <Default ref=Ref< Proxy(Object) > > 
  at <AsyncComponentWrapper ref=Ref< Proxy(Object) > > 
  at <LayoutLoader key="default" layoutProps= {ref: RefImpl} name="default" > 
  at <NuxtLayoutProvider layoutProps= {ref: RefImpl} key="default" name="default"  ... > 
  at <NuxtLayout > 
  at <App key=4 > 
  at <NuxtRoot> @ http://localhost:3001/_nuxt/@fs/home/meebuzo/github/alternate-framework/apps/ecosystem/meeovi-frontend/node_modules/@sentry/core/build/esm/instrument/console.js?v=cfee6d51:42
[   13852ms] [WARNING] [Vue warn]: Avoid app logic that relies on enumerating keys on a component instance. The keys will be empty in production mode to avoid performance overhead. 
  at <VNavigationDrawer modelValue=undefined onUpdate:modelValue=fn location="right"  ... > 
  at <MenusTopmenuLayoutNotifications > 
  at <VCol class="notificationsHeader" > 
  at <VDefaultsProvider defaults= {VTabs: Object} > 
  at <VToolbar ref=Ref< Proxy(Object) > class="v-app-bar" style= {top: 0px, zIndex: 1012, transform: translateY(0px), position: fixed, height: undefined}  ... > 
  at <VAppBar id="topnav" > 
  at <MenusHeader drawer=false onToggleDrawer=fn > 
  at <ClientOnly > 
  at <VApp theme="light" class="auto-text" > 
  at <VResponsive class="border rounded" > 
  at <Default ref=Ref< Proxy(Object) > > 
  at <AsyncComponentWrapper ref=Ref< Proxy(Object) > > 
  at <LayoutLoader key="default" layoutProps= {ref: RefImpl} name="default" > 
  at <NuxtLayoutProvider layoutProps= {ref: RefImpl} key="default" name="default"  ... > 
  at <NuxtLayout > 
  at <App key=4 > 
  at <NuxtRoot> @ http://localhost:3001/_nuxt/@fs/home/meebuzo/github/alternate-framework/apps/ecosystem/meeovi-frontend/node_modules/@sentry/core/build/esm/instrument/console.js?v=cfee6d51:42
[   13855ms] [WARNING] [Vue warn]: Avoid app logic that relies on enumerating keys on a component instance. The keys will be empty in production mode to avoid performance overhead. 
  at <VNavigationDrawer modelValue=undefined onUpdate:modelValue=fn location="right"  ... > 
  at <MenusTopmenuLayoutNotifications > 
  at <VCol class="notificationsHeader" > 
  at <VDefaultsProvider defaults= {VTabs: Object} > 
  at <VToolbar ref=Ref< Proxy(Object) > class="v-app-bar" style= {top: 0px, zIndex: 1012, transform: translateY(0px), position: fixed, height: undefined}  ... > 
  at <VAppBar id="topnav" > 
  at <MenusHeader drawer=false onToggleDrawer=fn > 
  at <ClientOnly > 
  at <VApp theme="light" class="auto-text" > 
  at <VResponsive class="border rounded" > 
  at <Default ref=Ref< Proxy(Object) > > 
  at <AsyncComponentWrapper ref=Ref< Proxy(Object) > > 
  at <LayoutLoader key="default" layoutProps= {ref: RefImpl} name="default" > 
  at <NuxtLayoutProvider layoutProps= {ref: RefImpl} key="default" name="default"  ... > 
  at <NuxtLayout > 
  at <App key=4 > 
  at <NuxtRoot> @ http://localhost:3001/_nuxt/@fs/home/meebuzo/github/alternate-framework/apps/ecosystem/meeovi-frontend/node_modules/@sentry/core/build/esm/instrument/console.js?v=cfee6d51:42
[   13859ms] [WARNING] [Vue warn]: Avoid app logic that relies on enumerating keys on a component instance. The keys will be empty in production mode to avoid performance overhead. 
  at <VNavigationDrawer modelValue=undefined onUpdate:modelValue=fn location="right"  ... > 
  at <MenusTopmenuLayoutNotifications > 
  at <VCol class="notificationsHeader" > 
  at <VDefaultsProvider defaults= {VTabs: Object} > 
  at <VToolbar ref=Ref< Proxy(Object) > class="v-app-bar" style= {top: 0px, zIndex: 1012, transform: translateY(0px), position: fixed, height: undefined}  ... > 
  at <VAppBar id="topnav" > 
  at <MenusHeader drawer=false onToggleDrawer=fn > 
  at <ClientOnly > 
  at <VApp theme="light" class="auto-text" > 
  at <VResponsive class="border rounded" > 
  at <Default ref=Ref< Proxy(Object) > > 
  at <AsyncComponentWrapper ref=Ref< Proxy(Object) > > 
  at <LayoutLoader key="default" layoutProps= {ref: RefImpl} name="default" > 
  at <NuxtLayoutProvider layoutProps= {ref: RefImpl} key="default" name="default"  ... > 
  at <NuxtLayout > 
  at <App key=4 > 
  at <NuxtRoot> @ http://localhost:3001/_nuxt/@fs/home/meebuzo/github/alternate-framework/apps/ecosystem/meeovi-frontend/node_modules/@sentry/core/build/esm/instrument/console.js?v=cfee6d51:42
[   13862ms] [WARNING] [Vue warn]: Avoid app logic that relies on enumerating keys on a component instance. The keys will be empty in production mode to avoid performance overhead. 
  at <VNavigationDrawer modelValue=undefined onUpdate:modelValue=fn location="right"  ... > 
  at <MenusTopmenuLayoutNotifications > 
  at <VCol class="notificationsHeader" > 
  at <VDefaultsProvider defaults= {VTabs: Object} > 
  at <VToolbar ref=Ref< Proxy(Object) > class="v-app-bar" style= {top: 0px, zIndex: 1012, transform: translateY(0px), position: fixed, height: undefined}  ... > 
  at <VAppBar id="topnav" > 
  at <MenusHeader drawer=false onToggleDrawer=fn > 
  at <ClientOnly > 
  at <VApp theme="light" class="auto-text" > 
  at <VResponsive class="border rounded" > 
  at <Default ref=Ref< Proxy(Object) > > 
  at <AsyncComponentWrapper ref=Ref< Proxy(Object) > > 
  at <LayoutLoader key="default" layoutProps= {ref: RefImpl} name="default" > 
  at <NuxtLayoutProvider layoutProps= {ref: RefImpl} key="default" name="default"  ... > 
  at <NuxtLayout > 
  at <App key=4 > 
  at <NuxtRoot> @ http://localhost:3001/_nuxt/@fs/home/meebuzo/github/alternate-framework/apps/ecosystem/meeovi-frontend/node_modules/@sentry/core/build/esm/instrument/console.js?v=cfee6d51:42
[   13866ms] [WARNING] [Vue warn]: Avoid app logic that relies on enumerating keys on a component instance. The keys will be empty in production mode to avoid performance overhead. 
  at <VNavigationDrawer modelValue=undefined onUpdate:modelValue=fn location="right"  ... > 
  at <MenusTopmenuLayoutNotifications > 
  at <VCol class="notificationsHeader" > 
  at <VDefaultsProvider defaults= {VTabs: Object} > 
  at <VToolbar ref=Ref< Proxy(Object) > class="v-app-bar" style= {top: 0px, zIndex: 1012, transform: translateY(0px), position: fixed, height: undefined}  ... > 
  at <VAppBar id="topnav" > 
  at <MenusHeader drawer=false onToggleDrawer=fn > 
  at <ClientOnly > 
  at <VApp theme="light" class="auto-text" > 
  at <VResponsive class="border rounded" > 
  at <Default ref=Ref< Proxy(Object) > > 
  at <AsyncComponentWrapper ref=Ref< Proxy(Object) > > 
  at <LayoutLoader key="default" layoutProps= {ref: RefImpl} name="default" > 
  at <NuxtLayoutProvider layoutProps= {ref: RefImpl} key="default" name="default"  ... > 
  at <NuxtLayout > 
  at <App key=4 > 
  at <NuxtRoot> @ http://localhost:3001/_nuxt/@fs/home/meebuzo/github/alternate-framework/apps/ecosystem/meeovi-frontend/node_modules/@sentry/core/build/esm/instrument/console.js?v=cfee6d51:42
[   13869ms] [WARNING] [Vue warn]: Avoid app logic that relies on enumerating keys on a component instance. The keys will be empty in production mode to avoid performance overhead. 
  at <VNavigationDrawer modelValue=undefined onUpdate:modelValue=fn location="right"  ... > 
  at <MenusTopmenuLayoutNotifications > 
  at <VCol class="notificationsHeader" > 
  at <VDefaultsProvider defaults= {VTabs: Object} > 
  at <VToolbar ref=Ref< Proxy(Object) > class="v-app-bar" style= {top: 0px, zIndex: 1012, transform: translateY(0px), position: fixed, height: undefined}  ... > 
  at <VAppBar id="topnav" > 
  at <MenusHeader drawer=false onToggleDrawer=fn > 
  at <ClientOnly > 
  at <VApp theme="light" class="auto-text" > 
  at <VResponsive class="border rounded" > 
  at <Default ref=Ref< Proxy(Object) > > 
  at <AsyncComponentWrapper ref=Ref< Proxy(Object) > > 
  at <LayoutLoader key="default" layoutProps= {ref: RefImpl} name="default" > 
  at <NuxtLayoutProvider layoutProps= {ref: RefImpl} key="default" name="default"  ... > 
  at <NuxtLayout > 
  at <App key=4 > 
  at <NuxtRoot> @ http://localhost:3001/_nuxt/@fs/home/meebuzo/github/alternate-framework/apps/ecosystem/meeovi-frontend/node_modules/@sentry/core/build/esm/instrument/console.js?v=cfee6d51:42
[   13873ms] [WARNING] [Vue warn]: Avoid app logic that relies on enumerating keys on a component instance. The keys will be empty in production mode to avoid performance overhead. 
  at <VNavigationDrawer modelValue=undefined onUpdate:modelValue=fn location="right"  ... > 
  at <MenusTopmenuLayoutNotifications > 
  at <VCol class="notificationsHeader" > 
  at <VDefaultsProvider defaults= {VTabs: Object} > 
  at <VToolbar ref=Ref< Proxy(Object) > class="v-app-bar" style= {top: 0px, zIndex: 1012, transform: translateY(0px), position: fixed, height: undefined}  ... > 
  at <VAppBar id="topnav" > 
  at <MenusHeader drawer=false onToggleDrawer=fn > 
  at <ClientOnly > 
  at <VApp theme="light" class="auto-text" > 
  at <VResponsive class="border rounded" > 
  at <Default ref=Ref< Proxy(Object) > > 
  at <AsyncComponentWrapper ref=Ref< Proxy(Object) > > 
  at <LayoutLoader key="default" layoutProps= {ref: RefImpl} name="default" > 
  at <NuxtLayoutProvider layoutProps= {ref: RefImpl} key="default" name="default"  ... > 
  at <NuxtLayout > 
  at <App key=4 > 
  at <NuxtRoot> @ http://localhost:3001/_nuxt/@fs/home/meebuzo/github/alternate-framework/apps/ecosystem/meeovi-frontend/node_modules/@sentry/core/build/esm/instrument/console.js?v=cfee6d51:42
[   13877ms] [WARNING] [Vue warn]: Avoid app logic that relies on enumerating keys on a component instance. The keys will be empty in production mode to avoid performance overhead. 
  at <VNavigationDrawer modelValue=undefined onUpdate:modelValue=fn location="right"  ... > 
  at <MenusTopmenuLayoutNotifications > 
  at <VCol class="notificationsHeader" > 
  at <VDefaultsProvider defaults= {VTabs: Object} > 
  at <VToolbar ref=Ref< Proxy(Object) > class="v-app-bar" style= {top: 0px, zIndex: 1012, transform: translateY(0px), position: fixed, height: undefined}  ... > 
  at <VAppBar id="topnav" > 
  at <MenusHeader drawer=false onToggleDrawer=fn > 
  at <ClientOnly > 
  at <VApp theme="light" class="auto-text" > 
  at <VResponsive class="border rounded" > 
  at <Default ref=Ref< Proxy(Object) > > 
  at <AsyncComponentWrapper ref=Ref< Proxy(Object) > > 
  at <LayoutLoader key="default" layoutProps= {ref: RefImpl} name="default" > 
  at <NuxtLayoutProvider layoutProps= {ref: RefImpl} key="default" name="default"  ... > 
  at <NuxtLayout > 
  at <App key=4 > 
  at <NuxtRoot> @ http://localhost:3001/_nuxt/@fs/home/meebuzo/github/alternate-framework/apps/ecosystem/meeovi-frontend/node_modules/@sentry/core/build/esm/instrument/console.js?v=cfee6d51:42
[   13881ms] [WARNING] [Vue warn]: Avoid app logic that relies on enumerating keys on a component instance. The keys will be empty in production mode to avoid performance overhead. 
  at <VNavigationDrawer modelValue=undefined onUpdate:modelValue=fn location="right"  ... > 
  at <MenusTopmenuLayoutNotifications > 
  at <VCol class="notificationsHeader" > 
  at <VDefaultsProvider defaults= {VTabs: Object} > 
  at <VToolbar ref=Ref< Proxy(Object) > class="v-app-bar" style= {top: 0px, zIndex: 1012, transform: translateY(0px), position: fixed, height: undefined}  ... > 
  at <VAppBar id="topnav" > 
  at <MenusHeader drawer=false onToggleDrawer=fn > 
  at <ClientOnly > 
  at <VApp theme="light" class="auto-text" > 
  at <VResponsive class="border rounded" > 
  at <Default ref=Ref< Proxy(Object) > > 
  at <AsyncComponentWrapper ref=Ref< Proxy(Object) > > 
  at <LayoutLoader key="default" layoutProps= {ref: RefImpl} name="default" > 
  at <NuxtLayoutProvider layoutProps= {ref: RefImpl} key="default" name="default"  ... > 
  at <NuxtLayout > 
  at <App key=4 > 
  at <NuxtRoot> @ http://localhost:3001/_nuxt/@fs/home/meebuzo/github/alternate-framework/apps/ecosystem/meeovi-frontend/node_modules/@sentry/core/build/esm/instrument/console.js?v=cfee6d51:42
[   13885ms] [WARNING] [Vue warn]: Avoid app logic that relies on enumerating keys on a component instance. The keys will be empty in production mode to avoid performance overhead. 
  at <VNavigationDrawer modelValue=undefined onUpdate:modelValue=fn location="right"  ... > 
  at <MenusTopmenuLayoutNotifications > 
  at <VCol class="notificationsHeader" > 
  at <VDefaultsProvider defaults= {VTabs: Object} > 
  at <VToolbar ref=Ref< Proxy(Object) > class="v-app-bar" style= {top: 0px, zIndex: 1012, transform: translateY(0px), position: fixed, height: undefined}  ... > 
  at <VAppBar id="topnav" > 
  at <MenusHeader drawer=false onToggleDrawer=fn > 
  at <ClientOnly > 
  at <VApp theme="light" class="auto-text" > 
  at <VResponsive class="border rounded" > 
  at <Default ref=Ref< Proxy(Object) > > 
  at <AsyncComponentWrapper ref=Ref< Proxy(Object) > > 
  at <LayoutLoader key="default" layoutProps= {ref: RefImpl} name="default" > 
  at <NuxtLayoutProvider layoutProps= {ref: RefImpl} key="default" name="default"  ... > 
  at <NuxtLayout > 
  at <App key=4 > 
  at <NuxtRoot> @ http://localhost:3001/_nuxt/@fs/home/meebuzo/github/alternate-framework/apps/ecosystem/meeovi-frontend/node_modules/@sentry/core/build/esm/instrument/console.js?v=cfee6d51:42
[   13889ms] [WARNING] [Vue warn]: Avoid app logic that relies on enumerating keys on a component instance. The keys will be empty in production mode to avoid performance overhead. 
  at <VNavigationDrawer modelValue=undefined onUpdate:modelValue=fn location="right"  ... > 
  at <MenusTopmenuLayoutNotifications > 
  at <VCol class="notificationsHeader" > 
  at <VDefaultsProvider defaults= {VTabs: Object} > 
  at <VToolbar ref=Ref< Proxy(Object) > class="v-app-bar" style= {top: 0px, zIndex: 1012, transform: translateY(0px), position: fixed, height: undefined}  ... > 
  at <VAppBar id="topnav" > 
  at <MenusHeader drawer=false onToggleDrawer=fn > 
  at <ClientOnly > 
  at <VApp theme="light" class="auto-text" > 
  at <VResponsive class="border rounded" > 
  at <Default ref=Ref< Proxy(Object) > > 
  at <AsyncComponentWrapper ref=Ref< Proxy(Object) > > 
  at <LayoutLoader key="default" layoutProps= {ref: RefImpl} name="default" > 
  at <NuxtLayoutProvider layoutProps= {ref: RefImpl} key="default" name="default"  ... > 
  at <NuxtLayout > 
  at <App key=4 > 
  at <NuxtRoot> @ http://localhost:3001/_nuxt/@fs/home/meebuzo/github/alternate-framework/apps/ecosystem/meeovi-frontend/node_modules/@sentry/core/build/esm/instrument/console.js?v=cfee6d51:42
[   13893ms] [WARNING] [Vue warn]: Avoid app logic that relies on enumerating keys on a component instance. The keys will be empty in production mode to avoid performance overhead. 
  at <VNavigationDrawer modelValue=undefined onUpdate:modelValue=fn location="right"  ... > 
  at <MenusTopmenuLayoutNotifications > 
  at <VCol class="notificationsHeader" > 
  at <VDefaultsProvider defaults= {VTabs: Object} > 
  at <VToolbar ref=Ref< Proxy(Object) > class="v-app-bar" style= {top: 0px, zIndex: 1012, transform: translateY(0px), position: fixed, height: undefined}  ... > 
  at <VAppBar id="topnav" > 
  at <MenusHeader drawer=false onToggleDrawer=fn > 
  at <ClientOnly > 
  at <VApp theme="light" class="auto-text" > 
  at <VResponsive class="border rounded" > 
  at <Default ref=Ref< Proxy(Object) > > 
  at <AsyncComponentWrapper ref=Ref< Proxy(Object) > > 
  at <LayoutLoader key="default" layoutProps= {ref: RefImpl} name="default" > 
  at <NuxtLayoutProvider layoutProps= {ref: RefImpl} key="default" name="default"  ... > 
  at <NuxtLayout > 
  at <App key=4 > 
  at <NuxtRoot> @ http://localhost:3001/_nuxt/@fs/home/meebuzo/github/alternate-framework/apps/ecosystem/meeovi-frontend/node_modules/@sentry/core/build/esm/instrument/console.js?v=cfee6d51:42
[   13897ms] [WARNING] [Vue warn]: Avoid app logic that relies on enumerating keys on a component instance. The keys will be empty in production mode to avoid performance overhead. 
  at <VNavigationDrawer modelValue=undefined onUpdate:modelValue=fn location="right"  ... > 
  at <MenusTopmenuLayoutNotifications > 
  at <VCol class="notificationsHeader" > 
  at <VDefaultsProvider defaults= {VTabs: Object} > 
  at <VToolbar ref=Ref< Proxy(Object) > class="v-app-bar" style= {top: 0px, zIndex: 1012, transform: translateY(0px), position: fixed, height: undefined}  ... > 
  at <VAppBar id="topnav" > 
  at <MenusHeader drawer=false onToggleDrawer=fn > 
  at <ClientOnly > 
  at <VApp theme="light" class="auto-text" > 
  at <VResponsive class="border rounded" > 
  at <Default ref=Ref< Proxy(Object) > > 
  at <AsyncComponentWrapper ref=Ref< Proxy(Object) > > 
  at <LayoutLoader key="default" layoutProps= {ref: RefImpl} name="default" > 
  at <NuxtLayoutProvider layoutProps= {ref: RefImpl} key="default" name="default"  ... > 
  at <NuxtLayout > 
  at <App key=4 > 
  at <NuxtRoot> @ http://localhost:3001/_nuxt/@fs/home/meebuzo/github/alternate-framework/apps/ecosystem/meeovi-frontend/node_modules/@sentry/core/build/esm/instrument/console.js?v=cfee6d51:42
[   13900ms] [WARNING] [Vue warn]: Avoid app logic that relies on enumerating keys on a component instance. The keys will be empty in production mode to avoid performance overhead. 
  at <VNavigationDrawer modelValue=undefined onUpdate:modelValue=fn location="right"  ... > 
  at <MenusTopmenuLayoutNotifications > 
  at <VCol class="notificationsHeader" > 
  at <VDefaultsProvider defaults= {VTabs: Object} > 
  at <VToolbar ref=Ref< Proxy(Object) > class="v-app-bar" style= {top: 0px, zIndex: 1012, transform: translateY(0px), position: fixed, height: undefined}  ... > 
  at <VAppBar id="topnav" > 
  at <MenusHeader drawer=false onToggleDrawer=fn > 
  at <ClientOnly > 
  at <VApp theme="light" class="auto-text" > 
  at <VResponsive class="border rounded" > 
  at <Default ref=Ref< Proxy(Object) > > 
  at <AsyncComponentWrapper ref=Ref< Proxy(Object) > > 
  at <LayoutLoader key="default" layoutProps= {ref: RefImpl} name="default" > 
  at <NuxtLayoutProvider layoutProps= {ref: RefImpl} key="default" name="default"  ... > 
  at <NuxtLayout > 
  at <App key=4 > 
  at <NuxtRoot> @ http://localhost:3001/_nuxt/@fs/home/meebuzo/github/alternate-framework/apps/ecosystem/meeovi-frontend/node_modules/@sentry/core/build/esm/instrument/console.js?v=cfee6d51:42
[   13904ms] [WARNING] [Vue warn]: Avoid app logic that relies on enumerating keys on a component instance. The keys will be empty in production mode to avoid performance overhead. 
  at <VNavigationDrawer modelValue=undefined onUpdate:modelValue=fn location="right"  ... > 
  at <MenusTopmenuLayoutNotifications > 
  at <VCol class="notificationsHeader" > 
  at <VDefaultsProvider defaults= {VTabs: Object} > 
  at <VToolbar ref=Ref< Proxy(Object) > class="v-app-bar" style= {top: 0px, zIndex: 1012, transform: translateY(0px), position: fixed, height: undefined}  ... > 
  at <VAppBar id="topnav" > 
  at <MenusHeader drawer=false onToggleDrawer=fn > 
  at <ClientOnly > 
  at <VApp theme="light" class="auto-text" > 
  at <VResponsive class="border rounded" > 
  at <Default ref=Ref< Proxy(Object) > > 
  at <AsyncComponentWrapper ref=Ref< Proxy(Object) > > 
  at <LayoutLoader key="default" layoutProps= {ref: RefImpl} name="default" > 
  at <NuxtLayoutProvider layoutProps= {ref: RefImpl} key="default" name="default"  ... > 
  at <NuxtLayout > 
  at <App key=4 > 
  at <NuxtRoot> @ http://localhost:3001/_nuxt/@fs/home/meebuzo/github/alternate-framework/apps/ecosystem/meeovi-frontend/node_modules/@sentry/core/build/esm/instrument/console.js?v=cfee6d51:42
[   13907ms] [WARNING] [Vue warn]: Avoid app logic that relies on enumerating keys on a component instance. The keys will be empty in production mode to avoid performance overhead. 
  at <VNavigationDrawer modelValue=undefined onUpdate:modelValue=fn location="right"  ... > 
  at <MenusTopmenuLayoutNotifications > 
  at <VCol class="notificationsHeader" > 
  at <VDefaultsProvider defaults= {VTabs: Object} > 
  at <VToolbar ref=Ref< Proxy(Object) > class="v-app-bar" style= {top: 0px, zIndex: 1012, transform: translateY(0px), position: fixed, height: undefined}  ... > 
  at <VAppBar id="topnav" > 
  at <MenusHeader drawer=false onToggleDrawer=fn > 
  at <ClientOnly > 
  at <VApp theme="light" class="auto-text" > 
  at <VResponsive class="border rounded" > 
  at <Default ref=Ref< Proxy(Object) > > 
  at <AsyncComponentWrapper ref=Ref< Proxy(Object) > > 
  at <LayoutLoader key="default" layoutProps= {ref: RefImpl} name="default" > 
  at <NuxtLayoutProvider layoutProps= {ref: RefImpl} key="default" name="default"  ... > 
  at <NuxtLayout > 
  at <App key=4 > 
  at <NuxtRoot> @ http://localhost:3001/_nuxt/@fs/home/meebuzo/github/alternate-framework/apps/ecosystem/meeovi-frontend/node_modules/@sentry/core/build/esm/instrument/console.js?v=cfee6d51:42
[   13910ms] [WARNING] [Vue warn]: Avoid app logic that relies on enumerating keys on a component instance. The keys will be empty in production mode to avoid performance overhead. 
  at <VNavigationDrawer modelValue=undefined onUpdate:modelValue=fn location="right"  ... > 
  at <MenusTopmenuLayoutNotifications > 
  at <VCol class="notificationsHeader" > 
  at <VDefaultsProvider defaults= {VTabs: Object} > 
  at <VToolbar ref=Ref< Proxy(Object) > class="v-app-bar" style= {top: 0px, zIndex: 1012, transform: translateY(0px), position: fixed, height: undefined}  ... > 
  at <VAppBar id="topnav" > 
  at <MenusHeader drawer=false onToggleDrawer=fn > 
  at <ClientOnly > 
  at <VApp theme="light" class="auto-text" > 
  at <VResponsive class="border rounded" > 
  at <Default ref=Ref< Proxy(Object) > > 
  at <AsyncComponentWrapper ref=Ref< Proxy(Object) > > 
  at <LayoutLoader key="default" layoutProps= {ref: RefImpl} name="default" > 
  at <NuxtLayoutProvider layoutProps= {ref: RefImpl} key="default" name="default"  ... > 
  at <NuxtLayout > 
  at <App key=4 > 
  at <NuxtRoot> @ http://localhost:3001/_nuxt/@fs/home/meebuzo/github/alternate-framework/apps/ecosystem/meeovi-frontend/node_modules/@sentry/core/build/esm/instrument/console.js?v=cfee6d51:42
[   13913ms] [WARNING] [Vue warn]: Avoid app logic that relies on enumerating keys on a component instance. The keys will be empty in production mode to avoid performance overhead. 
  at <VNavigationDrawer modelValue=undefined onUpdate:modelValue=fn location="right"  ... > 
  at <MenusTopmenuLayoutNotifications > 
  at <VCol class="notificationsHeader" > 
  at <VDefaultsProvider defaults= {VTabs: Object} > 
  at <VToolbar ref=Ref< Proxy(Object) > class="v-app-bar" style= {top: 0px, zIndex: 1012, transform: translateY(0px), position: fixed, height: undefined}  ... > 
  at <VAppBar id="topnav" > 
  at <MenusHeader drawer=false onToggleDrawer=fn > 
  at <ClientOnly > 
  at <VApp theme="light" class="auto-text" > 
  at <VResponsive class="border rounded" > 
  at <Default ref=Ref< Proxy(Object) > > 
  at <AsyncComponentWrapper ref=Ref< Proxy(Object) > > 
  at <LayoutLoader key="default" layoutProps= {ref: RefImpl} name="default" > 
  at <NuxtLayoutProvider layoutProps= {ref: RefImpl} key="default" name="default"  ... > 
  at <NuxtLayout > 
  at <App key=4 > 
  at <NuxtRoot> @ http://localhost:3001/_nuxt/@fs/home/meebuzo/github/alternate-framework/apps/ecosystem/meeovi-frontend/node_modules/@sentry/core/build/esm/instrument/console.js?v=cfee6d51:42
[   13917ms] [WARNING] [Vue warn]: Avoid app logic that relies on enumerating keys on a component instance. The keys will be empty in production mode to avoid performance overhead. 
  at <VNavigationDrawer modelValue=undefined onUpdate:modelValue=fn location="right"  ... > 
  at <MenusTopmenuLayoutNotifications > 
  at <VCol class="notificationsHeader" > 
  at <VDefaultsProvider defaults= {VTabs: Object} > 
  at <VToolbar ref=Ref< Proxy(Object) > class="v-app-bar" style= {top: 0px, zIndex: 1012, transform: translateY(0px), position: fixed, height: undefined}  ... > 
  at <VAppBar id="topnav" > 
  at <MenusHeader drawer=false onToggleDrawer=fn > 
  at <ClientOnly > 
  at <VApp theme="light" class="auto-text" > 
  at <VResponsive class="border rounded" > 
  at <Default ref=Ref< Proxy(Object) > > 
  at <AsyncComponentWrapper ref=Ref< Proxy(Object) > > 
  at <LayoutLoader key="default" layoutProps= {ref: RefImpl} name="default" > 
  at <NuxtLayoutProvider layoutProps= {ref: RefImpl} key="default" name="default"  ... > 
  at <NuxtLayout > 
  at <App key=4 > 
  at <NuxtRoot> @ http://localhost:3001/_nuxt/@fs/home/meebuzo/github/alternate-framework/apps/ecosystem/meeovi-frontend/node_modules/@sentry/core/build/esm/instrument/console.js?v=cfee6d51:42
[   13920ms] [WARNING] [Vue warn]: Avoid app logic that relies on enumerating keys on a component instance. The keys will be empty in production mode to avoid performance overhead. 
  at <VNavigationDrawer modelValue=undefined onUpdate:modelValue=fn location="right"  ... > 
  at <MenusTopmenuLayoutNotifications > 
  at <VCol class="notificationsHeader" > 
  at <VDefaultsProvider defaults= {VTabs: Object} > 
  at <VToolbar ref=Ref< Proxy(Object) > class="v-app-bar" style= {top: 0px, zIndex: 1012, transform: translateY(0px), position: fixed, height: undefined}  ... > 
  at <VAppBar id="topnav" > 
  at <MenusHeader drawer=false onToggleDrawer=fn > 
  at <ClientOnly > 
  at <VApp theme="light" class="auto-text" > 
  at <VResponsive class="border rounded" > 
  at <Default ref=Ref< Proxy(Object) > > 
  at <AsyncComponentWrapper ref=Ref< Proxy(Object) > > 
  at <LayoutLoader key="default" layoutProps= {ref: RefImpl} name="default" > 
  at <NuxtLayoutProvider layoutProps= {ref: RefImpl} key="default" name="default"  ... > 
  at <NuxtLayout > 
  at <App key=4 > 
  at <NuxtRoot> @ http://localhost:3001/_nuxt/@fs/home/meebuzo/github/alternate-framework/apps/ecosystem/meeovi-frontend/node_modules/@sentry/core/build/esm/instrument/console.js?v=cfee6d51:42
[   13924ms] [WARNING] [Vue warn]: Avoid app logic that relies on enumerating keys on a component instance. The keys will be empty in production mode to avoid performance overhead. 
  at <VNavigationDrawer modelValue=undefined onUpdate:modelValue=fn location="right"  ... > 
  at <MenusTopmenuLayoutNotifications > 
  at <VCol class="notificationsHeader" > 
  at <VDefaultsProvider defaults= {VTabs: Object} > 
  at <VToolbar ref=Ref< Proxy(Object) > class="v-app-bar" style= {top: 0px, zIndex: 1012, transform: translateY(0px), position: fixed, height: undefined}  ... > 
  at <VAppBar id="topnav" > 
  at <MenusHeader drawer=false onToggleDrawer=fn > 
  at <ClientOnly > 
  at <VApp theme="light" class="auto-text" > 
  at <VResponsive class="border rounded" > 
  at <Default ref=Ref< Proxy(Object) > > 
  at <AsyncComponentWrapper ref=Ref< Proxy(Object) > > 
  at <LayoutLoader key="default" layoutProps= {ref: RefImpl} name="default" > 
  at <NuxtLayoutProvider layoutProps= {ref: RefImpl} key="default" name="default"  ... > 
  at <NuxtLayout > 
  at <App key=4 > 
  at <NuxtRoot> @ http://localhost:3001/_nuxt/@fs/home/meebuzo/github/alternate-framework/apps/ecosystem/meeovi-frontend/node_modules/@sentry/core/build/esm/instrument/console.js?v=cfee6d51:42
[   13927ms] [WARNING] [Vue warn]: Avoid app logic that relies on enumerating keys on a component instance. The keys will be empty in production mode to avoid performance overhead. 
  at <VNavigationDrawer modelValue=undefined onUpdate:modelValue=fn location="right"  ... > 
  at <MenusTopmenuLayoutNotifications > 
  at <VCol class="notificationsHeader" > 
  at <VDefaultsProvider defaults= {VTabs: Object} > 
  at <VToolbar ref=Ref< Proxy(Object) > class="v-app-bar" style= {top: 0px, zIndex: 1012, transform: translateY(0px), position: fixed, height: undefined}  ... > 
  at <VAppBar id="topnav" > 
  at <MenusHeader drawer=false onToggleDrawer=fn > 
  at <ClientOnly > 
  at <VApp theme="light" class="auto-text" > 
  at <VResponsive class="border rounded" > 
  at <Default ref=Ref< Proxy(Object) > > 
  at <AsyncComponentWrapper ref=Ref< Proxy(Object) > > 
  at <LayoutLoader key="default" layoutProps= {ref: RefImpl} name="default" > 
  at <NuxtLayoutProvider layoutProps= {ref: RefImpl} key="default" name="default"  ... > 
  at <NuxtLayout > 
  at <App key=4 > 
  at <NuxtRoot> @ http://localhost:3001/_nuxt/@fs/home/meebuzo/github/alternate-framework/apps/ecosystem/meeovi-frontend/node_modules/@sentry/core/build/esm/instrument/console.js?v=cfee6d51:42
[   13931ms] [WARNING] [Vue warn]: Avoid app logic that relies on enumerating keys on a component instance. The keys will be empty in production mode to avoid performance overhead. 
  at <VNavigationDrawer modelValue=undefined onUpdate:modelValue=fn location="right"  ... > 
  at <MenusTopmenuLayoutNotifications > 
  at <VCol class="notificationsHeader" > 
  at <VDefaultsProvider defaults= {VTabs: Object} > 
  at <VToolbar ref=Ref< Proxy(Object) > class="v-app-bar" style= {top: 0px, zIndex: 1012, transform: translateY(0px), position: fixed, height: undefined}  ... > 
  at <VAppBar id="topnav" > 
  at <MenusHeader drawer=false onToggleDrawer=fn > 
  at <ClientOnly > 
  at <VApp theme="light" class="auto-text" > 
  at <VResponsive class="border rounded" > 
  at <Default ref=Ref< Proxy(Object) > > 
  at <AsyncComponentWrapper ref=Ref< Proxy(Object) > > 
  at <LayoutLoader key="default" layoutProps= {ref: RefImpl} name="default" > 
  at <NuxtLayoutProvider layoutProps= {ref: RefImpl} key="default" name="default"  ... > 
  at <NuxtLayout > 
  at <App key=4 > 
  at <NuxtRoot> @ http://localhost:3001/_nuxt/@fs/home/meebuzo/github/alternate-framework/apps/ecosystem/meeovi-frontend/node_modules/@sentry/core/build/esm/instrument/console.js?v=cfee6d51:42
[   13934ms] [WARNING] [Vue warn]: Avoid app logic that relies on enumerating keys on a component instance. The keys will be empty in production mode to avoid performance overhead. 
  at <VNavigationDrawer modelValue=undefined onUpdate:modelValue=fn location="right"  ... > 
  at <MenusTopmenuLayoutNotifications > 
  at <VCol class="notificationsHeader" > 
  at <VDefaultsProvider defaults= {VTabs: Object} > 
  at <VToolbar ref=Ref< Proxy(Object) > class="v-app-bar" style= {top: 0px, zIndex: 1012, transform: translateY(0px), position: fixed, height: undefined}  ... > 
  at <VAppBar id="topnav" > 
  at <MenusHeader drawer=false onToggleDrawer=fn > 
  at <ClientOnly > 
  at <VApp theme="light" class="auto-text" > 
  at <VResponsive class="border rounded" > 
  at <Default ref=Ref< Proxy(Object) > > 
  at <AsyncComponentWrapper ref=Ref< Proxy(Object) > > 
  at <LayoutLoader key="default" layoutProps= {ref: RefImpl} name="default" > 
  at <NuxtLayoutProvider layoutProps= {ref: RefImpl} key="default" name="default"  ... > 
  at <NuxtLayout > 
  at <App key=4 > 
  at <NuxtRoot> @ http://localhost:3001/_nuxt/@fs/home/meebuzo/github/alternate-framework/apps/ecosystem/meeovi-frontend/node_modules/@sentry/core/build/esm/instrument/console.js?v=cfee6d51:42
[   13938ms] [WARNING] [Vue warn]: Avoid app logic that relies on enumerating keys on a component instance. The keys will be empty in production mode to avoid performance overhead. 
  at <VNavigationDrawer modelValue=undefined onUpdate:modelValue=fn location="right"  ... > 
  at <MenusTopmenuLayoutNotifications > 
  at <VCol class="notificationsHeader" > 
  at <VDefaultsProvider defaults= {VTabs: Object} > 
  at <VToolbar ref=Ref< Proxy(Object) > class="v-app-bar" style= {top: 0px, zIndex: 1012, transform: translateY(0px), position: fixed, height: undefined}  ... > 
  at <VAppBar id="topnav" > 
  at <MenusHeader drawer=false onToggleDrawer=fn > 
  at <ClientOnly > 
  at <VApp theme="light" class="auto-text" > 
  at <VResponsive class="border rounded" > 
  at <Default ref=Ref< Proxy(Object) > > 
  at <AsyncComponentWrapper ref=Ref< Proxy(Object) > > 
  at <LayoutLoader key="default" layoutProps= {ref: RefImpl} name="default" > 
  at <NuxtLayoutProvider layoutProps= {ref: RefImpl} key="default" name="default"  ... > 
  at <NuxtLayout > 
  at <App key=4 > 
  at <NuxtRoot> @ http://localhost:3001/_nuxt/@fs/home/meebuzo/github/alternate-framework/apps/ecosystem/meeovi-frontend/node_modules/@sentry/core/build/esm/instrument/console.js?v=cfee6d51:42
[   13941ms] [WARNING] [Vue warn]: Avoid app logic that relies on enumerating keys on a component instance. The keys will be empty in production mode to avoid performance overhead. 
  at <VNavigationDrawer modelValue=undefined onUpdate:modelValue=fn location="right"  ... > 
  at <MenusTopmenuLayoutNotifications > 
  at <VCol class="notificationsHeader" > 
  at <VDefaultsProvider defaults= {VTabs: Object} > 
  at <VToolbar ref=Ref< Proxy(Object) > class="v-app-bar" style= {top: 0px, zIndex: 1012, transform: translateY(0px), position: fixed, height: undefined}  ... > 
  at <VAppBar id="topnav" > 
  at <MenusHeader drawer=false onToggleDrawer=fn > 
  at <ClientOnly > 
  at <VApp theme="light" class="auto-text" > 
  at <VResponsive class="border rounded" > 
  at <Default ref=Ref< Proxy(Object) > > 
  at <AsyncComponentWrapper ref=Ref< Proxy(Object) > > 
  at <LayoutLoader key="default" layoutProps= {ref: RefImpl} name="default" > 
  at <NuxtLayoutProvider layoutProps= {ref: RefImpl} key="default" name="default"  ... > 
  at <NuxtLayout > 
  at <App key=4 > 
  at <NuxtRoot> @ http://localhost:3001/_nuxt/@fs/home/meebuzo/github/alternate-framework/apps/ecosystem/meeovi-frontend/node_modules/@sentry/core/build/esm/instrument/console.js?v=cfee6d51:42
[   13945ms] [WARNING] [Vue warn]: Avoid app logic that relies on enumerating keys on a component instance. The keys will be empty in production mode to avoid performance overhead. 
  at <VNavigationDrawer modelValue=undefined onUpdate:modelValue=fn location="right"  ... > 
  at <MenusTopmenuLayoutNotifications > 
  at <VCol class="notificationsHeader" > 
  at <VDefaultsProvider defaults= {VTabs: Object} > 
  at <VToolbar ref=Ref< Proxy(Object) > class="v-app-bar" style= {top: 0px, zIndex: 1012, transform: translateY(0px), position: fixed, height: undefined}  ... > 
  at <VAppBar id="topnav" > 
  at <MenusHeader drawer=false onToggleDrawer=fn > 
  at <ClientOnly > 
  at <VApp theme="light" class="auto-text" > 
  at <VResponsive class="border rounded" > 
  at <Default ref=Ref< Proxy(Object) > > 
  at <AsyncComponentWrapper ref=Ref< Proxy(Object) > > 
  at <LayoutLoader key="default" layoutProps= {ref: RefImpl} name="default" > 
  at <NuxtLayoutProvider layoutProps= {ref: RefImpl} key="default" name="default"  ... > 
  at <NuxtLayout > 
  at <App key=4 > 
  at <NuxtRoot> @ http://localhost:3001/_nuxt/@fs/home/meebuzo/github/alternate-framework/apps/ecosystem/meeovi-frontend/node_modules/@sentry/core/build/esm/instrument/console.js?v=cfee6d51:42
[   13949ms] [WARNING] [Vue warn]: Avoid app logic that relies on enumerating keys on a component instance. The keys will be empty in production mode to avoid performance overhead. 
  at <VNavigationDrawer modelValue=undefined onUpdate:modelValue=fn location="right"  ... > 
  at <MenusTopmenuLayoutNotifications > 
  at <VCol class="notificationsHeader" > 
  at <VDefaultsProvider defaults= {VTabs: Object} > 
  at <VToolbar ref=Ref< Proxy(Object) > class="v-app-bar" style= {top: 0px, zIndex: 1012, transform: translateY(0px), position: fixed, height: undefined}  ... > 
  at <VAppBar id="topnav" > 
  at <MenusHeader drawer=false onToggleDrawer=fn > 
  at <ClientOnly > 
  at <VApp theme="light" class="auto-text" > 
  at <VResponsive class="border rounded" > 
  at <Default ref=Ref< Proxy(Object) > > 
  at <AsyncComponentWrapper ref=Ref< Proxy(Object) > > 
  at <LayoutLoader key="default" layoutProps= {ref: RefImpl} name="default" > 
  at <NuxtLayoutProvider layoutProps= {ref: RefImpl} key="default" name="default"  ... > 
  at <NuxtLayout > 
  at <App key=4 > 
  at <NuxtRoot> @ http://localhost:3001/_nuxt/@fs/home/meebuzo/github/alternate-framework/apps/ecosystem/meeovi-frontend/node_modules/@sentry/core/build/esm/instrument/console.js?v=cfee6d51:42
[   13952ms] [WARNING] [Vue warn]: Avoid app logic that relies on enumerating keys on a component instance. The keys will be empty in production mode to avoid performance overhead. 
  at <VNavigationDrawer modelValue=undefined onUpdate:modelValue=fn location="right"  ... > 
  at <MenusTopmenuLayoutNotifications > 
  at <VCol class="notificationsHeader" > 
  at <VDefaultsProvider defaults= {VTabs: Object} > 
  at <VToolbar ref=Ref< Proxy(Object) > class="v-app-bar" style= {top: 0px, zIndex: 1012, transform: translateY(0px), position: fixed, height: undefined}  ... > 
  at <VAppBar id="topnav" > 
  at <MenusHeader drawer=false onToggleDrawer=fn > 
  at <ClientOnly > 
  at <VApp theme="light" class="auto-text" > 
  at <VResponsive class="border rounded" > 
  at <Default ref=Ref< Proxy(Object) > > 
  at <AsyncComponentWrapper ref=Ref< Proxy(Object) > > 
  at <LayoutLoader key="default" layoutProps= {ref: RefImpl} name="default" > 
  at <NuxtLayoutProvider layoutProps= {ref: RefImpl} key="default" name="default"  ... > 
  at <NuxtLayout > 
  at <App key=4 > 
  at <NuxtRoot> @ http://localhost:3001/_nuxt/@fs/home/meebuzo/github/alternate-framework/apps/ecosystem/meeovi-frontend/node_modules/@sentry/core/build/esm/instrument/console.js?v=cfee6d51:42
[   13956ms] [WARNING] [Vue warn]: Avoid app logic that relies on enumerating keys on a component instance. The keys will be empty in production mode to avoid performance overhead. 
  at <VNavigationDrawer modelValue=undefined onUpdate:modelValue=fn location="right"  ... > 
  at <MenusTopmenuLayoutNotifications > 
  at <VCol class="notificationsHeader" > 
  at <VDefaultsProvider defaults= {VTabs: Object} > 
  at <VToolbar ref=Ref< Proxy(Object) > class="v-app-bar" style= {top: 0px, zIndex: 1012, transform: translateY(0px), position: fixed, height: undefined}  ... > 
  at <VAppBar id="topnav" > 
  at <MenusHeader drawer=false onToggleDrawer=fn > 
  at <ClientOnly > 
  at <VApp theme="light" class="auto-text" > 
  at <VResponsive class="border rounded" > 
  at <Default ref=Ref< Proxy(Object) > > 
  at <AsyncComponentWrapper ref=Ref< Proxy(Object) > > 
  at <LayoutLoader key="default" layoutProps= {ref: RefImpl} name="default" > 
  at <NuxtLayoutProvider layoutProps= {ref: RefImpl} key="default" name="default"  ... > 
  at <NuxtLayout > 
  at <App key=4 > 
  at <NuxtRoot> @ http://localhost:3001/_nuxt/@fs/home/meebuzo/github/alternate-framework/apps/ecosystem/meeovi-frontend/node_modules/@sentry/core/build/esm/instrument/console.js?v=cfee6d51:42
[   13959ms] [WARNING] [Vue warn]: Avoid app logic that relies on enumerating keys on a component instance. The keys will be empty in production mode to avoid performance overhead. 
  at <VNavigationDrawer modelValue=undefined onUpdate:modelValue=fn location="right"  ... > 
  at <MenusTopmenuLayoutNotifications > 
  at <VCol class="notificationsHeader" > 
  at <VDefaultsProvider defaults= {VTabs: Object} > 
  at <VToolbar ref=Ref< Proxy(Object) > class="v-app-bar" style= {top: 0px, zIndex: 1012, transform: translateY(0px), position: fixed, height: undefined}  ... > 
  at <VAppBar id="topnav" > 
  at <MenusHeader drawer=false onToggleDrawer=fn > 
  at <ClientOnly > 
  at <VApp theme="light" class="auto-text" > 
  at <VResponsive class="border rounded" > 
  at <Default ref=Ref< Proxy(Object) > > 
  at <AsyncComponentWrapper ref=Ref< Proxy(Object) > > 
  at <LayoutLoader key="default" layoutProps= {ref: RefImpl} name="default" > 
  at <NuxtLayoutProvider layoutProps= {ref: RefImpl} key="default" name="default"  ... > 
  at <NuxtLayout > 
  at <App key=4 > 
  at <NuxtRoot> @ http://localhost:3001/_nuxt/@fs/home/meebuzo/github/alternate-framework/apps/ecosystem/meeovi-frontend/node_modules/@sentry/core/build/esm/instrument/console.js?v=cfee6d51:42
[   13962ms] [WARNING] [Vue warn]: Avoid app logic that relies on enumerating keys on a component instance. The keys will be empty in production mode to avoid performance overhead. 
  at <VNavigationDrawer modelValue=undefined onUpdate:modelValue=fn location="right"  ... > 
  at <MenusTopmenuLayoutNotifications > 
  at <VCol class="notificationsHeader" > 
  at <VDefaultsProvider defaults= {VTabs: Object} > 
  at <VToolbar ref=Ref< Proxy(Object) > class="v-app-bar" style= {top: 0px, zIndex: 1012, transform: translateY(0px), position: fixed, height: undefined}  ... > 
  at <VAppBar id="topnav" > 
  at <MenusHeader drawer=false onToggleDrawer=fn > 
  at <ClientOnly > 
  at <VApp theme="light" class="auto-text" > 
  at <VResponsive class="border rounded" > 
  at <Default ref=Ref< Proxy(Object) > > 
  at <AsyncComponentWrapper ref=Ref< Proxy(Object) > > 
  at <LayoutLoader key="default" layoutProps= {ref: RefImpl} name="default" > 
  at <NuxtLayoutProvider layoutProps= {ref: RefImpl} key="default" name="default"  ... > 
  at <NuxtLayout > 
  at <App key=4 > 
  at <NuxtRoot> @ http://localhost:3001/_nuxt/@fs/home/meebuzo/github/alternate-framework/apps/ecosystem/meeovi-frontend/node_modules/@sentry/core/build/esm/instrument/console.js?v=cfee6d51:42
[   13965ms] [WARNING] [Vue warn]: Avoid app logic that relies on enumerating keys on a component instance. The keys will be empty in production mode to avoid performance overhead. 
  at <VNavigationDrawer modelValue=undefined onUpdate:modelValue=fn location="right"  ... > 
  at <MenusTopmenuLayoutNotifications > 
  at <VCol class="notificationsHeader" > 
  at <VDefaultsProvider defaults= {VTabs: Object} > 
  at <VToolbar ref=Ref< Proxy(Object) > class="v-app-bar" style= {top: 0px, zIndex: 1012, transform: translateY(0px), position: fixed, height: undefined}  ... > 
  at <VAppBar id="topnav" > 
  at <MenusHeader drawer=false onToggleDrawer=fn > 
  at <ClientOnly > 
  at <VApp theme="light" class="auto-text" > 
  at <VResponsive class="border rounded" > 
  at <Default ref=Ref< Proxy(Object) > > 
  at <AsyncComponentWrapper ref=Ref< Proxy(Object) > > 
  at <LayoutLoader key="default" layoutProps= {ref: RefImpl} name="default" > 
  at <NuxtLayoutProvider layoutProps= {ref: RefImpl} key="default" name="default"  ... > 
  at <NuxtLayout > 
  at <App key=4 > 
  at <NuxtRoot> @ http://localhost:3001/_nuxt/@fs/home/meebuzo/github/alternate-framework/apps/ecosystem/meeovi-frontend/node_modules/@sentry/core/build/esm/instrument/console.js?v=cfee6d51:42
[   13969ms] [WARNING] [Vue warn]: Avoid app logic that relies on enumerating keys on a component instance. The keys will be empty in production mode to avoid performance overhead. 
  at <VNavigationDrawer modelValue=undefined onUpdate:modelValue=fn location="right"  ... > 
  at <MenusTopmenuLayoutNotifications > 
  at <VCol class="notificationsHeader" > 
  at <VDefaultsProvider defaults= {VTabs: Object} > 
  at <VToolbar ref=Ref< Proxy(Object) > class="v-app-bar" style= {top: 0px, zIndex: 1012, transform: translateY(0px), position: fixed, height: undefined}  ... > 
  at <VAppBar id="topnav" > 
  at <MenusHeader drawer=false onToggleDrawer=fn > 
  at <ClientOnly > 
  at <VApp theme="light" class="auto-text" > 
  at <VResponsive class="border rounded" > 
  at <Default ref=Ref< Proxy(Object) > > 
  at <AsyncComponentWrapper ref=Ref< Proxy(Object) > > 
  at <LayoutLoader key="default" layoutProps= {ref: RefImpl} name="default" > 
  at <NuxtLayoutProvider layoutProps= {ref: RefImpl} key="default" name="default"  ... > 
  at <NuxtLayout > 
  at <App key=4 > 
  at <NuxtRoot> @ http://localhost:3001/_nuxt/@fs/home/meebuzo/github/alternate-framework/apps/ecosystem/meeovi-frontend/node_modules/@sentry/core/build/esm/instrument/console.js?v=cfee6d51:42
[   13972ms] [WARNING] [Vue warn]: Avoid app logic that relies on enumerating keys on a component instance. The keys will be empty in production mode to avoid performance overhead. 
  at <VNavigationDrawer modelValue=undefined onUpdate:modelValue=fn location="right"  ... > 
  at <MenusTopmenuLayoutNotifications > 
  at <VCol class="notificationsHeader" > 
  at <VDefaultsProvider defaults= {VTabs: Object} > 
  at <VToolbar ref=Ref< Proxy(Object) > class="v-app-bar" style= {top: 0px, zIndex: 1012, transform: translateY(0px), position: fixed, height: undefined}  ... > 
  at <VAppBar id="topnav" > 
  at <MenusHeader drawer=false onToggleDrawer=fn > 
  at <ClientOnly > 
  at <VApp theme="light" class="auto-text" > 
  at <VResponsive class="border rounded" > 
  at <Default ref=Ref< Proxy(Object) > > 
  at <AsyncComponentWrapper ref=Ref< Proxy(Object) > > 
  at <LayoutLoader key="default" layoutProps= {ref: RefImpl} name="default" > 
  at <NuxtLayoutProvider layoutProps= {ref: RefImpl} key="default" name="default"  ... > 
  at <NuxtLayout > 
  at <App key=4 > 
  at <NuxtRoot> @ http://localhost:3001/_nuxt/@fs/home/meebuzo/github/alternate-framework/apps/ecosystem/meeovi-frontend/node_modules/@sentry/core/build/esm/instrument/console.js?v=cfee6d51:42
[   13975ms] [WARNING] [Vue warn]: Avoid app logic that relies on enumerating keys on a component instance. The keys will be empty in production mode to avoid performance overhead. 
  at <VNavigationDrawer modelValue=undefined onUpdate:modelValue=fn location="right"  ... > 
  at <MenusTopmenuLayoutNotifications > 
  at <VCol class="notificationsHeader" > 
  at <VDefaultsProvider defaults= {VTabs: Object} > 
  at <VToolbar ref=Ref< Proxy(Object) > class="v-app-bar" style= {top: 0px, zIndex: 1012, transform: translateY(0px), position: fixed, height: undefined}  ... > 
  at <VAppBar id="topnav" > 
  at <MenusHeader drawer=false onToggleDrawer=fn > 
  at <ClientOnly > 
  at <VApp theme="light" class="auto-text" > 
  at <VResponsive class="border rounded" > 
  at <Default ref=Ref< Proxy(Object) > > 
  at <AsyncComponentWrapper ref=Ref< Proxy(Object) > > 
  at <LayoutLoader key="default" layoutProps= {ref: RefImpl} name="default" > 
  at <NuxtLayoutProvider layoutProps= {ref: RefImpl} key="default" name="default"  ... > 
  at <NuxtLayout > 
  at <App key=4 > 
  at <NuxtRoot> @ http://localhost:3001/_nuxt/@fs/home/meebuzo/github/alternate-framework/apps/ecosystem/meeovi-frontend/node_modules/@sentry/core/build/esm/instrument/console.js?v=cfee6d51:42
[   13978ms] [WARNING] [Vue warn]: Avoid app logic that relies on enumerating keys on a component instance. The keys will be empty in production mode to avoid performance overhead. 
  at <VNavigationDrawer modelValue=undefined onUpdate:modelValue=fn location="right"  ... > 
  at <MenusTopmenuLayoutNotifications > 
  at <VCol class="notificationsHeader" > 
  at <VDefaultsProvider defaults= {VTabs: Object} > 
  at <VToolbar ref=Ref< Proxy(Object) > class="v-app-bar" style= {top: 0px, zIndex: 1012, transform: translateY(0px), position: fixed, height: undefined}  ... > 
  at <VAppBar id="topnav" > 
  at <MenusHeader drawer=false onToggleDrawer=fn > 
  at <ClientOnly > 
  at <VApp theme="light" class="auto-text" > 
  at <VResponsive class="border rounded" > 
  at <Default ref=Ref< Proxy(Object) > > 
  at <AsyncComponentWrapper ref=Ref< Proxy(Object) > > 
  at <LayoutLoader key="default" layoutProps= {ref: RefImpl} name="default" > 
  at <NuxtLayoutProvider layoutProps= {ref: RefImpl} key="default" name="default"  ... > 
  at <NuxtLayout > 
  at <App key=4 > 
  at <NuxtRoot> @ http://localhost:3001/_nuxt/@fs/home/meebuzo/github/alternate-framework/apps/ecosystem/meeovi-frontend/node_modules/@sentry/core/build/esm/instrument/console.js?v=cfee6d51:42
[   13981ms] [WARNING] [Vue warn]: Avoid app logic that relies on enumerating keys on a component instance. The keys will be empty in production mode to avoid performance overhead. 
  at <VNavigationDrawer modelValue=undefined onUpdate:modelValue=fn location="right"  ... > 
  at <MenusTopmenuLayoutNotifications > 
  at <VCol class="notificationsHeader" > 
  at <VDefaultsProvider defaults= {VTabs: Object} > 
  at <VToolbar ref=Ref< Proxy(Object) > class="v-app-bar" style= {top: 0px, zIndex: 1012, transform: translateY(0px), position: fixed, height: undefined}  ... > 
  at <VAppBar id="topnav" > 
  at <MenusHeader drawer=false onToggleDrawer=fn > 
  at <ClientOnly > 
  at <VApp theme="light" class="auto-text" > 
  at <VResponsive class="border rounded" > 
  at <Default ref=Ref< Proxy(Object) > > 
  at <AsyncComponentWrapper ref=Ref< Proxy(Object) > > 
  at <LayoutLoader key="default" layoutProps= {ref: RefImpl} name="default" > 
  at <NuxtLayoutProvider layoutProps= {ref: RefImpl} key="default" name="default"  ... > 
  at <NuxtLayout > 
  at <App key=4 > 
  at <NuxtRoot> @ http://localhost:3001/_nuxt/@fs/home/meebuzo/github/alternate-framework/apps/ecosystem/meeovi-frontend/node_modules/@sentry/core/build/esm/instrument/console.js?v=cfee6d51:42
[   13984ms] [WARNING] [Vue warn]: Avoid app logic that relies on enumerating keys on a component instance. The keys will be empty in production mode to avoid performance overhead. 
  at <VNavigationDrawer modelValue=undefined onUpdate:modelValue=fn location="right"  ... > 
  at <MenusTopmenuLayoutNotifications > 
  at <VCol class="notificationsHeader" > 
  at <VDefaultsProvider defaults= {VTabs: Object} > 
  at <VToolbar ref=Ref< Proxy(Object) > class="v-app-bar" style= {top: 0px, zIndex: 1012, transform: translateY(0px), position: fixed, height: undefined}  ... > 
  at <VAppBar id="topnav" > 
  at <MenusHeader drawer=false onToggleDrawer=fn > 
  at <ClientOnly > 
  at <VApp theme="light" class="auto-text" > 
  at <VResponsive class="border rounded" > 
  at <Default ref=Ref< Proxy(Object) > > 
  at <AsyncComponentWrapper ref=Ref< Proxy(Object) > > 
  at <LayoutLoader key="default" layoutProps= {ref: RefImpl} name="default" > 
  at <NuxtLayoutProvider layoutProps= {ref: RefImpl} key="default" name="default"  ... > 
  at <NuxtLayout > 
  at <App key=4 > 
  at <NuxtRoot> @ http://localhost:3001/_nuxt/@fs/home/meebuzo/github/alternate-framework/apps/ecosystem/meeovi-frontend/node_modules/@sentry/core/build/esm/instrument/console.js?v=cfee6d51:42
[   13987ms] [WARNING] [Vue warn]: Avoid app logic that relies on enumerating keys on a component instance. The keys will be empty in production mode to avoid performance overhead. 
  at <VNavigationDrawer modelValue=undefined onUpdate:modelValue=fn location="right"  ... > 
  at <MenusTopmenuLayoutNotifications > 
  at <VCol class="notificationsHeader" > 
  at <VDefaultsProvider defaults= {VTabs: Object} > 
  at <VToolbar ref=Ref< Proxy(Object) > class="v-app-bar" style= {top: 0px, zIndex: 1012, transform: translateY(0px), position: fixed, height: undefined}  ... > 
  at <VAppBar id="topnav" > 
  at <MenusHeader drawer=false onToggleDrawer=fn > 
  at <ClientOnly > 
  at <VApp theme="light" class="auto-text" > 
  at <VResponsive class="border rounded" > 
  at <Default ref=Ref< Proxy(Object) > > 
  at <AsyncComponentWrapper ref=Ref< Proxy(Object) > > 
  at <LayoutLoader key="default" layoutProps= {ref: RefImpl} name="default" > 
  at <NuxtLayoutProvider layoutProps= {ref: RefImpl} key="default" name="default"  ... > 
  at <NuxtLayout > 
  at <App key=4 > 
  at <NuxtRoot> @ http://localhost:3001/_nuxt/@fs/home/meebuzo/github/alternate-framework/apps/ecosystem/meeovi-frontend/node_modules/@sentry/core/build/esm/instrument/console.js?v=cfee6d51:42
[   13990ms] [WARNING] [Vue warn]: Avoid app logic that relies on enumerating keys on a component instance. The keys will be empty in production mode to avoid performance overhead. 
  at <VNavigationDrawer modelValue=undefined onUpdate:modelValue=fn location="right"  ... > 
  at <MenusTopmenuLayoutNotifications > 
  at <VCol class="notificationsHeader" > 
  at <VDefaultsProvider defaults= {VTabs: Object} > 
  at <VToolbar ref=Ref< Proxy(Object) > class="v-app-bar" style= {top: 0px, zIndex: 1012, transform: translateY(0px), position: fixed, height: undefined}  ... > 
  at <VAppBar id="topnav" > 
  at <MenusHeader drawer=false onToggleDrawer=fn > 
  at <ClientOnly > 
  at <VApp theme="light" class="auto-text" > 
  at <VResponsive class="border rounded" > 
  at <Default ref=Ref< Proxy(Object) > > 
  at <AsyncComponentWrapper ref=Ref< Proxy(Object) > > 
  at <LayoutLoader key="default" layoutProps= {ref: RefImpl} name="default" > 
  at <NuxtLayoutProvider layoutProps= {ref: RefImpl} key="default" name="default"  ... > 
  at <NuxtLayout > 
  at <App key=4 > 
  at <NuxtRoot> @ http://localhost:3001/_nuxt/@fs/home/meebuzo/github/alternate-framework/apps/ecosystem/meeovi-frontend/node_modules/@sentry/core/build/esm/instrument/console.js?v=cfee6d51:42
[   13993ms] [WARNING] [Vue warn]: Avoid app logic that relies on enumerating keys on a component instance. The keys will be empty in production mode to avoid performance overhead. 
  at <VNavigationDrawer modelValue=undefined onUpdate:modelValue=fn location="right"  ... > 
  at <MenusTopmenuLayoutNotifications > 
  at <VCol class="notificationsHeader" > 
  at <VDefaultsProvider defaults= {VTabs: Object} > 
  at <VToolbar ref=Ref< Proxy(Object) > class="v-app-bar" style= {top: 0px, zIndex: 1012, transform: translateY(0px), position: fixed, height: undefined}  ... > 
  at <VAppBar id="topnav" > 
  at <MenusHeader drawer=false onToggleDrawer=fn > 
  at <ClientOnly > 
  at <VApp theme="light" class="auto-text" > 
  at <VResponsive class="border rounded" > 
  at <Default ref=Ref< Proxy(Object) > > 
  at <AsyncComponentWrapper ref=Ref< Proxy(Object) > > 
  at <LayoutLoader key="default" layoutProps= {ref: RefImpl} name="default" > 
  at <NuxtLayoutProvider layoutProps= {ref: RefImpl} key="default" name="default"  ... > 
  at <NuxtLayout > 
  at <App key=4 > 
  at <NuxtRoot> @ http://localhost:3001/_nuxt/@fs/home/meebuzo/github/alternate-framework/apps/ecosystem/meeovi-frontend/node_modules/@sentry/core/build/esm/instrument/console.js?v=cfee6d51:42
[   13996ms] [WARNING] [Vue warn]: Avoid app logic that relies on enumerating keys on a component instance. The keys will be empty in production mode to avoid performance overhead. 
  at <VNavigationDrawer modelValue=undefined onUpdate:modelValue=fn location="right"  ... > 
  at <MenusTopmenuLayoutNotifications > 
  at <VCol class="notificationsHeader" > 
  at <VDefaultsProvider defaults= {VTabs: Object} > 
  at <VToolbar ref=Ref< Proxy(Object) > class="v-app-bar" style= {top: 0px, zIndex: 1012, transform: translateY(0px), position: fixed, height: undefined}  ... > 
  at <VAppBar id="topnav" > 
  at <MenusHeader drawer=false onToggleDrawer=fn > 
  at <ClientOnly > 
  at <VApp theme="light" class="auto-text" > 
  at <VResponsive class="border rounded" > 
  at <Default ref=Ref< Proxy(Object) > > 
  at <AsyncComponentWrapper ref=Ref< Proxy(Object) > > 
  at <LayoutLoader key="default" layoutProps= {ref: RefImpl} name="default" > 
  at <NuxtLayoutProvider layoutProps= {ref: RefImpl} key="default" name="default"  ... > 
  at <NuxtLayout > 
  at <App key=4 > 
  at <NuxtRoot> @ http://localhost:3001/_nuxt/@fs/home/meebuzo/github/alternate-framework/apps/ecosystem/meeovi-frontend/node_modules/@sentry/core/build/esm/instrument/console.js?v=cfee6d51:42
[   13999ms] [WARNING] [Vue warn]: Avoid app logic that relies on enumerating keys on a component instance. The keys will be empty in production mode to avoid performance overhead. 
  at <VNavigationDrawer modelValue=undefined onUpdate:modelValue=fn location="right"  ... > 
  at <MenusTopmenuLayoutNotifications > 
  at <VCol class="notificationsHeader" > 
  at <VDefaultsProvider defaults= {VTabs: Object} > 
  at <VToolbar ref=Ref< Proxy(Object) > class="v-app-bar" style= {top: 0px, zIndex: 1012, transform: translateY(0px), position: fixed, height: undefined}  ... > 
  at <VAppBar id="topnav" > 
  at <MenusHeader drawer=false onToggleDrawer=fn > 
  at <ClientOnly > 
  at <VApp theme="light" class="auto-text" > 
  at <VResponsive class="border rounded" > 
  at <Default ref=Ref< Proxy(Object) > > 
  at <AsyncComponentWrapper ref=Ref< Proxy(Object) > > 
  at <LayoutLoader key="default" layoutProps= {ref: RefImpl} name="default" > 
  at <NuxtLayoutProvider layoutProps= {ref: RefImpl} key="default" name="default"  ... > 
  at <NuxtLayout > 
  at <App key=4 > 
  at <NuxtRoot> @ http://localhost:3001/_nuxt/@fs/home/meebuzo/github/alternate-framework/apps/ecosystem/meeovi-frontend/node_modules/@sentry/core/build/esm/instrument/console.js?v=cfee6d51:42
[   14002ms] [WARNING] [Vue warn]: Avoid app logic that relies on enumerating keys on a component instance. The keys will be empty in production mode to avoid performance overhead. 
  at <VNavigationDrawer modelValue=undefined onUpdate:modelValue=fn location="right"  ... > 
  at <MenusTopmenuLayoutNotifications > 
  at <VCol class="notificationsHeader" > 
  at <VDefaultsProvider defaults= {VTabs: Object} > 
  at <VToolbar ref=Ref< Proxy(Object) > class="v-app-bar" style= {top: 0px, zIndex: 1012, transform: translateY(0px), position: fixed, height: undefined}  ... > 
  at <VAppBar id="topnav" > 
  at <MenusHeader drawer=false onToggleDrawer=fn > 
  at <ClientOnly > 
  at <VApp theme="light" class="auto-text" > 
  at <VResponsive class="border rounded" > 
  at <Default ref=Ref< Proxy(Object) > > 
  at <AsyncComponentWrapper ref=Ref< Proxy(Object) > > 
  at <LayoutLoader key="default" layoutProps= {ref: RefImpl} name="default" > 
  at <NuxtLayoutProvider layoutProps= {ref: RefImpl} key="default" name="default"  ... > 
  at <NuxtLayout > 
  at <App key=4 > 
  at <NuxtRoot> @ http://localhost:3001/_nuxt/@fs/home/meebuzo/github/alternate-framework/apps/ecosystem/meeovi-frontend/node_modules/@sentry/core/build/esm/instrument/console.js?v=cfee6d51:42
[   14007ms] [ERROR] Connecting to 'https://o996770.ingest.us.sentry.io/api/5955273/envelope/?sentry_version=7&sentry_key=df1b90fab7c44ce8aef097a63b468d61&sentry_client=sentry.javascript.nuxt%2F10.63.0' violates the following Content Security Policy directive: "connect-src 'self' https://*.mux.com". The action has been blocked. @ http://localhost:3001/_nuxt/@fs/home/meebuzo/github/alternate-framework/apps/ecosystem/meeovi-frontend/node_modules/@sentry/browser/build/npm/esm/dev/transports/fetch.js?v=cfee6d51:31
[   14007ms] [ERROR] Fetch API cannot load https://o996770.ingest.us.sentry.io/api/5955273/envelope/?sentry_version=7&sentry_key=df1b90fab7c44ce8aef097a63b468d61&sentry_client=sentry.javascript.nuxt%2F10.63.0. Refused to connect because it violates the document's Content Security Policy. @ http://localhost:3001/_nuxt/@fs/home/meebuzo/github/alternate-framework/apps/ecosystem/meeovi-frontend/node_modules/@sentry/browser/build/npm/esm/dev/transports/fetch.js?v=cfee6d51:31
[   14008ms] [ERROR] Failed to load resource: the server responded with a status of 404 (Not Found) @ http://localhost:3001/api/auth/fetch-session:0
[   14804ms] TypeError: Cannot convert object to primitive value
    at http://localhost:3001/_nuxt/components/menus/topmenu/myaccounttopmenu.vue:174:63
    at Proxy.renderFnWithContext (http://localhost:3001/_nuxt/@fs/home/meebuzo/github/alternate-framework/apps/ecosystem/meeovi-frontend/node_modules/@vue/runtime-core/dist/runtime-core.esm-bundler.js?v=cfee6d51:709:13)
    at Proxy.<anonymous> (http://localhost:3001/_nuxt/@fs/home/meebuzo/github/alternate-framework/node_modules/vuetify/lib/components/VList/VListChildren.js?v=cfee6d51:21:33)
    at renderComponentRoot (http://localhost:3001/_nuxt/@fs/home/meebuzo/github/alternate-framework/apps/ecosystem/meeovi-frontend/node_modules/@vue/runtime-core/dist/runtime-core.esm-bundler.js?v=cfee6d51:4628:16)
    at ReactiveEffect.componentUpdateFn [as fn] (http://localhost:3001/_nuxt/@fs/home/meebuzo/github/alternate-framework/apps/ecosystem/meeovi-frontend/node_modules/@vue/runtime-core/dist/runtime-core.esm-bundler.js?v=cfee6d51:6206:46)
    at ReactiveEffect.run (http://localhost:3001/_nuxt/@fs/home/meebuzo/github/alternate-framework/apps/ecosystem/meeovi-frontend/node_modules/@vue/reactivity/dist/reactivity.esm-bundler.js?v=cfee6d51:230:19)
    at setupRenderEffect (http://localhost:3001/_nuxt/@fs/home/meebuzo/github/alternate-framework/apps/ecosystem/meeovi-frontend/node_modules/@vue/runtime-core/dist/runtime-core.esm-bundler.js?v=cfee6d51:6341:5)
    at mountComponent (http://localhost:3001/_nuxt/@fs/home/meebuzo/github/alternate-framework/apps/ecosystem/meeovi-frontend/node_modules/@vue/runtime-core/dist/runtime-core.esm-bundler.js?v=cfee6d51:6113:7)
    at processComponent (http://localhost:3001/_nuxt/@fs/home/meebuzo/github/alternate-framework/apps/ecosystem/meeovi-frontend/node_modules/@vue/runtime-core/dist/runtime-core.esm-bundler.js?v=cfee6d51:6065:9)
    at patch (http://localhost:3001/_nuxt/@fs/home/meebuzo/github/alternate-framework/apps/ecosystem/meeovi-frontend/node_modules/@vue/runtime-core/dist/runtime-core.esm-bundler.js?v=cfee6d51:5557:11)
    at mountChildren (http://localhost:3001/_nuxt/@fs/home/meebuzo/github/alternate-framework/apps/ecosystem/meeovi-frontend/node_modules/@vue/runtime-core/dist/runtime-core.esm-bundler.js?v=cfee6d51:5808:7)
    at mountElement (http://localhost:3001/_nuxt/@fs/home/meebuzo/github/alternate-framework/apps/ecosystem/meeovi-frontend/node_modules/@vue/runtime-core/dist/runtime-core.esm-bundler.js?v=cfee6d51:5724:7)
    at processElement (http://localhost:3001/_nuxt/@fs/home/meebuzo/github/alternate-framework/apps/ecosystem/meeovi-frontend/node_modules/@vue/runtime-core/dist/runtime-core.esm-bundler.js?v=cfee6d51:5679:7)
    at patch (http://localhost:3001/_nuxt/@fs/home/meebuzo/github/alternate-framework/apps/ecosystem/meeovi-frontend/node_modules/@vue/runtime-core/dist/runtime-core.esm-bundler.js?v=cfee6d51:5545:11)
    at ReactiveEffect.componentUpdateFn [as fn] (http://localhost:3001/_nuxt/@fs/home/meebuzo/github/alternate-framework/apps/ecosystem/meeovi-frontend/node_modules/@vue/runtime-core/dist/runtime-core.esm-bundler.js?v=cfee6d51:6213:11)
    at ReactiveEffect.run (http://localhost:3001/_nuxt/@fs/home/meebuzo/github/alternate-framework/apps/ecosystem/meeovi-frontend/node_modules/@vue/reactivity/dist/reactivity.esm-bundler.js?v=cfee6d51:230:19)
    at setupRenderEffect (http://localhost:3001/_nuxt/@fs/home/meebuzo/github/alternate-framework/apps/ecosystem/meeovi-frontend/node_modules/@vue/runtime-core/dist/runtime-core.esm-bundler.js?v=cfee6d51:6341:5)
    at mountComponent (http://localhost:3001/_nuxt/@fs/home/meebuzo/github/alternate-framework/apps/ecosystem/meeovi-frontend/node_modules/@vue/runtime-core/dist/runtime-core.esm-bundler.js?v=cfee6d51:6113:7)
    at processComponent (http://localhost:3001/_nuxt/@fs/home/meebuzo/github/alternate-framework/apps/ecosystem/meeovi-frontend/node_modules/@vue/runtime-core/dist/runtime-core.esm-bundler.js?v=cfee6d51:6065:9)
    at patch (http://localhost:3001/_nuxt/@fs/home/meebuzo/github/alternate-framework/apps/ecosystem/meeovi-frontend/node_modules/@vue/runtime-core/dist/runtime-core.esm-bundler.js?v=cfee6d51:5557:11)
    at mountChildren (http://localhost:3001/_nuxt/@fs/home/meebuzo/github/alternate-framework/apps/ecosystem/meeovi-frontend/node_modules/@vue/runtime-core/dist/runtime-core.esm-bundler.js?v=cfee6d51:5808:7)
    at mountElement (http://localhost:3001/_nuxt/@fs/home/meebuzo/github/alternate-framework/apps/ecosystem/meeovi-frontend/node_modules/@vue/runtime-core/dist/runtime-core.esm-bundler.js?v=cfee6d51:5724:7)
    at processElement (http://localhost:3001/_nuxt/@fs/home/meebuzo/github/alternate-framework/apps/ecosystem/meeovi-frontend/node_modules/@vue/runtime-core/dist/runtime-core.esm-bundler.js?v=cfee6d51:5679:7)
    at patch (http://localhost:3001/_nuxt/@fs/home/meebuzo/github/alternate-framework/apps/ecosystem/meeovi-frontend/node_modules/@vue/runtime-core/dist/runtime-core.esm-bundler.js?v=cfee6d51:5545:11)
    at mountChildren (http://localhost:3001/_nuxt/@fs/home/meebuzo/github/alternate-framework/apps/ecosystem/meeovi-frontend/node_modules/@vue/runtime-core/dist/runtime-core.esm-bundler.js?v=cfee6d51:5808:7)
    at processFragment (http://localhost:3001/_nuxt/@fs/home/meebuzo/github/alternate-framework/apps/ecosystem/meeovi-frontend/node_modules/@vue/runtime-core/dist/runtime-core.esm-bundler.js?v=cfee6d51:5995:7)
    at patch (http://localhost:3001/_nuxt/@fs/home/meebuzo/github/alternate-framework/apps/ecosystem/meeovi-frontend/node_modules/@vue/runtime-core/dist/runtime-core.esm-bundler.js?v=cfee6d51:5531:9)
    at mountChildren (http://localhost:3001/_nuxt/@fs/home/meebuzo/github/alternate-framework/apps/ecosystem/meeovi-frontend/node_modules/@vue/runtime-core/dist/runtime-core.esm-bundler.js?v=cfee6d51:5808:7)
    at mountElement (http://localhost:3001/_nuxt/@fs/home/meebuzo/github/alternate-framework/apps/ecosystem/meeovi-frontend/node_modules/@vue/runtime-core/dist/runtime-core.esm-bundler.js?v=cfee6d51:5724:7)
    at processElement (http://localhost:3001/_nuxt/@fs/home/meebuzo/github/alternate-framework/apps/ecosystem/meeovi-frontend/node_modules/@vue/runtime-core/dist/runtime-core.esm-bundler.js?v=cfee6d51:5679:7)
    at patch (http://localhost:3001/_nuxt/@fs/home/meebuzo/github/alternate-framework/apps/ecosystem/meeovi-frontend/node_modules/@vue/runtime-core/dist/runtime-core.esm-bundler.js?v=cfee6d51:5545:11)
    at mountChildren (http://localhost:3001/_nuxt/@fs/home/meebuzo/github/alternate-framework/apps/ecosystem/meeovi-frontend/node_modules/@vue/runtime-core/dist/runtime-core.esm-bundler.js?v=cfee6d51:5808:7)
    at mountElement (http://localhost:3001/_nuxt/@fs/home/meebuzo/github/alternate-framework/apps/ecosystem/meeovi-frontend/node_modules/@vue/runtime-core/dist/runtime-core.esm-bundler.js?v=cfee6d51:5724:7)
    at processElement (http://localhost:3001/_nuxt/@fs/home/meebuzo/github/alternate-framework/apps/ecosystem/meeovi-frontend/node_modules/@vue/runtime-core/dist/runtime-core.esm-bundler.js?v=cfee6d51:5679:7)
    at patch (http://localhost:3001/_nuxt/@fs/home/meebuzo/github/alternate-framework/apps/ecosystem/meeovi-frontend/node_modules/@vue/runtime-core/dist/runtime-core.esm-bundler.js?v=cfee6d51:5545:11)
    at mountChildren (http://localhost:3001/_nuxt/@fs/home/meebuzo/github/alternate-framework/apps/ecosystem/meeovi-frontend/node_modules/@vue/runtime-core/dist/runtime-core.esm-bundler.js?v=cfee6d51:5808:7)
    at processFragment (http://localhost:3001/_nuxt/@fs/home/meebuzo/github/alternate-framework/apps/ecosystem/meeovi-frontend/node_modules/@vue/runtime-core/dist/runtime-core.esm-bundler.js?v=cfee6d51:5995:7)
    at patch (http://localhost:3001/_nuxt/@fs/home/meebuzo/github/alternate-framework/apps/ecosystem/meeovi-frontend/node_modules/@vue/runtime-core/dist/runtime-core.esm-bundler.js?v=cfee6d51:5531:9)
    at ReactiveEffect.componentUpdateFn [as fn] (http://localhost:3001/_nuxt/@fs/home/meebuzo/github/alternate-framework/apps/ecosystem/meeovi-frontend/node_modules/@vue/runtime-core/dist/runtime-core.esm-bundler.js?v=cfee6d51:6213:11)
    at ReactiveEffect.run (http://localhost:3001/_nuxt/@fs/home/meebuzo/github/alternate-framework/apps/ecosystem/meeovi-frontend/node_modules/@vue/reactivity/dist/reactivity.esm-bundler.js?v=cfee6d51:230:19)
    at setupRenderEffect (http://localhost:3001/_nuxt/@fs/home/meebuzo/github/alternate-framework/apps/ecosystem/meeovi-frontend/node_modules/@vue/runtime-core/dist/runtime-core.esm-bundler.js?v=cfee6d51:6341:5)
    at mountComponent (http://localhost:3001/_nuxt/@fs/home/meebuzo/github/alternate-framework/apps/ecosystem/meeovi-frontend/node_modules/@vue/runtime-core/dist/runtime-core.esm-bundler.js?v=cfee6d51:6113:7)
    at processComponent (http://localhost:3001/_nuxt/@fs/home/meebuzo/github/alternate-framework/apps/ecosystem/meeovi-frontend/node_modules/@vue/runtime-core/dist/runtime-core.esm-bundler.js?v=cfee6d51:6065:9)
    at patch (http://localhost:3001/_nuxt/@fs/home/meebuzo/github/alternate-framework/apps/ecosystem/meeovi-frontend/node_modules/@vue/runtime-core/dist/runtime-core.esm-bundler.js?v=cfee6d51:5557:11)
    at mountChildren (http://localhost:3001/_nuxt/@fs/home/meebuzo/github/alternate-framework/apps/ecosystem/meeovi-frontend/node_modules/@vue/runtime-core/dist/runtime-core.esm-bundler.js?v=cfee6d51:5808:7)
    at mountElement (http://localhost:3001/_nuxt/@fs/home/meebuzo/github/alternate-framework/apps/ecosystem/meeovi-frontend/node_modules/@vue/runtime-core/dist/runtime-core.esm-bundler.js?v=cfee6d51:5724:7)
    at processElement (http://localhost:3001/_nuxt/@fs/home/meebuzo/github/alternate-framework/apps/ecosystem/meeovi-frontend/node_modules/@vue/runtime-core/dist/runtime-core.esm-bundler.js?v=cfee6d51:5679:7)
    at patch (http://localhost:3001/_nuxt/@fs/home/meebuzo/github/alternate-framework/apps/ecosystem/meeovi-frontend/node_modules/@vue/runtime-core/dist/runtime-core.esm-bundler.js?v=cfee6d51:5545:11)
    at ReactiveEffect.componentUpdateFn [as fn] (http://localhost:3001/_nuxt/@fs/home/meebuzo/github/alternate-framework/apps/ecosystem/meeovi-frontend/node_modules/@vue/runtime-core/dist/runtime-core.esm-bundler.js?v=cfee6d51:6213:11)
    at ReactiveEffect.run (http://localhost:3001/_nuxt/@fs/home/meebuzo/github/alternate-framework/apps/ecosystem/meeovi-frontend/node_modules/@vue/reactivity/dist/reactivity.esm-bundler.js?v=cfee6d51:230:19)
[   14804ms] TypeError: Cannot read properties of undefined (reading 'length')
    at http://localhost:3001/_nuxt/components/menus/topmenu/LayoutNotifications.vue:161:33
    at Proxy.renderFnWithContext (http://localhost:3001/_nuxt/@fs/home/meebuzo/github/alternate-framework/apps/ecosystem/meeovi-frontend/node_modules/@vue/runtime-core/dist/runtime-core.esm-bundler.js?v=cfee6d51:709:13)
    at default (http://localhost:3001/_nuxt/@fs/home/meebuzo/github/alternate-framework/node_modules/vuetify/lib/components/VNavigationDrawer/VNavigationDrawer.js?v=cfee6d51:260:28)
    at normalizeChildren (http://localhost:3001/_nuxt/@fs/home/meebuzo/github/alternate-framework/apps/ecosystem/meeovi-frontend/node_modules/@vue/runtime-core/dist/runtime-core.esm-bundler.js?v=cfee6d51:7969:34)
    at createBaseVNode (http://localhost:3001/_nuxt/@fs/home/meebuzo/github/alternate-framework/apps/ecosystem/meeovi-frontend/node_modules/@vue/runtime-core/dist/runtime-core.esm-bundler.js?v=cfee6d51:7773:5)
    at _createVNode (http://localhost:3001/_nuxt/@fs/home/meebuzo/github/alternate-framework/apps/ecosystem/meeovi-frontend/node_modules/@vue/runtime-core/dist/runtime-core.esm-bundler.js?v=cfee6d51:7850:10)
    at createVNodeWithArgsTransform (http://localhost:3001/_nuxt/@fs/home/meebuzo/github/alternate-framework/apps/ecosystem/meeovi-frontend/node_modules/@vue/runtime-core/dist/runtime-core.esm-bundler.js?v=cfee6d51:7727:10)
    at Proxy.<anonymous> (http://localhost:3001/_nuxt/@fs/home/meebuzo/github/alternate-framework/node_modules/vuetify/lib/components/VNavigationDrawer/VNavigationDrawer.js?v=cfee6d51:219:52)
    at renderComponentRoot (http://localhost:3001/_nuxt/@fs/home/meebuzo/github/alternate-framework/apps/ecosystem/meeovi-frontend/node_modules/@vue/runtime-core/dist/runtime-core.esm-bundler.js?v=cfee6d51:4628:16)
    at ReactiveEffect.componentUpdateFn [as fn] (http://localhost:3001/_nuxt/@fs/home/meebuzo/github/alternate-framework/apps/ecosystem/meeovi-frontend/node_modules/@vue/runtime-core/dist/runtime-core.esm-bundler.js?v=cfee6d51:6284:26)
    at ReactiveEffect.run (http://localhost:3001/_nuxt/@fs/home/meebuzo/github/alternate-framework/apps/ecosystem/meeovi-frontend/node_modules/@vue/reactivity/dist/reactivity.esm-bundler.js?v=cfee6d51:230:19)
    at ReactiveEffect.runIfDirty (http://localhost:3001/_nuxt/@fs/home/meebuzo/github/alternate-framework/apps/ecosystem/meeovi-frontend/node_modules/@vue/reactivity/dist/reactivity.esm-bundler.js?v=cfee6d51:268:12)
    at callWithErrorHandling (http://localhost:3001/_nuxt/@fs/home/meebuzo/github/alternate-framework/apps/ecosystem/meeovi-frontend/node_modules/@vue/runtime-core/dist/runtime-core.esm-bundler.js?v=cfee6d51:197:33)
    at flushJobs (http://localhost:3001/_nuxt/@fs/home/meebuzo/github/alternate-framework/apps/ecosystem/meeovi-frontend/node_modules/@vue/runtime-core/dist/runtime-core.esm-bundler.js?v=cfee6d51:405:9)
[   14805ms] TypeError: Cannot read properties of undefined (reading 'length')
    at http://localhost:3001/_nuxt/components/menus/topmenu/LayoutNotifications.vue:161:33
    at Proxy.renderFnWithContext (http://localhost:3001/_nuxt/@fs/home/meebuzo/github/alternate-framework/apps/ecosystem/meeovi-frontend/node_modules/@vue/runtime-core/dist/runtime-core.esm-bundler.js?v=cfee6d51:709:13)
    at default (http://localhost:3001/_nuxt/@fs/home/meebuzo/github/alternate-framework/node_modules/vuetify/lib/components/VNavigationDrawer/VNavigationDrawer.js?v=cfee6d51:260:28)
    at normalizeChildren (http://localhost:3001/_nuxt/@fs/home/meebuzo/github/alternate-framework/apps/ecosystem/meeovi-frontend/node_modules/@vue/runtime-core/dist/runtime-core.esm-bundler.js?v=cfee6d51:7969:34)
    at createBaseVNode (http://localhost:3001/_nuxt/@fs/home/meebuzo/github/alternate-framework/apps/ecosystem/meeovi-frontend/node_modules/@vue/runtime-core/dist/runtime-core.esm-bundler.js?v=cfee6d51:7773:5)
    at _createVNode (http://localhost:3001/_nuxt/@fs/home/meebuzo/github/alternate-framework/apps/ecosystem/meeovi-frontend/node_modules/@vue/runtime-core/dist/runtime-core.esm-bundler.js?v=cfee6d51:7850:10)
    at createVNodeWithArgsTransform (http://localhost:3001/_nuxt/@fs/home/meebuzo/github/alternate-framework/apps/ecosystem/meeovi-frontend/node_modules/@vue/runtime-core/dist/runtime-core.esm-bundler.js?v=cfee6d51:7727:10)
    at Proxy.<anonymous> (http://localhost:3001/_nuxt/@fs/home/meebuzo/github/alternate-framework/node_modules/vuetify/lib/components/VNavigationDrawer/VNavigationDrawer.js?v=cfee6d51:219:52)
    at renderComponentRoot (http://localhost:3001/_nuxt/@fs/home/meebuzo/github/alternate-framework/apps/ecosystem/meeovi-frontend/node_modules/@vue/runtime-core/dist/runtime-core.esm-bundler.js?v=cfee6d51:4628:16)
    at ReactiveEffect.componentUpdateFn [as fn] (http://localhost:3001/_nuxt/@fs/home/meebuzo/github/alternate-framework/apps/ecosystem/meeovi-frontend/node_modules/@vue/runtime-core/dist/runtime-core.esm-bundler.js?v=cfee6d51:6284:26)
    at ReactiveEffect.run (http://localhost:3001/_nuxt/@fs/home/meebuzo/github/alternate-framework/apps/ecosystem/meeovi-frontend/node_modules/@vue/reactivity/dist/reactivity.esm-bundler.js?v=cfee6d51:230:19)
    at ReactiveEffect.runIfDirty (http://localhost:3001/_nuxt/@fs/home/meebuzo/github/alternate-framework/apps/ecosystem/meeovi-frontend/node_modules/@vue/reactivity/dist/reactivity.esm-bundler.js?v=cfee6d51:268:12)
    at callWithErrorHandling (http://localhost:3001/_nuxt/@fs/home/meebuzo/github/alternate-framework/apps/ecosystem/meeovi-frontend/node_modules/@vue/runtime-core/dist/runtime-core.esm-bundler.js?v=cfee6d51:197:33)
    at flushJobs (http://localhost:3001/_nuxt/@fs/home/meebuzo/github/alternate-framework/apps/ecosystem/meeovi-frontend/node_modules/@vue/runtime-core/dist/runtime-core.esm-bundler.js?v=cfee6d51:405:9)
[   14805ms] TypeError: Cannot read properties of undefined (reading 'length')
    at http://localhost:3001/_nuxt/components/menus/topmenu/LayoutNotifications.vue:161:33
    at Proxy.renderFnWithContext (http://localhost:3001/_nuxt/@fs/home/meebuzo/github/alternate-framework/apps/ecosystem/meeovi-frontend/node_modules/@vue/runtime-core/dist/runtime-core.esm-bundler.js?v=cfee6d51:709:13)
    at default (http://localhost:3001/_nuxt/@fs/home/meebuzo/github/alternate-framework/node_modules/vuetify/lib/components/VNavigationDrawer/VNavigationDrawer.js?v=cfee6d51:260:28)
    at normalizeChildren (http://localhost:3001/_nuxt/@fs/home/meebuzo/github/alternate-framework/apps/ecosystem/meeovi-frontend/node_modules/@vue/runtime-core/dist/runtime-core.esm-bundler.js?v=cfee6d51:7969:34)
    at createBaseVNode (http://localhost:3001/_nuxt/@fs/home/meebuzo/github/alternate-framework/apps/ecosystem/meeovi-frontend/node_modules/@vue/runtime-core/dist/runtime-core.esm-bundler.js?v=cfee6d51:7773:5)
    at _createVNode (http://localhost:3001/_nuxt/@fs/home/meebuzo/github/alternate-framework/apps/ecosystem/meeovi-frontend/node_modules/@vue/runtime-core/dist/runtime-core.esm-bundler.js?v=cfee6d51:7850:10)
    at createVNodeWithArgsTransform (http://localhost:3001/_nuxt/@fs/home/meebuzo/github/alternate-framework/apps/ecosystem/meeovi-frontend/node_modules/@vue/runtime-core/dist/runtime-core.esm-bundler.js?v=cfee6d51:7727:10)
    at Proxy.<anonymous> (http://localhost:3001/_nuxt/@fs/home/meebuzo/github/alternate-framework/node_modules/vuetify/lib/components/VNavigationDrawer/VNavigationDrawer.js?v=cfee6d51:219:52)
    at renderComponentRoot (http://localhost:3001/_nuxt/@fs/home/meebuzo/github/alternate-framework/apps/ecosystem/meeovi-frontend/node_modules/@vue/runtime-core/dist/runtime-core.esm-bundler.js?v=cfee6d51:4628:16)
    at ReactiveEffect.componentUpdateFn [as fn] (http://localhost:3001/_nuxt/@fs/home/meebuzo/github/alternate-framework/apps/ecosystem/meeovi-frontend/node_modules/@vue/runtime-core/dist/runtime-core.esm-bundler.js?v=cfee6d51:6284:26)
    at ReactiveEffect.run (http://localhost:3001/_nuxt/@fs/home/meebuzo/github/alternate-framework/apps/ecosystem/meeovi-frontend/node_modules/@vue/reactivity/dist/reactivity.esm-bundler.js?v=cfee6d51:230:19)
    at ReactiveEffect.runIfDirty (http://localhost:3001/_nuxt/@fs/home/meebuzo/github/alternate-framework/apps/ecosystem/meeovi-frontend/node_modules/@vue/reactivity/dist/reactivity.esm-bundler.js?v=cfee6d51:268:12)
    at callWithErrorHandling (http://localhost:3001/_nuxt/@fs/home/meebuzo/github/alternate-framework/apps/ecosystem/meeovi-frontend/node_modules/@vue/runtime-core/dist/runtime-core.esm-bundler.js?v=cfee6d51:197:33)
    at flushJobs (http://localhost:3001/_nuxt/@fs/home/meebuzo/github/alternate-framework/apps/ecosystem/meeovi-frontend/node_modules/@vue/runtime-core/dist/runtime-core.esm-bundler.js?v=cfee6d51:405:9)
[   14037ms] [ERROR] Failed to load resource: the server responded with a status of 404 (Not Found) @ http://localhost:3001/api/auth/user/name/to-string:0
[   14039ms] [ERROR] Failed to load resource: the server responded with a status of 404 (Not Found) @ http://localhost:3001/api/auth/user/name/value-of:0
[   14057ms] [ERROR] Connecting to 'https://cms.meeovicms.com/items/navigation/51' violates the following Content Security Policy directive: "connect-src 'self' https://*.mux.com". The action has been blocked. @ http://localhost:3001/_nuxt/@fs/home/meebuzo/github/alternate-framework/apps/ecosystem/meeovi-frontend/node_modules/.cache/vite/client/deps/@directus_sdk.js?v=cfee6d51:101
[   14057ms] [ERROR] Fetch API cannot load https://cms.meeovicms.com/items/navigation/51. Refused to connect because it violates the document's Content Security Policy. @ http://localhost:3001/_nuxt/@fs/home/meebuzo/github/alternate-framework/apps/ecosystem/meeovi-frontend/node_modules/.cache/vite/client/deps/@directus_sdk.js?v=cfee6d51:101
[   14064ms] [ERROR] Connecting to 'https://cms.meeovicms.com/items/navigation/50' violates the following Content Security Policy directive: "connect-src 'self' https://*.mux.com". The action has been blocked. @ http://localhost:3001/_nuxt/@fs/home/meebuzo/github/alternate-framework/apps/ecosystem/meeovi-frontend/node_modules/.cache/vite/client/deps/@directus_sdk.js?v=cfee6d51:101
[   14064ms] [ERROR] Fetch API cannot load https://cms.meeovicms.com/items/navigation/50. Refused to connect because it violates the document's Content Security Policy. @ http://localhost:3001/_nuxt/@fs/home/meebuzo/github/alternate-framework/apps/ecosystem/meeovi-frontend/node_modules/.cache/vite/client/deps/@directus_sdk.js?v=cfee6d51:101
[   14080ms] [WARNING] [Vue warn]: Unhandled error during execution of render function 
  at <VDefaultsProvider key="content-defaults" disabled=true defaults= {VIcon: Object} > 
  at <VBtn symbol= Symbol(vuetify:v-tabs) ref=Ref< undefined > class="v-tab"  ... > 
  at <VTab key=0 > 
  at <VSlideGroup centerActive=false scrollToActive=true contentClass=undefined  ... > 
  at <VTabs modelValue=null onUpdate:modelValue=fn bg-color=undefined  ... > 
  at <VCard variant="text" class="lowerBar" > 
  at <MenusLowerBar > 
  at <ClientOnly > 
  at <VApp theme="light" class="auto-text" > 
  at <VResponsive class="border rounded" > 
  at <Default ref=Ref< Proxy(Object) > > 
  at <AsyncComponentWrapper ref=Ref< Proxy(Object) > > 
  at <LayoutLoader key="default" layoutProps= {ref: RefImpl} name="default" > 
  at <NuxtLayoutProvider layoutProps= {ref: RefImpl} key="default" name="default"  ... > 
  at <NuxtLayout > 
  at <App key=4 > 
  at <NuxtRoot> @ http://localhost:3001/_nuxt/@fs/home/meebuzo/github/alternate-framework/apps/ecosystem/meeovi-frontend/node_modules/@sentry/core/build/esm/instrument/console.js?v=cfee6d51:42
[   14086ms] [WARNING] [Vue warn]: Unhandled error during execution of render function 
  at <VDefaultsProvider key="content-defaults" disabled=true defaults= {VIcon: Object} > 
  at <VBtn symbol= Symbol(vuetify:v-tabs) ref=Ref< undefined > class="v-tab"  ... > 
  at <VTab key=0 > 
  at <VSlideGroup centerActive=false scrollToActive=true contentClass=undefined  ... > 
  at <VTabs modelValue=null onUpdate:modelValue=fn bg-color=undefined  ... > 
  at <VCard variant="text" class="lowerBar" > 
  at <MenusLowerBar > 
  at <ClientOnly > 
  at <VApp theme="light" class="auto-text" > 
  at <VResponsive class="border rounded" > 
  at <Default ref=Ref< Proxy(Object) > > 
  at <AsyncComponentWrapper ref=Ref< Proxy(Object) > > 
  at <LayoutLoader key="default" layoutProps= {ref: RefImpl} name="default" > 
  at <NuxtLayoutProvider layoutProps= {ref: RefImpl} key="default" name="default"  ... > 
  at <NuxtLayout > 
  at <App key=4 > 
  at <NuxtRoot> @ http://localhost:3001/_nuxt/@fs/home/meebuzo/github/alternate-framework/apps/ecosystem/meeovi-frontend/node_modules/@sentry/core/build/esm/instrument/console.js?v=cfee6d51:42
[   14088ms] [WARNING] [Vue warn]: Unhandled error during execution of component update 
  at <VSlideGroup centerActive=false scrollToActive=true contentClass=undefined  ... > 
  at <VTabs modelValue=null onUpdate:modelValue=fn bg-color=undefined  ... > 
  at <VCard variant="text" class="lowerBar" > 
  at <MenusLowerBar > 
  at <ClientOnly > 
  at <VApp theme="light" class="auto-text" > 
  at <VResponsive class="border rounded" > 
  at <Default ref=Ref< Proxy(Object) > > 
  at <AsyncComponentWrapper ref=Ref< Proxy(Object) > > 
  at <LayoutLoader key="default" layoutProps= {ref: RefImpl} name="default" > 
  at <NuxtLayoutProvider layoutProps= {ref: RefImpl} key="default" name="default"  ... > 
  at <NuxtLayout > 
  at <App key=4 > 
  at <NuxtRoot> @ http://localhost:3001/_nuxt/@fs/home/meebuzo/github/alternate-framework/apps/ecosystem/meeovi-frontend/node_modules/@sentry/core/build/esm/instrument/console.js?v=cfee6d51:42
[   14096ms] [ERROR] Connecting to 'https://cms.meeovicms.com/items/navigation/50' violates the following Content Security Policy directive: "connect-src 'self' https://*.mux.com". The action has been blocked. @ http://localhost:3001/_nuxt/@fs/home/meebuzo/github/alternate-framework/apps/ecosystem/meeovi-frontend/node_modules/.cache/vite/client/deps/@directus_sdk.js?v=cfee6d51:101
[   14096ms] [ERROR] Fetch API cannot load https://cms.meeovicms.com/items/navigation/50. Refused to connect because it violates the document's Content Security Policy. @ http://localhost:3001/_nuxt/@fs/home/meebuzo/github/alternate-framework/apps/ecosystem/meeovi-frontend/node_modules/.cache/vite/client/deps/@directus_sdk.js?v=cfee6d51:101
[   14144ms] [WARNING] [Vue warn]: Avoid app logic that relies on enumerating keys on a component instance. The keys will be empty in production mode to avoid performance overhead. 
  at <VDefaultsProvider key="content-defaults" disabled=true defaults= {VIcon: Object} > 
  at <VBtn symbol= Symbol(vuetify:v-tabs) ref=Ref< undefined > class="v-tab"  ... > 
  at <VTab key=0 > 
  at <VSlideGroup centerActive=false scrollToActive=true contentClass=undefined  ... > 
  at <VTabs modelValue=null onUpdate:modelValue=fn bg-color=undefined  ... > 
  at <VCard variant="text" class="lowerBar" > 
  at <MenusLowerBar > 
  at <ClientOnly > 
  at <VApp theme="light" class="auto-text" > 
  at <VResponsive class="border rounded" > 
  at <Default ref=Ref< Proxy(Object) > > 
  at <AsyncComponentWrapper ref=Ref< Proxy(Object) > > 
  at <LayoutLoader key="default" layoutProps= {ref: RefImpl} name="default" > 
  at <NuxtLayoutProvider layoutProps= {ref: RefImpl} key="default" name="default"  ... > 
  at <NuxtLayout > 
  at <App key=4 > 
  at <NuxtRoot> @ http://localhost:3001/_nuxt/@fs/home/meebuzo/github/alternate-framework/apps/ecosystem/meeovi-frontend/node_modules/@sentry/core/build/esm/instrument/console.js?v=cfee6d51:42
[   14146ms] [WARNING] [Vue warn]: Avoid app logic that relies on enumerating keys on a component instance. The keys will be empty in production mode to avoid performance overhead. 
  at <VDefaultsProvider key="content-defaults" disabled=true defaults= {VIcon: Object} > 
  at <VBtn symbol= Symbol(vuetify:v-tabs) ref=Ref< undefined > class="v-tab"  ... > 
  at <VTab key=0 > 
  at <VSlideGroup centerActive=false scrollToActive=true contentClass=undefined  ... > 
  at <VTabs modelValue=null onUpdate:modelValue=fn bg-color=undefined  ... > 
  at <VCard variant="text" class="lowerBar" > 
  at <MenusLowerBar > 
  at <ClientOnly > 
  at <VApp theme="light" class="auto-text" > 
  at <VResponsive class="border rounded" > 
  at <Default ref=Ref< Proxy(Object) > > 
  at <AsyncComponentWrapper ref=Ref< Proxy(Object) > > 
  at <LayoutLoader key="default" layoutProps= {ref: RefImpl} name="default" > 
  at <NuxtLayoutProvider layoutProps= {ref: RefImpl} key="default" name="default"  ... > 
  at <NuxtLayout > 
  at <App key=4 > 
  at <NuxtRoot> @ http://localhost:3001/_nuxt/@fs/home/meebuzo/github/alternate-framework/apps/ecosystem/meeovi-frontend/node_modules/@sentry/core/build/esm/instrument/console.js?v=cfee6d51:42
[   14148ms] [WARNING] [Vue warn]: Avoid app logic that relies on enumerating keys on a component instance. The keys will be empty in production mode to avoid performance overhead. 
  at <VDefaultsProvider key="content-defaults" disabled=true defaults= {VIcon: Object} > 
  at <VBtn symbol= Symbol(vuetify:v-tabs) ref=Ref< undefined > class="v-tab"  ... > 
  at <VTab key=0 > 
  at <VSlideGroup centerActive=false scrollToActive=true contentClass=undefined  ... > 
  at <VTabs modelValue=null onUpdate:modelValue=fn bg-color=undefined  ... > 
  at <VCard variant="text" class="lowerBar" > 
  at <MenusLowerBar > 
  at <ClientOnly > 
  at <VApp theme="light" class="auto-text" > 
  at <VResponsive class="border rounded" > 
  at <Default ref=Ref< Proxy(Object) > > 
  at <AsyncComponentWrapper ref=Ref< Proxy(Object) > > 
  at <LayoutLoader key="default" layoutProps= {ref: RefImpl} name="default" > 
  at <NuxtLayoutProvider layoutProps= {ref: RefImpl} key="default" name="default"  ... > 
  at <NuxtLayout > 
  at <App key=4 > 
  at <NuxtRoot> @ http://localhost:3001/_nuxt/@fs/home/meebuzo/github/alternate-framework/apps/ecosystem/meeovi-frontend/node_modules/@sentry/core/build/esm/instrument/console.js?v=cfee6d51:42
[   14150ms] [WARNING] [Vue warn]: Avoid app logic that relies on enumerating keys on a component instance. The keys will be empty in production mode to avoid performance overhead. 
  at <VDefaultsProvider key="content-defaults" disabled=true defaults= {VIcon: Object} > 
  at <VBtn symbol= Symbol(vuetify:v-tabs) ref=Ref< undefined > class="v-tab"  ... > 
  at <VTab key=0 > 
  at <VSlideGroup centerActive=false scrollToActive=true contentClass=undefined  ... > 
  at <VTabs modelValue=null onUpdate:modelValue=fn bg-color=undefined  ... > 
  at <VCard variant="text" class="lowerBar" > 
  at <MenusLowerBar > 
  at <ClientOnly > 
  at <VApp theme="light" class="auto-text" > 
  at <VResponsive class="border rounded" > 
  at <Default ref=Ref< Proxy(Object) > > 
  at <AsyncComponentWrapper ref=Ref< Proxy(Object) > > 
  at <LayoutLoader key="default" layoutProps= {ref: RefImpl} name="default" > 
  at <NuxtLayoutProvider layoutProps= {ref: RefImpl} key="default" name="default"  ... > 
  at <NuxtLayout > 
  at <App key=4 > 
  at <NuxtRoot> @ http://localhost:3001/_nuxt/@fs/home/meebuzo/github/alternate-framework/apps/ecosystem/meeovi-frontend/node_modules/@sentry/core/build/esm/instrument/console.js?v=cfee6d51:42
[   14152ms] [WARNING] [Vue warn]: Avoid app logic that relies on enumerating keys on a component instance. The keys will be empty in production mode to avoid performance overhead. 
  at <VDefaultsProvider key="content-defaults" disabled=true defaults= {VIcon: Object} > 
  at <VBtn symbol= Symbol(vuetify:v-tabs) ref=Ref< undefined > class="v-tab"  ... > 
  at <VTab key=0 > 
  at <VSlideGroup centerActive=false scrollToActive=true contentClass=undefined  ... > 
  at <VTabs modelValue=null onUpdate:modelValue=fn bg-color=undefined  ... > 
  at <VCard variant="text" class="lowerBar" > 
  at <MenusLowerBar > 
  at <ClientOnly > 
  at <VApp theme="light" class="auto-text" > 
  at <VResponsive class="border rounded" > 
  at <Default ref=Ref< Proxy(Object) > > 
  at <AsyncComponentWrapper ref=Ref< Proxy(Object) > > 
  at <LayoutLoader key="default" layoutProps= {ref: RefImpl} name="default" > 
  at <NuxtLayoutProvider layoutProps= {ref: RefImpl} key="default" name="default"  ... > 
  at <NuxtLayout > 
  at <App key=4 > 
  at <NuxtRoot> @ http://localhost:3001/_nuxt/@fs/home/meebuzo/github/alternate-framework/apps/ecosystem/meeovi-frontend/node_modules/@sentry/core/build/esm/instrument/console.js?v=cfee6d51:42
[   14154ms] [WARNING] [Vue warn]: Avoid app logic that relies on enumerating keys on a component instance. The keys will be empty in production mode to avoid performance overhead. 
  at <VDefaultsProvider key="content-defaults" disabled=true defaults= {VIcon: Object} > 
  at <VBtn symbol= Symbol(vuetify:v-tabs) ref=Ref< undefined > class="v-tab"  ... > 
  at <VTab key=0 > 
  at <VSlideGroup centerActive=false scrollToActive=true contentClass=undefined  ... > 
  at <VTabs modelValue=null onUpdate:modelValue=fn bg-color=undefined  ... > 
  at <VCard variant="text" class="lowerBar" > 
  at <MenusLowerBar > 
  at <ClientOnly > 
  at <VApp theme="light" class="auto-text" > 
  at <VResponsive class="border rounded" > 
  at <Default ref=Ref< Proxy(Object) > > 
  at <AsyncComponentWrapper ref=Ref< Proxy(Object) > > 
  at <LayoutLoader key="default" layoutProps= {ref: RefImpl} name="default" > 
  at <NuxtLayoutProvider layoutProps= {ref: RefImpl} key="default" name="default"  ... > 
  at <NuxtLayout > 
  at <App key=4 > 
  at <NuxtRoot> @ http://localhost:3001/_nuxt/@fs/home/meebuzo/github/alternate-framework/apps/ecosystem/meeovi-frontend/node_modules/@sentry/core/build/esm/instrument/console.js?v=cfee6d51:42
[   14155ms] [WARNING] [Vue warn]: Avoid app logic that relies on enumerating keys on a component instance. The keys will be empty in production mode to avoid performance overhead. 
  at <VDefaultsProvider key="content-defaults" disabled=true defaults= {VIcon: Object} > 
  at <VBtn symbol= Symbol(vuetify:v-tabs) ref=Ref< undefined > class="v-tab"  ... > 
  at <VTab key=0 > 
  at <VSlideGroup centerActive=false scrollToActive=true contentClass=undefined  ... > 
  at <VTabs modelValue=null onUpdate:modelValue=fn bg-color=undefined  ... > 
  at <VCard variant="text" class="lowerBar" > 
  at <MenusLowerBar > 
  at <ClientOnly > 
  at <VApp theme="light" class="auto-text" > 
  at <VResponsive class="border rounded" > 
  at <Default ref=Ref< Proxy(Object) > > 
  at <AsyncComponentWrapper ref=Ref< Proxy(Object) > > 
  at <LayoutLoader key="default" layoutProps= {ref: RefImpl} name="default" > 
  at <NuxtLayoutProvider layoutProps= {ref: RefImpl} key="default" name="default"  ... > 
  at <NuxtLayout > 
  at <App key=4 > 
  at <NuxtRoot> @ http://localhost:3001/_nuxt/@fs/home/meebuzo/github/alternate-framework/apps/ecosystem/meeovi-frontend/node_modules/@sentry/core/build/esm/instrument/console.js?v=cfee6d51:42
[   14156ms] [WARNING] [Vue warn]: Avoid app logic that relies on enumerating keys on a component instance. The keys will be empty in production mode to avoid performance overhead. 
  at <VDefaultsProvider key="content-defaults" disabled=true defaults= {VIcon: Object} > 
  at <VBtn symbol= Symbol(vuetify:v-tabs) ref=Ref< undefined > class="v-tab"  ... > 
  at <VTab key=0 > 
  at <VSlideGroup centerActive=false scrollToActive=true contentClass=undefined  ... > 
  at <VTabs modelValue=null onUpdate:modelValue=fn bg-color=undefined  ... > 
  at <VCard variant="text" class="lowerBar" > 
  at <MenusLowerBar > 
  at <ClientOnly > 
  at <VApp theme="light" class="auto-text" > 
  at <VResponsive class="border rounded" > 
  at <Default ref=Ref< Proxy(Object) > > 
  at <AsyncComponentWrapper ref=Ref< Proxy(Object) > > 
  at <LayoutLoader key="default" layoutProps= {ref: RefImpl} name="default" > 
  at <NuxtLayoutProvider layoutProps= {ref: RefImpl} key="default" name="default"  ... > 
  at <NuxtLayout > 
  at <App key=4 > 
  at <NuxtRoot> @ http://localhost:3001/_nuxt/@fs/home/meebuzo/github/alternate-framework/apps/ecosystem/meeovi-frontend/node_modules/@sentry/core/build/esm/instrument/console.js?v=cfee6d51:42
[   14158ms] [WARNING] [Vue warn]: Avoid app logic that relies on enumerating keys on a component instance. The keys will be empty in production mode to avoid performance overhead. 
  at <VDefaultsProvider key="content-defaults" disabled=true defaults= {VIcon: Object} > 
  at <VBtn symbol= Symbol(vuetify:v-tabs) ref=Ref< undefined > class="v-tab"  ... > 
  at <VTab key=0 > 
  at <VSlideGroup centerActive=false scrollToActive=true contentClass=undefined  ... > 
  at <VTabs modelValue=null onUpdate:modelValue=fn bg-color=undefined  ... > 
  at <VCard variant="text" class="lowerBar" > 
  at <MenusLowerBar > 
  at <ClientOnly > 
  at <VApp theme="light" class="auto-text" > 
  at <VResponsive class="border rounded" > 
  at <Default ref=Ref< Proxy(Object) > > 
  at <AsyncComponentWrapper ref=Ref< Proxy(Object) > > 
  at <LayoutLoader key="default" layoutProps= {ref: RefImpl} name="default" > 
  at <NuxtLayoutProvider layoutProps= {ref: RefImpl} key="default" name="default"  ... > 
  at <NuxtLayout > 
  at <App key=4 > 
  at <NuxtRoot> @ http://localhost:3001/_nuxt/@fs/home/meebuzo/github/alternate-framework/apps/ecosystem/meeovi-frontend/node_modules/@sentry/core/build/esm/instrument/console.js?v=cfee6d51:42
[   14159ms] [WARNING] [Vue warn]: Avoid app logic that relies on enumerating keys on a component instance. The keys will be empty in production mode to avoid performance overhead. 
  at <VDefaultsProvider key="content-defaults" disabled=true defaults= {VIcon: Object} > 
  at <VBtn symbol= Symbol(vuetify:v-tabs) ref=Ref< undefined > class="v-tab"  ... > 
  at <VTab key=0 > 
  at <VSlideGroup centerActive=false scrollToActive=true contentClass=undefined  ... > 
  at <VTabs modelValue=null onUpdate:modelValue=fn bg-color=undefined  ... > 
  at <VCard variant="text" class="lowerBar" > 
  at <MenusLowerBar > 
  at <ClientOnly > 
  at <VApp theme="light" class="auto-text" > 
  at <VResponsive class="border rounded" > 
  at <Default ref=Ref< Proxy(Object) > > 
  at <AsyncComponentWrapper ref=Ref< Proxy(Object) > > 
  at <LayoutLoader key="default" layoutProps= {ref: RefImpl} name="default" > 
  at <NuxtLayoutProvider layoutProps= {ref: RefImpl} key="default" name="default"  ... > 
  at <NuxtLayout > 
  at <App key=4 > 
  at <NuxtRoot> @ http://localhost:3001/_nuxt/@fs/home/meebuzo/github/alternate-framework/apps/ecosystem/meeovi-frontend/node_modules/@sentry/core/build/esm/instrument/console.js?v=cfee6d51:42
[   14161ms] [WARNING] [Vue warn]: Avoid app logic that relies on enumerating keys on a component instance. The keys will be empty in production mode to avoid performance overhead. 
  at <VDefaultsProvider key="content-defaults" disabled=true defaults= {VIcon: Object} > 
  at <VBtn symbol= Symbol(vuetify:v-tabs) ref=Ref< undefined > class="v-tab"  ... > 
  at <VTab key=0 > 
  at <VSlideGroup centerActive=false scrollToActive=true contentClass=undefined  ... > 
  at <VTabs modelValue=null onUpdate:modelValue=fn bg-color=undefined  ... > 
  at <VCard variant="text" class="lowerBar" > 
  at <MenusLowerBar > 
  at <ClientOnly > 
  at <VApp theme="light" class="auto-text" > 
  at <VResponsive class="border rounded" > 
  at <Default ref=Ref< Proxy(Object) > > 
  at <AsyncComponentWrapper ref=Ref< Proxy(Object) > > 
  at <LayoutLoader key="default" layoutProps= {ref: RefImpl} name="default" > 
  at <NuxtLayoutProvider layoutProps= {ref: RefImpl} key="default" name="default"  ... > 
  at <NuxtLayout > 
  at <App key=4 > 
  at <NuxtRoot> @ http://localhost:3001/_nuxt/@fs/home/meebuzo/github/alternate-framework/apps/ecosystem/meeovi-frontend/node_modules/@sentry/core/build/esm/instrument/console.js?v=cfee6d51:42
[   14163ms] [WARNING] [Vue warn]: Avoid app logic that relies on enumerating keys on a component instance. The keys will be empty in production mode to avoid performance overhead. 
  at <VDefaultsProvider key="content-defaults" disabled=true defaults= {VIcon: Object} > 
  at <VBtn symbol= Symbol(vuetify:v-tabs) ref=Ref< undefined > class="v-tab"  ... > 
  at <VTab key=0 > 
  at <VSlideGroup centerActive=false scrollToActive=true contentClass=undefined  ... > 
  at <VTabs modelValue=null onUpdate:modelValue=fn bg-color=undefined  ... > 
  at <VCard variant="text" class="lowerBar" > 
  at <MenusLowerBar > 
  at <ClientOnly > 
  at <VApp theme="light" class="auto-text" > 
  at <VResponsive class="border rounded" > 
  at <Default ref=Ref< Proxy(Object) > > 
  at <AsyncComponentWrapper ref=Ref< Proxy(Object) > > 
  at <LayoutLoader key="default" layoutProps= {ref: RefImpl} name="default" > 
  at <NuxtLayoutProvider layoutProps= {ref: RefImpl} key="default" name="default"  ... > 
  at <NuxtLayout > 
  at <App key=4 > 
  at <NuxtRoot> @ http://localhost:3001/_nuxt/@fs/home/meebuzo/github/alternate-framework/apps/ecosystem/meeovi-frontend/node_modules/@sentry/core/build/esm/instrument/console.js?v=cfee6d51:42
[   14164ms] [WARNING] [Vue warn]: Avoid app logic that relies on enumerating keys on a component instance. The keys will be empty in production mode to avoid performance overhead. 
  at <VDefaultsProvider key="content-defaults" disabled=true defaults= {VIcon: Object} > 
  at <VBtn symbol= Symbol(vuetify:v-tabs) ref=Ref< undefined > class="v-tab"  ... > 
  at <VTab key=0 > 
  at <VSlideGroup centerActive=false scrollToActive=true contentClass=undefined  ... > 
  at <VTabs modelValue=null onUpdate:modelValue=fn bg-color=undefined  ... > 
  at <VCard variant="text" class="lowerBar" > 
  at <MenusLowerBar > 
  at <ClientOnly > 
  at <VApp theme="light" class="auto-text" > 
  at <VResponsive class="border rounded" > 
  at <Default ref=Ref< Proxy(Object) > > 
  at <AsyncComponentWrapper ref=Ref< Proxy(Object) > > 
  at <LayoutLoader key="default" layoutProps= {ref: RefImpl} name="default" > 
  at <NuxtLayoutProvider layoutProps= {ref: RefImpl} key="default" name="default"  ... > 
  at <NuxtLayout > 
  at <App key=4 > 
  at <NuxtRoot> @ http://localhost:3001/_nuxt/@fs/home/meebuzo/github/alternate-framework/apps/ecosystem/meeovi-frontend/node_modules/@sentry/core/build/esm/instrument/console.js?v=cfee6d51:42
[   14165ms] [WARNING] [Vue warn]: Avoid app logic that relies on enumerating keys on a component instance. The keys will be empty in production mode to avoid performance overhead. 
  at <VDefaultsProvider key="content-defaults" disabled=true defaults= {VIcon: Object} > 
  at <VBtn symbol= Symbol(vuetify:v-tabs) ref=Ref< undefined > class="v-tab"  ... > 
  at <VTab key=0 > 
  at <VSlideGroup centerActive=false scrollToActive=true contentClass=undefined  ... > 
  at <VTabs modelValue=null onUpdate:modelValue=fn bg-color=undefined  ... > 
  at <VCard variant="text" class="lowerBar" > 
  at <MenusLowerBar > 
  at <ClientOnly > 
  at <VApp theme="light" class="auto-text" > 
  at <VResponsive class="border rounded" > 
  at <Default ref=Ref< Proxy(Object) > > 
  at <AsyncComponentWrapper ref=Ref< Proxy(Object) > > 
  at <LayoutLoader key="default" layoutProps= {ref: RefImpl} name="default" > 
  at <NuxtLayoutProvider layoutProps= {ref: RefImpl} key="default" name="default"  ... > 
  at <NuxtLayout > 
  at <App key=4 > 
  at <NuxtRoot> @ http://localhost:3001/_nuxt/@fs/home/meebuzo/github/alternate-framework/apps/ecosystem/meeovi-frontend/node_modules/@sentry/core/build/esm/instrument/console.js?v=cfee6d51:42
[   14167ms] [WARNING] [Vue warn]: Avoid app logic that relies on enumerating keys on a component instance. The keys will be empty in production mode to avoid performance overhead. 
  at <VDefaultsProvider key="content-defaults" disabled=true defaults= {VIcon: Object} > 
  at <VBtn symbol= Symbol(vuetify:v-tabs) ref=Ref< undefined > class="v-tab"  ... > 
  at <VTab key=0 > 
  at <VSlideGroup centerActive=false scrollToActive=true contentClass=undefined  ... > 
  at <VTabs modelValue=null onUpdate:modelValue=fn bg-color=undefined  ... > 
  at <VCard variant="text" class="lowerBar" > 
  at <MenusLowerBar > 
  at <ClientOnly > 
  at <VApp theme="light" class="auto-text" > 
  at <VResponsive class="border rounded" > 
  at <Default ref=Ref< Proxy(Object) > > 
  at <AsyncComponentWrapper ref=Ref< Proxy(Object) > > 
  at <LayoutLoader key="default" layoutProps= {ref: RefImpl} name="default" > 
  at <NuxtLayoutProvider layoutProps= {ref: RefImpl} key="default" name="default"  ... > 
  at <NuxtLayout > 
  at <App key=4 > 
  at <NuxtRoot> @ http://localhost:3001/_nuxt/@fs/home/meebuzo/github/alternate-framework/apps/ecosystem/meeovi-frontend/node_modules/@sentry/core/build/esm/instrument/console.js?v=cfee6d51:42
[   14169ms] [WARNING] [Vue warn]: Avoid app logic that relies on enumerating keys on a component instance. The keys will be empty in production mode to avoid performance overhead. 
  at <VDefaultsProvider key="content-defaults" disabled=true defaults= {VIcon: Object} > 
  at <VBtn symbol= Symbol(vuetify:v-tabs) ref=Ref< undefined > class="v-tab"  ... > 
  at <VTab key=0 > 
  at <VSlideGroup centerActive=false scrollToActive=true contentClass=undefined  ... > 
  at <VTabs modelValue=null onUpdate:modelValue=fn bg-color=undefined  ... > 
  at <VCard variant="text" class="lowerBar" > 
  at <MenusLowerBar > 
  at <ClientOnly > 
  at <VApp theme="light" class="auto-text" > 
  at <VResponsive class="border rounded" > 
  at <Default ref=Ref< Proxy(Object) > > 
  at <AsyncComponentWrapper ref=Ref< Proxy(Object) > > 
  at <LayoutLoader key="default" layoutProps= {ref: RefImpl} name="default" > 
  at <NuxtLayoutProvider layoutProps= {ref: RefImpl} key="default" name="default"  ... > 
  at <NuxtLayout > 
  at <App key=4 > 
  at <NuxtRoot> @ http://localhost:3001/_nuxt/@fs/home/meebuzo/github/alternate-framework/apps/ecosystem/meeovi-frontend/node_modules/@sentry/core/build/esm/instrument/console.js?v=cfee6d51:42
[   14171ms] [WARNING] [Vue warn]: Avoid app logic that relies on enumerating keys on a component instance. The keys will be empty in production mode to avoid performance overhead. 
  at <VDefaultsProvider key="content-defaults" disabled=true defaults= {VIcon: Object} > 
  at <VBtn symbol= Symbol(vuetify:v-tabs) ref=Ref< undefined > class="v-tab"  ... > 
  at <VTab key=0 > 
  at <VSlideGroup centerActive=false scrollToActive=true contentClass=undefined  ... > 
  at <VTabs modelValue=null onUpdate:modelValue=fn bg-color=undefined  ... > 
  at <VCard variant="text" class="lowerBar" > 
  at <MenusLowerBar > 
  at <ClientOnly > 
  at <VApp theme="light" class="auto-text" > 
  at <VResponsive class="border rounded" > 
  at <Default ref=Ref< Proxy(Object) > > 
  at <AsyncComponentWrapper ref=Ref< Proxy(Object) > > 
  at <LayoutLoader key="default" layoutProps= {ref: RefImpl} name="default" > 
  at <NuxtLayoutProvider layoutProps= {ref: RefImpl} key="default" name="default"  ... > 
  at <NuxtLayout > 
  at <App key=4 > 
  at <NuxtRoot> @ http://localhost:3001/_nuxt/@fs/home/meebuzo/github/alternate-framework/apps/ecosystem/meeovi-frontend/node_modules/@sentry/core/build/esm/instrument/console.js?v=cfee6d51:42
[   14173ms] [WARNING] [Vue warn]: Avoid app logic that relies on enumerating keys on a component instance. The keys will be empty in production mode to avoid performance overhead. 
  at <VDefaultsProvider key="content-defaults" disabled=true defaults= {VIcon: Object} > 
  at <VBtn symbol= Symbol(vuetify:v-tabs) ref=Ref< undefined > class="v-tab"  ... > 
  at <VTab key=0 > 
  at <VSlideGroup centerActive=false scrollToActive=true contentClass=undefined  ... > 
  at <VTabs modelValue=null onUpdate:modelValue=fn bg-color=undefined  ... > 
  at <VCard variant="text" class="lowerBar" > 
  at <MenusLowerBar > 
  at <ClientOnly > 
  at <VApp theme="light" class="auto-text" > 
  at <VResponsive class="border rounded" > 
  at <Default ref=Ref< Proxy(Object) > > 
  at <AsyncComponentWrapper ref=Ref< Proxy(Object) > > 
  at <LayoutLoader key="default" layoutProps= {ref: RefImpl} name="default" > 
  at <NuxtLayoutProvider layoutProps= {ref: RefImpl} key="default" name="default"  ... > 
  at <NuxtLayout > 
  at <App key=4 > 
  at <NuxtRoot> @ http://localhost:3001/_nuxt/@fs/home/meebuzo/github/alternate-framework/apps/ecosystem/meeovi-frontend/node_modules/@sentry/core/build/esm/instrument/console.js?v=cfee6d51:42
[   14175ms] [WARNING] [Vue warn]: Avoid app logic that relies on enumerating keys on a component instance. The keys will be empty in production mode to avoid performance overhead. 
  at <VDefaultsProvider key="content-defaults" disabled=true defaults= {VIcon: Object} > 
  at <VBtn symbol= Symbol(vuetify:v-tabs) ref=Ref< undefined > class="v-tab"  ... > 
  at <VTab key=0 > 
  at <VSlideGroup centerActive=false scrollToActive=true contentClass=undefined  ... > 
  at <VTabs modelValue=null onUpdate:modelValue=fn bg-color=undefined  ... > 
  at <VCard variant="text" class="lowerBar" > 
  at <MenusLowerBar > 
  at <ClientOnly > 
  at <VApp theme="light" class="auto-text" > 
  at <VResponsive class="border rounded" > 
  at <Default ref=Ref< Proxy(Object) > > 
  at <AsyncComponentWrapper ref=Ref< Proxy(Object) > > 
  at <LayoutLoader key="default" layoutProps= {ref: RefImpl} name="default" > 
  at <NuxtLayoutProvider layoutProps= {ref: RefImpl} key="default" name="default"  ... > 
  at <NuxtLayout > 
  at <App key=4 > 
  at <NuxtRoot> @ http://localhost:3001/_nuxt/@fs/home/meebuzo/github/alternate-framework/apps/ecosystem/meeovi-frontend/node_modules/@sentry/core/build/esm/instrument/console.js?v=cfee6d51:42
[   14178ms] [WARNING] [Vue warn]: Avoid app logic that relies on enumerating keys on a component instance. The keys will be empty in production mode to avoid performance overhead. 
  at <VDefaultsProvider key="content-defaults" disabled=true defaults= {VIcon: Object} > 
  at <VBtn symbol= Symbol(vuetify:v-tabs) ref=Ref< undefined > class="v-tab"  ... > 
  at <VTab key=0 > 
  at <VSlideGroup centerActive=false scrollToActive=true contentClass=undefined  ... > 
  at <VTabs modelValue=null onUpdate:modelValue=fn bg-color=undefined  ... > 
  at <VCard variant="text" class="lowerBar" > 
  at <MenusLowerBar > 
  at <ClientOnly > 
  at <VApp theme="light" class="auto-text" > 
  at <VResponsive class="border rounded" > 
  at <Default ref=Ref< Proxy(Object) > > 
  at <AsyncComponentWrapper ref=Ref< Proxy(Object) > > 
  at <LayoutLoader key="default" layoutProps= {ref: RefImpl} name="default" > 
  at <NuxtLayoutProvider layoutProps= {ref: RefImpl} key="default" name="default"  ... > 
  at <NuxtLayout > 
  at <App key=4 > 
  at <NuxtRoot> @ http://localhost:3001/_nuxt/@fs/home/meebuzo/github/alternate-framework/apps/ecosystem/meeovi-frontend/node_modules/@sentry/core/build/esm/instrument/console.js?v=cfee6d51:42
[   14181ms] [WARNING] [Vue warn]: Avoid app logic that relies on enumerating keys on a component instance. The keys will be empty in production mode to avoid performance overhead. 
  at <VDefaultsProvider key="content-defaults" disabled=true defaults= {VIcon: Object} > 
  at <VBtn symbol= Symbol(vuetify:v-tabs) ref=Ref< undefined > class="v-tab"  ... > 
  at <VTab key=0 > 
  at <VSlideGroup centerActive=false scrollToActive=true contentClass=undefined  ... > 
  at <VTabs modelValue=null onUpdate:modelValue=fn bg-color=undefined  ... > 
  at <VCard variant="text" class="lowerBar" > 
  at <MenusLowerBar > 
  at <ClientOnly > 
  at <VApp theme="light" class="auto-text" > 
  at <VResponsive class="border rounded" > 
  at <Default ref=Ref< Proxy(Object) > > 
  at <AsyncComponentWrapper ref=Ref< Proxy(Object) > > 
  at <LayoutLoader key="default" layoutProps= {ref: RefImpl} name="default" > 
  at <NuxtLayoutProvider layoutProps= {ref: RefImpl} key="default" name="default"  ... > 
  at <NuxtLayout > 
  at <App key=4 > 
  at <NuxtRoot> @ http://localhost:3001/_nuxt/@fs/home/meebuzo/github/alternate-framework/apps/ecosystem/meeovi-frontend/node_modules/@sentry/core/build/esm/instrument/console.js?v=cfee6d51:42
[   14182ms] [WARNING] [Vue warn]: Avoid app logic that relies on enumerating keys on a component instance. The keys will be empty in production mode to avoid performance overhead. 
  at <VDefaultsProvider key="content-defaults" disabled=true defaults= {VIcon: Object} > 
  at <VBtn symbol= Symbol(vuetify:v-tabs) ref=Ref< undefined > class="v-tab"  ... > 
  at <VTab key=0 > 
  at <VSlideGroup centerActive=false scrollToActive=true contentClass=undefined  ... > 
  at <VTabs modelValue=null onUpdate:modelValue=fn bg-color=undefined  ... > 
  at <VCard variant="text" class="lowerBar" > 
  at <MenusLowerBar > 
  at <ClientOnly > 
  at <VApp theme="light" class="auto-text" > 
  at <VResponsive class="border rounded" > 
  at <Default ref=Ref< Proxy(Object) > > 
  at <AsyncComponentWrapper ref=Ref< Proxy(Object) > > 
  at <LayoutLoader key="default" layoutProps= {ref: RefImpl} name="default" > 
  at <NuxtLayoutProvider layoutProps= {ref: RefImpl} key="default" name="default"  ... > 
  at <NuxtLayout > 
  at <App key=4 > 
  at <NuxtRoot> @ http://localhost:3001/_nuxt/@fs/home/meebuzo/github/alternate-framework/apps/ecosystem/meeovi-frontend/node_modules/@sentry/core/build/esm/instrument/console.js?v=cfee6d51:42
[   14184ms] [WARNING] [Vue warn]: Avoid app logic that relies on enumerating keys on a component instance. The keys will be empty in production mode to avoid performance overhead. 
  at <VDefaultsProvider key="content-defaults" disabled=true defaults= {VIcon: Object} > 
  at <VBtn symbol= Symbol(vuetify:v-tabs) ref=Ref< undefined > class="v-tab"  ... > 
  at <VTab key=0 > 
  at <VSlideGroup centerActive=false scrollToActive=true contentClass=undefined  ... > 
  at <VTabs modelValue=null onUpdate:modelValue=fn bg-color=undefined  ... > 
  at <VCard variant="text" class="lowerBar" > 
  at <MenusLowerBar > 
  at <ClientOnly > 
  at <VApp theme="light" class="auto-text" > 
  at <VResponsive class="border rounded" > 
  at <Default ref=Ref< Proxy(Object) > > 
  at <AsyncComponentWrapper ref=Ref< Proxy(Object) > > 
  at <LayoutLoader key="default" layoutProps= {ref: RefImpl} name="default" > 
  at <NuxtLayoutProvider layoutProps= {ref: RefImpl} key="default" name="default"  ... > 
  at <NuxtLayout > 
  at <App key=4 > 
  at <NuxtRoot> @ http://localhost:3001/_nuxt/@fs/home/meebuzo/github/alternate-framework/apps/ecosystem/meeovi-frontend/node_modules/@sentry/core/build/esm/instrument/console.js?v=cfee6d51:42
[   14185ms] [WARNING] [Vue warn]: Avoid app logic that relies on enumerating keys on a component instance. The keys will be empty in production mode to avoid performance overhead. 
  at <VDefaultsProvider key="content-defaults" disabled=true defaults= {VIcon: Object} > 
  at <VBtn symbol= Symbol(vuetify:v-tabs) ref=Ref< undefined > class="v-tab"  ... > 
  at <VTab key=0 > 
  at <VSlideGroup centerActive=false scrollToActive=true contentClass=undefined  ... > 
  at <VTabs modelValue=null onUpdate:modelValue=fn bg-color=undefined  ... > 
  at <VCard variant="text" class="lowerBar" > 
  at <MenusLowerBar > 
  at <ClientOnly > 
  at <VApp theme="light" class="auto-text" > 
  at <VResponsive class="border rounded" > 
  at <Default ref=Ref< Proxy(Object) > > 
  at <AsyncComponentWrapper ref=Ref< Proxy(Object) > > 
  at <LayoutLoader key="default" layoutProps= {ref: RefImpl} name="default" > 
  at <NuxtLayoutProvider layoutProps= {ref: RefImpl} key="default" name="default"  ... > 
  at <NuxtLayout > 
  at <App key=4 > 
  at <NuxtRoot> @ http://localhost:3001/_nuxt/@fs/home/meebuzo/github/alternate-framework/apps/ecosystem/meeovi-frontend/node_modules/@sentry/core/build/esm/instrument/console.js?v=cfee6d51:42
[   14187ms] [WARNING] [Vue warn]: Avoid app logic that relies on enumerating keys on a component instance. The keys will be empty in production mode to avoid performance overhead. 
  at <VDefaultsProvider key="content-defaults" disabled=true defaults= {VIcon: Object} > 
  at <VBtn symbol= Symbol(vuetify:v-tabs) ref=Ref< undefined > class="v-tab"  ... > 
  at <VTab key=0 > 
  at <VSlideGroup centerActive=false scrollToActive=true contentClass=undefined  ... > 
  at <VTabs modelValue=null onUpdate:modelValue=fn bg-color=undefined  ... > 
  at <VCard variant="text" class="lowerBar" > 
  at <MenusLowerBar > 
  at <ClientOnly > 
  at <VApp theme="light" class="auto-text" > 
  at <VResponsive class="border rounded" > 
  at <Default ref=Ref< Proxy(Object) > > 
  at <AsyncComponentWrapper ref=Ref< Proxy(Object) > > 
  at <LayoutLoader key="default" layoutProps= {ref: RefImpl} name="default" > 
  at <NuxtLayoutProvider layoutProps= {ref: RefImpl} key="default" name="default"  ... > 
  at <NuxtLayout > 
  at <App key=4 > 
  at <NuxtRoot> @ http://localhost:3001/_nuxt/@fs/home/meebuzo/github/alternate-framework/apps/ecosystem/meeovi-frontend/node_modules/@sentry/core/build/esm/instrument/console.js?v=cfee6d51:42
[   14188ms] [WARNING] [Vue warn]: Avoid app logic that relies on enumerating keys on a component instance. The keys will be empty in production mode to avoid performance overhead. 
  at <VDefaultsProvider key="content-defaults" disabled=true defaults= {VIcon: Object} > 
  at <VBtn symbol= Symbol(vuetify:v-tabs) ref=Ref< undefined > class="v-tab"  ... > 
  at <VTab key=0 > 
  at <VSlideGroup centerActive=false scrollToActive=true contentClass=undefined  ... > 
  at <VTabs modelValue=null onUpdate:modelValue=fn bg-color=undefined  ... > 
  at <VCard variant="text" class="lowerBar" > 
  at <MenusLowerBar > 
  at <ClientOnly > 
  at <VApp theme="light" class="auto-text" > 
  at <VResponsive class="border rounded" > 
  at <Default ref=Ref< Proxy(Object) > > 
  at <AsyncComponentWrapper ref=Ref< Proxy(Object) > > 
  at <LayoutLoader key="default" layoutProps= {ref: RefImpl} name="default" > 
  at <NuxtLayoutProvider layoutProps= {ref: RefImpl} key="default" name="default"  ... > 
  at <NuxtLayout > 
  at <App key=4 > 
  at <NuxtRoot> @ http://localhost:3001/_nuxt/@fs/home/meebuzo/github/alternate-framework/apps/ecosystem/meeovi-frontend/node_modules/@sentry/core/build/esm/instrument/console.js?v=cfee6d51:42
[   14190ms] [WARNING] [Vue warn]: Avoid app logic that relies on enumerating keys on a component instance. The keys will be empty in production mode to avoid performance overhead. 
  at <VDefaultsProvider key="content-defaults" disabled=true defaults= {VIcon: Object} > 
  at <VBtn symbol= Symbol(vuetify:v-tabs) ref=Ref< undefined > class="v-tab"  ... > 
  at <VTab key=0 > 
  at <VSlideGroup centerActive=false scrollToActive=true contentClass=undefined  ... > 
  at <VTabs modelValue=null onUpdate:modelValue=fn bg-color=undefined  ... > 
  at <VCard variant="text" class="lowerBar" > 
  at <MenusLowerBar > 
  at <ClientOnly > 
  at <VApp theme="light" class="auto-text" > 
  at <VResponsive class="border rounded" > 
  at <Default ref=Ref< Proxy(Object) > > 
  at <AsyncComponentWrapper ref=Ref< Proxy(Object) > > 
  at <LayoutLoader key="default" layoutProps= {ref: RefImpl} name="default" > 
  at <NuxtLayoutProvider layoutProps= {ref: RefImpl} key="default" name="default"  ... > 
  at <NuxtLayout > 
  at <App key=4 > 
  at <NuxtRoot> @ http://localhost:3001/_nuxt/@fs/home/meebuzo/github/alternate-framework/apps/ecosystem/meeovi-frontend/node_modules/@sentry/core/build/esm/instrument/console.js?v=cfee6d51:42
[   14192ms] [WARNING] [Vue warn]: Avoid app logic that relies on enumerating keys on a component instance. The keys will be empty in production mode to avoid performance overhead. 
  at <VDefaultsProvider key="content-defaults" disabled=true defaults= {VIcon: Object} > 
  at <VBtn symbol= Symbol(vuetify:v-tabs) ref=Ref< undefined > class="v-tab"  ... > 
  at <VTab key=0 > 
  at <VSlideGroup centerActive=false scrollToActive=true contentClass=undefined  ... > 
  at <VTabs modelValue=null onUpdate:modelValue=fn bg-color=undefined  ... > 
  at <VCard variant="text" class="lowerBar" > 
  at <MenusLowerBar > 
  at <ClientOnly > 
  at <VApp theme="light" class="auto-text" > 
  at <VResponsive class="border rounded" > 
  at <Default ref=Ref< Proxy(Object) > > 
  at <AsyncComponentWrapper ref=Ref< Proxy(Object) > > 
  at <LayoutLoader key="default" layoutProps= {ref: RefImpl} name="default" > 
  at <NuxtLayoutProvider layoutProps= {ref: RefImpl} key="default" name="default"  ... > 
  at <NuxtLayout > 
  at <App key=4 > 
  at <NuxtRoot> @ http://localhost:3001/_nuxt/@fs/home/meebuzo/github/alternate-framework/apps/ecosystem/meeovi-frontend/node_modules/@sentry/core/build/esm/instrument/console.js?v=cfee6d51:42
[   14193ms] [WARNING] [Vue warn]: Avoid app logic that relies on enumerating keys on a component instance. The keys will be empty in production mode to avoid performance overhead. 
  at <VDefaultsProvider key="content-defaults" disabled=true defaults= {VIcon: Object} > 
  at <VBtn symbol= Symbol(vuetify:v-tabs) ref=Ref< undefined > class="v-tab"  ... > 
  at <VTab key=0 > 
  at <VSlideGroup centerActive=false scrollToActive=true contentClass=undefined  ... > 
  at <VTabs modelValue=null onUpdate:modelValue=fn bg-color=undefined  ... > 
  at <VCard variant="text" class="lowerBar" > 
  at <MenusLowerBar > 
  at <ClientOnly > 
  at <VApp theme="light" class="auto-text" > 
  at <VResponsive class="border rounded" > 
  at <Default ref=Ref< Proxy(Object) > > 
  at <AsyncComponentWrapper ref=Ref< Proxy(Object) > > 
  at <LayoutLoader key="default" layoutProps= {ref: RefImpl} name="default" > 
  at <NuxtLayoutProvider layoutProps= {ref: RefImpl} key="default" name="default"  ... > 
  at <NuxtLayout > 
  at <App key=4 > 
  at <NuxtRoot> @ http://localhost:3001/_nuxt/@fs/home/meebuzo/github/alternate-framework/apps/ecosystem/meeovi-frontend/node_modules/@sentry/core/build/esm/instrument/console.js?v=cfee6d51:42
[   14194ms] [WARNING] [Vue warn]: Avoid app logic that relies on enumerating keys on a component instance. The keys will be empty in production mode to avoid performance overhead. 
  at <VDefaultsProvider key="content-defaults" disabled=true defaults= {VIcon: Object} > 
  at <VBtn symbol= Symbol(vuetify:v-tabs) ref=Ref< undefined > class="v-tab"  ... > 
  at <VTab key=0 > 
  at <VSlideGroup centerActive=false scrollToActive=true contentClass=undefined  ... > 
  at <VTabs modelValue=null onUpdate:modelValue=fn bg-color=undefined  ... > 
  at <VCard variant="text" class="lowerBar" > 
  at <MenusLowerBar > 
  at <ClientOnly > 
  at <VApp theme="light" class="auto-text" > 
  at <VResponsive class="border rounded" > 
  at <Default ref=Ref< Proxy(Object) > > 
  at <AsyncComponentWrapper ref=Ref< Proxy(Object) > > 
  at <LayoutLoader key="default" layoutProps= {ref: RefImpl} name="default" > 
  at <NuxtLayoutProvider layoutProps= {ref: RefImpl} key="default" name="default"  ... > 
  at <NuxtLayout > 
  at <App key=4 > 
  at <NuxtRoot> @ http://localhost:3001/_nuxt/@fs/home/meebuzo/github/alternate-framework/apps/ecosystem/meeovi-frontend/node_modules/@sentry/core/build/esm/instrument/console.js?v=cfee6d51:42
[   14196ms] [WARNING] [Vue warn]: Avoid app logic that relies on enumerating keys on a component instance. The keys will be empty in production mode to avoid performance overhead. 
  at <VDefaultsProvider key="content-defaults" disabled=true defaults= {VIcon: Object} > 
  at <VBtn symbol= Symbol(vuetify:v-tabs) ref=Ref< undefined > class="v-tab"  ... > 
  at <VTab key=0 > 
  at <VSlideGroup centerActive=false scrollToActive=true contentClass=undefined  ... > 
  at <VTabs modelValue=null onUpdate:modelValue=fn bg-color=undefined  ... > 
  at <VCard variant="text" class="lowerBar" > 
  at <MenusLowerBar > 
  at <ClientOnly > 
  at <VApp theme="light" class="auto-text" > 
  at <VResponsive class="border rounded" > 
  at <Default ref=Ref< Proxy(Object) > > 
  at <AsyncComponentWrapper ref=Ref< Proxy(Object) > > 
  at <LayoutLoader key="default" layoutProps= {ref: RefImpl} name="default" > 
  at <NuxtLayoutProvider layoutProps= {ref: RefImpl} key="default" name="default"  ... > 
  at <NuxtLayout > 
  at <App key=4 > 
  at <NuxtRoot> @ http://localhost:3001/_nuxt/@fs/home/meebuzo/github/alternate-framework/apps/ecosystem/meeovi-frontend/node_modules/@sentry/core/build/esm/instrument/console.js?v=cfee6d51:42
[   14197ms] [WARNING] [Vue warn]: Avoid app logic that relies on enumerating keys on a component instance. The keys will be empty in production mode to avoid performance overhead. 
  at <VDefaultsProvider key="content-defaults" disabled=true defaults= {VIcon: Object} > 
  at <VBtn symbol= Symbol(vuetify:v-tabs) ref=Ref< undefined > class="v-tab"  ... > 
  at <VTab key=0 > 
  at <VSlideGroup centerActive=false scrollToActive=true contentClass=undefined  ... > 
  at <VTabs modelValue=null onUpdate:modelValue=fn bg-color=undefined  ... > 
  at <VCard variant="text" class="lowerBar" > 
  at <MenusLowerBar > 
  at <ClientOnly > 
  at <VApp theme="light" class="auto-text" > 
  at <VResponsive class="border rounded" > 
  at <Default ref=Ref< Proxy(Object) > > 
  at <AsyncComponentWrapper ref=Ref< Proxy(Object) > > 
  at <LayoutLoader key="default" layoutProps= {ref: RefImpl} name="default" > 
  at <NuxtLayoutProvider layoutProps= {ref: RefImpl} key="default" name="default"  ... > 
  at <NuxtLayout > 
  at <App key=4 > 
  at <NuxtRoot> @ http://localhost:3001/_nuxt/@fs/home/meebuzo/github/alternate-framework/apps/ecosystem/meeovi-frontend/node_modules/@sentry/core/build/esm/instrument/console.js?v=cfee6d51:42
[   14199ms] [WARNING] [Vue warn]: Avoid app logic that relies on enumerating keys on a component instance. The keys will be empty in production mode to avoid performance overhead. 
  at <VDefaultsProvider key="content-defaults" disabled=true defaults= {VIcon: Object} > 
  at <VBtn symbol= Symbol(vuetify:v-tabs) ref=Ref< undefined > class="v-tab"  ... > 
  at <VTab key=0 > 
  at <VSlideGroup centerActive=false scrollToActive=true contentClass=undefined  ... > 
  at <VTabs modelValue=null onUpdate:modelValue=fn bg-color=undefined  ... > 
  at <VCard variant="text" class="lowerBar" > 
  at <MenusLowerBar > 
  at <ClientOnly > 
  at <VApp theme="light" class="auto-text" > 
  at <VResponsive class="border rounded" > 
  at <Default ref=Ref< Proxy(Object) > > 
  at <AsyncComponentWrapper ref=Ref< Proxy(Object) > > 
  at <LayoutLoader key="default" layoutProps= {ref: RefImpl} name="default" > 
  at <NuxtLayoutProvider layoutProps= {ref: RefImpl} key="default" name="default"  ... > 
  at <NuxtLayout > 
  at <App key=4 > 
  at <NuxtRoot> @ http://localhost:3001/_nuxt/@fs/home/meebuzo/github/alternate-framework/apps/ecosystem/meeovi-frontend/node_modules/@sentry/core/build/esm/instrument/console.js?v=cfee6d51:42
[   14200ms] [WARNING] [Vue warn]: Avoid app logic that relies on enumerating keys on a component instance. The keys will be empty in production mode to avoid performance overhead. 
  at <VDefaultsProvider key="content-defaults" disabled=true defaults= {VIcon: Object} > 
  at <VBtn symbol= Symbol(vuetify:v-tabs) ref=Ref< undefined > class="v-tab"  ... > 
  at <VTab key=0 > 
  at <VSlideGroup centerActive=false scrollToActive=true contentClass=undefined  ... > 
  at <VTabs modelValue=null onUpdate:modelValue=fn bg-color=undefined  ... > 
  at <VCard variant="text" class="lowerBar" > 
  at <MenusLowerBar > 
  at <ClientOnly > 
  at <VApp theme="light" class="auto-text" > 
  at <VResponsive class="border rounded" > 
  at <Default ref=Ref< Proxy(Object) > > 
  at <AsyncComponentWrapper ref=Ref< Proxy(Object) > > 
  at <LayoutLoader key="default" layoutProps= {ref: RefImpl} name="default" > 
  at <NuxtLayoutProvider layoutProps= {ref: RefImpl} key="default" name="default"  ... > 
  at <NuxtLayout > 
  at <App key=4 > 
  at <NuxtRoot> @ http://localhost:3001/_nuxt/@fs/home/meebuzo/github/alternate-framework/apps/ecosystem/meeovi-frontend/node_modules/@sentry/core/build/esm/instrument/console.js?v=cfee6d51:42
[   14202ms] [WARNING] [Vue warn]: Avoid app logic that relies on enumerating keys on a component instance. The keys will be empty in production mode to avoid performance overhead. 
  at <VDefaultsProvider key="content-defaults" disabled=true defaults= {VIcon: Object} > 
  at <VBtn symbol= Symbol(vuetify:v-tabs) ref=Ref< undefined > class="v-tab"  ... > 
  at <VTab key=0 > 
  at <VSlideGroup centerActive=false scrollToActive=true contentClass=undefined  ... > 
  at <VTabs modelValue=null onUpdate:modelValue=fn bg-color=undefined  ... > 
  at <VCard variant="text" class="lowerBar" > 
  at <MenusLowerBar > 
  at <ClientOnly > 
  at <VApp theme="light" class="auto-text" > 
  at <VResponsive class="border rounded" > 
  at <Default ref=Ref< Proxy(Object) > > 
  at <AsyncComponentWrapper ref=Ref< Proxy(Object) > > 
  at <LayoutLoader key="default" layoutProps= {ref: RefImpl} name="default" > 
  at <NuxtLayoutProvider layoutProps= {ref: RefImpl} key="default" name="default"  ... > 
  at <NuxtLayout > 
  at <App key=4 > 
  at <NuxtRoot> @ http://localhost:3001/_nuxt/@fs/home/meebuzo/github/alternate-framework/apps/ecosystem/meeovi-frontend/node_modules/@sentry/core/build/esm/instrument/console.js?v=cfee6d51:42
[   14203ms] [WARNING] [Vue warn]: Avoid app logic that relies on enumerating keys on a component instance. The keys will be empty in production mode to avoid performance overhead. 
  at <VDefaultsProvider key="content-defaults" disabled=true defaults= {VIcon: Object} > 
  at <VBtn symbol= Symbol(vuetify:v-tabs) ref=Ref< undefined > class="v-tab"  ... > 
  at <VTab key=0 > 
  at <VSlideGroup centerActive=false scrollToActive=true contentClass=undefined  ... > 
  at <VTabs modelValue=null onUpdate:modelValue=fn bg-color=undefined  ... > 
  at <VCard variant="text" class="lowerBar" > 
  at <MenusLowerBar > 
  at <ClientOnly > 
  at <VApp theme="light" class="auto-text" > 
  at <VResponsive class="border rounded" > 
  at <Default ref=Ref< Proxy(Object) > > 
  at <AsyncComponentWrapper ref=Ref< Proxy(Object) > > 
  at <LayoutLoader key="default" layoutProps= {ref: RefImpl} name="default" > 
  at <NuxtLayoutProvider layoutProps= {ref: RefImpl} key="default" name="default"  ... > 
  at <NuxtLayout > 
  at <App key=4 > 
  at <NuxtRoot> @ http://localhost:3001/_nuxt/@fs/home/meebuzo/github/alternate-framework/apps/ecosystem/meeovi-frontend/node_modules/@sentry/core/build/esm/instrument/console.js?v=cfee6d51:42
[   14204ms] [WARNING] [Vue warn]: Avoid app logic that relies on enumerating keys on a component instance. The keys will be empty in production mode to avoid performance overhead. 
  at <VDefaultsProvider key="content-defaults" disabled=true defaults= {VIcon: Object} > 
  at <VBtn symbol= Symbol(vuetify:v-tabs) ref=Ref< undefined > class="v-tab"  ... > 
  at <VTab key=0 > 
  at <VSlideGroup centerActive=false scrollToActive=true contentClass=undefined  ... > 
  at <VTabs modelValue=null onUpdate:modelValue=fn bg-color=undefined  ... > 
  at <VCard variant="text" class="lowerBar" > 
  at <MenusLowerBar > 
  at <ClientOnly > 
  at <VApp theme="light" class="auto-text" > 
  at <VResponsive class="border rounded" > 
  at <Default ref=Ref< Proxy(Object) > > 
  at <AsyncComponentWrapper ref=Ref< Proxy(Object) > > 
  at <LayoutLoader key="default" layoutProps= {ref: RefImpl} name="default" > 
  at <NuxtLayoutProvider layoutProps= {ref: RefImpl} key="default" name="default"  ... > 
  at <NuxtLayout > 
  at <App key=4 > 
  at <NuxtRoot> @ http://localhost:3001/_nuxt/@fs/home/meebuzo/github/alternate-framework/apps/ecosystem/meeovi-frontend/node_modules/@sentry/core/build/esm/instrument/console.js?v=cfee6d51:42
[   14205ms] [WARNING] [Vue warn]: Avoid app logic that relies on enumerating keys on a component instance. The keys will be empty in production mode to avoid performance overhead. 
  at <VDefaultsProvider key="content-defaults" disabled=true defaults= {VIcon: Object} > 
  at <VBtn symbol= Symbol(vuetify:v-tabs) ref=Ref< undefined > class="v-tab"  ... > 
  at <VTab key=0 > 
  at <VSlideGroup centerActive=false scrollToActive=true contentClass=undefined  ... > 
  at <VTabs modelValue=null onUpdate:modelValue=fn bg-color=undefined  ... > 
  at <VCard variant="text" class="lowerBar" > 
  at <MenusLowerBar > 
  at <ClientOnly > 
  at <VApp theme="light" class="auto-text" > 
  at <VResponsive class="border rounded" > 
  at <Default ref=Ref< Proxy(Object) > > 
  at <AsyncComponentWrapper ref=Ref< Proxy(Object) > > 
  at <LayoutLoader key="default" layoutProps= {ref: RefImpl} name="default" > 
  at <NuxtLayoutProvider layoutProps= {ref: RefImpl} key="default" name="default"  ... > 
  at <NuxtLayout > 
  at <App key=4 > 
  at <NuxtRoot> @ http://localhost:3001/_nuxt/@fs/home/meebuzo/github/alternate-framework/apps/ecosystem/meeovi-frontend/node_modules/@sentry/core/build/esm/instrument/console.js?v=cfee6d51:42
[   14206ms] [WARNING] [Vue warn]: Avoid app logic that relies on enumerating keys on a component instance. The keys will be empty in production mode to avoid performance overhead. 
  at <VDefaultsProvider key="content-defaults" disabled=true defaults= {VIcon: Object} > 
  at <VBtn symbol= Symbol(vuetify:v-tabs) ref=Ref< undefined > class="v-tab"  ... > 
  at <VTab key=0 > 
  at <VSlideGroup centerActive=false scrollToActive=true contentClass=undefined  ... > 
  at <VTabs modelValue=null onUpdate:modelValue=fn bg-color=undefined  ... > 
  at <VCard variant="text" class="lowerBar" > 
  at <MenusLowerBar > 
  at <ClientOnly > 
  at <VApp theme="light" class="auto-text" > 
  at <VResponsive class="border rounded" > 
  at <Default ref=Ref< Proxy(Object) > > 
  at <AsyncComponentWrapper ref=Ref< Proxy(Object) > > 
  at <LayoutLoader key="default" layoutProps= {ref: RefImpl} name="default" > 
  at <NuxtLayoutProvider layoutProps= {ref: RefImpl} key="default" name="default"  ... > 
  at <NuxtLayout > 
  at <App key=4 > 
  at <NuxtRoot> @ http://localhost:3001/_nuxt/@fs/home/meebuzo/github/alternate-framework/apps/ecosystem/meeovi-frontend/node_modules/@sentry/core/build/esm/instrument/console.js?v=cfee6d51:42
[   14208ms] [WARNING] [Vue warn]: Avoid app logic that relies on enumerating keys on a component instance. The keys will be empty in production mode to avoid performance overhead. 
  at <VDefaultsProvider key="content-defaults" disabled=true defaults= {VIcon: Object} > 
  at <VBtn symbol= Symbol(vuetify:v-tabs) ref=Ref< undefined > class="v-tab"  ... > 
  at <VTab key=0 > 
  at <VSlideGroup centerActive=false scrollToActive=true contentClass=undefined  ... > 
  at <VTabs modelValue=null onUpdate:modelValue=fn bg-color=undefined  ... > 
  at <VCard variant="text" class="lowerBar" > 
  at <MenusLowerBar > 
  at <ClientOnly > 
  at <VApp theme="light" class="auto-text" > 
  at <VResponsive class="border rounded" > 
  at <Default ref=Ref< Proxy(Object) > > 
  at <AsyncComponentWrapper ref=Ref< Proxy(Object) > > 
  at <LayoutLoader key="default" layoutProps= {ref: RefImpl} name="default" > 
  at <NuxtLayoutProvider layoutProps= {ref: RefImpl} key="default" name="default"  ... > 
  at <NuxtLayout > 
  at <App key=4 > 
  at <NuxtRoot> @ http://localhost:3001/_nuxt/@fs/home/meebuzo/github/alternate-framework/apps/ecosystem/meeovi-frontend/node_modules/@sentry/core/build/esm/instrument/console.js?v=cfee6d51:42
[   14209ms] [WARNING] [Vue warn]: Avoid app logic that relies on enumerating keys on a component instance. The keys will be empty in production mode to avoid performance overhead. 
  at <VDefaultsProvider key="content-defaults" disabled=true defaults= {VIcon: Object} > 
  at <VBtn symbol= Symbol(vuetify:v-tabs) ref=Ref< undefined > class="v-tab"  ... > 
  at <VTab key=0 > 
  at <VSlideGroup centerActive=false scrollToActive=true contentClass=undefined  ... > 
  at <VTabs modelValue=null onUpdate:modelValue=fn bg-color=undefined  ... > 
  at <VCard variant="text" class="lowerBar" > 
  at <MenusLowerBar > 
  at <ClientOnly > 
  at <VApp theme="light" class="auto-text" > 
  at <VResponsive class="border rounded" > 
  at <Default ref=Ref< Proxy(Object) > > 
  at <AsyncComponentWrapper ref=Ref< Proxy(Object) > > 
  at <LayoutLoader key="default" layoutProps= {ref: RefImpl} name="default" > 
  at <NuxtLayoutProvider layoutProps= {ref: RefImpl} key="default" name="default"  ... > 
  at <NuxtLayout > 
  at <App key=4 > 
  at <NuxtRoot> @ http://localhost:3001/_nuxt/@fs/home/meebuzo/github/alternate-framework/apps/ecosystem/meeovi-frontend/node_modules/@sentry/core/build/esm/instrument/console.js?v=cfee6d51:42
[   14210ms] [WARNING] [Vue warn]: Avoid app logic that relies on enumerating keys on a component instance. The keys will be empty in production mode to avoid performance overhead. 
  at <VDefaultsProvider key="content-defaults" disabled=true defaults= {VIcon: Object} > 
  at <VBtn symbol= Symbol(vuetify:v-tabs) ref=Ref< undefined > class="v-tab"  ... > 
  at <VTab key=0 > 
  at <VSlideGroup centerActive=false scrollToActive=true contentClass=undefined  ... > 
  at <VTabs modelValue=null onUpdate:modelValue=fn bg-color=undefined  ... > 
  at <VCard variant="text" class="lowerBar" > 
  at <MenusLowerBar > 
  at <ClientOnly > 
  at <VApp theme="light" class="auto-text" > 
  at <VResponsive class="border rounded" > 
  at <Default ref=Ref< Proxy(Object) > > 
  at <AsyncComponentWrapper ref=Ref< Proxy(Object) > > 
  at <LayoutLoader key="default" layoutProps= {ref: RefImpl} name="default" > 
  at <NuxtLayoutProvider layoutProps= {ref: RefImpl} key="default" name="default"  ... > 
  at <NuxtLayout > 
  at <App key=4 > 
  at <NuxtRoot> @ http://localhost:3001/_nuxt/@fs/home/meebuzo/github/alternate-framework/apps/ecosystem/meeovi-frontend/node_modules/@sentry/core/build/esm/instrument/console.js?v=cfee6d51:42
[   14211ms] [WARNING] [Vue warn]: Avoid app logic that relies on enumerating keys on a component instance. The keys will be empty in production mode to avoid performance overhead. 
  at <VDefaultsProvider key="content-defaults" disabled=true defaults= {VIcon: Object} > 
  at <VBtn symbol= Symbol(vuetify:v-tabs) ref=Ref< undefined > class="v-tab"  ... > 
  at <VTab key=0 > 
  at <VSlideGroup centerActive=false scrollToActive=true contentClass=undefined  ... > 
  at <VTabs modelValue=null onUpdate:modelValue=fn bg-color=undefined  ... > 
  at <VCard variant="text" class="lowerBar" > 
  at <MenusLowerBar > 
  at <ClientOnly > 
  at <VApp theme="light" class="auto-text" > 
  at <VResponsive class="border rounded" > 
  at <Default ref=Ref< Proxy(Object) > > 
  at <AsyncComponentWrapper ref=Ref< Proxy(Object) > > 
  at <LayoutLoader key="default" layoutProps= {ref: RefImpl} name="default" > 
  at <NuxtLayoutProvider layoutProps= {ref: RefImpl} key="default" name="default"  ... > 
  at <NuxtLayout > 
  at <App key=4 > 
  at <NuxtRoot> @ http://localhost:3001/_nuxt/@fs/home/meebuzo/github/alternate-framework/apps/ecosystem/meeovi-frontend/node_modules/@sentry/core/build/esm/instrument/console.js?v=cfee6d51:42
[   14212ms] [WARNING] [Vue warn]: Avoid app logic that relies on enumerating keys on a component instance. The keys will be empty in production mode to avoid performance overhead. 
  at <VDefaultsProvider key="content-defaults" disabled=true defaults= {VIcon: Object} > 
  at <VBtn symbol= Symbol(vuetify:v-tabs) ref=Ref< undefined > class="v-tab"  ... > 
  at <VTab key=0 > 
  at <VSlideGroup centerActive=false scrollToActive=true contentClass=undefined  ... > 
  at <VTabs modelValue=null onUpdate:modelValue=fn bg-color=undefined  ... > 
  at <VCard variant="text" class="lowerBar" > 
  at <MenusLowerBar > 
  at <ClientOnly > 
  at <VApp theme="light" class="auto-text" > 
  at <VResponsive class="border rounded" > 
  at <Default ref=Ref< Proxy(Object) > > 
  at <AsyncComponentWrapper ref=Ref< Proxy(Object) > > 
  at <LayoutLoader key="default" layoutProps= {ref: RefImpl} name="default" > 
  at <NuxtLayoutProvider layoutProps= {ref: RefImpl} key="default" name="default"  ... > 
  at <NuxtLayout > 
  at <App key=4 > 
  at <NuxtRoot> @ http://localhost:3001/_nuxt/@fs/home/meebuzo/github/alternate-framework/apps/ecosystem/meeovi-frontend/node_modules/@sentry/core/build/esm/instrument/console.js?v=cfee6d51:42
[   14218ms] [WARNING] [Vue warn]: Avoid app logic that relies on enumerating keys on a component instance. The keys will be empty in production mode to avoid performance overhead. 
  at <VDefaultsProvider key="content-defaults" disabled=true defaults= {VIcon: Object} > 
  at <VBtn symbol= Symbol(vuetify:v-tabs) ref=Ref< undefined > class="v-tab"  ... > 
  at <VTab key=0 > 
  at <VSlideGroup centerActive=false scrollToActive=true contentClass=undefined  ... > 
  at <VTabs modelValue=null onUpdate:modelValue=fn bg-color=undefined  ... > 
  at <VCard variant="text" class="lowerBar" > 
  at <MenusLowerBar > 
  at <ClientOnly > 
  at <VApp theme="light" class="auto-text" > 
  at <VResponsive class="border rounded" > 
  at <Default ref=Ref< Proxy(Object) > > 
  at <AsyncComponentWrapper ref=Ref< Proxy(Object) > > 
  at <LayoutLoader key="default" layoutProps= {ref: RefImpl} name="default" > 
  at <NuxtLayoutProvider layoutProps= {ref: RefImpl} key="default" name="default"  ... > 
  at <NuxtLayout > 
  at <App key=4 > 
  at <NuxtRoot> @ http://localhost:3001/_nuxt/@fs/home/meebuzo/github/alternate-framework/apps/ecosystem/meeovi-frontend/node_modules/@sentry/core/build/esm/instrument/console.js?v=cfee6d51:42
[   14220ms] [WARNING] [Vue warn]: Avoid app logic that relies on enumerating keys on a component instance. The keys will be empty in production mode to avoid performance overhead. 
  at <VDefaultsProvider key="content-defaults" disabled=true defaults= {VIcon: Object} > 
  at <VBtn symbol= Symbol(vuetify:v-tabs) ref=Ref< undefined > class="v-tab"  ... > 
  at <VTab key=0 > 
  at <VSlideGroup centerActive=false scrollToActive=true contentClass=undefined  ... > 
  at <VTabs modelValue=null onUpdate:modelValue=fn bg-color=undefined  ... > 
  at <VCard variant="text" class="lowerBar" > 
  at <MenusLowerBar > 
  at <ClientOnly > 
  at <VApp theme="light" class="auto-text" > 
  at <VResponsive class="border rounded" > 
  at <Default ref=Ref< Proxy(Object) > > 
  at <AsyncComponentWrapper ref=Ref< Proxy(Object) > > 
  at <LayoutLoader key="default" layoutProps= {ref: RefImpl} name="default" > 
  at <NuxtLayoutProvider layoutProps= {ref: RefImpl} key="default" name="default"  ... > 
  at <NuxtLayout > 
  at <App key=4 > 
  at <NuxtRoot> @ http://localhost:3001/_nuxt/@fs/home/meebuzo/github/alternate-framework/apps/ecosystem/meeovi-frontend/node_modules/@sentry/core/build/esm/instrument/console.js?v=cfee6d51:42
[   14221ms] [WARNING] [Vue warn]: Avoid app logic that relies on enumerating keys on a component instance. The keys will be empty in production mode to avoid performance overhead. 
  at <VDefaultsProvider key="content-defaults" disabled=true defaults= {VIcon: Object} > 
  at <VBtn symbol= Symbol(vuetify:v-tabs) ref=Ref< undefined > class="v-tab"  ... > 
  at <VTab key=0 > 
  at <VSlideGroup centerActive=false scrollToActive=true contentClass=undefined  ... > 
  at <VTabs modelValue=null onUpdate:modelValue=fn bg-color=undefined  ... > 
  at <VCard variant="text" class="lowerBar" > 
  at <MenusLowerBar > 
  at <ClientOnly > 
  at <VApp theme="light" class="auto-text" > 
  at <VResponsive class="border rounded" > 
  at <Default ref=Ref< Proxy(Object) > > 
  at <AsyncComponentWrapper ref=Ref< Proxy(Object) > > 
  at <LayoutLoader key="default" layoutProps= {ref: RefImpl} name="default" > 
  at <NuxtLayoutProvider layoutProps= {ref: RefImpl} key="default" name="default"  ... > 
  at <NuxtLayout > 
  at <App key=4 > 
  at <NuxtRoot> @ http://localhost:3001/_nuxt/@fs/home/meebuzo/github/alternate-framework/apps/ecosystem/meeovi-frontend/node_modules/@sentry/core/build/esm/instrument/console.js?v=cfee6d51:42
[   14222ms] [WARNING] [Vue warn]: Avoid app logic that relies on enumerating keys on a component instance. The keys will be empty in production mode to avoid performance overhead. 
  at <VDefaultsProvider key="content-defaults" disabled=true defaults= {VIcon: Object} > 
  at <VBtn symbol= Symbol(vuetify:v-tabs) ref=Ref< undefined > class="v-tab"  ... > 
  at <VTab key=0 > 
  at <VSlideGroup centerActive=false scrollToActive=true contentClass=undefined  ... > 
  at <VTabs modelValue=null onUpdate:modelValue=fn bg-color=undefined  ... > 
  at <VCard variant="text" class="lowerBar" > 
  at <MenusLowerBar > 
  at <ClientOnly > 
  at <VApp theme="light" class="auto-text" > 
  at <VResponsive class="border rounded" > 
  at <Default ref=Ref< Proxy(Object) > > 
  at <AsyncComponentWrapper ref=Ref< Proxy(Object) > > 
  at <LayoutLoader key="default" layoutProps= {ref: RefImpl} name="default" > 
  at <NuxtLayoutProvider layoutProps= {ref: RefImpl} key="default" name="default"  ... > 
  at <NuxtLayout > 
  at <App key=4 > 
  at <NuxtRoot> @ http://localhost:3001/_nuxt/@fs/home/meebuzo/github/alternate-framework/apps/ecosystem/meeovi-frontend/node_modules/@sentry/core/build/esm/instrument/console.js?v=cfee6d51:42
[   14224ms] [WARNING] [Vue warn]: Avoid app logic that relies on enumerating keys on a component instance. The keys will be empty in production mode to avoid performance overhead. 
  at <VDefaultsProvider key="content-defaults" disabled=true defaults= {VIcon: Object} > 
  at <VBtn symbol= Symbol(vuetify:v-tabs) ref=Ref< undefined > class="v-tab"  ... > 
  at <VTab key=0 > 
  at <VSlideGroup centerActive=false scrollToActive=true contentClass=undefined  ... > 
  at <VTabs modelValue=null onUpdate:modelValue=fn bg-color=undefined  ... > 
  at <VCard variant="text" class="lowerBar" > 
  at <MenusLowerBar > 
  at <ClientOnly > 
  at <VApp theme="light" class="auto-text" > 
  at <VResponsive class="border rounded" > 
  at <Default ref=Ref< Proxy(Object) > > 
  at <AsyncComponentWrapper ref=Ref< Proxy(Object) > > 
  at <LayoutLoader key="default" layoutProps= {ref: RefImpl} name="default" > 
  at <NuxtLayoutProvider layoutProps= {ref: RefImpl} key="default" name="default"  ... > 
  at <NuxtLayout > 
  at <App key=4 > 
  at <NuxtRoot> @ http://localhost:3001/_nuxt/@fs/home/meebuzo/github/alternate-framework/apps/ecosystem/meeovi-frontend/node_modules/@sentry/core/build/esm/instrument/console.js?v=cfee6d51:42
[   14226ms] [WARNING] [Vue warn]: Avoid app logic that relies on enumerating keys on a component instance. The keys will be empty in production mode to avoid performance overhead. 
  at <VDefaultsProvider key="content-defaults" disabled=true defaults= {VIcon: Object} > 
  at <VBtn symbol= Symbol(vuetify:v-tabs) ref=Ref< undefined > class="v-tab"  ... > 
  at <VTab key=0 > 
  at <VSlideGroup centerActive=false scrollToActive=true contentClass=undefined  ... > 
  at <VTabs modelValue=null onUpdate:modelValue=fn bg-color=undefined  ... > 
  at <VCard variant="text" class="lowerBar" > 
  at <MenusLowerBar > 
  at <ClientOnly > 
  at <VApp theme="light" class="auto-text" > 
  at <VResponsive class="border rounded" > 
  at <Default ref=Ref< Proxy(Object) > > 
  at <AsyncComponentWrapper ref=Ref< Proxy(Object) > > 
  at <LayoutLoader key="default" layoutProps= {ref: RefImpl} name="default" > 
  at <NuxtLayoutProvider layoutProps= {ref: RefImpl} key="default" name="default"  ... > 
  at <NuxtLayout > 
  at <App key=4 > 
  at <NuxtRoot> @ http://localhost:3001/_nuxt/@fs/home/meebuzo/github/alternate-framework/apps/ecosystem/meeovi-frontend/node_modules/@sentry/core/build/esm/instrument/console.js?v=cfee6d51:42
[   14227ms] [WARNING] [Vue warn]: Avoid app logic that relies on enumerating keys on a component instance. The keys will be empty in production mode to avoid performance overhead. 
  at <VDefaultsProvider key="content-defaults" disabled=true defaults= {VIcon: Object} > 
  at <VBtn symbol= Symbol(vuetify:v-tabs) ref=Ref< undefined > class="v-tab"  ... > 
  at <VTab key=0 > 
  at <VSlideGroup centerActive=false scrollToActive=true contentClass=undefined  ... > 
  at <VTabs modelValue=null onUpdate:modelValue=fn bg-color=undefined  ... > 
  at <VCard variant="text" class="lowerBar" > 
  at <MenusLowerBar > 
  at <ClientOnly > 
  at <VApp theme="light" class="auto-text" > 
  at <VResponsive class="border rounded" > 
  at <Default ref=Ref< Proxy(Object) > > 
  at <AsyncComponentWrapper ref=Ref< Proxy(Object) > > 
  at <LayoutLoader key="default" layoutProps= {ref: RefImpl} name="default" > 
  at <NuxtLayoutProvider layoutProps= {ref: RefImpl} key="default" name="default"  ... > 
  at <NuxtLayout > 
  at <App key=4 > 
  at <NuxtRoot> @ http://localhost:3001/_nuxt/@fs/home/meebuzo/github/alternate-framework/apps/ecosystem/meeovi-frontend/node_modules/@sentry/core/build/esm/instrument/console.js?v=cfee6d51:42
[   14228ms] [WARNING] [Vue warn]: Avoid app logic that relies on enumerating keys on a component instance. The keys will be empty in production mode to avoid performance overhead. 
  at <VDefaultsProvider key="content-defaults" disabled=true defaults= {VIcon: Object} > 
  at <VBtn symbol= Symbol(vuetify:v-tabs) ref=Ref< undefined > class="v-tab"  ... > 
  at <VTab key=0 > 
  at <VSlideGroup centerActive=false scrollToActive=true contentClass=undefined  ... > 
  at <VTabs modelValue=null onUpdate:modelValue=fn bg-color=undefined  ... > 
  at <VCard variant="text" class="lowerBar" > 
  at <MenusLowerBar > 
  at <ClientOnly > 
  at <VApp theme="light" class="auto-text" > 
  at <VResponsive class="border rounded" > 
  at <Default ref=Ref< Proxy(Object) > > 
  at <AsyncComponentWrapper ref=Ref< Proxy(Object) > > 
  at <LayoutLoader key="default" layoutProps= {ref: RefImpl} name="default" > 
  at <NuxtLayoutProvider layoutProps= {ref: RefImpl} key="default" name="default"  ... > 
  at <NuxtLayout > 
  at <App key=4 > 
  at <NuxtRoot> @ http://localhost:3001/_nuxt/@fs/home/meebuzo/github/alternate-framework/apps/ecosystem/meeovi-frontend/node_modules/@sentry/core/build/esm/instrument/console.js?v=cfee6d51:42
[   14229ms] [WARNING] [Vue warn]: Avoid app logic that relies on enumerating keys on a component instance. The keys will be empty in production mode to avoid performance overhead. 
  at <VDefaultsProvider key="content-defaults" disabled=true defaults= {VIcon: Object} > 
  at <VBtn symbol= Symbol(vuetify:v-tabs) ref=Ref< undefined > class="v-tab"  ... > 
  at <VTab key=0 > 
  at <VSlideGroup centerActive=false scrollToActive=true contentClass=undefined  ... > 
  at <VTabs modelValue=null onUpdate:modelValue=fn bg-color=undefined  ... > 
  at <VCard variant="text" class="lowerBar" > 
  at <MenusLowerBar > 
  at <ClientOnly > 
  at <VApp theme="light" class="auto-text" > 
  at <VResponsive class="border rounded" > 
  at <Default ref=Ref< Proxy(Object) > > 
  at <AsyncComponentWrapper ref=Ref< Proxy(Object) > > 
  at <LayoutLoader key="default" layoutProps= {ref: RefImpl} name="default" > 
  at <NuxtLayoutProvider layoutProps= {ref: RefImpl} key="default" name="default"  ... > 
  at <NuxtLayout > 
  at <App key=4 > 
  at <NuxtRoot> @ http://localhost:3001/_nuxt/@fs/home/meebuzo/github/alternate-framework/apps/ecosystem/meeovi-frontend/node_modules/@sentry/core/build/esm/instrument/console.js?v=cfee6d51:42
[   14231ms] [WARNING] [Vue warn]: Avoid app logic that relies on enumerating keys on a component instance. The keys will be empty in production mode to avoid performance overhead. 
  at <VDefaultsProvider key="content-defaults" disabled=true defaults= {VIcon: Object} > 
  at <VBtn symbol= Symbol(vuetify:v-tabs) ref=Ref< undefined > class="v-tab"  ... > 
  at <VTab key=0 > 
  at <VSlideGroup centerActive=false scrollToActive=true contentClass=undefined  ... > 
  at <VTabs modelValue=null onUpdate:modelValue=fn bg-color=undefined  ... > 
  at <VCard variant="text" class="lowerBar" > 
  at <MenusLowerBar > 
  at <ClientOnly > 
  at <VApp theme="light" class="auto-text" > 
  at <VResponsive class="border rounded" > 
  at <Default ref=Ref< Proxy(Object) > > 
  at <AsyncComponentWrapper ref=Ref< Proxy(Object) > > 
  at <LayoutLoader key="default" layoutProps= {ref: RefImpl} name="default" > 
  at <NuxtLayoutProvider layoutProps= {ref: RefImpl} key="default" name="default"  ... > 
  at <NuxtLayout > 
  at <App key=4 > 
  at <NuxtRoot> @ http://localhost:3001/_nuxt/@fs/home/meebuzo/github/alternate-framework/apps/ecosystem/meeovi-frontend/node_modules/@sentry/core/build/esm/instrument/console.js?v=cfee6d51:42
[   14233ms] [WARNING] [Vue warn]: Avoid app logic that relies on enumerating keys on a component instance. The keys will be empty in production mode to avoid performance overhead. 
  at <VDefaultsProvider key="content-defaults" disabled=true defaults= {VIcon: Object} > 
  at <VBtn symbol= Symbol(vuetify:v-tabs) ref=Ref< undefined > class="v-tab"  ... > 
  at <VTab key=0 > 
  at <VSlideGroup centerActive=false scrollToActive=true contentClass=undefined  ... > 
  at <VTabs modelValue=null onUpdate:modelValue=fn bg-color=undefined  ... > 
  at <VCard variant="text" class="lowerBar" > 
  at <MenusLowerBar > 
  at <ClientOnly > 
  at <VApp theme="light" class="auto-text" > 
  at <VResponsive class="border rounded" > 
  at <Default ref=Ref< Proxy(Object) > > 
  at <AsyncComponentWrapper ref=Ref< Proxy(Object) > > 
  at <LayoutLoader key="default" layoutProps= {ref: RefImpl} name="default" > 
  at <NuxtLayoutProvider layoutProps= {ref: RefImpl} key="default" name="default"  ... > 
  at <NuxtLayout > 
  at <App key=4 > 
  at <NuxtRoot> @ http://localhost:3001/_nuxt/@fs/home/meebuzo/github/alternate-framework/apps/ecosystem/meeovi-frontend/node_modules/@sentry/core/build/esm/instrument/console.js?v=cfee6d51:42
[   14234ms] [WARNING] [Vue warn]: Avoid app logic that relies on enumerating keys on a component instance. The keys will be empty in production mode to avoid performance overhead. 
  at <VDefaultsProvider key="content-defaults" disabled=true defaults= {VIcon: Object} > 
  at <VBtn symbol= Symbol(vuetify:v-tabs) ref=Ref< undefined > class="v-tab"  ... > 
  at <VTab key=0 > 
  at <VSlideGroup centerActive=false scrollToActive=true contentClass=undefined  ... > 
  at <VTabs modelValue=null onUpdate:modelValue=fn bg-color=undefined  ... > 
  at <VCard variant="text" class="lowerBar" > 
  at <MenusLowerBar > 
  at <ClientOnly > 
  at <VApp theme="light" class="auto-text" > 
  at <VResponsive class="border rounded" > 
  at <Default ref=Ref< Proxy(Object) > > 
  at <AsyncComponentWrapper ref=Ref< Proxy(Object) > > 
  at <LayoutLoader key="default" layoutProps= {ref: RefImpl} name="default" > 
  at <NuxtLayoutProvider layoutProps= {ref: RefImpl} key="default" name="default"  ... > 
  at <NuxtLayout > 
  at <App key=4 > 
  at <NuxtRoot> @ http://localhost:3001/_nuxt/@fs/home/meebuzo/github/alternate-framework/apps/ecosystem/meeovi-frontend/node_modules/@sentry/core/build/esm/instrument/console.js?v=cfee6d51:42
[   14236ms] [WARNING] [Vue warn]: Avoid app logic that relies on enumerating keys on a component instance. The keys will be empty in production mode to avoid performance overhead. 
  at <VDefaultsProvider key="content-defaults" disabled=true defaults= {VIcon: Object} > 
  at <VBtn symbol= Symbol(vuetify:v-tabs) ref=Ref< undefined > class="v-tab"  ... > 
  at <VTab key=0 > 
  at <VSlideGroup centerActive=false scrollToActive=true contentClass=undefined  ... > 
  at <VTabs modelValue=null onUpdate:modelValue=fn bg-color=undefined  ... > 
  at <VCard variant="text" class="lowerBar" > 
  at <MenusLowerBar > 
  at <ClientOnly > 
  at <VApp theme="light" class="auto-text" > 
  at <VResponsive class="border rounded" > 
  at <Default ref=Ref< Proxy(Object) > > 
  at <AsyncComponentWrapper ref=Ref< Proxy(Object) > > 
  at <LayoutLoader key="default" layoutProps= {ref: RefImpl} name="default" > 
  at <NuxtLayoutProvider layoutProps= {ref: RefImpl} key="default" name="default"  ... > 
  at <NuxtLayout > 
  at <App key=4 > 
  at <NuxtRoot> @ http://localhost:3001/_nuxt/@fs/home/meebuzo/github/alternate-framework/apps/ecosystem/meeovi-frontend/node_modules/@sentry/core/build/esm/instrument/console.js?v=cfee6d51:42
[   14238ms] [WARNING] [Vue warn]: Avoid app logic that relies on enumerating keys on a component instance. The keys will be empty in production mode to avoid performance overhead. 
  at <VDefaultsProvider key="content-defaults" disabled=true defaults= {VIcon: Object} > 
  at <VBtn symbol= Symbol(vuetify:v-tabs) ref=Ref< undefined > class="v-tab"  ... > 
  at <VTab key=0 > 
  at <VSlideGroup centerActive=false scrollToActive=true contentClass=undefined  ... > 
  at <VTabs modelValue=null onUpdate:modelValue=fn bg-color=undefined  ... > 
  at <VCard variant="text" class="lowerBar" > 
  at <MenusLowerBar > 
  at <ClientOnly > 
  at <VApp theme="light" class="auto-text" > 
  at <VResponsive class="border rounded" > 
  at <Default ref=Ref< Proxy(Object) > > 
  at <AsyncComponentWrapper ref=Ref< Proxy(Object) > > 
  at <LayoutLoader key="default" layoutProps= {ref: RefImpl} name="default" > 
  at <NuxtLayoutProvider layoutProps= {ref: RefImpl} key="default" name="default"  ... > 
  at <NuxtLayout > 
  at <App key=4 > 
  at <NuxtRoot> @ http://localhost:3001/_nuxt/@fs/home/meebuzo/github/alternate-framework/apps/ecosystem/meeovi-frontend/node_modules/@sentry/core/build/esm/instrument/console.js?v=cfee6d51:42
[   14240ms] [WARNING] [Vue warn]: Avoid app logic that relies on enumerating keys on a component instance. The keys will be empty in production mode to avoid performance overhead. 
  at <VDefaultsProvider key="content-defaults" disabled=true defaults= {VIcon: Object} > 
  at <VBtn symbol= Symbol(vuetify:v-tabs) ref=Ref< undefined > class="v-tab"  ... > 
  at <VTab key=0 > 
  at <VSlideGroup centerActive=false scrollToActive=true contentClass=undefined  ... > 
  at <VTabs modelValue=null onUpdate:modelValue=fn bg-color=undefined  ... > 
  at <VCard variant="text" class="lowerBar" > 
  at <MenusLowerBar > 
  at <ClientOnly > 
  at <VApp theme="light" class="auto-text" > 
  at <VResponsive class="border rounded" > 
  at <Default ref=Ref< Proxy(Object) > > 
  at <AsyncComponentWrapper ref=Ref< Proxy(Object) > > 
  at <LayoutLoader key="default" layoutProps= {ref: RefImpl} name="default" > 
  at <NuxtLayoutProvider layoutProps= {ref: RefImpl} key="default" name="default"  ... > 
  at <NuxtLayout > 
  at <App key=4 > 
  at <NuxtRoot> @ http://localhost:3001/_nuxt/@fs/home/meebuzo/github/alternate-framework/apps/ecosystem/meeovi-frontend/node_modules/@sentry/core/build/esm/instrument/console.js?v=cfee6d51:42
[   14241ms] [WARNING] [Vue warn]: Avoid app logic that relies on enumerating keys on a component instance. The keys will be empty in production mode to avoid performance overhead. 
  at <VDefaultsProvider key="content-defaults" disabled=true defaults= {VIcon: Object} > 
  at <VBtn symbol= Symbol(vuetify:v-tabs) ref=Ref< undefined > class="v-tab"  ... > 
  at <VTab key=0 > 
  at <VSlideGroup centerActive=false scrollToActive=true contentClass=undefined  ... > 
  at <VTabs modelValue=null onUpdate:modelValue=fn bg-color=undefined  ... > 
  at <VCard variant="text" class="lowerBar" > 
  at <MenusLowerBar > 
  at <ClientOnly > 
  at <VApp theme="light" class="auto-text" > 
  at <VResponsive class="border rounded" > 
  at <Default ref=Ref< Proxy(Object) > > 
  at <AsyncComponentWrapper ref=Ref< Proxy(Object) > > 
  at <LayoutLoader key="default" layoutProps= {ref: RefImpl} name="default" > 
  at <NuxtLayoutProvider layoutProps= {ref: RefImpl} key="default" name="default"  ... > 
  at <NuxtLayout > 
  at <App key=4 > 
  at <NuxtRoot> @ http://localhost:3001/_nuxt/@fs/home/meebuzo/github/alternate-framework/apps/ecosystem/meeovi-frontend/node_modules/@sentry/core/build/esm/instrument/console.js?v=cfee6d51:42
[   14243ms] [WARNING] [Vue warn]: Avoid app logic that relies on enumerating keys on a component instance. The keys will be empty in production mode to avoid performance overhead. 
  at <VDefaultsProvider key="content-defaults" disabled=true defaults= {VIcon: Object} > 
  at <VBtn symbol= Symbol(vuetify:v-tabs) ref=Ref< undefined > class="v-tab"  ... > 
  at <VTab key=0 > 
  at <VSlideGroup centerActive=false scrollToActive=true contentClass=undefined  ... > 
  at <VTabs modelValue=null onUpdate:modelValue=fn bg-color=undefined  ... > 
  at <VCard variant="text" class="lowerBar" > 
  at <MenusLowerBar > 
  at <ClientOnly > 
  at <VApp theme="light" class="auto-text" > 
  at <VResponsive class="border rounded" > 
  at <Default ref=Ref< Proxy(Object) > > 
  at <AsyncComponentWrapper ref=Ref< Proxy(Object) > > 
  at <LayoutLoader key="default" layoutProps= {ref: RefImpl} name="default" > 
  at <NuxtLayoutProvider layoutProps= {ref: RefImpl} key="default" name="default"  ... > 
  at <NuxtLayout > 
  at <App key=4 > 
  at <NuxtRoot> @ http://localhost:3001/_nuxt/@fs/home/meebuzo/github/alternate-framework/apps/ecosystem/meeovi-frontend/node_modules/@sentry/core/build/esm/instrument/console.js?v=cfee6d51:42
[   14246ms] [WARNING] [Vue warn]: Avoid app logic that relies on enumerating keys on a component instance. The keys will be empty in production mode to avoid performance overhead. 
  at <VDefaultsProvider key="content-defaults" disabled=true defaults= {VIcon: Object} > 
  at <VBtn symbol= Symbol(vuetify:v-tabs) ref=Ref< undefined > class="v-tab"  ... > 
  at <VTab key=0 > 
  at <VSlideGroup centerActive=false scrollToActive=true contentClass=undefined  ... > 
  at <VTabs modelValue=null onUpdate:modelValue=fn bg-color=undefined  ... > 
  at <VCard variant="text" class="lowerBar" > 
  at <MenusLowerBar > 
  at <ClientOnly > 
  at <VApp theme="light" class="auto-text" > 
  at <VResponsive class="border rounded" > 
  at <Default ref=Ref< Proxy(Object) > > 
  at <AsyncComponentWrapper ref=Ref< Proxy(Object) > > 
  at <LayoutLoader key="default" layoutProps= {ref: RefImpl} name="default" > 
  at <NuxtLayoutProvider layoutProps= {ref: RefImpl} key="default" name="default"  ... > 
  at <NuxtLayout > 
  at <App key=4 > 
  at <NuxtRoot> @ http://localhost:3001/_nuxt/@fs/home/meebuzo/github/alternate-framework/apps/ecosystem/meeovi-frontend/node_modules/@sentry/core/build/esm/instrument/console.js?v=cfee6d51:42
[   14247ms] [WARNING] [Vue warn]: Avoid app logic that relies on enumerating keys on a component instance. The keys will be empty in production mode to avoid performance overhead. 
  at <VDefaultsProvider key="content-defaults" disabled=true defaults= {VIcon: Object} > 
  at <VBtn symbol= Symbol(vuetify:v-tabs) ref=Ref< undefined > class="v-tab"  ... > 
  at <VTab key=0 > 
  at <VSlideGroup centerActive=false scrollToActive=true contentClass=undefined  ... > 
  at <VTabs modelValue=null onUpdate:modelValue=fn bg-color=undefined  ... > 
  at <VCard variant="text" class="lowerBar" > 
  at <MenusLowerBar > 
  at <ClientOnly > 
  at <VApp theme="light" class="auto-text" > 
  at <VResponsive class="border rounded" > 
  at <Default ref=Ref< Proxy(Object) > > 
  at <AsyncComponentWrapper ref=Ref< Proxy(Object) > > 
  at <LayoutLoader key="default" layoutProps= {ref: RefImpl} name="default" > 
  at <NuxtLayoutProvider layoutProps= {ref: RefImpl} key="default" name="default"  ... > 
  at <NuxtLayout > 
  at <App key=4 > 
  at <NuxtRoot> @ http://localhost:3001/_nuxt/@fs/home/meebuzo/github/alternate-framework/apps/ecosystem/meeovi-frontend/node_modules/@sentry/core/build/esm/instrument/console.js?v=cfee6d51:42
[   14249ms] [WARNING] [Vue warn]: Avoid app logic that relies on enumerating keys on a component instance. The keys will be empty in production mode to avoid performance overhead. 
  at <VDefaultsProvider key="content-defaults" disabled=true defaults= {VIcon: Object} > 
  at <VBtn symbol= Symbol(vuetify:v-tabs) ref=Ref< undefined > class="v-tab"  ... > 
  at <VTab key=0 > 
  at <VSlideGroup centerActive=false scrollToActive=true contentClass=undefined  ... > 
  at <VTabs modelValue=null onUpdate:modelValue=fn bg-color=undefined  ... > 
  at <VCard variant="text" class="lowerBar" > 
  at <MenusLowerBar > 
  at <ClientOnly > 
  at <VApp theme="light" class="auto-text" > 
  at <VResponsive class="border rounded" > 
  at <Default ref=Ref< Proxy(Object) > > 
  at <AsyncComponentWrapper ref=Ref< Proxy(Object) > > 
  at <LayoutLoader key="default" layoutProps= {ref: RefImpl} name="default" > 
  at <NuxtLayoutProvider layoutProps= {ref: RefImpl} key="default" name="default"  ... > 
  at <NuxtLayout > 
  at <App key=4 > 
  at <NuxtRoot> @ http://localhost:3001/_nuxt/@fs/home/meebuzo/github/alternate-framework/apps/ecosystem/meeovi-frontend/node_modules/@sentry/core/build/esm/instrument/console.js?v=cfee6d51:42
[   14250ms] [WARNING] [Vue warn]: Avoid app logic that relies on enumerating keys on a component instance. The keys will be empty in production mode to avoid performance overhead. 
  at <VDefaultsProvider key="content-defaults" disabled=true defaults= {VIcon: Object} > 
  at <VBtn symbol= Symbol(vuetify:v-tabs) ref=Ref< undefined > class="v-tab"  ... > 
  at <VTab key=0 > 
  at <VSlideGroup centerActive=false scrollToActive=true contentClass=undefined  ... > 
  at <VTabs modelValue=null onUpdate:modelValue=fn bg-color=undefined  ... > 
  at <VCard variant="text" class="lowerBar" > 
  at <MenusLowerBar > 
  at <ClientOnly > 
  at <VApp theme="light" class="auto-text" > 
  at <VResponsive class="border rounded" > 
  at <Default ref=Ref< Proxy(Object) > > 
  at <AsyncComponentWrapper ref=Ref< Proxy(Object) > > 
  at <LayoutLoader key="default" layoutProps= {ref: RefImpl} name="default" > 
  at <NuxtLayoutProvider layoutProps= {ref: RefImpl} key="default" name="default"  ... > 
  at <NuxtLayout > 
  at <App key=4 > 
  at <NuxtRoot> @ http://localhost:3001/_nuxt/@fs/home/meebuzo/github/alternate-framework/apps/ecosystem/meeovi-frontend/node_modules/@sentry/core/build/esm/instrument/console.js?v=cfee6d51:42
[   14252ms] [WARNING] [Vue warn]: Avoid app logic that relies on enumerating keys on a component instance. The keys will be empty in production mode to avoid performance overhead. 
  at <VDefaultsProvider key="content-defaults" disabled=true defaults= {VIcon: Object} > 
  at <VBtn symbol= Symbol(vuetify:v-tabs) ref=Ref< undefined > class="v-tab"  ... > 
  at <VTab key=0 > 
  at <VSlideGroup centerActive=false scrollToActive=true contentClass=undefined  ... > 
  at <VTabs modelValue=null onUpdate:modelValue=fn bg-color=undefined  ... > 
  at <VCard variant="text" class="lowerBar" > 
  at <MenusLowerBar > 
  at <ClientOnly > 
  at <VApp theme="light" class="auto-text" > 
  at <VResponsive class="border rounded" > 
  at <Default ref=Ref< Proxy(Object) > > 
  at <AsyncComponentWrapper ref=Ref< Proxy(Object) > > 
  at <LayoutLoader key="default" layoutProps= {ref: RefImpl} name="default" > 
  at <NuxtLayoutProvider layoutProps= {ref: RefImpl} key="default" name="default"  ... > 
  at <NuxtLayout > 
  at <App key=4 > 
  at <NuxtRoot> @ http://localhost:3001/_nuxt/@fs/home/meebuzo/github/alternate-framework/apps/ecosystem/meeovi-frontend/node_modules/@sentry/core/build/esm/instrument/console.js?v=cfee6d51:42
[   14253ms] [WARNING] [Vue warn]: Avoid app logic that relies on enumerating keys on a component instance. The keys will be empty in production mode to avoid performance overhead. 
  at <VDefaultsProvider key="content-defaults" disabled=true defaults= {VIcon: Object} > 
  at <VBtn symbol= Symbol(vuetify:v-tabs) ref=Ref< undefined > class="v-tab"  ... > 
  at <VTab key=0 > 
  at <VSlideGroup centerActive=false scrollToActive=true contentClass=undefined  ... > 
  at <VTabs modelValue=null onUpdate:modelValue=fn bg-color=undefined  ... > 
  at <VCard variant="text" class="lowerBar" > 
  at <MenusLowerBar > 
  at <ClientOnly > 
  at <VApp theme="light" class="auto-text" > 
  at <VResponsive class="border rounded" > 
  at <Default ref=Ref< Proxy(Object) > > 
  at <AsyncComponentWrapper ref=Ref< Proxy(Object) > > 
  at <LayoutLoader key="default" layoutProps= {ref: RefImpl} name="default" > 
  at <NuxtLayoutProvider layoutProps= {ref: RefImpl} key="default" name="default"  ... > 
  at <NuxtLayout > 
  at <App key=4 > 
  at <NuxtRoot> @ http://localhost:3001/_nuxt/@fs/home/meebuzo/github/alternate-framework/apps/ecosystem/meeovi-frontend/node_modules/@sentry/core/build/esm/instrument/console.js?v=cfee6d51:42
[   14255ms] [WARNING] [Vue warn]: Avoid app logic that relies on enumerating keys on a component instance. The keys will be empty in production mode to avoid performance overhead. 
  at <VDefaultsProvider key="content-defaults" disabled=true defaults= {VIcon: Object} > 
  at <VBtn symbol= Symbol(vuetify:v-tabs) ref=Ref< undefined > class="v-tab"  ... > 
  at <VTab key=0 > 
  at <VSlideGroup centerActive=false scrollToActive=true contentClass=undefined  ... > 
  at <VTabs modelValue=null onUpdate:modelValue=fn bg-color=undefined  ... > 
  at <VCard variant="text" class="lowerBar" > 
  at <MenusLowerBar > 
  at <ClientOnly > 
  at <VApp theme="light" class="auto-text" > 
  at <VResponsive class="border rounded" > 
  at <Default ref=Ref< Proxy(Object) > > 
  at <AsyncComponentWrapper ref=Ref< Proxy(Object) > > 
  at <LayoutLoader key="default" layoutProps= {ref: RefImpl} name="default" > 
  at <NuxtLayoutProvider layoutProps= {ref: RefImpl} key="default" name="default"  ... > 
  at <NuxtLayout > 
  at <App key=4 > 
  at <NuxtRoot> @ http://localhost:3001/_nuxt/@fs/home/meebuzo/github/alternate-framework/apps/ecosystem/meeovi-frontend/node_modules/@sentry/core/build/esm/instrument/console.js?v=cfee6d51:42
[   14257ms] [WARNING] [Vue warn]: Avoid app logic that relies on enumerating keys on a component instance. The keys will be empty in production mode to avoid performance overhead. 
  at <VDefaultsProvider key="content-defaults" disabled=true defaults= {VIcon: Object} > 
  at <VBtn symbol= Symbol(vuetify:v-tabs) ref=Ref< undefined > class="v-tab"  ... > 
  at <VTab key=0 > 
  at <VSlideGroup centerActive=false scrollToActive=true contentClass=undefined  ... > 
  at <VTabs modelValue=null onUpdate:modelValue=fn bg-color=undefined  ... > 
  at <VCard variant="text" class="lowerBar" > 
  at <MenusLowerBar > 
  at <ClientOnly > 
  at <VApp theme="light" class="auto-text" > 
  at <VResponsive class="border rounded" > 
  at <Default ref=Ref< Proxy(Object) > > 
  at <AsyncComponentWrapper ref=Ref< Proxy(Object) > > 
  at <LayoutLoader key="default" layoutProps= {ref: RefImpl} name="default" > 
  at <NuxtLayoutProvider layoutProps= {ref: RefImpl} key="default" name="default"  ... > 
  at <NuxtLayout > 
  at <App key=4 > 
  at <NuxtRoot> @ http://localhost:3001/_nuxt/@fs/home/meebuzo/github/alternate-framework/apps/ecosystem/meeovi-frontend/node_modules/@sentry/core/build/esm/instrument/console.js?v=cfee6d51:42
[   14258ms] [WARNING] [Vue warn]: Avoid app logic that relies on enumerating keys on a component instance. The keys will be empty in production mode to avoid performance overhead. 
  at <VDefaultsProvider key="content-defaults" disabled=true defaults= {VIcon: Object} > 
  at <VBtn symbol= Symbol(vuetify:v-tabs) ref=Ref< undefined > class="v-tab"  ... > 
  at <VTab key=0 > 
  at <VSlideGroup centerActive=false scrollToActive=true contentClass=undefined  ... > 
  at <VTabs modelValue=null onUpdate:modelValue=fn bg-color=undefined  ... > 
  at <VCard variant="text" class="lowerBar" > 
  at <MenusLowerBar > 
  at <ClientOnly > 
  at <VApp theme="light" class="auto-text" > 
  at <VResponsive class="border rounded" > 
  at <Default ref=Ref< Proxy(Object) > > 
  at <AsyncComponentWrapper ref=Ref< Proxy(Object) > > 
  at <LayoutLoader key="default" layoutProps= {ref: RefImpl} name="default" > 
  at <NuxtLayoutProvider layoutProps= {ref: RefImpl} key="default" name="default"  ... > 
  at <NuxtLayout > 
  at <App key=4 > 
  at <NuxtRoot> @ http://localhost:3001/_nuxt/@fs/home/meebuzo/github/alternate-framework/apps/ecosystem/meeovi-frontend/node_modules/@sentry/core/build/esm/instrument/console.js?v=cfee6d51:42
[   14259ms] [WARNING] [Vue warn]: Avoid app logic that relies on enumerating keys on a component instance. The keys will be empty in production mode to avoid performance overhead. 
  at <VDefaultsProvider key="content-defaults" disabled=true defaults= {VIcon: Object} > 
  at <VBtn symbol= Symbol(vuetify:v-tabs) ref=Ref< undefined > class="v-tab"  ... > 
  at <VTab key=0 > 
  at <VSlideGroup centerActive=false scrollToActive=true contentClass=undefined  ... > 
  at <VTabs modelValue=null onUpdate:modelValue=fn bg-color=undefined  ... > 
  at <VCard variant="text" class="lowerBar" > 
  at <MenusLowerBar > 
  at <ClientOnly > 
  at <VApp theme="light" class="auto-text" > 
  at <VResponsive class="border rounded" > 
  at <Default ref=Ref< Proxy(Object) > > 
  at <AsyncComponentWrapper ref=Ref< Proxy(Object) > > 
  at <LayoutLoader key="default" layoutProps= {ref: RefImpl} name="default" > 
  at <NuxtLayoutProvider layoutProps= {ref: RefImpl} key="default" name="default"  ... > 
  at <NuxtLayout > 
  at <App key=4 > 
  at <NuxtRoot> @ http://localhost:3001/_nuxt/@fs/home/meebuzo/github/alternate-framework/apps/ecosystem/meeovi-frontend/node_modules/@sentry/core/build/esm/instrument/console.js?v=cfee6d51:42
[   14260ms] [WARNING] [Vue warn]: Avoid app logic that relies on enumerating keys on a component instance. The keys will be empty in production mode to avoid performance overhead. 
  at <VDefaultsProvider key="content-defaults" disabled=true defaults= {VIcon: Object} > 
  at <VBtn symbol= Symbol(vuetify:v-tabs) ref=Ref< undefined > class="v-tab"  ... > 
  at <VTab key=0 > 
  at <VSlideGroup centerActive=false scrollToActive=true contentClass=undefined  ... > 
  at <VTabs modelValue=null onUpdate:modelValue=fn bg-color=undefined  ... > 
  at <VCard variant="text" class="lowerBar" > 
  at <MenusLowerBar > 
  at <ClientOnly > 
  at <VApp theme="light" class="auto-text" > 
  at <VResponsive class="border rounded" > 
  at <Default ref=Ref< Proxy(Object) > > 
  at <AsyncComponentWrapper ref=Ref< Proxy(Object) > > 
  at <LayoutLoader key="default" layoutProps= {ref: RefImpl} name="default" > 
  at <NuxtLayoutProvider layoutProps= {ref: RefImpl} key="default" name="default"  ... > 
  at <NuxtLayout > 
  at <App key=4 > 
  at <NuxtRoot> @ http://localhost:3001/_nuxt/@fs/home/meebuzo/github/alternate-framework/apps/ecosystem/meeovi-frontend/node_modules/@sentry/core/build/esm/instrument/console.js?v=cfee6d51:42
[   14262ms] [WARNING] [Vue warn]: Avoid app logic that relies on enumerating keys on a component instance. The keys will be empty in production mode to avoid performance overhead. 
  at <VDefaultsProvider key="content-defaults" disabled=true defaults= {VIcon: Object} > 
  at <VBtn symbol= Symbol(vuetify:v-tabs) ref=Ref< undefined > class="v-tab"  ... > 
  at <VTab key=0 > 
  at <VSlideGroup centerActive=false scrollToActive=true contentClass=undefined  ... > 
  at <VTabs modelValue=null onUpdate:modelValue=fn bg-color=undefined  ... > 
  at <VCard variant="text" class="lowerBar" > 
  at <MenusLowerBar > 
  at <ClientOnly > 
  at <VApp theme="light" class="auto-text" > 
  at <VResponsive class="border rounded" > 
  at <Default ref=Ref< Proxy(Object) > > 
  at <AsyncComponentWrapper ref=Ref< Proxy(Object) > > 
  at <LayoutLoader key="default" layoutProps= {ref: RefImpl} name="default" > 
  at <NuxtLayoutProvider layoutProps= {ref: RefImpl} key="default" name="default"  ... > 
  at <NuxtLayout > 
  at <App key=4 > 
  at <NuxtRoot> @ http://localhost:3001/_nuxt/@fs/home/meebuzo/github/alternate-framework/apps/ecosystem/meeovi-frontend/node_modules/@sentry/core/build/esm/instrument/console.js?v=cfee6d51:42
[   14263ms] [WARNING] [Vue warn]: Avoid app logic that relies on enumerating keys on a component instance. The keys will be empty in production mode to avoid performance overhead. 
  at <VDefaultsProvider key="content-defaults" disabled=true defaults= {VIcon: Object} > 
  at <VBtn symbol= Symbol(vuetify:v-tabs) ref=Ref< undefined > class="v-tab"  ... > 
  at <VTab key=0 > 
  at <VSlideGroup centerActive=false scrollToActive=true contentClass=undefined  ... > 
  at <VTabs modelValue=null onUpdate:modelValue=fn bg-color=undefined  ... > 
  at <VCard variant="text" class="lowerBar" > 
  at <MenusLowerBar > 
  at <ClientOnly > 
  at <VApp theme="light" class="auto-text" > 
  at <VResponsive class="border rounded" > 
  at <Default ref=Ref< Proxy(Object) > > 
  at <AsyncComponentWrapper ref=Ref< Proxy(Object) > > 
  at <LayoutLoader key="default" layoutProps= {ref: RefImpl} name="default" > 
  at <NuxtLayoutProvider layoutProps= {ref: RefImpl} key="default" name="default"  ... > 
  at <NuxtLayout > 
  at <App key=4 > 
  at <NuxtRoot> @ http://localhost:3001/_nuxt/@fs/home/meebuzo/github/alternate-framework/apps/ecosystem/meeovi-frontend/node_modules/@sentry/core/build/esm/instrument/console.js?v=cfee6d51:42
[   14264ms] [WARNING] [Vue warn]: Avoid app logic that relies on enumerating keys on a component instance. The keys will be empty in production mode to avoid performance overhead. 
  at <VDefaultsProvider key="content-defaults" disabled=true defaults= {VIcon: Object} > 
  at <VBtn symbol= Symbol(vuetify:v-tabs) ref=Ref< undefined > class="v-tab"  ... > 
  at <VTab key=0 > 
  at <VSlideGroup centerActive=false scrollToActive=true contentClass=undefined  ... > 
  at <VTabs modelValue=null onUpdate:modelValue=fn bg-color=undefined  ... > 
  at <VCard variant="text" class="lowerBar" > 
  at <MenusLowerBar > 
  at <ClientOnly > 
  at <VApp theme="light" class="auto-text" > 
  at <VResponsive class="border rounded" > 
  at <Default ref=Ref< Proxy(Object) > > 
  at <AsyncComponentWrapper ref=Ref< Proxy(Object) > > 
  at <LayoutLoader key="default" layoutProps= {ref: RefImpl} name="default" > 
  at <NuxtLayoutProvider layoutProps= {ref: RefImpl} key="default" name="default"  ... > 
  at <NuxtLayout > 
  at <App key=4 > 
  at <NuxtRoot> @ http://localhost:3001/_nuxt/@fs/home/meebuzo/github/alternate-framework/apps/ecosystem/meeovi-frontend/node_modules/@sentry/core/build/esm/instrument/console.js?v=cfee6d51:42
[   14265ms] [WARNING] [Vue warn]: Avoid app logic that relies on enumerating keys on a component instance. The keys will be empty in production mode to avoid performance overhead. 
  at <VDefaultsProvider key="content-defaults" disabled=true defaults= {VIcon: Object} > 
  at <VBtn symbol= Symbol(vuetify:v-tabs) ref=Ref< undefined > class="v-tab"  ... > 
  at <VTab key=0 > 
  at <VSlideGroup centerActive=false scrollToActive=true contentClass=undefined  ... > 
  at <VTabs modelValue=null onUpdate:modelValue=fn bg-color=undefined  ... > 
  at <VCard variant="text" class="lowerBar" > 
  at <MenusLowerBar > 
  at <ClientOnly > 
  at <VApp theme="light" class="auto-text" > 
  at <VResponsive class="border rounded" > 
  at <Default ref=Ref< Proxy(Object) > > 
  at <AsyncComponentWrapper ref=Ref< Proxy(Object) > > 
  at <LayoutLoader key="default" layoutProps= {ref: RefImpl} name="default" > 
  at <NuxtLayoutProvider layoutProps= {ref: RefImpl} key="default" name="default"  ... > 
  at <NuxtLayout > 
  at <App key=4 > 
  at <NuxtRoot> @ http://localhost:3001/_nuxt/@fs/home/meebuzo/github/alternate-framework/apps/ecosystem/meeovi-frontend/node_modules/@sentry/core/build/esm/instrument/console.js?v=cfee6d51:42
[   14267ms] [WARNING] [Vue warn]: Avoid app logic that relies on enumerating keys on a component instance. The keys will be empty in production mode to avoid performance overhead. 
  at <VDefaultsProvider key="content-defaults" disabled=true defaults= {VIcon: Object} > 
  at <VBtn symbol= Symbol(vuetify:v-tabs) ref=Ref< undefined > class="v-tab"  ... > 
  at <VTab key=0 > 
  at <VSlideGroup centerActive=false scrollToActive=true contentClass=undefined  ... > 
  at <VTabs modelValue=null onUpdate:modelValue=fn bg-color=undefined  ... > 
  at <VCard variant="text" class="lowerBar" > 
  at <MenusLowerBar > 
  at <ClientOnly > 
  at <VApp theme="light" class="auto-text" > 
  at <VResponsive class="border rounded" > 
  at <Default ref=Ref< Proxy(Object) > > 
  at <AsyncComponentWrapper ref=Ref< Proxy(Object) > > 
  at <LayoutLoader key="default" layoutProps= {ref: RefImpl} name="default" > 
  at <NuxtLayoutProvider layoutProps= {ref: RefImpl} key="default" name="default"  ... > 
  at <NuxtLayout > 
  at <App key=4 > 
  at <NuxtRoot> @ http://localhost:3001/_nuxt/@fs/home/meebuzo/github/alternate-framework/apps/ecosystem/meeovi-frontend/node_modules/@sentry/core/build/esm/instrument/console.js?v=cfee6d51:42
[   14268ms] [WARNING] [Vue warn]: Avoid app logic that relies on enumerating keys on a component instance. The keys will be empty in production mode to avoid performance overhead. 
  at <VDefaultsProvider key="content-defaults" disabled=true defaults= {VIcon: Object} > 
  at <VBtn symbol= Symbol(vuetify:v-tabs) ref=Ref< undefined > class="v-tab"  ... > 
  at <VTab key=0 > 
  at <VSlideGroup centerActive=false scrollToActive=true contentClass=undefined  ... > 
  at <VTabs modelValue=null onUpdate:modelValue=fn bg-color=undefined  ... > 
  at <VCard variant="text" class="lowerBar" > 
  at <MenusLowerBar > 
  at <ClientOnly > 
  at <VApp theme="light" class="auto-text" > 
  at <VResponsive class="border rounded" > 
  at <Default ref=Ref< Proxy(Object) > > 
  at <AsyncComponentWrapper ref=Ref< Proxy(Object) > > 
  at <LayoutLoader key="default" layoutProps= {ref: RefImpl} name="default" > 
  at <NuxtLayoutProvider layoutProps= {ref: RefImpl} key="default" name="default"  ... > 
  at <NuxtLayout > 
  at <App key=4 > 
  at <NuxtRoot> @ http://localhost:3001/_nuxt/@fs/home/meebuzo/github/alternate-framework/apps/ecosystem/meeovi-frontend/node_modules/@sentry/core/build/esm/instrument/console.js?v=cfee6d51:42
[   14269ms] [WARNING] [Vue warn]: Avoid app logic that relies on enumerating keys on a component instance. The keys will be empty in production mode to avoid performance overhead. 
  at <VDefaultsProvider key="content-defaults" disabled=true defaults= {VIcon: Object} > 
  at <VBtn symbol= Symbol(vuetify:v-tabs) ref=Ref< undefined > class="v-tab"  ... > 
  at <VTab key=0 > 
  at <VSlideGroup centerActive=false scrollToActive=true contentClass=undefined  ... > 
  at <VTabs modelValue=null onUpdate:modelValue=fn bg-color=undefined  ... > 
  at <VCard variant="text" class="lowerBar" > 
  at <MenusLowerBar > 
  at <ClientOnly > 
  at <VApp theme="light" class="auto-text" > 
  at <VResponsive class="border rounded" > 
  at <Default ref=Ref< Proxy(Object) > > 
  at <AsyncComponentWrapper ref=Ref< Proxy(Object) > > 
  at <LayoutLoader key="default" layoutProps= {ref: RefImpl} name="default" > 
  at <NuxtLayoutProvider layoutProps= {ref: RefImpl} key="default" name="default"  ... > 
  at <NuxtLayout > 
  at <App key=4 > 
  at <NuxtRoot> @ http://localhost:3001/_nuxt/@fs/home/meebuzo/github/alternate-framework/apps/ecosystem/meeovi-frontend/node_modules/@sentry/core/build/esm/instrument/console.js?v=cfee6d51:42
[   14270ms] [WARNING] [Vue warn]: Avoid app logic that relies on enumerating keys on a component instance. The keys will be empty in production mode to avoid performance overhead. 
  at <VDefaultsProvider key="content-defaults" disabled=true defaults= {VIcon: Object} > 
  at <VBtn symbol= Symbol(vuetify:v-tabs) ref=Ref< undefined > class="v-tab"  ... > 
  at <VTab key=0 > 
  at <VSlideGroup centerActive=false scrollToActive=true contentClass=undefined  ... > 
  at <VTabs modelValue=null onUpdate:modelValue=fn bg-color=undefined  ... > 
  at <VCard variant="text" class="lowerBar" > 
  at <MenusLowerBar > 
  at <ClientOnly > 
  at <VApp theme="light" class="auto-text" > 
  at <VResponsive class="border rounded" > 
  at <Default ref=Ref< Proxy(Object) > > 
  at <AsyncComponentWrapper ref=Ref< Proxy(Object) > > 
  at <LayoutLoader key="default" layoutProps= {ref: RefImpl} name="default" > 
  at <NuxtLayoutProvider layoutProps= {ref: RefImpl} key="default" name="default"  ... > 
  at <NuxtLayout > 
  at <App key=4 > 
  at <NuxtRoot> @ http://localhost:3001/_nuxt/@fs/home/meebuzo/github/alternate-framework/apps/ecosystem/meeovi-frontend/node_modules/@sentry/core/build/esm/instrument/console.js?v=cfee6d51:42
[   14272ms] [WARNING] [Vue warn]: Avoid app logic that relies on enumerating keys on a component instance. The keys will be empty in production mode to avoid performance overhead. 
  at <VDefaultsProvider key="content-defaults" disabled=true defaults= {VIcon: Object} > 
  at <VBtn symbol= Symbol(vuetify:v-tabs) ref=Ref< undefined > class="v-tab"  ... > 
  at <VTab key=0 > 
  at <VSlideGroup centerActive=false scrollToActive=true contentClass=undefined  ... > 
  at <VTabs modelValue=null onUpdate:modelValue=fn bg-color=undefined  ... > 
  at <VCard variant="text" class="lowerBar" > 
  at <MenusLowerBar > 
  at <ClientOnly > 
  at <VApp theme="light" class="auto-text" > 
  at <VResponsive class="border rounded" > 
  at <Default ref=Ref< Proxy(Object) > > 
  at <AsyncComponentWrapper ref=Ref< Proxy(Object) > > 
  at <LayoutLoader key="default" layoutProps= {ref: RefImpl} name="default" > 
  at <NuxtLayoutProvider layoutProps= {ref: RefImpl} key="default" name="default"  ... > 
  at <NuxtLayout > 
  at <App key=4 > 
  at <NuxtRoot> @ http://localhost:3001/_nuxt/@fs/home/meebuzo/github/alternate-framework/apps/ecosystem/meeovi-frontend/node_modules/@sentry/core/build/esm/instrument/console.js?v=cfee6d51:42
[   14273ms] [WARNING] [Vue warn]: Avoid app logic that relies on enumerating keys on a component instance. The keys will be empty in production mode to avoid performance overhead. 
  at <VDefaultsProvider key="content-defaults" disabled=true defaults= {VIcon: Object} > 
  at <VBtn symbol= Symbol(vuetify:v-tabs) ref=Ref< undefined > class="v-tab"  ... > 
  at <VTab key=0 > 
  at <VSlideGroup centerActive=false scrollToActive=true contentClass=undefined  ... > 
  at <VTabs modelValue=null onUpdate:modelValue=fn bg-color=undefined  ... > 
  at <VCard variant="text" class="lowerBar" > 
  at <MenusLowerBar > 
  at <ClientOnly > 
  at <VApp theme="light" class="auto-text" > 
  at <VResponsive class="border rounded" > 
  at <Default ref=Ref< Proxy(Object) > > 
  at <AsyncComponentWrapper ref=Ref< Proxy(Object) > > 
  at <LayoutLoader key="default" layoutProps= {ref: RefImpl} name="default" > 
  at <NuxtLayoutProvider layoutProps= {ref: RefImpl} key="default" name="default"  ... > 
  at <NuxtLayout > 
  at <App key=4 > 
  at <NuxtRoot> @ http://localhost:3001/_nuxt/@fs/home/meebuzo/github/alternate-framework/apps/ecosystem/meeovi-frontend/node_modules/@sentry/core/build/esm/instrument/console.js?v=cfee6d51:42
[   14275ms] [WARNING] [Vue warn]: Avoid app logic that relies on enumerating keys on a component instance. The keys will be empty in production mode to avoid performance overhead. 
  at <VDefaultsProvider key="content-defaults" disabled=true defaults= {VIcon: Object} > 
  at <VBtn symbol= Symbol(vuetify:v-tabs) ref=Ref< undefined > class="v-tab"  ... > 
  at <VTab key=0 > 
  at <VSlideGroup centerActive=false scrollToActive=true contentClass=undefined  ... > 
  at <VTabs modelValue=null onUpdate:modelValue=fn bg-color=undefined  ... > 
  at <VCard variant="text" class="lowerBar" > 
  at <MenusLowerBar > 
  at <ClientOnly > 
  at <VApp theme="light" class="auto-text" > 
  at <VResponsive class="border rounded" > 
  at <Default ref=Ref< Proxy(Object) > > 
  at <AsyncComponentWrapper ref=Ref< Proxy(Object) > > 
  at <LayoutLoader key="default" layoutProps= {ref: RefImpl} name="default" > 
  at <NuxtLayoutProvider layoutProps= {ref: RefImpl} key="default" name="default"  ... > 
  at <NuxtLayout > 
  at <App key=4 > 
  at <NuxtRoot> @ http://localhost:3001/_nuxt/@fs/home/meebuzo/github/alternate-framework/apps/ecosystem/meeovi-frontend/node_modules/@sentry/core/build/esm/instrument/console.js?v=cfee6d51:42
[   14276ms] [WARNING] [Vue warn]: Avoid app logic that relies on enumerating keys on a component instance. The keys will be empty in production mode to avoid performance overhead. 
  at <VDefaultsProvider key="content-defaults" disabled=true defaults= {VIcon: Object} > 
  at <VBtn symbol= Symbol(vuetify:v-tabs) ref=Ref< undefined > class="v-tab"  ... > 
  at <VTab key=0 > 
  at <VSlideGroup centerActive=false scrollToActive=true contentClass=undefined  ... > 
  at <VTabs modelValue=null onUpdate:modelValue=fn bg-color=undefined  ... > 
  at <VCard variant="text" class="lowerBar" > 
  at <MenusLowerBar > 
  at <ClientOnly > 
  at <VApp theme="light" class="auto-text" > 
  at <VResponsive class="border rounded" > 
  at <Default ref=Ref< Proxy(Object) > > 
  at <AsyncComponentWrapper ref=Ref< Proxy(Object) > > 
  at <LayoutLoader key="default" layoutProps= {ref: RefImpl} name="default" > 
  at <NuxtLayoutProvider layoutProps= {ref: RefImpl} key="default" name="default"  ... > 
  at <NuxtLayout > 
  at <App key=4 > 
  at <NuxtRoot> @ http://localhost:3001/_nuxt/@fs/home/meebuzo/github/alternate-framework/apps/ecosystem/meeovi-frontend/node_modules/@sentry/core/build/esm/instrument/console.js?v=cfee6d51:42
[   14278ms] [WARNING] [Vue warn]: Avoid app logic that relies on enumerating keys on a component instance. The keys will be empty in production mode to avoid performance overhead. 
  at <VDefaultsProvider key="content-defaults" disabled=true defaults= {VIcon: Object} > 
  at <VBtn symbol= Symbol(vuetify:v-tabs) ref=Ref< undefined > class="v-tab"  ... > 
  at <VTab key=0 > 
  at <VSlideGroup centerActive=false scrollToActive=true contentClass=undefined  ... > 
  at <VTabs modelValue=null onUpdate:modelValue=fn bg-color=undefined  ... > 
  at <VCard variant="text" class="lowerBar" > 
  at <MenusLowerBar > 
  at <ClientOnly > 
  at <VApp theme="light" class="auto-text" > 
  at <VResponsive class="border rounded" > 
  at <Default ref=Ref< Proxy(Object) > > 
  at <AsyncComponentWrapper ref=Ref< Proxy(Object) > > 
  at <LayoutLoader key="default" layoutProps= {ref: RefImpl} name="default" > 
  at <NuxtLayoutProvider layoutProps= {ref: RefImpl} key="default" name="default"  ... > 
  at <NuxtLayout > 
  at <App key=4 > 
  at <NuxtRoot> @ http://localhost:3001/_nuxt/@fs/home/meebuzo/github/alternate-framework/apps/ecosystem/meeovi-frontend/node_modules/@sentry/core/build/esm/instrument/console.js?v=cfee6d51:42
[   14279ms] [WARNING] [Vue warn]: Avoid app logic that relies on enumerating keys on a component instance. The keys will be empty in production mode to avoid performance overhead. 
  at <VDefaultsProvider key="content-defaults" disabled=true defaults= {VIcon: Object} > 
  at <VBtn symbol= Symbol(vuetify:v-tabs) ref=Ref< undefined > class="v-tab"  ... > 
  at <VTab key=0 > 
  at <VSlideGroup centerActive=false scrollToActive=true contentClass=undefined  ... > 
  at <VTabs modelValue=null onUpdate:modelValue=fn bg-color=undefined  ... > 
  at <VCard variant="text" class="lowerBar" > 
  at <MenusLowerBar > 
  at <ClientOnly > 
  at <VApp theme="light" class="auto-text" > 
  at <VResponsive class="border rounded" > 
  at <Default ref=Ref< Proxy(Object) > > 
  at <AsyncComponentWrapper ref=Ref< Proxy(Object) > > 
  at <LayoutLoader key="default" layoutProps= {ref: RefImpl} name="default" > 
  at <NuxtLayoutProvider layoutProps= {ref: RefImpl} key="default" name="default"  ... > 
  at <NuxtLayout > 
  at <App key=4 > 
  at <NuxtRoot> @ http://localhost:3001/_nuxt/@fs/home/meebuzo/github/alternate-framework/apps/ecosystem/meeovi-frontend/node_modules/@sentry/core/build/esm/instrument/console.js?v=cfee6d51:42
[   14281ms] [WARNING] [Vue warn]: Avoid app logic that relies on enumerating keys on a component instance. The keys will be empty in production mode to avoid performance overhead. 
  at <VDefaultsProvider key="content-defaults" disabled=true defaults= {VIcon: Object} > 
  at <VBtn symbol= Symbol(vuetify:v-tabs) ref=Ref< undefined > class="v-tab"  ... > 
  at <VTab key=0 > 
  at <VSlideGroup centerActive=false scrollToActive=true contentClass=undefined  ... > 
  at <VTabs modelValue=null onUpdate:modelValue=fn bg-color=undefined  ... > 
  at <VCard variant="text" class="lowerBar" > 
  at <MenusLowerBar > 
  at <ClientOnly > 
  at <VApp theme="light" class="auto-text" > 
  at <VResponsive class="border rounded" > 
  at <Default ref=Ref< Proxy(Object) > > 
  at <AsyncComponentWrapper ref=Ref< Proxy(Object) > > 
  at <LayoutLoader key="default" layoutProps= {ref: RefImpl} name="default" > 
  at <NuxtLayoutProvider layoutProps= {ref: RefImpl} key="default" name="default"  ... > 
  at <NuxtLayout > 
  at <App key=4 > 
  at <NuxtRoot> @ http://localhost:3001/_nuxt/@fs/home/meebuzo/github/alternate-framework/apps/ecosystem/meeovi-frontend/node_modules/@sentry/core/build/esm/instrument/console.js?v=cfee6d51:42
[   14282ms] [WARNING] [Vue warn]: Avoid app logic that relies on enumerating keys on a component instance. The keys will be empty in production mode to avoid performance overhead. 
  at <VDefaultsProvider key="content-defaults" disabled=true defaults= {VIcon: Object} > 
  at <VBtn symbol= Symbol(vuetify:v-tabs) ref=Ref< undefined > class="v-tab"  ... > 
  at <VTab key=0 > 
  at <VSlideGroup centerActive=false scrollToActive=true contentClass=undefined  ... > 
  at <VTabs modelValue=null onUpdate:modelValue=fn bg-color=undefined  ... > 
  at <VCard variant="text" class="lowerBar" > 
  at <MenusLowerBar > 
  at <ClientOnly > 
  at <VApp theme="light" class="auto-text" > 
  at <VResponsive class="border rounded" > 
  at <Default ref=Ref< Proxy(Object) > > 
  at <AsyncComponentWrapper ref=Ref< Proxy(Object) > > 
  at <LayoutLoader key="default" layoutProps= {ref: RefImpl} name="default" > 
  at <NuxtLayoutProvider layoutProps= {ref: RefImpl} key="default" name="default"  ... > 
  at <NuxtLayout > 
  at <App key=4 > 
  at <NuxtRoot> @ http://localhost:3001/_nuxt/@fs/home/meebuzo/github/alternate-framework/apps/ecosystem/meeovi-frontend/node_modules/@sentry/core/build/esm/instrument/console.js?v=cfee6d51:42
[   14283ms] [WARNING] [Vue warn]: Avoid app logic that relies on enumerating keys on a component instance. The keys will be empty in production mode to avoid performance overhead. 
  at <VDefaultsProvider key="content-defaults" disabled=true defaults= {VIcon: Object} > 
  at <VBtn symbol= Symbol(vuetify:v-tabs) ref=Ref< undefined > class="v-tab"  ... > 
  at <VTab key=0 > 
  at <VSlideGroup centerActive=false scrollToActive=true contentClass=undefined  ... > 
  at <VTabs modelValue=null onUpdate:modelValue=fn bg-color=undefined  ... > 
  at <VCard variant="text" class="lowerBar" > 
  at <MenusLowerBar > 
  at <ClientOnly > 
  at <VApp theme="light" class="auto-text" > 
  at <VResponsive class="border rounded" > 
  at <Default ref=Ref< Proxy(Object) > > 
  at <AsyncComponentWrapper ref=Ref< Proxy(Object) > > 
  at <LayoutLoader key="default" layoutProps= {ref: RefImpl} name="default" > 
  at <NuxtLayoutProvider layoutProps= {ref: RefImpl} key="default" name="default"  ... > 
  at <NuxtLayout > 
  at <App key=4 > 
  at <NuxtRoot> @ http://localhost:3001/_nuxt/@fs/home/meebuzo/github/alternate-framework/apps/ecosystem/meeovi-frontend/node_modules/@sentry/core/build/esm/instrument/console.js?v=cfee6d51:42
[   14284ms] [WARNING] [Vue warn]: Avoid app logic that relies on enumerating keys on a component instance. The keys will be empty in production mode to avoid performance overhead. 
  at <VDefaultsProvider key="content-defaults" disabled=true defaults= {VIcon: Object} > 
  at <VBtn symbol= Symbol(vuetify:v-tabs) ref=Ref< undefined > class="v-tab"  ... > 
  at <VTab key=0 > 
  at <VSlideGroup centerActive=false scrollToActive=true contentClass=undefined  ... > 
  at <VTabs modelValue=null onUpdate:modelValue=fn bg-color=undefined  ... > 
  at <VCard variant="text" class="lowerBar" > 
  at <MenusLowerBar > 
  at <ClientOnly > 
  at <VApp theme="light" class="auto-text" > 
  at <VResponsive class="border rounded" > 
  at <Default ref=Ref< Proxy(Object) > > 
  at <AsyncComponentWrapper ref=Ref< Proxy(Object) > > 
  at <LayoutLoader key="default" layoutProps= {ref: RefImpl} name="default" > 
  at <NuxtLayoutProvider layoutProps= {ref: RefImpl} key="default" name="default"  ... > 
  at <NuxtLayout > 
  at <App key=4 > 
  at <NuxtRoot> @ http://localhost:3001/_nuxt/@fs/home/meebuzo/github/alternate-framework/apps/ecosystem/meeovi-frontend/node_modules/@sentry/core/build/esm/instrument/console.js?v=cfee6d51:42
[   14286ms] [WARNING] [Vue warn]: Avoid app logic that relies on enumerating keys on a component instance. The keys will be empty in production mode to avoid performance overhead. 
  at <VDefaultsProvider key="content-defaults" disabled=true defaults= {VIcon: Object} > 
  at <VBtn symbol= Symbol(vuetify:v-tabs) ref=Ref< undefined > class="v-tab"  ... > 
  at <VTab key=0 > 
  at <VSlideGroup centerActive=false scrollToActive=true contentClass=undefined  ... > 
  at <VTabs modelValue=null onUpdate:modelValue=fn bg-color=undefined  ... > 
  at <VCard variant="text" class="lowerBar" > 
  at <MenusLowerBar > 
  at <ClientOnly > 
  at <VApp theme="light" class="auto-text" > 
  at <VResponsive class="border rounded" > 
  at <Default ref=Ref< Proxy(Object) > > 
  at <AsyncComponentWrapper ref=Ref< Proxy(Object) > > 
  at <LayoutLoader key="default" layoutProps= {ref: RefImpl} name="default" > 
  at <NuxtLayoutProvider layoutProps= {ref: RefImpl} key="default" name="default"  ... > 
  at <NuxtLayout > 
  at <App key=4 > 
  at <NuxtRoot> @ http://localhost:3001/_nuxt/@fs/home/meebuzo/github/alternate-framework/apps/ecosystem/meeovi-frontend/node_modules/@sentry/core/build/esm/instrument/console.js?v=cfee6d51:42
[   14287ms] [WARNING] [Vue warn]: Avoid app logic that relies on enumerating keys on a component instance. The keys will be empty in production mode to avoid performance overhead. 
  at <VDefaultsProvider key="content-defaults" disabled=true defaults= {VIcon: Object} > 
  at <VBtn symbol= Symbol(vuetify:v-tabs) ref=Ref< undefined > class="v-tab"  ... > 
  at <VTab key=0 > 
  at <VSlideGroup centerActive=false scrollToActive=true contentClass=undefined  ... > 
  at <VTabs modelValue=null onUpdate:modelValue=fn bg-color=undefined  ... > 
  at <VCard variant="text" class="lowerBar" > 
  at <MenusLowerBar > 
  at <ClientOnly > 
  at <VApp theme="light" class="auto-text" > 
  at <VResponsive class="border rounded" > 
  at <Default ref=Ref< Proxy(Object) > > 
  at <AsyncComponentWrapper ref=Ref< Proxy(Object) > > 
  at <LayoutLoader key="default" layoutProps= {ref: RefImpl} name="default" > 
  at <NuxtLayoutProvider layoutProps= {ref: RefImpl} key="default" name="default"  ... > 
  at <NuxtLayout > 
  at <App key=4 > 
  at <NuxtRoot> @ http://localhost:3001/_nuxt/@fs/home/meebuzo/github/alternate-framework/apps/ecosystem/meeovi-frontend/node_modules/@sentry/core/build/esm/instrument/console.js?v=cfee6d51:42
[   14289ms] [WARNING] [Vue warn]: Avoid app logic that relies on enumerating keys on a component instance. The keys will be empty in production mode to avoid performance overhead. 
  at <VDefaultsProvider key="content-defaults" disabled=true defaults= {VIcon: Object} > 
  at <VBtn symbol= Symbol(vuetify:v-tabs) ref=Ref< undefined > class="v-tab"  ... > 
  at <VTab key=0 > 
  at <VSlideGroup centerActive=false scrollToActive=true contentClass=undefined  ... > 
  at <VTabs modelValue=null onUpdate:modelValue=fn bg-color=undefined  ... > 
  at <VCard variant="text" class="lowerBar" > 
  at <MenusLowerBar > 
  at <ClientOnly > 
  at <VApp theme="light" class="auto-text" > 
  at <VResponsive class="border rounded" > 
  at <Default ref=Ref< Proxy(Object) > > 
  at <AsyncComponentWrapper ref=Ref< Proxy(Object) > > 
  at <LayoutLoader key="default" layoutProps= {ref: RefImpl} name="default" > 
  at <NuxtLayoutProvider layoutProps= {ref: RefImpl} key="default" name="default"  ... > 
  at <NuxtLayout > 
  at <App key=4 > 
  at <NuxtRoot> @ http://localhost:3001/_nuxt/@fs/home/meebuzo/github/alternate-framework/apps/ecosystem/meeovi-frontend/node_modules/@sentry/core/build/esm/instrument/console.js?v=cfee6d51:42
[   14294ms] [ERROR] Connecting to 'https://o996770.ingest.us.sentry.io/api/5955273/envelope/?sentry_version=7&sentry_key=df1b90fab7c44ce8aef097a63b468d61&sentry_client=sentry.javascript.nuxt%2F10.63.0' violates the following Content Security Policy directive: "connect-src 'self' https://*.mux.com". The action has been blocked. @ http://localhost:3001/_nuxt/@fs/home/meebuzo/github/alternate-framework/apps/ecosystem/meeovi-frontend/node_modules/@sentry/browser/build/npm/esm/dev/transports/fetch.js?v=cfee6d51:31
[   14295ms] [ERROR] Fetch API cannot load https://o996770.ingest.us.sentry.io/api/5955273/envelope/?sentry_version=7&sentry_key=df1b90fab7c44ce8aef097a63b468d61&sentry_client=sentry.javascript.nuxt%2F10.63.0. Refused to connect because it violates the document's Content Security Policy. @ http://localhost:3001/_nuxt/@fs/home/meebuzo/github/alternate-framework/apps/ecosystem/meeovi-frontend/node_modules/@sentry/browser/build/npm/esm/dev/transports/fetch.js?v=cfee6d51:31
[   15374ms] TypeError: Cannot convert object to primitive value
    at String (<anonymous>)
    at toDisplayString (http://localhost:3001/_nuxt/@fs/home/meebuzo/github/alternate-framework/apps/ecosystem/meeovi-frontend/node_modules/@vue/shared/dist/shared.esm-bundler.js?v=cfee6d51:471:226)
    at http://localhost:3001/_nuxt/components/menus/LowerBar.vue:89:91
    at Proxy.renderFnWithContext (http://localhost:3001/_nuxt/@fs/home/meebuzo/github/alternate-framework/apps/ecosystem/meeovi-frontend/node_modules/@vue/runtime-core/dist/runtime-core.esm-bundler.js?v=cfee6d51:709:13)
    at default (http://localhost:3001/_nuxt/@fs/home/meebuzo/github/alternate-framework/node_modules/vuetify/lib/components/VTabs/VTab.js?v=cfee6d51:125:77)
    at http://localhost:3001/_nuxt/@fs/home/meebuzo/github/alternate-framework/apps/ecosystem/meeovi-frontend/node_modules/@vue/runtime-core/dist/runtime-core.esm-bundler.js?v=cfee6d51:5325:31
    at Proxy.renderFnWithContext (http://localhost:3001/_nuxt/@fs/home/meebuzo/github/alternate-framework/apps/ecosystem/meeovi-frontend/node_modules/@vue/runtime-core/dist/runtime-core.esm-bundler.js?v=cfee6d51:709:13)
    at default (http://localhost:3001/_nuxt/@fs/home/meebuzo/github/alternate-framework/node_modules/vuetify/lib/components/VBtn/VBtn.js?v=cfee6d51:217:42)
    at http://localhost:3001/_nuxt/@fs/home/meebuzo/github/alternate-framework/apps/ecosystem/meeovi-frontend/node_modules/@vue/runtime-core/dist/runtime-core.esm-bundler.js?v=cfee6d51:5325:31
    at Proxy.renderFnWithContext (http://localhost:3001/_nuxt/@fs/home/meebuzo/github/alternate-framework/apps/ecosystem/meeovi-frontend/node_modules/@vue/runtime-core/dist/runtime-core.esm-bundler.js?v=cfee6d51:709:13)
    at Proxy.<anonymous> (http://localhost:3001/_nuxt/@fs/home/meebuzo/github/alternate-framework/node_modules/vuetify/lib/components/VDefaultsProvider/VDefaultsProvider.js?v=cfee6d51:31:33)
    at renderComponentRoot (http://localhost:3001/_nuxt/@fs/home/meebuzo/github/alternate-framework/apps/ecosystem/meeovi-frontend/node_modules/@vue/runtime-core/dist/runtime-core.esm-bundler.js?v=cfee6d51:4628:16)
    at ReactiveEffect.componentUpdateFn [as fn] (http://localhost:3001/_nuxt/@fs/home/meebuzo/github/alternate-framework/apps/ecosystem/meeovi-frontend/node_modules/@vue/runtime-core/dist/runtime-core.esm-bundler.js?v=cfee6d51:6206:46)
    at ReactiveEffect.run (http://localhost:3001/_nuxt/@fs/home/meebuzo/github/alternate-framework/apps/ecosystem/meeovi-frontend/node_modules/@vue/reactivity/dist/reactivity.esm-bundler.js?v=cfee6d51:230:19)
    at setupRenderEffect (http://localhost:3001/_nuxt/@fs/home/meebuzo/github/alternate-framework/apps/ecosystem/meeovi-frontend/node_modules/@vue/runtime-core/dist/runtime-core.esm-bundler.js?v=cfee6d51:6341:5)
    at mountComponent (http://localhost:3001/_nuxt/@fs/home/meebuzo/github/alternate-framework/apps/ecosystem/meeovi-frontend/node_modules/@vue/runtime-core/dist/runtime-core.esm-bundler.js?v=cfee6d51:6113:7)
    at processComponent (http://localhost:3001/_nuxt/@fs/home/meebuzo/github/alternate-framework/apps/ecosystem/meeovi-frontend/node_modules/@vue/runtime-core/dist/runtime-core.esm-bundler.js?v=cfee6d51:6065:9)
    at patch (http://localhost:3001/_nuxt/@fs/home/meebuzo/github/alternate-framework/apps/ecosystem/meeovi-frontend/node_modules/@vue/runtime-core/dist/runtime-core.esm-bundler.js?v=cfee6d51:5557:11)
    at mountChildren (http://localhost:3001/_nuxt/@fs/home/meebuzo/github/alternate-framework/apps/ecosystem/meeovi-frontend/node_modules/@vue/runtime-core/dist/runtime-core.esm-bundler.js?v=cfee6d51:5808:7)
    at mountElement (http://localhost:3001/_nuxt/@fs/home/meebuzo/github/alternate-framework/apps/ecosystem/meeovi-frontend/node_modules/@vue/runtime-core/dist/runtime-core.esm-bundler.js?v=cfee6d51:5724:7)
    at processElement (http://localhost:3001/_nuxt/@fs/home/meebuzo/github/alternate-framework/apps/ecosystem/meeovi-frontend/node_modules/@vue/runtime-core/dist/runtime-core.esm-bundler.js?v=cfee6d51:5679:7)
    at patch (http://localhost:3001/_nuxt/@fs/home/meebuzo/github/alternate-framework/apps/ecosystem/meeovi-frontend/node_modules/@vue/runtime-core/dist/runtime-core.esm-bundler.js?v=cfee6d51:5545:11)
    at mountChildren (http://localhost:3001/_nuxt/@fs/home/meebuzo/github/alternate-framework/apps/ecosystem/meeovi-frontend/node_modules/@vue/runtime-core/dist/runtime-core.esm-bundler.js?v=cfee6d51:5808:7)
    at mountElement (http://localhost:3001/_nuxt/@fs/home/meebuzo/github/alternate-framework/apps/ecosystem/meeovi-frontend/node_modules/@vue/runtime-core/dist/runtime-core.esm-bundler.js?v=cfee6d51:5724:7)
    at processElement (http://localhost:3001/_nuxt/@fs/home/meebuzo/github/alternate-framework/apps/ecosystem/meeovi-frontend/node_modules/@vue/runtime-core/dist/runtime-core.esm-bundler.js?v=cfee6d51:5679:7)
    at patch (http://localhost:3001/_nuxt/@fs/home/meebuzo/github/alternate-framework/apps/ecosystem/meeovi-frontend/node_modules/@vue/runtime-core/dist/runtime-core.esm-bundler.js?v=cfee6d51:5545:11)
    at ReactiveEffect.componentUpdateFn [as fn] (http://localhost:3001/_nuxt/@fs/home/meebuzo/github/alternate-framework/apps/ecosystem/meeovi-frontend/node_modules/@vue/runtime-core/dist/runtime-core.esm-bundler.js?v=cfee6d51:6213:11)
    at ReactiveEffect.run (http://localhost:3001/_nuxt/@fs/home/meebuzo/github/alternate-framework/apps/ecosystem/meeovi-frontend/node_modules/@vue/reactivity/dist/reactivity.esm-bundler.js?v=cfee6d51:230:19)
    at setupRenderEffect (http://localhost:3001/_nuxt/@fs/home/meebuzo/github/alternate-framework/apps/ecosystem/meeovi-frontend/node_modules/@vue/runtime-core/dist/runtime-core.esm-bundler.js?v=cfee6d51:6341:5)
    at mountComponent (http://localhost:3001/_nuxt/@fs/home/meebuzo/github/alternate-framework/apps/ecosystem/meeovi-frontend/node_modules/@vue/runtime-core/dist/runtime-core.esm-bundler.js?v=cfee6d51:6113:7)
    at processComponent (http://localhost:3001/_nuxt/@fs/home/meebuzo/github/alternate-framework/apps/ecosystem/meeovi-frontend/node_modules/@vue/runtime-core/dist/runtime-core.esm-bundler.js?v=cfee6d51:6065:9)
    at patch (http://localhost:3001/_nuxt/@fs/home/meebuzo/github/alternate-framework/apps/ecosystem/meeovi-frontend/node_modules/@vue/runtime-core/dist/runtime-core.esm-bundler.js?v=cfee6d51:5557:11)
    at ReactiveEffect.componentUpdateFn [as fn] (http://localhost:3001/_nuxt/@fs/home/meebuzo/github/alternate-framework/apps/ecosystem/meeovi-frontend/node_modules/@vue/runtime-core/dist/runtime-core.esm-bundler.js?v=cfee6d51:6213:11)
    at ReactiveEffect.run (http://localhost:3001/_nuxt/@fs/home/meebuzo/github/alternate-framework/apps/ecosystem/meeovi-frontend/node_modules/@vue/reactivity/dist/reactivity.esm-bundler.js?v=cfee6d51:230:19)
    at setupRenderEffect (http://localhost:3001/_nuxt/@fs/home/meebuzo/github/alternate-framework/apps/ecosystem/meeovi-frontend/node_modules/@vue/runtime-core/dist/runtime-core.esm-bundler.js?v=cfee6d51:6341:5)
    at mountComponent (http://localhost:3001/_nuxt/@fs/home/meebuzo/github/alternate-framework/apps/ecosystem/meeovi-frontend/node_modules/@vue/runtime-core/dist/runtime-core.esm-bundler.js?v=cfee6d51:6113:7)
    at processComponent (http://localhost:3001/_nuxt/@fs/home/meebuzo/github/alternate-framework/apps/ecosystem/meeovi-frontend/node_modules/@vue/runtime-core/dist/runtime-core.esm-bundler.js?v=cfee6d51:6065:9)
    at patch (http://localhost:3001/_nuxt/@fs/home/meebuzo/github/alternate-framework/apps/ecosystem/meeovi-frontend/node_modules/@vue/runtime-core/dist/runtime-core.esm-bundler.js?v=cfee6d51:5557:11)
    at mountChildren (http://localhost:3001/_nuxt/@fs/home/meebuzo/github/alternate-framework/apps/ecosystem/meeovi-frontend/node_modules/@vue/runtime-core/dist/runtime-core.esm-bundler.js?v=cfee6d51:5808:7)
    at processFragment (http://localhost:3001/_nuxt/@fs/home/meebuzo/github/alternate-framework/apps/ecosystem/meeovi-frontend/node_modules/@vue/runtime-core/dist/runtime-core.esm-bundler.js?v=cfee6d51:5995:7)
    at patch (http://localhost:3001/_nuxt/@fs/home/meebuzo/github/alternate-framework/apps/ecosystem/meeovi-frontend/node_modules/@vue/runtime-core/dist/runtime-core.esm-bundler.js?v=cfee6d51:5531:9)
    at mountChildren (http://localhost:3001/_nuxt/@fs/home/meebuzo/github/alternate-framework/apps/ecosystem/meeovi-frontend/node_modules/@vue/runtime-core/dist/runtime-core.esm-bundler.js?v=cfee6d51:5808:7)
    at mountElement (http://localhost:3001/_nuxt/@fs/home/meebuzo/github/alternate-framework/apps/ecosystem/meeovi-frontend/node_modules/@vue/runtime-core/dist/runtime-core.esm-bundler.js?v=cfee6d51:5724:7)
    at processElement (http://localhost:3001/_nuxt/@fs/home/meebuzo/github/alternate-framework/apps/ecosystem/meeovi-frontend/node_modules/@vue/runtime-core/dist/runtime-core.esm-bundler.js?v=cfee6d51:5679:7)
    at patch (http://localhost:3001/_nuxt/@fs/home/meebuzo/github/alternate-framework/apps/ecosystem/meeovi-frontend/node_modules/@vue/runtime-core/dist/runtime-core.esm-bundler.js?v=cfee6d51:5545:11)
    at mountChildren (http://localhost:3001/_nuxt/@fs/home/meebuzo/github/alternate-framework/apps/ecosystem/meeovi-frontend/node_modules/@vue/runtime-core/dist/runtime-core.esm-bundler.js?v=cfee6d51:5808:7)
    at mountElement (http://localhost:3001/_nuxt/@fs/home/meebuzo/github/alternate-framework/apps/ecosystem/meeovi-frontend/node_modules/@vue/runtime-core/dist/runtime-core.esm-bundler.js?v=cfee6d51:5724:7)
    at processElement (http://localhost:3001/_nuxt/@fs/home/meebuzo/github/alternate-framework/apps/ecosystem/meeovi-frontend/node_modules/@vue/runtime-core/dist/runtime-core.esm-bundler.js?v=cfee6d51:5679:7)
    at patch (http://localhost:3001/_nuxt/@fs/home/meebuzo/github/alternate-framework/apps/ecosystem/meeovi-frontend/node_modules/@vue/runtime-core/dist/runtime-core.esm-bundler.js?v=cfee6d51:5545:11)
    at mountChildren (http://localhost:3001/_nuxt/@fs/home/meebuzo/github/alternate-framework/apps/ecosystem/meeovi-frontend/node_modules/@vue/runtime-core/dist/runtime-core.esm-bundler.js?v=cfee6d51:5808:7)
[   15376ms] TypeError: Cannot convert object to primitive value
    at String (<anonymous>)
    at toDisplayString (http://localhost:3001/_nuxt/@fs/home/meebuzo/github/alternate-framework/apps/ecosystem/meeovi-frontend/node_modules/@vue/shared/dist/shared.esm-bundler.js?v=cfee6d51:471:226)
    at http://localhost:3001/_nuxt/components/menus/LowerBar.vue:89:91
    at Proxy.renderFnWithContext (http://localhost:3001/_nuxt/@fs/home/meebuzo/github/alternate-framework/apps/ecosystem/meeovi-frontend/node_modules/@vue/runtime-core/dist/runtime-core.esm-bundler.js?v=cfee6d51:709:13)
    at default (http://localhost:3001/_nuxt/@fs/home/meebuzo/github/alternate-framework/node_modules/vuetify/lib/components/VTabs/VTab.js?v=cfee6d51:125:77)
    at http://localhost:3001/_nuxt/@fs/home/meebuzo/github/alternate-framework/apps/ecosystem/meeovi-frontend/node_modules/@vue/runtime-core/dist/runtime-core.esm-bundler.js?v=cfee6d51:5325:31
    at Proxy.renderFnWithContext (http://localhost:3001/_nuxt/@fs/home/meebuzo/github/alternate-framework/apps/ecosystem/meeovi-frontend/node_modules/@vue/runtime-core/dist/runtime-core.esm-bundler.js?v=cfee6d51:709:13)
    at default (http://localhost:3001/_nuxt/@fs/home/meebuzo/github/alternate-framework/node_modules/vuetify/lib/components/VBtn/VBtn.js?v=cfee6d51:217:42)
    at http://localhost:3001/_nuxt/@fs/home/meebuzo/github/alternate-framework/apps/ecosystem/meeovi-frontend/node_modules/@vue/runtime-core/dist/runtime-core.esm-bundler.js?v=cfee6d51:5325:31
    at Proxy.renderFnWithContext (http://localhost:3001/_nuxt/@fs/home/meebuzo/github/alternate-framework/apps/ecosystem/meeovi-frontend/node_modules/@vue/runtime-core/dist/runtime-core.esm-bundler.js?v=cfee6d51:709:13)
    at Proxy.<anonymous> (http://localhost:3001/_nuxt/@fs/home/meebuzo/github/alternate-framework/node_modules/vuetify/lib/components/VDefaultsProvider/VDefaultsProvider.js?v=cfee6d51:31:33)
    at renderComponentRoot (http://localhost:3001/_nuxt/@fs/home/meebuzo/github/alternate-framework/apps/ecosystem/meeovi-frontend/node_modules/@vue/runtime-core/dist/runtime-core.esm-bundler.js?v=cfee6d51:4628:16)
    at ReactiveEffect.componentUpdateFn [as fn] (http://localhost:3001/_nuxt/@fs/home/meebuzo/github/alternate-framework/apps/ecosystem/meeovi-frontend/node_modules/@vue/runtime-core/dist/runtime-core.esm-bundler.js?v=cfee6d51:6206:46)
    at ReactiveEffect.run (http://localhost:3001/_nuxt/@fs/home/meebuzo/github/alternate-framework/apps/ecosystem/meeovi-frontend/node_modules/@vue/reactivity/dist/reactivity.esm-bundler.js?v=cfee6d51:230:19)
    at setupRenderEffect (http://localhost:3001/_nuxt/@fs/home/meebuzo/github/alternate-framework/apps/ecosystem/meeovi-frontend/node_modules/@vue/runtime-core/dist/runtime-core.esm-bundler.js?v=cfee6d51:6341:5)
    at mountComponent (http://localhost:3001/_nuxt/@fs/home/meebuzo/github/alternate-framework/apps/ecosystem/meeovi-frontend/node_modules/@vue/runtime-core/dist/runtime-core.esm-bundler.js?v=cfee6d51:6113:7)
    at processComponent (http://localhost:3001/_nuxt/@fs/home/meebuzo/github/alternate-framework/apps/ecosystem/meeovi-frontend/node_modules/@vue/runtime-core/dist/runtime-core.esm-bundler.js?v=cfee6d51:6065:9)
    at patch (http://localhost:3001/_nuxt/@fs/home/meebuzo/github/alternate-framework/apps/ecosystem/meeovi-frontend/node_modules/@vue/runtime-core/dist/runtime-core.esm-bundler.js?v=cfee6d51:5557:11)
    at mountChildren (http://localhost:3001/_nuxt/@fs/home/meebuzo/github/alternate-framework/apps/ecosystem/meeovi-frontend/node_modules/@vue/runtime-core/dist/runtime-core.esm-bundler.js?v=cfee6d51:5808:7)
    at mountElement (http://localhost:3001/_nuxt/@fs/home/meebuzo/github/alternate-framework/apps/ecosystem/meeovi-frontend/node_modules/@vue/runtime-core/dist/runtime-core.esm-bundler.js?v=cfee6d51:5724:7)
    at processElement (http://localhost:3001/_nuxt/@fs/home/meebuzo/github/alternate-framework/apps/ecosystem/meeovi-frontend/node_modules/@vue/runtime-core/dist/runtime-core.esm-bundler.js?v=cfee6d51:5679:7)
    at patch (http://localhost:3001/_nuxt/@fs/home/meebuzo/github/alternate-framework/apps/ecosystem/meeovi-frontend/node_modules/@vue/runtime-core/dist/runtime-core.esm-bundler.js?v=cfee6d51:5545:11)
    at mountChildren (http://localhost:3001/_nuxt/@fs/home/meebuzo/github/alternate-framework/apps/ecosystem/meeovi-frontend/node_modules/@vue/runtime-core/dist/runtime-core.esm-bundler.js?v=cfee6d51:5808:7)
    at mountElement (http://localhost:3001/_nuxt/@fs/home/meebuzo/github/alternate-framework/apps/ecosystem/meeovi-frontend/node_modules/@vue/runtime-core/dist/runtime-core.esm-bundler.js?v=cfee6d51:5724:7)
    at processElement (http://localhost:3001/_nuxt/@fs/home/meebuzo/github/alternate-framework/apps/ecosystem/meeovi-frontend/node_modules/@vue/runtime-core/dist/runtime-core.esm-bundler.js?v=cfee6d51:5679:7)
    at patch (http://localhost:3001/_nuxt/@fs/home/meebuzo/github/alternate-framework/apps/ecosystem/meeovi-frontend/node_modules/@vue/runtime-core/dist/runtime-core.esm-bundler.js?v=cfee6d51:5545:11)
    at ReactiveEffect.componentUpdateFn [as fn] (http://localhost:3001/_nuxt/@fs/home/meebuzo/github/alternate-framework/apps/ecosystem/meeovi-frontend/node_modules/@vue/runtime-core/dist/runtime-core.esm-bundler.js?v=cfee6d51:6213:11)
    at ReactiveEffect.run (http://localhost:3001/_nuxt/@fs/home/meebuzo/github/alternate-framework/apps/ecosystem/meeovi-frontend/node_modules/@vue/reactivity/dist/reactivity.esm-bundler.js?v=cfee6d51:230:19)
    at setupRenderEffect (http://localhost:3001/_nuxt/@fs/home/meebuzo/github/alternate-framework/apps/ecosystem/meeovi-frontend/node_modules/@vue/runtime-core/dist/runtime-core.esm-bundler.js?v=cfee6d51:6341:5)
    at mountComponent (http://localhost:3001/_nuxt/@fs/home/meebuzo/github/alternate-framework/apps/ecosystem/meeovi-frontend/node_modules/@vue/runtime-core/dist/runtime-core.esm-bundler.js?v=cfee6d51:6113:7)
    at processComponent (http://localhost:3001/_nuxt/@fs/home/meebuzo/github/alternate-framework/apps/ecosystem/meeovi-frontend/node_modules/@vue/runtime-core/dist/runtime-core.esm-bundler.js?v=cfee6d51:6065:9)
    at patch (http://localhost:3001/_nuxt/@fs/home/meebuzo/github/alternate-framework/apps/ecosystem/meeovi-frontend/node_modules/@vue/runtime-core/dist/runtime-core.esm-bundler.js?v=cfee6d51:5557:11)
    at ReactiveEffect.componentUpdateFn [as fn] (http://localhost:3001/_nuxt/@fs/home/meebuzo/github/alternate-framework/apps/ecosystem/meeovi-frontend/node_modules/@vue/runtime-core/dist/runtime-core.esm-bundler.js?v=cfee6d51:6213:11)
    at ReactiveEffect.run (http://localhost:3001/_nuxt/@fs/home/meebuzo/github/alternate-framework/apps/ecosystem/meeovi-frontend/node_modules/@vue/reactivity/dist/reactivity.esm-bundler.js?v=cfee6d51:230:19)
    at setupRenderEffect (http://localhost:3001/_nuxt/@fs/home/meebuzo/github/alternate-framework/apps/ecosystem/meeovi-frontend/node_modules/@vue/runtime-core/dist/runtime-core.esm-bundler.js?v=cfee6d51:6341:5)
    at mountComponent (http://localhost:3001/_nuxt/@fs/home/meebuzo/github/alternate-framework/apps/ecosystem/meeovi-frontend/node_modules/@vue/runtime-core/dist/runtime-core.esm-bundler.js?v=cfee6d51:6113:7)
    at processComponent (http://localhost:3001/_nuxt/@fs/home/meebuzo/github/alternate-framework/apps/ecosystem/meeovi-frontend/node_modules/@vue/runtime-core/dist/runtime-core.esm-bundler.js?v=cfee6d51:6065:9)
    at patch (http://localhost:3001/_nuxt/@fs/home/meebuzo/github/alternate-framework/apps/ecosystem/meeovi-frontend/node_modules/@vue/runtime-core/dist/runtime-core.esm-bundler.js?v=cfee6d51:5557:11)
    at mountChildren (http://localhost:3001/_nuxt/@fs/home/meebuzo/github/alternate-framework/apps/ecosystem/meeovi-frontend/node_modules/@vue/runtime-core/dist/runtime-core.esm-bundler.js?v=cfee6d51:5808:7)
    at processFragment (http://localhost:3001/_nuxt/@fs/home/meebuzo/github/alternate-framework/apps/ecosystem/meeovi-frontend/node_modules/@vue/runtime-core/dist/runtime-core.esm-bundler.js?v=cfee6d51:5995:7)
    at patch (http://localhost:3001/_nuxt/@fs/home/meebuzo/github/alternate-framework/apps/ecosystem/meeovi-frontend/node_modules/@vue/runtime-core/dist/runtime-core.esm-bundler.js?v=cfee6d51:5531:9)
    at mountChildren (http://localhost:3001/_nuxt/@fs/home/meebuzo/github/alternate-framework/apps/ecosystem/meeovi-frontend/node_modules/@vue/runtime-core/dist/runtime-core.esm-bundler.js?v=cfee6d51:5808:7)
    at mountElement (http://localhost:3001/_nuxt/@fs/home/meebuzo/github/alternate-framework/apps/ecosystem/meeovi-frontend/node_modules/@vue/runtime-core/dist/runtime-core.esm-bundler.js?v=cfee6d51:5724:7)
    at processElement (http://localhost:3001/_nuxt/@fs/home/meebuzo/github/alternate-framework/apps/ecosystem/meeovi-frontend/node_modules/@vue/runtime-core/dist/runtime-core.esm-bundler.js?v=cfee6d51:5679:7)
    at patch (http://localhost:3001/_nuxt/@fs/home/meebuzo/github/alternate-framework/apps/ecosystem/meeovi-frontend/node_modules/@vue/runtime-core/dist/runtime-core.esm-bundler.js?v=cfee6d51:5545:11)
    at mountChildren (http://localhost:3001/_nuxt/@fs/home/meebuzo/github/alternate-framework/apps/ecosystem/meeovi-frontend/node_modules/@vue/runtime-core/dist/runtime-core.esm-bundler.js?v=cfee6d51:5808:7)
    at mountElement (http://localhost:3001/_nuxt/@fs/home/meebuzo/github/alternate-framework/apps/ecosystem/meeovi-frontend/node_modules/@vue/runtime-core/dist/runtime-core.esm-bundler.js?v=cfee6d51:5724:7)
    at processElement (http://localhost:3001/_nuxt/@fs/home/meebuzo/github/alternate-framework/apps/ecosystem/meeovi-frontend/node_modules/@vue/runtime-core/dist/runtime-core.esm-bundler.js?v=cfee6d51:5679:7)
    at patch (http://localhost:3001/_nuxt/@fs/home/meebuzo/github/alternate-framework/apps/ecosystem/meeovi-frontend/node_modules/@vue/runtime-core/dist/runtime-core.esm-bundler.js?v=cfee6d51:5545:11)
    at mountChildren (http://localhost:3001/_nuxt/@fs/home/meebuzo/github/alternate-framework/apps/ecosystem/meeovi-frontend/node_modules/@vue/runtime-core/dist/runtime-core.esm-bundler.js?v=cfee6d51:5808:7)
[   14309ms] [ERROR] Failed to load resource: the server responded with a status of 404 (Not Found) @ http://localhost:3001/api/auth/user/value/name/to-string:0
[   14313ms] [ERROR] Failed to load resource: the server responded with a status of 404 (Not Found) @ http://localhost:3001/api/auth/user/value/name/value-of:0
[   14332ms] [ERROR] Failed to load resource: the server responded with a status of 404 (Not Found) @ http://localhost:3001/api/auth/user/value/name/to-string:0
[   14333ms] [ERROR] Failed to load resource: the server responded with a status of 404 (Not Found) @ http://localhost:3001/api/auth/user/value/name/value-of:0
[   14508ms] [ERROR] Connecting to 'https://o996770.ingest.us.sentry.io/api/5955273/envelope/?sentry_version=7&sentry_key=df1b90fab7c44ce8aef097a63b468d61&sentry_client=sentry.javascript.nuxt%2F10.63.0' violates the following Content Security Policy directive: "connect-src 'self' https://*.mux.com". The action has been blocked. @ http://localhost:3001/_nuxt/@fs/home/meebuzo/github/alternate-framework/apps/ecosystem/meeovi-frontend/node_modules/@sentry/browser/build/npm/esm/dev/transports/fetch.js?v=cfee6d51:31
[   14508ms] [ERROR] Fetch API cannot load https://o996770.ingest.us.sentry.io/api/5955273/envelope/?sentry_version=7&sentry_key=df1b90fab7c44ce8aef097a63b468d61&sentry_client=sentry.javascript.nuxt%2F10.63.0. Refused to connect because it violates the document's Content Security Policy. @ http://localhost:3001/_nuxt/@fs/home/meebuzo/github/alternate-framework/apps/ecosystem/meeovi-frontend/node_modules/@sentry/browser/build/npm/esm/dev/transports/fetch.js?v=cfee6d51:31
[   15380ms] TypeError: Cannot destructure property 'type' of 'vnode' as it is null.
    at unmount (http://localhost:3001/_nuxt/@fs/home/meebuzo/github/alternate-framework/apps/ecosystem/meeovi-frontend/node_modules/@vue/runtime-core/dist/runtime-core.esm-bundler.js?v=cfee6d51:6715:7)
    at unmountComponent (http://localhost:3001/_nuxt/@fs/home/meebuzo/github/alternate-framework/apps/ecosystem/meeovi-frontend/node_modules/@vue/runtime-core/dist/runtime-core.esm-bundler.js?v=cfee6d51:6857:7)
    at unmount (http://localhost:3001/_nuxt/@fs/home/meebuzo/github/alternate-framework/apps/ecosystem/meeovi-frontend/node_modules/@vue/runtime-core/dist/runtime-core.esm-bundler.js?v=cfee6d51:6748:7)
    at unmountChildren (http://localhost:3001/_nuxt/@fs/home/meebuzo/github/alternate-framework/apps/ecosystem/meeovi-frontend/node_modules/@vue/runtime-core/dist/runtime-core.esm-bundler.js?v=cfee6d51:6871:7)
    at unmount (http://localhost:3001/_nuxt/@fs/home/meebuzo/github/alternate-framework/apps/ecosystem/meeovi-frontend/node_modules/@vue/runtime-core/dist/runtime-core.esm-bundler.js?v=cfee6d51:6780:9)
    at unmountComponent (http://localhost:3001/_nuxt/@fs/home/meebuzo/github/alternate-framework/apps/ecosystem/meeovi-frontend/node_modules/@vue/runtime-core/dist/runtime-core.esm-bundler.js?v=cfee6d51:6857:7)
    at unmount (http://localhost:3001/_nuxt/@fs/home/meebuzo/github/alternate-framework/apps/ecosystem/meeovi-frontend/node_modules/@vue/runtime-core/dist/runtime-core.esm-bundler.js?v=cfee6d51:6748:7)
    at unmountChildren (http://localhost:3001/_nuxt/@fs/home/meebuzo/github/alternate-framework/apps/ecosystem/meeovi-frontend/node_modules/@vue/runtime-core/dist/runtime-core.esm-bundler.js?v=cfee6d51:6871:7)
    at unmount (http://localhost:3001/_nuxt/@fs/home/meebuzo/github/alternate-framework/apps/ecosystem/meeovi-frontend/node_modules/@vue/runtime-core/dist/runtime-core.esm-bundler.js?v=cfee6d51:6780:9)
    at unmountChildren (http://localhost:3001/_nuxt/@fs/home/meebuzo/github/alternate-framework/apps/ecosystem/meeovi-frontend/node_modules/@vue/runtime-core/dist/runtime-core.esm-bundler.js?v=cfee6d51:6871:7)
    at unmount (http://localhost:3001/_nuxt/@fs/home/meebuzo/github/alternate-framework/apps/ecosystem/meeovi-frontend/node_modules/@vue/runtime-core/dist/runtime-core.esm-bundler.js?v=cfee6d51:6780:9)
    at unmountChildren (http://localhost:3001/_nuxt/@fs/home/meebuzo/github/alternate-framework/apps/ecosystem/meeovi-frontend/node_modules/@vue/runtime-core/dist/runtime-core.esm-bundler.js?v=cfee6d51:6871:7)
    at unmount (http://localhost:3001/_nuxt/@fs/home/meebuzo/github/alternate-framework/apps/ecosystem/meeovi-frontend/node_modules/@vue/runtime-core/dist/runtime-core.esm-bundler.js?v=cfee6d51:6780:9)
    at unmountChildren (http://localhost:3001/_nuxt/@fs/home/meebuzo/github/alternate-framework/apps/ecosystem/meeovi-frontend/node_modules/@vue/runtime-core/dist/runtime-core.esm-bundler.js?v=cfee6d51:6871:7)
    at unmount (http://localhost:3001/_nuxt/@fs/home/meebuzo/github/alternate-framework/apps/ecosystem/meeovi-frontend/node_modules/@vue/runtime-core/dist/runtime-core.esm-bundler.js?v=cfee6d51:6780:9)
    at unmountChildren (http://localhost:3001/_nuxt/@fs/home/meebuzo/github/alternate-framework/apps/ecosystem/meeovi-frontend/node_modules/@vue/runtime-core/dist/runtime-core.esm-bundler.js?v=cfee6d51:6871:7)
    at unmount (http://localhost:3001/_nuxt/@fs/home/meebuzo/github/alternate-framework/apps/ecosystem/meeovi-frontend/node_modules/@vue/runtime-core/dist/runtime-core.esm-bundler.js?v=cfee6d51:6780:9)
    at unmountComponent (http://localhost:3001/_nuxt/@fs/home/meebuzo/github/alternate-framework/apps/ecosystem/meeovi-frontend/node_modules/@vue/runtime-core/dist/runtime-core.esm-bundler.js?v=cfee6d51:6857:7)
    at unmount (http://localhost:3001/_nuxt/@fs/home/meebuzo/github/alternate-framework/apps/ecosystem/meeovi-frontend/node_modules/@vue/runtime-core/dist/runtime-core.esm-bundler.js?v=cfee6d51:6748:7)
    at unmountChildren (http://localhost:3001/_nuxt/@fs/home/meebuzo/github/alternate-framework/apps/ecosystem/meeovi-frontend/node_modules/@vue/runtime-core/dist/runtime-core.esm-bundler.js?v=cfee6d51:6871:7)
    at unmount (http://localhost:3001/_nuxt/@fs/home/meebuzo/github/alternate-framework/apps/ecosystem/meeovi-frontend/node_modules/@vue/runtime-core/dist/runtime-core.esm-bundler.js?v=cfee6d51:6772:9)
    at unmountComponent (http://localhost:3001/_nuxt/@fs/home/meebuzo/github/alternate-framework/apps/ecosystem/meeovi-frontend/node_modules/@vue/runtime-core/dist/runtime-core.esm-bundler.js?v=cfee6d51:6857:7)
    at unmount (http://localhost:3001/_nuxt/@fs/home/meebuzo/github/alternate-framework/apps/ecosystem/meeovi-frontend/node_modules/@vue/runtime-core/dist/runtime-core.esm-bundler.js?v=cfee6d51:6748:7)
    at unmountChildren (http://localhost:3001/_nuxt/@fs/home/meebuzo/github/alternate-framework/apps/ecosystem/meeovi-frontend/node_modules/@vue/runtime-core/dist/runtime-core.esm-bundler.js?v=cfee6d51:6871:7)
    at unmount (http://localhost:3001/_nuxt/@fs/home/meebuzo/github/alternate-framework/apps/ecosystem/meeovi-frontend/node_modules/@vue/runtime-core/dist/runtime-core.esm-bundler.js?v=cfee6d51:6780:9)
    at unmountComponent (http://localhost:3001/_nuxt/@fs/home/meebuzo/github/alternate-framework/apps/ecosystem/meeovi-frontend/node_modules/@vue/runtime-core/dist/runtime-core.esm-bundler.js?v=cfee6d51:6857:7)
    at unmount (http://localhost:3001/_nuxt/@fs/home/meebuzo/github/alternate-framework/apps/ecosystem/meeovi-frontend/node_modules/@vue/runtime-core/dist/runtime-core.esm-bundler.js?v=cfee6d51:6748:7)
    at unmountChildren (http://localhost:3001/_nuxt/@fs/home/meebuzo/github/alternate-framework/apps/ecosystem/meeovi-frontend/node_modules/@vue/runtime-core/dist/runtime-core.esm-bundler.js?v=cfee6d51:6871:7)
    at unmount (http://localhost:3001/_nuxt/@fs/home/meebuzo/github/alternate-framework/apps/ecosystem/meeovi-frontend/node_modules/@vue/runtime-core/dist/runtime-core.esm-bundler.js?v=cfee6d51:6780:9)
    at unmountComponent (http://localhost:3001/_nuxt/@fs/home/meebuzo/github/alternate-framework/apps/ecosystem/meeovi-frontend/node_modules/@vue/runtime-core/dist/runtime-core.esm-bundler.js?v=cfee6d51:6857:7)
    at unmount (http://localhost:3001/_nuxt/@fs/home/meebuzo/github/alternate-framework/apps/ecosystem/meeovi-frontend/node_modules/@vue/runtime-core/dist/runtime-core.esm-bundler.js?v=cfee6d51:6748:7)
    at unmountChildren (http://localhost:3001/_nuxt/@fs/home/meebuzo/github/alternate-framework/apps/ecosystem/meeovi-frontend/node_modules/@vue/runtime-core/dist/runtime-core.esm-bundler.js?v=cfee6d51:6871:7)
    at unmount (http://localhost:3001/_nuxt/@fs/home/meebuzo/github/alternate-framework/apps/ecosystem/meeovi-frontend/node_modules/@vue/runtime-core/dist/runtime-core.esm-bundler.js?v=cfee6d51:6780:9)
    at unmountChildren (http://localhost:3001/_nuxt/@fs/home/meebuzo/github/alternate-framework/apps/ecosystem/meeovi-frontend/node_modules/@vue/runtime-core/dist/runtime-core.esm-bundler.js?v=cfee6d51:6871:7)
    at unmount (http://localhost:3001/_nuxt/@fs/home/meebuzo/github/alternate-framework/apps/ecosystem/meeovi-frontend/node_modules/@vue/runtime-core/dist/runtime-core.esm-bundler.js?v=cfee6d51:6780:9)
    at unmountChildren (http://localhost:3001/_nuxt/@fs/home/meebuzo/github/alternate-framework/apps/ecosystem/meeovi-frontend/node_modules/@vue/runtime-core/dist/runtime-core.esm-bundler.js?v=cfee6d51:6871:7)
    at unmount (http://localhost:3001/_nuxt/@fs/home/meebuzo/github/alternate-framework/apps/ecosystem/meeovi-frontend/node_modules/@vue/runtime-core/dist/runtime-core.esm-bundler.js?v=cfee6d51:6780:9)
    at unmountChildren (http://localhost:3001/_nuxt/@fs/home/meebuzo/github/alternate-framework/apps/ecosystem/meeovi-frontend/node_modules/@vue/runtime-core/dist/runtime-core.esm-bundler.js?v=cfee6d51:6871:7)
    at unmount (http://localhost:3001/_nuxt/@fs/home/meebuzo/github/alternate-framework/apps/ecosystem/meeovi-frontend/node_modules/@vue/runtime-core/dist/runtime-core.esm-bundler.js?v=cfee6d51:6780:9)
    at unmountComponent (http://localhost:3001/_nuxt/@fs/home/meebuzo/github/alternate-framework/apps/ecosystem/meeovi-frontend/node_modules/@vue/runtime-core/dist/runtime-core.esm-bundler.js?v=cfee6d51:6857:7)
    at unmount (http://localhost:3001/_nuxt/@fs/home/meebuzo/github/alternate-framework/apps/ecosystem/meeovi-frontend/node_modules/@vue/runtime-core/dist/runtime-core.esm-bundler.js?v=cfee6d51:6748:7)
    at unmountChildren (http://localhost:3001/_nuxt/@fs/home/meebuzo/github/alternate-framework/apps/ecosystem/meeovi-frontend/node_modules/@vue/runtime-core/dist/runtime-core.esm-bundler.js?v=cfee6d51:6871:7)
    at unmount (http://localhost:3001/_nuxt/@fs/home/meebuzo/github/alternate-framework/apps/ecosystem/meeovi-frontend/node_modules/@vue/runtime-core/dist/runtime-core.esm-bundler.js?v=cfee6d51:6780:9)
    at unmountComponent (http://localhost:3001/_nuxt/@fs/home/meebuzo/github/alternate-framework/apps/ecosystem/meeovi-frontend/node_modules/@vue/runtime-core/dist/runtime-core.esm-bundler.js?v=cfee6d51:6857:7)
    at unmount (http://localhost:3001/_nuxt/@fs/home/meebuzo/github/alternate-framework/apps/ecosystem/meeovi-frontend/node_modules/@vue/runtime-core/dist/runtime-core.esm-bundler.js?v=cfee6d51:6748:7)
    at unmountComponent (http://localhost:3001/_nuxt/@fs/home/meebuzo/github/alternate-framework/apps/ecosystem/meeovi-frontend/node_modules/@vue/runtime-core/dist/runtime-core.esm-bundler.js?v=cfee6d51:6857:7)
    at unmount (http://localhost:3001/_nuxt/@fs/home/meebuzo/github/alternate-framework/apps/ecosystem/meeovi-frontend/node_modules/@vue/runtime-core/dist/runtime-core.esm-bundler.js?v=cfee6d51:6748:7)
    at unmountChildren (http://localhost:3001/_nuxt/@fs/home/meebuzo/github/alternate-framework/apps/ecosystem/meeovi-frontend/node_modules/@vue/runtime-core/dist/runtime-core.esm-bundler.js?v=cfee6d51:6871:7)
    at unmount (http://localhost:3001/_nuxt/@fs/home/meebuzo/github/alternate-framework/apps/ecosystem/meeovi-frontend/node_modules/@vue/runtime-core/dist/runtime-core.esm-bundler.js?v=cfee6d51:6772:9)
    at unmountComponent (http://localhost:3001/_nuxt/@fs/home/meebuzo/github/alternate-framework/apps/ecosystem/meeovi-frontend/node_modules/@vue/runtime-core/dist/runtime-core.esm-bundler.js?v=cfee6d51:6857:7)
[   14511ms] [WARNING] The resource https://assets.lemonsqueezy.com/lemon.js was preloaded using link preload but not used within a few seconds from the window's load event. Please make sure it has an appropriate `as` value and it is preloaded intentionally. @ http://localhost:3001/:0
[   14511ms] [WARNING] The resource http://localhost:3001/_scripts/assets/617ef9f044b38e3e.js was preloaded using link preload but not used within a few seconds from the window's load event. Please make sure it has an appropriate `as` value and it is preloaded intentionally. @ http://localhost:3001/:0
[   14511ms] [WARNING] The resource http://localhost:3001/_scripts/assets/19c30be51d281b68.js was preloaded using link preload but not used within a few seconds from the window's load event. Please make sure it has an appropriate `as` value and it is preloaded intentionally. @ http://localhost:3001/:0
[   14511ms] [WARNING] The resource https://analytics.tiktok.com/i18n/pixel/events.js?sdkid=CXXXXXXXXXXXXXX&lib=ttq was preloaded using link preload but not used within a few seconds from the window's load event. Please make sure it has an appropriate `as` value and it is preloaded intentionally. @ http://localhost:3001/:0
[   14511ms] [WARNING] The resource http://localhost:3001/_scripts/assets/feee309636b01acc.js was preloaded using link preload but not used within a few seconds from the window's load event. Please make sure it has an appropriate `as` value and it is preloaded intentionally. @ http://localhost:3001/:0
[   14511ms] [WARNING] The resource http://localhost:3001/_scripts/assets/855230e132191715.js was preloaded using link preload but not used within a few seconds from the window's load event. Please make sure it has an appropriate `as` value and it is preloaded intentionally. @ http://localhost:3001/:0
[   14511ms] [WARNING] The resource http://localhost:3001/_scripts/assets/c9d9e48a8e62fd8b.js was preloaded using link preload but not used within a few seconds from the window's load event. Please make sure it has an appropriate `as` value and it is preloaded intentionally. @ http://localhost:3001/:0
[   14511ms] [WARNING] The resource http://localhost:3001/_scripts/assets/485145a5f43a6f0b.js was preloaded using link preload but not used within a few seconds from the window's load event. Please make sure it has an appropriate `as` value and it is preloaded intentionally. @ http://localhost:3001/:0
[   14511ms] [WARNING] The resource http://localhost:3001/_scripts/assets/1f21dc953a5b896b.js?id=GTM-MQ4JC38D was preloaded using link preload but not used within a few seconds from the window's load event. Please make sure it has an appropriate `as` value and it is preloaded intentionally. @ http://localhost:3001/:0
[   14511ms] [WARNING] The resource https://www.google.com/recaptcha/api.js?render=6LefSp8pAAAAAPTNjynL-drL6LWYuwEJ7LzDh01O was preloaded using link preload but not used within a few seconds from the window's load event. Please make sure it has an appropriate `as` value and it is preloaded intentionally. @ http://localhost:3001/:0
[   14511ms] [WARNING] The resource http://localhost:3001/_scripts/assets/359ae0d6a58473c2.js was preloaded using link preload but not used within a few seconds from the window's load event. Please make sure it has an appropriate `as` value and it is preloaded intentionally. @ http://localhost:3001/:0
[   14511ms] [WARNING] The resource https://www.sandbox.paypal.com/web-sdk/v6/core was preloaded using link preload but not used within a few seconds from the window's load event. Please make sure it has an appropriate `as` value and it is preloaded intentionally. @ http://localhost:3001/:0
[   14669ms] [ERROR] Connecting to 'https://ep1.adtrafficquality.google/getconfig/sodar?sv=200&tid=gda&tv=r20260709&st=env&sjk=2769975187266319' violates the following Content Security Policy directive: "connect-src 'self' https://*.mux.com". The action has been blocked. @ http://localhost:3001/_nuxt/@fs/home/meebuzo/github/alternate-framework/apps/ecosystem/meeovi-frontend/node_modules/@sentry/browser/build/npm/esm/dev/integrations/browserapierrors.js?v=cfee6d51:94
[   14814ms] [WARNING] [TikTok Pixel] - Invalid pixel ID
Issue: The pixel ID is invalid. This could prevent your pixel from receiving data.
Suggestion: Please go to Events Manager and find the correct pixel ID. @ http://localhost:3001/_nuxt/@fs/home/meebuzo/github/alternate-framework/apps/ecosystem/meeovi-frontend/node_modules/@sentry/core/build/esm/instrument/console.js?v=cfee6d51:42
[   14816ms] [ERROR] Connecting to 'https://analytics.tiktok.com/api/v2/pixel' violates the following Content Security Policy directive: "connect-src 'self' https://*.mux.com". The action has been blocked. @ https://analytics.tiktok.com/i18n/pixel/static/main.MTA2MWE1OWMwMA.js:0
[   15024ms] [ERROR] Connecting to 'https://analytics.tiktok.com/api/v2/pixel/act' violates the following Content Security Policy directive: "connect-src 'self' https://*.mux.com". The action has been blocked. @ https://analytics.tiktok.com/i18n/pixel/static/main.MTA2MWE1OWMwMA.js:0
[   15089ms] [WARNING] [Stripe.js] It looks like Stripe.js was loaded more than one time. Please only load it once per page. @ http://localhost:3001/_nuxt/@fs/home/meebuzo/github/alternate-framework/apps/ecosystem/meeovi-frontend/node_modules/@sentry/core/build/esm/instrument/console.js?v=cfee6d51:42
[   17304ms] [ERROR] Connecting to 'https://o996770.ingest.us.sentry.io/api/5955273/envelope/?sentry_version=7&sentry_key=df1b90fab7c44ce8aef097a63b468d61&sentry_client=sentry.javascript.nuxt%2F10.63.0' violates the following Content Security Policy directive: "connect-src 'self' https://*.mux.com". The action has been blocked. @ http://localhost:3001/_nuxt/@fs/home/meebuzo/github/alternate-framework/apps/ecosystem/meeovi-frontend/node_modules/@sentry/browser/build/npm/esm/dev/transports/fetch.js?v=cfee6d51:31
[   17305ms] [ERROR] Fetch API cannot load https://o996770.ingest.us.sentry.io/api/5955273/envelope/?sentry_version=7&sentry_key=df1b90fab7c44ce8aef097a63b468d61&sentry_client=sentry.javascript.nuxt%2F10.63.0. Refused to connect because it violates the document's Content Security Policy. @ http://localhost:3001/_nuxt/@fs/home/meebuzo/github/alternate-framework/apps/ecosystem/meeovi-frontend/node_modules/@sentry/browser/build/npm/esm/dev/transports/fetch.js?v=cfee6d51:31
