[   38282ms] [ERROR] Failed to load resource: the server responded with a status of 500 (Server Error) @ http://localhost:3001/results?q=test:0
[   47810ms] [WARNING] An iframe which has both allow-scripts and allow-same-origin for its sandbox attribute can escape its sandboxing. @ http://localhost:3001/results?q=test:869
[   70855ms] [WARNING] The resource https://www.sandbox.paypal.com/web-sdk/v6/core was preloaded using link preload but not used within a few seconds from the window's load event. Please make sure it has an appropriate `as` value and it is preloaded intentionally. @ http://localhost:3001/results?q=test:0
[   70855ms] [WARNING] The resource https://assets.lemonsqueezy.com/lemon.js was preloaded using link preload but not used within a few seconds from the window's load event. Please make sure it has an appropriate `as` value and it is preloaded intentionally. @ http://localhost:3001/results?q=test:0
[   70855ms] [WARNING] The resource http://localhost:3001/_scripts/assets/617ef9f044b38e3e.js was preloaded using link preload but not used within a few seconds from the window's load event. Please make sure it has an appropriate `as` value and it is preloaded intentionally. @ http://localhost:3001/results?q=test:0
[   70856ms] [WARNING] The resource http://localhost:3001/_scripts/assets/19c30be51d281b68.js was preloaded using link preload but not used within a few seconds from the window's load event. Please make sure it has an appropriate `as` value and it is preloaded intentionally. @ http://localhost:3001/results?q=test:0
[   70856ms] [WARNING] The resource http://localhost:3001/_scripts/assets/1f21dc953a5b896b.js?id=GTM-MQ4JC38D was preloaded using link preload but not used within a few seconds from the window's load event. Please make sure it has an appropriate `as` value and it is preloaded intentionally. @ http://localhost:3001/results?q=test:0
[   70857ms] [WARNING] The resource https://analytics.tiktok.com/i18n/pixel/events.js?sdkid=CXXXXXXXXXXXXXX&lib=ttq was preloaded using link preload but not used within a few seconds from the window's load event. Please make sure it has an appropriate `as` value and it is preloaded intentionally. @ http://localhost:3001/results?q=test:0
[   70857ms] [WARNING] The resource https://www.google.com/recaptcha/api.js?render=6LefSp8pAAAAAPTNjynL-drL6LWYuwEJ7LzDh01O was preloaded using link preload but not used within a few seconds from the window's load event. Please make sure it has an appropriate `as` value and it is preloaded intentionally. @ http://localhost:3001/results?q=test:0
[   70857ms] [WARNING] The resource http://localhost:3001/_scripts/assets/a1961108223d0401.js?id=G-XXXXXXXX was preloaded using link preload but not used within a few seconds from the window's load event. Please make sure it has an appropriate `as` value and it is preloaded intentionally. @ http://localhost:3001/results?q=test:0
[   70857ms] [WARNING] The resource http://localhost:3001/_scripts/assets/855230e132191715.js was preloaded using link preload but not used within a few seconds from the window's load event. Please make sure it has an appropriate `as` value and it is preloaded intentionally. @ http://localhost:3001/results?q=test:0
[   70857ms] [WARNING] The resource http://localhost:3001/_scripts/assets/feee309636b01acc.js was preloaded using link preload but not used within a few seconds from the window's load event. Please make sure it has an appropriate `as` value and it is preloaded intentionally. @ http://localhost:3001/results?q=test:0
[   70857ms] [WARNING] The resource http://localhost:3001/_scripts/assets/359ae0d6a58473c2.js was preloaded using link preload but not used within a few seconds from the window's load event. Please make sure it has an appropriate `as` value and it is preloaded intentionally. @ http://localhost:3001/results?q=test:0
[   70857ms] [WARNING] The resource http://localhost:3001/_scripts/assets/c9d9e48a8e62fd8b.js was preloaded using link preload but not used within a few seconds from the window's load event. Please make sure it has an appropriate `as` value and it is preloaded intentionally. @ http://localhost:3001/results?q=test:0
[   70857ms] [WARNING] The resource https://js.stripe.com/basil/stripe.js was preloaded using link preload but not used within a few seconds from the window's load event. Please make sure it has an appropriate `as` value and it is preloaded intentionally. @ http://localhost:3001/results?q=test:0
[   70857ms] [WARNING] The resource http://localhost:3001/_scripts/assets/485145a5f43a6f0b.js was preloaded using link preload but not used within a few seconds from the window's load event. Please make sure it has an appropriate `as` value and it is preloaded intentionally. @ http://localhost:3001/results?q=test:0
[   82058ms] [ERROR] Failed to load resource: the server responded with a status of 500 (Server Error) @ http://localhost:3001/results?q=test:0
[   98085ms] [WARNING] An iframe which has both allow-scripts and allow-same-origin for its sandbox attribute can escape its sandboxing. @ http://localhost:3001/results?q=test:869
[  102718ms] [WARNING] The resource https://www.sandbox.paypal.com/web-sdk/v6/core was preloaded using link preload but not used within a few seconds from the window's load event. Please make sure it has an appropriate `as` value and it is preloaded intentionally. @ http://localhost:3001/results?q=test:0
[  102718ms] [WARNING] The resource https://assets.lemonsqueezy.com/lemon.js was preloaded using link preload but not used within a few seconds from the window's load event. Please make sure it has an appropriate `as` value and it is preloaded intentionally. @ http://localhost:3001/results?q=test:0
[  102718ms] [WARNING] The resource http://localhost:3001/_scripts/assets/617ef9f044b38e3e.js was preloaded using link preload but not used within a few seconds from the window's load event. Please make sure it has an appropriate `as` value and it is preloaded intentionally. @ http://localhost:3001/results?q=test:0
[  102718ms] [WARNING] The resource http://localhost:3001/_scripts/assets/19c30be51d281b68.js was preloaded using link preload but not used within a few seconds from the window's load event. Please make sure it has an appropriate `as` value and it is preloaded intentionally. @ http://localhost:3001/results?q=test:0
[  102718ms] [WARNING] The resource http://localhost:3001/_scripts/assets/1f21dc953a5b896b.js?id=GTM-MQ4JC38D was preloaded using link preload but not used within a few seconds from the window's load event. Please make sure it has an appropriate `as` value and it is preloaded intentionally. @ http://localhost:3001/results?q=test:0
[  102718ms] [WARNING] The resource https://analytics.tiktok.com/i18n/pixel/events.js?sdkid=CXXXXXXXXXXXXXX&lib=ttq was preloaded using link preload but not used within a few seconds from the window's load event. Please make sure it has an appropriate `as` value and it is preloaded intentionally. @ http://localhost:3001/results?q=test:0
[  102718ms] [WARNING] The resource https://www.google.com/recaptcha/api.js?render=6LefSp8pAAAAAPTNjynL-drL6LWYuwEJ7LzDh01O was preloaded using link preload but not used within a few seconds from the window's load event. Please make sure it has an appropriate `as` value and it is preloaded intentionally. @ http://localhost:3001/results?q=test:0
[  102718ms] [WARNING] The resource http://localhost:3001/_scripts/assets/a1961108223d0401.js?id=G-XXXXXXXX was preloaded using link preload but not used within a few seconds from the window's load event. Please make sure it has an appropriate `as` value and it is preloaded intentionally. @ http://localhost:3001/results?q=test:0
[  102718ms] [WARNING] The resource http://localhost:3001/_scripts/assets/855230e132191715.js was preloaded using link preload but not used within a few seconds from the window's load event. Please make sure it has an appropriate `as` value and it is preloaded intentionally. @ http://localhost:3001/results?q=test:0
[  102718ms] [WARNING] The resource http://localhost:3001/_scripts/assets/feee309636b01acc.js was preloaded using link preload but not used within a few seconds from the window's load event. Please make sure it has an appropriate `as` value and it is preloaded intentionally. @ http://localhost:3001/results?q=test:0
[  102718ms] [WARNING] The resource http://localhost:3001/_scripts/assets/359ae0d6a58473c2.js was preloaded using link preload but not used within a few seconds from the window's load event. Please make sure it has an appropriate `as` value and it is preloaded intentionally. @ http://localhost:3001/results?q=test:0
[  102718ms] [WARNING] The resource http://localhost:3001/_scripts/assets/c9d9e48a8e62fd8b.js was preloaded using link preload but not used within a few seconds from the window's load event. Please make sure it has an appropriate `as` value and it is preloaded intentionally. @ http://localhost:3001/results?q=test:0
[  102718ms] [WARNING] The resource https://js.stripe.com/basil/stripe.js was preloaded using link preload but not used within a few seconds from the window's load event. Please make sure it has an appropriate `as` value and it is preloaded intentionally. @ http://localhost:3001/results?q=test:0
[  102718ms] [WARNING] The resource http://localhost:3001/_scripts/assets/485145a5f43a6f0b.js was preloaded using link preload but not used within a few seconds from the window's load event. Please make sure it has an appropriate `as` value and it is preloaded intentionally. @ http://localhost:3001/results?q=test:0
[  107113ms] [LOG] ✨ %cNuxt DevTools %c Press Shift + Alt + D to open DevTools color: black; border-radius: 3px 0 0 3px; padding: 2px 2px 1px 10px; background: #00DC82 border-radius: 0 3px 3px 0; padding: 2px 10px 1px 2px; background: #00DC8220  @ http://localhost:3001/_nuxt/@fs/home/meebuzo/github/alternate-framework/apps/ecosystem/meeovi-frontend/node_modules/@nuxt/devtools/dist/runtime/plugins/devtools.client.js?v=ebf63685:51
[  108097ms] [WARNING] [Vue warn]: Unhandled error during execution of watcher callback @ http://localhost:3001/_nuxt/@fs/home/meebuzo/github/alternate-framework/apps/ecosystem/meeovi-frontend/node_modules/@sentry/core/build/esm/instrument/console.js?v=ebf63685:42
[  108153ms] [INFO] <Suspense> is an experimental feature and its API will likely change. @ http://localhost:3001/_nuxt/@fs/home/meebuzo/github/alternate-framework/apps/ecosystem/meeovi-frontend/node_modules/@sentry/core/build/esm/instrument/console.js?v=ebf63685:42
[  108248ms] [ERROR] Connecting to 'https://o996770.ingest.us.sentry.io/api/5955273/envelope/?sentry_version=7&sentry_key=df1b90fab7c44ce8aef097a63b468d61&sentry_client=sentry.javascript.nuxt%2F10.63.0' violates the following Content Security Policy directive: "connect-src 'self' https://*.mux.com". The action has been blocked. @ http://localhost:3001/_nuxt/@fs/home/meebuzo/github/alternate-framework/apps/ecosystem/meeovi-frontend/node_modules/@sentry/browser/build/npm/esm/dev/transports/fetch.js?v=ebf63685:31
[  108249ms] [ERROR] Fetch API cannot load https://o996770.ingest.us.sentry.io/api/5955273/envelope/?sentry_version=7&sentry_key=df1b90fab7c44ce8aef097a63b468d61&sentry_client=sentry.javascript.nuxt%2F10.63.0. Refused to connect because it violates the document's Content Security Policy. @ http://localhost:3001/_nuxt/@fs/home/meebuzo/github/alternate-framework/apps/ecosystem/meeovi-frontend/node_modules/@sentry/browser/build/npm/esm/dev/transports/fetch.js?v=ebf63685:31
[  108252ms] TypeError: Cannot convert object to primitive value
    at getUserStorageKey (http://localhost:3001/_nuxt/@fs/home/meebuzo/github/alternate-framework/layers/auth/app/composables/useSessionLocale.ts:18:45)
    at getPersistedLocaleForUser (http://localhost:3001/_nuxt/@fs/home/meebuzo/github/alternate-framework/layers/auth/app/composables/useSessionLocale.ts:43:24)
    at restoreLocaleForUser (http://localhost:3001/_nuxt/@fs/home/meebuzo/github/alternate-framework/layers/auth/app/composables/useSessionLocale.ts:51:26)
    at watch.immediate (http://localhost:3001/_nuxt/@fs/home/meebuzo/github/alternate-framework/layers/auth/app/plugins/session-locale.client.ts:16:13)
    at callWithErrorHandling (http://localhost:3001/_nuxt/@fs/home/meebuzo/github/alternate-framework/apps/ecosystem/meeovi-frontend/node_modules/@vue/runtime-core/dist/runtime-core.esm-bundler.js?v=ebf63685:197:19)
    at callWithAsyncErrorHandling (http://localhost:3001/_nuxt/@fs/home/meebuzo/github/alternate-framework/apps/ecosystem/meeovi-frontend/node_modules/@vue/runtime-core/dist/runtime-core.esm-bundler.js?v=ebf63685:204:17)
    at baseWatchOptions.call (http://localhost:3001/_nuxt/@fs/home/meebuzo/github/alternate-framework/apps/ecosystem/meeovi-frontend/node_modules/@vue/runtime-core/dist/runtime-core.esm-bundler.js?v=ebf63685:890:47)
    at job (http://localhost:3001/_nuxt/@fs/home/meebuzo/github/alternate-framework/apps/ecosystem/meeovi-frontend/node_modules/@vue/reactivity/dist/reactivity.esm-bundler.js?v=ebf63685:1849:18)
    at watch (http://localhost:3001/_nuxt/@fs/home/meebuzo/github/alternate-framework/apps/ecosystem/meeovi-frontend/node_modules/@vue/reactivity/dist/reactivity.esm-bundler.js?v=ebf63685:1884:7)
    at doWatch (http://localhost:3001/_nuxt/@fs/home/meebuzo/github/alternate-framework/apps/ecosystem/meeovi-frontend/node_modules/@vue/runtime-core/dist/runtime-core.esm-bundler.js?v=ebf63685:918:23)
    at watch (http://localhost:3001/_nuxt/@fs/home/meebuzo/github/alternate-framework/apps/ecosystem/meeovi-frontend/node_modules/@vue/runtime-core/dist/runtime-core.esm-bundler.js?v=ebf63685:851:10)
    at http://localhost:3001/_nuxt/@fs/home/meebuzo/github/alternate-framework/layers/auth/app/plugins/session-locale.client.ts:10:3
    at http://localhost:3001/_nuxt/@fs/home/meebuzo/github/alternate-framework/apps/ecosystem/meeovi-frontend/node_modules/nuxt/dist/app/nuxt.js?v=ebf63685:142:60
    at fn (http://localhost:3001/_nuxt/@fs/home/meebuzo/github/alternate-framework/apps/ecosystem/meeovi-frontend/node_modules/nuxt/dist/app/nuxt.js?v=ebf63685:224:44)
    at Object.runWithContext (http://localhost:3001/_nuxt/@fs/home/meebuzo/github/alternate-framework/apps/ecosystem/meeovi-frontend/node_modules/@vue/runtime-core/dist/runtime-core.esm-bundler.js?v=ebf63685:4366:18)
    at callWithNuxt (http://localhost:3001/_nuxt/@fs/home/meebuzo/github/alternate-framework/apps/ecosystem/meeovi-frontend/node_modules/nuxt/dist/app/nuxt.js?v=ebf63685:230:24)
    at http://localhost:3001/_nuxt/@fs/home/meebuzo/github/alternate-framework/apps/ecosystem/meeovi-frontend/node_modules/nuxt/dist/app/nuxt.js?v=ebf63685:37:41
    at EffectScope.run (http://localhost:3001/_nuxt/@fs/home/meebuzo/github/alternate-framework/apps/ecosystem/meeovi-frontend/node_modules/@vue/reactivity/dist/reactivity.esm-bundler.js?v=ebf63685:75:16)
    at Object.runWithContext (http://localhost:3001/_nuxt/@fs/home/meebuzo/github/alternate-framework/apps/ecosystem/meeovi-frontend/node_modules/nuxt/dist/app/nuxt.js?v=ebf63685:37:31)
    at applyPlugin (http://localhost:3001/_nuxt/@fs/home/meebuzo/github/alternate-framework/apps/ecosystem/meeovi-frontend/node_modules/nuxt/dist/app/nuxt.js?v=ebf63685:142:39)
    at executePlugin (http://localhost:3001/_nuxt/@fs/home/meebuzo/github/alternate-framework/apps/ecosystem/meeovi-frontend/node_modules/nuxt/dist/app/nuxt.js?v=ebf63685:161:23)
    at applyPlugins (http://localhost:3001/_nuxt/@fs/home/meebuzo/github/alternate-framework/apps/ecosystem/meeovi-frontend/node_modules/nuxt/dist/app/nuxt.js?v=ebf63685:197:11)
    at async initApp (http://localhost:3001/_nuxt/@fs/home/meebuzo/github/alternate-framework/apps/ecosystem/meeovi-frontend/node_modules/nuxt/dist/app/entry.js?v=ebf63685:60:7)
[  108252ms] [ERROR] Failed to load resource: the server responded with a status of 404 (Not Found) @ http://localhost:3001/api/auth/user/value/id/to-string:0
[  108254ms] [ERROR] Failed to load resource: the server responded with a status of 404 (Not Found) @ http://localhost:3001/api/auth/user/value/id/value-of:0
[  108976ms] [ERROR] Connecting to 'https://ep1.adtrafficquality.google/getconfig/sodar?sv=200&tid=gda&tv=r20260709&st=env&sjk=2461757812826538' violates the following Content Security Policy directive: "connect-src 'self' https://*.mux.com". The action has been blocked. @ http://localhost:3001/_nuxt/@fs/home/meebuzo/github/alternate-framework/apps/ecosystem/meeovi-frontend/node_modules/@sentry/browser/build/npm/esm/dev/integrations/browserapierrors.js?v=ebf63685:94
[  109145ms] [WARNING] The resource https://www.sandbox.paypal.com/web-sdk/v6/core was preloaded using link preload but not used within a few seconds from the window's load event. Please make sure it has an appropriate `as` value and it is preloaded intentionally. @ http://localhost:3001/results?q=test:0
[  109145ms] [WARNING] The resource https://assets.lemonsqueezy.com/lemon.js was preloaded using link preload but not used within a few seconds from the window's load event. Please make sure it has an appropriate `as` value and it is preloaded intentionally. @ http://localhost:3001/results?q=test:0
[  109145ms] [WARNING] The resource http://localhost:3001/_scripts/assets/617ef9f044b38e3e.js was preloaded using link preload but not used within a few seconds from the window's load event. Please make sure it has an appropriate `as` value and it is preloaded intentionally. @ http://localhost:3001/results?q=test:0
[  109145ms] [WARNING] The resource http://localhost:3001/_scripts/assets/19c30be51d281b68.js was preloaded using link preload but not used within a few seconds from the window's load event. Please make sure it has an appropriate `as` value and it is preloaded intentionally. @ http://localhost:3001/results?q=test:0
[  109145ms] [WARNING] The resource http://localhost:3001/_scripts/assets/1f21dc953a5b896b.js?id=GTM-MQ4JC38D was preloaded using link preload but not used within a few seconds from the window's load event. Please make sure it has an appropriate `as` value and it is preloaded intentionally. @ http://localhost:3001/results?q=test:0
[  109145ms] [WARNING] The resource https://analytics.tiktok.com/i18n/pixel/events.js?sdkid=CXXXXXXXXXXXXXX&lib=ttq was preloaded using link preload but not used within a few seconds from the window's load event. Please make sure it has an appropriate `as` value and it is preloaded intentionally. @ http://localhost:3001/results?q=test:0
[  109145ms] [WARNING] The resource https://www.google.com/recaptcha/api.js?render=6LefSp8pAAAAAPTNjynL-drL6LWYuwEJ7LzDh01O was preloaded using link preload but not used within a few seconds from the window's load event. Please make sure it has an appropriate `as` value and it is preloaded intentionally. @ http://localhost:3001/results?q=test:0
[  109145ms] [WARNING] The resource http://localhost:3001/_scripts/assets/a1961108223d0401.js?id=G-XXXXXXXX was preloaded using link preload but not used within a few seconds from the window's load event. Please make sure it has an appropriate `as` value and it is preloaded intentionally. @ http://localhost:3001/results?q=test:0
[  109145ms] [WARNING] The resource http://localhost:3001/_scripts/assets/855230e132191715.js was preloaded using link preload but not used within a few seconds from the window's load event. Please make sure it has an appropriate `as` value and it is preloaded intentionally. @ http://localhost:3001/results?q=test:0
[  109145ms] [WARNING] The resource http://localhost:3001/_scripts/assets/feee309636b01acc.js was preloaded using link preload but not used within a few seconds from the window's load event. Please make sure it has an appropriate `as` value and it is preloaded intentionally. @ http://localhost:3001/results?q=test:0
[  109145ms] [WARNING] The resource http://localhost:3001/_scripts/assets/359ae0d6a58473c2.js was preloaded using link preload but not used within a few seconds from the window's load event. Please make sure it has an appropriate `as` value and it is preloaded intentionally. @ http://localhost:3001/results?q=test:0
[  109145ms] [WARNING] The resource http://localhost:3001/_scripts/assets/c9d9e48a8e62fd8b.js was preloaded using link preload but not used within a few seconds from the window's load event. Please make sure it has an appropriate `as` value and it is preloaded intentionally. @ http://localhost:3001/results?q=test:0
[  109145ms] [WARNING] The resource https://js.stripe.com/basil/stripe.js was preloaded using link preload but not used within a few seconds from the window's load event. Please make sure it has an appropriate `as` value and it is preloaded intentionally. @ http://localhost:3001/results?q=test:0
[  109146ms] [WARNING] The resource http://localhost:3001/_scripts/assets/485145a5f43a6f0b.js was preloaded using link preload but not used within a few seconds from the window's load event. Please make sure it has an appropriate `as` value and it is preloaded intentionally. @ http://localhost:3001/results?q=test:0
[  109294ms] [WARNING] [TikTok Pixel] - Invalid pixel ID
Issue: The pixel ID is invalid. This could prevent your pixel from receiving data.
Suggestion: Please go to Events Manager and find the correct pixel ID. @ http://localhost:3001/_nuxt/@fs/home/meebuzo/github/alternate-framework/apps/ecosystem/meeovi-frontend/node_modules/@sentry/core/build/esm/instrument/console.js?v=ebf63685:42
[  109302ms] [ERROR] Connecting to 'https://analytics.tiktok.com/api/v2/pixel' violates the following Content Security Policy directive: "connect-src 'self' https://*.mux.com". The action has been blocked. @ https://analytics.tiktok.com/i18n/pixel/static/main.MTA2MWE1OWMwMA.js:0
[  109516ms] [ERROR] Connecting to 'https://analytics.tiktok.com/api/v2/pixel/act' violates the following Content Security Policy directive: "connect-src 'self' https://*.mux.com". The action has been blocked. @ https://analytics.tiktok.com/i18n/pixel/static/main.MTA2MWE1OWMwMA.js:0
[  111324ms] [ERROR] Connecting to 'https://o996770.ingest.us.sentry.io/api/5955273/envelope/?sentry_version=7&sentry_key=df1b90fab7c44ce8aef097a63b468d61&sentry_client=sentry.javascript.nuxt%2F10.63.0' violates the following Content Security Policy directive: "connect-src 'self' https://*.mux.com". The action has been blocked. @ http://localhost:3001/_nuxt/@fs/home/meebuzo/github/alternate-framework/apps/ecosystem/meeovi-frontend/node_modules/@sentry/browser/build/npm/esm/dev/transports/fetch.js?v=ebf63685:31
[  111325ms] [ERROR] Fetch API cannot load https://o996770.ingest.us.sentry.io/api/5955273/envelope/?sentry_version=7&sentry_key=df1b90fab7c44ce8aef097a63b468d61&sentry_client=sentry.javascript.nuxt%2F10.63.0. Refused to connect because it violates the document's Content Security Policy. @ http://localhost:3001/_nuxt/@fs/home/meebuzo/github/alternate-framework/apps/ecosystem/meeovi-frontend/node_modules/@sentry/browser/build/npm/esm/dev/transports/fetch.js?v=ebf63685:31
[  212229ms] [LOG] [vite] server connection lost. Polling for restart... @ http://localhost:3001/_nuxt/@fs/home/meebuzo/github/alternate-framework/apps/ecosystem/meeovi-frontend/node_modules/@sentry/core/build/esm/instrument/console.js?v=ebf63685:42
[  306251ms] [WARNING] Failed parsing 'srcset' attribute value since it has an unknown descriptor. @ :0
[  306251ms] [WARNING] Dropped srcset candidate "https://res.cloudinary.com/\u003CYour" @ :0
[  306251ms] [WARNING] Failed parsing 'srcset' attribute value since it has an unknown descriptor. @ :0
[  306252ms] [WARNING] Dropped srcset candidate "https://res.cloudinary.com/\u003CYour" @ :0
[  306252ms] [WARNING] Failed parsing 'srcset' attribute value since it has an unknown descriptor. @ :0
[  306252ms] [WARNING] Dropped srcset candidate "https://res.cloudinary.com/\u003CYour" @ :0
[  306252ms] [WARNING] Failed parsing 'srcset' attribute value since it has an unknown descriptor. @ :0
[  306252ms] [WARNING] Dropped srcset candidate "https://res.cloudinary.com/\u003CYour" @ :0
[  306252ms] [WARNING] Failed parsing 'srcset' attribute value since it has an unknown descriptor. @ :0
[  306252ms] [WARNING] Dropped srcset candidate "https://res.cloudinary.com/\u003CYour" @ :0
[  306252ms] [WARNING] Failed parsing 'srcset' attribute value since it has an unknown descriptor. @ :0
[  306252ms] [WARNING] Dropped srcset candidate "https://res.cloudinary.com/\u003CYour" @ :0
[  332396ms] [LOG] ✨ %cNuxt DevTools %c Press Shift + Alt + D to open DevTools color: black; border-radius: 3px 0 0 3px; padding: 2px 2px 1px 10px; background: #00DC82 border-radius: 0 3px 3px 0; padding: 2px 10px 1px 2px; background: #00DC8220  @ http://localhost:3001/_nuxt/@fs/home/meebuzo/github/alternate-framework/apps/ecosystem/meeovi-frontend/node_modules/@sentry/core/build/esm/instrument/console.js?v=ebf63685:42
[  332443ms] [WARNING] [Vue warn]: Unhandled error during execution of watcher callback @ http://localhost:3001/_nuxt/@fs/home/meebuzo/github/alternate-framework/apps/ecosystem/meeovi-frontend/node_modules/@sentry/core/build/esm/instrument/console.js?v=ebf63685:42
[  332489ms] [INFO] <Suspense> is an experimental feature and its API will likely change. @ http://localhost:3001/_nuxt/@fs/home/meebuzo/github/alternate-framework/apps/ecosystem/meeovi-frontend/node_modules/@sentry/core/build/esm/instrument/console.js?v=ebf63685:42
[  332512ms] [ERROR] Failed to load resource: the server responded with a status of 404 (Not Found) @ http://localhost:3001/api/auth/user/value/id/to-string:0
[  332527ms] [ERROR] Connecting to 'https://o996770.ingest.us.sentry.io/api/5955273/envelope/?sentry_version=7&sentry_key=df1b90fab7c44ce8aef097a63b468d61&sentry_client=sentry.javascript.nuxt%2F10.63.0' violates the following Content Security Policy directive: "connect-src 'self' https://*.mux.com". The action has been blocked. @ http://localhost:3001/_nuxt/@fs/home/meebuzo/github/alternate-framework/apps/ecosystem/meeovi-frontend/node_modules/@sentry/browser/build/npm/esm/dev/transports/fetch.js?v=ebf63685:31
[  332527ms] [ERROR] Fetch API cannot load https://o996770.ingest.us.sentry.io/api/5955273/envelope/?sentry_version=7&sentry_key=df1b90fab7c44ce8aef097a63b468d61&sentry_client=sentry.javascript.nuxt%2F10.63.0. Refused to connect because it violates the document's Content Security Policy. @ http://localhost:3001/_nuxt/@fs/home/meebuzo/github/alternate-framework/apps/ecosystem/meeovi-frontend/node_modules/@sentry/browser/build/npm/esm/dev/transports/fetch.js?v=ebf63685:31
[  332533ms] TypeError: Cannot convert object to primitive value
    at getUserStorageKey (http://localhost:3001/_nuxt/@fs/home/meebuzo/github/alternate-framework/layers/auth/app/composables/useSessionLocale.ts:18:45)
    at getPersistedLocaleForUser (http://localhost:3001/_nuxt/@fs/home/meebuzo/github/alternate-framework/layers/auth/app/composables/useSessionLocale.ts:43:24)
    at restoreLocaleForUser (http://localhost:3001/_nuxt/@fs/home/meebuzo/github/alternate-framework/layers/auth/app/composables/useSessionLocale.ts:51:26)
    at watch.immediate (http://localhost:3001/_nuxt/@fs/home/meebuzo/github/alternate-framework/layers/auth/app/plugins/session-locale.client.ts:16:13)
    at callWithErrorHandling (http://localhost:3001/_nuxt/@fs/home/meebuzo/github/alternate-framework/apps/ecosystem/meeovi-frontend/node_modules/@vue/runtime-core/dist/runtime-core.esm-bundler.js?v=ebf63685:197:19)
    at callWithAsyncErrorHandling (http://localhost:3001/_nuxt/@fs/home/meebuzo/github/alternate-framework/apps/ecosystem/meeovi-frontend/node_modules/@vue/runtime-core/dist/runtime-core.esm-bundler.js?v=ebf63685:204:17)
    at baseWatchOptions.call (http://localhost:3001/_nuxt/@fs/home/meebuzo/github/alternate-framework/apps/ecosystem/meeovi-frontend/node_modules/@vue/runtime-core/dist/runtime-core.esm-bundler.js?v=ebf63685:890:47)
    at job (http://localhost:3001/_nuxt/@fs/home/meebuzo/github/alternate-framework/apps/ecosystem/meeovi-frontend/node_modules/@vue/reactivity/dist/reactivity.esm-bundler.js?v=ebf63685:1849:18)
    at watch (http://localhost:3001/_nuxt/@fs/home/meebuzo/github/alternate-framework/apps/ecosystem/meeovi-frontend/node_modules/@vue/reactivity/dist/reactivity.esm-bundler.js?v=ebf63685:1884:7)
    at doWatch (http://localhost:3001/_nuxt/@fs/home/meebuzo/github/alternate-framework/apps/ecosystem/meeovi-frontend/node_modules/@vue/runtime-core/dist/runtime-core.esm-bundler.js?v=ebf63685:918:23)
    at watch (http://localhost:3001/_nuxt/@fs/home/meebuzo/github/alternate-framework/apps/ecosystem/meeovi-frontend/node_modules/@vue/runtime-core/dist/runtime-core.esm-bundler.js?v=ebf63685:851:10)
    at http://localhost:3001/_nuxt/@fs/home/meebuzo/github/alternate-framework/layers/auth/app/plugins/session-locale.client.ts:10:3
    at http://localhost:3001/_nuxt/@fs/home/meebuzo/github/alternate-framework/apps/ecosystem/meeovi-frontend/node_modules/nuxt/dist/app/nuxt.js?v=ebf63685:142:60
    at fn (http://localhost:3001/_nuxt/@fs/home/meebuzo/github/alternate-framework/apps/ecosystem/meeovi-frontend/node_modules/nuxt/dist/app/nuxt.js?v=ebf63685:224:44)
    at Object.runWithContext (http://localhost:3001/_nuxt/@fs/home/meebuzo/github/alternate-framework/apps/ecosystem/meeovi-frontend/node_modules/@vue/runtime-core/dist/runtime-core.esm-bundler.js?v=ebf63685:4366:18)
    at callWithNuxt (http://localhost:3001/_nuxt/@fs/home/meebuzo/github/alternate-framework/apps/ecosystem/meeovi-frontend/node_modules/nuxt/dist/app/nuxt.js?v=ebf63685:230:24)
    at http://localhost:3001/_nuxt/@fs/home/meebuzo/github/alternate-framework/apps/ecosystem/meeovi-frontend/node_modules/nuxt/dist/app/nuxt.js?v=ebf63685:37:41
    at EffectScope.run (http://localhost:3001/_nuxt/@fs/home/meebuzo/github/alternate-framework/apps/ecosystem/meeovi-frontend/node_modules/@vue/reactivity/dist/reactivity.esm-bundler.js?v=ebf63685:75:16)
    at Object.runWithContext (http://localhost:3001/_nuxt/@fs/home/meebuzo/github/alternate-framework/apps/ecosystem/meeovi-frontend/node_modules/nuxt/dist/app/nuxt.js?v=ebf63685:37:31)
    at applyPlugin (http://localhost:3001/_nuxt/@fs/home/meebuzo/github/alternate-framework/apps/ecosystem/meeovi-frontend/node_modules/nuxt/dist/app/nuxt.js?v=ebf63685:142:39)
    at executePlugin (http://localhost:3001/_nuxt/@fs/home/meebuzo/github/alternate-framework/apps/ecosystem/meeovi-frontend/node_modules/nuxt/dist/app/nuxt.js?v=ebf63685:161:23)
    at applyPlugins (http://localhost:3001/_nuxt/@fs/home/meebuzo/github/alternate-framework/apps/ecosystem/meeovi-frontend/node_modules/nuxt/dist/app/nuxt.js?v=ebf63685:197:11)
    at async initApp (http://localhost:3001/_nuxt/@fs/home/meebuzo/github/alternate-framework/apps/ecosystem/meeovi-frontend/node_modules/nuxt/dist/app/entry.js?v=ebf63685:60:7)
[  332549ms] [ERROR] Failed to load resource: the server responded with a status of 404 (Not Found) @ http://localhost:3001/api/auth/user/value/id/value-of:0
[  333683ms] [ERROR] Connecting to 'https://o996770.ingest.us.sentry.io/api/5955273/envelope/?sentry_version=7&sentry_key=df1b90fab7c44ce8aef097a63b468d61&sentry_client=sentry.javascript.nuxt%2F10.63.0' violates the following Content Security Policy directive: "connect-src 'self' https://*.mux.com". The action has been blocked. @ http://localhost:3001/_nuxt/@fs/home/meebuzo/github/alternate-framework/apps/ecosystem/meeovi-frontend/node_modules/@sentry/browser/build/npm/esm/dev/transports/fetch.js?v=ebf63685:31
[  333684ms] [ERROR] Fetch API cannot load https://o996770.ingest.us.sentry.io/api/5955273/envelope/?sentry_version=7&sentry_key=df1b90fab7c44ce8aef097a63b468d61&sentry_client=sentry.javascript.nuxt%2F10.63.0. Refused to connect because it violates the document's Content Security Policy. @ http://localhost:3001/_nuxt/@fs/home/meebuzo/github/alternate-framework/apps/ecosystem/meeovi-frontend/node_modules/@sentry/browser/build/npm/esm/dev/transports/fetch.js?v=ebf63685:31
[  337680ms] [WARNING] [nuxt] [image] Density values above `2` are not recommended. See https://observablehq.com/@eeeps/visual-acuity-and-device-pixel-ratio. @ http://localhost:3001/_nuxt/@fs/home/meebuzo/github/alternate-framework/apps/ecosystem/meeovi-frontend/node_modules/@sentry/core/build/esm/instrument/console.js?v=ebf63685:42
[  337685ms] [WARNING] Failed parsing 'srcset' attribute value since it has an unknown descriptor. @ http://localhost:3001/_nuxt/@fs/home/meebuzo/github/alternate-framework/apps/ecosystem/meeovi-frontend/node_modules/@vue/runtime-dom/dist/runtime-dom.esm-bundler.js?v=ebf63685:674
[  337687ms] [WARNING] Dropped srcset candidate "https://res.cloudinary.com/\u003CYour" @ http://localhost:3001/_nuxt/@fs/home/meebuzo/github/alternate-framework/apps/ecosystem/meeovi-frontend/node_modules/@vue/runtime-dom/dist/runtime-dom.esm-bundler.js?v=ebf63685:674
[  337688ms] [WARNING] Failed parsing 'srcset' attribute value since it has an unknown descriptor. @ http://localhost:3001/_nuxt/@fs/home/meebuzo/github/alternate-framework/apps/ecosystem/meeovi-frontend/node_modules/@vue/runtime-dom/dist/runtime-dom.esm-bundler.js?v=ebf63685:674
[  337690ms] [WARNING] Dropped srcset candidate "https://res.cloudinary.com/\u003CYour" @ http://localhost:3001/_nuxt/@fs/home/meebuzo/github/alternate-framework/apps/ecosystem/meeovi-frontend/node_modules/@vue/runtime-dom/dist/runtime-dom.esm-bundler.js?v=ebf63685:674
[  337691ms] [WARNING] Failed parsing 'srcset' attribute value since it has an unknown descriptor. @ http://localhost:3001/_nuxt/@fs/home/meebuzo/github/alternate-framework/apps/ecosystem/meeovi-frontend/node_modules/@vue/runtime-dom/dist/runtime-dom.esm-bundler.js?v=ebf63685:674
[  337692ms] [WARNING] Dropped srcset candidate "https://res.cloudinary.com/\u003CYour" @ http://localhost:3001/_nuxt/@fs/home/meebuzo/github/alternate-framework/apps/ecosystem/meeovi-frontend/node_modules/@vue/runtime-dom/dist/runtime-dom.esm-bundler.js?v=ebf63685:674
[  337740ms] [ERROR] Connecting to 'https://cms.meeovicms.com/items/page_blocks/5?fields=*%2Cmedia.*.*' violates the following Content Security Policy directive: "connect-src 'self' https://*.mux.com". The action has been blocked. @ http://localhost:3001/_nuxt/@fs/home/meebuzo/github/alternate-framework/apps/ecosystem/meeovi-frontend/node_modules/.cache/vite/client/deps/@directus_sdk.js?v=ebf63685:101
[  337741ms] [ERROR] Fetch API cannot load https://cms.meeovicms.com/items/page_blocks/5?fields=*%2Cmedia.*.*. Refused to connect because it violates the document's Content Security Policy. @ http://localhost:3001/_nuxt/@fs/home/meebuzo/github/alternate-framework/apps/ecosystem/meeovi-frontend/node_modules/.cache/vite/client/deps/@directus_sdk.js?v=ebf63685:101
[  337759ms] [ERROR] Connecting to 'https://cms.meeovicms.com/items/navigation/12' violates the following Content Security Policy directive: "connect-src 'self' https://*.mux.com". The action has been blocked. @ http://localhost:3001/_nuxt/@fs/home/meebuzo/github/alternate-framework/apps/ecosystem/meeovi-frontend/node_modules/.cache/vite/client/deps/@directus_sdk.js?v=ebf63685:101
[  337760ms] [ERROR] Fetch API cannot load https://cms.meeovicms.com/items/navigation/12. Refused to connect because it violates the document's Content Security Policy. @ http://localhost:3001/_nuxt/@fs/home/meebuzo/github/alternate-framework/apps/ecosystem/meeovi-frontend/node_modules/.cache/vite/client/deps/@directus_sdk.js?v=ebf63685:101
[  337807ms] [ERROR] Connecting to 'https://cms.meeovicms.com/items/navigation/5' violates the following Content Security Policy directive: "connect-src 'self' https://*.mux.com". The action has been blocked. @ http://localhost:3001/_nuxt/@fs/home/meebuzo/github/alternate-framework/apps/ecosystem/meeovi-frontend/node_modules/.cache/vite/client/deps/@directus_sdk.js?v=ebf63685:101
[  337808ms] [ERROR] Fetch API cannot load https://cms.meeovicms.com/items/navigation/5. Refused to connect because it violates the document's Content Security Policy. @ http://localhost:3001/_nuxt/@fs/home/meebuzo/github/alternate-framework/apps/ecosystem/meeovi-frontend/node_modules/.cache/vite/client/deps/@directus_sdk.js?v=ebf63685:101
[  337811ms] [ERROR] Connecting to 'https://cms.meeovicms.com/items/departments?fields=*%2C*.*&filter=%7B%22active%22%3A%7B%22_eq%22%3A%22active%22%7D%2C%22type%22%3A%7B%22_eq%22%3A%22department%22%7D%7D&sort=name' violates the following Content Security Policy directive: "connect-src 'self' https://*.mux.com". The action has been blocked. @ http://localhost:3001/_nuxt/@fs/home/meebuzo/github/alternate-framework/apps/ecosystem/meeovi-frontend/node_modules/.cache/vite/client/deps/@directus_sdk.js?v=ebf63685:101
[  337811ms] [ERROR] Fetch API cannot load https://cms.meeovicms.com/items/departments?fields=*%2C*.*&filter=%7B%22active%22%3A%7B%22_eq%22%3A%22active%22%7D%2C%22type%22%3A%7B%22_eq%22%3A%22department%22%7D%7D&sort=name. Refused to connect because it violates the document's Content Security Policy. @ http://localhost:3001/_nuxt/@fs/home/meebuzo/github/alternate-framework/apps/ecosystem/meeovi-frontend/node_modules/.cache/vite/client/deps/@directus_sdk.js?v=ebf63685:101
[  337814ms] [ERROR] Connecting to 'https://cms.meeovicms.com/items/departments?fields=*%2C*.*&filter=%7B%22active%22%3A%7B%22_eq%22%3A%22active%22%7D%2C%22type%22%3A%7B%22_eq%22%3A%22outlet%22%7D%7D&sort=name' violates the following Content Security Policy directive: "connect-src 'self' https://*.mux.com". The action has been blocked. @ http://localhost:3001/_nuxt/@fs/home/meebuzo/github/alternate-framework/apps/ecosystem/meeovi-frontend/node_modules/.cache/vite/client/deps/@directus_sdk.js?v=ebf63685:101
[  337815ms] [ERROR] Fetch API cannot load https://cms.meeovicms.com/items/departments?fields=*%2C*.*&filter=%7B%22active%22%3A%7B%22_eq%22%3A%22active%22%7D%2C%22type%22%3A%7B%22_eq%22%3A%22outlet%22%7D%7D&sort=name. Refused to connect because it violates the document's Content Security Policy. @ http://localhost:3001/_nuxt/@fs/home/meebuzo/github/alternate-framework/apps/ecosystem/meeovi-frontend/node_modules/.cache/vite/client/deps/@directus_sdk.js?v=ebf63685:101
[  337817ms] [ERROR] Connecting to 'https://cms.meeovicms.com/items/navigation/76' violates the following Content Security Policy directive: "connect-src 'self' https://*.mux.com". The action has been blocked. @ http://localhost:3001/_nuxt/@fs/home/meebuzo/github/alternate-framework/apps/ecosystem/meeovi-frontend/node_modules/.cache/vite/client/deps/@directus_sdk.js?v=ebf63685:101
[  337817ms] [ERROR] Fetch API cannot load https://cms.meeovicms.com/items/navigation/76. Refused to connect because it violates the document's Content Security Policy. @ http://localhost:3001/_nuxt/@fs/home/meebuzo/github/alternate-framework/apps/ecosystem/meeovi-frontend/node_modules/.cache/vite/client/deps/@directus_sdk.js?v=ebf63685:101
[  337819ms] [ERROR] Connecting to 'https://cms.meeovicms.com/items/navigation/87' violates the following Content Security Policy directive: "connect-src 'self' https://*.mux.com". The action has been blocked. @ http://localhost:3001/_nuxt/@fs/home/meebuzo/github/alternate-framework/apps/ecosystem/meeovi-frontend/node_modules/.cache/vite/client/deps/@directus_sdk.js?v=ebf63685:101
[  337820ms] [ERROR] Fetch API cannot load https://cms.meeovicms.com/items/navigation/87. Refused to connect because it violates the document's Content Security Policy. @ http://localhost:3001/_nuxt/@fs/home/meebuzo/github/alternate-framework/apps/ecosystem/meeovi-frontend/node_modules/.cache/vite/client/deps/@directus_sdk.js?v=ebf63685:101
[  337834ms] [ERROR] Connecting to 'https://cms.meeovicms.com/items/navigation/7' violates the following Content Security Policy directive: "connect-src 'self' https://*.mux.com". The action has been blocked. @ http://localhost:3001/_nuxt/@fs/home/meebuzo/github/alternate-framework/apps/ecosystem/meeovi-frontend/node_modules/.cache/vite/client/deps/@directus_sdk.js?v=ebf63685:101
[  337835ms] [ERROR] Fetch API cannot load https://cms.meeovicms.com/items/navigation/7. Refused to connect because it violates the document's Content Security Policy. @ http://localhost:3001/_nuxt/@fs/home/meebuzo/github/alternate-framework/apps/ecosystem/meeovi-frontend/node_modules/.cache/vite/client/deps/@directus_sdk.js?v=ebf63685:101
[  337905ms] [ERROR] Connecting to 'https://cms.meeovicms.com/items/navigation/2?fields=*%2Cmenus.*' violates the following Content Security Policy directive: "connect-src 'self' https://*.mux.com". The action has been blocked. @ http://localhost:3001/_nuxt/@fs/home/meebuzo/github/alternate-framework/apps/ecosystem/meeovi-frontend/node_modules/.cache/vite/client/deps/@directus_sdk.js?v=ebf63685:101
[  337906ms] [ERROR] Fetch API cannot load https://cms.meeovicms.com/items/navigation/2?fields=*%2Cmenus.*. Refused to connect because it violates the document's Content Security Policy. @ http://localhost:3001/_nuxt/@fs/home/meebuzo/github/alternate-framework/apps/ecosystem/meeovi-frontend/node_modules/.cache/vite/client/deps/@directus_sdk.js?v=ebf63685:101
[  338025ms] [LOG] undefined @ http://localhost:3001/_nuxt/@fs/home/meebuzo/github/alternate-framework/apps/ecosystem/meeovi-frontend/node_modules/@sentry/core/build/esm/instrument/console.js?v=ebf63685:42
[  338026ms] [ERROR] Connecting to 'https://cms.meeovicms.com/items/navigation/8' violates the following Content Security Policy directive: "connect-src 'self' https://*.mux.com". The action has been blocked. @ http://localhost:3001/_nuxt/@fs/home/meebuzo/github/alternate-framework/apps/ecosystem/meeovi-frontend/node_modules/.cache/vite/client/deps/@directus_sdk.js?v=ebf63685:101
[  338026ms] [ERROR] Fetch API cannot load https://cms.meeovicms.com/items/navigation/8. Refused to connect because it violates the document's Content Security Policy. @ http://localhost:3001/_nuxt/@fs/home/meebuzo/github/alternate-framework/apps/ecosystem/meeovi-frontend/node_modules/.cache/vite/client/deps/@directus_sdk.js?v=ebf63685:101
[  338027ms] [ERROR] Connecting to 'https://cms.meeovicms.com/items/navigation/3?fields=*%2Cmenus.*' violates the following Content Security Policy directive: "connect-src 'self' https://*.mux.com". The action has been blocked. @ http://localhost:3001/_nuxt/@fs/home/meebuzo/github/alternate-framework/apps/ecosystem/meeovi-frontend/node_modules/.cache/vite/client/deps/@directus_sdk.js?v=ebf63685:101
[  338027ms] [ERROR] Fetch API cannot load https://cms.meeovicms.com/items/navigation/3?fields=*%2Cmenus.*. Refused to connect because it violates the document's Content Security Policy. @ http://localhost:3001/_nuxt/@fs/home/meebuzo/github/alternate-framework/apps/ecosystem/meeovi-frontend/node_modules/.cache/vite/client/deps/@directus_sdk.js?v=ebf63685:101
[  338076ms] [WARNING] Failed parsing 'srcset' attribute value since it has an unknown descriptor. @ http://localhost:3001/_nuxt/@fs/home/meebuzo/github/alternate-framework/apps/ecosystem/meeovi-frontend/node_modules/@vue/runtime-dom/dist/runtime-dom.esm-bundler.js?v=ebf63685:674
[  338077ms] [WARNING] Dropped srcset candidate "https://res.cloudinary.com/\u003CYour" @ http://localhost:3001/_nuxt/@fs/home/meebuzo/github/alternate-framework/apps/ecosystem/meeovi-frontend/node_modules/@vue/runtime-dom/dist/runtime-dom.esm-bundler.js?v=ebf63685:674
[  338077ms] [WARNING] Failed parsing 'srcset' attribute value since it has an unknown descriptor. @ http://localhost:3001/_nuxt/@fs/home/meebuzo/github/alternate-framework/apps/ecosystem/meeovi-frontend/node_modules/@vue/runtime-dom/dist/runtime-dom.esm-bundler.js?v=ebf63685:674
[  338077ms] [WARNING] Dropped srcset candidate "https://res.cloudinary.com/\u003CYour" @ http://localhost:3001/_nuxt/@fs/home/meebuzo/github/alternate-framework/apps/ecosystem/meeovi-frontend/node_modules/@vue/runtime-dom/dist/runtime-dom.esm-bundler.js?v=ebf63685:674
[  338078ms] [WARNING] Failed parsing 'srcset' attribute value since it has an unknown descriptor. @ http://localhost:3001/_nuxt/@fs/home/meebuzo/github/alternate-framework/apps/ecosystem/meeovi-frontend/node_modules/@vue/runtime-dom/dist/runtime-dom.esm-bundler.js?v=ebf63685:674
[  338079ms] [WARNING] Dropped srcset candidate "https://res.cloudinary.com/\u003CYour" @ http://localhost:3001/_nuxt/@fs/home/meebuzo/github/alternate-framework/apps/ecosystem/meeovi-frontend/node_modules/@vue/runtime-dom/dist/runtime-dom.esm-bundler.js?v=ebf63685:674
[  338079ms] [WARNING] Failed parsing 'srcset' attribute value since it has an unknown descriptor. @ http://localhost:3001/_nuxt/@fs/home/meebuzo/github/alternate-framework/apps/ecosystem/meeovi-frontend/node_modules/@vue/runtime-dom/dist/runtime-dom.esm-bundler.js?v=ebf63685:674
[  338079ms] [WARNING] Dropped srcset candidate "https://res.cloudinary.com/\u003CYour" @ http://localhost:3001/_nuxt/@fs/home/meebuzo/github/alternate-framework/apps/ecosystem/meeovi-frontend/node_modules/@vue/runtime-dom/dist/runtime-dom.esm-bundler.js?v=ebf63685:674
[  338080ms] [WARNING] Failed parsing 'srcset' attribute value since it has an unknown descriptor. @ http://localhost:3001/_nuxt/@fs/home/meebuzo/github/alternate-framework/apps/ecosystem/meeovi-frontend/node_modules/@vue/runtime-dom/dist/runtime-dom.esm-bundler.js?v=ebf63685:674
[  338080ms] [WARNING] Dropped srcset candidate "https://res.cloudinary.com/\u003CYour" @ http://localhost:3001/_nuxt/@fs/home/meebuzo/github/alternate-framework/apps/ecosystem/meeovi-frontend/node_modules/@vue/runtime-dom/dist/runtime-dom.esm-bundler.js?v=ebf63685:674
[  338080ms] [WARNING] Failed parsing 'srcset' attribute value since it has an unknown descriptor. @ http://localhost:3001/_nuxt/@fs/home/meebuzo/github/alternate-framework/apps/ecosystem/meeovi-frontend/node_modules/@vue/runtime-dom/dist/runtime-dom.esm-bundler.js?v=ebf63685:674
[  338081ms] [WARNING] Dropped srcset candidate "https://res.cloudinary.com/\u003CYour" @ http://localhost:3001/_nuxt/@fs/home/meebuzo/github/alternate-framework/apps/ecosystem/meeovi-frontend/node_modules/@vue/runtime-dom/dist/runtime-dom.esm-bundler.js?v=ebf63685:674
[  338164ms] [ERROR] Connecting to 'https://cms.meeovicms.com/items/navigation/9' violates the following Content Security Policy directive: "connect-src 'self' https://*.mux.com". The action has been blocked. @ http://localhost:3001/_nuxt/@fs/home/meebuzo/github/alternate-framework/apps/ecosystem/meeovi-frontend/node_modules/.cache/vite/client/deps/@directus_sdk.js?v=ebf63685:101
[  338164ms] [ERROR] Fetch API cannot load https://cms.meeovicms.com/items/navigation/9. Refused to connect because it violates the document's Content Security Policy. @ http://localhost:3001/_nuxt/@fs/home/meebuzo/github/alternate-framework/apps/ecosystem/meeovi-frontend/node_modules/.cache/vite/client/deps/@directus_sdk.js?v=ebf63685:101
[  338187ms] [WARNING] [Vue warn]: Unhandled error during execution of render function 
  at <VListChildren items= [] returnObject=false > 
  at <VList key=0 lines="one" density="comfortable" > 
  at <VNavigationDrawer modelValue=false onUpdate:modelValue=fn location="right"  ... > 
  at <MenusTopmenuMyaccounttopmenu > 
  at <ClientOnly > 
  at <VCol class="myaccounttopmenu" > 
  at <VDefaultsProvider defaults= {VTabs: Object} > 
  at <VToolbar ref=Ref< Proxy(Object) > class="v-app-bar" style= {top: 0px, zIndex: 1012, transform: translateY(0px), position: fixed, height: undefined}  ... > 
  at <VAppBar id="topnav" > 
  at <MenusHeader drawer=false onToggleDrawer=fn > 
  at <ClientOnly > 
  at <VApp theme="light" class="auto-text" > 
  at <VResponsive class="border rounded" > 
  at <Default ref=Ref< Proxy(Object) > > 
  at <AsyncComponentWrapper ref=Ref< Proxy(Object) > > 
  at <LayoutLoader key="default" layoutProps= {ref: RefImpl} name="default" > 
  at <NuxtLayoutProvider layoutProps= {ref: RefImpl} key="default" name="default"  ... > 
  at <NuxtLayout > 
  at <App key=4 > 
  at <NuxtRoot> @ http://localhost:3001/_nuxt/@fs/home/meebuzo/github/alternate-framework/apps/ecosystem/meeovi-frontend/node_modules/@sentry/core/build/esm/instrument/console.js?v=ebf63685:42
[  338207ms] [WARNING] [Vue warn]: Unhandled error during execution of render function 
  at <VNavigationDrawer modelValue=undefined onUpdate:modelValue=fn location="right"  ... > 
  at <MenusTopmenuLayoutNotifications > 
  at <VCol class="notificationsHeader" > 
  at <VDefaultsProvider defaults= {VTabs: Object} > 
  at <VToolbar ref=Ref< Proxy(Object) > class="v-app-bar" style= {top: 0px, zIndex: 1014, transform: translateY(0px), position: fixed, height: undefined}  ... > 
  at <VAppBar id="topnav" > 
  at <MenusHeader drawer=false onToggleDrawer=fn > 
  at <ClientOnly > 
  at <VApp theme="light" class="auto-text" > 
  at <VResponsive class="border rounded" > 
  at <Default ref=Ref< Proxy(Object) > > 
  at <AsyncComponentWrapper ref=Ref< Proxy(Object) > > 
  at <LayoutLoader key="default" layoutProps= {ref: RefImpl} name="default" > 
  at <NuxtLayoutProvider layoutProps= {ref: RefImpl} key="default" name="default"  ... > 
  at <NuxtLayout > 
  at <App key=4 > 
  at <NuxtRoot> @ http://localhost:3001/_nuxt/@fs/home/meebuzo/github/alternate-framework/apps/ecosystem/meeovi-frontend/node_modules/@sentry/core/build/esm/instrument/console.js?v=ebf63685:42
[  338211ms] [WARNING] [Vue warn]: Unhandled error during execution of component update 
  at <VNavigationDrawer modelValue=undefined onUpdate:modelValue=fn location="right"  ... > 
  at <MenusTopmenuLayoutNotifications > 
  at <VCol class="notificationsHeader" > 
  at <VDefaultsProvider defaults= {VTabs: Object} > 
  at <VToolbar ref=Ref< Proxy(Object) > class="v-app-bar" style= {top: 0px, zIndex: 1014, transform: translateY(0px), position: fixed, height: undefined}  ... > 
  at <VAppBar id="topnav" > 
  at <MenusHeader drawer=false onToggleDrawer=fn > 
  at <ClientOnly > 
  at <VApp theme="light" class="auto-text" > 
  at <VResponsive class="border rounded" > 
  at <Default ref=Ref< Proxy(Object) > > 
  at <AsyncComponentWrapper ref=Ref< Proxy(Object) > > 
  at <LayoutLoader key="default" layoutProps= {ref: RefImpl} name="default" > 
  at <NuxtLayoutProvider layoutProps= {ref: RefImpl} key="default" name="default"  ... > 
  at <NuxtLayout > 
  at <App key=4 > 
  at <NuxtRoot> @ http://localhost:3001/_nuxt/@fs/home/meebuzo/github/alternate-framework/apps/ecosystem/meeovi-frontend/node_modules/@sentry/core/build/esm/instrument/console.js?v=ebf63685:42
[  338232ms] [ERROR] Connecting to 'https://cms.meeovicms.com/items/page_blocks/5?fields=*%2Cmedia.*.*' violates the following Content Security Policy directive: "connect-src 'self' https://*.mux.com". The action has been blocked. @ http://localhost:3001/_nuxt/@fs/home/meebuzo/github/alternate-framework/apps/ecosystem/meeovi-frontend/node_modules/.cache/vite/client/deps/@directus_sdk.js?v=ebf63685:101
[  338232ms] [ERROR] Fetch API cannot load https://cms.meeovicms.com/items/page_blocks/5?fields=*%2Cmedia.*.*. Refused to connect because it violates the document's Content Security Policy. @ http://localhost:3001/_nuxt/@fs/home/meebuzo/github/alternate-framework/apps/ecosystem/meeovi-frontend/node_modules/.cache/vite/client/deps/@directus_sdk.js?v=ebf63685:101
[  338280ms] [ERROR] Connecting to 'https://cms.meeovicms.com/items/navigation/10' violates the following Content Security Policy directive: "connect-src 'self' https://*.mux.com". The action has been blocked. @ http://localhost:3001/_nuxt/@fs/home/meebuzo/github/alternate-framework/apps/ecosystem/meeovi-frontend/node_modules/.cache/vite/client/deps/@directus_sdk.js?v=ebf63685:101
[  338280ms] [ERROR] Fetch API cannot load https://cms.meeovicms.com/items/navigation/10. Refused to connect because it violates the document's Content Security Policy. @ http://localhost:3001/_nuxt/@fs/home/meebuzo/github/alternate-framework/apps/ecosystem/meeovi-frontend/node_modules/.cache/vite/client/deps/@directus_sdk.js?v=ebf63685:101
[  338292ms] [ERROR] Failed to load resource: the server responded with a status of 500 (Server Error) @ http://localhost:3001/q_auto/images/display-2.png:0
[  338324ms] [WARNING] [Vue warn]: Unhandled error during execution of render function 
  at <VNavigationDrawer modelValue=undefined onUpdate:modelValue=fn location="right"  ... > 
  at <MenusTopmenuLayoutNotifications > 
  at <VCol class="notificationsHeader" > 
  at <VDefaultsProvider defaults= {VTabs: Object} > 
  at <VToolbar ref=Ref< Proxy(Object) > class="v-app-bar" style= {top: 0px, zIndex: 1014, transform: translateY(0px), position: fixed, height: undefined}  ... > 
  at <VAppBar id="topnav" > 
  at <MenusHeader drawer=false onToggleDrawer=fn > 
  at <ClientOnly > 
  at <VApp theme="light" class="auto-text" > 
  at <VResponsive class="border rounded" > 
  at <Default ref=Ref< Proxy(Object) > > 
  at <AsyncComponentWrapper ref=Ref< Proxy(Object) > > 
  at <LayoutLoader key="default" layoutProps= {ref: RefImpl} name="default" > 
  at <NuxtLayoutProvider layoutProps= {ref: RefImpl} key="default" name="default"  ... > 
  at <NuxtLayout > 
  at <App key=4 > 
  at <NuxtRoot> @ http://localhost:3001/_nuxt/@fs/home/meebuzo/github/alternate-framework/apps/ecosystem/meeovi-frontend/node_modules/@sentry/core/build/esm/instrument/console.js?v=ebf63685:42
[  338328ms] [WARNING] [Vue warn]: Unhandled error during execution of component update 
  at <VNavigationDrawer modelValue=undefined onUpdate:modelValue=fn location="right"  ... > 
  at <MenusTopmenuLayoutNotifications > 
  at <VCol class="notificationsHeader" > 
  at <VDefaultsProvider defaults= {VTabs: Object} > 
  at <VToolbar ref=Ref< Proxy(Object) > class="v-app-bar" style= {top: 0px, zIndex: 1014, transform: translateY(0px), position: fixed, height: undefined}  ... > 
  at <VAppBar id="topnav" > 
  at <MenusHeader drawer=false onToggleDrawer=fn > 
  at <ClientOnly > 
  at <VApp theme="light" class="auto-text" > 
  at <VResponsive class="border rounded" > 
  at <Default ref=Ref< Proxy(Object) > > 
  at <AsyncComponentWrapper ref=Ref< Proxy(Object) > > 
  at <LayoutLoader key="default" layoutProps= {ref: RefImpl} name="default" > 
  at <NuxtLayoutProvider layoutProps= {ref: RefImpl} key="default" name="default"  ... > 
  at <NuxtLayout > 
  at <App key=4 > 
  at <NuxtRoot> @ http://localhost:3001/_nuxt/@fs/home/meebuzo/github/alternate-framework/apps/ecosystem/meeovi-frontend/node_modules/@sentry/core/build/esm/instrument/console.js?v=ebf63685:42
[  338347ms] [WARNING] [Vue warn]: Unhandled error during execution of render function 
  at <VNavigationDrawer modelValue=undefined onUpdate:modelValue=fn location="right"  ... > 
  at <MenusTopmenuLayoutNotifications > 
  at <VCol class="notificationsHeader" > 
  at <VDefaultsProvider defaults= {VTabs: Object} > 
  at <VToolbar ref=Ref< Proxy(Object) > class="v-app-bar" style= {top: 0px, zIndex: 1014, transform: translateY(0px), position: fixed, height: undefined}  ... > 
  at <VAppBar id="topnav" > 
  at <MenusHeader drawer=false onToggleDrawer=fn > 
  at <ClientOnly > 
  at <VApp theme="light" class="auto-text" > 
  at <VResponsive class="border rounded" > 
  at <Default ref=Ref< Proxy(Object) > > 
  at <AsyncComponentWrapper ref=Ref< Proxy(Object) > > 
  at <LayoutLoader key="default" layoutProps= {ref: RefImpl} name="default" > 
  at <NuxtLayoutProvider layoutProps= {ref: RefImpl} key="default" name="default"  ... > 
  at <NuxtLayout > 
  at <App key=4 > 
  at <NuxtRoot> @ http://localhost:3001/_nuxt/@fs/home/meebuzo/github/alternate-framework/apps/ecosystem/meeovi-frontend/node_modules/@sentry/core/build/esm/instrument/console.js?v=ebf63685:42
[  338351ms] [WARNING] [Vue warn]: Unhandled error during execution of component update 
  at <VNavigationDrawer modelValue=undefined onUpdate:modelValue=fn location="right"  ... > 
  at <MenusTopmenuLayoutNotifications > 
  at <VCol class="notificationsHeader" > 
  at <VDefaultsProvider defaults= {VTabs: Object} > 
  at <VToolbar ref=Ref< Proxy(Object) > class="v-app-bar" style= {top: 0px, zIndex: 1014, transform: translateY(0px), position: fixed, height: undefined}  ... > 
  at <VAppBar id="topnav" > 
  at <MenusHeader drawer=false onToggleDrawer=fn > 
  at <ClientOnly > 
  at <VApp theme="light" class="auto-text" > 
  at <VResponsive class="border rounded" > 
  at <Default ref=Ref< Proxy(Object) > > 
  at <AsyncComponentWrapper ref=Ref< Proxy(Object) > > 
  at <LayoutLoader key="default" layoutProps= {ref: RefImpl} name="default" > 
  at <NuxtLayoutProvider layoutProps= {ref: RefImpl} key="default" name="default"  ... > 
  at <NuxtLayout > 
  at <App key=4 > 
  at <NuxtRoot> @ http://localhost:3001/_nuxt/@fs/home/meebuzo/github/alternate-framework/apps/ecosystem/meeovi-frontend/node_modules/@sentry/core/build/esm/instrument/console.js?v=ebf63685:42
[  338532ms] [WARNING] [Vue warn]: Avoid app logic that relies on enumerating keys on a component instance. The keys will be empty in production mode to avoid performance overhead. 
  at <VNavigationDrawer modelValue=undefined onUpdate:modelValue=fn location="right"  ... > 
  at <MenusTopmenuLayoutNotifications > 
  at <VCol class="notificationsHeader" > 
  at <VDefaultsProvider defaults= {VTabs: Object} > 
  at <VToolbar ref=Ref< Proxy(Object) > class="v-app-bar" style= {top: 0px, zIndex: 1014, transform: translateY(0px), position: fixed, height: undefined}  ... > 
  at <VAppBar id="topnav" > 
  at <MenusHeader drawer=false onToggleDrawer=fn > 
  at <ClientOnly > 
  at <VApp theme="light" class="auto-text" > 
  at <VResponsive class="border rounded" > 
  at <Default ref=Ref< Proxy(Object) > > 
  at <AsyncComponentWrapper ref=Ref< Proxy(Object) > > 
  at <LayoutLoader key="default" layoutProps= {ref: RefImpl} name="default" > 
  at <NuxtLayoutProvider layoutProps= {ref: RefImpl} key="default" name="default"  ... > 
  at <NuxtLayout > 
  at <App key=4 > 
  at <NuxtRoot> @ http://localhost:3001/_nuxt/@fs/home/meebuzo/github/alternate-framework/apps/ecosystem/meeovi-frontend/node_modules/@sentry/core/build/esm/instrument/console.js?v=ebf63685:42
[  338537ms] [WARNING] [Vue warn]: Avoid app logic that relies on enumerating keys on a component instance. The keys will be empty in production mode to avoid performance overhead. 
  at <VNavigationDrawer modelValue=undefined onUpdate:modelValue=fn location="right"  ... > 
  at <MenusTopmenuLayoutNotifications > 
  at <VCol class="notificationsHeader" > 
  at <VDefaultsProvider defaults= {VTabs: Object} > 
  at <VToolbar ref=Ref< Proxy(Object) > class="v-app-bar" style= {top: 0px, zIndex: 1014, transform: translateY(0px), position: fixed, height: undefined}  ... > 
  at <VAppBar id="topnav" > 
  at <MenusHeader drawer=false onToggleDrawer=fn > 
  at <ClientOnly > 
  at <VApp theme="light" class="auto-text" > 
  at <VResponsive class="border rounded" > 
  at <Default ref=Ref< Proxy(Object) > > 
  at <AsyncComponentWrapper ref=Ref< Proxy(Object) > > 
  at <LayoutLoader key="default" layoutProps= {ref: RefImpl} name="default" > 
  at <NuxtLayoutProvider layoutProps= {ref: RefImpl} key="default" name="default"  ... > 
  at <NuxtLayout > 
  at <App key=4 > 
  at <NuxtRoot> @ http://localhost:3001/_nuxt/@fs/home/meebuzo/github/alternate-framework/apps/ecosystem/meeovi-frontend/node_modules/@sentry/core/build/esm/instrument/console.js?v=ebf63685:42
[  338544ms] [WARNING] [Vue warn]: Avoid app logic that relies on enumerating keys on a component instance. The keys will be empty in production mode to avoid performance overhead. 
  at <VNavigationDrawer modelValue=undefined onUpdate:modelValue=fn location="right"  ... > 
  at <MenusTopmenuLayoutNotifications > 
  at <VCol class="notificationsHeader" > 
  at <VDefaultsProvider defaults= {VTabs: Object} > 
  at <VToolbar ref=Ref< Proxy(Object) > class="v-app-bar" style= {top: 0px, zIndex: 1014, transform: translateY(0px), position: fixed, height: undefined}  ... > 
  at <VAppBar id="topnav" > 
  at <MenusHeader drawer=false onToggleDrawer=fn > 
  at <ClientOnly > 
  at <VApp theme="light" class="auto-text" > 
  at <VResponsive class="border rounded" > 
  at <Default ref=Ref< Proxy(Object) > > 
  at <AsyncComponentWrapper ref=Ref< Proxy(Object) > > 
  at <LayoutLoader key="default" layoutProps= {ref: RefImpl} name="default" > 
  at <NuxtLayoutProvider layoutProps= {ref: RefImpl} key="default" name="default"  ... > 
  at <NuxtLayout > 
  at <App key=4 > 
  at <NuxtRoot> @ http://localhost:3001/_nuxt/@fs/home/meebuzo/github/alternate-framework/apps/ecosystem/meeovi-frontend/node_modules/@sentry/core/build/esm/instrument/console.js?v=ebf63685:42
[  338551ms] [WARNING] [Vue warn]: Avoid app logic that relies on enumerating keys on a component instance. The keys will be empty in production mode to avoid performance overhead. 
  at <VNavigationDrawer modelValue=undefined onUpdate:modelValue=fn location="right"  ... > 
  at <MenusTopmenuLayoutNotifications > 
  at <VCol class="notificationsHeader" > 
  at <VDefaultsProvider defaults= {VTabs: Object} > 
  at <VToolbar ref=Ref< Proxy(Object) > class="v-app-bar" style= {top: 0px, zIndex: 1014, transform: translateY(0px), position: fixed, height: undefined}  ... > 
  at <VAppBar id="topnav" > 
  at <MenusHeader drawer=false onToggleDrawer=fn > 
  at <ClientOnly > 
  at <VApp theme="light" class="auto-text" > 
  at <VResponsive class="border rounded" > 
  at <Default ref=Ref< Proxy(Object) > > 
  at <AsyncComponentWrapper ref=Ref< Proxy(Object) > > 
  at <LayoutLoader key="default" layoutProps= {ref: RefImpl} name="default" > 
  at <NuxtLayoutProvider layoutProps= {ref: RefImpl} key="default" name="default"  ... > 
  at <NuxtLayout > 
  at <App key=4 > 
  at <NuxtRoot> @ http://localhost:3001/_nuxt/@fs/home/meebuzo/github/alternate-framework/apps/ecosystem/meeovi-frontend/node_modules/@sentry/core/build/esm/instrument/console.js?v=ebf63685:42
[  338556ms] [WARNING] [Vue warn]: Avoid app logic that relies on enumerating keys on a component instance. The keys will be empty in production mode to avoid performance overhead. 
  at <VNavigationDrawer modelValue=undefined onUpdate:modelValue=fn location="right"  ... > 
  at <MenusTopmenuLayoutNotifications > 
  at <VCol class="notificationsHeader" > 
  at <VDefaultsProvider defaults= {VTabs: Object} > 
  at <VToolbar ref=Ref< Proxy(Object) > class="v-app-bar" style= {top: 0px, zIndex: 1014, transform: translateY(0px), position: fixed, height: undefined}  ... > 
  at <VAppBar id="topnav" > 
  at <MenusHeader drawer=false onToggleDrawer=fn > 
  at <ClientOnly > 
  at <VApp theme="light" class="auto-text" > 
  at <VResponsive class="border rounded" > 
  at <Default ref=Ref< Proxy(Object) > > 
  at <AsyncComponentWrapper ref=Ref< Proxy(Object) > > 
  at <LayoutLoader key="default" layoutProps= {ref: RefImpl} name="default" > 
  at <NuxtLayoutProvider layoutProps= {ref: RefImpl} key="default" name="default"  ... > 
  at <NuxtLayout > 
  at <App key=4 > 
  at <NuxtRoot> @ http://localhost:3001/_nuxt/@fs/home/meebuzo/github/alternate-framework/apps/ecosystem/meeovi-frontend/node_modules/@sentry/core/build/esm/instrument/console.js?v=ebf63685:42
[  338561ms] [WARNING] [Vue warn]: Avoid app logic that relies on enumerating keys on a component instance. The keys will be empty in production mode to avoid performance overhead. 
  at <VNavigationDrawer modelValue=undefined onUpdate:modelValue=fn location="right"  ... > 
  at <MenusTopmenuLayoutNotifications > 
  at <VCol class="notificationsHeader" > 
  at <VDefaultsProvider defaults= {VTabs: Object} > 
  at <VToolbar ref=Ref< Proxy(Object) > class="v-app-bar" style= {top: 0px, zIndex: 1014, transform: translateY(0px), position: fixed, height: undefined}  ... > 
  at <VAppBar id="topnav" > 
  at <MenusHeader drawer=false onToggleDrawer=fn > 
  at <ClientOnly > 
  at <VApp theme="light" class="auto-text" > 
  at <VResponsive class="border rounded" > 
  at <Default ref=Ref< Proxy(Object) > > 
  at <AsyncComponentWrapper ref=Ref< Proxy(Object) > > 
  at <LayoutLoader key="default" layoutProps= {ref: RefImpl} name="default" > 
  at <NuxtLayoutProvider layoutProps= {ref: RefImpl} key="default" name="default"  ... > 
  at <NuxtLayout > 
  at <App key=4 > 
  at <NuxtRoot> @ http://localhost:3001/_nuxt/@fs/home/meebuzo/github/alternate-framework/apps/ecosystem/meeovi-frontend/node_modules/@sentry/core/build/esm/instrument/console.js?v=ebf63685:42
[  338567ms] [WARNING] [Vue warn]: Avoid app logic that relies on enumerating keys on a component instance. The keys will be empty in production mode to avoid performance overhead. 
  at <VNavigationDrawer modelValue=undefined onUpdate:modelValue=fn location="right"  ... > 
  at <MenusTopmenuLayoutNotifications > 
  at <VCol class="notificationsHeader" > 
  at <VDefaultsProvider defaults= {VTabs: Object} > 
  at <VToolbar ref=Ref< Proxy(Object) > class="v-app-bar" style= {top: 0px, zIndex: 1014, transform: translateY(0px), position: fixed, height: undefined}  ... > 
  at <VAppBar id="topnav" > 
  at <MenusHeader drawer=false onToggleDrawer=fn > 
  at <ClientOnly > 
  at <VApp theme="light" class="auto-text" > 
  at <VResponsive class="border rounded" > 
  at <Default ref=Ref< Proxy(Object) > > 
  at <AsyncComponentWrapper ref=Ref< Proxy(Object) > > 
  at <LayoutLoader key="default" layoutProps= {ref: RefImpl} name="default" > 
  at <NuxtLayoutProvider layoutProps= {ref: RefImpl} key="default" name="default"  ... > 
  at <NuxtLayout > 
  at <App key=4 > 
  at <NuxtRoot> @ http://localhost:3001/_nuxt/@fs/home/meebuzo/github/alternate-framework/apps/ecosystem/meeovi-frontend/node_modules/@sentry/core/build/esm/instrument/console.js?v=ebf63685:42
[  338570ms] [ERROR] Connecting to 'https://o996770.ingest.us.sentry.io/api/5955273/envelope/?sentry_version=7&sentry_key=df1b90fab7c44ce8aef097a63b468d61&sentry_client=sentry.javascript.nuxt%2F10.63.0' violates the following Content Security Policy directive: "connect-src 'self' https://*.mux.com". The action has been blocked. @ http://localhost:3001/_nuxt/@fs/home/meebuzo/github/alternate-framework/apps/ecosystem/meeovi-frontend/node_modules/@sentry/browser/build/npm/esm/dev/transports/fetch.js?v=ebf63685:31
[  338571ms] [ERROR] Fetch API cannot load https://o996770.ingest.us.sentry.io/api/5955273/envelope/?sentry_version=7&sentry_key=df1b90fab7c44ce8aef097a63b468d61&sentry_client=sentry.javascript.nuxt%2F10.63.0. Refused to connect because it violates the document's Content Security Policy. @ http://localhost:3001/_nuxt/@fs/home/meebuzo/github/alternate-framework/apps/ecosystem/meeovi-frontend/node_modules/@sentry/browser/build/npm/esm/dev/transports/fetch.js?v=ebf63685:31
[  338578ms] [WARNING] [Vue warn]: Avoid app logic that relies on enumerating keys on a component instance. The keys will be empty in production mode to avoid performance overhead. 
  at <VNavigationDrawer modelValue=undefined onUpdate:modelValue=fn location="right"  ... > 
  at <MenusTopmenuLayoutNotifications > 
  at <VCol class="notificationsHeader" > 
  at <VDefaultsProvider defaults= {VTabs: Object} > 
  at <VToolbar ref=Ref< Proxy(Object) > class="v-app-bar" style= {top: 0px, zIndex: 1014, transform: translateY(0px), position: fixed, height: undefined}  ... > 
  at <VAppBar id="topnav" > 
  at <MenusHeader drawer=false onToggleDrawer=fn > 
  at <ClientOnly > 
  at <VApp theme="light" class="auto-text" > 
  at <VResponsive class="border rounded" > 
  at <Default ref=Ref< Proxy(Object) > > 
  at <AsyncComponentWrapper ref=Ref< Proxy(Object) > > 
  at <LayoutLoader key="default" layoutProps= {ref: RefImpl} name="default" > 
  at <NuxtLayoutProvider layoutProps= {ref: RefImpl} key="default" name="default"  ... > 
  at <NuxtLayout > 
  at <App key=4 > 
  at <NuxtRoot> @ http://localhost:3001/_nuxt/@fs/home/meebuzo/github/alternate-framework/apps/ecosystem/meeovi-frontend/node_modules/@sentry/core/build/esm/instrument/console.js?v=ebf63685:42
[  338583ms] [WARNING] [Vue warn]: Avoid app logic that relies on enumerating keys on a component instance. The keys will be empty in production mode to avoid performance overhead. 
  at <VNavigationDrawer modelValue=undefined onUpdate:modelValue=fn location="right"  ... > 
  at <MenusTopmenuLayoutNotifications > 
  at <VCol class="notificationsHeader" > 
  at <VDefaultsProvider defaults= {VTabs: Object} > 
  at <VToolbar ref=Ref< Proxy(Object) > class="v-app-bar" style= {top: 0px, zIndex: 1014, transform: translateY(0px), position: fixed, height: undefined}  ... > 
  at <VAppBar id="topnav" > 
  at <MenusHeader drawer=false onToggleDrawer=fn > 
  at <ClientOnly > 
  at <VApp theme="light" class="auto-text" > 
  at <VResponsive class="border rounded" > 
  at <Default ref=Ref< Proxy(Object) > > 
  at <AsyncComponentWrapper ref=Ref< Proxy(Object) > > 
  at <LayoutLoader key="default" layoutProps= {ref: RefImpl} name="default" > 
  at <NuxtLayoutProvider layoutProps= {ref: RefImpl} key="default" name="default"  ... > 
  at <NuxtLayout > 
  at <App key=4 > 
  at <NuxtRoot> @ http://localhost:3001/_nuxt/@fs/home/meebuzo/github/alternate-framework/apps/ecosystem/meeovi-frontend/node_modules/@sentry/core/build/esm/instrument/console.js?v=ebf63685:42
[  338589ms] [WARNING] [Vue warn]: Avoid app logic that relies on enumerating keys on a component instance. The keys will be empty in production mode to avoid performance overhead. 
  at <VNavigationDrawer modelValue=undefined onUpdate:modelValue=fn location="right"  ... > 
  at <MenusTopmenuLayoutNotifications > 
  at <VCol class="notificationsHeader" > 
  at <VDefaultsProvider defaults= {VTabs: Object} > 
  at <VToolbar ref=Ref< Proxy(Object) > class="v-app-bar" style= {top: 0px, zIndex: 1014, transform: translateY(0px), position: fixed, height: undefined}  ... > 
  at <VAppBar id="topnav" > 
  at <MenusHeader drawer=false onToggleDrawer=fn > 
  at <ClientOnly > 
  at <VApp theme="light" class="auto-text" > 
  at <VResponsive class="border rounded" > 
  at <Default ref=Ref< Proxy(Object) > > 
  at <AsyncComponentWrapper ref=Ref< Proxy(Object) > > 
  at <LayoutLoader key="default" layoutProps= {ref: RefImpl} name="default" > 
  at <NuxtLayoutProvider layoutProps= {ref: RefImpl} key="default" name="default"  ... > 
  at <NuxtLayout > 
  at <App key=4 > 
  at <NuxtRoot> @ http://localhost:3001/_nuxt/@fs/home/meebuzo/github/alternate-framework/apps/ecosystem/meeovi-frontend/node_modules/@sentry/core/build/esm/instrument/console.js?v=ebf63685:42
[  338594ms] [WARNING] [Vue warn]: Avoid app logic that relies on enumerating keys on a component instance. The keys will be empty in production mode to avoid performance overhead. 
  at <VNavigationDrawer modelValue=undefined onUpdate:modelValue=fn location="right"  ... > 
  at <MenusTopmenuLayoutNotifications > 
  at <VCol class="notificationsHeader" > 
  at <VDefaultsProvider defaults= {VTabs: Object} > 
  at <VToolbar ref=Ref< Proxy(Object) > class="v-app-bar" style= {top: 0px, zIndex: 1014, transform: translateY(0px), position: fixed, height: undefined}  ... > 
  at <VAppBar id="topnav" > 
  at <MenusHeader drawer=false onToggleDrawer=fn > 
  at <ClientOnly > 
  at <VApp theme="light" class="auto-text" > 
  at <VResponsive class="border rounded" > 
  at <Default ref=Ref< Proxy(Object) > > 
  at <AsyncComponentWrapper ref=Ref< Proxy(Object) > > 
  at <LayoutLoader key="default" layoutProps= {ref: RefImpl} name="default" > 
  at <NuxtLayoutProvider layoutProps= {ref: RefImpl} key="default" name="default"  ... > 
  at <NuxtLayout > 
  at <App key=4 > 
  at <NuxtRoot> @ http://localhost:3001/_nuxt/@fs/home/meebuzo/github/alternate-framework/apps/ecosystem/meeovi-frontend/node_modules/@sentry/core/build/esm/instrument/console.js?v=ebf63685:42
[  338599ms] [WARNING] [Vue warn]: Avoid app logic that relies on enumerating keys on a component instance. The keys will be empty in production mode to avoid performance overhead. 
  at <VNavigationDrawer modelValue=undefined onUpdate:modelValue=fn location="right"  ... > 
  at <MenusTopmenuLayoutNotifications > 
  at <VCol class="notificationsHeader" > 
  at <VDefaultsProvider defaults= {VTabs: Object} > 
  at <VToolbar ref=Ref< Proxy(Object) > class="v-app-bar" style= {top: 0px, zIndex: 1014, transform: translateY(0px), position: fixed, height: undefined}  ... > 
  at <VAppBar id="topnav" > 
  at <MenusHeader drawer=false onToggleDrawer=fn > 
  at <ClientOnly > 
  at <VApp theme="light" class="auto-text" > 
  at <VResponsive class="border rounded" > 
  at <Default ref=Ref< Proxy(Object) > > 
  at <AsyncComponentWrapper ref=Ref< Proxy(Object) > > 
  at <LayoutLoader key="default" layoutProps= {ref: RefImpl} name="default" > 
  at <NuxtLayoutProvider layoutProps= {ref: RefImpl} key="default" name="default"  ... > 
  at <NuxtLayout > 
  at <App key=4 > 
  at <NuxtRoot> @ http://localhost:3001/_nuxt/@fs/home/meebuzo/github/alternate-framework/apps/ecosystem/meeovi-frontend/node_modules/@sentry/core/build/esm/instrument/console.js?v=ebf63685:42
[  338604ms] [WARNING] [Vue warn]: Avoid app logic that relies on enumerating keys on a component instance. The keys will be empty in production mode to avoid performance overhead. 
  at <VNavigationDrawer modelValue=undefined onUpdate:modelValue=fn location="right"  ... > 
  at <MenusTopmenuLayoutNotifications > 
  at <VCol class="notificationsHeader" > 
  at <VDefaultsProvider defaults= {VTabs: Object} > 
  at <VToolbar ref=Ref< Proxy(Object) > class="v-app-bar" style= {top: 0px, zIndex: 1014, transform: translateY(0px), position: fixed, height: undefined}  ... > 
  at <VAppBar id="topnav" > 
  at <MenusHeader drawer=false onToggleDrawer=fn > 
  at <ClientOnly > 
  at <VApp theme="light" class="auto-text" > 
  at <VResponsive class="border rounded" > 
  at <Default ref=Ref< Proxy(Object) > > 
  at <AsyncComponentWrapper ref=Ref< Proxy(Object) > > 
  at <LayoutLoader key="default" layoutProps= {ref: RefImpl} name="default" > 
  at <NuxtLayoutProvider layoutProps= {ref: RefImpl} key="default" name="default"  ... > 
  at <NuxtLayout > 
  at <App key=4 > 
  at <NuxtRoot> @ http://localhost:3001/_nuxt/@fs/home/meebuzo/github/alternate-framework/apps/ecosystem/meeovi-frontend/node_modules/@sentry/core/build/esm/instrument/console.js?v=ebf63685:42
[  338608ms] [WARNING] [Vue warn]: Avoid app logic that relies on enumerating keys on a component instance. The keys will be empty in production mode to avoid performance overhead. 
  at <VNavigationDrawer modelValue=undefined onUpdate:modelValue=fn location="right"  ... > 
  at <MenusTopmenuLayoutNotifications > 
  at <VCol class="notificationsHeader" > 
  at <VDefaultsProvider defaults= {VTabs: Object} > 
  at <VToolbar ref=Ref< Proxy(Object) > class="v-app-bar" style= {top: 0px, zIndex: 1014, transform: translateY(0px), position: fixed, height: undefined}  ... > 
  at <VAppBar id="topnav" > 
  at <MenusHeader drawer=false onToggleDrawer=fn > 
  at <ClientOnly > 
  at <VApp theme="light" class="auto-text" > 
  at <VResponsive class="border rounded" > 
  at <Default ref=Ref< Proxy(Object) > > 
  at <AsyncComponentWrapper ref=Ref< Proxy(Object) > > 
  at <LayoutLoader key="default" layoutProps= {ref: RefImpl} name="default" > 
  at <NuxtLayoutProvider layoutProps= {ref: RefImpl} key="default" name="default"  ... > 
  at <NuxtLayout > 
  at <App key=4 > 
  at <NuxtRoot> @ http://localhost:3001/_nuxt/@fs/home/meebuzo/github/alternate-framework/apps/ecosystem/meeovi-frontend/node_modules/@sentry/core/build/esm/instrument/console.js?v=ebf63685:42
[  338612ms] [WARNING] [Vue warn]: Avoid app logic that relies on enumerating keys on a component instance. The keys will be empty in production mode to avoid performance overhead. 
  at <VNavigationDrawer modelValue=undefined onUpdate:modelValue=fn location="right"  ... > 
  at <MenusTopmenuLayoutNotifications > 
  at <VCol class="notificationsHeader" > 
  at <VDefaultsProvider defaults= {VTabs: Object} > 
  at <VToolbar ref=Ref< Proxy(Object) > class="v-app-bar" style= {top: 0px, zIndex: 1014, transform: translateY(0px), position: fixed, height: undefined}  ... > 
  at <VAppBar id="topnav" > 
  at <MenusHeader drawer=false onToggleDrawer=fn > 
  at <ClientOnly > 
  at <VApp theme="light" class="auto-text" > 
  at <VResponsive class="border rounded" > 
  at <Default ref=Ref< Proxy(Object) > > 
  at <AsyncComponentWrapper ref=Ref< Proxy(Object) > > 
  at <LayoutLoader key="default" layoutProps= {ref: RefImpl} name="default" > 
  at <NuxtLayoutProvider layoutProps= {ref: RefImpl} key="default" name="default"  ... > 
  at <NuxtLayout > 
  at <App key=4 > 
  at <NuxtRoot> @ http://localhost:3001/_nuxt/@fs/home/meebuzo/github/alternate-framework/apps/ecosystem/meeovi-frontend/node_modules/@sentry/core/build/esm/instrument/console.js?v=ebf63685:42
[  338622ms] [WARNING] [Vue warn]: Avoid app logic that relies on enumerating keys on a component instance. The keys will be empty in production mode to avoid performance overhead. 
  at <VNavigationDrawer modelValue=undefined onUpdate:modelValue=fn location="right"  ... > 
  at <MenusTopmenuLayoutNotifications > 
  at <VCol class="notificationsHeader" > 
  at <VDefaultsProvider defaults= {VTabs: Object} > 
  at <VToolbar ref=Ref< Proxy(Object) > class="v-app-bar" style= {top: 0px, zIndex: 1014, transform: translateY(0px), position: fixed, height: undefined}  ... > 
  at <VAppBar id="topnav" > 
  at <MenusHeader drawer=false onToggleDrawer=fn > 
  at <ClientOnly > 
  at <VApp theme="light" class="auto-text" > 
  at <VResponsive class="border rounded" > 
  at <Default ref=Ref< Proxy(Object) > > 
  at <AsyncComponentWrapper ref=Ref< Proxy(Object) > > 
  at <LayoutLoader key="default" layoutProps= {ref: RefImpl} name="default" > 
  at <NuxtLayoutProvider layoutProps= {ref: RefImpl} key="default" name="default"  ... > 
  at <NuxtLayout > 
  at <App key=4 > 
  at <NuxtRoot> @ http://localhost:3001/_nuxt/@fs/home/meebuzo/github/alternate-framework/apps/ecosystem/meeovi-frontend/node_modules/@sentry/core/build/esm/instrument/console.js?v=ebf63685:42
[  338627ms] [WARNING] [Vue warn]: Avoid app logic that relies on enumerating keys on a component instance. The keys will be empty in production mode to avoid performance overhead. 
  at <VNavigationDrawer modelValue=undefined onUpdate:modelValue=fn location="right"  ... > 
  at <MenusTopmenuLayoutNotifications > 
  at <VCol class="notificationsHeader" > 
  at <VDefaultsProvider defaults= {VTabs: Object} > 
  at <VToolbar ref=Ref< Proxy(Object) > class="v-app-bar" style= {top: 0px, zIndex: 1014, transform: translateY(0px), position: fixed, height: undefined}  ... > 
  at <VAppBar id="topnav" > 
  at <MenusHeader drawer=false onToggleDrawer=fn > 
  at <ClientOnly > 
  at <VApp theme="light" class="auto-text" > 
  at <VResponsive class="border rounded" > 
  at <Default ref=Ref< Proxy(Object) > > 
  at <AsyncComponentWrapper ref=Ref< Proxy(Object) > > 
  at <LayoutLoader key="default" layoutProps= {ref: RefImpl} name="default" > 
  at <NuxtLayoutProvider layoutProps= {ref: RefImpl} key="default" name="default"  ... > 
  at <NuxtLayout > 
  at <App key=4 > 
  at <NuxtRoot> @ http://localhost:3001/_nuxt/@fs/home/meebuzo/github/alternate-framework/apps/ecosystem/meeovi-frontend/node_modules/@sentry/core/build/esm/instrument/console.js?v=ebf63685:42
[  338632ms] [WARNING] [Vue warn]: Avoid app logic that relies on enumerating keys on a component instance. The keys will be empty in production mode to avoid performance overhead. 
  at <VNavigationDrawer modelValue=undefined onUpdate:modelValue=fn location="right"  ... > 
  at <MenusTopmenuLayoutNotifications > 
  at <VCol class="notificationsHeader" > 
  at <VDefaultsProvider defaults= {VTabs: Object} > 
  at <VToolbar ref=Ref< Proxy(Object) > class="v-app-bar" style= {top: 0px, zIndex: 1014, transform: translateY(0px), position: fixed, height: undefined}  ... > 
  at <VAppBar id="topnav" > 
  at <MenusHeader drawer=false onToggleDrawer=fn > 
  at <ClientOnly > 
  at <VApp theme="light" class="auto-text" > 
  at <VResponsive class="border rounded" > 
  at <Default ref=Ref< Proxy(Object) > > 
  at <AsyncComponentWrapper ref=Ref< Proxy(Object) > > 
  at <LayoutLoader key="default" layoutProps= {ref: RefImpl} name="default" > 
  at <NuxtLayoutProvider layoutProps= {ref: RefImpl} key="default" name="default"  ... > 
  at <NuxtLayout > 
  at <App key=4 > 
  at <NuxtRoot> @ http://localhost:3001/_nuxt/@fs/home/meebuzo/github/alternate-framework/apps/ecosystem/meeovi-frontend/node_modules/@sentry/core/build/esm/instrument/console.js?v=ebf63685:42
[  338636ms] [WARNING] [Vue warn]: Avoid app logic that relies on enumerating keys on a component instance. The keys will be empty in production mode to avoid performance overhead. 
  at <VNavigationDrawer modelValue=undefined onUpdate:modelValue=fn location="right"  ... > 
  at <MenusTopmenuLayoutNotifications > 
  at <VCol class="notificationsHeader" > 
  at <VDefaultsProvider defaults= {VTabs: Object} > 
  at <VToolbar ref=Ref< Proxy(Object) > class="v-app-bar" style= {top: 0px, zIndex: 1014, transform: translateY(0px), position: fixed, height: undefined}  ... > 
  at <VAppBar id="topnav" > 
  at <MenusHeader drawer=false onToggleDrawer=fn > 
  at <ClientOnly > 
  at <VApp theme="light" class="auto-text" > 
  at <VResponsive class="border rounded" > 
  at <Default ref=Ref< Proxy(Object) > > 
  at <AsyncComponentWrapper ref=Ref< Proxy(Object) > > 
  at <LayoutLoader key="default" layoutProps= {ref: RefImpl} name="default" > 
  at <NuxtLayoutProvider layoutProps= {ref: RefImpl} key="default" name="default"  ... > 
  at <NuxtLayout > 
  at <App key=4 > 
  at <NuxtRoot> @ http://localhost:3001/_nuxt/@fs/home/meebuzo/github/alternate-framework/apps/ecosystem/meeovi-frontend/node_modules/@sentry/core/build/esm/instrument/console.js?v=ebf63685:42
[  338640ms] [WARNING] [Vue warn]: Avoid app logic that relies on enumerating keys on a component instance. The keys will be empty in production mode to avoid performance overhead. 
  at <VNavigationDrawer modelValue=undefined onUpdate:modelValue=fn location="right"  ... > 
  at <MenusTopmenuLayoutNotifications > 
  at <VCol class="notificationsHeader" > 
  at <VDefaultsProvider defaults= {VTabs: Object} > 
  at <VToolbar ref=Ref< Proxy(Object) > class="v-app-bar" style= {top: 0px, zIndex: 1014, transform: translateY(0px), position: fixed, height: undefined}  ... > 
  at <VAppBar id="topnav" > 
  at <MenusHeader drawer=false onToggleDrawer=fn > 
  at <ClientOnly > 
  at <VApp theme="light" class="auto-text" > 
  at <VResponsive class="border rounded" > 
  at <Default ref=Ref< Proxy(Object) > > 
  at <AsyncComponentWrapper ref=Ref< Proxy(Object) > > 
  at <LayoutLoader key="default" layoutProps= {ref: RefImpl} name="default" > 
  at <NuxtLayoutProvider layoutProps= {ref: RefImpl} key="default" name="default"  ... > 
  at <NuxtLayout > 
  at <App key=4 > 
  at <NuxtRoot> @ http://localhost:3001/_nuxt/@fs/home/meebuzo/github/alternate-framework/apps/ecosystem/meeovi-frontend/node_modules/@sentry/core/build/esm/instrument/console.js?v=ebf63685:42
[  338644ms] [WARNING] [Vue warn]: Avoid app logic that relies on enumerating keys on a component instance. The keys will be empty in production mode to avoid performance overhead. 
  at <VNavigationDrawer modelValue=undefined onUpdate:modelValue=fn location="right"  ... > 
  at <MenusTopmenuLayoutNotifications > 
  at <VCol class="notificationsHeader" > 
  at <VDefaultsProvider defaults= {VTabs: Object} > 
  at <VToolbar ref=Ref< Proxy(Object) > class="v-app-bar" style= {top: 0px, zIndex: 1014, transform: translateY(0px), position: fixed, height: undefined}  ... > 
  at <VAppBar id="topnav" > 
  at <MenusHeader drawer=false onToggleDrawer=fn > 
  at <ClientOnly > 
  at <VApp theme="light" class="auto-text" > 
  at <VResponsive class="border rounded" > 
  at <Default ref=Ref< Proxy(Object) > > 
  at <AsyncComponentWrapper ref=Ref< Proxy(Object) > > 
  at <LayoutLoader key="default" layoutProps= {ref: RefImpl} name="default" > 
  at <NuxtLayoutProvider layoutProps= {ref: RefImpl} key="default" name="default"  ... > 
  at <NuxtLayout > 
  at <App key=4 > 
  at <NuxtRoot> @ http://localhost:3001/_nuxt/@fs/home/meebuzo/github/alternate-framework/apps/ecosystem/meeovi-frontend/node_modules/@sentry/core/build/esm/instrument/console.js?v=ebf63685:42
[  338646ms] [ERROR] Connecting to 'https://o996770.ingest.us.sentry.io/api/5955273/envelope/?sentry_version=7&sentry_key=df1b90fab7c44ce8aef097a63b468d61&sentry_client=sentry.javascript.nuxt%2F10.63.0' violates the following Content Security Policy directive: "connect-src 'self' https://*.mux.com". The action has been blocked. @ http://localhost:3001/_nuxt/@fs/home/meebuzo/github/alternate-framework/apps/ecosystem/meeovi-frontend/node_modules/@sentry/browser/build/npm/esm/dev/transports/fetch.js?v=ebf63685:31
[  338647ms] [ERROR] Fetch API cannot load https://o996770.ingest.us.sentry.io/api/5955273/envelope/?sentry_version=7&sentry_key=df1b90fab7c44ce8aef097a63b468d61&sentry_client=sentry.javascript.nuxt%2F10.63.0. Refused to connect because it violates the document's Content Security Policy. @ http://localhost:3001/_nuxt/@fs/home/meebuzo/github/alternate-framework/apps/ecosystem/meeovi-frontend/node_modules/@sentry/browser/build/npm/esm/dev/transports/fetch.js?v=ebf63685:31
[  338655ms] [WARNING] [Vue warn]: Avoid app logic that relies on enumerating keys on a component instance. The keys will be empty in production mode to avoid performance overhead. 
  at <VNavigationDrawer modelValue=undefined onUpdate:modelValue=fn location="right"  ... > 
  at <MenusTopmenuLayoutNotifications > 
  at <VCol class="notificationsHeader" > 
  at <VDefaultsProvider defaults= {VTabs: Object} > 
  at <VToolbar ref=Ref< Proxy(Object) > class="v-app-bar" style= {top: 0px, zIndex: 1014, transform: translateY(0px), position: fixed, height: undefined}  ... > 
  at <VAppBar id="topnav" > 
  at <MenusHeader drawer=false onToggleDrawer=fn > 
  at <ClientOnly > 
  at <VApp theme="light" class="auto-text" > 
  at <VResponsive class="border rounded" > 
  at <Default ref=Ref< Proxy(Object) > > 
  at <AsyncComponentWrapper ref=Ref< Proxy(Object) > > 
  at <LayoutLoader key="default" layoutProps= {ref: RefImpl} name="default" > 
  at <NuxtLayoutProvider layoutProps= {ref: RefImpl} key="default" name="default"  ... > 
  at <NuxtLayout > 
  at <App key=4 > 
  at <NuxtRoot> @ http://localhost:3001/_nuxt/@fs/home/meebuzo/github/alternate-framework/apps/ecosystem/meeovi-frontend/node_modules/@sentry/core/build/esm/instrument/console.js?v=ebf63685:42
[  338661ms] [WARNING] [Vue warn]: Avoid app logic that relies on enumerating keys on a component instance. The keys will be empty in production mode to avoid performance overhead. 
  at <VNavigationDrawer modelValue=undefined onUpdate:modelValue=fn location="right"  ... > 
  at <MenusTopmenuLayoutNotifications > 
  at <VCol class="notificationsHeader" > 
  at <VDefaultsProvider defaults= {VTabs: Object} > 
  at <VToolbar ref=Ref< Proxy(Object) > class="v-app-bar" style= {top: 0px, zIndex: 1014, transform: translateY(0px), position: fixed, height: undefined}  ... > 
  at <VAppBar id="topnav" > 
  at <MenusHeader drawer=false onToggleDrawer=fn > 
  at <ClientOnly > 
  at <VApp theme="light" class="auto-text" > 
  at <VResponsive class="border rounded" > 
  at <Default ref=Ref< Proxy(Object) > > 
  at <AsyncComponentWrapper ref=Ref< Proxy(Object) > > 
  at <LayoutLoader key="default" layoutProps= {ref: RefImpl} name="default" > 
  at <NuxtLayoutProvider layoutProps= {ref: RefImpl} key="default" name="default"  ... > 
  at <NuxtLayout > 
  at <App key=4 > 
  at <NuxtRoot> @ http://localhost:3001/_nuxt/@fs/home/meebuzo/github/alternate-framework/apps/ecosystem/meeovi-frontend/node_modules/@sentry/core/build/esm/instrument/console.js?v=ebf63685:42
[  338666ms] [WARNING] [Vue warn]: Avoid app logic that relies on enumerating keys on a component instance. The keys will be empty in production mode to avoid performance overhead. 
  at <VNavigationDrawer modelValue=undefined onUpdate:modelValue=fn location="right"  ... > 
  at <MenusTopmenuLayoutNotifications > 
  at <VCol class="notificationsHeader" > 
  at <VDefaultsProvider defaults= {VTabs: Object} > 
  at <VToolbar ref=Ref< Proxy(Object) > class="v-app-bar" style= {top: 0px, zIndex: 1014, transform: translateY(0px), position: fixed, height: undefined}  ... > 
  at <VAppBar id="topnav" > 
  at <MenusHeader drawer=false onToggleDrawer=fn > 
  at <ClientOnly > 
  at <VApp theme="light" class="auto-text" > 
  at <VResponsive class="border rounded" > 
  at <Default ref=Ref< Proxy(Object) > > 
  at <AsyncComponentWrapper ref=Ref< Proxy(Object) > > 
  at <LayoutLoader key="default" layoutProps= {ref: RefImpl} name="default" > 
  at <NuxtLayoutProvider layoutProps= {ref: RefImpl} key="default" name="default"  ... > 
  at <NuxtLayout > 
  at <App key=4 > 
  at <NuxtRoot> @ http://localhost:3001/_nuxt/@fs/home/meebuzo/github/alternate-framework/apps/ecosystem/meeovi-frontend/node_modules/@sentry/core/build/esm/instrument/console.js?v=ebf63685:42
[  338671ms] [WARNING] [Vue warn]: Avoid app logic that relies on enumerating keys on a component instance. The keys will be empty in production mode to avoid performance overhead. 
  at <VNavigationDrawer modelValue=undefined onUpdate:modelValue=fn location="right"  ... > 
  at <MenusTopmenuLayoutNotifications > 
  at <VCol class="notificationsHeader" > 
  at <VDefaultsProvider defaults= {VTabs: Object} > 
  at <VToolbar ref=Ref< Proxy(Object) > class="v-app-bar" style= {top: 0px, zIndex: 1014, transform: translateY(0px), position: fixed, height: undefined}  ... > 
  at <VAppBar id="topnav" > 
  at <MenusHeader drawer=false onToggleDrawer=fn > 
  at <ClientOnly > 
  at <VApp theme="light" class="auto-text" > 
  at <VResponsive class="border rounded" > 
  at <Default ref=Ref< Proxy(Object) > > 
  at <AsyncComponentWrapper ref=Ref< Proxy(Object) > > 
  at <LayoutLoader key="default" layoutProps= {ref: RefImpl} name="default" > 
  at <NuxtLayoutProvider layoutProps= {ref: RefImpl} key="default" name="default"  ... > 
  at <NuxtLayout > 
  at <App key=4 > 
  at <NuxtRoot> @ http://localhost:3001/_nuxt/@fs/home/meebuzo/github/alternate-framework/apps/ecosystem/meeovi-frontend/node_modules/@sentry/core/build/esm/instrument/console.js?v=ebf63685:42
[  338675ms] [WARNING] [Vue warn]: Avoid app logic that relies on enumerating keys on a component instance. The keys will be empty in production mode to avoid performance overhead. 
  at <VNavigationDrawer modelValue=undefined onUpdate:modelValue=fn location="right"  ... > 
  at <MenusTopmenuLayoutNotifications > 
  at <VCol class="notificationsHeader" > 
  at <VDefaultsProvider defaults= {VTabs: Object} > 
  at <VToolbar ref=Ref< Proxy(Object) > class="v-app-bar" style= {top: 0px, zIndex: 1014, transform: translateY(0px), position: fixed, height: undefined}  ... > 
  at <VAppBar id="topnav" > 
  at <MenusHeader drawer=false onToggleDrawer=fn > 
  at <ClientOnly > 
  at <VApp theme="light" class="auto-text" > 
  at <VResponsive class="border rounded" > 
  at <Default ref=Ref< Proxy(Object) > > 
  at <AsyncComponentWrapper ref=Ref< Proxy(Object) > > 
  at <LayoutLoader key="default" layoutProps= {ref: RefImpl} name="default" > 
  at <NuxtLayoutProvider layoutProps= {ref: RefImpl} key="default" name="default"  ... > 
  at <NuxtLayout > 
  at <App key=4 > 
  at <NuxtRoot> @ http://localhost:3001/_nuxt/@fs/home/meebuzo/github/alternate-framework/apps/ecosystem/meeovi-frontend/node_modules/@sentry/core/build/esm/instrument/console.js?v=ebf63685:42
[  338680ms] [WARNING] [Vue warn]: Avoid app logic that relies on enumerating keys on a component instance. The keys will be empty in production mode to avoid performance overhead. 
  at <VNavigationDrawer modelValue=undefined onUpdate:modelValue=fn location="right"  ... > 
  at <MenusTopmenuLayoutNotifications > 
  at <VCol class="notificationsHeader" > 
  at <VDefaultsProvider defaults= {VTabs: Object} > 
  at <VToolbar ref=Ref< Proxy(Object) > class="v-app-bar" style= {top: 0px, zIndex: 1014, transform: translateY(0px), position: fixed, height: undefined}  ... > 
  at <VAppBar id="topnav" > 
  at <MenusHeader drawer=false onToggleDrawer=fn > 
  at <ClientOnly > 
  at <VApp theme="light" class="auto-text" > 
  at <VResponsive class="border rounded" > 
  at <Default ref=Ref< Proxy(Object) > > 
  at <AsyncComponentWrapper ref=Ref< Proxy(Object) > > 
  at <LayoutLoader key="default" layoutProps= {ref: RefImpl} name="default" > 
  at <NuxtLayoutProvider layoutProps= {ref: RefImpl} key="default" name="default"  ... > 
  at <NuxtLayout > 
  at <App key=4 > 
  at <NuxtRoot> @ http://localhost:3001/_nuxt/@fs/home/meebuzo/github/alternate-framework/apps/ecosystem/meeovi-frontend/node_modules/@sentry/core/build/esm/instrument/console.js?v=ebf63685:42
[  338684ms] [WARNING] [Vue warn]: Avoid app logic that relies on enumerating keys on a component instance. The keys will be empty in production mode to avoid performance overhead. 
  at <VNavigationDrawer modelValue=undefined onUpdate:modelValue=fn location="right"  ... > 
  at <MenusTopmenuLayoutNotifications > 
  at <VCol class="notificationsHeader" > 
  at <VDefaultsProvider defaults= {VTabs: Object} > 
  at <VToolbar ref=Ref< Proxy(Object) > class="v-app-bar" style= {top: 0px, zIndex: 1014, transform: translateY(0px), position: fixed, height: undefined}  ... > 
  at <VAppBar id="topnav" > 
  at <MenusHeader drawer=false onToggleDrawer=fn > 
  at <ClientOnly > 
  at <VApp theme="light" class="auto-text" > 
  at <VResponsive class="border rounded" > 
  at <Default ref=Ref< Proxy(Object) > > 
  at <AsyncComponentWrapper ref=Ref< Proxy(Object) > > 
  at <LayoutLoader key="default" layoutProps= {ref: RefImpl} name="default" > 
  at <NuxtLayoutProvider layoutProps= {ref: RefImpl} key="default" name="default"  ... > 
  at <NuxtLayout > 
  at <App key=4 > 
  at <NuxtRoot> @ http://localhost:3001/_nuxt/@fs/home/meebuzo/github/alternate-framework/apps/ecosystem/meeovi-frontend/node_modules/@sentry/core/build/esm/instrument/console.js?v=ebf63685:42
[  338689ms] [WARNING] [Vue warn]: Avoid app logic that relies on enumerating keys on a component instance. The keys will be empty in production mode to avoid performance overhead. 
  at <VNavigationDrawer modelValue=undefined onUpdate:modelValue=fn location="right"  ... > 
  at <MenusTopmenuLayoutNotifications > 
  at <VCol class="notificationsHeader" > 
  at <VDefaultsProvider defaults= {VTabs: Object} > 
  at <VToolbar ref=Ref< Proxy(Object) > class="v-app-bar" style= {top: 0px, zIndex: 1014, transform: translateY(0px), position: fixed, height: undefined}  ... > 
  at <VAppBar id="topnav" > 
  at <MenusHeader drawer=false onToggleDrawer=fn > 
  at <ClientOnly > 
  at <VApp theme="light" class="auto-text" > 
  at <VResponsive class="border rounded" > 
  at <Default ref=Ref< Proxy(Object) > > 
  at <AsyncComponentWrapper ref=Ref< Proxy(Object) > > 
  at <LayoutLoader key="default" layoutProps= {ref: RefImpl} name="default" > 
  at <NuxtLayoutProvider layoutProps= {ref: RefImpl} key="default" name="default"  ... > 
  at <NuxtLayout > 
  at <App key=4 > 
  at <NuxtRoot> @ http://localhost:3001/_nuxt/@fs/home/meebuzo/github/alternate-framework/apps/ecosystem/meeovi-frontend/node_modules/@sentry/core/build/esm/instrument/console.js?v=ebf63685:42
[  338693ms] [WARNING] [Vue warn]: Avoid app logic that relies on enumerating keys on a component instance. The keys will be empty in production mode to avoid performance overhead. 
  at <VNavigationDrawer modelValue=undefined onUpdate:modelValue=fn location="right"  ... > 
  at <MenusTopmenuLayoutNotifications > 
  at <VCol class="notificationsHeader" > 
  at <VDefaultsProvider defaults= {VTabs: Object} > 
  at <VToolbar ref=Ref< Proxy(Object) > class="v-app-bar" style= {top: 0px, zIndex: 1014, transform: translateY(0px), position: fixed, height: undefined}  ... > 
  at <VAppBar id="topnav" > 
  at <MenusHeader drawer=false onToggleDrawer=fn > 
  at <ClientOnly > 
  at <VApp theme="light" class="auto-text" > 
  at <VResponsive class="border rounded" > 
  at <Default ref=Ref< Proxy(Object) > > 
  at <AsyncComponentWrapper ref=Ref< Proxy(Object) > > 
  at <LayoutLoader key="default" layoutProps= {ref: RefImpl} name="default" > 
  at <NuxtLayoutProvider layoutProps= {ref: RefImpl} key="default" name="default"  ... > 
  at <NuxtLayout > 
  at <App key=4 > 
  at <NuxtRoot> @ http://localhost:3001/_nuxt/@fs/home/meebuzo/github/alternate-framework/apps/ecosystem/meeovi-frontend/node_modules/@sentry/core/build/esm/instrument/console.js?v=ebf63685:42
[  338698ms] [WARNING] [Vue warn]: Avoid app logic that relies on enumerating keys on a component instance. The keys will be empty in production mode to avoid performance overhead. 
  at <VNavigationDrawer modelValue=undefined onUpdate:modelValue=fn location="right"  ... > 
  at <MenusTopmenuLayoutNotifications > 
  at <VCol class="notificationsHeader" > 
  at <VDefaultsProvider defaults= {VTabs: Object} > 
  at <VToolbar ref=Ref< Proxy(Object) > class="v-app-bar" style= {top: 0px, zIndex: 1014, transform: translateY(0px), position: fixed, height: undefined}  ... > 
  at <VAppBar id="topnav" > 
  at <MenusHeader drawer=false onToggleDrawer=fn > 
  at <ClientOnly > 
  at <VApp theme="light" class="auto-text" > 
  at <VResponsive class="border rounded" > 
  at <Default ref=Ref< Proxy(Object) > > 
  at <AsyncComponentWrapper ref=Ref< Proxy(Object) > > 
  at <LayoutLoader key="default" layoutProps= {ref: RefImpl} name="default" > 
  at <NuxtLayoutProvider layoutProps= {ref: RefImpl} key="default" name="default"  ... > 
  at <NuxtLayout > 
  at <App key=4 > 
  at <NuxtRoot> @ http://localhost:3001/_nuxt/@fs/home/meebuzo/github/alternate-framework/apps/ecosystem/meeovi-frontend/node_modules/@sentry/core/build/esm/instrument/console.js?v=ebf63685:42
[  338703ms] [WARNING] [Vue warn]: Avoid app logic that relies on enumerating keys on a component instance. The keys will be empty in production mode to avoid performance overhead. 
  at <VNavigationDrawer modelValue=undefined onUpdate:modelValue=fn location="right"  ... > 
  at <MenusTopmenuLayoutNotifications > 
  at <VCol class="notificationsHeader" > 
  at <VDefaultsProvider defaults= {VTabs: Object} > 
  at <VToolbar ref=Ref< Proxy(Object) > class="v-app-bar" style= {top: 0px, zIndex: 1014, transform: translateY(0px), position: fixed, height: undefined}  ... > 
  at <VAppBar id="topnav" > 
  at <MenusHeader drawer=false onToggleDrawer=fn > 
  at <ClientOnly > 
  at <VApp theme="light" class="auto-text" > 
  at <VResponsive class="border rounded" > 
  at <Default ref=Ref< Proxy(Object) > > 
  at <AsyncComponentWrapper ref=Ref< Proxy(Object) > > 
  at <LayoutLoader key="default" layoutProps= {ref: RefImpl} name="default" > 
  at <NuxtLayoutProvider layoutProps= {ref: RefImpl} key="default" name="default"  ... > 
  at <NuxtLayout > 
  at <App key=4 > 
  at <NuxtRoot> @ http://localhost:3001/_nuxt/@fs/home/meebuzo/github/alternate-framework/apps/ecosystem/meeovi-frontend/node_modules/@sentry/core/build/esm/instrument/console.js?v=ebf63685:42
[  338707ms] [WARNING] [Vue warn]: Avoid app logic that relies on enumerating keys on a component instance. The keys will be empty in production mode to avoid performance overhead. 
  at <VNavigationDrawer modelValue=undefined onUpdate:modelValue=fn location="right"  ... > 
  at <MenusTopmenuLayoutNotifications > 
  at <VCol class="notificationsHeader" > 
  at <VDefaultsProvider defaults= {VTabs: Object} > 
  at <VToolbar ref=Ref< Proxy(Object) > class="v-app-bar" style= {top: 0px, zIndex: 1014, transform: translateY(0px), position: fixed, height: undefined}  ... > 
  at <VAppBar id="topnav" > 
  at <MenusHeader drawer=false onToggleDrawer=fn > 
  at <ClientOnly > 
  at <VApp theme="light" class="auto-text" > 
  at <VResponsive class="border rounded" > 
  at <Default ref=Ref< Proxy(Object) > > 
  at <AsyncComponentWrapper ref=Ref< Proxy(Object) > > 
  at <LayoutLoader key="default" layoutProps= {ref: RefImpl} name="default" > 
  at <NuxtLayoutProvider layoutProps= {ref: RefImpl} key="default" name="default"  ... > 
  at <NuxtLayout > 
  at <App key=4 > 
  at <NuxtRoot> @ http://localhost:3001/_nuxt/@fs/home/meebuzo/github/alternate-framework/apps/ecosystem/meeovi-frontend/node_modules/@sentry/core/build/esm/instrument/console.js?v=ebf63685:42
[  338712ms] [WARNING] [Vue warn]: Avoid app logic that relies on enumerating keys on a component instance. The keys will be empty in production mode to avoid performance overhead. 
  at <VNavigationDrawer modelValue=undefined onUpdate:modelValue=fn location="right"  ... > 
  at <MenusTopmenuLayoutNotifications > 
  at <VCol class="notificationsHeader" > 
  at <VDefaultsProvider defaults= {VTabs: Object} > 
  at <VToolbar ref=Ref< Proxy(Object) > class="v-app-bar" style= {top: 0px, zIndex: 1014, transform: translateY(0px), position: fixed, height: undefined}  ... > 
  at <VAppBar id="topnav" > 
  at <MenusHeader drawer=false onToggleDrawer=fn > 
  at <ClientOnly > 
  at <VApp theme="light" class="auto-text" > 
  at <VResponsive class="border rounded" > 
  at <Default ref=Ref< Proxy(Object) > > 
  at <AsyncComponentWrapper ref=Ref< Proxy(Object) > > 
  at <LayoutLoader key="default" layoutProps= {ref: RefImpl} name="default" > 
  at <NuxtLayoutProvider layoutProps= {ref: RefImpl} key="default" name="default"  ... > 
  at <NuxtLayout > 
  at <App key=4 > 
  at <NuxtRoot> @ http://localhost:3001/_nuxt/@fs/home/meebuzo/github/alternate-framework/apps/ecosystem/meeovi-frontend/node_modules/@sentry/core/build/esm/instrument/console.js?v=ebf63685:42
[  338716ms] [WARNING] [Vue warn]: Avoid app logic that relies on enumerating keys on a component instance. The keys will be empty in production mode to avoid performance overhead. 
  at <VNavigationDrawer modelValue=undefined onUpdate:modelValue=fn location="right"  ... > 
  at <MenusTopmenuLayoutNotifications > 
  at <VCol class="notificationsHeader" > 
  at <VDefaultsProvider defaults= {VTabs: Object} > 
  at <VToolbar ref=Ref< Proxy(Object) > class="v-app-bar" style= {top: 0px, zIndex: 1014, transform: translateY(0px), position: fixed, height: undefined}  ... > 
  at <VAppBar id="topnav" > 
  at <MenusHeader drawer=false onToggleDrawer=fn > 
  at <ClientOnly > 
  at <VApp theme="light" class="auto-text" > 
  at <VResponsive class="border rounded" > 
  at <Default ref=Ref< Proxy(Object) > > 
  at <AsyncComponentWrapper ref=Ref< Proxy(Object) > > 
  at <LayoutLoader key="default" layoutProps= {ref: RefImpl} name="default" > 
  at <NuxtLayoutProvider layoutProps= {ref: RefImpl} key="default" name="default"  ... > 
  at <NuxtLayout > 
  at <App key=4 > 
  at <NuxtRoot> @ http://localhost:3001/_nuxt/@fs/home/meebuzo/github/alternate-framework/apps/ecosystem/meeovi-frontend/node_modules/@sentry/core/build/esm/instrument/console.js?v=ebf63685:42
[  338721ms] [WARNING] [Vue warn]: Avoid app logic that relies on enumerating keys on a component instance. The keys will be empty in production mode to avoid performance overhead. 
  at <VNavigationDrawer modelValue=undefined onUpdate:modelValue=fn location="right"  ... > 
  at <MenusTopmenuLayoutNotifications > 
  at <VCol class="notificationsHeader" > 
  at <VDefaultsProvider defaults= {VTabs: Object} > 
  at <VToolbar ref=Ref< Proxy(Object) > class="v-app-bar" style= {top: 0px, zIndex: 1014, transform: translateY(0px), position: fixed, height: undefined}  ... > 
  at <VAppBar id="topnav" > 
  at <MenusHeader drawer=false onToggleDrawer=fn > 
  at <ClientOnly > 
  at <VApp theme="light" class="auto-text" > 
  at <VResponsive class="border rounded" > 
  at <Default ref=Ref< Proxy(Object) > > 
  at <AsyncComponentWrapper ref=Ref< Proxy(Object) > > 
  at <LayoutLoader key="default" layoutProps= {ref: RefImpl} name="default" > 
  at <NuxtLayoutProvider layoutProps= {ref: RefImpl} key="default" name="default"  ... > 
  at <NuxtLayout > 
  at <App key=4 > 
  at <NuxtRoot> @ http://localhost:3001/_nuxt/@fs/home/meebuzo/github/alternate-framework/apps/ecosystem/meeovi-frontend/node_modules/@sentry/core/build/esm/instrument/console.js?v=ebf63685:42
[  338726ms] [WARNING] [Vue warn]: Avoid app logic that relies on enumerating keys on a component instance. The keys will be empty in production mode to avoid performance overhead. 
  at <VNavigationDrawer modelValue=undefined onUpdate:modelValue=fn location="right"  ... > 
  at <MenusTopmenuLayoutNotifications > 
  at <VCol class="notificationsHeader" > 
  at <VDefaultsProvider defaults= {VTabs: Object} > 
  at <VToolbar ref=Ref< Proxy(Object) > class="v-app-bar" style= {top: 0px, zIndex: 1014, transform: translateY(0px), position: fixed, height: undefined}  ... > 
  at <VAppBar id="topnav" > 
  at <MenusHeader drawer=false onToggleDrawer=fn > 
  at <ClientOnly > 
  at <VApp theme="light" class="auto-text" > 
  at <VResponsive class="border rounded" > 
  at <Default ref=Ref< Proxy(Object) > > 
  at <AsyncComponentWrapper ref=Ref< Proxy(Object) > > 
  at <LayoutLoader key="default" layoutProps= {ref: RefImpl} name="default" > 
  at <NuxtLayoutProvider layoutProps= {ref: RefImpl} key="default" name="default"  ... > 
  at <NuxtLayout > 
  at <App key=4 > 
  at <NuxtRoot> @ http://localhost:3001/_nuxt/@fs/home/meebuzo/github/alternate-framework/apps/ecosystem/meeovi-frontend/node_modules/@sentry/core/build/esm/instrument/console.js?v=ebf63685:42
[  338731ms] [WARNING] [Vue warn]: Avoid app logic that relies on enumerating keys on a component instance. The keys will be empty in production mode to avoid performance overhead. 
  at <VNavigationDrawer modelValue=undefined onUpdate:modelValue=fn location="right"  ... > 
  at <MenusTopmenuLayoutNotifications > 
  at <VCol class="notificationsHeader" > 
  at <VDefaultsProvider defaults= {VTabs: Object} > 
  at <VToolbar ref=Ref< Proxy(Object) > class="v-app-bar" style= {top: 0px, zIndex: 1014, transform: translateY(0px), position: fixed, height: undefined}  ... > 
  at <VAppBar id="topnav" > 
  at <MenusHeader drawer=false onToggleDrawer=fn > 
  at <ClientOnly > 
  at <VApp theme="light" class="auto-text" > 
  at <VResponsive class="border rounded" > 
  at <Default ref=Ref< Proxy(Object) > > 
  at <AsyncComponentWrapper ref=Ref< Proxy(Object) > > 
  at <LayoutLoader key="default" layoutProps= {ref: RefImpl} name="default" > 
  at <NuxtLayoutProvider layoutProps= {ref: RefImpl} key="default" name="default"  ... > 
  at <NuxtLayout > 
  at <App key=4 > 
  at <NuxtRoot> @ http://localhost:3001/_nuxt/@fs/home/meebuzo/github/alternate-framework/apps/ecosystem/meeovi-frontend/node_modules/@sentry/core/build/esm/instrument/console.js?v=ebf63685:42
[  338736ms] [WARNING] [Vue warn]: Avoid app logic that relies on enumerating keys on a component instance. The keys will be empty in production mode to avoid performance overhead. 
  at <VNavigationDrawer modelValue=undefined onUpdate:modelValue=fn location="right"  ... > 
  at <MenusTopmenuLayoutNotifications > 
  at <VCol class="notificationsHeader" > 
  at <VDefaultsProvider defaults= {VTabs: Object} > 
  at <VToolbar ref=Ref< Proxy(Object) > class="v-app-bar" style= {top: 0px, zIndex: 1014, transform: translateY(0px), position: fixed, height: undefined}  ... > 
  at <VAppBar id="topnav" > 
  at <MenusHeader drawer=false onToggleDrawer=fn > 
  at <ClientOnly > 
  at <VApp theme="light" class="auto-text" > 
  at <VResponsive class="border rounded" > 
  at <Default ref=Ref< Proxy(Object) > > 
  at <AsyncComponentWrapper ref=Ref< Proxy(Object) > > 
  at <LayoutLoader key="default" layoutProps= {ref: RefImpl} name="default" > 
  at <NuxtLayoutProvider layoutProps= {ref: RefImpl} key="default" name="default"  ... > 
  at <NuxtLayout > 
  at <App key=4 > 
  at <NuxtRoot> @ http://localhost:3001/_nuxt/@fs/home/meebuzo/github/alternate-framework/apps/ecosystem/meeovi-frontend/node_modules/@sentry/core/build/esm/instrument/console.js?v=ebf63685:42
[  338740ms] [WARNING] [Vue warn]: Avoid app logic that relies on enumerating keys on a component instance. The keys will be empty in production mode to avoid performance overhead. 
  at <VNavigationDrawer modelValue=undefined onUpdate:modelValue=fn location="right"  ... > 
  at <MenusTopmenuLayoutNotifications > 
  at <VCol class="notificationsHeader" > 
  at <VDefaultsProvider defaults= {VTabs: Object} > 
  at <VToolbar ref=Ref< Proxy(Object) > class="v-app-bar" style= {top: 0px, zIndex: 1014, transform: translateY(0px), position: fixed, height: undefined}  ... > 
  at <VAppBar id="topnav" > 
  at <MenusHeader drawer=false onToggleDrawer=fn > 
  at <ClientOnly > 
  at <VApp theme="light" class="auto-text" > 
  at <VResponsive class="border rounded" > 
  at <Default ref=Ref< Proxy(Object) > > 
  at <AsyncComponentWrapper ref=Ref< Proxy(Object) > > 
  at <LayoutLoader key="default" layoutProps= {ref: RefImpl} name="default" > 
  at <NuxtLayoutProvider layoutProps= {ref: RefImpl} key="default" name="default"  ... > 
  at <NuxtLayout > 
  at <App key=4 > 
  at <NuxtRoot> @ http://localhost:3001/_nuxt/@fs/home/meebuzo/github/alternate-framework/apps/ecosystem/meeovi-frontend/node_modules/@sentry/core/build/esm/instrument/console.js?v=ebf63685:42
[  338745ms] [WARNING] [Vue warn]: Avoid app logic that relies on enumerating keys on a component instance. The keys will be empty in production mode to avoid performance overhead. 
  at <VNavigationDrawer modelValue=undefined onUpdate:modelValue=fn location="right"  ... > 
  at <MenusTopmenuLayoutNotifications > 
  at <VCol class="notificationsHeader" > 
  at <VDefaultsProvider defaults= {VTabs: Object} > 
  at <VToolbar ref=Ref< Proxy(Object) > class="v-app-bar" style= {top: 0px, zIndex: 1014, transform: translateY(0px), position: fixed, height: undefined}  ... > 
  at <VAppBar id="topnav" > 
  at <MenusHeader drawer=false onToggleDrawer=fn > 
  at <ClientOnly > 
  at <VApp theme="light" class="auto-text" > 
  at <VResponsive class="border rounded" > 
  at <Default ref=Ref< Proxy(Object) > > 
  at <AsyncComponentWrapper ref=Ref< Proxy(Object) > > 
  at <LayoutLoader key="default" layoutProps= {ref: RefImpl} name="default" > 
  at <NuxtLayoutProvider layoutProps= {ref: RefImpl} key="default" name="default"  ... > 
  at <NuxtLayout > 
  at <App key=4 > 
  at <NuxtRoot> @ http://localhost:3001/_nuxt/@fs/home/meebuzo/github/alternate-framework/apps/ecosystem/meeovi-frontend/node_modules/@sentry/core/build/esm/instrument/console.js?v=ebf63685:42
[  338749ms] [WARNING] [Vue warn]: Avoid app logic that relies on enumerating keys on a component instance. The keys will be empty in production mode to avoid performance overhead. 
  at <VNavigationDrawer modelValue=undefined onUpdate:modelValue=fn location="right"  ... > 
  at <MenusTopmenuLayoutNotifications > 
  at <VCol class="notificationsHeader" > 
  at <VDefaultsProvider defaults= {VTabs: Object} > 
  at <VToolbar ref=Ref< Proxy(Object) > class="v-app-bar" style= {top: 0px, zIndex: 1014, transform: translateY(0px), position: fixed, height: undefined}  ... > 
  at <VAppBar id="topnav" > 
  at <MenusHeader drawer=false onToggleDrawer=fn > 
  at <ClientOnly > 
  at <VApp theme="light" class="auto-text" > 
  at <VResponsive class="border rounded" > 
  at <Default ref=Ref< Proxy(Object) > > 
  at <AsyncComponentWrapper ref=Ref< Proxy(Object) > > 
  at <LayoutLoader key="default" layoutProps= {ref: RefImpl} name="default" > 
  at <NuxtLayoutProvider layoutProps= {ref: RefImpl} key="default" name="default"  ... > 
  at <NuxtLayout > 
  at <App key=4 > 
  at <NuxtRoot> @ http://localhost:3001/_nuxt/@fs/home/meebuzo/github/alternate-framework/apps/ecosystem/meeovi-frontend/node_modules/@sentry/core/build/esm/instrument/console.js?v=ebf63685:42
[  338753ms] [WARNING] [Vue warn]: Avoid app logic that relies on enumerating keys on a component instance. The keys will be empty in production mode to avoid performance overhead. 
  at <VNavigationDrawer modelValue=undefined onUpdate:modelValue=fn location="right"  ... > 
  at <MenusTopmenuLayoutNotifications > 
  at <VCol class="notificationsHeader" > 
  at <VDefaultsProvider defaults= {VTabs: Object} > 
  at <VToolbar ref=Ref< Proxy(Object) > class="v-app-bar" style= {top: 0px, zIndex: 1014, transform: translateY(0px), position: fixed, height: undefined}  ... > 
  at <VAppBar id="topnav" > 
  at <MenusHeader drawer=false onToggleDrawer=fn > 
  at <ClientOnly > 
  at <VApp theme="light" class="auto-text" > 
  at <VResponsive class="border rounded" > 
  at <Default ref=Ref< Proxy(Object) > > 
  at <AsyncComponentWrapper ref=Ref< Proxy(Object) > > 
  at <LayoutLoader key="default" layoutProps= {ref: RefImpl} name="default" > 
  at <NuxtLayoutProvider layoutProps= {ref: RefImpl} key="default" name="default"  ... > 
  at <NuxtLayout > 
  at <App key=4 > 
  at <NuxtRoot> @ http://localhost:3001/_nuxt/@fs/home/meebuzo/github/alternate-framework/apps/ecosystem/meeovi-frontend/node_modules/@sentry/core/build/esm/instrument/console.js?v=ebf63685:42
[  338758ms] [WARNING] [Vue warn]: Avoid app logic that relies on enumerating keys on a component instance. The keys will be empty in production mode to avoid performance overhead. 
  at <VNavigationDrawer modelValue=undefined onUpdate:modelValue=fn location="right"  ... > 
  at <MenusTopmenuLayoutNotifications > 
  at <VCol class="notificationsHeader" > 
  at <VDefaultsProvider defaults= {VTabs: Object} > 
  at <VToolbar ref=Ref< Proxy(Object) > class="v-app-bar" style= {top: 0px, zIndex: 1014, transform: translateY(0px), position: fixed, height: undefined}  ... > 
  at <VAppBar id="topnav" > 
  at <MenusHeader drawer=false onToggleDrawer=fn > 
  at <ClientOnly > 
  at <VApp theme="light" class="auto-text" > 
  at <VResponsive class="border rounded" > 
  at <Default ref=Ref< Proxy(Object) > > 
  at <AsyncComponentWrapper ref=Ref< Proxy(Object) > > 
  at <LayoutLoader key="default" layoutProps= {ref: RefImpl} name="default" > 
  at <NuxtLayoutProvider layoutProps= {ref: RefImpl} key="default" name="default"  ... > 
  at <NuxtLayout > 
  at <App key=4 > 
  at <NuxtRoot> @ http://localhost:3001/_nuxt/@fs/home/meebuzo/github/alternate-framework/apps/ecosystem/meeovi-frontend/node_modules/@sentry/core/build/esm/instrument/console.js?v=ebf63685:42
[  338762ms] [WARNING] [Vue warn]: Avoid app logic that relies on enumerating keys on a component instance. The keys will be empty in production mode to avoid performance overhead. 
  at <VNavigationDrawer modelValue=undefined onUpdate:modelValue=fn location="right"  ... > 
  at <MenusTopmenuLayoutNotifications > 
  at <VCol class="notificationsHeader" > 
  at <VDefaultsProvider defaults= {VTabs: Object} > 
  at <VToolbar ref=Ref< Proxy(Object) > class="v-app-bar" style= {top: 0px, zIndex: 1014, transform: translateY(0px), position: fixed, height: undefined}  ... > 
  at <VAppBar id="topnav" > 
  at <MenusHeader drawer=false onToggleDrawer=fn > 
  at <ClientOnly > 
  at <VApp theme="light" class="auto-text" > 
  at <VResponsive class="border rounded" > 
  at <Default ref=Ref< Proxy(Object) > > 
  at <AsyncComponentWrapper ref=Ref< Proxy(Object) > > 
  at <LayoutLoader key="default" layoutProps= {ref: RefImpl} name="default" > 
  at <NuxtLayoutProvider layoutProps= {ref: RefImpl} key="default" name="default"  ... > 
  at <NuxtLayout > 
  at <App key=4 > 
  at <NuxtRoot> @ http://localhost:3001/_nuxt/@fs/home/meebuzo/github/alternate-framework/apps/ecosystem/meeovi-frontend/node_modules/@sentry/core/build/esm/instrument/console.js?v=ebf63685:42
[  338767ms] [WARNING] [Vue warn]: Avoid app logic that relies on enumerating keys on a component instance. The keys will be empty in production mode to avoid performance overhead. 
  at <VNavigationDrawer modelValue=undefined onUpdate:modelValue=fn location="right"  ... > 
  at <MenusTopmenuLayoutNotifications > 
  at <VCol class="notificationsHeader" > 
  at <VDefaultsProvider defaults= {VTabs: Object} > 
  at <VToolbar ref=Ref< Proxy(Object) > class="v-app-bar" style= {top: 0px, zIndex: 1014, transform: translateY(0px), position: fixed, height: undefined}  ... > 
  at <VAppBar id="topnav" > 
  at <MenusHeader drawer=false onToggleDrawer=fn > 
  at <ClientOnly > 
  at <VApp theme="light" class="auto-text" > 
  at <VResponsive class="border rounded" > 
  at <Default ref=Ref< Proxy(Object) > > 
  at <AsyncComponentWrapper ref=Ref< Proxy(Object) > > 
  at <LayoutLoader key="default" layoutProps= {ref: RefImpl} name="default" > 
  at <NuxtLayoutProvider layoutProps= {ref: RefImpl} key="default" name="default"  ... > 
  at <NuxtLayout > 
  at <App key=4 > 
  at <NuxtRoot> @ http://localhost:3001/_nuxt/@fs/home/meebuzo/github/alternate-framework/apps/ecosystem/meeovi-frontend/node_modules/@sentry/core/build/esm/instrument/console.js?v=ebf63685:42
[  338771ms] [WARNING] [Vue warn]: Avoid app logic that relies on enumerating keys on a component instance. The keys will be empty in production mode to avoid performance overhead. 
  at <VNavigationDrawer modelValue=undefined onUpdate:modelValue=fn location="right"  ... > 
  at <MenusTopmenuLayoutNotifications > 
  at <VCol class="notificationsHeader" > 
  at <VDefaultsProvider defaults= {VTabs: Object} > 
  at <VToolbar ref=Ref< Proxy(Object) > class="v-app-bar" style= {top: 0px, zIndex: 1014, transform: translateY(0px), position: fixed, height: undefined}  ... > 
  at <VAppBar id="topnav" > 
  at <MenusHeader drawer=false onToggleDrawer=fn > 
  at <ClientOnly > 
  at <VApp theme="light" class="auto-text" > 
  at <VResponsive class="border rounded" > 
  at <Default ref=Ref< Proxy(Object) > > 
  at <AsyncComponentWrapper ref=Ref< Proxy(Object) > > 
  at <LayoutLoader key="default" layoutProps= {ref: RefImpl} name="default" > 
  at <NuxtLayoutProvider layoutProps= {ref: RefImpl} key="default" name="default"  ... > 
  at <NuxtLayout > 
  at <App key=4 > 
  at <NuxtRoot> @ http://localhost:3001/_nuxt/@fs/home/meebuzo/github/alternate-framework/apps/ecosystem/meeovi-frontend/node_modules/@sentry/core/build/esm/instrument/console.js?v=ebf63685:42
[  338776ms] [WARNING] [Vue warn]: Avoid app logic that relies on enumerating keys on a component instance. The keys will be empty in production mode to avoid performance overhead. 
  at <VNavigationDrawer modelValue=undefined onUpdate:modelValue=fn location="right"  ... > 
  at <MenusTopmenuLayoutNotifications > 
  at <VCol class="notificationsHeader" > 
  at <VDefaultsProvider defaults= {VTabs: Object} > 
  at <VToolbar ref=Ref< Proxy(Object) > class="v-app-bar" style= {top: 0px, zIndex: 1014, transform: translateY(0px), position: fixed, height: undefined}  ... > 
  at <VAppBar id="topnav" > 
  at <MenusHeader drawer=false onToggleDrawer=fn > 
  at <ClientOnly > 
  at <VApp theme="light" class="auto-text" > 
  at <VResponsive class="border rounded" > 
  at <Default ref=Ref< Proxy(Object) > > 
  at <AsyncComponentWrapper ref=Ref< Proxy(Object) > > 
  at <LayoutLoader key="default" layoutProps= {ref: RefImpl} name="default" > 
  at <NuxtLayoutProvider layoutProps= {ref: RefImpl} key="default" name="default"  ... > 
  at <NuxtLayout > 
  at <App key=4 > 
  at <NuxtRoot> @ http://localhost:3001/_nuxt/@fs/home/meebuzo/github/alternate-framework/apps/ecosystem/meeovi-frontend/node_modules/@sentry/core/build/esm/instrument/console.js?v=ebf63685:42
[  338780ms] [WARNING] [Vue warn]: Avoid app logic that relies on enumerating keys on a component instance. The keys will be empty in production mode to avoid performance overhead. 
  at <VNavigationDrawer modelValue=undefined onUpdate:modelValue=fn location="right"  ... > 
  at <MenusTopmenuLayoutNotifications > 
  at <VCol class="notificationsHeader" > 
  at <VDefaultsProvider defaults= {VTabs: Object} > 
  at <VToolbar ref=Ref< Proxy(Object) > class="v-app-bar" style= {top: 0px, zIndex: 1014, transform: translateY(0px), position: fixed, height: undefined}  ... > 
  at <VAppBar id="topnav" > 
  at <MenusHeader drawer=false onToggleDrawer=fn > 
  at <ClientOnly > 
  at <VApp theme="light" class="auto-text" > 
  at <VResponsive class="border rounded" > 
  at <Default ref=Ref< Proxy(Object) > > 
  at <AsyncComponentWrapper ref=Ref< Proxy(Object) > > 
  at <LayoutLoader key="default" layoutProps= {ref: RefImpl} name="default" > 
  at <NuxtLayoutProvider layoutProps= {ref: RefImpl} key="default" name="default"  ... > 
  at <NuxtLayout > 
  at <App key=4 > 
  at <NuxtRoot> @ http://localhost:3001/_nuxt/@fs/home/meebuzo/github/alternate-framework/apps/ecosystem/meeovi-frontend/node_modules/@sentry/core/build/esm/instrument/console.js?v=ebf63685:42
[  338784ms] [ERROR] Connecting to 'https://o996770.ingest.us.sentry.io/api/5955273/envelope/?sentry_version=7&sentry_key=df1b90fab7c44ce8aef097a63b468d61&sentry_client=sentry.javascript.nuxt%2F10.63.0' violates the following Content Security Policy directive: "connect-src 'self' https://*.mux.com". The action has been blocked. @ http://localhost:3001/_nuxt/@fs/home/meebuzo/github/alternate-framework/apps/ecosystem/meeovi-frontend/node_modules/@sentry/browser/build/npm/esm/dev/transports/fetch.js?v=ebf63685:31
[  338785ms] [ERROR] Fetch API cannot load https://o996770.ingest.us.sentry.io/api/5955273/envelope/?sentry_version=7&sentry_key=df1b90fab7c44ce8aef097a63b468d61&sentry_client=sentry.javascript.nuxt%2F10.63.0. Refused to connect because it violates the document's Content Security Policy. @ http://localhost:3001/_nuxt/@fs/home/meebuzo/github/alternate-framework/apps/ecosystem/meeovi-frontend/node_modules/@sentry/browser/build/npm/esm/dev/transports/fetch.js?v=ebf63685:31
[  338791ms] [WARNING] [Vue warn]: Avoid app logic that relies on enumerating keys on a component instance. The keys will be empty in production mode to avoid performance overhead. 
  at <VNavigationDrawer modelValue=undefined onUpdate:modelValue=fn location="right"  ... > 
  at <MenusTopmenuLayoutNotifications > 
  at <VCol class="notificationsHeader" > 
  at <VDefaultsProvider defaults= {VTabs: Object} > 
  at <VToolbar ref=Ref< Proxy(Object) > class="v-app-bar" style= {top: 0px, zIndex: 1014, transform: translateY(0px), position: fixed, height: undefined}  ... > 
  at <VAppBar id="topnav" > 
  at <MenusHeader drawer=false onToggleDrawer=fn > 
  at <ClientOnly > 
  at <VApp theme="light" class="auto-text" > 
  at <VResponsive class="border rounded" > 
  at <Default ref=Ref< Proxy(Object) > > 
  at <AsyncComponentWrapper ref=Ref< Proxy(Object) > > 
  at <LayoutLoader key="default" layoutProps= {ref: RefImpl} name="default" > 
  at <NuxtLayoutProvider layoutProps= {ref: RefImpl} key="default" name="default"  ... > 
  at <NuxtLayout > 
  at <App key=4 > 
  at <NuxtRoot> @ http://localhost:3001/_nuxt/@fs/home/meebuzo/github/alternate-framework/apps/ecosystem/meeovi-frontend/node_modules/@sentry/core/build/esm/instrument/console.js?v=ebf63685:42
[  338796ms] [WARNING] [Vue warn]: Avoid app logic that relies on enumerating keys on a component instance. The keys will be empty in production mode to avoid performance overhead. 
  at <VNavigationDrawer modelValue=undefined onUpdate:modelValue=fn location="right"  ... > 
  at <MenusTopmenuLayoutNotifications > 
  at <VCol class="notificationsHeader" > 
  at <VDefaultsProvider defaults= {VTabs: Object} > 
  at <VToolbar ref=Ref< Proxy(Object) > class="v-app-bar" style= {top: 0px, zIndex: 1014, transform: translateY(0px), position: fixed, height: undefined}  ... > 
  at <VAppBar id="topnav" > 
  at <MenusHeader drawer=false onToggleDrawer=fn > 
  at <ClientOnly > 
  at <VApp theme="light" class="auto-text" > 
  at <VResponsive class="border rounded" > 
  at <Default ref=Ref< Proxy(Object) > > 
  at <AsyncComponentWrapper ref=Ref< Proxy(Object) > > 
  at <LayoutLoader key="default" layoutProps= {ref: RefImpl} name="default" > 
  at <NuxtLayoutProvider layoutProps= {ref: RefImpl} key="default" name="default"  ... > 
  at <NuxtLayout > 
  at <App key=4 > 
  at <NuxtRoot> @ http://localhost:3001/_nuxt/@fs/home/meebuzo/github/alternate-framework/apps/ecosystem/meeovi-frontend/node_modules/@sentry/core/build/esm/instrument/console.js?v=ebf63685:42
[  338801ms] [WARNING] [Vue warn]: Avoid app logic that relies on enumerating keys on a component instance. The keys will be empty in production mode to avoid performance overhead. 
  at <VNavigationDrawer modelValue=undefined onUpdate:modelValue=fn location="right"  ... > 
  at <MenusTopmenuLayoutNotifications > 
  at <VCol class="notificationsHeader" > 
  at <VDefaultsProvider defaults= {VTabs: Object} > 
  at <VToolbar ref=Ref< Proxy(Object) > class="v-app-bar" style= {top: 0px, zIndex: 1014, transform: translateY(0px), position: fixed, height: undefined}  ... > 
  at <VAppBar id="topnav" > 
  at <MenusHeader drawer=false onToggleDrawer=fn > 
  at <ClientOnly > 
  at <VApp theme="light" class="auto-text" > 
  at <VResponsive class="border rounded" > 
  at <Default ref=Ref< Proxy(Object) > > 
  at <AsyncComponentWrapper ref=Ref< Proxy(Object) > > 
  at <LayoutLoader key="default" layoutProps= {ref: RefImpl} name="default" > 
  at <NuxtLayoutProvider layoutProps= {ref: RefImpl} key="default" name="default"  ... > 
  at <NuxtLayout > 
  at <App key=4 > 
  at <NuxtRoot> @ http://localhost:3001/_nuxt/@fs/home/meebuzo/github/alternate-framework/apps/ecosystem/meeovi-frontend/node_modules/@sentry/core/build/esm/instrument/console.js?v=ebf63685:42
[  338804ms] [WARNING] [Vue warn]: Avoid app logic that relies on enumerating keys on a component instance. The keys will be empty in production mode to avoid performance overhead. 
  at <VNavigationDrawer modelValue=undefined onUpdate:modelValue=fn location="right"  ... > 
  at <MenusTopmenuLayoutNotifications > 
  at <VCol class="notificationsHeader" > 
  at <VDefaultsProvider defaults= {VTabs: Object} > 
  at <VToolbar ref=Ref< Proxy(Object) > class="v-app-bar" style= {top: 0px, zIndex: 1014, transform: translateY(0px), position: fixed, height: undefined}  ... > 
  at <VAppBar id="topnav" > 
  at <MenusHeader drawer=false onToggleDrawer=fn > 
  at <ClientOnly > 
  at <VApp theme="light" class="auto-text" > 
  at <VResponsive class="border rounded" > 
  at <Default ref=Ref< Proxy(Object) > > 
  at <AsyncComponentWrapper ref=Ref< Proxy(Object) > > 
  at <LayoutLoader key="default" layoutProps= {ref: RefImpl} name="default" > 
  at <NuxtLayoutProvider layoutProps= {ref: RefImpl} key="default" name="default"  ... > 
  at <NuxtLayout > 
  at <App key=4 > 
  at <NuxtRoot> @ http://localhost:3001/_nuxt/@fs/home/meebuzo/github/alternate-framework/apps/ecosystem/meeovi-frontend/node_modules/@sentry/core/build/esm/instrument/console.js?v=ebf63685:42
[  338809ms] [WARNING] [Vue warn]: Avoid app logic that relies on enumerating keys on a component instance. The keys will be empty in production mode to avoid performance overhead. 
  at <VNavigationDrawer modelValue=undefined onUpdate:modelValue=fn location="right"  ... > 
  at <MenusTopmenuLayoutNotifications > 
  at <VCol class="notificationsHeader" > 
  at <VDefaultsProvider defaults= {VTabs: Object} > 
  at <VToolbar ref=Ref< Proxy(Object) > class="v-app-bar" style= {top: 0px, zIndex: 1014, transform: translateY(0px), position: fixed, height: undefined}  ... > 
  at <VAppBar id="topnav" > 
  at <MenusHeader drawer=false onToggleDrawer=fn > 
  at <ClientOnly > 
  at <VApp theme="light" class="auto-text" > 
  at <VResponsive class="border rounded" > 
  at <Default ref=Ref< Proxy(Object) > > 
  at <AsyncComponentWrapper ref=Ref< Proxy(Object) > > 
  at <LayoutLoader key="default" layoutProps= {ref: RefImpl} name="default" > 
  at <NuxtLayoutProvider layoutProps= {ref: RefImpl} key="default" name="default"  ... > 
  at <NuxtLayout > 
  at <App key=4 > 
  at <NuxtRoot> @ http://localhost:3001/_nuxt/@fs/home/meebuzo/github/alternate-framework/apps/ecosystem/meeovi-frontend/node_modules/@sentry/core/build/esm/instrument/console.js?v=ebf63685:42
[  338814ms] [WARNING] [Vue warn]: Avoid app logic that relies on enumerating keys on a component instance. The keys will be empty in production mode to avoid performance overhead. 
  at <VNavigationDrawer modelValue=undefined onUpdate:modelValue=fn location="right"  ... > 
  at <MenusTopmenuLayoutNotifications > 
  at <VCol class="notificationsHeader" > 
  at <VDefaultsProvider defaults= {VTabs: Object} > 
  at <VToolbar ref=Ref< Proxy(Object) > class="v-app-bar" style= {top: 0px, zIndex: 1014, transform: translateY(0px), position: fixed, height: undefined}  ... > 
  at <VAppBar id="topnav" > 
  at <MenusHeader drawer=false onToggleDrawer=fn > 
  at <ClientOnly > 
  at <VApp theme="light" class="auto-text" > 
  at <VResponsive class="border rounded" > 
  at <Default ref=Ref< Proxy(Object) > > 
  at <AsyncComponentWrapper ref=Ref< Proxy(Object) > > 
  at <LayoutLoader key="default" layoutProps= {ref: RefImpl} name="default" > 
  at <NuxtLayoutProvider layoutProps= {ref: RefImpl} key="default" name="default"  ... > 
  at <NuxtLayout > 
  at <App key=4 > 
  at <NuxtRoot> @ http://localhost:3001/_nuxt/@fs/home/meebuzo/github/alternate-framework/apps/ecosystem/meeovi-frontend/node_modules/@sentry/core/build/esm/instrument/console.js?v=ebf63685:42
[  338818ms] [WARNING] [Vue warn]: Avoid app logic that relies on enumerating keys on a component instance. The keys will be empty in production mode to avoid performance overhead. 
  at <VNavigationDrawer modelValue=undefined onUpdate:modelValue=fn location="right"  ... > 
  at <MenusTopmenuLayoutNotifications > 
  at <VCol class="notificationsHeader" > 
  at <VDefaultsProvider defaults= {VTabs: Object} > 
  at <VToolbar ref=Ref< Proxy(Object) > class="v-app-bar" style= {top: 0px, zIndex: 1014, transform: translateY(0px), position: fixed, height: undefined}  ... > 
  at <VAppBar id="topnav" > 
  at <MenusHeader drawer=false onToggleDrawer=fn > 
  at <ClientOnly > 
  at <VApp theme="light" class="auto-text" > 
  at <VResponsive class="border rounded" > 
  at <Default ref=Ref< Proxy(Object) > > 
  at <AsyncComponentWrapper ref=Ref< Proxy(Object) > > 
  at <LayoutLoader key="default" layoutProps= {ref: RefImpl} name="default" > 
  at <NuxtLayoutProvider layoutProps= {ref: RefImpl} key="default" name="default"  ... > 
  at <NuxtLayout > 
  at <App key=4 > 
  at <NuxtRoot> @ http://localhost:3001/_nuxt/@fs/home/meebuzo/github/alternate-framework/apps/ecosystem/meeovi-frontend/node_modules/@sentry/core/build/esm/instrument/console.js?v=ebf63685:42
[  338821ms] [WARNING] [Vue warn]: Avoid app logic that relies on enumerating keys on a component instance. The keys will be empty in production mode to avoid performance overhead. 
  at <VNavigationDrawer modelValue=undefined onUpdate:modelValue=fn location="right"  ... > 
  at <MenusTopmenuLayoutNotifications > 
  at <VCol class="notificationsHeader" > 
  at <VDefaultsProvider defaults= {VTabs: Object} > 
  at <VToolbar ref=Ref< Proxy(Object) > class="v-app-bar" style= {top: 0px, zIndex: 1014, transform: translateY(0px), position: fixed, height: undefined}  ... > 
  at <VAppBar id="topnav" > 
  at <MenusHeader drawer=false onToggleDrawer=fn > 
  at <ClientOnly > 
  at <VApp theme="light" class="auto-text" > 
  at <VResponsive class="border rounded" > 
  at <Default ref=Ref< Proxy(Object) > > 
  at <AsyncComponentWrapper ref=Ref< Proxy(Object) > > 
  at <LayoutLoader key="default" layoutProps= {ref: RefImpl} name="default" > 
  at <NuxtLayoutProvider layoutProps= {ref: RefImpl} key="default" name="default"  ... > 
  at <NuxtLayout > 
  at <App key=4 > 
  at <NuxtRoot> @ http://localhost:3001/_nuxt/@fs/home/meebuzo/github/alternate-framework/apps/ecosystem/meeovi-frontend/node_modules/@sentry/core/build/esm/instrument/console.js?v=ebf63685:42
[  338826ms] [WARNING] [Vue warn]: Avoid app logic that relies on enumerating keys on a component instance. The keys will be empty in production mode to avoid performance overhead. 
  at <VNavigationDrawer modelValue=undefined onUpdate:modelValue=fn location="right"  ... > 
  at <MenusTopmenuLayoutNotifications > 
  at <VCol class="notificationsHeader" > 
  at <VDefaultsProvider defaults= {VTabs: Object} > 
  at <VToolbar ref=Ref< Proxy(Object) > class="v-app-bar" style= {top: 0px, zIndex: 1014, transform: translateY(0px), position: fixed, height: undefined}  ... > 
  at <VAppBar id="topnav" > 
  at <MenusHeader drawer=false onToggleDrawer=fn > 
  at <ClientOnly > 
  at <VApp theme="light" class="auto-text" > 
  at <VResponsive class="border rounded" > 
  at <Default ref=Ref< Proxy(Object) > > 
  at <AsyncComponentWrapper ref=Ref< Proxy(Object) > > 
  at <LayoutLoader key="default" layoutProps= {ref: RefImpl} name="default" > 
  at <NuxtLayoutProvider layoutProps= {ref: RefImpl} key="default" name="default"  ... > 
  at <NuxtLayout > 
  at <App key=4 > 
  at <NuxtRoot> @ http://localhost:3001/_nuxt/@fs/home/meebuzo/github/alternate-framework/apps/ecosystem/meeovi-frontend/node_modules/@sentry/core/build/esm/instrument/console.js?v=ebf63685:42
[  338830ms] [WARNING] [Vue warn]: Avoid app logic that relies on enumerating keys on a component instance. The keys will be empty in production mode to avoid performance overhead. 
  at <VNavigationDrawer modelValue=undefined onUpdate:modelValue=fn location="right"  ... > 
  at <MenusTopmenuLayoutNotifications > 
  at <VCol class="notificationsHeader" > 
  at <VDefaultsProvider defaults= {VTabs: Object} > 
  at <VToolbar ref=Ref< Proxy(Object) > class="v-app-bar" style= {top: 0px, zIndex: 1014, transform: translateY(0px), position: fixed, height: undefined}  ... > 
  at <VAppBar id="topnav" > 
  at <MenusHeader drawer=false onToggleDrawer=fn > 
  at <ClientOnly > 
  at <VApp theme="light" class="auto-text" > 
  at <VResponsive class="border rounded" > 
  at <Default ref=Ref< Proxy(Object) > > 
  at <AsyncComponentWrapper ref=Ref< Proxy(Object) > > 
  at <LayoutLoader key="default" layoutProps= {ref: RefImpl} name="default" > 
  at <NuxtLayoutProvider layoutProps= {ref: RefImpl} key="default" name="default"  ... > 
  at <NuxtLayout > 
  at <App key=4 > 
  at <NuxtRoot> @ http://localhost:3001/_nuxt/@fs/home/meebuzo/github/alternate-framework/apps/ecosystem/meeovi-frontend/node_modules/@sentry/core/build/esm/instrument/console.js?v=ebf63685:42
[  338833ms] [WARNING] [Vue warn]: Avoid app logic that relies on enumerating keys on a component instance. The keys will be empty in production mode to avoid performance overhead. 
  at <VNavigationDrawer modelValue=undefined onUpdate:modelValue=fn location="right"  ... > 
  at <MenusTopmenuLayoutNotifications > 
  at <VCol class="notificationsHeader" > 
  at <VDefaultsProvider defaults= {VTabs: Object} > 
  at <VToolbar ref=Ref< Proxy(Object) > class="v-app-bar" style= {top: 0px, zIndex: 1014, transform: translateY(0px), position: fixed, height: undefined}  ... > 
  at <VAppBar id="topnav" > 
  at <MenusHeader drawer=false onToggleDrawer=fn > 
  at <ClientOnly > 
  at <VApp theme="light" class="auto-text" > 
  at <VResponsive class="border rounded" > 
  at <Default ref=Ref< Proxy(Object) > > 
  at <AsyncComponentWrapper ref=Ref< Proxy(Object) > > 
  at <LayoutLoader key="default" layoutProps= {ref: RefImpl} name="default" > 
  at <NuxtLayoutProvider layoutProps= {ref: RefImpl} key="default" name="default"  ... > 
  at <NuxtLayout > 
  at <App key=4 > 
  at <NuxtRoot> @ http://localhost:3001/_nuxt/@fs/home/meebuzo/github/alternate-framework/apps/ecosystem/meeovi-frontend/node_modules/@sentry/core/build/esm/instrument/console.js?v=ebf63685:42
[  338836ms] [WARNING] [Vue warn]: Avoid app logic that relies on enumerating keys on a component instance. The keys will be empty in production mode to avoid performance overhead. 
  at <VNavigationDrawer modelValue=undefined onUpdate:modelValue=fn location="right"  ... > 
  at <MenusTopmenuLayoutNotifications > 
  at <VCol class="notificationsHeader" > 
  at <VDefaultsProvider defaults= {VTabs: Object} > 
  at <VToolbar ref=Ref< Proxy(Object) > class="v-app-bar" style= {top: 0px, zIndex: 1014, transform: translateY(0px), position: fixed, height: undefined}  ... > 
  at <VAppBar id="topnav" > 
  at <MenusHeader drawer=false onToggleDrawer=fn > 
  at <ClientOnly > 
  at <VApp theme="light" class="auto-text" > 
  at <VResponsive class="border rounded" > 
  at <Default ref=Ref< Proxy(Object) > > 
  at <AsyncComponentWrapper ref=Ref< Proxy(Object) > > 
  at <LayoutLoader key="default" layoutProps= {ref: RefImpl} name="default" > 
  at <NuxtLayoutProvider layoutProps= {ref: RefImpl} key="default" name="default"  ... > 
  at <NuxtLayout > 
  at <App key=4 > 
  at <NuxtRoot> @ http://localhost:3001/_nuxt/@fs/home/meebuzo/github/alternate-framework/apps/ecosystem/meeovi-frontend/node_modules/@sentry/core/build/esm/instrument/console.js?v=ebf63685:42
[  338840ms] [WARNING] [Vue warn]: Avoid app logic that relies on enumerating keys on a component instance. The keys will be empty in production mode to avoid performance overhead. 
  at <VNavigationDrawer modelValue=undefined onUpdate:modelValue=fn location="right"  ... > 
  at <MenusTopmenuLayoutNotifications > 
  at <VCol class="notificationsHeader" > 
  at <VDefaultsProvider defaults= {VTabs: Object} > 
  at <VToolbar ref=Ref< Proxy(Object) > class="v-app-bar" style= {top: 0px, zIndex: 1014, transform: translateY(0px), position: fixed, height: undefined}  ... > 
  at <VAppBar id="topnav" > 
  at <MenusHeader drawer=false onToggleDrawer=fn > 
  at <ClientOnly > 
  at <VApp theme="light" class="auto-text" > 
  at <VResponsive class="border rounded" > 
  at <Default ref=Ref< Proxy(Object) > > 
  at <AsyncComponentWrapper ref=Ref< Proxy(Object) > > 
  at <LayoutLoader key="default" layoutProps= {ref: RefImpl} name="default" > 
  at <NuxtLayoutProvider layoutProps= {ref: RefImpl} key="default" name="default"  ... > 
  at <NuxtLayout > 
  at <App key=4 > 
  at <NuxtRoot> @ http://localhost:3001/_nuxt/@fs/home/meebuzo/github/alternate-framework/apps/ecosystem/meeovi-frontend/node_modules/@sentry/core/build/esm/instrument/console.js?v=ebf63685:42
[  338844ms] [WARNING] [Vue warn]: Avoid app logic that relies on enumerating keys on a component instance. The keys will be empty in production mode to avoid performance overhead. 
  at <VNavigationDrawer modelValue=undefined onUpdate:modelValue=fn location="right"  ... > 
  at <MenusTopmenuLayoutNotifications > 
  at <VCol class="notificationsHeader" > 
  at <VDefaultsProvider defaults= {VTabs: Object} > 
  at <VToolbar ref=Ref< Proxy(Object) > class="v-app-bar" style= {top: 0px, zIndex: 1014, transform: translateY(0px), position: fixed, height: undefined}  ... > 
  at <VAppBar id="topnav" > 
  at <MenusHeader drawer=false onToggleDrawer=fn > 
  at <ClientOnly > 
  at <VApp theme="light" class="auto-text" > 
  at <VResponsive class="border rounded" > 
  at <Default ref=Ref< Proxy(Object) > > 
  at <AsyncComponentWrapper ref=Ref< Proxy(Object) > > 
  at <LayoutLoader key="default" layoutProps= {ref: RefImpl} name="default" > 
  at <NuxtLayoutProvider layoutProps= {ref: RefImpl} key="default" name="default"  ... > 
  at <NuxtLayout > 
  at <App key=4 > 
  at <NuxtRoot> @ http://localhost:3001/_nuxt/@fs/home/meebuzo/github/alternate-framework/apps/ecosystem/meeovi-frontend/node_modules/@sentry/core/build/esm/instrument/console.js?v=ebf63685:42
[  338857ms] [WARNING] [Vue warn]: Avoid app logic that relies on enumerating keys on a component instance. The keys will be empty in production mode to avoid performance overhead. 
  at <VNavigationDrawer modelValue=undefined onUpdate:modelValue=fn location="right"  ... > 
  at <MenusTopmenuLayoutNotifications > 
  at <VCol class="notificationsHeader" > 
  at <VDefaultsProvider defaults= {VTabs: Object} > 
  at <VToolbar ref=Ref< Proxy(Object) > class="v-app-bar" style= {top: 0px, zIndex: 1014, transform: translateY(0px), position: fixed, height: undefined}  ... > 
  at <VAppBar id="topnav" > 
  at <MenusHeader drawer=false onToggleDrawer=fn > 
  at <ClientOnly > 
  at <VApp theme="light" class="auto-text" > 
  at <VResponsive class="border rounded" > 
  at <Default ref=Ref< Proxy(Object) > > 
  at <AsyncComponentWrapper ref=Ref< Proxy(Object) > > 
  at <LayoutLoader key="default" layoutProps= {ref: RefImpl} name="default" > 
  at <NuxtLayoutProvider layoutProps= {ref: RefImpl} key="default" name="default"  ... > 
  at <NuxtLayout > 
  at <App key=4 > 
  at <NuxtRoot> @ http://localhost:3001/_nuxt/@fs/home/meebuzo/github/alternate-framework/apps/ecosystem/meeovi-frontend/node_modules/@sentry/core/build/esm/instrument/console.js?v=ebf63685:42
[  338860ms] [WARNING] [Vue warn]: Avoid app logic that relies on enumerating keys on a component instance. The keys will be empty in production mode to avoid performance overhead. 
  at <VNavigationDrawer modelValue=undefined onUpdate:modelValue=fn location="right"  ... > 
  at <MenusTopmenuLayoutNotifications > 
  at <VCol class="notificationsHeader" > 
  at <VDefaultsProvider defaults= {VTabs: Object} > 
  at <VToolbar ref=Ref< Proxy(Object) > class="v-app-bar" style= {top: 0px, zIndex: 1014, transform: translateY(0px), position: fixed, height: undefined}  ... > 
  at <VAppBar id="topnav" > 
  at <MenusHeader drawer=false onToggleDrawer=fn > 
  at <ClientOnly > 
  at <VApp theme="light" class="auto-text" > 
  at <VResponsive class="border rounded" > 
  at <Default ref=Ref< Proxy(Object) > > 
  at <AsyncComponentWrapper ref=Ref< Proxy(Object) > > 
  at <LayoutLoader key="default" layoutProps= {ref: RefImpl} name="default" > 
  at <NuxtLayoutProvider layoutProps= {ref: RefImpl} key="default" name="default"  ... > 
  at <NuxtLayout > 
  at <App key=4 > 
  at <NuxtRoot> @ http://localhost:3001/_nuxt/@fs/home/meebuzo/github/alternate-framework/apps/ecosystem/meeovi-frontend/node_modules/@sentry/core/build/esm/instrument/console.js?v=ebf63685:42
[  338863ms] [WARNING] [Vue warn]: Avoid app logic that relies on enumerating keys on a component instance. The keys will be empty in production mode to avoid performance overhead. 
  at <VNavigationDrawer modelValue=undefined onUpdate:modelValue=fn location="right"  ... > 
  at <MenusTopmenuLayoutNotifications > 
  at <VCol class="notificationsHeader" > 
  at <VDefaultsProvider defaults= {VTabs: Object} > 
  at <VToolbar ref=Ref< Proxy(Object) > class="v-app-bar" style= {top: 0px, zIndex: 1014, transform: translateY(0px), position: fixed, height: undefined}  ... > 
  at <VAppBar id="topnav" > 
  at <MenusHeader drawer=false onToggleDrawer=fn > 
  at <ClientOnly > 
  at <VApp theme="light" class="auto-text" > 
  at <VResponsive class="border rounded" > 
  at <Default ref=Ref< Proxy(Object) > > 
  at <AsyncComponentWrapper ref=Ref< Proxy(Object) > > 
  at <LayoutLoader key="default" layoutProps= {ref: RefImpl} name="default" > 
  at <NuxtLayoutProvider layoutProps= {ref: RefImpl} key="default" name="default"  ... > 
  at <NuxtLayout > 
  at <App key=4 > 
  at <NuxtRoot> @ http://localhost:3001/_nuxt/@fs/home/meebuzo/github/alternate-framework/apps/ecosystem/meeovi-frontend/node_modules/@sentry/core/build/esm/instrument/console.js?v=ebf63685:42
[  338866ms] [WARNING] [Vue warn]: Avoid app logic that relies on enumerating keys on a component instance. The keys will be empty in production mode to avoid performance overhead. 
  at <VNavigationDrawer modelValue=undefined onUpdate:modelValue=fn location="right"  ... > 
  at <MenusTopmenuLayoutNotifications > 
  at <VCol class="notificationsHeader" > 
  at <VDefaultsProvider defaults= {VTabs: Object} > 
  at <VToolbar ref=Ref< Proxy(Object) > class="v-app-bar" style= {top: 0px, zIndex: 1014, transform: translateY(0px), position: fixed, height: undefined}  ... > 
  at <VAppBar id="topnav" > 
  at <MenusHeader drawer=false onToggleDrawer=fn > 
  at <ClientOnly > 
  at <VApp theme="light" class="auto-text" > 
  at <VResponsive class="border rounded" > 
  at <Default ref=Ref< Proxy(Object) > > 
  at <AsyncComponentWrapper ref=Ref< Proxy(Object) > > 
  at <LayoutLoader key="default" layoutProps= {ref: RefImpl} name="default" > 
  at <NuxtLayoutProvider layoutProps= {ref: RefImpl} key="default" name="default"  ... > 
  at <NuxtLayout > 
  at <App key=4 > 
  at <NuxtRoot> @ http://localhost:3001/_nuxt/@fs/home/meebuzo/github/alternate-framework/apps/ecosystem/meeovi-frontend/node_modules/@sentry/core/build/esm/instrument/console.js?v=ebf63685:42
[  338869ms] [WARNING] [Vue warn]: Avoid app logic that relies on enumerating keys on a component instance. The keys will be empty in production mode to avoid performance overhead. 
  at <VNavigationDrawer modelValue=undefined onUpdate:modelValue=fn location="right"  ... > 
  at <MenusTopmenuLayoutNotifications > 
  at <VCol class="notificationsHeader" > 
  at <VDefaultsProvider defaults= {VTabs: Object} > 
  at <VToolbar ref=Ref< Proxy(Object) > class="v-app-bar" style= {top: 0px, zIndex: 1014, transform: translateY(0px), position: fixed, height: undefined}  ... > 
  at <VAppBar id="topnav" > 
  at <MenusHeader drawer=false onToggleDrawer=fn > 
  at <ClientOnly > 
  at <VApp theme="light" class="auto-text" > 
  at <VResponsive class="border rounded" > 
  at <Default ref=Ref< Proxy(Object) > > 
  at <AsyncComponentWrapper ref=Ref< Proxy(Object) > > 
  at <LayoutLoader key="default" layoutProps= {ref: RefImpl} name="default" > 
  at <NuxtLayoutProvider layoutProps= {ref: RefImpl} key="default" name="default"  ... > 
  at <NuxtLayout > 
  at <App key=4 > 
  at <NuxtRoot> @ http://localhost:3001/_nuxt/@fs/home/meebuzo/github/alternate-framework/apps/ecosystem/meeovi-frontend/node_modules/@sentry/core/build/esm/instrument/console.js?v=ebf63685:42
[  338873ms] [WARNING] [Vue warn]: Avoid app logic that relies on enumerating keys on a component instance. The keys will be empty in production mode to avoid performance overhead. 
  at <VNavigationDrawer modelValue=undefined onUpdate:modelValue=fn location="right"  ... > 
  at <MenusTopmenuLayoutNotifications > 
  at <VCol class="notificationsHeader" > 
  at <VDefaultsProvider defaults= {VTabs: Object} > 
  at <VToolbar ref=Ref< Proxy(Object) > class="v-app-bar" style= {top: 0px, zIndex: 1014, transform: translateY(0px), position: fixed, height: undefined}  ... > 
  at <VAppBar id="topnav" > 
  at <MenusHeader drawer=false onToggleDrawer=fn > 
  at <ClientOnly > 
  at <VApp theme="light" class="auto-text" > 
  at <VResponsive class="border rounded" > 
  at <Default ref=Ref< Proxy(Object) > > 
  at <AsyncComponentWrapper ref=Ref< Proxy(Object) > > 
  at <LayoutLoader key="default" layoutProps= {ref: RefImpl} name="default" > 
  at <NuxtLayoutProvider layoutProps= {ref: RefImpl} key="default" name="default"  ... > 
  at <NuxtLayout > 
  at <App key=4 > 
  at <NuxtRoot> @ http://localhost:3001/_nuxt/@fs/home/meebuzo/github/alternate-framework/apps/ecosystem/meeovi-frontend/node_modules/@sentry/core/build/esm/instrument/console.js?v=ebf63685:42
[  338877ms] [WARNING] [Vue warn]: Avoid app logic that relies on enumerating keys on a component instance. The keys will be empty in production mode to avoid performance overhead. 
  at <VNavigationDrawer modelValue=undefined onUpdate:modelValue=fn location="right"  ... > 
  at <MenusTopmenuLayoutNotifications > 
  at <VCol class="notificationsHeader" > 
  at <VDefaultsProvider defaults= {VTabs: Object} > 
  at <VToolbar ref=Ref< Proxy(Object) > class="v-app-bar" style= {top: 0px, zIndex: 1014, transform: translateY(0px), position: fixed, height: undefined}  ... > 
  at <VAppBar id="topnav" > 
  at <MenusHeader drawer=false onToggleDrawer=fn > 
  at <ClientOnly > 
  at <VApp theme="light" class="auto-text" > 
  at <VResponsive class="border rounded" > 
  at <Default ref=Ref< Proxy(Object) > > 
  at <AsyncComponentWrapper ref=Ref< Proxy(Object) > > 
  at <LayoutLoader key="default" layoutProps= {ref: RefImpl} name="default" > 
  at <NuxtLayoutProvider layoutProps= {ref: RefImpl} key="default" name="default"  ... > 
  at <NuxtLayout > 
  at <App key=4 > 
  at <NuxtRoot> @ http://localhost:3001/_nuxt/@fs/home/meebuzo/github/alternate-framework/apps/ecosystem/meeovi-frontend/node_modules/@sentry/core/build/esm/instrument/console.js?v=ebf63685:42
[  338881ms] [WARNING] [Vue warn]: Avoid app logic that relies on enumerating keys on a component instance. The keys will be empty in production mode to avoid performance overhead. 
  at <VNavigationDrawer modelValue=undefined onUpdate:modelValue=fn location="right"  ... > 
  at <MenusTopmenuLayoutNotifications > 
  at <VCol class="notificationsHeader" > 
  at <VDefaultsProvider defaults= {VTabs: Object} > 
  at <VToolbar ref=Ref< Proxy(Object) > class="v-app-bar" style= {top: 0px, zIndex: 1014, transform: translateY(0px), position: fixed, height: undefined}  ... > 
  at <VAppBar id="topnav" > 
  at <MenusHeader drawer=false onToggleDrawer=fn > 
  at <ClientOnly > 
  at <VApp theme="light" class="auto-text" > 
  at <VResponsive class="border rounded" > 
  at <Default ref=Ref< Proxy(Object) > > 
  at <AsyncComponentWrapper ref=Ref< Proxy(Object) > > 
  at <LayoutLoader key="default" layoutProps= {ref: RefImpl} name="default" > 
  at <NuxtLayoutProvider layoutProps= {ref: RefImpl} key="default" name="default"  ... > 
  at <NuxtLayout > 
  at <App key=4 > 
  at <NuxtRoot> @ http://localhost:3001/_nuxt/@fs/home/meebuzo/github/alternate-framework/apps/ecosystem/meeovi-frontend/node_modules/@sentry/core/build/esm/instrument/console.js?v=ebf63685:42
[  338884ms] [WARNING] [Vue warn]: Avoid app logic that relies on enumerating keys on a component instance. The keys will be empty in production mode to avoid performance overhead. 
  at <VNavigationDrawer modelValue=undefined onUpdate:modelValue=fn location="right"  ... > 
  at <MenusTopmenuLayoutNotifications > 
  at <VCol class="notificationsHeader" > 
  at <VDefaultsProvider defaults= {VTabs: Object} > 
  at <VToolbar ref=Ref< Proxy(Object) > class="v-app-bar" style= {top: 0px, zIndex: 1014, transform: translateY(0px), position: fixed, height: undefined}  ... > 
  at <VAppBar id="topnav" > 
  at <MenusHeader drawer=false onToggleDrawer=fn > 
  at <ClientOnly > 
  at <VApp theme="light" class="auto-text" > 
  at <VResponsive class="border rounded" > 
  at <Default ref=Ref< Proxy(Object) > > 
  at <AsyncComponentWrapper ref=Ref< Proxy(Object) > > 
  at <LayoutLoader key="default" layoutProps= {ref: RefImpl} name="default" > 
  at <NuxtLayoutProvider layoutProps= {ref: RefImpl} key="default" name="default"  ... > 
  at <NuxtLayout > 
  at <App key=4 > 
  at <NuxtRoot> @ http://localhost:3001/_nuxt/@fs/home/meebuzo/github/alternate-framework/apps/ecosystem/meeovi-frontend/node_modules/@sentry/core/build/esm/instrument/console.js?v=ebf63685:42
[  338888ms] [WARNING] [Vue warn]: Avoid app logic that relies on enumerating keys on a component instance. The keys will be empty in production mode to avoid performance overhead. 
  at <VNavigationDrawer modelValue=undefined onUpdate:modelValue=fn location="right"  ... > 
  at <MenusTopmenuLayoutNotifications > 
  at <VCol class="notificationsHeader" > 
  at <VDefaultsProvider defaults= {VTabs: Object} > 
  at <VToolbar ref=Ref< Proxy(Object) > class="v-app-bar" style= {top: 0px, zIndex: 1014, transform: translateY(0px), position: fixed, height: undefined}  ... > 
  at <VAppBar id="topnav" > 
  at <MenusHeader drawer=false onToggleDrawer=fn > 
  at <ClientOnly > 
  at <VApp theme="light" class="auto-text" > 
  at <VResponsive class="border rounded" > 
  at <Default ref=Ref< Proxy(Object) > > 
  at <AsyncComponentWrapper ref=Ref< Proxy(Object) > > 
  at <LayoutLoader key="default" layoutProps= {ref: RefImpl} name="default" > 
  at <NuxtLayoutProvider layoutProps= {ref: RefImpl} key="default" name="default"  ... > 
  at <NuxtLayout > 
  at <App key=4 > 
  at <NuxtRoot> @ http://localhost:3001/_nuxt/@fs/home/meebuzo/github/alternate-framework/apps/ecosystem/meeovi-frontend/node_modules/@sentry/core/build/esm/instrument/console.js?v=ebf63685:42
[  338892ms] [WARNING] [Vue warn]: Avoid app logic that relies on enumerating keys on a component instance. The keys will be empty in production mode to avoid performance overhead. 
  at <VNavigationDrawer modelValue=undefined onUpdate:modelValue=fn location="right"  ... > 
  at <MenusTopmenuLayoutNotifications > 
  at <VCol class="notificationsHeader" > 
  at <VDefaultsProvider defaults= {VTabs: Object} > 
  at <VToolbar ref=Ref< Proxy(Object) > class="v-app-bar" style= {top: 0px, zIndex: 1014, transform: translateY(0px), position: fixed, height: undefined}  ... > 
  at <VAppBar id="topnav" > 
  at <MenusHeader drawer=false onToggleDrawer=fn > 
  at <ClientOnly > 
  at <VApp theme="light" class="auto-text" > 
  at <VResponsive class="border rounded" > 
  at <Default ref=Ref< Proxy(Object) > > 
  at <AsyncComponentWrapper ref=Ref< Proxy(Object) > > 
  at <LayoutLoader key="default" layoutProps= {ref: RefImpl} name="default" > 
  at <NuxtLayoutProvider layoutProps= {ref: RefImpl} key="default" name="default"  ... > 
  at <NuxtLayout > 
  at <App key=4 > 
  at <NuxtRoot> @ http://localhost:3001/_nuxt/@fs/home/meebuzo/github/alternate-framework/apps/ecosystem/meeovi-frontend/node_modules/@sentry/core/build/esm/instrument/console.js?v=ebf63685:42
[  338895ms] [WARNING] [Vue warn]: Avoid app logic that relies on enumerating keys on a component instance. The keys will be empty in production mode to avoid performance overhead. 
  at <VNavigationDrawer modelValue=undefined onUpdate:modelValue=fn location="right"  ... > 
  at <MenusTopmenuLayoutNotifications > 
  at <VCol class="notificationsHeader" > 
  at <VDefaultsProvider defaults= {VTabs: Object} > 
  at <VToolbar ref=Ref< Proxy(Object) > class="v-app-bar" style= {top: 0px, zIndex: 1014, transform: translateY(0px), position: fixed, height: undefined}  ... > 
  at <VAppBar id="topnav" > 
  at <MenusHeader drawer=false onToggleDrawer=fn > 
  at <ClientOnly > 
  at <VApp theme="light" class="auto-text" > 
  at <VResponsive class="border rounded" > 
  at <Default ref=Ref< Proxy(Object) > > 
  at <AsyncComponentWrapper ref=Ref< Proxy(Object) > > 
  at <LayoutLoader key="default" layoutProps= {ref: RefImpl} name="default" > 
  at <NuxtLayoutProvider layoutProps= {ref: RefImpl} key="default" name="default"  ... > 
  at <NuxtLayout > 
  at <App key=4 > 
  at <NuxtRoot> @ http://localhost:3001/_nuxt/@fs/home/meebuzo/github/alternate-framework/apps/ecosystem/meeovi-frontend/node_modules/@sentry/core/build/esm/instrument/console.js?v=ebf63685:42
[  338900ms] [WARNING] [Vue warn]: Avoid app logic that relies on enumerating keys on a component instance. The keys will be empty in production mode to avoid performance overhead. 
  at <VNavigationDrawer modelValue=undefined onUpdate:modelValue=fn location="right"  ... > 
  at <MenusTopmenuLayoutNotifications > 
  at <VCol class="notificationsHeader" > 
  at <VDefaultsProvider defaults= {VTabs: Object} > 
  at <VToolbar ref=Ref< Proxy(Object) > class="v-app-bar" style= {top: 0px, zIndex: 1014, transform: translateY(0px), position: fixed, height: undefined}  ... > 
  at <VAppBar id="topnav" > 
  at <MenusHeader drawer=false onToggleDrawer=fn > 
  at <ClientOnly > 
  at <VApp theme="light" class="auto-text" > 
  at <VResponsive class="border rounded" > 
  at <Default ref=Ref< Proxy(Object) > > 
  at <AsyncComponentWrapper ref=Ref< Proxy(Object) > > 
  at <LayoutLoader key="default" layoutProps= {ref: RefImpl} name="default" > 
  at <NuxtLayoutProvider layoutProps= {ref: RefImpl} key="default" name="default"  ... > 
  at <NuxtLayout > 
  at <App key=4 > 
  at <NuxtRoot> @ http://localhost:3001/_nuxt/@fs/home/meebuzo/github/alternate-framework/apps/ecosystem/meeovi-frontend/node_modules/@sentry/core/build/esm/instrument/console.js?v=ebf63685:42
[  338903ms] [WARNING] [Vue warn]: Avoid app logic that relies on enumerating keys on a component instance. The keys will be empty in production mode to avoid performance overhead. 
  at <VNavigationDrawer modelValue=undefined onUpdate:modelValue=fn location="right"  ... > 
  at <MenusTopmenuLayoutNotifications > 
  at <VCol class="notificationsHeader" > 
  at <VDefaultsProvider defaults= {VTabs: Object} > 
  at <VToolbar ref=Ref< Proxy(Object) > class="v-app-bar" style= {top: 0px, zIndex: 1014, transform: translateY(0px), position: fixed, height: undefined}  ... > 
  at <VAppBar id="topnav" > 
  at <MenusHeader drawer=false onToggleDrawer=fn > 
  at <ClientOnly > 
  at <VApp theme="light" class="auto-text" > 
  at <VResponsive class="border rounded" > 
  at <Default ref=Ref< Proxy(Object) > > 
  at <AsyncComponentWrapper ref=Ref< Proxy(Object) > > 
  at <LayoutLoader key="default" layoutProps= {ref: RefImpl} name="default" > 
  at <NuxtLayoutProvider layoutProps= {ref: RefImpl} key="default" name="default"  ... > 
  at <NuxtLayout > 
  at <App key=4 > 
  at <NuxtRoot> @ http://localhost:3001/_nuxt/@fs/home/meebuzo/github/alternate-framework/apps/ecosystem/meeovi-frontend/node_modules/@sentry/core/build/esm/instrument/console.js?v=ebf63685:42
[  338907ms] [WARNING] [Vue warn]: Avoid app logic that relies on enumerating keys on a component instance. The keys will be empty in production mode to avoid performance overhead. 
  at <VNavigationDrawer modelValue=undefined onUpdate:modelValue=fn location="right"  ... > 
  at <MenusTopmenuLayoutNotifications > 
  at <VCol class="notificationsHeader" > 
  at <VDefaultsProvider defaults= {VTabs: Object} > 
  at <VToolbar ref=Ref< Proxy(Object) > class="v-app-bar" style= {top: 0px, zIndex: 1014, transform: translateY(0px), position: fixed, height: undefined}  ... > 
  at <VAppBar id="topnav" > 
  at <MenusHeader drawer=false onToggleDrawer=fn > 
  at <ClientOnly > 
  at <VApp theme="light" class="auto-text" > 
  at <VResponsive class="border rounded" > 
  at <Default ref=Ref< Proxy(Object) > > 
  at <AsyncComponentWrapper ref=Ref< Proxy(Object) > > 
  at <LayoutLoader key="default" layoutProps= {ref: RefImpl} name="default" > 
  at <NuxtLayoutProvider layoutProps= {ref: RefImpl} key="default" name="default"  ... > 
  at <NuxtLayout > 
  at <App key=4 > 
  at <NuxtRoot> @ http://localhost:3001/_nuxt/@fs/home/meebuzo/github/alternate-framework/apps/ecosystem/meeovi-frontend/node_modules/@sentry/core/build/esm/instrument/console.js?v=ebf63685:42
[  338911ms] [WARNING] [Vue warn]: Avoid app logic that relies on enumerating keys on a component instance. The keys will be empty in production mode to avoid performance overhead. 
  at <VNavigationDrawer modelValue=undefined onUpdate:modelValue=fn location="right"  ... > 
  at <MenusTopmenuLayoutNotifications > 
  at <VCol class="notificationsHeader" > 
  at <VDefaultsProvider defaults= {VTabs: Object} > 
  at <VToolbar ref=Ref< Proxy(Object) > class="v-app-bar" style= {top: 0px, zIndex: 1014, transform: translateY(0px), position: fixed, height: undefined}  ... > 
  at <VAppBar id="topnav" > 
  at <MenusHeader drawer=false onToggleDrawer=fn > 
  at <ClientOnly > 
  at <VApp theme="light" class="auto-text" > 
  at <VResponsive class="border rounded" > 
  at <Default ref=Ref< Proxy(Object) > > 
  at <AsyncComponentWrapper ref=Ref< Proxy(Object) > > 
  at <LayoutLoader key="default" layoutProps= {ref: RefImpl} name="default" > 
  at <NuxtLayoutProvider layoutProps= {ref: RefImpl} key="default" name="default"  ... > 
  at <NuxtLayout > 
  at <App key=4 > 
  at <NuxtRoot> @ http://localhost:3001/_nuxt/@fs/home/meebuzo/github/alternate-framework/apps/ecosystem/meeovi-frontend/node_modules/@sentry/core/build/esm/instrument/console.js?v=ebf63685:42
[  338914ms] [WARNING] [Vue warn]: Avoid app logic that relies on enumerating keys on a component instance. The keys will be empty in production mode to avoid performance overhead. 
  at <VNavigationDrawer modelValue=undefined onUpdate:modelValue=fn location="right"  ... > 
  at <MenusTopmenuLayoutNotifications > 
  at <VCol class="notificationsHeader" > 
  at <VDefaultsProvider defaults= {VTabs: Object} > 
  at <VToolbar ref=Ref< Proxy(Object) > class="v-app-bar" style= {top: 0px, zIndex: 1014, transform: translateY(0px), position: fixed, height: undefined}  ... > 
  at <VAppBar id="topnav" > 
  at <MenusHeader drawer=false onToggleDrawer=fn > 
  at <ClientOnly > 
  at <VApp theme="light" class="auto-text" > 
  at <VResponsive class="border rounded" > 
  at <Default ref=Ref< Proxy(Object) > > 
  at <AsyncComponentWrapper ref=Ref< Proxy(Object) > > 
  at <LayoutLoader key="default" layoutProps= {ref: RefImpl} name="default" > 
  at <NuxtLayoutProvider layoutProps= {ref: RefImpl} key="default" name="default"  ... > 
  at <NuxtLayout > 
  at <App key=4 > 
  at <NuxtRoot> @ http://localhost:3001/_nuxt/@fs/home/meebuzo/github/alternate-framework/apps/ecosystem/meeovi-frontend/node_modules/@sentry/core/build/esm/instrument/console.js?v=ebf63685:42
[  338918ms] [WARNING] [Vue warn]: Avoid app logic that relies on enumerating keys on a component instance. The keys will be empty in production mode to avoid performance overhead. 
  at <VNavigationDrawer modelValue=undefined onUpdate:modelValue=fn location="right"  ... > 
  at <MenusTopmenuLayoutNotifications > 
  at <VCol class="notificationsHeader" > 
  at <VDefaultsProvider defaults= {VTabs: Object} > 
  at <VToolbar ref=Ref< Proxy(Object) > class="v-app-bar" style= {top: 0px, zIndex: 1014, transform: translateY(0px), position: fixed, height: undefined}  ... > 
  at <VAppBar id="topnav" > 
  at <MenusHeader drawer=false onToggleDrawer=fn > 
  at <ClientOnly > 
  at <VApp theme="light" class="auto-text" > 
  at <VResponsive class="border rounded" > 
  at <Default ref=Ref< Proxy(Object) > > 
  at <AsyncComponentWrapper ref=Ref< Proxy(Object) > > 
  at <LayoutLoader key="default" layoutProps= {ref: RefImpl} name="default" > 
  at <NuxtLayoutProvider layoutProps= {ref: RefImpl} key="default" name="default"  ... > 
  at <NuxtLayout > 
  at <App key=4 > 
  at <NuxtRoot> @ http://localhost:3001/_nuxt/@fs/home/meebuzo/github/alternate-framework/apps/ecosystem/meeovi-frontend/node_modules/@sentry/core/build/esm/instrument/console.js?v=ebf63685:42
[  338922ms] [WARNING] [Vue warn]: Avoid app logic that relies on enumerating keys on a component instance. The keys will be empty in production mode to avoid performance overhead. 
  at <VNavigationDrawer modelValue=undefined onUpdate:modelValue=fn location="right"  ... > 
  at <MenusTopmenuLayoutNotifications > 
  at <VCol class="notificationsHeader" > 
  at <VDefaultsProvider defaults= {VTabs: Object} > 
  at <VToolbar ref=Ref< Proxy(Object) > class="v-app-bar" style= {top: 0px, zIndex: 1014, transform: translateY(0px), position: fixed, height: undefined}  ... > 
  at <VAppBar id="topnav" > 
  at <MenusHeader drawer=false onToggleDrawer=fn > 
  at <ClientOnly > 
  at <VApp theme="light" class="auto-text" > 
  at <VResponsive class="border rounded" > 
  at <Default ref=Ref< Proxy(Object) > > 
  at <AsyncComponentWrapper ref=Ref< Proxy(Object) > > 
  at <LayoutLoader key="default" layoutProps= {ref: RefImpl} name="default" > 
  at <NuxtLayoutProvider layoutProps= {ref: RefImpl} key="default" name="default"  ... > 
  at <NuxtLayout > 
  at <App key=4 > 
  at <NuxtRoot> @ http://localhost:3001/_nuxt/@fs/home/meebuzo/github/alternate-framework/apps/ecosystem/meeovi-frontend/node_modules/@sentry/core/build/esm/instrument/console.js?v=ebf63685:42
[  338926ms] [WARNING] [Vue warn]: Avoid app logic that relies on enumerating keys on a component instance. The keys will be empty in production mode to avoid performance overhead. 
  at <VNavigationDrawer modelValue=undefined onUpdate:modelValue=fn location="right"  ... > 
  at <MenusTopmenuLayoutNotifications > 
  at <VCol class="notificationsHeader" > 
  at <VDefaultsProvider defaults= {VTabs: Object} > 
  at <VToolbar ref=Ref< Proxy(Object) > class="v-app-bar" style= {top: 0px, zIndex: 1014, transform: translateY(0px), position: fixed, height: undefined}  ... > 
  at <VAppBar id="topnav" > 
  at <MenusHeader drawer=false onToggleDrawer=fn > 
  at <ClientOnly > 
  at <VApp theme="light" class="auto-text" > 
  at <VResponsive class="border rounded" > 
  at <Default ref=Ref< Proxy(Object) > > 
  at <AsyncComponentWrapper ref=Ref< Proxy(Object) > > 
  at <LayoutLoader key="default" layoutProps= {ref: RefImpl} name="default" > 
  at <NuxtLayoutProvider layoutProps= {ref: RefImpl} key="default" name="default"  ... > 
  at <NuxtLayout > 
  at <App key=4 > 
  at <NuxtRoot> @ http://localhost:3001/_nuxt/@fs/home/meebuzo/github/alternate-framework/apps/ecosystem/meeovi-frontend/node_modules/@sentry/core/build/esm/instrument/console.js?v=ebf63685:42
[  338931ms] [WARNING] [Vue warn]: Avoid app logic that relies on enumerating keys on a component instance. The keys will be empty in production mode to avoid performance overhead. 
  at <VNavigationDrawer modelValue=undefined onUpdate:modelValue=fn location="right"  ... > 
  at <MenusTopmenuLayoutNotifications > 
  at <VCol class="notificationsHeader" > 
  at <VDefaultsProvider defaults= {VTabs: Object} > 
  at <VToolbar ref=Ref< Proxy(Object) > class="v-app-bar" style= {top: 0px, zIndex: 1014, transform: translateY(0px), position: fixed, height: undefined}  ... > 
  at <VAppBar id="topnav" > 
  at <MenusHeader drawer=false onToggleDrawer=fn > 
  at <ClientOnly > 
  at <VApp theme="light" class="auto-text" > 
  at <VResponsive class="border rounded" > 
  at <Default ref=Ref< Proxy(Object) > > 
  at <AsyncComponentWrapper ref=Ref< Proxy(Object) > > 
  at <LayoutLoader key="default" layoutProps= {ref: RefImpl} name="default" > 
  at <NuxtLayoutProvider layoutProps= {ref: RefImpl} key="default" name="default"  ... > 
  at <NuxtLayout > 
  at <App key=4 > 
  at <NuxtRoot> @ http://localhost:3001/_nuxt/@fs/home/meebuzo/github/alternate-framework/apps/ecosystem/meeovi-frontend/node_modules/@sentry/core/build/esm/instrument/console.js?v=ebf63685:42
[  338935ms] [WARNING] [Vue warn]: Avoid app logic that relies on enumerating keys on a component instance. The keys will be empty in production mode to avoid performance overhead. 
  at <VNavigationDrawer modelValue=undefined onUpdate:modelValue=fn location="right"  ... > 
  at <MenusTopmenuLayoutNotifications > 
  at <VCol class="notificationsHeader" > 
  at <VDefaultsProvider defaults= {VTabs: Object} > 
  at <VToolbar ref=Ref< Proxy(Object) > class="v-app-bar" style= {top: 0px, zIndex: 1014, transform: translateY(0px), position: fixed, height: undefined}  ... > 
  at <VAppBar id="topnav" > 
  at <MenusHeader drawer=false onToggleDrawer=fn > 
  at <ClientOnly > 
  at <VApp theme="light" class="auto-text" > 
  at <VResponsive class="border rounded" > 
  at <Default ref=Ref< Proxy(Object) > > 
  at <AsyncComponentWrapper ref=Ref< Proxy(Object) > > 
  at <LayoutLoader key="default" layoutProps= {ref: RefImpl} name="default" > 
  at <NuxtLayoutProvider layoutProps= {ref: RefImpl} key="default" name="default"  ... > 
  at <NuxtLayout > 
  at <App key=4 > 
  at <NuxtRoot> @ http://localhost:3001/_nuxt/@fs/home/meebuzo/github/alternate-framework/apps/ecosystem/meeovi-frontend/node_modules/@sentry/core/build/esm/instrument/console.js?v=ebf63685:42
[  338940ms] [WARNING] [Vue warn]: Avoid app logic that relies on enumerating keys on a component instance. The keys will be empty in production mode to avoid performance overhead. 
  at <VNavigationDrawer modelValue=undefined onUpdate:modelValue=fn location="right"  ... > 
  at <MenusTopmenuLayoutNotifications > 
  at <VCol class="notificationsHeader" > 
  at <VDefaultsProvider defaults= {VTabs: Object} > 
  at <VToolbar ref=Ref< Proxy(Object) > class="v-app-bar" style= {top: 0px, zIndex: 1014, transform: translateY(0px), position: fixed, height: undefined}  ... > 
  at <VAppBar id="topnav" > 
  at <MenusHeader drawer=false onToggleDrawer=fn > 
  at <ClientOnly > 
  at <VApp theme="light" class="auto-text" > 
  at <VResponsive class="border rounded" > 
  at <Default ref=Ref< Proxy(Object) > > 
  at <AsyncComponentWrapper ref=Ref< Proxy(Object) > > 
  at <LayoutLoader key="default" layoutProps= {ref: RefImpl} name="default" > 
  at <NuxtLayoutProvider layoutProps= {ref: RefImpl} key="default" name="default"  ... > 
  at <NuxtLayout > 
  at <App key=4 > 
  at <NuxtRoot> @ http://localhost:3001/_nuxt/@fs/home/meebuzo/github/alternate-framework/apps/ecosystem/meeovi-frontend/node_modules/@sentry/core/build/esm/instrument/console.js?v=ebf63685:42
[  338944ms] [WARNING] [Vue warn]: Avoid app logic that relies on enumerating keys on a component instance. The keys will be empty in production mode to avoid performance overhead. 
  at <VNavigationDrawer modelValue=undefined onUpdate:modelValue=fn location="right"  ... > 
  at <MenusTopmenuLayoutNotifications > 
  at <VCol class="notificationsHeader" > 
  at <VDefaultsProvider defaults= {VTabs: Object} > 
  at <VToolbar ref=Ref< Proxy(Object) > class="v-app-bar" style= {top: 0px, zIndex: 1014, transform: translateY(0px), position: fixed, height: undefined}  ... > 
  at <VAppBar id="topnav" > 
  at <MenusHeader drawer=false onToggleDrawer=fn > 
  at <ClientOnly > 
  at <VApp theme="light" class="auto-text" > 
  at <VResponsive class="border rounded" > 
  at <Default ref=Ref< Proxy(Object) > > 
  at <AsyncComponentWrapper ref=Ref< Proxy(Object) > > 
  at <LayoutLoader key="default" layoutProps= {ref: RefImpl} name="default" > 
  at <NuxtLayoutProvider layoutProps= {ref: RefImpl} key="default" name="default"  ... > 
  at <NuxtLayout > 
  at <App key=4 > 
  at <NuxtRoot> @ http://localhost:3001/_nuxt/@fs/home/meebuzo/github/alternate-framework/apps/ecosystem/meeovi-frontend/node_modules/@sentry/core/build/esm/instrument/console.js?v=ebf63685:42
[  338948ms] [WARNING] [Vue warn]: Avoid app logic that relies on enumerating keys on a component instance. The keys will be empty in production mode to avoid performance overhead. 
  at <VNavigationDrawer modelValue=undefined onUpdate:modelValue=fn location="right"  ... > 
  at <MenusTopmenuLayoutNotifications > 
  at <VCol class="notificationsHeader" > 
  at <VDefaultsProvider defaults= {VTabs: Object} > 
  at <VToolbar ref=Ref< Proxy(Object) > class="v-app-bar" style= {top: 0px, zIndex: 1014, transform: translateY(0px), position: fixed, height: undefined}  ... > 
  at <VAppBar id="topnav" > 
  at <MenusHeader drawer=false onToggleDrawer=fn > 
  at <ClientOnly > 
  at <VApp theme="light" class="auto-text" > 
  at <VResponsive class="border rounded" > 
  at <Default ref=Ref< Proxy(Object) > > 
  at <AsyncComponentWrapper ref=Ref< Proxy(Object) > > 
  at <LayoutLoader key="default" layoutProps= {ref: RefImpl} name="default" > 
  at <NuxtLayoutProvider layoutProps= {ref: RefImpl} key="default" name="default"  ... > 
  at <NuxtLayout > 
  at <App key=4 > 
  at <NuxtRoot> @ http://localhost:3001/_nuxt/@fs/home/meebuzo/github/alternate-framework/apps/ecosystem/meeovi-frontend/node_modules/@sentry/core/build/esm/instrument/console.js?v=ebf63685:42
[  338950ms] [WARNING] [Vue warn]: Avoid app logic that relies on enumerating keys on a component instance. The keys will be empty in production mode to avoid performance overhead. 
  at <VNavigationDrawer modelValue=undefined onUpdate:modelValue=fn location="right"  ... > 
  at <MenusTopmenuLayoutNotifications > 
  at <VCol class="notificationsHeader" > 
  at <VDefaultsProvider defaults= {VTabs: Object} > 
  at <VToolbar ref=Ref< Proxy(Object) > class="v-app-bar" style= {top: 0px, zIndex: 1014, transform: translateY(0px), position: fixed, height: undefined}  ... > 
  at <VAppBar id="topnav" > 
  at <MenusHeader drawer=false onToggleDrawer=fn > 
  at <ClientOnly > 
  at <VApp theme="light" class="auto-text" > 
  at <VResponsive class="border rounded" > 
  at <Default ref=Ref< Proxy(Object) > > 
  at <AsyncComponentWrapper ref=Ref< Proxy(Object) > > 
  at <LayoutLoader key="default" layoutProps= {ref: RefImpl} name="default" > 
  at <NuxtLayoutProvider layoutProps= {ref: RefImpl} key="default" name="default"  ... > 
  at <NuxtLayout > 
  at <App key=4 > 
  at <NuxtRoot> @ http://localhost:3001/_nuxt/@fs/home/meebuzo/github/alternate-framework/apps/ecosystem/meeovi-frontend/node_modules/@sentry/core/build/esm/instrument/console.js?v=ebf63685:42
[  338953ms] [WARNING] [Vue warn]: Avoid app logic that relies on enumerating keys on a component instance. The keys will be empty in production mode to avoid performance overhead. 
  at <VNavigationDrawer modelValue=undefined onUpdate:modelValue=fn location="right"  ... > 
  at <MenusTopmenuLayoutNotifications > 
  at <VCol class="notificationsHeader" > 
  at <VDefaultsProvider defaults= {VTabs: Object} > 
  at <VToolbar ref=Ref< Proxy(Object) > class="v-app-bar" style= {top: 0px, zIndex: 1014, transform: translateY(0px), position: fixed, height: undefined}  ... > 
  at <VAppBar id="topnav" > 
  at <MenusHeader drawer=false onToggleDrawer=fn > 
  at <ClientOnly > 
  at <VApp theme="light" class="auto-text" > 
  at <VResponsive class="border rounded" > 
  at <Default ref=Ref< Proxy(Object) > > 
  at <AsyncComponentWrapper ref=Ref< Proxy(Object) > > 
  at <LayoutLoader key="default" layoutProps= {ref: RefImpl} name="default" > 
  at <NuxtLayoutProvider layoutProps= {ref: RefImpl} key="default" name="default"  ... > 
  at <NuxtLayout > 
  at <App key=4 > 
  at <NuxtRoot> @ http://localhost:3001/_nuxt/@fs/home/meebuzo/github/alternate-framework/apps/ecosystem/meeovi-frontend/node_modules/@sentry/core/build/esm/instrument/console.js?v=ebf63685:42
[  338956ms] [WARNING] [Vue warn]: Avoid app logic that relies on enumerating keys on a component instance. The keys will be empty in production mode to avoid performance overhead. 
  at <VNavigationDrawer modelValue=undefined onUpdate:modelValue=fn location="right"  ... > 
  at <MenusTopmenuLayoutNotifications > 
  at <VCol class="notificationsHeader" > 
  at <VDefaultsProvider defaults= {VTabs: Object} > 
  at <VToolbar ref=Ref< Proxy(Object) > class="v-app-bar" style= {top: 0px, zIndex: 1014, transform: translateY(0px), position: fixed, height: undefined}  ... > 
  at <VAppBar id="topnav" > 
  at <MenusHeader drawer=false onToggleDrawer=fn > 
  at <ClientOnly > 
  at <VApp theme="light" class="auto-text" > 
  at <VResponsive class="border rounded" > 
  at <Default ref=Ref< Proxy(Object) > > 
  at <AsyncComponentWrapper ref=Ref< Proxy(Object) > > 
  at <LayoutLoader key="default" layoutProps= {ref: RefImpl} name="default" > 
  at <NuxtLayoutProvider layoutProps= {ref: RefImpl} key="default" name="default"  ... > 
  at <NuxtLayout > 
  at <App key=4 > 
  at <NuxtRoot> @ http://localhost:3001/_nuxt/@fs/home/meebuzo/github/alternate-framework/apps/ecosystem/meeovi-frontend/node_modules/@sentry/core/build/esm/instrument/console.js?v=ebf63685:42
[  338959ms] [WARNING] [Vue warn]: Avoid app logic that relies on enumerating keys on a component instance. The keys will be empty in production mode to avoid performance overhead. 
  at <VNavigationDrawer modelValue=undefined onUpdate:modelValue=fn location="right"  ... > 
  at <MenusTopmenuLayoutNotifications > 
  at <VCol class="notificationsHeader" > 
  at <VDefaultsProvider defaults= {VTabs: Object} > 
  at <VToolbar ref=Ref< Proxy(Object) > class="v-app-bar" style= {top: 0px, zIndex: 1014, transform: translateY(0px), position: fixed, height: undefined}  ... > 
  at <VAppBar id="topnav" > 
  at <MenusHeader drawer=false onToggleDrawer=fn > 
  at <ClientOnly > 
  at <VApp theme="light" class="auto-text" > 
  at <VResponsive class="border rounded" > 
  at <Default ref=Ref< Proxy(Object) > > 
  at <AsyncComponentWrapper ref=Ref< Proxy(Object) > > 
  at <LayoutLoader key="default" layoutProps= {ref: RefImpl} name="default" > 
  at <NuxtLayoutProvider layoutProps= {ref: RefImpl} key="default" name="default"  ... > 
  at <NuxtLayout > 
  at <App key=4 > 
  at <NuxtRoot> @ http://localhost:3001/_nuxt/@fs/home/meebuzo/github/alternate-framework/apps/ecosystem/meeovi-frontend/node_modules/@sentry/core/build/esm/instrument/console.js?v=ebf63685:42
[  338962ms] [WARNING] [Vue warn]: Avoid app logic that relies on enumerating keys on a component instance. The keys will be empty in production mode to avoid performance overhead. 
  at <VNavigationDrawer modelValue=undefined onUpdate:modelValue=fn location="right"  ... > 
  at <MenusTopmenuLayoutNotifications > 
  at <VCol class="notificationsHeader" > 
  at <VDefaultsProvider defaults= {VTabs: Object} > 
  at <VToolbar ref=Ref< Proxy(Object) > class="v-app-bar" style= {top: 0px, zIndex: 1014, transform: translateY(0px), position: fixed, height: undefined}  ... > 
  at <VAppBar id="topnav" > 
  at <MenusHeader drawer=false onToggleDrawer=fn > 
  at <ClientOnly > 
  at <VApp theme="light" class="auto-text" > 
  at <VResponsive class="border rounded" > 
  at <Default ref=Ref< Proxy(Object) > > 
  at <AsyncComponentWrapper ref=Ref< Proxy(Object) > > 
  at <LayoutLoader key="default" layoutProps= {ref: RefImpl} name="default" > 
  at <NuxtLayoutProvider layoutProps= {ref: RefImpl} key="default" name="default"  ... > 
  at <NuxtLayout > 
  at <App key=4 > 
  at <NuxtRoot> @ http://localhost:3001/_nuxt/@fs/home/meebuzo/github/alternate-framework/apps/ecosystem/meeovi-frontend/node_modules/@sentry/core/build/esm/instrument/console.js?v=ebf63685:42
[  338966ms] [WARNING] [Vue warn]: Avoid app logic that relies on enumerating keys on a component instance. The keys will be empty in production mode to avoid performance overhead. 
  at <VNavigationDrawer modelValue=undefined onUpdate:modelValue=fn location="right"  ... > 
  at <MenusTopmenuLayoutNotifications > 
  at <VCol class="notificationsHeader" > 
  at <VDefaultsProvider defaults= {VTabs: Object} > 
  at <VToolbar ref=Ref< Proxy(Object) > class="v-app-bar" style= {top: 0px, zIndex: 1014, transform: translateY(0px), position: fixed, height: undefined}  ... > 
  at <VAppBar id="topnav" > 
  at <MenusHeader drawer=false onToggleDrawer=fn > 
  at <ClientOnly > 
  at <VApp theme="light" class="auto-text" > 
  at <VResponsive class="border rounded" > 
  at <Default ref=Ref< Proxy(Object) > > 
  at <AsyncComponentWrapper ref=Ref< Proxy(Object) > > 
  at <LayoutLoader key="default" layoutProps= {ref: RefImpl} name="default" > 
  at <NuxtLayoutProvider layoutProps= {ref: RefImpl} key="default" name="default"  ... > 
  at <NuxtLayout > 
  at <App key=4 > 
  at <NuxtRoot> @ http://localhost:3001/_nuxt/@fs/home/meebuzo/github/alternate-framework/apps/ecosystem/meeovi-frontend/node_modules/@sentry/core/build/esm/instrument/console.js?v=ebf63685:42
[  338970ms] [WARNING] [Vue warn]: Avoid app logic that relies on enumerating keys on a component instance. The keys will be empty in production mode to avoid performance overhead. 
  at <VNavigationDrawer modelValue=undefined onUpdate:modelValue=fn location="right"  ... > 
  at <MenusTopmenuLayoutNotifications > 
  at <VCol class="notificationsHeader" > 
  at <VDefaultsProvider defaults= {VTabs: Object} > 
  at <VToolbar ref=Ref< Proxy(Object) > class="v-app-bar" style= {top: 0px, zIndex: 1014, transform: translateY(0px), position: fixed, height: undefined}  ... > 
  at <VAppBar id="topnav" > 
  at <MenusHeader drawer=false onToggleDrawer=fn > 
  at <ClientOnly > 
  at <VApp theme="light" class="auto-text" > 
  at <VResponsive class="border rounded" > 
  at <Default ref=Ref< Proxy(Object) > > 
  at <AsyncComponentWrapper ref=Ref< Proxy(Object) > > 
  at <LayoutLoader key="default" layoutProps= {ref: RefImpl} name="default" > 
  at <NuxtLayoutProvider layoutProps= {ref: RefImpl} key="default" name="default"  ... > 
  at <NuxtLayout > 
  at <App key=4 > 
  at <NuxtRoot> @ http://localhost:3001/_nuxt/@fs/home/meebuzo/github/alternate-framework/apps/ecosystem/meeovi-frontend/node_modules/@sentry/core/build/esm/instrument/console.js?v=ebf63685:42
[  338975ms] [WARNING] [Vue warn]: Avoid app logic that relies on enumerating keys on a component instance. The keys will be empty in production mode to avoid performance overhead. 
  at <VNavigationDrawer modelValue=undefined onUpdate:modelValue=fn location="right"  ... > 
  at <MenusTopmenuLayoutNotifications > 
  at <VCol class="notificationsHeader" > 
  at <VDefaultsProvider defaults= {VTabs: Object} > 
  at <VToolbar ref=Ref< Proxy(Object) > class="v-app-bar" style= {top: 0px, zIndex: 1014, transform: translateY(0px), position: fixed, height: undefined}  ... > 
  at <VAppBar id="topnav" > 
  at <MenusHeader drawer=false onToggleDrawer=fn > 
  at <ClientOnly > 
  at <VApp theme="light" class="auto-text" > 
  at <VResponsive class="border rounded" > 
  at <Default ref=Ref< Proxy(Object) > > 
  at <AsyncComponentWrapper ref=Ref< Proxy(Object) > > 
  at <LayoutLoader key="default" layoutProps= {ref: RefImpl} name="default" > 
  at <NuxtLayoutProvider layoutProps= {ref: RefImpl} key="default" name="default"  ... > 
  at <NuxtLayout > 
  at <App key=4 > 
  at <NuxtRoot> @ http://localhost:3001/_nuxt/@fs/home/meebuzo/github/alternate-framework/apps/ecosystem/meeovi-frontend/node_modules/@sentry/core/build/esm/instrument/console.js?v=ebf63685:42
[  338980ms] [WARNING] [Vue warn]: Avoid app logic that relies on enumerating keys on a component instance. The keys will be empty in production mode to avoid performance overhead. 
  at <VNavigationDrawer modelValue=undefined onUpdate:modelValue=fn location="right"  ... > 
  at <MenusTopmenuLayoutNotifications > 
  at <VCol class="notificationsHeader" > 
  at <VDefaultsProvider defaults= {VTabs: Object} > 
  at <VToolbar ref=Ref< Proxy(Object) > class="v-app-bar" style= {top: 0px, zIndex: 1014, transform: translateY(0px), position: fixed, height: undefined}  ... > 
  at <VAppBar id="topnav" > 
  at <MenusHeader drawer=false onToggleDrawer=fn > 
  at <ClientOnly > 
  at <VApp theme="light" class="auto-text" > 
  at <VResponsive class="border rounded" > 
  at <Default ref=Ref< Proxy(Object) > > 
  at <AsyncComponentWrapper ref=Ref< Proxy(Object) > > 
  at <LayoutLoader key="default" layoutProps= {ref: RefImpl} name="default" > 
  at <NuxtLayoutProvider layoutProps= {ref: RefImpl} key="default" name="default"  ... > 
  at <NuxtLayout > 
  at <App key=4 > 
  at <NuxtRoot> @ http://localhost:3001/_nuxt/@fs/home/meebuzo/github/alternate-framework/apps/ecosystem/meeovi-frontend/node_modules/@sentry/core/build/esm/instrument/console.js?v=ebf63685:42
[  338984ms] [WARNING] [Vue warn]: Avoid app logic that relies on enumerating keys on a component instance. The keys will be empty in production mode to avoid performance overhead. 
  at <VNavigationDrawer modelValue=undefined onUpdate:modelValue=fn location="right"  ... > 
  at <MenusTopmenuLayoutNotifications > 
  at <VCol class="notificationsHeader" > 
  at <VDefaultsProvider defaults= {VTabs: Object} > 
  at <VToolbar ref=Ref< Proxy(Object) > class="v-app-bar" style= {top: 0px, zIndex: 1014, transform: translateY(0px), position: fixed, height: undefined}  ... > 
  at <VAppBar id="topnav" > 
  at <MenusHeader drawer=false onToggleDrawer=fn > 
  at <ClientOnly > 
  at <VApp theme="light" class="auto-text" > 
  at <VResponsive class="border rounded" > 
  at <Default ref=Ref< Proxy(Object) > > 
  at <AsyncComponentWrapper ref=Ref< Proxy(Object) > > 
  at <LayoutLoader key="default" layoutProps= {ref: RefImpl} name="default" > 
  at <NuxtLayoutProvider layoutProps= {ref: RefImpl} key="default" name="default"  ... > 
  at <NuxtLayout > 
  at <App key=4 > 
  at <NuxtRoot> @ http://localhost:3001/_nuxt/@fs/home/meebuzo/github/alternate-framework/apps/ecosystem/meeovi-frontend/node_modules/@sentry/core/build/esm/instrument/console.js?v=ebf63685:42
[  338989ms] [WARNING] [Vue warn]: Avoid app logic that relies on enumerating keys on a component instance. The keys will be empty in production mode to avoid performance overhead. 
  at <VNavigationDrawer modelValue=undefined onUpdate:modelValue=fn location="right"  ... > 
  at <MenusTopmenuLayoutNotifications > 
  at <VCol class="notificationsHeader" > 
  at <VDefaultsProvider defaults= {VTabs: Object} > 
  at <VToolbar ref=Ref< Proxy(Object) > class="v-app-bar" style= {top: 0px, zIndex: 1014, transform: translateY(0px), position: fixed, height: undefined}  ... > 
  at <VAppBar id="topnav" > 
  at <MenusHeader drawer=false onToggleDrawer=fn > 
  at <ClientOnly > 
  at <VApp theme="light" class="auto-text" > 
  at <VResponsive class="border rounded" > 
  at <Default ref=Ref< Proxy(Object) > > 
  at <AsyncComponentWrapper ref=Ref< Proxy(Object) > > 
  at <LayoutLoader key="default" layoutProps= {ref: RefImpl} name="default" > 
  at <NuxtLayoutProvider layoutProps= {ref: RefImpl} key="default" name="default"  ... > 
  at <NuxtLayout > 
  at <App key=4 > 
  at <NuxtRoot> @ http://localhost:3001/_nuxt/@fs/home/meebuzo/github/alternate-framework/apps/ecosystem/meeovi-frontend/node_modules/@sentry/core/build/esm/instrument/console.js?v=ebf63685:42
[  338994ms] [WARNING] [Vue warn]: Avoid app logic that relies on enumerating keys on a component instance. The keys will be empty in production mode to avoid performance overhead. 
  at <VNavigationDrawer modelValue=undefined onUpdate:modelValue=fn location="right"  ... > 
  at <MenusTopmenuLayoutNotifications > 
  at <VCol class="notificationsHeader" > 
  at <VDefaultsProvider defaults= {VTabs: Object} > 
  at <VToolbar ref=Ref< Proxy(Object) > class="v-app-bar" style= {top: 0px, zIndex: 1014, transform: translateY(0px), position: fixed, height: undefined}  ... > 
  at <VAppBar id="topnav" > 
  at <MenusHeader drawer=false onToggleDrawer=fn > 
  at <ClientOnly > 
  at <VApp theme="light" class="auto-text" > 
  at <VResponsive class="border rounded" > 
  at <Default ref=Ref< Proxy(Object) > > 
  at <AsyncComponentWrapper ref=Ref< Proxy(Object) > > 
  at <LayoutLoader key="default" layoutProps= {ref: RefImpl} name="default" > 
  at <NuxtLayoutProvider layoutProps= {ref: RefImpl} key="default" name="default"  ... > 
  at <NuxtLayout > 
  at <App key=4 > 
  at <NuxtRoot> @ http://localhost:3001/_nuxt/@fs/home/meebuzo/github/alternate-framework/apps/ecosystem/meeovi-frontend/node_modules/@sentry/core/build/esm/instrument/console.js?v=ebf63685:42
[  338998ms] [WARNING] [Vue warn]: Avoid app logic that relies on enumerating keys on a component instance. The keys will be empty in production mode to avoid performance overhead. 
  at <VNavigationDrawer modelValue=undefined onUpdate:modelValue=fn location="right"  ... > 
  at <MenusTopmenuLayoutNotifications > 
  at <VCol class="notificationsHeader" > 
  at <VDefaultsProvider defaults= {VTabs: Object} > 
  at <VToolbar ref=Ref< Proxy(Object) > class="v-app-bar" style= {top: 0px, zIndex: 1014, transform: translateY(0px), position: fixed, height: undefined}  ... > 
  at <VAppBar id="topnav" > 
  at <MenusHeader drawer=false onToggleDrawer=fn > 
  at <ClientOnly > 
  at <VApp theme="light" class="auto-text" > 
  at <VResponsive class="border rounded" > 
  at <Default ref=Ref< Proxy(Object) > > 
  at <AsyncComponentWrapper ref=Ref< Proxy(Object) > > 
  at <LayoutLoader key="default" layoutProps= {ref: RefImpl} name="default" > 
  at <NuxtLayoutProvider layoutProps= {ref: RefImpl} key="default" name="default"  ... > 
  at <NuxtLayout > 
  at <App key=4 > 
  at <NuxtRoot> @ http://localhost:3001/_nuxt/@fs/home/meebuzo/github/alternate-framework/apps/ecosystem/meeovi-frontend/node_modules/@sentry/core/build/esm/instrument/console.js?v=ebf63685:42
[  339003ms] [WARNING] [Vue warn]: Avoid app logic that relies on enumerating keys on a component instance. The keys will be empty in production mode to avoid performance overhead. 
  at <VNavigationDrawer modelValue=undefined onUpdate:modelValue=fn location="right"  ... > 
  at <MenusTopmenuLayoutNotifications > 
  at <VCol class="notificationsHeader" > 
  at <VDefaultsProvider defaults= {VTabs: Object} > 
  at <VToolbar ref=Ref< Proxy(Object) > class="v-app-bar" style= {top: 0px, zIndex: 1014, transform: translateY(0px), position: fixed, height: undefined}  ... > 
  at <VAppBar id="topnav" > 
  at <MenusHeader drawer=false onToggleDrawer=fn > 
  at <ClientOnly > 
  at <VApp theme="light" class="auto-text" > 
  at <VResponsive class="border rounded" > 
  at <Default ref=Ref< Proxy(Object) > > 
  at <AsyncComponentWrapper ref=Ref< Proxy(Object) > > 
  at <LayoutLoader key="default" layoutProps= {ref: RefImpl} name="default" > 
  at <NuxtLayoutProvider layoutProps= {ref: RefImpl} key="default" name="default"  ... > 
  at <NuxtLayout > 
  at <App key=4 > 
  at <NuxtRoot> @ http://localhost:3001/_nuxt/@fs/home/meebuzo/github/alternate-framework/apps/ecosystem/meeovi-frontend/node_modules/@sentry/core/build/esm/instrument/console.js?v=ebf63685:42
[  339007ms] [WARNING] [Vue warn]: Avoid app logic that relies on enumerating keys on a component instance. The keys will be empty in production mode to avoid performance overhead. 
  at <VNavigationDrawer modelValue=undefined onUpdate:modelValue=fn location="right"  ... > 
  at <MenusTopmenuLayoutNotifications > 
  at <VCol class="notificationsHeader" > 
  at <VDefaultsProvider defaults= {VTabs: Object} > 
  at <VToolbar ref=Ref< Proxy(Object) > class="v-app-bar" style= {top: 0px, zIndex: 1014, transform: translateY(0px), position: fixed, height: undefined}  ... > 
  at <VAppBar id="topnav" > 
  at <MenusHeader drawer=false onToggleDrawer=fn > 
  at <ClientOnly > 
  at <VApp theme="light" class="auto-text" > 
  at <VResponsive class="border rounded" > 
  at <Default ref=Ref< Proxy(Object) > > 
  at <AsyncComponentWrapper ref=Ref< Proxy(Object) > > 
  at <LayoutLoader key="default" layoutProps= {ref: RefImpl} name="default" > 
  at <NuxtLayoutProvider layoutProps= {ref: RefImpl} key="default" name="default"  ... > 
  at <NuxtLayout > 
  at <App key=4 > 
  at <NuxtRoot> @ http://localhost:3001/_nuxt/@fs/home/meebuzo/github/alternate-framework/apps/ecosystem/meeovi-frontend/node_modules/@sentry/core/build/esm/instrument/console.js?v=ebf63685:42
[  339012ms] [WARNING] [Vue warn]: Avoid app logic that relies on enumerating keys on a component instance. The keys will be empty in production mode to avoid performance overhead. 
  at <VNavigationDrawer modelValue=undefined onUpdate:modelValue=fn location="right"  ... > 
  at <MenusTopmenuLayoutNotifications > 
  at <VCol class="notificationsHeader" > 
  at <VDefaultsProvider defaults= {VTabs: Object} > 
  at <VToolbar ref=Ref< Proxy(Object) > class="v-app-bar" style= {top: 0px, zIndex: 1014, transform: translateY(0px), position: fixed, height: undefined}  ... > 
  at <VAppBar id="topnav" > 
  at <MenusHeader drawer=false onToggleDrawer=fn > 
  at <ClientOnly > 
  at <VApp theme="light" class="auto-text" > 
  at <VResponsive class="border rounded" > 
  at <Default ref=Ref< Proxy(Object) > > 
  at <AsyncComponentWrapper ref=Ref< Proxy(Object) > > 
  at <LayoutLoader key="default" layoutProps= {ref: RefImpl} name="default" > 
  at <NuxtLayoutProvider layoutProps= {ref: RefImpl} key="default" name="default"  ... > 
  at <NuxtLayout > 
  at <App key=4 > 
  at <NuxtRoot> @ http://localhost:3001/_nuxt/@fs/home/meebuzo/github/alternate-framework/apps/ecosystem/meeovi-frontend/node_modules/@sentry/core/build/esm/instrument/console.js?v=ebf63685:42
[  339016ms] [WARNING] [Vue warn]: Avoid app logic that relies on enumerating keys on a component instance. The keys will be empty in production mode to avoid performance overhead. 
  at <VNavigationDrawer modelValue=undefined onUpdate:modelValue=fn location="right"  ... > 
  at <MenusTopmenuLayoutNotifications > 
  at <VCol class="notificationsHeader" > 
  at <VDefaultsProvider defaults= {VTabs: Object} > 
  at <VToolbar ref=Ref< Proxy(Object) > class="v-app-bar" style= {top: 0px, zIndex: 1014, transform: translateY(0px), position: fixed, height: undefined}  ... > 
  at <VAppBar id="topnav" > 
  at <MenusHeader drawer=false onToggleDrawer=fn > 
  at <ClientOnly > 
  at <VApp theme="light" class="auto-text" > 
  at <VResponsive class="border rounded" > 
  at <Default ref=Ref< Proxy(Object) > > 
  at <AsyncComponentWrapper ref=Ref< Proxy(Object) > > 
  at <LayoutLoader key="default" layoutProps= {ref: RefImpl} name="default" > 
  at <NuxtLayoutProvider layoutProps= {ref: RefImpl} key="default" name="default"  ... > 
  at <NuxtLayout > 
  at <App key=4 > 
  at <NuxtRoot> @ http://localhost:3001/_nuxt/@fs/home/meebuzo/github/alternate-framework/apps/ecosystem/meeovi-frontend/node_modules/@sentry/core/build/esm/instrument/console.js?v=ebf63685:42
[  339023ms] [ERROR] Connecting to 'https://o996770.ingest.us.sentry.io/api/5955273/envelope/?sentry_version=7&sentry_key=df1b90fab7c44ce8aef097a63b468d61&sentry_client=sentry.javascript.nuxt%2F10.63.0' violates the following Content Security Policy directive: "connect-src 'self' https://*.mux.com". The action has been blocked. @ http://localhost:3001/_nuxt/@fs/home/meebuzo/github/alternate-framework/apps/ecosystem/meeovi-frontend/node_modules/@sentry/browser/build/npm/esm/dev/transports/fetch.js?v=ebf63685:31
[  339023ms] [ERROR] Fetch API cannot load https://o996770.ingest.us.sentry.io/api/5955273/envelope/?sentry_version=7&sentry_key=df1b90fab7c44ce8aef097a63b468d61&sentry_client=sentry.javascript.nuxt%2F10.63.0. Refused to connect because it violates the document's Content Security Policy. @ http://localhost:3001/_nuxt/@fs/home/meebuzo/github/alternate-framework/apps/ecosystem/meeovi-frontend/node_modules/@sentry/browser/build/npm/esm/dev/transports/fetch.js?v=ebf63685:31
[  339029ms] [WARNING] [Vue warn]: Avoid app logic that relies on enumerating keys on a component instance. The keys will be empty in production mode to avoid performance overhead. 
  at <VNavigationDrawer modelValue=undefined onUpdate:modelValue=fn location="right"  ... > 
  at <MenusTopmenuLayoutNotifications > 
  at <VCol class="notificationsHeader" > 
  at <VDefaultsProvider defaults= {VTabs: Object} > 
  at <VToolbar ref=Ref< Proxy(Object) > class="v-app-bar" style= {top: 0px, zIndex: 1014, transform: translateY(0px), position: fixed, height: undefined}  ... > 
  at <VAppBar id="topnav" > 
  at <MenusHeader drawer=false onToggleDrawer=fn > 
  at <ClientOnly > 
  at <VApp theme="light" class="auto-text" > 
  at <VResponsive class="border rounded" > 
  at <Default ref=Ref< Proxy(Object) > > 
  at <AsyncComponentWrapper ref=Ref< Proxy(Object) > > 
  at <LayoutLoader key="default" layoutProps= {ref: RefImpl} name="default" > 
  at <NuxtLayoutProvider layoutProps= {ref: RefImpl} key="default" name="default"  ... > 
  at <NuxtLayout > 
  at <App key=4 > 
  at <NuxtRoot> @ http://localhost:3001/_nuxt/@fs/home/meebuzo/github/alternate-framework/apps/ecosystem/meeovi-frontend/node_modules/@sentry/core/build/esm/instrument/console.js?v=ebf63685:42
[  339033ms] [WARNING] [Vue warn]: Avoid app logic that relies on enumerating keys on a component instance. The keys will be empty in production mode to avoid performance overhead. 
  at <VNavigationDrawer modelValue=undefined onUpdate:modelValue=fn location="right"  ... > 
  at <MenusTopmenuLayoutNotifications > 
  at <VCol class="notificationsHeader" > 
  at <VDefaultsProvider defaults= {VTabs: Object} > 
  at <VToolbar ref=Ref< Proxy(Object) > class="v-app-bar" style= {top: 0px, zIndex: 1014, transform: translateY(0px), position: fixed, height: undefined}  ... > 
  at <VAppBar id="topnav" > 
  at <MenusHeader drawer=false onToggleDrawer=fn > 
  at <ClientOnly > 
  at <VApp theme="light" class="auto-text" > 
  at <VResponsive class="border rounded" > 
  at <Default ref=Ref< Proxy(Object) > > 
  at <AsyncComponentWrapper ref=Ref< Proxy(Object) > > 
  at <LayoutLoader key="default" layoutProps= {ref: RefImpl} name="default" > 
  at <NuxtLayoutProvider layoutProps= {ref: RefImpl} key="default" name="default"  ... > 
  at <NuxtLayout > 
  at <App key=4 > 
  at <NuxtRoot> @ http://localhost:3001/_nuxt/@fs/home/meebuzo/github/alternate-framework/apps/ecosystem/meeovi-frontend/node_modules/@sentry/core/build/esm/instrument/console.js?v=ebf63685:42
[  339038ms] [WARNING] [Vue warn]: Avoid app logic that relies on enumerating keys on a component instance. The keys will be empty in production mode to avoid performance overhead. 
  at <VNavigationDrawer modelValue=undefined onUpdate:modelValue=fn location="right"  ... > 
  at <MenusTopmenuLayoutNotifications > 
  at <VCol class="notificationsHeader" > 
  at <VDefaultsProvider defaults= {VTabs: Object} > 
  at <VToolbar ref=Ref< Proxy(Object) > class="v-app-bar" style= {top: 0px, zIndex: 1014, transform: translateY(0px), position: fixed, height: undefined}  ... > 
  at <VAppBar id="topnav" > 
  at <MenusHeader drawer=false onToggleDrawer=fn > 
  at <ClientOnly > 
  at <VApp theme="light" class="auto-text" > 
  at <VResponsive class="border rounded" > 
  at <Default ref=Ref< Proxy(Object) > > 
  at <AsyncComponentWrapper ref=Ref< Proxy(Object) > > 
  at <LayoutLoader key="default" layoutProps= {ref: RefImpl} name="default" > 
  at <NuxtLayoutProvider layoutProps= {ref: RefImpl} key="default" name="default"  ... > 
  at <NuxtLayout > 
  at <App key=4 > 
  at <NuxtRoot> @ http://localhost:3001/_nuxt/@fs/home/meebuzo/github/alternate-framework/apps/ecosystem/meeovi-frontend/node_modules/@sentry/core/build/esm/instrument/console.js?v=ebf63685:42
[  339043ms] [WARNING] [Vue warn]: Avoid app logic that relies on enumerating keys on a component instance. The keys will be empty in production mode to avoid performance overhead. 
  at <VNavigationDrawer modelValue=undefined onUpdate:modelValue=fn location="right"  ... > 
  at <MenusTopmenuLayoutNotifications > 
  at <VCol class="notificationsHeader" > 
  at <VDefaultsProvider defaults= {VTabs: Object} > 
  at <VToolbar ref=Ref< Proxy(Object) > class="v-app-bar" style= {top: 0px, zIndex: 1014, transform: translateY(0px), position: fixed, height: undefined}  ... > 
  at <VAppBar id="topnav" > 
  at <MenusHeader drawer=false onToggleDrawer=fn > 
  at <ClientOnly > 
  at <VApp theme="light" class="auto-text" > 
  at <VResponsive class="border rounded" > 
  at <Default ref=Ref< Proxy(Object) > > 
  at <AsyncComponentWrapper ref=Ref< Proxy(Object) > > 
  at <LayoutLoader key="default" layoutProps= {ref: RefImpl} name="default" > 
  at <NuxtLayoutProvider layoutProps= {ref: RefImpl} key="default" name="default"  ... > 
  at <NuxtLayout > 
  at <App key=4 > 
  at <NuxtRoot> @ http://localhost:3001/_nuxt/@fs/home/meebuzo/github/alternate-framework/apps/ecosystem/meeovi-frontend/node_modules/@sentry/core/build/esm/instrument/console.js?v=ebf63685:42
[  339047ms] [WARNING] [Vue warn]: Avoid app logic that relies on enumerating keys on a component instance. The keys will be empty in production mode to avoid performance overhead. 
  at <VNavigationDrawer modelValue=undefined onUpdate:modelValue=fn location="right"  ... > 
  at <MenusTopmenuLayoutNotifications > 
  at <VCol class="notificationsHeader" > 
  at <VDefaultsProvider defaults= {VTabs: Object} > 
  at <VToolbar ref=Ref< Proxy(Object) > class="v-app-bar" style= {top: 0px, zIndex: 1014, transform: translateY(0px), position: fixed, height: undefined}  ... > 
  at <VAppBar id="topnav" > 
  at <MenusHeader drawer=false onToggleDrawer=fn > 
  at <ClientOnly > 
  at <VApp theme="light" class="auto-text" > 
  at <VResponsive class="border rounded" > 
  at <Default ref=Ref< Proxy(Object) > > 
  at <AsyncComponentWrapper ref=Ref< Proxy(Object) > > 
  at <LayoutLoader key="default" layoutProps= {ref: RefImpl} name="default" > 
  at <NuxtLayoutProvider layoutProps= {ref: RefImpl} key="default" name="default"  ... > 
  at <NuxtLayout > 
  at <App key=4 > 
  at <NuxtRoot> @ http://localhost:3001/_nuxt/@fs/home/meebuzo/github/alternate-framework/apps/ecosystem/meeovi-frontend/node_modules/@sentry/core/build/esm/instrument/console.js?v=ebf63685:42
[  339052ms] [WARNING] [Vue warn]: Avoid app logic that relies on enumerating keys on a component instance. The keys will be empty in production mode to avoid performance overhead. 
  at <VNavigationDrawer modelValue=undefined onUpdate:modelValue=fn location="right"  ... > 
  at <MenusTopmenuLayoutNotifications > 
  at <VCol class="notificationsHeader" > 
  at <VDefaultsProvider defaults= {VTabs: Object} > 
  at <VToolbar ref=Ref< Proxy(Object) > class="v-app-bar" style= {top: 0px, zIndex: 1014, transform: translateY(0px), position: fixed, height: undefined}  ... > 
  at <VAppBar id="topnav" > 
  at <MenusHeader drawer=false onToggleDrawer=fn > 
  at <ClientOnly > 
  at <VApp theme="light" class="auto-text" > 
  at <VResponsive class="border rounded" > 
  at <Default ref=Ref< Proxy(Object) > > 
  at <AsyncComponentWrapper ref=Ref< Proxy(Object) > > 
  at <LayoutLoader key="default" layoutProps= {ref: RefImpl} name="default" > 
  at <NuxtLayoutProvider layoutProps= {ref: RefImpl} key="default" name="default"  ... > 
  at <NuxtLayout > 
  at <App key=4 > 
  at <NuxtRoot> @ http://localhost:3001/_nuxt/@fs/home/meebuzo/github/alternate-framework/apps/ecosystem/meeovi-frontend/node_modules/@sentry/core/build/esm/instrument/console.js?v=ebf63685:42
[  339056ms] [WARNING] [Vue warn]: Avoid app logic that relies on enumerating keys on a component instance. The keys will be empty in production mode to avoid performance overhead. 
  at <VNavigationDrawer modelValue=undefined onUpdate:modelValue=fn location="right"  ... > 
  at <MenusTopmenuLayoutNotifications > 
  at <VCol class="notificationsHeader" > 
  at <VDefaultsProvider defaults= {VTabs: Object} > 
  at <VToolbar ref=Ref< Proxy(Object) > class="v-app-bar" style= {top: 0px, zIndex: 1014, transform: translateY(0px), position: fixed, height: undefined}  ... > 
  at <VAppBar id="topnav" > 
  at <MenusHeader drawer=false onToggleDrawer=fn > 
  at <ClientOnly > 
  at <VApp theme="light" class="auto-text" > 
  at <VResponsive class="border rounded" > 
  at <Default ref=Ref< Proxy(Object) > > 
  at <AsyncComponentWrapper ref=Ref< Proxy(Object) > > 
  at <LayoutLoader key="default" layoutProps= {ref: RefImpl} name="default" > 
  at <NuxtLayoutProvider layoutProps= {ref: RefImpl} key="default" name="default"  ... > 
  at <NuxtLayout > 
  at <App key=4 > 
  at <NuxtRoot> @ http://localhost:3001/_nuxt/@fs/home/meebuzo/github/alternate-framework/apps/ecosystem/meeovi-frontend/node_modules/@sentry/core/build/esm/instrument/console.js?v=ebf63685:42
[  339061ms] [WARNING] [Vue warn]: Avoid app logic that relies on enumerating keys on a component instance. The keys will be empty in production mode to avoid performance overhead. 
  at <VNavigationDrawer modelValue=undefined onUpdate:modelValue=fn location="right"  ... > 
  at <MenusTopmenuLayoutNotifications > 
  at <VCol class="notificationsHeader" > 
  at <VDefaultsProvider defaults= {VTabs: Object} > 
  at <VToolbar ref=Ref< Proxy(Object) > class="v-app-bar" style= {top: 0px, zIndex: 1014, transform: translateY(0px), position: fixed, height: undefined}  ... > 
  at <VAppBar id="topnav" > 
  at <MenusHeader drawer=false onToggleDrawer=fn > 
  at <ClientOnly > 
  at <VApp theme="light" class="auto-text" > 
  at <VResponsive class="border rounded" > 
  at <Default ref=Ref< Proxy(Object) > > 
  at <AsyncComponentWrapper ref=Ref< Proxy(Object) > > 
  at <LayoutLoader key="default" layoutProps= {ref: RefImpl} name="default" > 
  at <NuxtLayoutProvider layoutProps= {ref: RefImpl} key="default" name="default"  ... > 
  at <NuxtLayout > 
  at <App key=4 > 
  at <NuxtRoot> @ http://localhost:3001/_nuxt/@fs/home/meebuzo/github/alternate-framework/apps/ecosystem/meeovi-frontend/node_modules/@sentry/core/build/esm/instrument/console.js?v=ebf63685:42
[  339066ms] [WARNING] [Vue warn]: Avoid app logic that relies on enumerating keys on a component instance. The keys will be empty in production mode to avoid performance overhead. 
  at <VNavigationDrawer modelValue=undefined onUpdate:modelValue=fn location="right"  ... > 
  at <MenusTopmenuLayoutNotifications > 
  at <VCol class="notificationsHeader" > 
  at <VDefaultsProvider defaults= {VTabs: Object} > 
  at <VToolbar ref=Ref< Proxy(Object) > class="v-app-bar" style= {top: 0px, zIndex: 1014, transform: translateY(0px), position: fixed, height: undefined}  ... > 
  at <VAppBar id="topnav" > 
  at <MenusHeader drawer=false onToggleDrawer=fn > 
  at <ClientOnly > 
  at <VApp theme="light" class="auto-text" > 
  at <VResponsive class="border rounded" > 
  at <Default ref=Ref< Proxy(Object) > > 
  at <AsyncComponentWrapper ref=Ref< Proxy(Object) > > 
  at <LayoutLoader key="default" layoutProps= {ref: RefImpl} name="default" > 
  at <NuxtLayoutProvider layoutProps= {ref: RefImpl} key="default" name="default"  ... > 
  at <NuxtLayout > 
  at <App key=4 > 
  at <NuxtRoot> @ http://localhost:3001/_nuxt/@fs/home/meebuzo/github/alternate-framework/apps/ecosystem/meeovi-frontend/node_modules/@sentry/core/build/esm/instrument/console.js?v=ebf63685:42
[  339070ms] [WARNING] [Vue warn]: Avoid app logic that relies on enumerating keys on a component instance. The keys will be empty in production mode to avoid performance overhead. 
  at <VNavigationDrawer modelValue=undefined onUpdate:modelValue=fn location="right"  ... > 
  at <MenusTopmenuLayoutNotifications > 
  at <VCol class="notificationsHeader" > 
  at <VDefaultsProvider defaults= {VTabs: Object} > 
  at <VToolbar ref=Ref< Proxy(Object) > class="v-app-bar" style= {top: 0px, zIndex: 1014, transform: translateY(0px), position: fixed, height: undefined}  ... > 
  at <VAppBar id="topnav" > 
  at <MenusHeader drawer=false onToggleDrawer=fn > 
  at <ClientOnly > 
  at <VApp theme="light" class="auto-text" > 
  at <VResponsive class="border rounded" > 
  at <Default ref=Ref< Proxy(Object) > > 
  at <AsyncComponentWrapper ref=Ref< Proxy(Object) > > 
  at <LayoutLoader key="default" layoutProps= {ref: RefImpl} name="default" > 
  at <NuxtLayoutProvider layoutProps= {ref: RefImpl} key="default" name="default"  ... > 
  at <NuxtLayout > 
  at <App key=4 > 
  at <NuxtRoot> @ http://localhost:3001/_nuxt/@fs/home/meebuzo/github/alternate-framework/apps/ecosystem/meeovi-frontend/node_modules/@sentry/core/build/esm/instrument/console.js?v=ebf63685:42
[  339075ms] [WARNING] [Vue warn]: Avoid app logic that relies on enumerating keys on a component instance. The keys will be empty in production mode to avoid performance overhead. 
  at <VNavigationDrawer modelValue=undefined onUpdate:modelValue=fn location="right"  ... > 
  at <MenusTopmenuLayoutNotifications > 
  at <VCol class="notificationsHeader" > 
  at <VDefaultsProvider defaults= {VTabs: Object} > 
  at <VToolbar ref=Ref< Proxy(Object) > class="v-app-bar" style= {top: 0px, zIndex: 1014, transform: translateY(0px), position: fixed, height: undefined}  ... > 
  at <VAppBar id="topnav" > 
  at <MenusHeader drawer=false onToggleDrawer=fn > 
  at <ClientOnly > 
  at <VApp theme="light" class="auto-text" > 
  at <VResponsive class="border rounded" > 
  at <Default ref=Ref< Proxy(Object) > > 
  at <AsyncComponentWrapper ref=Ref< Proxy(Object) > > 
  at <LayoutLoader key="default" layoutProps= {ref: RefImpl} name="default" > 
  at <NuxtLayoutProvider layoutProps= {ref: RefImpl} key="default" name="default"  ... > 
  at <NuxtLayout > 
  at <App key=4 > 
  at <NuxtRoot> @ http://localhost:3001/_nuxt/@fs/home/meebuzo/github/alternate-framework/apps/ecosystem/meeovi-frontend/node_modules/@sentry/core/build/esm/instrument/console.js?v=ebf63685:42
[  339079ms] [WARNING] [Vue warn]: Avoid app logic that relies on enumerating keys on a component instance. The keys will be empty in production mode to avoid performance overhead. 
  at <VNavigationDrawer modelValue=undefined onUpdate:modelValue=fn location="right"  ... > 
  at <MenusTopmenuLayoutNotifications > 
  at <VCol class="notificationsHeader" > 
  at <VDefaultsProvider defaults= {VTabs: Object} > 
  at <VToolbar ref=Ref< Proxy(Object) > class="v-app-bar" style= {top: 0px, zIndex: 1014, transform: translateY(0px), position: fixed, height: undefined}  ... > 
  at <VAppBar id="topnav" > 
  at <MenusHeader drawer=false onToggleDrawer=fn > 
  at <ClientOnly > 
  at <VApp theme="light" class="auto-text" > 
  at <VResponsive class="border rounded" > 
  at <Default ref=Ref< Proxy(Object) > > 
  at <AsyncComponentWrapper ref=Ref< Proxy(Object) > > 
  at <LayoutLoader key="default" layoutProps= {ref: RefImpl} name="default" > 
  at <NuxtLayoutProvider layoutProps= {ref: RefImpl} key="default" name="default"  ... > 
  at <NuxtLayout > 
  at <App key=4 > 
  at <NuxtRoot> @ http://localhost:3001/_nuxt/@fs/home/meebuzo/github/alternate-framework/apps/ecosystem/meeovi-frontend/node_modules/@sentry/core/build/esm/instrument/console.js?v=ebf63685:42
[  339084ms] [WARNING] [Vue warn]: Avoid app logic that relies on enumerating keys on a component instance. The keys will be empty in production mode to avoid performance overhead. 
  at <VNavigationDrawer modelValue=undefined onUpdate:modelValue=fn location="right"  ... > 
  at <MenusTopmenuLayoutNotifications > 
  at <VCol class="notificationsHeader" > 
  at <VDefaultsProvider defaults= {VTabs: Object} > 
  at <VToolbar ref=Ref< Proxy(Object) > class="v-app-bar" style= {top: 0px, zIndex: 1014, transform: translateY(0px), position: fixed, height: undefined}  ... > 
  at <VAppBar id="topnav" > 
  at <MenusHeader drawer=false onToggleDrawer=fn > 
  at <ClientOnly > 
  at <VApp theme="light" class="auto-text" > 
  at <VResponsive class="border rounded" > 
  at <Default ref=Ref< Proxy(Object) > > 
  at <AsyncComponentWrapper ref=Ref< Proxy(Object) > > 
  at <LayoutLoader key="default" layoutProps= {ref: RefImpl} name="default" > 
  at <NuxtLayoutProvider layoutProps= {ref: RefImpl} key="default" name="default"  ... > 
  at <NuxtLayout > 
  at <App key=4 > 
  at <NuxtRoot> @ http://localhost:3001/_nuxt/@fs/home/meebuzo/github/alternate-framework/apps/ecosystem/meeovi-frontend/node_modules/@sentry/core/build/esm/instrument/console.js?v=ebf63685:42
[  339088ms] [WARNING] [Vue warn]: Avoid app logic that relies on enumerating keys on a component instance. The keys will be empty in production mode to avoid performance overhead. 
  at <VNavigationDrawer modelValue=undefined onUpdate:modelValue=fn location="right"  ... > 
  at <MenusTopmenuLayoutNotifications > 
  at <VCol class="notificationsHeader" > 
  at <VDefaultsProvider defaults= {VTabs: Object} > 
  at <VToolbar ref=Ref< Proxy(Object) > class="v-app-bar" style= {top: 0px, zIndex: 1014, transform: translateY(0px), position: fixed, height: undefined}  ... > 
  at <VAppBar id="topnav" > 
  at <MenusHeader drawer=false onToggleDrawer=fn > 
  at <ClientOnly > 
  at <VApp theme="light" class="auto-text" > 
  at <VResponsive class="border rounded" > 
  at <Default ref=Ref< Proxy(Object) > > 
  at <AsyncComponentWrapper ref=Ref< Proxy(Object) > > 
  at <LayoutLoader key="default" layoutProps= {ref: RefImpl} name="default" > 
  at <NuxtLayoutProvider layoutProps= {ref: RefImpl} key="default" name="default"  ... > 
  at <NuxtLayout > 
  at <App key=4 > 
  at <NuxtRoot> @ http://localhost:3001/_nuxt/@fs/home/meebuzo/github/alternate-framework/apps/ecosystem/meeovi-frontend/node_modules/@sentry/core/build/esm/instrument/console.js?v=ebf63685:42
[  339092ms] [WARNING] [Vue warn]: Avoid app logic that relies on enumerating keys on a component instance. The keys will be empty in production mode to avoid performance overhead. 
  at <VNavigationDrawer modelValue=undefined onUpdate:modelValue=fn location="right"  ... > 
  at <MenusTopmenuLayoutNotifications > 
  at <VCol class="notificationsHeader" > 
  at <VDefaultsProvider defaults= {VTabs: Object} > 
  at <VToolbar ref=Ref< Proxy(Object) > class="v-app-bar" style= {top: 0px, zIndex: 1014, transform: translateY(0px), position: fixed, height: undefined}  ... > 
  at <VAppBar id="topnav" > 
  at <MenusHeader drawer=false onToggleDrawer=fn > 
  at <ClientOnly > 
  at <VApp theme="light" class="auto-text" > 
  at <VResponsive class="border rounded" > 
  at <Default ref=Ref< Proxy(Object) > > 
  at <AsyncComponentWrapper ref=Ref< Proxy(Object) > > 
  at <LayoutLoader key="default" layoutProps= {ref: RefImpl} name="default" > 
  at <NuxtLayoutProvider layoutProps= {ref: RefImpl} key="default" name="default"  ... > 
  at <NuxtLayout > 
  at <App key=4 > 
  at <NuxtRoot> @ http://localhost:3001/_nuxt/@fs/home/meebuzo/github/alternate-framework/apps/ecosystem/meeovi-frontend/node_modules/@sentry/core/build/esm/instrument/console.js?v=ebf63685:42
[  339099ms] [WARNING] [Vue warn]: Avoid app logic that relies on enumerating keys on a component instance. The keys will be empty in production mode to avoid performance overhead. 
  at <VNavigationDrawer modelValue=undefined onUpdate:modelValue=fn location="right"  ... > 
  at <MenusTopmenuLayoutNotifications > 
  at <VCol class="notificationsHeader" > 
  at <VDefaultsProvider defaults= {VTabs: Object} > 
  at <VToolbar ref=Ref< Proxy(Object) > class="v-app-bar" style= {top: 0px, zIndex: 1014, transform: translateY(0px), position: fixed, height: undefined}  ... > 
  at <VAppBar id="topnav" > 
  at <MenusHeader drawer=false onToggleDrawer=fn > 
  at <ClientOnly > 
  at <VApp theme="light" class="auto-text" > 
  at <VResponsive class="border rounded" > 
  at <Default ref=Ref< Proxy(Object) > > 
  at <AsyncComponentWrapper ref=Ref< Proxy(Object) > > 
  at <LayoutLoader key="default" layoutProps= {ref: RefImpl} name="default" > 
  at <NuxtLayoutProvider layoutProps= {ref: RefImpl} key="default" name="default"  ... > 
  at <NuxtLayout > 
  at <App key=4 > 
  at <NuxtRoot> @ http://localhost:3001/_nuxt/@fs/home/meebuzo/github/alternate-framework/apps/ecosystem/meeovi-frontend/node_modules/@sentry/core/build/esm/instrument/console.js?v=ebf63685:42
[  339103ms] [WARNING] [Vue warn]: Avoid app logic that relies on enumerating keys on a component instance. The keys will be empty in production mode to avoid performance overhead. 
  at <VNavigationDrawer modelValue=undefined onUpdate:modelValue=fn location="right"  ... > 
  at <MenusTopmenuLayoutNotifications > 
  at <VCol class="notificationsHeader" > 
  at <VDefaultsProvider defaults= {VTabs: Object} > 
  at <VToolbar ref=Ref< Proxy(Object) > class="v-app-bar" style= {top: 0px, zIndex: 1014, transform: translateY(0px), position: fixed, height: undefined}  ... > 
  at <VAppBar id="topnav" > 
  at <MenusHeader drawer=false onToggleDrawer=fn > 
  at <ClientOnly > 
  at <VApp theme="light" class="auto-text" > 
  at <VResponsive class="border rounded" > 
  at <Default ref=Ref< Proxy(Object) > > 
  at <AsyncComponentWrapper ref=Ref< Proxy(Object) > > 
  at <LayoutLoader key="default" layoutProps= {ref: RefImpl} name="default" > 
  at <NuxtLayoutProvider layoutProps= {ref: RefImpl} key="default" name="default"  ... > 
  at <NuxtLayout > 
  at <App key=4 > 
  at <NuxtRoot> @ http://localhost:3001/_nuxt/@fs/home/meebuzo/github/alternate-framework/apps/ecosystem/meeovi-frontend/node_modules/@sentry/core/build/esm/instrument/console.js?v=ebf63685:42
[  339106ms] [WARNING] [Vue warn]: Avoid app logic that relies on enumerating keys on a component instance. The keys will be empty in production mode to avoid performance overhead. 
  at <VNavigationDrawer modelValue=undefined onUpdate:modelValue=fn location="right"  ... > 
  at <MenusTopmenuLayoutNotifications > 
  at <VCol class="notificationsHeader" > 
  at <VDefaultsProvider defaults= {VTabs: Object} > 
  at <VToolbar ref=Ref< Proxy(Object) > class="v-app-bar" style= {top: 0px, zIndex: 1014, transform: translateY(0px), position: fixed, height: undefined}  ... > 
  at <VAppBar id="topnav" > 
  at <MenusHeader drawer=false onToggleDrawer=fn > 
  at <ClientOnly > 
  at <VApp theme="light" class="auto-text" > 
  at <VResponsive class="border rounded" > 
  at <Default ref=Ref< Proxy(Object) > > 
  at <AsyncComponentWrapper ref=Ref< Proxy(Object) > > 
  at <LayoutLoader key="default" layoutProps= {ref: RefImpl} name="default" > 
  at <NuxtLayoutProvider layoutProps= {ref: RefImpl} key="default" name="default"  ... > 
  at <NuxtLayout > 
  at <App key=4 > 
  at <NuxtRoot> @ http://localhost:3001/_nuxt/@fs/home/meebuzo/github/alternate-framework/apps/ecosystem/meeovi-frontend/node_modules/@sentry/core/build/esm/instrument/console.js?v=ebf63685:42
[  339110ms] [WARNING] [Vue warn]: Avoid app logic that relies on enumerating keys on a component instance. The keys will be empty in production mode to avoid performance overhead. 
  at <VNavigationDrawer modelValue=undefined onUpdate:modelValue=fn location="right"  ... > 
  at <MenusTopmenuLayoutNotifications > 
  at <VCol class="notificationsHeader" > 
  at <VDefaultsProvider defaults= {VTabs: Object} > 
  at <VToolbar ref=Ref< Proxy(Object) > class="v-app-bar" style= {top: 0px, zIndex: 1014, transform: translateY(0px), position: fixed, height: undefined}  ... > 
  at <VAppBar id="topnav" > 
  at <MenusHeader drawer=false onToggleDrawer=fn > 
  at <ClientOnly > 
  at <VApp theme="light" class="auto-text" > 
  at <VResponsive class="border rounded" > 
  at <Default ref=Ref< Proxy(Object) > > 
  at <AsyncComponentWrapper ref=Ref< Proxy(Object) > > 
  at <LayoutLoader key="default" layoutProps= {ref: RefImpl} name="default" > 
  at <NuxtLayoutProvider layoutProps= {ref: RefImpl} key="default" name="default"  ... > 
  at <NuxtLayout > 
  at <App key=4 > 
  at <NuxtRoot> @ http://localhost:3001/_nuxt/@fs/home/meebuzo/github/alternate-framework/apps/ecosystem/meeovi-frontend/node_modules/@sentry/core/build/esm/instrument/console.js?v=ebf63685:42
[  339113ms] [WARNING] [Vue warn]: Avoid app logic that relies on enumerating keys on a component instance. The keys will be empty in production mode to avoid performance overhead. 
  at <VNavigationDrawer modelValue=undefined onUpdate:modelValue=fn location="right"  ... > 
  at <MenusTopmenuLayoutNotifications > 
  at <VCol class="notificationsHeader" > 
  at <VDefaultsProvider defaults= {VTabs: Object} > 
  at <VToolbar ref=Ref< Proxy(Object) > class="v-app-bar" style= {top: 0px, zIndex: 1014, transform: translateY(0px), position: fixed, height: undefined}  ... > 
  at <VAppBar id="topnav" > 
  at <MenusHeader drawer=false onToggleDrawer=fn > 
  at <ClientOnly > 
  at <VApp theme="light" class="auto-text" > 
  at <VResponsive class="border rounded" > 
  at <Default ref=Ref< Proxy(Object) > > 
  at <AsyncComponentWrapper ref=Ref< Proxy(Object) > > 
  at <LayoutLoader key="default" layoutProps= {ref: RefImpl} name="default" > 
  at <NuxtLayoutProvider layoutProps= {ref: RefImpl} key="default" name="default"  ... > 
  at <NuxtLayout > 
  at <App key=4 > 
  at <NuxtRoot> @ http://localhost:3001/_nuxt/@fs/home/meebuzo/github/alternate-framework/apps/ecosystem/meeovi-frontend/node_modules/@sentry/core/build/esm/instrument/console.js?v=ebf63685:42
[  339117ms] [WARNING] [Vue warn]: Avoid app logic that relies on enumerating keys on a component instance. The keys will be empty in production mode to avoid performance overhead. 
  at <VNavigationDrawer modelValue=undefined onUpdate:modelValue=fn location="right"  ... > 
  at <MenusTopmenuLayoutNotifications > 
  at <VCol class="notificationsHeader" > 
  at <VDefaultsProvider defaults= {VTabs: Object} > 
  at <VToolbar ref=Ref< Proxy(Object) > class="v-app-bar" style= {top: 0px, zIndex: 1014, transform: translateY(0px), position: fixed, height: undefined}  ... > 
  at <VAppBar id="topnav" > 
  at <MenusHeader drawer=false onToggleDrawer=fn > 
  at <ClientOnly > 
  at <VApp theme="light" class="auto-text" > 
  at <VResponsive class="border rounded" > 
  at <Default ref=Ref< Proxy(Object) > > 
  at <AsyncComponentWrapper ref=Ref< Proxy(Object) > > 
  at <LayoutLoader key="default" layoutProps= {ref: RefImpl} name="default" > 
  at <NuxtLayoutProvider layoutProps= {ref: RefImpl} key="default" name="default"  ... > 
  at <NuxtLayout > 
  at <App key=4 > 
  at <NuxtRoot> @ http://localhost:3001/_nuxt/@fs/home/meebuzo/github/alternate-framework/apps/ecosystem/meeovi-frontend/node_modules/@sentry/core/build/esm/instrument/console.js?v=ebf63685:42
[  339120ms] [WARNING] [Vue warn]: Avoid app logic that relies on enumerating keys on a component instance. The keys will be empty in production mode to avoid performance overhead. 
  at <VNavigationDrawer modelValue=undefined onUpdate:modelValue=fn location="right"  ... > 
  at <MenusTopmenuLayoutNotifications > 
  at <VCol class="notificationsHeader" > 
  at <VDefaultsProvider defaults= {VTabs: Object} > 
  at <VToolbar ref=Ref< Proxy(Object) > class="v-app-bar" style= {top: 0px, zIndex: 1014, transform: translateY(0px), position: fixed, height: undefined}  ... > 
  at <VAppBar id="topnav" > 
  at <MenusHeader drawer=false onToggleDrawer=fn > 
  at <ClientOnly > 
  at <VApp theme="light" class="auto-text" > 
  at <VResponsive class="border rounded" > 
  at <Default ref=Ref< Proxy(Object) > > 
  at <AsyncComponentWrapper ref=Ref< Proxy(Object) > > 
  at <LayoutLoader key="default" layoutProps= {ref: RefImpl} name="default" > 
  at <NuxtLayoutProvider layoutProps= {ref: RefImpl} key="default" name="default"  ... > 
  at <NuxtLayout > 
  at <App key=4 > 
  at <NuxtRoot> @ http://localhost:3001/_nuxt/@fs/home/meebuzo/github/alternate-framework/apps/ecosystem/meeovi-frontend/node_modules/@sentry/core/build/esm/instrument/console.js?v=ebf63685:42
[  339124ms] [WARNING] [Vue warn]: Avoid app logic that relies on enumerating keys on a component instance. The keys will be empty in production mode to avoid performance overhead. 
  at <VNavigationDrawer modelValue=undefined onUpdate:modelValue=fn location="right"  ... > 
  at <MenusTopmenuLayoutNotifications > 
  at <VCol class="notificationsHeader" > 
  at <VDefaultsProvider defaults= {VTabs: Object} > 
  at <VToolbar ref=Ref< Proxy(Object) > class="v-app-bar" style= {top: 0px, zIndex: 1014, transform: translateY(0px), position: fixed, height: undefined}  ... > 
  at <VAppBar id="topnav" > 
  at <MenusHeader drawer=false onToggleDrawer=fn > 
  at <ClientOnly > 
  at <VApp theme="light" class="auto-text" > 
  at <VResponsive class="border rounded" > 
  at <Default ref=Ref< Proxy(Object) > > 
  at <AsyncComponentWrapper ref=Ref< Proxy(Object) > > 
  at <LayoutLoader key="default" layoutProps= {ref: RefImpl} name="default" > 
  at <NuxtLayoutProvider layoutProps= {ref: RefImpl} key="default" name="default"  ... > 
  at <NuxtLayout > 
  at <App key=4 > 
  at <NuxtRoot> @ http://localhost:3001/_nuxt/@fs/home/meebuzo/github/alternate-framework/apps/ecosystem/meeovi-frontend/node_modules/@sentry/core/build/esm/instrument/console.js?v=ebf63685:42
[  339127ms] [WARNING] [Vue warn]: Avoid app logic that relies on enumerating keys on a component instance. The keys will be empty in production mode to avoid performance overhead. 
  at <VNavigationDrawer modelValue=undefined onUpdate:modelValue=fn location="right"  ... > 
  at <MenusTopmenuLayoutNotifications > 
  at <VCol class="notificationsHeader" > 
  at <VDefaultsProvider defaults= {VTabs: Object} > 
  at <VToolbar ref=Ref< Proxy(Object) > class="v-app-bar" style= {top: 0px, zIndex: 1014, transform: translateY(0px), position: fixed, height: undefined}  ... > 
  at <VAppBar id="topnav" > 
  at <MenusHeader drawer=false onToggleDrawer=fn > 
  at <ClientOnly > 
  at <VApp theme="light" class="auto-text" > 
  at <VResponsive class="border rounded" > 
  at <Default ref=Ref< Proxy(Object) > > 
  at <AsyncComponentWrapper ref=Ref< Proxy(Object) > > 
  at <LayoutLoader key="default" layoutProps= {ref: RefImpl} name="default" > 
  at <NuxtLayoutProvider layoutProps= {ref: RefImpl} key="default" name="default"  ... > 
  at <NuxtLayout > 
  at <App key=4 > 
  at <NuxtRoot> @ http://localhost:3001/_nuxt/@fs/home/meebuzo/github/alternate-framework/apps/ecosystem/meeovi-frontend/node_modules/@sentry/core/build/esm/instrument/console.js?v=ebf63685:42
[  339132ms] [WARNING] [Vue warn]: Avoid app logic that relies on enumerating keys on a component instance. The keys will be empty in production mode to avoid performance overhead. 
  at <VNavigationDrawer modelValue=undefined onUpdate:modelValue=fn location="right"  ... > 
  at <MenusTopmenuLayoutNotifications > 
  at <VCol class="notificationsHeader" > 
  at <VDefaultsProvider defaults= {VTabs: Object} > 
  at <VToolbar ref=Ref< Proxy(Object) > class="v-app-bar" style= {top: 0px, zIndex: 1014, transform: translateY(0px), position: fixed, height: undefined}  ... > 
  at <VAppBar id="topnav" > 
  at <MenusHeader drawer=false onToggleDrawer=fn > 
  at <ClientOnly > 
  at <VApp theme="light" class="auto-text" > 
  at <VResponsive class="border rounded" > 
  at <Default ref=Ref< Proxy(Object) > > 
  at <AsyncComponentWrapper ref=Ref< Proxy(Object) > > 
  at <LayoutLoader key="default" layoutProps= {ref: RefImpl} name="default" > 
  at <NuxtLayoutProvider layoutProps= {ref: RefImpl} key="default" name="default"  ... > 
  at <NuxtLayout > 
  at <App key=4 > 
  at <NuxtRoot> @ http://localhost:3001/_nuxt/@fs/home/meebuzo/github/alternate-framework/apps/ecosystem/meeovi-frontend/node_modules/@sentry/core/build/esm/instrument/console.js?v=ebf63685:42
[  339136ms] [WARNING] [Vue warn]: Avoid app logic that relies on enumerating keys on a component instance. The keys will be empty in production mode to avoid performance overhead. 
  at <VNavigationDrawer modelValue=undefined onUpdate:modelValue=fn location="right"  ... > 
  at <MenusTopmenuLayoutNotifications > 
  at <VCol class="notificationsHeader" > 
  at <VDefaultsProvider defaults= {VTabs: Object} > 
  at <VToolbar ref=Ref< Proxy(Object) > class="v-app-bar" style= {top: 0px, zIndex: 1014, transform: translateY(0px), position: fixed, height: undefined}  ... > 
  at <VAppBar id="topnav" > 
  at <MenusHeader drawer=false onToggleDrawer=fn > 
  at <ClientOnly > 
  at <VApp theme="light" class="auto-text" > 
  at <VResponsive class="border rounded" > 
  at <Default ref=Ref< Proxy(Object) > > 
  at <AsyncComponentWrapper ref=Ref< Proxy(Object) > > 
  at <LayoutLoader key="default" layoutProps= {ref: RefImpl} name="default" > 
  at <NuxtLayoutProvider layoutProps= {ref: RefImpl} key="default" name="default"  ... > 
  at <NuxtLayout > 
  at <App key=4 > 
  at <NuxtRoot> @ http://localhost:3001/_nuxt/@fs/home/meebuzo/github/alternate-framework/apps/ecosystem/meeovi-frontend/node_modules/@sentry/core/build/esm/instrument/console.js?v=ebf63685:42
[  339139ms] [WARNING] [Vue warn]: Avoid app logic that relies on enumerating keys on a component instance. The keys will be empty in production mode to avoid performance overhead. 
  at <VNavigationDrawer modelValue=undefined onUpdate:modelValue=fn location="right"  ... > 
  at <MenusTopmenuLayoutNotifications > 
  at <VCol class="notificationsHeader" > 
  at <VDefaultsProvider defaults= {VTabs: Object} > 
  at <VToolbar ref=Ref< Proxy(Object) > class="v-app-bar" style= {top: 0px, zIndex: 1014, transform: translateY(0px), position: fixed, height: undefined}  ... > 
  at <VAppBar id="topnav" > 
  at <MenusHeader drawer=false onToggleDrawer=fn > 
  at <ClientOnly > 
  at <VApp theme="light" class="auto-text" > 
  at <VResponsive class="border rounded" > 
  at <Default ref=Ref< Proxy(Object) > > 
  at <AsyncComponentWrapper ref=Ref< Proxy(Object) > > 
  at <LayoutLoader key="default" layoutProps= {ref: RefImpl} name="default" > 
  at <NuxtLayoutProvider layoutProps= {ref: RefImpl} key="default" name="default"  ... > 
  at <NuxtLayout > 
  at <App key=4 > 
  at <NuxtRoot> @ http://localhost:3001/_nuxt/@fs/home/meebuzo/github/alternate-framework/apps/ecosystem/meeovi-frontend/node_modules/@sentry/core/build/esm/instrument/console.js?v=ebf63685:42
[  339143ms] [WARNING] [Vue warn]: Avoid app logic that relies on enumerating keys on a component instance. The keys will be empty in production mode to avoid performance overhead. 
  at <VNavigationDrawer modelValue=undefined onUpdate:modelValue=fn location="right"  ... > 
  at <MenusTopmenuLayoutNotifications > 
  at <VCol class="notificationsHeader" > 
  at <VDefaultsProvider defaults= {VTabs: Object} > 
  at <VToolbar ref=Ref< Proxy(Object) > class="v-app-bar" style= {top: 0px, zIndex: 1014, transform: translateY(0px), position: fixed, height: undefined}  ... > 
  at <VAppBar id="topnav" > 
  at <MenusHeader drawer=false onToggleDrawer=fn > 
  at <ClientOnly > 
  at <VApp theme="light" class="auto-text" > 
  at <VResponsive class="border rounded" > 
  at <Default ref=Ref< Proxy(Object) > > 
  at <AsyncComponentWrapper ref=Ref< Proxy(Object) > > 
  at <LayoutLoader key="default" layoutProps= {ref: RefImpl} name="default" > 
  at <NuxtLayoutProvider layoutProps= {ref: RefImpl} key="default" name="default"  ... > 
  at <NuxtLayout > 
  at <App key=4 > 
  at <NuxtRoot> @ http://localhost:3001/_nuxt/@fs/home/meebuzo/github/alternate-framework/apps/ecosystem/meeovi-frontend/node_modules/@sentry/core/build/esm/instrument/console.js?v=ebf63685:42
[  339146ms] [WARNING] [Vue warn]: Avoid app logic that relies on enumerating keys on a component instance. The keys will be empty in production mode to avoid performance overhead. 
  at <VNavigationDrawer modelValue=undefined onUpdate:modelValue=fn location="right"  ... > 
  at <MenusTopmenuLayoutNotifications > 
  at <VCol class="notificationsHeader" > 
  at <VDefaultsProvider defaults= {VTabs: Object} > 
  at <VToolbar ref=Ref< Proxy(Object) > class="v-app-bar" style= {top: 0px, zIndex: 1014, transform: translateY(0px), position: fixed, height: undefined}  ... > 
  at <VAppBar id="topnav" > 
  at <MenusHeader drawer=false onToggleDrawer=fn > 
  at <ClientOnly > 
  at <VApp theme="light" class="auto-text" > 
  at <VResponsive class="border rounded" > 
  at <Default ref=Ref< Proxy(Object) > > 
  at <AsyncComponentWrapper ref=Ref< Proxy(Object) > > 
  at <LayoutLoader key="default" layoutProps= {ref: RefImpl} name="default" > 
  at <NuxtLayoutProvider layoutProps= {ref: RefImpl} key="default" name="default"  ... > 
  at <NuxtLayout > 
  at <App key=4 > 
  at <NuxtRoot> @ http://localhost:3001/_nuxt/@fs/home/meebuzo/github/alternate-framework/apps/ecosystem/meeovi-frontend/node_modules/@sentry/core/build/esm/instrument/console.js?v=ebf63685:42
[  339150ms] [WARNING] [Vue warn]: Avoid app logic that relies on enumerating keys on a component instance. The keys will be empty in production mode to avoid performance overhead. 
  at <VNavigationDrawer modelValue=undefined onUpdate:modelValue=fn location="right"  ... > 
  at <MenusTopmenuLayoutNotifications > 
  at <VCol class="notificationsHeader" > 
  at <VDefaultsProvider defaults= {VTabs: Object} > 
  at <VToolbar ref=Ref< Proxy(Object) > class="v-app-bar" style= {top: 0px, zIndex: 1014, transform: translateY(0px), position: fixed, height: undefined}  ... > 
  at <VAppBar id="topnav" > 
  at <MenusHeader drawer=false onToggleDrawer=fn > 
  at <ClientOnly > 
  at <VApp theme="light" class="auto-text" > 
  at <VResponsive class="border rounded" > 
  at <Default ref=Ref< Proxy(Object) > > 
  at <AsyncComponentWrapper ref=Ref< Proxy(Object) > > 
  at <LayoutLoader key="default" layoutProps= {ref: RefImpl} name="default" > 
  at <NuxtLayoutProvider layoutProps= {ref: RefImpl} key="default" name="default"  ... > 
  at <NuxtLayout > 
  at <App key=4 > 
  at <NuxtRoot> @ http://localhost:3001/_nuxt/@fs/home/meebuzo/github/alternate-framework/apps/ecosystem/meeovi-frontend/node_modules/@sentry/core/build/esm/instrument/console.js?v=ebf63685:42
[  339154ms] [WARNING] [Vue warn]: Avoid app logic that relies on enumerating keys on a component instance. The keys will be empty in production mode to avoid performance overhead. 
  at <VNavigationDrawer modelValue=undefined onUpdate:modelValue=fn location="right"  ... > 
  at <MenusTopmenuLayoutNotifications > 
  at <VCol class="notificationsHeader" > 
  at <VDefaultsProvider defaults= {VTabs: Object} > 
  at <VToolbar ref=Ref< Proxy(Object) > class="v-app-bar" style= {top: 0px, zIndex: 1014, transform: translateY(0px), position: fixed, height: undefined}  ... > 
  at <VAppBar id="topnav" > 
  at <MenusHeader drawer=false onToggleDrawer=fn > 
  at <ClientOnly > 
  at <VApp theme="light" class="auto-text" > 
  at <VResponsive class="border rounded" > 
  at <Default ref=Ref< Proxy(Object) > > 
  at <AsyncComponentWrapper ref=Ref< Proxy(Object) > > 
  at <LayoutLoader key="default" layoutProps= {ref: RefImpl} name="default" > 
  at <NuxtLayoutProvider layoutProps= {ref: RefImpl} key="default" name="default"  ... > 
  at <NuxtLayout > 
  at <App key=4 > 
  at <NuxtRoot> @ http://localhost:3001/_nuxt/@fs/home/meebuzo/github/alternate-framework/apps/ecosystem/meeovi-frontend/node_modules/@sentry/core/build/esm/instrument/console.js?v=ebf63685:42
[  339157ms] [WARNING] [Vue warn]: Avoid app logic that relies on enumerating keys on a component instance. The keys will be empty in production mode to avoid performance overhead. 
  at <VNavigationDrawer modelValue=undefined onUpdate:modelValue=fn location="right"  ... > 
  at <MenusTopmenuLayoutNotifications > 
  at <VCol class="notificationsHeader" > 
  at <VDefaultsProvider defaults= {VTabs: Object} > 
  at <VToolbar ref=Ref< Proxy(Object) > class="v-app-bar" style= {top: 0px, zIndex: 1014, transform: translateY(0px), position: fixed, height: undefined}  ... > 
  at <VAppBar id="topnav" > 
  at <MenusHeader drawer=false onToggleDrawer=fn > 
  at <ClientOnly > 
  at <VApp theme="light" class="auto-text" > 
  at <VResponsive class="border rounded" > 
  at <Default ref=Ref< Proxy(Object) > > 
  at <AsyncComponentWrapper ref=Ref< Proxy(Object) > > 
  at <LayoutLoader key="default" layoutProps= {ref: RefImpl} name="default" > 
  at <NuxtLayoutProvider layoutProps= {ref: RefImpl} key="default" name="default"  ... > 
  at <NuxtLayout > 
  at <App key=4 > 
  at <NuxtRoot> @ http://localhost:3001/_nuxt/@fs/home/meebuzo/github/alternate-framework/apps/ecosystem/meeovi-frontend/node_modules/@sentry/core/build/esm/instrument/console.js?v=ebf63685:42
[  339161ms] [WARNING] [Vue warn]: Avoid app logic that relies on enumerating keys on a component instance. The keys will be empty in production mode to avoid performance overhead. 
  at <VNavigationDrawer modelValue=undefined onUpdate:modelValue=fn location="right"  ... > 
  at <MenusTopmenuLayoutNotifications > 
  at <VCol class="notificationsHeader" > 
  at <VDefaultsProvider defaults= {VTabs: Object} > 
  at <VToolbar ref=Ref< Proxy(Object) > class="v-app-bar" style= {top: 0px, zIndex: 1014, transform: translateY(0px), position: fixed, height: undefined}  ... > 
  at <VAppBar id="topnav" > 
  at <MenusHeader drawer=false onToggleDrawer=fn > 
  at <ClientOnly > 
  at <VApp theme="light" class="auto-text" > 
  at <VResponsive class="border rounded" > 
  at <Default ref=Ref< Proxy(Object) > > 
  at <AsyncComponentWrapper ref=Ref< Proxy(Object) > > 
  at <LayoutLoader key="default" layoutProps= {ref: RefImpl} name="default" > 
  at <NuxtLayoutProvider layoutProps= {ref: RefImpl} key="default" name="default"  ... > 
  at <NuxtLayout > 
  at <App key=4 > 
  at <NuxtRoot> @ http://localhost:3001/_nuxt/@fs/home/meebuzo/github/alternate-framework/apps/ecosystem/meeovi-frontend/node_modules/@sentry/core/build/esm/instrument/console.js?v=ebf63685:42
[  339164ms] [WARNING] [Vue warn]: Avoid app logic that relies on enumerating keys on a component instance. The keys will be empty in production mode to avoid performance overhead. 
  at <VNavigationDrawer modelValue=undefined onUpdate:modelValue=fn location="right"  ... > 
  at <MenusTopmenuLayoutNotifications > 
  at <VCol class="notificationsHeader" > 
  at <VDefaultsProvider defaults= {VTabs: Object} > 
  at <VToolbar ref=Ref< Proxy(Object) > class="v-app-bar" style= {top: 0px, zIndex: 1014, transform: translateY(0px), position: fixed, height: undefined}  ... > 
  at <VAppBar id="topnav" > 
  at <MenusHeader drawer=false onToggleDrawer=fn > 
  at <ClientOnly > 
  at <VApp theme="light" class="auto-text" > 
  at <VResponsive class="border rounded" > 
  at <Default ref=Ref< Proxy(Object) > > 
  at <AsyncComponentWrapper ref=Ref< Proxy(Object) > > 
  at <LayoutLoader key="default" layoutProps= {ref: RefImpl} name="default" > 
  at <NuxtLayoutProvider layoutProps= {ref: RefImpl} key="default" name="default"  ... > 
  at <NuxtLayout > 
  at <App key=4 > 
  at <NuxtRoot> @ http://localhost:3001/_nuxt/@fs/home/meebuzo/github/alternate-framework/apps/ecosystem/meeovi-frontend/node_modules/@sentry/core/build/esm/instrument/console.js?v=ebf63685:42
[  339167ms] [WARNING] [Vue warn]: Avoid app logic that relies on enumerating keys on a component instance. The keys will be empty in production mode to avoid performance overhead. 
  at <VNavigationDrawer modelValue=undefined onUpdate:modelValue=fn location="right"  ... > 
  at <MenusTopmenuLayoutNotifications > 
  at <VCol class="notificationsHeader" > 
  at <VDefaultsProvider defaults= {VTabs: Object} > 
  at <VToolbar ref=Ref< Proxy(Object) > class="v-app-bar" style= {top: 0px, zIndex: 1014, transform: translateY(0px), position: fixed, height: undefined}  ... > 
  at <VAppBar id="topnav" > 
  at <MenusHeader drawer=false onToggleDrawer=fn > 
  at <ClientOnly > 
  at <VApp theme="light" class="auto-text" > 
  at <VResponsive class="border rounded" > 
  at <Default ref=Ref< Proxy(Object) > > 
  at <AsyncComponentWrapper ref=Ref< Proxy(Object) > > 
  at <LayoutLoader key="default" layoutProps= {ref: RefImpl} name="default" > 
  at <NuxtLayoutProvider layoutProps= {ref: RefImpl} key="default" name="default"  ... > 
  at <NuxtLayout > 
  at <App key=4 > 
  at <NuxtRoot> @ http://localhost:3001/_nuxt/@fs/home/meebuzo/github/alternate-framework/apps/ecosystem/meeovi-frontend/node_modules/@sentry/core/build/esm/instrument/console.js?v=ebf63685:42
[  339170ms] [WARNING] [Vue warn]: Avoid app logic that relies on enumerating keys on a component instance. The keys will be empty in production mode to avoid performance overhead. 
  at <VNavigationDrawer modelValue=undefined onUpdate:modelValue=fn location="right"  ... > 
  at <MenusTopmenuLayoutNotifications > 
  at <VCol class="notificationsHeader" > 
  at <VDefaultsProvider defaults= {VTabs: Object} > 
  at <VToolbar ref=Ref< Proxy(Object) > class="v-app-bar" style= {top: 0px, zIndex: 1014, transform: translateY(0px), position: fixed, height: undefined}  ... > 
  at <VAppBar id="topnav" > 
  at <MenusHeader drawer=false onToggleDrawer=fn > 
  at <ClientOnly > 
  at <VApp theme="light" class="auto-text" > 
  at <VResponsive class="border rounded" > 
  at <Default ref=Ref< Proxy(Object) > > 
  at <AsyncComponentWrapper ref=Ref< Proxy(Object) > > 
  at <LayoutLoader key="default" layoutProps= {ref: RefImpl} name="default" > 
  at <NuxtLayoutProvider layoutProps= {ref: RefImpl} key="default" name="default"  ... > 
  at <NuxtLayout > 
  at <App key=4 > 
  at <NuxtRoot> @ http://localhost:3001/_nuxt/@fs/home/meebuzo/github/alternate-framework/apps/ecosystem/meeovi-frontend/node_modules/@sentry/core/build/esm/instrument/console.js?v=ebf63685:42
[  339173ms] [WARNING] [Vue warn]: Avoid app logic that relies on enumerating keys on a component instance. The keys will be empty in production mode to avoid performance overhead. 
  at <VNavigationDrawer modelValue=undefined onUpdate:modelValue=fn location="right"  ... > 
  at <MenusTopmenuLayoutNotifications > 
  at <VCol class="notificationsHeader" > 
  at <VDefaultsProvider defaults= {VTabs: Object} > 
  at <VToolbar ref=Ref< Proxy(Object) > class="v-app-bar" style= {top: 0px, zIndex: 1014, transform: translateY(0px), position: fixed, height: undefined}  ... > 
  at <VAppBar id="topnav" > 
  at <MenusHeader drawer=false onToggleDrawer=fn > 
  at <ClientOnly > 
  at <VApp theme="light" class="auto-text" > 
  at <VResponsive class="border rounded" > 
  at <Default ref=Ref< Proxy(Object) > > 
  at <AsyncComponentWrapper ref=Ref< Proxy(Object) > > 
  at <LayoutLoader key="default" layoutProps= {ref: RefImpl} name="default" > 
  at <NuxtLayoutProvider layoutProps= {ref: RefImpl} key="default" name="default"  ... > 
  at <NuxtLayout > 
  at <App key=4 > 
  at <NuxtRoot> @ http://localhost:3001/_nuxt/@fs/home/meebuzo/github/alternate-framework/apps/ecosystem/meeovi-frontend/node_modules/@sentry/core/build/esm/instrument/console.js?v=ebf63685:42
[  339176ms] [WARNING] [Vue warn]: Avoid app logic that relies on enumerating keys on a component instance. The keys will be empty in production mode to avoid performance overhead. 
  at <VNavigationDrawer modelValue=undefined onUpdate:modelValue=fn location="right"  ... > 
  at <MenusTopmenuLayoutNotifications > 
  at <VCol class="notificationsHeader" > 
  at <VDefaultsProvider defaults= {VTabs: Object} > 
  at <VToolbar ref=Ref< Proxy(Object) > class="v-app-bar" style= {top: 0px, zIndex: 1014, transform: translateY(0px), position: fixed, height: undefined}  ... > 
  at <VAppBar id="topnav" > 
  at <MenusHeader drawer=false onToggleDrawer=fn > 
  at <ClientOnly > 
  at <VApp theme="light" class="auto-text" > 
  at <VResponsive class="border rounded" > 
  at <Default ref=Ref< Proxy(Object) > > 
  at <AsyncComponentWrapper ref=Ref< Proxy(Object) > > 
  at <LayoutLoader key="default" layoutProps= {ref: RefImpl} name="default" > 
  at <NuxtLayoutProvider layoutProps= {ref: RefImpl} key="default" name="default"  ... > 
  at <NuxtLayout > 
  at <App key=4 > 
  at <NuxtRoot> @ http://localhost:3001/_nuxt/@fs/home/meebuzo/github/alternate-framework/apps/ecosystem/meeovi-frontend/node_modules/@sentry/core/build/esm/instrument/console.js?v=ebf63685:42
[  339180ms] [WARNING] [Vue warn]: Avoid app logic that relies on enumerating keys on a component instance. The keys will be empty in production mode to avoid performance overhead. 
  at <VNavigationDrawer modelValue=undefined onUpdate:modelValue=fn location="right"  ... > 
  at <MenusTopmenuLayoutNotifications > 
  at <VCol class="notificationsHeader" > 
  at <VDefaultsProvider defaults= {VTabs: Object} > 
  at <VToolbar ref=Ref< Proxy(Object) > class="v-app-bar" style= {top: 0px, zIndex: 1014, transform: translateY(0px), position: fixed, height: undefined}  ... > 
  at <VAppBar id="topnav" > 
  at <MenusHeader drawer=false onToggleDrawer=fn > 
  at <ClientOnly > 
  at <VApp theme="light" class="auto-text" > 
  at <VResponsive class="border rounded" > 
  at <Default ref=Ref< Proxy(Object) > > 
  at <AsyncComponentWrapper ref=Ref< Proxy(Object) > > 
  at <LayoutLoader key="default" layoutProps= {ref: RefImpl} name="default" > 
  at <NuxtLayoutProvider layoutProps= {ref: RefImpl} key="default" name="default"  ... > 
  at <NuxtLayout > 
  at <App key=4 > 
  at <NuxtRoot> @ http://localhost:3001/_nuxt/@fs/home/meebuzo/github/alternate-framework/apps/ecosystem/meeovi-frontend/node_modules/@sentry/core/build/esm/instrument/console.js?v=ebf63685:42
[  339183ms] [WARNING] [Vue warn]: Avoid app logic that relies on enumerating keys on a component instance. The keys will be empty in production mode to avoid performance overhead. 
  at <VNavigationDrawer modelValue=undefined onUpdate:modelValue=fn location="right"  ... > 
  at <MenusTopmenuLayoutNotifications > 
  at <VCol class="notificationsHeader" > 
  at <VDefaultsProvider defaults= {VTabs: Object} > 
  at <VToolbar ref=Ref< Proxy(Object) > class="v-app-bar" style= {top: 0px, zIndex: 1014, transform: translateY(0px), position: fixed, height: undefined}  ... > 
  at <VAppBar id="topnav" > 
  at <MenusHeader drawer=false onToggleDrawer=fn > 
  at <ClientOnly > 
  at <VApp theme="light" class="auto-text" > 
  at <VResponsive class="border rounded" > 
  at <Default ref=Ref< Proxy(Object) > > 
  at <AsyncComponentWrapper ref=Ref< Proxy(Object) > > 
  at <LayoutLoader key="default" layoutProps= {ref: RefImpl} name="default" > 
  at <NuxtLayoutProvider layoutProps= {ref: RefImpl} key="default" name="default"  ... > 
  at <NuxtLayout > 
  at <App key=4 > 
  at <NuxtRoot> @ http://localhost:3001/_nuxt/@fs/home/meebuzo/github/alternate-framework/apps/ecosystem/meeovi-frontend/node_modules/@sentry/core/build/esm/instrument/console.js?v=ebf63685:42
[  339188ms] [WARNING] [Vue warn]: Avoid app logic that relies on enumerating keys on a component instance. The keys will be empty in production mode to avoid performance overhead. 
  at <VNavigationDrawer modelValue=undefined onUpdate:modelValue=fn location="right"  ... > 
  at <MenusTopmenuLayoutNotifications > 
  at <VCol class="notificationsHeader" > 
  at <VDefaultsProvider defaults= {VTabs: Object} > 
  at <VToolbar ref=Ref< Proxy(Object) > class="v-app-bar" style= {top: 0px, zIndex: 1014, transform: translateY(0px), position: fixed, height: undefined}  ... > 
  at <VAppBar id="topnav" > 
  at <MenusHeader drawer=false onToggleDrawer=fn > 
  at <ClientOnly > 
  at <VApp theme="light" class="auto-text" > 
  at <VResponsive class="border rounded" > 
  at <Default ref=Ref< Proxy(Object) > > 
  at <AsyncComponentWrapper ref=Ref< Proxy(Object) > > 
  at <LayoutLoader key="default" layoutProps= {ref: RefImpl} name="default" > 
  at <NuxtLayoutProvider layoutProps= {ref: RefImpl} key="default" name="default"  ... > 
  at <NuxtLayout > 
  at <App key=4 > 
  at <NuxtRoot> @ http://localhost:3001/_nuxt/@fs/home/meebuzo/github/alternate-framework/apps/ecosystem/meeovi-frontend/node_modules/@sentry/core/build/esm/instrument/console.js?v=ebf63685:42
[  339191ms] [WARNING] [Vue warn]: Avoid app logic that relies on enumerating keys on a component instance. The keys will be empty in production mode to avoid performance overhead. 
  at <VNavigationDrawer modelValue=undefined onUpdate:modelValue=fn location="right"  ... > 
  at <MenusTopmenuLayoutNotifications > 
  at <VCol class="notificationsHeader" > 
  at <VDefaultsProvider defaults= {VTabs: Object} > 
  at <VToolbar ref=Ref< Proxy(Object) > class="v-app-bar" style= {top: 0px, zIndex: 1014, transform: translateY(0px), position: fixed, height: undefined}  ... > 
  at <VAppBar id="topnav" > 
  at <MenusHeader drawer=false onToggleDrawer=fn > 
  at <ClientOnly > 
  at <VApp theme="light" class="auto-text" > 
  at <VResponsive class="border rounded" > 
  at <Default ref=Ref< Proxy(Object) > > 
  at <AsyncComponentWrapper ref=Ref< Proxy(Object) > > 
  at <LayoutLoader key="default" layoutProps= {ref: RefImpl} name="default" > 
  at <NuxtLayoutProvider layoutProps= {ref: RefImpl} key="default" name="default"  ... > 
  at <NuxtLayout > 
  at <App key=4 > 
  at <NuxtRoot> @ http://localhost:3001/_nuxt/@fs/home/meebuzo/github/alternate-framework/apps/ecosystem/meeovi-frontend/node_modules/@sentry/core/build/esm/instrument/console.js?v=ebf63685:42
[  339195ms] [WARNING] [Vue warn]: Avoid app logic that relies on enumerating keys on a component instance. The keys will be empty in production mode to avoid performance overhead. 
  at <VNavigationDrawer modelValue=undefined onUpdate:modelValue=fn location="right"  ... > 
  at <MenusTopmenuLayoutNotifications > 
  at <VCol class="notificationsHeader" > 
  at <VDefaultsProvider defaults= {VTabs: Object} > 
  at <VToolbar ref=Ref< Proxy(Object) > class="v-app-bar" style= {top: 0px, zIndex: 1014, transform: translateY(0px), position: fixed, height: undefined}  ... > 
  at <VAppBar id="topnav" > 
  at <MenusHeader drawer=false onToggleDrawer=fn > 
  at <ClientOnly > 
  at <VApp theme="light" class="auto-text" > 
  at <VResponsive class="border rounded" > 
  at <Default ref=Ref< Proxy(Object) > > 
  at <AsyncComponentWrapper ref=Ref< Proxy(Object) > > 
  at <LayoutLoader key="default" layoutProps= {ref: RefImpl} name="default" > 
  at <NuxtLayoutProvider layoutProps= {ref: RefImpl} key="default" name="default"  ... > 
  at <NuxtLayout > 
  at <App key=4 > 
  at <NuxtRoot> @ http://localhost:3001/_nuxt/@fs/home/meebuzo/github/alternate-framework/apps/ecosystem/meeovi-frontend/node_modules/@sentry/core/build/esm/instrument/console.js?v=ebf63685:42
[  339199ms] [WARNING] [Vue warn]: Avoid app logic that relies on enumerating keys on a component instance. The keys will be empty in production mode to avoid performance overhead. 
  at <VNavigationDrawer modelValue=undefined onUpdate:modelValue=fn location="right"  ... > 
  at <MenusTopmenuLayoutNotifications > 
  at <VCol class="notificationsHeader" > 
  at <VDefaultsProvider defaults= {VTabs: Object} > 
  at <VToolbar ref=Ref< Proxy(Object) > class="v-app-bar" style= {top: 0px, zIndex: 1014, transform: translateY(0px), position: fixed, height: undefined}  ... > 
  at <VAppBar id="topnav" > 
  at <MenusHeader drawer=false onToggleDrawer=fn > 
  at <ClientOnly > 
  at <VApp theme="light" class="auto-text" > 
  at <VResponsive class="border rounded" > 
  at <Default ref=Ref< Proxy(Object) > > 
  at <AsyncComponentWrapper ref=Ref< Proxy(Object) > > 
  at <LayoutLoader key="default" layoutProps= {ref: RefImpl} name="default" > 
  at <NuxtLayoutProvider layoutProps= {ref: RefImpl} key="default" name="default"  ... > 
  at <NuxtLayout > 
  at <App key=4 > 
  at <NuxtRoot> @ http://localhost:3001/_nuxt/@fs/home/meebuzo/github/alternate-framework/apps/ecosystem/meeovi-frontend/node_modules/@sentry/core/build/esm/instrument/console.js?v=ebf63685:42
[  339201ms] [WARNING] [Vue warn]: Avoid app logic that relies on enumerating keys on a component instance. The keys will be empty in production mode to avoid performance overhead. 
  at <VNavigationDrawer modelValue=undefined onUpdate:modelValue=fn location="right"  ... > 
  at <MenusTopmenuLayoutNotifications > 
  at <VCol class="notificationsHeader" > 
  at <VDefaultsProvider defaults= {VTabs: Object} > 
  at <VToolbar ref=Ref< Proxy(Object) > class="v-app-bar" style= {top: 0px, zIndex: 1014, transform: translateY(0px), position: fixed, height: undefined}  ... > 
  at <VAppBar id="topnav" > 
  at <MenusHeader drawer=false onToggleDrawer=fn > 
  at <ClientOnly > 
  at <VApp theme="light" class="auto-text" > 
  at <VResponsive class="border rounded" > 
  at <Default ref=Ref< Proxy(Object) > > 
  at <AsyncComponentWrapper ref=Ref< Proxy(Object) > > 
  at <LayoutLoader key="default" layoutProps= {ref: RefImpl} name="default" > 
  at <NuxtLayoutProvider layoutProps= {ref: RefImpl} key="default" name="default"  ... > 
  at <NuxtLayout > 
  at <App key=4 > 
  at <NuxtRoot> @ http://localhost:3001/_nuxt/@fs/home/meebuzo/github/alternate-framework/apps/ecosystem/meeovi-frontend/node_modules/@sentry/core/build/esm/instrument/console.js?v=ebf63685:42
[  339205ms] [WARNING] [Vue warn]: Avoid app logic that relies on enumerating keys on a component instance. The keys will be empty in production mode to avoid performance overhead. 
  at <VNavigationDrawer modelValue=undefined onUpdate:modelValue=fn location="right"  ... > 
  at <MenusTopmenuLayoutNotifications > 
  at <VCol class="notificationsHeader" > 
  at <VDefaultsProvider defaults= {VTabs: Object} > 
  at <VToolbar ref=Ref< Proxy(Object) > class="v-app-bar" style= {top: 0px, zIndex: 1014, transform: translateY(0px), position: fixed, height: undefined}  ... > 
  at <VAppBar id="topnav" > 
  at <MenusHeader drawer=false onToggleDrawer=fn > 
  at <ClientOnly > 
  at <VApp theme="light" class="auto-text" > 
  at <VResponsive class="border rounded" > 
  at <Default ref=Ref< Proxy(Object) > > 
  at <AsyncComponentWrapper ref=Ref< Proxy(Object) > > 
  at <LayoutLoader key="default" layoutProps= {ref: RefImpl} name="default" > 
  at <NuxtLayoutProvider layoutProps= {ref: RefImpl} key="default" name="default"  ... > 
  at <NuxtLayout > 
  at <App key=4 > 
  at <NuxtRoot> @ http://localhost:3001/_nuxt/@fs/home/meebuzo/github/alternate-framework/apps/ecosystem/meeovi-frontend/node_modules/@sentry/core/build/esm/instrument/console.js?v=ebf63685:42
[  339209ms] [WARNING] [Vue warn]: Avoid app logic that relies on enumerating keys on a component instance. The keys will be empty in production mode to avoid performance overhead. 
  at <VNavigationDrawer modelValue=undefined onUpdate:modelValue=fn location="right"  ... > 
  at <MenusTopmenuLayoutNotifications > 
  at <VCol class="notificationsHeader" > 
  at <VDefaultsProvider defaults= {VTabs: Object} > 
  at <VToolbar ref=Ref< Proxy(Object) > class="v-app-bar" style= {top: 0px, zIndex: 1014, transform: translateY(0px), position: fixed, height: undefined}  ... > 
  at <VAppBar id="topnav" > 
  at <MenusHeader drawer=false onToggleDrawer=fn > 
  at <ClientOnly > 
  at <VApp theme="light" class="auto-text" > 
  at <VResponsive class="border rounded" > 
  at <Default ref=Ref< Proxy(Object) > > 
  at <AsyncComponentWrapper ref=Ref< Proxy(Object) > > 
  at <LayoutLoader key="default" layoutProps= {ref: RefImpl} name="default" > 
  at <NuxtLayoutProvider layoutProps= {ref: RefImpl} key="default" name="default"  ... > 
  at <NuxtLayout > 
  at <App key=4 > 
  at <NuxtRoot> @ http://localhost:3001/_nuxt/@fs/home/meebuzo/github/alternate-framework/apps/ecosystem/meeovi-frontend/node_modules/@sentry/core/build/esm/instrument/console.js?v=ebf63685:42
[  339213ms] [WARNING] [Vue warn]: Avoid app logic that relies on enumerating keys on a component instance. The keys will be empty in production mode to avoid performance overhead. 
  at <VNavigationDrawer modelValue=undefined onUpdate:modelValue=fn location="right"  ... > 
  at <MenusTopmenuLayoutNotifications > 
  at <VCol class="notificationsHeader" > 
  at <VDefaultsProvider defaults= {VTabs: Object} > 
  at <VToolbar ref=Ref< Proxy(Object) > class="v-app-bar" style= {top: 0px, zIndex: 1014, transform: translateY(0px), position: fixed, height: undefined}  ... > 
  at <VAppBar id="topnav" > 
  at <MenusHeader drawer=false onToggleDrawer=fn > 
  at <ClientOnly > 
  at <VApp theme="light" class="auto-text" > 
  at <VResponsive class="border rounded" > 
  at <Default ref=Ref< Proxy(Object) > > 
  at <AsyncComponentWrapper ref=Ref< Proxy(Object) > > 
  at <LayoutLoader key="default" layoutProps= {ref: RefImpl} name="default" > 
  at <NuxtLayoutProvider layoutProps= {ref: RefImpl} key="default" name="default"  ... > 
  at <NuxtLayout > 
  at <App key=4 > 
  at <NuxtRoot> @ http://localhost:3001/_nuxt/@fs/home/meebuzo/github/alternate-framework/apps/ecosystem/meeovi-frontend/node_modules/@sentry/core/build/esm/instrument/console.js?v=ebf63685:42
[  339216ms] [WARNING] [Vue warn]: Avoid app logic that relies on enumerating keys on a component instance. The keys will be empty in production mode to avoid performance overhead. 
  at <VNavigationDrawer modelValue=undefined onUpdate:modelValue=fn location="right"  ... > 
  at <MenusTopmenuLayoutNotifications > 
  at <VCol class="notificationsHeader" > 
  at <VDefaultsProvider defaults= {VTabs: Object} > 
  at <VToolbar ref=Ref< Proxy(Object) > class="v-app-bar" style= {top: 0px, zIndex: 1014, transform: translateY(0px), position: fixed, height: undefined}  ... > 
  at <VAppBar id="topnav" > 
  at <MenusHeader drawer=false onToggleDrawer=fn > 
  at <ClientOnly > 
  at <VApp theme="light" class="auto-text" > 
  at <VResponsive class="border rounded" > 
  at <Default ref=Ref< Proxy(Object) > > 
  at <AsyncComponentWrapper ref=Ref< Proxy(Object) > > 
  at <LayoutLoader key="default" layoutProps= {ref: RefImpl} name="default" > 
  at <NuxtLayoutProvider layoutProps= {ref: RefImpl} key="default" name="default"  ... > 
  at <NuxtLayout > 
  at <App key=4 > 
  at <NuxtRoot> @ http://localhost:3001/_nuxt/@fs/home/meebuzo/github/alternate-framework/apps/ecosystem/meeovi-frontend/node_modules/@sentry/core/build/esm/instrument/console.js?v=ebf63685:42
[  339219ms] [WARNING] [Vue warn]: Avoid app logic that relies on enumerating keys on a component instance. The keys will be empty in production mode to avoid performance overhead. 
  at <VNavigationDrawer modelValue=undefined onUpdate:modelValue=fn location="right"  ... > 
  at <MenusTopmenuLayoutNotifications > 
  at <VCol class="notificationsHeader" > 
  at <VDefaultsProvider defaults= {VTabs: Object} > 
  at <VToolbar ref=Ref< Proxy(Object) > class="v-app-bar" style= {top: 0px, zIndex: 1014, transform: translateY(0px), position: fixed, height: undefined}  ... > 
  at <VAppBar id="topnav" > 
  at <MenusHeader drawer=false onToggleDrawer=fn > 
  at <ClientOnly > 
  at <VApp theme="light" class="auto-text" > 
  at <VResponsive class="border rounded" > 
  at <Default ref=Ref< Proxy(Object) > > 
  at <AsyncComponentWrapper ref=Ref< Proxy(Object) > > 
  at <LayoutLoader key="default" layoutProps= {ref: RefImpl} name="default" > 
  at <NuxtLayoutProvider layoutProps= {ref: RefImpl} key="default" name="default"  ... > 
  at <NuxtLayout > 
  at <App key=4 > 
  at <NuxtRoot> @ http://localhost:3001/_nuxt/@fs/home/meebuzo/github/alternate-framework/apps/ecosystem/meeovi-frontend/node_modules/@sentry/core/build/esm/instrument/console.js?v=ebf63685:42
[  339223ms] [WARNING] [Vue warn]: Avoid app logic that relies on enumerating keys on a component instance. The keys will be empty in production mode to avoid performance overhead. 
  at <VNavigationDrawer modelValue=undefined onUpdate:modelValue=fn location="right"  ... > 
  at <MenusTopmenuLayoutNotifications > 
  at <VCol class="notificationsHeader" > 
  at <VDefaultsProvider defaults= {VTabs: Object} > 
  at <VToolbar ref=Ref< Proxy(Object) > class="v-app-bar" style= {top: 0px, zIndex: 1014, transform: translateY(0px), position: fixed, height: undefined}  ... > 
  at <VAppBar id="topnav" > 
  at <MenusHeader drawer=false onToggleDrawer=fn > 
  at <ClientOnly > 
  at <VApp theme="light" class="auto-text" > 
  at <VResponsive class="border rounded" > 
  at <Default ref=Ref< Proxy(Object) > > 
  at <AsyncComponentWrapper ref=Ref< Proxy(Object) > > 
  at <LayoutLoader key="default" layoutProps= {ref: RefImpl} name="default" > 
  at <NuxtLayoutProvider layoutProps= {ref: RefImpl} key="default" name="default"  ... > 
  at <NuxtLayout > 
  at <App key=4 > 
  at <NuxtRoot> @ http://localhost:3001/_nuxt/@fs/home/meebuzo/github/alternate-framework/apps/ecosystem/meeovi-frontend/node_modules/@sentry/core/build/esm/instrument/console.js?v=ebf63685:42
[  339227ms] [WARNING] [Vue warn]: Avoid app logic that relies on enumerating keys on a component instance. The keys will be empty in production mode to avoid performance overhead. 
  at <VNavigationDrawer modelValue=undefined onUpdate:modelValue=fn location="right"  ... > 
  at <MenusTopmenuLayoutNotifications > 
  at <VCol class="notificationsHeader" > 
  at <VDefaultsProvider defaults= {VTabs: Object} > 
  at <VToolbar ref=Ref< Proxy(Object) > class="v-app-bar" style= {top: 0px, zIndex: 1014, transform: translateY(0px), position: fixed, height: undefined}  ... > 
  at <VAppBar id="topnav" > 
  at <MenusHeader drawer=false onToggleDrawer=fn > 
  at <ClientOnly > 
  at <VApp theme="light" class="auto-text" > 
  at <VResponsive class="border rounded" > 
  at <Default ref=Ref< Proxy(Object) > > 
  at <AsyncComponentWrapper ref=Ref< Proxy(Object) > > 
  at <LayoutLoader key="default" layoutProps= {ref: RefImpl} name="default" > 
  at <NuxtLayoutProvider layoutProps= {ref: RefImpl} key="default" name="default"  ... > 
  at <NuxtLayout > 
  at <App key=4 > 
  at <NuxtRoot> @ http://localhost:3001/_nuxt/@fs/home/meebuzo/github/alternate-framework/apps/ecosystem/meeovi-frontend/node_modules/@sentry/core/build/esm/instrument/console.js?v=ebf63685:42
[  339231ms] [WARNING] [Vue warn]: Avoid app logic that relies on enumerating keys on a component instance. The keys will be empty in production mode to avoid performance overhead. 
  at <VNavigationDrawer modelValue=undefined onUpdate:modelValue=fn location="right"  ... > 
  at <MenusTopmenuLayoutNotifications > 
  at <VCol class="notificationsHeader" > 
  at <VDefaultsProvider defaults= {VTabs: Object} > 
  at <VToolbar ref=Ref< Proxy(Object) > class="v-app-bar" style= {top: 0px, zIndex: 1014, transform: translateY(0px), position: fixed, height: undefined}  ... > 
  at <VAppBar id="topnav" > 
  at <MenusHeader drawer=false onToggleDrawer=fn > 
  at <ClientOnly > 
  at <VApp theme="light" class="auto-text" > 
  at <VResponsive class="border rounded" > 
  at <Default ref=Ref< Proxy(Object) > > 
  at <AsyncComponentWrapper ref=Ref< Proxy(Object) > > 
  at <LayoutLoader key="default" layoutProps= {ref: RefImpl} name="default" > 
  at <NuxtLayoutProvider layoutProps= {ref: RefImpl} key="default" name="default"  ... > 
  at <NuxtLayout > 
  at <App key=4 > 
  at <NuxtRoot> @ http://localhost:3001/_nuxt/@fs/home/meebuzo/github/alternate-framework/apps/ecosystem/meeovi-frontend/node_modules/@sentry/core/build/esm/instrument/console.js?v=ebf63685:42
[  339235ms] [WARNING] [Vue warn]: Avoid app logic that relies on enumerating keys on a component instance. The keys will be empty in production mode to avoid performance overhead. 
  at <VNavigationDrawer modelValue=undefined onUpdate:modelValue=fn location="right"  ... > 
  at <MenusTopmenuLayoutNotifications > 
  at <VCol class="notificationsHeader" > 
  at <VDefaultsProvider defaults= {VTabs: Object} > 
  at <VToolbar ref=Ref< Proxy(Object) > class="v-app-bar" style= {top: 0px, zIndex: 1014, transform: translateY(0px), position: fixed, height: undefined}  ... > 
  at <VAppBar id="topnav" > 
  at <MenusHeader drawer=false onToggleDrawer=fn > 
  at <ClientOnly > 
  at <VApp theme="light" class="auto-text" > 
  at <VResponsive class="border rounded" > 
  at <Default ref=Ref< Proxy(Object) > > 
  at <AsyncComponentWrapper ref=Ref< Proxy(Object) > > 
  at <LayoutLoader key="default" layoutProps= {ref: RefImpl} name="default" > 
  at <NuxtLayoutProvider layoutProps= {ref: RefImpl} key="default" name="default"  ... > 
  at <NuxtLayout > 
  at <App key=4 > 
  at <NuxtRoot> @ http://localhost:3001/_nuxt/@fs/home/meebuzo/github/alternate-framework/apps/ecosystem/meeovi-frontend/node_modules/@sentry/core/build/esm/instrument/console.js?v=ebf63685:42
[  339239ms] [WARNING] [Vue warn]: Avoid app logic that relies on enumerating keys on a component instance. The keys will be empty in production mode to avoid performance overhead. 
  at <VNavigationDrawer modelValue=undefined onUpdate:modelValue=fn location="right"  ... > 
  at <MenusTopmenuLayoutNotifications > 
  at <VCol class="notificationsHeader" > 
  at <VDefaultsProvider defaults= {VTabs: Object} > 
  at <VToolbar ref=Ref< Proxy(Object) > class="v-app-bar" style= {top: 0px, zIndex: 1014, transform: translateY(0px), position: fixed, height: undefined}  ... > 
  at <VAppBar id="topnav" > 
  at <MenusHeader drawer=false onToggleDrawer=fn > 
  at <ClientOnly > 
  at <VApp theme="light" class="auto-text" > 
  at <VResponsive class="border rounded" > 
  at <Default ref=Ref< Proxy(Object) > > 
  at <AsyncComponentWrapper ref=Ref< Proxy(Object) > > 
  at <LayoutLoader key="default" layoutProps= {ref: RefImpl} name="default" > 
  at <NuxtLayoutProvider layoutProps= {ref: RefImpl} key="default" name="default"  ... > 
  at <NuxtLayout > 
  at <App key=4 > 
  at <NuxtRoot> @ http://localhost:3001/_nuxt/@fs/home/meebuzo/github/alternate-framework/apps/ecosystem/meeovi-frontend/node_modules/@sentry/core/build/esm/instrument/console.js?v=ebf63685:42
[  339243ms] [WARNING] [Vue warn]: Avoid app logic that relies on enumerating keys on a component instance. The keys will be empty in production mode to avoid performance overhead. 
  at <VNavigationDrawer modelValue=undefined onUpdate:modelValue=fn location="right"  ... > 
  at <MenusTopmenuLayoutNotifications > 
  at <VCol class="notificationsHeader" > 
  at <VDefaultsProvider defaults= {VTabs: Object} > 
  at <VToolbar ref=Ref< Proxy(Object) > class="v-app-bar" style= {top: 0px, zIndex: 1014, transform: translateY(0px), position: fixed, height: undefined}  ... > 
  at <VAppBar id="topnav" > 
  at <MenusHeader drawer=false onToggleDrawer=fn > 
  at <ClientOnly > 
  at <VApp theme="light" class="auto-text" > 
  at <VResponsive class="border rounded" > 
  at <Default ref=Ref< Proxy(Object) > > 
  at <AsyncComponentWrapper ref=Ref< Proxy(Object) > > 
  at <LayoutLoader key="default" layoutProps= {ref: RefImpl} name="default" > 
  at <NuxtLayoutProvider layoutProps= {ref: RefImpl} key="default" name="default"  ... > 
  at <NuxtLayout > 
  at <App key=4 > 
  at <NuxtRoot> @ http://localhost:3001/_nuxt/@fs/home/meebuzo/github/alternate-framework/apps/ecosystem/meeovi-frontend/node_modules/@sentry/core/build/esm/instrument/console.js?v=ebf63685:42
[  339247ms] [WARNING] [Vue warn]: Avoid app logic that relies on enumerating keys on a component instance. The keys will be empty in production mode to avoid performance overhead. 
  at <VNavigationDrawer modelValue=undefined onUpdate:modelValue=fn location="right"  ... > 
  at <MenusTopmenuLayoutNotifications > 
  at <VCol class="notificationsHeader" > 
  at <VDefaultsProvider defaults= {VTabs: Object} > 
  at <VToolbar ref=Ref< Proxy(Object) > class="v-app-bar" style= {top: 0px, zIndex: 1014, transform: translateY(0px), position: fixed, height: undefined}  ... > 
  at <VAppBar id="topnav" > 
  at <MenusHeader drawer=false onToggleDrawer=fn > 
  at <ClientOnly > 
  at <VApp theme="light" class="auto-text" > 
  at <VResponsive class="border rounded" > 
  at <Default ref=Ref< Proxy(Object) > > 
  at <AsyncComponentWrapper ref=Ref< Proxy(Object) > > 
  at <LayoutLoader key="default" layoutProps= {ref: RefImpl} name="default" > 
  at <NuxtLayoutProvider layoutProps= {ref: RefImpl} key="default" name="default"  ... > 
  at <NuxtLayout > 
  at <App key=4 > 
  at <NuxtRoot> @ http://localhost:3001/_nuxt/@fs/home/meebuzo/github/alternate-framework/apps/ecosystem/meeovi-frontend/node_modules/@sentry/core/build/esm/instrument/console.js?v=ebf63685:42
[  339252ms] [WARNING] [Vue warn]: Avoid app logic that relies on enumerating keys on a component instance. The keys will be empty in production mode to avoid performance overhead. 
  at <VNavigationDrawer modelValue=undefined onUpdate:modelValue=fn location="right"  ... > 
  at <MenusTopmenuLayoutNotifications > 
  at <VCol class="notificationsHeader" > 
  at <VDefaultsProvider defaults= {VTabs: Object} > 
  at <VToolbar ref=Ref< Proxy(Object) > class="v-app-bar" style= {top: 0px, zIndex: 1014, transform: translateY(0px), position: fixed, height: undefined}  ... > 
  at <VAppBar id="topnav" > 
  at <MenusHeader drawer=false onToggleDrawer=fn > 
  at <ClientOnly > 
  at <VApp theme="light" class="auto-text" > 
  at <VResponsive class="border rounded" > 
  at <Default ref=Ref< Proxy(Object) > > 
  at <AsyncComponentWrapper ref=Ref< Proxy(Object) > > 
  at <LayoutLoader key="default" layoutProps= {ref: RefImpl} name="default" > 
  at <NuxtLayoutProvider layoutProps= {ref: RefImpl} key="default" name="default"  ... > 
  at <NuxtLayout > 
  at <App key=4 > 
  at <NuxtRoot> @ http://localhost:3001/_nuxt/@fs/home/meebuzo/github/alternate-framework/apps/ecosystem/meeovi-frontend/node_modules/@sentry/core/build/esm/instrument/console.js?v=ebf63685:42
[  339257ms] [WARNING] [Vue warn]: Avoid app logic that relies on enumerating keys on a component instance. The keys will be empty in production mode to avoid performance overhead. 
  at <VNavigationDrawer modelValue=undefined onUpdate:modelValue=fn location="right"  ... > 
  at <MenusTopmenuLayoutNotifications > 
  at <VCol class="notificationsHeader" > 
  at <VDefaultsProvider defaults= {VTabs: Object} > 
  at <VToolbar ref=Ref< Proxy(Object) > class="v-app-bar" style= {top: 0px, zIndex: 1014, transform: translateY(0px), position: fixed, height: undefined}  ... > 
  at <VAppBar id="topnav" > 
  at <MenusHeader drawer=false onToggleDrawer=fn > 
  at <ClientOnly > 
  at <VApp theme="light" class="auto-text" > 
  at <VResponsive class="border rounded" > 
  at <Default ref=Ref< Proxy(Object) > > 
  at <AsyncComponentWrapper ref=Ref< Proxy(Object) > > 
  at <LayoutLoader key="default" layoutProps= {ref: RefImpl} name="default" > 
  at <NuxtLayoutProvider layoutProps= {ref: RefImpl} key="default" name="default"  ... > 
  at <NuxtLayout > 
  at <App key=4 > 
  at <NuxtRoot> @ http://localhost:3001/_nuxt/@fs/home/meebuzo/github/alternate-framework/apps/ecosystem/meeovi-frontend/node_modules/@sentry/core/build/esm/instrument/console.js?v=ebf63685:42
[  339261ms] [WARNING] [Vue warn]: Avoid app logic that relies on enumerating keys on a component instance. The keys will be empty in production mode to avoid performance overhead. 
  at <VNavigationDrawer modelValue=undefined onUpdate:modelValue=fn location="right"  ... > 
  at <MenusTopmenuLayoutNotifications > 
  at <VCol class="notificationsHeader" > 
  at <VDefaultsProvider defaults= {VTabs: Object} > 
  at <VToolbar ref=Ref< Proxy(Object) > class="v-app-bar" style= {top: 0px, zIndex: 1014, transform: translateY(0px), position: fixed, height: undefined}  ... > 
  at <VAppBar id="topnav" > 
  at <MenusHeader drawer=false onToggleDrawer=fn > 
  at <ClientOnly > 
  at <VApp theme="light" class="auto-text" > 
  at <VResponsive class="border rounded" > 
  at <Default ref=Ref< Proxy(Object) > > 
  at <AsyncComponentWrapper ref=Ref< Proxy(Object) > > 
  at <LayoutLoader key="default" layoutProps= {ref: RefImpl} name="default" > 
  at <NuxtLayoutProvider layoutProps= {ref: RefImpl} key="default" name="default"  ... > 
  at <NuxtLayout > 
  at <App key=4 > 
  at <NuxtRoot> @ http://localhost:3001/_nuxt/@fs/home/meebuzo/github/alternate-framework/apps/ecosystem/meeovi-frontend/node_modules/@sentry/core/build/esm/instrument/console.js?v=ebf63685:42
[  339266ms] [WARNING] [Vue warn]: Avoid app logic that relies on enumerating keys on a component instance. The keys will be empty in production mode to avoid performance overhead. 
  at <VNavigationDrawer modelValue=undefined onUpdate:modelValue=fn location="right"  ... > 
  at <MenusTopmenuLayoutNotifications > 
  at <VCol class="notificationsHeader" > 
  at <VDefaultsProvider defaults= {VTabs: Object} > 
  at <VToolbar ref=Ref< Proxy(Object) > class="v-app-bar" style= {top: 0px, zIndex: 1014, transform: translateY(0px), position: fixed, height: undefined}  ... > 
  at <VAppBar id="topnav" > 
  at <MenusHeader drawer=false onToggleDrawer=fn > 
  at <ClientOnly > 
  at <VApp theme="light" class="auto-text" > 
  at <VResponsive class="border rounded" > 
  at <Default ref=Ref< Proxy(Object) > > 
  at <AsyncComponentWrapper ref=Ref< Proxy(Object) > > 
  at <LayoutLoader key="default" layoutProps= {ref: RefImpl} name="default" > 
  at <NuxtLayoutProvider layoutProps= {ref: RefImpl} key="default" name="default"  ... > 
  at <NuxtLayout > 
  at <App key=4 > 
  at <NuxtRoot> @ http://localhost:3001/_nuxt/@fs/home/meebuzo/github/alternate-framework/apps/ecosystem/meeovi-frontend/node_modules/@sentry/core/build/esm/instrument/console.js?v=ebf63685:42
[  339271ms] [WARNING] [Vue warn]: Avoid app logic that relies on enumerating keys on a component instance. The keys will be empty in production mode to avoid performance overhead. 
  at <VNavigationDrawer modelValue=undefined onUpdate:modelValue=fn location="right"  ... > 
  at <MenusTopmenuLayoutNotifications > 
  at <VCol class="notificationsHeader" > 
  at <VDefaultsProvider defaults= {VTabs: Object} > 
  at <VToolbar ref=Ref< Proxy(Object) > class="v-app-bar" style= {top: 0px, zIndex: 1014, transform: translateY(0px), position: fixed, height: undefined}  ... > 
  at <VAppBar id="topnav" > 
  at <MenusHeader drawer=false onToggleDrawer=fn > 
  at <ClientOnly > 
  at <VApp theme="light" class="auto-text" > 
  at <VResponsive class="border rounded" > 
  at <Default ref=Ref< Proxy(Object) > > 
  at <AsyncComponentWrapper ref=Ref< Proxy(Object) > > 
  at <LayoutLoader key="default" layoutProps= {ref: RefImpl} name="default" > 
  at <NuxtLayoutProvider layoutProps= {ref: RefImpl} key="default" name="default"  ... > 
  at <NuxtLayout > 
  at <App key=4 > 
  at <NuxtRoot> @ http://localhost:3001/_nuxt/@fs/home/meebuzo/github/alternate-framework/apps/ecosystem/meeovi-frontend/node_modules/@sentry/core/build/esm/instrument/console.js?v=ebf63685:42
[  339275ms] [WARNING] [Vue warn]: Avoid app logic that relies on enumerating keys on a component instance. The keys will be empty in production mode to avoid performance overhead. 
  at <VNavigationDrawer modelValue=undefined onUpdate:modelValue=fn location="right"  ... > 
  at <MenusTopmenuLayoutNotifications > 
  at <VCol class="notificationsHeader" > 
  at <VDefaultsProvider defaults= {VTabs: Object} > 
  at <VToolbar ref=Ref< Proxy(Object) > class="v-app-bar" style= {top: 0px, zIndex: 1014, transform: translateY(0px), position: fixed, height: undefined}  ... > 
  at <VAppBar id="topnav" > 
  at <MenusHeader drawer=false onToggleDrawer=fn > 
  at <ClientOnly > 
  at <VApp theme="light" class="auto-text" > 
  at <VResponsive class="border rounded" > 
  at <Default ref=Ref< Proxy(Object) > > 
  at <AsyncComponentWrapper ref=Ref< Proxy(Object) > > 
  at <LayoutLoader key="default" layoutProps= {ref: RefImpl} name="default" > 
  at <NuxtLayoutProvider layoutProps= {ref: RefImpl} key="default" name="default"  ... > 
  at <NuxtLayout > 
  at <App key=4 > 
  at <NuxtRoot> @ http://localhost:3001/_nuxt/@fs/home/meebuzo/github/alternate-framework/apps/ecosystem/meeovi-frontend/node_modules/@sentry/core/build/esm/instrument/console.js?v=ebf63685:42
[  339279ms] [WARNING] [Vue warn]: Avoid app logic that relies on enumerating keys on a component instance. The keys will be empty in production mode to avoid performance overhead. 
  at <VNavigationDrawer modelValue=undefined onUpdate:modelValue=fn location="right"  ... > 
  at <MenusTopmenuLayoutNotifications > 
  at <VCol class="notificationsHeader" > 
  at <VDefaultsProvider defaults= {VTabs: Object} > 
  at <VToolbar ref=Ref< Proxy(Object) > class="v-app-bar" style= {top: 0px, zIndex: 1014, transform: translateY(0px), position: fixed, height: undefined}  ... > 
  at <VAppBar id="topnav" > 
  at <MenusHeader drawer=false onToggleDrawer=fn > 
  at <ClientOnly > 
  at <VApp theme="light" class="auto-text" > 
  at <VResponsive class="border rounded" > 
  at <Default ref=Ref< Proxy(Object) > > 
  at <AsyncComponentWrapper ref=Ref< Proxy(Object) > > 
  at <LayoutLoader key="default" layoutProps= {ref: RefImpl} name="default" > 
  at <NuxtLayoutProvider layoutProps= {ref: RefImpl} key="default" name="default"  ... > 
  at <NuxtLayout > 
  at <App key=4 > 
  at <NuxtRoot> @ http://localhost:3001/_nuxt/@fs/home/meebuzo/github/alternate-framework/apps/ecosystem/meeovi-frontend/node_modules/@sentry/core/build/esm/instrument/console.js?v=ebf63685:42
[  339284ms] [WARNING] [Vue warn]: Avoid app logic that relies on enumerating keys on a component instance. The keys will be empty in production mode to avoid performance overhead. 
  at <VNavigationDrawer modelValue=undefined onUpdate:modelValue=fn location="right"  ... > 
  at <MenusTopmenuLayoutNotifications > 
  at <VCol class="notificationsHeader" > 
  at <VDefaultsProvider defaults= {VTabs: Object} > 
  at <VToolbar ref=Ref< Proxy(Object) > class="v-app-bar" style= {top: 0px, zIndex: 1014, transform: translateY(0px), position: fixed, height: undefined}  ... > 
  at <VAppBar id="topnav" > 
  at <MenusHeader drawer=false onToggleDrawer=fn > 
  at <ClientOnly > 
  at <VApp theme="light" class="auto-text" > 
  at <VResponsive class="border rounded" > 
  at <Default ref=Ref< Proxy(Object) > > 
  at <AsyncComponentWrapper ref=Ref< Proxy(Object) > > 
  at <LayoutLoader key="default" layoutProps= {ref: RefImpl} name="default" > 
  at <NuxtLayoutProvider layoutProps= {ref: RefImpl} key="default" name="default"  ... > 
  at <NuxtLayout > 
  at <App key=4 > 
  at <NuxtRoot> @ http://localhost:3001/_nuxt/@fs/home/meebuzo/github/alternate-framework/apps/ecosystem/meeovi-frontend/node_modules/@sentry/core/build/esm/instrument/console.js?v=ebf63685:42
[  339290ms] [WARNING] [Vue warn]: Avoid app logic that relies on enumerating keys on a component instance. The keys will be empty in production mode to avoid performance overhead. 
  at <VNavigationDrawer modelValue=undefined onUpdate:modelValue=fn location="right"  ... > 
  at <MenusTopmenuLayoutNotifications > 
  at <VCol class="notificationsHeader" > 
  at <VDefaultsProvider defaults= {VTabs: Object} > 
  at <VToolbar ref=Ref< Proxy(Object) > class="v-app-bar" style= {top: 0px, zIndex: 1014, transform: translateY(0px), position: fixed, height: undefined}  ... > 
  at <VAppBar id="topnav" > 
  at <MenusHeader drawer=false onToggleDrawer=fn > 
  at <ClientOnly > 
  at <VApp theme="light" class="auto-text" > 
  at <VResponsive class="border rounded" > 
  at <Default ref=Ref< Proxy(Object) > > 
  at <AsyncComponentWrapper ref=Ref< Proxy(Object) > > 
  at <LayoutLoader key="default" layoutProps= {ref: RefImpl} name="default" > 
  at <NuxtLayoutProvider layoutProps= {ref: RefImpl} key="default" name="default"  ... > 
  at <NuxtLayout > 
  at <App key=4 > 
  at <NuxtRoot> @ http://localhost:3001/_nuxt/@fs/home/meebuzo/github/alternate-framework/apps/ecosystem/meeovi-frontend/node_modules/@sentry/core/build/esm/instrument/console.js?v=ebf63685:42
[  339295ms] [WARNING] [Vue warn]: Avoid app logic that relies on enumerating keys on a component instance. The keys will be empty in production mode to avoid performance overhead. 
  at <VNavigationDrawer modelValue=undefined onUpdate:modelValue=fn location="right"  ... > 
  at <MenusTopmenuLayoutNotifications > 
  at <VCol class="notificationsHeader" > 
  at <VDefaultsProvider defaults= {VTabs: Object} > 
  at <VToolbar ref=Ref< Proxy(Object) > class="v-app-bar" style= {top: 0px, zIndex: 1014, transform: translateY(0px), position: fixed, height: undefined}  ... > 
  at <VAppBar id="topnav" > 
  at <MenusHeader drawer=false onToggleDrawer=fn > 
  at <ClientOnly > 
  at <VApp theme="light" class="auto-text" > 
  at <VResponsive class="border rounded" > 
  at <Default ref=Ref< Proxy(Object) > > 
  at <AsyncComponentWrapper ref=Ref< Proxy(Object) > > 
  at <LayoutLoader key="default" layoutProps= {ref: RefImpl} name="default" > 
  at <NuxtLayoutProvider layoutProps= {ref: RefImpl} key="default" name="default"  ... > 
  at <NuxtLayout > 
  at <App key=4 > 
  at <NuxtRoot> @ http://localhost:3001/_nuxt/@fs/home/meebuzo/github/alternate-framework/apps/ecosystem/meeovi-frontend/node_modules/@sentry/core/build/esm/instrument/console.js?v=ebf63685:42
[  339300ms] [WARNING] [Vue warn]: Avoid app logic that relies on enumerating keys on a component instance. The keys will be empty in production mode to avoid performance overhead. 
  at <VNavigationDrawer modelValue=undefined onUpdate:modelValue=fn location="right"  ... > 
  at <MenusTopmenuLayoutNotifications > 
  at <VCol class="notificationsHeader" > 
  at <VDefaultsProvider defaults= {VTabs: Object} > 
  at <VToolbar ref=Ref< Proxy(Object) > class="v-app-bar" style= {top: 0px, zIndex: 1014, transform: translateY(0px), position: fixed, height: undefined}  ... > 
  at <VAppBar id="topnav" > 
  at <MenusHeader drawer=false onToggleDrawer=fn > 
  at <ClientOnly > 
  at <VApp theme="light" class="auto-text" > 
  at <VResponsive class="border rounded" > 
  at <Default ref=Ref< Proxy(Object) > > 
  at <AsyncComponentWrapper ref=Ref< Proxy(Object) > > 
  at <LayoutLoader key="default" layoutProps= {ref: RefImpl} name="default" > 
  at <NuxtLayoutProvider layoutProps= {ref: RefImpl} key="default" name="default"  ... > 
  at <NuxtLayout > 
  at <App key=4 > 
  at <NuxtRoot> @ http://localhost:3001/_nuxt/@fs/home/meebuzo/github/alternate-framework/apps/ecosystem/meeovi-frontend/node_modules/@sentry/core/build/esm/instrument/console.js?v=ebf63685:42
[  339303ms] [WARNING] [Vue warn]: Avoid app logic that relies on enumerating keys on a component instance. The keys will be empty in production mode to avoid performance overhead. 
  at <VNavigationDrawer modelValue=undefined onUpdate:modelValue=fn location="right"  ... > 
  at <MenusTopmenuLayoutNotifications > 
  at <VCol class="notificationsHeader" > 
  at <VDefaultsProvider defaults= {VTabs: Object} > 
  at <VToolbar ref=Ref< Proxy(Object) > class="v-app-bar" style= {top: 0px, zIndex: 1014, transform: translateY(0px), position: fixed, height: undefined}  ... > 
  at <VAppBar id="topnav" > 
  at <MenusHeader drawer=false onToggleDrawer=fn > 
  at <ClientOnly > 
  at <VApp theme="light" class="auto-text" > 
  at <VResponsive class="border rounded" > 
  at <Default ref=Ref< Proxy(Object) > > 
  at <AsyncComponentWrapper ref=Ref< Proxy(Object) > > 
  at <LayoutLoader key="default" layoutProps= {ref: RefImpl} name="default" > 
  at <NuxtLayoutProvider layoutProps= {ref: RefImpl} key="default" name="default"  ... > 
  at <NuxtLayout > 
  at <App key=4 > 
  at <NuxtRoot> @ http://localhost:3001/_nuxt/@fs/home/meebuzo/github/alternate-framework/apps/ecosystem/meeovi-frontend/node_modules/@sentry/core/build/esm/instrument/console.js?v=ebf63685:42
[  339307ms] [WARNING] [Vue warn]: Avoid app logic that relies on enumerating keys on a component instance. The keys will be empty in production mode to avoid performance overhead. 
  at <VNavigationDrawer modelValue=undefined onUpdate:modelValue=fn location="right"  ... > 
  at <MenusTopmenuLayoutNotifications > 
  at <VCol class="notificationsHeader" > 
  at <VDefaultsProvider defaults= {VTabs: Object} > 
  at <VToolbar ref=Ref< Proxy(Object) > class="v-app-bar" style= {top: 0px, zIndex: 1014, transform: translateY(0px), position: fixed, height: undefined}  ... > 
  at <VAppBar id="topnav" > 
  at <MenusHeader drawer=false onToggleDrawer=fn > 
  at <ClientOnly > 
  at <VApp theme="light" class="auto-text" > 
  at <VResponsive class="border rounded" > 
  at <Default ref=Ref< Proxy(Object) > > 
  at <AsyncComponentWrapper ref=Ref< Proxy(Object) > > 
  at <LayoutLoader key="default" layoutProps= {ref: RefImpl} name="default" > 
  at <NuxtLayoutProvider layoutProps= {ref: RefImpl} key="default" name="default"  ... > 
  at <NuxtLayout > 
  at <App key=4 > 
  at <NuxtRoot> @ http://localhost:3001/_nuxt/@fs/home/meebuzo/github/alternate-framework/apps/ecosystem/meeovi-frontend/node_modules/@sentry/core/build/esm/instrument/console.js?v=ebf63685:42
[  339311ms] [WARNING] [Vue warn]: Avoid app logic that relies on enumerating keys on a component instance. The keys will be empty in production mode to avoid performance overhead. 
  at <VNavigationDrawer modelValue=undefined onUpdate:modelValue=fn location="right"  ... > 
  at <MenusTopmenuLayoutNotifications > 
  at <VCol class="notificationsHeader" > 
  at <VDefaultsProvider defaults= {VTabs: Object} > 
  at <VToolbar ref=Ref< Proxy(Object) > class="v-app-bar" style= {top: 0px, zIndex: 1014, transform: translateY(0px), position: fixed, height: undefined}  ... > 
  at <VAppBar id="topnav" > 
  at <MenusHeader drawer=false onToggleDrawer=fn > 
  at <ClientOnly > 
  at <VApp theme="light" class="auto-text" > 
  at <VResponsive class="border rounded" > 
  at <Default ref=Ref< Proxy(Object) > > 
  at <AsyncComponentWrapper ref=Ref< Proxy(Object) > > 
  at <LayoutLoader key="default" layoutProps= {ref: RefImpl} name="default" > 
  at <NuxtLayoutProvider layoutProps= {ref: RefImpl} key="default" name="default"  ... > 
  at <NuxtLayout > 
  at <App key=4 > 
  at <NuxtRoot> @ http://localhost:3001/_nuxt/@fs/home/meebuzo/github/alternate-framework/apps/ecosystem/meeovi-frontend/node_modules/@sentry/core/build/esm/instrument/console.js?v=ebf63685:42
[  339315ms] [WARNING] [Vue warn]: Avoid app logic that relies on enumerating keys on a component instance. The keys will be empty in production mode to avoid performance overhead. 
  at <VNavigationDrawer modelValue=undefined onUpdate:modelValue=fn location="right"  ... > 
  at <MenusTopmenuLayoutNotifications > 
  at <VCol class="notificationsHeader" > 
  at <VDefaultsProvider defaults= {VTabs: Object} > 
  at <VToolbar ref=Ref< Proxy(Object) > class="v-app-bar" style= {top: 0px, zIndex: 1014, transform: translateY(0px), position: fixed, height: undefined}  ... > 
  at <VAppBar id="topnav" > 
  at <MenusHeader drawer=false onToggleDrawer=fn > 
  at <ClientOnly > 
  at <VApp theme="light" class="auto-text" > 
  at <VResponsive class="border rounded" > 
  at <Default ref=Ref< Proxy(Object) > > 
  at <AsyncComponentWrapper ref=Ref< Proxy(Object) > > 
  at <LayoutLoader key="default" layoutProps= {ref: RefImpl} name="default" > 
  at <NuxtLayoutProvider layoutProps= {ref: RefImpl} key="default" name="default"  ... > 
  at <NuxtLayout > 
  at <App key=4 > 
  at <NuxtRoot> @ http://localhost:3001/_nuxt/@fs/home/meebuzo/github/alternate-framework/apps/ecosystem/meeovi-frontend/node_modules/@sentry/core/build/esm/instrument/console.js?v=ebf63685:42
[  339319ms] [WARNING] [Vue warn]: Avoid app logic that relies on enumerating keys on a component instance. The keys will be empty in production mode to avoid performance overhead. 
  at <VNavigationDrawer modelValue=undefined onUpdate:modelValue=fn location="right"  ... > 
  at <MenusTopmenuLayoutNotifications > 
  at <VCol class="notificationsHeader" > 
  at <VDefaultsProvider defaults= {VTabs: Object} > 
  at <VToolbar ref=Ref< Proxy(Object) > class="v-app-bar" style= {top: 0px, zIndex: 1014, transform: translateY(0px), position: fixed, height: undefined}  ... > 
  at <VAppBar id="topnav" > 
  at <MenusHeader drawer=false onToggleDrawer=fn > 
  at <ClientOnly > 
  at <VApp theme="light" class="auto-text" > 
  at <VResponsive class="border rounded" > 
  at <Default ref=Ref< Proxy(Object) > > 
  at <AsyncComponentWrapper ref=Ref< Proxy(Object) > > 
  at <LayoutLoader key="default" layoutProps= {ref: RefImpl} name="default" > 
  at <NuxtLayoutProvider layoutProps= {ref: RefImpl} key="default" name="default"  ... > 
  at <NuxtLayout > 
  at <App key=4 > 
  at <NuxtRoot> @ http://localhost:3001/_nuxt/@fs/home/meebuzo/github/alternate-framework/apps/ecosystem/meeovi-frontend/node_modules/@sentry/core/build/esm/instrument/console.js?v=ebf63685:42
[  339326ms] [WARNING] [Vue warn]: Avoid app logic that relies on enumerating keys on a component instance. The keys will be empty in production mode to avoid performance overhead. 
  at <VNavigationDrawer modelValue=undefined onUpdate:modelValue=fn location="right"  ... > 
  at <MenusTopmenuLayoutNotifications > 
  at <VCol class="notificationsHeader" > 
  at <VDefaultsProvider defaults= {VTabs: Object} > 
  at <VToolbar ref=Ref< Proxy(Object) > class="v-app-bar" style= {top: 0px, zIndex: 1014, transform: translateY(0px), position: fixed, height: undefined}  ... > 
  at <VAppBar id="topnav" > 
  at <MenusHeader drawer=false onToggleDrawer=fn > 
  at <ClientOnly > 
  at <VApp theme="light" class="auto-text" > 
  at <VResponsive class="border rounded" > 
  at <Default ref=Ref< Proxy(Object) > > 
  at <AsyncComponentWrapper ref=Ref< Proxy(Object) > > 
  at <LayoutLoader key="default" layoutProps= {ref: RefImpl} name="default" > 
  at <NuxtLayoutProvider layoutProps= {ref: RefImpl} key="default" name="default"  ... > 
  at <NuxtLayout > 
  at <App key=4 > 
  at <NuxtRoot> @ http://localhost:3001/_nuxt/@fs/home/meebuzo/github/alternate-framework/apps/ecosystem/meeovi-frontend/node_modules/@sentry/core/build/esm/instrument/console.js?v=ebf63685:42
[  339329ms] [WARNING] [Vue warn]: Avoid app logic that relies on enumerating keys on a component instance. The keys will be empty in production mode to avoid performance overhead. 
  at <VNavigationDrawer modelValue=undefined onUpdate:modelValue=fn location="right"  ... > 
  at <MenusTopmenuLayoutNotifications > 
  at <VCol class="notificationsHeader" > 
  at <VDefaultsProvider defaults= {VTabs: Object} > 
  at <VToolbar ref=Ref< Proxy(Object) > class="v-app-bar" style= {top: 0px, zIndex: 1014, transform: translateY(0px), position: fixed, height: undefined}  ... > 
  at <VAppBar id="topnav" > 
  at <MenusHeader drawer=false onToggleDrawer=fn > 
  at <ClientOnly > 
  at <VApp theme="light" class="auto-text" > 
  at <VResponsive class="border rounded" > 
  at <Default ref=Ref< Proxy(Object) > > 
  at <AsyncComponentWrapper ref=Ref< Proxy(Object) > > 
  at <LayoutLoader key="default" layoutProps= {ref: RefImpl} name="default" > 
  at <NuxtLayoutProvider layoutProps= {ref: RefImpl} key="default" name="default"  ... > 
  at <NuxtLayout > 
  at <App key=4 > 
  at <NuxtRoot> @ http://localhost:3001/_nuxt/@fs/home/meebuzo/github/alternate-framework/apps/ecosystem/meeovi-frontend/node_modules/@sentry/core/build/esm/instrument/console.js?v=ebf63685:42
[  339332ms] [WARNING] [Vue warn]: Avoid app logic that relies on enumerating keys on a component instance. The keys will be empty in production mode to avoid performance overhead. 
  at <VNavigationDrawer modelValue=undefined onUpdate:modelValue=fn location="right"  ... > 
  at <MenusTopmenuLayoutNotifications > 
  at <VCol class="notificationsHeader" > 
  at <VDefaultsProvider defaults= {VTabs: Object} > 
  at <VToolbar ref=Ref< Proxy(Object) > class="v-app-bar" style= {top: 0px, zIndex: 1014, transform: translateY(0px), position: fixed, height: undefined}  ... > 
  at <VAppBar id="topnav" > 
  at <MenusHeader drawer=false onToggleDrawer=fn > 
  at <ClientOnly > 
  at <VApp theme="light" class="auto-text" > 
  at <VResponsive class="border rounded" > 
  at <Default ref=Ref< Proxy(Object) > > 
  at <AsyncComponentWrapper ref=Ref< Proxy(Object) > > 
  at <LayoutLoader key="default" layoutProps= {ref: RefImpl} name="default" > 
  at <NuxtLayoutProvider layoutProps= {ref: RefImpl} key="default" name="default"  ... > 
  at <NuxtLayout > 
  at <App key=4 > 
  at <NuxtRoot> @ http://localhost:3001/_nuxt/@fs/home/meebuzo/github/alternate-framework/apps/ecosystem/meeovi-frontend/node_modules/@sentry/core/build/esm/instrument/console.js?v=ebf63685:42
[  339335ms] [WARNING] [Vue warn]: Avoid app logic that relies on enumerating keys on a component instance. The keys will be empty in production mode to avoid performance overhead. 
  at <VNavigationDrawer modelValue=undefined onUpdate:modelValue=fn location="right"  ... > 
  at <MenusTopmenuLayoutNotifications > 
  at <VCol class="notificationsHeader" > 
  at <VDefaultsProvider defaults= {VTabs: Object} > 
  at <VToolbar ref=Ref< Proxy(Object) > class="v-app-bar" style= {top: 0px, zIndex: 1014, transform: translateY(0px), position: fixed, height: undefined}  ... > 
  at <VAppBar id="topnav" > 
  at <MenusHeader drawer=false onToggleDrawer=fn > 
  at <ClientOnly > 
  at <VApp theme="light" class="auto-text" > 
  at <VResponsive class="border rounded" > 
  at <Default ref=Ref< Proxy(Object) > > 
  at <AsyncComponentWrapper ref=Ref< Proxy(Object) > > 
  at <LayoutLoader key="default" layoutProps= {ref: RefImpl} name="default" > 
  at <NuxtLayoutProvider layoutProps= {ref: RefImpl} key="default" name="default"  ... > 
  at <NuxtLayout > 
  at <App key=4 > 
  at <NuxtRoot> @ http://localhost:3001/_nuxt/@fs/home/meebuzo/github/alternate-framework/apps/ecosystem/meeovi-frontend/node_modules/@sentry/core/build/esm/instrument/console.js?v=ebf63685:42
[  339339ms] [WARNING] [Vue warn]: Avoid app logic that relies on enumerating keys on a component instance. The keys will be empty in production mode to avoid performance overhead. 
  at <VNavigationDrawer modelValue=undefined onUpdate:modelValue=fn location="right"  ... > 
  at <MenusTopmenuLayoutNotifications > 
  at <VCol class="notificationsHeader" > 
  at <VDefaultsProvider defaults= {VTabs: Object} > 
  at <VToolbar ref=Ref< Proxy(Object) > class="v-app-bar" style= {top: 0px, zIndex: 1014, transform: translateY(0px), position: fixed, height: undefined}  ... > 
  at <VAppBar id="topnav" > 
  at <MenusHeader drawer=false onToggleDrawer=fn > 
  at <ClientOnly > 
  at <VApp theme="light" class="auto-text" > 
  at <VResponsive class="border rounded" > 
  at <Default ref=Ref< Proxy(Object) > > 
  at <AsyncComponentWrapper ref=Ref< Proxy(Object) > > 
  at <LayoutLoader key="default" layoutProps= {ref: RefImpl} name="default" > 
  at <NuxtLayoutProvider layoutProps= {ref: RefImpl} key="default" name="default"  ... > 
  at <NuxtLayout > 
  at <App key=4 > 
  at <NuxtRoot> @ http://localhost:3001/_nuxt/@fs/home/meebuzo/github/alternate-framework/apps/ecosystem/meeovi-frontend/node_modules/@sentry/core/build/esm/instrument/console.js?v=ebf63685:42
[  339342ms] [WARNING] [Vue warn]: Avoid app logic that relies on enumerating keys on a component instance. The keys will be empty in production mode to avoid performance overhead. 
  at <VNavigationDrawer modelValue=undefined onUpdate:modelValue=fn location="right"  ... > 
  at <MenusTopmenuLayoutNotifications > 
  at <VCol class="notificationsHeader" > 
  at <VDefaultsProvider defaults= {VTabs: Object} > 
  at <VToolbar ref=Ref< Proxy(Object) > class="v-app-bar" style= {top: 0px, zIndex: 1014, transform: translateY(0px), position: fixed, height: undefined}  ... > 
  at <VAppBar id="topnav" > 
  at <MenusHeader drawer=false onToggleDrawer=fn > 
  at <ClientOnly > 
  at <VApp theme="light" class="auto-text" > 
  at <VResponsive class="border rounded" > 
  at <Default ref=Ref< Proxy(Object) > > 
  at <AsyncComponentWrapper ref=Ref< Proxy(Object) > > 
  at <LayoutLoader key="default" layoutProps= {ref: RefImpl} name="default" > 
  at <NuxtLayoutProvider layoutProps= {ref: RefImpl} key="default" name="default"  ... > 
  at <NuxtLayout > 
  at <App key=4 > 
  at <NuxtRoot> @ http://localhost:3001/_nuxt/@fs/home/meebuzo/github/alternate-framework/apps/ecosystem/meeovi-frontend/node_modules/@sentry/core/build/esm/instrument/console.js?v=ebf63685:42
[  339346ms] [WARNING] [Vue warn]: Avoid app logic that relies on enumerating keys on a component instance. The keys will be empty in production mode to avoid performance overhead. 
  at <VNavigationDrawer modelValue=undefined onUpdate:modelValue=fn location="right"  ... > 
  at <MenusTopmenuLayoutNotifications > 
  at <VCol class="notificationsHeader" > 
  at <VDefaultsProvider defaults= {VTabs: Object} > 
  at <VToolbar ref=Ref< Proxy(Object) > class="v-app-bar" style= {top: 0px, zIndex: 1014, transform: translateY(0px), position: fixed, height: undefined}  ... > 
  at <VAppBar id="topnav" > 
  at <MenusHeader drawer=false onToggleDrawer=fn > 
  at <ClientOnly > 
  at <VApp theme="light" class="auto-text" > 
  at <VResponsive class="border rounded" > 
  at <Default ref=Ref< Proxy(Object) > > 
  at <AsyncComponentWrapper ref=Ref< Proxy(Object) > > 
  at <LayoutLoader key="default" layoutProps= {ref: RefImpl} name="default" > 
  at <NuxtLayoutProvider layoutProps= {ref: RefImpl} key="default" name="default"  ... > 
  at <NuxtLayout > 
  at <App key=4 > 
  at <NuxtRoot> @ http://localhost:3001/_nuxt/@fs/home/meebuzo/github/alternate-framework/apps/ecosystem/meeovi-frontend/node_modules/@sentry/core/build/esm/instrument/console.js?v=ebf63685:42
[  339349ms] [WARNING] [Vue warn]: Avoid app logic that relies on enumerating keys on a component instance. The keys will be empty in production mode to avoid performance overhead. 
  at <VNavigationDrawer modelValue=undefined onUpdate:modelValue=fn location="right"  ... > 
  at <MenusTopmenuLayoutNotifications > 
  at <VCol class="notificationsHeader" > 
  at <VDefaultsProvider defaults= {VTabs: Object} > 
  at <VToolbar ref=Ref< Proxy(Object) > class="v-app-bar" style= {top: 0px, zIndex: 1014, transform: translateY(0px), position: fixed, height: undefined}  ... > 
  at <VAppBar id="topnav" > 
  at <MenusHeader drawer=false onToggleDrawer=fn > 
  at <ClientOnly > 
  at <VApp theme="light" class="auto-text" > 
  at <VResponsive class="border rounded" > 
  at <Default ref=Ref< Proxy(Object) > > 
  at <AsyncComponentWrapper ref=Ref< Proxy(Object) > > 
  at <LayoutLoader key="default" layoutProps= {ref: RefImpl} name="default" > 
  at <NuxtLayoutProvider layoutProps= {ref: RefImpl} key="default" name="default"  ... > 
  at <NuxtLayout > 
  at <App key=4 > 
  at <NuxtRoot> @ http://localhost:3001/_nuxt/@fs/home/meebuzo/github/alternate-framework/apps/ecosystem/meeovi-frontend/node_modules/@sentry/core/build/esm/instrument/console.js?v=ebf63685:42
[  339353ms] [WARNING] [Vue warn]: Avoid app logic that relies on enumerating keys on a component instance. The keys will be empty in production mode to avoid performance overhead. 
  at <VNavigationDrawer modelValue=undefined onUpdate:modelValue=fn location="right"  ... > 
  at <MenusTopmenuLayoutNotifications > 
  at <VCol class="notificationsHeader" > 
  at <VDefaultsProvider defaults= {VTabs: Object} > 
  at <VToolbar ref=Ref< Proxy(Object) > class="v-app-bar" style= {top: 0px, zIndex: 1014, transform: translateY(0px), position: fixed, height: undefined}  ... > 
  at <VAppBar id="topnav" > 
  at <MenusHeader drawer=false onToggleDrawer=fn > 
  at <ClientOnly > 
  at <VApp theme="light" class="auto-text" > 
  at <VResponsive class="border rounded" > 
  at <Default ref=Ref< Proxy(Object) > > 
  at <AsyncComponentWrapper ref=Ref< Proxy(Object) > > 
  at <LayoutLoader key="default" layoutProps= {ref: RefImpl} name="default" > 
  at <NuxtLayoutProvider layoutProps= {ref: RefImpl} key="default" name="default"  ... > 
  at <NuxtLayout > 
  at <App key=4 > 
  at <NuxtRoot> @ http://localhost:3001/_nuxt/@fs/home/meebuzo/github/alternate-framework/apps/ecosystem/meeovi-frontend/node_modules/@sentry/core/build/esm/instrument/console.js?v=ebf63685:42
[  339355ms] [WARNING] [Vue warn]: Avoid app logic that relies on enumerating keys on a component instance. The keys will be empty in production mode to avoid performance overhead. 
  at <VNavigationDrawer modelValue=undefined onUpdate:modelValue=fn location="right"  ... > 
  at <MenusTopmenuLayoutNotifications > 
  at <VCol class="notificationsHeader" > 
  at <VDefaultsProvider defaults= {VTabs: Object} > 
  at <VToolbar ref=Ref< Proxy(Object) > class="v-app-bar" style= {top: 0px, zIndex: 1014, transform: translateY(0px), position: fixed, height: undefined}  ... > 
  at <VAppBar id="topnav" > 
  at <MenusHeader drawer=false onToggleDrawer=fn > 
  at <ClientOnly > 
  at <VApp theme="light" class="auto-text" > 
  at <VResponsive class="border rounded" > 
  at <Default ref=Ref< Proxy(Object) > > 
  at <AsyncComponentWrapper ref=Ref< Proxy(Object) > > 
  at <LayoutLoader key="default" layoutProps= {ref: RefImpl} name="default" > 
  at <NuxtLayoutProvider layoutProps= {ref: RefImpl} key="default" name="default"  ... > 
  at <NuxtLayout > 
  at <App key=4 > 
  at <NuxtRoot> @ http://localhost:3001/_nuxt/@fs/home/meebuzo/github/alternate-framework/apps/ecosystem/meeovi-frontend/node_modules/@sentry/core/build/esm/instrument/console.js?v=ebf63685:42
[  339359ms] [WARNING] [Vue warn]: Avoid app logic that relies on enumerating keys on a component instance. The keys will be empty in production mode to avoid performance overhead. 
  at <VNavigationDrawer modelValue=undefined onUpdate:modelValue=fn location="right"  ... > 
  at <MenusTopmenuLayoutNotifications > 
  at <VCol class="notificationsHeader" > 
  at <VDefaultsProvider defaults= {VTabs: Object} > 
  at <VToolbar ref=Ref< Proxy(Object) > class="v-app-bar" style= {top: 0px, zIndex: 1014, transform: translateY(0px), position: fixed, height: undefined}  ... > 
  at <VAppBar id="topnav" > 
  at <MenusHeader drawer=false onToggleDrawer=fn > 
  at <ClientOnly > 
  at <VApp theme="light" class="auto-text" > 
  at <VResponsive class="border rounded" > 
  at <Default ref=Ref< Proxy(Object) > > 
  at <AsyncComponentWrapper ref=Ref< Proxy(Object) > > 
  at <LayoutLoader key="default" layoutProps= {ref: RefImpl} name="default" > 
  at <NuxtLayoutProvider layoutProps= {ref: RefImpl} key="default" name="default"  ... > 
  at <NuxtLayout > 
  at <App key=4 > 
  at <NuxtRoot> @ http://localhost:3001/_nuxt/@fs/home/meebuzo/github/alternate-framework/apps/ecosystem/meeovi-frontend/node_modules/@sentry/core/build/esm/instrument/console.js?v=ebf63685:42
[  339362ms] [WARNING] [Vue warn]: Avoid app logic that relies on enumerating keys on a component instance. The keys will be empty in production mode to avoid performance overhead. 
  at <VNavigationDrawer modelValue=undefined onUpdate:modelValue=fn location="right"  ... > 
  at <MenusTopmenuLayoutNotifications > 
  at <VCol class="notificationsHeader" > 
  at <VDefaultsProvider defaults= {VTabs: Object} > 
  at <VToolbar ref=Ref< Proxy(Object) > class="v-app-bar" style= {top: 0px, zIndex: 1014, transform: translateY(0px), position: fixed, height: undefined}  ... > 
  at <VAppBar id="topnav" > 
  at <MenusHeader drawer=false onToggleDrawer=fn > 
  at <ClientOnly > 
  at <VApp theme="light" class="auto-text" > 
  at <VResponsive class="border rounded" > 
  at <Default ref=Ref< Proxy(Object) > > 
  at <AsyncComponentWrapper ref=Ref< Proxy(Object) > > 
  at <LayoutLoader key="default" layoutProps= {ref: RefImpl} name="default" > 
  at <NuxtLayoutProvider layoutProps= {ref: RefImpl} key="default" name="default"  ... > 
  at <NuxtLayout > 
  at <App key=4 > 
  at <NuxtRoot> @ http://localhost:3001/_nuxt/@fs/home/meebuzo/github/alternate-framework/apps/ecosystem/meeovi-frontend/node_modules/@sentry/core/build/esm/instrument/console.js?v=ebf63685:42
[  339366ms] [WARNING] [Vue warn]: Avoid app logic that relies on enumerating keys on a component instance. The keys will be empty in production mode to avoid performance overhead. 
  at <VNavigationDrawer modelValue=undefined onUpdate:modelValue=fn location="right"  ... > 
  at <MenusTopmenuLayoutNotifications > 
  at <VCol class="notificationsHeader" > 
  at <VDefaultsProvider defaults= {VTabs: Object} > 
  at <VToolbar ref=Ref< Proxy(Object) > class="v-app-bar" style= {top: 0px, zIndex: 1014, transform: translateY(0px), position: fixed, height: undefined}  ... > 
  at <VAppBar id="topnav" > 
  at <MenusHeader drawer=false onToggleDrawer=fn > 
  at <ClientOnly > 
  at <VApp theme="light" class="auto-text" > 
  at <VResponsive class="border rounded" > 
  at <Default ref=Ref< Proxy(Object) > > 
  at <AsyncComponentWrapper ref=Ref< Proxy(Object) > > 
  at <LayoutLoader key="default" layoutProps= {ref: RefImpl} name="default" > 
  at <NuxtLayoutProvider layoutProps= {ref: RefImpl} key="default" name="default"  ... > 
  at <NuxtLayout > 
  at <App key=4 > 
  at <NuxtRoot> @ http://localhost:3001/_nuxt/@fs/home/meebuzo/github/alternate-framework/apps/ecosystem/meeovi-frontend/node_modules/@sentry/core/build/esm/instrument/console.js?v=ebf63685:42
[  339369ms] [WARNING] [Vue warn]: Avoid app logic that relies on enumerating keys on a component instance. The keys will be empty in production mode to avoid performance overhead. 
  at <VNavigationDrawer modelValue=undefined onUpdate:modelValue=fn location="right"  ... > 
  at <MenusTopmenuLayoutNotifications > 
  at <VCol class="notificationsHeader" > 
  at <VDefaultsProvider defaults= {VTabs: Object} > 
  at <VToolbar ref=Ref< Proxy(Object) > class="v-app-bar" style= {top: 0px, zIndex: 1014, transform: translateY(0px), position: fixed, height: undefined}  ... > 
  at <VAppBar id="topnav" > 
  at <MenusHeader drawer=false onToggleDrawer=fn > 
  at <ClientOnly > 
  at <VApp theme="light" class="auto-text" > 
  at <VResponsive class="border rounded" > 
  at <Default ref=Ref< Proxy(Object) > > 
  at <AsyncComponentWrapper ref=Ref< Proxy(Object) > > 
  at <LayoutLoader key="default" layoutProps= {ref: RefImpl} name="default" > 
  at <NuxtLayoutProvider layoutProps= {ref: RefImpl} key="default" name="default"  ... > 
  at <NuxtLayout > 
  at <App key=4 > 
  at <NuxtRoot> @ http://localhost:3001/_nuxt/@fs/home/meebuzo/github/alternate-framework/apps/ecosystem/meeovi-frontend/node_modules/@sentry/core/build/esm/instrument/console.js?v=ebf63685:42
[  339373ms] [WARNING] [Vue warn]: Avoid app logic that relies on enumerating keys on a component instance. The keys will be empty in production mode to avoid performance overhead. 
  at <VNavigationDrawer modelValue=undefined onUpdate:modelValue=fn location="right"  ... > 
  at <MenusTopmenuLayoutNotifications > 
  at <VCol class="notificationsHeader" > 
  at <VDefaultsProvider defaults= {VTabs: Object} > 
  at <VToolbar ref=Ref< Proxy(Object) > class="v-app-bar" style= {top: 0px, zIndex: 1014, transform: translateY(0px), position: fixed, height: undefined}  ... > 
  at <VAppBar id="topnav" > 
  at <MenusHeader drawer=false onToggleDrawer=fn > 
  at <ClientOnly > 
  at <VApp theme="light" class="auto-text" > 
  at <VResponsive class="border rounded" > 
  at <Default ref=Ref< Proxy(Object) > > 
  at <AsyncComponentWrapper ref=Ref< Proxy(Object) > > 
  at <LayoutLoader key="default" layoutProps= {ref: RefImpl} name="default" > 
  at <NuxtLayoutProvider layoutProps= {ref: RefImpl} key="default" name="default"  ... > 
  at <NuxtLayout > 
  at <App key=4 > 
  at <NuxtRoot> @ http://localhost:3001/_nuxt/@fs/home/meebuzo/github/alternate-framework/apps/ecosystem/meeovi-frontend/node_modules/@sentry/core/build/esm/instrument/console.js?v=ebf63685:42
[  339376ms] [WARNING] [Vue warn]: Avoid app logic that relies on enumerating keys on a component instance. The keys will be empty in production mode to avoid performance overhead. 
  at <VNavigationDrawer modelValue=undefined onUpdate:modelValue=fn location="right"  ... > 
  at <MenusTopmenuLayoutNotifications > 
  at <VCol class="notificationsHeader" > 
  at <VDefaultsProvider defaults= {VTabs: Object} > 
  at <VToolbar ref=Ref< Proxy(Object) > class="v-app-bar" style= {top: 0px, zIndex: 1014, transform: translateY(0px), position: fixed, height: undefined}  ... > 
  at <VAppBar id="topnav" > 
  at <MenusHeader drawer=false onToggleDrawer=fn > 
  at <ClientOnly > 
  at <VApp theme="light" class="auto-text" > 
  at <VResponsive class="border rounded" > 
  at <Default ref=Ref< Proxy(Object) > > 
  at <AsyncComponentWrapper ref=Ref< Proxy(Object) > > 
  at <LayoutLoader key="default" layoutProps= {ref: RefImpl} name="default" > 
  at <NuxtLayoutProvider layoutProps= {ref: RefImpl} key="default" name="default"  ... > 
  at <NuxtLayout > 
  at <App key=4 > 
  at <NuxtRoot> @ http://localhost:3001/_nuxt/@fs/home/meebuzo/github/alternate-framework/apps/ecosystem/meeovi-frontend/node_modules/@sentry/core/build/esm/instrument/console.js?v=ebf63685:42
[  339380ms] [WARNING] [Vue warn]: Avoid app logic that relies on enumerating keys on a component instance. The keys will be empty in production mode to avoid performance overhead. 
  at <VNavigationDrawer modelValue=undefined onUpdate:modelValue=fn location="right"  ... > 
  at <MenusTopmenuLayoutNotifications > 
  at <VCol class="notificationsHeader" > 
  at <VDefaultsProvider defaults= {VTabs: Object} > 
  at <VToolbar ref=Ref< Proxy(Object) > class="v-app-bar" style= {top: 0px, zIndex: 1014, transform: translateY(0px), position: fixed, height: undefined}  ... > 
  at <VAppBar id="topnav" > 
  at <MenusHeader drawer=false onToggleDrawer=fn > 
  at <ClientOnly > 
  at <VApp theme="light" class="auto-text" > 
  at <VResponsive class="border rounded" > 
  at <Default ref=Ref< Proxy(Object) > > 
  at <AsyncComponentWrapper ref=Ref< Proxy(Object) > > 
  at <LayoutLoader key="default" layoutProps= {ref: RefImpl} name="default" > 
  at <NuxtLayoutProvider layoutProps= {ref: RefImpl} key="default" name="default"  ... > 
  at <NuxtLayout > 
  at <App key=4 > 
  at <NuxtRoot> @ http://localhost:3001/_nuxt/@fs/home/meebuzo/github/alternate-framework/apps/ecosystem/meeovi-frontend/node_modules/@sentry/core/build/esm/instrument/console.js?v=ebf63685:42
[  339383ms] [WARNING] [Vue warn]: Avoid app logic that relies on enumerating keys on a component instance. The keys will be empty in production mode to avoid performance overhead. 
  at <VNavigationDrawer modelValue=undefined onUpdate:modelValue=fn location="right"  ... > 
  at <MenusTopmenuLayoutNotifications > 
  at <VCol class="notificationsHeader" > 
  at <VDefaultsProvider defaults= {VTabs: Object} > 
  at <VToolbar ref=Ref< Proxy(Object) > class="v-app-bar" style= {top: 0px, zIndex: 1014, transform: translateY(0px), position: fixed, height: undefined}  ... > 
  at <VAppBar id="topnav" > 
  at <MenusHeader drawer=false onToggleDrawer=fn > 
  at <ClientOnly > 
  at <VApp theme="light" class="auto-text" > 
  at <VResponsive class="border rounded" > 
  at <Default ref=Ref< Proxy(Object) > > 
  at <AsyncComponentWrapper ref=Ref< Proxy(Object) > > 
  at <LayoutLoader key="default" layoutProps= {ref: RefImpl} name="default" > 
  at <NuxtLayoutProvider layoutProps= {ref: RefImpl} key="default" name="default"  ... > 
  at <NuxtLayout > 
  at <App key=4 > 
  at <NuxtRoot> @ http://localhost:3001/_nuxt/@fs/home/meebuzo/github/alternate-framework/apps/ecosystem/meeovi-frontend/node_modules/@sentry/core/build/esm/instrument/console.js?v=ebf63685:42
[  339387ms] [WARNING] [Vue warn]: Avoid app logic that relies on enumerating keys on a component instance. The keys will be empty in production mode to avoid performance overhead. 
  at <VNavigationDrawer modelValue=undefined onUpdate:modelValue=fn location="right"  ... > 
  at <MenusTopmenuLayoutNotifications > 
  at <VCol class="notificationsHeader" > 
  at <VDefaultsProvider defaults= {VTabs: Object} > 
  at <VToolbar ref=Ref< Proxy(Object) > class="v-app-bar" style= {top: 0px, zIndex: 1014, transform: translateY(0px), position: fixed, height: undefined}  ... > 
  at <VAppBar id="topnav" > 
  at <MenusHeader drawer=false onToggleDrawer=fn > 
  at <ClientOnly > 
  at <VApp theme="light" class="auto-text" > 
  at <VResponsive class="border rounded" > 
  at <Default ref=Ref< Proxy(Object) > > 
  at <AsyncComponentWrapper ref=Ref< Proxy(Object) > > 
  at <LayoutLoader key="default" layoutProps= {ref: RefImpl} name="default" > 
  at <NuxtLayoutProvider layoutProps= {ref: RefImpl} key="default" name="default"  ... > 
  at <NuxtLayout > 
  at <App key=4 > 
  at <NuxtRoot> @ http://localhost:3001/_nuxt/@fs/home/meebuzo/github/alternate-framework/apps/ecosystem/meeovi-frontend/node_modules/@sentry/core/build/esm/instrument/console.js?v=ebf63685:42
[  339394ms] [WARNING] [Vue warn]: Avoid app logic that relies on enumerating keys on a component instance. The keys will be empty in production mode to avoid performance overhead. 
  at <VNavigationDrawer modelValue=undefined onUpdate:modelValue=fn location="right"  ... > 
  at <MenusTopmenuLayoutNotifications > 
  at <VCol class="notificationsHeader" > 
  at <VDefaultsProvider defaults= {VTabs: Object} > 
  at <VToolbar ref=Ref< Proxy(Object) > class="v-app-bar" style= {top: 0px, zIndex: 1014, transform: translateY(0px), position: fixed, height: undefined}  ... > 
  at <VAppBar id="topnav" > 
  at <MenusHeader drawer=false onToggleDrawer=fn > 
  at <ClientOnly > 
  at <VApp theme="light" class="auto-text" > 
  at <VResponsive class="border rounded" > 
  at <Default ref=Ref< Proxy(Object) > > 
  at <AsyncComponentWrapper ref=Ref< Proxy(Object) > > 
  at <LayoutLoader key="default" layoutProps= {ref: RefImpl} name="default" > 
  at <NuxtLayoutProvider layoutProps= {ref: RefImpl} key="default" name="default"  ... > 
  at <NuxtLayout > 
  at <App key=4 > 
  at <NuxtRoot> @ http://localhost:3001/_nuxt/@fs/home/meebuzo/github/alternate-framework/apps/ecosystem/meeovi-frontend/node_modules/@sentry/core/build/esm/instrument/console.js?v=ebf63685:42
[  339398ms] [WARNING] [Vue warn]: Avoid app logic that relies on enumerating keys on a component instance. The keys will be empty in production mode to avoid performance overhead. 
  at <VNavigationDrawer modelValue=undefined onUpdate:modelValue=fn location="right"  ... > 
  at <MenusTopmenuLayoutNotifications > 
  at <VCol class="notificationsHeader" > 
  at <VDefaultsProvider defaults= {VTabs: Object} > 
  at <VToolbar ref=Ref< Proxy(Object) > class="v-app-bar" style= {top: 0px, zIndex: 1014, transform: translateY(0px), position: fixed, height: undefined}  ... > 
  at <VAppBar id="topnav" > 
  at <MenusHeader drawer=false onToggleDrawer=fn > 
  at <ClientOnly > 
  at <VApp theme="light" class="auto-text" > 
  at <VResponsive class="border rounded" > 
  at <Default ref=Ref< Proxy(Object) > > 
  at <AsyncComponentWrapper ref=Ref< Proxy(Object) > > 
  at <LayoutLoader key="default" layoutProps= {ref: RefImpl} name="default" > 
  at <NuxtLayoutProvider layoutProps= {ref: RefImpl} key="default" name="default"  ... > 
  at <NuxtLayout > 
  at <App key=4 > 
  at <NuxtRoot> @ http://localhost:3001/_nuxt/@fs/home/meebuzo/github/alternate-framework/apps/ecosystem/meeovi-frontend/node_modules/@sentry/core/build/esm/instrument/console.js?v=ebf63685:42
[  339402ms] [WARNING] [Vue warn]: Avoid app logic that relies on enumerating keys on a component instance. The keys will be empty in production mode to avoid performance overhead. 
  at <VNavigationDrawer modelValue=undefined onUpdate:modelValue=fn location="right"  ... > 
  at <MenusTopmenuLayoutNotifications > 
  at <VCol class="notificationsHeader" > 
  at <VDefaultsProvider defaults= {VTabs: Object} > 
  at <VToolbar ref=Ref< Proxy(Object) > class="v-app-bar" style= {top: 0px, zIndex: 1014, transform: translateY(0px), position: fixed, height: undefined}  ... > 
  at <VAppBar id="topnav" > 
  at <MenusHeader drawer=false onToggleDrawer=fn > 
  at <ClientOnly > 
  at <VApp theme="light" class="auto-text" > 
  at <VResponsive class="border rounded" > 
  at <Default ref=Ref< Proxy(Object) > > 
  at <AsyncComponentWrapper ref=Ref< Proxy(Object) > > 
  at <LayoutLoader key="default" layoutProps= {ref: RefImpl} name="default" > 
  at <NuxtLayoutProvider layoutProps= {ref: RefImpl} key="default" name="default"  ... > 
  at <NuxtLayout > 
  at <App key=4 > 
  at <NuxtRoot> @ http://localhost:3001/_nuxt/@fs/home/meebuzo/github/alternate-framework/apps/ecosystem/meeovi-frontend/node_modules/@sentry/core/build/esm/instrument/console.js?v=ebf63685:42
[  339406ms] [WARNING] [Vue warn]: Avoid app logic that relies on enumerating keys on a component instance. The keys will be empty in production mode to avoid performance overhead. 
  at <VNavigationDrawer modelValue=undefined onUpdate:modelValue=fn location="right"  ... > 
  at <MenusTopmenuLayoutNotifications > 
  at <VCol class="notificationsHeader" > 
  at <VDefaultsProvider defaults= {VTabs: Object} > 
  at <VToolbar ref=Ref< Proxy(Object) > class="v-app-bar" style= {top: 0px, zIndex: 1014, transform: translateY(0px), position: fixed, height: undefined}  ... > 
  at <VAppBar id="topnav" > 
  at <MenusHeader drawer=false onToggleDrawer=fn > 
  at <ClientOnly > 
  at <VApp theme="light" class="auto-text" > 
  at <VResponsive class="border rounded" > 
  at <Default ref=Ref< Proxy(Object) > > 
  at <AsyncComponentWrapper ref=Ref< Proxy(Object) > > 
  at <LayoutLoader key="default" layoutProps= {ref: RefImpl} name="default" > 
  at <NuxtLayoutProvider layoutProps= {ref: RefImpl} key="default" name="default"  ... > 
  at <NuxtLayout > 
  at <App key=4 > 
  at <NuxtRoot> @ http://localhost:3001/_nuxt/@fs/home/meebuzo/github/alternate-framework/apps/ecosystem/meeovi-frontend/node_modules/@sentry/core/build/esm/instrument/console.js?v=ebf63685:42
[  339411ms] [WARNING] [Vue warn]: Avoid app logic that relies on enumerating keys on a component instance. The keys will be empty in production mode to avoid performance overhead. 
  at <VNavigationDrawer modelValue=undefined onUpdate:modelValue=fn location="right"  ... > 
  at <MenusTopmenuLayoutNotifications > 
  at <VCol class="notificationsHeader" > 
  at <VDefaultsProvider defaults= {VTabs: Object} > 
  at <VToolbar ref=Ref< Proxy(Object) > class="v-app-bar" style= {top: 0px, zIndex: 1014, transform: translateY(0px), position: fixed, height: undefined}  ... > 
  at <VAppBar id="topnav" > 
  at <MenusHeader drawer=false onToggleDrawer=fn > 
  at <ClientOnly > 
  at <VApp theme="light" class="auto-text" > 
  at <VResponsive class="border rounded" > 
  at <Default ref=Ref< Proxy(Object) > > 
  at <AsyncComponentWrapper ref=Ref< Proxy(Object) > > 
  at <LayoutLoader key="default" layoutProps= {ref: RefImpl} name="default" > 
  at <NuxtLayoutProvider layoutProps= {ref: RefImpl} key="default" name="default"  ... > 
  at <NuxtLayout > 
  at <App key=4 > 
  at <NuxtRoot> @ http://localhost:3001/_nuxt/@fs/home/meebuzo/github/alternate-framework/apps/ecosystem/meeovi-frontend/node_modules/@sentry/core/build/esm/instrument/console.js?v=ebf63685:42
[  339416ms] [ERROR] Connecting to 'https://o996770.ingest.us.sentry.io/api/5955273/envelope/?sentry_version=7&sentry_key=df1b90fab7c44ce8aef097a63b468d61&sentry_client=sentry.javascript.nuxt%2F10.63.0' violates the following Content Security Policy directive: "connect-src 'self' https://*.mux.com". The action has been blocked. @ http://localhost:3001/_nuxt/@fs/home/meebuzo/github/alternate-framework/apps/ecosystem/meeovi-frontend/node_modules/@sentry/browser/build/npm/esm/dev/transports/fetch.js?v=ebf63685:31
[  339417ms] [ERROR] Fetch API cannot load https://o996770.ingest.us.sentry.io/api/5955273/envelope/?sentry_version=7&sentry_key=df1b90fab7c44ce8aef097a63b468d61&sentry_client=sentry.javascript.nuxt%2F10.63.0. Refused to connect because it violates the document's Content Security Policy. @ http://localhost:3001/_nuxt/@fs/home/meebuzo/github/alternate-framework/apps/ecosystem/meeovi-frontend/node_modules/@sentry/browser/build/npm/esm/dev/transports/fetch.js?v=ebf63685:31
[  339418ms] [ERROR] Failed to load resource: the server responded with a status of 404 (Not Found) @ http://localhost:3001/api/auth/fetch-session:0
[  339422ms] [ERROR] Failed to load resource: the server responded with a status of 404 (Not Found) @ http://localhost:3001/api/auth/fetch-session:0
[  339429ms] [WARNING] [Vue warn]: Avoid app logic that relies on enumerating keys on a component instance. The keys will be empty in production mode to avoid performance overhead. 
  at <VNavigationDrawer modelValue=undefined onUpdate:modelValue=fn location="right"  ... > 
  at <MenusTopmenuLayoutNotifications > 
  at <VCol class="notificationsHeader" > 
  at <VDefaultsProvider defaults= {VTabs: Object} > 
  at <VToolbar ref=Ref< Proxy(Object) > class="v-app-bar" style= {top: 0px, zIndex: 1014, transform: translateY(0px), position: fixed, height: undefined}  ... > 
  at <VAppBar id="topnav" > 
  at <MenusHeader drawer=false onToggleDrawer=fn > 
  at <ClientOnly > 
  at <VApp theme="light" class="auto-text" > 
  at <VResponsive class="border rounded" > 
  at <Default ref=Ref< Proxy(Object) > > 
  at <AsyncComponentWrapper ref=Ref< Proxy(Object) > > 
  at <LayoutLoader key="default" layoutProps= {ref: RefImpl} name="default" > 
  at <NuxtLayoutProvider layoutProps= {ref: RefImpl} key="default" name="default"  ... > 
  at <NuxtLayout > 
  at <App key=4 > 
  at <NuxtRoot> @ http://localhost:3001/_nuxt/@fs/home/meebuzo/github/alternate-framework/apps/ecosystem/meeovi-frontend/node_modules/@sentry/core/build/esm/instrument/console.js?v=ebf63685:42
[  339432ms] [WARNING] [Vue warn]: Avoid app logic that relies on enumerating keys on a component instance. The keys will be empty in production mode to avoid performance overhead. 
  at <VNavigationDrawer modelValue=undefined onUpdate:modelValue=fn location="right"  ... > 
  at <MenusTopmenuLayoutNotifications > 
  at <VCol class="notificationsHeader" > 
  at <VDefaultsProvider defaults= {VTabs: Object} > 
  at <VToolbar ref=Ref< Proxy(Object) > class="v-app-bar" style= {top: 0px, zIndex: 1014, transform: translateY(0px), position: fixed, height: undefined}  ... > 
  at <VAppBar id="topnav" > 
  at <MenusHeader drawer=false onToggleDrawer=fn > 
  at <ClientOnly > 
  at <VApp theme="light" class="auto-text" > 
  at <VResponsive class="border rounded" > 
  at <Default ref=Ref< Proxy(Object) > > 
  at <AsyncComponentWrapper ref=Ref< Proxy(Object) > > 
  at <LayoutLoader key="default" layoutProps= {ref: RefImpl} name="default" > 
  at <NuxtLayoutProvider layoutProps= {ref: RefImpl} key="default" name="default"  ... > 
  at <NuxtLayout > 
  at <App key=4 > 
  at <NuxtRoot> @ http://localhost:3001/_nuxt/@fs/home/meebuzo/github/alternate-framework/apps/ecosystem/meeovi-frontend/node_modules/@sentry/core/build/esm/instrument/console.js?v=ebf63685:42
[  339435ms] [WARNING] [Vue warn]: Avoid app logic that relies on enumerating keys on a component instance. The keys will be empty in production mode to avoid performance overhead. 
  at <VNavigationDrawer modelValue=undefined onUpdate:modelValue=fn location="right"  ... > 
  at <MenusTopmenuLayoutNotifications > 
  at <VCol class="notificationsHeader" > 
  at <VDefaultsProvider defaults= {VTabs: Object} > 
  at <VToolbar ref=Ref< Proxy(Object) > class="v-app-bar" style= {top: 0px, zIndex: 1014, transform: translateY(0px), position: fixed, height: undefined}  ... > 
  at <VAppBar id="topnav" > 
  at <MenusHeader drawer=false onToggleDrawer=fn > 
  at <ClientOnly > 
  at <VApp theme="light" class="auto-text" > 
  at <VResponsive class="border rounded" > 
  at <Default ref=Ref< Proxy(Object) > > 
  at <AsyncComponentWrapper ref=Ref< Proxy(Object) > > 
  at <LayoutLoader key="default" layoutProps= {ref: RefImpl} name="default" > 
  at <NuxtLayoutProvider layoutProps= {ref: RefImpl} key="default" name="default"  ... > 
  at <NuxtLayout > 
  at <App key=4 > 
  at <NuxtRoot> @ http://localhost:3001/_nuxt/@fs/home/meebuzo/github/alternate-framework/apps/ecosystem/meeovi-frontend/node_modules/@sentry/core/build/esm/instrument/console.js?v=ebf63685:42
[  339438ms] [WARNING] [Vue warn]: Avoid app logic that relies on enumerating keys on a component instance. The keys will be empty in production mode to avoid performance overhead. 
  at <VNavigationDrawer modelValue=undefined onUpdate:modelValue=fn location="right"  ... > 
  at <MenusTopmenuLayoutNotifications > 
  at <VCol class="notificationsHeader" > 
  at <VDefaultsProvider defaults= {VTabs: Object} > 
  at <VToolbar ref=Ref< Proxy(Object) > class="v-app-bar" style= {top: 0px, zIndex: 1014, transform: translateY(0px), position: fixed, height: undefined}  ... > 
  at <VAppBar id="topnav" > 
  at <MenusHeader drawer=false onToggleDrawer=fn > 
  at <ClientOnly > 
  at <VApp theme="light" class="auto-text" > 
  at <VResponsive class="border rounded" > 
  at <Default ref=Ref< Proxy(Object) > > 
  at <AsyncComponentWrapper ref=Ref< Proxy(Object) > > 
  at <LayoutLoader key="default" layoutProps= {ref: RefImpl} name="default" > 
  at <NuxtLayoutProvider layoutProps= {ref: RefImpl} key="default" name="default"  ... > 
  at <NuxtLayout > 
  at <App key=4 > 
  at <NuxtRoot> @ http://localhost:3001/_nuxt/@fs/home/meebuzo/github/alternate-framework/apps/ecosystem/meeovi-frontend/node_modules/@sentry/core/build/esm/instrument/console.js?v=ebf63685:42
[  339442ms] [WARNING] [Vue warn]: Avoid app logic that relies on enumerating keys on a component instance. The keys will be empty in production mode to avoid performance overhead. 
  at <VNavigationDrawer modelValue=undefined onUpdate:modelValue=fn location="right"  ... > 
  at <MenusTopmenuLayoutNotifications > 
  at <VCol class="notificationsHeader" > 
  at <VDefaultsProvider defaults= {VTabs: Object} > 
  at <VToolbar ref=Ref< Proxy(Object) > class="v-app-bar" style= {top: 0px, zIndex: 1014, transform: translateY(0px), position: fixed, height: undefined}  ... > 
  at <VAppBar id="topnav" > 
  at <MenusHeader drawer=false onToggleDrawer=fn > 
  at <ClientOnly > 
  at <VApp theme="light" class="auto-text" > 
  at <VResponsive class="border rounded" > 
  at <Default ref=Ref< Proxy(Object) > > 
  at <AsyncComponentWrapper ref=Ref< Proxy(Object) > > 
  at <LayoutLoader key="default" layoutProps= {ref: RefImpl} name="default" > 
  at <NuxtLayoutProvider layoutProps= {ref: RefImpl} key="default" name="default"  ... > 
  at <NuxtLayout > 
  at <App key=4 > 
  at <NuxtRoot> @ http://localhost:3001/_nuxt/@fs/home/meebuzo/github/alternate-framework/apps/ecosystem/meeovi-frontend/node_modules/@sentry/core/build/esm/instrument/console.js?v=ebf63685:42
[  339445ms] [WARNING] [Vue warn]: Avoid app logic that relies on enumerating keys on a component instance. The keys will be empty in production mode to avoid performance overhead. 
  at <VNavigationDrawer modelValue=undefined onUpdate:modelValue=fn location="right"  ... > 
  at <MenusTopmenuLayoutNotifications > 
  at <VCol class="notificationsHeader" > 
  at <VDefaultsProvider defaults= {VTabs: Object} > 
  at <VToolbar ref=Ref< Proxy(Object) > class="v-app-bar" style= {top: 0px, zIndex: 1014, transform: translateY(0px), position: fixed, height: undefined}  ... > 
  at <VAppBar id="topnav" > 
  at <MenusHeader drawer=false onToggleDrawer=fn > 
  at <ClientOnly > 
  at <VApp theme="light" class="auto-text" > 
  at <VResponsive class="border rounded" > 
  at <Default ref=Ref< Proxy(Object) > > 
  at <AsyncComponentWrapper ref=Ref< Proxy(Object) > > 
  at <LayoutLoader key="default" layoutProps= {ref: RefImpl} name="default" > 
  at <NuxtLayoutProvider layoutProps= {ref: RefImpl} key="default" name="default"  ... > 
  at <NuxtLayout > 
  at <App key=4 > 
  at <NuxtRoot> @ http://localhost:3001/_nuxt/@fs/home/meebuzo/github/alternate-framework/apps/ecosystem/meeovi-frontend/node_modules/@sentry/core/build/esm/instrument/console.js?v=ebf63685:42
[  339448ms] [WARNING] [Vue warn]: Avoid app logic that relies on enumerating keys on a component instance. The keys will be empty in production mode to avoid performance overhead. 
  at <VNavigationDrawer modelValue=undefined onUpdate:modelValue=fn location="right"  ... > 
  at <MenusTopmenuLayoutNotifications > 
  at <VCol class="notificationsHeader" > 
  at <VDefaultsProvider defaults= {VTabs: Object} > 
  at <VToolbar ref=Ref< Proxy(Object) > class="v-app-bar" style= {top: 0px, zIndex: 1014, transform: translateY(0px), position: fixed, height: undefined}  ... > 
  at <VAppBar id="topnav" > 
  at <MenusHeader drawer=false onToggleDrawer=fn > 
  at <ClientOnly > 
  at <VApp theme="light" class="auto-text" > 
  at <VResponsive class="border rounded" > 
  at <Default ref=Ref< Proxy(Object) > > 
  at <AsyncComponentWrapper ref=Ref< Proxy(Object) > > 
  at <LayoutLoader key="default" layoutProps= {ref: RefImpl} name="default" > 
  at <NuxtLayoutProvider layoutProps= {ref: RefImpl} key="default" name="default"  ... > 
  at <NuxtLayout > 
  at <App key=4 > 
  at <NuxtRoot> @ http://localhost:3001/_nuxt/@fs/home/meebuzo/github/alternate-framework/apps/ecosystem/meeovi-frontend/node_modules/@sentry/core/build/esm/instrument/console.js?v=ebf63685:42
[  339451ms] [WARNING] [Vue warn]: Avoid app logic that relies on enumerating keys on a component instance. The keys will be empty in production mode to avoid performance overhead. 
  at <VNavigationDrawer modelValue=undefined onUpdate:modelValue=fn location="right"  ... > 
  at <MenusTopmenuLayoutNotifications > 
  at <VCol class="notificationsHeader" > 
  at <VDefaultsProvider defaults= {VTabs: Object} > 
  at <VToolbar ref=Ref< Proxy(Object) > class="v-app-bar" style= {top: 0px, zIndex: 1014, transform: translateY(0px), position: fixed, height: undefined}  ... > 
  at <VAppBar id="topnav" > 
  at <MenusHeader drawer=false onToggleDrawer=fn > 
  at <ClientOnly > 
  at <VApp theme="light" class="auto-text" > 
  at <VResponsive class="border rounded" > 
  at <Default ref=Ref< Proxy(Object) > > 
  at <AsyncComponentWrapper ref=Ref< Proxy(Object) > > 
  at <LayoutLoader key="default" layoutProps= {ref: RefImpl} name="default" > 
  at <NuxtLayoutProvider layoutProps= {ref: RefImpl} key="default" name="default"  ... > 
  at <NuxtLayout > 
  at <App key=4 > 
  at <NuxtRoot> @ http://localhost:3001/_nuxt/@fs/home/meebuzo/github/alternate-framework/apps/ecosystem/meeovi-frontend/node_modules/@sentry/core/build/esm/instrument/console.js?v=ebf63685:42
[  339455ms] [WARNING] [Vue warn]: Avoid app logic that relies on enumerating keys on a component instance. The keys will be empty in production mode to avoid performance overhead. 
  at <VNavigationDrawer modelValue=undefined onUpdate:modelValue=fn location="right"  ... > 
  at <MenusTopmenuLayoutNotifications > 
  at <VCol class="notificationsHeader" > 
  at <VDefaultsProvider defaults= {VTabs: Object} > 
  at <VToolbar ref=Ref< Proxy(Object) > class="v-app-bar" style= {top: 0px, zIndex: 1014, transform: translateY(0px), position: fixed, height: undefined}  ... > 
  at <VAppBar id="topnav" > 
  at <MenusHeader drawer=false onToggleDrawer=fn > 
  at <ClientOnly > 
  at <VApp theme="light" class="auto-text" > 
  at <VResponsive class="border rounded" > 
  at <Default ref=Ref< Proxy(Object) > > 
  at <AsyncComponentWrapper ref=Ref< Proxy(Object) > > 
  at <LayoutLoader key="default" layoutProps= {ref: RefImpl} name="default" > 
  at <NuxtLayoutProvider layoutProps= {ref: RefImpl} key="default" name="default"  ... > 
  at <NuxtLayout > 
  at <App key=4 > 
  at <NuxtRoot> @ http://localhost:3001/_nuxt/@fs/home/meebuzo/github/alternate-framework/apps/ecosystem/meeovi-frontend/node_modules/@sentry/core/build/esm/instrument/console.js?v=ebf63685:42
[  339458ms] [WARNING] [Vue warn]: Avoid app logic that relies on enumerating keys on a component instance. The keys will be empty in production mode to avoid performance overhead. 
  at <VNavigationDrawer modelValue=undefined onUpdate:modelValue=fn location="right"  ... > 
  at <MenusTopmenuLayoutNotifications > 
  at <VCol class="notificationsHeader" > 
  at <VDefaultsProvider defaults= {VTabs: Object} > 
  at <VToolbar ref=Ref< Proxy(Object) > class="v-app-bar" style= {top: 0px, zIndex: 1014, transform: translateY(0px), position: fixed, height: undefined}  ... > 
  at <VAppBar id="topnav" > 
  at <MenusHeader drawer=false onToggleDrawer=fn > 
  at <ClientOnly > 
  at <VApp theme="light" class="auto-text" > 
  at <VResponsive class="border rounded" > 
  at <Default ref=Ref< Proxy(Object) > > 
  at <AsyncComponentWrapper ref=Ref< Proxy(Object) > > 
  at <LayoutLoader key="default" layoutProps= {ref: RefImpl} name="default" > 
  at <NuxtLayoutProvider layoutProps= {ref: RefImpl} key="default" name="default"  ... > 
  at <NuxtLayout > 
  at <App key=4 > 
  at <NuxtRoot> @ http://localhost:3001/_nuxt/@fs/home/meebuzo/github/alternate-framework/apps/ecosystem/meeovi-frontend/node_modules/@sentry/core/build/esm/instrument/console.js?v=ebf63685:42
[  339460ms] [WARNING] [Vue warn]: Avoid app logic that relies on enumerating keys on a component instance. The keys will be empty in production mode to avoid performance overhead. 
  at <VNavigationDrawer modelValue=undefined onUpdate:modelValue=fn location="right"  ... > 
  at <MenusTopmenuLayoutNotifications > 
  at <VCol class="notificationsHeader" > 
  at <VDefaultsProvider defaults= {VTabs: Object} > 
  at <VToolbar ref=Ref< Proxy(Object) > class="v-app-bar" style= {top: 0px, zIndex: 1014, transform: translateY(0px), position: fixed, height: undefined}  ... > 
  at <VAppBar id="topnav" > 
  at <MenusHeader drawer=false onToggleDrawer=fn > 
  at <ClientOnly > 
  at <VApp theme="light" class="auto-text" > 
  at <VResponsive class="border rounded" > 
  at <Default ref=Ref< Proxy(Object) > > 
  at <AsyncComponentWrapper ref=Ref< Proxy(Object) > > 
  at <LayoutLoader key="default" layoutProps= {ref: RefImpl} name="default" > 
  at <NuxtLayoutProvider layoutProps= {ref: RefImpl} key="default" name="default"  ... > 
  at <NuxtLayout > 
  at <App key=4 > 
  at <NuxtRoot> @ http://localhost:3001/_nuxt/@fs/home/meebuzo/github/alternate-framework/apps/ecosystem/meeovi-frontend/node_modules/@sentry/core/build/esm/instrument/console.js?v=ebf63685:42
[  339464ms] [WARNING] [Vue warn]: Avoid app logic that relies on enumerating keys on a component instance. The keys will be empty in production mode to avoid performance overhead. 
  at <VNavigationDrawer modelValue=undefined onUpdate:modelValue=fn location="right"  ... > 
  at <MenusTopmenuLayoutNotifications > 
  at <VCol class="notificationsHeader" > 
  at <VDefaultsProvider defaults= {VTabs: Object} > 
  at <VToolbar ref=Ref< Proxy(Object) > class="v-app-bar" style= {top: 0px, zIndex: 1014, transform: translateY(0px), position: fixed, height: undefined}  ... > 
  at <VAppBar id="topnav" > 
  at <MenusHeader drawer=false onToggleDrawer=fn > 
  at <ClientOnly > 
  at <VApp theme="light" class="auto-text" > 
  at <VResponsive class="border rounded" > 
  at <Default ref=Ref< Proxy(Object) > > 
  at <AsyncComponentWrapper ref=Ref< Proxy(Object) > > 
  at <LayoutLoader key="default" layoutProps= {ref: RefImpl} name="default" > 
  at <NuxtLayoutProvider layoutProps= {ref: RefImpl} key="default" name="default"  ... > 
  at <NuxtLayout > 
  at <App key=4 > 
  at <NuxtRoot> @ http://localhost:3001/_nuxt/@fs/home/meebuzo/github/alternate-framework/apps/ecosystem/meeovi-frontend/node_modules/@sentry/core/build/esm/instrument/console.js?v=ebf63685:42
[  339467ms] [WARNING] [Vue warn]: Avoid app logic that relies on enumerating keys on a component instance. The keys will be empty in production mode to avoid performance overhead. 
  at <VNavigationDrawer modelValue=undefined onUpdate:modelValue=fn location="right"  ... > 
  at <MenusTopmenuLayoutNotifications > 
  at <VCol class="notificationsHeader" > 
  at <VDefaultsProvider defaults= {VTabs: Object} > 
  at <VToolbar ref=Ref< Proxy(Object) > class="v-app-bar" style= {top: 0px, zIndex: 1014, transform: translateY(0px), position: fixed, height: undefined}  ... > 
  at <VAppBar id="topnav" > 
  at <MenusHeader drawer=false onToggleDrawer=fn > 
  at <ClientOnly > 
  at <VApp theme="light" class="auto-text" > 
  at <VResponsive class="border rounded" > 
  at <Default ref=Ref< Proxy(Object) > > 
  at <AsyncComponentWrapper ref=Ref< Proxy(Object) > > 
  at <LayoutLoader key="default" layoutProps= {ref: RefImpl} name="default" > 
  at <NuxtLayoutProvider layoutProps= {ref: RefImpl} key="default" name="default"  ... > 
  at <NuxtLayout > 
  at <App key=4 > 
  at <NuxtRoot> @ http://localhost:3001/_nuxt/@fs/home/meebuzo/github/alternate-framework/apps/ecosystem/meeovi-frontend/node_modules/@sentry/core/build/esm/instrument/console.js?v=ebf63685:42
[  339470ms] [WARNING] [Vue warn]: Avoid app logic that relies on enumerating keys on a component instance. The keys will be empty in production mode to avoid performance overhead. 
  at <VNavigationDrawer modelValue=undefined onUpdate:modelValue=fn location="right"  ... > 
  at <MenusTopmenuLayoutNotifications > 
  at <VCol class="notificationsHeader" > 
  at <VDefaultsProvider defaults= {VTabs: Object} > 
  at <VToolbar ref=Ref< Proxy(Object) > class="v-app-bar" style= {top: 0px, zIndex: 1014, transform: translateY(0px), position: fixed, height: undefined}  ... > 
  at <VAppBar id="topnav" > 
  at <MenusHeader drawer=false onToggleDrawer=fn > 
  at <ClientOnly > 
  at <VApp theme="light" class="auto-text" > 
  at <VResponsive class="border rounded" > 
  at <Default ref=Ref< Proxy(Object) > > 
  at <AsyncComponentWrapper ref=Ref< Proxy(Object) > > 
  at <LayoutLoader key="default" layoutProps= {ref: RefImpl} name="default" > 
  at <NuxtLayoutProvider layoutProps= {ref: RefImpl} key="default" name="default"  ... > 
  at <NuxtLayout > 
  at <App key=4 > 
  at <NuxtRoot> @ http://localhost:3001/_nuxt/@fs/home/meebuzo/github/alternate-framework/apps/ecosystem/meeovi-frontend/node_modules/@sentry/core/build/esm/instrument/console.js?v=ebf63685:42
[  339473ms] [WARNING] [Vue warn]: Avoid app logic that relies on enumerating keys on a component instance. The keys will be empty in production mode to avoid performance overhead. 
  at <VNavigationDrawer modelValue=undefined onUpdate:modelValue=fn location="right"  ... > 
  at <MenusTopmenuLayoutNotifications > 
  at <VCol class="notificationsHeader" > 
  at <VDefaultsProvider defaults= {VTabs: Object} > 
  at <VToolbar ref=Ref< Proxy(Object) > class="v-app-bar" style= {top: 0px, zIndex: 1014, transform: translateY(0px), position: fixed, height: undefined}  ... > 
  at <VAppBar id="topnav" > 
  at <MenusHeader drawer=false onToggleDrawer=fn > 
  at <ClientOnly > 
  at <VApp theme="light" class="auto-text" > 
  at <VResponsive class="border rounded" > 
  at <Default ref=Ref< Proxy(Object) > > 
  at <AsyncComponentWrapper ref=Ref< Proxy(Object) > > 
  at <LayoutLoader key="default" layoutProps= {ref: RefImpl} name="default" > 
  at <NuxtLayoutProvider layoutProps= {ref: RefImpl} key="default" name="default"  ... > 
  at <NuxtLayout > 
  at <App key=4 > 
  at <NuxtRoot> @ http://localhost:3001/_nuxt/@fs/home/meebuzo/github/alternate-framework/apps/ecosystem/meeovi-frontend/node_modules/@sentry/core/build/esm/instrument/console.js?v=ebf63685:42
[  339476ms] [WARNING] [Vue warn]: Avoid app logic that relies on enumerating keys on a component instance. The keys will be empty in production mode to avoid performance overhead. 
  at <VNavigationDrawer modelValue=undefined onUpdate:modelValue=fn location="right"  ... > 
  at <MenusTopmenuLayoutNotifications > 
  at <VCol class="notificationsHeader" > 
  at <VDefaultsProvider defaults= {VTabs: Object} > 
  at <VToolbar ref=Ref< Proxy(Object) > class="v-app-bar" style= {top: 0px, zIndex: 1014, transform: translateY(0px), position: fixed, height: undefined}  ... > 
  at <VAppBar id="topnav" > 
  at <MenusHeader drawer=false onToggleDrawer=fn > 
  at <ClientOnly > 
  at <VApp theme="light" class="auto-text" > 
  at <VResponsive class="border rounded" > 
  at <Default ref=Ref< Proxy(Object) > > 
  at <AsyncComponentWrapper ref=Ref< Proxy(Object) > > 
  at <LayoutLoader key="default" layoutProps= {ref: RefImpl} name="default" > 
  at <NuxtLayoutProvider layoutProps= {ref: RefImpl} key="default" name="default"  ... > 
  at <NuxtLayout > 
  at <App key=4 > 
  at <NuxtRoot> @ http://localhost:3001/_nuxt/@fs/home/meebuzo/github/alternate-framework/apps/ecosystem/meeovi-frontend/node_modules/@sentry/core/build/esm/instrument/console.js?v=ebf63685:42
[  339479ms] [WARNING] [Vue warn]: Avoid app logic that relies on enumerating keys on a component instance. The keys will be empty in production mode to avoid performance overhead. 
  at <VNavigationDrawer modelValue=undefined onUpdate:modelValue=fn location="right"  ... > 
  at <MenusTopmenuLayoutNotifications > 
  at <VCol class="notificationsHeader" > 
  at <VDefaultsProvider defaults= {VTabs: Object} > 
  at <VToolbar ref=Ref< Proxy(Object) > class="v-app-bar" style= {top: 0px, zIndex: 1014, transform: translateY(0px), position: fixed, height: undefined}  ... > 
  at <VAppBar id="topnav" > 
  at <MenusHeader drawer=false onToggleDrawer=fn > 
  at <ClientOnly > 
  at <VApp theme="light" class="auto-text" > 
  at <VResponsive class="border rounded" > 
  at <Default ref=Ref< Proxy(Object) > > 
  at <AsyncComponentWrapper ref=Ref< Proxy(Object) > > 
  at <LayoutLoader key="default" layoutProps= {ref: RefImpl} name="default" > 
  at <NuxtLayoutProvider layoutProps= {ref: RefImpl} key="default" name="default"  ... > 
  at <NuxtLayout > 
  at <App key=4 > 
  at <NuxtRoot> @ http://localhost:3001/_nuxt/@fs/home/meebuzo/github/alternate-framework/apps/ecosystem/meeovi-frontend/node_modules/@sentry/core/build/esm/instrument/console.js?v=ebf63685:42
[  339483ms] [WARNING] [Vue warn]: Avoid app logic that relies on enumerating keys on a component instance. The keys will be empty in production mode to avoid performance overhead. 
  at <VNavigationDrawer modelValue=undefined onUpdate:modelValue=fn location="right"  ... > 
  at <MenusTopmenuLayoutNotifications > 
  at <VCol class="notificationsHeader" > 
  at <VDefaultsProvider defaults= {VTabs: Object} > 
  at <VToolbar ref=Ref< Proxy(Object) > class="v-app-bar" style= {top: 0px, zIndex: 1014, transform: translateY(0px), position: fixed, height: undefined}  ... > 
  at <VAppBar id="topnav" > 
  at <MenusHeader drawer=false onToggleDrawer=fn > 
  at <ClientOnly > 
  at <VApp theme="light" class="auto-text" > 
  at <VResponsive class="border rounded" > 
  at <Default ref=Ref< Proxy(Object) > > 
  at <AsyncComponentWrapper ref=Ref< Proxy(Object) > > 
  at <LayoutLoader key="default" layoutProps= {ref: RefImpl} name="default" > 
  at <NuxtLayoutProvider layoutProps= {ref: RefImpl} key="default" name="default"  ... > 
  at <NuxtLayout > 
  at <App key=4 > 
  at <NuxtRoot> @ http://localhost:3001/_nuxt/@fs/home/meebuzo/github/alternate-framework/apps/ecosystem/meeovi-frontend/node_modules/@sentry/core/build/esm/instrument/console.js?v=ebf63685:42
[  339486ms] [WARNING] [Vue warn]: Avoid app logic that relies on enumerating keys on a component instance. The keys will be empty in production mode to avoid performance overhead. 
  at <VNavigationDrawer modelValue=undefined onUpdate:modelValue=fn location="right"  ... > 
  at <MenusTopmenuLayoutNotifications > 
  at <VCol class="notificationsHeader" > 
  at <VDefaultsProvider defaults= {VTabs: Object} > 
  at <VToolbar ref=Ref< Proxy(Object) > class="v-app-bar" style= {top: 0px, zIndex: 1014, transform: translateY(0px), position: fixed, height: undefined}  ... > 
  at <VAppBar id="topnav" > 
  at <MenusHeader drawer=false onToggleDrawer=fn > 
  at <ClientOnly > 
  at <VApp theme="light" class="auto-text" > 
  at <VResponsive class="border rounded" > 
  at <Default ref=Ref< Proxy(Object) > > 
  at <AsyncComponentWrapper ref=Ref< Proxy(Object) > > 
  at <LayoutLoader key="default" layoutProps= {ref: RefImpl} name="default" > 
  at <NuxtLayoutProvider layoutProps= {ref: RefImpl} key="default" name="default"  ... > 
  at <NuxtLayout > 
  at <App key=4 > 
  at <NuxtRoot> @ http://localhost:3001/_nuxt/@fs/home/meebuzo/github/alternate-framework/apps/ecosystem/meeovi-frontend/node_modules/@sentry/core/build/esm/instrument/console.js?v=ebf63685:42
[  339490ms] [WARNING] [Vue warn]: Avoid app logic that relies on enumerating keys on a component instance. The keys will be empty in production mode to avoid performance overhead. 
  at <VNavigationDrawer modelValue=undefined onUpdate:modelValue=fn location="right"  ... > 
  at <MenusTopmenuLayoutNotifications > 
  at <VCol class="notificationsHeader" > 
  at <VDefaultsProvider defaults= {VTabs: Object} > 
  at <VToolbar ref=Ref< Proxy(Object) > class="v-app-bar" style= {top: 0px, zIndex: 1014, transform: translateY(0px), position: fixed, height: undefined}  ... > 
  at <VAppBar id="topnav" > 
  at <MenusHeader drawer=false onToggleDrawer=fn > 
  at <ClientOnly > 
  at <VApp theme="light" class="auto-text" > 
  at <VResponsive class="border rounded" > 
  at <Default ref=Ref< Proxy(Object) > > 
  at <AsyncComponentWrapper ref=Ref< Proxy(Object) > > 
  at <LayoutLoader key="default" layoutProps= {ref: RefImpl} name="default" > 
  at <NuxtLayoutProvider layoutProps= {ref: RefImpl} key="default" name="default"  ... > 
  at <NuxtLayout > 
  at <App key=4 > 
  at <NuxtRoot> @ http://localhost:3001/_nuxt/@fs/home/meebuzo/github/alternate-framework/apps/ecosystem/meeovi-frontend/node_modules/@sentry/core/build/esm/instrument/console.js?v=ebf63685:42
[  339494ms] [WARNING] [Vue warn]: Avoid app logic that relies on enumerating keys on a component instance. The keys will be empty in production mode to avoid performance overhead. 
  at <VNavigationDrawer modelValue=undefined onUpdate:modelValue=fn location="right"  ... > 
  at <MenusTopmenuLayoutNotifications > 
  at <VCol class="notificationsHeader" > 
  at <VDefaultsProvider defaults= {VTabs: Object} > 
  at <VToolbar ref=Ref< Proxy(Object) > class="v-app-bar" style= {top: 0px, zIndex: 1014, transform: translateY(0px), position: fixed, height: undefined}  ... > 
  at <VAppBar id="topnav" > 
  at <MenusHeader drawer=false onToggleDrawer=fn > 
  at <ClientOnly > 
  at <VApp theme="light" class="auto-text" > 
  at <VResponsive class="border rounded" > 
  at <Default ref=Ref< Proxy(Object) > > 
  at <AsyncComponentWrapper ref=Ref< Proxy(Object) > > 
  at <LayoutLoader key="default" layoutProps= {ref: RefImpl} name="default" > 
  at <NuxtLayoutProvider layoutProps= {ref: RefImpl} key="default" name="default"  ... > 
  at <NuxtLayout > 
  at <App key=4 > 
  at <NuxtRoot> @ http://localhost:3001/_nuxt/@fs/home/meebuzo/github/alternate-framework/apps/ecosystem/meeovi-frontend/node_modules/@sentry/core/build/esm/instrument/console.js?v=ebf63685:42
[  339497ms] [WARNING] [Vue warn]: Avoid app logic that relies on enumerating keys on a component instance. The keys will be empty in production mode to avoid performance overhead. 
  at <VNavigationDrawer modelValue=undefined onUpdate:modelValue=fn location="right"  ... > 
  at <MenusTopmenuLayoutNotifications > 
  at <VCol class="notificationsHeader" > 
  at <VDefaultsProvider defaults= {VTabs: Object} > 
  at <VToolbar ref=Ref< Proxy(Object) > class="v-app-bar" style= {top: 0px, zIndex: 1014, transform: translateY(0px), position: fixed, height: undefined}  ... > 
  at <VAppBar id="topnav" > 
  at <MenusHeader drawer=false onToggleDrawer=fn > 
  at <ClientOnly > 
  at <VApp theme="light" class="auto-text" > 
  at <VResponsive class="border rounded" > 
  at <Default ref=Ref< Proxy(Object) > > 
  at <AsyncComponentWrapper ref=Ref< Proxy(Object) > > 
  at <LayoutLoader key="default" layoutProps= {ref: RefImpl} name="default" > 
  at <NuxtLayoutProvider layoutProps= {ref: RefImpl} key="default" name="default"  ... > 
  at <NuxtLayout > 
  at <App key=4 > 
  at <NuxtRoot> @ http://localhost:3001/_nuxt/@fs/home/meebuzo/github/alternate-framework/apps/ecosystem/meeovi-frontend/node_modules/@sentry/core/build/esm/instrument/console.js?v=ebf63685:42
[  339501ms] [WARNING] [Vue warn]: Avoid app logic that relies on enumerating keys on a component instance. The keys will be empty in production mode to avoid performance overhead. 
  at <VNavigationDrawer modelValue=undefined onUpdate:modelValue=fn location="right"  ... > 
  at <MenusTopmenuLayoutNotifications > 
  at <VCol class="notificationsHeader" > 
  at <VDefaultsProvider defaults= {VTabs: Object} > 
  at <VToolbar ref=Ref< Proxy(Object) > class="v-app-bar" style= {top: 0px, zIndex: 1014, transform: translateY(0px), position: fixed, height: undefined}  ... > 
  at <VAppBar id="topnav" > 
  at <MenusHeader drawer=false onToggleDrawer=fn > 
  at <ClientOnly > 
  at <VApp theme="light" class="auto-text" > 
  at <VResponsive class="border rounded" > 
  at <Default ref=Ref< Proxy(Object) > > 
  at <AsyncComponentWrapper ref=Ref< Proxy(Object) > > 
  at <LayoutLoader key="default" layoutProps= {ref: RefImpl} name="default" > 
  at <NuxtLayoutProvider layoutProps= {ref: RefImpl} key="default" name="default"  ... > 
  at <NuxtLayout > 
  at <App key=4 > 
  at <NuxtRoot> @ http://localhost:3001/_nuxt/@fs/home/meebuzo/github/alternate-framework/apps/ecosystem/meeovi-frontend/node_modules/@sentry/core/build/esm/instrument/console.js?v=ebf63685:42
[  339505ms] [WARNING] [Vue warn]: Avoid app logic that relies on enumerating keys on a component instance. The keys will be empty in production mode to avoid performance overhead. 
  at <VNavigationDrawer modelValue=undefined onUpdate:modelValue=fn location="right"  ... > 
  at <MenusTopmenuLayoutNotifications > 
  at <VCol class="notificationsHeader" > 
  at <VDefaultsProvider defaults= {VTabs: Object} > 
  at <VToolbar ref=Ref< Proxy(Object) > class="v-app-bar" style= {top: 0px, zIndex: 1014, transform: translateY(0px), position: fixed, height: undefined}  ... > 
  at <VAppBar id="topnav" > 
  at <MenusHeader drawer=false onToggleDrawer=fn > 
  at <ClientOnly > 
  at <VApp theme="light" class="auto-text" > 
  at <VResponsive class="border rounded" > 
  at <Default ref=Ref< Proxy(Object) > > 
  at <AsyncComponentWrapper ref=Ref< Proxy(Object) > > 
  at <LayoutLoader key="default" layoutProps= {ref: RefImpl} name="default" > 
  at <NuxtLayoutProvider layoutProps= {ref: RefImpl} key="default" name="default"  ... > 
  at <NuxtLayout > 
  at <App key=4 > 
  at <NuxtRoot> @ http://localhost:3001/_nuxt/@fs/home/meebuzo/github/alternate-framework/apps/ecosystem/meeovi-frontend/node_modules/@sentry/core/build/esm/instrument/console.js?v=ebf63685:42
[  339508ms] [WARNING] [Vue warn]: Avoid app logic that relies on enumerating keys on a component instance. The keys will be empty in production mode to avoid performance overhead. 
  at <VNavigationDrawer modelValue=undefined onUpdate:modelValue=fn location="right"  ... > 
  at <MenusTopmenuLayoutNotifications > 
  at <VCol class="notificationsHeader" > 
  at <VDefaultsProvider defaults= {VTabs: Object} > 
  at <VToolbar ref=Ref< Proxy(Object) > class="v-app-bar" style= {top: 0px, zIndex: 1014, transform: translateY(0px), position: fixed, height: undefined}  ... > 
  at <VAppBar id="topnav" > 
  at <MenusHeader drawer=false onToggleDrawer=fn > 
  at <ClientOnly > 
  at <VApp theme="light" class="auto-text" > 
  at <VResponsive class="border rounded" > 
  at <Default ref=Ref< Proxy(Object) > > 
  at <AsyncComponentWrapper ref=Ref< Proxy(Object) > > 
  at <LayoutLoader key="default" layoutProps= {ref: RefImpl} name="default" > 
  at <NuxtLayoutProvider layoutProps= {ref: RefImpl} key="default" name="default"  ... > 
  at <NuxtLayout > 
  at <App key=4 > 
  at <NuxtRoot> @ http://localhost:3001/_nuxt/@fs/home/meebuzo/github/alternate-framework/apps/ecosystem/meeovi-frontend/node_modules/@sentry/core/build/esm/instrument/console.js?v=ebf63685:42
[  339511ms] [WARNING] [Vue warn]: Avoid app logic that relies on enumerating keys on a component instance. The keys will be empty in production mode to avoid performance overhead. 
  at <VNavigationDrawer modelValue=undefined onUpdate:modelValue=fn location="right"  ... > 
  at <MenusTopmenuLayoutNotifications > 
  at <VCol class="notificationsHeader" > 
  at <VDefaultsProvider defaults= {VTabs: Object} > 
  at <VToolbar ref=Ref< Proxy(Object) > class="v-app-bar" style= {top: 0px, zIndex: 1014, transform: translateY(0px), position: fixed, height: undefined}  ... > 
  at <VAppBar id="topnav" > 
  at <MenusHeader drawer=false onToggleDrawer=fn > 
  at <ClientOnly > 
  at <VApp theme="light" class="auto-text" > 
  at <VResponsive class="border rounded" > 
  at <Default ref=Ref< Proxy(Object) > > 
  at <AsyncComponentWrapper ref=Ref< Proxy(Object) > > 
  at <LayoutLoader key="default" layoutProps= {ref: RefImpl} name="default" > 
  at <NuxtLayoutProvider layoutProps= {ref: RefImpl} key="default" name="default"  ... > 
  at <NuxtLayout > 
  at <App key=4 > 
  at <NuxtRoot> @ http://localhost:3001/_nuxt/@fs/home/meebuzo/github/alternate-framework/apps/ecosystem/meeovi-frontend/node_modules/@sentry/core/build/esm/instrument/console.js?v=ebf63685:42
[  339514ms] [WARNING] [Vue warn]: Avoid app logic that relies on enumerating keys on a component instance. The keys will be empty in production mode to avoid performance overhead. 
  at <VNavigationDrawer modelValue=undefined onUpdate:modelValue=fn location="right"  ... > 
  at <MenusTopmenuLayoutNotifications > 
  at <VCol class="notificationsHeader" > 
  at <VDefaultsProvider defaults= {VTabs: Object} > 
  at <VToolbar ref=Ref< Proxy(Object) > class="v-app-bar" style= {top: 0px, zIndex: 1014, transform: translateY(0px), position: fixed, height: undefined}  ... > 
  at <VAppBar id="topnav" > 
  at <MenusHeader drawer=false onToggleDrawer=fn > 
  at <ClientOnly > 
  at <VApp theme="light" class="auto-text" > 
  at <VResponsive class="border rounded" > 
  at <Default ref=Ref< Proxy(Object) > > 
  at <AsyncComponentWrapper ref=Ref< Proxy(Object) > > 
  at <LayoutLoader key="default" layoutProps= {ref: RefImpl} name="default" > 
  at <NuxtLayoutProvider layoutProps= {ref: RefImpl} key="default" name="default"  ... > 
  at <NuxtLayout > 
  at <App key=4 > 
  at <NuxtRoot> @ http://localhost:3001/_nuxt/@fs/home/meebuzo/github/alternate-framework/apps/ecosystem/meeovi-frontend/node_modules/@sentry/core/build/esm/instrument/console.js?v=ebf63685:42
[  339517ms] [WARNING] [Vue warn]: Avoid app logic that relies on enumerating keys on a component instance. The keys will be empty in production mode to avoid performance overhead. 
  at <VNavigationDrawer modelValue=undefined onUpdate:modelValue=fn location="right"  ... > 
  at <MenusTopmenuLayoutNotifications > 
  at <VCol class="notificationsHeader" > 
  at <VDefaultsProvider defaults= {VTabs: Object} > 
  at <VToolbar ref=Ref< Proxy(Object) > class="v-app-bar" style= {top: 0px, zIndex: 1014, transform: translateY(0px), position: fixed, height: undefined}  ... > 
  at <VAppBar id="topnav" > 
  at <MenusHeader drawer=false onToggleDrawer=fn > 
  at <ClientOnly > 
  at <VApp theme="light" class="auto-text" > 
  at <VResponsive class="border rounded" > 
  at <Default ref=Ref< Proxy(Object) > > 
  at <AsyncComponentWrapper ref=Ref< Proxy(Object) > > 
  at <LayoutLoader key="default" layoutProps= {ref: RefImpl} name="default" > 
  at <NuxtLayoutProvider layoutProps= {ref: RefImpl} key="default" name="default"  ... > 
  at <NuxtLayout > 
  at <App key=4 > 
  at <NuxtRoot> @ http://localhost:3001/_nuxt/@fs/home/meebuzo/github/alternate-framework/apps/ecosystem/meeovi-frontend/node_modules/@sentry/core/build/esm/instrument/console.js?v=ebf63685:42
[  339521ms] [WARNING] [Vue warn]: Avoid app logic that relies on enumerating keys on a component instance. The keys will be empty in production mode to avoid performance overhead. 
  at <VNavigationDrawer modelValue=undefined onUpdate:modelValue=fn location="right"  ... > 
  at <MenusTopmenuLayoutNotifications > 
  at <VCol class="notificationsHeader" > 
  at <VDefaultsProvider defaults= {VTabs: Object} > 
  at <VToolbar ref=Ref< Proxy(Object) > class="v-app-bar" style= {top: 0px, zIndex: 1014, transform: translateY(0px), position: fixed, height: undefined}  ... > 
  at <VAppBar id="topnav" > 
  at <MenusHeader drawer=false onToggleDrawer=fn > 
  at <ClientOnly > 
  at <VApp theme="light" class="auto-text" > 
  at <VResponsive class="border rounded" > 
  at <Default ref=Ref< Proxy(Object) > > 
  at <AsyncComponentWrapper ref=Ref< Proxy(Object) > > 
  at <LayoutLoader key="default" layoutProps= {ref: RefImpl} name="default" > 
  at <NuxtLayoutProvider layoutProps= {ref: RefImpl} key="default" name="default"  ... > 
  at <NuxtLayout > 
  at <App key=4 > 
  at <NuxtRoot> @ http://localhost:3001/_nuxt/@fs/home/meebuzo/github/alternate-framework/apps/ecosystem/meeovi-frontend/node_modules/@sentry/core/build/esm/instrument/console.js?v=ebf63685:42
[  339525ms] [WARNING] [Vue warn]: Avoid app logic that relies on enumerating keys on a component instance. The keys will be empty in production mode to avoid performance overhead. 
  at <VNavigationDrawer modelValue=undefined onUpdate:modelValue=fn location="right"  ... > 
  at <MenusTopmenuLayoutNotifications > 
  at <VCol class="notificationsHeader" > 
  at <VDefaultsProvider defaults= {VTabs: Object} > 
  at <VToolbar ref=Ref< Proxy(Object) > class="v-app-bar" style= {top: 0px, zIndex: 1014, transform: translateY(0px), position: fixed, height: undefined}  ... > 
  at <VAppBar id="topnav" > 
  at <MenusHeader drawer=false onToggleDrawer=fn > 
  at <ClientOnly > 
  at <VApp theme="light" class="auto-text" > 
  at <VResponsive class="border rounded" > 
  at <Default ref=Ref< Proxy(Object) > > 
  at <AsyncComponentWrapper ref=Ref< Proxy(Object) > > 
  at <LayoutLoader key="default" layoutProps= {ref: RefImpl} name="default" > 
  at <NuxtLayoutProvider layoutProps= {ref: RefImpl} key="default" name="default"  ... > 
  at <NuxtLayout > 
  at <App key=4 > 
  at <NuxtRoot> @ http://localhost:3001/_nuxt/@fs/home/meebuzo/github/alternate-framework/apps/ecosystem/meeovi-frontend/node_modules/@sentry/core/build/esm/instrument/console.js?v=ebf63685:42
[  339528ms] [WARNING] [Vue warn]: Avoid app logic that relies on enumerating keys on a component instance. The keys will be empty in production mode to avoid performance overhead. 
  at <VNavigationDrawer modelValue=undefined onUpdate:modelValue=fn location="right"  ... > 
  at <MenusTopmenuLayoutNotifications > 
  at <VCol class="notificationsHeader" > 
  at <VDefaultsProvider defaults= {VTabs: Object} > 
  at <VToolbar ref=Ref< Proxy(Object) > class="v-app-bar" style= {top: 0px, zIndex: 1014, transform: translateY(0px), position: fixed, height: undefined}  ... > 
  at <VAppBar id="topnav" > 
  at <MenusHeader drawer=false onToggleDrawer=fn > 
  at <ClientOnly > 
  at <VApp theme="light" class="auto-text" > 
  at <VResponsive class="border rounded" > 
  at <Default ref=Ref< Proxy(Object) > > 
  at <AsyncComponentWrapper ref=Ref< Proxy(Object) > > 
  at <LayoutLoader key="default" layoutProps= {ref: RefImpl} name="default" > 
  at <NuxtLayoutProvider layoutProps= {ref: RefImpl} key="default" name="default"  ... > 
  at <NuxtLayout > 
  at <App key=4 > 
  at <NuxtRoot> @ http://localhost:3001/_nuxt/@fs/home/meebuzo/github/alternate-framework/apps/ecosystem/meeovi-frontend/node_modules/@sentry/core/build/esm/instrument/console.js?v=ebf63685:42
[  339531ms] [WARNING] [Vue warn]: Avoid app logic that relies on enumerating keys on a component instance. The keys will be empty in production mode to avoid performance overhead. 
  at <VNavigationDrawer modelValue=undefined onUpdate:modelValue=fn location="right"  ... > 
  at <MenusTopmenuLayoutNotifications > 
  at <VCol class="notificationsHeader" > 
  at <VDefaultsProvider defaults= {VTabs: Object} > 
  at <VToolbar ref=Ref< Proxy(Object) > class="v-app-bar" style= {top: 0px, zIndex: 1014, transform: translateY(0px), position: fixed, height: undefined}  ... > 
  at <VAppBar id="topnav" > 
  at <MenusHeader drawer=false onToggleDrawer=fn > 
  at <ClientOnly > 
  at <VApp theme="light" class="auto-text" > 
  at <VResponsive class="border rounded" > 
  at <Default ref=Ref< Proxy(Object) > > 
  at <AsyncComponentWrapper ref=Ref< Proxy(Object) > > 
  at <LayoutLoader key="default" layoutProps= {ref: RefImpl} name="default" > 
  at <NuxtLayoutProvider layoutProps= {ref: RefImpl} key="default" name="default"  ... > 
  at <NuxtLayout > 
  at <App key=4 > 
  at <NuxtRoot> @ http://localhost:3001/_nuxt/@fs/home/meebuzo/github/alternate-framework/apps/ecosystem/meeovi-frontend/node_modules/@sentry/core/build/esm/instrument/console.js?v=ebf63685:42
[  339534ms] [WARNING] [Vue warn]: Avoid app logic that relies on enumerating keys on a component instance. The keys will be empty in production mode to avoid performance overhead. 
  at <VNavigationDrawer modelValue=undefined onUpdate:modelValue=fn location="right"  ... > 
  at <MenusTopmenuLayoutNotifications > 
  at <VCol class="notificationsHeader" > 
  at <VDefaultsProvider defaults= {VTabs: Object} > 
  at <VToolbar ref=Ref< Proxy(Object) > class="v-app-bar" style= {top: 0px, zIndex: 1014, transform: translateY(0px), position: fixed, height: undefined}  ... > 
  at <VAppBar id="topnav" > 
  at <MenusHeader drawer=false onToggleDrawer=fn > 
  at <ClientOnly > 
  at <VApp theme="light" class="auto-text" > 
  at <VResponsive class="border rounded" > 
  at <Default ref=Ref< Proxy(Object) > > 
  at <AsyncComponentWrapper ref=Ref< Proxy(Object) > > 
  at <LayoutLoader key="default" layoutProps= {ref: RefImpl} name="default" > 
  at <NuxtLayoutProvider layoutProps= {ref: RefImpl} key="default" name="default"  ... > 
  at <NuxtLayout > 
  at <App key=4 > 
  at <NuxtRoot> @ http://localhost:3001/_nuxt/@fs/home/meebuzo/github/alternate-framework/apps/ecosystem/meeovi-frontend/node_modules/@sentry/core/build/esm/instrument/console.js?v=ebf63685:42
[  339540ms] [WARNING] [Vue warn]: Avoid app logic that relies on enumerating keys on a component instance. The keys will be empty in production mode to avoid performance overhead. 
  at <VNavigationDrawer modelValue=undefined onUpdate:modelValue=fn location="right"  ... > 
  at <MenusTopmenuLayoutNotifications > 
  at <VCol class="notificationsHeader" > 
  at <VDefaultsProvider defaults= {VTabs: Object} > 
  at <VToolbar ref=Ref< Proxy(Object) > class="v-app-bar" style= {top: 0px, zIndex: 1014, transform: translateY(0px), position: fixed, height: undefined}  ... > 
  at <VAppBar id="topnav" > 
  at <MenusHeader drawer=false onToggleDrawer=fn > 
  at <ClientOnly > 
  at <VApp theme="light" class="auto-text" > 
  at <VResponsive class="border rounded" > 
  at <Default ref=Ref< Proxy(Object) > > 
  at <AsyncComponentWrapper ref=Ref< Proxy(Object) > > 
  at <LayoutLoader key="default" layoutProps= {ref: RefImpl} name="default" > 
  at <NuxtLayoutProvider layoutProps= {ref: RefImpl} key="default" name="default"  ... > 
  at <NuxtLayout > 
  at <App key=4 > 
  at <NuxtRoot> @ http://localhost:3001/_nuxt/@fs/home/meebuzo/github/alternate-framework/apps/ecosystem/meeovi-frontend/node_modules/@sentry/core/build/esm/instrument/console.js?v=ebf63685:42
[  339543ms] [WARNING] [Vue warn]: Avoid app logic that relies on enumerating keys on a component instance. The keys will be empty in production mode to avoid performance overhead. 
  at <VNavigationDrawer modelValue=undefined onUpdate:modelValue=fn location="right"  ... > 
  at <MenusTopmenuLayoutNotifications > 
  at <VCol class="notificationsHeader" > 
  at <VDefaultsProvider defaults= {VTabs: Object} > 
  at <VToolbar ref=Ref< Proxy(Object) > class="v-app-bar" style= {top: 0px, zIndex: 1014, transform: translateY(0px), position: fixed, height: undefined}  ... > 
  at <VAppBar id="topnav" > 
  at <MenusHeader drawer=false onToggleDrawer=fn > 
  at <ClientOnly > 
  at <VApp theme="light" class="auto-text" > 
  at <VResponsive class="border rounded" > 
  at <Default ref=Ref< Proxy(Object) > > 
  at <AsyncComponentWrapper ref=Ref< Proxy(Object) > > 
  at <LayoutLoader key="default" layoutProps= {ref: RefImpl} name="default" > 
  at <NuxtLayoutProvider layoutProps= {ref: RefImpl} key="default" name="default"  ... > 
  at <NuxtLayout > 
  at <App key=4 > 
  at <NuxtRoot> @ http://localhost:3001/_nuxt/@fs/home/meebuzo/github/alternate-framework/apps/ecosystem/meeovi-frontend/node_modules/@sentry/core/build/esm/instrument/console.js?v=ebf63685:42
[  339546ms] [WARNING] [Vue warn]: Avoid app logic that relies on enumerating keys on a component instance. The keys will be empty in production mode to avoid performance overhead. 
  at <VNavigationDrawer modelValue=undefined onUpdate:modelValue=fn location="right"  ... > 
  at <MenusTopmenuLayoutNotifications > 
  at <VCol class="notificationsHeader" > 
  at <VDefaultsProvider defaults= {VTabs: Object} > 
  at <VToolbar ref=Ref< Proxy(Object) > class="v-app-bar" style= {top: 0px, zIndex: 1014, transform: translateY(0px), position: fixed, height: undefined}  ... > 
  at <VAppBar id="topnav" > 
  at <MenusHeader drawer=false onToggleDrawer=fn > 
  at <ClientOnly > 
  at <VApp theme="light" class="auto-text" > 
  at <VResponsive class="border rounded" > 
  at <Default ref=Ref< Proxy(Object) > > 
  at <AsyncComponentWrapper ref=Ref< Proxy(Object) > > 
  at <LayoutLoader key="default" layoutProps= {ref: RefImpl} name="default" > 
  at <NuxtLayoutProvider layoutProps= {ref: RefImpl} key="default" name="default"  ... > 
  at <NuxtLayout > 
  at <App key=4 > 
  at <NuxtRoot> @ http://localhost:3001/_nuxt/@fs/home/meebuzo/github/alternate-framework/apps/ecosystem/meeovi-frontend/node_modules/@sentry/core/build/esm/instrument/console.js?v=ebf63685:42
[  339549ms] [WARNING] [Vue warn]: Avoid app logic that relies on enumerating keys on a component instance. The keys will be empty in production mode to avoid performance overhead. 
  at <VNavigationDrawer modelValue=undefined onUpdate:modelValue=fn location="right"  ... > 
  at <MenusTopmenuLayoutNotifications > 
  at <VCol class="notificationsHeader" > 
  at <VDefaultsProvider defaults= {VTabs: Object} > 
  at <VToolbar ref=Ref< Proxy(Object) > class="v-app-bar" style= {top: 0px, zIndex: 1014, transform: translateY(0px), position: fixed, height: undefined}  ... > 
  at <VAppBar id="topnav" > 
  at <MenusHeader drawer=false onToggleDrawer=fn > 
  at <ClientOnly > 
  at <VApp theme="light" class="auto-text" > 
  at <VResponsive class="border rounded" > 
  at <Default ref=Ref< Proxy(Object) > > 
  at <AsyncComponentWrapper ref=Ref< Proxy(Object) > > 
  at <LayoutLoader key="default" layoutProps= {ref: RefImpl} name="default" > 
  at <NuxtLayoutProvider layoutProps= {ref: RefImpl} key="default" name="default"  ... > 
  at <NuxtLayout > 
  at <App key=4 > 
  at <NuxtRoot> @ http://localhost:3001/_nuxt/@fs/home/meebuzo/github/alternate-framework/apps/ecosystem/meeovi-frontend/node_modules/@sentry/core/build/esm/instrument/console.js?v=ebf63685:42
[  339552ms] [WARNING] [Vue warn]: Avoid app logic that relies on enumerating keys on a component instance. The keys will be empty in production mode to avoid performance overhead. 
  at <VNavigationDrawer modelValue=undefined onUpdate:modelValue=fn location="right"  ... > 
  at <MenusTopmenuLayoutNotifications > 
  at <VCol class="notificationsHeader" > 
  at <VDefaultsProvider defaults= {VTabs: Object} > 
  at <VToolbar ref=Ref< Proxy(Object) > class="v-app-bar" style= {top: 0px, zIndex: 1014, transform: translateY(0px), position: fixed, height: undefined}  ... > 
  at <VAppBar id="topnav" > 
  at <MenusHeader drawer=false onToggleDrawer=fn > 
  at <ClientOnly > 
  at <VApp theme="light" class="auto-text" > 
  at <VResponsive class="border rounded" > 
  at <Default ref=Ref< Proxy(Object) > > 
  at <AsyncComponentWrapper ref=Ref< Proxy(Object) > > 
  at <LayoutLoader key="default" layoutProps= {ref: RefImpl} name="default" > 
  at <NuxtLayoutProvider layoutProps= {ref: RefImpl} key="default" name="default"  ... > 
  at <NuxtLayout > 
  at <App key=4 > 
  at <NuxtRoot> @ http://localhost:3001/_nuxt/@fs/home/meebuzo/github/alternate-framework/apps/ecosystem/meeovi-frontend/node_modules/@sentry/core/build/esm/instrument/console.js?v=ebf63685:42
[  339555ms] [WARNING] [Vue warn]: Avoid app logic that relies on enumerating keys on a component instance. The keys will be empty in production mode to avoid performance overhead. 
  at <VNavigationDrawer modelValue=undefined onUpdate:modelValue=fn location="right"  ... > 
  at <MenusTopmenuLayoutNotifications > 
  at <VCol class="notificationsHeader" > 
  at <VDefaultsProvider defaults= {VTabs: Object} > 
  at <VToolbar ref=Ref< Proxy(Object) > class="v-app-bar" style= {top: 0px, zIndex: 1014, transform: translateY(0px), position: fixed, height: undefined}  ... > 
  at <VAppBar id="topnav" > 
  at <MenusHeader drawer=false onToggleDrawer=fn > 
  at <ClientOnly > 
  at <VApp theme="light" class="auto-text" > 
  at <VResponsive class="border rounded" > 
  at <Default ref=Ref< Proxy(Object) > > 
  at <AsyncComponentWrapper ref=Ref< Proxy(Object) > > 
  at <LayoutLoader key="default" layoutProps= {ref: RefImpl} name="default" > 
  at <NuxtLayoutProvider layoutProps= {ref: RefImpl} key="default" name="default"  ... > 
  at <NuxtLayout > 
  at <App key=4 > 
  at <NuxtRoot> @ http://localhost:3001/_nuxt/@fs/home/meebuzo/github/alternate-framework/apps/ecosystem/meeovi-frontend/node_modules/@sentry/core/build/esm/instrument/console.js?v=ebf63685:42
[  339557ms] [WARNING] [Vue warn]: Avoid app logic that relies on enumerating keys on a component instance. The keys will be empty in production mode to avoid performance overhead. 
  at <VNavigationDrawer modelValue=undefined onUpdate:modelValue=fn location="right"  ... > 
  at <MenusTopmenuLayoutNotifications > 
  at <VCol class="notificationsHeader" > 
  at <VDefaultsProvider defaults= {VTabs: Object} > 
  at <VToolbar ref=Ref< Proxy(Object) > class="v-app-bar" style= {top: 0px, zIndex: 1014, transform: translateY(0px), position: fixed, height: undefined}  ... > 
  at <VAppBar id="topnav" > 
  at <MenusHeader drawer=false onToggleDrawer=fn > 
  at <ClientOnly > 
  at <VApp theme="light" class="auto-text" > 
  at <VResponsive class="border rounded" > 
  at <Default ref=Ref< Proxy(Object) > > 
  at <AsyncComponentWrapper ref=Ref< Proxy(Object) > > 
  at <LayoutLoader key="default" layoutProps= {ref: RefImpl} name="default" > 
  at <NuxtLayoutProvider layoutProps= {ref: RefImpl} key="default" name="default"  ... > 
  at <NuxtLayout > 
  at <App key=4 > 
  at <NuxtRoot> @ http://localhost:3001/_nuxt/@fs/home/meebuzo/github/alternate-framework/apps/ecosystem/meeovi-frontend/node_modules/@sentry/core/build/esm/instrument/console.js?v=ebf63685:42
[  339560ms] [WARNING] [Vue warn]: Avoid app logic that relies on enumerating keys on a component instance. The keys will be empty in production mode to avoid performance overhead. 
  at <VNavigationDrawer modelValue=undefined onUpdate:modelValue=fn location="right"  ... > 
  at <MenusTopmenuLayoutNotifications > 
  at <VCol class="notificationsHeader" > 
  at <VDefaultsProvider defaults= {VTabs: Object} > 
  at <VToolbar ref=Ref< Proxy(Object) > class="v-app-bar" style= {top: 0px, zIndex: 1014, transform: translateY(0px), position: fixed, height: undefined}  ... > 
  at <VAppBar id="topnav" > 
  at <MenusHeader drawer=false onToggleDrawer=fn > 
  at <ClientOnly > 
  at <VApp theme="light" class="auto-text" > 
  at <VResponsive class="border rounded" > 
  at <Default ref=Ref< Proxy(Object) > > 
  at <AsyncComponentWrapper ref=Ref< Proxy(Object) > > 
  at <LayoutLoader key="default" layoutProps= {ref: RefImpl} name="default" > 
  at <NuxtLayoutProvider layoutProps= {ref: RefImpl} key="default" name="default"  ... > 
  at <NuxtLayout > 
  at <App key=4 > 
  at <NuxtRoot> @ http://localhost:3001/_nuxt/@fs/home/meebuzo/github/alternate-framework/apps/ecosystem/meeovi-frontend/node_modules/@sentry/core/build/esm/instrument/console.js?v=ebf63685:42
[  339564ms] [WARNING] [Vue warn]: Avoid app logic that relies on enumerating keys on a component instance. The keys will be empty in production mode to avoid performance overhead. 
  at <VNavigationDrawer modelValue=undefined onUpdate:modelValue=fn location="right"  ... > 
  at <MenusTopmenuLayoutNotifications > 
  at <VCol class="notificationsHeader" > 
  at <VDefaultsProvider defaults= {VTabs: Object} > 
  at <VToolbar ref=Ref< Proxy(Object) > class="v-app-bar" style= {top: 0px, zIndex: 1014, transform: translateY(0px), position: fixed, height: undefined}  ... > 
  at <VAppBar id="topnav" > 
  at <MenusHeader drawer=false onToggleDrawer=fn > 
  at <ClientOnly > 
  at <VApp theme="light" class="auto-text" > 
  at <VResponsive class="border rounded" > 
  at <Default ref=Ref< Proxy(Object) > > 
  at <AsyncComponentWrapper ref=Ref< Proxy(Object) > > 
  at <LayoutLoader key="default" layoutProps= {ref: RefImpl} name="default" > 
  at <NuxtLayoutProvider layoutProps= {ref: RefImpl} key="default" name="default"  ... > 
  at <NuxtLayout > 
  at <App key=4 > 
  at <NuxtRoot> @ http://localhost:3001/_nuxt/@fs/home/meebuzo/github/alternate-framework/apps/ecosystem/meeovi-frontend/node_modules/@sentry/core/build/esm/instrument/console.js?v=ebf63685:42
[  339567ms] [WARNING] [Vue warn]: Avoid app logic that relies on enumerating keys on a component instance. The keys will be empty in production mode to avoid performance overhead. 
  at <VNavigationDrawer modelValue=undefined onUpdate:modelValue=fn location="right"  ... > 
  at <MenusTopmenuLayoutNotifications > 
  at <VCol class="notificationsHeader" > 
  at <VDefaultsProvider defaults= {VTabs: Object} > 
  at <VToolbar ref=Ref< Proxy(Object) > class="v-app-bar" style= {top: 0px, zIndex: 1014, transform: translateY(0px), position: fixed, height: undefined}  ... > 
  at <VAppBar id="topnav" > 
  at <MenusHeader drawer=false onToggleDrawer=fn > 
  at <ClientOnly > 
  at <VApp theme="light" class="auto-text" > 
  at <VResponsive class="border rounded" > 
  at <Default ref=Ref< Proxy(Object) > > 
  at <AsyncComponentWrapper ref=Ref< Proxy(Object) > > 
  at <LayoutLoader key="default" layoutProps= {ref: RefImpl} name="default" > 
  at <NuxtLayoutProvider layoutProps= {ref: RefImpl} key="default" name="default"  ... > 
  at <NuxtLayout > 
  at <App key=4 > 
  at <NuxtRoot> @ http://localhost:3001/_nuxt/@fs/home/meebuzo/github/alternate-framework/apps/ecosystem/meeovi-frontend/node_modules/@sentry/core/build/esm/instrument/console.js?v=ebf63685:42
[  339570ms] [WARNING] [Vue warn]: Avoid app logic that relies on enumerating keys on a component instance. The keys will be empty in production mode to avoid performance overhead. 
  at <VNavigationDrawer modelValue=undefined onUpdate:modelValue=fn location="right"  ... > 
  at <MenusTopmenuLayoutNotifications > 
  at <VCol class="notificationsHeader" > 
  at <VDefaultsProvider defaults= {VTabs: Object} > 
  at <VToolbar ref=Ref< Proxy(Object) > class="v-app-bar" style= {top: 0px, zIndex: 1014, transform: translateY(0px), position: fixed, height: undefined}  ... > 
  at <VAppBar id="topnav" > 
  at <MenusHeader drawer=false onToggleDrawer=fn > 
  at <ClientOnly > 
  at <VApp theme="light" class="auto-text" > 
  at <VResponsive class="border rounded" > 
  at <Default ref=Ref< Proxy(Object) > > 
  at <AsyncComponentWrapper ref=Ref< Proxy(Object) > > 
  at <LayoutLoader key="default" layoutProps= {ref: RefImpl} name="default" > 
  at <NuxtLayoutProvider layoutProps= {ref: RefImpl} key="default" name="default"  ... > 
  at <NuxtLayout > 
  at <App key=4 > 
  at <NuxtRoot> @ http://localhost:3001/_nuxt/@fs/home/meebuzo/github/alternate-framework/apps/ecosystem/meeovi-frontend/node_modules/@sentry/core/build/esm/instrument/console.js?v=ebf63685:42
[  339574ms] [WARNING] [Vue warn]: Avoid app logic that relies on enumerating keys on a component instance. The keys will be empty in production mode to avoid performance overhead. 
  at <VNavigationDrawer modelValue=undefined onUpdate:modelValue=fn location="right"  ... > 
  at <MenusTopmenuLayoutNotifications > 
  at <VCol class="notificationsHeader" > 
  at <VDefaultsProvider defaults= {VTabs: Object} > 
  at <VToolbar ref=Ref< Proxy(Object) > class="v-app-bar" style= {top: 0px, zIndex: 1014, transform: translateY(0px), position: fixed, height: undefined}  ... > 
  at <VAppBar id="topnav" > 
  at <MenusHeader drawer=false onToggleDrawer=fn > 
  at <ClientOnly > 
  at <VApp theme="light" class="auto-text" > 
  at <VResponsive class="border rounded" > 
  at <Default ref=Ref< Proxy(Object) > > 
  at <AsyncComponentWrapper ref=Ref< Proxy(Object) > > 
  at <LayoutLoader key="default" layoutProps= {ref: RefImpl} name="default" > 
  at <NuxtLayoutProvider layoutProps= {ref: RefImpl} key="default" name="default"  ... > 
  at <NuxtLayout > 
  at <App key=4 > 
  at <NuxtRoot> @ http://localhost:3001/_nuxt/@fs/home/meebuzo/github/alternate-framework/apps/ecosystem/meeovi-frontend/node_modules/@sentry/core/build/esm/instrument/console.js?v=ebf63685:42
[  339577ms] [WARNING] [Vue warn]: Avoid app logic that relies on enumerating keys on a component instance. The keys will be empty in production mode to avoid performance overhead. 
  at <VNavigationDrawer modelValue=undefined onUpdate:modelValue=fn location="right"  ... > 
  at <MenusTopmenuLayoutNotifications > 
  at <VCol class="notificationsHeader" > 
  at <VDefaultsProvider defaults= {VTabs: Object} > 
  at <VToolbar ref=Ref< Proxy(Object) > class="v-app-bar" style= {top: 0px, zIndex: 1014, transform: translateY(0px), position: fixed, height: undefined}  ... > 
  at <VAppBar id="topnav" > 
  at <MenusHeader drawer=false onToggleDrawer=fn > 
  at <ClientOnly > 
  at <VApp theme="light" class="auto-text" > 
  at <VResponsive class="border rounded" > 
  at <Default ref=Ref< Proxy(Object) > > 
  at <AsyncComponentWrapper ref=Ref< Proxy(Object) > > 
  at <LayoutLoader key="default" layoutProps= {ref: RefImpl} name="default" > 
  at <NuxtLayoutProvider layoutProps= {ref: RefImpl} key="default" name="default"  ... > 
  at <NuxtLayout > 
  at <App key=4 > 
  at <NuxtRoot> @ http://localhost:3001/_nuxt/@fs/home/meebuzo/github/alternate-framework/apps/ecosystem/meeovi-frontend/node_modules/@sentry/core/build/esm/instrument/console.js?v=ebf63685:42
[  339580ms] [WARNING] [Vue warn]: Avoid app logic that relies on enumerating keys on a component instance. The keys will be empty in production mode to avoid performance overhead. 
  at <VNavigationDrawer modelValue=undefined onUpdate:modelValue=fn location="right"  ... > 
  at <MenusTopmenuLayoutNotifications > 
  at <VCol class="notificationsHeader" > 
  at <VDefaultsProvider defaults= {VTabs: Object} > 
  at <VToolbar ref=Ref< Proxy(Object) > class="v-app-bar" style= {top: 0px, zIndex: 1014, transform: translateY(0px), position: fixed, height: undefined}  ... > 
  at <VAppBar id="topnav" > 
  at <MenusHeader drawer=false onToggleDrawer=fn > 
  at <ClientOnly > 
  at <VApp theme="light" class="auto-text" > 
  at <VResponsive class="border rounded" > 
  at <Default ref=Ref< Proxy(Object) > > 
  at <AsyncComponentWrapper ref=Ref< Proxy(Object) > > 
  at <LayoutLoader key="default" layoutProps= {ref: RefImpl} name="default" > 
  at <NuxtLayoutProvider layoutProps= {ref: RefImpl} key="default" name="default"  ... > 
  at <NuxtLayout > 
  at <App key=4 > 
  at <NuxtRoot> @ http://localhost:3001/_nuxt/@fs/home/meebuzo/github/alternate-framework/apps/ecosystem/meeovi-frontend/node_modules/@sentry/core/build/esm/instrument/console.js?v=ebf63685:42
[  339583ms] [WARNING] [Vue warn]: Avoid app logic that relies on enumerating keys on a component instance. The keys will be empty in production mode to avoid performance overhead. 
  at <VNavigationDrawer modelValue=undefined onUpdate:modelValue=fn location="right"  ... > 
  at <MenusTopmenuLayoutNotifications > 
  at <VCol class="notificationsHeader" > 
  at <VDefaultsProvider defaults= {VTabs: Object} > 
  at <VToolbar ref=Ref< Proxy(Object) > class="v-app-bar" style= {top: 0px, zIndex: 1014, transform: translateY(0px), position: fixed, height: undefined}  ... > 
  at <VAppBar id="topnav" > 
  at <MenusHeader drawer=false onToggleDrawer=fn > 
  at <ClientOnly > 
  at <VApp theme="light" class="auto-text" > 
  at <VResponsive class="border rounded" > 
  at <Default ref=Ref< Proxy(Object) > > 
  at <AsyncComponentWrapper ref=Ref< Proxy(Object) > > 
  at <LayoutLoader key="default" layoutProps= {ref: RefImpl} name="default" > 
  at <NuxtLayoutProvider layoutProps= {ref: RefImpl} key="default" name="default"  ... > 
  at <NuxtLayout > 
  at <App key=4 > 
  at <NuxtRoot> @ http://localhost:3001/_nuxt/@fs/home/meebuzo/github/alternate-framework/apps/ecosystem/meeovi-frontend/node_modules/@sentry/core/build/esm/instrument/console.js?v=ebf63685:42
[  339587ms] [WARNING] [Vue warn]: Avoid app logic that relies on enumerating keys on a component instance. The keys will be empty in production mode to avoid performance overhead. 
  at <VNavigationDrawer modelValue=undefined onUpdate:modelValue=fn location="right"  ... > 
  at <MenusTopmenuLayoutNotifications > 
  at <VCol class="notificationsHeader" > 
  at <VDefaultsProvider defaults= {VTabs: Object} > 
  at <VToolbar ref=Ref< Proxy(Object) > class="v-app-bar" style= {top: 0px, zIndex: 1014, transform: translateY(0px), position: fixed, height: undefined}  ... > 
  at <VAppBar id="topnav" > 
  at <MenusHeader drawer=false onToggleDrawer=fn > 
  at <ClientOnly > 
  at <VApp theme="light" class="auto-text" > 
  at <VResponsive class="border rounded" > 
  at <Default ref=Ref< Proxy(Object) > > 
  at <AsyncComponentWrapper ref=Ref< Proxy(Object) > > 
  at <LayoutLoader key="default" layoutProps= {ref: RefImpl} name="default" > 
  at <NuxtLayoutProvider layoutProps= {ref: RefImpl} key="default" name="default"  ... > 
  at <NuxtLayout > 
  at <App key=4 > 
  at <NuxtRoot> @ http://localhost:3001/_nuxt/@fs/home/meebuzo/github/alternate-framework/apps/ecosystem/meeovi-frontend/node_modules/@sentry/core/build/esm/instrument/console.js?v=ebf63685:42
[  339590ms] [WARNING] [Vue warn]: Avoid app logic that relies on enumerating keys on a component instance. The keys will be empty in production mode to avoid performance overhead. 
  at <VNavigationDrawer modelValue=undefined onUpdate:modelValue=fn location="right"  ... > 
  at <MenusTopmenuLayoutNotifications > 
  at <VCol class="notificationsHeader" > 
  at <VDefaultsProvider defaults= {VTabs: Object} > 
  at <VToolbar ref=Ref< Proxy(Object) > class="v-app-bar" style= {top: 0px, zIndex: 1014, transform: translateY(0px), position: fixed, height: undefined}  ... > 
  at <VAppBar id="topnav" > 
  at <MenusHeader drawer=false onToggleDrawer=fn > 
  at <ClientOnly > 
  at <VApp theme="light" class="auto-text" > 
  at <VResponsive class="border rounded" > 
  at <Default ref=Ref< Proxy(Object) > > 
  at <AsyncComponentWrapper ref=Ref< Proxy(Object) > > 
  at <LayoutLoader key="default" layoutProps= {ref: RefImpl} name="default" > 
  at <NuxtLayoutProvider layoutProps= {ref: RefImpl} key="default" name="default"  ... > 
  at <NuxtLayout > 
  at <App key=4 > 
  at <NuxtRoot> @ http://localhost:3001/_nuxt/@fs/home/meebuzo/github/alternate-framework/apps/ecosystem/meeovi-frontend/node_modules/@sentry/core/build/esm/instrument/console.js?v=ebf63685:42
[  339593ms] [WARNING] [Vue warn]: Avoid app logic that relies on enumerating keys on a component instance. The keys will be empty in production mode to avoid performance overhead. 
  at <VNavigationDrawer modelValue=undefined onUpdate:modelValue=fn location="right"  ... > 
  at <MenusTopmenuLayoutNotifications > 
  at <VCol class="notificationsHeader" > 
  at <VDefaultsProvider defaults= {VTabs: Object} > 
  at <VToolbar ref=Ref< Proxy(Object) > class="v-app-bar" style= {top: 0px, zIndex: 1014, transform: translateY(0px), position: fixed, height: undefined}  ... > 
  at <VAppBar id="topnav" > 
  at <MenusHeader drawer=false onToggleDrawer=fn > 
  at <ClientOnly > 
  at <VApp theme="light" class="auto-text" > 
  at <VResponsive class="border rounded" > 
  at <Default ref=Ref< Proxy(Object) > > 
  at <AsyncComponentWrapper ref=Ref< Proxy(Object) > > 
  at <LayoutLoader key="default" layoutProps= {ref: RefImpl} name="default" > 
  at <NuxtLayoutProvider layoutProps= {ref: RefImpl} key="default" name="default"  ... > 
  at <NuxtLayout > 
  at <App key=4 > 
  at <NuxtRoot> @ http://localhost:3001/_nuxt/@fs/home/meebuzo/github/alternate-framework/apps/ecosystem/meeovi-frontend/node_modules/@sentry/core/build/esm/instrument/console.js?v=ebf63685:42
[  339596ms] [WARNING] [Vue warn]: Avoid app logic that relies on enumerating keys on a component instance. The keys will be empty in production mode to avoid performance overhead. 
  at <VNavigationDrawer modelValue=undefined onUpdate:modelValue=fn location="right"  ... > 
  at <MenusTopmenuLayoutNotifications > 
  at <VCol class="notificationsHeader" > 
  at <VDefaultsProvider defaults= {VTabs: Object} > 
  at <VToolbar ref=Ref< Proxy(Object) > class="v-app-bar" style= {top: 0px, zIndex: 1014, transform: translateY(0px), position: fixed, height: undefined}  ... > 
  at <VAppBar id="topnav" > 
  at <MenusHeader drawer=false onToggleDrawer=fn > 
  at <ClientOnly > 
  at <VApp theme="light" class="auto-text" > 
  at <VResponsive class="border rounded" > 
  at <Default ref=Ref< Proxy(Object) > > 
  at <AsyncComponentWrapper ref=Ref< Proxy(Object) > > 
  at <LayoutLoader key="default" layoutProps= {ref: RefImpl} name="default" > 
  at <NuxtLayoutProvider layoutProps= {ref: RefImpl} key="default" name="default"  ... > 
  at <NuxtLayout > 
  at <App key=4 > 
  at <NuxtRoot> @ http://localhost:3001/_nuxt/@fs/home/meebuzo/github/alternate-framework/apps/ecosystem/meeovi-frontend/node_modules/@sentry/core/build/esm/instrument/console.js?v=ebf63685:42
[  339599ms] [WARNING] [Vue warn]: Avoid app logic that relies on enumerating keys on a component instance. The keys will be empty in production mode to avoid performance overhead. 
  at <VNavigationDrawer modelValue=undefined onUpdate:modelValue=fn location="right"  ... > 
  at <MenusTopmenuLayoutNotifications > 
  at <VCol class="notificationsHeader" > 
  at <VDefaultsProvider defaults= {VTabs: Object} > 
  at <VToolbar ref=Ref< Proxy(Object) > class="v-app-bar" style= {top: 0px, zIndex: 1014, transform: translateY(0px), position: fixed, height: undefined}  ... > 
  at <VAppBar id="topnav" > 
  at <MenusHeader drawer=false onToggleDrawer=fn > 
  at <ClientOnly > 
  at <VApp theme="light" class="auto-text" > 
  at <VResponsive class="border rounded" > 
  at <Default ref=Ref< Proxy(Object) > > 
  at <AsyncComponentWrapper ref=Ref< Proxy(Object) > > 
  at <LayoutLoader key="default" layoutProps= {ref: RefImpl} name="default" > 
  at <NuxtLayoutProvider layoutProps= {ref: RefImpl} key="default" name="default"  ... > 
  at <NuxtLayout > 
  at <App key=4 > 
  at <NuxtRoot> @ http://localhost:3001/_nuxt/@fs/home/meebuzo/github/alternate-framework/apps/ecosystem/meeovi-frontend/node_modules/@sentry/core/build/esm/instrument/console.js?v=ebf63685:42
[  339601ms] [WARNING] [Vue warn]: Avoid app logic that relies on enumerating keys on a component instance. The keys will be empty in production mode to avoid performance overhead. 
  at <VNavigationDrawer modelValue=undefined onUpdate:modelValue=fn location="right"  ... > 
  at <MenusTopmenuLayoutNotifications > 
  at <VCol class="notificationsHeader" > 
  at <VDefaultsProvider defaults= {VTabs: Object} > 
  at <VToolbar ref=Ref< Proxy(Object) > class="v-app-bar" style= {top: 0px, zIndex: 1014, transform: translateY(0px), position: fixed, height: undefined}  ... > 
  at <VAppBar id="topnav" > 
  at <MenusHeader drawer=false onToggleDrawer=fn > 
  at <ClientOnly > 
  at <VApp theme="light" class="auto-text" > 
  at <VResponsive class="border rounded" > 
  at <Default ref=Ref< Proxy(Object) > > 
  at <AsyncComponentWrapper ref=Ref< Proxy(Object) > > 
  at <LayoutLoader key="default" layoutProps= {ref: RefImpl} name="default" > 
  at <NuxtLayoutProvider layoutProps= {ref: RefImpl} key="default" name="default"  ... > 
  at <NuxtLayout > 
  at <App key=4 > 
  at <NuxtRoot> @ http://localhost:3001/_nuxt/@fs/home/meebuzo/github/alternate-framework/apps/ecosystem/meeovi-frontend/node_modules/@sentry/core/build/esm/instrument/console.js?v=ebf63685:42
[  339604ms] [WARNING] [Vue warn]: Avoid app logic that relies on enumerating keys on a component instance. The keys will be empty in production mode to avoid performance overhead. 
  at <VNavigationDrawer modelValue=undefined onUpdate:modelValue=fn location="right"  ... > 
  at <MenusTopmenuLayoutNotifications > 
  at <VCol class="notificationsHeader" > 
  at <VDefaultsProvider defaults= {VTabs: Object} > 
  at <VToolbar ref=Ref< Proxy(Object) > class="v-app-bar" style= {top: 0px, zIndex: 1014, transform: translateY(0px), position: fixed, height: undefined}  ... > 
  at <VAppBar id="topnav" > 
  at <MenusHeader drawer=false onToggleDrawer=fn > 
  at <ClientOnly > 
  at <VApp theme="light" class="auto-text" > 
  at <VResponsive class="border rounded" > 
  at <Default ref=Ref< Proxy(Object) > > 
  at <AsyncComponentWrapper ref=Ref< Proxy(Object) > > 
  at <LayoutLoader key="default" layoutProps= {ref: RefImpl} name="default" > 
  at <NuxtLayoutProvider layoutProps= {ref: RefImpl} key="default" name="default"  ... > 
  at <NuxtLayout > 
  at <App key=4 > 
  at <NuxtRoot> @ http://localhost:3001/_nuxt/@fs/home/meebuzo/github/alternate-framework/apps/ecosystem/meeovi-frontend/node_modules/@sentry/core/build/esm/instrument/console.js?v=ebf63685:42
[  339607ms] [WARNING] [Vue warn]: Avoid app logic that relies on enumerating keys on a component instance. The keys will be empty in production mode to avoid performance overhead. 
  at <VNavigationDrawer modelValue=undefined onUpdate:modelValue=fn location="right"  ... > 
  at <MenusTopmenuLayoutNotifications > 
  at <VCol class="notificationsHeader" > 
  at <VDefaultsProvider defaults= {VTabs: Object} > 
  at <VToolbar ref=Ref< Proxy(Object) > class="v-app-bar" style= {top: 0px, zIndex: 1014, transform: translateY(0px), position: fixed, height: undefined}  ... > 
  at <VAppBar id="topnav" > 
  at <MenusHeader drawer=false onToggleDrawer=fn > 
  at <ClientOnly > 
  at <VApp theme="light" class="auto-text" > 
  at <VResponsive class="border rounded" > 
  at <Default ref=Ref< Proxy(Object) > > 
  at <AsyncComponentWrapper ref=Ref< Proxy(Object) > > 
  at <LayoutLoader key="default" layoutProps= {ref: RefImpl} name="default" > 
  at <NuxtLayoutProvider layoutProps= {ref: RefImpl} key="default" name="default"  ... > 
  at <NuxtLayout > 
  at <App key=4 > 
  at <NuxtRoot> @ http://localhost:3001/_nuxt/@fs/home/meebuzo/github/alternate-framework/apps/ecosystem/meeovi-frontend/node_modules/@sentry/core/build/esm/instrument/console.js?v=ebf63685:42
[  339611ms] [WARNING] [Vue warn]: Avoid app logic that relies on enumerating keys on a component instance. The keys will be empty in production mode to avoid performance overhead. 
  at <VNavigationDrawer modelValue=undefined onUpdate:modelValue=fn location="right"  ... > 
  at <MenusTopmenuLayoutNotifications > 
  at <VCol class="notificationsHeader" > 
  at <VDefaultsProvider defaults= {VTabs: Object} > 
  at <VToolbar ref=Ref< Proxy(Object) > class="v-app-bar" style= {top: 0px, zIndex: 1014, transform: translateY(0px), position: fixed, height: undefined}  ... > 
  at <VAppBar id="topnav" > 
  at <MenusHeader drawer=false onToggleDrawer=fn > 
  at <ClientOnly > 
  at <VApp theme="light" class="auto-text" > 
  at <VResponsive class="border rounded" > 
  at <Default ref=Ref< Proxy(Object) > > 
  at <AsyncComponentWrapper ref=Ref< Proxy(Object) > > 
  at <LayoutLoader key="default" layoutProps= {ref: RefImpl} name="default" > 
  at <NuxtLayoutProvider layoutProps= {ref: RefImpl} key="default" name="default"  ... > 
  at <NuxtLayout > 
  at <App key=4 > 
  at <NuxtRoot> @ http://localhost:3001/_nuxt/@fs/home/meebuzo/github/alternate-framework/apps/ecosystem/meeovi-frontend/node_modules/@sentry/core/build/esm/instrument/console.js?v=ebf63685:42
[  339613ms] [WARNING] [Vue warn]: Avoid app logic that relies on enumerating keys on a component instance. The keys will be empty in production mode to avoid performance overhead. 
  at <VNavigationDrawer modelValue=undefined onUpdate:modelValue=fn location="right"  ... > 
  at <MenusTopmenuLayoutNotifications > 
  at <VCol class="notificationsHeader" > 
  at <VDefaultsProvider defaults= {VTabs: Object} > 
  at <VToolbar ref=Ref< Proxy(Object) > class="v-app-bar" style= {top: 0px, zIndex: 1014, transform: translateY(0px), position: fixed, height: undefined}  ... > 
  at <VAppBar id="topnav" > 
  at <MenusHeader drawer=false onToggleDrawer=fn > 
  at <ClientOnly > 
  at <VApp theme="light" class="auto-text" > 
  at <VResponsive class="border rounded" > 
  at <Default ref=Ref< Proxy(Object) > > 
  at <AsyncComponentWrapper ref=Ref< Proxy(Object) > > 
  at <LayoutLoader key="default" layoutProps= {ref: RefImpl} name="default" > 
  at <NuxtLayoutProvider layoutProps= {ref: RefImpl} key="default" name="default"  ... > 
  at <NuxtLayout > 
  at <App key=4 > 
  at <NuxtRoot> @ http://localhost:3001/_nuxt/@fs/home/meebuzo/github/alternate-framework/apps/ecosystem/meeovi-frontend/node_modules/@sentry/core/build/esm/instrument/console.js?v=ebf63685:42
[  339616ms] [WARNING] [Vue warn]: Avoid app logic that relies on enumerating keys on a component instance. The keys will be empty in production mode to avoid performance overhead. 
  at <VNavigationDrawer modelValue=undefined onUpdate:modelValue=fn location="right"  ... > 
  at <MenusTopmenuLayoutNotifications > 
  at <VCol class="notificationsHeader" > 
  at <VDefaultsProvider defaults= {VTabs: Object} > 
  at <VToolbar ref=Ref< Proxy(Object) > class="v-app-bar" style= {top: 0px, zIndex: 1014, transform: translateY(0px), position: fixed, height: undefined}  ... > 
  at <VAppBar id="topnav" > 
  at <MenusHeader drawer=false onToggleDrawer=fn > 
  at <ClientOnly > 
  at <VApp theme="light" class="auto-text" > 
  at <VResponsive class="border rounded" > 
  at <Default ref=Ref< Proxy(Object) > > 
  at <AsyncComponentWrapper ref=Ref< Proxy(Object) > > 
  at <LayoutLoader key="default" layoutProps= {ref: RefImpl} name="default" > 
  at <NuxtLayoutProvider layoutProps= {ref: RefImpl} key="default" name="default"  ... > 
  at <NuxtLayout > 
  at <App key=4 > 
  at <NuxtRoot> @ http://localhost:3001/_nuxt/@fs/home/meebuzo/github/alternate-framework/apps/ecosystem/meeovi-frontend/node_modules/@sentry/core/build/esm/instrument/console.js?v=ebf63685:42
[  339619ms] [WARNING] [Vue warn]: Avoid app logic that relies on enumerating keys on a component instance. The keys will be empty in production mode to avoid performance overhead. 
  at <VNavigationDrawer modelValue=undefined onUpdate:modelValue=fn location="right"  ... > 
  at <MenusTopmenuLayoutNotifications > 
  at <VCol class="notificationsHeader" > 
  at <VDefaultsProvider defaults= {VTabs: Object} > 
  at <VToolbar ref=Ref< Proxy(Object) > class="v-app-bar" style= {top: 0px, zIndex: 1014, transform: translateY(0px), position: fixed, height: undefined}  ... > 
  at <VAppBar id="topnav" > 
  at <MenusHeader drawer=false onToggleDrawer=fn > 
  at <ClientOnly > 
  at <VApp theme="light" class="auto-text" > 
  at <VResponsive class="border rounded" > 
  at <Default ref=Ref< Proxy(Object) > > 
  at <AsyncComponentWrapper ref=Ref< Proxy(Object) > > 
  at <LayoutLoader key="default" layoutProps= {ref: RefImpl} name="default" > 
  at <NuxtLayoutProvider layoutProps= {ref: RefImpl} key="default" name="default"  ... > 
  at <NuxtLayout > 
  at <App key=4 > 
  at <NuxtRoot> @ http://localhost:3001/_nuxt/@fs/home/meebuzo/github/alternate-framework/apps/ecosystem/meeovi-frontend/node_modules/@sentry/core/build/esm/instrument/console.js?v=ebf63685:42
[  339623ms] [WARNING] [Vue warn]: Avoid app logic that relies on enumerating keys on a component instance. The keys will be empty in production mode to avoid performance overhead. 
  at <VNavigationDrawer modelValue=undefined onUpdate:modelValue=fn location="right"  ... > 
  at <MenusTopmenuLayoutNotifications > 
  at <VCol class="notificationsHeader" > 
  at <VDefaultsProvider defaults= {VTabs: Object} > 
  at <VToolbar ref=Ref< Proxy(Object) > class="v-app-bar" style= {top: 0px, zIndex: 1014, transform: translateY(0px), position: fixed, height: undefined}  ... > 
  at <VAppBar id="topnav" > 
  at <MenusHeader drawer=false onToggleDrawer=fn > 
  at <ClientOnly > 
  at <VApp theme="light" class="auto-text" > 
  at <VResponsive class="border rounded" > 
  at <Default ref=Ref< Proxy(Object) > > 
  at <AsyncComponentWrapper ref=Ref< Proxy(Object) > > 
  at <LayoutLoader key="default" layoutProps= {ref: RefImpl} name="default" > 
  at <NuxtLayoutProvider layoutProps= {ref: RefImpl} key="default" name="default"  ... > 
  at <NuxtLayout > 
  at <App key=4 > 
  at <NuxtRoot> @ http://localhost:3001/_nuxt/@fs/home/meebuzo/github/alternate-framework/apps/ecosystem/meeovi-frontend/node_modules/@sentry/core/build/esm/instrument/console.js?v=ebf63685:42
[  339627ms] [WARNING] [Vue warn]: Avoid app logic that relies on enumerating keys on a component instance. The keys will be empty in production mode to avoid performance overhead. 
  at <VNavigationDrawer modelValue=undefined onUpdate:modelValue=fn location="right"  ... > 
  at <MenusTopmenuLayoutNotifications > 
  at <VCol class="notificationsHeader" > 
  at <VDefaultsProvider defaults= {VTabs: Object} > 
  at <VToolbar ref=Ref< Proxy(Object) > class="v-app-bar" style= {top: 0px, zIndex: 1014, transform: translateY(0px), position: fixed, height: undefined}  ... > 
  at <VAppBar id="topnav" > 
  at <MenusHeader drawer=false onToggleDrawer=fn > 
  at <ClientOnly > 
  at <VApp theme="light" class="auto-text" > 
  at <VResponsive class="border rounded" > 
  at <Default ref=Ref< Proxy(Object) > > 
  at <AsyncComponentWrapper ref=Ref< Proxy(Object) > > 
  at <LayoutLoader key="default" layoutProps= {ref: RefImpl} name="default" > 
  at <NuxtLayoutProvider layoutProps= {ref: RefImpl} key="default" name="default"  ... > 
  at <NuxtLayout > 
  at <App key=4 > 
  at <NuxtRoot> @ http://localhost:3001/_nuxt/@fs/home/meebuzo/github/alternate-framework/apps/ecosystem/meeovi-frontend/node_modules/@sentry/core/build/esm/instrument/console.js?v=ebf63685:42
[  339632ms] [WARNING] [Vue warn]: Avoid app logic that relies on enumerating keys on a component instance. The keys will be empty in production mode to avoid performance overhead. 
  at <VNavigationDrawer modelValue=undefined onUpdate:modelValue=fn location="right"  ... > 
  at <MenusTopmenuLayoutNotifications > 
  at <VCol class="notificationsHeader" > 
  at <VDefaultsProvider defaults= {VTabs: Object} > 
  at <VToolbar ref=Ref< Proxy(Object) > class="v-app-bar" style= {top: 0px, zIndex: 1014, transform: translateY(0px), position: fixed, height: undefined}  ... > 
  at <VAppBar id="topnav" > 
  at <MenusHeader drawer=false onToggleDrawer=fn > 
  at <ClientOnly > 
  at <VApp theme="light" class="auto-text" > 
  at <VResponsive class="border rounded" > 
  at <Default ref=Ref< Proxy(Object) > > 
  at <AsyncComponentWrapper ref=Ref< Proxy(Object) > > 
  at <LayoutLoader key="default" layoutProps= {ref: RefImpl} name="default" > 
  at <NuxtLayoutProvider layoutProps= {ref: RefImpl} key="default" name="default"  ... > 
  at <NuxtLayout > 
  at <App key=4 > 
  at <NuxtRoot> @ http://localhost:3001/_nuxt/@fs/home/meebuzo/github/alternate-framework/apps/ecosystem/meeovi-frontend/node_modules/@sentry/core/build/esm/instrument/console.js?v=ebf63685:42
[  339637ms] [WARNING] [Vue warn]: Avoid app logic that relies on enumerating keys on a component instance. The keys will be empty in production mode to avoid performance overhead. 
  at <VNavigationDrawer modelValue=undefined onUpdate:modelValue=fn location="right"  ... > 
  at <MenusTopmenuLayoutNotifications > 
  at <VCol class="notificationsHeader" > 
  at <VDefaultsProvider defaults= {VTabs: Object} > 
  at <VToolbar ref=Ref< Proxy(Object) > class="v-app-bar" style= {top: 0px, zIndex: 1014, transform: translateY(0px), position: fixed, height: undefined}  ... > 
  at <VAppBar id="topnav" > 
  at <MenusHeader drawer=false onToggleDrawer=fn > 
  at <ClientOnly > 
  at <VApp theme="light" class="auto-text" > 
  at <VResponsive class="border rounded" > 
  at <Default ref=Ref< Proxy(Object) > > 
  at <AsyncComponentWrapper ref=Ref< Proxy(Object) > > 
  at <LayoutLoader key="default" layoutProps= {ref: RefImpl} name="default" > 
  at <NuxtLayoutProvider layoutProps= {ref: RefImpl} key="default" name="default"  ... > 
  at <NuxtLayout > 
  at <App key=4 > 
  at <NuxtRoot> @ http://localhost:3001/_nuxt/@fs/home/meebuzo/github/alternate-framework/apps/ecosystem/meeovi-frontend/node_modules/@sentry/core/build/esm/instrument/console.js?v=ebf63685:42
[  339641ms] [WARNING] [Vue warn]: Avoid app logic that relies on enumerating keys on a component instance. The keys will be empty in production mode to avoid performance overhead. 
  at <VNavigationDrawer modelValue=undefined onUpdate:modelValue=fn location="right"  ... > 
  at <MenusTopmenuLayoutNotifications > 
  at <VCol class="notificationsHeader" > 
  at <VDefaultsProvider defaults= {VTabs: Object} > 
  at <VToolbar ref=Ref< Proxy(Object) > class="v-app-bar" style= {top: 0px, zIndex: 1014, transform: translateY(0px), position: fixed, height: undefined}  ... > 
  at <VAppBar id="topnav" > 
  at <MenusHeader drawer=false onToggleDrawer=fn > 
  at <ClientOnly > 
  at <VApp theme="light" class="auto-text" > 
  at <VResponsive class="border rounded" > 
  at <Default ref=Ref< Proxy(Object) > > 
  at <AsyncComponentWrapper ref=Ref< Proxy(Object) > > 
  at <LayoutLoader key="default" layoutProps= {ref: RefImpl} name="default" > 
  at <NuxtLayoutProvider layoutProps= {ref: RefImpl} key="default" name="default"  ... > 
  at <NuxtLayout > 
  at <App key=4 > 
  at <NuxtRoot> @ http://localhost:3001/_nuxt/@fs/home/meebuzo/github/alternate-framework/apps/ecosystem/meeovi-frontend/node_modules/@sentry/core/build/esm/instrument/console.js?v=ebf63685:42
[  339646ms] [WARNING] [Vue warn]: Avoid app logic that relies on enumerating keys on a component instance. The keys will be empty in production mode to avoid performance overhead. 
  at <VNavigationDrawer modelValue=undefined onUpdate:modelValue=fn location="right"  ... > 
  at <MenusTopmenuLayoutNotifications > 
  at <VCol class="notificationsHeader" > 
  at <VDefaultsProvider defaults= {VTabs: Object} > 
  at <VToolbar ref=Ref< Proxy(Object) > class="v-app-bar" style= {top: 0px, zIndex: 1014, transform: translateY(0px), position: fixed, height: undefined}  ... > 
  at <VAppBar id="topnav" > 
  at <MenusHeader drawer=false onToggleDrawer=fn > 
  at <ClientOnly > 
  at <VApp theme="light" class="auto-text" > 
  at <VResponsive class="border rounded" > 
  at <Default ref=Ref< Proxy(Object) > > 
  at <AsyncComponentWrapper ref=Ref< Proxy(Object) > > 
  at <LayoutLoader key="default" layoutProps= {ref: RefImpl} name="default" > 
  at <NuxtLayoutProvider layoutProps= {ref: RefImpl} key="default" name="default"  ... > 
  at <NuxtLayout > 
  at <App key=4 > 
  at <NuxtRoot> @ http://localhost:3001/_nuxt/@fs/home/meebuzo/github/alternate-framework/apps/ecosystem/meeovi-frontend/node_modules/@sentry/core/build/esm/instrument/console.js?v=ebf63685:42
[  339651ms] [WARNING] [Vue warn]: Avoid app logic that relies on enumerating keys on a component instance. The keys will be empty in production mode to avoid performance overhead. 
  at <VNavigationDrawer modelValue=undefined onUpdate:modelValue=fn location="right"  ... > 
  at <MenusTopmenuLayoutNotifications > 
  at <VCol class="notificationsHeader" > 
  at <VDefaultsProvider defaults= {VTabs: Object} > 
  at <VToolbar ref=Ref< Proxy(Object) > class="v-app-bar" style= {top: 0px, zIndex: 1014, transform: translateY(0px), position: fixed, height: undefined}  ... > 
  at <VAppBar id="topnav" > 
  at <MenusHeader drawer=false onToggleDrawer=fn > 
  at <ClientOnly > 
  at <VApp theme="light" class="auto-text" > 
  at <VResponsive class="border rounded" > 
  at <Default ref=Ref< Proxy(Object) > > 
  at <AsyncComponentWrapper ref=Ref< Proxy(Object) > > 
  at <LayoutLoader key="default" layoutProps= {ref: RefImpl} name="default" > 
  at <NuxtLayoutProvider layoutProps= {ref: RefImpl} key="default" name="default"  ... > 
  at <NuxtLayout > 
  at <App key=4 > 
  at <NuxtRoot> @ http://localhost:3001/_nuxt/@fs/home/meebuzo/github/alternate-framework/apps/ecosystem/meeovi-frontend/node_modules/@sentry/core/build/esm/instrument/console.js?v=ebf63685:42
[  339655ms] [WARNING] [Vue warn]: Avoid app logic that relies on enumerating keys on a component instance. The keys will be empty in production mode to avoid performance overhead. 
  at <VNavigationDrawer modelValue=undefined onUpdate:modelValue=fn location="right"  ... > 
  at <MenusTopmenuLayoutNotifications > 
  at <VCol class="notificationsHeader" > 
  at <VDefaultsProvider defaults= {VTabs: Object} > 
  at <VToolbar ref=Ref< Proxy(Object) > class="v-app-bar" style= {top: 0px, zIndex: 1014, transform: translateY(0px), position: fixed, height: undefined}  ... > 
  at <VAppBar id="topnav" > 
  at <MenusHeader drawer=false onToggleDrawer=fn > 
  at <ClientOnly > 
  at <VApp theme="light" class="auto-text" > 
  at <VResponsive class="border rounded" > 
  at <Default ref=Ref< Proxy(Object) > > 
  at <AsyncComponentWrapper ref=Ref< Proxy(Object) > > 
  at <LayoutLoader key="default" layoutProps= {ref: RefImpl} name="default" > 
  at <NuxtLayoutProvider layoutProps= {ref: RefImpl} key="default" name="default"  ... > 
  at <NuxtLayout > 
  at <App key=4 > 
  at <NuxtRoot> @ http://localhost:3001/_nuxt/@fs/home/meebuzo/github/alternate-framework/apps/ecosystem/meeovi-frontend/node_modules/@sentry/core/build/esm/instrument/console.js?v=ebf63685:42
[  339660ms] [WARNING] [Vue warn]: Avoid app logic that relies on enumerating keys on a component instance. The keys will be empty in production mode to avoid performance overhead. 
  at <VNavigationDrawer modelValue=undefined onUpdate:modelValue=fn location="right"  ... > 
  at <MenusTopmenuLayoutNotifications > 
  at <VCol class="notificationsHeader" > 
  at <VDefaultsProvider defaults= {VTabs: Object} > 
  at <VToolbar ref=Ref< Proxy(Object) > class="v-app-bar" style= {top: 0px, zIndex: 1014, transform: translateY(0px), position: fixed, height: undefined}  ... > 
  at <VAppBar id="topnav" > 
  at <MenusHeader drawer=false onToggleDrawer=fn > 
  at <ClientOnly > 
  at <VApp theme="light" class="auto-text" > 
  at <VResponsive class="border rounded" > 
  at <Default ref=Ref< Proxy(Object) > > 
  at <AsyncComponentWrapper ref=Ref< Proxy(Object) > > 
  at <LayoutLoader key="default" layoutProps= {ref: RefImpl} name="default" > 
  at <NuxtLayoutProvider layoutProps= {ref: RefImpl} key="default" name="default"  ... > 
  at <NuxtLayout > 
  at <App key=4 > 
  at <NuxtRoot> @ http://localhost:3001/_nuxt/@fs/home/meebuzo/github/alternate-framework/apps/ecosystem/meeovi-frontend/node_modules/@sentry/core/build/esm/instrument/console.js?v=ebf63685:42
[  339665ms] [WARNING] [Vue warn]: Avoid app logic that relies on enumerating keys on a component instance. The keys will be empty in production mode to avoid performance overhead. 
  at <VNavigationDrawer modelValue=undefined onUpdate:modelValue=fn location="right"  ... > 
  at <MenusTopmenuLayoutNotifications > 
  at <VCol class="notificationsHeader" > 
  at <VDefaultsProvider defaults= {VTabs: Object} > 
  at <VToolbar ref=Ref< Proxy(Object) > class="v-app-bar" style= {top: 0px, zIndex: 1014, transform: translateY(0px), position: fixed, height: undefined}  ... > 
  at <VAppBar id="topnav" > 
  at <MenusHeader drawer=false onToggleDrawer=fn > 
  at <ClientOnly > 
  at <VApp theme="light" class="auto-text" > 
  at <VResponsive class="border rounded" > 
  at <Default ref=Ref< Proxy(Object) > > 
  at <AsyncComponentWrapper ref=Ref< Proxy(Object) > > 
  at <LayoutLoader key="default" layoutProps= {ref: RefImpl} name="default" > 
  at <NuxtLayoutProvider layoutProps= {ref: RefImpl} key="default" name="default"  ... > 
  at <NuxtLayout > 
  at <App key=4 > 
  at <NuxtRoot> @ http://localhost:3001/_nuxt/@fs/home/meebuzo/github/alternate-framework/apps/ecosystem/meeovi-frontend/node_modules/@sentry/core/build/esm/instrument/console.js?v=ebf63685:42
[  339669ms] [WARNING] [Vue warn]: Avoid app logic that relies on enumerating keys on a component instance. The keys will be empty in production mode to avoid performance overhead. 
  at <VNavigationDrawer modelValue=undefined onUpdate:modelValue=fn location="right"  ... > 
  at <MenusTopmenuLayoutNotifications > 
  at <VCol class="notificationsHeader" > 
  at <VDefaultsProvider defaults= {VTabs: Object} > 
  at <VToolbar ref=Ref< Proxy(Object) > class="v-app-bar" style= {top: 0px, zIndex: 1014, transform: translateY(0px), position: fixed, height: undefined}  ... > 
  at <VAppBar id="topnav" > 
  at <MenusHeader drawer=false onToggleDrawer=fn > 
  at <ClientOnly > 
  at <VApp theme="light" class="auto-text" > 
  at <VResponsive class="border rounded" > 
  at <Default ref=Ref< Proxy(Object) > > 
  at <AsyncComponentWrapper ref=Ref< Proxy(Object) > > 
  at <LayoutLoader key="default" layoutProps= {ref: RefImpl} name="default" > 
  at <NuxtLayoutProvider layoutProps= {ref: RefImpl} key="default" name="default"  ... > 
  at <NuxtLayout > 
  at <App key=4 > 
  at <NuxtRoot> @ http://localhost:3001/_nuxt/@fs/home/meebuzo/github/alternate-framework/apps/ecosystem/meeovi-frontend/node_modules/@sentry/core/build/esm/instrument/console.js?v=ebf63685:42
[  339674ms] [WARNING] [Vue warn]: Avoid app logic that relies on enumerating keys on a component instance. The keys will be empty in production mode to avoid performance overhead. 
  at <VNavigationDrawer modelValue=undefined onUpdate:modelValue=fn location="right"  ... > 
  at <MenusTopmenuLayoutNotifications > 
  at <VCol class="notificationsHeader" > 
  at <VDefaultsProvider defaults= {VTabs: Object} > 
  at <VToolbar ref=Ref< Proxy(Object) > class="v-app-bar" style= {top: 0px, zIndex: 1014, transform: translateY(0px), position: fixed, height: undefined}  ... > 
  at <VAppBar id="topnav" > 
  at <MenusHeader drawer=false onToggleDrawer=fn > 
  at <ClientOnly > 
  at <VApp theme="light" class="auto-text" > 
  at <VResponsive class="border rounded" > 
  at <Default ref=Ref< Proxy(Object) > > 
  at <AsyncComponentWrapper ref=Ref< Proxy(Object) > > 
  at <LayoutLoader key="default" layoutProps= {ref: RefImpl} name="default" > 
  at <NuxtLayoutProvider layoutProps= {ref: RefImpl} key="default" name="default"  ... > 
  at <NuxtLayout > 
  at <App key=4 > 
  at <NuxtRoot> @ http://localhost:3001/_nuxt/@fs/home/meebuzo/github/alternate-framework/apps/ecosystem/meeovi-frontend/node_modules/@sentry/core/build/esm/instrument/console.js?v=ebf63685:42
[  339679ms] [WARNING] [Vue warn]: Avoid app logic that relies on enumerating keys on a component instance. The keys will be empty in production mode to avoid performance overhead. 
  at <VNavigationDrawer modelValue=undefined onUpdate:modelValue=fn location="right"  ... > 
  at <MenusTopmenuLayoutNotifications > 
  at <VCol class="notificationsHeader" > 
  at <VDefaultsProvider defaults= {VTabs: Object} > 
  at <VToolbar ref=Ref< Proxy(Object) > class="v-app-bar" style= {top: 0px, zIndex: 1014, transform: translateY(0px), position: fixed, height: undefined}  ... > 
  at <VAppBar id="topnav" > 
  at <MenusHeader drawer=false onToggleDrawer=fn > 
  at <ClientOnly > 
  at <VApp theme="light" class="auto-text" > 
  at <VResponsive class="border rounded" > 
  at <Default ref=Ref< Proxy(Object) > > 
  at <AsyncComponentWrapper ref=Ref< Proxy(Object) > > 
  at <LayoutLoader key="default" layoutProps= {ref: RefImpl} name="default" > 
  at <NuxtLayoutProvider layoutProps= {ref: RefImpl} key="default" name="default"  ... > 
  at <NuxtLayout > 
  at <App key=4 > 
  at <NuxtRoot> @ http://localhost:3001/_nuxt/@fs/home/meebuzo/github/alternate-framework/apps/ecosystem/meeovi-frontend/node_modules/@sentry/core/build/esm/instrument/console.js?v=ebf63685:42
[  339684ms] [WARNING] [Vue warn]: Avoid app logic that relies on enumerating keys on a component instance. The keys will be empty in production mode to avoid performance overhead. 
  at <VNavigationDrawer modelValue=undefined onUpdate:modelValue=fn location="right"  ... > 
  at <MenusTopmenuLayoutNotifications > 
  at <VCol class="notificationsHeader" > 
  at <VDefaultsProvider defaults= {VTabs: Object} > 
  at <VToolbar ref=Ref< Proxy(Object) > class="v-app-bar" style= {top: 0px, zIndex: 1014, transform: translateY(0px), position: fixed, height: undefined}  ... > 
  at <VAppBar id="topnav" > 
  at <MenusHeader drawer=false onToggleDrawer=fn > 
  at <ClientOnly > 
  at <VApp theme="light" class="auto-text" > 
  at <VResponsive class="border rounded" > 
  at <Default ref=Ref< Proxy(Object) > > 
  at <AsyncComponentWrapper ref=Ref< Proxy(Object) > > 
  at <LayoutLoader key="default" layoutProps= {ref: RefImpl} name="default" > 
  at <NuxtLayoutProvider layoutProps= {ref: RefImpl} key="default" name="default"  ... > 
  at <NuxtLayout > 
  at <App key=4 > 
  at <NuxtRoot> @ http://localhost:3001/_nuxt/@fs/home/meebuzo/github/alternate-framework/apps/ecosystem/meeovi-frontend/node_modules/@sentry/core/build/esm/instrument/console.js?v=ebf63685:42
[  339688ms] [WARNING] [Vue warn]: Avoid app logic that relies on enumerating keys on a component instance. The keys will be empty in production mode to avoid performance overhead. 
  at <VNavigationDrawer modelValue=undefined onUpdate:modelValue=fn location="right"  ... > 
  at <MenusTopmenuLayoutNotifications > 
  at <VCol class="notificationsHeader" > 
  at <VDefaultsProvider defaults= {VTabs: Object} > 
  at <VToolbar ref=Ref< Proxy(Object) > class="v-app-bar" style= {top: 0px, zIndex: 1014, transform: translateY(0px), position: fixed, height: undefined}  ... > 
  at <VAppBar id="topnav" > 
  at <MenusHeader drawer=false onToggleDrawer=fn > 
  at <ClientOnly > 
  at <VApp theme="light" class="auto-text" > 
  at <VResponsive class="border rounded" > 
  at <Default ref=Ref< Proxy(Object) > > 
  at <AsyncComponentWrapper ref=Ref< Proxy(Object) > > 
  at <LayoutLoader key="default" layoutProps= {ref: RefImpl} name="default" > 
  at <NuxtLayoutProvider layoutProps= {ref: RefImpl} key="default" name="default"  ... > 
  at <NuxtLayout > 
  at <App key=4 > 
  at <NuxtRoot> @ http://localhost:3001/_nuxt/@fs/home/meebuzo/github/alternate-framework/apps/ecosystem/meeovi-frontend/node_modules/@sentry/core/build/esm/instrument/console.js?v=ebf63685:42
[  339693ms] [WARNING] [Vue warn]: Avoid app logic that relies on enumerating keys on a component instance. The keys will be empty in production mode to avoid performance overhead. 
  at <VNavigationDrawer modelValue=undefined onUpdate:modelValue=fn location="right"  ... > 
  at <MenusTopmenuLayoutNotifications > 
  at <VCol class="notificationsHeader" > 
  at <VDefaultsProvider defaults= {VTabs: Object} > 
  at <VToolbar ref=Ref< Proxy(Object) > class="v-app-bar" style= {top: 0px, zIndex: 1014, transform: translateY(0px), position: fixed, height: undefined}  ... > 
  at <VAppBar id="topnav" > 
  at <MenusHeader drawer=false onToggleDrawer=fn > 
  at <ClientOnly > 
  at <VApp theme="light" class="auto-text" > 
  at <VResponsive class="border rounded" > 
  at <Default ref=Ref< Proxy(Object) > > 
  at <AsyncComponentWrapper ref=Ref< Proxy(Object) > > 
  at <LayoutLoader key="default" layoutProps= {ref: RefImpl} name="default" > 
  at <NuxtLayoutProvider layoutProps= {ref: RefImpl} key="default" name="default"  ... > 
  at <NuxtLayout > 
  at <App key=4 > 
  at <NuxtRoot> @ http://localhost:3001/_nuxt/@fs/home/meebuzo/github/alternate-framework/apps/ecosystem/meeovi-frontend/node_modules/@sentry/core/build/esm/instrument/console.js?v=ebf63685:42
[  339698ms] [WARNING] [Vue warn]: Avoid app logic that relies on enumerating keys on a component instance. The keys will be empty in production mode to avoid performance overhead. 
  at <VNavigationDrawer modelValue=undefined onUpdate:modelValue=fn location="right"  ... > 
  at <MenusTopmenuLayoutNotifications > 
  at <VCol class="notificationsHeader" > 
  at <VDefaultsProvider defaults= {VTabs: Object} > 
  at <VToolbar ref=Ref< Proxy(Object) > class="v-app-bar" style= {top: 0px, zIndex: 1014, transform: translateY(0px), position: fixed, height: undefined}  ... > 
  at <VAppBar id="topnav" > 
  at <MenusHeader drawer=false onToggleDrawer=fn > 
  at <ClientOnly > 
  at <VApp theme="light" class="auto-text" > 
  at <VResponsive class="border rounded" > 
  at <Default ref=Ref< Proxy(Object) > > 
  at <AsyncComponentWrapper ref=Ref< Proxy(Object) > > 
  at <LayoutLoader key="default" layoutProps= {ref: RefImpl} name="default" > 
  at <NuxtLayoutProvider layoutProps= {ref: RefImpl} key="default" name="default"  ... > 
  at <NuxtLayout > 
  at <App key=4 > 
  at <NuxtRoot> @ http://localhost:3001/_nuxt/@fs/home/meebuzo/github/alternate-framework/apps/ecosystem/meeovi-frontend/node_modules/@sentry/core/build/esm/instrument/console.js?v=ebf63685:42
[  339703ms] [WARNING] [Vue warn]: Avoid app logic that relies on enumerating keys on a component instance. The keys will be empty in production mode to avoid performance overhead. 
  at <VNavigationDrawer modelValue=undefined onUpdate:modelValue=fn location="right"  ... > 
  at <MenusTopmenuLayoutNotifications > 
  at <VCol class="notificationsHeader" > 
  at <VDefaultsProvider defaults= {VTabs: Object} > 
  at <VToolbar ref=Ref< Proxy(Object) > class="v-app-bar" style= {top: 0px, zIndex: 1014, transform: translateY(0px), position: fixed, height: undefined}  ... > 
  at <VAppBar id="topnav" > 
  at <MenusHeader drawer=false onToggleDrawer=fn > 
  at <ClientOnly > 
  at <VApp theme="light" class="auto-text" > 
  at <VResponsive class="border rounded" > 
  at <Default ref=Ref< Proxy(Object) > > 
  at <AsyncComponentWrapper ref=Ref< Proxy(Object) > > 
  at <LayoutLoader key="default" layoutProps= {ref: RefImpl} name="default" > 
  at <NuxtLayoutProvider layoutProps= {ref: RefImpl} key="default" name="default"  ... > 
  at <NuxtLayout > 
  at <App key=4 > 
  at <NuxtRoot> @ http://localhost:3001/_nuxt/@fs/home/meebuzo/github/alternate-framework/apps/ecosystem/meeovi-frontend/node_modules/@sentry/core/build/esm/instrument/console.js?v=ebf63685:42
[  339708ms] [WARNING] [Vue warn]: Avoid app logic that relies on enumerating keys on a component instance. The keys will be empty in production mode to avoid performance overhead. 
  at <VNavigationDrawer modelValue=undefined onUpdate:modelValue=fn location="right"  ... > 
  at <MenusTopmenuLayoutNotifications > 
  at <VCol class="notificationsHeader" > 
  at <VDefaultsProvider defaults= {VTabs: Object} > 
  at <VToolbar ref=Ref< Proxy(Object) > class="v-app-bar" style= {top: 0px, zIndex: 1014, transform: translateY(0px), position: fixed, height: undefined}  ... > 
  at <VAppBar id="topnav" > 
  at <MenusHeader drawer=false onToggleDrawer=fn > 
  at <ClientOnly > 
  at <VApp theme="light" class="auto-text" > 
  at <VResponsive class="border rounded" > 
  at <Default ref=Ref< Proxy(Object) > > 
  at <AsyncComponentWrapper ref=Ref< Proxy(Object) > > 
  at <LayoutLoader key="default" layoutProps= {ref: RefImpl} name="default" > 
  at <NuxtLayoutProvider layoutProps= {ref: RefImpl} key="default" name="default"  ... > 
  at <NuxtLayout > 
  at <App key=4 > 
  at <NuxtRoot> @ http://localhost:3001/_nuxt/@fs/home/meebuzo/github/alternate-framework/apps/ecosystem/meeovi-frontend/node_modules/@sentry/core/build/esm/instrument/console.js?v=ebf63685:42
[  339712ms] [WARNING] [Vue warn]: Avoid app logic that relies on enumerating keys on a component instance. The keys will be empty in production mode to avoid performance overhead. 
  at <VNavigationDrawer modelValue=undefined onUpdate:modelValue=fn location="right"  ... > 
  at <MenusTopmenuLayoutNotifications > 
  at <VCol class="notificationsHeader" > 
  at <VDefaultsProvider defaults= {VTabs: Object} > 
  at <VToolbar ref=Ref< Proxy(Object) > class="v-app-bar" style= {top: 0px, zIndex: 1014, transform: translateY(0px), position: fixed, height: undefined}  ... > 
  at <VAppBar id="topnav" > 
  at <MenusHeader drawer=false onToggleDrawer=fn > 
  at <ClientOnly > 
  at <VApp theme="light" class="auto-text" > 
  at <VResponsive class="border rounded" > 
  at <Default ref=Ref< Proxy(Object) > > 
  at <AsyncComponentWrapper ref=Ref< Proxy(Object) > > 
  at <LayoutLoader key="default" layoutProps= {ref: RefImpl} name="default" > 
  at <NuxtLayoutProvider layoutProps= {ref: RefImpl} key="default" name="default"  ... > 
  at <NuxtLayout > 
  at <App key=4 > 
  at <NuxtRoot> @ http://localhost:3001/_nuxt/@fs/home/meebuzo/github/alternate-framework/apps/ecosystem/meeovi-frontend/node_modules/@sentry/core/build/esm/instrument/console.js?v=ebf63685:42
[  339717ms] [WARNING] [Vue warn]: Avoid app logic that relies on enumerating keys on a component instance. The keys will be empty in production mode to avoid performance overhead. 
  at <VNavigationDrawer modelValue=undefined onUpdate:modelValue=fn location="right"  ... > 
  at <MenusTopmenuLayoutNotifications > 
  at <VCol class="notificationsHeader" > 
  at <VDefaultsProvider defaults= {VTabs: Object} > 
  at <VToolbar ref=Ref< Proxy(Object) > class="v-app-bar" style= {top: 0px, zIndex: 1014, transform: translateY(0px), position: fixed, height: undefined}  ... > 
  at <VAppBar id="topnav" > 
  at <MenusHeader drawer=false onToggleDrawer=fn > 
  at <ClientOnly > 
  at <VApp theme="light" class="auto-text" > 
  at <VResponsive class="border rounded" > 
  at <Default ref=Ref< Proxy(Object) > > 
  at <AsyncComponentWrapper ref=Ref< Proxy(Object) > > 
  at <LayoutLoader key="default" layoutProps= {ref: RefImpl} name="default" > 
  at <NuxtLayoutProvider layoutProps= {ref: RefImpl} key="default" name="default"  ... > 
  at <NuxtLayout > 
  at <App key=4 > 
  at <NuxtRoot> @ http://localhost:3001/_nuxt/@fs/home/meebuzo/github/alternate-framework/apps/ecosystem/meeovi-frontend/node_modules/@sentry/core/build/esm/instrument/console.js?v=ebf63685:42
[  339722ms] [WARNING] [Vue warn]: Avoid app logic that relies on enumerating keys on a component instance. The keys will be empty in production mode to avoid performance overhead. 
  at <VNavigationDrawer modelValue=undefined onUpdate:modelValue=fn location="right"  ... > 
  at <MenusTopmenuLayoutNotifications > 
  at <VCol class="notificationsHeader" > 
  at <VDefaultsProvider defaults= {VTabs: Object} > 
  at <VToolbar ref=Ref< Proxy(Object) > class="v-app-bar" style= {top: 0px, zIndex: 1014, transform: translateY(0px), position: fixed, height: undefined}  ... > 
  at <VAppBar id="topnav" > 
  at <MenusHeader drawer=false onToggleDrawer=fn > 
  at <ClientOnly > 
  at <VApp theme="light" class="auto-text" > 
  at <VResponsive class="border rounded" > 
  at <Default ref=Ref< Proxy(Object) > > 
  at <AsyncComponentWrapper ref=Ref< Proxy(Object) > > 
  at <LayoutLoader key="default" layoutProps= {ref: RefImpl} name="default" > 
  at <NuxtLayoutProvider layoutProps= {ref: RefImpl} key="default" name="default"  ... > 
  at <NuxtLayout > 
  at <App key=4 > 
  at <NuxtRoot> @ http://localhost:3001/_nuxt/@fs/home/meebuzo/github/alternate-framework/apps/ecosystem/meeovi-frontend/node_modules/@sentry/core/build/esm/instrument/console.js?v=ebf63685:42
[  339726ms] [WARNING] [Vue warn]: Avoid app logic that relies on enumerating keys on a component instance. The keys will be empty in production mode to avoid performance overhead. 
  at <VNavigationDrawer modelValue=undefined onUpdate:modelValue=fn location="right"  ... > 
  at <MenusTopmenuLayoutNotifications > 
  at <VCol class="notificationsHeader" > 
  at <VDefaultsProvider defaults= {VTabs: Object} > 
  at <VToolbar ref=Ref< Proxy(Object) > class="v-app-bar" style= {top: 0px, zIndex: 1014, transform: translateY(0px), position: fixed, height: undefined}  ... > 
  at <VAppBar id="topnav" > 
  at <MenusHeader drawer=false onToggleDrawer=fn > 
  at <ClientOnly > 
  at <VApp theme="light" class="auto-text" > 
  at <VResponsive class="border rounded" > 
  at <Default ref=Ref< Proxy(Object) > > 
  at <AsyncComponentWrapper ref=Ref< Proxy(Object) > > 
  at <LayoutLoader key="default" layoutProps= {ref: RefImpl} name="default" > 
  at <NuxtLayoutProvider layoutProps= {ref: RefImpl} key="default" name="default"  ... > 
  at <NuxtLayout > 
  at <App key=4 > 
  at <NuxtRoot> @ http://localhost:3001/_nuxt/@fs/home/meebuzo/github/alternate-framework/apps/ecosystem/meeovi-frontend/node_modules/@sentry/core/build/esm/instrument/console.js?v=ebf63685:42
[  339729ms] [WARNING] [Vue warn]: Avoid app logic that relies on enumerating keys on a component instance. The keys will be empty in production mode to avoid performance overhead. 
  at <VNavigationDrawer modelValue=undefined onUpdate:modelValue=fn location="right"  ... > 
  at <MenusTopmenuLayoutNotifications > 
  at <VCol class="notificationsHeader" > 
  at <VDefaultsProvider defaults= {VTabs: Object} > 
  at <VToolbar ref=Ref< Proxy(Object) > class="v-app-bar" style= {top: 0px, zIndex: 1014, transform: translateY(0px), position: fixed, height: undefined}  ... > 
  at <VAppBar id="topnav" > 
  at <MenusHeader drawer=false onToggleDrawer=fn > 
  at <ClientOnly > 
  at <VApp theme="light" class="auto-text" > 
  at <VResponsive class="border rounded" > 
  at <Default ref=Ref< Proxy(Object) > > 
  at <AsyncComponentWrapper ref=Ref< Proxy(Object) > > 
  at <LayoutLoader key="default" layoutProps= {ref: RefImpl} name="default" > 
  at <NuxtLayoutProvider layoutProps= {ref: RefImpl} key="default" name="default"  ... > 
  at <NuxtLayout > 
  at <App key=4 > 
  at <NuxtRoot> @ http://localhost:3001/_nuxt/@fs/home/meebuzo/github/alternate-framework/apps/ecosystem/meeovi-frontend/node_modules/@sentry/core/build/esm/instrument/console.js?v=ebf63685:42
[  339732ms] [WARNING] [Vue warn]: Avoid app logic that relies on enumerating keys on a component instance. The keys will be empty in production mode to avoid performance overhead. 
  at <VNavigationDrawer modelValue=undefined onUpdate:modelValue=fn location="right"  ... > 
  at <MenusTopmenuLayoutNotifications > 
  at <VCol class="notificationsHeader" > 
  at <VDefaultsProvider defaults= {VTabs: Object} > 
  at <VToolbar ref=Ref< Proxy(Object) > class="v-app-bar" style= {top: 0px, zIndex: 1014, transform: translateY(0px), position: fixed, height: undefined}  ... > 
  at <VAppBar id="topnav" > 
  at <MenusHeader drawer=false onToggleDrawer=fn > 
  at <ClientOnly > 
  at <VApp theme="light" class="auto-text" > 
  at <VResponsive class="border rounded" > 
  at <Default ref=Ref< Proxy(Object) > > 
  at <AsyncComponentWrapper ref=Ref< Proxy(Object) > > 
  at <LayoutLoader key="default" layoutProps= {ref: RefImpl} name="default" > 
  at <NuxtLayoutProvider layoutProps= {ref: RefImpl} key="default" name="default"  ... > 
  at <NuxtLayout > 
  at <App key=4 > 
  at <NuxtRoot> @ http://localhost:3001/_nuxt/@fs/home/meebuzo/github/alternate-framework/apps/ecosystem/meeovi-frontend/node_modules/@sentry/core/build/esm/instrument/console.js?v=ebf63685:42
[  339736ms] [WARNING] [Vue warn]: Avoid app logic that relies on enumerating keys on a component instance. The keys will be empty in production mode to avoid performance overhead. 
  at <VNavigationDrawer modelValue=undefined onUpdate:modelValue=fn location="right"  ... > 
  at <MenusTopmenuLayoutNotifications > 
  at <VCol class="notificationsHeader" > 
  at <VDefaultsProvider defaults= {VTabs: Object} > 
  at <VToolbar ref=Ref< Proxy(Object) > class="v-app-bar" style= {top: 0px, zIndex: 1014, transform: translateY(0px), position: fixed, height: undefined}  ... > 
  at <VAppBar id="topnav" > 
  at <MenusHeader drawer=false onToggleDrawer=fn > 
  at <ClientOnly > 
  at <VApp theme="light" class="auto-text" > 
  at <VResponsive class="border rounded" > 
  at <Default ref=Ref< Proxy(Object) > > 
  at <AsyncComponentWrapper ref=Ref< Proxy(Object) > > 
  at <LayoutLoader key="default" layoutProps= {ref: RefImpl} name="default" > 
  at <NuxtLayoutProvider layoutProps= {ref: RefImpl} key="default" name="default"  ... > 
  at <NuxtLayout > 
  at <App key=4 > 
  at <NuxtRoot> @ http://localhost:3001/_nuxt/@fs/home/meebuzo/github/alternate-framework/apps/ecosystem/meeovi-frontend/node_modules/@sentry/core/build/esm/instrument/console.js?v=ebf63685:42
[  339739ms] [WARNING] [Vue warn]: Avoid app logic that relies on enumerating keys on a component instance. The keys will be empty in production mode to avoid performance overhead. 
  at <VNavigationDrawer modelValue=undefined onUpdate:modelValue=fn location="right"  ... > 
  at <MenusTopmenuLayoutNotifications > 
  at <VCol class="notificationsHeader" > 
  at <VDefaultsProvider defaults= {VTabs: Object} > 
  at <VToolbar ref=Ref< Proxy(Object) > class="v-app-bar" style= {top: 0px, zIndex: 1014, transform: translateY(0px), position: fixed, height: undefined}  ... > 
  at <VAppBar id="topnav" > 
  at <MenusHeader drawer=false onToggleDrawer=fn > 
  at <ClientOnly > 
  at <VApp theme="light" class="auto-text" > 
  at <VResponsive class="border rounded" > 
  at <Default ref=Ref< Proxy(Object) > > 
  at <AsyncComponentWrapper ref=Ref< Proxy(Object) > > 
  at <LayoutLoader key="default" layoutProps= {ref: RefImpl} name="default" > 
  at <NuxtLayoutProvider layoutProps= {ref: RefImpl} key="default" name="default"  ... > 
  at <NuxtLayout > 
  at <App key=4 > 
  at <NuxtRoot> @ http://localhost:3001/_nuxt/@fs/home/meebuzo/github/alternate-framework/apps/ecosystem/meeovi-frontend/node_modules/@sentry/core/build/esm/instrument/console.js?v=ebf63685:42
[  339742ms] [WARNING] [Vue warn]: Avoid app logic that relies on enumerating keys on a component instance. The keys will be empty in production mode to avoid performance overhead. 
  at <VNavigationDrawer modelValue=undefined onUpdate:modelValue=fn location="right"  ... > 
  at <MenusTopmenuLayoutNotifications > 
  at <VCol class="notificationsHeader" > 
  at <VDefaultsProvider defaults= {VTabs: Object} > 
  at <VToolbar ref=Ref< Proxy(Object) > class="v-app-bar" style= {top: 0px, zIndex: 1014, transform: translateY(0px), position: fixed, height: undefined}  ... > 
  at <VAppBar id="topnav" > 
  at <MenusHeader drawer=false onToggleDrawer=fn > 
  at <ClientOnly > 
  at <VApp theme="light" class="auto-text" > 
  at <VResponsive class="border rounded" > 
  at <Default ref=Ref< Proxy(Object) > > 
  at <AsyncComponentWrapper ref=Ref< Proxy(Object) > > 
  at <LayoutLoader key="default" layoutProps= {ref: RefImpl} name="default" > 
  at <NuxtLayoutProvider layoutProps= {ref: RefImpl} key="default" name="default"  ... > 
  at <NuxtLayout > 
  at <App key=4 > 
  at <NuxtRoot> @ http://localhost:3001/_nuxt/@fs/home/meebuzo/github/alternate-framework/apps/ecosystem/meeovi-frontend/node_modules/@sentry/core/build/esm/instrument/console.js?v=ebf63685:42
[  339745ms] [WARNING] [Vue warn]: Avoid app logic that relies on enumerating keys on a component instance. The keys will be empty in production mode to avoid performance overhead. 
  at <VNavigationDrawer modelValue=undefined onUpdate:modelValue=fn location="right"  ... > 
  at <MenusTopmenuLayoutNotifications > 
  at <VCol class="notificationsHeader" > 
  at <VDefaultsProvider defaults= {VTabs: Object} > 
  at <VToolbar ref=Ref< Proxy(Object) > class="v-app-bar" style= {top: 0px, zIndex: 1014, transform: translateY(0px), position: fixed, height: undefined}  ... > 
  at <VAppBar id="topnav" > 
  at <MenusHeader drawer=false onToggleDrawer=fn > 
  at <ClientOnly > 
  at <VApp theme="light" class="auto-text" > 
  at <VResponsive class="border rounded" > 
  at <Default ref=Ref< Proxy(Object) > > 
  at <AsyncComponentWrapper ref=Ref< Proxy(Object) > > 
  at <LayoutLoader key="default" layoutProps= {ref: RefImpl} name="default" > 
  at <NuxtLayoutProvider layoutProps= {ref: RefImpl} key="default" name="default"  ... > 
  at <NuxtLayout > 
  at <App key=4 > 
  at <NuxtRoot> @ http://localhost:3001/_nuxt/@fs/home/meebuzo/github/alternate-framework/apps/ecosystem/meeovi-frontend/node_modules/@sentry/core/build/esm/instrument/console.js?v=ebf63685:42
[  339748ms] [WARNING] [Vue warn]: Avoid app logic that relies on enumerating keys on a component instance. The keys will be empty in production mode to avoid performance overhead. 
  at <VNavigationDrawer modelValue=undefined onUpdate:modelValue=fn location="right"  ... > 
  at <MenusTopmenuLayoutNotifications > 
  at <VCol class="notificationsHeader" > 
  at <VDefaultsProvider defaults= {VTabs: Object} > 
  at <VToolbar ref=Ref< Proxy(Object) > class="v-app-bar" style= {top: 0px, zIndex: 1014, transform: translateY(0px), position: fixed, height: undefined}  ... > 
  at <VAppBar id="topnav" > 
  at <MenusHeader drawer=false onToggleDrawer=fn > 
  at <ClientOnly > 
  at <VApp theme="light" class="auto-text" > 
  at <VResponsive class="border rounded" > 
  at <Default ref=Ref< Proxy(Object) > > 
  at <AsyncComponentWrapper ref=Ref< Proxy(Object) > > 
  at <LayoutLoader key="default" layoutProps= {ref: RefImpl} name="default" > 
  at <NuxtLayoutProvider layoutProps= {ref: RefImpl} key="default" name="default"  ... > 
  at <NuxtLayout > 
  at <App key=4 > 
  at <NuxtRoot> @ http://localhost:3001/_nuxt/@fs/home/meebuzo/github/alternate-framework/apps/ecosystem/meeovi-frontend/node_modules/@sentry/core/build/esm/instrument/console.js?v=ebf63685:42
[  339751ms] [WARNING] [Vue warn]: Avoid app logic that relies on enumerating keys on a component instance. The keys will be empty in production mode to avoid performance overhead. 
  at <VNavigationDrawer modelValue=undefined onUpdate:modelValue=fn location="right"  ... > 
  at <MenusTopmenuLayoutNotifications > 
  at <VCol class="notificationsHeader" > 
  at <VDefaultsProvider defaults= {VTabs: Object} > 
  at <VToolbar ref=Ref< Proxy(Object) > class="v-app-bar" style= {top: 0px, zIndex: 1014, transform: translateY(0px), position: fixed, height: undefined}  ... > 
  at <VAppBar id="topnav" > 
  at <MenusHeader drawer=false onToggleDrawer=fn > 
  at <ClientOnly > 
  at <VApp theme="light" class="auto-text" > 
  at <VResponsive class="border rounded" > 
  at <Default ref=Ref< Proxy(Object) > > 
  at <AsyncComponentWrapper ref=Ref< Proxy(Object) > > 
  at <LayoutLoader key="default" layoutProps= {ref: RefImpl} name="default" > 
  at <NuxtLayoutProvider layoutProps= {ref: RefImpl} key="default" name="default"  ... > 
  at <NuxtLayout > 
  at <App key=4 > 
  at <NuxtRoot> @ http://localhost:3001/_nuxt/@fs/home/meebuzo/github/alternate-framework/apps/ecosystem/meeovi-frontend/node_modules/@sentry/core/build/esm/instrument/console.js?v=ebf63685:42
[  339754ms] [WARNING] [Vue warn]: Avoid app logic that relies on enumerating keys on a component instance. The keys will be empty in production mode to avoid performance overhead. 
  at <VNavigationDrawer modelValue=undefined onUpdate:modelValue=fn location="right"  ... > 
  at <MenusTopmenuLayoutNotifications > 
  at <VCol class="notificationsHeader" > 
  at <VDefaultsProvider defaults= {VTabs: Object} > 
  at <VToolbar ref=Ref< Proxy(Object) > class="v-app-bar" style= {top: 0px, zIndex: 1014, transform: translateY(0px), position: fixed, height: undefined}  ... > 
  at <VAppBar id="topnav" > 
  at <MenusHeader drawer=false onToggleDrawer=fn > 
  at <ClientOnly > 
  at <VApp theme="light" class="auto-text" > 
  at <VResponsive class="border rounded" > 
  at <Default ref=Ref< Proxy(Object) > > 
  at <AsyncComponentWrapper ref=Ref< Proxy(Object) > > 
  at <LayoutLoader key="default" layoutProps= {ref: RefImpl} name="default" > 
  at <NuxtLayoutProvider layoutProps= {ref: RefImpl} key="default" name="default"  ... > 
  at <NuxtLayout > 
  at <App key=4 > 
  at <NuxtRoot> @ http://localhost:3001/_nuxt/@fs/home/meebuzo/github/alternate-framework/apps/ecosystem/meeovi-frontend/node_modules/@sentry/core/build/esm/instrument/console.js?v=ebf63685:42
[  339758ms] [WARNING] [Vue warn]: Avoid app logic that relies on enumerating keys on a component instance. The keys will be empty in production mode to avoid performance overhead. 
  at <VNavigationDrawer modelValue=undefined onUpdate:modelValue=fn location="right"  ... > 
  at <MenusTopmenuLayoutNotifications > 
  at <VCol class="notificationsHeader" > 
  at <VDefaultsProvider defaults= {VTabs: Object} > 
  at <VToolbar ref=Ref< Proxy(Object) > class="v-app-bar" style= {top: 0px, zIndex: 1014, transform: translateY(0px), position: fixed, height: undefined}  ... > 
  at <VAppBar id="topnav" > 
  at <MenusHeader drawer=false onToggleDrawer=fn > 
  at <ClientOnly > 
  at <VApp theme="light" class="auto-text" > 
  at <VResponsive class="border rounded" > 
  at <Default ref=Ref< Proxy(Object) > > 
  at <AsyncComponentWrapper ref=Ref< Proxy(Object) > > 
  at <LayoutLoader key="default" layoutProps= {ref: RefImpl} name="default" > 
  at <NuxtLayoutProvider layoutProps= {ref: RefImpl} key="default" name="default"  ... > 
  at <NuxtLayout > 
  at <App key=4 > 
  at <NuxtRoot> @ http://localhost:3001/_nuxt/@fs/home/meebuzo/github/alternate-framework/apps/ecosystem/meeovi-frontend/node_modules/@sentry/core/build/esm/instrument/console.js?v=ebf63685:42
[  339761ms] [WARNING] [Vue warn]: Avoid app logic that relies on enumerating keys on a component instance. The keys will be empty in production mode to avoid performance overhead. 
  at <VNavigationDrawer modelValue=undefined onUpdate:modelValue=fn location="right"  ... > 
  at <MenusTopmenuLayoutNotifications > 
  at <VCol class="notificationsHeader" > 
  at <VDefaultsProvider defaults= {VTabs: Object} > 
  at <VToolbar ref=Ref< Proxy(Object) > class="v-app-bar" style= {top: 0px, zIndex: 1014, transform: translateY(0px), position: fixed, height: undefined}  ... > 
  at <VAppBar id="topnav" > 
  at <MenusHeader drawer=false onToggleDrawer=fn > 
  at <ClientOnly > 
  at <VApp theme="light" class="auto-text" > 
  at <VResponsive class="border rounded" > 
  at <Default ref=Ref< Proxy(Object) > > 
  at <AsyncComponentWrapper ref=Ref< Proxy(Object) > > 
  at <LayoutLoader key="default" layoutProps= {ref: RefImpl} name="default" > 
  at <NuxtLayoutProvider layoutProps= {ref: RefImpl} key="default" name="default"  ... > 
  at <NuxtLayout > 
  at <App key=4 > 
  at <NuxtRoot> @ http://localhost:3001/_nuxt/@fs/home/meebuzo/github/alternate-framework/apps/ecosystem/meeovi-frontend/node_modules/@sentry/core/build/esm/instrument/console.js?v=ebf63685:42
[  339765ms] [WARNING] [Vue warn]: Avoid app logic that relies on enumerating keys on a component instance. The keys will be empty in production mode to avoid performance overhead. 
  at <VNavigationDrawer modelValue=undefined onUpdate:modelValue=fn location="right"  ... > 
  at <MenusTopmenuLayoutNotifications > 
  at <VCol class="notificationsHeader" > 
  at <VDefaultsProvider defaults= {VTabs: Object} > 
  at <VToolbar ref=Ref< Proxy(Object) > class="v-app-bar" style= {top: 0px, zIndex: 1014, transform: translateY(0px), position: fixed, height: undefined}  ... > 
  at <VAppBar id="topnav" > 
  at <MenusHeader drawer=false onToggleDrawer=fn > 
  at <ClientOnly > 
  at <VApp theme="light" class="auto-text" > 
  at <VResponsive class="border rounded" > 
  at <Default ref=Ref< Proxy(Object) > > 
  at <AsyncComponentWrapper ref=Ref< Proxy(Object) > > 
  at <LayoutLoader key="default" layoutProps= {ref: RefImpl} name="default" > 
  at <NuxtLayoutProvider layoutProps= {ref: RefImpl} key="default" name="default"  ... > 
  at <NuxtLayout > 
  at <App key=4 > 
  at <NuxtRoot> @ http://localhost:3001/_nuxt/@fs/home/meebuzo/github/alternate-framework/apps/ecosystem/meeovi-frontend/node_modules/@sentry/core/build/esm/instrument/console.js?v=ebf63685:42
[  339769ms] [WARNING] [Vue warn]: Avoid app logic that relies on enumerating keys on a component instance. The keys will be empty in production mode to avoid performance overhead. 
  at <VNavigationDrawer modelValue=undefined onUpdate:modelValue=fn location="right"  ... > 
  at <MenusTopmenuLayoutNotifications > 
  at <VCol class="notificationsHeader" > 
  at <VDefaultsProvider defaults= {VTabs: Object} > 
  at <VToolbar ref=Ref< Proxy(Object) > class="v-app-bar" style= {top: 0px, zIndex: 1014, transform: translateY(0px), position: fixed, height: undefined}  ... > 
  at <VAppBar id="topnav" > 
  at <MenusHeader drawer=false onToggleDrawer=fn > 
  at <ClientOnly > 
  at <VApp theme="light" class="auto-text" > 
  at <VResponsive class="border rounded" > 
  at <Default ref=Ref< Proxy(Object) > > 
  at <AsyncComponentWrapper ref=Ref< Proxy(Object) > > 
  at <LayoutLoader key="default" layoutProps= {ref: RefImpl} name="default" > 
  at <NuxtLayoutProvider layoutProps= {ref: RefImpl} key="default" name="default"  ... > 
  at <NuxtLayout > 
  at <App key=4 > 
  at <NuxtRoot> @ http://localhost:3001/_nuxt/@fs/home/meebuzo/github/alternate-framework/apps/ecosystem/meeovi-frontend/node_modules/@sentry/core/build/esm/instrument/console.js?v=ebf63685:42
[  339773ms] [WARNING] [Vue warn]: Avoid app logic that relies on enumerating keys on a component instance. The keys will be empty in production mode to avoid performance overhead. 
  at <VNavigationDrawer modelValue=undefined onUpdate:modelValue=fn location="right"  ... > 
  at <MenusTopmenuLayoutNotifications > 
  at <VCol class="notificationsHeader" > 
  at <VDefaultsProvider defaults= {VTabs: Object} > 
  at <VToolbar ref=Ref< Proxy(Object) > class="v-app-bar" style= {top: 0px, zIndex: 1014, transform: translateY(0px), position: fixed, height: undefined}  ... > 
  at <VAppBar id="topnav" > 
  at <MenusHeader drawer=false onToggleDrawer=fn > 
  at <ClientOnly > 
  at <VApp theme="light" class="auto-text" > 
  at <VResponsive class="border rounded" > 
  at <Default ref=Ref< Proxy(Object) > > 
  at <AsyncComponentWrapper ref=Ref< Proxy(Object) > > 
  at <LayoutLoader key="default" layoutProps= {ref: RefImpl} name="default" > 
  at <NuxtLayoutProvider layoutProps= {ref: RefImpl} key="default" name="default"  ... > 
  at <NuxtLayout > 
  at <App key=4 > 
  at <NuxtRoot> @ http://localhost:3001/_nuxt/@fs/home/meebuzo/github/alternate-framework/apps/ecosystem/meeovi-frontend/node_modules/@sentry/core/build/esm/instrument/console.js?v=ebf63685:42
[  339778ms] [ERROR] Connecting to 'https://o996770.ingest.us.sentry.io/api/5955273/envelope/?sentry_version=7&sentry_key=df1b90fab7c44ce8aef097a63b468d61&sentry_client=sentry.javascript.nuxt%2F10.63.0' violates the following Content Security Policy directive: "connect-src 'self' https://*.mux.com". The action has been blocked. @ http://localhost:3001/_nuxt/@fs/home/meebuzo/github/alternate-framework/apps/ecosystem/meeovi-frontend/node_modules/@sentry/browser/build/npm/esm/dev/transports/fetch.js?v=ebf63685:31
[  339779ms] [ERROR] Fetch API cannot load https://o996770.ingest.us.sentry.io/api/5955273/envelope/?sentry_version=7&sentry_key=df1b90fab7c44ce8aef097a63b468d61&sentry_client=sentry.javascript.nuxt%2F10.63.0. Refused to connect because it violates the document's Content Security Policy. @ http://localhost:3001/_nuxt/@fs/home/meebuzo/github/alternate-framework/apps/ecosystem/meeovi-frontend/node_modules/@sentry/browser/build/npm/esm/dev/transports/fetch.js?v=ebf63685:31
[  339785ms] [WARNING] [Vue warn]: Avoid app logic that relies on enumerating keys on a component instance. The keys will be empty in production mode to avoid performance overhead. 
  at <VNavigationDrawer modelValue=undefined onUpdate:modelValue=fn location="right"  ... > 
  at <MenusTopmenuLayoutNotifications > 
  at <VCol class="notificationsHeader" > 
  at <VDefaultsProvider defaults= {VTabs: Object} > 
  at <VToolbar ref=Ref< Proxy(Object) > class="v-app-bar" style= {top: 0px, zIndex: 1014, transform: translateY(0px), position: fixed, height: undefined}  ... > 
  at <VAppBar id="topnav" > 
  at <MenusHeader drawer=false onToggleDrawer=fn > 
  at <ClientOnly > 
  at <VApp theme="light" class="auto-text" > 
  at <VResponsive class="border rounded" > 
  at <Default ref=Ref< Proxy(Object) > > 
  at <AsyncComponentWrapper ref=Ref< Proxy(Object) > > 
  at <LayoutLoader key="default" layoutProps= {ref: RefImpl} name="default" > 
  at <NuxtLayoutProvider layoutProps= {ref: RefImpl} key="default" name="default"  ... > 
  at <NuxtLayout > 
  at <App key=4 > 
  at <NuxtRoot> @ http://localhost:3001/_nuxt/@fs/home/meebuzo/github/alternate-framework/apps/ecosystem/meeovi-frontend/node_modules/@sentry/core/build/esm/instrument/console.js?v=ebf63685:42
[  339788ms] [WARNING] [Vue warn]: Avoid app logic that relies on enumerating keys on a component instance. The keys will be empty in production mode to avoid performance overhead. 
  at <VNavigationDrawer modelValue=undefined onUpdate:modelValue=fn location="right"  ... > 
  at <MenusTopmenuLayoutNotifications > 
  at <VCol class="notificationsHeader" > 
  at <VDefaultsProvider defaults= {VTabs: Object} > 
  at <VToolbar ref=Ref< Proxy(Object) > class="v-app-bar" style= {top: 0px, zIndex: 1014, transform: translateY(0px), position: fixed, height: undefined}  ... > 
  at <VAppBar id="topnav" > 
  at <MenusHeader drawer=false onToggleDrawer=fn > 
  at <ClientOnly > 
  at <VApp theme="light" class="auto-text" > 
  at <VResponsive class="border rounded" > 
  at <Default ref=Ref< Proxy(Object) > > 
  at <AsyncComponentWrapper ref=Ref< Proxy(Object) > > 
  at <LayoutLoader key="default" layoutProps= {ref: RefImpl} name="default" > 
  at <NuxtLayoutProvider layoutProps= {ref: RefImpl} key="default" name="default"  ... > 
  at <NuxtLayout > 
  at <App key=4 > 
  at <NuxtRoot> @ http://localhost:3001/_nuxt/@fs/home/meebuzo/github/alternate-framework/apps/ecosystem/meeovi-frontend/node_modules/@sentry/core/build/esm/instrument/console.js?v=ebf63685:42
[  339792ms] [WARNING] [Vue warn]: Avoid app logic that relies on enumerating keys on a component instance. The keys will be empty in production mode to avoid performance overhead. 
  at <VNavigationDrawer modelValue=undefined onUpdate:modelValue=fn location="right"  ... > 
  at <MenusTopmenuLayoutNotifications > 
  at <VCol class="notificationsHeader" > 
  at <VDefaultsProvider defaults= {VTabs: Object} > 
  at <VToolbar ref=Ref< Proxy(Object) > class="v-app-bar" style= {top: 0px, zIndex: 1014, transform: translateY(0px), position: fixed, height: undefined}  ... > 
  at <VAppBar id="topnav" > 
  at <MenusHeader drawer=false onToggleDrawer=fn > 
  at <ClientOnly > 
  at <VApp theme="light" class="auto-text" > 
  at <VResponsive class="border rounded" > 
  at <Default ref=Ref< Proxy(Object) > > 
  at <AsyncComponentWrapper ref=Ref< Proxy(Object) > > 
  at <LayoutLoader key="default" layoutProps= {ref: RefImpl} name="default" > 
  at <NuxtLayoutProvider layoutProps= {ref: RefImpl} key="default" name="default"  ... > 
  at <NuxtLayout > 
  at <App key=4 > 
  at <NuxtRoot> @ http://localhost:3001/_nuxt/@fs/home/meebuzo/github/alternate-framework/apps/ecosystem/meeovi-frontend/node_modules/@sentry/core/build/esm/instrument/console.js?v=ebf63685:42
[  339795ms] [WARNING] [Vue warn]: Avoid app logic that relies on enumerating keys on a component instance. The keys will be empty in production mode to avoid performance overhead. 
  at <VNavigationDrawer modelValue=undefined onUpdate:modelValue=fn location="right"  ... > 
  at <MenusTopmenuLayoutNotifications > 
  at <VCol class="notificationsHeader" > 
  at <VDefaultsProvider defaults= {VTabs: Object} > 
  at <VToolbar ref=Ref< Proxy(Object) > class="v-app-bar" style= {top: 0px, zIndex: 1014, transform: translateY(0px), position: fixed, height: undefined}  ... > 
  at <VAppBar id="topnav" > 
  at <MenusHeader drawer=false onToggleDrawer=fn > 
  at <ClientOnly > 
  at <VApp theme="light" class="auto-text" > 
  at <VResponsive class="border rounded" > 
  at <Default ref=Ref< Proxy(Object) > > 
  at <AsyncComponentWrapper ref=Ref< Proxy(Object) > > 
  at <LayoutLoader key="default" layoutProps= {ref: RefImpl} name="default" > 
  at <NuxtLayoutProvider layoutProps= {ref: RefImpl} key="default" name="default"  ... > 
  at <NuxtLayout > 
  at <App key=4 > 
  at <NuxtRoot> @ http://localhost:3001/_nuxt/@fs/home/meebuzo/github/alternate-framework/apps/ecosystem/meeovi-frontend/node_modules/@sentry/core/build/esm/instrument/console.js?v=ebf63685:42
[  339799ms] [WARNING] [Vue warn]: Avoid app logic that relies on enumerating keys on a component instance. The keys will be empty in production mode to avoid performance overhead. 
  at <VNavigationDrawer modelValue=undefined onUpdate:modelValue=fn location="right"  ... > 
  at <MenusTopmenuLayoutNotifications > 
  at <VCol class="notificationsHeader" > 
  at <VDefaultsProvider defaults= {VTabs: Object} > 
  at <VToolbar ref=Ref< Proxy(Object) > class="v-app-bar" style= {top: 0px, zIndex: 1014, transform: translateY(0px), position: fixed, height: undefined}  ... > 
  at <VAppBar id="topnav" > 
  at <MenusHeader drawer=false onToggleDrawer=fn > 
  at <ClientOnly > 
  at <VApp theme="light" class="auto-text" > 
  at <VResponsive class="border rounded" > 
  at <Default ref=Ref< Proxy(Object) > > 
  at <AsyncComponentWrapper ref=Ref< Proxy(Object) > > 
  at <LayoutLoader key="default" layoutProps= {ref: RefImpl} name="default" > 
  at <NuxtLayoutProvider layoutProps= {ref: RefImpl} key="default" name="default"  ... > 
  at <NuxtLayout > 
  at <App key=4 > 
  at <NuxtRoot> @ http://localhost:3001/_nuxt/@fs/home/meebuzo/github/alternate-framework/apps/ecosystem/meeovi-frontend/node_modules/@sentry/core/build/esm/instrument/console.js?v=ebf63685:42
[  339802ms] [WARNING] [Vue warn]: Avoid app logic that relies on enumerating keys on a component instance. The keys will be empty in production mode to avoid performance overhead. 
  at <VNavigationDrawer modelValue=undefined onUpdate:modelValue=fn location="right"  ... > 
  at <MenusTopmenuLayoutNotifications > 
  at <VCol class="notificationsHeader" > 
  at <VDefaultsProvider defaults= {VTabs: Object} > 
  at <VToolbar ref=Ref< Proxy(Object) > class="v-app-bar" style= {top: 0px, zIndex: 1014, transform: translateY(0px), position: fixed, height: undefined}  ... > 
  at <VAppBar id="topnav" > 
  at <MenusHeader drawer=false onToggleDrawer=fn > 
  at <ClientOnly > 
  at <VApp theme="light" class="auto-text" > 
  at <VResponsive class="border rounded" > 
  at <Default ref=Ref< Proxy(Object) > > 
  at <AsyncComponentWrapper ref=Ref< Proxy(Object) > > 
  at <LayoutLoader key="default" layoutProps= {ref: RefImpl} name="default" > 
  at <NuxtLayoutProvider layoutProps= {ref: RefImpl} key="default" name="default"  ... > 
  at <NuxtLayout > 
  at <App key=4 > 
  at <NuxtRoot> @ http://localhost:3001/_nuxt/@fs/home/meebuzo/github/alternate-framework/apps/ecosystem/meeovi-frontend/node_modules/@sentry/core/build/esm/instrument/console.js?v=ebf63685:42
[  339805ms] [WARNING] [Vue warn]: Avoid app logic that relies on enumerating keys on a component instance. The keys will be empty in production mode to avoid performance overhead. 
  at <VNavigationDrawer modelValue=undefined onUpdate:modelValue=fn location="right"  ... > 
  at <MenusTopmenuLayoutNotifications > 
  at <VCol class="notificationsHeader" > 
  at <VDefaultsProvider defaults= {VTabs: Object} > 
  at <VToolbar ref=Ref< Proxy(Object) > class="v-app-bar" style= {top: 0px, zIndex: 1014, transform: translateY(0px), position: fixed, height: undefined}  ... > 
  at <VAppBar id="topnav" > 
  at <MenusHeader drawer=false onToggleDrawer=fn > 
  at <ClientOnly > 
  at <VApp theme="light" class="auto-text" > 
  at <VResponsive class="border rounded" > 
  at <Default ref=Ref< Proxy(Object) > > 
  at <AsyncComponentWrapper ref=Ref< Proxy(Object) > > 
  at <LayoutLoader key="default" layoutProps= {ref: RefImpl} name="default" > 
  at <NuxtLayoutProvider layoutProps= {ref: RefImpl} key="default" name="default"  ... > 
  at <NuxtLayout > 
  at <App key=4 > 
  at <NuxtRoot> @ http://localhost:3001/_nuxt/@fs/home/meebuzo/github/alternate-framework/apps/ecosystem/meeovi-frontend/node_modules/@sentry/core/build/esm/instrument/console.js?v=ebf63685:42
[  339809ms] [WARNING] [Vue warn]: Avoid app logic that relies on enumerating keys on a component instance. The keys will be empty in production mode to avoid performance overhead. 
  at <VNavigationDrawer modelValue=undefined onUpdate:modelValue=fn location="right"  ... > 
  at <MenusTopmenuLayoutNotifications > 
  at <VCol class="notificationsHeader" > 
  at <VDefaultsProvider defaults= {VTabs: Object} > 
  at <VToolbar ref=Ref< Proxy(Object) > class="v-app-bar" style= {top: 0px, zIndex: 1014, transform: translateY(0px), position: fixed, height: undefined}  ... > 
  at <VAppBar id="topnav" > 
  at <MenusHeader drawer=false onToggleDrawer=fn > 
  at <ClientOnly > 
  at <VApp theme="light" class="auto-text" > 
  at <VResponsive class="border rounded" > 
  at <Default ref=Ref< Proxy(Object) > > 
  at <AsyncComponentWrapper ref=Ref< Proxy(Object) > > 
  at <LayoutLoader key="default" layoutProps= {ref: RefImpl} name="default" > 
  at <NuxtLayoutProvider layoutProps= {ref: RefImpl} key="default" name="default"  ... > 
  at <NuxtLayout > 
  at <App key=4 > 
  at <NuxtRoot> @ http://localhost:3001/_nuxt/@fs/home/meebuzo/github/alternate-framework/apps/ecosystem/meeovi-frontend/node_modules/@sentry/core/build/esm/instrument/console.js?v=ebf63685:42
[  339812ms] [WARNING] [Vue warn]: Avoid app logic that relies on enumerating keys on a component instance. The keys will be empty in production mode to avoid performance overhead. 
  at <VNavigationDrawer modelValue=undefined onUpdate:modelValue=fn location="right"  ... > 
  at <MenusTopmenuLayoutNotifications > 
  at <VCol class="notificationsHeader" > 
  at <VDefaultsProvider defaults= {VTabs: Object} > 
  at <VToolbar ref=Ref< Proxy(Object) > class="v-app-bar" style= {top: 0px, zIndex: 1014, transform: translateY(0px), position: fixed, height: undefined}  ... > 
  at <VAppBar id="topnav" > 
  at <MenusHeader drawer=false onToggleDrawer=fn > 
  at <ClientOnly > 
  at <VApp theme="light" class="auto-text" > 
  at <VResponsive class="border rounded" > 
  at <Default ref=Ref< Proxy(Object) > > 
  at <AsyncComponentWrapper ref=Ref< Proxy(Object) > > 
  at <LayoutLoader key="default" layoutProps= {ref: RefImpl} name="default" > 
  at <NuxtLayoutProvider layoutProps= {ref: RefImpl} key="default" name="default"  ... > 
  at <NuxtLayout > 
  at <App key=4 > 
  at <NuxtRoot> @ http://localhost:3001/_nuxt/@fs/home/meebuzo/github/alternate-framework/apps/ecosystem/meeovi-frontend/node_modules/@sentry/core/build/esm/instrument/console.js?v=ebf63685:42
[  339815ms] [WARNING] [Vue warn]: Avoid app logic that relies on enumerating keys on a component instance. The keys will be empty in production mode to avoid performance overhead. 
  at <VNavigationDrawer modelValue=undefined onUpdate:modelValue=fn location="right"  ... > 
  at <MenusTopmenuLayoutNotifications > 
  at <VCol class="notificationsHeader" > 
  at <VDefaultsProvider defaults= {VTabs: Object} > 
  at <VToolbar ref=Ref< Proxy(Object) > class="v-app-bar" style= {top: 0px, zIndex: 1014, transform: translateY(0px), position: fixed, height: undefined}  ... > 
  at <VAppBar id="topnav" > 
  at <MenusHeader drawer=false onToggleDrawer=fn > 
  at <ClientOnly > 
  at <VApp theme="light" class="auto-text" > 
  at <VResponsive class="border rounded" > 
  at <Default ref=Ref< Proxy(Object) > > 
  at <AsyncComponentWrapper ref=Ref< Proxy(Object) > > 
  at <LayoutLoader key="default" layoutProps= {ref: RefImpl} name="default" > 
  at <NuxtLayoutProvider layoutProps= {ref: RefImpl} key="default" name="default"  ... > 
  at <NuxtLayout > 
  at <App key=4 > 
  at <NuxtRoot> @ http://localhost:3001/_nuxt/@fs/home/meebuzo/github/alternate-framework/apps/ecosystem/meeovi-frontend/node_modules/@sentry/core/build/esm/instrument/console.js?v=ebf63685:42
[  339819ms] [WARNING] [Vue warn]: Avoid app logic that relies on enumerating keys on a component instance. The keys will be empty in production mode to avoid performance overhead. 
  at <VNavigationDrawer modelValue=undefined onUpdate:modelValue=fn location="right"  ... > 
  at <MenusTopmenuLayoutNotifications > 
  at <VCol class="notificationsHeader" > 
  at <VDefaultsProvider defaults= {VTabs: Object} > 
  at <VToolbar ref=Ref< Proxy(Object) > class="v-app-bar" style= {top: 0px, zIndex: 1014, transform: translateY(0px), position: fixed, height: undefined}  ... > 
  at <VAppBar id="topnav" > 
  at <MenusHeader drawer=false onToggleDrawer=fn > 
  at <ClientOnly > 
  at <VApp theme="light" class="auto-text" > 
  at <VResponsive class="border rounded" > 
  at <Default ref=Ref< Proxy(Object) > > 
  at <AsyncComponentWrapper ref=Ref< Proxy(Object) > > 
  at <LayoutLoader key="default" layoutProps= {ref: RefImpl} name="default" > 
  at <NuxtLayoutProvider layoutProps= {ref: RefImpl} key="default" name="default"  ... > 
  at <NuxtLayout > 
  at <App key=4 > 
  at <NuxtRoot> @ http://localhost:3001/_nuxt/@fs/home/meebuzo/github/alternate-framework/apps/ecosystem/meeovi-frontend/node_modules/@sentry/core/build/esm/instrument/console.js?v=ebf63685:42
[  339823ms] [WARNING] [Vue warn]: Avoid app logic that relies on enumerating keys on a component instance. The keys will be empty in production mode to avoid performance overhead. 
  at <VNavigationDrawer modelValue=undefined onUpdate:modelValue=fn location="right"  ... > 
  at <MenusTopmenuLayoutNotifications > 
  at <VCol class="notificationsHeader" > 
  at <VDefaultsProvider defaults= {VTabs: Object} > 
  at <VToolbar ref=Ref< Proxy(Object) > class="v-app-bar" style= {top: 0px, zIndex: 1014, transform: translateY(0px), position: fixed, height: undefined}  ... > 
  at <VAppBar id="topnav" > 
  at <MenusHeader drawer=false onToggleDrawer=fn > 
  at <ClientOnly > 
  at <VApp theme="light" class="auto-text" > 
  at <VResponsive class="border rounded" > 
  at <Default ref=Ref< Proxy(Object) > > 
  at <AsyncComponentWrapper ref=Ref< Proxy(Object) > > 
  at <LayoutLoader key="default" layoutProps= {ref: RefImpl} name="default" > 
  at <NuxtLayoutProvider layoutProps= {ref: RefImpl} key="default" name="default"  ... > 
  at <NuxtLayout > 
  at <App key=4 > 
  at <NuxtRoot> @ http://localhost:3001/_nuxt/@fs/home/meebuzo/github/alternate-framework/apps/ecosystem/meeovi-frontend/node_modules/@sentry/core/build/esm/instrument/console.js?v=ebf63685:42
[  339827ms] [WARNING] [Vue warn]: Avoid app logic that relies on enumerating keys on a component instance. The keys will be empty in production mode to avoid performance overhead. 
  at <VNavigationDrawer modelValue=undefined onUpdate:modelValue=fn location="right"  ... > 
  at <MenusTopmenuLayoutNotifications > 
  at <VCol class="notificationsHeader" > 
  at <VDefaultsProvider defaults= {VTabs: Object} > 
  at <VToolbar ref=Ref< Proxy(Object) > class="v-app-bar" style= {top: 0px, zIndex: 1014, transform: translateY(0px), position: fixed, height: undefined}  ... > 
  at <VAppBar id="topnav" > 
  at <MenusHeader drawer=false onToggleDrawer=fn > 
  at <ClientOnly > 
  at <VApp theme="light" class="auto-text" > 
  at <VResponsive class="border rounded" > 
  at <Default ref=Ref< Proxy(Object) > > 
  at <AsyncComponentWrapper ref=Ref< Proxy(Object) > > 
  at <LayoutLoader key="default" layoutProps= {ref: RefImpl} name="default" > 
  at <NuxtLayoutProvider layoutProps= {ref: RefImpl} key="default" name="default"  ... > 
  at <NuxtLayout > 
  at <App key=4 > 
  at <NuxtRoot> @ http://localhost:3001/_nuxt/@fs/home/meebuzo/github/alternate-framework/apps/ecosystem/meeovi-frontend/node_modules/@sentry/core/build/esm/instrument/console.js?v=ebf63685:42
[  339830ms] [WARNING] [Vue warn]: Avoid app logic that relies on enumerating keys on a component instance. The keys will be empty in production mode to avoid performance overhead. 
  at <VNavigationDrawer modelValue=undefined onUpdate:modelValue=fn location="right"  ... > 
  at <MenusTopmenuLayoutNotifications > 
  at <VCol class="notificationsHeader" > 
  at <VDefaultsProvider defaults= {VTabs: Object} > 
  at <VToolbar ref=Ref< Proxy(Object) > class="v-app-bar" style= {top: 0px, zIndex: 1014, transform: translateY(0px), position: fixed, height: undefined}  ... > 
  at <VAppBar id="topnav" > 
  at <MenusHeader drawer=false onToggleDrawer=fn > 
  at <ClientOnly > 
  at <VApp theme="light" class="auto-text" > 
  at <VResponsive class="border rounded" > 
  at <Default ref=Ref< Proxy(Object) > > 
  at <AsyncComponentWrapper ref=Ref< Proxy(Object) > > 
  at <LayoutLoader key="default" layoutProps= {ref: RefImpl} name="default" > 
  at <NuxtLayoutProvider layoutProps= {ref: RefImpl} key="default" name="default"  ... > 
  at <NuxtLayout > 
  at <App key=4 > 
  at <NuxtRoot> @ http://localhost:3001/_nuxt/@fs/home/meebuzo/github/alternate-framework/apps/ecosystem/meeovi-frontend/node_modules/@sentry/core/build/esm/instrument/console.js?v=ebf63685:42
[  339834ms] [WARNING] [Vue warn]: Avoid app logic that relies on enumerating keys on a component instance. The keys will be empty in production mode to avoid performance overhead. 
  at <VNavigationDrawer modelValue=undefined onUpdate:modelValue=fn location="right"  ... > 
  at <MenusTopmenuLayoutNotifications > 
  at <VCol class="notificationsHeader" > 
  at <VDefaultsProvider defaults= {VTabs: Object} > 
  at <VToolbar ref=Ref< Proxy(Object) > class="v-app-bar" style= {top: 0px, zIndex: 1014, transform: translateY(0px), position: fixed, height: undefined}  ... > 
  at <VAppBar id="topnav" > 
  at <MenusHeader drawer=false onToggleDrawer=fn > 
  at <ClientOnly > 
  at <VApp theme="light" class="auto-text" > 
  at <VResponsive class="border rounded" > 
  at <Default ref=Ref< Proxy(Object) > > 
  at <AsyncComponentWrapper ref=Ref< Proxy(Object) > > 
  at <LayoutLoader key="default" layoutProps= {ref: RefImpl} name="default" > 
  at <NuxtLayoutProvider layoutProps= {ref: RefImpl} key="default" name="default"  ... > 
  at <NuxtLayout > 
  at <App key=4 > 
  at <NuxtRoot> @ http://localhost:3001/_nuxt/@fs/home/meebuzo/github/alternate-framework/apps/ecosystem/meeovi-frontend/node_modules/@sentry/core/build/esm/instrument/console.js?v=ebf63685:42
[  339837ms] [WARNING] [Vue warn]: Avoid app logic that relies on enumerating keys on a component instance. The keys will be empty in production mode to avoid performance overhead. 
  at <VNavigationDrawer modelValue=undefined onUpdate:modelValue=fn location="right"  ... > 
  at <MenusTopmenuLayoutNotifications > 
  at <VCol class="notificationsHeader" > 
  at <VDefaultsProvider defaults= {VTabs: Object} > 
  at <VToolbar ref=Ref< Proxy(Object) > class="v-app-bar" style= {top: 0px, zIndex: 1014, transform: translateY(0px), position: fixed, height: undefined}  ... > 
  at <VAppBar id="topnav" > 
  at <MenusHeader drawer=false onToggleDrawer=fn > 
  at <ClientOnly > 
  at <VApp theme="light" class="auto-text" > 
  at <VResponsive class="border rounded" > 
  at <Default ref=Ref< Proxy(Object) > > 
  at <AsyncComponentWrapper ref=Ref< Proxy(Object) > > 
  at <LayoutLoader key="default" layoutProps= {ref: RefImpl} name="default" > 
  at <NuxtLayoutProvider layoutProps= {ref: RefImpl} key="default" name="default"  ... > 
  at <NuxtLayout > 
  at <App key=4 > 
  at <NuxtRoot> @ http://localhost:3001/_nuxt/@fs/home/meebuzo/github/alternate-framework/apps/ecosystem/meeovi-frontend/node_modules/@sentry/core/build/esm/instrument/console.js?v=ebf63685:42
[  339841ms] [WARNING] [Vue warn]: Avoid app logic that relies on enumerating keys on a component instance. The keys will be empty in production mode to avoid performance overhead. 
  at <VNavigationDrawer modelValue=undefined onUpdate:modelValue=fn location="right"  ... > 
  at <MenusTopmenuLayoutNotifications > 
  at <VCol class="notificationsHeader" > 
  at <VDefaultsProvider defaults= {VTabs: Object} > 
  at <VToolbar ref=Ref< Proxy(Object) > class="v-app-bar" style= {top: 0px, zIndex: 1014, transform: translateY(0px), position: fixed, height: undefined}  ... > 
  at <VAppBar id="topnav" > 
  at <MenusHeader drawer=false onToggleDrawer=fn > 
  at <ClientOnly > 
  at <VApp theme="light" class="auto-text" > 
  at <VResponsive class="border rounded" > 
  at <Default ref=Ref< Proxy(Object) > > 
  at <AsyncComponentWrapper ref=Ref< Proxy(Object) > > 
  at <LayoutLoader key="default" layoutProps= {ref: RefImpl} name="default" > 
  at <NuxtLayoutProvider layoutProps= {ref: RefImpl} key="default" name="default"  ... > 
  at <NuxtLayout > 
  at <App key=4 > 
  at <NuxtRoot> @ http://localhost:3001/_nuxt/@fs/home/meebuzo/github/alternate-framework/apps/ecosystem/meeovi-frontend/node_modules/@sentry/core/build/esm/instrument/console.js?v=ebf63685:42
[  339844ms] [WARNING] [Vue warn]: Avoid app logic that relies on enumerating keys on a component instance. The keys will be empty in production mode to avoid performance overhead. 
  at <VNavigationDrawer modelValue=undefined onUpdate:modelValue=fn location="right"  ... > 
  at <MenusTopmenuLayoutNotifications > 
  at <VCol class="notificationsHeader" > 
  at <VDefaultsProvider defaults= {VTabs: Object} > 
  at <VToolbar ref=Ref< Proxy(Object) > class="v-app-bar" style= {top: 0px, zIndex: 1014, transform: translateY(0px), position: fixed, height: undefined}  ... > 
  at <VAppBar id="topnav" > 
  at <MenusHeader drawer=false onToggleDrawer=fn > 
  at <ClientOnly > 
  at <VApp theme="light" class="auto-text" > 
  at <VResponsive class="border rounded" > 
  at <Default ref=Ref< Proxy(Object) > > 
  at <AsyncComponentWrapper ref=Ref< Proxy(Object) > > 
  at <LayoutLoader key="default" layoutProps= {ref: RefImpl} name="default" > 
  at <NuxtLayoutProvider layoutProps= {ref: RefImpl} key="default" name="default"  ... > 
  at <NuxtLayout > 
  at <App key=4 > 
  at <NuxtRoot> @ http://localhost:3001/_nuxt/@fs/home/meebuzo/github/alternate-framework/apps/ecosystem/meeovi-frontend/node_modules/@sentry/core/build/esm/instrument/console.js?v=ebf63685:42
[  339847ms] [WARNING] [Vue warn]: Avoid app logic that relies on enumerating keys on a component instance. The keys will be empty in production mode to avoid performance overhead. 
  at <VNavigationDrawer modelValue=undefined onUpdate:modelValue=fn location="right"  ... > 
  at <MenusTopmenuLayoutNotifications > 
  at <VCol class="notificationsHeader" > 
  at <VDefaultsProvider defaults= {VTabs: Object} > 
  at <VToolbar ref=Ref< Proxy(Object) > class="v-app-bar" style= {top: 0px, zIndex: 1014, transform: translateY(0px), position: fixed, height: undefined}  ... > 
  at <VAppBar id="topnav" > 
  at <MenusHeader drawer=false onToggleDrawer=fn > 
  at <ClientOnly > 
  at <VApp theme="light" class="auto-text" > 
  at <VResponsive class="border rounded" > 
  at <Default ref=Ref< Proxy(Object) > > 
  at <AsyncComponentWrapper ref=Ref< Proxy(Object) > > 
  at <LayoutLoader key="default" layoutProps= {ref: RefImpl} name="default" > 
  at <NuxtLayoutProvider layoutProps= {ref: RefImpl} key="default" name="default"  ... > 
  at <NuxtLayout > 
  at <App key=4 > 
  at <NuxtRoot> @ http://localhost:3001/_nuxt/@fs/home/meebuzo/github/alternate-framework/apps/ecosystem/meeovi-frontend/node_modules/@sentry/core/build/esm/instrument/console.js?v=ebf63685:42
[  339851ms] [WARNING] [Vue warn]: Avoid app logic that relies on enumerating keys on a component instance. The keys will be empty in production mode to avoid performance overhead. 
  at <VNavigationDrawer modelValue=undefined onUpdate:modelValue=fn location="right"  ... > 
  at <MenusTopmenuLayoutNotifications > 
  at <VCol class="notificationsHeader" > 
  at <VDefaultsProvider defaults= {VTabs: Object} > 
  at <VToolbar ref=Ref< Proxy(Object) > class="v-app-bar" style= {top: 0px, zIndex: 1014, transform: translateY(0px), position: fixed, height: undefined}  ... > 
  at <VAppBar id="topnav" > 
  at <MenusHeader drawer=false onToggleDrawer=fn > 
  at <ClientOnly > 
  at <VApp theme="light" class="auto-text" > 
  at <VResponsive class="border rounded" > 
  at <Default ref=Ref< Proxy(Object) > > 
  at <AsyncComponentWrapper ref=Ref< Proxy(Object) > > 
  at <LayoutLoader key="default" layoutProps= {ref: RefImpl} name="default" > 
  at <NuxtLayoutProvider layoutProps= {ref: RefImpl} key="default" name="default"  ... > 
  at <NuxtLayout > 
  at <App key=4 > 
  at <NuxtRoot> @ http://localhost:3001/_nuxt/@fs/home/meebuzo/github/alternate-framework/apps/ecosystem/meeovi-frontend/node_modules/@sentry/core/build/esm/instrument/console.js?v=ebf63685:42
[  339854ms] [WARNING] [Vue warn]: Avoid app logic that relies on enumerating keys on a component instance. The keys will be empty in production mode to avoid performance overhead. 
  at <VNavigationDrawer modelValue=undefined onUpdate:modelValue=fn location="right"  ... > 
  at <MenusTopmenuLayoutNotifications > 
  at <VCol class="notificationsHeader" > 
  at <VDefaultsProvider defaults= {VTabs: Object} > 
  at <VToolbar ref=Ref< Proxy(Object) > class="v-app-bar" style= {top: 0px, zIndex: 1014, transform: translateY(0px), position: fixed, height: undefined}  ... > 
  at <VAppBar id="topnav" > 
  at <MenusHeader drawer=false onToggleDrawer=fn > 
  at <ClientOnly > 
  at <VApp theme="light" class="auto-text" > 
  at <VResponsive class="border rounded" > 
  at <Default ref=Ref< Proxy(Object) > > 
  at <AsyncComponentWrapper ref=Ref< Proxy(Object) > > 
  at <LayoutLoader key="default" layoutProps= {ref: RefImpl} name="default" > 
  at <NuxtLayoutProvider layoutProps= {ref: RefImpl} key="default" name="default"  ... > 
  at <NuxtLayout > 
  at <App key=4 > 
  at <NuxtRoot> @ http://localhost:3001/_nuxt/@fs/home/meebuzo/github/alternate-framework/apps/ecosystem/meeovi-frontend/node_modules/@sentry/core/build/esm/instrument/console.js?v=ebf63685:42
[  339857ms] [WARNING] [Vue warn]: Avoid app logic that relies on enumerating keys on a component instance. The keys will be empty in production mode to avoid performance overhead. 
  at <VNavigationDrawer modelValue=undefined onUpdate:modelValue=fn location="right"  ... > 
  at <MenusTopmenuLayoutNotifications > 
  at <VCol class="notificationsHeader" > 
  at <VDefaultsProvider defaults= {VTabs: Object} > 
  at <VToolbar ref=Ref< Proxy(Object) > class="v-app-bar" style= {top: 0px, zIndex: 1014, transform: translateY(0px), position: fixed, height: undefined}  ... > 
  at <VAppBar id="topnav" > 
  at <MenusHeader drawer=false onToggleDrawer=fn > 
  at <ClientOnly > 
  at <VApp theme="light" class="auto-text" > 
  at <VResponsive class="border rounded" > 
  at <Default ref=Ref< Proxy(Object) > > 
  at <AsyncComponentWrapper ref=Ref< Proxy(Object) > > 
  at <LayoutLoader key="default" layoutProps= {ref: RefImpl} name="default" > 
  at <NuxtLayoutProvider layoutProps= {ref: RefImpl} key="default" name="default"  ... > 
  at <NuxtLayout > 
  at <App key=4 > 
  at <NuxtRoot> @ http://localhost:3001/_nuxt/@fs/home/meebuzo/github/alternate-framework/apps/ecosystem/meeovi-frontend/node_modules/@sentry/core/build/esm/instrument/console.js?v=ebf63685:42
[  339861ms] [WARNING] [Vue warn]: Avoid app logic that relies on enumerating keys on a component instance. The keys will be empty in production mode to avoid performance overhead. 
  at <VNavigationDrawer modelValue=undefined onUpdate:modelValue=fn location="right"  ... > 
  at <MenusTopmenuLayoutNotifications > 
  at <VCol class="notificationsHeader" > 
  at <VDefaultsProvider defaults= {VTabs: Object} > 
  at <VToolbar ref=Ref< Proxy(Object) > class="v-app-bar" style= {top: 0px, zIndex: 1014, transform: translateY(0px), position: fixed, height: undefined}  ... > 
  at <VAppBar id="topnav" > 
  at <MenusHeader drawer=false onToggleDrawer=fn > 
  at <ClientOnly > 
  at <VApp theme="light" class="auto-text" > 
  at <VResponsive class="border rounded" > 
  at <Default ref=Ref< Proxy(Object) > > 
  at <AsyncComponentWrapper ref=Ref< Proxy(Object) > > 
  at <LayoutLoader key="default" layoutProps= {ref: RefImpl} name="default" > 
  at <NuxtLayoutProvider layoutProps= {ref: RefImpl} key="default" name="default"  ... > 
  at <NuxtLayout > 
  at <App key=4 > 
  at <NuxtRoot> @ http://localhost:3001/_nuxt/@fs/home/meebuzo/github/alternate-framework/apps/ecosystem/meeovi-frontend/node_modules/@sentry/core/build/esm/instrument/console.js?v=ebf63685:42
[  339864ms] [WARNING] [Vue warn]: Avoid app logic that relies on enumerating keys on a component instance. The keys will be empty in production mode to avoid performance overhead. 
  at <VNavigationDrawer modelValue=undefined onUpdate:modelValue=fn location="right"  ... > 
  at <MenusTopmenuLayoutNotifications > 
  at <VCol class="notificationsHeader" > 
  at <VDefaultsProvider defaults= {VTabs: Object} > 
  at <VToolbar ref=Ref< Proxy(Object) > class="v-app-bar" style= {top: 0px, zIndex: 1014, transform: translateY(0px), position: fixed, height: undefined}  ... > 
  at <VAppBar id="topnav" > 
  at <MenusHeader drawer=false onToggleDrawer=fn > 
  at <ClientOnly > 
  at <VApp theme="light" class="auto-text" > 
  at <VResponsive class="border rounded" > 
  at <Default ref=Ref< Proxy(Object) > > 
  at <AsyncComponentWrapper ref=Ref< Proxy(Object) > > 
  at <LayoutLoader key="default" layoutProps= {ref: RefImpl} name="default" > 
  at <NuxtLayoutProvider layoutProps= {ref: RefImpl} key="default" name="default"  ... > 
  at <NuxtLayout > 
  at <App key=4 > 
  at <NuxtRoot> @ http://localhost:3001/_nuxt/@fs/home/meebuzo/github/alternate-framework/apps/ecosystem/meeovi-frontend/node_modules/@sentry/core/build/esm/instrument/console.js?v=ebf63685:42
[  339867ms] [WARNING] [Vue warn]: Avoid app logic that relies on enumerating keys on a component instance. The keys will be empty in production mode to avoid performance overhead. 
  at <VNavigationDrawer modelValue=undefined onUpdate:modelValue=fn location="right"  ... > 
  at <MenusTopmenuLayoutNotifications > 
  at <VCol class="notificationsHeader" > 
  at <VDefaultsProvider defaults= {VTabs: Object} > 
  at <VToolbar ref=Ref< Proxy(Object) > class="v-app-bar" style= {top: 0px, zIndex: 1014, transform: translateY(0px), position: fixed, height: undefined}  ... > 
  at <VAppBar id="topnav" > 
  at <MenusHeader drawer=false onToggleDrawer=fn > 
  at <ClientOnly > 
  at <VApp theme="light" class="auto-text" > 
  at <VResponsive class="border rounded" > 
  at <Default ref=Ref< Proxy(Object) > > 
  at <AsyncComponentWrapper ref=Ref< Proxy(Object) > > 
  at <LayoutLoader key="default" layoutProps= {ref: RefImpl} name="default" > 
  at <NuxtLayoutProvider layoutProps= {ref: RefImpl} key="default" name="default"  ... > 
  at <NuxtLayout > 
  at <App key=4 > 
  at <NuxtRoot> @ http://localhost:3001/_nuxt/@fs/home/meebuzo/github/alternate-framework/apps/ecosystem/meeovi-frontend/node_modules/@sentry/core/build/esm/instrument/console.js?v=ebf63685:42
[  339869ms] [WARNING] [Vue warn]: Avoid app logic that relies on enumerating keys on a component instance. The keys will be empty in production mode to avoid performance overhead. 
  at <VNavigationDrawer modelValue=undefined onUpdate:modelValue=fn location="right"  ... > 
  at <MenusTopmenuLayoutNotifications > 
  at <VCol class="notificationsHeader" > 
  at <VDefaultsProvider defaults= {VTabs: Object} > 
  at <VToolbar ref=Ref< Proxy(Object) > class="v-app-bar" style= {top: 0px, zIndex: 1014, transform: translateY(0px), position: fixed, height: undefined}  ... > 
  at <VAppBar id="topnav" > 
  at <MenusHeader drawer=false onToggleDrawer=fn > 
  at <ClientOnly > 
  at <VApp theme="light" class="auto-text" > 
  at <VResponsive class="border rounded" > 
  at <Default ref=Ref< Proxy(Object) > > 
  at <AsyncComponentWrapper ref=Ref< Proxy(Object) > > 
  at <LayoutLoader key="default" layoutProps= {ref: RefImpl} name="default" > 
  at <NuxtLayoutProvider layoutProps= {ref: RefImpl} key="default" name="default"  ... > 
  at <NuxtLayout > 
  at <App key=4 > 
  at <NuxtRoot> @ http://localhost:3001/_nuxt/@fs/home/meebuzo/github/alternate-framework/apps/ecosystem/meeovi-frontend/node_modules/@sentry/core/build/esm/instrument/console.js?v=ebf63685:42
[  339872ms] [WARNING] [Vue warn]: Avoid app logic that relies on enumerating keys on a component instance. The keys will be empty in production mode to avoid performance overhead. 
  at <VNavigationDrawer modelValue=undefined onUpdate:modelValue=fn location="right"  ... > 
  at <MenusTopmenuLayoutNotifications > 
  at <VCol class="notificationsHeader" > 
  at <VDefaultsProvider defaults= {VTabs: Object} > 
  at <VToolbar ref=Ref< Proxy(Object) > class="v-app-bar" style= {top: 0px, zIndex: 1014, transform: translateY(0px), position: fixed, height: undefined}  ... > 
  at <VAppBar id="topnav" > 
  at <MenusHeader drawer=false onToggleDrawer=fn > 
  at <ClientOnly > 
  at <VApp theme="light" class="auto-text" > 
  at <VResponsive class="border rounded" > 
  at <Default ref=Ref< Proxy(Object) > > 
  at <AsyncComponentWrapper ref=Ref< Proxy(Object) > > 
  at <LayoutLoader key="default" layoutProps= {ref: RefImpl} name="default" > 
  at <NuxtLayoutProvider layoutProps= {ref: RefImpl} key="default" name="default"  ... > 
  at <NuxtLayout > 
  at <App key=4 > 
  at <NuxtRoot> @ http://localhost:3001/_nuxt/@fs/home/meebuzo/github/alternate-framework/apps/ecosystem/meeovi-frontend/node_modules/@sentry/core/build/esm/instrument/console.js?v=ebf63685:42
[  339875ms] [WARNING] [Vue warn]: Avoid app logic that relies on enumerating keys on a component instance. The keys will be empty in production mode to avoid performance overhead. 
  at <VNavigationDrawer modelValue=undefined onUpdate:modelValue=fn location="right"  ... > 
  at <MenusTopmenuLayoutNotifications > 
  at <VCol class="notificationsHeader" > 
  at <VDefaultsProvider defaults= {VTabs: Object} > 
  at <VToolbar ref=Ref< Proxy(Object) > class="v-app-bar" style= {top: 0px, zIndex: 1014, transform: translateY(0px), position: fixed, height: undefined}  ... > 
  at <VAppBar id="topnav" > 
  at <MenusHeader drawer=false onToggleDrawer=fn > 
  at <ClientOnly > 
  at <VApp theme="light" class="auto-text" > 
  at <VResponsive class="border rounded" > 
  at <Default ref=Ref< Proxy(Object) > > 
  at <AsyncComponentWrapper ref=Ref< Proxy(Object) > > 
  at <LayoutLoader key="default" layoutProps= {ref: RefImpl} name="default" > 
  at <NuxtLayoutProvider layoutProps= {ref: RefImpl} key="default" name="default"  ... > 
  at <NuxtLayout > 
  at <App key=4 > 
  at <NuxtRoot> @ http://localhost:3001/_nuxt/@fs/home/meebuzo/github/alternate-framework/apps/ecosystem/meeovi-frontend/node_modules/@sentry/core/build/esm/instrument/console.js?v=ebf63685:42
[  339879ms] [WARNING] [Vue warn]: Avoid app logic that relies on enumerating keys on a component instance. The keys will be empty in production mode to avoid performance overhead. 
  at <VNavigationDrawer modelValue=undefined onUpdate:modelValue=fn location="right"  ... > 
  at <MenusTopmenuLayoutNotifications > 
  at <VCol class="notificationsHeader" > 
  at <VDefaultsProvider defaults= {VTabs: Object} > 
  at <VToolbar ref=Ref< Proxy(Object) > class="v-app-bar" style= {top: 0px, zIndex: 1014, transform: translateY(0px), position: fixed, height: undefined}  ... > 
  at <VAppBar id="topnav" > 
  at <MenusHeader drawer=false onToggleDrawer=fn > 
  at <ClientOnly > 
  at <VApp theme="light" class="auto-text" > 
  at <VResponsive class="border rounded" > 
  at <Default ref=Ref< Proxy(Object) > > 
  at <AsyncComponentWrapper ref=Ref< Proxy(Object) > > 
  at <LayoutLoader key="default" layoutProps= {ref: RefImpl} name="default" > 
  at <NuxtLayoutProvider layoutProps= {ref: RefImpl} key="default" name="default"  ... > 
  at <NuxtLayout > 
  at <App key=4 > 
  at <NuxtRoot> @ http://localhost:3001/_nuxt/@fs/home/meebuzo/github/alternate-framework/apps/ecosystem/meeovi-frontend/node_modules/@sentry/core/build/esm/instrument/console.js?v=ebf63685:42
[  339882ms] [WARNING] [Vue warn]: Avoid app logic that relies on enumerating keys on a component instance. The keys will be empty in production mode to avoid performance overhead. 
  at <VNavigationDrawer modelValue=undefined onUpdate:modelValue=fn location="right"  ... > 
  at <MenusTopmenuLayoutNotifications > 
  at <VCol class="notificationsHeader" > 
  at <VDefaultsProvider defaults= {VTabs: Object} > 
  at <VToolbar ref=Ref< Proxy(Object) > class="v-app-bar" style= {top: 0px, zIndex: 1014, transform: translateY(0px), position: fixed, height: undefined}  ... > 
  at <VAppBar id="topnav" > 
  at <MenusHeader drawer=false onToggleDrawer=fn > 
  at <ClientOnly > 
  at <VApp theme="light" class="auto-text" > 
  at <VResponsive class="border rounded" > 
  at <Default ref=Ref< Proxy(Object) > > 
  at <AsyncComponentWrapper ref=Ref< Proxy(Object) > > 
  at <LayoutLoader key="default" layoutProps= {ref: RefImpl} name="default" > 
  at <NuxtLayoutProvider layoutProps= {ref: RefImpl} key="default" name="default"  ... > 
  at <NuxtLayout > 
  at <App key=4 > 
  at <NuxtRoot> @ http://localhost:3001/_nuxt/@fs/home/meebuzo/github/alternate-framework/apps/ecosystem/meeovi-frontend/node_modules/@sentry/core/build/esm/instrument/console.js?v=ebf63685:42
[  339885ms] [WARNING] [Vue warn]: Avoid app logic that relies on enumerating keys on a component instance. The keys will be empty in production mode to avoid performance overhead. 
  at <VNavigationDrawer modelValue=undefined onUpdate:modelValue=fn location="right"  ... > 
  at <MenusTopmenuLayoutNotifications > 
  at <VCol class="notificationsHeader" > 
  at <VDefaultsProvider defaults= {VTabs: Object} > 
  at <VToolbar ref=Ref< Proxy(Object) > class="v-app-bar" style= {top: 0px, zIndex: 1014, transform: translateY(0px), position: fixed, height: undefined}  ... > 
  at <VAppBar id="topnav" > 
  at <MenusHeader drawer=false onToggleDrawer=fn > 
  at <ClientOnly > 
  at <VApp theme="light" class="auto-text" > 
  at <VResponsive class="border rounded" > 
  at <Default ref=Ref< Proxy(Object) > > 
  at <AsyncComponentWrapper ref=Ref< Proxy(Object) > > 
  at <LayoutLoader key="default" layoutProps= {ref: RefImpl} name="default" > 
  at <NuxtLayoutProvider layoutProps= {ref: RefImpl} key="default" name="default"  ... > 
  at <NuxtLayout > 
  at <App key=4 > 
  at <NuxtRoot> @ http://localhost:3001/_nuxt/@fs/home/meebuzo/github/alternate-framework/apps/ecosystem/meeovi-frontend/node_modules/@sentry/core/build/esm/instrument/console.js?v=ebf63685:42
[  339889ms] [WARNING] [Vue warn]: Avoid app logic that relies on enumerating keys on a component instance. The keys will be empty in production mode to avoid performance overhead. 
  at <VNavigationDrawer modelValue=undefined onUpdate:modelValue=fn location="right"  ... > 
  at <MenusTopmenuLayoutNotifications > 
  at <VCol class="notificationsHeader" > 
  at <VDefaultsProvider defaults= {VTabs: Object} > 
  at <VToolbar ref=Ref< Proxy(Object) > class="v-app-bar" style= {top: 0px, zIndex: 1014, transform: translateY(0px), position: fixed, height: undefined}  ... > 
  at <VAppBar id="topnav" > 
  at <MenusHeader drawer=false onToggleDrawer=fn > 
  at <ClientOnly > 
  at <VApp theme="light" class="auto-text" > 
  at <VResponsive class="border rounded" > 
  at <Default ref=Ref< Proxy(Object) > > 
  at <AsyncComponentWrapper ref=Ref< Proxy(Object) > > 
  at <LayoutLoader key="default" layoutProps= {ref: RefImpl} name="default" > 
  at <NuxtLayoutProvider layoutProps= {ref: RefImpl} key="default" name="default"  ... > 
  at <NuxtLayout > 
  at <App key=4 > 
  at <NuxtRoot> @ http://localhost:3001/_nuxt/@fs/home/meebuzo/github/alternate-framework/apps/ecosystem/meeovi-frontend/node_modules/@sentry/core/build/esm/instrument/console.js?v=ebf63685:42
[  339892ms] [WARNING] [Vue warn]: Avoid app logic that relies on enumerating keys on a component instance. The keys will be empty in production mode to avoid performance overhead. 
  at <VNavigationDrawer modelValue=undefined onUpdate:modelValue=fn location="right"  ... > 
  at <MenusTopmenuLayoutNotifications > 
  at <VCol class="notificationsHeader" > 
  at <VDefaultsProvider defaults= {VTabs: Object} > 
  at <VToolbar ref=Ref< Proxy(Object) > class="v-app-bar" style= {top: 0px, zIndex: 1014, transform: translateY(0px), position: fixed, height: undefined}  ... > 
  at <VAppBar id="topnav" > 
  at <MenusHeader drawer=false onToggleDrawer=fn > 
  at <ClientOnly > 
  at <VApp theme="light" class="auto-text" > 
  at <VResponsive class="border rounded" > 
  at <Default ref=Ref< Proxy(Object) > > 
  at <AsyncComponentWrapper ref=Ref< Proxy(Object) > > 
  at <LayoutLoader key="default" layoutProps= {ref: RefImpl} name="default" > 
  at <NuxtLayoutProvider layoutProps= {ref: RefImpl} key="default" name="default"  ... > 
  at <NuxtLayout > 
  at <App key=4 > 
  at <NuxtRoot> @ http://localhost:3001/_nuxt/@fs/home/meebuzo/github/alternate-framework/apps/ecosystem/meeovi-frontend/node_modules/@sentry/core/build/esm/instrument/console.js?v=ebf63685:42
[  339896ms] [WARNING] [Vue warn]: Avoid app logic that relies on enumerating keys on a component instance. The keys will be empty in production mode to avoid performance overhead. 
  at <VNavigationDrawer modelValue=undefined onUpdate:modelValue=fn location="right"  ... > 
  at <MenusTopmenuLayoutNotifications > 
  at <VCol class="notificationsHeader" > 
  at <VDefaultsProvider defaults= {VTabs: Object} > 
  at <VToolbar ref=Ref< Proxy(Object) > class="v-app-bar" style= {top: 0px, zIndex: 1014, transform: translateY(0px), position: fixed, height: undefined}  ... > 
  at <VAppBar id="topnav" > 
  at <MenusHeader drawer=false onToggleDrawer=fn > 
  at <ClientOnly > 
  at <VApp theme="light" class="auto-text" > 
  at <VResponsive class="border rounded" > 
  at <Default ref=Ref< Proxy(Object) > > 
  at <AsyncComponentWrapper ref=Ref< Proxy(Object) > > 
  at <LayoutLoader key="default" layoutProps= {ref: RefImpl} name="default" > 
  at <NuxtLayoutProvider layoutProps= {ref: RefImpl} key="default" name="default"  ... > 
  at <NuxtLayout > 
  at <App key=4 > 
  at <NuxtRoot> @ http://localhost:3001/_nuxt/@fs/home/meebuzo/github/alternate-framework/apps/ecosystem/meeovi-frontend/node_modules/@sentry/core/build/esm/instrument/console.js?v=ebf63685:42
[  339899ms] [WARNING] [Vue warn]: Avoid app logic that relies on enumerating keys on a component instance. The keys will be empty in production mode to avoid performance overhead. 
  at <VNavigationDrawer modelValue=undefined onUpdate:modelValue=fn location="right"  ... > 
  at <MenusTopmenuLayoutNotifications > 
  at <VCol class="notificationsHeader" > 
  at <VDefaultsProvider defaults= {VTabs: Object} > 
  at <VToolbar ref=Ref< Proxy(Object) > class="v-app-bar" style= {top: 0px, zIndex: 1014, transform: translateY(0px), position: fixed, height: undefined}  ... > 
  at <VAppBar id="topnav" > 
  at <MenusHeader drawer=false onToggleDrawer=fn > 
  at <ClientOnly > 
  at <VApp theme="light" class="auto-text" > 
  at <VResponsive class="border rounded" > 
  at <Default ref=Ref< Proxy(Object) > > 
  at <AsyncComponentWrapper ref=Ref< Proxy(Object) > > 
  at <LayoutLoader key="default" layoutProps= {ref: RefImpl} name="default" > 
  at <NuxtLayoutProvider layoutProps= {ref: RefImpl} key="default" name="default"  ... > 
  at <NuxtLayout > 
  at <App key=4 > 
  at <NuxtRoot> @ http://localhost:3001/_nuxt/@fs/home/meebuzo/github/alternate-framework/apps/ecosystem/meeovi-frontend/node_modules/@sentry/core/build/esm/instrument/console.js?v=ebf63685:42
[  339902ms] [WARNING] [Vue warn]: Avoid app logic that relies on enumerating keys on a component instance. The keys will be empty in production mode to avoid performance overhead. 
  at <VNavigationDrawer modelValue=undefined onUpdate:modelValue=fn location="right"  ... > 
  at <MenusTopmenuLayoutNotifications > 
  at <VCol class="notificationsHeader" > 
  at <VDefaultsProvider defaults= {VTabs: Object} > 
  at <VToolbar ref=Ref< Proxy(Object) > class="v-app-bar" style= {top: 0px, zIndex: 1014, transform: translateY(0px), position: fixed, height: undefined}  ... > 
  at <VAppBar id="topnav" > 
  at <MenusHeader drawer=false onToggleDrawer=fn > 
  at <ClientOnly > 
  at <VApp theme="light" class="auto-text" > 
  at <VResponsive class="border rounded" > 
  at <Default ref=Ref< Proxy(Object) > > 
  at <AsyncComponentWrapper ref=Ref< Proxy(Object) > > 
  at <LayoutLoader key="default" layoutProps= {ref: RefImpl} name="default" > 
  at <NuxtLayoutProvider layoutProps= {ref: RefImpl} key="default" name="default"  ... > 
  at <NuxtLayout > 
  at <App key=4 > 
  at <NuxtRoot> @ http://localhost:3001/_nuxt/@fs/home/meebuzo/github/alternate-framework/apps/ecosystem/meeovi-frontend/node_modules/@sentry/core/build/esm/instrument/console.js?v=ebf63685:42
[  339906ms] [WARNING] [Vue warn]: Avoid app logic that relies on enumerating keys on a component instance. The keys will be empty in production mode to avoid performance overhead. 
  at <VNavigationDrawer modelValue=undefined onUpdate:modelValue=fn location="right"  ... > 
  at <MenusTopmenuLayoutNotifications > 
  at <VCol class="notificationsHeader" > 
  at <VDefaultsProvider defaults= {VTabs: Object} > 
  at <VToolbar ref=Ref< Proxy(Object) > class="v-app-bar" style= {top: 0px, zIndex: 1014, transform: translateY(0px), position: fixed, height: undefined}  ... > 
  at <VAppBar id="topnav" > 
  at <MenusHeader drawer=false onToggleDrawer=fn > 
  at <ClientOnly > 
  at <VApp theme="light" class="auto-text" > 
  at <VResponsive class="border rounded" > 
  at <Default ref=Ref< Proxy(Object) > > 
  at <AsyncComponentWrapper ref=Ref< Proxy(Object) > > 
  at <LayoutLoader key="default" layoutProps= {ref: RefImpl} name="default" > 
  at <NuxtLayoutProvider layoutProps= {ref: RefImpl} key="default" name="default"  ... > 
  at <NuxtLayout > 
  at <App key=4 > 
  at <NuxtRoot> @ http://localhost:3001/_nuxt/@fs/home/meebuzo/github/alternate-framework/apps/ecosystem/meeovi-frontend/node_modules/@sentry/core/build/esm/instrument/console.js?v=ebf63685:42
[  339909ms] [WARNING] [Vue warn]: Avoid app logic that relies on enumerating keys on a component instance. The keys will be empty in production mode to avoid performance overhead. 
  at <VNavigationDrawer modelValue=undefined onUpdate:modelValue=fn location="right"  ... > 
  at <MenusTopmenuLayoutNotifications > 
  at <VCol class="notificationsHeader" > 
  at <VDefaultsProvider defaults= {VTabs: Object} > 
  at <VToolbar ref=Ref< Proxy(Object) > class="v-app-bar" style= {top: 0px, zIndex: 1014, transform: translateY(0px), position: fixed, height: undefined}  ... > 
  at <VAppBar id="topnav" > 
  at <MenusHeader drawer=false onToggleDrawer=fn > 
  at <ClientOnly > 
  at <VApp theme="light" class="auto-text" > 
  at <VResponsive class="border rounded" > 
  at <Default ref=Ref< Proxy(Object) > > 
  at <AsyncComponentWrapper ref=Ref< Proxy(Object) > > 
  at <LayoutLoader key="default" layoutProps= {ref: RefImpl} name="default" > 
  at <NuxtLayoutProvider layoutProps= {ref: RefImpl} key="default" name="default"  ... > 
  at <NuxtLayout > 
  at <App key=4 > 
  at <NuxtRoot> @ http://localhost:3001/_nuxt/@fs/home/meebuzo/github/alternate-framework/apps/ecosystem/meeovi-frontend/node_modules/@sentry/core/build/esm/instrument/console.js?v=ebf63685:42
[  339913ms] [WARNING] [Vue warn]: Avoid app logic that relies on enumerating keys on a component instance. The keys will be empty in production mode to avoid performance overhead. 
  at <VNavigationDrawer modelValue=undefined onUpdate:modelValue=fn location="right"  ... > 
  at <MenusTopmenuLayoutNotifications > 
  at <VCol class="notificationsHeader" > 
  at <VDefaultsProvider defaults= {VTabs: Object} > 
  at <VToolbar ref=Ref< Proxy(Object) > class="v-app-bar" style= {top: 0px, zIndex: 1014, transform: translateY(0px), position: fixed, height: undefined}  ... > 
  at <VAppBar id="topnav" > 
  at <MenusHeader drawer=false onToggleDrawer=fn > 
  at <ClientOnly > 
  at <VApp theme="light" class="auto-text" > 
  at <VResponsive class="border rounded" > 
  at <Default ref=Ref< Proxy(Object) > > 
  at <AsyncComponentWrapper ref=Ref< Proxy(Object) > > 
  at <LayoutLoader key="default" layoutProps= {ref: RefImpl} name="default" > 
  at <NuxtLayoutProvider layoutProps= {ref: RefImpl} key="default" name="default"  ... > 
  at <NuxtLayout > 
  at <App key=4 > 
  at <NuxtRoot> @ http://localhost:3001/_nuxt/@fs/home/meebuzo/github/alternate-framework/apps/ecosystem/meeovi-frontend/node_modules/@sentry/core/build/esm/instrument/console.js?v=ebf63685:42
[  339916ms] [WARNING] [Vue warn]: Avoid app logic that relies on enumerating keys on a component instance. The keys will be empty in production mode to avoid performance overhead. 
  at <VNavigationDrawer modelValue=undefined onUpdate:modelValue=fn location="right"  ... > 
  at <MenusTopmenuLayoutNotifications > 
  at <VCol class="notificationsHeader" > 
  at <VDefaultsProvider defaults= {VTabs: Object} > 
  at <VToolbar ref=Ref< Proxy(Object) > class="v-app-bar" style= {top: 0px, zIndex: 1014, transform: translateY(0px), position: fixed, height: undefined}  ... > 
  at <VAppBar id="topnav" > 
  at <MenusHeader drawer=false onToggleDrawer=fn > 
  at <ClientOnly > 
  at <VApp theme="light" class="auto-text" > 
  at <VResponsive class="border rounded" > 
  at <Default ref=Ref< Proxy(Object) > > 
  at <AsyncComponentWrapper ref=Ref< Proxy(Object) > > 
  at <LayoutLoader key="default" layoutProps= {ref: RefImpl} name="default" > 
  at <NuxtLayoutProvider layoutProps= {ref: RefImpl} key="default" name="default"  ... > 
  at <NuxtLayout > 
  at <App key=4 > 
  at <NuxtRoot> @ http://localhost:3001/_nuxt/@fs/home/meebuzo/github/alternate-framework/apps/ecosystem/meeovi-frontend/node_modules/@sentry/core/build/esm/instrument/console.js?v=ebf63685:42
[  339919ms] [WARNING] [Vue warn]: Avoid app logic that relies on enumerating keys on a component instance. The keys will be empty in production mode to avoid performance overhead. 
  at <VNavigationDrawer modelValue=undefined onUpdate:modelValue=fn location="right"  ... > 
  at <MenusTopmenuLayoutNotifications > 
  at <VCol class="notificationsHeader" > 
  at <VDefaultsProvider defaults= {VTabs: Object} > 
  at <VToolbar ref=Ref< Proxy(Object) > class="v-app-bar" style= {top: 0px, zIndex: 1014, transform: translateY(0px), position: fixed, height: undefined}  ... > 
  at <VAppBar id="topnav" > 
  at <MenusHeader drawer=false onToggleDrawer=fn > 
  at <ClientOnly > 
  at <VApp theme="light" class="auto-text" > 
  at <VResponsive class="border rounded" > 
  at <Default ref=Ref< Proxy(Object) > > 
  at <AsyncComponentWrapper ref=Ref< Proxy(Object) > > 
  at <LayoutLoader key="default" layoutProps= {ref: RefImpl} name="default" > 
  at <NuxtLayoutProvider layoutProps= {ref: RefImpl} key="default" name="default"  ... > 
  at <NuxtLayout > 
  at <App key=4 > 
  at <NuxtRoot> @ http://localhost:3001/_nuxt/@fs/home/meebuzo/github/alternate-framework/apps/ecosystem/meeovi-frontend/node_modules/@sentry/core/build/esm/instrument/console.js?v=ebf63685:42
[  339922ms] [WARNING] [Vue warn]: Avoid app logic that relies on enumerating keys on a component instance. The keys will be empty in production mode to avoid performance overhead. 
  at <VNavigationDrawer modelValue=undefined onUpdate:modelValue=fn location="right"  ... > 
  at <MenusTopmenuLayoutNotifications > 
  at <VCol class="notificationsHeader" > 
  at <VDefaultsProvider defaults= {VTabs: Object} > 
  at <VToolbar ref=Ref< Proxy(Object) > class="v-app-bar" style= {top: 0px, zIndex: 1014, transform: translateY(0px), position: fixed, height: undefined}  ... > 
  at <VAppBar id="topnav" > 
  at <MenusHeader drawer=false onToggleDrawer=fn > 
  at <ClientOnly > 
  at <VApp theme="light" class="auto-text" > 
  at <VResponsive class="border rounded" > 
  at <Default ref=Ref< Proxy(Object) > > 
  at <AsyncComponentWrapper ref=Ref< Proxy(Object) > > 
  at <LayoutLoader key="default" layoutProps= {ref: RefImpl} name="default" > 
  at <NuxtLayoutProvider layoutProps= {ref: RefImpl} key="default" name="default"  ... > 
  at <NuxtLayout > 
  at <App key=4 > 
  at <NuxtRoot> @ http://localhost:3001/_nuxt/@fs/home/meebuzo/github/alternate-framework/apps/ecosystem/meeovi-frontend/node_modules/@sentry/core/build/esm/instrument/console.js?v=ebf63685:42
[  339925ms] [WARNING] [Vue warn]: Avoid app logic that relies on enumerating keys on a component instance. The keys will be empty in production mode to avoid performance overhead. 
  at <VNavigationDrawer modelValue=undefined onUpdate:modelValue=fn location="right"  ... > 
  at <MenusTopmenuLayoutNotifications > 
  at <VCol class="notificationsHeader" > 
  at <VDefaultsProvider defaults= {VTabs: Object} > 
  at <VToolbar ref=Ref< Proxy(Object) > class="v-app-bar" style= {top: 0px, zIndex: 1014, transform: translateY(0px), position: fixed, height: undefined}  ... > 
  at <VAppBar id="topnav" > 
  at <MenusHeader drawer=false onToggleDrawer=fn > 
  at <ClientOnly > 
  at <VApp theme="light" class="auto-text" > 
  at <VResponsive class="border rounded" > 
  at <Default ref=Ref< Proxy(Object) > > 
  at <AsyncComponentWrapper ref=Ref< Proxy(Object) > > 
  at <LayoutLoader key="default" layoutProps= {ref: RefImpl} name="default" > 
  at <NuxtLayoutProvider layoutProps= {ref: RefImpl} key="default" name="default"  ... > 
  at <NuxtLayout > 
  at <App key=4 > 
  at <NuxtRoot> @ http://localhost:3001/_nuxt/@fs/home/meebuzo/github/alternate-framework/apps/ecosystem/meeovi-frontend/node_modules/@sentry/core/build/esm/instrument/console.js?v=ebf63685:42
[  339928ms] [WARNING] [Vue warn]: Avoid app logic that relies on enumerating keys on a component instance. The keys will be empty in production mode to avoid performance overhead. 
  at <VNavigationDrawer modelValue=undefined onUpdate:modelValue=fn location="right"  ... > 
  at <MenusTopmenuLayoutNotifications > 
  at <VCol class="notificationsHeader" > 
  at <VDefaultsProvider defaults= {VTabs: Object} > 
  at <VToolbar ref=Ref< Proxy(Object) > class="v-app-bar" style= {top: 0px, zIndex: 1014, transform: translateY(0px), position: fixed, height: undefined}  ... > 
  at <VAppBar id="topnav" > 
  at <MenusHeader drawer=false onToggleDrawer=fn > 
  at <ClientOnly > 
  at <VApp theme="light" class="auto-text" > 
  at <VResponsive class="border rounded" > 
  at <Default ref=Ref< Proxy(Object) > > 
  at <AsyncComponentWrapper ref=Ref< Proxy(Object) > > 
  at <LayoutLoader key="default" layoutProps= {ref: RefImpl} name="default" > 
  at <NuxtLayoutProvider layoutProps= {ref: RefImpl} key="default" name="default"  ... > 
  at <NuxtLayout > 
  at <App key=4 > 
  at <NuxtRoot> @ http://localhost:3001/_nuxt/@fs/home/meebuzo/github/alternate-framework/apps/ecosystem/meeovi-frontend/node_modules/@sentry/core/build/esm/instrument/console.js?v=ebf63685:42
[  339931ms] [WARNING] [Vue warn]: Avoid app logic that relies on enumerating keys on a component instance. The keys will be empty in production mode to avoid performance overhead. 
  at <VNavigationDrawer modelValue=undefined onUpdate:modelValue=fn location="right"  ... > 
  at <MenusTopmenuLayoutNotifications > 
  at <VCol class="notificationsHeader" > 
  at <VDefaultsProvider defaults= {VTabs: Object} > 
  at <VToolbar ref=Ref< Proxy(Object) > class="v-app-bar" style= {top: 0px, zIndex: 1014, transform: translateY(0px), position: fixed, height: undefined}  ... > 
  at <VAppBar id="topnav" > 
  at <MenusHeader drawer=false onToggleDrawer=fn > 
  at <ClientOnly > 
  at <VApp theme="light" class="auto-text" > 
  at <VResponsive class="border rounded" > 
  at <Default ref=Ref< Proxy(Object) > > 
  at <AsyncComponentWrapper ref=Ref< Proxy(Object) > > 
  at <LayoutLoader key="default" layoutProps= {ref: RefImpl} name="default" > 
  at <NuxtLayoutProvider layoutProps= {ref: RefImpl} key="default" name="default"  ... > 
  at <NuxtLayout > 
  at <App key=4 > 
  at <NuxtRoot> @ http://localhost:3001/_nuxt/@fs/home/meebuzo/github/alternate-framework/apps/ecosystem/meeovi-frontend/node_modules/@sentry/core/build/esm/instrument/console.js?v=ebf63685:42
[  339933ms] [WARNING] [Vue warn]: Avoid app logic that relies on enumerating keys on a component instance. The keys will be empty in production mode to avoid performance overhead. 
  at <VNavigationDrawer modelValue=undefined onUpdate:modelValue=fn location="right"  ... > 
  at <MenusTopmenuLayoutNotifications > 
  at <VCol class="notificationsHeader" > 
  at <VDefaultsProvider defaults= {VTabs: Object} > 
  at <VToolbar ref=Ref< Proxy(Object) > class="v-app-bar" style= {top: 0px, zIndex: 1014, transform: translateY(0px), position: fixed, height: undefined}  ... > 
  at <VAppBar id="topnav" > 
  at <MenusHeader drawer=false onToggleDrawer=fn > 
  at <ClientOnly > 
  at <VApp theme="light" class="auto-text" > 
  at <VResponsive class="border rounded" > 
  at <Default ref=Ref< Proxy(Object) > > 
  at <AsyncComponentWrapper ref=Ref< Proxy(Object) > > 
  at <LayoutLoader key="default" layoutProps= {ref: RefImpl} name="default" > 
  at <NuxtLayoutProvider layoutProps= {ref: RefImpl} key="default" name="default"  ... > 
  at <NuxtLayout > 
  at <App key=4 > 
  at <NuxtRoot> @ http://localhost:3001/_nuxt/@fs/home/meebuzo/github/alternate-framework/apps/ecosystem/meeovi-frontend/node_modules/@sentry/core/build/esm/instrument/console.js?v=ebf63685:42
[  339936ms] [WARNING] [Vue warn]: Avoid app logic that relies on enumerating keys on a component instance. The keys will be empty in production mode to avoid performance overhead. 
  at <VNavigationDrawer modelValue=undefined onUpdate:modelValue=fn location="right"  ... > 
  at <MenusTopmenuLayoutNotifications > 
  at <VCol class="notificationsHeader" > 
  at <VDefaultsProvider defaults= {VTabs: Object} > 
  at <VToolbar ref=Ref< Proxy(Object) > class="v-app-bar" style= {top: 0px, zIndex: 1014, transform: translateY(0px), position: fixed, height: undefined}  ... > 
  at <VAppBar id="topnav" > 
  at <MenusHeader drawer=false onToggleDrawer=fn > 
  at <ClientOnly > 
  at <VApp theme="light" class="auto-text" > 
  at <VResponsive class="border rounded" > 
  at <Default ref=Ref< Proxy(Object) > > 
  at <AsyncComponentWrapper ref=Ref< Proxy(Object) > > 
  at <LayoutLoader key="default" layoutProps= {ref: RefImpl} name="default" > 
  at <NuxtLayoutProvider layoutProps= {ref: RefImpl} key="default" name="default"  ... > 
  at <NuxtLayout > 
  at <App key=4 > 
  at <NuxtRoot> @ http://localhost:3001/_nuxt/@fs/home/meebuzo/github/alternate-framework/apps/ecosystem/meeovi-frontend/node_modules/@sentry/core/build/esm/instrument/console.js?v=ebf63685:42
[  339939ms] [WARNING] [Vue warn]: Avoid app logic that relies on enumerating keys on a component instance. The keys will be empty in production mode to avoid performance overhead. 
  at <VNavigationDrawer modelValue=undefined onUpdate:modelValue=fn location="right"  ... > 
  at <MenusTopmenuLayoutNotifications > 
  at <VCol class="notificationsHeader" > 
  at <VDefaultsProvider defaults= {VTabs: Object} > 
  at <VToolbar ref=Ref< Proxy(Object) > class="v-app-bar" style= {top: 0px, zIndex: 1014, transform: translateY(0px), position: fixed, height: undefined}  ... > 
  at <VAppBar id="topnav" > 
  at <MenusHeader drawer=false onToggleDrawer=fn > 
  at <ClientOnly > 
  at <VApp theme="light" class="auto-text" > 
  at <VResponsive class="border rounded" > 
  at <Default ref=Ref< Proxy(Object) > > 
  at <AsyncComponentWrapper ref=Ref< Proxy(Object) > > 
  at <LayoutLoader key="default" layoutProps= {ref: RefImpl} name="default" > 
  at <NuxtLayoutProvider layoutProps= {ref: RefImpl} key="default" name="default"  ... > 
  at <NuxtLayout > 
  at <App key=4 > 
  at <NuxtRoot> @ http://localhost:3001/_nuxt/@fs/home/meebuzo/github/alternate-framework/apps/ecosystem/meeovi-frontend/node_modules/@sentry/core/build/esm/instrument/console.js?v=ebf63685:42
[  339942ms] [WARNING] [Vue warn]: Avoid app logic that relies on enumerating keys on a component instance. The keys will be empty in production mode to avoid performance overhead. 
  at <VNavigationDrawer modelValue=undefined onUpdate:modelValue=fn location="right"  ... > 
  at <MenusTopmenuLayoutNotifications > 
  at <VCol class="notificationsHeader" > 
  at <VDefaultsProvider defaults= {VTabs: Object} > 
  at <VToolbar ref=Ref< Proxy(Object) > class="v-app-bar" style= {top: 0px, zIndex: 1014, transform: translateY(0px), position: fixed, height: undefined}  ... > 
  at <VAppBar id="topnav" > 
  at <MenusHeader drawer=false onToggleDrawer=fn > 
  at <ClientOnly > 
  at <VApp theme="light" class="auto-text" > 
  at <VResponsive class="border rounded" > 
  at <Default ref=Ref< Proxy(Object) > > 
  at <AsyncComponentWrapper ref=Ref< Proxy(Object) > > 
  at <LayoutLoader key="default" layoutProps= {ref: RefImpl} name="default" > 
  at <NuxtLayoutProvider layoutProps= {ref: RefImpl} key="default" name="default"  ... > 
  at <NuxtLayout > 
  at <App key=4 > 
  at <NuxtRoot> @ http://localhost:3001/_nuxt/@fs/home/meebuzo/github/alternate-framework/apps/ecosystem/meeovi-frontend/node_modules/@sentry/core/build/esm/instrument/console.js?v=ebf63685:42
[  339945ms] [WARNING] [Vue warn]: Avoid app logic that relies on enumerating keys on a component instance. The keys will be empty in production mode to avoid performance overhead. 
  at <VNavigationDrawer modelValue=undefined onUpdate:modelValue=fn location="right"  ... > 
  at <MenusTopmenuLayoutNotifications > 
  at <VCol class="notificationsHeader" > 
  at <VDefaultsProvider defaults= {VTabs: Object} > 
  at <VToolbar ref=Ref< Proxy(Object) > class="v-app-bar" style= {top: 0px, zIndex: 1014, transform: translateY(0px), position: fixed, height: undefined}  ... > 
  at <VAppBar id="topnav" > 
  at <MenusHeader drawer=false onToggleDrawer=fn > 
  at <ClientOnly > 
  at <VApp theme="light" class="auto-text" > 
  at <VResponsive class="border rounded" > 
  at <Default ref=Ref< Proxy(Object) > > 
  at <AsyncComponentWrapper ref=Ref< Proxy(Object) > > 
  at <LayoutLoader key="default" layoutProps= {ref: RefImpl} name="default" > 
  at <NuxtLayoutProvider layoutProps= {ref: RefImpl} key="default" name="default"  ... > 
  at <NuxtLayout > 
  at <App key=4 > 
  at <NuxtRoot> @ http://localhost:3001/_nuxt/@fs/home/meebuzo/github/alternate-framework/apps/ecosystem/meeovi-frontend/node_modules/@sentry/core/build/esm/instrument/console.js?v=ebf63685:42
[  339947ms] [WARNING] [Vue warn]: Avoid app logic that relies on enumerating keys on a component instance. The keys will be empty in production mode to avoid performance overhead. 
  at <VNavigationDrawer modelValue=undefined onUpdate:modelValue=fn location="right"  ... > 
  at <MenusTopmenuLayoutNotifications > 
  at <VCol class="notificationsHeader" > 
  at <VDefaultsProvider defaults= {VTabs: Object} > 
  at <VToolbar ref=Ref< Proxy(Object) > class="v-app-bar" style= {top: 0px, zIndex: 1014, transform: translateY(0px), position: fixed, height: undefined}  ... > 
  at <VAppBar id="topnav" > 
  at <MenusHeader drawer=false onToggleDrawer=fn > 
  at <ClientOnly > 
  at <VApp theme="light" class="auto-text" > 
  at <VResponsive class="border rounded" > 
  at <Default ref=Ref< Proxy(Object) > > 
  at <AsyncComponentWrapper ref=Ref< Proxy(Object) > > 
  at <LayoutLoader key="default" layoutProps= {ref: RefImpl} name="default" > 
  at <NuxtLayoutProvider layoutProps= {ref: RefImpl} key="default" name="default"  ... > 
  at <NuxtLayout > 
  at <App key=4 > 
  at <NuxtRoot> @ http://localhost:3001/_nuxt/@fs/home/meebuzo/github/alternate-framework/apps/ecosystem/meeovi-frontend/node_modules/@sentry/core/build/esm/instrument/console.js?v=ebf63685:42
[  339951ms] [WARNING] [Vue warn]: Avoid app logic that relies on enumerating keys on a component instance. The keys will be empty in production mode to avoid performance overhead. 
  at <VNavigationDrawer modelValue=undefined onUpdate:modelValue=fn location="right"  ... > 
  at <MenusTopmenuLayoutNotifications > 
  at <VCol class="notificationsHeader" > 
  at <VDefaultsProvider defaults= {VTabs: Object} > 
  at <VToolbar ref=Ref< Proxy(Object) > class="v-app-bar" style= {top: 0px, zIndex: 1014, transform: translateY(0px), position: fixed, height: undefined}  ... > 
  at <VAppBar id="topnav" > 
  at <MenusHeader drawer=false onToggleDrawer=fn > 
  at <ClientOnly > 
  at <VApp theme="light" class="auto-text" > 
  at <VResponsive class="border rounded" > 
  at <Default ref=Ref< Proxy(Object) > > 
  at <AsyncComponentWrapper ref=Ref< Proxy(Object) > > 
  at <LayoutLoader key="default" layoutProps= {ref: RefImpl} name="default" > 
  at <NuxtLayoutProvider layoutProps= {ref: RefImpl} key="default" name="default"  ... > 
  at <NuxtLayout > 
  at <App key=4 > 
  at <NuxtRoot> @ http://localhost:3001/_nuxt/@fs/home/meebuzo/github/alternate-framework/apps/ecosystem/meeovi-frontend/node_modules/@sentry/core/build/esm/instrument/console.js?v=ebf63685:42
[  339954ms] [WARNING] [Vue warn]: Avoid app logic that relies on enumerating keys on a component instance. The keys will be empty in production mode to avoid performance overhead. 
  at <VNavigationDrawer modelValue=undefined onUpdate:modelValue=fn location="right"  ... > 
  at <MenusTopmenuLayoutNotifications > 
  at <VCol class="notificationsHeader" > 
  at <VDefaultsProvider defaults= {VTabs: Object} > 
  at <VToolbar ref=Ref< Proxy(Object) > class="v-app-bar" style= {top: 0px, zIndex: 1014, transform: translateY(0px), position: fixed, height: undefined}  ... > 
  at <VAppBar id="topnav" > 
  at <MenusHeader drawer=false onToggleDrawer=fn > 
  at <ClientOnly > 
  at <VApp theme="light" class="auto-text" > 
  at <VResponsive class="border rounded" > 
  at <Default ref=Ref< Proxy(Object) > > 
  at <AsyncComponentWrapper ref=Ref< Proxy(Object) > > 
  at <LayoutLoader key="default" layoutProps= {ref: RefImpl} name="default" > 
  at <NuxtLayoutProvider layoutProps= {ref: RefImpl} key="default" name="default"  ... > 
  at <NuxtLayout > 
  at <App key=4 > 
  at <NuxtRoot> @ http://localhost:3001/_nuxt/@fs/home/meebuzo/github/alternate-framework/apps/ecosystem/meeovi-frontend/node_modules/@sentry/core/build/esm/instrument/console.js?v=ebf63685:42
[  339957ms] [WARNING] [Vue warn]: Avoid app logic that relies on enumerating keys on a component instance. The keys will be empty in production mode to avoid performance overhead. 
  at <VNavigationDrawer modelValue=undefined onUpdate:modelValue=fn location="right"  ... > 
  at <MenusTopmenuLayoutNotifications > 
  at <VCol class="notificationsHeader" > 
  at <VDefaultsProvider defaults= {VTabs: Object} > 
  at <VToolbar ref=Ref< Proxy(Object) > class="v-app-bar" style= {top: 0px, zIndex: 1014, transform: translateY(0px), position: fixed, height: undefined}  ... > 
  at <VAppBar id="topnav" > 
  at <MenusHeader drawer=false onToggleDrawer=fn > 
  at <ClientOnly > 
  at <VApp theme="light" class="auto-text" > 
  at <VResponsive class="border rounded" > 
  at <Default ref=Ref< Proxy(Object) > > 
  at <AsyncComponentWrapper ref=Ref< Proxy(Object) > > 
  at <LayoutLoader key="default" layoutProps= {ref: RefImpl} name="default" > 
  at <NuxtLayoutProvider layoutProps= {ref: RefImpl} key="default" name="default"  ... > 
  at <NuxtLayout > 
  at <App key=4 > 
  at <NuxtRoot> @ http://localhost:3001/_nuxt/@fs/home/meebuzo/github/alternate-framework/apps/ecosystem/meeovi-frontend/node_modules/@sentry/core/build/esm/instrument/console.js?v=ebf63685:42
[  339961ms] [WARNING] [Vue warn]: Avoid app logic that relies on enumerating keys on a component instance. The keys will be empty in production mode to avoid performance overhead. 
  at <VNavigationDrawer modelValue=undefined onUpdate:modelValue=fn location="right"  ... > 
  at <MenusTopmenuLayoutNotifications > 
  at <VCol class="notificationsHeader" > 
  at <VDefaultsProvider defaults= {VTabs: Object} > 
  at <VToolbar ref=Ref< Proxy(Object) > class="v-app-bar" style= {top: 0px, zIndex: 1014, transform: translateY(0px), position: fixed, height: undefined}  ... > 
  at <VAppBar id="topnav" > 
  at <MenusHeader drawer=false onToggleDrawer=fn > 
  at <ClientOnly > 
  at <VApp theme="light" class="auto-text" > 
  at <VResponsive class="border rounded" > 
  at <Default ref=Ref< Proxy(Object) > > 
  at <AsyncComponentWrapper ref=Ref< Proxy(Object) > > 
  at <LayoutLoader key="default" layoutProps= {ref: RefImpl} name="default" > 
  at <NuxtLayoutProvider layoutProps= {ref: RefImpl} key="default" name="default"  ... > 
  at <NuxtLayout > 
  at <App key=4 > 
  at <NuxtRoot> @ http://localhost:3001/_nuxt/@fs/home/meebuzo/github/alternate-framework/apps/ecosystem/meeovi-frontend/node_modules/@sentry/core/build/esm/instrument/console.js?v=ebf63685:42
[  339965ms] [WARNING] [Vue warn]: Avoid app logic that relies on enumerating keys on a component instance. The keys will be empty in production mode to avoid performance overhead. 
  at <VNavigationDrawer modelValue=undefined onUpdate:modelValue=fn location="right"  ... > 
  at <MenusTopmenuLayoutNotifications > 
  at <VCol class="notificationsHeader" > 
  at <VDefaultsProvider defaults= {VTabs: Object} > 
  at <VToolbar ref=Ref< Proxy(Object) > class="v-app-bar" style= {top: 0px, zIndex: 1014, transform: translateY(0px), position: fixed, height: undefined}  ... > 
  at <VAppBar id="topnav" > 
  at <MenusHeader drawer=false onToggleDrawer=fn > 
  at <ClientOnly > 
  at <VApp theme="light" class="auto-text" > 
  at <VResponsive class="border rounded" > 
  at <Default ref=Ref< Proxy(Object) > > 
  at <AsyncComponentWrapper ref=Ref< Proxy(Object) > > 
  at <LayoutLoader key="default" layoutProps= {ref: RefImpl} name="default" > 
  at <NuxtLayoutProvider layoutProps= {ref: RefImpl} key="default" name="default"  ... > 
  at <NuxtLayout > 
  at <App key=4 > 
  at <NuxtRoot> @ http://localhost:3001/_nuxt/@fs/home/meebuzo/github/alternate-framework/apps/ecosystem/meeovi-frontend/node_modules/@sentry/core/build/esm/instrument/console.js?v=ebf63685:42
[  339969ms] [WARNING] [Vue warn]: Avoid app logic that relies on enumerating keys on a component instance. The keys will be empty in production mode to avoid performance overhead. 
  at <VNavigationDrawer modelValue=undefined onUpdate:modelValue=fn location="right"  ... > 
  at <MenusTopmenuLayoutNotifications > 
  at <VCol class="notificationsHeader" > 
  at <VDefaultsProvider defaults= {VTabs: Object} > 
  at <VToolbar ref=Ref< Proxy(Object) > class="v-app-bar" style= {top: 0px, zIndex: 1014, transform: translateY(0px), position: fixed, height: undefined}  ... > 
  at <VAppBar id="topnav" > 
  at <MenusHeader drawer=false onToggleDrawer=fn > 
  at <ClientOnly > 
  at <VApp theme="light" class="auto-text" > 
  at <VResponsive class="border rounded" > 
  at <Default ref=Ref< Proxy(Object) > > 
  at <AsyncComponentWrapper ref=Ref< Proxy(Object) > > 
  at <LayoutLoader key="default" layoutProps= {ref: RefImpl} name="default" > 
  at <NuxtLayoutProvider layoutProps= {ref: RefImpl} key="default" name="default"  ... > 
  at <NuxtLayout > 
  at <App key=4 > 
  at <NuxtRoot> @ http://localhost:3001/_nuxt/@fs/home/meebuzo/github/alternate-framework/apps/ecosystem/meeovi-frontend/node_modules/@sentry/core/build/esm/instrument/console.js?v=ebf63685:42
[  339973ms] [WARNING] [Vue warn]: Avoid app logic that relies on enumerating keys on a component instance. The keys will be empty in production mode to avoid performance overhead. 
  at <VNavigationDrawer modelValue=undefined onUpdate:modelValue=fn location="right"  ... > 
  at <MenusTopmenuLayoutNotifications > 
  at <VCol class="notificationsHeader" > 
  at <VDefaultsProvider defaults= {VTabs: Object} > 
  at <VToolbar ref=Ref< Proxy(Object) > class="v-app-bar" style= {top: 0px, zIndex: 1014, transform: translateY(0px), position: fixed, height: undefined}  ... > 
  at <VAppBar id="topnav" > 
  at <MenusHeader drawer=false onToggleDrawer=fn > 
  at <ClientOnly > 
  at <VApp theme="light" class="auto-text" > 
  at <VResponsive class="border rounded" > 
  at <Default ref=Ref< Proxy(Object) > > 
  at <AsyncComponentWrapper ref=Ref< Proxy(Object) > > 
  at <LayoutLoader key="default" layoutProps= {ref: RefImpl} name="default" > 
  at <NuxtLayoutProvider layoutProps= {ref: RefImpl} key="default" name="default"  ... > 
  at <NuxtLayout > 
  at <App key=4 > 
  at <NuxtRoot> @ http://localhost:3001/_nuxt/@fs/home/meebuzo/github/alternate-framework/apps/ecosystem/meeovi-frontend/node_modules/@sentry/core/build/esm/instrument/console.js?v=ebf63685:42
[  339979ms] [WARNING] [Vue warn]: Avoid app logic that relies on enumerating keys on a component instance. The keys will be empty in production mode to avoid performance overhead. 
  at <VNavigationDrawer modelValue=undefined onUpdate:modelValue=fn location="right"  ... > 
  at <MenusTopmenuLayoutNotifications > 
  at <VCol class="notificationsHeader" > 
  at <VDefaultsProvider defaults= {VTabs: Object} > 
  at <VToolbar ref=Ref< Proxy(Object) > class="v-app-bar" style= {top: 0px, zIndex: 1014, transform: translateY(0px), position: fixed, height: undefined}  ... > 
  at <VAppBar id="topnav" > 
  at <MenusHeader drawer=false onToggleDrawer=fn > 
  at <ClientOnly > 
  at <VApp theme="light" class="auto-text" > 
  at <VResponsive class="border rounded" > 
  at <Default ref=Ref< Proxy(Object) > > 
  at <AsyncComponentWrapper ref=Ref< Proxy(Object) > > 
  at <LayoutLoader key="default" layoutProps= {ref: RefImpl} name="default" > 
  at <NuxtLayoutProvider layoutProps= {ref: RefImpl} key="default" name="default"  ... > 
  at <NuxtLayout > 
  at <App key=4 > 
  at <NuxtRoot> @ http://localhost:3001/_nuxt/@fs/home/meebuzo/github/alternate-framework/apps/ecosystem/meeovi-frontend/node_modules/@sentry/core/build/esm/instrument/console.js?v=ebf63685:42
[  339982ms] [WARNING] [Vue warn]: Avoid app logic that relies on enumerating keys on a component instance. The keys will be empty in production mode to avoid performance overhead. 
  at <VNavigationDrawer modelValue=undefined onUpdate:modelValue=fn location="right"  ... > 
  at <MenusTopmenuLayoutNotifications > 
  at <VCol class="notificationsHeader" > 
  at <VDefaultsProvider defaults= {VTabs: Object} > 
  at <VToolbar ref=Ref< Proxy(Object) > class="v-app-bar" style= {top: 0px, zIndex: 1014, transform: translateY(0px), position: fixed, height: undefined}  ... > 
  at <VAppBar id="topnav" > 
  at <MenusHeader drawer=false onToggleDrawer=fn > 
  at <ClientOnly > 
  at <VApp theme="light" class="auto-text" > 
  at <VResponsive class="border rounded" > 
  at <Default ref=Ref< Proxy(Object) > > 
  at <AsyncComponentWrapper ref=Ref< Proxy(Object) > > 
  at <LayoutLoader key="default" layoutProps= {ref: RefImpl} name="default" > 
  at <NuxtLayoutProvider layoutProps= {ref: RefImpl} key="default" name="default"  ... > 
  at <NuxtLayout > 
  at <App key=4 > 
  at <NuxtRoot> @ http://localhost:3001/_nuxt/@fs/home/meebuzo/github/alternate-framework/apps/ecosystem/meeovi-frontend/node_modules/@sentry/core/build/esm/instrument/console.js?v=ebf63685:42
[  339985ms] [WARNING] [Vue warn]: Avoid app logic that relies on enumerating keys on a component instance. The keys will be empty in production mode to avoid performance overhead. 
  at <VNavigationDrawer modelValue=undefined onUpdate:modelValue=fn location="right"  ... > 
  at <MenusTopmenuLayoutNotifications > 
  at <VCol class="notificationsHeader" > 
  at <VDefaultsProvider defaults= {VTabs: Object} > 
  at <VToolbar ref=Ref< Proxy(Object) > class="v-app-bar" style= {top: 0px, zIndex: 1014, transform: translateY(0px), position: fixed, height: undefined}  ... > 
  at <VAppBar id="topnav" > 
  at <MenusHeader drawer=false onToggleDrawer=fn > 
  at <ClientOnly > 
  at <VApp theme="light" class="auto-text" > 
  at <VResponsive class="border rounded" > 
  at <Default ref=Ref< Proxy(Object) > > 
  at <AsyncComponentWrapper ref=Ref< Proxy(Object) > > 
  at <LayoutLoader key="default" layoutProps= {ref: RefImpl} name="default" > 
  at <NuxtLayoutProvider layoutProps= {ref: RefImpl} key="default" name="default"  ... > 
  at <NuxtLayout > 
  at <App key=4 > 
  at <NuxtRoot> @ http://localhost:3001/_nuxt/@fs/home/meebuzo/github/alternate-framework/apps/ecosystem/meeovi-frontend/node_modules/@sentry/core/build/esm/instrument/console.js?v=ebf63685:42
[  339989ms] [WARNING] [Vue warn]: Avoid app logic that relies on enumerating keys on a component instance. The keys will be empty in production mode to avoid performance overhead. 
  at <VNavigationDrawer modelValue=undefined onUpdate:modelValue=fn location="right"  ... > 
  at <MenusTopmenuLayoutNotifications > 
  at <VCol class="notificationsHeader" > 
  at <VDefaultsProvider defaults= {VTabs: Object} > 
  at <VToolbar ref=Ref< Proxy(Object) > class="v-app-bar" style= {top: 0px, zIndex: 1014, transform: translateY(0px), position: fixed, height: undefined}  ... > 
  at <VAppBar id="topnav" > 
  at <MenusHeader drawer=false onToggleDrawer=fn > 
  at <ClientOnly > 
  at <VApp theme="light" class="auto-text" > 
  at <VResponsive class="border rounded" > 
  at <Default ref=Ref< Proxy(Object) > > 
  at <AsyncComponentWrapper ref=Ref< Proxy(Object) > > 
  at <LayoutLoader key="default" layoutProps= {ref: RefImpl} name="default" > 
  at <NuxtLayoutProvider layoutProps= {ref: RefImpl} key="default" name="default"  ... > 
  at <NuxtLayout > 
  at <App key=4 > 
  at <NuxtRoot> @ http://localhost:3001/_nuxt/@fs/home/meebuzo/github/alternate-framework/apps/ecosystem/meeovi-frontend/node_modules/@sentry/core/build/esm/instrument/console.js?v=ebf63685:42
[  339992ms] [WARNING] [Vue warn]: Avoid app logic that relies on enumerating keys on a component instance. The keys will be empty in production mode to avoid performance overhead. 
  at <VNavigationDrawer modelValue=undefined onUpdate:modelValue=fn location="right"  ... > 
  at <MenusTopmenuLayoutNotifications > 
  at <VCol class="notificationsHeader" > 
  at <VDefaultsProvider defaults= {VTabs: Object} > 
  at <VToolbar ref=Ref< Proxy(Object) > class="v-app-bar" style= {top: 0px, zIndex: 1014, transform: translateY(0px), position: fixed, height: undefined}  ... > 
  at <VAppBar id="topnav" > 
  at <MenusHeader drawer=false onToggleDrawer=fn > 
  at <ClientOnly > 
  at <VApp theme="light" class="auto-text" > 
  at <VResponsive class="border rounded" > 
  at <Default ref=Ref< Proxy(Object) > > 
  at <AsyncComponentWrapper ref=Ref< Proxy(Object) > > 
  at <LayoutLoader key="default" layoutProps= {ref: RefImpl} name="default" > 
  at <NuxtLayoutProvider layoutProps= {ref: RefImpl} key="default" name="default"  ... > 
  at <NuxtLayout > 
  at <App key=4 > 
  at <NuxtRoot> @ http://localhost:3001/_nuxt/@fs/home/meebuzo/github/alternate-framework/apps/ecosystem/meeovi-frontend/node_modules/@sentry/core/build/esm/instrument/console.js?v=ebf63685:42
[  339995ms] [WARNING] [Vue warn]: Avoid app logic that relies on enumerating keys on a component instance. The keys will be empty in production mode to avoid performance overhead. 
  at <VNavigationDrawer modelValue=undefined onUpdate:modelValue=fn location="right"  ... > 
  at <MenusTopmenuLayoutNotifications > 
  at <VCol class="notificationsHeader" > 
  at <VDefaultsProvider defaults= {VTabs: Object} > 
  at <VToolbar ref=Ref< Proxy(Object) > class="v-app-bar" style= {top: 0px, zIndex: 1014, transform: translateY(0px), position: fixed, height: undefined}  ... > 
  at <VAppBar id="topnav" > 
  at <MenusHeader drawer=false onToggleDrawer=fn > 
  at <ClientOnly > 
  at <VApp theme="light" class="auto-text" > 
  at <VResponsive class="border rounded" > 
  at <Default ref=Ref< Proxy(Object) > > 
  at <AsyncComponentWrapper ref=Ref< Proxy(Object) > > 
  at <LayoutLoader key="default" layoutProps= {ref: RefImpl} name="default" > 
  at <NuxtLayoutProvider layoutProps= {ref: RefImpl} key="default" name="default"  ... > 
  at <NuxtLayout > 
  at <App key=4 > 
  at <NuxtRoot> @ http://localhost:3001/_nuxt/@fs/home/meebuzo/github/alternate-framework/apps/ecosystem/meeovi-frontend/node_modules/@sentry/core/build/esm/instrument/console.js?v=ebf63685:42
[  339998ms] [WARNING] [Vue warn]: Avoid app logic that relies on enumerating keys on a component instance. The keys will be empty in production mode to avoid performance overhead. 
  at <VNavigationDrawer modelValue=undefined onUpdate:modelValue=fn location="right"  ... > 
  at <MenusTopmenuLayoutNotifications > 
  at <VCol class="notificationsHeader" > 
  at <VDefaultsProvider defaults= {VTabs: Object} > 
  at <VToolbar ref=Ref< Proxy(Object) > class="v-app-bar" style= {top: 0px, zIndex: 1014, transform: translateY(0px), position: fixed, height: undefined}  ... > 
  at <VAppBar id="topnav" > 
  at <MenusHeader drawer=false onToggleDrawer=fn > 
  at <ClientOnly > 
  at <VApp theme="light" class="auto-text" > 
  at <VResponsive class="border rounded" > 
  at <Default ref=Ref< Proxy(Object) > > 
  at <AsyncComponentWrapper ref=Ref< Proxy(Object) > > 
  at <LayoutLoader key="default" layoutProps= {ref: RefImpl} name="default" > 
  at <NuxtLayoutProvider layoutProps= {ref: RefImpl} key="default" name="default"  ... > 
  at <NuxtLayout > 
  at <App key=4 > 
  at <NuxtRoot> @ http://localhost:3001/_nuxt/@fs/home/meebuzo/github/alternate-framework/apps/ecosystem/meeovi-frontend/node_modules/@sentry/core/build/esm/instrument/console.js?v=ebf63685:42
[  340001ms] [WARNING] [Vue warn]: Avoid app logic that relies on enumerating keys on a component instance. The keys will be empty in production mode to avoid performance overhead. 
  at <VNavigationDrawer modelValue=undefined onUpdate:modelValue=fn location="right"  ... > 
  at <MenusTopmenuLayoutNotifications > 
  at <VCol class="notificationsHeader" > 
  at <VDefaultsProvider defaults= {VTabs: Object} > 
  at <VToolbar ref=Ref< Proxy(Object) > class="v-app-bar" style= {top: 0px, zIndex: 1014, transform: translateY(0px), position: fixed, height: undefined}  ... > 
  at <VAppBar id="topnav" > 
  at <MenusHeader drawer=false onToggleDrawer=fn > 
  at <ClientOnly > 
  at <VApp theme="light" class="auto-text" > 
  at <VResponsive class="border rounded" > 
  at <Default ref=Ref< Proxy(Object) > > 
  at <AsyncComponentWrapper ref=Ref< Proxy(Object) > > 
  at <LayoutLoader key="default" layoutProps= {ref: RefImpl} name="default" > 
  at <NuxtLayoutProvider layoutProps= {ref: RefImpl} key="default" name="default"  ... > 
  at <NuxtLayout > 
  at <App key=4 > 
  at <NuxtRoot> @ http://localhost:3001/_nuxt/@fs/home/meebuzo/github/alternate-framework/apps/ecosystem/meeovi-frontend/node_modules/@sentry/core/build/esm/instrument/console.js?v=ebf63685:42
[  340004ms] [WARNING] [Vue warn]: Avoid app logic that relies on enumerating keys on a component instance. The keys will be empty in production mode to avoid performance overhead. 
  at <VNavigationDrawer modelValue=undefined onUpdate:modelValue=fn location="right"  ... > 
  at <MenusTopmenuLayoutNotifications > 
  at <VCol class="notificationsHeader" > 
  at <VDefaultsProvider defaults= {VTabs: Object} > 
  at <VToolbar ref=Ref< Proxy(Object) > class="v-app-bar" style= {top: 0px, zIndex: 1014, transform: translateY(0px), position: fixed, height: undefined}  ... > 
  at <VAppBar id="topnav" > 
  at <MenusHeader drawer=false onToggleDrawer=fn > 
  at <ClientOnly > 
  at <VApp theme="light" class="auto-text" > 
  at <VResponsive class="border rounded" > 
  at <Default ref=Ref< Proxy(Object) > > 
  at <AsyncComponentWrapper ref=Ref< Proxy(Object) > > 
  at <LayoutLoader key="default" layoutProps= {ref: RefImpl} name="default" > 
  at <NuxtLayoutProvider layoutProps= {ref: RefImpl} key="default" name="default"  ... > 
  at <NuxtLayout > 
  at <App key=4 > 
  at <NuxtRoot> @ http://localhost:3001/_nuxt/@fs/home/meebuzo/github/alternate-framework/apps/ecosystem/meeovi-frontend/node_modules/@sentry/core/build/esm/instrument/console.js?v=ebf63685:42
[  340006ms] [WARNING] [Vue warn]: Avoid app logic that relies on enumerating keys on a component instance. The keys will be empty in production mode to avoid performance overhead. 
  at <VNavigationDrawer modelValue=undefined onUpdate:modelValue=fn location="right"  ... > 
  at <MenusTopmenuLayoutNotifications > 
  at <VCol class="notificationsHeader" > 
  at <VDefaultsProvider defaults= {VTabs: Object} > 
  at <VToolbar ref=Ref< Proxy(Object) > class="v-app-bar" style= {top: 0px, zIndex: 1014, transform: translateY(0px), position: fixed, height: undefined}  ... > 
  at <VAppBar id="topnav" > 
  at <MenusHeader drawer=false onToggleDrawer=fn > 
  at <ClientOnly > 
  at <VApp theme="light" class="auto-text" > 
  at <VResponsive class="border rounded" > 
  at <Default ref=Ref< Proxy(Object) > > 
  at <AsyncComponentWrapper ref=Ref< Proxy(Object) > > 
  at <LayoutLoader key="default" layoutProps= {ref: RefImpl} name="default" > 
  at <NuxtLayoutProvider layoutProps= {ref: RefImpl} key="default" name="default"  ... > 
  at <NuxtLayout > 
  at <App key=4 > 
  at <NuxtRoot> @ http://localhost:3001/_nuxt/@fs/home/meebuzo/github/alternate-framework/apps/ecosystem/meeovi-frontend/node_modules/@sentry/core/build/esm/instrument/console.js?v=ebf63685:42
[  340009ms] [WARNING] [Vue warn]: Avoid app logic that relies on enumerating keys on a component instance. The keys will be empty in production mode to avoid performance overhead. 
  at <VNavigationDrawer modelValue=undefined onUpdate:modelValue=fn location="right"  ... > 
  at <MenusTopmenuLayoutNotifications > 
  at <VCol class="notificationsHeader" > 
  at <VDefaultsProvider defaults= {VTabs: Object} > 
  at <VToolbar ref=Ref< Proxy(Object) > class="v-app-bar" style= {top: 0px, zIndex: 1014, transform: translateY(0px), position: fixed, height: undefined}  ... > 
  at <VAppBar id="topnav" > 
  at <MenusHeader drawer=false onToggleDrawer=fn > 
  at <ClientOnly > 
  at <VApp theme="light" class="auto-text" > 
  at <VResponsive class="border rounded" > 
  at <Default ref=Ref< Proxy(Object) > > 
  at <AsyncComponentWrapper ref=Ref< Proxy(Object) > > 
  at <LayoutLoader key="default" layoutProps= {ref: RefImpl} name="default" > 
  at <NuxtLayoutProvider layoutProps= {ref: RefImpl} key="default" name="default"  ... > 
  at <NuxtLayout > 
  at <App key=4 > 
  at <NuxtRoot> @ http://localhost:3001/_nuxt/@fs/home/meebuzo/github/alternate-framework/apps/ecosystem/meeovi-frontend/node_modules/@sentry/core/build/esm/instrument/console.js?v=ebf63685:42
[  340012ms] [WARNING] [Vue warn]: Avoid app logic that relies on enumerating keys on a component instance. The keys will be empty in production mode to avoid performance overhead. 
  at <VNavigationDrawer modelValue=undefined onUpdate:modelValue=fn location="right"  ... > 
  at <MenusTopmenuLayoutNotifications > 
  at <VCol class="notificationsHeader" > 
  at <VDefaultsProvider defaults= {VTabs: Object} > 
  at <VToolbar ref=Ref< Proxy(Object) > class="v-app-bar" style= {top: 0px, zIndex: 1014, transform: translateY(0px), position: fixed, height: undefined}  ... > 
  at <VAppBar id="topnav" > 
  at <MenusHeader drawer=false onToggleDrawer=fn > 
  at <ClientOnly > 
  at <VApp theme="light" class="auto-text" > 
  at <VResponsive class="border rounded" > 
  at <Default ref=Ref< Proxy(Object) > > 
  at <AsyncComponentWrapper ref=Ref< Proxy(Object) > > 
  at <LayoutLoader key="default" layoutProps= {ref: RefImpl} name="default" > 
  at <NuxtLayoutProvider layoutProps= {ref: RefImpl} key="default" name="default"  ... > 
  at <NuxtLayout > 
  at <App key=4 > 
  at <NuxtRoot> @ http://localhost:3001/_nuxt/@fs/home/meebuzo/github/alternate-framework/apps/ecosystem/meeovi-frontend/node_modules/@sentry/core/build/esm/instrument/console.js?v=ebf63685:42
[  340015ms] [WARNING] [Vue warn]: Avoid app logic that relies on enumerating keys on a component instance. The keys will be empty in production mode to avoid performance overhead. 
  at <VNavigationDrawer modelValue=undefined onUpdate:modelValue=fn location="right"  ... > 
  at <MenusTopmenuLayoutNotifications > 
  at <VCol class="notificationsHeader" > 
  at <VDefaultsProvider defaults= {VTabs: Object} > 
  at <VToolbar ref=Ref< Proxy(Object) > class="v-app-bar" style= {top: 0px, zIndex: 1014, transform: translateY(0px), position: fixed, height: undefined}  ... > 
  at <VAppBar id="topnav" > 
  at <MenusHeader drawer=false onToggleDrawer=fn > 
  at <ClientOnly > 
  at <VApp theme="light" class="auto-text" > 
  at <VResponsive class="border rounded" > 
  at <Default ref=Ref< Proxy(Object) > > 
  at <AsyncComponentWrapper ref=Ref< Proxy(Object) > > 
  at <LayoutLoader key="default" layoutProps= {ref: RefImpl} name="default" > 
  at <NuxtLayoutProvider layoutProps= {ref: RefImpl} key="default" name="default"  ... > 
  at <NuxtLayout > 
  at <App key=4 > 
  at <NuxtRoot> @ http://localhost:3001/_nuxt/@fs/home/meebuzo/github/alternate-framework/apps/ecosystem/meeovi-frontend/node_modules/@sentry/core/build/esm/instrument/console.js?v=ebf63685:42
[  340017ms] [WARNING] [Vue warn]: Avoid app logic that relies on enumerating keys on a component instance. The keys will be empty in production mode to avoid performance overhead. 
  at <VNavigationDrawer modelValue=undefined onUpdate:modelValue=fn location="right"  ... > 
  at <MenusTopmenuLayoutNotifications > 
  at <VCol class="notificationsHeader" > 
  at <VDefaultsProvider defaults= {VTabs: Object} > 
  at <VToolbar ref=Ref< Proxy(Object) > class="v-app-bar" style= {top: 0px, zIndex: 1014, transform: translateY(0px), position: fixed, height: undefined}  ... > 
  at <VAppBar id="topnav" > 
  at <MenusHeader drawer=false onToggleDrawer=fn > 
  at <ClientOnly > 
  at <VApp theme="light" class="auto-text" > 
  at <VResponsive class="border rounded" > 
  at <Default ref=Ref< Proxy(Object) > > 
  at <AsyncComponentWrapper ref=Ref< Proxy(Object) > > 
  at <LayoutLoader key="default" layoutProps= {ref: RefImpl} name="default" > 
  at <NuxtLayoutProvider layoutProps= {ref: RefImpl} key="default" name="default"  ... > 
  at <NuxtLayout > 
  at <App key=4 > 
  at <NuxtRoot> @ http://localhost:3001/_nuxt/@fs/home/meebuzo/github/alternate-framework/apps/ecosystem/meeovi-frontend/node_modules/@sentry/core/build/esm/instrument/console.js?v=ebf63685:42
[  340020ms] [WARNING] [Vue warn]: Avoid app logic that relies on enumerating keys on a component instance. The keys will be empty in production mode to avoid performance overhead. 
  at <VNavigationDrawer modelValue=undefined onUpdate:modelValue=fn location="right"  ... > 
  at <MenusTopmenuLayoutNotifications > 
  at <VCol class="notificationsHeader" > 
  at <VDefaultsProvider defaults= {VTabs: Object} > 
  at <VToolbar ref=Ref< Proxy(Object) > class="v-app-bar" style= {top: 0px, zIndex: 1014, transform: translateY(0px), position: fixed, height: undefined}  ... > 
  at <VAppBar id="topnav" > 
  at <MenusHeader drawer=false onToggleDrawer=fn > 
  at <ClientOnly > 
  at <VApp theme="light" class="auto-text" > 
  at <VResponsive class="border rounded" > 
  at <Default ref=Ref< Proxy(Object) > > 
  at <AsyncComponentWrapper ref=Ref< Proxy(Object) > > 
  at <LayoutLoader key="default" layoutProps= {ref: RefImpl} name="default" > 
  at <NuxtLayoutProvider layoutProps= {ref: RefImpl} key="default" name="default"  ... > 
  at <NuxtLayout > 
  at <App key=4 > 
  at <NuxtRoot> @ http://localhost:3001/_nuxt/@fs/home/meebuzo/github/alternate-framework/apps/ecosystem/meeovi-frontend/node_modules/@sentry/core/build/esm/instrument/console.js?v=ebf63685:42
[  340023ms] [WARNING] [Vue warn]: Avoid app logic that relies on enumerating keys on a component instance. The keys will be empty in production mode to avoid performance overhead. 
  at <VNavigationDrawer modelValue=undefined onUpdate:modelValue=fn location="right"  ... > 
  at <MenusTopmenuLayoutNotifications > 
  at <VCol class="notificationsHeader" > 
  at <VDefaultsProvider defaults= {VTabs: Object} > 
  at <VToolbar ref=Ref< Proxy(Object) > class="v-app-bar" style= {top: 0px, zIndex: 1014, transform: translateY(0px), position: fixed, height: undefined}  ... > 
  at <VAppBar id="topnav" > 
  at <MenusHeader drawer=false onToggleDrawer=fn > 
  at <ClientOnly > 
  at <VApp theme="light" class="auto-text" > 
  at <VResponsive class="border rounded" > 
  at <Default ref=Ref< Proxy(Object) > > 
  at <AsyncComponentWrapper ref=Ref< Proxy(Object) > > 
  at <LayoutLoader key="default" layoutProps= {ref: RefImpl} name="default" > 
  at <NuxtLayoutProvider layoutProps= {ref: RefImpl} key="default" name="default"  ... > 
  at <NuxtLayout > 
  at <App key=4 > 
  at <NuxtRoot> @ http://localhost:3001/_nuxt/@fs/home/meebuzo/github/alternate-framework/apps/ecosystem/meeovi-frontend/node_modules/@sentry/core/build/esm/instrument/console.js?v=ebf63685:42
[  340026ms] [WARNING] [Vue warn]: Avoid app logic that relies on enumerating keys on a component instance. The keys will be empty in production mode to avoid performance overhead. 
  at <VNavigationDrawer modelValue=undefined onUpdate:modelValue=fn location="right"  ... > 
  at <MenusTopmenuLayoutNotifications > 
  at <VCol class="notificationsHeader" > 
  at <VDefaultsProvider defaults= {VTabs: Object} > 
  at <VToolbar ref=Ref< Proxy(Object) > class="v-app-bar" style= {top: 0px, zIndex: 1014, transform: translateY(0px), position: fixed, height: undefined}  ... > 
  at <VAppBar id="topnav" > 
  at <MenusHeader drawer=false onToggleDrawer=fn > 
  at <ClientOnly > 
  at <VApp theme="light" class="auto-text" > 
  at <VResponsive class="border rounded" > 
  at <Default ref=Ref< Proxy(Object) > > 
  at <AsyncComponentWrapper ref=Ref< Proxy(Object) > > 
  at <LayoutLoader key="default" layoutProps= {ref: RefImpl} name="default" > 
  at <NuxtLayoutProvider layoutProps= {ref: RefImpl} key="default" name="default"  ... > 
  at <NuxtLayout > 
  at <App key=4 > 
  at <NuxtRoot> @ http://localhost:3001/_nuxt/@fs/home/meebuzo/github/alternate-framework/apps/ecosystem/meeovi-frontend/node_modules/@sentry/core/build/esm/instrument/console.js?v=ebf63685:42
[  340029ms] [WARNING] [Vue warn]: Avoid app logic that relies on enumerating keys on a component instance. The keys will be empty in production mode to avoid performance overhead. 
  at <VNavigationDrawer modelValue=undefined onUpdate:modelValue=fn location="right"  ... > 
  at <MenusTopmenuLayoutNotifications > 
  at <VCol class="notificationsHeader" > 
  at <VDefaultsProvider defaults= {VTabs: Object} > 
  at <VToolbar ref=Ref< Proxy(Object) > class="v-app-bar" style= {top: 0px, zIndex: 1014, transform: translateY(0px), position: fixed, height: undefined}  ... > 
  at <VAppBar id="topnav" > 
  at <MenusHeader drawer=false onToggleDrawer=fn > 
  at <ClientOnly > 
  at <VApp theme="light" class="auto-text" > 
  at <VResponsive class="border rounded" > 
  at <Default ref=Ref< Proxy(Object) > > 
  at <AsyncComponentWrapper ref=Ref< Proxy(Object) > > 
  at <LayoutLoader key="default" layoutProps= {ref: RefImpl} name="default" > 
  at <NuxtLayoutProvider layoutProps= {ref: RefImpl} key="default" name="default"  ... > 
  at <NuxtLayout > 
  at <App key=4 > 
  at <NuxtRoot> @ http://localhost:3001/_nuxt/@fs/home/meebuzo/github/alternate-framework/apps/ecosystem/meeovi-frontend/node_modules/@sentry/core/build/esm/instrument/console.js?v=ebf63685:42
[  340031ms] [WARNING] [Vue warn]: Avoid app logic that relies on enumerating keys on a component instance. The keys will be empty in production mode to avoid performance overhead. 
  at <VNavigationDrawer modelValue=undefined onUpdate:modelValue=fn location="right"  ... > 
  at <MenusTopmenuLayoutNotifications > 
  at <VCol class="notificationsHeader" > 
  at <VDefaultsProvider defaults= {VTabs: Object} > 
  at <VToolbar ref=Ref< Proxy(Object) > class="v-app-bar" style= {top: 0px, zIndex: 1014, transform: translateY(0px), position: fixed, height: undefined}  ... > 
  at <VAppBar id="topnav" > 
  at <MenusHeader drawer=false onToggleDrawer=fn > 
  at <ClientOnly > 
  at <VApp theme="light" class="auto-text" > 
  at <VResponsive class="border rounded" > 
  at <Default ref=Ref< Proxy(Object) > > 
  at <AsyncComponentWrapper ref=Ref< Proxy(Object) > > 
  at <LayoutLoader key="default" layoutProps= {ref: RefImpl} name="default" > 
  at <NuxtLayoutProvider layoutProps= {ref: RefImpl} key="default" name="default"  ... > 
  at <NuxtLayout > 
  at <App key=4 > 
  at <NuxtRoot> @ http://localhost:3001/_nuxt/@fs/home/meebuzo/github/alternate-framework/apps/ecosystem/meeovi-frontend/node_modules/@sentry/core/build/esm/instrument/console.js?v=ebf63685:42
[  340034ms] [WARNING] [Vue warn]: Avoid app logic that relies on enumerating keys on a component instance. The keys will be empty in production mode to avoid performance overhead. 
  at <VNavigationDrawer modelValue=undefined onUpdate:modelValue=fn location="right"  ... > 
  at <MenusTopmenuLayoutNotifications > 
  at <VCol class="notificationsHeader" > 
  at <VDefaultsProvider defaults= {VTabs: Object} > 
  at <VToolbar ref=Ref< Proxy(Object) > class="v-app-bar" style= {top: 0px, zIndex: 1014, transform: translateY(0px), position: fixed, height: undefined}  ... > 
  at <VAppBar id="topnav" > 
  at <MenusHeader drawer=false onToggleDrawer=fn > 
  at <ClientOnly > 
  at <VApp theme="light" class="auto-text" > 
  at <VResponsive class="border rounded" > 
  at <Default ref=Ref< Proxy(Object) > > 
  at <AsyncComponentWrapper ref=Ref< Proxy(Object) > > 
  at <LayoutLoader key="default" layoutProps= {ref: RefImpl} name="default" > 
  at <NuxtLayoutProvider layoutProps= {ref: RefImpl} key="default" name="default"  ... > 
  at <NuxtLayout > 
  at <App key=4 > 
  at <NuxtRoot> @ http://localhost:3001/_nuxt/@fs/home/meebuzo/github/alternate-framework/apps/ecosystem/meeovi-frontend/node_modules/@sentry/core/build/esm/instrument/console.js?v=ebf63685:42
[  340037ms] [WARNING] [Vue warn]: Avoid app logic that relies on enumerating keys on a component instance. The keys will be empty in production mode to avoid performance overhead. 
  at <VNavigationDrawer modelValue=undefined onUpdate:modelValue=fn location="right"  ... > 
  at <MenusTopmenuLayoutNotifications > 
  at <VCol class="notificationsHeader" > 
  at <VDefaultsProvider defaults= {VTabs: Object} > 
  at <VToolbar ref=Ref< Proxy(Object) > class="v-app-bar" style= {top: 0px, zIndex: 1014, transform: translateY(0px), position: fixed, height: undefined}  ... > 
  at <VAppBar id="topnav" > 
  at <MenusHeader drawer=false onToggleDrawer=fn > 
  at <ClientOnly > 
  at <VApp theme="light" class="auto-text" > 
  at <VResponsive class="border rounded" > 
  at <Default ref=Ref< Proxy(Object) > > 
  at <AsyncComponentWrapper ref=Ref< Proxy(Object) > > 
  at <LayoutLoader key="default" layoutProps= {ref: RefImpl} name="default" > 
  at <NuxtLayoutProvider layoutProps= {ref: RefImpl} key="default" name="default"  ... > 
  at <NuxtLayout > 
  at <App key=4 > 
  at <NuxtRoot> @ http://localhost:3001/_nuxt/@fs/home/meebuzo/github/alternate-framework/apps/ecosystem/meeovi-frontend/node_modules/@sentry/core/build/esm/instrument/console.js?v=ebf63685:42
[  340039ms] [WARNING] [Vue warn]: Avoid app logic that relies on enumerating keys on a component instance. The keys will be empty in production mode to avoid performance overhead. 
  at <VNavigationDrawer modelValue=undefined onUpdate:modelValue=fn location="right"  ... > 
  at <MenusTopmenuLayoutNotifications > 
  at <VCol class="notificationsHeader" > 
  at <VDefaultsProvider defaults= {VTabs: Object} > 
  at <VToolbar ref=Ref< Proxy(Object) > class="v-app-bar" style= {top: 0px, zIndex: 1014, transform: translateY(0px), position: fixed, height: undefined}  ... > 
  at <VAppBar id="topnav" > 
  at <MenusHeader drawer=false onToggleDrawer=fn > 
  at <ClientOnly > 
  at <VApp theme="light" class="auto-text" > 
  at <VResponsive class="border rounded" > 
  at <Default ref=Ref< Proxy(Object) > > 
  at <AsyncComponentWrapper ref=Ref< Proxy(Object) > > 
  at <LayoutLoader key="default" layoutProps= {ref: RefImpl} name="default" > 
  at <NuxtLayoutProvider layoutProps= {ref: RefImpl} key="default" name="default"  ... > 
  at <NuxtLayout > 
  at <App key=4 > 
  at <NuxtRoot> @ http://localhost:3001/_nuxt/@fs/home/meebuzo/github/alternate-framework/apps/ecosystem/meeovi-frontend/node_modules/@sentry/core/build/esm/instrument/console.js?v=ebf63685:42
[  340042ms] [WARNING] [Vue warn]: Avoid app logic that relies on enumerating keys on a component instance. The keys will be empty in production mode to avoid performance overhead. 
  at <VNavigationDrawer modelValue=undefined onUpdate:modelValue=fn location="right"  ... > 
  at <MenusTopmenuLayoutNotifications > 
  at <VCol class="notificationsHeader" > 
  at <VDefaultsProvider defaults= {VTabs: Object} > 
  at <VToolbar ref=Ref< Proxy(Object) > class="v-app-bar" style= {top: 0px, zIndex: 1014, transform: translateY(0px), position: fixed, height: undefined}  ... > 
  at <VAppBar id="topnav" > 
  at <MenusHeader drawer=false onToggleDrawer=fn > 
  at <ClientOnly > 
  at <VApp theme="light" class="auto-text" > 
  at <VResponsive class="border rounded" > 
  at <Default ref=Ref< Proxy(Object) > > 
  at <AsyncComponentWrapper ref=Ref< Proxy(Object) > > 
  at <LayoutLoader key="default" layoutProps= {ref: RefImpl} name="default" > 
  at <NuxtLayoutProvider layoutProps= {ref: RefImpl} key="default" name="default"  ... > 
  at <NuxtLayout > 
  at <App key=4 > 
  at <NuxtRoot> @ http://localhost:3001/_nuxt/@fs/home/meebuzo/github/alternate-framework/apps/ecosystem/meeovi-frontend/node_modules/@sentry/core/build/esm/instrument/console.js?v=ebf63685:42
[  340045ms] [WARNING] [Vue warn]: Avoid app logic that relies on enumerating keys on a component instance. The keys will be empty in production mode to avoid performance overhead. 
  at <VNavigationDrawer modelValue=undefined onUpdate:modelValue=fn location="right"  ... > 
  at <MenusTopmenuLayoutNotifications > 
  at <VCol class="notificationsHeader" > 
  at <VDefaultsProvider defaults= {VTabs: Object} > 
  at <VToolbar ref=Ref< Proxy(Object) > class="v-app-bar" style= {top: 0px, zIndex: 1014, transform: translateY(0px), position: fixed, height: undefined}  ... > 
  at <VAppBar id="topnav" > 
  at <MenusHeader drawer=false onToggleDrawer=fn > 
  at <ClientOnly > 
  at <VApp theme="light" class="auto-text" > 
  at <VResponsive class="border rounded" > 
  at <Default ref=Ref< Proxy(Object) > > 
  at <AsyncComponentWrapper ref=Ref< Proxy(Object) > > 
  at <LayoutLoader key="default" layoutProps= {ref: RefImpl} name="default" > 
  at <NuxtLayoutProvider layoutProps= {ref: RefImpl} key="default" name="default"  ... > 
  at <NuxtLayout > 
  at <App key=4 > 
  at <NuxtRoot> @ http://localhost:3001/_nuxt/@fs/home/meebuzo/github/alternate-framework/apps/ecosystem/meeovi-frontend/node_modules/@sentry/core/build/esm/instrument/console.js?v=ebf63685:42
[  340048ms] [WARNING] [Vue warn]: Avoid app logic that relies on enumerating keys on a component instance. The keys will be empty in production mode to avoid performance overhead. 
  at <VNavigationDrawer modelValue=undefined onUpdate:modelValue=fn location="right"  ... > 
  at <MenusTopmenuLayoutNotifications > 
  at <VCol class="notificationsHeader" > 
  at <VDefaultsProvider defaults= {VTabs: Object} > 
  at <VToolbar ref=Ref< Proxy(Object) > class="v-app-bar" style= {top: 0px, zIndex: 1014, transform: translateY(0px), position: fixed, height: undefined}  ... > 
  at <VAppBar id="topnav" > 
  at <MenusHeader drawer=false onToggleDrawer=fn > 
  at <ClientOnly > 
  at <VApp theme="light" class="auto-text" > 
  at <VResponsive class="border rounded" > 
  at <Default ref=Ref< Proxy(Object) > > 
  at <AsyncComponentWrapper ref=Ref< Proxy(Object) > > 
  at <LayoutLoader key="default" layoutProps= {ref: RefImpl} name="default" > 
  at <NuxtLayoutProvider layoutProps= {ref: RefImpl} key="default" name="default"  ... > 
  at <NuxtLayout > 
  at <App key=4 > 
  at <NuxtRoot> @ http://localhost:3001/_nuxt/@fs/home/meebuzo/github/alternate-framework/apps/ecosystem/meeovi-frontend/node_modules/@sentry/core/build/esm/instrument/console.js?v=ebf63685:42
[  340051ms] [WARNING] [Vue warn]: Avoid app logic that relies on enumerating keys on a component instance. The keys will be empty in production mode to avoid performance overhead. 
  at <VNavigationDrawer modelValue=undefined onUpdate:modelValue=fn location="right"  ... > 
  at <MenusTopmenuLayoutNotifications > 
  at <VCol class="notificationsHeader" > 
  at <VDefaultsProvider defaults= {VTabs: Object} > 
  at <VToolbar ref=Ref< Proxy(Object) > class="v-app-bar" style= {top: 0px, zIndex: 1014, transform: translateY(0px), position: fixed, height: undefined}  ... > 
  at <VAppBar id="topnav" > 
  at <MenusHeader drawer=false onToggleDrawer=fn > 
  at <ClientOnly > 
  at <VApp theme="light" class="auto-text" > 
  at <VResponsive class="border rounded" > 
  at <Default ref=Ref< Proxy(Object) > > 
  at <AsyncComponentWrapper ref=Ref< Proxy(Object) > > 
  at <LayoutLoader key="default" layoutProps= {ref: RefImpl} name="default" > 
  at <NuxtLayoutProvider layoutProps= {ref: RefImpl} key="default" name="default"  ... > 
  at <NuxtLayout > 
  at <App key=4 > 
  at <NuxtRoot> @ http://localhost:3001/_nuxt/@fs/home/meebuzo/github/alternate-framework/apps/ecosystem/meeovi-frontend/node_modules/@sentry/core/build/esm/instrument/console.js?v=ebf63685:42
[  340054ms] [WARNING] [Vue warn]: Avoid app logic that relies on enumerating keys on a component instance. The keys will be empty in production mode to avoid performance overhead. 
  at <VNavigationDrawer modelValue=undefined onUpdate:modelValue=fn location="right"  ... > 
  at <MenusTopmenuLayoutNotifications > 
  at <VCol class="notificationsHeader" > 
  at <VDefaultsProvider defaults= {VTabs: Object} > 
  at <VToolbar ref=Ref< Proxy(Object) > class="v-app-bar" style= {top: 0px, zIndex: 1014, transform: translateY(0px), position: fixed, height: undefined}  ... > 
  at <VAppBar id="topnav" > 
  at <MenusHeader drawer=false onToggleDrawer=fn > 
  at <ClientOnly > 
  at <VApp theme="light" class="auto-text" > 
  at <VResponsive class="border rounded" > 
  at <Default ref=Ref< Proxy(Object) > > 
  at <AsyncComponentWrapper ref=Ref< Proxy(Object) > > 
  at <LayoutLoader key="default" layoutProps= {ref: RefImpl} name="default" > 
  at <NuxtLayoutProvider layoutProps= {ref: RefImpl} key="default" name="default"  ... > 
  at <NuxtLayout > 
  at <App key=4 > 
  at <NuxtRoot> @ http://localhost:3001/_nuxt/@fs/home/meebuzo/github/alternate-framework/apps/ecosystem/meeovi-frontend/node_modules/@sentry/core/build/esm/instrument/console.js?v=ebf63685:42
[  340056ms] [WARNING] [Vue warn]: Avoid app logic that relies on enumerating keys on a component instance. The keys will be empty in production mode to avoid performance overhead. 
  at <VNavigationDrawer modelValue=undefined onUpdate:modelValue=fn location="right"  ... > 
  at <MenusTopmenuLayoutNotifications > 
  at <VCol class="notificationsHeader" > 
  at <VDefaultsProvider defaults= {VTabs: Object} > 
  at <VToolbar ref=Ref< Proxy(Object) > class="v-app-bar" style= {top: 0px, zIndex: 1014, transform: translateY(0px), position: fixed, height: undefined}  ... > 
  at <VAppBar id="topnav" > 
  at <MenusHeader drawer=false onToggleDrawer=fn > 
  at <ClientOnly > 
  at <VApp theme="light" class="auto-text" > 
  at <VResponsive class="border rounded" > 
  at <Default ref=Ref< Proxy(Object) > > 
  at <AsyncComponentWrapper ref=Ref< Proxy(Object) > > 
  at <LayoutLoader key="default" layoutProps= {ref: RefImpl} name="default" > 
  at <NuxtLayoutProvider layoutProps= {ref: RefImpl} key="default" name="default"  ... > 
  at <NuxtLayout > 
  at <App key=4 > 
  at <NuxtRoot> @ http://localhost:3001/_nuxt/@fs/home/meebuzo/github/alternate-framework/apps/ecosystem/meeovi-frontend/node_modules/@sentry/core/build/esm/instrument/console.js?v=ebf63685:42
[  340059ms] [WARNING] [Vue warn]: Avoid app logic that relies on enumerating keys on a component instance. The keys will be empty in production mode to avoid performance overhead. 
  at <VNavigationDrawer modelValue=undefined onUpdate:modelValue=fn location="right"  ... > 
  at <MenusTopmenuLayoutNotifications > 
  at <VCol class="notificationsHeader" > 
  at <VDefaultsProvider defaults= {VTabs: Object} > 
  at <VToolbar ref=Ref< Proxy(Object) > class="v-app-bar" style= {top: 0px, zIndex: 1014, transform: translateY(0px), position: fixed, height: undefined}  ... > 
  at <VAppBar id="topnav" > 
  at <MenusHeader drawer=false onToggleDrawer=fn > 
  at <ClientOnly > 
  at <VApp theme="light" class="auto-text" > 
  at <VResponsive class="border rounded" > 
  at <Default ref=Ref< Proxy(Object) > > 
  at <AsyncComponentWrapper ref=Ref< Proxy(Object) > > 
  at <LayoutLoader key="default" layoutProps= {ref: RefImpl} name="default" > 
  at <NuxtLayoutProvider layoutProps= {ref: RefImpl} key="default" name="default"  ... > 
  at <NuxtLayout > 
  at <App key=4 > 
  at <NuxtRoot> @ http://localhost:3001/_nuxt/@fs/home/meebuzo/github/alternate-framework/apps/ecosystem/meeovi-frontend/node_modules/@sentry/core/build/esm/instrument/console.js?v=ebf63685:42
[  340062ms] [WARNING] [Vue warn]: Avoid app logic that relies on enumerating keys on a component instance. The keys will be empty in production mode to avoid performance overhead. 
  at <VNavigationDrawer modelValue=undefined onUpdate:modelValue=fn location="right"  ... > 
  at <MenusTopmenuLayoutNotifications > 
  at <VCol class="notificationsHeader" > 
  at <VDefaultsProvider defaults= {VTabs: Object} > 
  at <VToolbar ref=Ref< Proxy(Object) > class="v-app-bar" style= {top: 0px, zIndex: 1014, transform: translateY(0px), position: fixed, height: undefined}  ... > 
  at <VAppBar id="topnav" > 
  at <MenusHeader drawer=false onToggleDrawer=fn > 
  at <ClientOnly > 
  at <VApp theme="light" class="auto-text" > 
  at <VResponsive class="border rounded" > 
  at <Default ref=Ref< Proxy(Object) > > 
  at <AsyncComponentWrapper ref=Ref< Proxy(Object) > > 
  at <LayoutLoader key="default" layoutProps= {ref: RefImpl} name="default" > 
  at <NuxtLayoutProvider layoutProps= {ref: RefImpl} key="default" name="default"  ... > 
  at <NuxtLayout > 
  at <App key=4 > 
  at <NuxtRoot> @ http://localhost:3001/_nuxt/@fs/home/meebuzo/github/alternate-framework/apps/ecosystem/meeovi-frontend/node_modules/@sentry/core/build/esm/instrument/console.js?v=ebf63685:42
[  340065ms] [WARNING] [Vue warn]: Avoid app logic that relies on enumerating keys on a component instance. The keys will be empty in production mode to avoid performance overhead. 
  at <VNavigationDrawer modelValue=undefined onUpdate:modelValue=fn location="right"  ... > 
  at <MenusTopmenuLayoutNotifications > 
  at <VCol class="notificationsHeader" > 
  at <VDefaultsProvider defaults= {VTabs: Object} > 
  at <VToolbar ref=Ref< Proxy(Object) > class="v-app-bar" style= {top: 0px, zIndex: 1014, transform: translateY(0px), position: fixed, height: undefined}  ... > 
  at <VAppBar id="topnav" > 
  at <MenusHeader drawer=false onToggleDrawer=fn > 
  at <ClientOnly > 
  at <VApp theme="light" class="auto-text" > 
  at <VResponsive class="border rounded" > 
  at <Default ref=Ref< Proxy(Object) > > 
  at <AsyncComponentWrapper ref=Ref< Proxy(Object) > > 
  at <LayoutLoader key="default" layoutProps= {ref: RefImpl} name="default" > 
  at <NuxtLayoutProvider layoutProps= {ref: RefImpl} key="default" name="default"  ... > 
  at <NuxtLayout > 
  at <App key=4 > 
  at <NuxtRoot> @ http://localhost:3001/_nuxt/@fs/home/meebuzo/github/alternate-framework/apps/ecosystem/meeovi-frontend/node_modules/@sentry/core/build/esm/instrument/console.js?v=ebf63685:42
[  340068ms] [WARNING] [Vue warn]: Avoid app logic that relies on enumerating keys on a component instance. The keys will be empty in production mode to avoid performance overhead. 
  at <VNavigationDrawer modelValue=undefined onUpdate:modelValue=fn location="right"  ... > 
  at <MenusTopmenuLayoutNotifications > 
  at <VCol class="notificationsHeader" > 
  at <VDefaultsProvider defaults= {VTabs: Object} > 
  at <VToolbar ref=Ref< Proxy(Object) > class="v-app-bar" style= {top: 0px, zIndex: 1014, transform: translateY(0px), position: fixed, height: undefined}  ... > 
  at <VAppBar id="topnav" > 
  at <MenusHeader drawer=false onToggleDrawer=fn > 
  at <ClientOnly > 
  at <VApp theme="light" class="auto-text" > 
  at <VResponsive class="border rounded" > 
  at <Default ref=Ref< Proxy(Object) > > 
  at <AsyncComponentWrapper ref=Ref< Proxy(Object) > > 
  at <LayoutLoader key="default" layoutProps= {ref: RefImpl} name="default" > 
  at <NuxtLayoutProvider layoutProps= {ref: RefImpl} key="default" name="default"  ... > 
  at <NuxtLayout > 
  at <App key=4 > 
  at <NuxtRoot> @ http://localhost:3001/_nuxt/@fs/home/meebuzo/github/alternate-framework/apps/ecosystem/meeovi-frontend/node_modules/@sentry/core/build/esm/instrument/console.js?v=ebf63685:42
[  340071ms] [WARNING] [Vue warn]: Avoid app logic that relies on enumerating keys on a component instance. The keys will be empty in production mode to avoid performance overhead. 
  at <VNavigationDrawer modelValue=undefined onUpdate:modelValue=fn location="right"  ... > 
  at <MenusTopmenuLayoutNotifications > 
  at <VCol class="notificationsHeader" > 
  at <VDefaultsProvider defaults= {VTabs: Object} > 
  at <VToolbar ref=Ref< Proxy(Object) > class="v-app-bar" style= {top: 0px, zIndex: 1014, transform: translateY(0px), position: fixed, height: undefined}  ... > 
  at <VAppBar id="topnav" > 
  at <MenusHeader drawer=false onToggleDrawer=fn > 
  at <ClientOnly > 
  at <VApp theme="light" class="auto-text" > 
  at <VResponsive class="border rounded" > 
  at <Default ref=Ref< Proxy(Object) > > 
  at <AsyncComponentWrapper ref=Ref< Proxy(Object) > > 
  at <LayoutLoader key="default" layoutProps= {ref: RefImpl} name="default" > 
  at <NuxtLayoutProvider layoutProps= {ref: RefImpl} key="default" name="default"  ... > 
  at <NuxtLayout > 
  at <App key=4 > 
  at <NuxtRoot> @ http://localhost:3001/_nuxt/@fs/home/meebuzo/github/alternate-framework/apps/ecosystem/meeovi-frontend/node_modules/@sentry/core/build/esm/instrument/console.js?v=ebf63685:42
[  340073ms] [WARNING] [Vue warn]: Avoid app logic that relies on enumerating keys on a component instance. The keys will be empty in production mode to avoid performance overhead. 
  at <VNavigationDrawer modelValue=undefined onUpdate:modelValue=fn location="right"  ... > 
  at <MenusTopmenuLayoutNotifications > 
  at <VCol class="notificationsHeader" > 
  at <VDefaultsProvider defaults= {VTabs: Object} > 
  at <VToolbar ref=Ref< Proxy(Object) > class="v-app-bar" style= {top: 0px, zIndex: 1014, transform: translateY(0px), position: fixed, height: undefined}  ... > 
  at <VAppBar id="topnav" > 
  at <MenusHeader drawer=false onToggleDrawer=fn > 
  at <ClientOnly > 
  at <VApp theme="light" class="auto-text" > 
  at <VResponsive class="border rounded" > 
  at <Default ref=Ref< Proxy(Object) > > 
  at <AsyncComponentWrapper ref=Ref< Proxy(Object) > > 
  at <LayoutLoader key="default" layoutProps= {ref: RefImpl} name="default" > 
  at <NuxtLayoutProvider layoutProps= {ref: RefImpl} key="default" name="default"  ... > 
  at <NuxtLayout > 
  at <App key=4 > 
  at <NuxtRoot> @ http://localhost:3001/_nuxt/@fs/home/meebuzo/github/alternate-framework/apps/ecosystem/meeovi-frontend/node_modules/@sentry/core/build/esm/instrument/console.js?v=ebf63685:42
[  340076ms] [WARNING] [Vue warn]: Avoid app logic that relies on enumerating keys on a component instance. The keys will be empty in production mode to avoid performance overhead. 
  at <VNavigationDrawer modelValue=undefined onUpdate:modelValue=fn location="right"  ... > 
  at <MenusTopmenuLayoutNotifications > 
  at <VCol class="notificationsHeader" > 
  at <VDefaultsProvider defaults= {VTabs: Object} > 
  at <VToolbar ref=Ref< Proxy(Object) > class="v-app-bar" style= {top: 0px, zIndex: 1014, transform: translateY(0px), position: fixed, height: undefined}  ... > 
  at <VAppBar id="topnav" > 
  at <MenusHeader drawer=false onToggleDrawer=fn > 
  at <ClientOnly > 
  at <VApp theme="light" class="auto-text" > 
  at <VResponsive class="border rounded" > 
  at <Default ref=Ref< Proxy(Object) > > 
  at <AsyncComponentWrapper ref=Ref< Proxy(Object) > > 
  at <LayoutLoader key="default" layoutProps= {ref: RefImpl} name="default" > 
  at <NuxtLayoutProvider layoutProps= {ref: RefImpl} key="default" name="default"  ... > 
  at <NuxtLayout > 
  at <App key=4 > 
  at <NuxtRoot> @ http://localhost:3001/_nuxt/@fs/home/meebuzo/github/alternate-framework/apps/ecosystem/meeovi-frontend/node_modules/@sentry/core/build/esm/instrument/console.js?v=ebf63685:42
[  340079ms] [WARNING] [Vue warn]: Avoid app logic that relies on enumerating keys on a component instance. The keys will be empty in production mode to avoid performance overhead. 
  at <VNavigationDrawer modelValue=undefined onUpdate:modelValue=fn location="right"  ... > 
  at <MenusTopmenuLayoutNotifications > 
  at <VCol class="notificationsHeader" > 
  at <VDefaultsProvider defaults= {VTabs: Object} > 
  at <VToolbar ref=Ref< Proxy(Object) > class="v-app-bar" style= {top: 0px, zIndex: 1014, transform: translateY(0px), position: fixed, height: undefined}  ... > 
  at <VAppBar id="topnav" > 
  at <MenusHeader drawer=false onToggleDrawer=fn > 
  at <ClientOnly > 
  at <VApp theme="light" class="auto-text" > 
  at <VResponsive class="border rounded" > 
  at <Default ref=Ref< Proxy(Object) > > 
  at <AsyncComponentWrapper ref=Ref< Proxy(Object) > > 
  at <LayoutLoader key="default" layoutProps= {ref: RefImpl} name="default" > 
  at <NuxtLayoutProvider layoutProps= {ref: RefImpl} key="default" name="default"  ... > 
  at <NuxtLayout > 
  at <App key=4 > 
  at <NuxtRoot> @ http://localhost:3001/_nuxt/@fs/home/meebuzo/github/alternate-framework/apps/ecosystem/meeovi-frontend/node_modules/@sentry/core/build/esm/instrument/console.js?v=ebf63685:42
[  340082ms] [WARNING] [Vue warn]: Avoid app logic that relies on enumerating keys on a component instance. The keys will be empty in production mode to avoid performance overhead. 
  at <VNavigationDrawer modelValue=undefined onUpdate:modelValue=fn location="right"  ... > 
  at <MenusTopmenuLayoutNotifications > 
  at <VCol class="notificationsHeader" > 
  at <VDefaultsProvider defaults= {VTabs: Object} > 
  at <VToolbar ref=Ref< Proxy(Object) > class="v-app-bar" style= {top: 0px, zIndex: 1014, transform: translateY(0px), position: fixed, height: undefined}  ... > 
  at <VAppBar id="topnav" > 
  at <MenusHeader drawer=false onToggleDrawer=fn > 
  at <ClientOnly > 
  at <VApp theme="light" class="auto-text" > 
  at <VResponsive class="border rounded" > 
  at <Default ref=Ref< Proxy(Object) > > 
  at <AsyncComponentWrapper ref=Ref< Proxy(Object) > > 
  at <LayoutLoader key="default" layoutProps= {ref: RefImpl} name="default" > 
  at <NuxtLayoutProvider layoutProps= {ref: RefImpl} key="default" name="default"  ... > 
  at <NuxtLayout > 
  at <App key=4 > 
  at <NuxtRoot> @ http://localhost:3001/_nuxt/@fs/home/meebuzo/github/alternate-framework/apps/ecosystem/meeovi-frontend/node_modules/@sentry/core/build/esm/instrument/console.js?v=ebf63685:42
[  340086ms] [WARNING] [Vue warn]: Avoid app logic that relies on enumerating keys on a component instance. The keys will be empty in production mode to avoid performance overhead. 
  at <VNavigationDrawer modelValue=undefined onUpdate:modelValue=fn location="right"  ... > 
  at <MenusTopmenuLayoutNotifications > 
  at <VCol class="notificationsHeader" > 
  at <VDefaultsProvider defaults= {VTabs: Object} > 
  at <VToolbar ref=Ref< Proxy(Object) > class="v-app-bar" style= {top: 0px, zIndex: 1014, transform: translateY(0px), position: fixed, height: undefined}  ... > 
  at <VAppBar id="topnav" > 
  at <MenusHeader drawer=false onToggleDrawer=fn > 
  at <ClientOnly > 
  at <VApp theme="light" class="auto-text" > 
  at <VResponsive class="border rounded" > 
  at <Default ref=Ref< Proxy(Object) > > 
  at <AsyncComponentWrapper ref=Ref< Proxy(Object) > > 
  at <LayoutLoader key="default" layoutProps= {ref: RefImpl} name="default" > 
  at <NuxtLayoutProvider layoutProps= {ref: RefImpl} key="default" name="default"  ... > 
  at <NuxtLayout > 
  at <App key=4 > 
  at <NuxtRoot> @ http://localhost:3001/_nuxt/@fs/home/meebuzo/github/alternate-framework/apps/ecosystem/meeovi-frontend/node_modules/@sentry/core/build/esm/instrument/console.js?v=ebf63685:42
[  340088ms] [WARNING] [Vue warn]: Avoid app logic that relies on enumerating keys on a component instance. The keys will be empty in production mode to avoid performance overhead. 
  at <VNavigationDrawer modelValue=undefined onUpdate:modelValue=fn location="right"  ... > 
  at <MenusTopmenuLayoutNotifications > 
  at <VCol class="notificationsHeader" > 
  at <VDefaultsProvider defaults= {VTabs: Object} > 
  at <VToolbar ref=Ref< Proxy(Object) > class="v-app-bar" style= {top: 0px, zIndex: 1014, transform: translateY(0px), position: fixed, height: undefined}  ... > 
  at <VAppBar id="topnav" > 
  at <MenusHeader drawer=false onToggleDrawer=fn > 
  at <ClientOnly > 
  at <VApp theme="light" class="auto-text" > 
  at <VResponsive class="border rounded" > 
  at <Default ref=Ref< Proxy(Object) > > 
  at <AsyncComponentWrapper ref=Ref< Proxy(Object) > > 
  at <LayoutLoader key="default" layoutProps= {ref: RefImpl} name="default" > 
  at <NuxtLayoutProvider layoutProps= {ref: RefImpl} key="default" name="default"  ... > 
  at <NuxtLayout > 
  at <App key=4 > 
  at <NuxtRoot> @ http://localhost:3001/_nuxt/@fs/home/meebuzo/github/alternate-framework/apps/ecosystem/meeovi-frontend/node_modules/@sentry/core/build/esm/instrument/console.js?v=ebf63685:42
[  340093ms] [ERROR] Connecting to 'https://o996770.ingest.us.sentry.io/api/5955273/envelope/?sentry_version=7&sentry_key=df1b90fab7c44ce8aef097a63b468d61&sentry_client=sentry.javascript.nuxt%2F10.63.0' violates the following Content Security Policy directive: "connect-src 'self' https://*.mux.com". The action has been blocked. @ http://localhost:3001/_nuxt/@fs/home/meebuzo/github/alternate-framework/apps/ecosystem/meeovi-frontend/node_modules/@sentry/browser/build/npm/esm/dev/transports/fetch.js?v=ebf63685:31
[  340094ms] [ERROR] Fetch API cannot load https://o996770.ingest.us.sentry.io/api/5955273/envelope/?sentry_version=7&sentry_key=df1b90fab7c44ce8aef097a63b468d61&sentry_client=sentry.javascript.nuxt%2F10.63.0. Refused to connect because it violates the document's Content Security Policy. @ http://localhost:3001/_nuxt/@fs/home/meebuzo/github/alternate-framework/apps/ecosystem/meeovi-frontend/node_modules/@sentry/browser/build/npm/esm/dev/transports/fetch.js?v=ebf63685:31
[  340094ms] [ERROR] Failed to load resource: the server responded with a status of 404 (Not Found) @ http://localhost:3001/api/auth/user/name/to-string:0
[  340095ms] [ERROR] Failed to load resource: the server responded with a status of 404 (Not Found) @ http://localhost:3001/api/auth/user/name/value-of:0
[  340099ms] TypeError: Cannot convert object to primitive value
    at http://localhost:3001/_nuxt/components/menus/topmenu/myaccounttopmenu.vue:174:63
    at Proxy.renderFnWithContext (http://localhost:3001/_nuxt/@fs/home/meebuzo/github/alternate-framework/apps/ecosystem/meeovi-frontend/node_modules/@vue/runtime-core/dist/runtime-core.esm-bundler.js?v=ebf63685:709:13)
    at Proxy.<anonymous> (http://localhost:3001/_nuxt/@fs/home/meebuzo/github/alternate-framework/node_modules/vuetify/lib/components/VList/VListChildren.js?v=ebf63685:21:33)
    at renderComponentRoot (http://localhost:3001/_nuxt/@fs/home/meebuzo/github/alternate-framework/apps/ecosystem/meeovi-frontend/node_modules/@vue/runtime-core/dist/runtime-core.esm-bundler.js?v=ebf63685:4628:16)
    at ReactiveEffect.componentUpdateFn [as fn] (http://localhost:3001/_nuxt/@fs/home/meebuzo/github/alternate-framework/apps/ecosystem/meeovi-frontend/node_modules/@vue/runtime-core/dist/runtime-core.esm-bundler.js?v=ebf63685:6206:46)
    at ReactiveEffect.run (http://localhost:3001/_nuxt/@fs/home/meebuzo/github/alternate-framework/apps/ecosystem/meeovi-frontend/node_modules/@vue/reactivity/dist/reactivity.esm-bundler.js?v=ebf63685:230:19)
    at setupRenderEffect (http://localhost:3001/_nuxt/@fs/home/meebuzo/github/alternate-framework/apps/ecosystem/meeovi-frontend/node_modules/@vue/runtime-core/dist/runtime-core.esm-bundler.js?v=ebf63685:6341:5)
    at mountComponent (http://localhost:3001/_nuxt/@fs/home/meebuzo/github/alternate-framework/apps/ecosystem/meeovi-frontend/node_modules/@vue/runtime-core/dist/runtime-core.esm-bundler.js?v=ebf63685:6113:7)
    at processComponent (http://localhost:3001/_nuxt/@fs/home/meebuzo/github/alternate-framework/apps/ecosystem/meeovi-frontend/node_modules/@vue/runtime-core/dist/runtime-core.esm-bundler.js?v=ebf63685:6065:9)
    at patch (http://localhost:3001/_nuxt/@fs/home/meebuzo/github/alternate-framework/apps/ecosystem/meeovi-frontend/node_modules/@vue/runtime-core/dist/runtime-core.esm-bundler.js?v=ebf63685:5557:11)
    at mountChildren (http://localhost:3001/_nuxt/@fs/home/meebuzo/github/alternate-framework/apps/ecosystem/meeovi-frontend/node_modules/@vue/runtime-core/dist/runtime-core.esm-bundler.js?v=ebf63685:5808:7)
    at mountElement (http://localhost:3001/_nuxt/@fs/home/meebuzo/github/alternate-framework/apps/ecosystem/meeovi-frontend/node_modules/@vue/runtime-core/dist/runtime-core.esm-bundler.js?v=ebf63685:5724:7)
    at processElement (http://localhost:3001/_nuxt/@fs/home/meebuzo/github/alternate-framework/apps/ecosystem/meeovi-frontend/node_modules/@vue/runtime-core/dist/runtime-core.esm-bundler.js?v=ebf63685:5679:7)
    at patch (http://localhost:3001/_nuxt/@fs/home/meebuzo/github/alternate-framework/apps/ecosystem/meeovi-frontend/node_modules/@vue/runtime-core/dist/runtime-core.esm-bundler.js?v=ebf63685:5545:11)
    at ReactiveEffect.componentUpdateFn [as fn] (http://localhost:3001/_nuxt/@fs/home/meebuzo/github/alternate-framework/apps/ecosystem/meeovi-frontend/node_modules/@vue/runtime-core/dist/runtime-core.esm-bundler.js?v=ebf63685:6213:11)
    at ReactiveEffect.run (http://localhost:3001/_nuxt/@fs/home/meebuzo/github/alternate-framework/apps/ecosystem/meeovi-frontend/node_modules/@vue/reactivity/dist/reactivity.esm-bundler.js?v=ebf63685:230:19)
    at setupRenderEffect (http://localhost:3001/_nuxt/@fs/home/meebuzo/github/alternate-framework/apps/ecosystem/meeovi-frontend/node_modules/@vue/runtime-core/dist/runtime-core.esm-bundler.js?v=ebf63685:6341:5)
    at mountComponent (http://localhost:3001/_nuxt/@fs/home/meebuzo/github/alternate-framework/apps/ecosystem/meeovi-frontend/node_modules/@vue/runtime-core/dist/runtime-core.esm-bundler.js?v=ebf63685:6113:7)
    at processComponent (http://localhost:3001/_nuxt/@fs/home/meebuzo/github/alternate-framework/apps/ecosystem/meeovi-frontend/node_modules/@vue/runtime-core/dist/runtime-core.esm-bundler.js?v=ebf63685:6065:9)
    at patch (http://localhost:3001/_nuxt/@fs/home/meebuzo/github/alternate-framework/apps/ecosystem/meeovi-frontend/node_modules/@vue/runtime-core/dist/runtime-core.esm-bundler.js?v=ebf63685:5557:11)
    at mountChildren (http://localhost:3001/_nuxt/@fs/home/meebuzo/github/alternate-framework/apps/ecosystem/meeovi-frontend/node_modules/@vue/runtime-core/dist/runtime-core.esm-bundler.js?v=ebf63685:5808:7)
    at mountElement (http://localhost:3001/_nuxt/@fs/home/meebuzo/github/alternate-framework/apps/ecosystem/meeovi-frontend/node_modules/@vue/runtime-core/dist/runtime-core.esm-bundler.js?v=ebf63685:5724:7)
    at processElement (http://localhost:3001/_nuxt/@fs/home/meebuzo/github/alternate-framework/apps/ecosystem/meeovi-frontend/node_modules/@vue/runtime-core/dist/runtime-core.esm-bundler.js?v=ebf63685:5679:7)
    at patch (http://localhost:3001/_nuxt/@fs/home/meebuzo/github/alternate-framework/apps/ecosystem/meeovi-frontend/node_modules/@vue/runtime-core/dist/runtime-core.esm-bundler.js?v=ebf63685:5545:11)
    at mountChildren (http://localhost:3001/_nuxt/@fs/home/meebuzo/github/alternate-framework/apps/ecosystem/meeovi-frontend/node_modules/@vue/runtime-core/dist/runtime-core.esm-bundler.js?v=ebf63685:5808:7)
    at processFragment (http://localhost:3001/_nuxt/@fs/home/meebuzo/github/alternate-framework/apps/ecosystem/meeovi-frontend/node_modules/@vue/runtime-core/dist/runtime-core.esm-bundler.js?v=ebf63685:5995:7)
    at patch (http://localhost:3001/_nuxt/@fs/home/meebuzo/github/alternate-framework/apps/ecosystem/meeovi-frontend/node_modules/@vue/runtime-core/dist/runtime-core.esm-bundler.js?v=ebf63685:5531:9)
    at mountChildren (http://localhost:3001/_nuxt/@fs/home/meebuzo/github/alternate-framework/apps/ecosystem/meeovi-frontend/node_modules/@vue/runtime-core/dist/runtime-core.esm-bundler.js?v=ebf63685:5808:7)
    at mountElement (http://localhost:3001/_nuxt/@fs/home/meebuzo/github/alternate-framework/apps/ecosystem/meeovi-frontend/node_modules/@vue/runtime-core/dist/runtime-core.esm-bundler.js?v=ebf63685:5724:7)
    at processElement (http://localhost:3001/_nuxt/@fs/home/meebuzo/github/alternate-framework/apps/ecosystem/meeovi-frontend/node_modules/@vue/runtime-core/dist/runtime-core.esm-bundler.js?v=ebf63685:5679:7)
    at patch (http://localhost:3001/_nuxt/@fs/home/meebuzo/github/alternate-framework/apps/ecosystem/meeovi-frontend/node_modules/@vue/runtime-core/dist/runtime-core.esm-bundler.js?v=ebf63685:5545:11)
    at mountChildren (http://localhost:3001/_nuxt/@fs/home/meebuzo/github/alternate-framework/apps/ecosystem/meeovi-frontend/node_modules/@vue/runtime-core/dist/runtime-core.esm-bundler.js?v=ebf63685:5808:7)
    at mountElement (http://localhost:3001/_nuxt/@fs/home/meebuzo/github/alternate-framework/apps/ecosystem/meeovi-frontend/node_modules/@vue/runtime-core/dist/runtime-core.esm-bundler.js?v=ebf63685:5724:7)
    at processElement (http://localhost:3001/_nuxt/@fs/home/meebuzo/github/alternate-framework/apps/ecosystem/meeovi-frontend/node_modules/@vue/runtime-core/dist/runtime-core.esm-bundler.js?v=ebf63685:5679:7)
    at patch (http://localhost:3001/_nuxt/@fs/home/meebuzo/github/alternate-framework/apps/ecosystem/meeovi-frontend/node_modules/@vue/runtime-core/dist/runtime-core.esm-bundler.js?v=ebf63685:5545:11)
    at mountChildren (http://localhost:3001/_nuxt/@fs/home/meebuzo/github/alternate-framework/apps/ecosystem/meeovi-frontend/node_modules/@vue/runtime-core/dist/runtime-core.esm-bundler.js?v=ebf63685:5808:7)
    at processFragment (http://localhost:3001/_nuxt/@fs/home/meebuzo/github/alternate-framework/apps/ecosystem/meeovi-frontend/node_modules/@vue/runtime-core/dist/runtime-core.esm-bundler.js?v=ebf63685:5995:7)
    at patch (http://localhost:3001/_nuxt/@fs/home/meebuzo/github/alternate-framework/apps/ecosystem/meeovi-frontend/node_modules/@vue/runtime-core/dist/runtime-core.esm-bundler.js?v=ebf63685:5531:9)
    at ReactiveEffect.componentUpdateFn [as fn] (http://localhost:3001/_nuxt/@fs/home/meebuzo/github/alternate-framework/apps/ecosystem/meeovi-frontend/node_modules/@vue/runtime-core/dist/runtime-core.esm-bundler.js?v=ebf63685:6213:11)
    at ReactiveEffect.run (http://localhost:3001/_nuxt/@fs/home/meebuzo/github/alternate-framework/apps/ecosystem/meeovi-frontend/node_modules/@vue/reactivity/dist/reactivity.esm-bundler.js?v=ebf63685:230:19)
    at setupRenderEffect (http://localhost:3001/_nuxt/@fs/home/meebuzo/github/alternate-framework/apps/ecosystem/meeovi-frontend/node_modules/@vue/runtime-core/dist/runtime-core.esm-bundler.js?v=ebf63685:6341:5)
    at mountComponent (http://localhost:3001/_nuxt/@fs/home/meebuzo/github/alternate-framework/apps/ecosystem/meeovi-frontend/node_modules/@vue/runtime-core/dist/runtime-core.esm-bundler.js?v=ebf63685:6113:7)
    at processComponent (http://localhost:3001/_nuxt/@fs/home/meebuzo/github/alternate-framework/apps/ecosystem/meeovi-frontend/node_modules/@vue/runtime-core/dist/runtime-core.esm-bundler.js?v=ebf63685:6065:9)
    at patch (http://localhost:3001/_nuxt/@fs/home/meebuzo/github/alternate-framework/apps/ecosystem/meeovi-frontend/node_modules/@vue/runtime-core/dist/runtime-core.esm-bundler.js?v=ebf63685:5557:11)
    at mountChildren (http://localhost:3001/_nuxt/@fs/home/meebuzo/github/alternate-framework/apps/ecosystem/meeovi-frontend/node_modules/@vue/runtime-core/dist/runtime-core.esm-bundler.js?v=ebf63685:5808:7)
    at mountElement (http://localhost:3001/_nuxt/@fs/home/meebuzo/github/alternate-framework/apps/ecosystem/meeovi-frontend/node_modules/@vue/runtime-core/dist/runtime-core.esm-bundler.js?v=ebf63685:5724:7)
    at processElement (http://localhost:3001/_nuxt/@fs/home/meebuzo/github/alternate-framework/apps/ecosystem/meeovi-frontend/node_modules/@vue/runtime-core/dist/runtime-core.esm-bundler.js?v=ebf63685:5679:7)
    at patch (http://localhost:3001/_nuxt/@fs/home/meebuzo/github/alternate-framework/apps/ecosystem/meeovi-frontend/node_modules/@vue/runtime-core/dist/runtime-core.esm-bundler.js?v=ebf63685:5545:11)
    at ReactiveEffect.componentUpdateFn [as fn] (http://localhost:3001/_nuxt/@fs/home/meebuzo/github/alternate-framework/apps/ecosystem/meeovi-frontend/node_modules/@vue/runtime-core/dist/runtime-core.esm-bundler.js?v=ebf63685:6213:11)
    at ReactiveEffect.run (http://localhost:3001/_nuxt/@fs/home/meebuzo/github/alternate-framework/apps/ecosystem/meeovi-frontend/node_modules/@vue/reactivity/dist/reactivity.esm-bundler.js?v=ebf63685:230:19)
[  340099ms] TypeError: Cannot read properties of undefined (reading 'length')
    at http://localhost:3001/_nuxt/components/menus/topmenu/LayoutNotifications.vue:161:33
    at Proxy.renderFnWithContext (http://localhost:3001/_nuxt/@fs/home/meebuzo/github/alternate-framework/apps/ecosystem/meeovi-frontend/node_modules/@vue/runtime-core/dist/runtime-core.esm-bundler.js?v=ebf63685:709:13)
    at default (http://localhost:3001/_nuxt/@fs/home/meebuzo/github/alternate-framework/node_modules/vuetify/lib/components/VNavigationDrawer/VNavigationDrawer.js?v=ebf63685:260:28)
    at normalizeChildren (http://localhost:3001/_nuxt/@fs/home/meebuzo/github/alternate-framework/apps/ecosystem/meeovi-frontend/node_modules/@vue/runtime-core/dist/runtime-core.esm-bundler.js?v=ebf63685:7969:34)
    at createBaseVNode (http://localhost:3001/_nuxt/@fs/home/meebuzo/github/alternate-framework/apps/ecosystem/meeovi-frontend/node_modules/@vue/runtime-core/dist/runtime-core.esm-bundler.js?v=ebf63685:7773:5)
    at _createVNode (http://localhost:3001/_nuxt/@fs/home/meebuzo/github/alternate-framework/apps/ecosystem/meeovi-frontend/node_modules/@vue/runtime-core/dist/runtime-core.esm-bundler.js?v=ebf63685:7850:10)
    at createVNodeWithArgsTransform (http://localhost:3001/_nuxt/@fs/home/meebuzo/github/alternate-framework/apps/ecosystem/meeovi-frontend/node_modules/@vue/runtime-core/dist/runtime-core.esm-bundler.js?v=ebf63685:7727:10)
    at Proxy.<anonymous> (http://localhost:3001/_nuxt/@fs/home/meebuzo/github/alternate-framework/node_modules/vuetify/lib/components/VNavigationDrawer/VNavigationDrawer.js?v=ebf63685:219:52)
    at renderComponentRoot (http://localhost:3001/_nuxt/@fs/home/meebuzo/github/alternate-framework/apps/ecosystem/meeovi-frontend/node_modules/@vue/runtime-core/dist/runtime-core.esm-bundler.js?v=ebf63685:4628:16)
    at ReactiveEffect.componentUpdateFn [as fn] (http://localhost:3001/_nuxt/@fs/home/meebuzo/github/alternate-framework/apps/ecosystem/meeovi-frontend/node_modules/@vue/runtime-core/dist/runtime-core.esm-bundler.js?v=ebf63685:6284:26)
    at ReactiveEffect.run (http://localhost:3001/_nuxt/@fs/home/meebuzo/github/alternate-framework/apps/ecosystem/meeovi-frontend/node_modules/@vue/reactivity/dist/reactivity.esm-bundler.js?v=ebf63685:230:19)
    at ReactiveEffect.runIfDirty (http://localhost:3001/_nuxt/@fs/home/meebuzo/github/alternate-framework/apps/ecosystem/meeovi-frontend/node_modules/@vue/reactivity/dist/reactivity.esm-bundler.js?v=ebf63685:268:12)
    at callWithErrorHandling (http://localhost:3001/_nuxt/@fs/home/meebuzo/github/alternate-framework/apps/ecosystem/meeovi-frontend/node_modules/@vue/runtime-core/dist/runtime-core.esm-bundler.js?v=ebf63685:197:33)
    at flushJobs (http://localhost:3001/_nuxt/@fs/home/meebuzo/github/alternate-framework/apps/ecosystem/meeovi-frontend/node_modules/@vue/runtime-core/dist/runtime-core.esm-bundler.js?v=ebf63685:405:9)
[  340111ms] TypeError: Cannot read properties of undefined (reading 'length')
    at http://localhost:3001/_nuxt/components/menus/topmenu/LayoutNotifications.vue:161:33
    at Proxy.renderFnWithContext (http://localhost:3001/_nuxt/@fs/home/meebuzo/github/alternate-framework/apps/ecosystem/meeovi-frontend/node_modules/@vue/runtime-core/dist/runtime-core.esm-bundler.js?v=ebf63685:709:13)
    at default (http://localhost:3001/_nuxt/@fs/home/meebuzo/github/alternate-framework/node_modules/vuetify/lib/components/VNavigationDrawer/VNavigationDrawer.js?v=ebf63685:260:28)
    at normalizeChildren (http://localhost:3001/_nuxt/@fs/home/meebuzo/github/alternate-framework/apps/ecosystem/meeovi-frontend/node_modules/@vue/runtime-core/dist/runtime-core.esm-bundler.js?v=ebf63685:7969:34)
    at createBaseVNode (http://localhost:3001/_nuxt/@fs/home/meebuzo/github/alternate-framework/apps/ecosystem/meeovi-frontend/node_modules/@vue/runtime-core/dist/runtime-core.esm-bundler.js?v=ebf63685:7773:5)
    at _createVNode (http://localhost:3001/_nuxt/@fs/home/meebuzo/github/alternate-framework/apps/ecosystem/meeovi-frontend/node_modules/@vue/runtime-core/dist/runtime-core.esm-bundler.js?v=ebf63685:7850:10)
    at createVNodeWithArgsTransform (http://localhost:3001/_nuxt/@fs/home/meebuzo/github/alternate-framework/apps/ecosystem/meeovi-frontend/node_modules/@vue/runtime-core/dist/runtime-core.esm-bundler.js?v=ebf63685:7727:10)
    at Proxy.<anonymous> (http://localhost:3001/_nuxt/@fs/home/meebuzo/github/alternate-framework/node_modules/vuetify/lib/components/VNavigationDrawer/VNavigationDrawer.js?v=ebf63685:219:52)
    at renderComponentRoot (http://localhost:3001/_nuxt/@fs/home/meebuzo/github/alternate-framework/apps/ecosystem/meeovi-frontend/node_modules/@vue/runtime-core/dist/runtime-core.esm-bundler.js?v=ebf63685:4628:16)
    at ReactiveEffect.componentUpdateFn [as fn] (http://localhost:3001/_nuxt/@fs/home/meebuzo/github/alternate-framework/apps/ecosystem/meeovi-frontend/node_modules/@vue/runtime-core/dist/runtime-core.esm-bundler.js?v=ebf63685:6284:26)
    at ReactiveEffect.run (http://localhost:3001/_nuxt/@fs/home/meebuzo/github/alternate-framework/apps/ecosystem/meeovi-frontend/node_modules/@vue/reactivity/dist/reactivity.esm-bundler.js?v=ebf63685:230:19)
    at ReactiveEffect.runIfDirty (http://localhost:3001/_nuxt/@fs/home/meebuzo/github/alternate-framework/apps/ecosystem/meeovi-frontend/node_modules/@vue/reactivity/dist/reactivity.esm-bundler.js?v=ebf63685:268:12)
    at callWithErrorHandling (http://localhost:3001/_nuxt/@fs/home/meebuzo/github/alternate-framework/apps/ecosystem/meeovi-frontend/node_modules/@vue/runtime-core/dist/runtime-core.esm-bundler.js?v=ebf63685:197:33)
    at flushJobs (http://localhost:3001/_nuxt/@fs/home/meebuzo/github/alternate-framework/apps/ecosystem/meeovi-frontend/node_modules/@vue/runtime-core/dist/runtime-core.esm-bundler.js?v=ebf63685:405:9)
[  340113ms] TypeError: Cannot read properties of undefined (reading 'length')
    at http://localhost:3001/_nuxt/components/menus/topmenu/LayoutNotifications.vue:161:33
    at Proxy.renderFnWithContext (http://localhost:3001/_nuxt/@fs/home/meebuzo/github/alternate-framework/apps/ecosystem/meeovi-frontend/node_modules/@vue/runtime-core/dist/runtime-core.esm-bundler.js?v=ebf63685:709:13)
    at default (http://localhost:3001/_nuxt/@fs/home/meebuzo/github/alternate-framework/node_modules/vuetify/lib/components/VNavigationDrawer/VNavigationDrawer.js?v=ebf63685:260:28)
    at normalizeChildren (http://localhost:3001/_nuxt/@fs/home/meebuzo/github/alternate-framework/apps/ecosystem/meeovi-frontend/node_modules/@vue/runtime-core/dist/runtime-core.esm-bundler.js?v=ebf63685:7969:34)
    at createBaseVNode (http://localhost:3001/_nuxt/@fs/home/meebuzo/github/alternate-framework/apps/ecosystem/meeovi-frontend/node_modules/@vue/runtime-core/dist/runtime-core.esm-bundler.js?v=ebf63685:7773:5)
    at _createVNode (http://localhost:3001/_nuxt/@fs/home/meebuzo/github/alternate-framework/apps/ecosystem/meeovi-frontend/node_modules/@vue/runtime-core/dist/runtime-core.esm-bundler.js?v=ebf63685:7850:10)
    at createVNodeWithArgsTransform (http://localhost:3001/_nuxt/@fs/home/meebuzo/github/alternate-framework/apps/ecosystem/meeovi-frontend/node_modules/@vue/runtime-core/dist/runtime-core.esm-bundler.js?v=ebf63685:7727:10)
    at Proxy.<anonymous> (http://localhost:3001/_nuxt/@fs/home/meebuzo/github/alternate-framework/node_modules/vuetify/lib/components/VNavigationDrawer/VNavigationDrawer.js?v=ebf63685:219:52)
    at renderComponentRoot (http://localhost:3001/_nuxt/@fs/home/meebuzo/github/alternate-framework/apps/ecosystem/meeovi-frontend/node_modules/@vue/runtime-core/dist/runtime-core.esm-bundler.js?v=ebf63685:4628:16)
    at ReactiveEffect.componentUpdateFn [as fn] (http://localhost:3001/_nuxt/@fs/home/meebuzo/github/alternate-framework/apps/ecosystem/meeovi-frontend/node_modules/@vue/runtime-core/dist/runtime-core.esm-bundler.js?v=ebf63685:6284:26)
    at ReactiveEffect.run (http://localhost:3001/_nuxt/@fs/home/meebuzo/github/alternate-framework/apps/ecosystem/meeovi-frontend/node_modules/@vue/reactivity/dist/reactivity.esm-bundler.js?v=ebf63685:230:19)
    at ReactiveEffect.runIfDirty (http://localhost:3001/_nuxt/@fs/home/meebuzo/github/alternate-framework/apps/ecosystem/meeovi-frontend/node_modules/@vue/reactivity/dist/reactivity.esm-bundler.js?v=ebf63685:268:12)
    at callWithErrorHandling (http://localhost:3001/_nuxt/@fs/home/meebuzo/github/alternate-framework/apps/ecosystem/meeovi-frontend/node_modules/@vue/runtime-core/dist/runtime-core.esm-bundler.js?v=ebf63685:197:33)
    at flushJobs (http://localhost:3001/_nuxt/@fs/home/meebuzo/github/alternate-framework/apps/ecosystem/meeovi-frontend/node_modules/@vue/runtime-core/dist/runtime-core.esm-bundler.js?v=ebf63685:405:9)
[  340134ms] [ERROR] Connecting to 'https://cms.meeovicms.com/items/navigation/51' violates the following Content Security Policy directive: "connect-src 'self' https://*.mux.com". The action has been blocked. @ http://localhost:3001/_nuxt/@fs/home/meebuzo/github/alternate-framework/apps/ecosystem/meeovi-frontend/node_modules/.cache/vite/client/deps/@directus_sdk.js?v=ebf63685:101
[  340134ms] [ERROR] Fetch API cannot load https://cms.meeovicms.com/items/navigation/51. Refused to connect because it violates the document's Content Security Policy. @ http://localhost:3001/_nuxt/@fs/home/meebuzo/github/alternate-framework/apps/ecosystem/meeovi-frontend/node_modules/.cache/vite/client/deps/@directus_sdk.js?v=ebf63685:101
[  340138ms] [ERROR] Connecting to 'https://cms.meeovicms.com/items/navigation/50' violates the following Content Security Policy directive: "connect-src 'self' https://*.mux.com". The action has been blocked. @ http://localhost:3001/_nuxt/@fs/home/meebuzo/github/alternate-framework/apps/ecosystem/meeovi-frontend/node_modules/.cache/vite/client/deps/@directus_sdk.js?v=ebf63685:101
[  340139ms] [ERROR] Fetch API cannot load https://cms.meeovicms.com/items/navigation/50. Refused to connect because it violates the document's Content Security Policy. @ http://localhost:3001/_nuxt/@fs/home/meebuzo/github/alternate-framework/apps/ecosystem/meeovi-frontend/node_modules/.cache/vite/client/deps/@directus_sdk.js?v=ebf63685:101
[  340151ms] [WARNING] [Vue warn]: Unhandled error during execution of render function 
  at <VDefaultsProvider key="content-defaults" disabled=true defaults= {VIcon: Object} > 
  at <VBtn symbol= Symbol(vuetify:v-tabs) ref=Ref< undefined > class="v-tab"  ... > 
  at <VTab key=0 > 
  at <VSlideGroup centerActive=false scrollToActive=true contentClass=undefined  ... > 
  at <VTabs modelValue=null onUpdate:modelValue=fn bg-color=undefined  ... > 
  at <VCard variant="text" class="lowerBar" > 
  at <MenusLowerBar > 
  at <ClientOnly > 
  at <VApp theme="light" class="auto-text" > 
  at <VResponsive class="border rounded" > 
  at <Default ref=Ref< Proxy(Object) > > 
  at <AsyncComponentWrapper ref=Ref< Proxy(Object) > > 
  at <LayoutLoader key="default" layoutProps= {ref: RefImpl} name="default" > 
  at <NuxtLayoutProvider layoutProps= {ref: RefImpl} key="default" name="default"  ... > 
  at <NuxtLayout > 
  at <App key=4 > 
  at <NuxtRoot> @ http://localhost:3001/_nuxt/@fs/home/meebuzo/github/alternate-framework/apps/ecosystem/meeovi-frontend/node_modules/@sentry/core/build/esm/instrument/console.js?v=ebf63685:42
[  340156ms] [WARNING] [Vue warn]: Unhandled error during execution of render function 
  at <VDefaultsProvider key="content-defaults" disabled=true defaults= {VIcon: Object} > 
  at <VBtn symbol= Symbol(vuetify:v-tabs) ref=Ref< undefined > class="v-tab"  ... > 
  at <VTab key=0 > 
  at <VSlideGroup centerActive=false scrollToActive=true contentClass=undefined  ... > 
  at <VTabs modelValue=null onUpdate:modelValue=fn bg-color=undefined  ... > 
  at <VCard variant="text" class="lowerBar" > 
  at <MenusLowerBar > 
  at <ClientOnly > 
  at <VApp theme="light" class="auto-text" > 
  at <VResponsive class="border rounded" > 
  at <Default ref=Ref< Proxy(Object) > > 
  at <AsyncComponentWrapper ref=Ref< Proxy(Object) > > 
  at <LayoutLoader key="default" layoutProps= {ref: RefImpl} name="default" > 
  at <NuxtLayoutProvider layoutProps= {ref: RefImpl} key="default" name="default"  ... > 
  at <NuxtLayout > 
  at <App key=4 > 
  at <NuxtRoot> @ http://localhost:3001/_nuxt/@fs/home/meebuzo/github/alternate-framework/apps/ecosystem/meeovi-frontend/node_modules/@sentry/core/build/esm/instrument/console.js?v=ebf63685:42
[  340157ms] [WARNING] [Vue warn]: Unhandled error during execution of component update 
  at <VSlideGroup centerActive=false scrollToActive=true contentClass=undefined  ... > 
  at <VTabs modelValue=null onUpdate:modelValue=fn bg-color=undefined  ... > 
  at <VCard variant="text" class="lowerBar" > 
  at <MenusLowerBar > 
  at <ClientOnly > 
  at <VApp theme="light" class="auto-text" > 
  at <VResponsive class="border rounded" > 
  at <Default ref=Ref< Proxy(Object) > > 
  at <AsyncComponentWrapper ref=Ref< Proxy(Object) > > 
  at <LayoutLoader key="default" layoutProps= {ref: RefImpl} name="default" > 
  at <NuxtLayoutProvider layoutProps= {ref: RefImpl} key="default" name="default"  ... > 
  at <NuxtLayout > 
  at <App key=4 > 
  at <NuxtRoot> @ http://localhost:3001/_nuxt/@fs/home/meebuzo/github/alternate-framework/apps/ecosystem/meeovi-frontend/node_modules/@sentry/core/build/esm/instrument/console.js?v=ebf63685:42
[  340164ms] [ERROR] Connecting to 'https://cms.meeovicms.com/items/navigation/50' violates the following Content Security Policy directive: "connect-src 'self' https://*.mux.com". The action has been blocked. @ http://localhost:3001/_nuxt/@fs/home/meebuzo/github/alternate-framework/apps/ecosystem/meeovi-frontend/node_modules/.cache/vite/client/deps/@directus_sdk.js?v=ebf63685:101
[  340164ms] [ERROR] Fetch API cannot load https://cms.meeovicms.com/items/navigation/50. Refused to connect because it violates the document's Content Security Policy. @ http://localhost:3001/_nuxt/@fs/home/meebuzo/github/alternate-framework/apps/ecosystem/meeovi-frontend/node_modules/.cache/vite/client/deps/@directus_sdk.js?v=ebf63685:101
