[    2964ms] [ERROR] Failed to load resource: the server responded with a status of 504 (Outdated Optimize Dep) @ http://localhost:3003/_nuxt/@fs/home/meebuzo/github/alternate-framework/apps/ecosystem/search-frontend/node_modules/.cache/vite/client/deps/@better-auth_stripe_client.js?v=f9c590f1:0
[    2969ms] [WARNING] [Vue Router warn]: uncaught error during route navigation: @ http://localhost:3003/_nuxt/@vite/client:528
[    2970ms] [ERROR] TypeError: Failed to fetch dynamically imported module: http://localhost:3003/_nuxt/@fs/home/meebuzo/github/alternate-framework/layers/social/app/pages/connect/space/[...slug].vue @ http://localhost:3003/_nuxt/@vite/client:528
[    2980ms] [WARNING] [NUXT_E1005] Error caught during app initialization.
╰▶ fix: Check your plugins, `app:created`, and `app:beforeMount` hooks for unhandled errors. @ http://localhost:3003/_nuxt/@vite/client:528
[    2981ms] [WARNING] [Vue Router warn]: Unexpected error when starting the router: TypeError: Failed to fetch dynamically imported module: http://localhost:3003/_nuxt/@fs/home/meebuzo/github/alternate-framework/layers/social/app/pages/connect/space/[...slug].vue @ http://localhost:3003/_nuxt/@vite/client:528
[    3367ms] [LOG] ✨ %cNuxt DevTools %c Press Shift + Alt + D to open DevTools color: black; border-radius: 3px 0 0 3px; padding: 2px 2px 1px 10px; background: #00DC82 border-radius: 0 3px 3px 0; padding: 2px 10px 1px 2px; background: #00DC8220  @ http://localhost:3003/_nuxt/@fs/home/meebuzo/github/alternate-framework/node_modules/@nuxt/devtools/dist/runtime/plugins/devtools.client.js?v=888d3bf8:51
[    7905ms] [ERROR] Connecting to 'https://o996770.ingest.us.sentry.io/api/5955273/envelope/?sentry_version=7&sentry_key=df1b90fab7c44ce8aef097a63b468d61&sentry_client=sentry.javascript.nuxt%2F10.70.0' violates the following Content Security Policy directive: "connect-src 'self' https://*.mux.com https://cms.meeovicms.com". The action has been blocked. @ http://localhost:3003/_nuxt/@fs/home/meebuzo/github/alternate-framework/node_modules/@sentry/browser/build/npm/esm/dev/transports/fetch.js?v=56b35f6d:31
[    7905ms] [ERROR] Fetch API cannot load https://o996770.ingest.us.sentry.io/api/5955273/envelope/?sentry_version=7&sentry_key=df1b90fab7c44ce8aef097a63b468d61&sentry_client=sentry.javascript.nuxt%2F10.70.0. Refused to connect because it violates the document's Content Security Policy. @ http://localhost:3003/_nuxt/@fs/home/meebuzo/github/alternate-framework/node_modules/@sentry/browser/build/npm/esm/dev/transports/fetch.js?v=56b35f6d:31
[    7909ms] [WARNING] [NUXT_E1005] Error caught during app initialization.
╰▶ fix: Check your plugins, `app:created`, and `app:beforeMount` hooks for unhandled errors. @ http://localhost:3003/_nuxt/@vite/client:528
[    7922ms] [INFO] <Suspense> is an experimental feature and its API will likely change. @ http://localhost:3003/_nuxt/@fs/home/meebuzo/github/alternate-framework/node_modules/@sentry/core/build/esm/instrument/console.js?v=56b35f6d:44
[    8365ms] [WARNING] [Vue warn]: Hydration node mismatch:
- rendered on server: JSHandle@node  
- expected on client: div 
  at <Error500 status=500 statusText="Internal Server Error" statusCode=500  ... > 
  at <AsyncComponentWrapper status=500 statusText="Internal Server Error" statusCode=500  ... > 
  at <NuxtErrorPage key=1 error= H3Error: Failed to fetch dynamically imported module: http://localhost:3003/_nuxt/@fs/home/meebuzo/github/alternate-framework/layers/social/app/pages/connect/space/[...slug].vue > 
  at <NuxtRoot> @ http://localhost:3003/_nuxt/@vite/client:528
[    8367ms] [ERROR] Hydration completed but contains mismatches. @ http://localhost:3003/_nuxt/@vite/client:528
[    8369ms] [WARNING] [Vue warn]: Hydration children mismatch on JSHandle@node 
Server rendered element contains more child nodes than client vdom. 
  at <Error500 status=500 statusText="Internal Server Error" statusCode=500  ... > 
  at <AsyncComponentWrapper status=500 statusText="Internal Server Error" statusCode=500  ... > 
  at <NuxtErrorPage key=1 error= H3Error: Failed to fetch dynamically imported module: http://localhost:3003/_nuxt/@fs/home/meebuzo/github/alternate-framework/layers/social/app/pages/connect/space/[...slug].vue > 
  at <NuxtRoot> @ http://localhost:3003/_nuxt/@vite/client:528
[    8373ms] [WARNING] [Vue warn]: Hydration class mismatch on JSHandle@node 
  - rendered on server: class="null"
  - expected on client: class="antialiased bg-white dark:bg-[#020420] dark:text-white font-sans grid min-h-screen overflow-hidden place-content-center text-[#020420] tracking-wide"
  Note: this mismatch is check-only. The DOM will not be rectified in production due to performance overhead.
  You should fix the source of the mismatch. 
  at <Error500 status=500 statusText="Internal Server Error" statusCode=500  ... > 
  at <AsyncComponentWrapper status=500 statusText="Internal Server Error" statusCode=500  ... > 
  at <NuxtErrorPage key=1 error= H3Error: Failed to fetch dynamically imported module: http://localhost:3003/_nuxt/@fs/home/meebuzo/github/alternate-framework/layers/social/app/pages/connect/space/[...slug].vue > 
  at <NuxtRoot> @ http://localhost:3003/_nuxt/@vite/client:528
[    8682ms] [WARNING] [Meta Pixel] - Invalid PixelID: null. @ http://localhost:3003/_nuxt/@vite/client:528
[    8800ms] [ERROR] Connecting to 'https://analytics.tiktok.com/api/v2/monitor' violates the following Content Security Policy directive: "connect-src 'self' https://*.mux.com https://cms.meeovicms.com". The action has been blocked. @ https://analytics.tiktok.com/i18n/pixel/static/main.MTQyN2U3Zjc5MA.js:0
[    8802ms] [ERROR] Connecting to 'https://analytics.tiktok.com/api/v2/monitor' violates the following Content Security Policy directive: "connect-src 'self' https://*.mux.com https://cms.meeovicms.com". The action has been blocked. @ https://analytics.tiktok.com/i18n/pixel/static/main.MTQyN2U3Zjc5MA.js:0
[    8803ms] [ERROR] Connecting to 'https://analytics.tiktok.com/api/v2/monitor' violates the following Content Security Policy directive: "connect-src 'self' https://*.mux.com https://cms.meeovicms.com". The action has been blocked. @ https://analytics.tiktok.com/i18n/pixel/static/main.MTQyN2U3Zjc5MA.js:0
[    8807ms] [ERROR] Connecting to 'https://analytics.tiktok.com/api/v2/monitor' violates the following Content Security Policy directive: "connect-src 'self' https://*.mux.com https://cms.meeovicms.com". The action has been blocked. @ https://analytics.tiktok.com/i18n/pixel/static/main.MTQyN2U3Zjc5MA.js:0
[    8812ms] [ERROR] Connecting to 'https://analytics.tiktok.com/api/v2/monitor' violates the following Content Security Policy directive: "connect-src 'self' https://*.mux.com https://cms.meeovicms.com". The action has been blocked. @ https://analytics.tiktok.com/i18n/pixel/static/main.MTQyN2U3Zjc5MA.js:0
[    8815ms] [ERROR] Connecting to 'https://analytics.tiktok.com/api/v2/monitor' violates the following Content Security Policy directive: "connect-src 'self' https://*.mux.com https://cms.meeovicms.com". The action has been blocked. @ https://analytics.tiktok.com/i18n/pixel/static/main.MTQyN2U3Zjc5MA.js:0
[    8827ms] [ERROR] Connecting to 'https://analytics.tiktok.com/api/v2/monitor' violates the following Content Security Policy directive: "connect-src 'self' https://*.mux.com https://cms.meeovicms.com". The action has been blocked. @ https://analytics.tiktok.com/i18n/pixel/static/main.MTQyN2U3Zjc5MA.js:0
[   11552ms] [ERROR] Connecting to 'https://o996770.ingest.us.sentry.io/api/5955273/envelope/?sentry_version=7&sentry_key=df1b90fab7c44ce8aef097a63b468d61&sentry_client=sentry.javascript.nuxt%2F10.70.0' violates the following Content Security Policy directive: "connect-src 'self' https://*.mux.com https://cms.meeovicms.com". The action has been blocked. @ http://localhost:3003/_nuxt/@fs/home/meebuzo/github/alternate-framework/node_modules/@sentry/browser/build/npm/esm/dev/transports/fetch.js?v=56b35f6d:31
[   11553ms] [ERROR] Fetch API cannot load https://o996770.ingest.us.sentry.io/api/5955273/envelope/?sentry_version=7&sentry_key=df1b90fab7c44ce8aef097a63b468d61&sentry_client=sentry.javascript.nuxt%2F10.70.0. Refused to connect because it violates the document's Content Security Policy. @ http://localhost:3003/_nuxt/@fs/home/meebuzo/github/alternate-framework/node_modules/@sentry/browser/build/npm/esm/dev/transports/fetch.js?v=56b35f6d:31
[   13438ms] [ERROR] Failed to load resource: the server responded with a status of 404 () @ https://res.cloudinary.com/nuxt-cloudinary/image/upload/f_auto,q_auto/images/display-2.png:0
[   55064ms] [INFO] <Suspense> is an experimental feature and its API will likely change. @ http://localhost:3003/_nuxt/@fs/home/meebuzo/github/alternate-framework/node_modules/@sentry/core/build/esm/instrument/console.js?v=56b35f6d:44
[   55292ms] [LOG] ✨ %cNuxt DevTools %c Press Shift + Alt + D to open DevTools color: black; border-radius: 3px 0 0 3px; padding: 2px 2px 1px 10px; background: #00DC82 border-radius: 0 3px 3px 0; padding: 2px 10px 1px 2px; background: #00DC8220  @ http://localhost:3003/_nuxt/@fs/home/meebuzo/github/alternate-framework/node_modules/@sentry/core/build/esm/instrument/console.js?v=56b35f6d:44
[   56440ms] [ERROR] Connecting to 'https://o996770.ingest.us.sentry.io/api/5955273/envelope/?sentry_version=7&sentry_key=df1b90fab7c44ce8aef097a63b468d61&sentry_client=sentry.javascript.nuxt%2F10.70.0' violates the following Content Security Policy directive: "connect-src 'self' https://*.mux.com https://cms.meeovicms.com". The action has been blocked. @ http://localhost:3003/_nuxt/@fs/home/meebuzo/github/alternate-framework/node_modules/@sentry/browser/build/npm/esm/dev/transports/fetch.js?v=56b35f6d:31
[   56441ms] [ERROR] Fetch API cannot load https://o996770.ingest.us.sentry.io/api/5955273/envelope/?sentry_version=7&sentry_key=df1b90fab7c44ce8aef097a63b468d61&sentry_client=sentry.javascript.nuxt%2F10.70.0. Refused to connect because it violates the document's Content Security Policy. @ http://localhost:3003/_nuxt/@fs/home/meebuzo/github/alternate-framework/node_modules/@sentry/browser/build/npm/esm/dev/transports/fetch.js?v=56b35f6d:31
[   57670ms] [WARNING] [nuxt] [image] Density values above `2` are not recommended. See https://observablehq.com/@eeeps/visual-acuity-and-device-pixel-ratio. @ http://localhost:3003/_nuxt/@vite/client:528
[   57685ms] [WARNING] [Vue warn]: Slot "default" invoked outside of the render function: this will not track dependencies used in the slot. Invoke the slot function inside the render function instead. 
  at <VDefaultsProvider key="content-defaults" disabled=true defaults= {VIcon: Object} > 
  at <VBtn symbol= Symbol(vuetify:v-tabs) ref=Ref< undefined > class="v-tab"  ... > 
  at <VTab > 
  at <VSlideGroup centerActive=true scrollToActive=true contentClass=undefined  ... > 
  at <VTabs modelValue=null onUpdate:modelValue=fn center-active=""  ... > 
  at <VCard height="75" variant="text" > 
  at <MenusLivebarLive> 
  at <VCol> 
  at <VRow> 
  at <VMain> 
  at <VApp theme="light" class="auto-text" > 
  at <VResponsive class="border rounded" > 
  at <Default ref=Ref< undefined > > 
  at <AsyncComponentWrapper ref=Ref< undefined > > 
  at <LayoutLoader key="default" layoutProps= {ref: RefImpl} name="default" > 
  at <NuxtLayoutProvider layoutProps= {ref: RefImpl} key="default" name="default"  ... > 
  at <NuxtLayout > 
  at <App key=4 > 
  at <NuxtRoot> @ http://localhost:3003/_nuxt/@vite/client:528
[   57688ms] [WARNING] [Vue warn]: Slot "default" invoked outside of the render function: this will not track dependencies used in the slot. Invoke the slot function inside the render function instead. 
  at <VDefaultsProvider key="content-defaults" disabled=true defaults= {VIcon: Object} > 
  at <VBtn symbol= Symbol(vuetify:v-tabs) ref=Ref< undefined > class="v-tab"  ... > 
  at <VTab > 
  at <VSlideGroup centerActive=true scrollToActive=true contentClass=undefined  ... > 
  at <VTabs modelValue=null onUpdate:modelValue=fn center-active=""  ... > 
  at <VCard height="75" variant="text" > 
  at <MenusLivebarLive> 
  at <VCol> 
  at <VRow> 
  at <VMain> 
  at <VApp theme="light" class="auto-text" > 
  at <VResponsive class="border rounded" > 
  at <Default ref=Ref< undefined > > 
  at <AsyncComponentWrapper ref=Ref< undefined > > 
  at <LayoutLoader key="default" layoutProps= {ref: RefImpl} name="default" > 
  at <NuxtLayoutProvider layoutProps= {ref: RefImpl} key="default" name="default"  ... > 
  at <NuxtLayout > 
  at <App key=4 > 
  at <NuxtRoot> @ http://localhost:3003/_nuxt/@vite/client:528
[   57695ms] [WARNING] [Vue warn]: Slot "default" invoked outside of the render function: this will not track dependencies used in the slot. Invoke the slot function inside the render function instead. 
  at <VDefaultsProvider key="content-defaults" disabled=true defaults= {VIcon: Object} > 
  at <VBtn symbol= Symbol(vuetify:v-tabs) ref=Ref< undefined > class="v-tab"  ... > 
  at <VTab > 
  at <VSlideGroup centerActive=true scrollToActive=true contentClass=undefined  ... > 
  at <VTabs modelValue=null onUpdate:modelValue=fn center-active=""  ... > 
  at <VCard height="75" variant="text" > 
  at <MenusLivebarLive> 
  at <VCol> 
  at <VRow> 
  at <VMain> 
  at <VApp theme="light" class="auto-text" > 
  at <VResponsive class="border rounded" > 
  at <Default ref=Ref< undefined > > 
  at <AsyncComponentWrapper ref=Ref< undefined > > 
  at <LayoutLoader key="default" layoutProps= {ref: RefImpl} name="default" > 
  at <NuxtLayoutProvider layoutProps= {ref: RefImpl} key="default" name="default"  ... > 
  at <NuxtLayout > 
  at <App key=4 > 
  at <NuxtRoot> @ http://localhost:3003/_nuxt/@vite/client:528
[   57698ms] [WARNING] [Vue warn]: Slot "default" invoked outside of the render function: this will not track dependencies used in the slot. Invoke the slot function inside the render function instead. 
  at <VDefaultsProvider key="content-defaults" disabled=true defaults= {VIcon: Object} > 
  at <VBtn symbol= Symbol(vuetify:v-tabs) ref=Ref< undefined > class="v-tab"  ... > 
  at <VTab > 
  at <VSlideGroup centerActive=true scrollToActive=true contentClass=undefined  ... > 
  at <VTabs modelValue=null onUpdate:modelValue=fn center-active=""  ... > 
  at <VCard height="75" variant="text" > 
  at <MenusLivebarLive> 
  at <VCol> 
  at <VRow> 
  at <VMain> 
  at <VApp theme="light" class="auto-text" > 
  at <VResponsive class="border rounded" > 
  at <Default ref=Ref< undefined > > 
  at <AsyncComponentWrapper ref=Ref< undefined > > 
  at <LayoutLoader key="default" layoutProps= {ref: RefImpl} name="default" > 
  at <NuxtLayoutProvider layoutProps= {ref: RefImpl} key="default" name="default"  ... > 
  at <NuxtLayout > 
  at <App key=4 > 
  at <NuxtRoot> @ http://localhost:3003/_nuxt/@vite/client:528
[   57702ms] [WARNING] [Vue warn]: Slot "default" invoked outside of the render function: this will not track dependencies used in the slot. Invoke the slot function inside the render function instead. 
  at <VDefaultsProvider key="content-defaults" defaults= {VImg: Object, VIcon: Object} > 
  at <VAvatar ref_for=true ref=fn<fn> onClick=fn<onClick>  ... > 
  at <VOverlay ref=Ref< undefined > class="v-dialog" style= {}  ... > 
  at <VDialog modelValue=false onUpdate:modelValue=fn transition="dialog-bottom-transition" > 
  at <VDefaultsProvider key="content-defaults" disabled=true defaults= {VIcon: Object} > 
  at <VBtn symbol= Symbol(vuetify:v-tabs) ref=Ref< undefined > class="v-tab"  ... > 
  at <VTab > 
  at <VSlideGroup centerActive=true scrollToActive=true contentClass=undefined  ... > 
  at <VTabs modelValue=null onUpdate:modelValue=fn center-active=""  ... > 
  at <VCard height="75" variant="text" > 
  at <MenusLivebarLive> 
  at <VCol> 
  at <VRow> 
  at <VMain> 
  at <VApp theme="light" class="auto-text" > 
  at <VResponsive class="border rounded" > 
  at <Default ref=Ref< undefined > > 
  at <AsyncComponentWrapper ref=Ref< undefined > > 
  at <LayoutLoader key="default" layoutProps= {ref: RefImpl} name="default" > 
  at <NuxtLayoutProvider layoutProps= {ref: RefImpl} key="default" name="default"  ... > 
  at <NuxtLayout > 
  at <App key=4 > 
  at <NuxtRoot> @ http://localhost:3003/_nuxt/@vite/client:528
[   58183ms] [WARNING] [Vue warn]: Slot "default" invoked outside of the render function: this will not track dependencies used in the slot. Invoke the slot function inside the render function instead. 
  at <VDefaultsProvider key="content-defaults" disabled=true defaults= {VIcon: Object} > 
  at <VBtn symbol= Symbol(vuetify:v-tabs) ref=Ref< undefined > class="v-tab"  ... > 
  at <VTab value="one" > 
  at <VSlideGroup centerActive=false scrollToActive=true contentClass=undefined  ... > 
  at <VTabs modelValue=null onUpdate:modelValue=fn align-tabs="center"  ... > 
  at <VSheet > 
  at <VCard elevation="0" > 
  at <[...slug] onVnodeUnmounted=fn<onVnodeUnmounted> ref=Ref< undefined > > 
  at <RouteProvider key="/connect/space/meeovi-news" vnode= {__v_isVNode: true, __v_skip: true, type: Object, props: Object, key: null} route= {fullPath: /connect/space/meeovi-news, hash: , query: Object, name: connect-space-slug___en, path: /connect/space/meeovi-news}  ... > 
  at <RouterView name=undefined route=undefined > 
  at <NuxtPage > 
  at <VMain> 
  at <VApp theme="light" class="auto-text" > 
  at <VResponsive class="border rounded" > 
  at <Default ref=Ref< undefined > > 
  at <AsyncComponentWrapper ref=Ref< undefined > > 
  at <LayoutLoader key="default" layoutProps= {ref: RefImpl} name="default" > 
  at <NuxtLayoutProvider layoutProps= {ref: RefImpl} key="default" name="default"  ... > 
  at <NuxtLayout > 
  at <App key=4 > 
  at <NuxtRoot> @ http://localhost:3003/_nuxt/@vite/client:528
[   58906ms] [WARNING] [Vue warn]: Slot "default" invoked outside of the render function: this will not track dependencies used in the slot. Invoke the slot function inside the render function instead. 
  at <VDefaultsProvider key="content-defaults" disabled=true defaults= {VIcon: Object} > 
  at <VBtn symbol= Symbol(vuetify:v-tabs) ref=Ref< undefined > class="v-tab"  ... > 
  at <VTab value="one" > 
  at <VSlideGroup centerActive=false scrollToActive=true contentClass=undefined  ... > 
  at <VTabs modelValue=null onUpdate:modelValue=fn align-tabs="center"  ... > 
  at <VSheet > 
  at <VCard elevation="0" > 
  at <[...slug] onVnodeUnmounted=fn<onVnodeUnmounted> ref=Ref< undefined > > 
  at <RouteProvider key="/connect/space/meeovi-news" vnode= {__v_isVNode: true, __v_skip: true, type: Object, props: Object, key: null} route= {fullPath: /connect/space/meeovi-news, hash: , query: Object, name: connect-space-slug___en, path: /connect/space/meeovi-news}  ... > 
  at <RouterView name=undefined route=undefined > 
  at <NuxtPage > 
  at <VMain> 
  at <VApp theme="light" class="auto-text" > 
  at <VResponsive class="border rounded" > 
  at <Default ref=Ref< undefined > > 
  at <AsyncComponentWrapper ref=Ref< undefined > > 
  at <LayoutLoader key="default" layoutProps= {ref: RefImpl} name="default" > 
  at <NuxtLayoutProvider layoutProps= {ref: RefImpl} key="default" name="default"  ... > 
  at <NuxtLayout > 
  at <App key=4 > 
  at <NuxtRoot> @ http://localhost:3003/_nuxt/@vite/client:528
[   59679ms] [WARNING] [Vue warn]: Slot "default" invoked outside of the render function: this will not track dependencies used in the slot. Invoke the slot function inside the render function instead. 
  at <VDefaultsProvider key="content-defaults" disabled=true defaults= {VIcon: Object} > 
  at <VBtn symbol= Symbol(vuetify:v-tabs) ref=Ref< undefined > class="v-tab"  ... > 
  at <VTab value="two" > 
  at <VSlideGroup centerActive=false scrollToActive=true contentClass=undefined  ... > 
  at <VTabs modelValue=null onUpdate:modelValue=fn align-tabs="center"  ... > 
  at <VSheet > 
  at <VCard elevation="0" > 
  at <[...slug] onVnodeUnmounted=fn<onVnodeUnmounted> ref=Ref< undefined > > 
  at <RouteProvider key="/connect/space/meeovi-news" vnode= {__v_isVNode: true, __v_skip: true, type: Object, props: Object, key: null} route= {fullPath: /connect/space/meeovi-news, hash: , query: Object, name: connect-space-slug___en, path: /connect/space/meeovi-news}  ... > 
  at <RouterView name=undefined route=undefined > 
  at <NuxtPage > 
  at <VMain> 
  at <VApp theme="light" class="auto-text" > 
  at <VResponsive class="border rounded" > 
  at <Default ref=Ref< undefined > > 
  at <AsyncComponentWrapper ref=Ref< undefined > > 
  at <LayoutLoader key="default" layoutProps= {ref: RefImpl} name="default" > 
  at <NuxtLayoutProvider layoutProps= {ref: RefImpl} key="default" name="default"  ... > 
  at <NuxtLayout > 
  at <App key=4 > 
  at <NuxtRoot> @ http://localhost:3003/_nuxt/@vite/client:528
[   60473ms] [WARNING] [Vue warn]: Slot "default" invoked outside of the render function: this will not track dependencies used in the slot. Invoke the slot function inside the render function instead. 
  at <VDefaultsProvider key="content-defaults" disabled=true defaults= {VIcon: Object} > 
  at <VBtn symbol= Symbol(vuetify:v-tabs) ref=Ref< undefined > class="v-tab"  ... > 
  at <VTab value="two" > 
  at <VSlideGroup centerActive=false scrollToActive=true contentClass=undefined  ... > 
  at <VTabs modelValue=null onUpdate:modelValue=fn align-tabs="center"  ... > 
  at <VSheet > 
  at <VCard elevation="0" > 
  at <[...slug] onVnodeUnmounted=fn<onVnodeUnmounted> ref=Ref< undefined > > 
  at <RouteProvider key="/connect/space/meeovi-news" vnode= {__v_isVNode: true, __v_skip: true, type: Object, props: Object, key: null} route= {fullPath: /connect/space/meeovi-news, hash: , query: Object, name: connect-space-slug___en, path: /connect/space/meeovi-news}  ... > 
  at <RouterView name=undefined route=undefined > 
  at <NuxtPage > 
  at <VMain> 
  at <VApp theme="light" class="auto-text" > 
  at <VResponsive class="border rounded" > 
  at <Default ref=Ref< undefined > > 
  at <AsyncComponentWrapper ref=Ref< undefined > > 
  at <LayoutLoader key="default" layoutProps= {ref: RefImpl} name="default" > 
  at <NuxtLayoutProvider layoutProps= {ref: RefImpl} key="default" name="default"  ... > 
  at <NuxtLayout > 
  at <App key=4 > 
  at <NuxtRoot> @ http://localhost:3003/_nuxt/@vite/client:528
[   61282ms] [WARNING] [Vue warn]: Slot "default" invoked outside of the render function: this will not track dependencies used in the slot. Invoke the slot function inside the render function instead. 
  at <VDefaultsProvider key="content-defaults" disabled=true defaults= {VIcon: Object} > 
  at <VBtn symbol= Symbol(vuetify:v-tabs) ref=Ref< undefined > class="v-tab"  ... > 
  at <VTab value="three" > 
  at <VSlideGroup centerActive=false scrollToActive=true contentClass=undefined  ... > 
  at <VTabs modelValue=null onUpdate:modelValue=fn align-tabs="center"  ... > 
  at <VSheet > 
  at <VCard elevation="0" > 
  at <[...slug] onVnodeUnmounted=fn<onVnodeUnmounted> ref=Ref< undefined > > 
  at <RouteProvider key="/connect/space/meeovi-news" vnode= {__v_isVNode: true, __v_skip: true, type: Object, props: Object, key: null} route= {fullPath: /connect/space/meeovi-news, hash: , query: Object, name: connect-space-slug___en, path: /connect/space/meeovi-news}  ... > 
  at <RouterView name=undefined route=undefined > 
  at <NuxtPage > 
  at <VMain> 
  at <VApp theme="light" class="auto-text" > 
  at <VResponsive class="border rounded" > 
  at <Default ref=Ref< undefined > > 
  at <AsyncComponentWrapper ref=Ref< undefined > > 
  at <LayoutLoader key="default" layoutProps= {ref: RefImpl} name="default" > 
  at <NuxtLayoutProvider layoutProps= {ref: RefImpl} key="default" name="default"  ... > 
  at <NuxtLayout > 
  at <App key=4 > 
  at <NuxtRoot> @ http://localhost:3003/_nuxt/@vite/client:528
[   62077ms] [WARNING] [Vue warn]: Slot "default" invoked outside of the render function: this will not track dependencies used in the slot. Invoke the slot function inside the render function instead. 
  at <VDefaultsProvider key="content-defaults" disabled=true defaults= {VIcon: Object} > 
  at <VBtn symbol= Symbol(vuetify:v-tabs) ref=Ref< undefined > class="v-tab"  ... > 
  at <VTab value="three" > 
  at <VSlideGroup centerActive=false scrollToActive=true contentClass=undefined  ... > 
  at <VTabs modelValue=null onUpdate:modelValue=fn align-tabs="center"  ... > 
  at <VSheet > 
  at <VCard elevation="0" > 
  at <[...slug] onVnodeUnmounted=fn<onVnodeUnmounted> ref=Ref< undefined > > 
  at <RouteProvider key="/connect/space/meeovi-news" vnode= {__v_isVNode: true, __v_skip: true, type: Object, props: Object, key: null} route= {fullPath: /connect/space/meeovi-news, hash: , query: Object, name: connect-space-slug___en, path: /connect/space/meeovi-news}  ... > 
  at <RouterView name=undefined route=undefined > 
  at <NuxtPage > 
  at <VMain> 
  at <VApp theme="light" class="auto-text" > 
  at <VResponsive class="border rounded" > 
  at <Default ref=Ref< undefined > > 
  at <AsyncComponentWrapper ref=Ref< undefined > > 
  at <LayoutLoader key="default" layoutProps= {ref: RefImpl} name="default" > 
  at <NuxtLayoutProvider layoutProps= {ref: RefImpl} key="default" name="default"  ... > 
  at <NuxtLayout > 
  at <App key=4 > 
  at <NuxtRoot> @ http://localhost:3003/_nuxt/@vite/client:528
[   62869ms] [WARNING] [Vue warn]: Slot "default" invoked outside of the render function: this will not track dependencies used in the slot. Invoke the slot function inside the render function instead. 
  at <VDefaultsProvider key="content-defaults" disabled=true defaults= {VIcon: Object} > 
  at <VBtn symbol= Symbol(vuetify:v-tabs) ref=Ref< undefined > class="v-tab"  ... > 
  at <VTab value="four" > 
  at <VSlideGroup centerActive=false scrollToActive=true contentClass=undefined  ... > 
  at <VTabs modelValue=null onUpdate:modelValue=fn align-tabs="center"  ... > 
  at <VSheet > 
  at <VCard elevation="0" > 
  at <[...slug] onVnodeUnmounted=fn<onVnodeUnmounted> ref=Ref< undefined > > 
  at <RouteProvider key="/connect/space/meeovi-news" vnode= {__v_isVNode: true, __v_skip: true, type: Object, props: Object, key: null} route= {fullPath: /connect/space/meeovi-news, hash: , query: Object, name: connect-space-slug___en, path: /connect/space/meeovi-news}  ... > 
  at <RouterView name=undefined route=undefined > 
  at <NuxtPage > 
  at <VMain> 
  at <VApp theme="light" class="auto-text" > 
  at <VResponsive class="border rounded" > 
  at <Default ref=Ref< undefined > > 
  at <AsyncComponentWrapper ref=Ref< undefined > > 
  at <LayoutLoader key="default" layoutProps= {ref: RefImpl} name="default" > 
  at <NuxtLayoutProvider layoutProps= {ref: RefImpl} key="default" name="default"  ... > 
  at <NuxtLayout > 
  at <App key=4 > 
  at <NuxtRoot> @ http://localhost:3003/_nuxt/@vite/client:528
[   63592ms] [WARNING] [Vue warn]: Slot "default" invoked outside of the render function: this will not track dependencies used in the slot. Invoke the slot function inside the render function instead. 
  at <VDefaultsProvider key="content-defaults" disabled=true defaults= {VIcon: Object} > 
  at <VBtn symbol= Symbol(vuetify:v-tabs) ref=Ref< undefined > class="v-tab"  ... > 
  at <VTab value="four" > 
  at <VSlideGroup centerActive=false scrollToActive=true contentClass=undefined  ... > 
  at <VTabs modelValue=null onUpdate:modelValue=fn align-tabs="center"  ... > 
  at <VSheet > 
  at <VCard elevation="0" > 
  at <[...slug] onVnodeUnmounted=fn<onVnodeUnmounted> ref=Ref< undefined > > 
  at <RouteProvider key="/connect/space/meeovi-news" vnode= {__v_isVNode: true, __v_skip: true, type: Object, props: Object, key: null} route= {fullPath: /connect/space/meeovi-news, hash: , query: Object, name: connect-space-slug___en, path: /connect/space/meeovi-news}  ... > 
  at <RouterView name=undefined route=undefined > 
  at <NuxtPage > 
  at <VMain> 
  at <VApp theme="light" class="auto-text" > 
  at <VResponsive class="border rounded" > 
  at <Default ref=Ref< undefined > > 
  at <AsyncComponentWrapper ref=Ref< undefined > > 
  at <LayoutLoader key="default" layoutProps= {ref: RefImpl} name="default" > 
  at <NuxtLayoutProvider layoutProps= {ref: RefImpl} key="default" name="default"  ... > 
  at <NuxtLayout > 
  at <App key=4 > 
  at <NuxtRoot> @ http://localhost:3003/_nuxt/@vite/client:528
[   64369ms] [WARNING] [Vue warn]: Slot "default" invoked outside of the render function: this will not track dependencies used in the slot. Invoke the slot function inside the render function instead. 
  at <VDefaultsProvider key="content-defaults" disabled=true defaults= {VIcon: Object} > 
  at <VBtn symbol= Symbol(vuetify:v-tabs) ref=Ref< undefined > class="v-tab"  ... > 
  at <VTab value="five" > 
  at <VSlideGroup centerActive=false scrollToActive=true contentClass=undefined  ... > 
  at <VTabs modelValue=null onUpdate:modelValue=fn align-tabs="center"  ... > 
  at <VSheet > 
  at <VCard elevation="0" > 
  at <[...slug] onVnodeUnmounted=fn<onVnodeUnmounted> ref=Ref< undefined > > 
  at <RouteProvider key="/connect/space/meeovi-news" vnode= {__v_isVNode: true, __v_skip: true, type: Object, props: Object, key: null} route= {fullPath: /connect/space/meeovi-news, hash: , query: Object, name: connect-space-slug___en, path: /connect/space/meeovi-news}  ... > 
  at <RouterView name=undefined route=undefined > 
  at <NuxtPage > 
  at <VMain> 
  at <VApp theme="light" class="auto-text" > 
  at <VResponsive class="border rounded" > 
  at <Default ref=Ref< undefined > > 
  at <AsyncComponentWrapper ref=Ref< undefined > > 
  at <LayoutLoader key="default" layoutProps= {ref: RefImpl} name="default" > 
  at <NuxtLayoutProvider layoutProps= {ref: RefImpl} key="default" name="default"  ... > 
  at <NuxtLayout > 
  at <App key=4 > 
  at <NuxtRoot> @ http://localhost:3003/_nuxt/@vite/client:528
[   65204ms] [WARNING] [Vue warn]: Slot "default" invoked outside of the render function: this will not track dependencies used in the slot. Invoke the slot function inside the render function instead. 
  at <VDefaultsProvider key="content-defaults" disabled=true defaults= {VIcon: Object} > 
  at <VBtn symbol= Symbol(vuetify:v-tabs) ref=Ref< undefined > class="v-tab"  ... > 
  at <VTab value="five" > 
  at <VSlideGroup centerActive=false scrollToActive=true contentClass=undefined  ... > 
  at <VTabs modelValue=null onUpdate:modelValue=fn align-tabs="center"  ... > 
  at <VSheet > 
  at <VCard elevation="0" > 
  at <[...slug] onVnodeUnmounted=fn<onVnodeUnmounted> ref=Ref< undefined > > 
  at <RouteProvider key="/connect/space/meeovi-news" vnode= {__v_isVNode: true, __v_skip: true, type: Object, props: Object, key: null} route= {fullPath: /connect/space/meeovi-news, hash: , query: Object, name: connect-space-slug___en, path: /connect/space/meeovi-news}  ... > 
  at <RouterView name=undefined route=undefined > 
  at <NuxtPage > 
  at <VMain> 
  at <VApp theme="light" class="auto-text" > 
  at <VResponsive class="border rounded" > 
  at <Default ref=Ref< undefined > > 
  at <AsyncComponentWrapper ref=Ref< undefined > > 
  at <LayoutLoader key="default" layoutProps= {ref: RefImpl} name="default" > 
  at <NuxtLayoutProvider layoutProps= {ref: RefImpl} key="default" name="default"  ... > 
  at <NuxtLayout > 
  at <App key=4 > 
  at <NuxtRoot> @ http://localhost:3003/_nuxt/@vite/client:528
[   66019ms] [WARNING] [Vue warn]: Slot "default" invoked outside of the render function: this will not track dependencies used in the slot. Invoke the slot function inside the render function instead. 
  at <VDefaultsProvider key="content-defaults" disabled=true defaults= {VIcon: Object} > 
  at <VBtn symbol= Symbol(vuetify:v-tabs) ref=Ref< undefined > class="v-tab"  ... > 
  at <VTab value="six" > 
  at <VSlideGroup centerActive=false scrollToActive=true contentClass=undefined  ... > 
  at <VTabs modelValue=null onUpdate:modelValue=fn align-tabs="center"  ... > 
  at <VSheet > 
  at <VCard elevation="0" > 
  at <[...slug] onVnodeUnmounted=fn<onVnodeUnmounted> ref=Ref< undefined > > 
  at <RouteProvider key="/connect/space/meeovi-news" vnode= {__v_isVNode: true, __v_skip: true, type: Object, props: Object, key: null} route= {fullPath: /connect/space/meeovi-news, hash: , query: Object, name: connect-space-slug___en, path: /connect/space/meeovi-news}  ... > 
  at <RouterView name=undefined route=undefined > 
  at <NuxtPage > 
  at <VMain> 
  at <VApp theme="light" class="auto-text" > 
  at <VResponsive class="border rounded" > 
  at <Default ref=Ref< undefined > > 
  at <AsyncComponentWrapper ref=Ref< undefined > > 
  at <LayoutLoader key="default" layoutProps= {ref: RefImpl} name="default" > 
  at <NuxtLayoutProvider layoutProps= {ref: RefImpl} key="default" name="default"  ... > 
  at <NuxtLayout > 
  at <App key=4 > 
  at <NuxtRoot> @ http://localhost:3003/_nuxt/@vite/client:528
[   66838ms] [WARNING] [Vue warn]: Slot "default" invoked outside of the render function: this will not track dependencies used in the slot. Invoke the slot function inside the render function instead. 
  at <VDefaultsProvider key="content-defaults" disabled=true defaults= {VIcon: Object} > 
  at <VBtn symbol= Symbol(vuetify:v-tabs) ref=Ref< undefined > class="v-tab"  ... > 
  at <VTab value="six" > 
  at <VSlideGroup centerActive=false scrollToActive=true contentClass=undefined  ... > 
  at <VTabs modelValue=null onUpdate:modelValue=fn align-tabs="center"  ... > 
  at <VSheet > 
  at <VCard elevation="0" > 
  at <[...slug] onVnodeUnmounted=fn<onVnodeUnmounted> ref=Ref< undefined > > 
  at <RouteProvider key="/connect/space/meeovi-news" vnode= {__v_isVNode: true, __v_skip: true, type: Object, props: Object, key: null} route= {fullPath: /connect/space/meeovi-news, hash: , query: Object, name: connect-space-slug___en, path: /connect/space/meeovi-news}  ... > 
  at <RouterView name=undefined route=undefined > 
  at <NuxtPage > 
  at <VMain> 
  at <VApp theme="light" class="auto-text" > 
  at <VResponsive class="border rounded" > 
  at <Default ref=Ref< undefined > > 
  at <AsyncComponentWrapper ref=Ref< undefined > > 
  at <LayoutLoader key="default" layoutProps= {ref: RefImpl} name="default" > 
  at <NuxtLayoutProvider layoutProps= {ref: RefImpl} key="default" name="default"  ... > 
  at <NuxtLayout > 
  at <App key=4 > 
  at <NuxtRoot> @ http://localhost:3003/_nuxt/@vite/client:528
[   67691ms] [WARNING] [Vue warn]: Slot "default" invoked outside of the render function: this will not track dependencies used in the slot. Invoke the slot function inside the render function instead. 
  at <VDefaultsProvider key="content-defaults" disabled=true defaults= {VIcon: Object} > 
  at <VBtn symbol= Symbol(vuetify:v-tabs) ref=Ref< undefined > class="v-tab"  ... > 
  at <VTab value="seven" > 
  at <VSlideGroup centerActive=false scrollToActive=true contentClass=undefined  ... > 
  at <VTabs modelValue=null onUpdate:modelValue=fn align-tabs="center"  ... > 
  at <VSheet > 
  at <VCard elevation="0" > 
  at <[...slug] onVnodeUnmounted=fn<onVnodeUnmounted> ref=Ref< undefined > > 
  at <RouteProvider key="/connect/space/meeovi-news" vnode= {__v_isVNode: true, __v_skip: true, type: Object, props: Object, key: null} route= {fullPath: /connect/space/meeovi-news, hash: , query: Object, name: connect-space-slug___en, path: /connect/space/meeovi-news}  ... > 
  at <RouterView name=undefined route=undefined > 
  at <NuxtPage > 
  at <VMain> 
  at <VApp theme="light" class="auto-text" > 
  at <VResponsive class="border rounded" > 
  at <Default ref=Ref< undefined > > 
  at <AsyncComponentWrapper ref=Ref< undefined > > 
  at <LayoutLoader key="default" layoutProps= {ref: RefImpl} name="default" > 
  at <NuxtLayoutProvider layoutProps= {ref: RefImpl} key="default" name="default"  ... > 
  at <NuxtLayout > 
  at <App key=4 > 
  at <NuxtRoot> @ http://localhost:3003/_nuxt/@vite/client:528
[   68512ms] [WARNING] [Vue warn]: Slot "default" invoked outside of the render function: this will not track dependencies used in the slot. Invoke the slot function inside the render function instead. 
  at <VDefaultsProvider key="content-defaults" disabled=true defaults= {VIcon: Object} > 
  at <VBtn symbol= Symbol(vuetify:v-tabs) ref=Ref< undefined > class="v-tab"  ... > 
  at <VTab value="seven" > 
  at <VSlideGroup centerActive=false scrollToActive=true contentClass=undefined  ... > 
  at <VTabs modelValue=null onUpdate:modelValue=fn align-tabs="center"  ... > 
  at <VSheet > 
  at <VCard elevation="0" > 
  at <[...slug] onVnodeUnmounted=fn<onVnodeUnmounted> ref=Ref< undefined > > 
  at <RouteProvider key="/connect/space/meeovi-news" vnode= {__v_isVNode: true, __v_skip: true, type: Object, props: Object, key: null} route= {fullPath: /connect/space/meeovi-news, hash: , query: Object, name: connect-space-slug___en, path: /connect/space/meeovi-news}  ... > 
  at <RouterView name=undefined route=undefined > 
  at <NuxtPage > 
  at <VMain> 
  at <VApp theme="light" class="auto-text" > 
  at <VResponsive class="border rounded" > 
  at <Default ref=Ref< undefined > > 
  at <AsyncComponentWrapper ref=Ref< undefined > > 
  at <LayoutLoader key="default" layoutProps= {ref: RefImpl} name="default" > 
  at <NuxtLayoutProvider layoutProps= {ref: RefImpl} key="default" name="default"  ... > 
  at <NuxtLayout > 
  at <App key=4 > 
  at <NuxtRoot> @ http://localhost:3003/_nuxt/@vite/client:528
[   69714ms] [WARNING] [Meta Pixel] - Invalid PixelID: null. @ http://localhost:3003/_nuxt/@vite/client:528
[   69939ms] [ERROR] Failed to load resource: the server responded with a status of 404 (Not Found) @ http://localhost:3003/api/auth/user/to-json:0
[   69987ms] [LOG] Meeovi Search @ http://localhost:3003/_nuxt/@fs/home/meebuzo/github/alternate-framework/node_modules/@sentry/core/build/esm/instrument/console.js?v=56b35f6d:44
[   70128ms] [ERROR] Connecting to 'https://analytics.tiktok.com/api/v2/monitor' violates the following Content Security Policy directive: "connect-src 'self' https://*.mux.com https://cms.meeovicms.com". The action has been blocked. @ https://analytics.tiktok.com/i18n/pixel/static/main.MTQyN2U3Zjc5MA.js:0
[   70130ms] [ERROR] Connecting to 'https://analytics.tiktok.com/api/v2/monitor' violates the following Content Security Policy directive: "connect-src 'self' https://*.mux.com https://cms.meeovicms.com". The action has been blocked. @ https://analytics.tiktok.com/i18n/pixel/static/main.MTQyN2U3Zjc5MA.js:0
[   70131ms] [ERROR] Connecting to 'https://analytics.tiktok.com/api/v2/monitor' violates the following Content Security Policy directive: "connect-src 'self' https://*.mux.com https://cms.meeovicms.com". The action has been blocked. @ https://analytics.tiktok.com/i18n/pixel/static/main.MTQyN2U3Zjc5MA.js:0
[   70133ms] [ERROR] Connecting to 'https://analytics.tiktok.com/api/v2/monitor' violates the following Content Security Policy directive: "connect-src 'self' https://*.mux.com https://cms.meeovicms.com". The action has been blocked. @ https://analytics.tiktok.com/i18n/pixel/static/main.MTQyN2U3Zjc5MA.js:0
[   70137ms] [ERROR] Connecting to 'https://analytics.tiktok.com/api/v2/monitor' violates the following Content Security Policy directive: "connect-src 'self' https://*.mux.com https://cms.meeovicms.com". The action has been blocked. @ https://analytics.tiktok.com/i18n/pixel/static/main.MTQyN2U3Zjc5MA.js:0
[   70138ms] [ERROR] Connecting to 'https://analytics.tiktok.com/api/v2/monitor' violates the following Content Security Policy directive: "connect-src 'self' https://*.mux.com https://cms.meeovicms.com". The action has been blocked. @ https://analytics.tiktok.com/i18n/pixel/static/main.MTQyN2U3Zjc5MA.js:0
[   70150ms] [ERROR] Connecting to 'https://analytics.tiktok.com/api/v2/monitor' violates the following Content Security Policy directive: "connect-src 'self' https://*.mux.com https://cms.meeovicms.com". The action has been blocked. @ https://analytics.tiktok.com/i18n/pixel/static/main.MTQyN2U3Zjc5MA.js:0
[   70332ms] [ERROR] Failed to load resource: the server responded with a status of 404 () @ https://res.cloudinary.com/nuxt-cloudinary/image/upload/f_auto,q_auto/images/logo512alpha.png:0
[   71417ms] [ERROR] Failed to load resource: the server responded with a status of 404 (Not Found) @ http://localhost:3003/api/auth/logged-in/to-json:0
[   71431ms] [ERROR] Failed to load resource: the server responded with a status of 404 (Not Found) @ http://localhost:3003/api/auth/user/to-json:0
[   71436ms] [ERROR] Failed to load resource: the server responded with a status of 404 (Not Found) @ http://localhost:3003/api/auth/user/to-json:0
[   71438ms] [ERROR] Failed to load resource: the server responded with a status of 404 (Not Found) @ http://localhost:3003/api/auth/logged-in/to-json:0
[   72434ms] [ERROR] Failed to load resource: the server responded with a status of 404 (Not Found) @ http://localhost:3003/api/auth/logged-in/to-json:0
[   72445ms] [ERROR] Failed to load resource: the server responded with a status of 404 (Not Found) @ http://localhost:3003/api/auth/logged-in/to-json:0
[   72461ms] [ERROR] Failed to load resource: the server responded with a status of 404 (Not Found) @ http://localhost:3003/api/auth/user/to-json:0
[   72463ms] [ERROR] Failed to load resource: the server responded with a status of 404 (Not Found) @ http://localhost:3003/api/auth/user/to-json:0
[   72475ms] [ERROR] Failed to load resource: the server responded with a status of 404 (Not Found) @ http://localhost:3003/api/auth/logged-in/to-json:0
[   73292ms] [ERROR] Failed to load resource: the server responded with a status of 404 () @ https://res.cloudinary.com/nuxt-cloudinary/image/upload/f_auto,q_auto/images/display-2.png:0
[  110643ms] [LOG] ✨ %cNuxt DevTools %c Press Shift + Alt + D to open DevTools color: black; border-radius: 3px 0 0 3px; padding: 2px 2px 1px 10px; background: #00DC82 border-radius: 0 3px 3px 0; padding: 2px 10px 1px 2px; background: #00DC8220  @ http://localhost:3003/_nuxt/@fs/home/meebuzo/github/alternate-framework/node_modules/@sentry/core/build/esm/instrument/console.js?v=193f35c6:44
[  110759ms] [INFO] <Suspense> is an experimental feature and its API will likely change. @ http://localhost:3003/_nuxt/@fs/home/meebuzo/github/alternate-framework/node_modules/@sentry/core/build/esm/instrument/console.js?v=193f35c6:44
[  111753ms] [WARNING] [nuxt] [image] Density values above `2` are not recommended. See https://observablehq.com/@eeeps/visual-acuity-and-device-pixel-ratio. @ http://localhost:3003/_nuxt/@vite/client:528
[  111762ms] [WARNING] [Vue warn]: Slot "default" invoked outside of the render function: this will not track dependencies used in the slot. Invoke the slot function inside the render function instead. 
  at <VDefaultsProvider key="content-defaults" disabled=true defaults= {VIcon: Object} > 
  at <VBtn symbol= Symbol(vuetify:v-tabs) ref=Ref< undefined > class="v-tab"  ... > 
  at <VTab > 
  at <VSlideGroup centerActive=true scrollToActive=true contentClass=undefined  ... > 
  at <VTabs modelValue=null onUpdate:modelValue=fn center-active=""  ... > 
  at <VCard height="75" variant="text" > 
  at <MenusLivebarLive> 
  at <VCol> 
  at <VRow> 
  at <VMain> 
  at <VApp theme="light" class="auto-text" > 
  at <VResponsive class="border rounded" > 
  at <Default ref=Ref< undefined > > 
  at <AsyncComponentWrapper ref=Ref< undefined > > 
  at <LayoutLoader key="default" layoutProps= {ref: RefImpl} name="default" > 
  at <NuxtLayoutProvider layoutProps= {ref: RefImpl} key="default" name="default"  ... > 
  at <NuxtLayout > 
  at <App key=4 > 
  at <NuxtRoot> @ http://localhost:3003/_nuxt/@vite/client:528
[  111764ms] [WARNING] [Vue warn]: Slot "default" invoked outside of the render function: this will not track dependencies used in the slot. Invoke the slot function inside the render function instead. 
  at <VDefaultsProvider key="content-defaults" disabled=true defaults= {VIcon: Object} > 
  at <VBtn symbol= Symbol(vuetify:v-tabs) ref=Ref< undefined > class="v-tab"  ... > 
  at <VTab > 
  at <VSlideGroup centerActive=true scrollToActive=true contentClass=undefined  ... > 
  at <VTabs modelValue=null onUpdate:modelValue=fn center-active=""  ... > 
  at <VCard height="75" variant="text" > 
  at <MenusLivebarLive> 
  at <VCol> 
  at <VRow> 
  at <VMain> 
  at <VApp theme="light" class="auto-text" > 
  at <VResponsive class="border rounded" > 
  at <Default ref=Ref< undefined > > 
  at <AsyncComponentWrapper ref=Ref< undefined > > 
  at <LayoutLoader key="default" layoutProps= {ref: RefImpl} name="default" > 
  at <NuxtLayoutProvider layoutProps= {ref: RefImpl} key="default" name="default"  ... > 
  at <NuxtLayout > 
  at <App key=4 > 
  at <NuxtRoot> @ http://localhost:3003/_nuxt/@vite/client:528
[  111771ms] [WARNING] [Vue warn]: Slot "default" invoked outside of the render function: this will not track dependencies used in the slot. Invoke the slot function inside the render function instead. 
  at <VDefaultsProvider key="content-defaults" disabled=true defaults= {VIcon: Object} > 
  at <VBtn symbol= Symbol(vuetify:v-tabs) ref=Ref< undefined > class="v-tab"  ... > 
  at <VTab > 
  at <VSlideGroup centerActive=true scrollToActive=true contentClass=undefined  ... > 
  at <VTabs modelValue=null onUpdate:modelValue=fn center-active=""  ... > 
  at <VCard height="75" variant="text" > 
  at <MenusLivebarLive> 
  at <VCol> 
  at <VRow> 
  at <VMain> 
  at <VApp theme="light" class="auto-text" > 
  at <VResponsive class="border rounded" > 
  at <Default ref=Ref< undefined > > 
  at <AsyncComponentWrapper ref=Ref< undefined > > 
  at <LayoutLoader key="default" layoutProps= {ref: RefImpl} name="default" > 
  at <NuxtLayoutProvider layoutProps= {ref: RefImpl} key="default" name="default"  ... > 
  at <NuxtLayout > 
  at <App key=4 > 
  at <NuxtRoot> @ http://localhost:3003/_nuxt/@vite/client:528
[  111774ms] [WARNING] [Vue warn]: Slot "default" invoked outside of the render function: this will not track dependencies used in the slot. Invoke the slot function inside the render function instead. 
  at <VDefaultsProvider key="content-defaults" disabled=true defaults= {VIcon: Object} > 
  at <VBtn symbol= Symbol(vuetify:v-tabs) ref=Ref< undefined > class="v-tab"  ... > 
  at <VTab > 
  at <VSlideGroup centerActive=true scrollToActive=true contentClass=undefined  ... > 
  at <VTabs modelValue=null onUpdate:modelValue=fn center-active=""  ... > 
  at <VCard height="75" variant="text" > 
  at <MenusLivebarLive> 
  at <VCol> 
  at <VRow> 
  at <VMain> 
  at <VApp theme="light" class="auto-text" > 
  at <VResponsive class="border rounded" > 
  at <Default ref=Ref< undefined > > 
  at <AsyncComponentWrapper ref=Ref< undefined > > 
  at <LayoutLoader key="default" layoutProps= {ref: RefImpl} name="default" > 
  at <NuxtLayoutProvider layoutProps= {ref: RefImpl} key="default" name="default"  ... > 
  at <NuxtLayout > 
  at <App key=4 > 
  at <NuxtRoot> @ http://localhost:3003/_nuxt/@vite/client:528
[  111779ms] [WARNING] [Vue warn]: Slot "default" invoked outside of the render function: this will not track dependencies used in the slot. Invoke the slot function inside the render function instead. 
  at <VDefaultsProvider key="content-defaults" defaults= {VImg: Object, VIcon: Object} > 
  at <VAvatar ref_for=true ref=fn<fn> onClick=fn<onClick>  ... > 
  at <VOverlay ref=Ref< undefined > class="v-dialog" style= {}  ... > 
  at <VDialog modelValue=false onUpdate:modelValue=fn transition="dialog-bottom-transition" > 
  at <VDefaultsProvider key="content-defaults" disabled=true defaults= {VIcon: Object} > 
  at <VBtn symbol= Symbol(vuetify:v-tabs) ref=Ref< undefined > class="v-tab"  ... > 
  at <VTab > 
  at <VSlideGroup centerActive=true scrollToActive=true contentClass=undefined  ... > 
  at <VTabs modelValue=null onUpdate:modelValue=fn center-active=""  ... > 
  at <VCard height="75" variant="text" > 
  at <MenusLivebarLive> 
  at <VCol> 
  at <VRow> 
  at <VMain> 
  at <VApp theme="light" class="auto-text" > 
  at <VResponsive class="border rounded" > 
  at <Default ref=Ref< undefined > > 
  at <AsyncComponentWrapper ref=Ref< undefined > > 
  at <LayoutLoader key="default" layoutProps= {ref: RefImpl} name="default" > 
  at <NuxtLayoutProvider layoutProps= {ref: RefImpl} key="default" name="default"  ... > 
  at <NuxtLayout > 
  at <App key=4 > 
  at <NuxtRoot> @ http://localhost:3003/_nuxt/@vite/client:528
[  112310ms] [WARNING] [Vue warn]: Slot "default" invoked outside of the render function: this will not track dependencies used in the slot. Invoke the slot function inside the render function instead. 
  at <VDefaultsProvider key="content-defaults" disabled=true defaults= {VIcon: Object} > 
  at <VBtn symbol= Symbol(vuetify:v-tabs) ref=Ref< undefined > class="v-tab"  ... > 
  at <VTab value="one" > 
  at <VSlideGroup centerActive=false scrollToActive=true contentClass=undefined  ... > 
  at <VTabs modelValue=null onUpdate:modelValue=fn align-tabs="center"  ... > 
  at <VSheet > 
  at <VCard elevation="0" > 
  at <[...slug] onVnodeUnmounted=fn<onVnodeUnmounted> ref=Ref< undefined > > 
  at <RouteProvider key="/connect/space/meeovi-news" vnode= {__v_isVNode: true, __v_skip: true, type: Object, props: Object, key: null} route= {fullPath: /connect/space/meeovi-news, hash: , query: Object, name: connect-space-slug___en, path: /connect/space/meeovi-news}  ... > 
  at <RouterView name=undefined route=undefined > 
  at <NuxtPage > 
  at <VMain> 
  at <VApp theme="light" class="auto-text" > 
  at <VResponsive class="border rounded" > 
  at <Default ref=Ref< undefined > > 
  at <AsyncComponentWrapper ref=Ref< undefined > > 
  at <LayoutLoader key="default" layoutProps= {ref: RefImpl} name="default" > 
  at <NuxtLayoutProvider layoutProps= {ref: RefImpl} key="default" name="default"  ... > 
  at <NuxtLayout > 
  at <App key=4 > 
  at <NuxtRoot> @ http://localhost:3003/_nuxt/@vite/client:528
[  112970ms] [WARNING] [Vue warn]: Slot "default" invoked outside of the render function: this will not track dependencies used in the slot. Invoke the slot function inside the render function instead. 
  at <VDefaultsProvider key="content-defaults" disabled=true defaults= {VIcon: Object} > 
  at <VBtn symbol= Symbol(vuetify:v-tabs) ref=Ref< undefined > class="v-tab"  ... > 
  at <VTab value="one" > 
  at <VSlideGroup centerActive=false scrollToActive=true contentClass=undefined  ... > 
  at <VTabs modelValue=null onUpdate:modelValue=fn align-tabs="center"  ... > 
  at <VSheet > 
  at <VCard elevation="0" > 
  at <[...slug] onVnodeUnmounted=fn<onVnodeUnmounted> ref=Ref< undefined > > 
  at <RouteProvider key="/connect/space/meeovi-news" vnode= {__v_isVNode: true, __v_skip: true, type: Object, props: Object, key: null} route= {fullPath: /connect/space/meeovi-news, hash: , query: Object, name: connect-space-slug___en, path: /connect/space/meeovi-news}  ... > 
  at <RouterView name=undefined route=undefined > 
  at <NuxtPage > 
  at <VMain> 
  at <VApp theme="light" class="auto-text" > 
  at <VResponsive class="border rounded" > 
  at <Default ref=Ref< undefined > > 
  at <AsyncComponentWrapper ref=Ref< undefined > > 
  at <LayoutLoader key="default" layoutProps= {ref: RefImpl} name="default" > 
  at <NuxtLayoutProvider layoutProps= {ref: RefImpl} key="default" name="default"  ... > 
  at <NuxtLayout > 
  at <App key=4 > 
  at <NuxtRoot> @ http://localhost:3003/_nuxt/@vite/client:528
[  113689ms] [WARNING] [Vue warn]: Slot "default" invoked outside of the render function: this will not track dependencies used in the slot. Invoke the slot function inside the render function instead. 
  at <VDefaultsProvider key="content-defaults" disabled=true defaults= {VIcon: Object} > 
  at <VBtn symbol= Symbol(vuetify:v-tabs) ref=Ref< undefined > class="v-tab"  ... > 
  at <VTab value="two" > 
  at <VSlideGroup centerActive=false scrollToActive=true contentClass=undefined  ... > 
  at <VTabs modelValue=null onUpdate:modelValue=fn align-tabs="center"  ... > 
  at <VSheet > 
  at <VCard elevation="0" > 
  at <[...slug] onVnodeUnmounted=fn<onVnodeUnmounted> ref=Ref< undefined > > 
  at <RouteProvider key="/connect/space/meeovi-news" vnode= {__v_isVNode: true, __v_skip: true, type: Object, props: Object, key: null} route= {fullPath: /connect/space/meeovi-news, hash: , query: Object, name: connect-space-slug___en, path: /connect/space/meeovi-news}  ... > 
  at <RouterView name=undefined route=undefined > 
  at <NuxtPage > 
  at <VMain> 
  at <VApp theme="light" class="auto-text" > 
  at <VResponsive class="border rounded" > 
  at <Default ref=Ref< undefined > > 
  at <AsyncComponentWrapper ref=Ref< undefined > > 
  at <LayoutLoader key="default" layoutProps= {ref: RefImpl} name="default" > 
  at <NuxtLayoutProvider layoutProps= {ref: RefImpl} key="default" name="default"  ... > 
  at <NuxtLayout > 
  at <App key=4 > 
  at <NuxtRoot> @ http://localhost:3003/_nuxt/@vite/client:528
[  114516ms] [WARNING] [Vue warn]: Slot "default" invoked outside of the render function: this will not track dependencies used in the slot. Invoke the slot function inside the render function instead. 
  at <VDefaultsProvider key="content-defaults" disabled=true defaults= {VIcon: Object} > 
  at <VBtn symbol= Symbol(vuetify:v-tabs) ref=Ref< undefined > class="v-tab"  ... > 
  at <VTab value="two" > 
  at <VSlideGroup centerActive=false scrollToActive=true contentClass=undefined  ... > 
  at <VTabs modelValue=null onUpdate:modelValue=fn align-tabs="center"  ... > 
  at <VSheet > 
  at <VCard elevation="0" > 
  at <[...slug] onVnodeUnmounted=fn<onVnodeUnmounted> ref=Ref< undefined > > 
  at <RouteProvider key="/connect/space/meeovi-news" vnode= {__v_isVNode: true, __v_skip: true, type: Object, props: Object, key: null} route= {fullPath: /connect/space/meeovi-news, hash: , query: Object, name: connect-space-slug___en, path: /connect/space/meeovi-news}  ... > 
  at <RouterView name=undefined route=undefined > 
  at <NuxtPage > 
  at <VMain> 
  at <VApp theme="light" class="auto-text" > 
  at <VResponsive class="border rounded" > 
  at <Default ref=Ref< undefined > > 
  at <AsyncComponentWrapper ref=Ref< undefined > > 
  at <LayoutLoader key="default" layoutProps= {ref: RefImpl} name="default" > 
  at <NuxtLayoutProvider layoutProps= {ref: RefImpl} key="default" name="default"  ... > 
  at <NuxtLayout > 
  at <App key=4 > 
  at <NuxtRoot> @ http://localhost:3003/_nuxt/@vite/client:528
[  115302ms] [WARNING] [Vue warn]: Slot "default" invoked outside of the render function: this will not track dependencies used in the slot. Invoke the slot function inside the render function instead. 
  at <VDefaultsProvider key="content-defaults" disabled=true defaults= {VIcon: Object} > 
  at <VBtn symbol= Symbol(vuetify:v-tabs) ref=Ref< undefined > class="v-tab"  ... > 
  at <VTab value="three" > 
  at <VSlideGroup centerActive=false scrollToActive=true contentClass=undefined  ... > 
  at <VTabs modelValue=null onUpdate:modelValue=fn align-tabs="center"  ... > 
  at <VSheet > 
  at <VCard elevation="0" > 
  at <[...slug] onVnodeUnmounted=fn<onVnodeUnmounted> ref=Ref< undefined > > 
  at <RouteProvider key="/connect/space/meeovi-news" vnode= {__v_isVNode: true, __v_skip: true, type: Object, props: Object, key: null} route= {fullPath: /connect/space/meeovi-news, hash: , query: Object, name: connect-space-slug___en, path: /connect/space/meeovi-news}  ... > 
  at <RouterView name=undefined route=undefined > 
  at <NuxtPage > 
  at <VMain> 
  at <VApp theme="light" class="auto-text" > 
  at <VResponsive class="border rounded" > 
  at <Default ref=Ref< undefined > > 
  at <AsyncComponentWrapper ref=Ref< undefined > > 
  at <LayoutLoader key="default" layoutProps= {ref: RefImpl} name="default" > 
  at <NuxtLayoutProvider layoutProps= {ref: RefImpl} key="default" name="default"  ... > 
  at <NuxtLayout > 
  at <App key=4 > 
  at <NuxtRoot> @ http://localhost:3003/_nuxt/@vite/client:528
[  116082ms] [WARNING] [Vue warn]: Slot "default" invoked outside of the render function: this will not track dependencies used in the slot. Invoke the slot function inside the render function instead. 
  at <VDefaultsProvider key="content-defaults" disabled=true defaults= {VIcon: Object} > 
  at <VBtn symbol= Symbol(vuetify:v-tabs) ref=Ref< undefined > class="v-tab"  ... > 
  at <VTab value="three" > 
  at <VSlideGroup centerActive=false scrollToActive=true contentClass=undefined  ... > 
  at <VTabs modelValue=null onUpdate:modelValue=fn align-tabs="center"  ... > 
  at <VSheet > 
  at <VCard elevation="0" > 
  at <[...slug] onVnodeUnmounted=fn<onVnodeUnmounted> ref=Ref< undefined > > 
  at <RouteProvider key="/connect/space/meeovi-news" vnode= {__v_isVNode: true, __v_skip: true, type: Object, props: Object, key: null} route= {fullPath: /connect/space/meeovi-news, hash: , query: Object, name: connect-space-slug___en, path: /connect/space/meeovi-news}  ... > 
  at <RouterView name=undefined route=undefined > 
  at <NuxtPage > 
  at <VMain> 
  at <VApp theme="light" class="auto-text" > 
  at <VResponsive class="border rounded" > 
  at <Default ref=Ref< undefined > > 
  at <AsyncComponentWrapper ref=Ref< undefined > > 
  at <LayoutLoader key="default" layoutProps= {ref: RefImpl} name="default" > 
  at <NuxtLayoutProvider layoutProps= {ref: RefImpl} key="default" name="default"  ... > 
  at <NuxtLayout > 
  at <App key=4 > 
  at <NuxtRoot> @ http://localhost:3003/_nuxt/@vite/client:528
[  116867ms] [WARNING] [Vue warn]: Slot "default" invoked outside of the render function: this will not track dependencies used in the slot. Invoke the slot function inside the render function instead. 
  at <VDefaultsProvider key="content-defaults" disabled=true defaults= {VIcon: Object} > 
  at <VBtn symbol= Symbol(vuetify:v-tabs) ref=Ref< undefined > class="v-tab"  ... > 
  at <VTab value="four" > 
  at <VSlideGroup centerActive=false scrollToActive=true contentClass=undefined  ... > 
  at <VTabs modelValue=null onUpdate:modelValue=fn align-tabs="center"  ... > 
  at <VSheet > 
  at <VCard elevation="0" > 
  at <[...slug] onVnodeUnmounted=fn<onVnodeUnmounted> ref=Ref< undefined > > 
  at <RouteProvider key="/connect/space/meeovi-news" vnode= {__v_isVNode: true, __v_skip: true, type: Object, props: Object, key: null} route= {fullPath: /connect/space/meeovi-news, hash: , query: Object, name: connect-space-slug___en, path: /connect/space/meeovi-news}  ... > 
  at <RouterView name=undefined route=undefined > 
  at <NuxtPage > 
  at <VMain> 
  at <VApp theme="light" class="auto-text" > 
  at <VResponsive class="border rounded" > 
  at <Default ref=Ref< undefined > > 
  at <AsyncComponentWrapper ref=Ref< undefined > > 
  at <LayoutLoader key="default" layoutProps= {ref: RefImpl} name="default" > 
  at <NuxtLayoutProvider layoutProps= {ref: RefImpl} key="default" name="default"  ... > 
  at <NuxtLayout > 
  at <App key=4 > 
  at <NuxtRoot> @ http://localhost:3003/_nuxt/@vite/client:528
[  117660ms] [WARNING] [Vue warn]: Slot "default" invoked outside of the render function: this will not track dependencies used in the slot. Invoke the slot function inside the render function instead. 
  at <VDefaultsProvider key="content-defaults" disabled=true defaults= {VIcon: Object} > 
  at <VBtn symbol= Symbol(vuetify:v-tabs) ref=Ref< undefined > class="v-tab"  ... > 
  at <VTab value="four" > 
  at <VSlideGroup centerActive=false scrollToActive=true contentClass=undefined  ... > 
  at <VTabs modelValue=null onUpdate:modelValue=fn align-tabs="center"  ... > 
  at <VSheet > 
  at <VCard elevation="0" > 
  at <[...slug] onVnodeUnmounted=fn<onVnodeUnmounted> ref=Ref< undefined > > 
  at <RouteProvider key="/connect/space/meeovi-news" vnode= {__v_isVNode: true, __v_skip: true, type: Object, props: Object, key: null} route= {fullPath: /connect/space/meeovi-news, hash: , query: Object, name: connect-space-slug___en, path: /connect/space/meeovi-news}  ... > 
  at <RouterView name=undefined route=undefined > 
  at <NuxtPage > 
  at <VMain> 
  at <VApp theme="light" class="auto-text" > 
  at <VResponsive class="border rounded" > 
  at <Default ref=Ref< undefined > > 
  at <AsyncComponentWrapper ref=Ref< undefined > > 
  at <LayoutLoader key="default" layoutProps= {ref: RefImpl} name="default" > 
  at <NuxtLayoutProvider layoutProps= {ref: RefImpl} key="default" name="default"  ... > 
  at <NuxtLayout > 
  at <App key=4 > 
  at <NuxtRoot> @ http://localhost:3003/_nuxt/@vite/client:528
[  118453ms] [WARNING] [Vue warn]: Slot "default" invoked outside of the render function: this will not track dependencies used in the slot. Invoke the slot function inside the render function instead. 
  at <VDefaultsProvider key="content-defaults" disabled=true defaults= {VIcon: Object} > 
  at <VBtn symbol= Symbol(vuetify:v-tabs) ref=Ref< undefined > class="v-tab"  ... > 
  at <VTab value="five" > 
  at <VSlideGroup centerActive=false scrollToActive=true contentClass=undefined  ... > 
  at <VTabs modelValue=null onUpdate:modelValue=fn align-tabs="center"  ... > 
  at <VSheet > 
  at <VCard elevation="0" > 
  at <[...slug] onVnodeUnmounted=fn<onVnodeUnmounted> ref=Ref< undefined > > 
  at <RouteProvider key="/connect/space/meeovi-news" vnode= {__v_isVNode: true, __v_skip: true, type: Object, props: Object, key: null} route= {fullPath: /connect/space/meeovi-news, hash: , query: Object, name: connect-space-slug___en, path: /connect/space/meeovi-news}  ... > 
  at <RouterView name=undefined route=undefined > 
  at <NuxtPage > 
  at <VMain> 
  at <VApp theme="light" class="auto-text" > 
  at <VResponsive class="border rounded" > 
  at <Default ref=Ref< undefined > > 
  at <AsyncComponentWrapper ref=Ref< undefined > > 
  at <LayoutLoader key="default" layoutProps= {ref: RefImpl} name="default" > 
  at <NuxtLayoutProvider layoutProps= {ref: RefImpl} key="default" name="default"  ... > 
  at <NuxtLayout > 
  at <App key=4 > 
  at <NuxtRoot> @ http://localhost:3003/_nuxt/@vite/client:528
[  119255ms] [WARNING] [Vue warn]: Slot "default" invoked outside of the render function: this will not track dependencies used in the slot. Invoke the slot function inside the render function instead. 
  at <VDefaultsProvider key="content-defaults" disabled=true defaults= {VIcon: Object} > 
  at <VBtn symbol= Symbol(vuetify:v-tabs) ref=Ref< undefined > class="v-tab"  ... > 
  at <VTab value="five" > 
  at <VSlideGroup centerActive=false scrollToActive=true contentClass=undefined  ... > 
  at <VTabs modelValue=null onUpdate:modelValue=fn align-tabs="center"  ... > 
  at <VSheet > 
  at <VCard elevation="0" > 
  at <[...slug] onVnodeUnmounted=fn<onVnodeUnmounted> ref=Ref< undefined > > 
  at <RouteProvider key="/connect/space/meeovi-news" vnode= {__v_isVNode: true, __v_skip: true, type: Object, props: Object, key: null} route= {fullPath: /connect/space/meeovi-news, hash: , query: Object, name: connect-space-slug___en, path: /connect/space/meeovi-news}  ... > 
  at <RouterView name=undefined route=undefined > 
  at <NuxtPage > 
  at <VMain> 
  at <VApp theme="light" class="auto-text" > 
  at <VResponsive class="border rounded" > 
  at <Default ref=Ref< undefined > > 
  at <AsyncComponentWrapper ref=Ref< undefined > > 
  at <LayoutLoader key="default" layoutProps= {ref: RefImpl} name="default" > 
  at <NuxtLayoutProvider layoutProps= {ref: RefImpl} key="default" name="default"  ... > 
  at <NuxtLayout > 
  at <App key=4 > 
  at <NuxtRoot> @ http://localhost:3003/_nuxt/@vite/client:528
[  120088ms] [WARNING] [Vue warn]: Slot "default" invoked outside of the render function: this will not track dependencies used in the slot. Invoke the slot function inside the render function instead. 
  at <VDefaultsProvider key="content-defaults" disabled=true defaults= {VIcon: Object} > 
  at <VBtn symbol= Symbol(vuetify:v-tabs) ref=Ref< undefined > class="v-tab"  ... > 
  at <VTab value="six" > 
  at <VSlideGroup centerActive=false scrollToActive=true contentClass=undefined  ... > 
  at <VTabs modelValue=null onUpdate:modelValue=fn align-tabs="center"  ... > 
  at <VSheet > 
  at <VCard elevation="0" > 
  at <[...slug] onVnodeUnmounted=fn<onVnodeUnmounted> ref=Ref< undefined > > 
  at <RouteProvider key="/connect/space/meeovi-news" vnode= {__v_isVNode: true, __v_skip: true, type: Object, props: Object, key: null} route= {fullPath: /connect/space/meeovi-news, hash: , query: Object, name: connect-space-slug___en, path: /connect/space/meeovi-news}  ... > 
  at <RouterView name=undefined route=undefined > 
  at <NuxtPage > 
  at <VMain> 
  at <VApp theme="light" class="auto-text" > 
  at <VResponsive class="border rounded" > 
  at <Default ref=Ref< undefined > > 
  at <AsyncComponentWrapper ref=Ref< undefined > > 
  at <LayoutLoader key="default" layoutProps= {ref: RefImpl} name="default" > 
  at <NuxtLayoutProvider layoutProps= {ref: RefImpl} key="default" name="default"  ... > 
  at <NuxtLayout > 
  at <App key=4 > 
  at <NuxtRoot> @ http://localhost:3003/_nuxt/@vite/client:528
[  120943ms] [WARNING] [Vue warn]: Slot "default" invoked outside of the render function: this will not track dependencies used in the slot. Invoke the slot function inside the render function instead. 
  at <VDefaultsProvider key="content-defaults" disabled=true defaults= {VIcon: Object} > 
  at <VBtn symbol= Symbol(vuetify:v-tabs) ref=Ref< undefined > class="v-tab"  ... > 
  at <VTab value="six" > 
  at <VSlideGroup centerActive=false scrollToActive=true contentClass=undefined  ... > 
  at <VTabs modelValue=null onUpdate:modelValue=fn align-tabs="center"  ... > 
  at <VSheet > 
  at <VCard elevation="0" > 
  at <[...slug] onVnodeUnmounted=fn<onVnodeUnmounted> ref=Ref< undefined > > 
  at <RouteProvider key="/connect/space/meeovi-news" vnode= {__v_isVNode: true, __v_skip: true, type: Object, props: Object, key: null} route= {fullPath: /connect/space/meeovi-news, hash: , query: Object, name: connect-space-slug___en, path: /connect/space/meeovi-news}  ... > 
  at <RouterView name=undefined route=undefined > 
  at <NuxtPage > 
  at <VMain> 
  at <VApp theme="light" class="auto-text" > 
  at <VResponsive class="border rounded" > 
  at <Default ref=Ref< undefined > > 
  at <AsyncComponentWrapper ref=Ref< undefined > > 
  at <LayoutLoader key="default" layoutProps= {ref: RefImpl} name="default" > 
  at <NuxtLayoutProvider layoutProps= {ref: RefImpl} key="default" name="default"  ... > 
  at <NuxtLayout > 
  at <App key=4 > 
  at <NuxtRoot> @ http://localhost:3003/_nuxt/@vite/client:528
[  121693ms] [WARNING] [Vue warn]: Slot "default" invoked outside of the render function: this will not track dependencies used in the slot. Invoke the slot function inside the render function instead. 
  at <VDefaultsProvider key="content-defaults" disabled=true defaults= {VIcon: Object} > 
  at <VBtn symbol= Symbol(vuetify:v-tabs) ref=Ref< undefined > class="v-tab"  ... > 
  at <VTab value="seven" > 
  at <VSlideGroup centerActive=false scrollToActive=true contentClass=undefined  ... > 
  at <VTabs modelValue=null onUpdate:modelValue=fn align-tabs="center"  ... > 
  at <VSheet > 
  at <VCard elevation="0" > 
  at <[...slug] onVnodeUnmounted=fn<onVnodeUnmounted> ref=Ref< undefined > > 
  at <RouteProvider key="/connect/space/meeovi-news" vnode= {__v_isVNode: true, __v_skip: true, type: Object, props: Object, key: null} route= {fullPath: /connect/space/meeovi-news, hash: , query: Object, name: connect-space-slug___en, path: /connect/space/meeovi-news}  ... > 
  at <RouterView name=undefined route=undefined > 
  at <NuxtPage > 
  at <VMain> 
  at <VApp theme="light" class="auto-text" > 
  at <VResponsive class="border rounded" > 
  at <Default ref=Ref< undefined > > 
  at <AsyncComponentWrapper ref=Ref< undefined > > 
  at <LayoutLoader key="default" layoutProps= {ref: RefImpl} name="default" > 
  at <NuxtLayoutProvider layoutProps= {ref: RefImpl} key="default" name="default"  ... > 
  at <NuxtLayout > 
  at <App key=4 > 
  at <NuxtRoot> @ http://localhost:3003/_nuxt/@vite/client:528
[  122512ms] [WARNING] [Vue warn]: Slot "default" invoked outside of the render function: this will not track dependencies used in the slot. Invoke the slot function inside the render function instead. 
  at <VDefaultsProvider key="content-defaults" disabled=true defaults= {VIcon: Object} > 
  at <VBtn symbol= Symbol(vuetify:v-tabs) ref=Ref< undefined > class="v-tab"  ... > 
  at <VTab value="seven" > 
  at <VSlideGroup centerActive=false scrollToActive=true contentClass=undefined  ... > 
  at <VTabs modelValue=null onUpdate:modelValue=fn align-tabs="center"  ... > 
  at <VSheet > 
  at <VCard elevation="0" > 
  at <[...slug] onVnodeUnmounted=fn<onVnodeUnmounted> ref=Ref< undefined > > 
  at <RouteProvider key="/connect/space/meeovi-news" vnode= {__v_isVNode: true, __v_skip: true, type: Object, props: Object, key: null} route= {fullPath: /connect/space/meeovi-news, hash: , query: Object, name: connect-space-slug___en, path: /connect/space/meeovi-news}  ... > 
  at <RouterView name=undefined route=undefined > 
  at <NuxtPage > 
  at <VMain> 
  at <VApp theme="light" class="auto-text" > 
  at <VResponsive class="border rounded" > 
  at <Default ref=Ref< undefined > > 
  at <AsyncComponentWrapper ref=Ref< undefined > > 
  at <LayoutLoader key="default" layoutProps= {ref: RefImpl} name="default" > 
  at <NuxtLayoutProvider layoutProps= {ref: RefImpl} key="default" name="default"  ... > 
  at <NuxtLayout > 
  at <App key=4 > 
  at <NuxtRoot> @ http://localhost:3003/_nuxt/@vite/client:528
[  123721ms] [WARNING] [Meta Pixel] - Invalid PixelID: null. @ http://localhost:3003/_nuxt/@vite/client:528
[  123736ms] [ERROR] Failed to load resource: the server responded with a status of 404 (Not Found) @ http://localhost:3003/api/auth/user/to-json:0
[  123778ms] [ERROR] Failed to load resource: the server responded with a status of 404 (Not Found) @ http://localhost:3003/api/auth/logged-in/to-json:0
[  123787ms] [LOG] Meeovi Search @ http://localhost:3003/_nuxt/@fs/home/meebuzo/github/alternate-framework/node_modules/@sentry/core/build/esm/instrument/console.js?v=193f35c6:44
[  123839ms] [ERROR] Failed to load resource: the server responded with a status of 404 () @ https://res.cloudinary.com/nuxt-cloudinary/image/upload/f_auto,q_auto/images/logo512alpha.png:0
[  123915ms] [ERROR] Connecting to 'https://analytics.tiktok.com/api/v2/monitor' violates the following Content Security Policy directive: "connect-src 'self' https://*.mux.com https://cms.meeovicms.com". The action has been blocked. @ https://analytics.tiktok.com/i18n/pixel/static/main.MTQyN2U3Zjc5MA.js:0
[  123916ms] [ERROR] Connecting to 'https://analytics.tiktok.com/api/v2/monitor' violates the following Content Security Policy directive: "connect-src 'self' https://*.mux.com https://cms.meeovicms.com". The action has been blocked. @ https://analytics.tiktok.com/i18n/pixel/static/main.MTQyN2U3Zjc5MA.js:0
[  123917ms] [ERROR] Connecting to 'https://analytics.tiktok.com/api/v2/monitor' violates the following Content Security Policy directive: "connect-src 'self' https://*.mux.com https://cms.meeovicms.com". The action has been blocked. @ https://analytics.tiktok.com/i18n/pixel/static/main.MTQyN2U3Zjc5MA.js:0
[  123919ms] [ERROR] Connecting to 'https://analytics.tiktok.com/api/v2/monitor' violates the following Content Security Policy directive: "connect-src 'self' https://*.mux.com https://cms.meeovicms.com". The action has been blocked. @ https://analytics.tiktok.com/i18n/pixel/static/main.MTQyN2U3Zjc5MA.js:0
[  123925ms] [ERROR] Connecting to 'https://analytics.tiktok.com/api/v2/monitor' violates the following Content Security Policy directive: "connect-src 'self' https://*.mux.com https://cms.meeovicms.com". The action has been blocked. @ https://analytics.tiktok.com/i18n/pixel/static/main.MTQyN2U3Zjc5MA.js:0
[  123926ms] [ERROR] Connecting to 'https://analytics.tiktok.com/api/v2/monitor' violates the following Content Security Policy directive: "connect-src 'self' https://*.mux.com https://cms.meeovicms.com". The action has been blocked. @ https://analytics.tiktok.com/i18n/pixel/static/main.MTQyN2U3Zjc5MA.js:0
[  123943ms] [ERROR] Connecting to 'https://analytics.tiktok.com/api/v2/monitor' violates the following Content Security Policy directive: "connect-src 'self' https://*.mux.com https://cms.meeovicms.com". The action has been blocked. @ https://analytics.tiktok.com/i18n/pixel/static/main.MTQyN2U3Zjc5MA.js:0
[  125154ms] [ERROR] Failed to load resource: the server responded with a status of 404 (Not Found) @ http://localhost:3003/api/auth/user/to-json:0
[  125160ms] [ERROR] Failed to load resource: the server responded with a status of 404 (Not Found) @ http://localhost:3003/api/auth/logged-in/to-json:0
[  125163ms] [ERROR] Failed to load resource: the server responded with a status of 404 (Not Found) @ http://localhost:3003/api/auth/user/to-json:0
[  125170ms] [ERROR] Failed to load resource: the server responded with a status of 404 (Not Found) @ http://localhost:3003/api/auth/logged-in/to-json:0
[  125174ms] [ERROR] Failed to load resource: the server responded with a status of 404 (Not Found) @ http://localhost:3003/api/auth/user/to-json:0
[  126363ms] [ERROR] Failed to load resource: the server responded with a status of 404 (Not Found) @ http://localhost:3003/api/auth/logged-in/to-json:0
[  126366ms] [ERROR] Failed to load resource: the server responded with a status of 404 (Not Found) @ http://localhost:3003/api/auth/user/to-json:0
[  126369ms] [ERROR] Failed to load resource: the server responded with a status of 404 (Not Found) @ http://localhost:3003/api/auth/logged-in/to-json:0
[  126373ms] [ERROR] Failed to load resource: the server responded with a status of 404 (Not Found) @ http://localhost:3003/api/auth/logged-in/to-json:0
[  126375ms] [ERROR] Failed to load resource: the server responded with a status of 404 (Not Found) @ http://localhost:3003/api/auth/user/to-json:0
[  126379ms] [ERROR] Failed to load resource: the server responded with a status of 404 (Not Found) @ http://localhost:3003/api/auth/user/to-json:0
[  127094ms] [ERROR] Failed to load resource: the server responded with a status of 404 (Not Found) @ http://localhost:3003/api/auth/logged-in/to-json:0
[  127288ms] [ERROR] Failed to load resource: the server responded with a status of 404 (Not Found) @ http://localhost:3003/api/auth/user/to-json:0
[  127291ms] [ERROR] Failed to load resource: the server responded with a status of 404 (Not Found) @ http://localhost:3003/api/auth/user/to-json:0
[  127293ms] [ERROR] Failed to load resource: the server responded with a status of 404 (Not Found) @ http://localhost:3003/api/auth/logged-in/to-json:0
[  127299ms] [ERROR] Failed to load resource: the server responded with a status of 404 (Not Found) @ http://localhost:3003/api/auth/logged-in/to-json:0
[  127301ms] [ERROR] Failed to load resource: the server responded with a status of 404 (Not Found) @ http://localhost:3003/api/auth/user/to-json:0
[  127757ms] [ERROR] Failed to load resource: the server responded with a status of 404 (Not Found) @ http://localhost:3003/api/auth/logged-in/to-json:0
[  127825ms] [ERROR] Failed to load resource: the server responded with a status of 404 (Not Found) @ http://localhost:3003/api/auth/user/to-json:0
[  127849ms] [ERROR] Failed to load resource: the server responded with a status of 404 (Not Found) @ http://localhost:3003/api/auth/logged-in/to-json:0
[  127854ms] [ERROR] Failed to load resource: the server responded with a status of 404 (Not Found) @ http://localhost:3003/api/auth/logged-in/to-json:0
[  127856ms] [ERROR] Failed to load resource: the server responded with a status of 404 (Not Found) @ http://localhost:3003/api/auth/user/to-json:0
[  128213ms] [ERROR] Failed to load resource: the server responded with a status of 404 (Not Found) @ http://localhost:3003/api/auth/user/to-json:0
[  128221ms] [ERROR] Failed to load resource: the server responded with a status of 404 (Not Found) @ http://localhost:3003/api/auth/logged-in/to-json:0
[  128276ms] [ERROR] Failed to load resource: the server responded with a status of 404 (Not Found) @ http://localhost:3003/api/auth/logged-in/to-json:0
[  128279ms] [ERROR] Failed to load resource: the server responded with a status of 404 (Not Found) @ http://localhost:3003/api/auth/user/to-json:0
[  128327ms] [ERROR] Failed to load resource: the server responded with a status of 404 (Not Found) @ http://localhost:3003/api/auth/user/to-json:0
[  128668ms] [ERROR] Failed to load resource: the server responded with a status of 404 (Not Found) @ http://localhost:3003/api/auth/logged-in/to-json:0
[  128671ms] [ERROR] Failed to load resource: the server responded with a status of 404 (Not Found) @ http://localhost:3003/api/auth/user/to-json:0
[  128678ms] [ERROR] Failed to load resource: the server responded with a status of 404 (Not Found) @ http://localhost:3003/api/auth/logged-in/to-json:0
[  128736ms] [ERROR] Failed to load resource: the server responded with a status of 404 (Not Found) @ http://localhost:3003/api/auth/user/to-json:0
[  128759ms] [ERROR] Failed to load resource: the server responded with a status of 404 (Not Found) @ http://localhost:3003/api/auth/logged-in/to-json:0
[  129063ms] [ERROR] Failed to load resource: the server responded with a status of 404 (Not Found) @ http://localhost:3003/api/auth/user/to-json:0
[  129111ms] [ERROR] Failed to load resource: the server responded with a status of 404 (Not Found) @ http://localhost:3003/api/auth/logged-in/to-json:0
[  129118ms] [ERROR] Failed to load resource: the server responded with a status of 404 (Not Found) @ http://localhost:3003/api/auth/user/to-json:0
[  129163ms] [ERROR] Failed to load resource: the server responded with a status of 404 (Not Found) @ http://localhost:3003/api/auth/logged-in/to-json:0
[  129166ms] [ERROR] Failed to load resource: the server responded with a status of 404 (Not Found) @ http://localhost:3003/api/auth/user/to-json:0
[  129498ms] [ERROR] Failed to load resource: the server responded with a status of 404 (Not Found) @ http://localhost:3003/api/auth/logged-in/to-json:0
[  129532ms] [ERROR] Failed to load resource: the server responded with a status of 404 (Not Found) @ http://localhost:3003/api/auth/user/to-json:0
[  129535ms] [ERROR] Failed to load resource: the server responded with a status of 404 (Not Found) @ http://localhost:3003/api/auth/logged-in/to-json:0
[  129595ms] [ERROR] Failed to load resource: the server responded with a status of 404 (Not Found) @ http://localhost:3003/api/auth/user/to-json:0
[  129603ms] [ERROR] Failed to load resource: the server responded with a status of 404 (Not Found) @ http://localhost:3003/api/auth/logged-in/to-json:0
[  129945ms] [ERROR] Failed to load resource: the server responded with a status of 404 (Not Found) @ http://localhost:3003/api/auth/user/to-json:0
[  129948ms] [ERROR] Failed to load resource: the server responded with a status of 404 (Not Found) @ http://localhost:3003/api/auth/logged-in/to-json:0
[  130004ms] [ERROR] Failed to load resource: the server responded with a status of 404 (Not Found) @ http://localhost:3003/api/auth/user/to-json:0
[  130008ms] [ERROR] Failed to load resource: the server responded with a status of 404 (Not Found) @ http://localhost:3003/api/auth/logged-in/to-json:0
[  130068ms] [ERROR] Failed to load resource: the server responded with a status of 404 (Not Found) @ http://localhost:3003/api/auth/user/to-json:0
[  130350ms] [ERROR] Failed to load resource: the server responded with a status of 404 (Not Found) @ http://localhost:3003/api/auth/logged-in/to-json:0
[  130385ms] [ERROR] Failed to load resource: the server responded with a status of 404 (Not Found) @ http://localhost:3003/api/auth/user/to-json:0
[  130423ms] [ERROR] Failed to load resource: the server responded with a status of 404 (Not Found) @ http://localhost:3003/api/auth/logged-in/to-json:0
[  130437ms] [ERROR] Failed to load resource: the server responded with a status of 404 (Not Found) @ http://localhost:3003/api/auth/user/to-json:0
[  130485ms] [ERROR] Failed to load resource: the server responded with a status of 404 (Not Found) @ http://localhost:3003/api/auth/logged-in/to-json:0
[  130784ms] [ERROR] Failed to load resource: the server responded with a status of 404 (Not Found) @ http://localhost:3003/api/auth/user/to-json:0
[  130807ms] [ERROR] Failed to load resource: the server responded with a status of 404 (Not Found) @ http://localhost:3003/api/auth/logged-in/to-json:0
[  132623ms] [ERROR] Connecting to 'https://o996770.ingest.us.sentry.io/api/5955273/envelope/?sentry_version=7&sentry_key=df1b90fab7c44ce8aef097a63b468d61&sentry_client=sentry.javascript.nuxt%2F10.70.0' violates the following Content Security Policy directive: "connect-src 'self' https://*.mux.com https://cms.meeovicms.com". The action has been blocked. @ http://localhost:3003/_nuxt/@fs/home/meebuzo/github/alternate-framework/node_modules/@sentry/browser/build/npm/esm/dev/transports/fetch.js?v=193f35c6:31
[  132624ms] [ERROR] Fetch API cannot load https://o996770.ingest.us.sentry.io/api/5955273/envelope/?sentry_version=7&sentry_key=df1b90fab7c44ce8aef097a63b468d61&sentry_client=sentry.javascript.nuxt%2F10.70.0. Refused to connect because it violates the document's Content Security Policy. @ http://localhost:3003/_nuxt/@fs/home/meebuzo/github/alternate-framework/node_modules/@sentry/browser/build/npm/esm/dev/transports/fetch.js?v=193f35c6:31
[  133950ms] [WARNING] [NUXT_E3003] `useAsyncData`/`useFetch` was called after the component had already mounted, so the data fetch cannot be awaited during setup.
╰▶ fix: Use `$fetch()` for requests triggered after mount (e.g. in event handlers), or call `useAsyncData`/`useFetch` in the `setup()` function. @ http://localhost:3003/_nuxt/@vite/client:528
[  138817ms] [ERROR] Failed to load resource: the server responded with a status of 404 () @ https://res.cloudinary.com/nuxt-cloudinary/image/upload/f_auto,q_auto/images/display-2.png:0
[  148063ms] [LOG] ✨ %cNuxt DevTools %c Press Shift + Alt + D to open DevTools color: black; border-radius: 3px 0 0 3px; padding: 2px 2px 1px 10px; background: #00DC82 border-radius: 0 3px 3px 0; padding: 2px 10px 1px 2px; background: #00DC8220  @ http://localhost:3003/_nuxt/@fs/home/meebuzo/github/alternate-framework/node_modules/@sentry/core/build/esm/instrument/console.js?v=193f35c6:44
[  148152ms] [INFO] <Suspense> is an experimental feature and its API will likely change. @ http://localhost:3003/_nuxt/@fs/home/meebuzo/github/alternate-framework/node_modules/@sentry/core/build/esm/instrument/console.js?v=193f35c6:44
[  148426ms] [WARNING] [nuxt] [image] Density values above `2` are not recommended. See https://observablehq.com/@eeeps/visual-acuity-and-device-pixel-ratio. @ http://localhost:3003/_nuxt/@vite/client:528
[  148435ms] [WARNING] [Vue warn]: Slot "default" invoked outside of the render function: this will not track dependencies used in the slot. Invoke the slot function inside the render function instead. 
  at <VDefaultsProvider key="content-defaults" disabled=true defaults= {VIcon: Object} > 
  at <VBtn symbol= Symbol(vuetify:v-tabs) ref=Ref< undefined > class="v-tab"  ... > 
  at <VTab > 
  at <VSlideGroup centerActive=true scrollToActive=true contentClass=undefined  ... > 
  at <VTabs modelValue=null onUpdate:modelValue=fn center-active=""  ... > 
  at <VCard height="75" variant="text" > 
  at <MenusLivebarLive> 
  at <VCol> 
  at <VRow> 
  at <VMain> 
  at <VApp theme="light" class="auto-text" > 
  at <VResponsive class="border rounded" > 
  at <Default ref=Ref< undefined > > 
  at <AsyncComponentWrapper ref=Ref< undefined > > 
  at <LayoutLoader key="default" layoutProps= {ref: RefImpl} name="default" > 
  at <NuxtLayoutProvider layoutProps= {ref: RefImpl} key="default" name="default"  ... > 
  at <NuxtLayout > 
  at <App key=4 > 
  at <NuxtRoot> @ http://localhost:3003/_nuxt/@vite/client:528
[  148439ms] [WARNING] [Vue warn]: Slot "default" invoked outside of the render function: this will not track dependencies used in the slot. Invoke the slot function inside the render function instead. 
  at <VDefaultsProvider key="content-defaults" disabled=true defaults= {VIcon: Object} > 
  at <VBtn symbol= Symbol(vuetify:v-tabs) ref=Ref< undefined > class="v-tab"  ... > 
  at <VTab > 
  at <VSlideGroup centerActive=true scrollToActive=true contentClass=undefined  ... > 
  at <VTabs modelValue=null onUpdate:modelValue=fn center-active=""  ... > 
  at <VCard height="75" variant="text" > 
  at <MenusLivebarLive> 
  at <VCol> 
  at <VRow> 
  at <VMain> 
  at <VApp theme="light" class="auto-text" > 
  at <VResponsive class="border rounded" > 
  at <Default ref=Ref< undefined > > 
  at <AsyncComponentWrapper ref=Ref< undefined > > 
  at <LayoutLoader key="default" layoutProps= {ref: RefImpl} name="default" > 
  at <NuxtLayoutProvider layoutProps= {ref: RefImpl} key="default" name="default"  ... > 
  at <NuxtLayout > 
  at <App key=4 > 
  at <NuxtRoot> @ http://localhost:3003/_nuxt/@vite/client:528
[  148445ms] [WARNING] [Vue warn]: Slot "default" invoked outside of the render function: this will not track dependencies used in the slot. Invoke the slot function inside the render function instead. 
  at <VDefaultsProvider key="content-defaults" disabled=true defaults= {VIcon: Object} > 
  at <VBtn symbol= Symbol(vuetify:v-tabs) ref=Ref< undefined > class="v-tab"  ... > 
  at <VTab > 
  at <VSlideGroup centerActive=true scrollToActive=true contentClass=undefined  ... > 
  at <VTabs modelValue=null onUpdate:modelValue=fn center-active=""  ... > 
  at <VCard height="75" variant="text" > 
  at <MenusLivebarLive> 
  at <VCol> 
  at <VRow> 
  at <VMain> 
  at <VApp theme="light" class="auto-text" > 
  at <VResponsive class="border rounded" > 
  at <Default ref=Ref< undefined > > 
  at <AsyncComponentWrapper ref=Ref< undefined > > 
  at <LayoutLoader key="default" layoutProps= {ref: RefImpl} name="default" > 
  at <NuxtLayoutProvider layoutProps= {ref: RefImpl} key="default" name="default"  ... > 
  at <NuxtLayout > 
  at <App key=4 > 
  at <NuxtRoot> @ http://localhost:3003/_nuxt/@vite/client:528
[  148448ms] [WARNING] [Vue warn]: Slot "default" invoked outside of the render function: this will not track dependencies used in the slot. Invoke the slot function inside the render function instead. 
  at <VDefaultsProvider key="content-defaults" disabled=true defaults= {VIcon: Object} > 
  at <VBtn symbol= Symbol(vuetify:v-tabs) ref=Ref< undefined > class="v-tab"  ... > 
  at <VTab > 
  at <VSlideGroup centerActive=true scrollToActive=true contentClass=undefined  ... > 
  at <VTabs modelValue=null onUpdate:modelValue=fn center-active=""  ... > 
  at <VCard height="75" variant="text" > 
  at <MenusLivebarLive> 
  at <VCol> 
  at <VRow> 
  at <VMain> 
  at <VApp theme="light" class="auto-text" > 
  at <VResponsive class="border rounded" > 
  at <Default ref=Ref< undefined > > 
  at <AsyncComponentWrapper ref=Ref< undefined > > 
  at <LayoutLoader key="default" layoutProps= {ref: RefImpl} name="default" > 
  at <NuxtLayoutProvider layoutProps= {ref: RefImpl} key="default" name="default"  ... > 
  at <NuxtLayout > 
  at <App key=4 > 
  at <NuxtRoot> @ http://localhost:3003/_nuxt/@vite/client:528
[  148454ms] [WARNING] [Vue warn]: Slot "default" invoked outside of the render function: this will not track dependencies used in the slot. Invoke the slot function inside the render function instead. 
  at <VDefaultsProvider key="content-defaults" defaults= {VImg: Object, VIcon: Object} > 
  at <VAvatar ref_for=true ref=fn<fn> onClick=fn<onClick>  ... > 
  at <VOverlay ref=Ref< undefined > class="v-dialog" style= {}  ... > 
  at <VDialog modelValue=false onUpdate:modelValue=fn transition="dialog-bottom-transition" > 
  at <VDefaultsProvider key="content-defaults" disabled=true defaults= {VIcon: Object} > 
  at <VBtn symbol= Symbol(vuetify:v-tabs) ref=Ref< undefined > class="v-tab"  ... > 
  at <VTab > 
  at <VSlideGroup centerActive=true scrollToActive=true contentClass=undefined  ... > 
  at <VTabs modelValue=null onUpdate:modelValue=fn center-active=""  ... > 
  at <VCard height="75" variant="text" > 
  at <MenusLivebarLive> 
  at <VCol> 
  at <VRow> 
  at <VMain> 
  at <VApp theme="light" class="auto-text" > 
  at <VResponsive class="border rounded" > 
  at <Default ref=Ref< undefined > > 
  at <AsyncComponentWrapper ref=Ref< undefined > > 
  at <LayoutLoader key="default" layoutProps= {ref: RefImpl} name="default" > 
  at <NuxtLayoutProvider layoutProps= {ref: RefImpl} key="default" name="default"  ... > 
  at <NuxtLayout > 
  at <App key=4 > 
  at <NuxtRoot> @ http://localhost:3003/_nuxt/@vite/client:528
[  148918ms] [WARNING] [Vue warn]: Slot "default" invoked outside of the render function: this will not track dependencies used in the slot. Invoke the slot function inside the render function instead. 
  at <VDefaultsProvider key="content-defaults" disabled=true defaults= {VIcon: Object} > 
  at <VBtn symbol= Symbol(vuetify:v-tabs) ref=Ref< undefined > class="v-tab"  ... > 
  at <VTab value="one" > 
  at <VSlideGroup centerActive=false scrollToActive=true contentClass=undefined  ... > 
  at <VTabs modelValue=null onUpdate:modelValue=fn align-tabs="center"  ... > 
  at <VSheet > 
  at <VCard elevation="0" > 
  at <[...slug] onVnodeUnmounted=fn<onVnodeUnmounted> ref=Ref< undefined > > 
  at <RouteProvider key="/connect/space/meeovi-news" vnode= {__v_isVNode: true, __v_skip: true, type: Object, props: Object, key: null} route= {fullPath: /connect/space/meeovi-news, hash: , query: Object, name: connect-space-slug___en, path: /connect/space/meeovi-news}  ... > 
  at <RouterView name=undefined route=undefined > 
  at <NuxtPage > 
  at <VMain> 
  at <VApp theme="light" class="auto-text" > 
  at <VResponsive class="border rounded" > 
  at <Default ref=Ref< undefined > > 
  at <AsyncComponentWrapper ref=Ref< undefined > > 
  at <LayoutLoader key="default" layoutProps= {ref: RefImpl} name="default" > 
  at <NuxtLayoutProvider layoutProps= {ref: RefImpl} key="default" name="default"  ... > 
  at <NuxtLayout > 
  at <App key=4 > 
  at <NuxtRoot> @ http://localhost:3003/_nuxt/@vite/client:528
[  149534ms] [WARNING] [Vue warn]: Slot "default" invoked outside of the render function: this will not track dependencies used in the slot. Invoke the slot function inside the render function instead. 
  at <VDefaultsProvider key="content-defaults" disabled=true defaults= {VIcon: Object} > 
  at <VBtn symbol= Symbol(vuetify:v-tabs) ref=Ref< undefined > class="v-tab"  ... > 
  at <VTab value="one" > 
  at <VSlideGroup centerActive=false scrollToActive=true contentClass=undefined  ... > 
  at <VTabs modelValue=null onUpdate:modelValue=fn align-tabs="center"  ... > 
  at <VSheet > 
  at <VCard elevation="0" > 
  at <[...slug] onVnodeUnmounted=fn<onVnodeUnmounted> ref=Ref< undefined > > 
  at <RouteProvider key="/connect/space/meeovi-news" vnode= {__v_isVNode: true, __v_skip: true, type: Object, props: Object, key: null} route= {fullPath: /connect/space/meeovi-news, hash: , query: Object, name: connect-space-slug___en, path: /connect/space/meeovi-news}  ... > 
  at <RouterView name=undefined route=undefined > 
  at <NuxtPage > 
  at <VMain> 
  at <VApp theme="light" class="auto-text" > 
  at <VResponsive class="border rounded" > 
  at <Default ref=Ref< undefined > > 
  at <AsyncComponentWrapper ref=Ref< undefined > > 
  at <LayoutLoader key="default" layoutProps= {ref: RefImpl} name="default" > 
  at <NuxtLayoutProvider layoutProps= {ref: RefImpl} key="default" name="default"  ... > 
  at <NuxtLayout > 
  at <App key=4 > 
  at <NuxtRoot> @ http://localhost:3003/_nuxt/@vite/client:528
[  150351ms] [WARNING] [Vue warn]: Slot "default" invoked outside of the render function: this will not track dependencies used in the slot. Invoke the slot function inside the render function instead. 
  at <VDefaultsProvider key="content-defaults" disabled=true defaults= {VIcon: Object} > 
  at <VBtn symbol= Symbol(vuetify:v-tabs) ref=Ref< undefined > class="v-tab"  ... > 
  at <VTab value="two" > 
  at <VSlideGroup centerActive=false scrollToActive=true contentClass=undefined  ... > 
  at <VTabs modelValue=null onUpdate:modelValue=fn align-tabs="center"  ... > 
  at <VSheet > 
  at <VCard elevation="0" > 
  at <[...slug] onVnodeUnmounted=fn<onVnodeUnmounted> ref=Ref< undefined > > 
  at <RouteProvider key="/connect/space/meeovi-news" vnode= {__v_isVNode: true, __v_skip: true, type: Object, props: Object, key: null} route= {fullPath: /connect/space/meeovi-news, hash: , query: Object, name: connect-space-slug___en, path: /connect/space/meeovi-news}  ... > 
  at <RouterView name=undefined route=undefined > 
  at <NuxtPage > 
  at <VMain> 
  at <VApp theme="light" class="auto-text" > 
  at <VResponsive class="border rounded" > 
  at <Default ref=Ref< undefined > > 
  at <AsyncComponentWrapper ref=Ref< undefined > > 
  at <LayoutLoader key="default" layoutProps= {ref: RefImpl} name="default" > 
  at <NuxtLayoutProvider layoutProps= {ref: RefImpl} key="default" name="default"  ... > 
  at <NuxtLayout > 
  at <App key=4 > 
  at <NuxtRoot> @ http://localhost:3003/_nuxt/@vite/client:528
[  151103ms] [WARNING] [Vue warn]: Slot "default" invoked outside of the render function: this will not track dependencies used in the slot. Invoke the slot function inside the render function instead. 
  at <VDefaultsProvider key="content-defaults" disabled=true defaults= {VIcon: Object} > 
  at <VBtn symbol= Symbol(vuetify:v-tabs) ref=Ref< undefined > class="v-tab"  ... > 
  at <VTab value="two" > 
  at <VSlideGroup centerActive=false scrollToActive=true contentClass=undefined  ... > 
  at <VTabs modelValue=null onUpdate:modelValue=fn align-tabs="center"  ... > 
  at <VSheet > 
  at <VCard elevation="0" > 
  at <[...slug] onVnodeUnmounted=fn<onVnodeUnmounted> ref=Ref< undefined > > 
  at <RouteProvider key="/connect/space/meeovi-news" vnode= {__v_isVNode: true, __v_skip: true, type: Object, props: Object, key: null} route= {fullPath: /connect/space/meeovi-news, hash: , query: Object, name: connect-space-slug___en, path: /connect/space/meeovi-news}  ... > 
  at <RouterView name=undefined route=undefined > 
  at <NuxtPage > 
  at <VMain> 
  at <VApp theme="light" class="auto-text" > 
  at <VResponsive class="border rounded" > 
  at <Default ref=Ref< undefined > > 
  at <AsyncComponentWrapper ref=Ref< undefined > > 
  at <LayoutLoader key="default" layoutProps= {ref: RefImpl} name="default" > 
  at <NuxtLayoutProvider layoutProps= {ref: RefImpl} key="default" name="default"  ... > 
  at <NuxtLayout > 
  at <App key=4 > 
  at <NuxtRoot> @ http://localhost:3003/_nuxt/@vite/client:528
[  151898ms] [WARNING] [Vue warn]: Slot "default" invoked outside of the render function: this will not track dependencies used in the slot. Invoke the slot function inside the render function instead. 
  at <VDefaultsProvider key="content-defaults" disabled=true defaults= {VIcon: Object} > 
  at <VBtn symbol= Symbol(vuetify:v-tabs) ref=Ref< undefined > class="v-tab"  ... > 
  at <VTab value="three" > 
  at <VSlideGroup centerActive=false scrollToActive=true contentClass=undefined  ... > 
  at <VTabs modelValue=null onUpdate:modelValue=fn align-tabs="center"  ... > 
  at <VSheet > 
  at <VCard elevation="0" > 
  at <[...slug] onVnodeUnmounted=fn<onVnodeUnmounted> ref=Ref< undefined > > 
  at <RouteProvider key="/connect/space/meeovi-news" vnode= {__v_isVNode: true, __v_skip: true, type: Object, props: Object, key: null} route= {fullPath: /connect/space/meeovi-news, hash: , query: Object, name: connect-space-slug___en, path: /connect/space/meeovi-news}  ... > 
  at <RouterView name=undefined route=undefined > 
  at <NuxtPage > 
  at <VMain> 
  at <VApp theme="light" class="auto-text" > 
  at <VResponsive class="border rounded" > 
  at <Default ref=Ref< undefined > > 
  at <AsyncComponentWrapper ref=Ref< undefined > > 
  at <LayoutLoader key="default" layoutProps= {ref: RefImpl} name="default" > 
  at <NuxtLayoutProvider layoutProps= {ref: RefImpl} key="default" name="default"  ... > 
  at <NuxtLayout > 
  at <App key=4 > 
  at <NuxtRoot> @ http://localhost:3003/_nuxt/@vite/client:528
[  152693ms] [WARNING] [Vue warn]: Slot "default" invoked outside of the render function: this will not track dependencies used in the slot. Invoke the slot function inside the render function instead. 
  at <VDefaultsProvider key="content-defaults" disabled=true defaults= {VIcon: Object} > 
  at <VBtn symbol= Symbol(vuetify:v-tabs) ref=Ref< undefined > class="v-tab"  ... > 
  at <VTab value="three" > 
  at <VSlideGroup centerActive=false scrollToActive=true contentClass=undefined  ... > 
  at <VTabs modelValue=null onUpdate:modelValue=fn align-tabs="center"  ... > 
  at <VSheet > 
  at <VCard elevation="0" > 
  at <[...slug] onVnodeUnmounted=fn<onVnodeUnmounted> ref=Ref< undefined > > 
  at <RouteProvider key="/connect/space/meeovi-news" vnode= {__v_isVNode: true, __v_skip: true, type: Object, props: Object, key: null} route= {fullPath: /connect/space/meeovi-news, hash: , query: Object, name: connect-space-slug___en, path: /connect/space/meeovi-news}  ... > 
  at <RouterView name=undefined route=undefined > 
  at <NuxtPage > 
  at <VMain> 
  at <VApp theme="light" class="auto-text" > 
  at <VResponsive class="border rounded" > 
  at <Default ref=Ref< undefined > > 
  at <AsyncComponentWrapper ref=Ref< undefined > > 
  at <LayoutLoader key="default" layoutProps= {ref: RefImpl} name="default" > 
  at <NuxtLayoutProvider layoutProps= {ref: RefImpl} key="default" name="default"  ... > 
  at <NuxtLayout > 
  at <App key=4 > 
  at <NuxtRoot> @ http://localhost:3003/_nuxt/@vite/client:528
[  153503ms] [WARNING] [Vue warn]: Slot "default" invoked outside of the render function: this will not track dependencies used in the slot. Invoke the slot function inside the render function instead. 
  at <VDefaultsProvider key="content-defaults" disabled=true defaults= {VIcon: Object} > 
  at <VBtn symbol= Symbol(vuetify:v-tabs) ref=Ref< undefined > class="v-tab"  ... > 
  at <VTab value="four" > 
  at <VSlideGroup centerActive=false scrollToActive=true contentClass=undefined  ... > 
  at <VTabs modelValue=null onUpdate:modelValue=fn align-tabs="center"  ... > 
  at <VSheet > 
  at <VCard elevation="0" > 
  at <[...slug] onVnodeUnmounted=fn<onVnodeUnmounted> ref=Ref< undefined > > 
  at <RouteProvider key="/connect/space/meeovi-news" vnode= {__v_isVNode: true, __v_skip: true, type: Object, props: Object, key: null} route= {fullPath: /connect/space/meeovi-news, hash: , query: Object, name: connect-space-slug___en, path: /connect/space/meeovi-news}  ... > 
  at <RouterView name=undefined route=undefined > 
  at <NuxtPage > 
  at <VMain> 
  at <VApp theme="light" class="auto-text" > 
  at <VResponsive class="border rounded" > 
  at <Default ref=Ref< undefined > > 
  at <AsyncComponentWrapper ref=Ref< undefined > > 
  at <LayoutLoader key="default" layoutProps= {ref: RefImpl} name="default" > 
  at <NuxtLayoutProvider layoutProps= {ref: RefImpl} key="default" name="default"  ... > 
  at <NuxtLayout > 
  at <App key=4 > 
  at <NuxtRoot> @ http://localhost:3003/_nuxt/@vite/client:528
[  154326ms] [WARNING] [Vue warn]: Slot "default" invoked outside of the render function: this will not track dependencies used in the slot. Invoke the slot function inside the render function instead. 
  at <VDefaultsProvider key="content-defaults" disabled=true defaults= {VIcon: Object} > 
  at <VBtn symbol= Symbol(vuetify:v-tabs) ref=Ref< undefined > class="v-tab"  ... > 
  at <VTab value="four" > 
  at <VSlideGroup centerActive=false scrollToActive=true contentClass=undefined  ... > 
  at <VTabs modelValue=null onUpdate:modelValue=fn align-tabs="center"  ... > 
  at <VSheet > 
  at <VCard elevation="0" > 
  at <[...slug] onVnodeUnmounted=fn<onVnodeUnmounted> ref=Ref< undefined > > 
  at <RouteProvider key="/connect/space/meeovi-news" vnode= {__v_isVNode: true, __v_skip: true, type: Object, props: Object, key: null} route= {fullPath: /connect/space/meeovi-news, hash: , query: Object, name: connect-space-slug___en, path: /connect/space/meeovi-news}  ... > 
  at <RouterView name=undefined route=undefined > 
  at <NuxtPage > 
  at <VMain> 
  at <VApp theme="light" class="auto-text" > 
  at <VResponsive class="border rounded" > 
  at <Default ref=Ref< undefined > > 
  at <AsyncComponentWrapper ref=Ref< undefined > > 
  at <LayoutLoader key="default" layoutProps= {ref: RefImpl} name="default" > 
  at <NuxtLayoutProvider layoutProps= {ref: RefImpl} key="default" name="default"  ... > 
  at <NuxtLayout > 
  at <App key=4 > 
  at <NuxtRoot> @ http://localhost:3003/_nuxt/@vite/client:528
[  155149ms] [WARNING] [Vue warn]: Slot "default" invoked outside of the render function: this will not track dependencies used in the slot. Invoke the slot function inside the render function instead. 
  at <VDefaultsProvider key="content-defaults" disabled=true defaults= {VIcon: Object} > 
  at <VBtn symbol= Symbol(vuetify:v-tabs) ref=Ref< undefined > class="v-tab"  ... > 
  at <VTab value="five" > 
  at <VSlideGroup centerActive=false scrollToActive=true contentClass=undefined  ... > 
  at <VTabs modelValue=null onUpdate:modelValue=fn align-tabs="center"  ... > 
  at <VSheet > 
  at <VCard elevation="0" > 
  at <[...slug] onVnodeUnmounted=fn<onVnodeUnmounted> ref=Ref< undefined > > 
  at <RouteProvider key="/connect/space/meeovi-news" vnode= {__v_isVNode: true, __v_skip: true, type: Object, props: Object, key: null} route= {fullPath: /connect/space/meeovi-news, hash: , query: Object, name: connect-space-slug___en, path: /connect/space/meeovi-news}  ... > 
  at <RouterView name=undefined route=undefined > 
  at <NuxtPage > 
  at <VMain> 
  at <VApp theme="light" class="auto-text" > 
  at <VResponsive class="border rounded" > 
  at <Default ref=Ref< undefined > > 
  at <AsyncComponentWrapper ref=Ref< undefined > > 
  at <LayoutLoader key="default" layoutProps= {ref: RefImpl} name="default" > 
  at <NuxtLayoutProvider layoutProps= {ref: RefImpl} key="default" name="default"  ... > 
  at <NuxtLayout > 
  at <App key=4 > 
  at <NuxtRoot> @ http://localhost:3003/_nuxt/@vite/client:528
[  155895ms] [WARNING] [Vue warn]: Slot "default" invoked outside of the render function: this will not track dependencies used in the slot. Invoke the slot function inside the render function instead. 
  at <VDefaultsProvider key="content-defaults" disabled=true defaults= {VIcon: Object} > 
  at <VBtn symbol= Symbol(vuetify:v-tabs) ref=Ref< undefined > class="v-tab"  ... > 
  at <VTab value="five" > 
  at <VSlideGroup centerActive=false scrollToActive=true contentClass=undefined  ... > 
  at <VTabs modelValue=null onUpdate:modelValue=fn align-tabs="center"  ... > 
  at <VSheet > 
  at <VCard elevation="0" > 
  at <[...slug] onVnodeUnmounted=fn<onVnodeUnmounted> ref=Ref< undefined > > 
  at <RouteProvider key="/connect/space/meeovi-news" vnode= {__v_isVNode: true, __v_skip: true, type: Object, props: Object, key: null} route= {fullPath: /connect/space/meeovi-news, hash: , query: Object, name: connect-space-slug___en, path: /connect/space/meeovi-news}  ... > 
  at <RouterView name=undefined route=undefined > 
  at <NuxtPage > 
  at <VMain> 
  at <VApp theme="light" class="auto-text" > 
  at <VResponsive class="border rounded" > 
  at <Default ref=Ref< undefined > > 
  at <AsyncComponentWrapper ref=Ref< undefined > > 
  at <LayoutLoader key="default" layoutProps= {ref: RefImpl} name="default" > 
  at <NuxtLayoutProvider layoutProps= {ref: RefImpl} key="default" name="default"  ... > 
  at <NuxtLayout > 
  at <App key=4 > 
  at <NuxtRoot> @ http://localhost:3003/_nuxt/@vite/client:528
[  156749ms] [WARNING] [Vue warn]: Slot "default" invoked outside of the render function: this will not track dependencies used in the slot. Invoke the slot function inside the render function instead. 
  at <VDefaultsProvider key="content-defaults" disabled=true defaults= {VIcon: Object} > 
  at <VBtn symbol= Symbol(vuetify:v-tabs) ref=Ref< undefined > class="v-tab"  ... > 
  at <VTab value="six" > 
  at <VSlideGroup centerActive=false scrollToActive=true contentClass=undefined  ... > 
  at <VTabs modelValue=null onUpdate:modelValue=fn align-tabs="center"  ... > 
  at <VSheet > 
  at <VCard elevation="0" > 
  at <[...slug] onVnodeUnmounted=fn<onVnodeUnmounted> ref=Ref< undefined > > 
  at <RouteProvider key="/connect/space/meeovi-news" vnode= {__v_isVNode: true, __v_skip: true, type: Object, props: Object, key: null} route= {fullPath: /connect/space/meeovi-news, hash: , query: Object, name: connect-space-slug___en, path: /connect/space/meeovi-news}  ... > 
  at <RouterView name=undefined route=undefined > 
  at <NuxtPage > 
  at <VMain> 
  at <VApp theme="light" class="auto-text" > 
  at <VResponsive class="border rounded" > 
  at <Default ref=Ref< undefined > > 
  at <AsyncComponentWrapper ref=Ref< undefined > > 
  at <LayoutLoader key="default" layoutProps= {ref: RefImpl} name="default" > 
  at <NuxtLayoutProvider layoutProps= {ref: RefImpl} key="default" name="default"  ... > 
  at <NuxtLayout > 
  at <App key=4 > 
  at <NuxtRoot> @ http://localhost:3003/_nuxt/@vite/client:528
[  157545ms] [WARNING] [Vue warn]: Slot "default" invoked outside of the render function: this will not track dependencies used in the slot. Invoke the slot function inside the render function instead. 
  at <VDefaultsProvider key="content-defaults" disabled=true defaults= {VIcon: Object} > 
  at <VBtn symbol= Symbol(vuetify:v-tabs) ref=Ref< undefined > class="v-tab"  ... > 
  at <VTab value="six" > 
  at <VSlideGroup centerActive=false scrollToActive=true contentClass=undefined  ... > 
  at <VTabs modelValue=null onUpdate:modelValue=fn align-tabs="center"  ... > 
  at <VSheet > 
  at <VCard elevation="0" > 
  at <[...slug] onVnodeUnmounted=fn<onVnodeUnmounted> ref=Ref< undefined > > 
  at <RouteProvider key="/connect/space/meeovi-news" vnode= {__v_isVNode: true, __v_skip: true, type: Object, props: Object, key: null} route= {fullPath: /connect/space/meeovi-news, hash: , query: Object, name: connect-space-slug___en, path: /connect/space/meeovi-news}  ... > 
  at <RouterView name=undefined route=undefined > 
  at <NuxtPage > 
  at <VMain> 
  at <VApp theme="light" class="auto-text" > 
  at <VResponsive class="border rounded" > 
  at <Default ref=Ref< undefined > > 
  at <AsyncComponentWrapper ref=Ref< undefined > > 
  at <LayoutLoader key="default" layoutProps= {ref: RefImpl} name="default" > 
  at <NuxtLayoutProvider layoutProps= {ref: RefImpl} key="default" name="default"  ... > 
  at <NuxtLayout > 
  at <App key=4 > 
  at <NuxtRoot> @ http://localhost:3003/_nuxt/@vite/client:528
[  158328ms] [WARNING] [Vue warn]: Slot "default" invoked outside of the render function: this will not track dependencies used in the slot. Invoke the slot function inside the render function instead. 
  at <VDefaultsProvider key="content-defaults" disabled=true defaults= {VIcon: Object} > 
  at <VBtn symbol= Symbol(vuetify:v-tabs) ref=Ref< undefined > class="v-tab"  ... > 
  at <VTab value="seven" > 
  at <VSlideGroup centerActive=false scrollToActive=true contentClass=undefined  ... > 
  at <VTabs modelValue=null onUpdate:modelValue=fn align-tabs="center"  ... > 
  at <VSheet > 
  at <VCard elevation="0" > 
  at <[...slug] onVnodeUnmounted=fn<onVnodeUnmounted> ref=Ref< undefined > > 
  at <RouteProvider key="/connect/space/meeovi-news" vnode= {__v_isVNode: true, __v_skip: true, type: Object, props: Object, key: null} route= {fullPath: /connect/space/meeovi-news, hash: , query: Object, name: connect-space-slug___en, path: /connect/space/meeovi-news}  ... > 
  at <RouterView name=undefined route=undefined > 
  at <NuxtPage > 
  at <VMain> 
  at <VApp theme="light" class="auto-text" > 
  at <VResponsive class="border rounded" > 
  at <Default ref=Ref< undefined > > 
  at <AsyncComponentWrapper ref=Ref< undefined > > 
  at <LayoutLoader key="default" layoutProps= {ref: RefImpl} name="default" > 
  at <NuxtLayoutProvider layoutProps= {ref: RefImpl} key="default" name="default"  ... > 
  at <NuxtLayout > 
  at <App key=4 > 
  at <NuxtRoot> @ http://localhost:3003/_nuxt/@vite/client:528
[  159078ms] [WARNING] [Vue warn]: Slot "default" invoked outside of the render function: this will not track dependencies used in the slot. Invoke the slot function inside the render function instead. 
  at <VDefaultsProvider key="content-defaults" disabled=true defaults= {VIcon: Object} > 
  at <VBtn symbol= Symbol(vuetify:v-tabs) ref=Ref< undefined > class="v-tab"  ... > 
  at <VTab value="seven" > 
  at <VSlideGroup centerActive=false scrollToActive=true contentClass=undefined  ... > 
  at <VTabs modelValue=null onUpdate:modelValue=fn align-tabs="center"  ... > 
  at <VSheet > 
  at <VCard elevation="0" > 
  at <[...slug] onVnodeUnmounted=fn<onVnodeUnmounted> ref=Ref< undefined > > 
  at <RouteProvider key="/connect/space/meeovi-news" vnode= {__v_isVNode: true, __v_skip: true, type: Object, props: Object, key: null} route= {fullPath: /connect/space/meeovi-news, hash: , query: Object, name: connect-space-slug___en, path: /connect/space/meeovi-news}  ... > 
  at <RouterView name=undefined route=undefined > 
  at <NuxtPage > 
  at <VMain> 
  at <VApp theme="light" class="auto-text" > 
  at <VResponsive class="border rounded" > 
  at <Default ref=Ref< undefined > > 
  at <AsyncComponentWrapper ref=Ref< undefined > > 
  at <LayoutLoader key="default" layoutProps= {ref: RefImpl} name="default" > 
  at <NuxtLayoutProvider layoutProps= {ref: RefImpl} key="default" name="default"  ... > 
  at <NuxtLayout > 
  at <App key=4 > 
  at <NuxtRoot> @ http://localhost:3003/_nuxt/@vite/client:528
[  160339ms] [WARNING] [Meta Pixel] - Invalid PixelID: null. @ http://localhost:3003/_nuxt/@vite/client:528
[  160343ms] [ERROR] Failed to load resource: the server responded with a status of 404 (Not Found) @ http://localhost:3003/api/auth/user/to-json:0
[  160346ms] [ERROR] Failed to load resource: the server responded with a status of 404 (Not Found) @ http://localhost:3003/api/auth/logged-in/to-json:0
[  160433ms] [LOG] Meeovi Search @ http://localhost:3003/_nuxt/@fs/home/meebuzo/github/alternate-framework/node_modules/@sentry/core/build/esm/instrument/console.js?v=193f35c6:44
[  160468ms] [ERROR] Connecting to 'https://analytics.tiktok.com/api/v2/monitor' violates the following Content Security Policy directive: "connect-src 'self' https://*.mux.com https://cms.meeovicms.com". The action has been blocked. @ https://analytics.tiktok.com/i18n/pixel/static/main.MTQyN2U3Zjc5MA.js:0
[  160470ms] [ERROR] Connecting to 'https://analytics.tiktok.com/api/v2/monitor' violates the following Content Security Policy directive: "connect-src 'self' https://*.mux.com https://cms.meeovicms.com". The action has been blocked. @ https://analytics.tiktok.com/i18n/pixel/static/main.MTQyN2U3Zjc5MA.js:0
[  160472ms] [ERROR] Connecting to 'https://analytics.tiktok.com/api/v2/monitor' violates the following Content Security Policy directive: "connect-src 'self' https://*.mux.com https://cms.meeovicms.com". The action has been blocked. @ https://analytics.tiktok.com/i18n/pixel/static/main.MTQyN2U3Zjc5MA.js:0
[  160475ms] [ERROR] Connecting to 'https://analytics.tiktok.com/api/v2/monitor' violates the following Content Security Policy directive: "connect-src 'self' https://*.mux.com https://cms.meeovicms.com". The action has been blocked. @ https://analytics.tiktok.com/i18n/pixel/static/main.MTQyN2U3Zjc5MA.js:0
[  160477ms] [ERROR] Connecting to 'https://analytics.tiktok.com/api/v2/monitor' violates the following Content Security Policy directive: "connect-src 'self' https://*.mux.com https://cms.meeovicms.com". The action has been blocked. @ https://analytics.tiktok.com/i18n/pixel/static/main.MTQyN2U3Zjc5MA.js:0
[  160478ms] [ERROR] Connecting to 'https://analytics.tiktok.com/api/v2/monitor' violates the following Content Security Policy directive: "connect-src 'self' https://*.mux.com https://cms.meeovicms.com". The action has been blocked. @ https://analytics.tiktok.com/i18n/pixel/static/main.MTQyN2U3Zjc5MA.js:0
[  160485ms] [ERROR] Connecting to 'https://analytics.tiktok.com/api/v2/monitor' violates the following Content Security Policy directive: "connect-src 'self' https://*.mux.com https://cms.meeovicms.com". The action has been blocked. @ https://analytics.tiktok.com/i18n/pixel/static/main.MTQyN2U3Zjc5MA.js:0
[  160506ms] [ERROR] Failed to load resource: the server responded with a status of 404 () @ https://res.cloudinary.com/nuxt-cloudinary/image/upload/f_auto,q_auto/images/logo512alpha.png:0
[  160875ms] [ERROR] Failed to load resource: the server responded with a status of 404 (Not Found) @ http://localhost:3003/api/auth/logged-in/to-json:0
[  160877ms] [ERROR] Failed to load resource: the server responded with a status of 404 (Not Found) @ http://localhost:3003/api/auth/user/to-json:0
[  160878ms] [ERROR] Failed to load resource: the server responded with a status of 404 (Not Found) @ http://localhost:3003/api/auth/user/to-json:0
[  160880ms] [ERROR] Failed to load resource: the server responded with a status of 404 (Not Found) @ http://localhost:3003/api/auth/logged-in/to-json:0
[  161333ms] [ERROR] Failed to load resource: the server responded with a status of 404 (Not Found) @ http://localhost:3003/api/auth/user/to-json:0
[  161557ms] [ERROR] Failed to load resource: the server responded with a status of 404 (Not Found) @ http://localhost:3003/api/auth/logged-in/to-json:0
[  161565ms] [ERROR] Failed to load resource: the server responded with a status of 404 (Not Found) @ http://localhost:3003/api/auth/user/to-json:0
[  161963ms] [ERROR] Failed to load resource: the server responded with a status of 404 (Not Found) @ http://localhost:3003/api/auth/logged-in/to-json:0
[  161965ms] [ERROR] Failed to load resource: the server responded with a status of 404 (Not Found) @ http://localhost:3003/api/auth/user/to-json:0
[  162329ms] [ERROR] Failed to load resource: the server responded with a status of 404 (Not Found) @ http://localhost:3003/api/auth/logged-in/to-json:0
[  162342ms] [ERROR] Failed to load resource: the server responded with a status of 404 (Not Found) @ http://localhost:3003/api/auth/user/to-json:0
[  162737ms] [ERROR] Failed to load resource: the server responded with a status of 404 (Not Found) @ http://localhost:3003/api/auth/logged-in/to-json:0
[  162740ms] [ERROR] Failed to load resource: the server responded with a status of 404 (Not Found) @ http://localhost:3003/api/auth/user/to-json:0
[  162941ms] [ERROR] Failed to load resource: the server responded with a status of 404 (Not Found) @ http://localhost:3003/api/auth/logged-in/to-json:0
[  162959ms] [ERROR] Failed to load resource: the server responded with a status of 404 (Not Found) @ http://localhost:3003/api/auth/user/to-json:0
[  162963ms] [ERROR] Failed to load resource: the server responded with a status of 404 (Not Found) @ http://localhost:3003/api/auth/logged-in/to-json:0
[  163163ms] [ERROR] Failed to load resource: the server responded with a status of 404 (Not Found) @ http://localhost:3003/api/auth/user/to-json:0
[  163541ms] [ERROR] Failed to load resource: the server responded with a status of 404 (Not Found) @ http://localhost:3003/api/auth/logged-in/to-json:0
[  163547ms] [ERROR] Failed to load resource: the server responded with a status of 404 (Not Found) @ http://localhost:3003/api/auth/user/to-json:0
[  163689ms] [ERROR] Failed to load resource: the server responded with a status of 404 (Not Found) @ http://localhost:3003/api/auth/logged-in/to-json:0
[  163695ms] [ERROR] Failed to load resource: the server responded with a status of 404 (Not Found) @ http://localhost:3003/api/auth/user/to-json:0
[  163699ms] [ERROR] Failed to load resource: the server responded with a status of 404 (Not Found) @ http://localhost:3003/api/auth/logged-in/to-json:0
[  163992ms] [ERROR] Failed to load resource: the server responded with a status of 404 (Not Found) @ http://localhost:3003/api/auth/user/to-json:0
[  164091ms] [ERROR] Failed to load resource: the server responded with a status of 404 (Not Found) @ http://localhost:3003/api/auth/logged-in/to-json:0
[  164160ms] [ERROR] Failed to load resource: the server responded with a status of 404 (Not Found) @ http://localhost:3003/api/auth/logged-in/to-json:0
[  164192ms] [ERROR] Failed to load resource: the server responded with a status of 404 (Not Found) @ http://localhost:3003/api/auth/user/to-json:0
[  164197ms] [ERROR] Failed to load resource: the server responded with a status of 404 (Not Found) @ http://localhost:3003/api/auth/logged-in/to-json:0
[  164202ms] [ERROR] Failed to load resource: the server responded with a status of 404 (Not Found) @ http://localhost:3003/api/auth/user/to-json:0
[  164462ms] [ERROR] Failed to load resource: the server responded with a status of 404 (Not Found) @ http://localhost:3003/api/auth/user/to-json:0
[  164557ms] [ERROR] Failed to load resource: the server responded with a status of 404 (Not Found) @ http://localhost:3003/api/auth/user/to-json:0
[  164615ms] [ERROR] Failed to load resource: the server responded with a status of 404 (Not Found) @ http://localhost:3003/api/auth/logged-in/to-json:0
[  164621ms] [ERROR] Failed to load resource: the server responded with a status of 404 (Not Found) @ http://localhost:3003/api/auth/user/to-json:0
[  164650ms] [ERROR] Failed to load resource: the server responded with a status of 404 (Not Found) @ http://localhost:3003/api/auth/logged-in/to-json:0
[  164686ms] [ERROR] Failed to load resource: the server responded with a status of 404 (Not Found) @ http://localhost:3003/api/auth/logged-in/to-json:0
[  164953ms] [ERROR] Failed to load resource: the server responded with a status of 404 (Not Found) @ http://localhost:3003/api/auth/user/to-json:0
[  165037ms] [ERROR] Failed to load resource: the server responded with a status of 404 (Not Found) @ http://localhost:3003/api/auth/logged-in/to-json:0
[  165043ms] [ERROR] Failed to load resource: the server responded with a status of 404 (Not Found) @ http://localhost:3003/api/auth/user/to-json:0
[  165101ms] [ERROR] Failed to load resource: the server responded with a status of 404 (Not Found) @ http://localhost:3003/api/auth/logged-in/to-json:0
[  165106ms] [ERROR] Failed to load resource: the server responded with a status of 404 (Not Found) @ http://localhost:3003/api/auth/user/to-json:0
[  165176ms] [ERROR] Failed to load resource: the server responded with a status of 404 (Not Found) @ http://localhost:3003/api/auth/logged-in/to-json:0
[  165396ms] [ERROR] Failed to load resource: the server responded with a status of 404 (Not Found) @ http://localhost:3003/api/auth/user/to-json:0
[  165457ms] [ERROR] Failed to load resource: the server responded with a status of 404 (Not Found) @ http://localhost:3003/api/auth/logged-in/to-json:0
[  165559ms] [ERROR] Failed to load resource: the server responded with a status of 404 (Not Found) @ http://localhost:3003/api/auth/user/to-json:0
[  165564ms] [ERROR] Failed to load resource: the server responded with a status of 404 (Not Found) @ http://localhost:3003/api/auth/logged-in/to-json:0
[  165569ms] [ERROR] Failed to load resource: the server responded with a status of 404 (Not Found) @ http://localhost:3003/api/auth/user/to-json:0
[  165668ms] [ERROR] Failed to load resource: the server responded with a status of 404 (Not Found) @ http://localhost:3003/api/auth/logged-in/to-json:0
[  165862ms] [ERROR] Failed to load resource: the server responded with a status of 404 (Not Found) @ http://localhost:3003/api/auth/user/to-json:0
[  165958ms] [ERROR] Failed to load resource: the server responded with a status of 404 (Not Found) @ http://localhost:3003/api/auth/logged-in/to-json:0
[  165998ms] [ERROR] Failed to load resource: the server responded with a status of 404 (Not Found) @ http://localhost:3003/api/auth/user/to-json:0
[  166046ms] [ERROR] Failed to load resource: the server responded with a status of 404 (Not Found) @ http://localhost:3003/api/auth/logged-in/to-json:0
[  166048ms] [ERROR] Failed to load resource: the server responded with a status of 404 (Not Found) @ http://localhost:3003/api/auth/user/to-json:0
[  166085ms] [ERROR] Failed to load resource: the server responded with a status of 404 (Not Found) @ http://localhost:3003/api/auth/logged-in/to-json:0
[  166264ms] [ERROR] Failed to load resource: the server responded with a status of 404 (Not Found) @ http://localhost:3003/api/auth/user/to-json:0
[  166356ms] [ERROR] Failed to load resource: the server responded with a status of 404 (Not Found) @ http://localhost:3003/api/auth/logged-in/to-json:0
[  168131ms] [ERROR] Connecting to 'https://o996770.ingest.us.sentry.io/api/5955273/envelope/?sentry_version=7&sentry_key=df1b90fab7c44ce8aef097a63b468d61&sentry_client=sentry.javascript.nuxt%2F10.70.0' violates the following Content Security Policy directive: "connect-src 'self' https://*.mux.com https://cms.meeovicms.com". The action has been blocked. @ http://localhost:3003/_nuxt/@fs/home/meebuzo/github/alternate-framework/node_modules/@sentry/browser/build/npm/esm/dev/transports/fetch.js?v=193f35c6:31
[  168132ms] [ERROR] Fetch API cannot load https://o996770.ingest.us.sentry.io/api/5955273/envelope/?sentry_version=7&sentry_key=df1b90fab7c44ce8aef097a63b468d61&sentry_client=sentry.javascript.nuxt%2F10.70.0. Refused to connect because it violates the document's Content Security Policy. @ http://localhost:3003/_nuxt/@fs/home/meebuzo/github/alternate-framework/node_modules/@sentry/browser/build/npm/esm/dev/transports/fetch.js?v=193f35c6:31
[  168860ms] [WARNING] [NUXT_E3003] `useAsyncData`/`useFetch` was called after the component had already mounted, so the data fetch cannot be awaited during setup.
╰▶ fix: Use `$fetch()` for requests triggered after mount (e.g. in event handlers), or call `useAsyncData`/`useFetch` in the `setup()` function. @ http://localhost:3003/_nuxt/@vite/client:528
[  187650ms] [LOG] [BEFOREUNLOAD] Error
    at <anonymous>:20:37 @ :19
[  187650ms] [LOG] [BEFOREUNLOAD] Error
    at <anonymous>:20:37 @ :19
[  187650ms] [LOG] [BEFOREUNLOAD] Error
    at <anonymous>:20:37 @ http://localhost:3003/_nuxt/@fs/home/meebuzo/github/alternate-framework/node_modules/@sentry/core/build/esm/instrument/console.js?v=193f35c6:44
[  187650ms] [LOG] [BEFOREUNLOAD] Error
    at <anonymous>:20:37 @ :19
[  187652ms] [LOG] [BEFOREUNLOAD] Error
    at <anonymous>:20:37 @ :19
[  187651ms] [LOG] [BEFOREUNLOAD] Error
    at <anonymous>:20:37 @ :19
[  199666ms] [ERROR] Failed to load resource: the server responded with a status of 404 () @ https://res.cloudinary.com/nuxt-cloudinary/image/upload/f_auto,q_auto/images/display-2.png:0
[  208574ms] [LOG] ✨ %cNuxt DevTools %c Press Shift + Alt + D to open DevTools color: black; border-radius: 3px 0 0 3px; padding: 2px 2px 1px 10px; background: #00DC82 border-radius: 0 3px 3px 0; padding: 2px 10px 1px 2px; background: #00DC8220  @ http://localhost:3003/_nuxt/@fs/home/meebuzo/github/alternate-framework/node_modules/@sentry/core/build/esm/instrument/console.js?v=193f35c6:44
[  208644ms] [INFO] <Suspense> is an experimental feature and its API will likely change. @ http://localhost:3003/_nuxt/@fs/home/meebuzo/github/alternate-framework/node_modules/@sentry/core/build/esm/instrument/console.js?v=193f35c6:44
[  208897ms] [WARNING] [nuxt] [image] Density values above `2` are not recommended. See https://observablehq.com/@eeeps/visual-acuity-and-device-pixel-ratio. @ http://localhost:3003/_nuxt/@vite/client:528
[  208909ms] [WARNING] [Vue warn]: Slot "default" invoked outside of the render function: this will not track dependencies used in the slot. Invoke the slot function inside the render function instead. 
  at <VDefaultsProvider key="content-defaults" disabled=true defaults= {VIcon: Object} > 
  at <VBtn symbol= Symbol(vuetify:v-tabs) ref=Ref< undefined > class="v-tab"  ... > 
  at <VTab > 
  at <VSlideGroup centerActive=true scrollToActive=true contentClass=undefined  ... > 
  at <VTabs modelValue=null onUpdate:modelValue=fn center-active=""  ... > 
  at <VCard height="75" variant="text" > 
  at <MenusLivebarLive> 
  at <VCol> 
  at <VRow> 
  at <VMain> 
  at <VApp theme="light" class="auto-text" > 
  at <VResponsive class="border rounded" > 
  at <Default ref=Ref< undefined > > 
  at <AsyncComponentWrapper ref=Ref< undefined > > 
  at <LayoutLoader key="default" layoutProps= {ref: RefImpl} name="default" > 
  at <NuxtLayoutProvider layoutProps= {ref: RefImpl} key="default" name="default"  ... > 
  at <NuxtLayout > 
  at <App key=4 > 
  at <NuxtRoot> @ http://localhost:3003/_nuxt/@vite/client:528
[  208913ms] [WARNING] [Vue warn]: Slot "default" invoked outside of the render function: this will not track dependencies used in the slot. Invoke the slot function inside the render function instead. 
  at <VDefaultsProvider key="content-defaults" disabled=true defaults= {VIcon: Object} > 
  at <VBtn symbol= Symbol(vuetify:v-tabs) ref=Ref< undefined > class="v-tab"  ... > 
  at <VTab > 
  at <VSlideGroup centerActive=true scrollToActive=true contentClass=undefined  ... > 
  at <VTabs modelValue=null onUpdate:modelValue=fn center-active=""  ... > 
  at <VCard height="75" variant="text" > 
  at <MenusLivebarLive> 
  at <VCol> 
  at <VRow> 
  at <VMain> 
  at <VApp theme="light" class="auto-text" > 
  at <VResponsive class="border rounded" > 
  at <Default ref=Ref< undefined > > 
  at <AsyncComponentWrapper ref=Ref< undefined > > 
  at <LayoutLoader key="default" layoutProps= {ref: RefImpl} name="default" > 
  at <NuxtLayoutProvider layoutProps= {ref: RefImpl} key="default" name="default"  ... > 
  at <NuxtLayout > 
  at <App key=4 > 
  at <NuxtRoot> @ http://localhost:3003/_nuxt/@vite/client:528
[  208921ms] [WARNING] [Vue warn]: Slot "default" invoked outside of the render function: this will not track dependencies used in the slot. Invoke the slot function inside the render function instead. 
  at <VDefaultsProvider key="content-defaults" disabled=true defaults= {VIcon: Object} > 
  at <VBtn symbol= Symbol(vuetify:v-tabs) ref=Ref< undefined > class="v-tab"  ... > 
  at <VTab > 
  at <VSlideGroup centerActive=true scrollToActive=true contentClass=undefined  ... > 
  at <VTabs modelValue=null onUpdate:modelValue=fn center-active=""  ... > 
  at <VCard height="75" variant="text" > 
  at <MenusLivebarLive> 
  at <VCol> 
  at <VRow> 
  at <VMain> 
  at <VApp theme="light" class="auto-text" > 
  at <VResponsive class="border rounded" > 
  at <Default ref=Ref< undefined > > 
  at <AsyncComponentWrapper ref=Ref< undefined > > 
  at <LayoutLoader key="default" layoutProps= {ref: RefImpl} name="default" > 
  at <NuxtLayoutProvider layoutProps= {ref: RefImpl} key="default" name="default"  ... > 
  at <NuxtLayout > 
  at <App key=4 > 
  at <NuxtRoot> @ http://localhost:3003/_nuxt/@vite/client:528
[  208923ms] [WARNING] [Vue warn]: Slot "default" invoked outside of the render function: this will not track dependencies used in the slot. Invoke the slot function inside the render function instead. 
  at <VDefaultsProvider key="content-defaults" disabled=true defaults= {VIcon: Object} > 
  at <VBtn symbol= Symbol(vuetify:v-tabs) ref=Ref< undefined > class="v-tab"  ... > 
  at <VTab > 
  at <VSlideGroup centerActive=true scrollToActive=true contentClass=undefined  ... > 
  at <VTabs modelValue=null onUpdate:modelValue=fn center-active=""  ... > 
  at <VCard height="75" variant="text" > 
  at <MenusLivebarLive> 
  at <VCol> 
  at <VRow> 
  at <VMain> 
  at <VApp theme="light" class="auto-text" > 
  at <VResponsive class="border rounded" > 
  at <Default ref=Ref< undefined > > 
  at <AsyncComponentWrapper ref=Ref< undefined > > 
  at <LayoutLoader key="default" layoutProps= {ref: RefImpl} name="default" > 
  at <NuxtLayoutProvider layoutProps= {ref: RefImpl} key="default" name="default"  ... > 
  at <NuxtLayout > 
  at <App key=4 > 
  at <NuxtRoot> @ http://localhost:3003/_nuxt/@vite/client:528
[  208928ms] [WARNING] [Vue warn]: Slot "default" invoked outside of the render function: this will not track dependencies used in the slot. Invoke the slot function inside the render function instead. 
  at <VDefaultsProvider key="content-defaults" defaults= {VImg: Object, VIcon: Object} > 
  at <VAvatar ref_for=true ref=fn<fn> onClick=fn<onClick>  ... > 
  at <VOverlay ref=Ref< undefined > class="v-dialog" style= {}  ... > 
  at <VDialog modelValue=false onUpdate:modelValue=fn transition="dialog-bottom-transition" > 
  at <VDefaultsProvider key="content-defaults" disabled=true defaults= {VIcon: Object} > 
  at <VBtn symbol= Symbol(vuetify:v-tabs) ref=Ref< undefined > class="v-tab"  ... > 
  at <VTab > 
  at <VSlideGroup centerActive=true scrollToActive=true contentClass=undefined  ... > 
  at <VTabs modelValue=null onUpdate:modelValue=fn center-active=""  ... > 
  at <VCard height="75" variant="text" > 
  at <MenusLivebarLive> 
  at <VCol> 
  at <VRow> 
  at <VMain> 
  at <VApp theme="light" class="auto-text" > 
  at <VResponsive class="border rounded" > 
  at <Default ref=Ref< undefined > > 
  at <AsyncComponentWrapper ref=Ref< undefined > > 
  at <LayoutLoader key="default" layoutProps= {ref: RefImpl} name="default" > 
  at <NuxtLayoutProvider layoutProps= {ref: RefImpl} key="default" name="default"  ... > 
  at <NuxtLayout > 
  at <App key=4 > 
  at <NuxtRoot> @ http://localhost:3003/_nuxt/@vite/client:528
[  209367ms] [WARNING] [Vue warn]: Slot "default" invoked outside of the render function: this will not track dependencies used in the slot. Invoke the slot function inside the render function instead. 
  at <VDefaultsProvider key="content-defaults" disabled=true defaults= {VIcon: Object} > 
  at <VBtn symbol= Symbol(vuetify:v-tabs) ref=Ref< undefined > class="v-tab"  ... > 
  at <VTab value="one" > 
  at <VSlideGroup centerActive=false scrollToActive=true contentClass=undefined  ... > 
  at <VTabs modelValue=null onUpdate:modelValue=fn align-tabs="center"  ... > 
  at <VSheet > 
  at <VCard elevation="0" > 
  at <[...slug] onVnodeUnmounted=fn<onVnodeUnmounted> ref=Ref< undefined > > 
  at <RouteProvider key="/connect/space/meeovi-news" vnode= {__v_isVNode: true, __v_skip: true, type: Object, props: Object, key: null} route= {fullPath: /connect/space/meeovi-news, hash: , query: Object, name: connect-space-slug___en, path: /connect/space/meeovi-news}  ... > 
  at <RouterView name=undefined route=undefined > 
  at <NuxtPage > 
  at <VMain> 
  at <VApp theme="light" class="auto-text" > 
  at <VResponsive class="border rounded" > 
  at <Default ref=Ref< undefined > > 
  at <AsyncComponentWrapper ref=Ref< undefined > > 
  at <LayoutLoader key="default" layoutProps= {ref: RefImpl} name="default" > 
  at <NuxtLayoutProvider layoutProps= {ref: RefImpl} key="default" name="default"  ... > 
  at <NuxtLayout > 
  at <App key=4 > 
  at <NuxtRoot> @ http://localhost:3003/_nuxt/@vite/client:528
[  210037ms] [WARNING] [Vue warn]: Slot "default" invoked outside of the render function: this will not track dependencies used in the slot. Invoke the slot function inside the render function instead. 
  at <VDefaultsProvider key="content-defaults" disabled=true defaults= {VIcon: Object} > 
  at <VBtn symbol= Symbol(vuetify:v-tabs) ref=Ref< undefined > class="v-tab"  ... > 
  at <VTab value="one" > 
  at <VSlideGroup centerActive=false scrollToActive=true contentClass=undefined  ... > 
  at <VTabs modelValue=null onUpdate:modelValue=fn align-tabs="center"  ... > 
  at <VSheet > 
  at <VCard elevation="0" > 
  at <[...slug] onVnodeUnmounted=fn<onVnodeUnmounted> ref=Ref< undefined > > 
  at <RouteProvider key="/connect/space/meeovi-news" vnode= {__v_isVNode: true, __v_skip: true, type: Object, props: Object, key: null} route= {fullPath: /connect/space/meeovi-news, hash: , query: Object, name: connect-space-slug___en, path: /connect/space/meeovi-news}  ... > 
  at <RouterView name=undefined route=undefined > 
  at <NuxtPage > 
  at <VMain> 
  at <VApp theme="light" class="auto-text" > 
  at <VResponsive class="border rounded" > 
  at <Default ref=Ref< undefined > > 
  at <AsyncComponentWrapper ref=Ref< undefined > > 
  at <LayoutLoader key="default" layoutProps= {ref: RefImpl} name="default" > 
  at <NuxtLayoutProvider layoutProps= {ref: RefImpl} key="default" name="default"  ... > 
  at <NuxtLayout > 
  at <App key=4 > 
  at <NuxtRoot> @ http://localhost:3003/_nuxt/@vite/client:528
[  210753ms] [WARNING] [Vue warn]: Slot "default" invoked outside of the render function: this will not track dependencies used in the slot. Invoke the slot function inside the render function instead. 
  at <VDefaultsProvider key="content-defaults" disabled=true defaults= {VIcon: Object} > 
  at <VBtn symbol= Symbol(vuetify:v-tabs) ref=Ref< undefined > class="v-tab"  ... > 
  at <VTab value="two" > 
  at <VSlideGroup centerActive=false scrollToActive=true contentClass=undefined  ... > 
  at <VTabs modelValue=null onUpdate:modelValue=fn align-tabs="center"  ... > 
  at <VSheet > 
  at <VCard elevation="0" > 
  at <[...slug] onVnodeUnmounted=fn<onVnodeUnmounted> ref=Ref< undefined > > 
  at <RouteProvider key="/connect/space/meeovi-news" vnode= {__v_isVNode: true, __v_skip: true, type: Object, props: Object, key: null} route= {fullPath: /connect/space/meeovi-news, hash: , query: Object, name: connect-space-slug___en, path: /connect/space/meeovi-news}  ... > 
  at <RouterView name=undefined route=undefined > 
  at <NuxtPage > 
  at <VMain> 
  at <VApp theme="light" class="auto-text" > 
  at <VResponsive class="border rounded" > 
  at <Default ref=Ref< undefined > > 
  at <AsyncComponentWrapper ref=Ref< undefined > > 
  at <LayoutLoader key="default" layoutProps= {ref: RefImpl} name="default" > 
  at <NuxtLayoutProvider layoutProps= {ref: RefImpl} key="default" name="default"  ... > 
  at <NuxtLayout > 
  at <App key=4 > 
  at <NuxtRoot> @ http://localhost:3003/_nuxt/@vite/client:528
[  211451ms] [WARNING] [Vue warn]: Slot "default" invoked outside of the render function: this will not track dependencies used in the slot. Invoke the slot function inside the render function instead. 
  at <VDefaultsProvider key="content-defaults" disabled=true defaults= {VIcon: Object} > 
  at <VBtn symbol= Symbol(vuetify:v-tabs) ref=Ref< undefined > class="v-tab"  ... > 
  at <VTab value="two" > 
  at <VSlideGroup centerActive=false scrollToActive=true contentClass=undefined  ... > 
  at <VTabs modelValue=null onUpdate:modelValue=fn align-tabs="center"  ... > 
  at <VSheet > 
  at <VCard elevation="0" > 
  at <[...slug] onVnodeUnmounted=fn<onVnodeUnmounted> ref=Ref< undefined > > 
  at <RouteProvider key="/connect/space/meeovi-news" vnode= {__v_isVNode: true, __v_skip: true, type: Object, props: Object, key: null} route= {fullPath: /connect/space/meeovi-news, hash: , query: Object, name: connect-space-slug___en, path: /connect/space/meeovi-news}  ... > 
  at <RouterView name=undefined route=undefined > 
  at <NuxtPage > 
  at <VMain> 
  at <VApp theme="light" class="auto-text" > 
  at <VResponsive class="border rounded" > 
  at <Default ref=Ref< undefined > > 
  at <AsyncComponentWrapper ref=Ref< undefined > > 
  at <LayoutLoader key="default" layoutProps= {ref: RefImpl} name="default" > 
  at <NuxtLayoutProvider layoutProps= {ref: RefImpl} key="default" name="default"  ... > 
  at <NuxtLayout > 
  at <App key=4 > 
  at <NuxtRoot> @ http://localhost:3003/_nuxt/@vite/client:528
[  212160ms] [WARNING] [Vue warn]: Slot "default" invoked outside of the render function: this will not track dependencies used in the slot. Invoke the slot function inside the render function instead. 
  at <VDefaultsProvider key="content-defaults" disabled=true defaults= {VIcon: Object} > 
  at <VBtn symbol= Symbol(vuetify:v-tabs) ref=Ref< undefined > class="v-tab"  ... > 
  at <VTab value="three" > 
  at <VSlideGroup centerActive=false scrollToActive=true contentClass=undefined  ... > 
  at <VTabs modelValue=null onUpdate:modelValue=fn align-tabs="center"  ... > 
  at <VSheet > 
  at <VCard elevation="0" > 
  at <[...slug] onVnodeUnmounted=fn<onVnodeUnmounted> ref=Ref< undefined > > 
  at <RouteProvider key="/connect/space/meeovi-news" vnode= {__v_isVNode: true, __v_skip: true, type: Object, props: Object, key: null} route= {fullPath: /connect/space/meeovi-news, hash: , query: Object, name: connect-space-slug___en, path: /connect/space/meeovi-news}  ... > 
  at <RouterView name=undefined route=undefined > 
  at <NuxtPage > 
  at <VMain> 
  at <VApp theme="light" class="auto-text" > 
  at <VResponsive class="border rounded" > 
  at <Default ref=Ref< undefined > > 
  at <AsyncComponentWrapper ref=Ref< undefined > > 
  at <LayoutLoader key="default" layoutProps= {ref: RefImpl} name="default" > 
  at <NuxtLayoutProvider layoutProps= {ref: RefImpl} key="default" name="default"  ... > 
  at <NuxtLayout > 
  at <App key=4 > 
  at <NuxtRoot> @ http://localhost:3003/_nuxt/@vite/client:528
[  212962ms] [WARNING] [Vue warn]: Slot "default" invoked outside of the render function: this will not track dependencies used in the slot. Invoke the slot function inside the render function instead. 
  at <VDefaultsProvider key="content-defaults" disabled=true defaults= {VIcon: Object} > 
  at <VBtn symbol= Symbol(vuetify:v-tabs) ref=Ref< undefined > class="v-tab"  ... > 
  at <VTab value="three" > 
  at <VSlideGroup centerActive=false scrollToActive=true contentClass=undefined  ... > 
  at <VTabs modelValue=null onUpdate:modelValue=fn align-tabs="center"  ... > 
  at <VSheet > 
  at <VCard elevation="0" > 
  at <[...slug] onVnodeUnmounted=fn<onVnodeUnmounted> ref=Ref< undefined > > 
  at <RouteProvider key="/connect/space/meeovi-news" vnode= {__v_isVNode: true, __v_skip: true, type: Object, props: Object, key: null} route= {fullPath: /connect/space/meeovi-news, hash: , query: Object, name: connect-space-slug___en, path: /connect/space/meeovi-news}  ... > 
  at <RouterView name=undefined route=undefined > 
  at <NuxtPage > 
  at <VMain> 
  at <VApp theme="light" class="auto-text" > 
  at <VResponsive class="border rounded" > 
  at <Default ref=Ref< undefined > > 
  at <AsyncComponentWrapper ref=Ref< undefined > > 
  at <LayoutLoader key="default" layoutProps= {ref: RefImpl} name="default" > 
  at <NuxtLayoutProvider layoutProps= {ref: RefImpl} key="default" name="default"  ... > 
  at <NuxtLayout > 
  at <App key=4 > 
  at <NuxtRoot> @ http://localhost:3003/_nuxt/@vite/client:528
[  213711ms] [WARNING] [Vue warn]: Slot "default" invoked outside of the render function: this will not track dependencies used in the slot. Invoke the slot function inside the render function instead. 
  at <VDefaultsProvider key="content-defaults" disabled=true defaults= {VIcon: Object} > 
  at <VBtn symbol= Symbol(vuetify:v-tabs) ref=Ref< undefined > class="v-tab"  ... > 
  at <VTab value="four" > 
  at <VSlideGroup centerActive=false scrollToActive=true contentClass=undefined  ... > 
  at <VTabs modelValue=null onUpdate:modelValue=fn align-tabs="center"  ... > 
  at <VSheet > 
  at <VCard elevation="0" > 
  at <[...slug] onVnodeUnmounted=fn<onVnodeUnmounted> ref=Ref< undefined > > 
  at <RouteProvider key="/connect/space/meeovi-news" vnode= {__v_isVNode: true, __v_skip: true, type: Object, props: Object, key: null} route= {fullPath: /connect/space/meeovi-news, hash: , query: Object, name: connect-space-slug___en, path: /connect/space/meeovi-news}  ... > 
  at <RouterView name=undefined route=undefined > 
  at <NuxtPage > 
  at <VMain> 
  at <VApp theme="light" class="auto-text" > 
  at <VResponsive class="border rounded" > 
  at <Default ref=Ref< undefined > > 
  at <AsyncComponentWrapper ref=Ref< undefined > > 
  at <LayoutLoader key="default" layoutProps= {ref: RefImpl} name="default" > 
  at <NuxtLayoutProvider layoutProps= {ref: RefImpl} key="default" name="default"  ... > 
  at <NuxtLayout > 
  at <App key=4 > 
  at <NuxtRoot> @ http://localhost:3003/_nuxt/@vite/client:528
[  214537ms] [WARNING] [Vue warn]: Slot "default" invoked outside of the render function: this will not track dependencies used in the slot. Invoke the slot function inside the render function instead. 
  at <VDefaultsProvider key="content-defaults" disabled=true defaults= {VIcon: Object} > 
  at <VBtn symbol= Symbol(vuetify:v-tabs) ref=Ref< undefined > class="v-tab"  ... > 
  at <VTab value="four" > 
  at <VSlideGroup centerActive=false scrollToActive=true contentClass=undefined  ... > 
  at <VTabs modelValue=null onUpdate:modelValue=fn align-tabs="center"  ... > 
  at <VSheet > 
  at <VCard elevation="0" > 
  at <[...slug] onVnodeUnmounted=fn<onVnodeUnmounted> ref=Ref< undefined > > 
  at <RouteProvider key="/connect/space/meeovi-news" vnode= {__v_isVNode: true, __v_skip: true, type: Object, props: Object, key: null} route= {fullPath: /connect/space/meeovi-news, hash: , query: Object, name: connect-space-slug___en, path: /connect/space/meeovi-news}  ... > 
  at <RouterView name=undefined route=undefined > 
  at <NuxtPage > 
  at <VMain> 
  at <VApp theme="light" class="auto-text" > 
  at <VResponsive class="border rounded" > 
  at <Default ref=Ref< undefined > > 
  at <AsyncComponentWrapper ref=Ref< undefined > > 
  at <LayoutLoader key="default" layoutProps= {ref: RefImpl} name="default" > 
  at <NuxtLayoutProvider layoutProps= {ref: RefImpl} key="default" name="default"  ... > 
  at <NuxtLayout > 
  at <App key=4 > 
  at <NuxtRoot> @ http://localhost:3003/_nuxt/@vite/client:528
[  215329ms] [WARNING] [Vue warn]: Slot "default" invoked outside of the render function: this will not track dependencies used in the slot. Invoke the slot function inside the render function instead. 
  at <VDefaultsProvider key="content-defaults" disabled=true defaults= {VIcon: Object} > 
  at <VBtn symbol= Symbol(vuetify:v-tabs) ref=Ref< undefined > class="v-tab"  ... > 
  at <VTab value="five" > 
  at <VSlideGroup centerActive=false scrollToActive=true contentClass=undefined  ... > 
  at <VTabs modelValue=null onUpdate:modelValue=fn align-tabs="center"  ... > 
  at <VSheet > 
  at <VCard elevation="0" > 
  at <[...slug] onVnodeUnmounted=fn<onVnodeUnmounted> ref=Ref< undefined > > 
  at <RouteProvider key="/connect/space/meeovi-news" vnode= {__v_isVNode: true, __v_skip: true, type: Object, props: Object, key: null} route= {fullPath: /connect/space/meeovi-news, hash: , query: Object, name: connect-space-slug___en, path: /connect/space/meeovi-news}  ... > 
  at <RouterView name=undefined route=undefined > 
  at <NuxtPage > 
  at <VMain> 
  at <VApp theme="light" class="auto-text" > 
  at <VResponsive class="border rounded" > 
  at <Default ref=Ref< undefined > > 
  at <AsyncComponentWrapper ref=Ref< undefined > > 
  at <LayoutLoader key="default" layoutProps= {ref: RefImpl} name="default" > 
  at <NuxtLayoutProvider layoutProps= {ref: RefImpl} key="default" name="default"  ... > 
  at <NuxtLayout > 
  at <App key=4 > 
  at <NuxtRoot> @ http://localhost:3003/_nuxt/@vite/client:528
[  216076ms] [WARNING] [Vue warn]: Slot "default" invoked outside of the render function: this will not track dependencies used in the slot. Invoke the slot function inside the render function instead. 
  at <VDefaultsProvider key="content-defaults" disabled=true defaults= {VIcon: Object} > 
  at <VBtn symbol= Symbol(vuetify:v-tabs) ref=Ref< undefined > class="v-tab"  ... > 
  at <VTab value="five" > 
  at <VSlideGroup centerActive=false scrollToActive=true contentClass=undefined  ... > 
  at <VTabs modelValue=null onUpdate:modelValue=fn align-tabs="center"  ... > 
  at <VSheet > 
  at <VCard elevation="0" > 
  at <[...slug] onVnodeUnmounted=fn<onVnodeUnmounted> ref=Ref< undefined > > 
  at <RouteProvider key="/connect/space/meeovi-news" vnode= {__v_isVNode: true, __v_skip: true, type: Object, props: Object, key: null} route= {fullPath: /connect/space/meeovi-news, hash: , query: Object, name: connect-space-slug___en, path: /connect/space/meeovi-news}  ... > 
  at <RouterView name=undefined route=undefined > 
  at <NuxtPage > 
  at <VMain> 
  at <VApp theme="light" class="auto-text" > 
  at <VResponsive class="border rounded" > 
  at <Default ref=Ref< undefined > > 
  at <AsyncComponentWrapper ref=Ref< undefined > > 
  at <LayoutLoader key="default" layoutProps= {ref: RefImpl} name="default" > 
  at <NuxtLayoutProvider layoutProps= {ref: RefImpl} key="default" name="default"  ... > 
  at <NuxtLayout > 
  at <App key=4 > 
  at <NuxtRoot> @ http://localhost:3003/_nuxt/@vite/client:528
[  216836ms] [WARNING] [Vue warn]: Slot "default" invoked outside of the render function: this will not track dependencies used in the slot. Invoke the slot function inside the render function instead. 
  at <VDefaultsProvider key="content-defaults" disabled=true defaults= {VIcon: Object} > 
  at <VBtn symbol= Symbol(vuetify:v-tabs) ref=Ref< undefined > class="v-tab"  ... > 
  at <VTab value="six" > 
  at <VSlideGroup centerActive=false scrollToActive=true contentClass=undefined  ... > 
  at <VTabs modelValue=null onUpdate:modelValue=fn align-tabs="center"  ... > 
  at <VSheet > 
  at <VCard elevation="0" > 
  at <[...slug] onVnodeUnmounted=fn<onVnodeUnmounted> ref=Ref< undefined > > 
  at <RouteProvider key="/connect/space/meeovi-news" vnode= {__v_isVNode: true, __v_skip: true, type: Object, props: Object, key: null} route= {fullPath: /connect/space/meeovi-news, hash: , query: Object, name: connect-space-slug___en, path: /connect/space/meeovi-news}  ... > 
  at <RouterView name=undefined route=undefined > 
  at <NuxtPage > 
  at <VMain> 
  at <VApp theme="light" class="auto-text" > 
  at <VResponsive class="border rounded" > 
  at <Default ref=Ref< undefined > > 
  at <AsyncComponentWrapper ref=Ref< undefined > > 
  at <LayoutLoader key="default" layoutProps= {ref: RefImpl} name="default" > 
  at <NuxtLayoutProvider layoutProps= {ref: RefImpl} key="default" name="default"  ... > 
  at <NuxtLayout > 
  at <App key=4 > 
  at <NuxtRoot> @ http://localhost:3003/_nuxt/@vite/client:528
[  217591ms] [WARNING] [Vue warn]: Slot "default" invoked outside of the render function: this will not track dependencies used in the slot. Invoke the slot function inside the render function instead. 
  at <VDefaultsProvider key="content-defaults" disabled=true defaults= {VIcon: Object} > 
  at <VBtn symbol= Symbol(vuetify:v-tabs) ref=Ref< undefined > class="v-tab"  ... > 
  at <VTab value="six" > 
  at <VSlideGroup centerActive=false scrollToActive=true contentClass=undefined  ... > 
  at <VTabs modelValue=null onUpdate:modelValue=fn align-tabs="center"  ... > 
  at <VSheet > 
  at <VCard elevation="0" > 
  at <[...slug] onVnodeUnmounted=fn<onVnodeUnmounted> ref=Ref< undefined > > 
  at <RouteProvider key="/connect/space/meeovi-news" vnode= {__v_isVNode: true, __v_skip: true, type: Object, props: Object, key: null} route= {fullPath: /connect/space/meeovi-news, hash: , query: Object, name: connect-space-slug___en, path: /connect/space/meeovi-news}  ... > 
  at <RouterView name=undefined route=undefined > 
  at <NuxtPage > 
  at <VMain> 
  at <VApp theme="light" class="auto-text" > 
  at <VResponsive class="border rounded" > 
  at <Default ref=Ref< undefined > > 
  at <AsyncComponentWrapper ref=Ref< undefined > > 
  at <LayoutLoader key="default" layoutProps= {ref: RefImpl} name="default" > 
  at <NuxtLayoutProvider layoutProps= {ref: RefImpl} key="default" name="default"  ... > 
  at <NuxtLayout > 
  at <App key=4 > 
  at <NuxtRoot> @ http://localhost:3003/_nuxt/@vite/client:528
[  218340ms] [WARNING] [Vue warn]: Slot "default" invoked outside of the render function: this will not track dependencies used in the slot. Invoke the slot function inside the render function instead. 
  at <VDefaultsProvider key="content-defaults" disabled=true defaults= {VIcon: Object} > 
  at <VBtn symbol= Symbol(vuetify:v-tabs) ref=Ref< undefined > class="v-tab"  ... > 
  at <VTab value="seven" > 
  at <VSlideGroup centerActive=false scrollToActive=true contentClass=undefined  ... > 
  at <VTabs modelValue=null onUpdate:modelValue=fn align-tabs="center"  ... > 
  at <VSheet > 
  at <VCard elevation="0" > 
  at <[...slug] onVnodeUnmounted=fn<onVnodeUnmounted> ref=Ref< undefined > > 
  at <RouteProvider key="/connect/space/meeovi-news" vnode= {__v_isVNode: true, __v_skip: true, type: Object, props: Object, key: null} route= {fullPath: /connect/space/meeovi-news, hash: , query: Object, name: connect-space-slug___en, path: /connect/space/meeovi-news}  ... > 
  at <RouterView name=undefined route=undefined > 
  at <NuxtPage > 
  at <VMain> 
  at <VApp theme="light" class="auto-text" > 
  at <VResponsive class="border rounded" > 
  at <Default ref=Ref< undefined > > 
  at <AsyncComponentWrapper ref=Ref< undefined > > 
  at <LayoutLoader key="default" layoutProps= {ref: RefImpl} name="default" > 
  at <NuxtLayoutProvider layoutProps= {ref: RefImpl} key="default" name="default"  ... > 
  at <NuxtLayout > 
  at <App key=4 > 
  at <NuxtRoot> @ http://localhost:3003/_nuxt/@vite/client:528
[  219164ms] [WARNING] [Vue warn]: Slot "default" invoked outside of the render function: this will not track dependencies used in the slot. Invoke the slot function inside the render function instead. 
  at <VDefaultsProvider key="content-defaults" disabled=true defaults= {VIcon: Object} > 
  at <VBtn symbol= Symbol(vuetify:v-tabs) ref=Ref< undefined > class="v-tab"  ... > 
  at <VTab value="seven" > 
  at <VSlideGroup centerActive=false scrollToActive=true contentClass=undefined  ... > 
  at <VTabs modelValue=null onUpdate:modelValue=fn align-tabs="center"  ... > 
  at <VSheet > 
  at <VCard elevation="0" > 
  at <[...slug] onVnodeUnmounted=fn<onVnodeUnmounted> ref=Ref< undefined > > 
  at <RouteProvider key="/connect/space/meeovi-news" vnode= {__v_isVNode: true, __v_skip: true, type: Object, props: Object, key: null} route= {fullPath: /connect/space/meeovi-news, hash: , query: Object, name: connect-space-slug___en, path: /connect/space/meeovi-news}  ... > 
  at <RouterView name=undefined route=undefined > 
  at <NuxtPage > 
  at <VMain> 
  at <VApp theme="light" class="auto-text" > 
  at <VResponsive class="border rounded" > 
  at <Default ref=Ref< undefined > > 
  at <AsyncComponentWrapper ref=Ref< undefined > > 
  at <LayoutLoader key="default" layoutProps= {ref: RefImpl} name="default" > 
  at <NuxtLayoutProvider layoutProps= {ref: RefImpl} key="default" name="default"  ... > 
  at <NuxtLayout > 
  at <App key=4 > 
  at <NuxtRoot> @ http://localhost:3003/_nuxt/@vite/client:528
[  220281ms] [WARNING] [Meta Pixel] - Invalid PixelID: null. @ http://localhost:3003/_nuxt/@vite/client:528
[  220311ms] [ERROR] Failed to load resource: the server responded with a status of 404 (Not Found) @ http://localhost:3003/api/auth/logged-in/to-json:0
[  220314ms] [ERROR] Failed to load resource: the server responded with a status of 404 (Not Found) @ http://localhost:3003/api/auth/user/to-json:0
[  220324ms] [LOG] Meeovi Search @ http://localhost:3003/_nuxt/@fs/home/meebuzo/github/alternate-framework/node_modules/@sentry/core/build/esm/instrument/console.js?v=193f35c6:44
[  220375ms] [ERROR] Failed to load resource: the server responded with a status of 404 () @ https://res.cloudinary.com/nuxt-cloudinary/image/upload/f_auto,q_auto/images/logo512alpha.png:0
[  220418ms] [ERROR] Connecting to 'https://analytics.tiktok.com/api/v2/monitor' violates the following Content Security Policy directive: "connect-src 'self' https://*.mux.com https://cms.meeovicms.com". The action has been blocked. @ https://analytics.tiktok.com/i18n/pixel/static/main.MTQyN2U3Zjc5MA.js:0
[  220420ms] [ERROR] Connecting to 'https://analytics.tiktok.com/api/v2/monitor' violates the following Content Security Policy directive: "connect-src 'self' https://*.mux.com https://cms.meeovicms.com". The action has been blocked. @ https://analytics.tiktok.com/i18n/pixel/static/main.MTQyN2U3Zjc5MA.js:0
[  220421ms] [ERROR] Connecting to 'https://analytics.tiktok.com/api/v2/monitor' violates the following Content Security Policy directive: "connect-src 'self' https://*.mux.com https://cms.meeovicms.com". The action has been blocked. @ https://analytics.tiktok.com/i18n/pixel/static/main.MTQyN2U3Zjc5MA.js:0
[  220423ms] [ERROR] Connecting to 'https://analytics.tiktok.com/api/v2/monitor' violates the following Content Security Policy directive: "connect-src 'self' https://*.mux.com https://cms.meeovicms.com". The action has been blocked. @ https://analytics.tiktok.com/i18n/pixel/static/main.MTQyN2U3Zjc5MA.js:0
[  220425ms] [ERROR] Connecting to 'https://analytics.tiktok.com/api/v2/monitor' violates the following Content Security Policy directive: "connect-src 'self' https://*.mux.com https://cms.meeovicms.com". The action has been blocked. @ https://analytics.tiktok.com/i18n/pixel/static/main.MTQyN2U3Zjc5MA.js:0
[  220426ms] [ERROR] Connecting to 'https://analytics.tiktok.com/api/v2/monitor' violates the following Content Security Policy directive: "connect-src 'self' https://*.mux.com https://cms.meeovicms.com". The action has been blocked. @ https://analytics.tiktok.com/i18n/pixel/static/main.MTQyN2U3Zjc5MA.js:0
[  220433ms] [ERROR] Connecting to 'https://analytics.tiktok.com/api/v2/monitor' violates the following Content Security Policy directive: "connect-src 'self' https://*.mux.com https://cms.meeovicms.com". The action has been blocked. @ https://analytics.tiktok.com/i18n/pixel/static/main.MTQyN2U3Zjc5MA.js:0
[  221379ms] [ERROR] Failed to load resource: the server responded with a status of 404 (Not Found) @ http://localhost:3003/api/auth/logged-in/to-json:0
[  221384ms] [ERROR] Failed to load resource: the server responded with a status of 404 (Not Found) @ http://localhost:3003/api/auth/user/to-json:0
[  221385ms] [ERROR] Failed to load resource: the server responded with a status of 404 (Not Found) @ http://localhost:3003/api/auth/logged-in/to-json:0
[  221387ms] [ERROR] Failed to load resource: the server responded with a status of 404 (Not Found) @ http://localhost:3003/api/auth/user/to-json:0
[  221390ms] [ERROR] Failed to load resource: the server responded with a status of 404 (Not Found) @ http://localhost:3003/api/auth/user/to-json:0
[  222214ms] [ERROR] Failed to load resource: the server responded with a status of 404 (Not Found) @ http://localhost:3003/api/auth/logged-in/to-json:0
[  222621ms] [ERROR] Failed to load resource: the server responded with a status of 404 (Not Found) @ http://localhost:3003/api/auth/user/to-json:0
[  222624ms] [ERROR] Failed to load resource: the server responded with a status of 404 (Not Found) @ http://localhost:3003/api/auth/user/to-json:0
[  222631ms] [ERROR] Failed to load resource: the server responded with a status of 404 (Not Found) @ http://localhost:3003/api/auth/user/to-json:0
[  222633ms] [ERROR] Failed to load resource: the server responded with a status of 404 (Not Found) @ http://localhost:3003/api/auth/logged-in/to-json:0
[  222636ms] [ERROR] Failed to load resource: the server responded with a status of 404 (Not Found) @ http://localhost:3003/api/auth/logged-in/to-json:0
[  223398ms] [ERROR] Failed to load resource: the server responded with a status of 404 (Not Found) @ http://localhost:3003/api/auth/logged-in/to-json:0
[  223408ms] [ERROR] Failed to load resource: the server responded with a status of 404 (Not Found) @ http://localhost:3003/api/auth/user/to-json:0
[  223416ms] [ERROR] Failed to load resource: the server responded with a status of 404 (Not Found) @ http://localhost:3003/api/auth/logged-in/to-json:0
[  223420ms] [ERROR] Failed to load resource: the server responded with a status of 404 (Not Found) @ http://localhost:3003/api/auth/user/to-json:0
[  223423ms] [ERROR] Failed to load resource: the server responded with a status of 404 (Not Found) @ http://localhost:3003/api/auth/user/to-json:0
[  223425ms] [ERROR] Failed to load resource: the server responded with a status of 404 (Not Found) @ http://localhost:3003/api/auth/logged-in/to-json:0
[  223973ms] [ERROR] Failed to load resource: the server responded with a status of 404 (Not Found) @ http://localhost:3003/api/auth/logged-in/to-json:0
[  224063ms] [ERROR] Failed to load resource: the server responded with a status of 404 (Not Found) @ http://localhost:3003/api/auth/logged-in/to-json:0
[  224076ms] [ERROR] Failed to load resource: the server responded with a status of 404 (Not Found) @ http://localhost:3003/api/auth/user/to-json:0
[  224078ms] [ERROR] Failed to load resource: the server responded with a status of 404 (Not Found) @ http://localhost:3003/api/auth/user/to-json:0
[  224160ms] [ERROR] Failed to load resource: the server responded with a status of 404 (Not Found) @ http://localhost:3003/api/auth/logged-in/to-json:0
[  224172ms] [ERROR] Failed to load resource: the server responded with a status of 404 (Not Found) @ http://localhost:3003/api/auth/user/to-json:0
[  224442ms] [ERROR] Failed to load resource: the server responded with a status of 404 (Not Found) @ http://localhost:3003/api/auth/logged-in/to-json:0
[  224526ms] [ERROR] Failed to load resource: the server responded with a status of 404 (Not Found) @ http://localhost:3003/api/auth/user/to-json:0
[  224544ms] [ERROR] Failed to load resource: the server responded with a status of 404 (Not Found) @ http://localhost:3003/api/auth/user/to-json:0
[  224551ms] [ERROR] Failed to load resource: the server responded with a status of 404 (Not Found) @ http://localhost:3003/api/auth/logged-in/to-json:0
[  224645ms] [ERROR] Failed to load resource: the server responded with a status of 404 (Not Found) @ http://localhost:3003/api/auth/logged-in/to-json:0
[  224649ms] [ERROR] Failed to load resource: the server responded with a status of 404 (Not Found) @ http://localhost:3003/api/auth/user/to-json:0
[  224938ms] [ERROR] Failed to load resource: the server responded with a status of 404 (Not Found) @ http://localhost:3003/api/auth/logged-in/to-json:0
[  224994ms] [ERROR] Failed to load resource: the server responded with a status of 404 (Not Found) @ http://localhost:3003/api/auth/user/to-json:0
[  225044ms] [ERROR] Failed to load resource: the server responded with a status of 404 (Not Found) @ http://localhost:3003/api/auth/user/to-json:0
[  225045ms] [ERROR] Failed to load resource: the server responded with a status of 404 (Not Found) @ http://localhost:3003/api/auth/logged-in/to-json:0
[  225112ms] [ERROR] Failed to load resource: the server responded with a status of 404 (Not Found) @ http://localhost:3003/api/auth/logged-in/to-json:0
[  225121ms] [ERROR] Failed to load resource: the server responded with a status of 404 (Not Found) @ http://localhost:3003/api/auth/user/to-json:0
[  225405ms] [ERROR] Failed to load resource: the server responded with a status of 404 (Not Found) @ http://localhost:3003/api/auth/logged-in/to-json:0
[  225425ms] [ERROR] Failed to load resource: the server responded with a status of 404 (Not Found) @ http://localhost:3003/api/auth/user/to-json:0
[  225489ms] [ERROR] Failed to load resource: the server responded with a status of 404 (Not Found) @ http://localhost:3003/api/auth/logged-in/to-json:0
[  225499ms] [ERROR] Failed to load resource: the server responded with a status of 404 (Not Found) @ http://localhost:3003/api/auth/user/to-json:0
[  225585ms] [ERROR] Failed to load resource: the server responded with a status of 404 (Not Found) @ http://localhost:3003/api/auth/logged-in/to-json:0
[  225594ms] [ERROR] Failed to load resource: the server responded with a status of 404 (Not Found) @ http://localhost:3003/api/auth/user/to-json:0
[  225841ms] [ERROR] Failed to load resource: the server responded with a status of 404 (Not Found) @ http://localhost:3003/api/auth/logged-in/to-json:0
[  225898ms] [ERROR] Failed to load resource: the server responded with a status of 404 (Not Found) @ http://localhost:3003/api/auth/user/to-json:0
[  225933ms] [ERROR] Failed to load resource: the server responded with a status of 404 (Not Found) @ http://localhost:3003/api/auth/logged-in/to-json:0
[  225938ms] [ERROR] Failed to load resource: the server responded with a status of 404 (Not Found) @ http://localhost:3003/api/auth/user/to-json:0
[  226005ms] [ERROR] Failed to load resource: the server responded with a status of 404 (Not Found) @ http://localhost:3003/api/auth/logged-in/to-json:0
[  226042ms] [ERROR] Failed to load resource: the server responded with a status of 404 (Not Found) @ http://localhost:3003/api/auth/user/to-json:0
[  226285ms] [ERROR] Failed to load resource: the server responded with a status of 404 (Not Found) @ http://localhost:3003/api/auth/logged-in/to-json:0
[  226322ms] [ERROR] Failed to load resource: the server responded with a status of 404 (Not Found) @ http://localhost:3003/api/auth/user/to-json:0
[  226387ms] [ERROR] Failed to load resource: the server responded with a status of 404 (Not Found) @ http://localhost:3003/api/auth/logged-in/to-json:0
[  226399ms] [ERROR] Failed to load resource: the server responded with a status of 404 (Not Found) @ http://localhost:3003/api/auth/user/to-json:0
[  226415ms] [ERROR] Failed to load resource: the server responded with a status of 404 (Not Found) @ http://localhost:3003/api/auth/logged-in/to-json:0
[  226489ms] [ERROR] Failed to load resource: the server responded with a status of 404 (Not Found) @ http://localhost:3003/api/auth/user/to-json:0
[  226690ms] [ERROR] Failed to load resource: the server responded with a status of 404 (Not Found) @ http://localhost:3003/api/auth/logged-in/to-json:0
[  228454ms] [ERROR] Connecting to 'https://o996770.ingest.us.sentry.io/api/5955273/envelope/?sentry_version=7&sentry_key=df1b90fab7c44ce8aef097a63b468d61&sentry_client=sentry.javascript.nuxt%2F10.70.0' violates the following Content Security Policy directive: "connect-src 'self' https://*.mux.com https://cms.meeovicms.com". The action has been blocked. @ http://localhost:3003/_nuxt/@fs/home/meebuzo/github/alternate-framework/node_modules/@sentry/browser/build/npm/esm/dev/transports/fetch.js?v=193f35c6:31
[  228454ms] [ERROR] Fetch API cannot load https://o996770.ingest.us.sentry.io/api/5955273/envelope/?sentry_version=7&sentry_key=df1b90fab7c44ce8aef097a63b468d61&sentry_client=sentry.javascript.nuxt%2F10.70.0. Refused to connect because it violates the document's Content Security Policy. @ http://localhost:3003/_nuxt/@fs/home/meebuzo/github/alternate-framework/node_modules/@sentry/browser/build/npm/esm/dev/transports/fetch.js?v=193f35c6:31
[  229328ms] [WARNING] [NUXT_E3003] `useAsyncData`/`useFetch` was called after the component had already mounted, so the data fetch cannot be awaited during setup.
╰▶ fix: Use `$fetch()` for requests triggered after mount (e.g. in event handlers), or call `useAsyncData`/`useFetch` in the `setup()` function. @ http://localhost:3003/_nuxt/@vite/client:528
[  232750ms] [LOG] [BEFOREUNLOAD] Error
    at <anonymous>:20:37 @ :19
[  232751ms] [LOG] [BEFOREUNLOAD] Error
    at <anonymous>:20:37 @ http://localhost:3003/_nuxt/@fs/home/meebuzo/github/alternate-framework/node_modules/@sentry/core/build/esm/instrument/console.js?v=193f35c6:44
[  232753ms] [LOG] [BEFOREUNLOAD] Error
    at <anonymous>:20:37 @ :19
[  232753ms] [LOG] [BEFOREUNLOAD] Error
    at <anonymous>:20:37 @ :19
[  232752ms] [LOG] [BEFOREUNLOAD] Error
    at <anonymous>:20:37 @ :19
[  232765ms] [LOG] [BEFOREUNLOAD] Error
    at <anonymous>:20:37 @ :19
[  243756ms] [ERROR] Failed to load resource: the server responded with a status of 404 () @ https://res.cloudinary.com/nuxt-cloudinary/image/upload/f_auto,q_auto/images/display-2.png:0
[  254154ms] [LOG] ✨ %cNuxt DevTools %c Press Shift + Alt + D to open DevTools color: black; border-radius: 3px 0 0 3px; padding: 2px 2px 1px 10px; background: #00DC82 border-radius: 0 3px 3px 0; padding: 2px 10px 1px 2px; background: #00DC8220  @ http://localhost:3003/_nuxt/@fs/home/meebuzo/github/alternate-framework/node_modules/@sentry/core/build/esm/instrument/console.js?v=193f35c6:44
[  254234ms] [INFO] <Suspense> is an experimental feature and its API will likely change. @ http://localhost:3003/_nuxt/@fs/home/meebuzo/github/alternate-framework/node_modules/@sentry/core/build/esm/instrument/console.js?v=193f35c6:44
[  254625ms] [WARNING] [nuxt] [image] Density values above `2` are not recommended. See https://observablehq.com/@eeeps/visual-acuity-and-device-pixel-ratio. @ http://localhost:3003/_nuxt/@vite/client:528
[  254639ms] [WARNING] [Vue warn]: Slot "default" invoked outside of the render function: this will not track dependencies used in the slot. Invoke the slot function inside the render function instead. 
  at <VDefaultsProvider key="content-defaults" disabled=true defaults= {VIcon: Object} > 
  at <VBtn symbol= Symbol(vuetify:v-tabs) ref=Ref< undefined > class="v-tab"  ... > 
  at <VTab > 
  at <VSlideGroup centerActive=true scrollToActive=true contentClass=undefined  ... > 
  at <VTabs modelValue=null onUpdate:modelValue=fn center-active=""  ... > 
  at <VCard height="75" variant="text" > 
  at <MenusLivebarLive> 
  at <VCol> 
  at <VRow> 
  at <VMain> 
  at <VApp theme="light" class="auto-text" > 
  at <VResponsive class="border rounded" > 
  at <Default ref=Ref< undefined > > 
  at <AsyncComponentWrapper ref=Ref< undefined > > 
  at <LayoutLoader key="default" layoutProps= {ref: RefImpl} name="default" > 
  at <NuxtLayoutProvider layoutProps= {ref: RefImpl} key="default" name="default"  ... > 
  at <NuxtLayout > 
  at <App key=4 > 
  at <NuxtRoot> @ http://localhost:3003/_nuxt/@vite/client:528
[  254641ms] [WARNING] [Vue warn]: Slot "default" invoked outside of the render function: this will not track dependencies used in the slot. Invoke the slot function inside the render function instead. 
  at <VDefaultsProvider key="content-defaults" disabled=true defaults= {VIcon: Object} > 
  at <VBtn symbol= Symbol(vuetify:v-tabs) ref=Ref< undefined > class="v-tab"  ... > 
  at <VTab > 
  at <VSlideGroup centerActive=true scrollToActive=true contentClass=undefined  ... > 
  at <VTabs modelValue=null onUpdate:modelValue=fn center-active=""  ... > 
  at <VCard height="75" variant="text" > 
  at <MenusLivebarLive> 
  at <VCol> 
  at <VRow> 
  at <VMain> 
  at <VApp theme="light" class="auto-text" > 
  at <VResponsive class="border rounded" > 
  at <Default ref=Ref< undefined > > 
  at <AsyncComponentWrapper ref=Ref< undefined > > 
  at <LayoutLoader key="default" layoutProps= {ref: RefImpl} name="default" > 
  at <NuxtLayoutProvider layoutProps= {ref: RefImpl} key="default" name="default"  ... > 
  at <NuxtLayout > 
  at <App key=4 > 
  at <NuxtRoot> @ http://localhost:3003/_nuxt/@vite/client:528
[  254665ms] [WARNING] [Vue warn]: Slot "default" invoked outside of the render function: this will not track dependencies used in the slot. Invoke the slot function inside the render function instead. 
  at <VDefaultsProvider key="content-defaults" disabled=true defaults= {VIcon: Object} > 
  at <VBtn symbol= Symbol(vuetify:v-tabs) ref=Ref< undefined > class="v-tab"  ... > 
  at <VTab > 
  at <VSlideGroup centerActive=true scrollToActive=true contentClass=undefined  ... > 
  at <VTabs modelValue=null onUpdate:modelValue=fn center-active=""  ... > 
  at <VCard height="75" variant="text" > 
  at <MenusLivebarLive> 
  at <VCol> 
  at <VRow> 
  at <VMain> 
  at <VApp theme="light" class="auto-text" > 
  at <VResponsive class="border rounded" > 
  at <Default ref=Ref< undefined > > 
  at <AsyncComponentWrapper ref=Ref< undefined > > 
  at <LayoutLoader key="default" layoutProps= {ref: RefImpl} name="default" > 
  at <NuxtLayoutProvider layoutProps= {ref: RefImpl} key="default" name="default"  ... > 
  at <NuxtLayout > 
  at <App key=4 > 
  at <NuxtRoot> @ http://localhost:3003/_nuxt/@vite/client:528
[  254670ms] [WARNING] [Vue warn]: Slot "default" invoked outside of the render function: this will not track dependencies used in the slot. Invoke the slot function inside the render function instead. 
  at <VDefaultsProvider key="content-defaults" disabled=true defaults= {VIcon: Object} > 
  at <VBtn symbol= Symbol(vuetify:v-tabs) ref=Ref< undefined > class="v-tab"  ... > 
  at <VTab > 
  at <VSlideGroup centerActive=true scrollToActive=true contentClass=undefined  ... > 
  at <VTabs modelValue=null onUpdate:modelValue=fn center-active=""  ... > 
  at <VCard height="75" variant="text" > 
  at <MenusLivebarLive> 
  at <VCol> 
  at <VRow> 
  at <VMain> 
  at <VApp theme="light" class="auto-text" > 
  at <VResponsive class="border rounded" > 
  at <Default ref=Ref< undefined > > 
  at <AsyncComponentWrapper ref=Ref< undefined > > 
  at <LayoutLoader key="default" layoutProps= {ref: RefImpl} name="default" > 
  at <NuxtLayoutProvider layoutProps= {ref: RefImpl} key="default" name="default"  ... > 
  at <NuxtLayout > 
  at <App key=4 > 
  at <NuxtRoot> @ http://localhost:3003/_nuxt/@vite/client:528
[  254688ms] [WARNING] [Vue warn]: Slot "default" invoked outside of the render function: this will not track dependencies used in the slot. Invoke the slot function inside the render function instead. 
  at <VDefaultsProvider key="content-defaults" defaults= {VImg: Object, VIcon: Object} > 
  at <VAvatar ref_for=true ref=fn<fn> onClick=fn<onClick>  ... > 
  at <VOverlay ref=Ref< undefined > class="v-dialog" style= {}  ... > 
  at <VDialog modelValue=false onUpdate:modelValue=fn transition="dialog-bottom-transition" > 
  at <VDefaultsProvider key="content-defaults" disabled=true defaults= {VIcon: Object} > 
  at <VBtn symbol= Symbol(vuetify:v-tabs) ref=Ref< undefined > class="v-tab"  ... > 
  at <VTab > 
  at <VSlideGroup centerActive=true scrollToActive=true contentClass=undefined  ... > 
  at <VTabs modelValue=null onUpdate:modelValue=fn center-active=""  ... > 
  at <VCard height="75" variant="text" > 
  at <MenusLivebarLive> 
  at <VCol> 
  at <VRow> 
  at <VMain> 
  at <VApp theme="light" class="auto-text" > 
  at <VResponsive class="border rounded" > 
  at <Default ref=Ref< undefined > > 
  at <AsyncComponentWrapper ref=Ref< undefined > > 
  at <LayoutLoader key="default" layoutProps= {ref: RefImpl} name="default" > 
  at <NuxtLayoutProvider layoutProps= {ref: RefImpl} key="default" name="default"  ... > 
  at <NuxtLayout > 
  at <App key=4 > 
  at <NuxtRoot> @ http://localhost:3003/_nuxt/@vite/client:528
[  255232ms] [WARNING] [Vue warn]: Slot "default" invoked outside of the render function: this will not track dependencies used in the slot. Invoke the slot function inside the render function instead. 
  at <VDefaultsProvider key="content-defaults" disabled=true defaults= {VIcon: Object} > 
  at <VBtn symbol= Symbol(vuetify:v-tabs) ref=Ref< undefined > class="v-tab"  ... > 
  at <VTab value="one" > 
  at <VSlideGroup centerActive=false scrollToActive=true contentClass=undefined  ... > 
  at <VTabs modelValue=null onUpdate:modelValue=fn align-tabs="center"  ... > 
  at <VSheet > 
  at <VCard elevation="0" > 
  at <[...slug] onVnodeUnmounted=fn<onVnodeUnmounted> ref=Ref< undefined > > 
  at <RouteProvider key="/connect/space/meeovi-news" vnode= {__v_isVNode: true, __v_skip: true, type: Object, props: Object, key: null} route= {fullPath: /connect/space/meeovi-news, hash: , query: Object, name: connect-space-slug___en, path: /connect/space/meeovi-news}  ... > 
  at <RouterView name=undefined route=undefined > 
  at <NuxtPage > 
  at <VMain> 
  at <VApp theme="light" class="auto-text" > 
  at <VResponsive class="border rounded" > 
  at <Default ref=Ref< undefined > > 
  at <AsyncComponentWrapper ref=Ref< undefined > > 
  at <LayoutLoader key="default" layoutProps= {ref: RefImpl} name="default" > 
  at <NuxtLayoutProvider layoutProps= {ref: RefImpl} key="default" name="default"  ... > 
  at <NuxtLayout > 
  at <App key=4 > 
  at <NuxtRoot> @ http://localhost:3003/_nuxt/@vite/client:528
[  256004ms] [WARNING] [Vue warn]: Slot "default" invoked outside of the render function: this will not track dependencies used in the slot. Invoke the slot function inside the render function instead. 
  at <VDefaultsProvider key="content-defaults" disabled=true defaults= {VIcon: Object} > 
  at <VBtn symbol= Symbol(vuetify:v-tabs) ref=Ref< undefined > class="v-tab"  ... > 
  at <VTab value="one" > 
  at <VSlideGroup centerActive=false scrollToActive=true contentClass=undefined  ... > 
  at <VTabs modelValue=null onUpdate:modelValue=fn align-tabs="center"  ... > 
  at <VSheet > 
  at <VCard elevation="0" > 
  at <[...slug] onVnodeUnmounted=fn<onVnodeUnmounted> ref=Ref< undefined > > 
  at <RouteProvider key="/connect/space/meeovi-news" vnode= {__v_isVNode: true, __v_skip: true, type: Object, props: Object, key: null} route= {fullPath: /connect/space/meeovi-news, hash: , query: Object, name: connect-space-slug___en, path: /connect/space/meeovi-news}  ... > 
  at <RouterView name=undefined route=undefined > 
  at <NuxtPage > 
  at <VMain> 
  at <VApp theme="light" class="auto-text" > 
  at <VResponsive class="border rounded" > 
  at <Default ref=Ref< undefined > > 
  at <AsyncComponentWrapper ref=Ref< undefined > > 
  at <LayoutLoader key="default" layoutProps= {ref: RefImpl} name="default" > 
  at <NuxtLayoutProvider layoutProps= {ref: RefImpl} key="default" name="default"  ... > 
  at <NuxtLayout > 
  at <App key=4 > 
  at <NuxtRoot> @ http://localhost:3003/_nuxt/@vite/client:528
[  256817ms] [WARNING] [Vue warn]: Slot "default" invoked outside of the render function: this will not track dependencies used in the slot. Invoke the slot function inside the render function instead. 
  at <VDefaultsProvider key="content-defaults" disabled=true defaults= {VIcon: Object} > 
  at <VBtn symbol= Symbol(vuetify:v-tabs) ref=Ref< undefined > class="v-tab"  ... > 
  at <VTab value="two" > 
  at <VSlideGroup centerActive=false scrollToActive=true contentClass=undefined  ... > 
  at <VTabs modelValue=null onUpdate:modelValue=fn align-tabs="center"  ... > 
  at <VSheet > 
  at <VCard elevation="0" > 
  at <[...slug] onVnodeUnmounted=fn<onVnodeUnmounted> ref=Ref< undefined > > 
  at <RouteProvider key="/connect/space/meeovi-news" vnode= {__v_isVNode: true, __v_skip: true, type: Object, props: Object, key: null} route= {fullPath: /connect/space/meeovi-news, hash: , query: Object, name: connect-space-slug___en, path: /connect/space/meeovi-news}  ... > 
  at <RouterView name=undefined route=undefined > 
  at <NuxtPage > 
  at <VMain> 
  at <VApp theme="light" class="auto-text" > 
  at <VResponsive class="border rounded" > 
  at <Default ref=Ref< undefined > > 
  at <AsyncComponentWrapper ref=Ref< undefined > > 
  at <LayoutLoader key="default" layoutProps= {ref: RefImpl} name="default" > 
  at <NuxtLayoutProvider layoutProps= {ref: RefImpl} key="default" name="default"  ... > 
  at <NuxtLayout > 
  at <App key=4 > 
  at <NuxtRoot> @ http://localhost:3003/_nuxt/@vite/client:528
[  257626ms] [WARNING] [Vue warn]: Slot "default" invoked outside of the render function: this will not track dependencies used in the slot. Invoke the slot function inside the render function instead. 
  at <VDefaultsProvider key="content-defaults" disabled=true defaults= {VIcon: Object} > 
  at <VBtn symbol= Symbol(vuetify:v-tabs) ref=Ref< undefined > class="v-tab"  ... > 
  at <VTab value="two" > 
  at <VSlideGroup centerActive=false scrollToActive=true contentClass=undefined  ... > 
  at <VTabs modelValue=null onUpdate:modelValue=fn align-tabs="center"  ... > 
  at <VSheet > 
  at <VCard elevation="0" > 
  at <[...slug] onVnodeUnmounted=fn<onVnodeUnmounted> ref=Ref< undefined > > 
  at <RouteProvider key="/connect/space/meeovi-news" vnode= {__v_isVNode: true, __v_skip: true, type: Object, props: Object, key: null} route= {fullPath: /connect/space/meeovi-news, hash: , query: Object, name: connect-space-slug___en, path: /connect/space/meeovi-news}  ... > 
  at <RouterView name=undefined route=undefined > 
  at <NuxtPage > 
  at <VMain> 
  at <VApp theme="light" class="auto-text" > 
  at <VResponsive class="border rounded" > 
  at <Default ref=Ref< undefined > > 
  at <AsyncComponentWrapper ref=Ref< undefined > > 
  at <LayoutLoader key="default" layoutProps= {ref: RefImpl} name="default" > 
  at <NuxtLayoutProvider layoutProps= {ref: RefImpl} key="default" name="default"  ... > 
  at <NuxtLayout > 
  at <App key=4 > 
  at <NuxtRoot> @ http://localhost:3003/_nuxt/@vite/client:528
[  258435ms] [WARNING] [Vue warn]: Slot "default" invoked outside of the render function: this will not track dependencies used in the slot. Invoke the slot function inside the render function instead. 
  at <VDefaultsProvider key="content-defaults" disabled=true defaults= {VIcon: Object} > 
  at <VBtn symbol= Symbol(vuetify:v-tabs) ref=Ref< undefined > class="v-tab"  ... > 
  at <VTab value="three" > 
  at <VSlideGroup centerActive=false scrollToActive=true contentClass=undefined  ... > 
  at <VTabs modelValue=null onUpdate:modelValue=fn align-tabs="center"  ... > 
  at <VSheet > 
  at <VCard elevation="0" > 
  at <[...slug] onVnodeUnmounted=fn<onVnodeUnmounted> ref=Ref< undefined > > 
  at <RouteProvider key="/connect/space/meeovi-news" vnode= {__v_isVNode: true, __v_skip: true, type: Object, props: Object, key: null} route= {fullPath: /connect/space/meeovi-news, hash: , query: Object, name: connect-space-slug___en, path: /connect/space/meeovi-news}  ... > 
  at <RouterView name=undefined route=undefined > 
  at <NuxtPage > 
  at <VMain> 
  at <VApp theme="light" class="auto-text" > 
  at <VResponsive class="border rounded" > 
  at <Default ref=Ref< undefined > > 
  at <AsyncComponentWrapper ref=Ref< undefined > > 
  at <LayoutLoader key="default" layoutProps= {ref: RefImpl} name="default" > 
  at <NuxtLayoutProvider layoutProps= {ref: RefImpl} key="default" name="default"  ... > 
  at <NuxtLayout > 
  at <App key=4 > 
  at <NuxtRoot> @ http://localhost:3003/_nuxt/@vite/client:528
[  259148ms] [WARNING] [Vue warn]: Slot "default" invoked outside of the render function: this will not track dependencies used in the slot. Invoke the slot function inside the render function instead. 
  at <VDefaultsProvider key="content-defaults" disabled=true defaults= {VIcon: Object} > 
  at <VBtn symbol= Symbol(vuetify:v-tabs) ref=Ref< undefined > class="v-tab"  ... > 
  at <VTab value="three" > 
  at <VSlideGroup centerActive=false scrollToActive=true contentClass=undefined  ... > 
  at <VTabs modelValue=null onUpdate:modelValue=fn align-tabs="center"  ... > 
  at <VSheet > 
  at <VCard elevation="0" > 
  at <[...slug] onVnodeUnmounted=fn<onVnodeUnmounted> ref=Ref< undefined > > 
  at <RouteProvider key="/connect/space/meeovi-news" vnode= {__v_isVNode: true, __v_skip: true, type: Object, props: Object, key: null} route= {fullPath: /connect/space/meeovi-news, hash: , query: Object, name: connect-space-slug___en, path: /connect/space/meeovi-news}  ... > 
  at <RouterView name=undefined route=undefined > 
  at <NuxtPage > 
  at <VMain> 
  at <VApp theme="light" class="auto-text" > 
  at <VResponsive class="border rounded" > 
  at <Default ref=Ref< undefined > > 
  at <AsyncComponentWrapper ref=Ref< undefined > > 
  at <LayoutLoader key="default" layoutProps= {ref: RefImpl} name="default" > 
  at <NuxtLayoutProvider layoutProps= {ref: RefImpl} key="default" name="default"  ... > 
  at <NuxtLayout > 
  at <App key=4 > 
  at <NuxtRoot> @ http://localhost:3003/_nuxt/@vite/client:528
[  259927ms] [WARNING] [Vue warn]: Slot "default" invoked outside of the render function: this will not track dependencies used in the slot. Invoke the slot function inside the render function instead. 
  at <VDefaultsProvider key="content-defaults" disabled=true defaults= {VIcon: Object} > 
  at <VBtn symbol= Symbol(vuetify:v-tabs) ref=Ref< undefined > class="v-tab"  ... > 
  at <VTab value="four" > 
  at <VSlideGroup centerActive=false scrollToActive=true contentClass=undefined  ... > 
  at <VTabs modelValue=null onUpdate:modelValue=fn align-tabs="center"  ... > 
  at <VSheet > 
  at <VCard elevation="0" > 
  at <[...slug] onVnodeUnmounted=fn<onVnodeUnmounted> ref=Ref< undefined > > 
  at <RouteProvider key="/connect/space/meeovi-news" vnode= {__v_isVNode: true, __v_skip: true, type: Object, props: Object, key: null} route= {fullPath: /connect/space/meeovi-news, hash: , query: Object, name: connect-space-slug___en, path: /connect/space/meeovi-news}  ... > 
  at <RouterView name=undefined route=undefined > 
  at <NuxtPage > 
  at <VMain> 
  at <VApp theme="light" class="auto-text" > 
  at <VResponsive class="border rounded" > 
  at <Default ref=Ref< undefined > > 
  at <AsyncComponentWrapper ref=Ref< undefined > > 
  at <LayoutLoader key="default" layoutProps= {ref: RefImpl} name="default" > 
  at <NuxtLayoutProvider layoutProps= {ref: RefImpl} key="default" name="default"  ... > 
  at <NuxtLayout > 
  at <App key=4 > 
  at <NuxtRoot> @ http://localhost:3003/_nuxt/@vite/client:528
[  260677ms] [WARNING] [Vue warn]: Slot "default" invoked outside of the render function: this will not track dependencies used in the slot. Invoke the slot function inside the render function instead. 
  at <VDefaultsProvider key="content-defaults" disabled=true defaults= {VIcon: Object} > 
  at <VBtn symbol= Symbol(vuetify:v-tabs) ref=Ref< undefined > class="v-tab"  ... > 
  at <VTab value="four" > 
  at <VSlideGroup centerActive=false scrollToActive=true contentClass=undefined  ... > 
  at <VTabs modelValue=null onUpdate:modelValue=fn align-tabs="center"  ... > 
  at <VSheet > 
  at <VCard elevation="0" > 
  at <[...slug] onVnodeUnmounted=fn<onVnodeUnmounted> ref=Ref< undefined > > 
  at <RouteProvider key="/connect/space/meeovi-news" vnode= {__v_isVNode: true, __v_skip: true, type: Object, props: Object, key: null} route= {fullPath: /connect/space/meeovi-news, hash: , query: Object, name: connect-space-slug___en, path: /connect/space/meeovi-news}  ... > 
  at <RouterView name=undefined route=undefined > 
  at <NuxtPage > 
  at <VMain> 
  at <VApp theme="light" class="auto-text" > 
  at <VResponsive class="border rounded" > 
  at <Default ref=Ref< undefined > > 
  at <AsyncComponentWrapper ref=Ref< undefined > > 
  at <LayoutLoader key="default" layoutProps= {ref: RefImpl} name="default" > 
  at <NuxtLayoutProvider layoutProps= {ref: RefImpl} key="default" name="default"  ... > 
  at <NuxtLayout > 
  at <App key=4 > 
  at <NuxtRoot> @ http://localhost:3003/_nuxt/@vite/client:528
[  261447ms] [WARNING] [Vue warn]: Slot "default" invoked outside of the render function: this will not track dependencies used in the slot. Invoke the slot function inside the render function instead. 
  at <VDefaultsProvider key="content-defaults" disabled=true defaults= {VIcon: Object} > 
  at <VBtn symbol= Symbol(vuetify:v-tabs) ref=Ref< undefined > class="v-tab"  ... > 
  at <VTab value="five" > 
  at <VSlideGroup centerActive=false scrollToActive=true contentClass=undefined  ... > 
  at <VTabs modelValue=null onUpdate:modelValue=fn align-tabs="center"  ... > 
  at <VSheet > 
  at <VCard elevation="0" > 
  at <[...slug] onVnodeUnmounted=fn<onVnodeUnmounted> ref=Ref< undefined > > 
  at <RouteProvider key="/connect/space/meeovi-news" vnode= {__v_isVNode: true, __v_skip: true, type: Object, props: Object, key: null} route= {fullPath: /connect/space/meeovi-news, hash: , query: Object, name: connect-space-slug___en, path: /connect/space/meeovi-news}  ... > 
  at <RouterView name=undefined route=undefined > 
  at <NuxtPage > 
  at <VMain> 
  at <VApp theme="light" class="auto-text" > 
  at <VResponsive class="border rounded" > 
  at <Default ref=Ref< undefined > > 
  at <AsyncComponentWrapper ref=Ref< undefined > > 
  at <LayoutLoader key="default" layoutProps= {ref: RefImpl} name="default" > 
  at <NuxtLayoutProvider layoutProps= {ref: RefImpl} key="default" name="default"  ... > 
  at <NuxtLayout > 
  at <App key=4 > 
  at <NuxtRoot> @ http://localhost:3003/_nuxt/@vite/client:528
[  262245ms] [WARNING] [Vue warn]: Slot "default" invoked outside of the render function: this will not track dependencies used in the slot. Invoke the slot function inside the render function instead. 
  at <VDefaultsProvider key="content-defaults" disabled=true defaults= {VIcon: Object} > 
  at <VBtn symbol= Symbol(vuetify:v-tabs) ref=Ref< undefined > class="v-tab"  ... > 
  at <VTab value="five" > 
  at <VSlideGroup centerActive=false scrollToActive=true contentClass=undefined  ... > 
  at <VTabs modelValue=null onUpdate:modelValue=fn align-tabs="center"  ... > 
  at <VSheet > 
  at <VCard elevation="0" > 
  at <[...slug] onVnodeUnmounted=fn<onVnodeUnmounted> ref=Ref< undefined > > 
  at <RouteProvider key="/connect/space/meeovi-news" vnode= {__v_isVNode: true, __v_skip: true, type: Object, props: Object, key: null} route= {fullPath: /connect/space/meeovi-news, hash: , query: Object, name: connect-space-slug___en, path: /connect/space/meeovi-news}  ... > 
  at <RouterView name=undefined route=undefined > 
  at <NuxtPage > 
  at <VMain> 
  at <VApp theme="light" class="auto-text" > 
  at <VResponsive class="border rounded" > 
  at <Default ref=Ref< undefined > > 
  at <AsyncComponentWrapper ref=Ref< undefined > > 
  at <LayoutLoader key="default" layoutProps= {ref: RefImpl} name="default" > 
  at <NuxtLayoutProvider layoutProps= {ref: RefImpl} key="default" name="default"  ... > 
  at <NuxtLayout > 
  at <App key=4 > 
  at <NuxtRoot> @ http://localhost:3003/_nuxt/@vite/client:528
[  262946ms] [WARNING] [Vue warn]: Slot "default" invoked outside of the render function: this will not track dependencies used in the slot. Invoke the slot function inside the render function instead. 
  at <VDefaultsProvider key="content-defaults" disabled=true defaults= {VIcon: Object} > 
  at <VBtn symbol= Symbol(vuetify:v-tabs) ref=Ref< undefined > class="v-tab"  ... > 
  at <VTab value="six" > 
  at <VSlideGroup centerActive=false scrollToActive=true contentClass=undefined  ... > 
  at <VTabs modelValue=null onUpdate:modelValue=fn align-tabs="center"  ... > 
  at <VSheet > 
  at <VCard elevation="0" > 
  at <[...slug] onVnodeUnmounted=fn<onVnodeUnmounted> ref=Ref< undefined > > 
  at <RouteProvider key="/connect/space/meeovi-news" vnode= {__v_isVNode: true, __v_skip: true, type: Object, props: Object, key: null} route= {fullPath: /connect/space/meeovi-news, hash: , query: Object, name: connect-space-slug___en, path: /connect/space/meeovi-news}  ... > 
  at <RouterView name=undefined route=undefined > 
  at <NuxtPage > 
  at <VMain> 
  at <VApp theme="light" class="auto-text" > 
  at <VResponsive class="border rounded" > 
  at <Default ref=Ref< undefined > > 
  at <AsyncComponentWrapper ref=Ref< undefined > > 
  at <LayoutLoader key="default" layoutProps= {ref: RefImpl} name="default" > 
  at <NuxtLayoutProvider layoutProps= {ref: RefImpl} key="default" name="default"  ... > 
  at <NuxtLayout > 
  at <App key=4 > 
  at <NuxtRoot> @ http://localhost:3003/_nuxt/@vite/client:528
[  263673ms] [WARNING] [Vue warn]: Slot "default" invoked outside of the render function: this will not track dependencies used in the slot. Invoke the slot function inside the render function instead. 
  at <VDefaultsProvider key="content-defaults" disabled=true defaults= {VIcon: Object} > 
  at <VBtn symbol= Symbol(vuetify:v-tabs) ref=Ref< undefined > class="v-tab"  ... > 
  at <VTab value="six" > 
  at <VSlideGroup centerActive=false scrollToActive=true contentClass=undefined  ... > 
  at <VTabs modelValue=null onUpdate:modelValue=fn align-tabs="center"  ... > 
  at <VSheet > 
  at <VCard elevation="0" > 
  at <[...slug] onVnodeUnmounted=fn<onVnodeUnmounted> ref=Ref< undefined > > 
  at <RouteProvider key="/connect/space/meeovi-news" vnode= {__v_isVNode: true, __v_skip: true, type: Object, props: Object, key: null} route= {fullPath: /connect/space/meeovi-news, hash: , query: Object, name: connect-space-slug___en, path: /connect/space/meeovi-news}  ... > 
  at <RouterView name=undefined route=undefined > 
  at <NuxtPage > 
  at <VMain> 
  at <VApp theme="light" class="auto-text" > 
  at <VResponsive class="border rounded" > 
  at <Default ref=Ref< undefined > > 
  at <AsyncComponentWrapper ref=Ref< undefined > > 
  at <LayoutLoader key="default" layoutProps= {ref: RefImpl} name="default" > 
  at <NuxtLayoutProvider layoutProps= {ref: RefImpl} key="default" name="default"  ... > 
  at <NuxtLayout > 
  at <App key=4 > 
  at <NuxtRoot> @ http://localhost:3003/_nuxt/@vite/client:528
[  264401ms] [WARNING] [Vue warn]: Slot "default" invoked outside of the render function: this will not track dependencies used in the slot. Invoke the slot function inside the render function instead. 
  at <VDefaultsProvider key="content-defaults" disabled=true defaults= {VIcon: Object} > 
  at <VBtn symbol= Symbol(vuetify:v-tabs) ref=Ref< undefined > class="v-tab"  ... > 
  at <VTab value="seven" > 
  at <VSlideGroup centerActive=false scrollToActive=true contentClass=undefined  ... > 
  at <VTabs modelValue=null onUpdate:modelValue=fn align-tabs="center"  ... > 
  at <VSheet > 
  at <VCard elevation="0" > 
  at <[...slug] onVnodeUnmounted=fn<onVnodeUnmounted> ref=Ref< undefined > > 
  at <RouteProvider key="/connect/space/meeovi-news" vnode= {__v_isVNode: true, __v_skip: true, type: Object, props: Object, key: null} route= {fullPath: /connect/space/meeovi-news, hash: , query: Object, name: connect-space-slug___en, path: /connect/space/meeovi-news}  ... > 
  at <RouterView name=undefined route=undefined > 
  at <NuxtPage > 
  at <VMain> 
  at <VApp theme="light" class="auto-text" > 
  at <VResponsive class="border rounded" > 
  at <Default ref=Ref< undefined > > 
  at <AsyncComponentWrapper ref=Ref< undefined > > 
  at <LayoutLoader key="default" layoutProps= {ref: RefImpl} name="default" > 
  at <NuxtLayoutProvider layoutProps= {ref: RefImpl} key="default" name="default"  ... > 
  at <NuxtLayout > 
  at <App key=4 > 
  at <NuxtRoot> @ http://localhost:3003/_nuxt/@vite/client:528
[  265219ms] [WARNING] [Vue warn]: Slot "default" invoked outside of the render function: this will not track dependencies used in the slot. Invoke the slot function inside the render function instead. 
  at <VDefaultsProvider key="content-defaults" disabled=true defaults= {VIcon: Object} > 
  at <VBtn symbol= Symbol(vuetify:v-tabs) ref=Ref< undefined > class="v-tab"  ... > 
  at <VTab value="seven" > 
  at <VSlideGroup centerActive=false scrollToActive=true contentClass=undefined  ... > 
  at <VTabs modelValue=null onUpdate:modelValue=fn align-tabs="center"  ... > 
  at <VSheet > 
  at <VCard elevation="0" > 
  at <[...slug] onVnodeUnmounted=fn<onVnodeUnmounted> ref=Ref< undefined > > 
  at <RouteProvider key="/connect/space/meeovi-news" vnode= {__v_isVNode: true, __v_skip: true, type: Object, props: Object, key: null} route= {fullPath: /connect/space/meeovi-news, hash: , query: Object, name: connect-space-slug___en, path: /connect/space/meeovi-news}  ... > 
  at <RouterView name=undefined route=undefined > 
  at <NuxtPage > 
  at <VMain> 
  at <VApp theme="light" class="auto-text" > 
  at <VResponsive class="border rounded" > 
  at <Default ref=Ref< undefined > > 
  at <AsyncComponentWrapper ref=Ref< undefined > > 
  at <LayoutLoader key="default" layoutProps= {ref: RefImpl} name="default" > 
  at <NuxtLayoutProvider layoutProps= {ref: RefImpl} key="default" name="default"  ... > 
  at <NuxtLayout > 
  at <App key=4 > 
  at <NuxtRoot> @ http://localhost:3003/_nuxt/@vite/client:528
[  266356ms] [WARNING] [Meta Pixel] - Invalid PixelID: null. @ http://localhost:3003/_nuxt/@vite/client:528
[  266401ms] [ERROR] Failed to load resource: the server responded with a status of 404 (Not Found) @ http://localhost:3003/api/auth/user/to-json:0
[  266410ms] [ERROR] Failed to load resource: the server responded with a status of 404 (Not Found) @ http://localhost:3003/api/auth/logged-in/to-json:0
[  266508ms] [ERROR] Connecting to 'https://analytics.tiktok.com/api/v2/monitor' violates the following Content Security Policy directive: "connect-src 'self' https://*.mux.com https://cms.meeovicms.com". The action has been blocked. @ https://analytics.tiktok.com/i18n/pixel/static/main.MTQyN2U3Zjc5MA.js:0
[  266510ms] [ERROR] Connecting to 'https://analytics.tiktok.com/api/v2/monitor' violates the following Content Security Policy directive: "connect-src 'self' https://*.mux.com https://cms.meeovicms.com". The action has been blocked. @ https://analytics.tiktok.com/i18n/pixel/static/main.MTQyN2U3Zjc5MA.js:0
[  266513ms] [ERROR] Connecting to 'https://analytics.tiktok.com/api/v2/monitor' violates the following Content Security Policy directive: "connect-src 'self' https://*.mux.com https://cms.meeovicms.com". The action has been blocked. @ https://analytics.tiktok.com/i18n/pixel/static/main.MTQyN2U3Zjc5MA.js:0
[  266516ms] [ERROR] Connecting to 'https://analytics.tiktok.com/api/v2/monitor' violates the following Content Security Policy directive: "connect-src 'self' https://*.mux.com https://cms.meeovicms.com". The action has been blocked. @ https://analytics.tiktok.com/i18n/pixel/static/main.MTQyN2U3Zjc5MA.js:0
[  266532ms] [ERROR] Connecting to 'https://analytics.tiktok.com/api/v2/monitor' violates the following Content Security Policy directive: "connect-src 'self' https://*.mux.com https://cms.meeovicms.com". The action has been blocked. @ https://analytics.tiktok.com/i18n/pixel/static/main.MTQyN2U3Zjc5MA.js:0
[  266534ms] [ERROR] Connecting to 'https://analytics.tiktok.com/api/v2/monitor' violates the following Content Security Policy directive: "connect-src 'self' https://*.mux.com https://cms.meeovicms.com". The action has been blocked. @ https://analytics.tiktok.com/i18n/pixel/static/main.MTQyN2U3Zjc5MA.js:0
[  266543ms] [ERROR] Connecting to 'https://analytics.tiktok.com/api/v2/monitor' violates the following Content Security Policy directive: "connect-src 'self' https://*.mux.com https://cms.meeovicms.com". The action has been blocked. @ https://analytics.tiktok.com/i18n/pixel/static/main.MTQyN2U3Zjc5MA.js:0
[  266953ms] [LOG] Meeovi Search @ http://localhost:3003/_nuxt/@fs/home/meebuzo/github/alternate-framework/node_modules/@sentry/core/build/esm/instrument/console.js?v=193f35c6:44
[  267018ms] [ERROR] Failed to load resource: the server responded with a status of 404 () @ https://res.cloudinary.com/nuxt-cloudinary/image/upload/f_auto,q_auto/images/logo512alpha.png:0
[  267440ms] [ERROR] Failed to load resource: the server responded with a status of 404 (Not Found) @ http://localhost:3003/api/auth/logged-in/to-json:0
[  267446ms] [ERROR] Failed to load resource: the server responded with a status of 404 (Not Found) @ http://localhost:3003/api/auth/user/to-json:0
[  267459ms] [ERROR] Failed to load resource: the server responded with a status of 404 (Not Found) @ http://localhost:3003/api/auth/user/to-json:0
[  267461ms] [ERROR] Failed to load resource: the server responded with a status of 404 (Not Found) @ http://localhost:3003/api/auth/user/to-json:0
[  267462ms] [ERROR] Failed to load resource: the server responded with a status of 404 (Not Found) @ http://localhost:3003/api/auth/logged-in/to-json:0
[  268697ms] [ERROR] Failed to load resource: the server responded with a status of 404 (Not Found) @ http://localhost:3003/api/auth/logged-in/to-json:0
[  268705ms] [ERROR] Failed to load resource: the server responded with a status of 404 (Not Found) @ http://localhost:3003/api/auth/logged-in/to-json:0
[  268715ms] [ERROR] Failed to load resource: the server responded with a status of 404 (Not Found) @ http://localhost:3003/api/auth/user/to-json:0
[  268717ms] [ERROR] Failed to load resource: the server responded with a status of 404 (Not Found) @ http://localhost:3003/api/auth/user/to-json:0
[  268724ms] [ERROR] Failed to load resource: the server responded with a status of 404 (Not Found) @ http://localhost:3003/api/auth/logged-in/to-json:0
[  268727ms] [ERROR] Failed to load resource: the server responded with a status of 404 (Not Found) @ http://localhost:3003/api/auth/user/to-json:0
[  269526ms] [ERROR] Failed to load resource: the server responded with a status of 404 (Not Found) @ http://localhost:3003/api/auth/logged-in/to-json:0
[  269729ms] [ERROR] Failed to load resource: the server responded with a status of 404 (Not Found) @ http://localhost:3003/api/auth/user/to-json:0
[  269735ms] [ERROR] Failed to load resource: the server responded with a status of 404 (Not Found) @ http://localhost:3003/api/auth/logged-in/to-json:0
[  269743ms] [ERROR] Failed to load resource: the server responded with a status of 404 (Not Found) @ http://localhost:3003/api/auth/user/to-json:0
[  269754ms] [ERROR] Failed to load resource: the server responded with a status of 404 (Not Found) @ http://localhost:3003/api/auth/logged-in/to-json:0
[  269757ms] [ERROR] Failed to load resource: the server responded with a status of 404 (Not Found) @ http://localhost:3003/api/auth/user/to-json:0
[  270259ms] [ERROR] Failed to load resource: the server responded with a status of 404 (Not Found) @ http://localhost:3003/api/auth/logged-in/to-json:0
[  270345ms] [ERROR] Failed to load resource: the server responded with a status of 404 (Not Found) @ http://localhost:3003/api/auth/user/to-json:0
[  270351ms] [ERROR] Failed to load resource: the server responded with a status of 404 (Not Found) @ http://localhost:3003/api/auth/logged-in/to-json:0
[  270354ms] [ERROR] Failed to load resource: the server responded with a status of 404 (Not Found) @ http://localhost:3003/api/auth/user/to-json:0
[  270357ms] [ERROR] Failed to load resource: the server responded with a status of 404 (Not Found) @ http://localhost:3003/api/auth/user/to-json:0
[  270366ms] [ERROR] Failed to load resource: the server responded with a status of 404 (Not Found) @ http://localhost:3003/api/auth/logged-in/to-json:0
[  270773ms] [ERROR] Failed to load resource: the server responded with a status of 404 (Not Found) @ http://localhost:3003/api/auth/logged-in/to-json:0
[  270780ms] [ERROR] Failed to load resource: the server responded with a status of 404 (Not Found) @ http://localhost:3003/api/auth/user/to-json:0
[  270870ms] [ERROR] Failed to load resource: the server responded with a status of 404 (Not Found) @ http://localhost:3003/api/auth/user/to-json:0
[  270878ms] [ERROR] Failed to load resource: the server responded with a status of 404 (Not Found) @ http://localhost:3003/api/auth/logged-in/to-json:0
[  270895ms] [ERROR] Failed to load resource: the server responded with a status of 404 (Not Found) @ http://localhost:3003/api/auth/logged-in/to-json:0
[  270897ms] [ERROR] Failed to load resource: the server responded with a status of 404 (Not Found) @ http://localhost:3003/api/auth/user/to-json:0
[  271307ms] [ERROR] Failed to load resource: the server responded with a status of 404 (Not Found) @ http://localhost:3003/api/auth/logged-in/to-json:0
[  271309ms] [ERROR] Failed to load resource: the server responded with a status of 404 (Not Found) @ http://localhost:3003/api/auth/user/to-json:0
[  271311ms] [ERROR] Failed to load resource: the server responded with a status of 404 (Not Found) @ http://localhost:3003/api/auth/logged-in/to-json:0
[  271382ms] [ERROR] Failed to load resource: the server responded with a status of 404 (Not Found) @ http://localhost:3003/api/auth/user/to-json:0
[  271389ms] [ERROR] Failed to load resource: the server responded with a status of 404 (Not Found) @ http://localhost:3003/api/auth/logged-in/to-json:0
[  271393ms] [ERROR] Failed to load resource: the server responded with a status of 404 (Not Found) @ http://localhost:3003/api/auth/user/to-json:0
[  271752ms] [ERROR] Failed to load resource: the server responded with a status of 404 (Not Found) @ http://localhost:3003/api/auth/logged-in/to-json:0
[  271761ms] [ERROR] Failed to load resource: the server responded with a status of 404 (Not Found) @ http://localhost:3003/api/auth/user/to-json:0
[  271767ms] [ERROR] Failed to load resource: the server responded with a status of 404 (Not Found) @ http://localhost:3003/api/auth/logged-in/to-json:0
[  271861ms] [ERROR] Failed to load resource: the server responded with a status of 404 (Not Found) @ http://localhost:3003/api/auth/user/to-json:0
[  271865ms] [ERROR] Failed to load resource: the server responded with a status of 404 (Not Found) @ http://localhost:3003/api/auth/logged-in/to-json:0
[  271869ms] [ERROR] Failed to load resource: the server responded with a status of 404 (Not Found) @ http://localhost:3003/api/auth/user/to-json:0
[  272223ms] [ERROR] Failed to load resource: the server responded with a status of 404 (Not Found) @ http://localhost:3003/api/auth/logged-in/to-json:0
[  272231ms] [ERROR] Failed to load resource: the server responded with a status of 404 (Not Found) @ http://localhost:3003/api/auth/user/to-json:0
[  272242ms] [ERROR] Failed to load resource: the server responded with a status of 404 (Not Found) @ http://localhost:3003/api/auth/logged-in/to-json:0
[  272311ms] [ERROR] Failed to load resource: the server responded with a status of 404 (Not Found) @ http://localhost:3003/api/auth/user/to-json:0
[  272324ms] [ERROR] Failed to load resource: the server responded with a status of 404 (Not Found) @ http://localhost:3003/api/auth/logged-in/to-json:0
[  272336ms] [ERROR] Failed to load resource: the server responded with a status of 404 (Not Found) @ http://localhost:3003/api/auth/user/to-json:0
[  272701ms] [ERROR] Failed to load resource: the server responded with a status of 404 (Not Found) @ http://localhost:3003/api/auth/logged-in/to-json:0
[  272710ms] [ERROR] Failed to load resource: the server responded with a status of 404 (Not Found) @ http://localhost:3003/api/auth/user/to-json:0
[  272717ms] [ERROR] Failed to load resource: the server responded with a status of 404 (Not Found) @ http://localhost:3003/api/auth/logged-in/to-json:0
[  272741ms] [ERROR] Failed to load resource: the server responded with a status of 404 (Not Found) @ http://localhost:3003/api/auth/user/to-json:0
[  272788ms] [ERROR] Failed to load resource: the server responded with a status of 404 (Not Found) @ http://localhost:3003/api/auth/user/to-json:0
[  272831ms] [ERROR] Failed to load resource: the server responded with a status of 404 (Not Found) @ http://localhost:3003/api/auth/logged-in/to-json:0
[  273104ms] [ERROR] Failed to load resource: the server responded with a status of 404 (Not Found) @ http://localhost:3003/api/auth/logged-in/to-json:0
[  274928ms] [ERROR] Connecting to 'https://o996770.ingest.us.sentry.io/api/5955273/envelope/?sentry_version=7&sentry_key=df1b90fab7c44ce8aef097a63b468d61&sentry_client=sentry.javascript.nuxt%2F10.70.0' violates the following Content Security Policy directive: "connect-src 'self' https://*.mux.com https://cms.meeovicms.com". The action has been blocked. @ http://localhost:3003/_nuxt/@fs/home/meebuzo/github/alternate-framework/node_modules/@sentry/browser/build/npm/esm/dev/transports/fetch.js?v=193f35c6:31
[  274929ms] [ERROR] Fetch API cannot load https://o996770.ingest.us.sentry.io/api/5955273/envelope/?sentry_version=7&sentry_key=df1b90fab7c44ce8aef097a63b468d61&sentry_client=sentry.javascript.nuxt%2F10.70.0. Refused to connect because it violates the document's Content Security Policy. @ http://localhost:3003/_nuxt/@fs/home/meebuzo/github/alternate-framework/node_modules/@sentry/browser/build/npm/esm/dev/transports/fetch.js?v=193f35c6:31
[  275797ms] [WARNING] [NUXT_E3003] `useAsyncData`/`useFetch` was called after the component had already mounted, so the data fetch cannot be awaited during setup.
╰▶ fix: Use `$fetch()` for requests triggered after mount (e.g. in event handlers), or call `useAsyncData`/`useFetch` in the `setup()` function. @ http://localhost:3003/_nuxt/@vite/client:528
[  320281ms] [LOG] [BEFOREUNLOAD] Error
    at <anonymous>:20:37 @ :19
[  320281ms] [LOG] [BEFOREUNLOAD] Error
    at <anonymous>:20:37 @ :19
[  320281ms] [LOG] [BEFOREUNLOAD] Error
    at <anonymous>:20:37 @ http://localhost:3003/_nuxt/@fs/home/meebuzo/github/alternate-framework/node_modules/@sentry/core/build/esm/instrument/console.js?v=193f35c6:44
[  320281ms] [LOG] [BEFOREUNLOAD] Error
    at <anonymous>:20:37 @ :19
[  320282ms] [LOG] [BEFOREUNLOAD] Error
    at <anonymous>:20:37 @ :19
[  320283ms] [LOG] [BEFOREUNLOAD] Error
    at <anonymous>:20:37 @ :19
[  335435ms] [ERROR] Failed to load resource: the server responded with a status of 404 () @ https://res.cloudinary.com/nuxt-cloudinary/image/upload/f_auto,q_auto/images/display-2.png:0
[  345699ms] [WARNING] %cssr:warn%c [Vue warn]: Failed to resolve component: v-list-subtitle
If this is a native custom element, make sure to exclude it from component resolution via compilerOptions.isCustomElement. 
      background: #f39c12;
      border-radius: 0.5em;
      color: white;
      font-weight: bold;
      padding: 2px 0.5em;
      at <CatalogProductDetails>
at <VCol>
at <VRow>
at <VCol>
at <VRow>
at <[...id]>
at <RouteProvider>
at <RouterView>
at <NuxtPage>
at <VMain>
at <VApp>
at <VResponsive>
at <Default>
at <AsyncComponentWrapper>
at <LayoutLoader>
at <NuxtLayoutProvider>
at <NuxtLayout>
at <App>
at <NuxtRoot> @ http://localhost:3003/_nuxt/@vite/client:528
[  345700ms] [WARNING] %cssr:warn%c [Vue warn]: Invalid prop: type check failed for prop "product". Expected Object, got String with value "28". 
      background: #f39c12;
      border-radius: 0.5em;
      color: white;
      font-weight: bold;
      padding: 2px 0.5em;
      at <BlocksCompareBtn>
at <VListItem>
at <VListItem>
at <VListChildren>
at <VList>
at <VCard>
at <CatalogProductDetails>
at <VCol>
at <VRow>
at <VCol>
at <VRow>
at <[...id]>
at <RouteProvider>
at <RouterView>
at <NuxtPage>
at <VMain>
at <VApp>
at <VResponsive>
at <Default>
at <AsyncComponentWrapper>
at <LayoutLoader>
at <NuxtLayoutProvider>
at <NuxtLayout>
at <App>
at <NuxtRoot> @ http://localhost:3003/_nuxt/@vite/client:528
[  346246ms] [LOG] ✨ %cNuxt DevTools %c Press Shift + Alt + D to open DevTools color: black; border-radius: 3px 0 0 3px; padding: 2px 2px 1px 10px; background: #00DC82 border-radius: 0 3px 3px 0; padding: 2px 10px 1px 2px; background: #00DC8220  @ http://localhost:3003/_nuxt/@fs/home/meebuzo/github/alternate-framework/node_modules/@sentry/core/build/esm/instrument/console.js?v=193f35c6:44
[  346323ms] [INFO] <Suspense> is an experimental feature and its API will likely change. @ http://localhost:3003/_nuxt/@fs/home/meebuzo/github/alternate-framework/node_modules/@sentry/core/build/esm/instrument/console.js?v=193f35c6:44
[  346571ms] [WARNING] [nuxt] [image] Density values above `2` are not recommended. See https://observablehq.com/@eeeps/visual-acuity-and-device-pixel-ratio. @ http://localhost:3003/_nuxt/@vite/client:528
[  346952ms] [WARNING] [Vue warn]: Failed to resolve component: v-list-subtitle
If this is a native custom element, make sure to exclude it from component resolution via compilerOptions.isCustomElement. 
  at <CatalogProductDetails productDetails= {id: 28, sku: null, name: Clipboard, tax_class: null, created_at: 2025-12-19T11:20:42} > 
  at <VCol cols="12" > 
  at <VRow > 
  at <VCol cols="12" > 
  at <VRow > 
  at <[...id] onVnodeUnmounted=fn<onVnodeUnmounted> ref=Ref< undefined > > 
  at <RouteProvider key="/product/28" vnode= {__v_isVNode: true, __v_skip: true, type: Object, props: Object, key: null} route= {fullPath: /product/28, hash: , query: Object, name: product-id___en, path: /product/28}  ... > 
  at <RouterView name=undefined route=undefined > 
  at <NuxtPage > 
  at <VMain> 
  at <VApp theme="light" class="auto-text" > 
  at <VResponsive class="border rounded" > 
  at <Default ref=Ref< undefined > > 
  at <AsyncComponentWrapper ref=Ref< undefined > > 
  at <LayoutLoader key="default" layoutProps= {ref: RefImpl} name="default" > 
  at <NuxtLayoutProvider layoutProps= {ref: RefImpl} key="default" name="default"  ... > 
  at <NuxtLayout > 
  at <App key=4 > 
  at <NuxtRoot> @ http://localhost:3003/_nuxt/@vite/client:528
[  347526ms] [WARNING] [Vue warn]: Invalid prop: type check failed for prop "product". Expected Object, got String with value "28". 
  at <BlocksCompareBtn product="28" > 
  at <VListItem class="col-6" > 
  at <VListItem class="col col-6" > 
  at <VListChildren items= [] returnObject=false > 
  at <VList lines="one" > 
  at <VCard class="right" elevation="0" > 
  at <CatalogProductDetails productDetails= {id: 28, sku: null, name: Clipboard, tax_class: null, created_at: 2025-12-19T11:20:42} > 
  at <VCol cols="12" > 
  at <VRow > 
  at <VCol cols="12" > 
  at <VRow > 
  at <[...id] onVnodeUnmounted=fn<onVnodeUnmounted> ref=Ref< undefined > > 
  at <RouteProvider key="/product/28" vnode= {__v_isVNode: true, __v_skip: true, type: Object, props: Object, key: null} route= {fullPath: /product/28, hash: , query: Object, name: product-id___en, path: /product/28}  ... > 
  at <RouterView name=undefined route=undefined > 
  at <NuxtPage > 
  at <VMain> 
  at <VApp theme="light" class="auto-text" > 
  at <VResponsive class="border rounded" > 
  at <Default ref=Ref< undefined > > 
  at <AsyncComponentWrapper ref=Ref< undefined > > 
  at <LayoutLoader key="default" layoutProps= {ref: RefImpl} name="default" > 
  at <NuxtLayoutProvider layoutProps= {ref: RefImpl} key="default" name="default"  ... > 
  at <NuxtLayout > 
  at <App key=4 > 
  at <NuxtRoot> @ http://localhost:3003/_nuxt/@vite/client:528
[  348667ms] [WARNING] [Meta Pixel] - Invalid PixelID: null. @ http://localhost:3003/_nuxt/@vite/client:528
[  348772ms] [LOG] Meeovi Search @ http://localhost:3003/_nuxt/@fs/home/meebuzo/github/alternate-framework/node_modules/@sentry/core/build/esm/instrument/console.js?v=193f35c6:44
[  348838ms] [ERROR] Connecting to 'https://analytics.tiktok.com/api/v2/monitor' violates the following Content Security Policy directive: "connect-src 'self' https://*.mux.com https://cms.meeovicms.com". The action has been blocked. @ https://analytics.tiktok.com/i18n/pixel/static/main.MTQyN2U3Zjc5MA.js:0
[  348840ms] [ERROR] Connecting to 'https://analytics.tiktok.com/api/v2/monitor' violates the following Content Security Policy directive: "connect-src 'self' https://*.mux.com https://cms.meeovicms.com". The action has been blocked. @ https://analytics.tiktok.com/i18n/pixel/static/main.MTQyN2U3Zjc5MA.js:0
[  348842ms] [ERROR] Connecting to 'https://analytics.tiktok.com/api/v2/monitor' violates the following Content Security Policy directive: "connect-src 'self' https://*.mux.com https://cms.meeovicms.com". The action has been blocked. @ https://analytics.tiktok.com/i18n/pixel/static/main.MTQyN2U3Zjc5MA.js:0
[  348844ms] [ERROR] Connecting to 'https://analytics.tiktok.com/api/v2/monitor' violates the following Content Security Policy directive: "connect-src 'self' https://*.mux.com https://cms.meeovicms.com". The action has been blocked. @ https://analytics.tiktok.com/i18n/pixel/static/main.MTQyN2U3Zjc5MA.js:0
[  348846ms] [ERROR] Failed to load resource: the server responded with a status of 404 () @ https://res.cloudinary.com/nuxt-cloudinary/image/upload/f_auto,q_auto/images/logo512alpha.png:0
[  348852ms] [ERROR] Connecting to 'https://analytics.tiktok.com/api/v2/monitor' violates the following Content Security Policy directive: "connect-src 'self' https://*.mux.com https://cms.meeovicms.com". The action has been blocked. @ https://analytics.tiktok.com/i18n/pixel/static/main.MTQyN2U3Zjc5MA.js:0
[  348853ms] [ERROR] Connecting to 'https://analytics.tiktok.com/api/v2/monitor' violates the following Content Security Policy directive: "connect-src 'self' https://*.mux.com https://cms.meeovicms.com". The action has been blocked. @ https://analytics.tiktok.com/i18n/pixel/static/main.MTQyN2U3Zjc5MA.js:0
[  348866ms] [ERROR] Connecting to 'https://analytics.tiktok.com/api/v2/monitor' violates the following Content Security Policy directive: "connect-src 'self' https://*.mux.com https://cms.meeovicms.com". The action has been blocked. @ https://analytics.tiktok.com/i18n/pixel/static/main.MTQyN2U3Zjc5MA.js:0
[  351445ms] [WARNING] [NUXT_E3003] `useAsyncData`/`useFetch` was called after the component had already mounted, so the data fetch cannot be awaited during setup.
╰▶ fix: Use `$fetch()` for requests triggered after mount (e.g. in event handlers), or call `useAsyncData`/`useFetch` in the `setup()` function. @ http://localhost:3003/_nuxt/@vite/client:528
[  353583ms] [ERROR] Connecting to 'https://o996770.ingest.us.sentry.io/api/5955273/envelope/?sentry_version=7&sentry_key=df1b90fab7c44ce8aef097a63b468d61&sentry_client=sentry.javascript.nuxt%2F10.70.0' violates the following Content Security Policy directive: "connect-src 'self' https://*.mux.com https://cms.meeovicms.com". The action has been blocked. @ http://localhost:3003/_nuxt/@fs/home/meebuzo/github/alternate-framework/node_modules/@sentry/browser/build/npm/esm/dev/transports/fetch.js?v=193f35c6:31
[  353584ms] [ERROR] Fetch API cannot load https://o996770.ingest.us.sentry.io/api/5955273/envelope/?sentry_version=7&sentry_key=df1b90fab7c44ce8aef097a63b468d61&sentry_client=sentry.javascript.nuxt%2F10.70.0. Refused to connect because it violates the document's Content Security Policy. @ http://localhost:3003/_nuxt/@fs/home/meebuzo/github/alternate-framework/node_modules/@sentry/browser/build/npm/esm/dev/transports/fetch.js?v=193f35c6:31
