[   11035ms] [WARNING] Failed parsing 'srcset' attribute value since it has an unknown descriptor. @ :0
[   11036ms] [WARNING] Dropped srcset candidate "https://res.cloudinary.com/\u003CYour" @ :0
[   11036ms] [WARNING] Failed parsing 'srcset' attribute value since it has an unknown descriptor. @ :0
[   11036ms] [WARNING] Dropped srcset candidate "https://res.cloudinary.com/\u003CYour" @ :0
[   11036ms] [WARNING] Failed parsing 'srcset' attribute value since it has an unknown descriptor. @ :0
[   11036ms] [WARNING] Dropped srcset candidate "https://res.cloudinary.com/\u003CYour" @ :0
[   11036ms] [WARNING] Failed parsing 'srcset' attribute value since it has an unknown descriptor. @ :0
[   11036ms] [WARNING] Dropped srcset candidate "https://res.cloudinary.com/\u003CYour" @ :0
[   11036ms] [WARNING] Failed parsing 'srcset' attribute value since it has an unknown descriptor. @ :0
[   11036ms] [WARNING] Dropped srcset candidate "https://res.cloudinary.com/\u003CYour" @ :0
[   11036ms] [WARNING] Failed parsing 'srcset' attribute value since it has an unknown descriptor. @ :0
[   11036ms] [WARNING] Dropped srcset candidate "https://res.cloudinary.com/\u003CYour" @ :0
[   17503ms] [WARNING] [Vue warn]: Unhandled error during execution of watcher callback @ http://localhost:3001/_nuxt/@fs/home/meebuzo/github/alternate-framework/apps/ecosystem/meeovi-frontend/node_modules/@sentry/core/build/esm/instrument/console.js?v=cfee6d51:42
[   17525ms] [INFO] <Suspense> is an experimental feature and its API will likely change. @ http://localhost:3001/_nuxt/@fs/home/meebuzo/github/alternate-framework/apps/ecosystem/meeovi-frontend/node_modules/@sentry/core/build/esm/instrument/console.js?v=cfee6d51:42
[   17578ms] [ERROR] Connecting to 'https://o996770.ingest.us.sentry.io/api/5955273/envelope/?sentry_version=7&sentry_key=df1b90fab7c44ce8aef097a63b468d61&sentry_client=sentry.javascript.nuxt%2F10.63.0' violates the following Content Security Policy directive: "connect-src 'self' https://*.mux.com". The action has been blocked. @ http://localhost:3001/_nuxt/@fs/home/meebuzo/github/alternate-framework/apps/ecosystem/meeovi-frontend/node_modules/@sentry/browser/build/npm/esm/dev/transports/fetch.js?v=cfee6d51:31
[   17579ms] [ERROR] Fetch API cannot load https://o996770.ingest.us.sentry.io/api/5955273/envelope/?sentry_version=7&sentry_key=df1b90fab7c44ce8aef097a63b468d61&sentry_client=sentry.javascript.nuxt%2F10.63.0. Refused to connect because it violates the document's Content Security Policy. @ http://localhost:3001/_nuxt/@fs/home/meebuzo/github/alternate-framework/apps/ecosystem/meeovi-frontend/node_modules/@sentry/browser/build/npm/esm/dev/transports/fetch.js?v=cfee6d51:31
[   17580ms] TypeError: Cannot convert object to primitive value
    at getUserStorageKey (http://localhost:3001/_nuxt/@fs/home/meebuzo/github/alternate-framework/layers/auth/app/composables/useSessionLocale.ts:18:45)
    at getPersistedLocaleForUser (http://localhost:3001/_nuxt/@fs/home/meebuzo/github/alternate-framework/layers/auth/app/composables/useSessionLocale.ts:43:24)
    at restoreLocaleForUser (http://localhost:3001/_nuxt/@fs/home/meebuzo/github/alternate-framework/layers/auth/app/composables/useSessionLocale.ts:51:26)
    at watch.immediate (http://localhost:3001/_nuxt/@fs/home/meebuzo/github/alternate-framework/layers/auth/app/plugins/session-locale.client.ts:16:13)
    at callWithErrorHandling (http://localhost:3001/_nuxt/@fs/home/meebuzo/github/alternate-framework/apps/ecosystem/meeovi-frontend/node_modules/@vue/runtime-core/dist/runtime-core.esm-bundler.js?v=cfee6d51:197:19)
    at callWithAsyncErrorHandling (http://localhost:3001/_nuxt/@fs/home/meebuzo/github/alternate-framework/apps/ecosystem/meeovi-frontend/node_modules/@vue/runtime-core/dist/runtime-core.esm-bundler.js?v=cfee6d51:204:17)
    at baseWatchOptions.call (http://localhost:3001/_nuxt/@fs/home/meebuzo/github/alternate-framework/apps/ecosystem/meeovi-frontend/node_modules/@vue/runtime-core/dist/runtime-core.esm-bundler.js?v=cfee6d51:890:47)
    at job (http://localhost:3001/_nuxt/@fs/home/meebuzo/github/alternate-framework/apps/ecosystem/meeovi-frontend/node_modules/@vue/reactivity/dist/reactivity.esm-bundler.js?v=cfee6d51:1849:18)
    at watch (http://localhost:3001/_nuxt/@fs/home/meebuzo/github/alternate-framework/apps/ecosystem/meeovi-frontend/node_modules/@vue/reactivity/dist/reactivity.esm-bundler.js?v=cfee6d51:1884:7)
    at doWatch (http://localhost:3001/_nuxt/@fs/home/meebuzo/github/alternate-framework/apps/ecosystem/meeovi-frontend/node_modules/@vue/runtime-core/dist/runtime-core.esm-bundler.js?v=cfee6d51:918:23)
    at watch (http://localhost:3001/_nuxt/@fs/home/meebuzo/github/alternate-framework/apps/ecosystem/meeovi-frontend/node_modules/@vue/runtime-core/dist/runtime-core.esm-bundler.js?v=cfee6d51:851:10)
    at http://localhost:3001/_nuxt/@fs/home/meebuzo/github/alternate-framework/layers/auth/app/plugins/session-locale.client.ts:10:3
    at http://localhost:3001/_nuxt/@fs/home/meebuzo/github/alternate-framework/apps/ecosystem/meeovi-frontend/node_modules/nuxt/dist/app/nuxt.js?v=cfee6d51:142:60
    at fn (http://localhost:3001/_nuxt/@fs/home/meebuzo/github/alternate-framework/apps/ecosystem/meeovi-frontend/node_modules/nuxt/dist/app/nuxt.js?v=cfee6d51:224:44)
    at Object.runWithContext (http://localhost:3001/_nuxt/@fs/home/meebuzo/github/alternate-framework/apps/ecosystem/meeovi-frontend/node_modules/@vue/runtime-core/dist/runtime-core.esm-bundler.js?v=cfee6d51:4366:18)
    at callWithNuxt (http://localhost:3001/_nuxt/@fs/home/meebuzo/github/alternate-framework/apps/ecosystem/meeovi-frontend/node_modules/nuxt/dist/app/nuxt.js?v=cfee6d51:230:24)
    at http://localhost:3001/_nuxt/@fs/home/meebuzo/github/alternate-framework/apps/ecosystem/meeovi-frontend/node_modules/nuxt/dist/app/nuxt.js?v=cfee6d51:37:41
    at EffectScope.run (http://localhost:3001/_nuxt/@fs/home/meebuzo/github/alternate-framework/apps/ecosystem/meeovi-frontend/node_modules/@vue/reactivity/dist/reactivity.esm-bundler.js?v=cfee6d51:75:16)
    at Object.runWithContext (http://localhost:3001/_nuxt/@fs/home/meebuzo/github/alternate-framework/apps/ecosystem/meeovi-frontend/node_modules/nuxt/dist/app/nuxt.js?v=cfee6d51:37:31)
    at applyPlugin (http://localhost:3001/_nuxt/@fs/home/meebuzo/github/alternate-framework/apps/ecosystem/meeovi-frontend/node_modules/nuxt/dist/app/nuxt.js?v=cfee6d51:142:39)
    at executePlugin (http://localhost:3001/_nuxt/@fs/home/meebuzo/github/alternate-framework/apps/ecosystem/meeovi-frontend/node_modules/nuxt/dist/app/nuxt.js?v=cfee6d51:161:23)
    at applyPlugins (http://localhost:3001/_nuxt/@fs/home/meebuzo/github/alternate-framework/apps/ecosystem/meeovi-frontend/node_modules/nuxt/dist/app/nuxt.js?v=cfee6d51:197:11)
    at async initApp (http://localhost:3001/_nuxt/@fs/home/meebuzo/github/alternate-framework/apps/ecosystem/meeovi-frontend/node_modules/nuxt/dist/app/entry.js?v=cfee6d51:60:7)
[   17648ms] [LOG] ✨ %cNuxt DevTools %c Press Shift + Alt + D to open DevTools color: black; border-radius: 3px 0 0 3px; padding: 2px 2px 1px 10px; background: #00DC82 border-radius: 0 3px 3px 0; padding: 2px 10px 1px 2px; background: #00DC8220  @ http://localhost:3001/_nuxt/@fs/home/meebuzo/github/alternate-framework/apps/ecosystem/meeovi-frontend/node_modules/@sentry/core/build/esm/instrument/console.js?v=cfee6d51:42
[   17654ms] [ERROR] Failed to load resource: the server responded with a status of 404 (Not Found) @ http://localhost:3001/api/auth/user/value/id/to-string:0
[   17665ms] [ERROR] Failed to load resource: the server responded with a status of 404 (Not Found) @ http://localhost:3001/api/auth/user/value/id/value-of:0
[   18156ms] [WARNING] [nuxt] [image] Density values above `2` are not recommended. See https://observablehq.com/@eeeps/visual-acuity-and-device-pixel-ratio. @ http://localhost:3001/_nuxt/@fs/home/meebuzo/github/alternate-framework/apps/ecosystem/meeovi-frontend/node_modules/@sentry/core/build/esm/instrument/console.js?v=cfee6d51:42
[   18158ms] [WARNING] Failed parsing 'srcset' attribute value since it has an unknown descriptor. @ http://localhost:3001/_nuxt/@fs/home/meebuzo/github/alternate-framework/apps/ecosystem/meeovi-frontend/node_modules/@vue/runtime-dom/dist/runtime-dom.esm-bundler.js?v=cfee6d51:674
[   18158ms] [WARNING] Dropped srcset candidate "https://res.cloudinary.com/\u003CYour" @ http://localhost:3001/_nuxt/@fs/home/meebuzo/github/alternate-framework/apps/ecosystem/meeovi-frontend/node_modules/@vue/runtime-dom/dist/runtime-dom.esm-bundler.js?v=cfee6d51:674
[   18159ms] [WARNING] Failed parsing 'srcset' attribute value since it has an unknown descriptor. @ http://localhost:3001/_nuxt/@fs/home/meebuzo/github/alternate-framework/apps/ecosystem/meeovi-frontend/node_modules/@vue/runtime-dom/dist/runtime-dom.esm-bundler.js?v=cfee6d51:674
[   18160ms] [WARNING] Dropped srcset candidate "https://res.cloudinary.com/\u003CYour" @ http://localhost:3001/_nuxt/@fs/home/meebuzo/github/alternate-framework/apps/ecosystem/meeovi-frontend/node_modules/@vue/runtime-dom/dist/runtime-dom.esm-bundler.js?v=cfee6d51:674
[   18160ms] [WARNING] Failed parsing 'srcset' attribute value since it has an unknown descriptor. @ http://localhost:3001/_nuxt/@fs/home/meebuzo/github/alternate-framework/apps/ecosystem/meeovi-frontend/node_modules/@vue/runtime-dom/dist/runtime-dom.esm-bundler.js?v=cfee6d51:674
[   18161ms] [WARNING] Dropped srcset candidate "https://res.cloudinary.com/\u003CYour" @ http://localhost:3001/_nuxt/@fs/home/meebuzo/github/alternate-framework/apps/ecosystem/meeovi-frontend/node_modules/@vue/runtime-dom/dist/runtime-dom.esm-bundler.js?v=cfee6d51:674
[   18187ms] [ERROR] Connecting to 'https://cms.meeovicms.com/items/page_blocks/5?fields=*%2Cmedia.*.*' violates the following Content Security Policy directive: "connect-src 'self' https://*.mux.com". The action has been blocked. @ http://localhost:3001/_nuxt/@fs/home/meebuzo/github/alternate-framework/apps/ecosystem/meeovi-frontend/node_modules/.cache/vite/client/deps/@directus_sdk.js?v=cfee6d51:101
[   18188ms] [ERROR] Fetch API cannot load https://cms.meeovicms.com/items/page_blocks/5?fields=*%2Cmedia.*.*. Refused to connect because it violates the document's Content Security Policy. @ http://localhost:3001/_nuxt/@fs/home/meebuzo/github/alternate-framework/apps/ecosystem/meeovi-frontend/node_modules/.cache/vite/client/deps/@directus_sdk.js?v=cfee6d51:101
[   18198ms] [ERROR] Connecting to 'https://cms.meeovicms.com/items/navigation/12' violates the following Content Security Policy directive: "connect-src 'self' https://*.mux.com". The action has been blocked. @ http://localhost:3001/_nuxt/@fs/home/meebuzo/github/alternate-framework/apps/ecosystem/meeovi-frontend/node_modules/.cache/vite/client/deps/@directus_sdk.js?v=cfee6d51:101
[   18198ms] [ERROR] Fetch API cannot load https://cms.meeovicms.com/items/navigation/12. Refused to connect because it violates the document's Content Security Policy. @ http://localhost:3001/_nuxt/@fs/home/meebuzo/github/alternate-framework/apps/ecosystem/meeovi-frontend/node_modules/.cache/vite/client/deps/@directus_sdk.js?v=cfee6d51:101
[   18212ms] [LOG] 🍍 "cart" store installed 🆕 @ http://localhost:3001/_nuxt/@fs/home/meebuzo/github/alternate-framework/apps/ecosystem/meeovi-frontend/node_modules/@sentry/core/build/esm/instrument/console.js?v=cfee6d51:42
[   18249ms] [ERROR] Connecting to 'https://cms.meeovicms.com/items/navigation/5' violates the following Content Security Policy directive: "connect-src 'self' https://*.mux.com". The action has been blocked. @ http://localhost:3001/_nuxt/@fs/home/meebuzo/github/alternate-framework/apps/ecosystem/meeovi-frontend/node_modules/.cache/vite/client/deps/@directus_sdk.js?v=cfee6d51:101
[   18250ms] [ERROR] Fetch API cannot load https://cms.meeovicms.com/items/navigation/5. Refused to connect because it violates the document's Content Security Policy. @ http://localhost:3001/_nuxt/@fs/home/meebuzo/github/alternate-framework/apps/ecosystem/meeovi-frontend/node_modules/.cache/vite/client/deps/@directus_sdk.js?v=cfee6d51:101
[   18252ms] [ERROR] Connecting to 'https://cms.meeovicms.com/items/departments?fields=*%2C*.*&filter=%7B%22active%22%3A%7B%22_eq%22%3A%22active%22%7D%2C%22type%22%3A%7B%22_eq%22%3A%22department%22%7D%7D&sort=name' violates the following Content Security Policy directive: "connect-src 'self' https://*.mux.com". The action has been blocked. @ http://localhost:3001/_nuxt/@fs/home/meebuzo/github/alternate-framework/apps/ecosystem/meeovi-frontend/node_modules/.cache/vite/client/deps/@directus_sdk.js?v=cfee6d51:101
[   18253ms] [ERROR] Fetch API cannot load https://cms.meeovicms.com/items/departments?fields=*%2C*.*&filter=%7B%22active%22%3A%7B%22_eq%22%3A%22active%22%7D%2C%22type%22%3A%7B%22_eq%22%3A%22department%22%7D%7D&sort=name. Refused to connect because it violates the document's Content Security Policy. @ http://localhost:3001/_nuxt/@fs/home/meebuzo/github/alternate-framework/apps/ecosystem/meeovi-frontend/node_modules/.cache/vite/client/deps/@directus_sdk.js?v=cfee6d51:101
[   18255ms] [ERROR] Connecting to 'https://cms.meeovicms.com/items/departments?fields=*%2C*.*&filter=%7B%22active%22%3A%7B%22_eq%22%3A%22active%22%7D%2C%22type%22%3A%7B%22_eq%22%3A%22outlet%22%7D%7D&sort=name' violates the following Content Security Policy directive: "connect-src 'self' https://*.mux.com". The action has been blocked. @ http://localhost:3001/_nuxt/@fs/home/meebuzo/github/alternate-framework/apps/ecosystem/meeovi-frontend/node_modules/.cache/vite/client/deps/@directus_sdk.js?v=cfee6d51:101
[   18256ms] [ERROR] Fetch API cannot load https://cms.meeovicms.com/items/departments?fields=*%2C*.*&filter=%7B%22active%22%3A%7B%22_eq%22%3A%22active%22%7D%2C%22type%22%3A%7B%22_eq%22%3A%22outlet%22%7D%7D&sort=name. Refused to connect because it violates the document's Content Security Policy. @ http://localhost:3001/_nuxt/@fs/home/meebuzo/github/alternate-framework/apps/ecosystem/meeovi-frontend/node_modules/.cache/vite/client/deps/@directus_sdk.js?v=cfee6d51:101
[   18258ms] [ERROR] Connecting to 'https://cms.meeovicms.com/items/navigation/76' violates the following Content Security Policy directive: "connect-src 'self' https://*.mux.com". The action has been blocked. @ http://localhost:3001/_nuxt/@fs/home/meebuzo/github/alternate-framework/apps/ecosystem/meeovi-frontend/node_modules/.cache/vite/client/deps/@directus_sdk.js?v=cfee6d51:101
[   18258ms] [ERROR] Fetch API cannot load https://cms.meeovicms.com/items/navigation/76. Refused to connect because it violates the document's Content Security Policy. @ http://localhost:3001/_nuxt/@fs/home/meebuzo/github/alternate-framework/apps/ecosystem/meeovi-frontend/node_modules/.cache/vite/client/deps/@directus_sdk.js?v=cfee6d51:101
[   18260ms] [ERROR] Connecting to 'https://cms.meeovicms.com/items/navigation/87' violates the following Content Security Policy directive: "connect-src 'self' https://*.mux.com". The action has been blocked. @ http://localhost:3001/_nuxt/@fs/home/meebuzo/github/alternate-framework/apps/ecosystem/meeovi-frontend/node_modules/.cache/vite/client/deps/@directus_sdk.js?v=cfee6d51:101
[   18261ms] [ERROR] Fetch API cannot load https://cms.meeovicms.com/items/navigation/87. Refused to connect because it violates the document's Content Security Policy. @ http://localhost:3001/_nuxt/@fs/home/meebuzo/github/alternate-framework/apps/ecosystem/meeovi-frontend/node_modules/.cache/vite/client/deps/@directus_sdk.js?v=cfee6d51:101
[   18276ms] [ERROR] Connecting to 'https://cms.meeovicms.com/items/navigation/7' violates the following Content Security Policy directive: "connect-src 'self' https://*.mux.com". The action has been blocked. @ http://localhost:3001/_nuxt/@fs/home/meebuzo/github/alternate-framework/apps/ecosystem/meeovi-frontend/node_modules/.cache/vite/client/deps/@directus_sdk.js?v=cfee6d51:101
[   18276ms] [ERROR] Fetch API cannot load https://cms.meeovicms.com/items/navigation/7. Refused to connect because it violates the document's Content Security Policy. @ http://localhost:3001/_nuxt/@fs/home/meebuzo/github/alternate-framework/apps/ecosystem/meeovi-frontend/node_modules/.cache/vite/client/deps/@directus_sdk.js?v=cfee6d51:101
[   18345ms] [ERROR] Connecting to 'https://cms.meeovicms.com/items/navigation/2?fields=*%2Cmenus.*' violates the following Content Security Policy directive: "connect-src 'self' https://*.mux.com". The action has been blocked. @ http://localhost:3001/_nuxt/@fs/home/meebuzo/github/alternate-framework/apps/ecosystem/meeovi-frontend/node_modules/.cache/vite/client/deps/@directus_sdk.js?v=cfee6d51:101
[   18347ms] [ERROR] Fetch API cannot load https://cms.meeovicms.com/items/navigation/2?fields=*%2Cmenus.*. Refused to connect because it violates the document's Content Security Policy. @ http://localhost:3001/_nuxt/@fs/home/meebuzo/github/alternate-framework/apps/ecosystem/meeovi-frontend/node_modules/.cache/vite/client/deps/@directus_sdk.js?v=cfee6d51:101
[   18449ms] [LOG] undefined @ http://localhost:3001/_nuxt/@fs/home/meebuzo/github/alternate-framework/apps/ecosystem/meeovi-frontend/node_modules/@sentry/core/build/esm/instrument/console.js?v=cfee6d51:42
[   18450ms] [ERROR] Connecting to 'https://cms.meeovicms.com/items/navigation/8' violates the following Content Security Policy directive: "connect-src 'self' https://*.mux.com". The action has been blocked. @ http://localhost:3001/_nuxt/@fs/home/meebuzo/github/alternate-framework/apps/ecosystem/meeovi-frontend/node_modules/.cache/vite/client/deps/@directus_sdk.js?v=cfee6d51:101
[   18450ms] [ERROR] Fetch API cannot load https://cms.meeovicms.com/items/navigation/8. Refused to connect because it violates the document's Content Security Policy. @ http://localhost:3001/_nuxt/@fs/home/meebuzo/github/alternate-framework/apps/ecosystem/meeovi-frontend/node_modules/.cache/vite/client/deps/@directus_sdk.js?v=cfee6d51:101
[   18451ms] [ERROR] Connecting to 'https://cms.meeovicms.com/items/navigation/3?fields=*%2Cmenus.*' violates the following Content Security Policy directive: "connect-src 'self' https://*.mux.com". The action has been blocked. @ http://localhost:3001/_nuxt/@fs/home/meebuzo/github/alternate-framework/apps/ecosystem/meeovi-frontend/node_modules/.cache/vite/client/deps/@directus_sdk.js?v=cfee6d51:101
[   18452ms] [ERROR] Fetch API cannot load https://cms.meeovicms.com/items/navigation/3?fields=*%2Cmenus.*. Refused to connect because it violates the document's Content Security Policy. @ http://localhost:3001/_nuxt/@fs/home/meebuzo/github/alternate-framework/apps/ecosystem/meeovi-frontend/node_modules/.cache/vite/client/deps/@directus_sdk.js?v=cfee6d51:101
[   18461ms] [WARNING] Failed parsing 'srcset' attribute value since it has an unknown descriptor. @ http://localhost:3001/_nuxt/@fs/home/meebuzo/github/alternate-framework/apps/ecosystem/meeovi-frontend/node_modules/@vue/runtime-dom/dist/runtime-dom.esm-bundler.js?v=cfee6d51:674
[   18461ms] [WARNING] Dropped srcset candidate "https://res.cloudinary.com/\u003CYour" @ http://localhost:3001/_nuxt/@fs/home/meebuzo/github/alternate-framework/apps/ecosystem/meeovi-frontend/node_modules/@vue/runtime-dom/dist/runtime-dom.esm-bundler.js?v=cfee6d51:674
[   18461ms] [WARNING] Failed parsing 'srcset' attribute value since it has an unknown descriptor. @ http://localhost:3001/_nuxt/@fs/home/meebuzo/github/alternate-framework/apps/ecosystem/meeovi-frontend/node_modules/@vue/runtime-dom/dist/runtime-dom.esm-bundler.js?v=cfee6d51:674
[   18462ms] [WARNING] Dropped srcset candidate "https://res.cloudinary.com/\u003CYour" @ http://localhost:3001/_nuxt/@fs/home/meebuzo/github/alternate-framework/apps/ecosystem/meeovi-frontend/node_modules/@vue/runtime-dom/dist/runtime-dom.esm-bundler.js?v=cfee6d51:674
[   18462ms] [WARNING] Failed parsing 'srcset' attribute value since it has an unknown descriptor. @ http://localhost:3001/_nuxt/@fs/home/meebuzo/github/alternate-framework/apps/ecosystem/meeovi-frontend/node_modules/@vue/runtime-dom/dist/runtime-dom.esm-bundler.js?v=cfee6d51:674
[   18462ms] [WARNING] Dropped srcset candidate "https://res.cloudinary.com/\u003CYour" @ http://localhost:3001/_nuxt/@fs/home/meebuzo/github/alternate-framework/apps/ecosystem/meeovi-frontend/node_modules/@vue/runtime-dom/dist/runtime-dom.esm-bundler.js?v=cfee6d51:674
[   18463ms] [WARNING] Failed parsing 'srcset' attribute value since it has an unknown descriptor. @ http://localhost:3001/_nuxt/@fs/home/meebuzo/github/alternate-framework/apps/ecosystem/meeovi-frontend/node_modules/@vue/runtime-dom/dist/runtime-dom.esm-bundler.js?v=cfee6d51:674
[   18463ms] [WARNING] Dropped srcset candidate "https://res.cloudinary.com/\u003CYour" @ http://localhost:3001/_nuxt/@fs/home/meebuzo/github/alternate-framework/apps/ecosystem/meeovi-frontend/node_modules/@vue/runtime-dom/dist/runtime-dom.esm-bundler.js?v=cfee6d51:674
[   18464ms] [WARNING] Failed parsing 'srcset' attribute value since it has an unknown descriptor. @ http://localhost:3001/_nuxt/@fs/home/meebuzo/github/alternate-framework/apps/ecosystem/meeovi-frontend/node_modules/@vue/runtime-dom/dist/runtime-dom.esm-bundler.js?v=cfee6d51:674
[   18464ms] [WARNING] Dropped srcset candidate "https://res.cloudinary.com/\u003CYour" @ http://localhost:3001/_nuxt/@fs/home/meebuzo/github/alternate-framework/apps/ecosystem/meeovi-frontend/node_modules/@vue/runtime-dom/dist/runtime-dom.esm-bundler.js?v=cfee6d51:674
[   18464ms] [WARNING] Failed parsing 'srcset' attribute value since it has an unknown descriptor. @ http://localhost:3001/_nuxt/@fs/home/meebuzo/github/alternate-framework/apps/ecosystem/meeovi-frontend/node_modules/@vue/runtime-dom/dist/runtime-dom.esm-bundler.js?v=cfee6d51:674
[   18465ms] [WARNING] Dropped srcset candidate "https://res.cloudinary.com/\u003CYour" @ http://localhost:3001/_nuxt/@fs/home/meebuzo/github/alternate-framework/apps/ecosystem/meeovi-frontend/node_modules/@vue/runtime-dom/dist/runtime-dom.esm-bundler.js?v=cfee6d51:674
[   18517ms] [ERROR] Connecting to 'https://cms.meeovicms.com/items/navigation/9' violates the following Content Security Policy directive: "connect-src 'self' https://*.mux.com". The action has been blocked. @ http://localhost:3001/_nuxt/@fs/home/meebuzo/github/alternate-framework/apps/ecosystem/meeovi-frontend/node_modules/.cache/vite/client/deps/@directus_sdk.js?v=cfee6d51:101
[   18518ms] [ERROR] Fetch API cannot load https://cms.meeovicms.com/items/navigation/9. Refused to connect because it violates the document's Content Security Policy. @ http://localhost:3001/_nuxt/@fs/home/meebuzo/github/alternate-framework/apps/ecosystem/meeovi-frontend/node_modules/.cache/vite/client/deps/@directus_sdk.js?v=cfee6d51:101
[   18537ms] [WARNING] [Vue warn]: Unhandled error during execution of render function 
  at <VListChildren items= [] returnObject=false > 
  at <VList key=0 lines="one" density="comfortable" > 
  at <VNavigationDrawer modelValue=false onUpdate:modelValue=fn location="right"  ... > 
  at <MenusTopmenuMyaccounttopmenu > 
  at <ClientOnly > 
  at <VCol class="myaccounttopmenu" > 
  at <VDefaultsProvider defaults= {VTabs: Object} > 
  at <VToolbar ref=Ref< Proxy(Object) > class="v-app-bar" style= {top: 0px, zIndex: 1012, transform: translateY(0px), position: fixed, height: undefined}  ... > 
  at <VAppBar id="topnav" > 
  at <MenusHeader drawer=false onToggleDrawer=fn > 
  at <ClientOnly > 
  at <VApp theme="light" class="auto-text" > 
  at <VResponsive class="border rounded" > 
  at <Default ref=Ref< Proxy(Object) > > 
  at <AsyncComponentWrapper ref=Ref< Proxy(Object) > > 
  at <LayoutLoader key="default" layoutProps= {ref: RefImpl} name="default" > 
  at <NuxtLayoutProvider layoutProps= {ref: RefImpl} key="default" name="default"  ... > 
  at <NuxtLayout > 
  at <App key=4 > 
  at <NuxtRoot> @ http://localhost:3001/_nuxt/@fs/home/meebuzo/github/alternate-framework/apps/ecosystem/meeovi-frontend/node_modules/@sentry/core/build/esm/instrument/console.js?v=cfee6d51:42
[   18556ms] [WARNING] [Vue warn]: Unhandled error during execution of render function 
  at <VNavigationDrawer modelValue=undefined onUpdate:modelValue=fn location="right"  ... > 
  at <MenusTopmenuLayoutNotifications > 
  at <VCol class="notificationsHeader" > 
  at <VDefaultsProvider defaults= {VTabs: Object} > 
  at <VToolbar ref=Ref< Proxy(Object) > class="v-app-bar" style= {top: 0px, zIndex: 1014, transform: translateY(0px), position: fixed, height: undefined}  ... > 
  at <VAppBar id="topnav" > 
  at <MenusHeader drawer=false onToggleDrawer=fn > 
  at <ClientOnly > 
  at <VApp theme="light" class="auto-text" > 
  at <VResponsive class="border rounded" > 
  at <Default ref=Ref< Proxy(Object) > > 
  at <AsyncComponentWrapper ref=Ref< Proxy(Object) > > 
  at <LayoutLoader key="default" layoutProps= {ref: RefImpl} name="default" > 
  at <NuxtLayoutProvider layoutProps= {ref: RefImpl} key="default" name="default"  ... > 
  at <NuxtLayout > 
  at <App key=4 > 
  at <NuxtRoot> @ http://localhost:3001/_nuxt/@fs/home/meebuzo/github/alternate-framework/apps/ecosystem/meeovi-frontend/node_modules/@sentry/core/build/esm/instrument/console.js?v=cfee6d51:42
[   18560ms] [WARNING] [Vue warn]: Unhandled error during execution of component update 
  at <VNavigationDrawer modelValue=undefined onUpdate:modelValue=fn location="right"  ... > 
  at <MenusTopmenuLayoutNotifications > 
  at <VCol class="notificationsHeader" > 
  at <VDefaultsProvider defaults= {VTabs: Object} > 
  at <VToolbar ref=Ref< Proxy(Object) > class="v-app-bar" style= {top: 0px, zIndex: 1014, transform: translateY(0px), position: fixed, height: undefined}  ... > 
  at <VAppBar id="topnav" > 
  at <MenusHeader drawer=false onToggleDrawer=fn > 
  at <ClientOnly > 
  at <VApp theme="light" class="auto-text" > 
  at <VResponsive class="border rounded" > 
  at <Default ref=Ref< Proxy(Object) > > 
  at <AsyncComponentWrapper ref=Ref< Proxy(Object) > > 
  at <LayoutLoader key="default" layoutProps= {ref: RefImpl} name="default" > 
  at <NuxtLayoutProvider layoutProps= {ref: RefImpl} key="default" name="default"  ... > 
  at <NuxtLayout > 
  at <App key=4 > 
  at <NuxtRoot> @ http://localhost:3001/_nuxt/@fs/home/meebuzo/github/alternate-framework/apps/ecosystem/meeovi-frontend/node_modules/@sentry/core/build/esm/instrument/console.js?v=cfee6d51:42
[   18584ms] [ERROR] Connecting to 'https://cms.meeovicms.com/items/page_blocks/5?fields=*%2Cmedia.*.*' violates the following Content Security Policy directive: "connect-src 'self' https://*.mux.com". The action has been blocked. @ http://localhost:3001/_nuxt/@fs/home/meebuzo/github/alternate-framework/apps/ecosystem/meeovi-frontend/node_modules/.cache/vite/client/deps/@directus_sdk.js?v=cfee6d51:101
[   18584ms] [ERROR] Fetch API cannot load https://cms.meeovicms.com/items/page_blocks/5?fields=*%2Cmedia.*.*. Refused to connect because it violates the document's Content Security Policy. @ http://localhost:3001/_nuxt/@fs/home/meebuzo/github/alternate-framework/apps/ecosystem/meeovi-frontend/node_modules/.cache/vite/client/deps/@directus_sdk.js?v=cfee6d51:101
[   18639ms] [ERROR] Connecting to 'https://cms.meeovicms.com/items/navigation/10' violates the following Content Security Policy directive: "connect-src 'self' https://*.mux.com". The action has been blocked. @ http://localhost:3001/_nuxt/@fs/home/meebuzo/github/alternate-framework/apps/ecosystem/meeovi-frontend/node_modules/.cache/vite/client/deps/@directus_sdk.js?v=cfee6d51:101
[   18639ms] [ERROR] Fetch API cannot load https://cms.meeovicms.com/items/navigation/10. Refused to connect because it violates the document's Content Security Policy. @ http://localhost:3001/_nuxt/@fs/home/meebuzo/github/alternate-framework/apps/ecosystem/meeovi-frontend/node_modules/.cache/vite/client/deps/@directus_sdk.js?v=cfee6d51:101
[   18694ms] [WARNING] [Vue warn]: Unhandled error during execution of render function 
  at <VNavigationDrawer modelValue=undefined onUpdate:modelValue=fn location="right"  ... > 
  at <MenusTopmenuLayoutNotifications > 
  at <VCol class="notificationsHeader" > 
  at <VDefaultsProvider defaults= {VTabs: Object} > 
  at <VToolbar ref=Ref< Proxy(Object) > class="v-app-bar" style= {top: 0px, zIndex: 1014, transform: translateY(0px), position: fixed, height: undefined}  ... > 
  at <VAppBar id="topnav" > 
  at <MenusHeader drawer=false onToggleDrawer=fn > 
  at <ClientOnly > 
  at <VApp theme="light" class="auto-text" > 
  at <VResponsive class="border rounded" > 
  at <Default ref=Ref< Proxy(Object) > > 
  at <AsyncComponentWrapper ref=Ref< Proxy(Object) > > 
  at <LayoutLoader key="default" layoutProps= {ref: RefImpl} name="default" > 
  at <NuxtLayoutProvider layoutProps= {ref: RefImpl} key="default" name="default"  ... > 
  at <NuxtLayout > 
  at <App key=4 > 
  at <NuxtRoot> @ http://localhost:3001/_nuxt/@fs/home/meebuzo/github/alternate-framework/apps/ecosystem/meeovi-frontend/node_modules/@sentry/core/build/esm/instrument/console.js?v=cfee6d51:42
[   18698ms] [WARNING] [Vue warn]: Unhandled error during execution of component update 
  at <VNavigationDrawer modelValue=undefined onUpdate:modelValue=fn location="right"  ... > 
  at <MenusTopmenuLayoutNotifications > 
  at <VCol class="notificationsHeader" > 
  at <VDefaultsProvider defaults= {VTabs: Object} > 
  at <VToolbar ref=Ref< Proxy(Object) > class="v-app-bar" style= {top: 0px, zIndex: 1014, transform: translateY(0px), position: fixed, height: undefined}  ... > 
  at <VAppBar id="topnav" > 
  at <MenusHeader drawer=false onToggleDrawer=fn > 
  at <ClientOnly > 
  at <VApp theme="light" class="auto-text" > 
  at <VResponsive class="border rounded" > 
  at <Default ref=Ref< Proxy(Object) > > 
  at <AsyncComponentWrapper ref=Ref< Proxy(Object) > > 
  at <LayoutLoader key="default" layoutProps= {ref: RefImpl} name="default" > 
  at <NuxtLayoutProvider layoutProps= {ref: RefImpl} key="default" name="default"  ... > 
  at <NuxtLayout > 
  at <App key=4 > 
  at <NuxtRoot> @ http://localhost:3001/_nuxt/@fs/home/meebuzo/github/alternate-framework/apps/ecosystem/meeovi-frontend/node_modules/@sentry/core/build/esm/instrument/console.js?v=cfee6d51:42
[   18715ms] [WARNING] [Vue warn]: Unhandled error during execution of render function 
  at <VNavigationDrawer modelValue=undefined onUpdate:modelValue=fn location="right"  ... > 
  at <MenusTopmenuLayoutNotifications > 
  at <VCol class="notificationsHeader" > 
  at <VDefaultsProvider defaults= {VTabs: Object} > 
  at <VToolbar ref=Ref< Proxy(Object) > class="v-app-bar" style= {top: 0px, zIndex: 1014, transform: translateY(0px), position: fixed, height: undefined}  ... > 
  at <VAppBar id="topnav" > 
  at <MenusHeader drawer=false onToggleDrawer=fn > 
  at <ClientOnly > 
  at <VApp theme="light" class="auto-text" > 
  at <VResponsive class="border rounded" > 
  at <Default ref=Ref< Proxy(Object) > > 
  at <AsyncComponentWrapper ref=Ref< Proxy(Object) > > 
  at <LayoutLoader key="default" layoutProps= {ref: RefImpl} name="default" > 
  at <NuxtLayoutProvider layoutProps= {ref: RefImpl} key="default" name="default"  ... > 
  at <NuxtLayout > 
  at <App key=4 > 
  at <NuxtRoot> @ http://localhost:3001/_nuxt/@fs/home/meebuzo/github/alternate-framework/apps/ecosystem/meeovi-frontend/node_modules/@sentry/core/build/esm/instrument/console.js?v=cfee6d51:42
[   18718ms] [WARNING] [Vue warn]: Unhandled error during execution of component update 
  at <VNavigationDrawer modelValue=undefined onUpdate:modelValue=fn location="right"  ... > 
  at <MenusTopmenuLayoutNotifications > 
  at <VCol class="notificationsHeader" > 
  at <VDefaultsProvider defaults= {VTabs: Object} > 
  at <VToolbar ref=Ref< Proxy(Object) > class="v-app-bar" style= {top: 0px, zIndex: 1014, transform: translateY(0px), position: fixed, height: undefined}  ... > 
  at <VAppBar id="topnav" > 
  at <MenusHeader drawer=false onToggleDrawer=fn > 
  at <ClientOnly > 
  at <VApp theme="light" class="auto-text" > 
  at <VResponsive class="border rounded" > 
  at <Default ref=Ref< Proxy(Object) > > 
  at <AsyncComponentWrapper ref=Ref< Proxy(Object) > > 
  at <LayoutLoader key="default" layoutProps= {ref: RefImpl} name="default" > 
  at <NuxtLayoutProvider layoutProps= {ref: RefImpl} key="default" name="default"  ... > 
  at <NuxtLayout > 
  at <App key=4 > 
  at <NuxtRoot> @ http://localhost:3001/_nuxt/@fs/home/meebuzo/github/alternate-framework/apps/ecosystem/meeovi-frontend/node_modules/@sentry/core/build/esm/instrument/console.js?v=cfee6d51:42
[   18768ms] [WARNING] [Vue warn]: Avoid app logic that relies on enumerating keys on a component instance. The keys will be empty in production mode to avoid performance overhead. 
  at <VNavigationDrawer modelValue=undefined onUpdate:modelValue=fn location="right"  ... > 
  at <MenusTopmenuLayoutNotifications > 
  at <VCol class="notificationsHeader" > 
  at <VDefaultsProvider defaults= {VTabs: Object} > 
  at <VToolbar ref=Ref< Proxy(Object) > class="v-app-bar" style= {top: 0px, zIndex: 1014, transform: translateY(0px), position: fixed, height: undefined}  ... > 
  at <VAppBar id="topnav" > 
  at <MenusHeader drawer=false onToggleDrawer=fn > 
  at <ClientOnly > 
  at <VApp theme="light" class="auto-text" > 
  at <VResponsive class="border rounded" > 
  at <Default ref=Ref< Proxy(Object) > > 
  at <AsyncComponentWrapper ref=Ref< Proxy(Object) > > 
  at <LayoutLoader key="default" layoutProps= {ref: RefImpl} name="default" > 
  at <NuxtLayoutProvider layoutProps= {ref: RefImpl} key="default" name="default"  ... > 
  at <NuxtLayout > 
  at <App key=4 > 
  at <NuxtRoot> @ http://localhost:3001/_nuxt/@fs/home/meebuzo/github/alternate-framework/apps/ecosystem/meeovi-frontend/node_modules/@sentry/core/build/esm/instrument/console.js?v=cfee6d51:42
[   18773ms] [WARNING] [Vue warn]: Avoid app logic that relies on enumerating keys on a component instance. The keys will be empty in production mode to avoid performance overhead. 
  at <VNavigationDrawer modelValue=undefined onUpdate:modelValue=fn location="right"  ... > 
  at <MenusTopmenuLayoutNotifications > 
  at <VCol class="notificationsHeader" > 
  at <VDefaultsProvider defaults= {VTabs: Object} > 
  at <VToolbar ref=Ref< Proxy(Object) > class="v-app-bar" style= {top: 0px, zIndex: 1014, transform: translateY(0px), position: fixed, height: undefined}  ... > 
  at <VAppBar id="topnav" > 
  at <MenusHeader drawer=false onToggleDrawer=fn > 
  at <ClientOnly > 
  at <VApp theme="light" class="auto-text" > 
  at <VResponsive class="border rounded" > 
  at <Default ref=Ref< Proxy(Object) > > 
  at <AsyncComponentWrapper ref=Ref< Proxy(Object) > > 
  at <LayoutLoader key="default" layoutProps= {ref: RefImpl} name="default" > 
  at <NuxtLayoutProvider layoutProps= {ref: RefImpl} key="default" name="default"  ... > 
  at <NuxtLayout > 
  at <App key=4 > 
  at <NuxtRoot> @ http://localhost:3001/_nuxt/@fs/home/meebuzo/github/alternate-framework/apps/ecosystem/meeovi-frontend/node_modules/@sentry/core/build/esm/instrument/console.js?v=cfee6d51:42
[   18778ms] [WARNING] [Vue warn]: Avoid app logic that relies on enumerating keys on a component instance. The keys will be empty in production mode to avoid performance overhead. 
  at <VNavigationDrawer modelValue=undefined onUpdate:modelValue=fn location="right"  ... > 
  at <MenusTopmenuLayoutNotifications > 
  at <VCol class="notificationsHeader" > 
  at <VDefaultsProvider defaults= {VTabs: Object} > 
  at <VToolbar ref=Ref< Proxy(Object) > class="v-app-bar" style= {top: 0px, zIndex: 1014, transform: translateY(0px), position: fixed, height: undefined}  ... > 
  at <VAppBar id="topnav" > 
  at <MenusHeader drawer=false onToggleDrawer=fn > 
  at <ClientOnly > 
  at <VApp theme="light" class="auto-text" > 
  at <VResponsive class="border rounded" > 
  at <Default ref=Ref< Proxy(Object) > > 
  at <AsyncComponentWrapper ref=Ref< Proxy(Object) > > 
  at <LayoutLoader key="default" layoutProps= {ref: RefImpl} name="default" > 
  at <NuxtLayoutProvider layoutProps= {ref: RefImpl} key="default" name="default"  ... > 
  at <NuxtLayout > 
  at <App key=4 > 
  at <NuxtRoot> @ http://localhost:3001/_nuxt/@fs/home/meebuzo/github/alternate-framework/apps/ecosystem/meeovi-frontend/node_modules/@sentry/core/build/esm/instrument/console.js?v=cfee6d51:42
[   18783ms] [WARNING] [Vue warn]: Avoid app logic that relies on enumerating keys on a component instance. The keys will be empty in production mode to avoid performance overhead. 
  at <VNavigationDrawer modelValue=undefined onUpdate:modelValue=fn location="right"  ... > 
  at <MenusTopmenuLayoutNotifications > 
  at <VCol class="notificationsHeader" > 
  at <VDefaultsProvider defaults= {VTabs: Object} > 
  at <VToolbar ref=Ref< Proxy(Object) > class="v-app-bar" style= {top: 0px, zIndex: 1014, transform: translateY(0px), position: fixed, height: undefined}  ... > 
  at <VAppBar id="topnav" > 
  at <MenusHeader drawer=false onToggleDrawer=fn > 
  at <ClientOnly > 
  at <VApp theme="light" class="auto-text" > 
  at <VResponsive class="border rounded" > 
  at <Default ref=Ref< Proxy(Object) > > 
  at <AsyncComponentWrapper ref=Ref< Proxy(Object) > > 
  at <LayoutLoader key="default" layoutProps= {ref: RefImpl} name="default" > 
  at <NuxtLayoutProvider layoutProps= {ref: RefImpl} key="default" name="default"  ... > 
  at <NuxtLayout > 
  at <App key=4 > 
  at <NuxtRoot> @ http://localhost:3001/_nuxt/@fs/home/meebuzo/github/alternate-framework/apps/ecosystem/meeovi-frontend/node_modules/@sentry/core/build/esm/instrument/console.js?v=cfee6d51:42
[   18788ms] [WARNING] [Vue warn]: Avoid app logic that relies on enumerating keys on a component instance. The keys will be empty in production mode to avoid performance overhead. 
  at <VNavigationDrawer modelValue=undefined onUpdate:modelValue=fn location="right"  ... > 
  at <MenusTopmenuLayoutNotifications > 
  at <VCol class="notificationsHeader" > 
  at <VDefaultsProvider defaults= {VTabs: Object} > 
  at <VToolbar ref=Ref< Proxy(Object) > class="v-app-bar" style= {top: 0px, zIndex: 1014, transform: translateY(0px), position: fixed, height: undefined}  ... > 
  at <VAppBar id="topnav" > 
  at <MenusHeader drawer=false onToggleDrawer=fn > 
  at <ClientOnly > 
  at <VApp theme="light" class="auto-text" > 
  at <VResponsive class="border rounded" > 
  at <Default ref=Ref< Proxy(Object) > > 
  at <AsyncComponentWrapper ref=Ref< Proxy(Object) > > 
  at <LayoutLoader key="default" layoutProps= {ref: RefImpl} name="default" > 
  at <NuxtLayoutProvider layoutProps= {ref: RefImpl} key="default" name="default"  ... > 
  at <NuxtLayout > 
  at <App key=4 > 
  at <NuxtRoot> @ http://localhost:3001/_nuxt/@fs/home/meebuzo/github/alternate-framework/apps/ecosystem/meeovi-frontend/node_modules/@sentry/core/build/esm/instrument/console.js?v=cfee6d51:42
[   18793ms] [WARNING] [Vue warn]: Avoid app logic that relies on enumerating keys on a component instance. The keys will be empty in production mode to avoid performance overhead. 
  at <VNavigationDrawer modelValue=undefined onUpdate:modelValue=fn location="right"  ... > 
  at <MenusTopmenuLayoutNotifications > 
  at <VCol class="notificationsHeader" > 
  at <VDefaultsProvider defaults= {VTabs: Object} > 
  at <VToolbar ref=Ref< Proxy(Object) > class="v-app-bar" style= {top: 0px, zIndex: 1014, transform: translateY(0px), position: fixed, height: undefined}  ... > 
  at <VAppBar id="topnav" > 
  at <MenusHeader drawer=false onToggleDrawer=fn > 
  at <ClientOnly > 
  at <VApp theme="light" class="auto-text" > 
  at <VResponsive class="border rounded" > 
  at <Default ref=Ref< Proxy(Object) > > 
  at <AsyncComponentWrapper ref=Ref< Proxy(Object) > > 
  at <LayoutLoader key="default" layoutProps= {ref: RefImpl} name="default" > 
  at <NuxtLayoutProvider layoutProps= {ref: RefImpl} key="default" name="default"  ... > 
  at <NuxtLayout > 
  at <App key=4 > 
  at <NuxtRoot> @ http://localhost:3001/_nuxt/@fs/home/meebuzo/github/alternate-framework/apps/ecosystem/meeovi-frontend/node_modules/@sentry/core/build/esm/instrument/console.js?v=cfee6d51:42
[   18798ms] [WARNING] [Vue warn]: Avoid app logic that relies on enumerating keys on a component instance. The keys will be empty in production mode to avoid performance overhead. 
  at <VNavigationDrawer modelValue=undefined onUpdate:modelValue=fn location="right"  ... > 
  at <MenusTopmenuLayoutNotifications > 
  at <VCol class="notificationsHeader" > 
  at <VDefaultsProvider defaults= {VTabs: Object} > 
  at <VToolbar ref=Ref< Proxy(Object) > class="v-app-bar" style= {top: 0px, zIndex: 1014, transform: translateY(0px), position: fixed, height: undefined}  ... > 
  at <VAppBar id="topnav" > 
  at <MenusHeader drawer=false onToggleDrawer=fn > 
  at <ClientOnly > 
  at <VApp theme="light" class="auto-text" > 
  at <VResponsive class="border rounded" > 
  at <Default ref=Ref< Proxy(Object) > > 
  at <AsyncComponentWrapper ref=Ref< Proxy(Object) > > 
  at <LayoutLoader key="default" layoutProps= {ref: RefImpl} name="default" > 
  at <NuxtLayoutProvider layoutProps= {ref: RefImpl} key="default" name="default"  ... > 
  at <NuxtLayout > 
  at <App key=4 > 
  at <NuxtRoot> @ http://localhost:3001/_nuxt/@fs/home/meebuzo/github/alternate-framework/apps/ecosystem/meeovi-frontend/node_modules/@sentry/core/build/esm/instrument/console.js?v=cfee6d51:42
[   18802ms] [ERROR] Connecting to 'https://o996770.ingest.us.sentry.io/api/5955273/envelope/?sentry_version=7&sentry_key=df1b90fab7c44ce8aef097a63b468d61&sentry_client=sentry.javascript.nuxt%2F10.63.0' violates the following Content Security Policy directive: "connect-src 'self' https://*.mux.com". The action has been blocked. @ http://localhost:3001/_nuxt/@fs/home/meebuzo/github/alternate-framework/apps/ecosystem/meeovi-frontend/node_modules/@sentry/browser/build/npm/esm/dev/transports/fetch.js?v=cfee6d51:31
[   18802ms] [ERROR] Fetch API cannot load https://o996770.ingest.us.sentry.io/api/5955273/envelope/?sentry_version=7&sentry_key=df1b90fab7c44ce8aef097a63b468d61&sentry_client=sentry.javascript.nuxt%2F10.63.0. Refused to connect because it violates the document's Content Security Policy. @ http://localhost:3001/_nuxt/@fs/home/meebuzo/github/alternate-framework/apps/ecosystem/meeovi-frontend/node_modules/@sentry/browser/build/npm/esm/dev/transports/fetch.js?v=cfee6d51:31
[   18808ms] [WARNING] [Vue warn]: Avoid app logic that relies on enumerating keys on a component instance. The keys will be empty in production mode to avoid performance overhead. 
  at <VNavigationDrawer modelValue=undefined onUpdate:modelValue=fn location="right"  ... > 
  at <MenusTopmenuLayoutNotifications > 
  at <VCol class="notificationsHeader" > 
  at <VDefaultsProvider defaults= {VTabs: Object} > 
  at <VToolbar ref=Ref< Proxy(Object) > class="v-app-bar" style= {top: 0px, zIndex: 1014, transform: translateY(0px), position: fixed, height: undefined}  ... > 
  at <VAppBar id="topnav" > 
  at <MenusHeader drawer=false onToggleDrawer=fn > 
  at <ClientOnly > 
  at <VApp theme="light" class="auto-text" > 
  at <VResponsive class="border rounded" > 
  at <Default ref=Ref< Proxy(Object) > > 
  at <AsyncComponentWrapper ref=Ref< Proxy(Object) > > 
  at <LayoutLoader key="default" layoutProps= {ref: RefImpl} name="default" > 
  at <NuxtLayoutProvider layoutProps= {ref: RefImpl} key="default" name="default"  ... > 
  at <NuxtLayout > 
  at <App key=4 > 
  at <NuxtRoot> @ http://localhost:3001/_nuxt/@fs/home/meebuzo/github/alternate-framework/apps/ecosystem/meeovi-frontend/node_modules/@sentry/core/build/esm/instrument/console.js?v=cfee6d51:42
[   18814ms] [WARNING] [Vue warn]: Avoid app logic that relies on enumerating keys on a component instance. The keys will be empty in production mode to avoid performance overhead. 
  at <VNavigationDrawer modelValue=undefined onUpdate:modelValue=fn location="right"  ... > 
  at <MenusTopmenuLayoutNotifications > 
  at <VCol class="notificationsHeader" > 
  at <VDefaultsProvider defaults= {VTabs: Object} > 
  at <VToolbar ref=Ref< Proxy(Object) > class="v-app-bar" style= {top: 0px, zIndex: 1014, transform: translateY(0px), position: fixed, height: undefined}  ... > 
  at <VAppBar id="topnav" > 
  at <MenusHeader drawer=false onToggleDrawer=fn > 
  at <ClientOnly > 
  at <VApp theme="light" class="auto-text" > 
  at <VResponsive class="border rounded" > 
  at <Default ref=Ref< Proxy(Object) > > 
  at <AsyncComponentWrapper ref=Ref< Proxy(Object) > > 
  at <LayoutLoader key="default" layoutProps= {ref: RefImpl} name="default" > 
  at <NuxtLayoutProvider layoutProps= {ref: RefImpl} key="default" name="default"  ... > 
  at <NuxtLayout > 
  at <App key=4 > 
  at <NuxtRoot> @ http://localhost:3001/_nuxt/@fs/home/meebuzo/github/alternate-framework/apps/ecosystem/meeovi-frontend/node_modules/@sentry/core/build/esm/instrument/console.js?v=cfee6d51:42
[   18819ms] [WARNING] [Vue warn]: Avoid app logic that relies on enumerating keys on a component instance. The keys will be empty in production mode to avoid performance overhead. 
  at <VNavigationDrawer modelValue=undefined onUpdate:modelValue=fn location="right"  ... > 
  at <MenusTopmenuLayoutNotifications > 
  at <VCol class="notificationsHeader" > 
  at <VDefaultsProvider defaults= {VTabs: Object} > 
  at <VToolbar ref=Ref< Proxy(Object) > class="v-app-bar" style= {top: 0px, zIndex: 1014, transform: translateY(0px), position: fixed, height: undefined}  ... > 
  at <VAppBar id="topnav" > 
  at <MenusHeader drawer=false onToggleDrawer=fn > 
  at <ClientOnly > 
  at <VApp theme="light" class="auto-text" > 
  at <VResponsive class="border rounded" > 
  at <Default ref=Ref< Proxy(Object) > > 
  at <AsyncComponentWrapper ref=Ref< Proxy(Object) > > 
  at <LayoutLoader key="default" layoutProps= {ref: RefImpl} name="default" > 
  at <NuxtLayoutProvider layoutProps= {ref: RefImpl} key="default" name="default"  ... > 
  at <NuxtLayout > 
  at <App key=4 > 
  at <NuxtRoot> @ http://localhost:3001/_nuxt/@fs/home/meebuzo/github/alternate-framework/apps/ecosystem/meeovi-frontend/node_modules/@sentry/core/build/esm/instrument/console.js?v=cfee6d51:42
[   18824ms] [WARNING] [Vue warn]: Avoid app logic that relies on enumerating keys on a component instance. The keys will be empty in production mode to avoid performance overhead. 
  at <VNavigationDrawer modelValue=undefined onUpdate:modelValue=fn location="right"  ... > 
  at <MenusTopmenuLayoutNotifications > 
  at <VCol class="notificationsHeader" > 
  at <VDefaultsProvider defaults= {VTabs: Object} > 
  at <VToolbar ref=Ref< Proxy(Object) > class="v-app-bar" style= {top: 0px, zIndex: 1014, transform: translateY(0px), position: fixed, height: undefined}  ... > 
  at <VAppBar id="topnav" > 
  at <MenusHeader drawer=false onToggleDrawer=fn > 
  at <ClientOnly > 
  at <VApp theme="light" class="auto-text" > 
  at <VResponsive class="border rounded" > 
  at <Default ref=Ref< Proxy(Object) > > 
  at <AsyncComponentWrapper ref=Ref< Proxy(Object) > > 
  at <LayoutLoader key="default" layoutProps= {ref: RefImpl} name="default" > 
  at <NuxtLayoutProvider layoutProps= {ref: RefImpl} key="default" name="default"  ... > 
  at <NuxtLayout > 
  at <App key=4 > 
  at <NuxtRoot> @ http://localhost:3001/_nuxt/@fs/home/meebuzo/github/alternate-framework/apps/ecosystem/meeovi-frontend/node_modules/@sentry/core/build/esm/instrument/console.js?v=cfee6d51:42
[   18829ms] [WARNING] [Vue warn]: Avoid app logic that relies on enumerating keys on a component instance. The keys will be empty in production mode to avoid performance overhead. 
  at <VNavigationDrawer modelValue=undefined onUpdate:modelValue=fn location="right"  ... > 
  at <MenusTopmenuLayoutNotifications > 
  at <VCol class="notificationsHeader" > 
  at <VDefaultsProvider defaults= {VTabs: Object} > 
  at <VToolbar ref=Ref< Proxy(Object) > class="v-app-bar" style= {top: 0px, zIndex: 1014, transform: translateY(0px), position: fixed, height: undefined}  ... > 
  at <VAppBar id="topnav" > 
  at <MenusHeader drawer=false onToggleDrawer=fn > 
  at <ClientOnly > 
  at <VApp theme="light" class="auto-text" > 
  at <VResponsive class="border rounded" > 
  at <Default ref=Ref< Proxy(Object) > > 
  at <AsyncComponentWrapper ref=Ref< Proxy(Object) > > 
  at <LayoutLoader key="default" layoutProps= {ref: RefImpl} name="default" > 
  at <NuxtLayoutProvider layoutProps= {ref: RefImpl} key="default" name="default"  ... > 
  at <NuxtLayout > 
  at <App key=4 > 
  at <NuxtRoot> @ http://localhost:3001/_nuxt/@fs/home/meebuzo/github/alternate-framework/apps/ecosystem/meeovi-frontend/node_modules/@sentry/core/build/esm/instrument/console.js?v=cfee6d51:42
[   18834ms] [WARNING] [Vue warn]: Avoid app logic that relies on enumerating keys on a component instance. The keys will be empty in production mode to avoid performance overhead. 
  at <VNavigationDrawer modelValue=undefined onUpdate:modelValue=fn location="right"  ... > 
  at <MenusTopmenuLayoutNotifications > 
  at <VCol class="notificationsHeader" > 
  at <VDefaultsProvider defaults= {VTabs: Object} > 
  at <VToolbar ref=Ref< Proxy(Object) > class="v-app-bar" style= {top: 0px, zIndex: 1014, transform: translateY(0px), position: fixed, height: undefined}  ... > 
  at <VAppBar id="topnav" > 
  at <MenusHeader drawer=false onToggleDrawer=fn > 
  at <ClientOnly > 
  at <VApp theme="light" class="auto-text" > 
  at <VResponsive class="border rounded" > 
  at <Default ref=Ref< Proxy(Object) > > 
  at <AsyncComponentWrapper ref=Ref< Proxy(Object) > > 
  at <LayoutLoader key="default" layoutProps= {ref: RefImpl} name="default" > 
  at <NuxtLayoutProvider layoutProps= {ref: RefImpl} key="default" name="default"  ... > 
  at <NuxtLayout > 
  at <App key=4 > 
  at <NuxtRoot> @ http://localhost:3001/_nuxt/@fs/home/meebuzo/github/alternate-framework/apps/ecosystem/meeovi-frontend/node_modules/@sentry/core/build/esm/instrument/console.js?v=cfee6d51:42
[   18839ms] [WARNING] [Vue warn]: Avoid app logic that relies on enumerating keys on a component instance. The keys will be empty in production mode to avoid performance overhead. 
  at <VNavigationDrawer modelValue=undefined onUpdate:modelValue=fn location="right"  ... > 
  at <MenusTopmenuLayoutNotifications > 
  at <VCol class="notificationsHeader" > 
  at <VDefaultsProvider defaults= {VTabs: Object} > 
  at <VToolbar ref=Ref< Proxy(Object) > class="v-app-bar" style= {top: 0px, zIndex: 1014, transform: translateY(0px), position: fixed, height: undefined}  ... > 
  at <VAppBar id="topnav" > 
  at <MenusHeader drawer=false onToggleDrawer=fn > 
  at <ClientOnly > 
  at <VApp theme="light" class="auto-text" > 
  at <VResponsive class="border rounded" > 
  at <Default ref=Ref< Proxy(Object) > > 
  at <AsyncComponentWrapper ref=Ref< Proxy(Object) > > 
  at <LayoutLoader key="default" layoutProps= {ref: RefImpl} name="default" > 
  at <NuxtLayoutProvider layoutProps= {ref: RefImpl} key="default" name="default"  ... > 
  at <NuxtLayout > 
  at <App key=4 > 
  at <NuxtRoot> @ http://localhost:3001/_nuxt/@fs/home/meebuzo/github/alternate-framework/apps/ecosystem/meeovi-frontend/node_modules/@sentry/core/build/esm/instrument/console.js?v=cfee6d51:42
[   18844ms] [WARNING] [Vue warn]: Avoid app logic that relies on enumerating keys on a component instance. The keys will be empty in production mode to avoid performance overhead. 
  at <VNavigationDrawer modelValue=undefined onUpdate:modelValue=fn location="right"  ... > 
  at <MenusTopmenuLayoutNotifications > 
  at <VCol class="notificationsHeader" > 
  at <VDefaultsProvider defaults= {VTabs: Object} > 
  at <VToolbar ref=Ref< Proxy(Object) > class="v-app-bar" style= {top: 0px, zIndex: 1014, transform: translateY(0px), position: fixed, height: undefined}  ... > 
  at <VAppBar id="topnav" > 
  at <MenusHeader drawer=false onToggleDrawer=fn > 
  at <ClientOnly > 
  at <VApp theme="light" class="auto-text" > 
  at <VResponsive class="border rounded" > 
  at <Default ref=Ref< Proxy(Object) > > 
  at <AsyncComponentWrapper ref=Ref< Proxy(Object) > > 
  at <LayoutLoader key="default" layoutProps= {ref: RefImpl} name="default" > 
  at <NuxtLayoutProvider layoutProps= {ref: RefImpl} key="default" name="default"  ... > 
  at <NuxtLayout > 
  at <App key=4 > 
  at <NuxtRoot> @ http://localhost:3001/_nuxt/@fs/home/meebuzo/github/alternate-framework/apps/ecosystem/meeovi-frontend/node_modules/@sentry/core/build/esm/instrument/console.js?v=cfee6d51:42
[   18849ms] [WARNING] [Vue warn]: Avoid app logic that relies on enumerating keys on a component instance. The keys will be empty in production mode to avoid performance overhead. 
  at <VNavigationDrawer modelValue=undefined onUpdate:modelValue=fn location="right"  ... > 
  at <MenusTopmenuLayoutNotifications > 
  at <VCol class="notificationsHeader" > 
  at <VDefaultsProvider defaults= {VTabs: Object} > 
  at <VToolbar ref=Ref< Proxy(Object) > class="v-app-bar" style= {top: 0px, zIndex: 1014, transform: translateY(0px), position: fixed, height: undefined}  ... > 
  at <VAppBar id="topnav" > 
  at <MenusHeader drawer=false onToggleDrawer=fn > 
  at <ClientOnly > 
  at <VApp theme="light" class="auto-text" > 
  at <VResponsive class="border rounded" > 
  at <Default ref=Ref< Proxy(Object) > > 
  at <AsyncComponentWrapper ref=Ref< Proxy(Object) > > 
  at <LayoutLoader key="default" layoutProps= {ref: RefImpl} name="default" > 
  at <NuxtLayoutProvider layoutProps= {ref: RefImpl} key="default" name="default"  ... > 
  at <NuxtLayout > 
  at <App key=4 > 
  at <NuxtRoot> @ http://localhost:3001/_nuxt/@fs/home/meebuzo/github/alternate-framework/apps/ecosystem/meeovi-frontend/node_modules/@sentry/core/build/esm/instrument/console.js?v=cfee6d51:42
[   18854ms] [WARNING] [Vue warn]: Avoid app logic that relies on enumerating keys on a component instance. The keys will be empty in production mode to avoid performance overhead. 
  at <VNavigationDrawer modelValue=undefined onUpdate:modelValue=fn location="right"  ... > 
  at <MenusTopmenuLayoutNotifications > 
  at <VCol class="notificationsHeader" > 
  at <VDefaultsProvider defaults= {VTabs: Object} > 
  at <VToolbar ref=Ref< Proxy(Object) > class="v-app-bar" style= {top: 0px, zIndex: 1014, transform: translateY(0px), position: fixed, height: undefined}  ... > 
  at <VAppBar id="topnav" > 
  at <MenusHeader drawer=false onToggleDrawer=fn > 
  at <ClientOnly > 
  at <VApp theme="light" class="auto-text" > 
  at <VResponsive class="border rounded" > 
  at <Default ref=Ref< Proxy(Object) > > 
  at <AsyncComponentWrapper ref=Ref< Proxy(Object) > > 
  at <LayoutLoader key="default" layoutProps= {ref: RefImpl} name="default" > 
  at <NuxtLayoutProvider layoutProps= {ref: RefImpl} key="default" name="default"  ... > 
  at <NuxtLayout > 
  at <App key=4 > 
  at <NuxtRoot> @ http://localhost:3001/_nuxt/@fs/home/meebuzo/github/alternate-framework/apps/ecosystem/meeovi-frontend/node_modules/@sentry/core/build/esm/instrument/console.js?v=cfee6d51:42
[   18859ms] [WARNING] [Vue warn]: Avoid app logic that relies on enumerating keys on a component instance. The keys will be empty in production mode to avoid performance overhead. 
  at <VNavigationDrawer modelValue=undefined onUpdate:modelValue=fn location="right"  ... > 
  at <MenusTopmenuLayoutNotifications > 
  at <VCol class="notificationsHeader" > 
  at <VDefaultsProvider defaults= {VTabs: Object} > 
  at <VToolbar ref=Ref< Proxy(Object) > class="v-app-bar" style= {top: 0px, zIndex: 1014, transform: translateY(0px), position: fixed, height: undefined}  ... > 
  at <VAppBar id="topnav" > 
  at <MenusHeader drawer=false onToggleDrawer=fn > 
  at <ClientOnly > 
  at <VApp theme="light" class="auto-text" > 
  at <VResponsive class="border rounded" > 
  at <Default ref=Ref< Proxy(Object) > > 
  at <AsyncComponentWrapper ref=Ref< Proxy(Object) > > 
  at <LayoutLoader key="default" layoutProps= {ref: RefImpl} name="default" > 
  at <NuxtLayoutProvider layoutProps= {ref: RefImpl} key="default" name="default"  ... > 
  at <NuxtLayout > 
  at <App key=4 > 
  at <NuxtRoot> @ http://localhost:3001/_nuxt/@fs/home/meebuzo/github/alternate-framework/apps/ecosystem/meeovi-frontend/node_modules/@sentry/core/build/esm/instrument/console.js?v=cfee6d51:42
[   18864ms] [WARNING] [Vue warn]: Avoid app logic that relies on enumerating keys on a component instance. The keys will be empty in production mode to avoid performance overhead. 
  at <VNavigationDrawer modelValue=undefined onUpdate:modelValue=fn location="right"  ... > 
  at <MenusTopmenuLayoutNotifications > 
  at <VCol class="notificationsHeader" > 
  at <VDefaultsProvider defaults= {VTabs: Object} > 
  at <VToolbar ref=Ref< Proxy(Object) > class="v-app-bar" style= {top: 0px, zIndex: 1014, transform: translateY(0px), position: fixed, height: undefined}  ... > 
  at <VAppBar id="topnav" > 
  at <MenusHeader drawer=false onToggleDrawer=fn > 
  at <ClientOnly > 
  at <VApp theme="light" class="auto-text" > 
  at <VResponsive class="border rounded" > 
  at <Default ref=Ref< Proxy(Object) > > 
  at <AsyncComponentWrapper ref=Ref< Proxy(Object) > > 
  at <LayoutLoader key="default" layoutProps= {ref: RefImpl} name="default" > 
  at <NuxtLayoutProvider layoutProps= {ref: RefImpl} key="default" name="default"  ... > 
  at <NuxtLayout > 
  at <App key=4 > 
  at <NuxtRoot> @ http://localhost:3001/_nuxt/@fs/home/meebuzo/github/alternate-framework/apps/ecosystem/meeovi-frontend/node_modules/@sentry/core/build/esm/instrument/console.js?v=cfee6d51:42
[   18870ms] [WARNING] [Vue warn]: Avoid app logic that relies on enumerating keys on a component instance. The keys will be empty in production mode to avoid performance overhead. 
  at <VNavigationDrawer modelValue=undefined onUpdate:modelValue=fn location="right"  ... > 
  at <MenusTopmenuLayoutNotifications > 
  at <VCol class="notificationsHeader" > 
  at <VDefaultsProvider defaults= {VTabs: Object} > 
  at <VToolbar ref=Ref< Proxy(Object) > class="v-app-bar" style= {top: 0px, zIndex: 1014, transform: translateY(0px), position: fixed, height: undefined}  ... > 
  at <VAppBar id="topnav" > 
  at <MenusHeader drawer=false onToggleDrawer=fn > 
  at <ClientOnly > 
  at <VApp theme="light" class="auto-text" > 
  at <VResponsive class="border rounded" > 
  at <Default ref=Ref< Proxy(Object) > > 
  at <AsyncComponentWrapper ref=Ref< Proxy(Object) > > 
  at <LayoutLoader key="default" layoutProps= {ref: RefImpl} name="default" > 
  at <NuxtLayoutProvider layoutProps= {ref: RefImpl} key="default" name="default"  ... > 
  at <NuxtLayout > 
  at <App key=4 > 
  at <NuxtRoot> @ http://localhost:3001/_nuxt/@fs/home/meebuzo/github/alternate-framework/apps/ecosystem/meeovi-frontend/node_modules/@sentry/core/build/esm/instrument/console.js?v=cfee6d51:42
[   18875ms] [WARNING] [Vue warn]: Avoid app logic that relies on enumerating keys on a component instance. The keys will be empty in production mode to avoid performance overhead. 
  at <VNavigationDrawer modelValue=undefined onUpdate:modelValue=fn location="right"  ... > 
  at <MenusTopmenuLayoutNotifications > 
  at <VCol class="notificationsHeader" > 
  at <VDefaultsProvider defaults= {VTabs: Object} > 
  at <VToolbar ref=Ref< Proxy(Object) > class="v-app-bar" style= {top: 0px, zIndex: 1014, transform: translateY(0px), position: fixed, height: undefined}  ... > 
  at <VAppBar id="topnav" > 
  at <MenusHeader drawer=false onToggleDrawer=fn > 
  at <ClientOnly > 
  at <VApp theme="light" class="auto-text" > 
  at <VResponsive class="border rounded" > 
  at <Default ref=Ref< Proxy(Object) > > 
  at <AsyncComponentWrapper ref=Ref< Proxy(Object) > > 
  at <LayoutLoader key="default" layoutProps= {ref: RefImpl} name="default" > 
  at <NuxtLayoutProvider layoutProps= {ref: RefImpl} key="default" name="default"  ... > 
  at <NuxtLayout > 
  at <App key=4 > 
  at <NuxtRoot> @ http://localhost:3001/_nuxt/@fs/home/meebuzo/github/alternate-framework/apps/ecosystem/meeovi-frontend/node_modules/@sentry/core/build/esm/instrument/console.js?v=cfee6d51:42
[   18879ms] [ERROR] Connecting to 'https://o996770.ingest.us.sentry.io/api/5955273/envelope/?sentry_version=7&sentry_key=df1b90fab7c44ce8aef097a63b468d61&sentry_client=sentry.javascript.nuxt%2F10.63.0' violates the following Content Security Policy directive: "connect-src 'self' https://*.mux.com". The action has been blocked. @ http://localhost:3001/_nuxt/@fs/home/meebuzo/github/alternate-framework/apps/ecosystem/meeovi-frontend/node_modules/@sentry/browser/build/npm/esm/dev/transports/fetch.js?v=cfee6d51:31
[   18880ms] [ERROR] Fetch API cannot load https://o996770.ingest.us.sentry.io/api/5955273/envelope/?sentry_version=7&sentry_key=df1b90fab7c44ce8aef097a63b468d61&sentry_client=sentry.javascript.nuxt%2F10.63.0. Refused to connect because it violates the document's Content Security Policy. @ http://localhost:3001/_nuxt/@fs/home/meebuzo/github/alternate-framework/apps/ecosystem/meeovi-frontend/node_modules/@sentry/browser/build/npm/esm/dev/transports/fetch.js?v=cfee6d51:31
[   18889ms] [WARNING] [Vue warn]: Avoid app logic that relies on enumerating keys on a component instance. The keys will be empty in production mode to avoid performance overhead. 
  at <VNavigationDrawer modelValue=undefined onUpdate:modelValue=fn location="right"  ... > 
  at <MenusTopmenuLayoutNotifications > 
  at <VCol class="notificationsHeader" > 
  at <VDefaultsProvider defaults= {VTabs: Object} > 
  at <VToolbar ref=Ref< Proxy(Object) > class="v-app-bar" style= {top: 0px, zIndex: 1014, transform: translateY(0px), position: fixed, height: undefined}  ... > 
  at <VAppBar id="topnav" > 
  at <MenusHeader drawer=false onToggleDrawer=fn > 
  at <ClientOnly > 
  at <VApp theme="light" class="auto-text" > 
  at <VResponsive class="border rounded" > 
  at <Default ref=Ref< Proxy(Object) > > 
  at <AsyncComponentWrapper ref=Ref< Proxy(Object) > > 
  at <LayoutLoader key="default" layoutProps= {ref: RefImpl} name="default" > 
  at <NuxtLayoutProvider layoutProps= {ref: RefImpl} key="default" name="default"  ... > 
  at <NuxtLayout > 
  at <App key=4 > 
  at <NuxtRoot> @ http://localhost:3001/_nuxt/@fs/home/meebuzo/github/alternate-framework/apps/ecosystem/meeovi-frontend/node_modules/@sentry/core/build/esm/instrument/console.js?v=cfee6d51:42
[   18897ms] [WARNING] [Vue warn]: Avoid app logic that relies on enumerating keys on a component instance. The keys will be empty in production mode to avoid performance overhead. 
  at <VNavigationDrawer modelValue=undefined onUpdate:modelValue=fn location="right"  ... > 
  at <MenusTopmenuLayoutNotifications > 
  at <VCol class="notificationsHeader" > 
  at <VDefaultsProvider defaults= {VTabs: Object} > 
  at <VToolbar ref=Ref< Proxy(Object) > class="v-app-bar" style= {top: 0px, zIndex: 1014, transform: translateY(0px), position: fixed, height: undefined}  ... > 
  at <VAppBar id="topnav" > 
  at <MenusHeader drawer=false onToggleDrawer=fn > 
  at <ClientOnly > 
  at <VApp theme="light" class="auto-text" > 
  at <VResponsive class="border rounded" > 
  at <Default ref=Ref< Proxy(Object) > > 
  at <AsyncComponentWrapper ref=Ref< Proxy(Object) > > 
  at <LayoutLoader key="default" layoutProps= {ref: RefImpl} name="default" > 
  at <NuxtLayoutProvider layoutProps= {ref: RefImpl} key="default" name="default"  ... > 
  at <NuxtLayout > 
  at <App key=4 > 
  at <NuxtRoot> @ http://localhost:3001/_nuxt/@fs/home/meebuzo/github/alternate-framework/apps/ecosystem/meeovi-frontend/node_modules/@sentry/core/build/esm/instrument/console.js?v=cfee6d51:42
[   18902ms] [WARNING] [Vue warn]: Avoid app logic that relies on enumerating keys on a component instance. The keys will be empty in production mode to avoid performance overhead. 
  at <VNavigationDrawer modelValue=undefined onUpdate:modelValue=fn location="right"  ... > 
  at <MenusTopmenuLayoutNotifications > 
  at <VCol class="notificationsHeader" > 
  at <VDefaultsProvider defaults= {VTabs: Object} > 
  at <VToolbar ref=Ref< Proxy(Object) > class="v-app-bar" style= {top: 0px, zIndex: 1014, transform: translateY(0px), position: fixed, height: undefined}  ... > 
  at <VAppBar id="topnav" > 
  at <MenusHeader drawer=false onToggleDrawer=fn > 
  at <ClientOnly > 
  at <VApp theme="light" class="auto-text" > 
  at <VResponsive class="border rounded" > 
  at <Default ref=Ref< Proxy(Object) > > 
  at <AsyncComponentWrapper ref=Ref< Proxy(Object) > > 
  at <LayoutLoader key="default" layoutProps= {ref: RefImpl} name="default" > 
  at <NuxtLayoutProvider layoutProps= {ref: RefImpl} key="default" name="default"  ... > 
  at <NuxtLayout > 
  at <App key=4 > 
  at <NuxtRoot> @ http://localhost:3001/_nuxt/@fs/home/meebuzo/github/alternate-framework/apps/ecosystem/meeovi-frontend/node_modules/@sentry/core/build/esm/instrument/console.js?v=cfee6d51:42
[   18908ms] [WARNING] [Vue warn]: Avoid app logic that relies on enumerating keys on a component instance. The keys will be empty in production mode to avoid performance overhead. 
  at <VNavigationDrawer modelValue=undefined onUpdate:modelValue=fn location="right"  ... > 
  at <MenusTopmenuLayoutNotifications > 
  at <VCol class="notificationsHeader" > 
  at <VDefaultsProvider defaults= {VTabs: Object} > 
  at <VToolbar ref=Ref< Proxy(Object) > class="v-app-bar" style= {top: 0px, zIndex: 1014, transform: translateY(0px), position: fixed, height: undefined}  ... > 
  at <VAppBar id="topnav" > 
  at <MenusHeader drawer=false onToggleDrawer=fn > 
  at <ClientOnly > 
  at <VApp theme="light" class="auto-text" > 
  at <VResponsive class="border rounded" > 
  at <Default ref=Ref< Proxy(Object) > > 
  at <AsyncComponentWrapper ref=Ref< Proxy(Object) > > 
  at <LayoutLoader key="default" layoutProps= {ref: RefImpl} name="default" > 
  at <NuxtLayoutProvider layoutProps= {ref: RefImpl} key="default" name="default"  ... > 
  at <NuxtLayout > 
  at <App key=4 > 
  at <NuxtRoot> @ http://localhost:3001/_nuxt/@fs/home/meebuzo/github/alternate-framework/apps/ecosystem/meeovi-frontend/node_modules/@sentry/core/build/esm/instrument/console.js?v=cfee6d51:42
[   18913ms] [WARNING] [Vue warn]: Avoid app logic that relies on enumerating keys on a component instance. The keys will be empty in production mode to avoid performance overhead. 
  at <VNavigationDrawer modelValue=undefined onUpdate:modelValue=fn location="right"  ... > 
  at <MenusTopmenuLayoutNotifications > 
  at <VCol class="notificationsHeader" > 
  at <VDefaultsProvider defaults= {VTabs: Object} > 
  at <VToolbar ref=Ref< Proxy(Object) > class="v-app-bar" style= {top: 0px, zIndex: 1014, transform: translateY(0px), position: fixed, height: undefined}  ... > 
  at <VAppBar id="topnav" > 
  at <MenusHeader drawer=false onToggleDrawer=fn > 
  at <ClientOnly > 
  at <VApp theme="light" class="auto-text" > 
  at <VResponsive class="border rounded" > 
  at <Default ref=Ref< Proxy(Object) > > 
  at <AsyncComponentWrapper ref=Ref< Proxy(Object) > > 
  at <LayoutLoader key="default" layoutProps= {ref: RefImpl} name="default" > 
  at <NuxtLayoutProvider layoutProps= {ref: RefImpl} key="default" name="default"  ... > 
  at <NuxtLayout > 
  at <App key=4 > 
  at <NuxtRoot> @ http://localhost:3001/_nuxt/@fs/home/meebuzo/github/alternate-framework/apps/ecosystem/meeovi-frontend/node_modules/@sentry/core/build/esm/instrument/console.js?v=cfee6d51:42
[   18917ms] [WARNING] [Vue warn]: Avoid app logic that relies on enumerating keys on a component instance. The keys will be empty in production mode to avoid performance overhead. 
  at <VNavigationDrawer modelValue=undefined onUpdate:modelValue=fn location="right"  ... > 
  at <MenusTopmenuLayoutNotifications > 
  at <VCol class="notificationsHeader" > 
  at <VDefaultsProvider defaults= {VTabs: Object} > 
  at <VToolbar ref=Ref< Proxy(Object) > class="v-app-bar" style= {top: 0px, zIndex: 1014, transform: translateY(0px), position: fixed, height: undefined}  ... > 
  at <VAppBar id="topnav" > 
  at <MenusHeader drawer=false onToggleDrawer=fn > 
  at <ClientOnly > 
  at <VApp theme="light" class="auto-text" > 
  at <VResponsive class="border rounded" > 
  at <Default ref=Ref< Proxy(Object) > > 
  at <AsyncComponentWrapper ref=Ref< Proxy(Object) > > 
  at <LayoutLoader key="default" layoutProps= {ref: RefImpl} name="default" > 
  at <NuxtLayoutProvider layoutProps= {ref: RefImpl} key="default" name="default"  ... > 
  at <NuxtLayout > 
  at <App key=4 > 
  at <NuxtRoot> @ http://localhost:3001/_nuxt/@fs/home/meebuzo/github/alternate-framework/apps/ecosystem/meeovi-frontend/node_modules/@sentry/core/build/esm/instrument/console.js?v=cfee6d51:42
[   18920ms] [WARNING] [Vue warn]: Avoid app logic that relies on enumerating keys on a component instance. The keys will be empty in production mode to avoid performance overhead. 
  at <VNavigationDrawer modelValue=undefined onUpdate:modelValue=fn location="right"  ... > 
  at <MenusTopmenuLayoutNotifications > 
  at <VCol class="notificationsHeader" > 
  at <VDefaultsProvider defaults= {VTabs: Object} > 
  at <VToolbar ref=Ref< Proxy(Object) > class="v-app-bar" style= {top: 0px, zIndex: 1014, transform: translateY(0px), position: fixed, height: undefined}  ... > 
  at <VAppBar id="topnav" > 
  at <MenusHeader drawer=false onToggleDrawer=fn > 
  at <ClientOnly > 
  at <VApp theme="light" class="auto-text" > 
  at <VResponsive class="border rounded" > 
  at <Default ref=Ref< Proxy(Object) > > 
  at <AsyncComponentWrapper ref=Ref< Proxy(Object) > > 
  at <LayoutLoader key="default" layoutProps= {ref: RefImpl} name="default" > 
  at <NuxtLayoutProvider layoutProps= {ref: RefImpl} key="default" name="default"  ... > 
  at <NuxtLayout > 
  at <App key=4 > 
  at <NuxtRoot> @ http://localhost:3001/_nuxt/@fs/home/meebuzo/github/alternate-framework/apps/ecosystem/meeovi-frontend/node_modules/@sentry/core/build/esm/instrument/console.js?v=cfee6d51:42
[   18923ms] [WARNING] [Vue warn]: Avoid app logic that relies on enumerating keys on a component instance. The keys will be empty in production mode to avoid performance overhead. 
  at <VNavigationDrawer modelValue=undefined onUpdate:modelValue=fn location="right"  ... > 
  at <MenusTopmenuLayoutNotifications > 
  at <VCol class="notificationsHeader" > 
  at <VDefaultsProvider defaults= {VTabs: Object} > 
  at <VToolbar ref=Ref< Proxy(Object) > class="v-app-bar" style= {top: 0px, zIndex: 1014, transform: translateY(0px), position: fixed, height: undefined}  ... > 
  at <VAppBar id="topnav" > 
  at <MenusHeader drawer=false onToggleDrawer=fn > 
  at <ClientOnly > 
  at <VApp theme="light" class="auto-text" > 
  at <VResponsive class="border rounded" > 
  at <Default ref=Ref< Proxy(Object) > > 
  at <AsyncComponentWrapper ref=Ref< Proxy(Object) > > 
  at <LayoutLoader key="default" layoutProps= {ref: RefImpl} name="default" > 
  at <NuxtLayoutProvider layoutProps= {ref: RefImpl} key="default" name="default"  ... > 
  at <NuxtLayout > 
  at <App key=4 > 
  at <NuxtRoot> @ http://localhost:3001/_nuxt/@fs/home/meebuzo/github/alternate-framework/apps/ecosystem/meeovi-frontend/node_modules/@sentry/core/build/esm/instrument/console.js?v=cfee6d51:42
[   18927ms] [WARNING] [Vue warn]: Avoid app logic that relies on enumerating keys on a component instance. The keys will be empty in production mode to avoid performance overhead. 
  at <VNavigationDrawer modelValue=undefined onUpdate:modelValue=fn location="right"  ... > 
  at <MenusTopmenuLayoutNotifications > 
  at <VCol class="notificationsHeader" > 
  at <VDefaultsProvider defaults= {VTabs: Object} > 
  at <VToolbar ref=Ref< Proxy(Object) > class="v-app-bar" style= {top: 0px, zIndex: 1014, transform: translateY(0px), position: fixed, height: undefined}  ... > 
  at <VAppBar id="topnav" > 
  at <MenusHeader drawer=false onToggleDrawer=fn > 
  at <ClientOnly > 
  at <VApp theme="light" class="auto-text" > 
  at <VResponsive class="border rounded" > 
  at <Default ref=Ref< Proxy(Object) > > 
  at <AsyncComponentWrapper ref=Ref< Proxy(Object) > > 
  at <LayoutLoader key="default" layoutProps= {ref: RefImpl} name="default" > 
  at <NuxtLayoutProvider layoutProps= {ref: RefImpl} key="default" name="default"  ... > 
  at <NuxtLayout > 
  at <App key=4 > 
  at <NuxtRoot> @ http://localhost:3001/_nuxt/@fs/home/meebuzo/github/alternate-framework/apps/ecosystem/meeovi-frontend/node_modules/@sentry/core/build/esm/instrument/console.js?v=cfee6d51:42
[   18930ms] [WARNING] [Vue warn]: Avoid app logic that relies on enumerating keys on a component instance. The keys will be empty in production mode to avoid performance overhead. 
  at <VNavigationDrawer modelValue=undefined onUpdate:modelValue=fn location="right"  ... > 
  at <MenusTopmenuLayoutNotifications > 
  at <VCol class="notificationsHeader" > 
  at <VDefaultsProvider defaults= {VTabs: Object} > 
  at <VToolbar ref=Ref< Proxy(Object) > class="v-app-bar" style= {top: 0px, zIndex: 1014, transform: translateY(0px), position: fixed, height: undefined}  ... > 
  at <VAppBar id="topnav" > 
  at <MenusHeader drawer=false onToggleDrawer=fn > 
  at <ClientOnly > 
  at <VApp theme="light" class="auto-text" > 
  at <VResponsive class="border rounded" > 
  at <Default ref=Ref< Proxy(Object) > > 
  at <AsyncComponentWrapper ref=Ref< Proxy(Object) > > 
  at <LayoutLoader key="default" layoutProps= {ref: RefImpl} name="default" > 
  at <NuxtLayoutProvider layoutProps= {ref: RefImpl} key="default" name="default"  ... > 
  at <NuxtLayout > 
  at <App key=4 > 
  at <NuxtRoot> @ http://localhost:3001/_nuxt/@fs/home/meebuzo/github/alternate-framework/apps/ecosystem/meeovi-frontend/node_modules/@sentry/core/build/esm/instrument/console.js?v=cfee6d51:42
[   18934ms] [WARNING] [Vue warn]: Avoid app logic that relies on enumerating keys on a component instance. The keys will be empty in production mode to avoid performance overhead. 
  at <VNavigationDrawer modelValue=undefined onUpdate:modelValue=fn location="right"  ... > 
  at <MenusTopmenuLayoutNotifications > 
  at <VCol class="notificationsHeader" > 
  at <VDefaultsProvider defaults= {VTabs: Object} > 
  at <VToolbar ref=Ref< Proxy(Object) > class="v-app-bar" style= {top: 0px, zIndex: 1014, transform: translateY(0px), position: fixed, height: undefined}  ... > 
  at <VAppBar id="topnav" > 
  at <MenusHeader drawer=false onToggleDrawer=fn > 
  at <ClientOnly > 
  at <VApp theme="light" class="auto-text" > 
  at <VResponsive class="border rounded" > 
  at <Default ref=Ref< Proxy(Object) > > 
  at <AsyncComponentWrapper ref=Ref< Proxy(Object) > > 
  at <LayoutLoader key="default" layoutProps= {ref: RefImpl} name="default" > 
  at <NuxtLayoutProvider layoutProps= {ref: RefImpl} key="default" name="default"  ... > 
  at <NuxtLayout > 
  at <App key=4 > 
  at <NuxtRoot> @ http://localhost:3001/_nuxt/@fs/home/meebuzo/github/alternate-framework/apps/ecosystem/meeovi-frontend/node_modules/@sentry/core/build/esm/instrument/console.js?v=cfee6d51:42
[   18937ms] [WARNING] [Vue warn]: Avoid app logic that relies on enumerating keys on a component instance. The keys will be empty in production mode to avoid performance overhead. 
  at <VNavigationDrawer modelValue=undefined onUpdate:modelValue=fn location="right"  ... > 
  at <MenusTopmenuLayoutNotifications > 
  at <VCol class="notificationsHeader" > 
  at <VDefaultsProvider defaults= {VTabs: Object} > 
  at <VToolbar ref=Ref< Proxy(Object) > class="v-app-bar" style= {top: 0px, zIndex: 1014, transform: translateY(0px), position: fixed, height: undefined}  ... > 
  at <VAppBar id="topnav" > 
  at <MenusHeader drawer=false onToggleDrawer=fn > 
  at <ClientOnly > 
  at <VApp theme="light" class="auto-text" > 
  at <VResponsive class="border rounded" > 
  at <Default ref=Ref< Proxy(Object) > > 
  at <AsyncComponentWrapper ref=Ref< Proxy(Object) > > 
  at <LayoutLoader key="default" layoutProps= {ref: RefImpl} name="default" > 
  at <NuxtLayoutProvider layoutProps= {ref: RefImpl} key="default" name="default"  ... > 
  at <NuxtLayout > 
  at <App key=4 > 
  at <NuxtRoot> @ http://localhost:3001/_nuxt/@fs/home/meebuzo/github/alternate-framework/apps/ecosystem/meeovi-frontend/node_modules/@sentry/core/build/esm/instrument/console.js?v=cfee6d51:42
[   18942ms] [WARNING] [Vue warn]: Avoid app logic that relies on enumerating keys on a component instance. The keys will be empty in production mode to avoid performance overhead. 
  at <VNavigationDrawer modelValue=undefined onUpdate:modelValue=fn location="right"  ... > 
  at <MenusTopmenuLayoutNotifications > 
  at <VCol class="notificationsHeader" > 
  at <VDefaultsProvider defaults= {VTabs: Object} > 
  at <VToolbar ref=Ref< Proxy(Object) > class="v-app-bar" style= {top: 0px, zIndex: 1014, transform: translateY(0px), position: fixed, height: undefined}  ... > 
  at <VAppBar id="topnav" > 
  at <MenusHeader drawer=false onToggleDrawer=fn > 
  at <ClientOnly > 
  at <VApp theme="light" class="auto-text" > 
  at <VResponsive class="border rounded" > 
  at <Default ref=Ref< Proxy(Object) > > 
  at <AsyncComponentWrapper ref=Ref< Proxy(Object) > > 
  at <LayoutLoader key="default" layoutProps= {ref: RefImpl} name="default" > 
  at <NuxtLayoutProvider layoutProps= {ref: RefImpl} key="default" name="default"  ... > 
  at <NuxtLayout > 
  at <App key=4 > 
  at <NuxtRoot> @ http://localhost:3001/_nuxt/@fs/home/meebuzo/github/alternate-framework/apps/ecosystem/meeovi-frontend/node_modules/@sentry/core/build/esm/instrument/console.js?v=cfee6d51:42
[   18946ms] [WARNING] [Vue warn]: Avoid app logic that relies on enumerating keys on a component instance. The keys will be empty in production mode to avoid performance overhead. 
  at <VNavigationDrawer modelValue=undefined onUpdate:modelValue=fn location="right"  ... > 
  at <MenusTopmenuLayoutNotifications > 
  at <VCol class="notificationsHeader" > 
  at <VDefaultsProvider defaults= {VTabs: Object} > 
  at <VToolbar ref=Ref< Proxy(Object) > class="v-app-bar" style= {top: 0px, zIndex: 1014, transform: translateY(0px), position: fixed, height: undefined}  ... > 
  at <VAppBar id="topnav" > 
  at <MenusHeader drawer=false onToggleDrawer=fn > 
  at <ClientOnly > 
  at <VApp theme="light" class="auto-text" > 
  at <VResponsive class="border rounded" > 
  at <Default ref=Ref< Proxy(Object) > > 
  at <AsyncComponentWrapper ref=Ref< Proxy(Object) > > 
  at <LayoutLoader key="default" layoutProps= {ref: RefImpl} name="default" > 
  at <NuxtLayoutProvider layoutProps= {ref: RefImpl} key="default" name="default"  ... > 
  at <NuxtLayout > 
  at <App key=4 > 
  at <NuxtRoot> @ http://localhost:3001/_nuxt/@fs/home/meebuzo/github/alternate-framework/apps/ecosystem/meeovi-frontend/node_modules/@sentry/core/build/esm/instrument/console.js?v=cfee6d51:42
[   18955ms] [WARNING] [Vue warn]: Avoid app logic that relies on enumerating keys on a component instance. The keys will be empty in production mode to avoid performance overhead. 
  at <VNavigationDrawer modelValue=undefined onUpdate:modelValue=fn location="right"  ... > 
  at <MenusTopmenuLayoutNotifications > 
  at <VCol class="notificationsHeader" > 
  at <VDefaultsProvider defaults= {VTabs: Object} > 
  at <VToolbar ref=Ref< Proxy(Object) > class="v-app-bar" style= {top: 0px, zIndex: 1014, transform: translateY(0px), position: fixed, height: undefined}  ... > 
  at <VAppBar id="topnav" > 
  at <MenusHeader drawer=false onToggleDrawer=fn > 
  at <ClientOnly > 
  at <VApp theme="light" class="auto-text" > 
  at <VResponsive class="border rounded" > 
  at <Default ref=Ref< Proxy(Object) > > 
  at <AsyncComponentWrapper ref=Ref< Proxy(Object) > > 
  at <LayoutLoader key="default" layoutProps= {ref: RefImpl} name="default" > 
  at <NuxtLayoutProvider layoutProps= {ref: RefImpl} key="default" name="default"  ... > 
  at <NuxtLayout > 
  at <App key=4 > 
  at <NuxtRoot> @ http://localhost:3001/_nuxt/@fs/home/meebuzo/github/alternate-framework/apps/ecosystem/meeovi-frontend/node_modules/@sentry/core/build/esm/instrument/console.js?v=cfee6d51:42
[   18958ms] [WARNING] [Vue warn]: Avoid app logic that relies on enumerating keys on a component instance. The keys will be empty in production mode to avoid performance overhead. 
  at <VNavigationDrawer modelValue=undefined onUpdate:modelValue=fn location="right"  ... > 
  at <MenusTopmenuLayoutNotifications > 
  at <VCol class="notificationsHeader" > 
  at <VDefaultsProvider defaults= {VTabs: Object} > 
  at <VToolbar ref=Ref< Proxy(Object) > class="v-app-bar" style= {top: 0px, zIndex: 1014, transform: translateY(0px), position: fixed, height: undefined}  ... > 
  at <VAppBar id="topnav" > 
  at <MenusHeader drawer=false onToggleDrawer=fn > 
  at <ClientOnly > 
  at <VApp theme="light" class="auto-text" > 
  at <VResponsive class="border rounded" > 
  at <Default ref=Ref< Proxy(Object) > > 
  at <AsyncComponentWrapper ref=Ref< Proxy(Object) > > 
  at <LayoutLoader key="default" layoutProps= {ref: RefImpl} name="default" > 
  at <NuxtLayoutProvider layoutProps= {ref: RefImpl} key="default" name="default"  ... > 
  at <NuxtLayout > 
  at <App key=4 > 
  at <NuxtRoot> @ http://localhost:3001/_nuxt/@fs/home/meebuzo/github/alternate-framework/apps/ecosystem/meeovi-frontend/node_modules/@sentry/core/build/esm/instrument/console.js?v=cfee6d51:42
[   18961ms] [WARNING] [Vue warn]: Avoid app logic that relies on enumerating keys on a component instance. The keys will be empty in production mode to avoid performance overhead. 
  at <VNavigationDrawer modelValue=undefined onUpdate:modelValue=fn location="right"  ... > 
  at <MenusTopmenuLayoutNotifications > 
  at <VCol class="notificationsHeader" > 
  at <VDefaultsProvider defaults= {VTabs: Object} > 
  at <VToolbar ref=Ref< Proxy(Object) > class="v-app-bar" style= {top: 0px, zIndex: 1014, transform: translateY(0px), position: fixed, height: undefined}  ... > 
  at <VAppBar id="topnav" > 
  at <MenusHeader drawer=false onToggleDrawer=fn > 
  at <ClientOnly > 
  at <VApp theme="light" class="auto-text" > 
  at <VResponsive class="border rounded" > 
  at <Default ref=Ref< Proxy(Object) > > 
  at <AsyncComponentWrapper ref=Ref< Proxy(Object) > > 
  at <LayoutLoader key="default" layoutProps= {ref: RefImpl} name="default" > 
  at <NuxtLayoutProvider layoutProps= {ref: RefImpl} key="default" name="default"  ... > 
  at <NuxtLayout > 
  at <App key=4 > 
  at <NuxtRoot> @ http://localhost:3001/_nuxt/@fs/home/meebuzo/github/alternate-framework/apps/ecosystem/meeovi-frontend/node_modules/@sentry/core/build/esm/instrument/console.js?v=cfee6d51:42
[   18965ms] [WARNING] [Vue warn]: Avoid app logic that relies on enumerating keys on a component instance. The keys will be empty in production mode to avoid performance overhead. 
  at <VNavigationDrawer modelValue=undefined onUpdate:modelValue=fn location="right"  ... > 
  at <MenusTopmenuLayoutNotifications > 
  at <VCol class="notificationsHeader" > 
  at <VDefaultsProvider defaults= {VTabs: Object} > 
  at <VToolbar ref=Ref< Proxy(Object) > class="v-app-bar" style= {top: 0px, zIndex: 1014, transform: translateY(0px), position: fixed, height: undefined}  ... > 
  at <VAppBar id="topnav" > 
  at <MenusHeader drawer=false onToggleDrawer=fn > 
  at <ClientOnly > 
  at <VApp theme="light" class="auto-text" > 
  at <VResponsive class="border rounded" > 
  at <Default ref=Ref< Proxy(Object) > > 
  at <AsyncComponentWrapper ref=Ref< Proxy(Object) > > 
  at <LayoutLoader key="default" layoutProps= {ref: RefImpl} name="default" > 
  at <NuxtLayoutProvider layoutProps= {ref: RefImpl} key="default" name="default"  ... > 
  at <NuxtLayout > 
  at <App key=4 > 
  at <NuxtRoot> @ http://localhost:3001/_nuxt/@fs/home/meebuzo/github/alternate-framework/apps/ecosystem/meeovi-frontend/node_modules/@sentry/core/build/esm/instrument/console.js?v=cfee6d51:42
[   18968ms] [WARNING] [Vue warn]: Avoid app logic that relies on enumerating keys on a component instance. The keys will be empty in production mode to avoid performance overhead. 
  at <VNavigationDrawer modelValue=undefined onUpdate:modelValue=fn location="right"  ... > 
  at <MenusTopmenuLayoutNotifications > 
  at <VCol class="notificationsHeader" > 
  at <VDefaultsProvider defaults= {VTabs: Object} > 
  at <VToolbar ref=Ref< Proxy(Object) > class="v-app-bar" style= {top: 0px, zIndex: 1014, transform: translateY(0px), position: fixed, height: undefined}  ... > 
  at <VAppBar id="topnav" > 
  at <MenusHeader drawer=false onToggleDrawer=fn > 
  at <ClientOnly > 
  at <VApp theme="light" class="auto-text" > 
  at <VResponsive class="border rounded" > 
  at <Default ref=Ref< Proxy(Object) > > 
  at <AsyncComponentWrapper ref=Ref< Proxy(Object) > > 
  at <LayoutLoader key="default" layoutProps= {ref: RefImpl} name="default" > 
  at <NuxtLayoutProvider layoutProps= {ref: RefImpl} key="default" name="default"  ... > 
  at <NuxtLayout > 
  at <App key=4 > 
  at <NuxtRoot> @ http://localhost:3001/_nuxt/@fs/home/meebuzo/github/alternate-framework/apps/ecosystem/meeovi-frontend/node_modules/@sentry/core/build/esm/instrument/console.js?v=cfee6d51:42
[   18972ms] [WARNING] [Vue warn]: Avoid app logic that relies on enumerating keys on a component instance. The keys will be empty in production mode to avoid performance overhead. 
  at <VNavigationDrawer modelValue=undefined onUpdate:modelValue=fn location="right"  ... > 
  at <MenusTopmenuLayoutNotifications > 
  at <VCol class="notificationsHeader" > 
  at <VDefaultsProvider defaults= {VTabs: Object} > 
  at <VToolbar ref=Ref< Proxy(Object) > class="v-app-bar" style= {top: 0px, zIndex: 1014, transform: translateY(0px), position: fixed, height: undefined}  ... > 
  at <VAppBar id="topnav" > 
  at <MenusHeader drawer=false onToggleDrawer=fn > 
  at <ClientOnly > 
  at <VApp theme="light" class="auto-text" > 
  at <VResponsive class="border rounded" > 
  at <Default ref=Ref< Proxy(Object) > > 
  at <AsyncComponentWrapper ref=Ref< Proxy(Object) > > 
  at <LayoutLoader key="default" layoutProps= {ref: RefImpl} name="default" > 
  at <NuxtLayoutProvider layoutProps= {ref: RefImpl} key="default" name="default"  ... > 
  at <NuxtLayout > 
  at <App key=4 > 
  at <NuxtRoot> @ http://localhost:3001/_nuxt/@fs/home/meebuzo/github/alternate-framework/apps/ecosystem/meeovi-frontend/node_modules/@sentry/core/build/esm/instrument/console.js?v=cfee6d51:42
[   18975ms] [WARNING] [Vue warn]: Avoid app logic that relies on enumerating keys on a component instance. The keys will be empty in production mode to avoid performance overhead. 
  at <VNavigationDrawer modelValue=undefined onUpdate:modelValue=fn location="right"  ... > 
  at <MenusTopmenuLayoutNotifications > 
  at <VCol class="notificationsHeader" > 
  at <VDefaultsProvider defaults= {VTabs: Object} > 
  at <VToolbar ref=Ref< Proxy(Object) > class="v-app-bar" style= {top: 0px, zIndex: 1014, transform: translateY(0px), position: fixed, height: undefined}  ... > 
  at <VAppBar id="topnav" > 
  at <MenusHeader drawer=false onToggleDrawer=fn > 
  at <ClientOnly > 
  at <VApp theme="light" class="auto-text" > 
  at <VResponsive class="border rounded" > 
  at <Default ref=Ref< Proxy(Object) > > 
  at <AsyncComponentWrapper ref=Ref< Proxy(Object) > > 
  at <LayoutLoader key="default" layoutProps= {ref: RefImpl} name="default" > 
  at <NuxtLayoutProvider layoutProps= {ref: RefImpl} key="default" name="default"  ... > 
  at <NuxtLayout > 
  at <App key=4 > 
  at <NuxtRoot> @ http://localhost:3001/_nuxt/@fs/home/meebuzo/github/alternate-framework/apps/ecosystem/meeovi-frontend/node_modules/@sentry/core/build/esm/instrument/console.js?v=cfee6d51:42
[   18979ms] [WARNING] [Vue warn]: Avoid app logic that relies on enumerating keys on a component instance. The keys will be empty in production mode to avoid performance overhead. 
  at <VNavigationDrawer modelValue=undefined onUpdate:modelValue=fn location="right"  ... > 
  at <MenusTopmenuLayoutNotifications > 
  at <VCol class="notificationsHeader" > 
  at <VDefaultsProvider defaults= {VTabs: Object} > 
  at <VToolbar ref=Ref< Proxy(Object) > class="v-app-bar" style= {top: 0px, zIndex: 1014, transform: translateY(0px), position: fixed, height: undefined}  ... > 
  at <VAppBar id="topnav" > 
  at <MenusHeader drawer=false onToggleDrawer=fn > 
  at <ClientOnly > 
  at <VApp theme="light" class="auto-text" > 
  at <VResponsive class="border rounded" > 
  at <Default ref=Ref< Proxy(Object) > > 
  at <AsyncComponentWrapper ref=Ref< Proxy(Object) > > 
  at <LayoutLoader key="default" layoutProps= {ref: RefImpl} name="default" > 
  at <NuxtLayoutProvider layoutProps= {ref: RefImpl} key="default" name="default"  ... > 
  at <NuxtLayout > 
  at <App key=4 > 
  at <NuxtRoot> @ http://localhost:3001/_nuxt/@fs/home/meebuzo/github/alternate-framework/apps/ecosystem/meeovi-frontend/node_modules/@sentry/core/build/esm/instrument/console.js?v=cfee6d51:42
[   18982ms] [WARNING] [Vue warn]: Avoid app logic that relies on enumerating keys on a component instance. The keys will be empty in production mode to avoid performance overhead. 
  at <VNavigationDrawer modelValue=undefined onUpdate:modelValue=fn location="right"  ... > 
  at <MenusTopmenuLayoutNotifications > 
  at <VCol class="notificationsHeader" > 
  at <VDefaultsProvider defaults= {VTabs: Object} > 
  at <VToolbar ref=Ref< Proxy(Object) > class="v-app-bar" style= {top: 0px, zIndex: 1014, transform: translateY(0px), position: fixed, height: undefined}  ... > 
  at <VAppBar id="topnav" > 
  at <MenusHeader drawer=false onToggleDrawer=fn > 
  at <ClientOnly > 
  at <VApp theme="light" class="auto-text" > 
  at <VResponsive class="border rounded" > 
  at <Default ref=Ref< Proxy(Object) > > 
  at <AsyncComponentWrapper ref=Ref< Proxy(Object) > > 
  at <LayoutLoader key="default" layoutProps= {ref: RefImpl} name="default" > 
  at <NuxtLayoutProvider layoutProps= {ref: RefImpl} key="default" name="default"  ... > 
  at <NuxtLayout > 
  at <App key=4 > 
  at <NuxtRoot> @ http://localhost:3001/_nuxt/@fs/home/meebuzo/github/alternate-framework/apps/ecosystem/meeovi-frontend/node_modules/@sentry/core/build/esm/instrument/console.js?v=cfee6d51:42
[   18986ms] [WARNING] [Vue warn]: Avoid app logic that relies on enumerating keys on a component instance. The keys will be empty in production mode to avoid performance overhead. 
  at <VNavigationDrawer modelValue=undefined onUpdate:modelValue=fn location="right"  ... > 
  at <MenusTopmenuLayoutNotifications > 
  at <VCol class="notificationsHeader" > 
  at <VDefaultsProvider defaults= {VTabs: Object} > 
  at <VToolbar ref=Ref< Proxy(Object) > class="v-app-bar" style= {top: 0px, zIndex: 1014, transform: translateY(0px), position: fixed, height: undefined}  ... > 
  at <VAppBar id="topnav" > 
  at <MenusHeader drawer=false onToggleDrawer=fn > 
  at <ClientOnly > 
  at <VApp theme="light" class="auto-text" > 
  at <VResponsive class="border rounded" > 
  at <Default ref=Ref< Proxy(Object) > > 
  at <AsyncComponentWrapper ref=Ref< Proxy(Object) > > 
  at <LayoutLoader key="default" layoutProps= {ref: RefImpl} name="default" > 
  at <NuxtLayoutProvider layoutProps= {ref: RefImpl} key="default" name="default"  ... > 
  at <NuxtLayout > 
  at <App key=4 > 
  at <NuxtRoot> @ http://localhost:3001/_nuxt/@fs/home/meebuzo/github/alternate-framework/apps/ecosystem/meeovi-frontend/node_modules/@sentry/core/build/esm/instrument/console.js?v=cfee6d51:42
[   18989ms] [WARNING] [Vue warn]: Avoid app logic that relies on enumerating keys on a component instance. The keys will be empty in production mode to avoid performance overhead. 
  at <VNavigationDrawer modelValue=undefined onUpdate:modelValue=fn location="right"  ... > 
  at <MenusTopmenuLayoutNotifications > 
  at <VCol class="notificationsHeader" > 
  at <VDefaultsProvider defaults= {VTabs: Object} > 
  at <VToolbar ref=Ref< Proxy(Object) > class="v-app-bar" style= {top: 0px, zIndex: 1014, transform: translateY(0px), position: fixed, height: undefined}  ... > 
  at <VAppBar id="topnav" > 
  at <MenusHeader drawer=false onToggleDrawer=fn > 
  at <ClientOnly > 
  at <VApp theme="light" class="auto-text" > 
  at <VResponsive class="border rounded" > 
  at <Default ref=Ref< Proxy(Object) > > 
  at <AsyncComponentWrapper ref=Ref< Proxy(Object) > > 
  at <LayoutLoader key="default" layoutProps= {ref: RefImpl} name="default" > 
  at <NuxtLayoutProvider layoutProps= {ref: RefImpl} key="default" name="default"  ... > 
  at <NuxtLayout > 
  at <App key=4 > 
  at <NuxtRoot> @ http://localhost:3001/_nuxt/@fs/home/meebuzo/github/alternate-framework/apps/ecosystem/meeovi-frontend/node_modules/@sentry/core/build/esm/instrument/console.js?v=cfee6d51:42
[   18992ms] [WARNING] [Vue warn]: Avoid app logic that relies on enumerating keys on a component instance. The keys will be empty in production mode to avoid performance overhead. 
  at <VNavigationDrawer modelValue=undefined onUpdate:modelValue=fn location="right"  ... > 
  at <MenusTopmenuLayoutNotifications > 
  at <VCol class="notificationsHeader" > 
  at <VDefaultsProvider defaults= {VTabs: Object} > 
  at <VToolbar ref=Ref< Proxy(Object) > class="v-app-bar" style= {top: 0px, zIndex: 1014, transform: translateY(0px), position: fixed, height: undefined}  ... > 
  at <VAppBar id="topnav" > 
  at <MenusHeader drawer=false onToggleDrawer=fn > 
  at <ClientOnly > 
  at <VApp theme="light" class="auto-text" > 
  at <VResponsive class="border rounded" > 
  at <Default ref=Ref< Proxy(Object) > > 
  at <AsyncComponentWrapper ref=Ref< Proxy(Object) > > 
  at <LayoutLoader key="default" layoutProps= {ref: RefImpl} name="default" > 
  at <NuxtLayoutProvider layoutProps= {ref: RefImpl} key="default" name="default"  ... > 
  at <NuxtLayout > 
  at <App key=4 > 
  at <NuxtRoot> @ http://localhost:3001/_nuxt/@fs/home/meebuzo/github/alternate-framework/apps/ecosystem/meeovi-frontend/node_modules/@sentry/core/build/esm/instrument/console.js?v=cfee6d51:42
[   18995ms] [WARNING] [Vue warn]: Avoid app logic that relies on enumerating keys on a component instance. The keys will be empty in production mode to avoid performance overhead. 
  at <VNavigationDrawer modelValue=undefined onUpdate:modelValue=fn location="right"  ... > 
  at <MenusTopmenuLayoutNotifications > 
  at <VCol class="notificationsHeader" > 
  at <VDefaultsProvider defaults= {VTabs: Object} > 
  at <VToolbar ref=Ref< Proxy(Object) > class="v-app-bar" style= {top: 0px, zIndex: 1014, transform: translateY(0px), position: fixed, height: undefined}  ... > 
  at <VAppBar id="topnav" > 
  at <MenusHeader drawer=false onToggleDrawer=fn > 
  at <ClientOnly > 
  at <VApp theme="light" class="auto-text" > 
  at <VResponsive class="border rounded" > 
  at <Default ref=Ref< Proxy(Object) > > 
  at <AsyncComponentWrapper ref=Ref< Proxy(Object) > > 
  at <LayoutLoader key="default" layoutProps= {ref: RefImpl} name="default" > 
  at <NuxtLayoutProvider layoutProps= {ref: RefImpl} key="default" name="default"  ... > 
  at <NuxtLayout > 
  at <App key=4 > 
  at <NuxtRoot> @ http://localhost:3001/_nuxt/@fs/home/meebuzo/github/alternate-framework/apps/ecosystem/meeovi-frontend/node_modules/@sentry/core/build/esm/instrument/console.js?v=cfee6d51:42
[   18999ms] [WARNING] [Vue warn]: Avoid app logic that relies on enumerating keys on a component instance. The keys will be empty in production mode to avoid performance overhead. 
  at <VNavigationDrawer modelValue=undefined onUpdate:modelValue=fn location="right"  ... > 
  at <MenusTopmenuLayoutNotifications > 
  at <VCol class="notificationsHeader" > 
  at <VDefaultsProvider defaults= {VTabs: Object} > 
  at <VToolbar ref=Ref< Proxy(Object) > class="v-app-bar" style= {top: 0px, zIndex: 1014, transform: translateY(0px), position: fixed, height: undefined}  ... > 
  at <VAppBar id="topnav" > 
  at <MenusHeader drawer=false onToggleDrawer=fn > 
  at <ClientOnly > 
  at <VApp theme="light" class="auto-text" > 
  at <VResponsive class="border rounded" > 
  at <Default ref=Ref< Proxy(Object) > > 
  at <AsyncComponentWrapper ref=Ref< Proxy(Object) > > 
  at <LayoutLoader key="default" layoutProps= {ref: RefImpl} name="default" > 
  at <NuxtLayoutProvider layoutProps= {ref: RefImpl} key="default" name="default"  ... > 
  at <NuxtLayout > 
  at <App key=4 > 
  at <NuxtRoot> @ http://localhost:3001/_nuxt/@fs/home/meebuzo/github/alternate-framework/apps/ecosystem/meeovi-frontend/node_modules/@sentry/core/build/esm/instrument/console.js?v=cfee6d51:42
[   19002ms] [ERROR] Connecting to 'https://o996770.ingest.us.sentry.io/api/5955273/envelope/?sentry_version=7&sentry_key=df1b90fab7c44ce8aef097a63b468d61&sentry_client=sentry.javascript.nuxt%2F10.63.0' violates the following Content Security Policy directive: "connect-src 'self' https://*.mux.com". The action has been blocked. @ http://localhost:3001/_nuxt/@fs/home/meebuzo/github/alternate-framework/apps/ecosystem/meeovi-frontend/node_modules/@sentry/browser/build/npm/esm/dev/transports/fetch.js?v=cfee6d51:31
[   19003ms] [ERROR] Fetch API cannot load https://o996770.ingest.us.sentry.io/api/5955273/envelope/?sentry_version=7&sentry_key=df1b90fab7c44ce8aef097a63b468d61&sentry_client=sentry.javascript.nuxt%2F10.63.0. Refused to connect because it violates the document's Content Security Policy. @ http://localhost:3001/_nuxt/@fs/home/meebuzo/github/alternate-framework/apps/ecosystem/meeovi-frontend/node_modules/@sentry/browser/build/npm/esm/dev/transports/fetch.js?v=cfee6d51:31
[   19009ms] [WARNING] [Vue warn]: Avoid app logic that relies on enumerating keys on a component instance. The keys will be empty in production mode to avoid performance overhead. 
  at <VNavigationDrawer modelValue=undefined onUpdate:modelValue=fn location="right"  ... > 
  at <MenusTopmenuLayoutNotifications > 
  at <VCol class="notificationsHeader" > 
  at <VDefaultsProvider defaults= {VTabs: Object} > 
  at <VToolbar ref=Ref< Proxy(Object) > class="v-app-bar" style= {top: 0px, zIndex: 1014, transform: translateY(0px), position: fixed, height: undefined}  ... > 
  at <VAppBar id="topnav" > 
  at <MenusHeader drawer=false onToggleDrawer=fn > 
  at <ClientOnly > 
  at <VApp theme="light" class="auto-text" > 
  at <VResponsive class="border rounded" > 
  at <Default ref=Ref< Proxy(Object) > > 
  at <AsyncComponentWrapper ref=Ref< Proxy(Object) > > 
  at <LayoutLoader key="default" layoutProps= {ref: RefImpl} name="default" > 
  at <NuxtLayoutProvider layoutProps= {ref: RefImpl} key="default" name="default"  ... > 
  at <NuxtLayout > 
  at <App key=4 > 
  at <NuxtRoot> @ http://localhost:3001/_nuxt/@fs/home/meebuzo/github/alternate-framework/apps/ecosystem/meeovi-frontend/node_modules/@sentry/core/build/esm/instrument/console.js?v=cfee6d51:42
[   19013ms] [WARNING] [Vue warn]: Avoid app logic that relies on enumerating keys on a component instance. The keys will be empty in production mode to avoid performance overhead. 
  at <VNavigationDrawer modelValue=undefined onUpdate:modelValue=fn location="right"  ... > 
  at <MenusTopmenuLayoutNotifications > 
  at <VCol class="notificationsHeader" > 
  at <VDefaultsProvider defaults= {VTabs: Object} > 
  at <VToolbar ref=Ref< Proxy(Object) > class="v-app-bar" style= {top: 0px, zIndex: 1014, transform: translateY(0px), position: fixed, height: undefined}  ... > 
  at <VAppBar id="topnav" > 
  at <MenusHeader drawer=false onToggleDrawer=fn > 
  at <ClientOnly > 
  at <VApp theme="light" class="auto-text" > 
  at <VResponsive class="border rounded" > 
  at <Default ref=Ref< Proxy(Object) > > 
  at <AsyncComponentWrapper ref=Ref< Proxy(Object) > > 
  at <LayoutLoader key="default" layoutProps= {ref: RefImpl} name="default" > 
  at <NuxtLayoutProvider layoutProps= {ref: RefImpl} key="default" name="default"  ... > 
  at <NuxtLayout > 
  at <App key=4 > 
  at <NuxtRoot> @ http://localhost:3001/_nuxt/@fs/home/meebuzo/github/alternate-framework/apps/ecosystem/meeovi-frontend/node_modules/@sentry/core/build/esm/instrument/console.js?v=cfee6d51:42
[   19017ms] [WARNING] [Vue warn]: Avoid app logic that relies on enumerating keys on a component instance. The keys will be empty in production mode to avoid performance overhead. 
  at <VNavigationDrawer modelValue=undefined onUpdate:modelValue=fn location="right"  ... > 
  at <MenusTopmenuLayoutNotifications > 
  at <VCol class="notificationsHeader" > 
  at <VDefaultsProvider defaults= {VTabs: Object} > 
  at <VToolbar ref=Ref< Proxy(Object) > class="v-app-bar" style= {top: 0px, zIndex: 1014, transform: translateY(0px), position: fixed, height: undefined}  ... > 
  at <VAppBar id="topnav" > 
  at <MenusHeader drawer=false onToggleDrawer=fn > 
  at <ClientOnly > 
  at <VApp theme="light" class="auto-text" > 
  at <VResponsive class="border rounded" > 
  at <Default ref=Ref< Proxy(Object) > > 
  at <AsyncComponentWrapper ref=Ref< Proxy(Object) > > 
  at <LayoutLoader key="default" layoutProps= {ref: RefImpl} name="default" > 
  at <NuxtLayoutProvider layoutProps= {ref: RefImpl} key="default" name="default"  ... > 
  at <NuxtLayout > 
  at <App key=4 > 
  at <NuxtRoot> @ http://localhost:3001/_nuxt/@fs/home/meebuzo/github/alternate-framework/apps/ecosystem/meeovi-frontend/node_modules/@sentry/core/build/esm/instrument/console.js?v=cfee6d51:42
[   19021ms] [WARNING] [Vue warn]: Avoid app logic that relies on enumerating keys on a component instance. The keys will be empty in production mode to avoid performance overhead. 
  at <VNavigationDrawer modelValue=undefined onUpdate:modelValue=fn location="right"  ... > 
  at <MenusTopmenuLayoutNotifications > 
  at <VCol class="notificationsHeader" > 
  at <VDefaultsProvider defaults= {VTabs: Object} > 
  at <VToolbar ref=Ref< Proxy(Object) > class="v-app-bar" style= {top: 0px, zIndex: 1014, transform: translateY(0px), position: fixed, height: undefined}  ... > 
  at <VAppBar id="topnav" > 
  at <MenusHeader drawer=false onToggleDrawer=fn > 
  at <ClientOnly > 
  at <VApp theme="light" class="auto-text" > 
  at <VResponsive class="border rounded" > 
  at <Default ref=Ref< Proxy(Object) > > 
  at <AsyncComponentWrapper ref=Ref< Proxy(Object) > > 
  at <LayoutLoader key="default" layoutProps= {ref: RefImpl} name="default" > 
  at <NuxtLayoutProvider layoutProps= {ref: RefImpl} key="default" name="default"  ... > 
  at <NuxtLayout > 
  at <App key=4 > 
  at <NuxtRoot> @ http://localhost:3001/_nuxt/@fs/home/meebuzo/github/alternate-framework/apps/ecosystem/meeovi-frontend/node_modules/@sentry/core/build/esm/instrument/console.js?v=cfee6d51:42
[   19024ms] [WARNING] [Vue warn]: Avoid app logic that relies on enumerating keys on a component instance. The keys will be empty in production mode to avoid performance overhead. 
  at <VNavigationDrawer modelValue=undefined onUpdate:modelValue=fn location="right"  ... > 
  at <MenusTopmenuLayoutNotifications > 
  at <VCol class="notificationsHeader" > 
  at <VDefaultsProvider defaults= {VTabs: Object} > 
  at <VToolbar ref=Ref< Proxy(Object) > class="v-app-bar" style= {top: 0px, zIndex: 1014, transform: translateY(0px), position: fixed, height: undefined}  ... > 
  at <VAppBar id="topnav" > 
  at <MenusHeader drawer=false onToggleDrawer=fn > 
  at <ClientOnly > 
  at <VApp theme="light" class="auto-text" > 
  at <VResponsive class="border rounded" > 
  at <Default ref=Ref< Proxy(Object) > > 
  at <AsyncComponentWrapper ref=Ref< Proxy(Object) > > 
  at <LayoutLoader key="default" layoutProps= {ref: RefImpl} name="default" > 
  at <NuxtLayoutProvider layoutProps= {ref: RefImpl} key="default" name="default"  ... > 
  at <NuxtLayout > 
  at <App key=4 > 
  at <NuxtRoot> @ http://localhost:3001/_nuxt/@fs/home/meebuzo/github/alternate-framework/apps/ecosystem/meeovi-frontend/node_modules/@sentry/core/build/esm/instrument/console.js?v=cfee6d51:42
[   19028ms] [WARNING] [Vue warn]: Avoid app logic that relies on enumerating keys on a component instance. The keys will be empty in production mode to avoid performance overhead. 
  at <VNavigationDrawer modelValue=undefined onUpdate:modelValue=fn location="right"  ... > 
  at <MenusTopmenuLayoutNotifications > 
  at <VCol class="notificationsHeader" > 
  at <VDefaultsProvider defaults= {VTabs: Object} > 
  at <VToolbar ref=Ref< Proxy(Object) > class="v-app-bar" style= {top: 0px, zIndex: 1014, transform: translateY(0px), position: fixed, height: undefined}  ... > 
  at <VAppBar id="topnav" > 
  at <MenusHeader drawer=false onToggleDrawer=fn > 
  at <ClientOnly > 
  at <VApp theme="light" class="auto-text" > 
  at <VResponsive class="border rounded" > 
  at <Default ref=Ref< Proxy(Object) > > 
  at <AsyncComponentWrapper ref=Ref< Proxy(Object) > > 
  at <LayoutLoader key="default" layoutProps= {ref: RefImpl} name="default" > 
  at <NuxtLayoutProvider layoutProps= {ref: RefImpl} key="default" name="default"  ... > 
  at <NuxtLayout > 
  at <App key=4 > 
  at <NuxtRoot> @ http://localhost:3001/_nuxt/@fs/home/meebuzo/github/alternate-framework/apps/ecosystem/meeovi-frontend/node_modules/@sentry/core/build/esm/instrument/console.js?v=cfee6d51:42
[   19032ms] [WARNING] [Vue warn]: Avoid app logic that relies on enumerating keys on a component instance. The keys will be empty in production mode to avoid performance overhead. 
  at <VNavigationDrawer modelValue=undefined onUpdate:modelValue=fn location="right"  ... > 
  at <MenusTopmenuLayoutNotifications > 
  at <VCol class="notificationsHeader" > 
  at <VDefaultsProvider defaults= {VTabs: Object} > 
  at <VToolbar ref=Ref< Proxy(Object) > class="v-app-bar" style= {top: 0px, zIndex: 1014, transform: translateY(0px), position: fixed, height: undefined}  ... > 
  at <VAppBar id="topnav" > 
  at <MenusHeader drawer=false onToggleDrawer=fn > 
  at <ClientOnly > 
  at <VApp theme="light" class="auto-text" > 
  at <VResponsive class="border rounded" > 
  at <Default ref=Ref< Proxy(Object) > > 
  at <AsyncComponentWrapper ref=Ref< Proxy(Object) > > 
  at <LayoutLoader key="default" layoutProps= {ref: RefImpl} name="default" > 
  at <NuxtLayoutProvider layoutProps= {ref: RefImpl} key="default" name="default"  ... > 
  at <NuxtLayout > 
  at <App key=4 > 
  at <NuxtRoot> @ http://localhost:3001/_nuxt/@fs/home/meebuzo/github/alternate-framework/apps/ecosystem/meeovi-frontend/node_modules/@sentry/core/build/esm/instrument/console.js?v=cfee6d51:42
[   19035ms] [WARNING] [Vue warn]: Avoid app logic that relies on enumerating keys on a component instance. The keys will be empty in production mode to avoid performance overhead. 
  at <VNavigationDrawer modelValue=undefined onUpdate:modelValue=fn location="right"  ... > 
  at <MenusTopmenuLayoutNotifications > 
  at <VCol class="notificationsHeader" > 
  at <VDefaultsProvider defaults= {VTabs: Object} > 
  at <VToolbar ref=Ref< Proxy(Object) > class="v-app-bar" style= {top: 0px, zIndex: 1014, transform: translateY(0px), position: fixed, height: undefined}  ... > 
  at <VAppBar id="topnav" > 
  at <MenusHeader drawer=false onToggleDrawer=fn > 
  at <ClientOnly > 
  at <VApp theme="light" class="auto-text" > 
  at <VResponsive class="border rounded" > 
  at <Default ref=Ref< Proxy(Object) > > 
  at <AsyncComponentWrapper ref=Ref< Proxy(Object) > > 
  at <LayoutLoader key="default" layoutProps= {ref: RefImpl} name="default" > 
  at <NuxtLayoutProvider layoutProps= {ref: RefImpl} key="default" name="default"  ... > 
  at <NuxtLayout > 
  at <App key=4 > 
  at <NuxtRoot> @ http://localhost:3001/_nuxt/@fs/home/meebuzo/github/alternate-framework/apps/ecosystem/meeovi-frontend/node_modules/@sentry/core/build/esm/instrument/console.js?v=cfee6d51:42
[   19038ms] [WARNING] [Vue warn]: Avoid app logic that relies on enumerating keys on a component instance. The keys will be empty in production mode to avoid performance overhead. 
  at <VNavigationDrawer modelValue=undefined onUpdate:modelValue=fn location="right"  ... > 
  at <MenusTopmenuLayoutNotifications > 
  at <VCol class="notificationsHeader" > 
  at <VDefaultsProvider defaults= {VTabs: Object} > 
  at <VToolbar ref=Ref< Proxy(Object) > class="v-app-bar" style= {top: 0px, zIndex: 1014, transform: translateY(0px), position: fixed, height: undefined}  ... > 
  at <VAppBar id="topnav" > 
  at <MenusHeader drawer=false onToggleDrawer=fn > 
  at <ClientOnly > 
  at <VApp theme="light" class="auto-text" > 
  at <VResponsive class="border rounded" > 
  at <Default ref=Ref< Proxy(Object) > > 
  at <AsyncComponentWrapper ref=Ref< Proxy(Object) > > 
  at <LayoutLoader key="default" layoutProps= {ref: RefImpl} name="default" > 
  at <NuxtLayoutProvider layoutProps= {ref: RefImpl} key="default" name="default"  ... > 
  at <NuxtLayout > 
  at <App key=4 > 
  at <NuxtRoot> @ http://localhost:3001/_nuxt/@fs/home/meebuzo/github/alternate-framework/apps/ecosystem/meeovi-frontend/node_modules/@sentry/core/build/esm/instrument/console.js?v=cfee6d51:42
[   19041ms] [WARNING] [Vue warn]: Avoid app logic that relies on enumerating keys on a component instance. The keys will be empty in production mode to avoid performance overhead. 
  at <VNavigationDrawer modelValue=undefined onUpdate:modelValue=fn location="right"  ... > 
  at <MenusTopmenuLayoutNotifications > 
  at <VCol class="notificationsHeader" > 
  at <VDefaultsProvider defaults= {VTabs: Object} > 
  at <VToolbar ref=Ref< Proxy(Object) > class="v-app-bar" style= {top: 0px, zIndex: 1014, transform: translateY(0px), position: fixed, height: undefined}  ... > 
  at <VAppBar id="topnav" > 
  at <MenusHeader drawer=false onToggleDrawer=fn > 
  at <ClientOnly > 
  at <VApp theme="light" class="auto-text" > 
  at <VResponsive class="border rounded" > 
  at <Default ref=Ref< Proxy(Object) > > 
  at <AsyncComponentWrapper ref=Ref< Proxy(Object) > > 
  at <LayoutLoader key="default" layoutProps= {ref: RefImpl} name="default" > 
  at <NuxtLayoutProvider layoutProps= {ref: RefImpl} key="default" name="default"  ... > 
  at <NuxtLayout > 
  at <App key=4 > 
  at <NuxtRoot> @ http://localhost:3001/_nuxt/@fs/home/meebuzo/github/alternate-framework/apps/ecosystem/meeovi-frontend/node_modules/@sentry/core/build/esm/instrument/console.js?v=cfee6d51:42
[   19045ms] [WARNING] [Vue warn]: Avoid app logic that relies on enumerating keys on a component instance. The keys will be empty in production mode to avoid performance overhead. 
  at <VNavigationDrawer modelValue=undefined onUpdate:modelValue=fn location="right"  ... > 
  at <MenusTopmenuLayoutNotifications > 
  at <VCol class="notificationsHeader" > 
  at <VDefaultsProvider defaults= {VTabs: Object} > 
  at <VToolbar ref=Ref< Proxy(Object) > class="v-app-bar" style= {top: 0px, zIndex: 1014, transform: translateY(0px), position: fixed, height: undefined}  ... > 
  at <VAppBar id="topnav" > 
  at <MenusHeader drawer=false onToggleDrawer=fn > 
  at <ClientOnly > 
  at <VApp theme="light" class="auto-text" > 
  at <VResponsive class="border rounded" > 
  at <Default ref=Ref< Proxy(Object) > > 
  at <AsyncComponentWrapper ref=Ref< Proxy(Object) > > 
  at <LayoutLoader key="default" layoutProps= {ref: RefImpl} name="default" > 
  at <NuxtLayoutProvider layoutProps= {ref: RefImpl} key="default" name="default"  ... > 
  at <NuxtLayout > 
  at <App key=4 > 
  at <NuxtRoot> @ http://localhost:3001/_nuxt/@fs/home/meebuzo/github/alternate-framework/apps/ecosystem/meeovi-frontend/node_modules/@sentry/core/build/esm/instrument/console.js?v=cfee6d51:42
[   19049ms] [WARNING] [Vue warn]: Avoid app logic that relies on enumerating keys on a component instance. The keys will be empty in production mode to avoid performance overhead. 
  at <VNavigationDrawer modelValue=undefined onUpdate:modelValue=fn location="right"  ... > 
  at <MenusTopmenuLayoutNotifications > 
  at <VCol class="notificationsHeader" > 
  at <VDefaultsProvider defaults= {VTabs: Object} > 
  at <VToolbar ref=Ref< Proxy(Object) > class="v-app-bar" style= {top: 0px, zIndex: 1014, transform: translateY(0px), position: fixed, height: undefined}  ... > 
  at <VAppBar id="topnav" > 
  at <MenusHeader drawer=false onToggleDrawer=fn > 
  at <ClientOnly > 
  at <VApp theme="light" class="auto-text" > 
  at <VResponsive class="border rounded" > 
  at <Default ref=Ref< Proxy(Object) > > 
  at <AsyncComponentWrapper ref=Ref< Proxy(Object) > > 
  at <LayoutLoader key="default" layoutProps= {ref: RefImpl} name="default" > 
  at <NuxtLayoutProvider layoutProps= {ref: RefImpl} key="default" name="default"  ... > 
  at <NuxtLayout > 
  at <App key=4 > 
  at <NuxtRoot> @ http://localhost:3001/_nuxt/@fs/home/meebuzo/github/alternate-framework/apps/ecosystem/meeovi-frontend/node_modules/@sentry/core/build/esm/instrument/console.js?v=cfee6d51:42
[   19054ms] [WARNING] [Vue warn]: Avoid app logic that relies on enumerating keys on a component instance. The keys will be empty in production mode to avoid performance overhead. 
  at <VNavigationDrawer modelValue=undefined onUpdate:modelValue=fn location="right"  ... > 
  at <MenusTopmenuLayoutNotifications > 
  at <VCol class="notificationsHeader" > 
  at <VDefaultsProvider defaults= {VTabs: Object} > 
  at <VToolbar ref=Ref< Proxy(Object) > class="v-app-bar" style= {top: 0px, zIndex: 1014, transform: translateY(0px), position: fixed, height: undefined}  ... > 
  at <VAppBar id="topnav" > 
  at <MenusHeader drawer=false onToggleDrawer=fn > 
  at <ClientOnly > 
  at <VApp theme="light" class="auto-text" > 
  at <VResponsive class="border rounded" > 
  at <Default ref=Ref< Proxy(Object) > > 
  at <AsyncComponentWrapper ref=Ref< Proxy(Object) > > 
  at <LayoutLoader key="default" layoutProps= {ref: RefImpl} name="default" > 
  at <NuxtLayoutProvider layoutProps= {ref: RefImpl} key="default" name="default"  ... > 
  at <NuxtLayout > 
  at <App key=4 > 
  at <NuxtRoot> @ http://localhost:3001/_nuxt/@fs/home/meebuzo/github/alternate-framework/apps/ecosystem/meeovi-frontend/node_modules/@sentry/core/build/esm/instrument/console.js?v=cfee6d51:42
[   19057ms] [WARNING] [Vue warn]: Avoid app logic that relies on enumerating keys on a component instance. The keys will be empty in production mode to avoid performance overhead. 
  at <VNavigationDrawer modelValue=undefined onUpdate:modelValue=fn location="right"  ... > 
  at <MenusTopmenuLayoutNotifications > 
  at <VCol class="notificationsHeader" > 
  at <VDefaultsProvider defaults= {VTabs: Object} > 
  at <VToolbar ref=Ref< Proxy(Object) > class="v-app-bar" style= {top: 0px, zIndex: 1014, transform: translateY(0px), position: fixed, height: undefined}  ... > 
  at <VAppBar id="topnav" > 
  at <MenusHeader drawer=false onToggleDrawer=fn > 
  at <ClientOnly > 
  at <VApp theme="light" class="auto-text" > 
  at <VResponsive class="border rounded" > 
  at <Default ref=Ref< Proxy(Object) > > 
  at <AsyncComponentWrapper ref=Ref< Proxy(Object) > > 
  at <LayoutLoader key="default" layoutProps= {ref: RefImpl} name="default" > 
  at <NuxtLayoutProvider layoutProps= {ref: RefImpl} key="default" name="default"  ... > 
  at <NuxtLayout > 
  at <App key=4 > 
  at <NuxtRoot> @ http://localhost:3001/_nuxt/@fs/home/meebuzo/github/alternate-framework/apps/ecosystem/meeovi-frontend/node_modules/@sentry/core/build/esm/instrument/console.js?v=cfee6d51:42
[   19060ms] [WARNING] [Vue warn]: Avoid app logic that relies on enumerating keys on a component instance. The keys will be empty in production mode to avoid performance overhead. 
  at <VNavigationDrawer modelValue=undefined onUpdate:modelValue=fn location="right"  ... > 
  at <MenusTopmenuLayoutNotifications > 
  at <VCol class="notificationsHeader" > 
  at <VDefaultsProvider defaults= {VTabs: Object} > 
  at <VToolbar ref=Ref< Proxy(Object) > class="v-app-bar" style= {top: 0px, zIndex: 1014, transform: translateY(0px), position: fixed, height: undefined}  ... > 
  at <VAppBar id="topnav" > 
  at <MenusHeader drawer=false onToggleDrawer=fn > 
  at <ClientOnly > 
  at <VApp theme="light" class="auto-text" > 
  at <VResponsive class="border rounded" > 
  at <Default ref=Ref< Proxy(Object) > > 
  at <AsyncComponentWrapper ref=Ref< Proxy(Object) > > 
  at <LayoutLoader key="default" layoutProps= {ref: RefImpl} name="default" > 
  at <NuxtLayoutProvider layoutProps= {ref: RefImpl} key="default" name="default"  ... > 
  at <NuxtLayout > 
  at <App key=4 > 
  at <NuxtRoot> @ http://localhost:3001/_nuxt/@fs/home/meebuzo/github/alternate-framework/apps/ecosystem/meeovi-frontend/node_modules/@sentry/core/build/esm/instrument/console.js?v=cfee6d51:42
[   19063ms] [WARNING] [Vue warn]: Avoid app logic that relies on enumerating keys on a component instance. The keys will be empty in production mode to avoid performance overhead. 
  at <VNavigationDrawer modelValue=undefined onUpdate:modelValue=fn location="right"  ... > 
  at <MenusTopmenuLayoutNotifications > 
  at <VCol class="notificationsHeader" > 
  at <VDefaultsProvider defaults= {VTabs: Object} > 
  at <VToolbar ref=Ref< Proxy(Object) > class="v-app-bar" style= {top: 0px, zIndex: 1014, transform: translateY(0px), position: fixed, height: undefined}  ... > 
  at <VAppBar id="topnav" > 
  at <MenusHeader drawer=false onToggleDrawer=fn > 
  at <ClientOnly > 
  at <VApp theme="light" class="auto-text" > 
  at <VResponsive class="border rounded" > 
  at <Default ref=Ref< Proxy(Object) > > 
  at <AsyncComponentWrapper ref=Ref< Proxy(Object) > > 
  at <LayoutLoader key="default" layoutProps= {ref: RefImpl} name="default" > 
  at <NuxtLayoutProvider layoutProps= {ref: RefImpl} key="default" name="default"  ... > 
  at <NuxtLayout > 
  at <App key=4 > 
  at <NuxtRoot> @ http://localhost:3001/_nuxt/@fs/home/meebuzo/github/alternate-framework/apps/ecosystem/meeovi-frontend/node_modules/@sentry/core/build/esm/instrument/console.js?v=cfee6d51:42
[   19066ms] [WARNING] [Vue warn]: Avoid app logic that relies on enumerating keys on a component instance. The keys will be empty in production mode to avoid performance overhead. 
  at <VNavigationDrawer modelValue=undefined onUpdate:modelValue=fn location="right"  ... > 
  at <MenusTopmenuLayoutNotifications > 
  at <VCol class="notificationsHeader" > 
  at <VDefaultsProvider defaults= {VTabs: Object} > 
  at <VToolbar ref=Ref< Proxy(Object) > class="v-app-bar" style= {top: 0px, zIndex: 1014, transform: translateY(0px), position: fixed, height: undefined}  ... > 
  at <VAppBar id="topnav" > 
  at <MenusHeader drawer=false onToggleDrawer=fn > 
  at <ClientOnly > 
  at <VApp theme="light" class="auto-text" > 
  at <VResponsive class="border rounded" > 
  at <Default ref=Ref< Proxy(Object) > > 
  at <AsyncComponentWrapper ref=Ref< Proxy(Object) > > 
  at <LayoutLoader key="default" layoutProps= {ref: RefImpl} name="default" > 
  at <NuxtLayoutProvider layoutProps= {ref: RefImpl} key="default" name="default"  ... > 
  at <NuxtLayout > 
  at <App key=4 > 
  at <NuxtRoot> @ http://localhost:3001/_nuxt/@fs/home/meebuzo/github/alternate-framework/apps/ecosystem/meeovi-frontend/node_modules/@sentry/core/build/esm/instrument/console.js?v=cfee6d51:42
[   19069ms] [WARNING] [Vue warn]: Avoid app logic that relies on enumerating keys on a component instance. The keys will be empty in production mode to avoid performance overhead. 
  at <VNavigationDrawer modelValue=undefined onUpdate:modelValue=fn location="right"  ... > 
  at <MenusTopmenuLayoutNotifications > 
  at <VCol class="notificationsHeader" > 
  at <VDefaultsProvider defaults= {VTabs: Object} > 
  at <VToolbar ref=Ref< Proxy(Object) > class="v-app-bar" style= {top: 0px, zIndex: 1014, transform: translateY(0px), position: fixed, height: undefined}  ... > 
  at <VAppBar id="topnav" > 
  at <MenusHeader drawer=false onToggleDrawer=fn > 
  at <ClientOnly > 
  at <VApp theme="light" class="auto-text" > 
  at <VResponsive class="border rounded" > 
  at <Default ref=Ref< Proxy(Object) > > 
  at <AsyncComponentWrapper ref=Ref< Proxy(Object) > > 
  at <LayoutLoader key="default" layoutProps= {ref: RefImpl} name="default" > 
  at <NuxtLayoutProvider layoutProps= {ref: RefImpl} key="default" name="default"  ... > 
  at <NuxtLayout > 
  at <App key=4 > 
  at <NuxtRoot> @ http://localhost:3001/_nuxt/@fs/home/meebuzo/github/alternate-framework/apps/ecosystem/meeovi-frontend/node_modules/@sentry/core/build/esm/instrument/console.js?v=cfee6d51:42
[   19072ms] [WARNING] [Vue warn]: Avoid app logic that relies on enumerating keys on a component instance. The keys will be empty in production mode to avoid performance overhead. 
  at <VNavigationDrawer modelValue=undefined onUpdate:modelValue=fn location="right"  ... > 
  at <MenusTopmenuLayoutNotifications > 
  at <VCol class="notificationsHeader" > 
  at <VDefaultsProvider defaults= {VTabs: Object} > 
  at <VToolbar ref=Ref< Proxy(Object) > class="v-app-bar" style= {top: 0px, zIndex: 1014, transform: translateY(0px), position: fixed, height: undefined}  ... > 
  at <VAppBar id="topnav" > 
  at <MenusHeader drawer=false onToggleDrawer=fn > 
  at <ClientOnly > 
  at <VApp theme="light" class="auto-text" > 
  at <VResponsive class="border rounded" > 
  at <Default ref=Ref< Proxy(Object) > > 
  at <AsyncComponentWrapper ref=Ref< Proxy(Object) > > 
  at <LayoutLoader key="default" layoutProps= {ref: RefImpl} name="default" > 
  at <NuxtLayoutProvider layoutProps= {ref: RefImpl} key="default" name="default"  ... > 
  at <NuxtLayout > 
  at <App key=4 > 
  at <NuxtRoot> @ http://localhost:3001/_nuxt/@fs/home/meebuzo/github/alternate-framework/apps/ecosystem/meeovi-frontend/node_modules/@sentry/core/build/esm/instrument/console.js?v=cfee6d51:42
[   19074ms] [WARNING] [Vue warn]: Avoid app logic that relies on enumerating keys on a component instance. The keys will be empty in production mode to avoid performance overhead. 
  at <VNavigationDrawer modelValue=undefined onUpdate:modelValue=fn location="right"  ... > 
  at <MenusTopmenuLayoutNotifications > 
  at <VCol class="notificationsHeader" > 
  at <VDefaultsProvider defaults= {VTabs: Object} > 
  at <VToolbar ref=Ref< Proxy(Object) > class="v-app-bar" style= {top: 0px, zIndex: 1014, transform: translateY(0px), position: fixed, height: undefined}  ... > 
  at <VAppBar id="topnav" > 
  at <MenusHeader drawer=false onToggleDrawer=fn > 
  at <ClientOnly > 
  at <VApp theme="light" class="auto-text" > 
  at <VResponsive class="border rounded" > 
  at <Default ref=Ref< Proxy(Object) > > 
  at <AsyncComponentWrapper ref=Ref< Proxy(Object) > > 
  at <LayoutLoader key="default" layoutProps= {ref: RefImpl} name="default" > 
  at <NuxtLayoutProvider layoutProps= {ref: RefImpl} key="default" name="default"  ... > 
  at <NuxtLayout > 
  at <App key=4 > 
  at <NuxtRoot> @ http://localhost:3001/_nuxt/@fs/home/meebuzo/github/alternate-framework/apps/ecosystem/meeovi-frontend/node_modules/@sentry/core/build/esm/instrument/console.js?v=cfee6d51:42
[   19078ms] [WARNING] [Vue warn]: Avoid app logic that relies on enumerating keys on a component instance. The keys will be empty in production mode to avoid performance overhead. 
  at <VNavigationDrawer modelValue=undefined onUpdate:modelValue=fn location="right"  ... > 
  at <MenusTopmenuLayoutNotifications > 
  at <VCol class="notificationsHeader" > 
  at <VDefaultsProvider defaults= {VTabs: Object} > 
  at <VToolbar ref=Ref< Proxy(Object) > class="v-app-bar" style= {top: 0px, zIndex: 1014, transform: translateY(0px), position: fixed, height: undefined}  ... > 
  at <VAppBar id="topnav" > 
  at <MenusHeader drawer=false onToggleDrawer=fn > 
  at <ClientOnly > 
  at <VApp theme="light" class="auto-text" > 
  at <VResponsive class="border rounded" > 
  at <Default ref=Ref< Proxy(Object) > > 
  at <AsyncComponentWrapper ref=Ref< Proxy(Object) > > 
  at <LayoutLoader key="default" layoutProps= {ref: RefImpl} name="default" > 
  at <NuxtLayoutProvider layoutProps= {ref: RefImpl} key="default" name="default"  ... > 
  at <NuxtLayout > 
  at <App key=4 > 
  at <NuxtRoot> @ http://localhost:3001/_nuxt/@fs/home/meebuzo/github/alternate-framework/apps/ecosystem/meeovi-frontend/node_modules/@sentry/core/build/esm/instrument/console.js?v=cfee6d51:42
[   19082ms] [WARNING] [Vue warn]: Avoid app logic that relies on enumerating keys on a component instance. The keys will be empty in production mode to avoid performance overhead. 
  at <VNavigationDrawer modelValue=undefined onUpdate:modelValue=fn location="right"  ... > 
  at <MenusTopmenuLayoutNotifications > 
  at <VCol class="notificationsHeader" > 
  at <VDefaultsProvider defaults= {VTabs: Object} > 
  at <VToolbar ref=Ref< Proxy(Object) > class="v-app-bar" style= {top: 0px, zIndex: 1014, transform: translateY(0px), position: fixed, height: undefined}  ... > 
  at <VAppBar id="topnav" > 
  at <MenusHeader drawer=false onToggleDrawer=fn > 
  at <ClientOnly > 
  at <VApp theme="light" class="auto-text" > 
  at <VResponsive class="border rounded" > 
  at <Default ref=Ref< Proxy(Object) > > 
  at <AsyncComponentWrapper ref=Ref< Proxy(Object) > > 
  at <LayoutLoader key="default" layoutProps= {ref: RefImpl} name="default" > 
  at <NuxtLayoutProvider layoutProps= {ref: RefImpl} key="default" name="default"  ... > 
  at <NuxtLayout > 
  at <App key=4 > 
  at <NuxtRoot> @ http://localhost:3001/_nuxt/@fs/home/meebuzo/github/alternate-framework/apps/ecosystem/meeovi-frontend/node_modules/@sentry/core/build/esm/instrument/console.js?v=cfee6d51:42
[   19086ms] [WARNING] [Vue warn]: Avoid app logic that relies on enumerating keys on a component instance. The keys will be empty in production mode to avoid performance overhead. 
  at <VNavigationDrawer modelValue=undefined onUpdate:modelValue=fn location="right"  ... > 
  at <MenusTopmenuLayoutNotifications > 
  at <VCol class="notificationsHeader" > 
  at <VDefaultsProvider defaults= {VTabs: Object} > 
  at <VToolbar ref=Ref< Proxy(Object) > class="v-app-bar" style= {top: 0px, zIndex: 1014, transform: translateY(0px), position: fixed, height: undefined}  ... > 
  at <VAppBar id="topnav" > 
  at <MenusHeader drawer=false onToggleDrawer=fn > 
  at <ClientOnly > 
  at <VApp theme="light" class="auto-text" > 
  at <VResponsive class="border rounded" > 
  at <Default ref=Ref< Proxy(Object) > > 
  at <AsyncComponentWrapper ref=Ref< Proxy(Object) > > 
  at <LayoutLoader key="default" layoutProps= {ref: RefImpl} name="default" > 
  at <NuxtLayoutProvider layoutProps= {ref: RefImpl} key="default" name="default"  ... > 
  at <NuxtLayout > 
  at <App key=4 > 
  at <NuxtRoot> @ http://localhost:3001/_nuxt/@fs/home/meebuzo/github/alternate-framework/apps/ecosystem/meeovi-frontend/node_modules/@sentry/core/build/esm/instrument/console.js?v=cfee6d51:42
[   19090ms] [WARNING] [Vue warn]: Avoid app logic that relies on enumerating keys on a component instance. The keys will be empty in production mode to avoid performance overhead. 
  at <VNavigationDrawer modelValue=undefined onUpdate:modelValue=fn location="right"  ... > 
  at <MenusTopmenuLayoutNotifications > 
  at <VCol class="notificationsHeader" > 
  at <VDefaultsProvider defaults= {VTabs: Object} > 
  at <VToolbar ref=Ref< Proxy(Object) > class="v-app-bar" style= {top: 0px, zIndex: 1014, transform: translateY(0px), position: fixed, height: undefined}  ... > 
  at <VAppBar id="topnav" > 
  at <MenusHeader drawer=false onToggleDrawer=fn > 
  at <ClientOnly > 
  at <VApp theme="light" class="auto-text" > 
  at <VResponsive class="border rounded" > 
  at <Default ref=Ref< Proxy(Object) > > 
  at <AsyncComponentWrapper ref=Ref< Proxy(Object) > > 
  at <LayoutLoader key="default" layoutProps= {ref: RefImpl} name="default" > 
  at <NuxtLayoutProvider layoutProps= {ref: RefImpl} key="default" name="default"  ... > 
  at <NuxtLayout > 
  at <App key=4 > 
  at <NuxtRoot> @ http://localhost:3001/_nuxt/@fs/home/meebuzo/github/alternate-framework/apps/ecosystem/meeovi-frontend/node_modules/@sentry/core/build/esm/instrument/console.js?v=cfee6d51:42
[   19094ms] [WARNING] [Vue warn]: Avoid app logic that relies on enumerating keys on a component instance. The keys will be empty in production mode to avoid performance overhead. 
  at <VNavigationDrawer modelValue=undefined onUpdate:modelValue=fn location="right"  ... > 
  at <MenusTopmenuLayoutNotifications > 
  at <VCol class="notificationsHeader" > 
  at <VDefaultsProvider defaults= {VTabs: Object} > 
  at <VToolbar ref=Ref< Proxy(Object) > class="v-app-bar" style= {top: 0px, zIndex: 1014, transform: translateY(0px), position: fixed, height: undefined}  ... > 
  at <VAppBar id="topnav" > 
  at <MenusHeader drawer=false onToggleDrawer=fn > 
  at <ClientOnly > 
  at <VApp theme="light" class="auto-text" > 
  at <VResponsive class="border rounded" > 
  at <Default ref=Ref< Proxy(Object) > > 
  at <AsyncComponentWrapper ref=Ref< Proxy(Object) > > 
  at <LayoutLoader key="default" layoutProps= {ref: RefImpl} name="default" > 
  at <NuxtLayoutProvider layoutProps= {ref: RefImpl} key="default" name="default"  ... > 
  at <NuxtLayout > 
  at <App key=4 > 
  at <NuxtRoot> @ http://localhost:3001/_nuxt/@fs/home/meebuzo/github/alternate-framework/apps/ecosystem/meeovi-frontend/node_modules/@sentry/core/build/esm/instrument/console.js?v=cfee6d51:42
[   19099ms] [WARNING] [Vue warn]: Avoid app logic that relies on enumerating keys on a component instance. The keys will be empty in production mode to avoid performance overhead. 
  at <VNavigationDrawer modelValue=undefined onUpdate:modelValue=fn location="right"  ... > 
  at <MenusTopmenuLayoutNotifications > 
  at <VCol class="notificationsHeader" > 
  at <VDefaultsProvider defaults= {VTabs: Object} > 
  at <VToolbar ref=Ref< Proxy(Object) > class="v-app-bar" style= {top: 0px, zIndex: 1014, transform: translateY(0px), position: fixed, height: undefined}  ... > 
  at <VAppBar id="topnav" > 
  at <MenusHeader drawer=false onToggleDrawer=fn > 
  at <ClientOnly > 
  at <VApp theme="light" class="auto-text" > 
  at <VResponsive class="border rounded" > 
  at <Default ref=Ref< Proxy(Object) > > 
  at <AsyncComponentWrapper ref=Ref< Proxy(Object) > > 
  at <LayoutLoader key="default" layoutProps= {ref: RefImpl} name="default" > 
  at <NuxtLayoutProvider layoutProps= {ref: RefImpl} key="default" name="default"  ... > 
  at <NuxtLayout > 
  at <App key=4 > 
  at <NuxtRoot> @ http://localhost:3001/_nuxt/@fs/home/meebuzo/github/alternate-framework/apps/ecosystem/meeovi-frontend/node_modules/@sentry/core/build/esm/instrument/console.js?v=cfee6d51:42
[   19104ms] [WARNING] [Vue warn]: Avoid app logic that relies on enumerating keys on a component instance. The keys will be empty in production mode to avoid performance overhead. 
  at <VNavigationDrawer modelValue=undefined onUpdate:modelValue=fn location="right"  ... > 
  at <MenusTopmenuLayoutNotifications > 
  at <VCol class="notificationsHeader" > 
  at <VDefaultsProvider defaults= {VTabs: Object} > 
  at <VToolbar ref=Ref< Proxy(Object) > class="v-app-bar" style= {top: 0px, zIndex: 1014, transform: translateY(0px), position: fixed, height: undefined}  ... > 
  at <VAppBar id="topnav" > 
  at <MenusHeader drawer=false onToggleDrawer=fn > 
  at <ClientOnly > 
  at <VApp theme="light" class="auto-text" > 
  at <VResponsive class="border rounded" > 
  at <Default ref=Ref< Proxy(Object) > > 
  at <AsyncComponentWrapper ref=Ref< Proxy(Object) > > 
  at <LayoutLoader key="default" layoutProps= {ref: RefImpl} name="default" > 
  at <NuxtLayoutProvider layoutProps= {ref: RefImpl} key="default" name="default"  ... > 
  at <NuxtLayout > 
  at <App key=4 > 
  at <NuxtRoot> @ http://localhost:3001/_nuxt/@fs/home/meebuzo/github/alternate-framework/apps/ecosystem/meeovi-frontend/node_modules/@sentry/core/build/esm/instrument/console.js?v=cfee6d51:42
[   19109ms] [WARNING] [Vue warn]: Avoid app logic that relies on enumerating keys on a component instance. The keys will be empty in production mode to avoid performance overhead. 
  at <VNavigationDrawer modelValue=undefined onUpdate:modelValue=fn location="right"  ... > 
  at <MenusTopmenuLayoutNotifications > 
  at <VCol class="notificationsHeader" > 
  at <VDefaultsProvider defaults= {VTabs: Object} > 
  at <VToolbar ref=Ref< Proxy(Object) > class="v-app-bar" style= {top: 0px, zIndex: 1014, transform: translateY(0px), position: fixed, height: undefined}  ... > 
  at <VAppBar id="topnav" > 
  at <MenusHeader drawer=false onToggleDrawer=fn > 
  at <ClientOnly > 
  at <VApp theme="light" class="auto-text" > 
  at <VResponsive class="border rounded" > 
  at <Default ref=Ref< Proxy(Object) > > 
  at <AsyncComponentWrapper ref=Ref< Proxy(Object) > > 
  at <LayoutLoader key="default" layoutProps= {ref: RefImpl} name="default" > 
  at <NuxtLayoutProvider layoutProps= {ref: RefImpl} key="default" name="default"  ... > 
  at <NuxtLayout > 
  at <App key=4 > 
  at <NuxtRoot> @ http://localhost:3001/_nuxt/@fs/home/meebuzo/github/alternate-framework/apps/ecosystem/meeovi-frontend/node_modules/@sentry/core/build/esm/instrument/console.js?v=cfee6d51:42
[   19113ms] [WARNING] [Vue warn]: Avoid app logic that relies on enumerating keys on a component instance. The keys will be empty in production mode to avoid performance overhead. 
  at <VNavigationDrawer modelValue=undefined onUpdate:modelValue=fn location="right"  ... > 
  at <MenusTopmenuLayoutNotifications > 
  at <VCol class="notificationsHeader" > 
  at <VDefaultsProvider defaults= {VTabs: Object} > 
  at <VToolbar ref=Ref< Proxy(Object) > class="v-app-bar" style= {top: 0px, zIndex: 1014, transform: translateY(0px), position: fixed, height: undefined}  ... > 
  at <VAppBar id="topnav" > 
  at <MenusHeader drawer=false onToggleDrawer=fn > 
  at <ClientOnly > 
  at <VApp theme="light" class="auto-text" > 
  at <VResponsive class="border rounded" > 
  at <Default ref=Ref< Proxy(Object) > > 
  at <AsyncComponentWrapper ref=Ref< Proxy(Object) > > 
  at <LayoutLoader key="default" layoutProps= {ref: RefImpl} name="default" > 
  at <NuxtLayoutProvider layoutProps= {ref: RefImpl} key="default" name="default"  ... > 
  at <NuxtLayout > 
  at <App key=4 > 
  at <NuxtRoot> @ http://localhost:3001/_nuxt/@fs/home/meebuzo/github/alternate-framework/apps/ecosystem/meeovi-frontend/node_modules/@sentry/core/build/esm/instrument/console.js?v=cfee6d51:42
[   19118ms] [WARNING] [Vue warn]: Avoid app logic that relies on enumerating keys on a component instance. The keys will be empty in production mode to avoid performance overhead. 
  at <VNavigationDrawer modelValue=undefined onUpdate:modelValue=fn location="right"  ... > 
  at <MenusTopmenuLayoutNotifications > 
  at <VCol class="notificationsHeader" > 
  at <VDefaultsProvider defaults= {VTabs: Object} > 
  at <VToolbar ref=Ref< Proxy(Object) > class="v-app-bar" style= {top: 0px, zIndex: 1014, transform: translateY(0px), position: fixed, height: undefined}  ... > 
  at <VAppBar id="topnav" > 
  at <MenusHeader drawer=false onToggleDrawer=fn > 
  at <ClientOnly > 
  at <VApp theme="light" class="auto-text" > 
  at <VResponsive class="border rounded" > 
  at <Default ref=Ref< Proxy(Object) > > 
  at <AsyncComponentWrapper ref=Ref< Proxy(Object) > > 
  at <LayoutLoader key="default" layoutProps= {ref: RefImpl} name="default" > 
  at <NuxtLayoutProvider layoutProps= {ref: RefImpl} key="default" name="default"  ... > 
  at <NuxtLayout > 
  at <App key=4 > 
  at <NuxtRoot> @ http://localhost:3001/_nuxt/@fs/home/meebuzo/github/alternate-framework/apps/ecosystem/meeovi-frontend/node_modules/@sentry/core/build/esm/instrument/console.js?v=cfee6d51:42
[   19123ms] [WARNING] [Vue warn]: Avoid app logic that relies on enumerating keys on a component instance. The keys will be empty in production mode to avoid performance overhead. 
  at <VNavigationDrawer modelValue=undefined onUpdate:modelValue=fn location="right"  ... > 
  at <MenusTopmenuLayoutNotifications > 
  at <VCol class="notificationsHeader" > 
  at <VDefaultsProvider defaults= {VTabs: Object} > 
  at <VToolbar ref=Ref< Proxy(Object) > class="v-app-bar" style= {top: 0px, zIndex: 1014, transform: translateY(0px), position: fixed, height: undefined}  ... > 
  at <VAppBar id="topnav" > 
  at <MenusHeader drawer=false onToggleDrawer=fn > 
  at <ClientOnly > 
  at <VApp theme="light" class="auto-text" > 
  at <VResponsive class="border rounded" > 
  at <Default ref=Ref< Proxy(Object) > > 
  at <AsyncComponentWrapper ref=Ref< Proxy(Object) > > 
  at <LayoutLoader key="default" layoutProps= {ref: RefImpl} name="default" > 
  at <NuxtLayoutProvider layoutProps= {ref: RefImpl} key="default" name="default"  ... > 
  at <NuxtLayout > 
  at <App key=4 > 
  at <NuxtRoot> @ http://localhost:3001/_nuxt/@fs/home/meebuzo/github/alternate-framework/apps/ecosystem/meeovi-frontend/node_modules/@sentry/core/build/esm/instrument/console.js?v=cfee6d51:42
[   19128ms] [WARNING] [Vue warn]: Avoid app logic that relies on enumerating keys on a component instance. The keys will be empty in production mode to avoid performance overhead. 
  at <VNavigationDrawer modelValue=undefined onUpdate:modelValue=fn location="right"  ... > 
  at <MenusTopmenuLayoutNotifications > 
  at <VCol class="notificationsHeader" > 
  at <VDefaultsProvider defaults= {VTabs: Object} > 
  at <VToolbar ref=Ref< Proxy(Object) > class="v-app-bar" style= {top: 0px, zIndex: 1014, transform: translateY(0px), position: fixed, height: undefined}  ... > 
  at <VAppBar id="topnav" > 
  at <MenusHeader drawer=false onToggleDrawer=fn > 
  at <ClientOnly > 
  at <VApp theme="light" class="auto-text" > 
  at <VResponsive class="border rounded" > 
  at <Default ref=Ref< Proxy(Object) > > 
  at <AsyncComponentWrapper ref=Ref< Proxy(Object) > > 
  at <LayoutLoader key="default" layoutProps= {ref: RefImpl} name="default" > 
  at <NuxtLayoutProvider layoutProps= {ref: RefImpl} key="default" name="default"  ... > 
  at <NuxtLayout > 
  at <App key=4 > 
  at <NuxtRoot> @ http://localhost:3001/_nuxt/@fs/home/meebuzo/github/alternate-framework/apps/ecosystem/meeovi-frontend/node_modules/@sentry/core/build/esm/instrument/console.js?v=cfee6d51:42
[   19132ms] [WARNING] [Vue warn]: Avoid app logic that relies on enumerating keys on a component instance. The keys will be empty in production mode to avoid performance overhead. 
  at <VNavigationDrawer modelValue=undefined onUpdate:modelValue=fn location="right"  ... > 
  at <MenusTopmenuLayoutNotifications > 
  at <VCol class="notificationsHeader" > 
  at <VDefaultsProvider defaults= {VTabs: Object} > 
  at <VToolbar ref=Ref< Proxy(Object) > class="v-app-bar" style= {top: 0px, zIndex: 1014, transform: translateY(0px), position: fixed, height: undefined}  ... > 
  at <VAppBar id="topnav" > 
  at <MenusHeader drawer=false onToggleDrawer=fn > 
  at <ClientOnly > 
  at <VApp theme="light" class="auto-text" > 
  at <VResponsive class="border rounded" > 
  at <Default ref=Ref< Proxy(Object) > > 
  at <AsyncComponentWrapper ref=Ref< Proxy(Object) > > 
  at <LayoutLoader key="default" layoutProps= {ref: RefImpl} name="default" > 
  at <NuxtLayoutProvider layoutProps= {ref: RefImpl} key="default" name="default"  ... > 
  at <NuxtLayout > 
  at <App key=4 > 
  at <NuxtRoot> @ http://localhost:3001/_nuxt/@fs/home/meebuzo/github/alternate-framework/apps/ecosystem/meeovi-frontend/node_modules/@sentry/core/build/esm/instrument/console.js?v=cfee6d51:42
[   19137ms] [WARNING] [Vue warn]: Avoid app logic that relies on enumerating keys on a component instance. The keys will be empty in production mode to avoid performance overhead. 
  at <VNavigationDrawer modelValue=undefined onUpdate:modelValue=fn location="right"  ... > 
  at <MenusTopmenuLayoutNotifications > 
  at <VCol class="notificationsHeader" > 
  at <VDefaultsProvider defaults= {VTabs: Object} > 
  at <VToolbar ref=Ref< Proxy(Object) > class="v-app-bar" style= {top: 0px, zIndex: 1014, transform: translateY(0px), position: fixed, height: undefined}  ... > 
  at <VAppBar id="topnav" > 
  at <MenusHeader drawer=false onToggleDrawer=fn > 
  at <ClientOnly > 
  at <VApp theme="light" class="auto-text" > 
  at <VResponsive class="border rounded" > 
  at <Default ref=Ref< Proxy(Object) > > 
  at <AsyncComponentWrapper ref=Ref< Proxy(Object) > > 
  at <LayoutLoader key="default" layoutProps= {ref: RefImpl} name="default" > 
  at <NuxtLayoutProvider layoutProps= {ref: RefImpl} key="default" name="default"  ... > 
  at <NuxtLayout > 
  at <App key=4 > 
  at <NuxtRoot> @ http://localhost:3001/_nuxt/@fs/home/meebuzo/github/alternate-framework/apps/ecosystem/meeovi-frontend/node_modules/@sentry/core/build/esm/instrument/console.js?v=cfee6d51:42
[   19142ms] [WARNING] [Vue warn]: Avoid app logic that relies on enumerating keys on a component instance. The keys will be empty in production mode to avoid performance overhead. 
  at <VNavigationDrawer modelValue=undefined onUpdate:modelValue=fn location="right"  ... > 
  at <MenusTopmenuLayoutNotifications > 
  at <VCol class="notificationsHeader" > 
  at <VDefaultsProvider defaults= {VTabs: Object} > 
  at <VToolbar ref=Ref< Proxy(Object) > class="v-app-bar" style= {top: 0px, zIndex: 1014, transform: translateY(0px), position: fixed, height: undefined}  ... > 
  at <VAppBar id="topnav" > 
  at <MenusHeader drawer=false onToggleDrawer=fn > 
  at <ClientOnly > 
  at <VApp theme="light" class="auto-text" > 
  at <VResponsive class="border rounded" > 
  at <Default ref=Ref< Proxy(Object) > > 
  at <AsyncComponentWrapper ref=Ref< Proxy(Object) > > 
  at <LayoutLoader key="default" layoutProps= {ref: RefImpl} name="default" > 
  at <NuxtLayoutProvider layoutProps= {ref: RefImpl} key="default" name="default"  ... > 
  at <NuxtLayout > 
  at <App key=4 > 
  at <NuxtRoot> @ http://localhost:3001/_nuxt/@fs/home/meebuzo/github/alternate-framework/apps/ecosystem/meeovi-frontend/node_modules/@sentry/core/build/esm/instrument/console.js?v=cfee6d51:42
[   19147ms] [WARNING] [Vue warn]: Avoid app logic that relies on enumerating keys on a component instance. The keys will be empty in production mode to avoid performance overhead. 
  at <VNavigationDrawer modelValue=undefined onUpdate:modelValue=fn location="right"  ... > 
  at <MenusTopmenuLayoutNotifications > 
  at <VCol class="notificationsHeader" > 
  at <VDefaultsProvider defaults= {VTabs: Object} > 
  at <VToolbar ref=Ref< Proxy(Object) > class="v-app-bar" style= {top: 0px, zIndex: 1014, transform: translateY(0px), position: fixed, height: undefined}  ... > 
  at <VAppBar id="topnav" > 
  at <MenusHeader drawer=false onToggleDrawer=fn > 
  at <ClientOnly > 
  at <VApp theme="light" class="auto-text" > 
  at <VResponsive class="border rounded" > 
  at <Default ref=Ref< Proxy(Object) > > 
  at <AsyncComponentWrapper ref=Ref< Proxy(Object) > > 
  at <LayoutLoader key="default" layoutProps= {ref: RefImpl} name="default" > 
  at <NuxtLayoutProvider layoutProps= {ref: RefImpl} key="default" name="default"  ... > 
  at <NuxtLayout > 
  at <App key=4 > 
  at <NuxtRoot> @ http://localhost:3001/_nuxt/@fs/home/meebuzo/github/alternate-framework/apps/ecosystem/meeovi-frontend/node_modules/@sentry/core/build/esm/instrument/console.js?v=cfee6d51:42
[   19151ms] [WARNING] [Vue warn]: Avoid app logic that relies on enumerating keys on a component instance. The keys will be empty in production mode to avoid performance overhead. 
  at <VNavigationDrawer modelValue=undefined onUpdate:modelValue=fn location="right"  ... > 
  at <MenusTopmenuLayoutNotifications > 
  at <VCol class="notificationsHeader" > 
  at <VDefaultsProvider defaults= {VTabs: Object} > 
  at <VToolbar ref=Ref< Proxy(Object) > class="v-app-bar" style= {top: 0px, zIndex: 1014, transform: translateY(0px), position: fixed, height: undefined}  ... > 
  at <VAppBar id="topnav" > 
  at <MenusHeader drawer=false onToggleDrawer=fn > 
  at <ClientOnly > 
  at <VApp theme="light" class="auto-text" > 
  at <VResponsive class="border rounded" > 
  at <Default ref=Ref< Proxy(Object) > > 
  at <AsyncComponentWrapper ref=Ref< Proxy(Object) > > 
  at <LayoutLoader key="default" layoutProps= {ref: RefImpl} name="default" > 
  at <NuxtLayoutProvider layoutProps= {ref: RefImpl} key="default" name="default"  ... > 
  at <NuxtLayout > 
  at <App key=4 > 
  at <NuxtRoot> @ http://localhost:3001/_nuxt/@fs/home/meebuzo/github/alternate-framework/apps/ecosystem/meeovi-frontend/node_modules/@sentry/core/build/esm/instrument/console.js?v=cfee6d51:42
[   19156ms] [WARNING] [Vue warn]: Avoid app logic that relies on enumerating keys on a component instance. The keys will be empty in production mode to avoid performance overhead. 
  at <VNavigationDrawer modelValue=undefined onUpdate:modelValue=fn location="right"  ... > 
  at <MenusTopmenuLayoutNotifications > 
  at <VCol class="notificationsHeader" > 
  at <VDefaultsProvider defaults= {VTabs: Object} > 
  at <VToolbar ref=Ref< Proxy(Object) > class="v-app-bar" style= {top: 0px, zIndex: 1014, transform: translateY(0px), position: fixed, height: undefined}  ... > 
  at <VAppBar id="topnav" > 
  at <MenusHeader drawer=false onToggleDrawer=fn > 
  at <ClientOnly > 
  at <VApp theme="light" class="auto-text" > 
  at <VResponsive class="border rounded" > 
  at <Default ref=Ref< Proxy(Object) > > 
  at <AsyncComponentWrapper ref=Ref< Proxy(Object) > > 
  at <LayoutLoader key="default" layoutProps= {ref: RefImpl} name="default" > 
  at <NuxtLayoutProvider layoutProps= {ref: RefImpl} key="default" name="default"  ... > 
  at <NuxtLayout > 
  at <App key=4 > 
  at <NuxtRoot> @ http://localhost:3001/_nuxt/@fs/home/meebuzo/github/alternate-framework/apps/ecosystem/meeovi-frontend/node_modules/@sentry/core/build/esm/instrument/console.js?v=cfee6d51:42
[   19160ms] [WARNING] [Vue warn]: Avoid app logic that relies on enumerating keys on a component instance. The keys will be empty in production mode to avoid performance overhead. 
  at <VNavigationDrawer modelValue=undefined onUpdate:modelValue=fn location="right"  ... > 
  at <MenusTopmenuLayoutNotifications > 
  at <VCol class="notificationsHeader" > 
  at <VDefaultsProvider defaults= {VTabs: Object} > 
  at <VToolbar ref=Ref< Proxy(Object) > class="v-app-bar" style= {top: 0px, zIndex: 1014, transform: translateY(0px), position: fixed, height: undefined}  ... > 
  at <VAppBar id="topnav" > 
  at <MenusHeader drawer=false onToggleDrawer=fn > 
  at <ClientOnly > 
  at <VApp theme="light" class="auto-text" > 
  at <VResponsive class="border rounded" > 
  at <Default ref=Ref< Proxy(Object) > > 
  at <AsyncComponentWrapper ref=Ref< Proxy(Object) > > 
  at <LayoutLoader key="default" layoutProps= {ref: RefImpl} name="default" > 
  at <NuxtLayoutProvider layoutProps= {ref: RefImpl} key="default" name="default"  ... > 
  at <NuxtLayout > 
  at <App key=4 > 
  at <NuxtRoot> @ http://localhost:3001/_nuxt/@fs/home/meebuzo/github/alternate-framework/apps/ecosystem/meeovi-frontend/node_modules/@sentry/core/build/esm/instrument/console.js?v=cfee6d51:42
[   19165ms] [WARNING] [Vue warn]: Avoid app logic that relies on enumerating keys on a component instance. The keys will be empty in production mode to avoid performance overhead. 
  at <VNavigationDrawer modelValue=undefined onUpdate:modelValue=fn location="right"  ... > 
  at <MenusTopmenuLayoutNotifications > 
  at <VCol class="notificationsHeader" > 
  at <VDefaultsProvider defaults= {VTabs: Object} > 
  at <VToolbar ref=Ref< Proxy(Object) > class="v-app-bar" style= {top: 0px, zIndex: 1014, transform: translateY(0px), position: fixed, height: undefined}  ... > 
  at <VAppBar id="topnav" > 
  at <MenusHeader drawer=false onToggleDrawer=fn > 
  at <ClientOnly > 
  at <VApp theme="light" class="auto-text" > 
  at <VResponsive class="border rounded" > 
  at <Default ref=Ref< Proxy(Object) > > 
  at <AsyncComponentWrapper ref=Ref< Proxy(Object) > > 
  at <LayoutLoader key="default" layoutProps= {ref: RefImpl} name="default" > 
  at <NuxtLayoutProvider layoutProps= {ref: RefImpl} key="default" name="default"  ... > 
  at <NuxtLayout > 
  at <App key=4 > 
  at <NuxtRoot> @ http://localhost:3001/_nuxt/@fs/home/meebuzo/github/alternate-framework/apps/ecosystem/meeovi-frontend/node_modules/@sentry/core/build/esm/instrument/console.js?v=cfee6d51:42
[   19170ms] [WARNING] [Vue warn]: Avoid app logic that relies on enumerating keys on a component instance. The keys will be empty in production mode to avoid performance overhead. 
  at <VNavigationDrawer modelValue=undefined onUpdate:modelValue=fn location="right"  ... > 
  at <MenusTopmenuLayoutNotifications > 
  at <VCol class="notificationsHeader" > 
  at <VDefaultsProvider defaults= {VTabs: Object} > 
  at <VToolbar ref=Ref< Proxy(Object) > class="v-app-bar" style= {top: 0px, zIndex: 1014, transform: translateY(0px), position: fixed, height: undefined}  ... > 
  at <VAppBar id="topnav" > 
  at <MenusHeader drawer=false onToggleDrawer=fn > 
  at <ClientOnly > 
  at <VApp theme="light" class="auto-text" > 
  at <VResponsive class="border rounded" > 
  at <Default ref=Ref< Proxy(Object) > > 
  at <AsyncComponentWrapper ref=Ref< Proxy(Object) > > 
  at <LayoutLoader key="default" layoutProps= {ref: RefImpl} name="default" > 
  at <NuxtLayoutProvider layoutProps= {ref: RefImpl} key="default" name="default"  ... > 
  at <NuxtLayout > 
  at <App key=4 > 
  at <NuxtRoot> @ http://localhost:3001/_nuxt/@fs/home/meebuzo/github/alternate-framework/apps/ecosystem/meeovi-frontend/node_modules/@sentry/core/build/esm/instrument/console.js?v=cfee6d51:42
[   19174ms] [WARNING] [Vue warn]: Avoid app logic that relies on enumerating keys on a component instance. The keys will be empty in production mode to avoid performance overhead. 
  at <VNavigationDrawer modelValue=undefined onUpdate:modelValue=fn location="right"  ... > 
  at <MenusTopmenuLayoutNotifications > 
  at <VCol class="notificationsHeader" > 
  at <VDefaultsProvider defaults= {VTabs: Object} > 
  at <VToolbar ref=Ref< Proxy(Object) > class="v-app-bar" style= {top: 0px, zIndex: 1014, transform: translateY(0px), position: fixed, height: undefined}  ... > 
  at <VAppBar id="topnav" > 
  at <MenusHeader drawer=false onToggleDrawer=fn > 
  at <ClientOnly > 
  at <VApp theme="light" class="auto-text" > 
  at <VResponsive class="border rounded" > 
  at <Default ref=Ref< Proxy(Object) > > 
  at <AsyncComponentWrapper ref=Ref< Proxy(Object) > > 
  at <LayoutLoader key="default" layoutProps= {ref: RefImpl} name="default" > 
  at <NuxtLayoutProvider layoutProps= {ref: RefImpl} key="default" name="default"  ... > 
  at <NuxtLayout > 
  at <App key=4 > 
  at <NuxtRoot> @ http://localhost:3001/_nuxt/@fs/home/meebuzo/github/alternate-framework/apps/ecosystem/meeovi-frontend/node_modules/@sentry/core/build/esm/instrument/console.js?v=cfee6d51:42
[   19184ms] [WARNING] [Vue warn]: Avoid app logic that relies on enumerating keys on a component instance. The keys will be empty in production mode to avoid performance overhead. 
  at <VNavigationDrawer modelValue=undefined onUpdate:modelValue=fn location="right"  ... > 
  at <MenusTopmenuLayoutNotifications > 
  at <VCol class="notificationsHeader" > 
  at <VDefaultsProvider defaults= {VTabs: Object} > 
  at <VToolbar ref=Ref< Proxy(Object) > class="v-app-bar" style= {top: 0px, zIndex: 1014, transform: translateY(0px), position: fixed, height: undefined}  ... > 
  at <VAppBar id="topnav" > 
  at <MenusHeader drawer=false onToggleDrawer=fn > 
  at <ClientOnly > 
  at <VApp theme="light" class="auto-text" > 
  at <VResponsive class="border rounded" > 
  at <Default ref=Ref< Proxy(Object) > > 
  at <AsyncComponentWrapper ref=Ref< Proxy(Object) > > 
  at <LayoutLoader key="default" layoutProps= {ref: RefImpl} name="default" > 
  at <NuxtLayoutProvider layoutProps= {ref: RefImpl} key="default" name="default"  ... > 
  at <NuxtLayout > 
  at <App key=4 > 
  at <NuxtRoot> @ http://localhost:3001/_nuxt/@fs/home/meebuzo/github/alternate-framework/apps/ecosystem/meeovi-frontend/node_modules/@sentry/core/build/esm/instrument/console.js?v=cfee6d51:42
[   19189ms] [WARNING] [Vue warn]: Avoid app logic that relies on enumerating keys on a component instance. The keys will be empty in production mode to avoid performance overhead. 
  at <VNavigationDrawer modelValue=undefined onUpdate:modelValue=fn location="right"  ... > 
  at <MenusTopmenuLayoutNotifications > 
  at <VCol class="notificationsHeader" > 
  at <VDefaultsProvider defaults= {VTabs: Object} > 
  at <VToolbar ref=Ref< Proxy(Object) > class="v-app-bar" style= {top: 0px, zIndex: 1014, transform: translateY(0px), position: fixed, height: undefined}  ... > 
  at <VAppBar id="topnav" > 
  at <MenusHeader drawer=false onToggleDrawer=fn > 
  at <ClientOnly > 
  at <VApp theme="light" class="auto-text" > 
  at <VResponsive class="border rounded" > 
  at <Default ref=Ref< Proxy(Object) > > 
  at <AsyncComponentWrapper ref=Ref< Proxy(Object) > > 
  at <LayoutLoader key="default" layoutProps= {ref: RefImpl} name="default" > 
  at <NuxtLayoutProvider layoutProps= {ref: RefImpl} key="default" name="default"  ... > 
  at <NuxtLayout > 
  at <App key=4 > 
  at <NuxtRoot> @ http://localhost:3001/_nuxt/@fs/home/meebuzo/github/alternate-framework/apps/ecosystem/meeovi-frontend/node_modules/@sentry/core/build/esm/instrument/console.js?v=cfee6d51:42
[   19194ms] [WARNING] [Vue warn]: Avoid app logic that relies on enumerating keys on a component instance. The keys will be empty in production mode to avoid performance overhead. 
  at <VNavigationDrawer modelValue=undefined onUpdate:modelValue=fn location="right"  ... > 
  at <MenusTopmenuLayoutNotifications > 
  at <VCol class="notificationsHeader" > 
  at <VDefaultsProvider defaults= {VTabs: Object} > 
  at <VToolbar ref=Ref< Proxy(Object) > class="v-app-bar" style= {top: 0px, zIndex: 1014, transform: translateY(0px), position: fixed, height: undefined}  ... > 
  at <VAppBar id="topnav" > 
  at <MenusHeader drawer=false onToggleDrawer=fn > 
  at <ClientOnly > 
  at <VApp theme="light" class="auto-text" > 
  at <VResponsive class="border rounded" > 
  at <Default ref=Ref< Proxy(Object) > > 
  at <AsyncComponentWrapper ref=Ref< Proxy(Object) > > 
  at <LayoutLoader key="default" layoutProps= {ref: RefImpl} name="default" > 
  at <NuxtLayoutProvider layoutProps= {ref: RefImpl} key="default" name="default"  ... > 
  at <NuxtLayout > 
  at <App key=4 > 
  at <NuxtRoot> @ http://localhost:3001/_nuxt/@fs/home/meebuzo/github/alternate-framework/apps/ecosystem/meeovi-frontend/node_modules/@sentry/core/build/esm/instrument/console.js?v=cfee6d51:42
[   19199ms] [WARNING] [Vue warn]: Avoid app logic that relies on enumerating keys on a component instance. The keys will be empty in production mode to avoid performance overhead. 
  at <VNavigationDrawer modelValue=undefined onUpdate:modelValue=fn location="right"  ... > 
  at <MenusTopmenuLayoutNotifications > 
  at <VCol class="notificationsHeader" > 
  at <VDefaultsProvider defaults= {VTabs: Object} > 
  at <VToolbar ref=Ref< Proxy(Object) > class="v-app-bar" style= {top: 0px, zIndex: 1014, transform: translateY(0px), position: fixed, height: undefined}  ... > 
  at <VAppBar id="topnav" > 
  at <MenusHeader drawer=false onToggleDrawer=fn > 
  at <ClientOnly > 
  at <VApp theme="light" class="auto-text" > 
  at <VResponsive class="border rounded" > 
  at <Default ref=Ref< Proxy(Object) > > 
  at <AsyncComponentWrapper ref=Ref< Proxy(Object) > > 
  at <LayoutLoader key="default" layoutProps= {ref: RefImpl} name="default" > 
  at <NuxtLayoutProvider layoutProps= {ref: RefImpl} key="default" name="default"  ... > 
  at <NuxtLayout > 
  at <App key=4 > 
  at <NuxtRoot> @ http://localhost:3001/_nuxt/@fs/home/meebuzo/github/alternate-framework/apps/ecosystem/meeovi-frontend/node_modules/@sentry/core/build/esm/instrument/console.js?v=cfee6d51:42
[   19204ms] [WARNING] [Vue warn]: Avoid app logic that relies on enumerating keys on a component instance. The keys will be empty in production mode to avoid performance overhead. 
  at <VNavigationDrawer modelValue=undefined onUpdate:modelValue=fn location="right"  ... > 
  at <MenusTopmenuLayoutNotifications > 
  at <VCol class="notificationsHeader" > 
  at <VDefaultsProvider defaults= {VTabs: Object} > 
  at <VToolbar ref=Ref< Proxy(Object) > class="v-app-bar" style= {top: 0px, zIndex: 1014, transform: translateY(0px), position: fixed, height: undefined}  ... > 
  at <VAppBar id="topnav" > 
  at <MenusHeader drawer=false onToggleDrawer=fn > 
  at <ClientOnly > 
  at <VApp theme="light" class="auto-text" > 
  at <VResponsive class="border rounded" > 
  at <Default ref=Ref< Proxy(Object) > > 
  at <AsyncComponentWrapper ref=Ref< Proxy(Object) > > 
  at <LayoutLoader key="default" layoutProps= {ref: RefImpl} name="default" > 
  at <NuxtLayoutProvider layoutProps= {ref: RefImpl} key="default" name="default"  ... > 
  at <NuxtLayout > 
  at <App key=4 > 
  at <NuxtRoot> @ http://localhost:3001/_nuxt/@fs/home/meebuzo/github/alternate-framework/apps/ecosystem/meeovi-frontend/node_modules/@sentry/core/build/esm/instrument/console.js?v=cfee6d51:42
[   19208ms] [WARNING] [Vue warn]: Avoid app logic that relies on enumerating keys on a component instance. The keys will be empty in production mode to avoid performance overhead. 
  at <VNavigationDrawer modelValue=undefined onUpdate:modelValue=fn location="right"  ... > 
  at <MenusTopmenuLayoutNotifications > 
  at <VCol class="notificationsHeader" > 
  at <VDefaultsProvider defaults= {VTabs: Object} > 
  at <VToolbar ref=Ref< Proxy(Object) > class="v-app-bar" style= {top: 0px, zIndex: 1014, transform: translateY(0px), position: fixed, height: undefined}  ... > 
  at <VAppBar id="topnav" > 
  at <MenusHeader drawer=false onToggleDrawer=fn > 
  at <ClientOnly > 
  at <VApp theme="light" class="auto-text" > 
  at <VResponsive class="border rounded" > 
  at <Default ref=Ref< Proxy(Object) > > 
  at <AsyncComponentWrapper ref=Ref< Proxy(Object) > > 
  at <LayoutLoader key="default" layoutProps= {ref: RefImpl} name="default" > 
  at <NuxtLayoutProvider layoutProps= {ref: RefImpl} key="default" name="default"  ... > 
  at <NuxtLayout > 
  at <App key=4 > 
  at <NuxtRoot> @ http://localhost:3001/_nuxt/@fs/home/meebuzo/github/alternate-framework/apps/ecosystem/meeovi-frontend/node_modules/@sentry/core/build/esm/instrument/console.js?v=cfee6d51:42
[   19213ms] [WARNING] [Vue warn]: Avoid app logic that relies on enumerating keys on a component instance. The keys will be empty in production mode to avoid performance overhead. 
  at <VNavigationDrawer modelValue=undefined onUpdate:modelValue=fn location="right"  ... > 
  at <MenusTopmenuLayoutNotifications > 
  at <VCol class="notificationsHeader" > 
  at <VDefaultsProvider defaults= {VTabs: Object} > 
  at <VToolbar ref=Ref< Proxy(Object) > class="v-app-bar" style= {top: 0px, zIndex: 1014, transform: translateY(0px), position: fixed, height: undefined}  ... > 
  at <VAppBar id="topnav" > 
  at <MenusHeader drawer=false onToggleDrawer=fn > 
  at <ClientOnly > 
  at <VApp theme="light" class="auto-text" > 
  at <VResponsive class="border rounded" > 
  at <Default ref=Ref< Proxy(Object) > > 
  at <AsyncComponentWrapper ref=Ref< Proxy(Object) > > 
  at <LayoutLoader key="default" layoutProps= {ref: RefImpl} name="default" > 
  at <NuxtLayoutProvider layoutProps= {ref: RefImpl} key="default" name="default"  ... > 
  at <NuxtLayout > 
  at <App key=4 > 
  at <NuxtRoot> @ http://localhost:3001/_nuxt/@fs/home/meebuzo/github/alternate-framework/apps/ecosystem/meeovi-frontend/node_modules/@sentry/core/build/esm/instrument/console.js?v=cfee6d51:42
[   19218ms] [WARNING] [Vue warn]: Avoid app logic that relies on enumerating keys on a component instance. The keys will be empty in production mode to avoid performance overhead. 
  at <VNavigationDrawer modelValue=undefined onUpdate:modelValue=fn location="right"  ... > 
  at <MenusTopmenuLayoutNotifications > 
  at <VCol class="notificationsHeader" > 
  at <VDefaultsProvider defaults= {VTabs: Object} > 
  at <VToolbar ref=Ref< Proxy(Object) > class="v-app-bar" style= {top: 0px, zIndex: 1014, transform: translateY(0px), position: fixed, height: undefined}  ... > 
  at <VAppBar id="topnav" > 
  at <MenusHeader drawer=false onToggleDrawer=fn > 
  at <ClientOnly > 
  at <VApp theme="light" class="auto-text" > 
  at <VResponsive class="border rounded" > 
  at <Default ref=Ref< Proxy(Object) > > 
  at <AsyncComponentWrapper ref=Ref< Proxy(Object) > > 
  at <LayoutLoader key="default" layoutProps= {ref: RefImpl} name="default" > 
  at <NuxtLayoutProvider layoutProps= {ref: RefImpl} key="default" name="default"  ... > 
  at <NuxtLayout > 
  at <App key=4 > 
  at <NuxtRoot> @ http://localhost:3001/_nuxt/@fs/home/meebuzo/github/alternate-framework/apps/ecosystem/meeovi-frontend/node_modules/@sentry/core/build/esm/instrument/console.js?v=cfee6d51:42
[   19222ms] [WARNING] [Vue warn]: Avoid app logic that relies on enumerating keys on a component instance. The keys will be empty in production mode to avoid performance overhead. 
  at <VNavigationDrawer modelValue=undefined onUpdate:modelValue=fn location="right"  ... > 
  at <MenusTopmenuLayoutNotifications > 
  at <VCol class="notificationsHeader" > 
  at <VDefaultsProvider defaults= {VTabs: Object} > 
  at <VToolbar ref=Ref< Proxy(Object) > class="v-app-bar" style= {top: 0px, zIndex: 1014, transform: translateY(0px), position: fixed, height: undefined}  ... > 
  at <VAppBar id="topnav" > 
  at <MenusHeader drawer=false onToggleDrawer=fn > 
  at <ClientOnly > 
  at <VApp theme="light" class="auto-text" > 
  at <VResponsive class="border rounded" > 
  at <Default ref=Ref< Proxy(Object) > > 
  at <AsyncComponentWrapper ref=Ref< Proxy(Object) > > 
  at <LayoutLoader key="default" layoutProps= {ref: RefImpl} name="default" > 
  at <NuxtLayoutProvider layoutProps= {ref: RefImpl} key="default" name="default"  ... > 
  at <NuxtLayout > 
  at <App key=4 > 
  at <NuxtRoot> @ http://localhost:3001/_nuxt/@fs/home/meebuzo/github/alternate-framework/apps/ecosystem/meeovi-frontend/node_modules/@sentry/core/build/esm/instrument/console.js?v=cfee6d51:42
[   19227ms] [WARNING] [Vue warn]: Avoid app logic that relies on enumerating keys on a component instance. The keys will be empty in production mode to avoid performance overhead. 
  at <VNavigationDrawer modelValue=undefined onUpdate:modelValue=fn location="right"  ... > 
  at <MenusTopmenuLayoutNotifications > 
  at <VCol class="notificationsHeader" > 
  at <VDefaultsProvider defaults= {VTabs: Object} > 
  at <VToolbar ref=Ref< Proxy(Object) > class="v-app-bar" style= {top: 0px, zIndex: 1014, transform: translateY(0px), position: fixed, height: undefined}  ... > 
  at <VAppBar id="topnav" > 
  at <MenusHeader drawer=false onToggleDrawer=fn > 
  at <ClientOnly > 
  at <VApp theme="light" class="auto-text" > 
  at <VResponsive class="border rounded" > 
  at <Default ref=Ref< Proxy(Object) > > 
  at <AsyncComponentWrapper ref=Ref< Proxy(Object) > > 
  at <LayoutLoader key="default" layoutProps= {ref: RefImpl} name="default" > 
  at <NuxtLayoutProvider layoutProps= {ref: RefImpl} key="default" name="default"  ... > 
  at <NuxtLayout > 
  at <App key=4 > 
  at <NuxtRoot> @ http://localhost:3001/_nuxt/@fs/home/meebuzo/github/alternate-framework/apps/ecosystem/meeovi-frontend/node_modules/@sentry/core/build/esm/instrument/console.js?v=cfee6d51:42
[   19231ms] [WARNING] [Vue warn]: Avoid app logic that relies on enumerating keys on a component instance. The keys will be empty in production mode to avoid performance overhead. 
  at <VNavigationDrawer modelValue=undefined onUpdate:modelValue=fn location="right"  ... > 
  at <MenusTopmenuLayoutNotifications > 
  at <VCol class="notificationsHeader" > 
  at <VDefaultsProvider defaults= {VTabs: Object} > 
  at <VToolbar ref=Ref< Proxy(Object) > class="v-app-bar" style= {top: 0px, zIndex: 1014, transform: translateY(0px), position: fixed, height: undefined}  ... > 
  at <VAppBar id="topnav" > 
  at <MenusHeader drawer=false onToggleDrawer=fn > 
  at <ClientOnly > 
  at <VApp theme="light" class="auto-text" > 
  at <VResponsive class="border rounded" > 
  at <Default ref=Ref< Proxy(Object) > > 
  at <AsyncComponentWrapper ref=Ref< Proxy(Object) > > 
  at <LayoutLoader key="default" layoutProps= {ref: RefImpl} name="default" > 
  at <NuxtLayoutProvider layoutProps= {ref: RefImpl} key="default" name="default"  ... > 
  at <NuxtLayout > 
  at <App key=4 > 
  at <NuxtRoot> @ http://localhost:3001/_nuxt/@fs/home/meebuzo/github/alternate-framework/apps/ecosystem/meeovi-frontend/node_modules/@sentry/core/build/esm/instrument/console.js?v=cfee6d51:42
[   19236ms] [WARNING] [Vue warn]: Avoid app logic that relies on enumerating keys on a component instance. The keys will be empty in production mode to avoid performance overhead. 
  at <VNavigationDrawer modelValue=undefined onUpdate:modelValue=fn location="right"  ... > 
  at <MenusTopmenuLayoutNotifications > 
  at <VCol class="notificationsHeader" > 
  at <VDefaultsProvider defaults= {VTabs: Object} > 
  at <VToolbar ref=Ref< Proxy(Object) > class="v-app-bar" style= {top: 0px, zIndex: 1014, transform: translateY(0px), position: fixed, height: undefined}  ... > 
  at <VAppBar id="topnav" > 
  at <MenusHeader drawer=false onToggleDrawer=fn > 
  at <ClientOnly > 
  at <VApp theme="light" class="auto-text" > 
  at <VResponsive class="border rounded" > 
  at <Default ref=Ref< Proxy(Object) > > 
  at <AsyncComponentWrapper ref=Ref< Proxy(Object) > > 
  at <LayoutLoader key="default" layoutProps= {ref: RefImpl} name="default" > 
  at <NuxtLayoutProvider layoutProps= {ref: RefImpl} key="default" name="default"  ... > 
  at <NuxtLayout > 
  at <App key=4 > 
  at <NuxtRoot> @ http://localhost:3001/_nuxt/@fs/home/meebuzo/github/alternate-framework/apps/ecosystem/meeovi-frontend/node_modules/@sentry/core/build/esm/instrument/console.js?v=cfee6d51:42
[   19241ms] [WARNING] [Vue warn]: Avoid app logic that relies on enumerating keys on a component instance. The keys will be empty in production mode to avoid performance overhead. 
  at <VNavigationDrawer modelValue=undefined onUpdate:modelValue=fn location="right"  ... > 
  at <MenusTopmenuLayoutNotifications > 
  at <VCol class="notificationsHeader" > 
  at <VDefaultsProvider defaults= {VTabs: Object} > 
  at <VToolbar ref=Ref< Proxy(Object) > class="v-app-bar" style= {top: 0px, zIndex: 1014, transform: translateY(0px), position: fixed, height: undefined}  ... > 
  at <VAppBar id="topnav" > 
  at <MenusHeader drawer=false onToggleDrawer=fn > 
  at <ClientOnly > 
  at <VApp theme="light" class="auto-text" > 
  at <VResponsive class="border rounded" > 
  at <Default ref=Ref< Proxy(Object) > > 
  at <AsyncComponentWrapper ref=Ref< Proxy(Object) > > 
  at <LayoutLoader key="default" layoutProps= {ref: RefImpl} name="default" > 
  at <NuxtLayoutProvider layoutProps= {ref: RefImpl} key="default" name="default"  ... > 
  at <NuxtLayout > 
  at <App key=4 > 
  at <NuxtRoot> @ http://localhost:3001/_nuxt/@fs/home/meebuzo/github/alternate-framework/apps/ecosystem/meeovi-frontend/node_modules/@sentry/core/build/esm/instrument/console.js?v=cfee6d51:42
[   19245ms] [WARNING] [Vue warn]: Avoid app logic that relies on enumerating keys on a component instance. The keys will be empty in production mode to avoid performance overhead. 
  at <VNavigationDrawer modelValue=undefined onUpdate:modelValue=fn location="right"  ... > 
  at <MenusTopmenuLayoutNotifications > 
  at <VCol class="notificationsHeader" > 
  at <VDefaultsProvider defaults= {VTabs: Object} > 
  at <VToolbar ref=Ref< Proxy(Object) > class="v-app-bar" style= {top: 0px, zIndex: 1014, transform: translateY(0px), position: fixed, height: undefined}  ... > 
  at <VAppBar id="topnav" > 
  at <MenusHeader drawer=false onToggleDrawer=fn > 
  at <ClientOnly > 
  at <VApp theme="light" class="auto-text" > 
  at <VResponsive class="border rounded" > 
  at <Default ref=Ref< Proxy(Object) > > 
  at <AsyncComponentWrapper ref=Ref< Proxy(Object) > > 
  at <LayoutLoader key="default" layoutProps= {ref: RefImpl} name="default" > 
  at <NuxtLayoutProvider layoutProps= {ref: RefImpl} key="default" name="default"  ... > 
  at <NuxtLayout > 
  at <App key=4 > 
  at <NuxtRoot> @ http://localhost:3001/_nuxt/@fs/home/meebuzo/github/alternate-framework/apps/ecosystem/meeovi-frontend/node_modules/@sentry/core/build/esm/instrument/console.js?v=cfee6d51:42
[   19253ms] [ERROR] Connecting to 'https://o996770.ingest.us.sentry.io/api/5955273/envelope/?sentry_version=7&sentry_key=df1b90fab7c44ce8aef097a63b468d61&sentry_client=sentry.javascript.nuxt%2F10.63.0' violates the following Content Security Policy directive: "connect-src 'self' https://*.mux.com". The action has been blocked. @ http://localhost:3001/_nuxt/@fs/home/meebuzo/github/alternate-framework/apps/ecosystem/meeovi-frontend/node_modules/@sentry/browser/build/npm/esm/dev/transports/fetch.js?v=cfee6d51:31
[   19254ms] [ERROR] Fetch API cannot load https://o996770.ingest.us.sentry.io/api/5955273/envelope/?sentry_version=7&sentry_key=df1b90fab7c44ce8aef097a63b468d61&sentry_client=sentry.javascript.nuxt%2F10.63.0. Refused to connect because it violates the document's Content Security Policy. @ http://localhost:3001/_nuxt/@fs/home/meebuzo/github/alternate-framework/apps/ecosystem/meeovi-frontend/node_modules/@sentry/browser/build/npm/esm/dev/transports/fetch.js?v=cfee6d51:31
[   19258ms] [WARNING] [Vue warn]: Avoid app logic that relies on enumerating keys on a component instance. The keys will be empty in production mode to avoid performance overhead. 
  at <VNavigationDrawer modelValue=undefined onUpdate:modelValue=fn location="right"  ... > 
  at <MenusTopmenuLayoutNotifications > 
  at <VCol class="notificationsHeader" > 
  at <VDefaultsProvider defaults= {VTabs: Object} > 
  at <VToolbar ref=Ref< Proxy(Object) > class="v-app-bar" style= {top: 0px, zIndex: 1014, transform: translateY(0px), position: fixed, height: undefined}  ... > 
  at <VAppBar id="topnav" > 
  at <MenusHeader drawer=false onToggleDrawer=fn > 
  at <ClientOnly > 
  at <VApp theme="light" class="auto-text" > 
  at <VResponsive class="border rounded" > 
  at <Default ref=Ref< Proxy(Object) > > 
  at <AsyncComponentWrapper ref=Ref< Proxy(Object) > > 
  at <LayoutLoader key="default" layoutProps= {ref: RefImpl} name="default" > 
  at <NuxtLayoutProvider layoutProps= {ref: RefImpl} key="default" name="default"  ... > 
  at <NuxtLayout > 
  at <App key=4 > 
  at <NuxtRoot> @ http://localhost:3001/_nuxt/@fs/home/meebuzo/github/alternate-framework/apps/ecosystem/meeovi-frontend/node_modules/@sentry/core/build/esm/instrument/console.js?v=cfee6d51:42
[   19262ms] [WARNING] [Vue warn]: Avoid app logic that relies on enumerating keys on a component instance. The keys will be empty in production mode to avoid performance overhead. 
  at <VNavigationDrawer modelValue=undefined onUpdate:modelValue=fn location="right"  ... > 
  at <MenusTopmenuLayoutNotifications > 
  at <VCol class="notificationsHeader" > 
  at <VDefaultsProvider defaults= {VTabs: Object} > 
  at <VToolbar ref=Ref< Proxy(Object) > class="v-app-bar" style= {top: 0px, zIndex: 1014, transform: translateY(0px), position: fixed, height: undefined}  ... > 
  at <VAppBar id="topnav" > 
  at <MenusHeader drawer=false onToggleDrawer=fn > 
  at <ClientOnly > 
  at <VApp theme="light" class="auto-text" > 
  at <VResponsive class="border rounded" > 
  at <Default ref=Ref< Proxy(Object) > > 
  at <AsyncComponentWrapper ref=Ref< Proxy(Object) > > 
  at <LayoutLoader key="default" layoutProps= {ref: RefImpl} name="default" > 
  at <NuxtLayoutProvider layoutProps= {ref: RefImpl} key="default" name="default"  ... > 
  at <NuxtLayout > 
  at <App key=4 > 
  at <NuxtRoot> @ http://localhost:3001/_nuxt/@fs/home/meebuzo/github/alternate-framework/apps/ecosystem/meeovi-frontend/node_modules/@sentry/core/build/esm/instrument/console.js?v=cfee6d51:42
[   19266ms] [WARNING] [Vue warn]: Avoid app logic that relies on enumerating keys on a component instance. The keys will be empty in production mode to avoid performance overhead. 
  at <VNavigationDrawer modelValue=undefined onUpdate:modelValue=fn location="right"  ... > 
  at <MenusTopmenuLayoutNotifications > 
  at <VCol class="notificationsHeader" > 
  at <VDefaultsProvider defaults= {VTabs: Object} > 
  at <VToolbar ref=Ref< Proxy(Object) > class="v-app-bar" style= {top: 0px, zIndex: 1014, transform: translateY(0px), position: fixed, height: undefined}  ... > 
  at <VAppBar id="topnav" > 
  at <MenusHeader drawer=false onToggleDrawer=fn > 
  at <ClientOnly > 
  at <VApp theme="light" class="auto-text" > 
  at <VResponsive class="border rounded" > 
  at <Default ref=Ref< Proxy(Object) > > 
  at <AsyncComponentWrapper ref=Ref< Proxy(Object) > > 
  at <LayoutLoader key="default" layoutProps= {ref: RefImpl} name="default" > 
  at <NuxtLayoutProvider layoutProps= {ref: RefImpl} key="default" name="default"  ... > 
  at <NuxtLayout > 
  at <App key=4 > 
  at <NuxtRoot> @ http://localhost:3001/_nuxt/@fs/home/meebuzo/github/alternate-framework/apps/ecosystem/meeovi-frontend/node_modules/@sentry/core/build/esm/instrument/console.js?v=cfee6d51:42
[   19270ms] [WARNING] [Vue warn]: Avoid app logic that relies on enumerating keys on a component instance. The keys will be empty in production mode to avoid performance overhead. 
  at <VNavigationDrawer modelValue=undefined onUpdate:modelValue=fn location="right"  ... > 
  at <MenusTopmenuLayoutNotifications > 
  at <VCol class="notificationsHeader" > 
  at <VDefaultsProvider defaults= {VTabs: Object} > 
  at <VToolbar ref=Ref< Proxy(Object) > class="v-app-bar" style= {top: 0px, zIndex: 1014, transform: translateY(0px), position: fixed, height: undefined}  ... > 
  at <VAppBar id="topnav" > 
  at <MenusHeader drawer=false onToggleDrawer=fn > 
  at <ClientOnly > 
  at <VApp theme="light" class="auto-text" > 
  at <VResponsive class="border rounded" > 
  at <Default ref=Ref< Proxy(Object) > > 
  at <AsyncComponentWrapper ref=Ref< Proxy(Object) > > 
  at <LayoutLoader key="default" layoutProps= {ref: RefImpl} name="default" > 
  at <NuxtLayoutProvider layoutProps= {ref: RefImpl} key="default" name="default"  ... > 
  at <NuxtLayout > 
  at <App key=4 > 
  at <NuxtRoot> @ http://localhost:3001/_nuxt/@fs/home/meebuzo/github/alternate-framework/apps/ecosystem/meeovi-frontend/node_modules/@sentry/core/build/esm/instrument/console.js?v=cfee6d51:42
[   19276ms] [WARNING] [Vue warn]: Avoid app logic that relies on enumerating keys on a component instance. The keys will be empty in production mode to avoid performance overhead. 
  at <VNavigationDrawer modelValue=undefined onUpdate:modelValue=fn location="right"  ... > 
  at <MenusTopmenuLayoutNotifications > 
  at <VCol class="notificationsHeader" > 
  at <VDefaultsProvider defaults= {VTabs: Object} > 
  at <VToolbar ref=Ref< Proxy(Object) > class="v-app-bar" style= {top: 0px, zIndex: 1014, transform: translateY(0px), position: fixed, height: undefined}  ... > 
  at <VAppBar id="topnav" > 
  at <MenusHeader drawer=false onToggleDrawer=fn > 
  at <ClientOnly > 
  at <VApp theme="light" class="auto-text" > 
  at <VResponsive class="border rounded" > 
  at <Default ref=Ref< Proxy(Object) > > 
  at <AsyncComponentWrapper ref=Ref< Proxy(Object) > > 
  at <LayoutLoader key="default" layoutProps= {ref: RefImpl} name="default" > 
  at <NuxtLayoutProvider layoutProps= {ref: RefImpl} key="default" name="default"  ... > 
  at <NuxtLayout > 
  at <App key=4 > 
  at <NuxtRoot> @ http://localhost:3001/_nuxt/@fs/home/meebuzo/github/alternate-framework/apps/ecosystem/meeovi-frontend/node_modules/@sentry/core/build/esm/instrument/console.js?v=cfee6d51:42
[   19281ms] [WARNING] [Vue warn]: Avoid app logic that relies on enumerating keys on a component instance. The keys will be empty in production mode to avoid performance overhead. 
  at <VNavigationDrawer modelValue=undefined onUpdate:modelValue=fn location="right"  ... > 
  at <MenusTopmenuLayoutNotifications > 
  at <VCol class="notificationsHeader" > 
  at <VDefaultsProvider defaults= {VTabs: Object} > 
  at <VToolbar ref=Ref< Proxy(Object) > class="v-app-bar" style= {top: 0px, zIndex: 1014, transform: translateY(0px), position: fixed, height: undefined}  ... > 
  at <VAppBar id="topnav" > 
  at <MenusHeader drawer=false onToggleDrawer=fn > 
  at <ClientOnly > 
  at <VApp theme="light" class="auto-text" > 
  at <VResponsive class="border rounded" > 
  at <Default ref=Ref< Proxy(Object) > > 
  at <AsyncComponentWrapper ref=Ref< Proxy(Object) > > 
  at <LayoutLoader key="default" layoutProps= {ref: RefImpl} name="default" > 
  at <NuxtLayoutProvider layoutProps= {ref: RefImpl} key="default" name="default"  ... > 
  at <NuxtLayout > 
  at <App key=4 > 
  at <NuxtRoot> @ http://localhost:3001/_nuxt/@fs/home/meebuzo/github/alternate-framework/apps/ecosystem/meeovi-frontend/node_modules/@sentry/core/build/esm/instrument/console.js?v=cfee6d51:42
[   19286ms] [WARNING] [Vue warn]: Avoid app logic that relies on enumerating keys on a component instance. The keys will be empty in production mode to avoid performance overhead. 
  at <VNavigationDrawer modelValue=undefined onUpdate:modelValue=fn location="right"  ... > 
  at <MenusTopmenuLayoutNotifications > 
  at <VCol class="notificationsHeader" > 
  at <VDefaultsProvider defaults= {VTabs: Object} > 
  at <VToolbar ref=Ref< Proxy(Object) > class="v-app-bar" style= {top: 0px, zIndex: 1014, transform: translateY(0px), position: fixed, height: undefined}  ... > 
  at <VAppBar id="topnav" > 
  at <MenusHeader drawer=false onToggleDrawer=fn > 
  at <ClientOnly > 
  at <VApp theme="light" class="auto-text" > 
  at <VResponsive class="border rounded" > 
  at <Default ref=Ref< Proxy(Object) > > 
  at <AsyncComponentWrapper ref=Ref< Proxy(Object) > > 
  at <LayoutLoader key="default" layoutProps= {ref: RefImpl} name="default" > 
  at <NuxtLayoutProvider layoutProps= {ref: RefImpl} key="default" name="default"  ... > 
  at <NuxtLayout > 
  at <App key=4 > 
  at <NuxtRoot> @ http://localhost:3001/_nuxt/@fs/home/meebuzo/github/alternate-framework/apps/ecosystem/meeovi-frontend/node_modules/@sentry/core/build/esm/instrument/console.js?v=cfee6d51:42
[   19289ms] [WARNING] [Vue warn]: Avoid app logic that relies on enumerating keys on a component instance. The keys will be empty in production mode to avoid performance overhead. 
  at <VNavigationDrawer modelValue=undefined onUpdate:modelValue=fn location="right"  ... > 
  at <MenusTopmenuLayoutNotifications > 
  at <VCol class="notificationsHeader" > 
  at <VDefaultsProvider defaults= {VTabs: Object} > 
  at <VToolbar ref=Ref< Proxy(Object) > class="v-app-bar" style= {top: 0px, zIndex: 1014, transform: translateY(0px), position: fixed, height: undefined}  ... > 
  at <VAppBar id="topnav" > 
  at <MenusHeader drawer=false onToggleDrawer=fn > 
  at <ClientOnly > 
  at <VApp theme="light" class="auto-text" > 
  at <VResponsive class="border rounded" > 
  at <Default ref=Ref< Proxy(Object) > > 
  at <AsyncComponentWrapper ref=Ref< Proxy(Object) > > 
  at <LayoutLoader key="default" layoutProps= {ref: RefImpl} name="default" > 
  at <NuxtLayoutProvider layoutProps= {ref: RefImpl} key="default" name="default"  ... > 
  at <NuxtLayout > 
  at <App key=4 > 
  at <NuxtRoot> @ http://localhost:3001/_nuxt/@fs/home/meebuzo/github/alternate-framework/apps/ecosystem/meeovi-frontend/node_modules/@sentry/core/build/esm/instrument/console.js?v=cfee6d51:42
[   19293ms] [WARNING] [Vue warn]: Avoid app logic that relies on enumerating keys on a component instance. The keys will be empty in production mode to avoid performance overhead. 
  at <VNavigationDrawer modelValue=undefined onUpdate:modelValue=fn location="right"  ... > 
  at <MenusTopmenuLayoutNotifications > 
  at <VCol class="notificationsHeader" > 
  at <VDefaultsProvider defaults= {VTabs: Object} > 
  at <VToolbar ref=Ref< Proxy(Object) > class="v-app-bar" style= {top: 0px, zIndex: 1014, transform: translateY(0px), position: fixed, height: undefined}  ... > 
  at <VAppBar id="topnav" > 
  at <MenusHeader drawer=false onToggleDrawer=fn > 
  at <ClientOnly > 
  at <VApp theme="light" class="auto-text" > 
  at <VResponsive class="border rounded" > 
  at <Default ref=Ref< Proxy(Object) > > 
  at <AsyncComponentWrapper ref=Ref< Proxy(Object) > > 
  at <LayoutLoader key="default" layoutProps= {ref: RefImpl} name="default" > 
  at <NuxtLayoutProvider layoutProps= {ref: RefImpl} key="default" name="default"  ... > 
  at <NuxtLayout > 
  at <App key=4 > 
  at <NuxtRoot> @ http://localhost:3001/_nuxt/@fs/home/meebuzo/github/alternate-framework/apps/ecosystem/meeovi-frontend/node_modules/@sentry/core/build/esm/instrument/console.js?v=cfee6d51:42
[   19299ms] [WARNING] [Vue warn]: Avoid app logic that relies on enumerating keys on a component instance. The keys will be empty in production mode to avoid performance overhead. 
  at <VNavigationDrawer modelValue=undefined onUpdate:modelValue=fn location="right"  ... > 
  at <MenusTopmenuLayoutNotifications > 
  at <VCol class="notificationsHeader" > 
  at <VDefaultsProvider defaults= {VTabs: Object} > 
  at <VToolbar ref=Ref< Proxy(Object) > class="v-app-bar" style= {top: 0px, zIndex: 1014, transform: translateY(0px), position: fixed, height: undefined}  ... > 
  at <VAppBar id="topnav" > 
  at <MenusHeader drawer=false onToggleDrawer=fn > 
  at <ClientOnly > 
  at <VApp theme="light" class="auto-text" > 
  at <VResponsive class="border rounded" > 
  at <Default ref=Ref< Proxy(Object) > > 
  at <AsyncComponentWrapper ref=Ref< Proxy(Object) > > 
  at <LayoutLoader key="default" layoutProps= {ref: RefImpl} name="default" > 
  at <NuxtLayoutProvider layoutProps= {ref: RefImpl} key="default" name="default"  ... > 
  at <NuxtLayout > 
  at <App key=4 > 
  at <NuxtRoot> @ http://localhost:3001/_nuxt/@fs/home/meebuzo/github/alternate-framework/apps/ecosystem/meeovi-frontend/node_modules/@sentry/core/build/esm/instrument/console.js?v=cfee6d51:42
[   19303ms] [WARNING] [Vue warn]: Avoid app logic that relies on enumerating keys on a component instance. The keys will be empty in production mode to avoid performance overhead. 
  at <VNavigationDrawer modelValue=undefined onUpdate:modelValue=fn location="right"  ... > 
  at <MenusTopmenuLayoutNotifications > 
  at <VCol class="notificationsHeader" > 
  at <VDefaultsProvider defaults= {VTabs: Object} > 
  at <VToolbar ref=Ref< Proxy(Object) > class="v-app-bar" style= {top: 0px, zIndex: 1014, transform: translateY(0px), position: fixed, height: undefined}  ... > 
  at <VAppBar id="topnav" > 
  at <MenusHeader drawer=false onToggleDrawer=fn > 
  at <ClientOnly > 
  at <VApp theme="light" class="auto-text" > 
  at <VResponsive class="border rounded" > 
  at <Default ref=Ref< Proxy(Object) > > 
  at <AsyncComponentWrapper ref=Ref< Proxy(Object) > > 
  at <LayoutLoader key="default" layoutProps= {ref: RefImpl} name="default" > 
  at <NuxtLayoutProvider layoutProps= {ref: RefImpl} key="default" name="default"  ... > 
  at <NuxtLayout > 
  at <App key=4 > 
  at <NuxtRoot> @ http://localhost:3001/_nuxt/@fs/home/meebuzo/github/alternate-framework/apps/ecosystem/meeovi-frontend/node_modules/@sentry/core/build/esm/instrument/console.js?v=cfee6d51:42
[   19306ms] [WARNING] [Vue warn]: Avoid app logic that relies on enumerating keys on a component instance. The keys will be empty in production mode to avoid performance overhead. 
  at <VNavigationDrawer modelValue=undefined onUpdate:modelValue=fn location="right"  ... > 
  at <MenusTopmenuLayoutNotifications > 
  at <VCol class="notificationsHeader" > 
  at <VDefaultsProvider defaults= {VTabs: Object} > 
  at <VToolbar ref=Ref< Proxy(Object) > class="v-app-bar" style= {top: 0px, zIndex: 1014, transform: translateY(0px), position: fixed, height: undefined}  ... > 
  at <VAppBar id="topnav" > 
  at <MenusHeader drawer=false onToggleDrawer=fn > 
  at <ClientOnly > 
  at <VApp theme="light" class="auto-text" > 
  at <VResponsive class="border rounded" > 
  at <Default ref=Ref< Proxy(Object) > > 
  at <AsyncComponentWrapper ref=Ref< Proxy(Object) > > 
  at <LayoutLoader key="default" layoutProps= {ref: RefImpl} name="default" > 
  at <NuxtLayoutProvider layoutProps= {ref: RefImpl} key="default" name="default"  ... > 
  at <NuxtLayout > 
  at <App key=4 > 
  at <NuxtRoot> @ http://localhost:3001/_nuxt/@fs/home/meebuzo/github/alternate-framework/apps/ecosystem/meeovi-frontend/node_modules/@sentry/core/build/esm/instrument/console.js?v=cfee6d51:42
[   19309ms] [WARNING] [Vue warn]: Avoid app logic that relies on enumerating keys on a component instance. The keys will be empty in production mode to avoid performance overhead. 
  at <VNavigationDrawer modelValue=undefined onUpdate:modelValue=fn location="right"  ... > 
  at <MenusTopmenuLayoutNotifications > 
  at <VCol class="notificationsHeader" > 
  at <VDefaultsProvider defaults= {VTabs: Object} > 
  at <VToolbar ref=Ref< Proxy(Object) > class="v-app-bar" style= {top: 0px, zIndex: 1014, transform: translateY(0px), position: fixed, height: undefined}  ... > 
  at <VAppBar id="topnav" > 
  at <MenusHeader drawer=false onToggleDrawer=fn > 
  at <ClientOnly > 
  at <VApp theme="light" class="auto-text" > 
  at <VResponsive class="border rounded" > 
  at <Default ref=Ref< Proxy(Object) > > 
  at <AsyncComponentWrapper ref=Ref< Proxy(Object) > > 
  at <LayoutLoader key="default" layoutProps= {ref: RefImpl} name="default" > 
  at <NuxtLayoutProvider layoutProps= {ref: RefImpl} key="default" name="default"  ... > 
  at <NuxtLayout > 
  at <App key=4 > 
  at <NuxtRoot> @ http://localhost:3001/_nuxt/@fs/home/meebuzo/github/alternate-framework/apps/ecosystem/meeovi-frontend/node_modules/@sentry/core/build/esm/instrument/console.js?v=cfee6d51:42
[   19312ms] [WARNING] [Vue warn]: Avoid app logic that relies on enumerating keys on a component instance. The keys will be empty in production mode to avoid performance overhead. 
  at <VNavigationDrawer modelValue=undefined onUpdate:modelValue=fn location="right"  ... > 
  at <MenusTopmenuLayoutNotifications > 
  at <VCol class="notificationsHeader" > 
  at <VDefaultsProvider defaults= {VTabs: Object} > 
  at <VToolbar ref=Ref< Proxy(Object) > class="v-app-bar" style= {top: 0px, zIndex: 1014, transform: translateY(0px), position: fixed, height: undefined}  ... > 
  at <VAppBar id="topnav" > 
  at <MenusHeader drawer=false onToggleDrawer=fn > 
  at <ClientOnly > 
  at <VApp theme="light" class="auto-text" > 
  at <VResponsive class="border rounded" > 
  at <Default ref=Ref< Proxy(Object) > > 
  at <AsyncComponentWrapper ref=Ref< Proxy(Object) > > 
  at <LayoutLoader key="default" layoutProps= {ref: RefImpl} name="default" > 
  at <NuxtLayoutProvider layoutProps= {ref: RefImpl} key="default" name="default"  ... > 
  at <NuxtLayout > 
  at <App key=4 > 
  at <NuxtRoot> @ http://localhost:3001/_nuxt/@fs/home/meebuzo/github/alternate-framework/apps/ecosystem/meeovi-frontend/node_modules/@sentry/core/build/esm/instrument/console.js?v=cfee6d51:42
[   19315ms] [WARNING] [Vue warn]: Avoid app logic that relies on enumerating keys on a component instance. The keys will be empty in production mode to avoid performance overhead. 
  at <VNavigationDrawer modelValue=undefined onUpdate:modelValue=fn location="right"  ... > 
  at <MenusTopmenuLayoutNotifications > 
  at <VCol class="notificationsHeader" > 
  at <VDefaultsProvider defaults= {VTabs: Object} > 
  at <VToolbar ref=Ref< Proxy(Object) > class="v-app-bar" style= {top: 0px, zIndex: 1014, transform: translateY(0px), position: fixed, height: undefined}  ... > 
  at <VAppBar id="topnav" > 
  at <MenusHeader drawer=false onToggleDrawer=fn > 
  at <ClientOnly > 
  at <VApp theme="light" class="auto-text" > 
  at <VResponsive class="border rounded" > 
  at <Default ref=Ref< Proxy(Object) > > 
  at <AsyncComponentWrapper ref=Ref< Proxy(Object) > > 
  at <LayoutLoader key="default" layoutProps= {ref: RefImpl} name="default" > 
  at <NuxtLayoutProvider layoutProps= {ref: RefImpl} key="default" name="default"  ... > 
  at <NuxtLayout > 
  at <App key=4 > 
  at <NuxtRoot> @ http://localhost:3001/_nuxt/@fs/home/meebuzo/github/alternate-framework/apps/ecosystem/meeovi-frontend/node_modules/@sentry/core/build/esm/instrument/console.js?v=cfee6d51:42
[   19319ms] [WARNING] [Vue warn]: Avoid app logic that relies on enumerating keys on a component instance. The keys will be empty in production mode to avoid performance overhead. 
  at <VNavigationDrawer modelValue=undefined onUpdate:modelValue=fn location="right"  ... > 
  at <MenusTopmenuLayoutNotifications > 
  at <VCol class="notificationsHeader" > 
  at <VDefaultsProvider defaults= {VTabs: Object} > 
  at <VToolbar ref=Ref< Proxy(Object) > class="v-app-bar" style= {top: 0px, zIndex: 1014, transform: translateY(0px), position: fixed, height: undefined}  ... > 
  at <VAppBar id="topnav" > 
  at <MenusHeader drawer=false onToggleDrawer=fn > 
  at <ClientOnly > 
  at <VApp theme="light" class="auto-text" > 
  at <VResponsive class="border rounded" > 
  at <Default ref=Ref< Proxy(Object) > > 
  at <AsyncComponentWrapper ref=Ref< Proxy(Object) > > 
  at <LayoutLoader key="default" layoutProps= {ref: RefImpl} name="default" > 
  at <NuxtLayoutProvider layoutProps= {ref: RefImpl} key="default" name="default"  ... > 
  at <NuxtLayout > 
  at <App key=4 > 
  at <NuxtRoot> @ http://localhost:3001/_nuxt/@fs/home/meebuzo/github/alternate-framework/apps/ecosystem/meeovi-frontend/node_modules/@sentry/core/build/esm/instrument/console.js?v=cfee6d51:42
[   19324ms] [WARNING] [Vue warn]: Avoid app logic that relies on enumerating keys on a component instance. The keys will be empty in production mode to avoid performance overhead. 
  at <VNavigationDrawer modelValue=undefined onUpdate:modelValue=fn location="right"  ... > 
  at <MenusTopmenuLayoutNotifications > 
  at <VCol class="notificationsHeader" > 
  at <VDefaultsProvider defaults= {VTabs: Object} > 
  at <VToolbar ref=Ref< Proxy(Object) > class="v-app-bar" style= {top: 0px, zIndex: 1014, transform: translateY(0px), position: fixed, height: undefined}  ... > 
  at <VAppBar id="topnav" > 
  at <MenusHeader drawer=false onToggleDrawer=fn > 
  at <ClientOnly > 
  at <VApp theme="light" class="auto-text" > 
  at <VResponsive class="border rounded" > 
  at <Default ref=Ref< Proxy(Object) > > 
  at <AsyncComponentWrapper ref=Ref< Proxy(Object) > > 
  at <LayoutLoader key="default" layoutProps= {ref: RefImpl} name="default" > 
  at <NuxtLayoutProvider layoutProps= {ref: RefImpl} key="default" name="default"  ... > 
  at <NuxtLayout > 
  at <App key=4 > 
  at <NuxtRoot> @ http://localhost:3001/_nuxt/@fs/home/meebuzo/github/alternate-framework/apps/ecosystem/meeovi-frontend/node_modules/@sentry/core/build/esm/instrument/console.js?v=cfee6d51:42
[   19327ms] [WARNING] [Vue warn]: Avoid app logic that relies on enumerating keys on a component instance. The keys will be empty in production mode to avoid performance overhead. 
  at <VNavigationDrawer modelValue=undefined onUpdate:modelValue=fn location="right"  ... > 
  at <MenusTopmenuLayoutNotifications > 
  at <VCol class="notificationsHeader" > 
  at <VDefaultsProvider defaults= {VTabs: Object} > 
  at <VToolbar ref=Ref< Proxy(Object) > class="v-app-bar" style= {top: 0px, zIndex: 1014, transform: translateY(0px), position: fixed, height: undefined}  ... > 
  at <VAppBar id="topnav" > 
  at <MenusHeader drawer=false onToggleDrawer=fn > 
  at <ClientOnly > 
  at <VApp theme="light" class="auto-text" > 
  at <VResponsive class="border rounded" > 
  at <Default ref=Ref< Proxy(Object) > > 
  at <AsyncComponentWrapper ref=Ref< Proxy(Object) > > 
  at <LayoutLoader key="default" layoutProps= {ref: RefImpl} name="default" > 
  at <NuxtLayoutProvider layoutProps= {ref: RefImpl} key="default" name="default"  ... > 
  at <NuxtLayout > 
  at <App key=4 > 
  at <NuxtRoot> @ http://localhost:3001/_nuxt/@fs/home/meebuzo/github/alternate-framework/apps/ecosystem/meeovi-frontend/node_modules/@sentry/core/build/esm/instrument/console.js?v=cfee6d51:42
[   19331ms] [WARNING] [Vue warn]: Avoid app logic that relies on enumerating keys on a component instance. The keys will be empty in production mode to avoid performance overhead. 
  at <VNavigationDrawer modelValue=undefined onUpdate:modelValue=fn location="right"  ... > 
  at <MenusTopmenuLayoutNotifications > 
  at <VCol class="notificationsHeader" > 
  at <VDefaultsProvider defaults= {VTabs: Object} > 
  at <VToolbar ref=Ref< Proxy(Object) > class="v-app-bar" style= {top: 0px, zIndex: 1014, transform: translateY(0px), position: fixed, height: undefined}  ... > 
  at <VAppBar id="topnav" > 
  at <MenusHeader drawer=false onToggleDrawer=fn > 
  at <ClientOnly > 
  at <VApp theme="light" class="auto-text" > 
  at <VResponsive class="border rounded" > 
  at <Default ref=Ref< Proxy(Object) > > 
  at <AsyncComponentWrapper ref=Ref< Proxy(Object) > > 
  at <LayoutLoader key="default" layoutProps= {ref: RefImpl} name="default" > 
  at <NuxtLayoutProvider layoutProps= {ref: RefImpl} key="default" name="default"  ... > 
  at <NuxtLayout > 
  at <App key=4 > 
  at <NuxtRoot> @ http://localhost:3001/_nuxt/@fs/home/meebuzo/github/alternate-framework/apps/ecosystem/meeovi-frontend/node_modules/@sentry/core/build/esm/instrument/console.js?v=cfee6d51:42
[   19334ms] [WARNING] [Vue warn]: Avoid app logic that relies on enumerating keys on a component instance. The keys will be empty in production mode to avoid performance overhead. 
  at <VNavigationDrawer modelValue=undefined onUpdate:modelValue=fn location="right"  ... > 
  at <MenusTopmenuLayoutNotifications > 
  at <VCol class="notificationsHeader" > 
  at <VDefaultsProvider defaults= {VTabs: Object} > 
  at <VToolbar ref=Ref< Proxy(Object) > class="v-app-bar" style= {top: 0px, zIndex: 1014, transform: translateY(0px), position: fixed, height: undefined}  ... > 
  at <VAppBar id="topnav" > 
  at <MenusHeader drawer=false onToggleDrawer=fn > 
  at <ClientOnly > 
  at <VApp theme="light" class="auto-text" > 
  at <VResponsive class="border rounded" > 
  at <Default ref=Ref< Proxy(Object) > > 
  at <AsyncComponentWrapper ref=Ref< Proxy(Object) > > 
  at <LayoutLoader key="default" layoutProps= {ref: RefImpl} name="default" > 
  at <NuxtLayoutProvider layoutProps= {ref: RefImpl} key="default" name="default"  ... > 
  at <NuxtLayout > 
  at <App key=4 > 
  at <NuxtRoot> @ http://localhost:3001/_nuxt/@fs/home/meebuzo/github/alternate-framework/apps/ecosystem/meeovi-frontend/node_modules/@sentry/core/build/esm/instrument/console.js?v=cfee6d51:42
[   19337ms] [WARNING] [Vue warn]: Avoid app logic that relies on enumerating keys on a component instance. The keys will be empty in production mode to avoid performance overhead. 
  at <VNavigationDrawer modelValue=undefined onUpdate:modelValue=fn location="right"  ... > 
  at <MenusTopmenuLayoutNotifications > 
  at <VCol class="notificationsHeader" > 
  at <VDefaultsProvider defaults= {VTabs: Object} > 
  at <VToolbar ref=Ref< Proxy(Object) > class="v-app-bar" style= {top: 0px, zIndex: 1014, transform: translateY(0px), position: fixed, height: undefined}  ... > 
  at <VAppBar id="topnav" > 
  at <MenusHeader drawer=false onToggleDrawer=fn > 
  at <ClientOnly > 
  at <VApp theme="light" class="auto-text" > 
  at <VResponsive class="border rounded" > 
  at <Default ref=Ref< Proxy(Object) > > 
  at <AsyncComponentWrapper ref=Ref< Proxy(Object) > > 
  at <LayoutLoader key="default" layoutProps= {ref: RefImpl} name="default" > 
  at <NuxtLayoutProvider layoutProps= {ref: RefImpl} key="default" name="default"  ... > 
  at <NuxtLayout > 
  at <App key=4 > 
  at <NuxtRoot> @ http://localhost:3001/_nuxt/@fs/home/meebuzo/github/alternate-framework/apps/ecosystem/meeovi-frontend/node_modules/@sentry/core/build/esm/instrument/console.js?v=cfee6d51:42
[   19341ms] [WARNING] [Vue warn]: Avoid app logic that relies on enumerating keys on a component instance. The keys will be empty in production mode to avoid performance overhead. 
  at <VNavigationDrawer modelValue=undefined onUpdate:modelValue=fn location="right"  ... > 
  at <MenusTopmenuLayoutNotifications > 
  at <VCol class="notificationsHeader" > 
  at <VDefaultsProvider defaults= {VTabs: Object} > 
  at <VToolbar ref=Ref< Proxy(Object) > class="v-app-bar" style= {top: 0px, zIndex: 1014, transform: translateY(0px), position: fixed, height: undefined}  ... > 
  at <VAppBar id="topnav" > 
  at <MenusHeader drawer=false onToggleDrawer=fn > 
  at <ClientOnly > 
  at <VApp theme="light" class="auto-text" > 
  at <VResponsive class="border rounded" > 
  at <Default ref=Ref< Proxy(Object) > > 
  at <AsyncComponentWrapper ref=Ref< Proxy(Object) > > 
  at <LayoutLoader key="default" layoutProps= {ref: RefImpl} name="default" > 
  at <NuxtLayoutProvider layoutProps= {ref: RefImpl} key="default" name="default"  ... > 
  at <NuxtLayout > 
  at <App key=4 > 
  at <NuxtRoot> @ http://localhost:3001/_nuxt/@fs/home/meebuzo/github/alternate-framework/apps/ecosystem/meeovi-frontend/node_modules/@sentry/core/build/esm/instrument/console.js?v=cfee6d51:42
[   19345ms] [WARNING] [Vue warn]: Avoid app logic that relies on enumerating keys on a component instance. The keys will be empty in production mode to avoid performance overhead. 
  at <VNavigationDrawer modelValue=undefined onUpdate:modelValue=fn location="right"  ... > 
  at <MenusTopmenuLayoutNotifications > 
  at <VCol class="notificationsHeader" > 
  at <VDefaultsProvider defaults= {VTabs: Object} > 
  at <VToolbar ref=Ref< Proxy(Object) > class="v-app-bar" style= {top: 0px, zIndex: 1014, transform: translateY(0px), position: fixed, height: undefined}  ... > 
  at <VAppBar id="topnav" > 
  at <MenusHeader drawer=false onToggleDrawer=fn > 
  at <ClientOnly > 
  at <VApp theme="light" class="auto-text" > 
  at <VResponsive class="border rounded" > 
  at <Default ref=Ref< Proxy(Object) > > 
  at <AsyncComponentWrapper ref=Ref< Proxy(Object) > > 
  at <LayoutLoader key="default" layoutProps= {ref: RefImpl} name="default" > 
  at <NuxtLayoutProvider layoutProps= {ref: RefImpl} key="default" name="default"  ... > 
  at <NuxtLayout > 
  at <App key=4 > 
  at <NuxtRoot> @ http://localhost:3001/_nuxt/@fs/home/meebuzo/github/alternate-framework/apps/ecosystem/meeovi-frontend/node_modules/@sentry/core/build/esm/instrument/console.js?v=cfee6d51:42
[   19348ms] [WARNING] [Vue warn]: Avoid app logic that relies on enumerating keys on a component instance. The keys will be empty in production mode to avoid performance overhead. 
  at <VNavigationDrawer modelValue=undefined onUpdate:modelValue=fn location="right"  ... > 
  at <MenusTopmenuLayoutNotifications > 
  at <VCol class="notificationsHeader" > 
  at <VDefaultsProvider defaults= {VTabs: Object} > 
  at <VToolbar ref=Ref< Proxy(Object) > class="v-app-bar" style= {top: 0px, zIndex: 1014, transform: translateY(0px), position: fixed, height: undefined}  ... > 
  at <VAppBar id="topnav" > 
  at <MenusHeader drawer=false onToggleDrawer=fn > 
  at <ClientOnly > 
  at <VApp theme="light" class="auto-text" > 
  at <VResponsive class="border rounded" > 
  at <Default ref=Ref< Proxy(Object) > > 
  at <AsyncComponentWrapper ref=Ref< Proxy(Object) > > 
  at <LayoutLoader key="default" layoutProps= {ref: RefImpl} name="default" > 
  at <NuxtLayoutProvider layoutProps= {ref: RefImpl} key="default" name="default"  ... > 
  at <NuxtLayout > 
  at <App key=4 > 
  at <NuxtRoot> @ http://localhost:3001/_nuxt/@fs/home/meebuzo/github/alternate-framework/apps/ecosystem/meeovi-frontend/node_modules/@sentry/core/build/esm/instrument/console.js?v=cfee6d51:42
[   19351ms] [WARNING] [Vue warn]: Avoid app logic that relies on enumerating keys on a component instance. The keys will be empty in production mode to avoid performance overhead. 
  at <VNavigationDrawer modelValue=undefined onUpdate:modelValue=fn location="right"  ... > 
  at <MenusTopmenuLayoutNotifications > 
  at <VCol class="notificationsHeader" > 
  at <VDefaultsProvider defaults= {VTabs: Object} > 
  at <VToolbar ref=Ref< Proxy(Object) > class="v-app-bar" style= {top: 0px, zIndex: 1014, transform: translateY(0px), position: fixed, height: undefined}  ... > 
  at <VAppBar id="topnav" > 
  at <MenusHeader drawer=false onToggleDrawer=fn > 
  at <ClientOnly > 
  at <VApp theme="light" class="auto-text" > 
  at <VResponsive class="border rounded" > 
  at <Default ref=Ref< Proxy(Object) > > 
  at <AsyncComponentWrapper ref=Ref< Proxy(Object) > > 
  at <LayoutLoader key="default" layoutProps= {ref: RefImpl} name="default" > 
  at <NuxtLayoutProvider layoutProps= {ref: RefImpl} key="default" name="default"  ... > 
  at <NuxtLayout > 
  at <App key=4 > 
  at <NuxtRoot> @ http://localhost:3001/_nuxt/@fs/home/meebuzo/github/alternate-framework/apps/ecosystem/meeovi-frontend/node_modules/@sentry/core/build/esm/instrument/console.js?v=cfee6d51:42
[   19354ms] [WARNING] [Vue warn]: Avoid app logic that relies on enumerating keys on a component instance. The keys will be empty in production mode to avoid performance overhead. 
  at <VNavigationDrawer modelValue=undefined onUpdate:modelValue=fn location="right"  ... > 
  at <MenusTopmenuLayoutNotifications > 
  at <VCol class="notificationsHeader" > 
  at <VDefaultsProvider defaults= {VTabs: Object} > 
  at <VToolbar ref=Ref< Proxy(Object) > class="v-app-bar" style= {top: 0px, zIndex: 1014, transform: translateY(0px), position: fixed, height: undefined}  ... > 
  at <VAppBar id="topnav" > 
  at <MenusHeader drawer=false onToggleDrawer=fn > 
  at <ClientOnly > 
  at <VApp theme="light" class="auto-text" > 
  at <VResponsive class="border rounded" > 
  at <Default ref=Ref< Proxy(Object) > > 
  at <AsyncComponentWrapper ref=Ref< Proxy(Object) > > 
  at <LayoutLoader key="default" layoutProps= {ref: RefImpl} name="default" > 
  at <NuxtLayoutProvider layoutProps= {ref: RefImpl} key="default" name="default"  ... > 
  at <NuxtLayout > 
  at <App key=4 > 
  at <NuxtRoot> @ http://localhost:3001/_nuxt/@fs/home/meebuzo/github/alternate-framework/apps/ecosystem/meeovi-frontend/node_modules/@sentry/core/build/esm/instrument/console.js?v=cfee6d51:42
[   19358ms] [WARNING] [Vue warn]: Avoid app logic that relies on enumerating keys on a component instance. The keys will be empty in production mode to avoid performance overhead. 
  at <VNavigationDrawer modelValue=undefined onUpdate:modelValue=fn location="right"  ... > 
  at <MenusTopmenuLayoutNotifications > 
  at <VCol class="notificationsHeader" > 
  at <VDefaultsProvider defaults= {VTabs: Object} > 
  at <VToolbar ref=Ref< Proxy(Object) > class="v-app-bar" style= {top: 0px, zIndex: 1014, transform: translateY(0px), position: fixed, height: undefined}  ... > 
  at <VAppBar id="topnav" > 
  at <MenusHeader drawer=false onToggleDrawer=fn > 
  at <ClientOnly > 
  at <VApp theme="light" class="auto-text" > 
  at <VResponsive class="border rounded" > 
  at <Default ref=Ref< Proxy(Object) > > 
  at <AsyncComponentWrapper ref=Ref< Proxy(Object) > > 
  at <LayoutLoader key="default" layoutProps= {ref: RefImpl} name="default" > 
  at <NuxtLayoutProvider layoutProps= {ref: RefImpl} key="default" name="default"  ... > 
  at <NuxtLayout > 
  at <App key=4 > 
  at <NuxtRoot> @ http://localhost:3001/_nuxt/@fs/home/meebuzo/github/alternate-framework/apps/ecosystem/meeovi-frontend/node_modules/@sentry/core/build/esm/instrument/console.js?v=cfee6d51:42
[   19362ms] [WARNING] [Vue warn]: Avoid app logic that relies on enumerating keys on a component instance. The keys will be empty in production mode to avoid performance overhead. 
  at <VNavigationDrawer modelValue=undefined onUpdate:modelValue=fn location="right"  ... > 
  at <MenusTopmenuLayoutNotifications > 
  at <VCol class="notificationsHeader" > 
  at <VDefaultsProvider defaults= {VTabs: Object} > 
  at <VToolbar ref=Ref< Proxy(Object) > class="v-app-bar" style= {top: 0px, zIndex: 1014, transform: translateY(0px), position: fixed, height: undefined}  ... > 
  at <VAppBar id="topnav" > 
  at <MenusHeader drawer=false onToggleDrawer=fn > 
  at <ClientOnly > 
  at <VApp theme="light" class="auto-text" > 
  at <VResponsive class="border rounded" > 
  at <Default ref=Ref< Proxy(Object) > > 
  at <AsyncComponentWrapper ref=Ref< Proxy(Object) > > 
  at <LayoutLoader key="default" layoutProps= {ref: RefImpl} name="default" > 
  at <NuxtLayoutProvider layoutProps= {ref: RefImpl} key="default" name="default"  ... > 
  at <NuxtLayout > 
  at <App key=4 > 
  at <NuxtRoot> @ http://localhost:3001/_nuxt/@fs/home/meebuzo/github/alternate-framework/apps/ecosystem/meeovi-frontend/node_modules/@sentry/core/build/esm/instrument/console.js?v=cfee6d51:42
[   19365ms] [WARNING] [Vue warn]: Avoid app logic that relies on enumerating keys on a component instance. The keys will be empty in production mode to avoid performance overhead. 
  at <VNavigationDrawer modelValue=undefined onUpdate:modelValue=fn location="right"  ... > 
  at <MenusTopmenuLayoutNotifications > 
  at <VCol class="notificationsHeader" > 
  at <VDefaultsProvider defaults= {VTabs: Object} > 
  at <VToolbar ref=Ref< Proxy(Object) > class="v-app-bar" style= {top: 0px, zIndex: 1014, transform: translateY(0px), position: fixed, height: undefined}  ... > 
  at <VAppBar id="topnav" > 
  at <MenusHeader drawer=false onToggleDrawer=fn > 
  at <ClientOnly > 
  at <VApp theme="light" class="auto-text" > 
  at <VResponsive class="border rounded" > 
  at <Default ref=Ref< Proxy(Object) > > 
  at <AsyncComponentWrapper ref=Ref< Proxy(Object) > > 
  at <LayoutLoader key="default" layoutProps= {ref: RefImpl} name="default" > 
  at <NuxtLayoutProvider layoutProps= {ref: RefImpl} key="default" name="default"  ... > 
  at <NuxtLayout > 
  at <App key=4 > 
  at <NuxtRoot> @ http://localhost:3001/_nuxt/@fs/home/meebuzo/github/alternate-framework/apps/ecosystem/meeovi-frontend/node_modules/@sentry/core/build/esm/instrument/console.js?v=cfee6d51:42
[   19369ms] [WARNING] [Vue warn]: Avoid app logic that relies on enumerating keys on a component instance. The keys will be empty in production mode to avoid performance overhead. 
  at <VNavigationDrawer modelValue=undefined onUpdate:modelValue=fn location="right"  ... > 
  at <MenusTopmenuLayoutNotifications > 
  at <VCol class="notificationsHeader" > 
  at <VDefaultsProvider defaults= {VTabs: Object} > 
  at <VToolbar ref=Ref< Proxy(Object) > class="v-app-bar" style= {top: 0px, zIndex: 1014, transform: translateY(0px), position: fixed, height: undefined}  ... > 
  at <VAppBar id="topnav" > 
  at <MenusHeader drawer=false onToggleDrawer=fn > 
  at <ClientOnly > 
  at <VApp theme="light" class="auto-text" > 
  at <VResponsive class="border rounded" > 
  at <Default ref=Ref< Proxy(Object) > > 
  at <AsyncComponentWrapper ref=Ref< Proxy(Object) > > 
  at <LayoutLoader key="default" layoutProps= {ref: RefImpl} name="default" > 
  at <NuxtLayoutProvider layoutProps= {ref: RefImpl} key="default" name="default"  ... > 
  at <NuxtLayout > 
  at <App key=4 > 
  at <NuxtRoot> @ http://localhost:3001/_nuxt/@fs/home/meebuzo/github/alternate-framework/apps/ecosystem/meeovi-frontend/node_modules/@sentry/core/build/esm/instrument/console.js?v=cfee6d51:42
[   19373ms] [WARNING] [Vue warn]: Avoid app logic that relies on enumerating keys on a component instance. The keys will be empty in production mode to avoid performance overhead. 
  at <VNavigationDrawer modelValue=undefined onUpdate:modelValue=fn location="right"  ... > 
  at <MenusTopmenuLayoutNotifications > 
  at <VCol class="notificationsHeader" > 
  at <VDefaultsProvider defaults= {VTabs: Object} > 
  at <VToolbar ref=Ref< Proxy(Object) > class="v-app-bar" style= {top: 0px, zIndex: 1014, transform: translateY(0px), position: fixed, height: undefined}  ... > 
  at <VAppBar id="topnav" > 
  at <MenusHeader drawer=false onToggleDrawer=fn > 
  at <ClientOnly > 
  at <VApp theme="light" class="auto-text" > 
  at <VResponsive class="border rounded" > 
  at <Default ref=Ref< Proxy(Object) > > 
  at <AsyncComponentWrapper ref=Ref< Proxy(Object) > > 
  at <LayoutLoader key="default" layoutProps= {ref: RefImpl} name="default" > 
  at <NuxtLayoutProvider layoutProps= {ref: RefImpl} key="default" name="default"  ... > 
  at <NuxtLayout > 
  at <App key=4 > 
  at <NuxtRoot> @ http://localhost:3001/_nuxt/@fs/home/meebuzo/github/alternate-framework/apps/ecosystem/meeovi-frontend/node_modules/@sentry/core/build/esm/instrument/console.js?v=cfee6d51:42
[   19376ms] [WARNING] [Vue warn]: Avoid app logic that relies on enumerating keys on a component instance. The keys will be empty in production mode to avoid performance overhead. 
  at <VNavigationDrawer modelValue=undefined onUpdate:modelValue=fn location="right"  ... > 
  at <MenusTopmenuLayoutNotifications > 
  at <VCol class="notificationsHeader" > 
  at <VDefaultsProvider defaults= {VTabs: Object} > 
  at <VToolbar ref=Ref< Proxy(Object) > class="v-app-bar" style= {top: 0px, zIndex: 1014, transform: translateY(0px), position: fixed, height: undefined}  ... > 
  at <VAppBar id="topnav" > 
  at <MenusHeader drawer=false onToggleDrawer=fn > 
  at <ClientOnly > 
  at <VApp theme="light" class="auto-text" > 
  at <VResponsive class="border rounded" > 
  at <Default ref=Ref< Proxy(Object) > > 
  at <AsyncComponentWrapper ref=Ref< Proxy(Object) > > 
  at <LayoutLoader key="default" layoutProps= {ref: RefImpl} name="default" > 
  at <NuxtLayoutProvider layoutProps= {ref: RefImpl} key="default" name="default"  ... > 
  at <NuxtLayout > 
  at <App key=4 > 
  at <NuxtRoot> @ http://localhost:3001/_nuxt/@fs/home/meebuzo/github/alternate-framework/apps/ecosystem/meeovi-frontend/node_modules/@sentry/core/build/esm/instrument/console.js?v=cfee6d51:42
[   19379ms] [WARNING] [Vue warn]: Avoid app logic that relies on enumerating keys on a component instance. The keys will be empty in production mode to avoid performance overhead. 
  at <VNavigationDrawer modelValue=undefined onUpdate:modelValue=fn location="right"  ... > 
  at <MenusTopmenuLayoutNotifications > 
  at <VCol class="notificationsHeader" > 
  at <VDefaultsProvider defaults= {VTabs: Object} > 
  at <VToolbar ref=Ref< Proxy(Object) > class="v-app-bar" style= {top: 0px, zIndex: 1014, transform: translateY(0px), position: fixed, height: undefined}  ... > 
  at <VAppBar id="topnav" > 
  at <MenusHeader drawer=false onToggleDrawer=fn > 
  at <ClientOnly > 
  at <VApp theme="light" class="auto-text" > 
  at <VResponsive class="border rounded" > 
  at <Default ref=Ref< Proxy(Object) > > 
  at <AsyncComponentWrapper ref=Ref< Proxy(Object) > > 
  at <LayoutLoader key="default" layoutProps= {ref: RefImpl} name="default" > 
  at <NuxtLayoutProvider layoutProps= {ref: RefImpl} key="default" name="default"  ... > 
  at <NuxtLayout > 
  at <App key=4 > 
  at <NuxtRoot> @ http://localhost:3001/_nuxt/@fs/home/meebuzo/github/alternate-framework/apps/ecosystem/meeovi-frontend/node_modules/@sentry/core/build/esm/instrument/console.js?v=cfee6d51:42
[   19383ms] [WARNING] [Vue warn]: Avoid app logic that relies on enumerating keys on a component instance. The keys will be empty in production mode to avoid performance overhead. 
  at <VNavigationDrawer modelValue=undefined onUpdate:modelValue=fn location="right"  ... > 
  at <MenusTopmenuLayoutNotifications > 
  at <VCol class="notificationsHeader" > 
  at <VDefaultsProvider defaults= {VTabs: Object} > 
  at <VToolbar ref=Ref< Proxy(Object) > class="v-app-bar" style= {top: 0px, zIndex: 1014, transform: translateY(0px), position: fixed, height: undefined}  ... > 
  at <VAppBar id="topnav" > 
  at <MenusHeader drawer=false onToggleDrawer=fn > 
  at <ClientOnly > 
  at <VApp theme="light" class="auto-text" > 
  at <VResponsive class="border rounded" > 
  at <Default ref=Ref< Proxy(Object) > > 
  at <AsyncComponentWrapper ref=Ref< Proxy(Object) > > 
  at <LayoutLoader key="default" layoutProps= {ref: RefImpl} name="default" > 
  at <NuxtLayoutProvider layoutProps= {ref: RefImpl} key="default" name="default"  ... > 
  at <NuxtLayout > 
  at <App key=4 > 
  at <NuxtRoot> @ http://localhost:3001/_nuxt/@fs/home/meebuzo/github/alternate-framework/apps/ecosystem/meeovi-frontend/node_modules/@sentry/core/build/esm/instrument/console.js?v=cfee6d51:42
[   19388ms] [WARNING] [Vue warn]: Avoid app logic that relies on enumerating keys on a component instance. The keys will be empty in production mode to avoid performance overhead. 
  at <VNavigationDrawer modelValue=undefined onUpdate:modelValue=fn location="right"  ... > 
  at <MenusTopmenuLayoutNotifications > 
  at <VCol class="notificationsHeader" > 
  at <VDefaultsProvider defaults= {VTabs: Object} > 
  at <VToolbar ref=Ref< Proxy(Object) > class="v-app-bar" style= {top: 0px, zIndex: 1014, transform: translateY(0px), position: fixed, height: undefined}  ... > 
  at <VAppBar id="topnav" > 
  at <MenusHeader drawer=false onToggleDrawer=fn > 
  at <ClientOnly > 
  at <VApp theme="light" class="auto-text" > 
  at <VResponsive class="border rounded" > 
  at <Default ref=Ref< Proxy(Object) > > 
  at <AsyncComponentWrapper ref=Ref< Proxy(Object) > > 
  at <LayoutLoader key="default" layoutProps= {ref: RefImpl} name="default" > 
  at <NuxtLayoutProvider layoutProps= {ref: RefImpl} key="default" name="default"  ... > 
  at <NuxtLayout > 
  at <App key=4 > 
  at <NuxtRoot> @ http://localhost:3001/_nuxt/@fs/home/meebuzo/github/alternate-framework/apps/ecosystem/meeovi-frontend/node_modules/@sentry/core/build/esm/instrument/console.js?v=cfee6d51:42
[   19393ms] [WARNING] [Vue warn]: Avoid app logic that relies on enumerating keys on a component instance. The keys will be empty in production mode to avoid performance overhead. 
  at <VNavigationDrawer modelValue=undefined onUpdate:modelValue=fn location="right"  ... > 
  at <MenusTopmenuLayoutNotifications > 
  at <VCol class="notificationsHeader" > 
  at <VDefaultsProvider defaults= {VTabs: Object} > 
  at <VToolbar ref=Ref< Proxy(Object) > class="v-app-bar" style= {top: 0px, zIndex: 1014, transform: translateY(0px), position: fixed, height: undefined}  ... > 
  at <VAppBar id="topnav" > 
  at <MenusHeader drawer=false onToggleDrawer=fn > 
  at <ClientOnly > 
  at <VApp theme="light" class="auto-text" > 
  at <VResponsive class="border rounded" > 
  at <Default ref=Ref< Proxy(Object) > > 
  at <AsyncComponentWrapper ref=Ref< Proxy(Object) > > 
  at <LayoutLoader key="default" layoutProps= {ref: RefImpl} name="default" > 
  at <NuxtLayoutProvider layoutProps= {ref: RefImpl} key="default" name="default"  ... > 
  at <NuxtLayout > 
  at <App key=4 > 
  at <NuxtRoot> @ http://localhost:3001/_nuxt/@fs/home/meebuzo/github/alternate-framework/apps/ecosystem/meeovi-frontend/node_modules/@sentry/core/build/esm/instrument/console.js?v=cfee6d51:42
[   19397ms] [WARNING] [Vue warn]: Avoid app logic that relies on enumerating keys on a component instance. The keys will be empty in production mode to avoid performance overhead. 
  at <VNavigationDrawer modelValue=undefined onUpdate:modelValue=fn location="right"  ... > 
  at <MenusTopmenuLayoutNotifications > 
  at <VCol class="notificationsHeader" > 
  at <VDefaultsProvider defaults= {VTabs: Object} > 
  at <VToolbar ref=Ref< Proxy(Object) > class="v-app-bar" style= {top: 0px, zIndex: 1014, transform: translateY(0px), position: fixed, height: undefined}  ... > 
  at <VAppBar id="topnav" > 
  at <MenusHeader drawer=false onToggleDrawer=fn > 
  at <ClientOnly > 
  at <VApp theme="light" class="auto-text" > 
  at <VResponsive class="border rounded" > 
  at <Default ref=Ref< Proxy(Object) > > 
  at <AsyncComponentWrapper ref=Ref< Proxy(Object) > > 
  at <LayoutLoader key="default" layoutProps= {ref: RefImpl} name="default" > 
  at <NuxtLayoutProvider layoutProps= {ref: RefImpl} key="default" name="default"  ... > 
  at <NuxtLayout > 
  at <App key=4 > 
  at <NuxtRoot> @ http://localhost:3001/_nuxt/@fs/home/meebuzo/github/alternate-framework/apps/ecosystem/meeovi-frontend/node_modules/@sentry/core/build/esm/instrument/console.js?v=cfee6d51:42
[   19402ms] [WARNING] [Vue warn]: Avoid app logic that relies on enumerating keys on a component instance. The keys will be empty in production mode to avoid performance overhead. 
  at <VNavigationDrawer modelValue=undefined onUpdate:modelValue=fn location="right"  ... > 
  at <MenusTopmenuLayoutNotifications > 
  at <VCol class="notificationsHeader" > 
  at <VDefaultsProvider defaults= {VTabs: Object} > 
  at <VToolbar ref=Ref< Proxy(Object) > class="v-app-bar" style= {top: 0px, zIndex: 1014, transform: translateY(0px), position: fixed, height: undefined}  ... > 
  at <VAppBar id="topnav" > 
  at <MenusHeader drawer=false onToggleDrawer=fn > 
  at <ClientOnly > 
  at <VApp theme="light" class="auto-text" > 
  at <VResponsive class="border rounded" > 
  at <Default ref=Ref< Proxy(Object) > > 
  at <AsyncComponentWrapper ref=Ref< Proxy(Object) > > 
  at <LayoutLoader key="default" layoutProps= {ref: RefImpl} name="default" > 
  at <NuxtLayoutProvider layoutProps= {ref: RefImpl} key="default" name="default"  ... > 
  at <NuxtLayout > 
  at <App key=4 > 
  at <NuxtRoot> @ http://localhost:3001/_nuxt/@fs/home/meebuzo/github/alternate-framework/apps/ecosystem/meeovi-frontend/node_modules/@sentry/core/build/esm/instrument/console.js?v=cfee6d51:42
[   19407ms] [WARNING] [Vue warn]: Avoid app logic that relies on enumerating keys on a component instance. The keys will be empty in production mode to avoid performance overhead. 
  at <VNavigationDrawer modelValue=undefined onUpdate:modelValue=fn location="right"  ... > 
  at <MenusTopmenuLayoutNotifications > 
  at <VCol class="notificationsHeader" > 
  at <VDefaultsProvider defaults= {VTabs: Object} > 
  at <VToolbar ref=Ref< Proxy(Object) > class="v-app-bar" style= {top: 0px, zIndex: 1014, transform: translateY(0px), position: fixed, height: undefined}  ... > 
  at <VAppBar id="topnav" > 
  at <MenusHeader drawer=false onToggleDrawer=fn > 
  at <ClientOnly > 
  at <VApp theme="light" class="auto-text" > 
  at <VResponsive class="border rounded" > 
  at <Default ref=Ref< Proxy(Object) > > 
  at <AsyncComponentWrapper ref=Ref< Proxy(Object) > > 
  at <LayoutLoader key="default" layoutProps= {ref: RefImpl} name="default" > 
  at <NuxtLayoutProvider layoutProps= {ref: RefImpl} key="default" name="default"  ... > 
  at <NuxtLayout > 
  at <App key=4 > 
  at <NuxtRoot> @ http://localhost:3001/_nuxt/@fs/home/meebuzo/github/alternate-framework/apps/ecosystem/meeovi-frontend/node_modules/@sentry/core/build/esm/instrument/console.js?v=cfee6d51:42
[   19411ms] [WARNING] [Vue warn]: Avoid app logic that relies on enumerating keys on a component instance. The keys will be empty in production mode to avoid performance overhead. 
  at <VNavigationDrawer modelValue=undefined onUpdate:modelValue=fn location="right"  ... > 
  at <MenusTopmenuLayoutNotifications > 
  at <VCol class="notificationsHeader" > 
  at <VDefaultsProvider defaults= {VTabs: Object} > 
  at <VToolbar ref=Ref< Proxy(Object) > class="v-app-bar" style= {top: 0px, zIndex: 1014, transform: translateY(0px), position: fixed, height: undefined}  ... > 
  at <VAppBar id="topnav" > 
  at <MenusHeader drawer=false onToggleDrawer=fn > 
  at <ClientOnly > 
  at <VApp theme="light" class="auto-text" > 
  at <VResponsive class="border rounded" > 
  at <Default ref=Ref< Proxy(Object) > > 
  at <AsyncComponentWrapper ref=Ref< Proxy(Object) > > 
  at <LayoutLoader key="default" layoutProps= {ref: RefImpl} name="default" > 
  at <NuxtLayoutProvider layoutProps= {ref: RefImpl} key="default" name="default"  ... > 
  at <NuxtLayout > 
  at <App key=4 > 
  at <NuxtRoot> @ http://localhost:3001/_nuxt/@fs/home/meebuzo/github/alternate-framework/apps/ecosystem/meeovi-frontend/node_modules/@sentry/core/build/esm/instrument/console.js?v=cfee6d51:42
[   19416ms] [WARNING] [Vue warn]: Avoid app logic that relies on enumerating keys on a component instance. The keys will be empty in production mode to avoid performance overhead. 
  at <VNavigationDrawer modelValue=undefined onUpdate:modelValue=fn location="right"  ... > 
  at <MenusTopmenuLayoutNotifications > 
  at <VCol class="notificationsHeader" > 
  at <VDefaultsProvider defaults= {VTabs: Object} > 
  at <VToolbar ref=Ref< Proxy(Object) > class="v-app-bar" style= {top: 0px, zIndex: 1014, transform: translateY(0px), position: fixed, height: undefined}  ... > 
  at <VAppBar id="topnav" > 
  at <MenusHeader drawer=false onToggleDrawer=fn > 
  at <ClientOnly > 
  at <VApp theme="light" class="auto-text" > 
  at <VResponsive class="border rounded" > 
  at <Default ref=Ref< Proxy(Object) > > 
  at <AsyncComponentWrapper ref=Ref< Proxy(Object) > > 
  at <LayoutLoader key="default" layoutProps= {ref: RefImpl} name="default" > 
  at <NuxtLayoutProvider layoutProps= {ref: RefImpl} key="default" name="default"  ... > 
  at <NuxtLayout > 
  at <App key=4 > 
  at <NuxtRoot> @ http://localhost:3001/_nuxt/@fs/home/meebuzo/github/alternate-framework/apps/ecosystem/meeovi-frontend/node_modules/@sentry/core/build/esm/instrument/console.js?v=cfee6d51:42
[   19421ms] [WARNING] [Vue warn]: Avoid app logic that relies on enumerating keys on a component instance. The keys will be empty in production mode to avoid performance overhead. 
  at <VNavigationDrawer modelValue=undefined onUpdate:modelValue=fn location="right"  ... > 
  at <MenusTopmenuLayoutNotifications > 
  at <VCol class="notificationsHeader" > 
  at <VDefaultsProvider defaults= {VTabs: Object} > 
  at <VToolbar ref=Ref< Proxy(Object) > class="v-app-bar" style= {top: 0px, zIndex: 1014, transform: translateY(0px), position: fixed, height: undefined}  ... > 
  at <VAppBar id="topnav" > 
  at <MenusHeader drawer=false onToggleDrawer=fn > 
  at <ClientOnly > 
  at <VApp theme="light" class="auto-text" > 
  at <VResponsive class="border rounded" > 
  at <Default ref=Ref< Proxy(Object) > > 
  at <AsyncComponentWrapper ref=Ref< Proxy(Object) > > 
  at <LayoutLoader key="default" layoutProps= {ref: RefImpl} name="default" > 
  at <NuxtLayoutProvider layoutProps= {ref: RefImpl} key="default" name="default"  ... > 
  at <NuxtLayout > 
  at <App key=4 > 
  at <NuxtRoot> @ http://localhost:3001/_nuxt/@fs/home/meebuzo/github/alternate-framework/apps/ecosystem/meeovi-frontend/node_modules/@sentry/core/build/esm/instrument/console.js?v=cfee6d51:42
[   19425ms] [WARNING] [Vue warn]: Avoid app logic that relies on enumerating keys on a component instance. The keys will be empty in production mode to avoid performance overhead. 
  at <VNavigationDrawer modelValue=undefined onUpdate:modelValue=fn location="right"  ... > 
  at <MenusTopmenuLayoutNotifications > 
  at <VCol class="notificationsHeader" > 
  at <VDefaultsProvider defaults= {VTabs: Object} > 
  at <VToolbar ref=Ref< Proxy(Object) > class="v-app-bar" style= {top: 0px, zIndex: 1014, transform: translateY(0px), position: fixed, height: undefined}  ... > 
  at <VAppBar id="topnav" > 
  at <MenusHeader drawer=false onToggleDrawer=fn > 
  at <ClientOnly > 
  at <VApp theme="light" class="auto-text" > 
  at <VResponsive class="border rounded" > 
  at <Default ref=Ref< Proxy(Object) > > 
  at <AsyncComponentWrapper ref=Ref< Proxy(Object) > > 
  at <LayoutLoader key="default" layoutProps= {ref: RefImpl} name="default" > 
  at <NuxtLayoutProvider layoutProps= {ref: RefImpl} key="default" name="default"  ... > 
  at <NuxtLayout > 
  at <App key=4 > 
  at <NuxtRoot> @ http://localhost:3001/_nuxt/@fs/home/meebuzo/github/alternate-framework/apps/ecosystem/meeovi-frontend/node_modules/@sentry/core/build/esm/instrument/console.js?v=cfee6d51:42
[   19430ms] [WARNING] [Vue warn]: Avoid app logic that relies on enumerating keys on a component instance. The keys will be empty in production mode to avoid performance overhead. 
  at <VNavigationDrawer modelValue=undefined onUpdate:modelValue=fn location="right"  ... > 
  at <MenusTopmenuLayoutNotifications > 
  at <VCol class="notificationsHeader" > 
  at <VDefaultsProvider defaults= {VTabs: Object} > 
  at <VToolbar ref=Ref< Proxy(Object) > class="v-app-bar" style= {top: 0px, zIndex: 1014, transform: translateY(0px), position: fixed, height: undefined}  ... > 
  at <VAppBar id="topnav" > 
  at <MenusHeader drawer=false onToggleDrawer=fn > 
  at <ClientOnly > 
  at <VApp theme="light" class="auto-text" > 
  at <VResponsive class="border rounded" > 
  at <Default ref=Ref< Proxy(Object) > > 
  at <AsyncComponentWrapper ref=Ref< Proxy(Object) > > 
  at <LayoutLoader key="default" layoutProps= {ref: RefImpl} name="default" > 
  at <NuxtLayoutProvider layoutProps= {ref: RefImpl} key="default" name="default"  ... > 
  at <NuxtLayout > 
  at <App key=4 > 
  at <NuxtRoot> @ http://localhost:3001/_nuxt/@fs/home/meebuzo/github/alternate-framework/apps/ecosystem/meeovi-frontend/node_modules/@sentry/core/build/esm/instrument/console.js?v=cfee6d51:42
[   19434ms] [WARNING] [Vue warn]: Avoid app logic that relies on enumerating keys on a component instance. The keys will be empty in production mode to avoid performance overhead. 
  at <VNavigationDrawer modelValue=undefined onUpdate:modelValue=fn location="right"  ... > 
  at <MenusTopmenuLayoutNotifications > 
  at <VCol class="notificationsHeader" > 
  at <VDefaultsProvider defaults= {VTabs: Object} > 
  at <VToolbar ref=Ref< Proxy(Object) > class="v-app-bar" style= {top: 0px, zIndex: 1014, transform: translateY(0px), position: fixed, height: undefined}  ... > 
  at <VAppBar id="topnav" > 
  at <MenusHeader drawer=false onToggleDrawer=fn > 
  at <ClientOnly > 
  at <VApp theme="light" class="auto-text" > 
  at <VResponsive class="border rounded" > 
  at <Default ref=Ref< Proxy(Object) > > 
  at <AsyncComponentWrapper ref=Ref< Proxy(Object) > > 
  at <LayoutLoader key="default" layoutProps= {ref: RefImpl} name="default" > 
  at <NuxtLayoutProvider layoutProps= {ref: RefImpl} key="default" name="default"  ... > 
  at <NuxtLayout > 
  at <App key=4 > 
  at <NuxtRoot> @ http://localhost:3001/_nuxt/@fs/home/meebuzo/github/alternate-framework/apps/ecosystem/meeovi-frontend/node_modules/@sentry/core/build/esm/instrument/console.js?v=cfee6d51:42
[   19439ms] [WARNING] [Vue warn]: Avoid app logic that relies on enumerating keys on a component instance. The keys will be empty in production mode to avoid performance overhead. 
  at <VNavigationDrawer modelValue=undefined onUpdate:modelValue=fn location="right"  ... > 
  at <MenusTopmenuLayoutNotifications > 
  at <VCol class="notificationsHeader" > 
  at <VDefaultsProvider defaults= {VTabs: Object} > 
  at <VToolbar ref=Ref< Proxy(Object) > class="v-app-bar" style= {top: 0px, zIndex: 1014, transform: translateY(0px), position: fixed, height: undefined}  ... > 
  at <VAppBar id="topnav" > 
  at <MenusHeader drawer=false onToggleDrawer=fn > 
  at <ClientOnly > 
  at <VApp theme="light" class="auto-text" > 
  at <VResponsive class="border rounded" > 
  at <Default ref=Ref< Proxy(Object) > > 
  at <AsyncComponentWrapper ref=Ref< Proxy(Object) > > 
  at <LayoutLoader key="default" layoutProps= {ref: RefImpl} name="default" > 
  at <NuxtLayoutProvider layoutProps= {ref: RefImpl} key="default" name="default"  ... > 
  at <NuxtLayout > 
  at <App key=4 > 
  at <NuxtRoot> @ http://localhost:3001/_nuxt/@fs/home/meebuzo/github/alternate-framework/apps/ecosystem/meeovi-frontend/node_modules/@sentry/core/build/esm/instrument/console.js?v=cfee6d51:42
[   19443ms] [WARNING] [Vue warn]: Avoid app logic that relies on enumerating keys on a component instance. The keys will be empty in production mode to avoid performance overhead. 
  at <VNavigationDrawer modelValue=undefined onUpdate:modelValue=fn location="right"  ... > 
  at <MenusTopmenuLayoutNotifications > 
  at <VCol class="notificationsHeader" > 
  at <VDefaultsProvider defaults= {VTabs: Object} > 
  at <VToolbar ref=Ref< Proxy(Object) > class="v-app-bar" style= {top: 0px, zIndex: 1014, transform: translateY(0px), position: fixed, height: undefined}  ... > 
  at <VAppBar id="topnav" > 
  at <MenusHeader drawer=false onToggleDrawer=fn > 
  at <ClientOnly > 
  at <VApp theme="light" class="auto-text" > 
  at <VResponsive class="border rounded" > 
  at <Default ref=Ref< Proxy(Object) > > 
  at <AsyncComponentWrapper ref=Ref< Proxy(Object) > > 
  at <LayoutLoader key="default" layoutProps= {ref: RefImpl} name="default" > 
  at <NuxtLayoutProvider layoutProps= {ref: RefImpl} key="default" name="default"  ... > 
  at <NuxtLayout > 
  at <App key=4 > 
  at <NuxtRoot> @ http://localhost:3001/_nuxt/@fs/home/meebuzo/github/alternate-framework/apps/ecosystem/meeovi-frontend/node_modules/@sentry/core/build/esm/instrument/console.js?v=cfee6d51:42
[   19448ms] [WARNING] [Vue warn]: Avoid app logic that relies on enumerating keys on a component instance. The keys will be empty in production mode to avoid performance overhead. 
  at <VNavigationDrawer modelValue=undefined onUpdate:modelValue=fn location="right"  ... > 
  at <MenusTopmenuLayoutNotifications > 
  at <VCol class="notificationsHeader" > 
  at <VDefaultsProvider defaults= {VTabs: Object} > 
  at <VToolbar ref=Ref< Proxy(Object) > class="v-app-bar" style= {top: 0px, zIndex: 1014, transform: translateY(0px), position: fixed, height: undefined}  ... > 
  at <VAppBar id="topnav" > 
  at <MenusHeader drawer=false onToggleDrawer=fn > 
  at <ClientOnly > 
  at <VApp theme="light" class="auto-text" > 
  at <VResponsive class="border rounded" > 
  at <Default ref=Ref< Proxy(Object) > > 
  at <AsyncComponentWrapper ref=Ref< Proxy(Object) > > 
  at <LayoutLoader key="default" layoutProps= {ref: RefImpl} name="default" > 
  at <NuxtLayoutProvider layoutProps= {ref: RefImpl} key="default" name="default"  ... > 
  at <NuxtLayout > 
  at <App key=4 > 
  at <NuxtRoot> @ http://localhost:3001/_nuxt/@fs/home/meebuzo/github/alternate-framework/apps/ecosystem/meeovi-frontend/node_modules/@sentry/core/build/esm/instrument/console.js?v=cfee6d51:42
[   19453ms] [WARNING] [Vue warn]: Avoid app logic that relies on enumerating keys on a component instance. The keys will be empty in production mode to avoid performance overhead. 
  at <VNavigationDrawer modelValue=undefined onUpdate:modelValue=fn location="right"  ... > 
  at <MenusTopmenuLayoutNotifications > 
  at <VCol class="notificationsHeader" > 
  at <VDefaultsProvider defaults= {VTabs: Object} > 
  at <VToolbar ref=Ref< Proxy(Object) > class="v-app-bar" style= {top: 0px, zIndex: 1014, transform: translateY(0px), position: fixed, height: undefined}  ... > 
  at <VAppBar id="topnav" > 
  at <MenusHeader drawer=false onToggleDrawer=fn > 
  at <ClientOnly > 
  at <VApp theme="light" class="auto-text" > 
  at <VResponsive class="border rounded" > 
  at <Default ref=Ref< Proxy(Object) > > 
  at <AsyncComponentWrapper ref=Ref< Proxy(Object) > > 
  at <LayoutLoader key="default" layoutProps= {ref: RefImpl} name="default" > 
  at <NuxtLayoutProvider layoutProps= {ref: RefImpl} key="default" name="default"  ... > 
  at <NuxtLayout > 
  at <App key=4 > 
  at <NuxtRoot> @ http://localhost:3001/_nuxt/@fs/home/meebuzo/github/alternate-framework/apps/ecosystem/meeovi-frontend/node_modules/@sentry/core/build/esm/instrument/console.js?v=cfee6d51:42
[   19457ms] [WARNING] [Vue warn]: Avoid app logic that relies on enumerating keys on a component instance. The keys will be empty in production mode to avoid performance overhead. 
  at <VNavigationDrawer modelValue=undefined onUpdate:modelValue=fn location="right"  ... > 
  at <MenusTopmenuLayoutNotifications > 
  at <VCol class="notificationsHeader" > 
  at <VDefaultsProvider defaults= {VTabs: Object} > 
  at <VToolbar ref=Ref< Proxy(Object) > class="v-app-bar" style= {top: 0px, zIndex: 1014, transform: translateY(0px), position: fixed, height: undefined}  ... > 
  at <VAppBar id="topnav" > 
  at <MenusHeader drawer=false onToggleDrawer=fn > 
  at <ClientOnly > 
  at <VApp theme="light" class="auto-text" > 
  at <VResponsive class="border rounded" > 
  at <Default ref=Ref< Proxy(Object) > > 
  at <AsyncComponentWrapper ref=Ref< Proxy(Object) > > 
  at <LayoutLoader key="default" layoutProps= {ref: RefImpl} name="default" > 
  at <NuxtLayoutProvider layoutProps= {ref: RefImpl} key="default" name="default"  ... > 
  at <NuxtLayout > 
  at <App key=4 > 
  at <NuxtRoot> @ http://localhost:3001/_nuxt/@fs/home/meebuzo/github/alternate-framework/apps/ecosystem/meeovi-frontend/node_modules/@sentry/core/build/esm/instrument/console.js?v=cfee6d51:42
[   19461ms] [WARNING] [Vue warn]: Avoid app logic that relies on enumerating keys on a component instance. The keys will be empty in production mode to avoid performance overhead. 
  at <VNavigationDrawer modelValue=undefined onUpdate:modelValue=fn location="right"  ... > 
  at <MenusTopmenuLayoutNotifications > 
  at <VCol class="notificationsHeader" > 
  at <VDefaultsProvider defaults= {VTabs: Object} > 
  at <VToolbar ref=Ref< Proxy(Object) > class="v-app-bar" style= {top: 0px, zIndex: 1014, transform: translateY(0px), position: fixed, height: undefined}  ... > 
  at <VAppBar id="topnav" > 
  at <MenusHeader drawer=false onToggleDrawer=fn > 
  at <ClientOnly > 
  at <VApp theme="light" class="auto-text" > 
  at <VResponsive class="border rounded" > 
  at <Default ref=Ref< Proxy(Object) > > 
  at <AsyncComponentWrapper ref=Ref< Proxy(Object) > > 
  at <LayoutLoader key="default" layoutProps= {ref: RefImpl} name="default" > 
  at <NuxtLayoutProvider layoutProps= {ref: RefImpl} key="default" name="default"  ... > 
  at <NuxtLayout > 
  at <App key=4 > 
  at <NuxtRoot> @ http://localhost:3001/_nuxt/@fs/home/meebuzo/github/alternate-framework/apps/ecosystem/meeovi-frontend/node_modules/@sentry/core/build/esm/instrument/console.js?v=cfee6d51:42
[   19466ms] [WARNING] [Vue warn]: Avoid app logic that relies on enumerating keys on a component instance. The keys will be empty in production mode to avoid performance overhead. 
  at <VNavigationDrawer modelValue=undefined onUpdate:modelValue=fn location="right"  ... > 
  at <MenusTopmenuLayoutNotifications > 
  at <VCol class="notificationsHeader" > 
  at <VDefaultsProvider defaults= {VTabs: Object} > 
  at <VToolbar ref=Ref< Proxy(Object) > class="v-app-bar" style= {top: 0px, zIndex: 1014, transform: translateY(0px), position: fixed, height: undefined}  ... > 
  at <VAppBar id="topnav" > 
  at <MenusHeader drawer=false onToggleDrawer=fn > 
  at <ClientOnly > 
  at <VApp theme="light" class="auto-text" > 
  at <VResponsive class="border rounded" > 
  at <Default ref=Ref< Proxy(Object) > > 
  at <AsyncComponentWrapper ref=Ref< Proxy(Object) > > 
  at <LayoutLoader key="default" layoutProps= {ref: RefImpl} name="default" > 
  at <NuxtLayoutProvider layoutProps= {ref: RefImpl} key="default" name="default"  ... > 
  at <NuxtLayout > 
  at <App key=4 > 
  at <NuxtRoot> @ http://localhost:3001/_nuxt/@fs/home/meebuzo/github/alternate-framework/apps/ecosystem/meeovi-frontend/node_modules/@sentry/core/build/esm/instrument/console.js?v=cfee6d51:42
[   19471ms] [WARNING] [Vue warn]: Avoid app logic that relies on enumerating keys on a component instance. The keys will be empty in production mode to avoid performance overhead. 
  at <VNavigationDrawer modelValue=undefined onUpdate:modelValue=fn location="right"  ... > 
  at <MenusTopmenuLayoutNotifications > 
  at <VCol class="notificationsHeader" > 
  at <VDefaultsProvider defaults= {VTabs: Object} > 
  at <VToolbar ref=Ref< Proxy(Object) > class="v-app-bar" style= {top: 0px, zIndex: 1014, transform: translateY(0px), position: fixed, height: undefined}  ... > 
  at <VAppBar id="topnav" > 
  at <MenusHeader drawer=false onToggleDrawer=fn > 
  at <ClientOnly > 
  at <VApp theme="light" class="auto-text" > 
  at <VResponsive class="border rounded" > 
  at <Default ref=Ref< Proxy(Object) > > 
  at <AsyncComponentWrapper ref=Ref< Proxy(Object) > > 
  at <LayoutLoader key="default" layoutProps= {ref: RefImpl} name="default" > 
  at <NuxtLayoutProvider layoutProps= {ref: RefImpl} key="default" name="default"  ... > 
  at <NuxtLayout > 
  at <App key=4 > 
  at <NuxtRoot> @ http://localhost:3001/_nuxt/@fs/home/meebuzo/github/alternate-framework/apps/ecosystem/meeovi-frontend/node_modules/@sentry/core/build/esm/instrument/console.js?v=cfee6d51:42
[   19474ms] [WARNING] [Vue warn]: Avoid app logic that relies on enumerating keys on a component instance. The keys will be empty in production mode to avoid performance overhead. 
  at <VNavigationDrawer modelValue=undefined onUpdate:modelValue=fn location="right"  ... > 
  at <MenusTopmenuLayoutNotifications > 
  at <VCol class="notificationsHeader" > 
  at <VDefaultsProvider defaults= {VTabs: Object} > 
  at <VToolbar ref=Ref< Proxy(Object) > class="v-app-bar" style= {top: 0px, zIndex: 1014, transform: translateY(0px), position: fixed, height: undefined}  ... > 
  at <VAppBar id="topnav" > 
  at <MenusHeader drawer=false onToggleDrawer=fn > 
  at <ClientOnly > 
  at <VApp theme="light" class="auto-text" > 
  at <VResponsive class="border rounded" > 
  at <Default ref=Ref< Proxy(Object) > > 
  at <AsyncComponentWrapper ref=Ref< Proxy(Object) > > 
  at <LayoutLoader key="default" layoutProps= {ref: RefImpl} name="default" > 
  at <NuxtLayoutProvider layoutProps= {ref: RefImpl} key="default" name="default"  ... > 
  at <NuxtLayout > 
  at <App key=4 > 
  at <NuxtRoot> @ http://localhost:3001/_nuxt/@fs/home/meebuzo/github/alternate-framework/apps/ecosystem/meeovi-frontend/node_modules/@sentry/core/build/esm/instrument/console.js?v=cfee6d51:42
[   19479ms] [WARNING] [Vue warn]: Avoid app logic that relies on enumerating keys on a component instance. The keys will be empty in production mode to avoid performance overhead. 
  at <VNavigationDrawer modelValue=undefined onUpdate:modelValue=fn location="right"  ... > 
  at <MenusTopmenuLayoutNotifications > 
  at <VCol class="notificationsHeader" > 
  at <VDefaultsProvider defaults= {VTabs: Object} > 
  at <VToolbar ref=Ref< Proxy(Object) > class="v-app-bar" style= {top: 0px, zIndex: 1014, transform: translateY(0px), position: fixed, height: undefined}  ... > 
  at <VAppBar id="topnav" > 
  at <MenusHeader drawer=false onToggleDrawer=fn > 
  at <ClientOnly > 
  at <VApp theme="light" class="auto-text" > 
  at <VResponsive class="border rounded" > 
  at <Default ref=Ref< Proxy(Object) > > 
  at <AsyncComponentWrapper ref=Ref< Proxy(Object) > > 
  at <LayoutLoader key="default" layoutProps= {ref: RefImpl} name="default" > 
  at <NuxtLayoutProvider layoutProps= {ref: RefImpl} key="default" name="default"  ... > 
  at <NuxtLayout > 
  at <App key=4 > 
  at <NuxtRoot> @ http://localhost:3001/_nuxt/@fs/home/meebuzo/github/alternate-framework/apps/ecosystem/meeovi-frontend/node_modules/@sentry/core/build/esm/instrument/console.js?v=cfee6d51:42
[   19484ms] [WARNING] [Vue warn]: Avoid app logic that relies on enumerating keys on a component instance. The keys will be empty in production mode to avoid performance overhead. 
  at <VNavigationDrawer modelValue=undefined onUpdate:modelValue=fn location="right"  ... > 
  at <MenusTopmenuLayoutNotifications > 
  at <VCol class="notificationsHeader" > 
  at <VDefaultsProvider defaults= {VTabs: Object} > 
  at <VToolbar ref=Ref< Proxy(Object) > class="v-app-bar" style= {top: 0px, zIndex: 1014, transform: translateY(0px), position: fixed, height: undefined}  ... > 
  at <VAppBar id="topnav" > 
  at <MenusHeader drawer=false onToggleDrawer=fn > 
  at <ClientOnly > 
  at <VApp theme="light" class="auto-text" > 
  at <VResponsive class="border rounded" > 
  at <Default ref=Ref< Proxy(Object) > > 
  at <AsyncComponentWrapper ref=Ref< Proxy(Object) > > 
  at <LayoutLoader key="default" layoutProps= {ref: RefImpl} name="default" > 
  at <NuxtLayoutProvider layoutProps= {ref: RefImpl} key="default" name="default"  ... > 
  at <NuxtLayout > 
  at <App key=4 > 
  at <NuxtRoot> @ http://localhost:3001/_nuxt/@fs/home/meebuzo/github/alternate-framework/apps/ecosystem/meeovi-frontend/node_modules/@sentry/core/build/esm/instrument/console.js?v=cfee6d51:42
[   19489ms] [WARNING] [Vue warn]: Avoid app logic that relies on enumerating keys on a component instance. The keys will be empty in production mode to avoid performance overhead. 
  at <VNavigationDrawer modelValue=undefined onUpdate:modelValue=fn location="right"  ... > 
  at <MenusTopmenuLayoutNotifications > 
  at <VCol class="notificationsHeader" > 
  at <VDefaultsProvider defaults= {VTabs: Object} > 
  at <VToolbar ref=Ref< Proxy(Object) > class="v-app-bar" style= {top: 0px, zIndex: 1014, transform: translateY(0px), position: fixed, height: undefined}  ... > 
  at <VAppBar id="topnav" > 
  at <MenusHeader drawer=false onToggleDrawer=fn > 
  at <ClientOnly > 
  at <VApp theme="light" class="auto-text" > 
  at <VResponsive class="border rounded" > 
  at <Default ref=Ref< Proxy(Object) > > 
  at <AsyncComponentWrapper ref=Ref< Proxy(Object) > > 
  at <LayoutLoader key="default" layoutProps= {ref: RefImpl} name="default" > 
  at <NuxtLayoutProvider layoutProps= {ref: RefImpl} key="default" name="default"  ... > 
  at <NuxtLayout > 
  at <App key=4 > 
  at <NuxtRoot> @ http://localhost:3001/_nuxt/@fs/home/meebuzo/github/alternate-framework/apps/ecosystem/meeovi-frontend/node_modules/@sentry/core/build/esm/instrument/console.js?v=cfee6d51:42
[   19494ms] [WARNING] [Vue warn]: Avoid app logic that relies on enumerating keys on a component instance. The keys will be empty in production mode to avoid performance overhead. 
  at <VNavigationDrawer modelValue=undefined onUpdate:modelValue=fn location="right"  ... > 
  at <MenusTopmenuLayoutNotifications > 
  at <VCol class="notificationsHeader" > 
  at <VDefaultsProvider defaults= {VTabs: Object} > 
  at <VToolbar ref=Ref< Proxy(Object) > class="v-app-bar" style= {top: 0px, zIndex: 1014, transform: translateY(0px), position: fixed, height: undefined}  ... > 
  at <VAppBar id="topnav" > 
  at <MenusHeader drawer=false onToggleDrawer=fn > 
  at <ClientOnly > 
  at <VApp theme="light" class="auto-text" > 
  at <VResponsive class="border rounded" > 
  at <Default ref=Ref< Proxy(Object) > > 
  at <AsyncComponentWrapper ref=Ref< Proxy(Object) > > 
  at <LayoutLoader key="default" layoutProps= {ref: RefImpl} name="default" > 
  at <NuxtLayoutProvider layoutProps= {ref: RefImpl} key="default" name="default"  ... > 
  at <NuxtLayout > 
  at <App key=4 > 
  at <NuxtRoot> @ http://localhost:3001/_nuxt/@fs/home/meebuzo/github/alternate-framework/apps/ecosystem/meeovi-frontend/node_modules/@sentry/core/build/esm/instrument/console.js?v=cfee6d51:42
[   19499ms] [WARNING] [Vue warn]: Avoid app logic that relies on enumerating keys on a component instance. The keys will be empty in production mode to avoid performance overhead. 
  at <VNavigationDrawer modelValue=undefined onUpdate:modelValue=fn location="right"  ... > 
  at <MenusTopmenuLayoutNotifications > 
  at <VCol class="notificationsHeader" > 
  at <VDefaultsProvider defaults= {VTabs: Object} > 
  at <VToolbar ref=Ref< Proxy(Object) > class="v-app-bar" style= {top: 0px, zIndex: 1014, transform: translateY(0px), position: fixed, height: undefined}  ... > 
  at <VAppBar id="topnav" > 
  at <MenusHeader drawer=false onToggleDrawer=fn > 
  at <ClientOnly > 
  at <VApp theme="light" class="auto-text" > 
  at <VResponsive class="border rounded" > 
  at <Default ref=Ref< Proxy(Object) > > 
  at <AsyncComponentWrapper ref=Ref< Proxy(Object) > > 
  at <LayoutLoader key="default" layoutProps= {ref: RefImpl} name="default" > 
  at <NuxtLayoutProvider layoutProps= {ref: RefImpl} key="default" name="default"  ... > 
  at <NuxtLayout > 
  at <App key=4 > 
  at <NuxtRoot> @ http://localhost:3001/_nuxt/@fs/home/meebuzo/github/alternate-framework/apps/ecosystem/meeovi-frontend/node_modules/@sentry/core/build/esm/instrument/console.js?v=cfee6d51:42
[   19504ms] [WARNING] [Vue warn]: Avoid app logic that relies on enumerating keys on a component instance. The keys will be empty in production mode to avoid performance overhead. 
  at <VNavigationDrawer modelValue=undefined onUpdate:modelValue=fn location="right"  ... > 
  at <MenusTopmenuLayoutNotifications > 
  at <VCol class="notificationsHeader" > 
  at <VDefaultsProvider defaults= {VTabs: Object} > 
  at <VToolbar ref=Ref< Proxy(Object) > class="v-app-bar" style= {top: 0px, zIndex: 1014, transform: translateY(0px), position: fixed, height: undefined}  ... > 
  at <VAppBar id="topnav" > 
  at <MenusHeader drawer=false onToggleDrawer=fn > 
  at <ClientOnly > 
  at <VApp theme="light" class="auto-text" > 
  at <VResponsive class="border rounded" > 
  at <Default ref=Ref< Proxy(Object) > > 
  at <AsyncComponentWrapper ref=Ref< Proxy(Object) > > 
  at <LayoutLoader key="default" layoutProps= {ref: RefImpl} name="default" > 
  at <NuxtLayoutProvider layoutProps= {ref: RefImpl} key="default" name="default"  ... > 
  at <NuxtLayout > 
  at <App key=4 > 
  at <NuxtRoot> @ http://localhost:3001/_nuxt/@fs/home/meebuzo/github/alternate-framework/apps/ecosystem/meeovi-frontend/node_modules/@sentry/core/build/esm/instrument/console.js?v=cfee6d51:42
[   19509ms] [WARNING] [Vue warn]: Avoid app logic that relies on enumerating keys on a component instance. The keys will be empty in production mode to avoid performance overhead. 
  at <VNavigationDrawer modelValue=undefined onUpdate:modelValue=fn location="right"  ... > 
  at <MenusTopmenuLayoutNotifications > 
  at <VCol class="notificationsHeader" > 
  at <VDefaultsProvider defaults= {VTabs: Object} > 
  at <VToolbar ref=Ref< Proxy(Object) > class="v-app-bar" style= {top: 0px, zIndex: 1014, transform: translateY(0px), position: fixed, height: undefined}  ... > 
  at <VAppBar id="topnav" > 
  at <MenusHeader drawer=false onToggleDrawer=fn > 
  at <ClientOnly > 
  at <VApp theme="light" class="auto-text" > 
  at <VResponsive class="border rounded" > 
  at <Default ref=Ref< Proxy(Object) > > 
  at <AsyncComponentWrapper ref=Ref< Proxy(Object) > > 
  at <LayoutLoader key="default" layoutProps= {ref: RefImpl} name="default" > 
  at <NuxtLayoutProvider layoutProps= {ref: RefImpl} key="default" name="default"  ... > 
  at <NuxtLayout > 
  at <App key=4 > 
  at <NuxtRoot> @ http://localhost:3001/_nuxt/@fs/home/meebuzo/github/alternate-framework/apps/ecosystem/meeovi-frontend/node_modules/@sentry/core/build/esm/instrument/console.js?v=cfee6d51:42
[   19514ms] [WARNING] [Vue warn]: Avoid app logic that relies on enumerating keys on a component instance. The keys will be empty in production mode to avoid performance overhead. 
  at <VNavigationDrawer modelValue=undefined onUpdate:modelValue=fn location="right"  ... > 
  at <MenusTopmenuLayoutNotifications > 
  at <VCol class="notificationsHeader" > 
  at <VDefaultsProvider defaults= {VTabs: Object} > 
  at <VToolbar ref=Ref< Proxy(Object) > class="v-app-bar" style= {top: 0px, zIndex: 1014, transform: translateY(0px), position: fixed, height: undefined}  ... > 
  at <VAppBar id="topnav" > 
  at <MenusHeader drawer=false onToggleDrawer=fn > 
  at <ClientOnly > 
  at <VApp theme="light" class="auto-text" > 
  at <VResponsive class="border rounded" > 
  at <Default ref=Ref< Proxy(Object) > > 
  at <AsyncComponentWrapper ref=Ref< Proxy(Object) > > 
  at <LayoutLoader key="default" layoutProps= {ref: RefImpl} name="default" > 
  at <NuxtLayoutProvider layoutProps= {ref: RefImpl} key="default" name="default"  ... > 
  at <NuxtLayout > 
  at <App key=4 > 
  at <NuxtRoot> @ http://localhost:3001/_nuxt/@fs/home/meebuzo/github/alternate-framework/apps/ecosystem/meeovi-frontend/node_modules/@sentry/core/build/esm/instrument/console.js?v=cfee6d51:42
[   19519ms] [WARNING] [Vue warn]: Avoid app logic that relies on enumerating keys on a component instance. The keys will be empty in production mode to avoid performance overhead. 
  at <VNavigationDrawer modelValue=undefined onUpdate:modelValue=fn location="right"  ... > 
  at <MenusTopmenuLayoutNotifications > 
  at <VCol class="notificationsHeader" > 
  at <VDefaultsProvider defaults= {VTabs: Object} > 
  at <VToolbar ref=Ref< Proxy(Object) > class="v-app-bar" style= {top: 0px, zIndex: 1014, transform: translateY(0px), position: fixed, height: undefined}  ... > 
  at <VAppBar id="topnav" > 
  at <MenusHeader drawer=false onToggleDrawer=fn > 
  at <ClientOnly > 
  at <VApp theme="light" class="auto-text" > 
  at <VResponsive class="border rounded" > 
  at <Default ref=Ref< Proxy(Object) > > 
  at <AsyncComponentWrapper ref=Ref< Proxy(Object) > > 
  at <LayoutLoader key="default" layoutProps= {ref: RefImpl} name="default" > 
  at <NuxtLayoutProvider layoutProps= {ref: RefImpl} key="default" name="default"  ... > 
  at <NuxtLayout > 
  at <App key=4 > 
  at <NuxtRoot> @ http://localhost:3001/_nuxt/@fs/home/meebuzo/github/alternate-framework/apps/ecosystem/meeovi-frontend/node_modules/@sentry/core/build/esm/instrument/console.js?v=cfee6d51:42
[   19525ms] [WARNING] [Vue warn]: Avoid app logic that relies on enumerating keys on a component instance. The keys will be empty in production mode to avoid performance overhead. 
  at <VNavigationDrawer modelValue=undefined onUpdate:modelValue=fn location="right"  ... > 
  at <MenusTopmenuLayoutNotifications > 
  at <VCol class="notificationsHeader" > 
  at <VDefaultsProvider defaults= {VTabs: Object} > 
  at <VToolbar ref=Ref< Proxy(Object) > class="v-app-bar" style= {top: 0px, zIndex: 1014, transform: translateY(0px), position: fixed, height: undefined}  ... > 
  at <VAppBar id="topnav" > 
  at <MenusHeader drawer=false onToggleDrawer=fn > 
  at <ClientOnly > 
  at <VApp theme="light" class="auto-text" > 
  at <VResponsive class="border rounded" > 
  at <Default ref=Ref< Proxy(Object) > > 
  at <AsyncComponentWrapper ref=Ref< Proxy(Object) > > 
  at <LayoutLoader key="default" layoutProps= {ref: RefImpl} name="default" > 
  at <NuxtLayoutProvider layoutProps= {ref: RefImpl} key="default" name="default"  ... > 
  at <NuxtLayout > 
  at <App key=4 > 
  at <NuxtRoot> @ http://localhost:3001/_nuxt/@fs/home/meebuzo/github/alternate-framework/apps/ecosystem/meeovi-frontend/node_modules/@sentry/core/build/esm/instrument/console.js?v=cfee6d51:42
[   19530ms] [WARNING] [Vue warn]: Avoid app logic that relies on enumerating keys on a component instance. The keys will be empty in production mode to avoid performance overhead. 
  at <VNavigationDrawer modelValue=undefined onUpdate:modelValue=fn location="right"  ... > 
  at <MenusTopmenuLayoutNotifications > 
  at <VCol class="notificationsHeader" > 
  at <VDefaultsProvider defaults= {VTabs: Object} > 
  at <VToolbar ref=Ref< Proxy(Object) > class="v-app-bar" style= {top: 0px, zIndex: 1014, transform: translateY(0px), position: fixed, height: undefined}  ... > 
  at <VAppBar id="topnav" > 
  at <MenusHeader drawer=false onToggleDrawer=fn > 
  at <ClientOnly > 
  at <VApp theme="light" class="auto-text" > 
  at <VResponsive class="border rounded" > 
  at <Default ref=Ref< Proxy(Object) > > 
  at <AsyncComponentWrapper ref=Ref< Proxy(Object) > > 
  at <LayoutLoader key="default" layoutProps= {ref: RefImpl} name="default" > 
  at <NuxtLayoutProvider layoutProps= {ref: RefImpl} key="default" name="default"  ... > 
  at <NuxtLayout > 
  at <App key=4 > 
  at <NuxtRoot> @ http://localhost:3001/_nuxt/@fs/home/meebuzo/github/alternate-framework/apps/ecosystem/meeovi-frontend/node_modules/@sentry/core/build/esm/instrument/console.js?v=cfee6d51:42
[   19536ms] [WARNING] [Vue warn]: Avoid app logic that relies on enumerating keys on a component instance. The keys will be empty in production mode to avoid performance overhead. 
  at <VNavigationDrawer modelValue=undefined onUpdate:modelValue=fn location="right"  ... > 
  at <MenusTopmenuLayoutNotifications > 
  at <VCol class="notificationsHeader" > 
  at <VDefaultsProvider defaults= {VTabs: Object} > 
  at <VToolbar ref=Ref< Proxy(Object) > class="v-app-bar" style= {top: 0px, zIndex: 1014, transform: translateY(0px), position: fixed, height: undefined}  ... > 
  at <VAppBar id="topnav" > 
  at <MenusHeader drawer=false onToggleDrawer=fn > 
  at <ClientOnly > 
  at <VApp theme="light" class="auto-text" > 
  at <VResponsive class="border rounded" > 
  at <Default ref=Ref< Proxy(Object) > > 
  at <AsyncComponentWrapper ref=Ref< Proxy(Object) > > 
  at <LayoutLoader key="default" layoutProps= {ref: RefImpl} name="default" > 
  at <NuxtLayoutProvider layoutProps= {ref: RefImpl} key="default" name="default"  ... > 
  at <NuxtLayout > 
  at <App key=4 > 
  at <NuxtRoot> @ http://localhost:3001/_nuxt/@fs/home/meebuzo/github/alternate-framework/apps/ecosystem/meeovi-frontend/node_modules/@sentry/core/build/esm/instrument/console.js?v=cfee6d51:42
[   19542ms] [WARNING] [Vue warn]: Avoid app logic that relies on enumerating keys on a component instance. The keys will be empty in production mode to avoid performance overhead. 
  at <VNavigationDrawer modelValue=undefined onUpdate:modelValue=fn location="right"  ... > 
  at <MenusTopmenuLayoutNotifications > 
  at <VCol class="notificationsHeader" > 
  at <VDefaultsProvider defaults= {VTabs: Object} > 
  at <VToolbar ref=Ref< Proxy(Object) > class="v-app-bar" style= {top: 0px, zIndex: 1014, transform: translateY(0px), position: fixed, height: undefined}  ... > 
  at <VAppBar id="topnav" > 
  at <MenusHeader drawer=false onToggleDrawer=fn > 
  at <ClientOnly > 
  at <VApp theme="light" class="auto-text" > 
  at <VResponsive class="border rounded" > 
  at <Default ref=Ref< Proxy(Object) > > 
  at <AsyncComponentWrapper ref=Ref< Proxy(Object) > > 
  at <LayoutLoader key="default" layoutProps= {ref: RefImpl} name="default" > 
  at <NuxtLayoutProvider layoutProps= {ref: RefImpl} key="default" name="default"  ... > 
  at <NuxtLayout > 
  at <App key=4 > 
  at <NuxtRoot> @ http://localhost:3001/_nuxt/@fs/home/meebuzo/github/alternate-framework/apps/ecosystem/meeovi-frontend/node_modules/@sentry/core/build/esm/instrument/console.js?v=cfee6d51:42
[   19547ms] [WARNING] [Vue warn]: Avoid app logic that relies on enumerating keys on a component instance. The keys will be empty in production mode to avoid performance overhead. 
  at <VNavigationDrawer modelValue=undefined onUpdate:modelValue=fn location="right"  ... > 
  at <MenusTopmenuLayoutNotifications > 
  at <VCol class="notificationsHeader" > 
  at <VDefaultsProvider defaults= {VTabs: Object} > 
  at <VToolbar ref=Ref< Proxy(Object) > class="v-app-bar" style= {top: 0px, zIndex: 1014, transform: translateY(0px), position: fixed, height: undefined}  ... > 
  at <VAppBar id="topnav" > 
  at <MenusHeader drawer=false onToggleDrawer=fn > 
  at <ClientOnly > 
  at <VApp theme="light" class="auto-text" > 
  at <VResponsive class="border rounded" > 
  at <Default ref=Ref< Proxy(Object) > > 
  at <AsyncComponentWrapper ref=Ref< Proxy(Object) > > 
  at <LayoutLoader key="default" layoutProps= {ref: RefImpl} name="default" > 
  at <NuxtLayoutProvider layoutProps= {ref: RefImpl} key="default" name="default"  ... > 
  at <NuxtLayout > 
  at <App key=4 > 
  at <NuxtRoot> @ http://localhost:3001/_nuxt/@fs/home/meebuzo/github/alternate-framework/apps/ecosystem/meeovi-frontend/node_modules/@sentry/core/build/esm/instrument/console.js?v=cfee6d51:42
[   19551ms] [WARNING] [Vue warn]: Avoid app logic that relies on enumerating keys on a component instance. The keys will be empty in production mode to avoid performance overhead. 
  at <VNavigationDrawer modelValue=undefined onUpdate:modelValue=fn location="right"  ... > 
  at <MenusTopmenuLayoutNotifications > 
  at <VCol class="notificationsHeader" > 
  at <VDefaultsProvider defaults= {VTabs: Object} > 
  at <VToolbar ref=Ref< Proxy(Object) > class="v-app-bar" style= {top: 0px, zIndex: 1014, transform: translateY(0px), position: fixed, height: undefined}  ... > 
  at <VAppBar id="topnav" > 
  at <MenusHeader drawer=false onToggleDrawer=fn > 
  at <ClientOnly > 
  at <VApp theme="light" class="auto-text" > 
  at <VResponsive class="border rounded" > 
  at <Default ref=Ref< Proxy(Object) > > 
  at <AsyncComponentWrapper ref=Ref< Proxy(Object) > > 
  at <LayoutLoader key="default" layoutProps= {ref: RefImpl} name="default" > 
  at <NuxtLayoutProvider layoutProps= {ref: RefImpl} key="default" name="default"  ... > 
  at <NuxtLayout > 
  at <App key=4 > 
  at <NuxtRoot> @ http://localhost:3001/_nuxt/@fs/home/meebuzo/github/alternate-framework/apps/ecosystem/meeovi-frontend/node_modules/@sentry/core/build/esm/instrument/console.js?v=cfee6d51:42
[   19554ms] [WARNING] [Vue warn]: Avoid app logic that relies on enumerating keys on a component instance. The keys will be empty in production mode to avoid performance overhead. 
  at <VNavigationDrawer modelValue=undefined onUpdate:modelValue=fn location="right"  ... > 
  at <MenusTopmenuLayoutNotifications > 
  at <VCol class="notificationsHeader" > 
  at <VDefaultsProvider defaults= {VTabs: Object} > 
  at <VToolbar ref=Ref< Proxy(Object) > class="v-app-bar" style= {top: 0px, zIndex: 1014, transform: translateY(0px), position: fixed, height: undefined}  ... > 
  at <VAppBar id="topnav" > 
  at <MenusHeader drawer=false onToggleDrawer=fn > 
  at <ClientOnly > 
  at <VApp theme="light" class="auto-text" > 
  at <VResponsive class="border rounded" > 
  at <Default ref=Ref< Proxy(Object) > > 
  at <AsyncComponentWrapper ref=Ref< Proxy(Object) > > 
  at <LayoutLoader key="default" layoutProps= {ref: RefImpl} name="default" > 
  at <NuxtLayoutProvider layoutProps= {ref: RefImpl} key="default" name="default"  ... > 
  at <NuxtLayout > 
  at <App key=4 > 
  at <NuxtRoot> @ http://localhost:3001/_nuxt/@fs/home/meebuzo/github/alternate-framework/apps/ecosystem/meeovi-frontend/node_modules/@sentry/core/build/esm/instrument/console.js?v=cfee6d51:42
[   19558ms] [WARNING] [Vue warn]: Avoid app logic that relies on enumerating keys on a component instance. The keys will be empty in production mode to avoid performance overhead. 
  at <VNavigationDrawer modelValue=undefined onUpdate:modelValue=fn location="right"  ... > 
  at <MenusTopmenuLayoutNotifications > 
  at <VCol class="notificationsHeader" > 
  at <VDefaultsProvider defaults= {VTabs: Object} > 
  at <VToolbar ref=Ref< Proxy(Object) > class="v-app-bar" style= {top: 0px, zIndex: 1014, transform: translateY(0px), position: fixed, height: undefined}  ... > 
  at <VAppBar id="topnav" > 
  at <MenusHeader drawer=false onToggleDrawer=fn > 
  at <ClientOnly > 
  at <VApp theme="light" class="auto-text" > 
  at <VResponsive class="border rounded" > 
  at <Default ref=Ref< Proxy(Object) > > 
  at <AsyncComponentWrapper ref=Ref< Proxy(Object) > > 
  at <LayoutLoader key="default" layoutProps= {ref: RefImpl} name="default" > 
  at <NuxtLayoutProvider layoutProps= {ref: RefImpl} key="default" name="default"  ... > 
  at <NuxtLayout > 
  at <App key=4 > 
  at <NuxtRoot> @ http://localhost:3001/_nuxt/@fs/home/meebuzo/github/alternate-framework/apps/ecosystem/meeovi-frontend/node_modules/@sentry/core/build/esm/instrument/console.js?v=cfee6d51:42
[   19561ms] [WARNING] [Vue warn]: Avoid app logic that relies on enumerating keys on a component instance. The keys will be empty in production mode to avoid performance overhead. 
  at <VNavigationDrawer modelValue=undefined onUpdate:modelValue=fn location="right"  ... > 
  at <MenusTopmenuLayoutNotifications > 
  at <VCol class="notificationsHeader" > 
  at <VDefaultsProvider defaults= {VTabs: Object} > 
  at <VToolbar ref=Ref< Proxy(Object) > class="v-app-bar" style= {top: 0px, zIndex: 1014, transform: translateY(0px), position: fixed, height: undefined}  ... > 
  at <VAppBar id="topnav" > 
  at <MenusHeader drawer=false onToggleDrawer=fn > 
  at <ClientOnly > 
  at <VApp theme="light" class="auto-text" > 
  at <VResponsive class="border rounded" > 
  at <Default ref=Ref< Proxy(Object) > > 
  at <AsyncComponentWrapper ref=Ref< Proxy(Object) > > 
  at <LayoutLoader key="default" layoutProps= {ref: RefImpl} name="default" > 
  at <NuxtLayoutProvider layoutProps= {ref: RefImpl} key="default" name="default"  ... > 
  at <NuxtLayout > 
  at <App key=4 > 
  at <NuxtRoot> @ http://localhost:3001/_nuxt/@fs/home/meebuzo/github/alternate-framework/apps/ecosystem/meeovi-frontend/node_modules/@sentry/core/build/esm/instrument/console.js?v=cfee6d51:42
[   19564ms] [WARNING] [Vue warn]: Avoid app logic that relies on enumerating keys on a component instance. The keys will be empty in production mode to avoid performance overhead. 
  at <VNavigationDrawer modelValue=undefined onUpdate:modelValue=fn location="right"  ... > 
  at <MenusTopmenuLayoutNotifications > 
  at <VCol class="notificationsHeader" > 
  at <VDefaultsProvider defaults= {VTabs: Object} > 
  at <VToolbar ref=Ref< Proxy(Object) > class="v-app-bar" style= {top: 0px, zIndex: 1014, transform: translateY(0px), position: fixed, height: undefined}  ... > 
  at <VAppBar id="topnav" > 
  at <MenusHeader drawer=false onToggleDrawer=fn > 
  at <ClientOnly > 
  at <VApp theme="light" class="auto-text" > 
  at <VResponsive class="border rounded" > 
  at <Default ref=Ref< Proxy(Object) > > 
  at <AsyncComponentWrapper ref=Ref< Proxy(Object) > > 
  at <LayoutLoader key="default" layoutProps= {ref: RefImpl} name="default" > 
  at <NuxtLayoutProvider layoutProps= {ref: RefImpl} key="default" name="default"  ... > 
  at <NuxtLayout > 
  at <App key=4 > 
  at <NuxtRoot> @ http://localhost:3001/_nuxt/@fs/home/meebuzo/github/alternate-framework/apps/ecosystem/meeovi-frontend/node_modules/@sentry/core/build/esm/instrument/console.js?v=cfee6d51:42
[   19568ms] [WARNING] [Vue warn]: Avoid app logic that relies on enumerating keys on a component instance. The keys will be empty in production mode to avoid performance overhead. 
  at <VNavigationDrawer modelValue=undefined onUpdate:modelValue=fn location="right"  ... > 
  at <MenusTopmenuLayoutNotifications > 
  at <VCol class="notificationsHeader" > 
  at <VDefaultsProvider defaults= {VTabs: Object} > 
  at <VToolbar ref=Ref< Proxy(Object) > class="v-app-bar" style= {top: 0px, zIndex: 1014, transform: translateY(0px), position: fixed, height: undefined}  ... > 
  at <VAppBar id="topnav" > 
  at <MenusHeader drawer=false onToggleDrawer=fn > 
  at <ClientOnly > 
  at <VApp theme="light" class="auto-text" > 
  at <VResponsive class="border rounded" > 
  at <Default ref=Ref< Proxy(Object) > > 
  at <AsyncComponentWrapper ref=Ref< Proxy(Object) > > 
  at <LayoutLoader key="default" layoutProps= {ref: RefImpl} name="default" > 
  at <NuxtLayoutProvider layoutProps= {ref: RefImpl} key="default" name="default"  ... > 
  at <NuxtLayout > 
  at <App key=4 > 
  at <NuxtRoot> @ http://localhost:3001/_nuxt/@fs/home/meebuzo/github/alternate-framework/apps/ecosystem/meeovi-frontend/node_modules/@sentry/core/build/esm/instrument/console.js?v=cfee6d51:42
[   19573ms] [WARNING] [Vue warn]: Avoid app logic that relies on enumerating keys on a component instance. The keys will be empty in production mode to avoid performance overhead. 
  at <VNavigationDrawer modelValue=undefined onUpdate:modelValue=fn location="right"  ... > 
  at <MenusTopmenuLayoutNotifications > 
  at <VCol class="notificationsHeader" > 
  at <VDefaultsProvider defaults= {VTabs: Object} > 
  at <VToolbar ref=Ref< Proxy(Object) > class="v-app-bar" style= {top: 0px, zIndex: 1014, transform: translateY(0px), position: fixed, height: undefined}  ... > 
  at <VAppBar id="topnav" > 
  at <MenusHeader drawer=false onToggleDrawer=fn > 
  at <ClientOnly > 
  at <VApp theme="light" class="auto-text" > 
  at <VResponsive class="border rounded" > 
  at <Default ref=Ref< Proxy(Object) > > 
  at <AsyncComponentWrapper ref=Ref< Proxy(Object) > > 
  at <LayoutLoader key="default" layoutProps= {ref: RefImpl} name="default" > 
  at <NuxtLayoutProvider layoutProps= {ref: RefImpl} key="default" name="default"  ... > 
  at <NuxtLayout > 
  at <App key=4 > 
  at <NuxtRoot> @ http://localhost:3001/_nuxt/@fs/home/meebuzo/github/alternate-framework/apps/ecosystem/meeovi-frontend/node_modules/@sentry/core/build/esm/instrument/console.js?v=cfee6d51:42
[   19578ms] [WARNING] [Vue warn]: Avoid app logic that relies on enumerating keys on a component instance. The keys will be empty in production mode to avoid performance overhead. 
  at <VNavigationDrawer modelValue=undefined onUpdate:modelValue=fn location="right"  ... > 
  at <MenusTopmenuLayoutNotifications > 
  at <VCol class="notificationsHeader" > 
  at <VDefaultsProvider defaults= {VTabs: Object} > 
  at <VToolbar ref=Ref< Proxy(Object) > class="v-app-bar" style= {top: 0px, zIndex: 1014, transform: translateY(0px), position: fixed, height: undefined}  ... > 
  at <VAppBar id="topnav" > 
  at <MenusHeader drawer=false onToggleDrawer=fn > 
  at <ClientOnly > 
  at <VApp theme="light" class="auto-text" > 
  at <VResponsive class="border rounded" > 
  at <Default ref=Ref< Proxy(Object) > > 
  at <AsyncComponentWrapper ref=Ref< Proxy(Object) > > 
  at <LayoutLoader key="default" layoutProps= {ref: RefImpl} name="default" > 
  at <NuxtLayoutProvider layoutProps= {ref: RefImpl} key="default" name="default"  ... > 
  at <NuxtLayout > 
  at <App key=4 > 
  at <NuxtRoot> @ http://localhost:3001/_nuxt/@fs/home/meebuzo/github/alternate-framework/apps/ecosystem/meeovi-frontend/node_modules/@sentry/core/build/esm/instrument/console.js?v=cfee6d51:42
[   19582ms] [WARNING] [Vue warn]: Avoid app logic that relies on enumerating keys on a component instance. The keys will be empty in production mode to avoid performance overhead. 
  at <VNavigationDrawer modelValue=undefined onUpdate:modelValue=fn location="right"  ... > 
  at <MenusTopmenuLayoutNotifications > 
  at <VCol class="notificationsHeader" > 
  at <VDefaultsProvider defaults= {VTabs: Object} > 
  at <VToolbar ref=Ref< Proxy(Object) > class="v-app-bar" style= {top: 0px, zIndex: 1014, transform: translateY(0px), position: fixed, height: undefined}  ... > 
  at <VAppBar id="topnav" > 
  at <MenusHeader drawer=false onToggleDrawer=fn > 
  at <ClientOnly > 
  at <VApp theme="light" class="auto-text" > 
  at <VResponsive class="border rounded" > 
  at <Default ref=Ref< Proxy(Object) > > 
  at <AsyncComponentWrapper ref=Ref< Proxy(Object) > > 
  at <LayoutLoader key="default" layoutProps= {ref: RefImpl} name="default" > 
  at <NuxtLayoutProvider layoutProps= {ref: RefImpl} key="default" name="default"  ... > 
  at <NuxtLayout > 
  at <App key=4 > 
  at <NuxtRoot> @ http://localhost:3001/_nuxt/@fs/home/meebuzo/github/alternate-framework/apps/ecosystem/meeovi-frontend/node_modules/@sentry/core/build/esm/instrument/console.js?v=cfee6d51:42
[   19586ms] [WARNING] [Vue warn]: Avoid app logic that relies on enumerating keys on a component instance. The keys will be empty in production mode to avoid performance overhead. 
  at <VNavigationDrawer modelValue=undefined onUpdate:modelValue=fn location="right"  ... > 
  at <MenusTopmenuLayoutNotifications > 
  at <VCol class="notificationsHeader" > 
  at <VDefaultsProvider defaults= {VTabs: Object} > 
  at <VToolbar ref=Ref< Proxy(Object) > class="v-app-bar" style= {top: 0px, zIndex: 1014, transform: translateY(0px), position: fixed, height: undefined}  ... > 
  at <VAppBar id="topnav" > 
  at <MenusHeader drawer=false onToggleDrawer=fn > 
  at <ClientOnly > 
  at <VApp theme="light" class="auto-text" > 
  at <VResponsive class="border rounded" > 
  at <Default ref=Ref< Proxy(Object) > > 
  at <AsyncComponentWrapper ref=Ref< Proxy(Object) > > 
  at <LayoutLoader key="default" layoutProps= {ref: RefImpl} name="default" > 
  at <NuxtLayoutProvider layoutProps= {ref: RefImpl} key="default" name="default"  ... > 
  at <NuxtLayout > 
  at <App key=4 > 
  at <NuxtRoot> @ http://localhost:3001/_nuxt/@fs/home/meebuzo/github/alternate-framework/apps/ecosystem/meeovi-frontend/node_modules/@sentry/core/build/esm/instrument/console.js?v=cfee6d51:42
[   19590ms] [WARNING] [Vue warn]: Avoid app logic that relies on enumerating keys on a component instance. The keys will be empty in production mode to avoid performance overhead. 
  at <VNavigationDrawer modelValue=undefined onUpdate:modelValue=fn location="right"  ... > 
  at <MenusTopmenuLayoutNotifications > 
  at <VCol class="notificationsHeader" > 
  at <VDefaultsProvider defaults= {VTabs: Object} > 
  at <VToolbar ref=Ref< Proxy(Object) > class="v-app-bar" style= {top: 0px, zIndex: 1014, transform: translateY(0px), position: fixed, height: undefined}  ... > 
  at <VAppBar id="topnav" > 
  at <MenusHeader drawer=false onToggleDrawer=fn > 
  at <ClientOnly > 
  at <VApp theme="light" class="auto-text" > 
  at <VResponsive class="border rounded" > 
  at <Default ref=Ref< Proxy(Object) > > 
  at <AsyncComponentWrapper ref=Ref< Proxy(Object) > > 
  at <LayoutLoader key="default" layoutProps= {ref: RefImpl} name="default" > 
  at <NuxtLayoutProvider layoutProps= {ref: RefImpl} key="default" name="default"  ... > 
  at <NuxtLayout > 
  at <App key=4 > 
  at <NuxtRoot> @ http://localhost:3001/_nuxt/@fs/home/meebuzo/github/alternate-framework/apps/ecosystem/meeovi-frontend/node_modules/@sentry/core/build/esm/instrument/console.js?v=cfee6d51:42
[   19596ms] [WARNING] [Vue warn]: Avoid app logic that relies on enumerating keys on a component instance. The keys will be empty in production mode to avoid performance overhead. 
  at <VNavigationDrawer modelValue=undefined onUpdate:modelValue=fn location="right"  ... > 
  at <MenusTopmenuLayoutNotifications > 
  at <VCol class="notificationsHeader" > 
  at <VDefaultsProvider defaults= {VTabs: Object} > 
  at <VToolbar ref=Ref< Proxy(Object) > class="v-app-bar" style= {top: 0px, zIndex: 1014, transform: translateY(0px), position: fixed, height: undefined}  ... > 
  at <VAppBar id="topnav" > 
  at <MenusHeader drawer=false onToggleDrawer=fn > 
  at <ClientOnly > 
  at <VApp theme="light" class="auto-text" > 
  at <VResponsive class="border rounded" > 
  at <Default ref=Ref< Proxy(Object) > > 
  at <AsyncComponentWrapper ref=Ref< Proxy(Object) > > 
  at <LayoutLoader key="default" layoutProps= {ref: RefImpl} name="default" > 
  at <NuxtLayoutProvider layoutProps= {ref: RefImpl} key="default" name="default"  ... > 
  at <NuxtLayout > 
  at <App key=4 > 
  at <NuxtRoot> @ http://localhost:3001/_nuxt/@fs/home/meebuzo/github/alternate-framework/apps/ecosystem/meeovi-frontend/node_modules/@sentry/core/build/esm/instrument/console.js?v=cfee6d51:42
[   19602ms] [WARNING] [Vue warn]: Avoid app logic that relies on enumerating keys on a component instance. The keys will be empty in production mode to avoid performance overhead. 
  at <VNavigationDrawer modelValue=undefined onUpdate:modelValue=fn location="right"  ... > 
  at <MenusTopmenuLayoutNotifications > 
  at <VCol class="notificationsHeader" > 
  at <VDefaultsProvider defaults= {VTabs: Object} > 
  at <VToolbar ref=Ref< Proxy(Object) > class="v-app-bar" style= {top: 0px, zIndex: 1014, transform: translateY(0px), position: fixed, height: undefined}  ... > 
  at <VAppBar id="topnav" > 
  at <MenusHeader drawer=false onToggleDrawer=fn > 
  at <ClientOnly > 
  at <VApp theme="light" class="auto-text" > 
  at <VResponsive class="border rounded" > 
  at <Default ref=Ref< Proxy(Object) > > 
  at <AsyncComponentWrapper ref=Ref< Proxy(Object) > > 
  at <LayoutLoader key="default" layoutProps= {ref: RefImpl} name="default" > 
  at <NuxtLayoutProvider layoutProps= {ref: RefImpl} key="default" name="default"  ... > 
  at <NuxtLayout > 
  at <App key=4 > 
  at <NuxtRoot> @ http://localhost:3001/_nuxt/@fs/home/meebuzo/github/alternate-framework/apps/ecosystem/meeovi-frontend/node_modules/@sentry/core/build/esm/instrument/console.js?v=cfee6d51:42
[   19605ms] [WARNING] [Vue warn]: Avoid app logic that relies on enumerating keys on a component instance. The keys will be empty in production mode to avoid performance overhead. 
  at <VNavigationDrawer modelValue=undefined onUpdate:modelValue=fn location="right"  ... > 
  at <MenusTopmenuLayoutNotifications > 
  at <VCol class="notificationsHeader" > 
  at <VDefaultsProvider defaults= {VTabs: Object} > 
  at <VToolbar ref=Ref< Proxy(Object) > class="v-app-bar" style= {top: 0px, zIndex: 1014, transform: translateY(0px), position: fixed, height: undefined}  ... > 
  at <VAppBar id="topnav" > 
  at <MenusHeader drawer=false onToggleDrawer=fn > 
  at <ClientOnly > 
  at <VApp theme="light" class="auto-text" > 
  at <VResponsive class="border rounded" > 
  at <Default ref=Ref< Proxy(Object) > > 
  at <AsyncComponentWrapper ref=Ref< Proxy(Object) > > 
  at <LayoutLoader key="default" layoutProps= {ref: RefImpl} name="default" > 
  at <NuxtLayoutProvider layoutProps= {ref: RefImpl} key="default" name="default"  ... > 
  at <NuxtLayout > 
  at <App key=4 > 
  at <NuxtRoot> @ http://localhost:3001/_nuxt/@fs/home/meebuzo/github/alternate-framework/apps/ecosystem/meeovi-frontend/node_modules/@sentry/core/build/esm/instrument/console.js?v=cfee6d51:42
[   19608ms] [WARNING] [Vue warn]: Avoid app logic that relies on enumerating keys on a component instance. The keys will be empty in production mode to avoid performance overhead. 
  at <VNavigationDrawer modelValue=undefined onUpdate:modelValue=fn location="right"  ... > 
  at <MenusTopmenuLayoutNotifications > 
  at <VCol class="notificationsHeader" > 
  at <VDefaultsProvider defaults= {VTabs: Object} > 
  at <VToolbar ref=Ref< Proxy(Object) > class="v-app-bar" style= {top: 0px, zIndex: 1014, transform: translateY(0px), position: fixed, height: undefined}  ... > 
  at <VAppBar id="topnav" > 
  at <MenusHeader drawer=false onToggleDrawer=fn > 
  at <ClientOnly > 
  at <VApp theme="light" class="auto-text" > 
  at <VResponsive class="border rounded" > 
  at <Default ref=Ref< Proxy(Object) > > 
  at <AsyncComponentWrapper ref=Ref< Proxy(Object) > > 
  at <LayoutLoader key="default" layoutProps= {ref: RefImpl} name="default" > 
  at <NuxtLayoutProvider layoutProps= {ref: RefImpl} key="default" name="default"  ... > 
  at <NuxtLayout > 
  at <App key=4 > 
  at <NuxtRoot> @ http://localhost:3001/_nuxt/@fs/home/meebuzo/github/alternate-framework/apps/ecosystem/meeovi-frontend/node_modules/@sentry/core/build/esm/instrument/console.js?v=cfee6d51:42
[   19611ms] [WARNING] [Vue warn]: Avoid app logic that relies on enumerating keys on a component instance. The keys will be empty in production mode to avoid performance overhead. 
  at <VNavigationDrawer modelValue=undefined onUpdate:modelValue=fn location="right"  ... > 
  at <MenusTopmenuLayoutNotifications > 
  at <VCol class="notificationsHeader" > 
  at <VDefaultsProvider defaults= {VTabs: Object} > 
  at <VToolbar ref=Ref< Proxy(Object) > class="v-app-bar" style= {top: 0px, zIndex: 1014, transform: translateY(0px), position: fixed, height: undefined}  ... > 
  at <VAppBar id="topnav" > 
  at <MenusHeader drawer=false onToggleDrawer=fn > 
  at <ClientOnly > 
  at <VApp theme="light" class="auto-text" > 
  at <VResponsive class="border rounded" > 
  at <Default ref=Ref< Proxy(Object) > > 
  at <AsyncComponentWrapper ref=Ref< Proxy(Object) > > 
  at <LayoutLoader key="default" layoutProps= {ref: RefImpl} name="default" > 
  at <NuxtLayoutProvider layoutProps= {ref: RefImpl} key="default" name="default"  ... > 
  at <NuxtLayout > 
  at <App key=4 > 
  at <NuxtRoot> @ http://localhost:3001/_nuxt/@fs/home/meebuzo/github/alternate-framework/apps/ecosystem/meeovi-frontend/node_modules/@sentry/core/build/esm/instrument/console.js?v=cfee6d51:42
[   19614ms] [WARNING] [Vue warn]: Avoid app logic that relies on enumerating keys on a component instance. The keys will be empty in production mode to avoid performance overhead. 
  at <VNavigationDrawer modelValue=undefined onUpdate:modelValue=fn location="right"  ... > 
  at <MenusTopmenuLayoutNotifications > 
  at <VCol class="notificationsHeader" > 
  at <VDefaultsProvider defaults= {VTabs: Object} > 
  at <VToolbar ref=Ref< Proxy(Object) > class="v-app-bar" style= {top: 0px, zIndex: 1014, transform: translateY(0px), position: fixed, height: undefined}  ... > 
  at <VAppBar id="topnav" > 
  at <MenusHeader drawer=false onToggleDrawer=fn > 
  at <ClientOnly > 
  at <VApp theme="light" class="auto-text" > 
  at <VResponsive class="border rounded" > 
  at <Default ref=Ref< Proxy(Object) > > 
  at <AsyncComponentWrapper ref=Ref< Proxy(Object) > > 
  at <LayoutLoader key="default" layoutProps= {ref: RefImpl} name="default" > 
  at <NuxtLayoutProvider layoutProps= {ref: RefImpl} key="default" name="default"  ... > 
  at <NuxtLayout > 
  at <App key=4 > 
  at <NuxtRoot> @ http://localhost:3001/_nuxt/@fs/home/meebuzo/github/alternate-framework/apps/ecosystem/meeovi-frontend/node_modules/@sentry/core/build/esm/instrument/console.js?v=cfee6d51:42
[   19617ms] [WARNING] [Vue warn]: Avoid app logic that relies on enumerating keys on a component instance. The keys will be empty in production mode to avoid performance overhead. 
  at <VNavigationDrawer modelValue=undefined onUpdate:modelValue=fn location="right"  ... > 
  at <MenusTopmenuLayoutNotifications > 
  at <VCol class="notificationsHeader" > 
  at <VDefaultsProvider defaults= {VTabs: Object} > 
  at <VToolbar ref=Ref< Proxy(Object) > class="v-app-bar" style= {top: 0px, zIndex: 1014, transform: translateY(0px), position: fixed, height: undefined}  ... > 
  at <VAppBar id="topnav" > 
  at <MenusHeader drawer=false onToggleDrawer=fn > 
  at <ClientOnly > 
  at <VApp theme="light" class="auto-text" > 
  at <VResponsive class="border rounded" > 
  at <Default ref=Ref< Proxy(Object) > > 
  at <AsyncComponentWrapper ref=Ref< Proxy(Object) > > 
  at <LayoutLoader key="default" layoutProps= {ref: RefImpl} name="default" > 
  at <NuxtLayoutProvider layoutProps= {ref: RefImpl} key="default" name="default"  ... > 
  at <NuxtLayout > 
  at <App key=4 > 
  at <NuxtRoot> @ http://localhost:3001/_nuxt/@fs/home/meebuzo/github/alternate-framework/apps/ecosystem/meeovi-frontend/node_modules/@sentry/core/build/esm/instrument/console.js?v=cfee6d51:42
[   19620ms] [WARNING] [Vue warn]: Avoid app logic that relies on enumerating keys on a component instance. The keys will be empty in production mode to avoid performance overhead. 
  at <VNavigationDrawer modelValue=undefined onUpdate:modelValue=fn location="right"  ... > 
  at <MenusTopmenuLayoutNotifications > 
  at <VCol class="notificationsHeader" > 
  at <VDefaultsProvider defaults= {VTabs: Object} > 
  at <VToolbar ref=Ref< Proxy(Object) > class="v-app-bar" style= {top: 0px, zIndex: 1014, transform: translateY(0px), position: fixed, height: undefined}  ... > 
  at <VAppBar id="topnav" > 
  at <MenusHeader drawer=false onToggleDrawer=fn > 
  at <ClientOnly > 
  at <VApp theme="light" class="auto-text" > 
  at <VResponsive class="border rounded" > 
  at <Default ref=Ref< Proxy(Object) > > 
  at <AsyncComponentWrapper ref=Ref< Proxy(Object) > > 
  at <LayoutLoader key="default" layoutProps= {ref: RefImpl} name="default" > 
  at <NuxtLayoutProvider layoutProps= {ref: RefImpl} key="default" name="default"  ... > 
  at <NuxtLayout > 
  at <App key=4 > 
  at <NuxtRoot> @ http://localhost:3001/_nuxt/@fs/home/meebuzo/github/alternate-framework/apps/ecosystem/meeovi-frontend/node_modules/@sentry/core/build/esm/instrument/console.js?v=cfee6d51:42
[   19623ms] [WARNING] [Vue warn]: Avoid app logic that relies on enumerating keys on a component instance. The keys will be empty in production mode to avoid performance overhead. 
  at <VNavigationDrawer modelValue=undefined onUpdate:modelValue=fn location="right"  ... > 
  at <MenusTopmenuLayoutNotifications > 
  at <VCol class="notificationsHeader" > 
  at <VDefaultsProvider defaults= {VTabs: Object} > 
  at <VToolbar ref=Ref< Proxy(Object) > class="v-app-bar" style= {top: 0px, zIndex: 1014, transform: translateY(0px), position: fixed, height: undefined}  ... > 
  at <VAppBar id="topnav" > 
  at <MenusHeader drawer=false onToggleDrawer=fn > 
  at <ClientOnly > 
  at <VApp theme="light" class="auto-text" > 
  at <VResponsive class="border rounded" > 
  at <Default ref=Ref< Proxy(Object) > > 
  at <AsyncComponentWrapper ref=Ref< Proxy(Object) > > 
  at <LayoutLoader key="default" layoutProps= {ref: RefImpl} name="default" > 
  at <NuxtLayoutProvider layoutProps= {ref: RefImpl} key="default" name="default"  ... > 
  at <NuxtLayout > 
  at <App key=4 > 
  at <NuxtRoot> @ http://localhost:3001/_nuxt/@fs/home/meebuzo/github/alternate-framework/apps/ecosystem/meeovi-frontend/node_modules/@sentry/core/build/esm/instrument/console.js?v=cfee6d51:42
[   19626ms] [WARNING] [Vue warn]: Avoid app logic that relies on enumerating keys on a component instance. The keys will be empty in production mode to avoid performance overhead. 
  at <VNavigationDrawer modelValue=undefined onUpdate:modelValue=fn location="right"  ... > 
  at <MenusTopmenuLayoutNotifications > 
  at <VCol class="notificationsHeader" > 
  at <VDefaultsProvider defaults= {VTabs: Object} > 
  at <VToolbar ref=Ref< Proxy(Object) > class="v-app-bar" style= {top: 0px, zIndex: 1014, transform: translateY(0px), position: fixed, height: undefined}  ... > 
  at <VAppBar id="topnav" > 
  at <MenusHeader drawer=false onToggleDrawer=fn > 
  at <ClientOnly > 
  at <VApp theme="light" class="auto-text" > 
  at <VResponsive class="border rounded" > 
  at <Default ref=Ref< Proxy(Object) > > 
  at <AsyncComponentWrapper ref=Ref< Proxy(Object) > > 
  at <LayoutLoader key="default" layoutProps= {ref: RefImpl} name="default" > 
  at <NuxtLayoutProvider layoutProps= {ref: RefImpl} key="default" name="default"  ... > 
  at <NuxtLayout > 
  at <App key=4 > 
  at <NuxtRoot> @ http://localhost:3001/_nuxt/@fs/home/meebuzo/github/alternate-framework/apps/ecosystem/meeovi-frontend/node_modules/@sentry/core/build/esm/instrument/console.js?v=cfee6d51:42
[   19629ms] [WARNING] [Vue warn]: Avoid app logic that relies on enumerating keys on a component instance. The keys will be empty in production mode to avoid performance overhead. 
  at <VNavigationDrawer modelValue=undefined onUpdate:modelValue=fn location="right"  ... > 
  at <MenusTopmenuLayoutNotifications > 
  at <VCol class="notificationsHeader" > 
  at <VDefaultsProvider defaults= {VTabs: Object} > 
  at <VToolbar ref=Ref< Proxy(Object) > class="v-app-bar" style= {top: 0px, zIndex: 1014, transform: translateY(0px), position: fixed, height: undefined}  ... > 
  at <VAppBar id="topnav" > 
  at <MenusHeader drawer=false onToggleDrawer=fn > 
  at <ClientOnly > 
  at <VApp theme="light" class="auto-text" > 
  at <VResponsive class="border rounded" > 
  at <Default ref=Ref< Proxy(Object) > > 
  at <AsyncComponentWrapper ref=Ref< Proxy(Object) > > 
  at <LayoutLoader key="default" layoutProps= {ref: RefImpl} name="default" > 
  at <NuxtLayoutProvider layoutProps= {ref: RefImpl} key="default" name="default"  ... > 
  at <NuxtLayout > 
  at <App key=4 > 
  at <NuxtRoot> @ http://localhost:3001/_nuxt/@fs/home/meebuzo/github/alternate-framework/apps/ecosystem/meeovi-frontend/node_modules/@sentry/core/build/esm/instrument/console.js?v=cfee6d51:42
[   19632ms] [WARNING] [Vue warn]: Avoid app logic that relies on enumerating keys on a component instance. The keys will be empty in production mode to avoid performance overhead. 
  at <VNavigationDrawer modelValue=undefined onUpdate:modelValue=fn location="right"  ... > 
  at <MenusTopmenuLayoutNotifications > 
  at <VCol class="notificationsHeader" > 
  at <VDefaultsProvider defaults= {VTabs: Object} > 
  at <VToolbar ref=Ref< Proxy(Object) > class="v-app-bar" style= {top: 0px, zIndex: 1014, transform: translateY(0px), position: fixed, height: undefined}  ... > 
  at <VAppBar id="topnav" > 
  at <MenusHeader drawer=false onToggleDrawer=fn > 
  at <ClientOnly > 
  at <VApp theme="light" class="auto-text" > 
  at <VResponsive class="border rounded" > 
  at <Default ref=Ref< Proxy(Object) > > 
  at <AsyncComponentWrapper ref=Ref< Proxy(Object) > > 
  at <LayoutLoader key="default" layoutProps= {ref: RefImpl} name="default" > 
  at <NuxtLayoutProvider layoutProps= {ref: RefImpl} key="default" name="default"  ... > 
  at <NuxtLayout > 
  at <App key=4 > 
  at <NuxtRoot> @ http://localhost:3001/_nuxt/@fs/home/meebuzo/github/alternate-framework/apps/ecosystem/meeovi-frontend/node_modules/@sentry/core/build/esm/instrument/console.js?v=cfee6d51:42
[   19635ms] [WARNING] [Vue warn]: Avoid app logic that relies on enumerating keys on a component instance. The keys will be empty in production mode to avoid performance overhead. 
  at <VNavigationDrawer modelValue=undefined onUpdate:modelValue=fn location="right"  ... > 
  at <MenusTopmenuLayoutNotifications > 
  at <VCol class="notificationsHeader" > 
  at <VDefaultsProvider defaults= {VTabs: Object} > 
  at <VToolbar ref=Ref< Proxy(Object) > class="v-app-bar" style= {top: 0px, zIndex: 1014, transform: translateY(0px), position: fixed, height: undefined}  ... > 
  at <VAppBar id="topnav" > 
  at <MenusHeader drawer=false onToggleDrawer=fn > 
  at <ClientOnly > 
  at <VApp theme="light" class="auto-text" > 
  at <VResponsive class="border rounded" > 
  at <Default ref=Ref< Proxy(Object) > > 
  at <AsyncComponentWrapper ref=Ref< Proxy(Object) > > 
  at <LayoutLoader key="default" layoutProps= {ref: RefImpl} name="default" > 
  at <NuxtLayoutProvider layoutProps= {ref: RefImpl} key="default" name="default"  ... > 
  at <NuxtLayout > 
  at <App key=4 > 
  at <NuxtRoot> @ http://localhost:3001/_nuxt/@fs/home/meebuzo/github/alternate-framework/apps/ecosystem/meeovi-frontend/node_modules/@sentry/core/build/esm/instrument/console.js?v=cfee6d51:42
[   19638ms] [WARNING] [Vue warn]: Avoid app logic that relies on enumerating keys on a component instance. The keys will be empty in production mode to avoid performance overhead. 
  at <VNavigationDrawer modelValue=undefined onUpdate:modelValue=fn location="right"  ... > 
  at <MenusTopmenuLayoutNotifications > 
  at <VCol class="notificationsHeader" > 
  at <VDefaultsProvider defaults= {VTabs: Object} > 
  at <VToolbar ref=Ref< Proxy(Object) > class="v-app-bar" style= {top: 0px, zIndex: 1014, transform: translateY(0px), position: fixed, height: undefined}  ... > 
  at <VAppBar id="topnav" > 
  at <MenusHeader drawer=false onToggleDrawer=fn > 
  at <ClientOnly > 
  at <VApp theme="light" class="auto-text" > 
  at <VResponsive class="border rounded" > 
  at <Default ref=Ref< Proxy(Object) > > 
  at <AsyncComponentWrapper ref=Ref< Proxy(Object) > > 
  at <LayoutLoader key="default" layoutProps= {ref: RefImpl} name="default" > 
  at <NuxtLayoutProvider layoutProps= {ref: RefImpl} key="default" name="default"  ... > 
  at <NuxtLayout > 
  at <App key=4 > 
  at <NuxtRoot> @ http://localhost:3001/_nuxt/@fs/home/meebuzo/github/alternate-framework/apps/ecosystem/meeovi-frontend/node_modules/@sentry/core/build/esm/instrument/console.js?v=cfee6d51:42
[   19641ms] [WARNING] [Vue warn]: Avoid app logic that relies on enumerating keys on a component instance. The keys will be empty in production mode to avoid performance overhead. 
  at <VNavigationDrawer modelValue=undefined onUpdate:modelValue=fn location="right"  ... > 
  at <MenusTopmenuLayoutNotifications > 
  at <VCol class="notificationsHeader" > 
  at <VDefaultsProvider defaults= {VTabs: Object} > 
  at <VToolbar ref=Ref< Proxy(Object) > class="v-app-bar" style= {top: 0px, zIndex: 1014, transform: translateY(0px), position: fixed, height: undefined}  ... > 
  at <VAppBar id="topnav" > 
  at <MenusHeader drawer=false onToggleDrawer=fn > 
  at <ClientOnly > 
  at <VApp theme="light" class="auto-text" > 
  at <VResponsive class="border rounded" > 
  at <Default ref=Ref< Proxy(Object) > > 
  at <AsyncComponentWrapper ref=Ref< Proxy(Object) > > 
  at <LayoutLoader key="default" layoutProps= {ref: RefImpl} name="default" > 
  at <NuxtLayoutProvider layoutProps= {ref: RefImpl} key="default" name="default"  ... > 
  at <NuxtLayout > 
  at <App key=4 > 
  at <NuxtRoot> @ http://localhost:3001/_nuxt/@fs/home/meebuzo/github/alternate-framework/apps/ecosystem/meeovi-frontend/node_modules/@sentry/core/build/esm/instrument/console.js?v=cfee6d51:42
[   19644ms] [WARNING] [Vue warn]: Avoid app logic that relies on enumerating keys on a component instance. The keys will be empty in production mode to avoid performance overhead. 
  at <VNavigationDrawer modelValue=undefined onUpdate:modelValue=fn location="right"  ... > 
  at <MenusTopmenuLayoutNotifications > 
  at <VCol class="notificationsHeader" > 
  at <VDefaultsProvider defaults= {VTabs: Object} > 
  at <VToolbar ref=Ref< Proxy(Object) > class="v-app-bar" style= {top: 0px, zIndex: 1014, transform: translateY(0px), position: fixed, height: undefined}  ... > 
  at <VAppBar id="topnav" > 
  at <MenusHeader drawer=false onToggleDrawer=fn > 
  at <ClientOnly > 
  at <VApp theme="light" class="auto-text" > 
  at <VResponsive class="border rounded" > 
  at <Default ref=Ref< Proxy(Object) > > 
  at <AsyncComponentWrapper ref=Ref< Proxy(Object) > > 
  at <LayoutLoader key="default" layoutProps= {ref: RefImpl} name="default" > 
  at <NuxtLayoutProvider layoutProps= {ref: RefImpl} key="default" name="default"  ... > 
  at <NuxtLayout > 
  at <App key=4 > 
  at <NuxtRoot> @ http://localhost:3001/_nuxt/@fs/home/meebuzo/github/alternate-framework/apps/ecosystem/meeovi-frontend/node_modules/@sentry/core/build/esm/instrument/console.js?v=cfee6d51:42
[   19659ms] [WARNING] [Vue warn]: Avoid app logic that relies on enumerating keys on a component instance. The keys will be empty in production mode to avoid performance overhead. 
  at <VNavigationDrawer modelValue=undefined onUpdate:modelValue=fn location="right"  ... > 
  at <MenusTopmenuLayoutNotifications > 
  at <VCol class="notificationsHeader" > 
  at <VDefaultsProvider defaults= {VTabs: Object} > 
  at <VToolbar ref=Ref< Proxy(Object) > class="v-app-bar" style= {top: 0px, zIndex: 1014, transform: translateY(0px), position: fixed, height: undefined}  ... > 
  at <VAppBar id="topnav" > 
  at <MenusHeader drawer=false onToggleDrawer=fn > 
  at <ClientOnly > 
  at <VApp theme="light" class="auto-text" > 
  at <VResponsive class="border rounded" > 
  at <Default ref=Ref< Proxy(Object) > > 
  at <AsyncComponentWrapper ref=Ref< Proxy(Object) > > 
  at <LayoutLoader key="default" layoutProps= {ref: RefImpl} name="default" > 
  at <NuxtLayoutProvider layoutProps= {ref: RefImpl} key="default" name="default"  ... > 
  at <NuxtLayout > 
  at <App key=4 > 
  at <NuxtRoot> @ http://localhost:3001/_nuxt/@fs/home/meebuzo/github/alternate-framework/apps/ecosystem/meeovi-frontend/node_modules/@sentry/core/build/esm/instrument/console.js?v=cfee6d51:42
[   19663ms] [WARNING] [Vue warn]: Avoid app logic that relies on enumerating keys on a component instance. The keys will be empty in production mode to avoid performance overhead. 
  at <VNavigationDrawer modelValue=undefined onUpdate:modelValue=fn location="right"  ... > 
  at <MenusTopmenuLayoutNotifications > 
  at <VCol class="notificationsHeader" > 
  at <VDefaultsProvider defaults= {VTabs: Object} > 
  at <VToolbar ref=Ref< Proxy(Object) > class="v-app-bar" style= {top: 0px, zIndex: 1014, transform: translateY(0px), position: fixed, height: undefined}  ... > 
  at <VAppBar id="topnav" > 
  at <MenusHeader drawer=false onToggleDrawer=fn > 
  at <ClientOnly > 
  at <VApp theme="light" class="auto-text" > 
  at <VResponsive class="border rounded" > 
  at <Default ref=Ref< Proxy(Object) > > 
  at <AsyncComponentWrapper ref=Ref< Proxy(Object) > > 
  at <LayoutLoader key="default" layoutProps= {ref: RefImpl} name="default" > 
  at <NuxtLayoutProvider layoutProps= {ref: RefImpl} key="default" name="default"  ... > 
  at <NuxtLayout > 
  at <App key=4 > 
  at <NuxtRoot> @ http://localhost:3001/_nuxt/@fs/home/meebuzo/github/alternate-framework/apps/ecosystem/meeovi-frontend/node_modules/@sentry/core/build/esm/instrument/console.js?v=cfee6d51:42
[   19670ms] [ERROR] Connecting to 'https://o996770.ingest.us.sentry.io/api/5955273/envelope/?sentry_version=7&sentry_key=df1b90fab7c44ce8aef097a63b468d61&sentry_client=sentry.javascript.nuxt%2F10.63.0' violates the following Content Security Policy directive: "connect-src 'self' https://*.mux.com". The action has been blocked. @ http://localhost:3001/_nuxt/@fs/home/meebuzo/github/alternate-framework/apps/ecosystem/meeovi-frontend/node_modules/@sentry/browser/build/npm/esm/dev/transports/fetch.js?v=cfee6d51:31
[   19670ms] [ERROR] Fetch API cannot load https://o996770.ingest.us.sentry.io/api/5955273/envelope/?sentry_version=7&sentry_key=df1b90fab7c44ce8aef097a63b468d61&sentry_client=sentry.javascript.nuxt%2F10.63.0. Refused to connect because it violates the document's Content Security Policy. @ http://localhost:3001/_nuxt/@fs/home/meebuzo/github/alternate-framework/apps/ecosystem/meeovi-frontend/node_modules/@sentry/browser/build/npm/esm/dev/transports/fetch.js?v=cfee6d51:31
[   19671ms] [ERROR] Failed to load resource: the server responded with a status of 404 (Not Found) @ http://localhost:3001/api/auth/fetch-session:0
[   19672ms] [ERROR] Failed to load resource: the server responded with a status of 404 (Not Found) @ http://localhost:3001/api/auth/fetch-session:0
[   19677ms] [WARNING] [Vue warn]: Avoid app logic that relies on enumerating keys on a component instance. The keys will be empty in production mode to avoid performance overhead. 
  at <VNavigationDrawer modelValue=undefined onUpdate:modelValue=fn location="right"  ... > 
  at <MenusTopmenuLayoutNotifications > 
  at <VCol class="notificationsHeader" > 
  at <VDefaultsProvider defaults= {VTabs: Object} > 
  at <VToolbar ref=Ref< Proxy(Object) > class="v-app-bar" style= {top: 0px, zIndex: 1014, transform: translateY(0px), position: fixed, height: undefined}  ... > 
  at <VAppBar id="topnav" > 
  at <MenusHeader drawer=false onToggleDrawer=fn > 
  at <ClientOnly > 
  at <VApp theme="light" class="auto-text" > 
  at <VResponsive class="border rounded" > 
  at <Default ref=Ref< Proxy(Object) > > 
  at <AsyncComponentWrapper ref=Ref< Proxy(Object) > > 
  at <LayoutLoader key="default" layoutProps= {ref: RefImpl} name="default" > 
  at <NuxtLayoutProvider layoutProps= {ref: RefImpl} key="default" name="default"  ... > 
  at <NuxtLayout > 
  at <App key=4 > 
  at <NuxtRoot> @ http://localhost:3001/_nuxt/@fs/home/meebuzo/github/alternate-framework/apps/ecosystem/meeovi-frontend/node_modules/@sentry/core/build/esm/instrument/console.js?v=cfee6d51:42
[   19681ms] [WARNING] [Vue warn]: Avoid app logic that relies on enumerating keys on a component instance. The keys will be empty in production mode to avoid performance overhead. 
  at <VNavigationDrawer modelValue=undefined onUpdate:modelValue=fn location="right"  ... > 
  at <MenusTopmenuLayoutNotifications > 
  at <VCol class="notificationsHeader" > 
  at <VDefaultsProvider defaults= {VTabs: Object} > 
  at <VToolbar ref=Ref< Proxy(Object) > class="v-app-bar" style= {top: 0px, zIndex: 1014, transform: translateY(0px), position: fixed, height: undefined}  ... > 
  at <VAppBar id="topnav" > 
  at <MenusHeader drawer=false onToggleDrawer=fn > 
  at <ClientOnly > 
  at <VApp theme="light" class="auto-text" > 
  at <VResponsive class="border rounded" > 
  at <Default ref=Ref< Proxy(Object) > > 
  at <AsyncComponentWrapper ref=Ref< Proxy(Object) > > 
  at <LayoutLoader key="default" layoutProps= {ref: RefImpl} name="default" > 
  at <NuxtLayoutProvider layoutProps= {ref: RefImpl} key="default" name="default"  ... > 
  at <NuxtLayout > 
  at <App key=4 > 
  at <NuxtRoot> @ http://localhost:3001/_nuxt/@fs/home/meebuzo/github/alternate-framework/apps/ecosystem/meeovi-frontend/node_modules/@sentry/core/build/esm/instrument/console.js?v=cfee6d51:42
[   19687ms] [WARNING] [Vue warn]: Avoid app logic that relies on enumerating keys on a component instance. The keys will be empty in production mode to avoid performance overhead. 
  at <VNavigationDrawer modelValue=undefined onUpdate:modelValue=fn location="right"  ... > 
  at <MenusTopmenuLayoutNotifications > 
  at <VCol class="notificationsHeader" > 
  at <VDefaultsProvider defaults= {VTabs: Object} > 
  at <VToolbar ref=Ref< Proxy(Object) > class="v-app-bar" style= {top: 0px, zIndex: 1014, transform: translateY(0px), position: fixed, height: undefined}  ... > 
  at <VAppBar id="topnav" > 
  at <MenusHeader drawer=false onToggleDrawer=fn > 
  at <ClientOnly > 
  at <VApp theme="light" class="auto-text" > 
  at <VResponsive class="border rounded" > 
  at <Default ref=Ref< Proxy(Object) > > 
  at <AsyncComponentWrapper ref=Ref< Proxy(Object) > > 
  at <LayoutLoader key="default" layoutProps= {ref: RefImpl} name="default" > 
  at <NuxtLayoutProvider layoutProps= {ref: RefImpl} key="default" name="default"  ... > 
  at <NuxtLayout > 
  at <App key=4 > 
  at <NuxtRoot> @ http://localhost:3001/_nuxt/@fs/home/meebuzo/github/alternate-framework/apps/ecosystem/meeovi-frontend/node_modules/@sentry/core/build/esm/instrument/console.js?v=cfee6d51:42
[   19690ms] [WARNING] [Vue warn]: Avoid app logic that relies on enumerating keys on a component instance. The keys will be empty in production mode to avoid performance overhead. 
  at <VNavigationDrawer modelValue=undefined onUpdate:modelValue=fn location="right"  ... > 
  at <MenusTopmenuLayoutNotifications > 
  at <VCol class="notificationsHeader" > 
  at <VDefaultsProvider defaults= {VTabs: Object} > 
  at <VToolbar ref=Ref< Proxy(Object) > class="v-app-bar" style= {top: 0px, zIndex: 1014, transform: translateY(0px), position: fixed, height: undefined}  ... > 
  at <VAppBar id="topnav" > 
  at <MenusHeader drawer=false onToggleDrawer=fn > 
  at <ClientOnly > 
  at <VApp theme="light" class="auto-text" > 
  at <VResponsive class="border rounded" > 
  at <Default ref=Ref< Proxy(Object) > > 
  at <AsyncComponentWrapper ref=Ref< Proxy(Object) > > 
  at <LayoutLoader key="default" layoutProps= {ref: RefImpl} name="default" > 
  at <NuxtLayoutProvider layoutProps= {ref: RefImpl} key="default" name="default"  ... > 
  at <NuxtLayout > 
  at <App key=4 > 
  at <NuxtRoot> @ http://localhost:3001/_nuxt/@fs/home/meebuzo/github/alternate-framework/apps/ecosystem/meeovi-frontend/node_modules/@sentry/core/build/esm/instrument/console.js?v=cfee6d51:42
[   19694ms] [WARNING] [Vue warn]: Avoid app logic that relies on enumerating keys on a component instance. The keys will be empty in production mode to avoid performance overhead. 
  at <VNavigationDrawer modelValue=undefined onUpdate:modelValue=fn location="right"  ... > 
  at <MenusTopmenuLayoutNotifications > 
  at <VCol class="notificationsHeader" > 
  at <VDefaultsProvider defaults= {VTabs: Object} > 
  at <VToolbar ref=Ref< Proxy(Object) > class="v-app-bar" style= {top: 0px, zIndex: 1014, transform: translateY(0px), position: fixed, height: undefined}  ... > 
  at <VAppBar id="topnav" > 
  at <MenusHeader drawer=false onToggleDrawer=fn > 
  at <ClientOnly > 
  at <VApp theme="light" class="auto-text" > 
  at <VResponsive class="border rounded" > 
  at <Default ref=Ref< Proxy(Object) > > 
  at <AsyncComponentWrapper ref=Ref< Proxy(Object) > > 
  at <LayoutLoader key="default" layoutProps= {ref: RefImpl} name="default" > 
  at <NuxtLayoutProvider layoutProps= {ref: RefImpl} key="default" name="default"  ... > 
  at <NuxtLayout > 
  at <App key=4 > 
  at <NuxtRoot> @ http://localhost:3001/_nuxt/@fs/home/meebuzo/github/alternate-framework/apps/ecosystem/meeovi-frontend/node_modules/@sentry/core/build/esm/instrument/console.js?v=cfee6d51:42
[   19698ms] [WARNING] [Vue warn]: Avoid app logic that relies on enumerating keys on a component instance. The keys will be empty in production mode to avoid performance overhead. 
  at <VNavigationDrawer modelValue=undefined onUpdate:modelValue=fn location="right"  ... > 
  at <MenusTopmenuLayoutNotifications > 
  at <VCol class="notificationsHeader" > 
  at <VDefaultsProvider defaults= {VTabs: Object} > 
  at <VToolbar ref=Ref< Proxy(Object) > class="v-app-bar" style= {top: 0px, zIndex: 1014, transform: translateY(0px), position: fixed, height: undefined}  ... > 
  at <VAppBar id="topnav" > 
  at <MenusHeader drawer=false onToggleDrawer=fn > 
  at <ClientOnly > 
  at <VApp theme="light" class="auto-text" > 
  at <VResponsive class="border rounded" > 
  at <Default ref=Ref< Proxy(Object) > > 
  at <AsyncComponentWrapper ref=Ref< Proxy(Object) > > 
  at <LayoutLoader key="default" layoutProps= {ref: RefImpl} name="default" > 
  at <NuxtLayoutProvider layoutProps= {ref: RefImpl} key="default" name="default"  ... > 
  at <NuxtLayout > 
  at <App key=4 > 
  at <NuxtRoot> @ http://localhost:3001/_nuxt/@fs/home/meebuzo/github/alternate-framework/apps/ecosystem/meeovi-frontend/node_modules/@sentry/core/build/esm/instrument/console.js?v=cfee6d51:42
[   19704ms] [WARNING] [Vue warn]: Avoid app logic that relies on enumerating keys on a component instance. The keys will be empty in production mode to avoid performance overhead. 
  at <VNavigationDrawer modelValue=undefined onUpdate:modelValue=fn location="right"  ... > 
  at <MenusTopmenuLayoutNotifications > 
  at <VCol class="notificationsHeader" > 
  at <VDefaultsProvider defaults= {VTabs: Object} > 
  at <VToolbar ref=Ref< Proxy(Object) > class="v-app-bar" style= {top: 0px, zIndex: 1014, transform: translateY(0px), position: fixed, height: undefined}  ... > 
  at <VAppBar id="topnav" > 
  at <MenusHeader drawer=false onToggleDrawer=fn > 
  at <ClientOnly > 
  at <VApp theme="light" class="auto-text" > 
  at <VResponsive class="border rounded" > 
  at <Default ref=Ref< Proxy(Object) > > 
  at <AsyncComponentWrapper ref=Ref< Proxy(Object) > > 
  at <LayoutLoader key="default" layoutProps= {ref: RefImpl} name="default" > 
  at <NuxtLayoutProvider layoutProps= {ref: RefImpl} key="default" name="default"  ... > 
  at <NuxtLayout > 
  at <App key=4 > 
  at <NuxtRoot> @ http://localhost:3001/_nuxt/@fs/home/meebuzo/github/alternate-framework/apps/ecosystem/meeovi-frontend/node_modules/@sentry/core/build/esm/instrument/console.js?v=cfee6d51:42
[   19713ms] [WARNING] [Vue warn]: Avoid app logic that relies on enumerating keys on a component instance. The keys will be empty in production mode to avoid performance overhead. 
  at <VNavigationDrawer modelValue=undefined onUpdate:modelValue=fn location="right"  ... > 
  at <MenusTopmenuLayoutNotifications > 
  at <VCol class="notificationsHeader" > 
  at <VDefaultsProvider defaults= {VTabs: Object} > 
  at <VToolbar ref=Ref< Proxy(Object) > class="v-app-bar" style= {top: 0px, zIndex: 1014, transform: translateY(0px), position: fixed, height: undefined}  ... > 
  at <VAppBar id="topnav" > 
  at <MenusHeader drawer=false onToggleDrawer=fn > 
  at <ClientOnly > 
  at <VApp theme="light" class="auto-text" > 
  at <VResponsive class="border rounded" > 
  at <Default ref=Ref< Proxy(Object) > > 
  at <AsyncComponentWrapper ref=Ref< Proxy(Object) > > 
  at <LayoutLoader key="default" layoutProps= {ref: RefImpl} name="default" > 
  at <NuxtLayoutProvider layoutProps= {ref: RefImpl} key="default" name="default"  ... > 
  at <NuxtLayout > 
  at <App key=4 > 
  at <NuxtRoot> @ http://localhost:3001/_nuxt/@fs/home/meebuzo/github/alternate-framework/apps/ecosystem/meeovi-frontend/node_modules/@sentry/core/build/esm/instrument/console.js?v=cfee6d51:42
[   19717ms] [WARNING] [Vue warn]: Avoid app logic that relies on enumerating keys on a component instance. The keys will be empty in production mode to avoid performance overhead. 
  at <VNavigationDrawer modelValue=undefined onUpdate:modelValue=fn location="right"  ... > 
  at <MenusTopmenuLayoutNotifications > 
  at <VCol class="notificationsHeader" > 
  at <VDefaultsProvider defaults= {VTabs: Object} > 
  at <VToolbar ref=Ref< Proxy(Object) > class="v-app-bar" style= {top: 0px, zIndex: 1014, transform: translateY(0px), position: fixed, height: undefined}  ... > 
  at <VAppBar id="topnav" > 
  at <MenusHeader drawer=false onToggleDrawer=fn > 
  at <ClientOnly > 
  at <VApp theme="light" class="auto-text" > 
  at <VResponsive class="border rounded" > 
  at <Default ref=Ref< Proxy(Object) > > 
  at <AsyncComponentWrapper ref=Ref< Proxy(Object) > > 
  at <LayoutLoader key="default" layoutProps= {ref: RefImpl} name="default" > 
  at <NuxtLayoutProvider layoutProps= {ref: RefImpl} key="default" name="default"  ... > 
  at <NuxtLayout > 
  at <App key=4 > 
  at <NuxtRoot> @ http://localhost:3001/_nuxt/@fs/home/meebuzo/github/alternate-framework/apps/ecosystem/meeovi-frontend/node_modules/@sentry/core/build/esm/instrument/console.js?v=cfee6d51:42
[   19721ms] [WARNING] [Vue warn]: Avoid app logic that relies on enumerating keys on a component instance. The keys will be empty in production mode to avoid performance overhead. 
  at <VNavigationDrawer modelValue=undefined onUpdate:modelValue=fn location="right"  ... > 
  at <MenusTopmenuLayoutNotifications > 
  at <VCol class="notificationsHeader" > 
  at <VDefaultsProvider defaults= {VTabs: Object} > 
  at <VToolbar ref=Ref< Proxy(Object) > class="v-app-bar" style= {top: 0px, zIndex: 1014, transform: translateY(0px), position: fixed, height: undefined}  ... > 
  at <VAppBar id="topnav" > 
  at <MenusHeader drawer=false onToggleDrawer=fn > 
  at <ClientOnly > 
  at <VApp theme="light" class="auto-text" > 
  at <VResponsive class="border rounded" > 
  at <Default ref=Ref< Proxy(Object) > > 
  at <AsyncComponentWrapper ref=Ref< Proxy(Object) > > 
  at <LayoutLoader key="default" layoutProps= {ref: RefImpl} name="default" > 
  at <NuxtLayoutProvider layoutProps= {ref: RefImpl} key="default" name="default"  ... > 
  at <NuxtLayout > 
  at <App key=4 > 
  at <NuxtRoot> @ http://localhost:3001/_nuxt/@fs/home/meebuzo/github/alternate-framework/apps/ecosystem/meeovi-frontend/node_modules/@sentry/core/build/esm/instrument/console.js?v=cfee6d51:42
[   19725ms] [WARNING] [Vue warn]: Avoid app logic that relies on enumerating keys on a component instance. The keys will be empty in production mode to avoid performance overhead. 
  at <VNavigationDrawer modelValue=undefined onUpdate:modelValue=fn location="right"  ... > 
  at <MenusTopmenuLayoutNotifications > 
  at <VCol class="notificationsHeader" > 
  at <VDefaultsProvider defaults= {VTabs: Object} > 
  at <VToolbar ref=Ref< Proxy(Object) > class="v-app-bar" style= {top: 0px, zIndex: 1014, transform: translateY(0px), position: fixed, height: undefined}  ... > 
  at <VAppBar id="topnav" > 
  at <MenusHeader drawer=false onToggleDrawer=fn > 
  at <ClientOnly > 
  at <VApp theme="light" class="auto-text" > 
  at <VResponsive class="border rounded" > 
  at <Default ref=Ref< Proxy(Object) > > 
  at <AsyncComponentWrapper ref=Ref< Proxy(Object) > > 
  at <LayoutLoader key="default" layoutProps= {ref: RefImpl} name="default" > 
  at <NuxtLayoutProvider layoutProps= {ref: RefImpl} key="default" name="default"  ... > 
  at <NuxtLayout > 
  at <App key=4 > 
  at <NuxtRoot> @ http://localhost:3001/_nuxt/@fs/home/meebuzo/github/alternate-framework/apps/ecosystem/meeovi-frontend/node_modules/@sentry/core/build/esm/instrument/console.js?v=cfee6d51:42
[   19728ms] [WARNING] [Vue warn]: Avoid app logic that relies on enumerating keys on a component instance. The keys will be empty in production mode to avoid performance overhead. 
  at <VNavigationDrawer modelValue=undefined onUpdate:modelValue=fn location="right"  ... > 
  at <MenusTopmenuLayoutNotifications > 
  at <VCol class="notificationsHeader" > 
  at <VDefaultsProvider defaults= {VTabs: Object} > 
  at <VToolbar ref=Ref< Proxy(Object) > class="v-app-bar" style= {top: 0px, zIndex: 1014, transform: translateY(0px), position: fixed, height: undefined}  ... > 
  at <VAppBar id="topnav" > 
  at <MenusHeader drawer=false onToggleDrawer=fn > 
  at <ClientOnly > 
  at <VApp theme="light" class="auto-text" > 
  at <VResponsive class="border rounded" > 
  at <Default ref=Ref< Proxy(Object) > > 
  at <AsyncComponentWrapper ref=Ref< Proxy(Object) > > 
  at <LayoutLoader key="default" layoutProps= {ref: RefImpl} name="default" > 
  at <NuxtLayoutProvider layoutProps= {ref: RefImpl} key="default" name="default"  ... > 
  at <NuxtLayout > 
  at <App key=4 > 
  at <NuxtRoot> @ http://localhost:3001/_nuxt/@fs/home/meebuzo/github/alternate-framework/apps/ecosystem/meeovi-frontend/node_modules/@sentry/core/build/esm/instrument/console.js?v=cfee6d51:42
[   19732ms] [WARNING] [Vue warn]: Avoid app logic that relies on enumerating keys on a component instance. The keys will be empty in production mode to avoid performance overhead. 
  at <VNavigationDrawer modelValue=undefined onUpdate:modelValue=fn location="right"  ... > 
  at <MenusTopmenuLayoutNotifications > 
  at <VCol class="notificationsHeader" > 
  at <VDefaultsProvider defaults= {VTabs: Object} > 
  at <VToolbar ref=Ref< Proxy(Object) > class="v-app-bar" style= {top: 0px, zIndex: 1014, transform: translateY(0px), position: fixed, height: undefined}  ... > 
  at <VAppBar id="topnav" > 
  at <MenusHeader drawer=false onToggleDrawer=fn > 
  at <ClientOnly > 
  at <VApp theme="light" class="auto-text" > 
  at <VResponsive class="border rounded" > 
  at <Default ref=Ref< Proxy(Object) > > 
  at <AsyncComponentWrapper ref=Ref< Proxy(Object) > > 
  at <LayoutLoader key="default" layoutProps= {ref: RefImpl} name="default" > 
  at <NuxtLayoutProvider layoutProps= {ref: RefImpl} key="default" name="default"  ... > 
  at <NuxtLayout > 
  at <App key=4 > 
  at <NuxtRoot> @ http://localhost:3001/_nuxt/@fs/home/meebuzo/github/alternate-framework/apps/ecosystem/meeovi-frontend/node_modules/@sentry/core/build/esm/instrument/console.js?v=cfee6d51:42
[   19736ms] [WARNING] [Vue warn]: Avoid app logic that relies on enumerating keys on a component instance. The keys will be empty in production mode to avoid performance overhead. 
  at <VNavigationDrawer modelValue=undefined onUpdate:modelValue=fn location="right"  ... > 
  at <MenusTopmenuLayoutNotifications > 
  at <VCol class="notificationsHeader" > 
  at <VDefaultsProvider defaults= {VTabs: Object} > 
  at <VToolbar ref=Ref< Proxy(Object) > class="v-app-bar" style= {top: 0px, zIndex: 1014, transform: translateY(0px), position: fixed, height: undefined}  ... > 
  at <VAppBar id="topnav" > 
  at <MenusHeader drawer=false onToggleDrawer=fn > 
  at <ClientOnly > 
  at <VApp theme="light" class="auto-text" > 
  at <VResponsive class="border rounded" > 
  at <Default ref=Ref< Proxy(Object) > > 
  at <AsyncComponentWrapper ref=Ref< Proxy(Object) > > 
  at <LayoutLoader key="default" layoutProps= {ref: RefImpl} name="default" > 
  at <NuxtLayoutProvider layoutProps= {ref: RefImpl} key="default" name="default"  ... > 
  at <NuxtLayout > 
  at <App key=4 > 
  at <NuxtRoot> @ http://localhost:3001/_nuxt/@fs/home/meebuzo/github/alternate-framework/apps/ecosystem/meeovi-frontend/node_modules/@sentry/core/build/esm/instrument/console.js?v=cfee6d51:42
[   19741ms] [WARNING] [Vue warn]: Avoid app logic that relies on enumerating keys on a component instance. The keys will be empty in production mode to avoid performance overhead. 
  at <VNavigationDrawer modelValue=undefined onUpdate:modelValue=fn location="right"  ... > 
  at <MenusTopmenuLayoutNotifications > 
  at <VCol class="notificationsHeader" > 
  at <VDefaultsProvider defaults= {VTabs: Object} > 
  at <VToolbar ref=Ref< Proxy(Object) > class="v-app-bar" style= {top: 0px, zIndex: 1014, transform: translateY(0px), position: fixed, height: undefined}  ... > 
  at <VAppBar id="topnav" > 
  at <MenusHeader drawer=false onToggleDrawer=fn > 
  at <ClientOnly > 
  at <VApp theme="light" class="auto-text" > 
  at <VResponsive class="border rounded" > 
  at <Default ref=Ref< Proxy(Object) > > 
  at <AsyncComponentWrapper ref=Ref< Proxy(Object) > > 
  at <LayoutLoader key="default" layoutProps= {ref: RefImpl} name="default" > 
  at <NuxtLayoutProvider layoutProps= {ref: RefImpl} key="default" name="default"  ... > 
  at <NuxtLayout > 
  at <App key=4 > 
  at <NuxtRoot> @ http://localhost:3001/_nuxt/@fs/home/meebuzo/github/alternate-framework/apps/ecosystem/meeovi-frontend/node_modules/@sentry/core/build/esm/instrument/console.js?v=cfee6d51:42
[   19745ms] [WARNING] [Vue warn]: Avoid app logic that relies on enumerating keys on a component instance. The keys will be empty in production mode to avoid performance overhead. 
  at <VNavigationDrawer modelValue=undefined onUpdate:modelValue=fn location="right"  ... > 
  at <MenusTopmenuLayoutNotifications > 
  at <VCol class="notificationsHeader" > 
  at <VDefaultsProvider defaults= {VTabs: Object} > 
  at <VToolbar ref=Ref< Proxy(Object) > class="v-app-bar" style= {top: 0px, zIndex: 1014, transform: translateY(0px), position: fixed, height: undefined}  ... > 
  at <VAppBar id="topnav" > 
  at <MenusHeader drawer=false onToggleDrawer=fn > 
  at <ClientOnly > 
  at <VApp theme="light" class="auto-text" > 
  at <VResponsive class="border rounded" > 
  at <Default ref=Ref< Proxy(Object) > > 
  at <AsyncComponentWrapper ref=Ref< Proxy(Object) > > 
  at <LayoutLoader key="default" layoutProps= {ref: RefImpl} name="default" > 
  at <NuxtLayoutProvider layoutProps= {ref: RefImpl} key="default" name="default"  ... > 
  at <NuxtLayout > 
  at <App key=4 > 
  at <NuxtRoot> @ http://localhost:3001/_nuxt/@fs/home/meebuzo/github/alternate-framework/apps/ecosystem/meeovi-frontend/node_modules/@sentry/core/build/esm/instrument/console.js?v=cfee6d51:42
[   19750ms] [WARNING] [Vue warn]: Avoid app logic that relies on enumerating keys on a component instance. The keys will be empty in production mode to avoid performance overhead. 
  at <VNavigationDrawer modelValue=undefined onUpdate:modelValue=fn location="right"  ... > 
  at <MenusTopmenuLayoutNotifications > 
  at <VCol class="notificationsHeader" > 
  at <VDefaultsProvider defaults= {VTabs: Object} > 
  at <VToolbar ref=Ref< Proxy(Object) > class="v-app-bar" style= {top: 0px, zIndex: 1014, transform: translateY(0px), position: fixed, height: undefined}  ... > 
  at <VAppBar id="topnav" > 
  at <MenusHeader drawer=false onToggleDrawer=fn > 
  at <ClientOnly > 
  at <VApp theme="light" class="auto-text" > 
  at <VResponsive class="border rounded" > 
  at <Default ref=Ref< Proxy(Object) > > 
  at <AsyncComponentWrapper ref=Ref< Proxy(Object) > > 
  at <LayoutLoader key="default" layoutProps= {ref: RefImpl} name="default" > 
  at <NuxtLayoutProvider layoutProps= {ref: RefImpl} key="default" name="default"  ... > 
  at <NuxtLayout > 
  at <App key=4 > 
  at <NuxtRoot> @ http://localhost:3001/_nuxt/@fs/home/meebuzo/github/alternate-framework/apps/ecosystem/meeovi-frontend/node_modules/@sentry/core/build/esm/instrument/console.js?v=cfee6d51:42
[   19755ms] [WARNING] [Vue warn]: Avoid app logic that relies on enumerating keys on a component instance. The keys will be empty in production mode to avoid performance overhead. 
  at <VNavigationDrawer modelValue=undefined onUpdate:modelValue=fn location="right"  ... > 
  at <MenusTopmenuLayoutNotifications > 
  at <VCol class="notificationsHeader" > 
  at <VDefaultsProvider defaults= {VTabs: Object} > 
  at <VToolbar ref=Ref< Proxy(Object) > class="v-app-bar" style= {top: 0px, zIndex: 1014, transform: translateY(0px), position: fixed, height: undefined}  ... > 
  at <VAppBar id="topnav" > 
  at <MenusHeader drawer=false onToggleDrawer=fn > 
  at <ClientOnly > 
  at <VApp theme="light" class="auto-text" > 
  at <VResponsive class="border rounded" > 
  at <Default ref=Ref< Proxy(Object) > > 
  at <AsyncComponentWrapper ref=Ref< Proxy(Object) > > 
  at <LayoutLoader key="default" layoutProps= {ref: RefImpl} name="default" > 
  at <NuxtLayoutProvider layoutProps= {ref: RefImpl} key="default" name="default"  ... > 
  at <NuxtLayout > 
  at <App key=4 > 
  at <NuxtRoot> @ http://localhost:3001/_nuxt/@fs/home/meebuzo/github/alternate-framework/apps/ecosystem/meeovi-frontend/node_modules/@sentry/core/build/esm/instrument/console.js?v=cfee6d51:42
[   19759ms] [WARNING] [Vue warn]: Avoid app logic that relies on enumerating keys on a component instance. The keys will be empty in production mode to avoid performance overhead. 
  at <VNavigationDrawer modelValue=undefined onUpdate:modelValue=fn location="right"  ... > 
  at <MenusTopmenuLayoutNotifications > 
  at <VCol class="notificationsHeader" > 
  at <VDefaultsProvider defaults= {VTabs: Object} > 
  at <VToolbar ref=Ref< Proxy(Object) > class="v-app-bar" style= {top: 0px, zIndex: 1014, transform: translateY(0px), position: fixed, height: undefined}  ... > 
  at <VAppBar id="topnav" > 
  at <MenusHeader drawer=false onToggleDrawer=fn > 
  at <ClientOnly > 
  at <VApp theme="light" class="auto-text" > 
  at <VResponsive class="border rounded" > 
  at <Default ref=Ref< Proxy(Object) > > 
  at <AsyncComponentWrapper ref=Ref< Proxy(Object) > > 
  at <LayoutLoader key="default" layoutProps= {ref: RefImpl} name="default" > 
  at <NuxtLayoutProvider layoutProps= {ref: RefImpl} key="default" name="default"  ... > 
  at <NuxtLayout > 
  at <App key=4 > 
  at <NuxtRoot> @ http://localhost:3001/_nuxt/@fs/home/meebuzo/github/alternate-framework/apps/ecosystem/meeovi-frontend/node_modules/@sentry/core/build/esm/instrument/console.js?v=cfee6d51:42
[   19765ms] [WARNING] [Vue warn]: Avoid app logic that relies on enumerating keys on a component instance. The keys will be empty in production mode to avoid performance overhead. 
  at <VNavigationDrawer modelValue=undefined onUpdate:modelValue=fn location="right"  ... > 
  at <MenusTopmenuLayoutNotifications > 
  at <VCol class="notificationsHeader" > 
  at <VDefaultsProvider defaults= {VTabs: Object} > 
  at <VToolbar ref=Ref< Proxy(Object) > class="v-app-bar" style= {top: 0px, zIndex: 1014, transform: translateY(0px), position: fixed, height: undefined}  ... > 
  at <VAppBar id="topnav" > 
  at <MenusHeader drawer=false onToggleDrawer=fn > 
  at <ClientOnly > 
  at <VApp theme="light" class="auto-text" > 
  at <VResponsive class="border rounded" > 
  at <Default ref=Ref< Proxy(Object) > > 
  at <AsyncComponentWrapper ref=Ref< Proxy(Object) > > 
  at <LayoutLoader key="default" layoutProps= {ref: RefImpl} name="default" > 
  at <NuxtLayoutProvider layoutProps= {ref: RefImpl} key="default" name="default"  ... > 
  at <NuxtLayout > 
  at <App key=4 > 
  at <NuxtRoot> @ http://localhost:3001/_nuxt/@fs/home/meebuzo/github/alternate-framework/apps/ecosystem/meeovi-frontend/node_modules/@sentry/core/build/esm/instrument/console.js?v=cfee6d51:42
[   19769ms] [WARNING] [Vue warn]: Avoid app logic that relies on enumerating keys on a component instance. The keys will be empty in production mode to avoid performance overhead. 
  at <VNavigationDrawer modelValue=undefined onUpdate:modelValue=fn location="right"  ... > 
  at <MenusTopmenuLayoutNotifications > 
  at <VCol class="notificationsHeader" > 
  at <VDefaultsProvider defaults= {VTabs: Object} > 
  at <VToolbar ref=Ref< Proxy(Object) > class="v-app-bar" style= {top: 0px, zIndex: 1014, transform: translateY(0px), position: fixed, height: undefined}  ... > 
  at <VAppBar id="topnav" > 
  at <MenusHeader drawer=false onToggleDrawer=fn > 
  at <ClientOnly > 
  at <VApp theme="light" class="auto-text" > 
  at <VResponsive class="border rounded" > 
  at <Default ref=Ref< Proxy(Object) > > 
  at <AsyncComponentWrapper ref=Ref< Proxy(Object) > > 
  at <LayoutLoader key="default" layoutProps= {ref: RefImpl} name="default" > 
  at <NuxtLayoutProvider layoutProps= {ref: RefImpl} key="default" name="default"  ... > 
  at <NuxtLayout > 
  at <App key=4 > 
  at <NuxtRoot> @ http://localhost:3001/_nuxt/@fs/home/meebuzo/github/alternate-framework/apps/ecosystem/meeovi-frontend/node_modules/@sentry/core/build/esm/instrument/console.js?v=cfee6d51:42
[   19772ms] [WARNING] [Vue warn]: Avoid app logic that relies on enumerating keys on a component instance. The keys will be empty in production mode to avoid performance overhead. 
  at <VNavigationDrawer modelValue=undefined onUpdate:modelValue=fn location="right"  ... > 
  at <MenusTopmenuLayoutNotifications > 
  at <VCol class="notificationsHeader" > 
  at <VDefaultsProvider defaults= {VTabs: Object} > 
  at <VToolbar ref=Ref< Proxy(Object) > class="v-app-bar" style= {top: 0px, zIndex: 1014, transform: translateY(0px), position: fixed, height: undefined}  ... > 
  at <VAppBar id="topnav" > 
  at <MenusHeader drawer=false onToggleDrawer=fn > 
  at <ClientOnly > 
  at <VApp theme="light" class="auto-text" > 
  at <VResponsive class="border rounded" > 
  at <Default ref=Ref< Proxy(Object) > > 
  at <AsyncComponentWrapper ref=Ref< Proxy(Object) > > 
  at <LayoutLoader key="default" layoutProps= {ref: RefImpl} name="default" > 
  at <NuxtLayoutProvider layoutProps= {ref: RefImpl} key="default" name="default"  ... > 
  at <NuxtLayout > 
  at <App key=4 > 
  at <NuxtRoot> @ http://localhost:3001/_nuxt/@fs/home/meebuzo/github/alternate-framework/apps/ecosystem/meeovi-frontend/node_modules/@sentry/core/build/esm/instrument/console.js?v=cfee6d51:42
[   19775ms] [WARNING] [Vue warn]: Avoid app logic that relies on enumerating keys on a component instance. The keys will be empty in production mode to avoid performance overhead. 
  at <VNavigationDrawer modelValue=undefined onUpdate:modelValue=fn location="right"  ... > 
  at <MenusTopmenuLayoutNotifications > 
  at <VCol class="notificationsHeader" > 
  at <VDefaultsProvider defaults= {VTabs: Object} > 
  at <VToolbar ref=Ref< Proxy(Object) > class="v-app-bar" style= {top: 0px, zIndex: 1014, transform: translateY(0px), position: fixed, height: undefined}  ... > 
  at <VAppBar id="topnav" > 
  at <MenusHeader drawer=false onToggleDrawer=fn > 
  at <ClientOnly > 
  at <VApp theme="light" class="auto-text" > 
  at <VResponsive class="border rounded" > 
  at <Default ref=Ref< Proxy(Object) > > 
  at <AsyncComponentWrapper ref=Ref< Proxy(Object) > > 
  at <LayoutLoader key="default" layoutProps= {ref: RefImpl} name="default" > 
  at <NuxtLayoutProvider layoutProps= {ref: RefImpl} key="default" name="default"  ... > 
  at <NuxtLayout > 
  at <App key=4 > 
  at <NuxtRoot> @ http://localhost:3001/_nuxt/@fs/home/meebuzo/github/alternate-framework/apps/ecosystem/meeovi-frontend/node_modules/@sentry/core/build/esm/instrument/console.js?v=cfee6d51:42
[   19778ms] [WARNING] [Vue warn]: Avoid app logic that relies on enumerating keys on a component instance. The keys will be empty in production mode to avoid performance overhead. 
  at <VNavigationDrawer modelValue=undefined onUpdate:modelValue=fn location="right"  ... > 
  at <MenusTopmenuLayoutNotifications > 
  at <VCol class="notificationsHeader" > 
  at <VDefaultsProvider defaults= {VTabs: Object} > 
  at <VToolbar ref=Ref< Proxy(Object) > class="v-app-bar" style= {top: 0px, zIndex: 1014, transform: translateY(0px), position: fixed, height: undefined}  ... > 
  at <VAppBar id="topnav" > 
  at <MenusHeader drawer=false onToggleDrawer=fn > 
  at <ClientOnly > 
  at <VApp theme="light" class="auto-text" > 
  at <VResponsive class="border rounded" > 
  at <Default ref=Ref< Proxy(Object) > > 
  at <AsyncComponentWrapper ref=Ref< Proxy(Object) > > 
  at <LayoutLoader key="default" layoutProps= {ref: RefImpl} name="default" > 
  at <NuxtLayoutProvider layoutProps= {ref: RefImpl} key="default" name="default"  ... > 
  at <NuxtLayout > 
  at <App key=4 > 
  at <NuxtRoot> @ http://localhost:3001/_nuxt/@fs/home/meebuzo/github/alternate-framework/apps/ecosystem/meeovi-frontend/node_modules/@sentry/core/build/esm/instrument/console.js?v=cfee6d51:42
[   19782ms] [WARNING] [Vue warn]: Avoid app logic that relies on enumerating keys on a component instance. The keys will be empty in production mode to avoid performance overhead. 
  at <VNavigationDrawer modelValue=undefined onUpdate:modelValue=fn location="right"  ... > 
  at <MenusTopmenuLayoutNotifications > 
  at <VCol class="notificationsHeader" > 
  at <VDefaultsProvider defaults= {VTabs: Object} > 
  at <VToolbar ref=Ref< Proxy(Object) > class="v-app-bar" style= {top: 0px, zIndex: 1014, transform: translateY(0px), position: fixed, height: undefined}  ... > 
  at <VAppBar id="topnav" > 
  at <MenusHeader drawer=false onToggleDrawer=fn > 
  at <ClientOnly > 
  at <VApp theme="light" class="auto-text" > 
  at <VResponsive class="border rounded" > 
  at <Default ref=Ref< Proxy(Object) > > 
  at <AsyncComponentWrapper ref=Ref< Proxy(Object) > > 
  at <LayoutLoader key="default" layoutProps= {ref: RefImpl} name="default" > 
  at <NuxtLayoutProvider layoutProps= {ref: RefImpl} key="default" name="default"  ... > 
  at <NuxtLayout > 
  at <App key=4 > 
  at <NuxtRoot> @ http://localhost:3001/_nuxt/@fs/home/meebuzo/github/alternate-framework/apps/ecosystem/meeovi-frontend/node_modules/@sentry/core/build/esm/instrument/console.js?v=cfee6d51:42
[   19786ms] [WARNING] [Vue warn]: Avoid app logic that relies on enumerating keys on a component instance. The keys will be empty in production mode to avoid performance overhead. 
  at <VNavigationDrawer modelValue=undefined onUpdate:modelValue=fn location="right"  ... > 
  at <MenusTopmenuLayoutNotifications > 
  at <VCol class="notificationsHeader" > 
  at <VDefaultsProvider defaults= {VTabs: Object} > 
  at <VToolbar ref=Ref< Proxy(Object) > class="v-app-bar" style= {top: 0px, zIndex: 1014, transform: translateY(0px), position: fixed, height: undefined}  ... > 
  at <VAppBar id="topnav" > 
  at <MenusHeader drawer=false onToggleDrawer=fn > 
  at <ClientOnly > 
  at <VApp theme="light" class="auto-text" > 
  at <VResponsive class="border rounded" > 
  at <Default ref=Ref< Proxy(Object) > > 
  at <AsyncComponentWrapper ref=Ref< Proxy(Object) > > 
  at <LayoutLoader key="default" layoutProps= {ref: RefImpl} name="default" > 
  at <NuxtLayoutProvider layoutProps= {ref: RefImpl} key="default" name="default"  ... > 
  at <NuxtLayout > 
  at <App key=4 > 
  at <NuxtRoot> @ http://localhost:3001/_nuxt/@fs/home/meebuzo/github/alternate-framework/apps/ecosystem/meeovi-frontend/node_modules/@sentry/core/build/esm/instrument/console.js?v=cfee6d51:42
[   19791ms] [WARNING] [Vue warn]: Avoid app logic that relies on enumerating keys on a component instance. The keys will be empty in production mode to avoid performance overhead. 
  at <VNavigationDrawer modelValue=undefined onUpdate:modelValue=fn location="right"  ... > 
  at <MenusTopmenuLayoutNotifications > 
  at <VCol class="notificationsHeader" > 
  at <VDefaultsProvider defaults= {VTabs: Object} > 
  at <VToolbar ref=Ref< Proxy(Object) > class="v-app-bar" style= {top: 0px, zIndex: 1014, transform: translateY(0px), position: fixed, height: undefined}  ... > 
  at <VAppBar id="topnav" > 
  at <MenusHeader drawer=false onToggleDrawer=fn > 
  at <ClientOnly > 
  at <VApp theme="light" class="auto-text" > 
  at <VResponsive class="border rounded" > 
  at <Default ref=Ref< Proxy(Object) > > 
  at <AsyncComponentWrapper ref=Ref< Proxy(Object) > > 
  at <LayoutLoader key="default" layoutProps= {ref: RefImpl} name="default" > 
  at <NuxtLayoutProvider layoutProps= {ref: RefImpl} key="default" name="default"  ... > 
  at <NuxtLayout > 
  at <App key=4 > 
  at <NuxtRoot> @ http://localhost:3001/_nuxt/@fs/home/meebuzo/github/alternate-framework/apps/ecosystem/meeovi-frontend/node_modules/@sentry/core/build/esm/instrument/console.js?v=cfee6d51:42
[   19794ms] [WARNING] [Vue warn]: Avoid app logic that relies on enumerating keys on a component instance. The keys will be empty in production mode to avoid performance overhead. 
  at <VNavigationDrawer modelValue=undefined onUpdate:modelValue=fn location="right"  ... > 
  at <MenusTopmenuLayoutNotifications > 
  at <VCol class="notificationsHeader" > 
  at <VDefaultsProvider defaults= {VTabs: Object} > 
  at <VToolbar ref=Ref< Proxy(Object) > class="v-app-bar" style= {top: 0px, zIndex: 1014, transform: translateY(0px), position: fixed, height: undefined}  ... > 
  at <VAppBar id="topnav" > 
  at <MenusHeader drawer=false onToggleDrawer=fn > 
  at <ClientOnly > 
  at <VApp theme="light" class="auto-text" > 
  at <VResponsive class="border rounded" > 
  at <Default ref=Ref< Proxy(Object) > > 
  at <AsyncComponentWrapper ref=Ref< Proxy(Object) > > 
  at <LayoutLoader key="default" layoutProps= {ref: RefImpl} name="default" > 
  at <NuxtLayoutProvider layoutProps= {ref: RefImpl} key="default" name="default"  ... > 
  at <NuxtLayout > 
  at <App key=4 > 
  at <NuxtRoot> @ http://localhost:3001/_nuxt/@fs/home/meebuzo/github/alternate-framework/apps/ecosystem/meeovi-frontend/node_modules/@sentry/core/build/esm/instrument/console.js?v=cfee6d51:42
[   19798ms] [WARNING] [Vue warn]: Avoid app logic that relies on enumerating keys on a component instance. The keys will be empty in production mode to avoid performance overhead. 
  at <VNavigationDrawer modelValue=undefined onUpdate:modelValue=fn location="right"  ... > 
  at <MenusTopmenuLayoutNotifications > 
  at <VCol class="notificationsHeader" > 
  at <VDefaultsProvider defaults= {VTabs: Object} > 
  at <VToolbar ref=Ref< Proxy(Object) > class="v-app-bar" style= {top: 0px, zIndex: 1014, transform: translateY(0px), position: fixed, height: undefined}  ... > 
  at <VAppBar id="topnav" > 
  at <MenusHeader drawer=false onToggleDrawer=fn > 
  at <ClientOnly > 
  at <VApp theme="light" class="auto-text" > 
  at <VResponsive class="border rounded" > 
  at <Default ref=Ref< Proxy(Object) > > 
  at <AsyncComponentWrapper ref=Ref< Proxy(Object) > > 
  at <LayoutLoader key="default" layoutProps= {ref: RefImpl} name="default" > 
  at <NuxtLayoutProvider layoutProps= {ref: RefImpl} key="default" name="default"  ... > 
  at <NuxtLayout > 
  at <App key=4 > 
  at <NuxtRoot> @ http://localhost:3001/_nuxt/@fs/home/meebuzo/github/alternate-framework/apps/ecosystem/meeovi-frontend/node_modules/@sentry/core/build/esm/instrument/console.js?v=cfee6d51:42
[   19801ms] [WARNING] [Vue warn]: Avoid app logic that relies on enumerating keys on a component instance. The keys will be empty in production mode to avoid performance overhead. 
  at <VNavigationDrawer modelValue=undefined onUpdate:modelValue=fn location="right"  ... > 
  at <MenusTopmenuLayoutNotifications > 
  at <VCol class="notificationsHeader" > 
  at <VDefaultsProvider defaults= {VTabs: Object} > 
  at <VToolbar ref=Ref< Proxy(Object) > class="v-app-bar" style= {top: 0px, zIndex: 1014, transform: translateY(0px), position: fixed, height: undefined}  ... > 
  at <VAppBar id="topnav" > 
  at <MenusHeader drawer=false onToggleDrawer=fn > 
  at <ClientOnly > 
  at <VApp theme="light" class="auto-text" > 
  at <VResponsive class="border rounded" > 
  at <Default ref=Ref< Proxy(Object) > > 
  at <AsyncComponentWrapper ref=Ref< Proxy(Object) > > 
  at <LayoutLoader key="default" layoutProps= {ref: RefImpl} name="default" > 
  at <NuxtLayoutProvider layoutProps= {ref: RefImpl} key="default" name="default"  ... > 
  at <NuxtLayout > 
  at <App key=4 > 
  at <NuxtRoot> @ http://localhost:3001/_nuxt/@fs/home/meebuzo/github/alternate-framework/apps/ecosystem/meeovi-frontend/node_modules/@sentry/core/build/esm/instrument/console.js?v=cfee6d51:42
[   19805ms] [WARNING] [Vue warn]: Avoid app logic that relies on enumerating keys on a component instance. The keys will be empty in production mode to avoid performance overhead. 
  at <VNavigationDrawer modelValue=undefined onUpdate:modelValue=fn location="right"  ... > 
  at <MenusTopmenuLayoutNotifications > 
  at <VCol class="notificationsHeader" > 
  at <VDefaultsProvider defaults= {VTabs: Object} > 
  at <VToolbar ref=Ref< Proxy(Object) > class="v-app-bar" style= {top: 0px, zIndex: 1014, transform: translateY(0px), position: fixed, height: undefined}  ... > 
  at <VAppBar id="topnav" > 
  at <MenusHeader drawer=false onToggleDrawer=fn > 
  at <ClientOnly > 
  at <VApp theme="light" class="auto-text" > 
  at <VResponsive class="border rounded" > 
  at <Default ref=Ref< Proxy(Object) > > 
  at <AsyncComponentWrapper ref=Ref< Proxy(Object) > > 
  at <LayoutLoader key="default" layoutProps= {ref: RefImpl} name="default" > 
  at <NuxtLayoutProvider layoutProps= {ref: RefImpl} key="default" name="default"  ... > 
  at <NuxtLayout > 
  at <App key=4 > 
  at <NuxtRoot> @ http://localhost:3001/_nuxt/@fs/home/meebuzo/github/alternate-framework/apps/ecosystem/meeovi-frontend/node_modules/@sentry/core/build/esm/instrument/console.js?v=cfee6d51:42
[   19809ms] [WARNING] [Vue warn]: Avoid app logic that relies on enumerating keys on a component instance. The keys will be empty in production mode to avoid performance overhead. 
  at <VNavigationDrawer modelValue=undefined onUpdate:modelValue=fn location="right"  ... > 
  at <MenusTopmenuLayoutNotifications > 
  at <VCol class="notificationsHeader" > 
  at <VDefaultsProvider defaults= {VTabs: Object} > 
  at <VToolbar ref=Ref< Proxy(Object) > class="v-app-bar" style= {top: 0px, zIndex: 1014, transform: translateY(0px), position: fixed, height: undefined}  ... > 
  at <VAppBar id="topnav" > 
  at <MenusHeader drawer=false onToggleDrawer=fn > 
  at <ClientOnly > 
  at <VApp theme="light" class="auto-text" > 
  at <VResponsive class="border rounded" > 
  at <Default ref=Ref< Proxy(Object) > > 
  at <AsyncComponentWrapper ref=Ref< Proxy(Object) > > 
  at <LayoutLoader key="default" layoutProps= {ref: RefImpl} name="default" > 
  at <NuxtLayoutProvider layoutProps= {ref: RefImpl} key="default" name="default"  ... > 
  at <NuxtLayout > 
  at <App key=4 > 
  at <NuxtRoot> @ http://localhost:3001/_nuxt/@fs/home/meebuzo/github/alternate-framework/apps/ecosystem/meeovi-frontend/node_modules/@sentry/core/build/esm/instrument/console.js?v=cfee6d51:42
[   19812ms] [WARNING] [Vue warn]: Avoid app logic that relies on enumerating keys on a component instance. The keys will be empty in production mode to avoid performance overhead. 
  at <VNavigationDrawer modelValue=undefined onUpdate:modelValue=fn location="right"  ... > 
  at <MenusTopmenuLayoutNotifications > 
  at <VCol class="notificationsHeader" > 
  at <VDefaultsProvider defaults= {VTabs: Object} > 
  at <VToolbar ref=Ref< Proxy(Object) > class="v-app-bar" style= {top: 0px, zIndex: 1014, transform: translateY(0px), position: fixed, height: undefined}  ... > 
  at <VAppBar id="topnav" > 
  at <MenusHeader drawer=false onToggleDrawer=fn > 
  at <ClientOnly > 
  at <VApp theme="light" class="auto-text" > 
  at <VResponsive class="border rounded" > 
  at <Default ref=Ref< Proxy(Object) > > 
  at <AsyncComponentWrapper ref=Ref< Proxy(Object) > > 
  at <LayoutLoader key="default" layoutProps= {ref: RefImpl} name="default" > 
  at <NuxtLayoutProvider layoutProps= {ref: RefImpl} key="default" name="default"  ... > 
  at <NuxtLayout > 
  at <App key=4 > 
  at <NuxtRoot> @ http://localhost:3001/_nuxt/@fs/home/meebuzo/github/alternate-framework/apps/ecosystem/meeovi-frontend/node_modules/@sentry/core/build/esm/instrument/console.js?v=cfee6d51:42
[   19815ms] [WARNING] [Vue warn]: Avoid app logic that relies on enumerating keys on a component instance. The keys will be empty in production mode to avoid performance overhead. 
  at <VNavigationDrawer modelValue=undefined onUpdate:modelValue=fn location="right"  ... > 
  at <MenusTopmenuLayoutNotifications > 
  at <VCol class="notificationsHeader" > 
  at <VDefaultsProvider defaults= {VTabs: Object} > 
  at <VToolbar ref=Ref< Proxy(Object) > class="v-app-bar" style= {top: 0px, zIndex: 1014, transform: translateY(0px), position: fixed, height: undefined}  ... > 
  at <VAppBar id="topnav" > 
  at <MenusHeader drawer=false onToggleDrawer=fn > 
  at <ClientOnly > 
  at <VApp theme="light" class="auto-text" > 
  at <VResponsive class="border rounded" > 
  at <Default ref=Ref< Proxy(Object) > > 
  at <AsyncComponentWrapper ref=Ref< Proxy(Object) > > 
  at <LayoutLoader key="default" layoutProps= {ref: RefImpl} name="default" > 
  at <NuxtLayoutProvider layoutProps= {ref: RefImpl} key="default" name="default"  ... > 
  at <NuxtLayout > 
  at <App key=4 > 
  at <NuxtRoot> @ http://localhost:3001/_nuxt/@fs/home/meebuzo/github/alternate-framework/apps/ecosystem/meeovi-frontend/node_modules/@sentry/core/build/esm/instrument/console.js?v=cfee6d51:42
[   19818ms] [WARNING] [Vue warn]: Avoid app logic that relies on enumerating keys on a component instance. The keys will be empty in production mode to avoid performance overhead. 
  at <VNavigationDrawer modelValue=undefined onUpdate:modelValue=fn location="right"  ... > 
  at <MenusTopmenuLayoutNotifications > 
  at <VCol class="notificationsHeader" > 
  at <VDefaultsProvider defaults= {VTabs: Object} > 
  at <VToolbar ref=Ref< Proxy(Object) > class="v-app-bar" style= {top: 0px, zIndex: 1014, transform: translateY(0px), position: fixed, height: undefined}  ... > 
  at <VAppBar id="topnav" > 
  at <MenusHeader drawer=false onToggleDrawer=fn > 
  at <ClientOnly > 
  at <VApp theme="light" class="auto-text" > 
  at <VResponsive class="border rounded" > 
  at <Default ref=Ref< Proxy(Object) > > 
  at <AsyncComponentWrapper ref=Ref< Proxy(Object) > > 
  at <LayoutLoader key="default" layoutProps= {ref: RefImpl} name="default" > 
  at <NuxtLayoutProvider layoutProps= {ref: RefImpl} key="default" name="default"  ... > 
  at <NuxtLayout > 
  at <App key=4 > 
  at <NuxtRoot> @ http://localhost:3001/_nuxt/@fs/home/meebuzo/github/alternate-framework/apps/ecosystem/meeovi-frontend/node_modules/@sentry/core/build/esm/instrument/console.js?v=cfee6d51:42
[   19821ms] [WARNING] [Vue warn]: Avoid app logic that relies on enumerating keys on a component instance. The keys will be empty in production mode to avoid performance overhead. 
  at <VNavigationDrawer modelValue=undefined onUpdate:modelValue=fn location="right"  ... > 
  at <MenusTopmenuLayoutNotifications > 
  at <VCol class="notificationsHeader" > 
  at <VDefaultsProvider defaults= {VTabs: Object} > 
  at <VToolbar ref=Ref< Proxy(Object) > class="v-app-bar" style= {top: 0px, zIndex: 1014, transform: translateY(0px), position: fixed, height: undefined}  ... > 
  at <VAppBar id="topnav" > 
  at <MenusHeader drawer=false onToggleDrawer=fn > 
  at <ClientOnly > 
  at <VApp theme="light" class="auto-text" > 
  at <VResponsive class="border rounded" > 
  at <Default ref=Ref< Proxy(Object) > > 
  at <AsyncComponentWrapper ref=Ref< Proxy(Object) > > 
  at <LayoutLoader key="default" layoutProps= {ref: RefImpl} name="default" > 
  at <NuxtLayoutProvider layoutProps= {ref: RefImpl} key="default" name="default"  ... > 
  at <NuxtLayout > 
  at <App key=4 > 
  at <NuxtRoot> @ http://localhost:3001/_nuxt/@fs/home/meebuzo/github/alternate-framework/apps/ecosystem/meeovi-frontend/node_modules/@sentry/core/build/esm/instrument/console.js?v=cfee6d51:42
[   19824ms] [WARNING] [Vue warn]: Avoid app logic that relies on enumerating keys on a component instance. The keys will be empty in production mode to avoid performance overhead. 
  at <VNavigationDrawer modelValue=undefined onUpdate:modelValue=fn location="right"  ... > 
  at <MenusTopmenuLayoutNotifications > 
  at <VCol class="notificationsHeader" > 
  at <VDefaultsProvider defaults= {VTabs: Object} > 
  at <VToolbar ref=Ref< Proxy(Object) > class="v-app-bar" style= {top: 0px, zIndex: 1014, transform: translateY(0px), position: fixed, height: undefined}  ... > 
  at <VAppBar id="topnav" > 
  at <MenusHeader drawer=false onToggleDrawer=fn > 
  at <ClientOnly > 
  at <VApp theme="light" class="auto-text" > 
  at <VResponsive class="border rounded" > 
  at <Default ref=Ref< Proxy(Object) > > 
  at <AsyncComponentWrapper ref=Ref< Proxy(Object) > > 
  at <LayoutLoader key="default" layoutProps= {ref: RefImpl} name="default" > 
  at <NuxtLayoutProvider layoutProps= {ref: RefImpl} key="default" name="default"  ... > 
  at <NuxtLayout > 
  at <App key=4 > 
  at <NuxtRoot> @ http://localhost:3001/_nuxt/@fs/home/meebuzo/github/alternate-framework/apps/ecosystem/meeovi-frontend/node_modules/@sentry/core/build/esm/instrument/console.js?v=cfee6d51:42
[   19827ms] [WARNING] [Vue warn]: Avoid app logic that relies on enumerating keys on a component instance. The keys will be empty in production mode to avoid performance overhead. 
  at <VNavigationDrawer modelValue=undefined onUpdate:modelValue=fn location="right"  ... > 
  at <MenusTopmenuLayoutNotifications > 
  at <VCol class="notificationsHeader" > 
  at <VDefaultsProvider defaults= {VTabs: Object} > 
  at <VToolbar ref=Ref< Proxy(Object) > class="v-app-bar" style= {top: 0px, zIndex: 1014, transform: translateY(0px), position: fixed, height: undefined}  ... > 
  at <VAppBar id="topnav" > 
  at <MenusHeader drawer=false onToggleDrawer=fn > 
  at <ClientOnly > 
  at <VApp theme="light" class="auto-text" > 
  at <VResponsive class="border rounded" > 
  at <Default ref=Ref< Proxy(Object) > > 
  at <AsyncComponentWrapper ref=Ref< Proxy(Object) > > 
  at <LayoutLoader key="default" layoutProps= {ref: RefImpl} name="default" > 
  at <NuxtLayoutProvider layoutProps= {ref: RefImpl} key="default" name="default"  ... > 
  at <NuxtLayout > 
  at <App key=4 > 
  at <NuxtRoot> @ http://localhost:3001/_nuxt/@fs/home/meebuzo/github/alternate-framework/apps/ecosystem/meeovi-frontend/node_modules/@sentry/core/build/esm/instrument/console.js?v=cfee6d51:42
[   19831ms] [WARNING] [Vue warn]: Avoid app logic that relies on enumerating keys on a component instance. The keys will be empty in production mode to avoid performance overhead. 
  at <VNavigationDrawer modelValue=undefined onUpdate:modelValue=fn location="right"  ... > 
  at <MenusTopmenuLayoutNotifications > 
  at <VCol class="notificationsHeader" > 
  at <VDefaultsProvider defaults= {VTabs: Object} > 
  at <VToolbar ref=Ref< Proxy(Object) > class="v-app-bar" style= {top: 0px, zIndex: 1014, transform: translateY(0px), position: fixed, height: undefined}  ... > 
  at <VAppBar id="topnav" > 
  at <MenusHeader drawer=false onToggleDrawer=fn > 
  at <ClientOnly > 
  at <VApp theme="light" class="auto-text" > 
  at <VResponsive class="border rounded" > 
  at <Default ref=Ref< Proxy(Object) > > 
  at <AsyncComponentWrapper ref=Ref< Proxy(Object) > > 
  at <LayoutLoader key="default" layoutProps= {ref: RefImpl} name="default" > 
  at <NuxtLayoutProvider layoutProps= {ref: RefImpl} key="default" name="default"  ... > 
  at <NuxtLayout > 
  at <App key=4 > 
  at <NuxtRoot> @ http://localhost:3001/_nuxt/@fs/home/meebuzo/github/alternate-framework/apps/ecosystem/meeovi-frontend/node_modules/@sentry/core/build/esm/instrument/console.js?v=cfee6d51:42
[   19834ms] [WARNING] [Vue warn]: Avoid app logic that relies on enumerating keys on a component instance. The keys will be empty in production mode to avoid performance overhead. 
  at <VNavigationDrawer modelValue=undefined onUpdate:modelValue=fn location="right"  ... > 
  at <MenusTopmenuLayoutNotifications > 
  at <VCol class="notificationsHeader" > 
  at <VDefaultsProvider defaults= {VTabs: Object} > 
  at <VToolbar ref=Ref< Proxy(Object) > class="v-app-bar" style= {top: 0px, zIndex: 1014, transform: translateY(0px), position: fixed, height: undefined}  ... > 
  at <VAppBar id="topnav" > 
  at <MenusHeader drawer=false onToggleDrawer=fn > 
  at <ClientOnly > 
  at <VApp theme="light" class="auto-text" > 
  at <VResponsive class="border rounded" > 
  at <Default ref=Ref< Proxy(Object) > > 
  at <AsyncComponentWrapper ref=Ref< Proxy(Object) > > 
  at <LayoutLoader key="default" layoutProps= {ref: RefImpl} name="default" > 
  at <NuxtLayoutProvider layoutProps= {ref: RefImpl} key="default" name="default"  ... > 
  at <NuxtLayout > 
  at <App key=4 > 
  at <NuxtRoot> @ http://localhost:3001/_nuxt/@fs/home/meebuzo/github/alternate-framework/apps/ecosystem/meeovi-frontend/node_modules/@sentry/core/build/esm/instrument/console.js?v=cfee6d51:42
[   19838ms] [WARNING] [Vue warn]: Avoid app logic that relies on enumerating keys on a component instance. The keys will be empty in production mode to avoid performance overhead. 
  at <VNavigationDrawer modelValue=undefined onUpdate:modelValue=fn location="right"  ... > 
  at <MenusTopmenuLayoutNotifications > 
  at <VCol class="notificationsHeader" > 
  at <VDefaultsProvider defaults= {VTabs: Object} > 
  at <VToolbar ref=Ref< Proxy(Object) > class="v-app-bar" style= {top: 0px, zIndex: 1014, transform: translateY(0px), position: fixed, height: undefined}  ... > 
  at <VAppBar id="topnav" > 
  at <MenusHeader drawer=false onToggleDrawer=fn > 
  at <ClientOnly > 
  at <VApp theme="light" class="auto-text" > 
  at <VResponsive class="border rounded" > 
  at <Default ref=Ref< Proxy(Object) > > 
  at <AsyncComponentWrapper ref=Ref< Proxy(Object) > > 
  at <LayoutLoader key="default" layoutProps= {ref: RefImpl} name="default" > 
  at <NuxtLayoutProvider layoutProps= {ref: RefImpl} key="default" name="default"  ... > 
  at <NuxtLayout > 
  at <App key=4 > 
  at <NuxtRoot> @ http://localhost:3001/_nuxt/@fs/home/meebuzo/github/alternate-framework/apps/ecosystem/meeovi-frontend/node_modules/@sentry/core/build/esm/instrument/console.js?v=cfee6d51:42
[   19841ms] [WARNING] [Vue warn]: Avoid app logic that relies on enumerating keys on a component instance. The keys will be empty in production mode to avoid performance overhead. 
  at <VNavigationDrawer modelValue=undefined onUpdate:modelValue=fn location="right"  ... > 
  at <MenusTopmenuLayoutNotifications > 
  at <VCol class="notificationsHeader" > 
  at <VDefaultsProvider defaults= {VTabs: Object} > 
  at <VToolbar ref=Ref< Proxy(Object) > class="v-app-bar" style= {top: 0px, zIndex: 1014, transform: translateY(0px), position: fixed, height: undefined}  ... > 
  at <VAppBar id="topnav" > 
  at <MenusHeader drawer=false onToggleDrawer=fn > 
  at <ClientOnly > 
  at <VApp theme="light" class="auto-text" > 
  at <VResponsive class="border rounded" > 
  at <Default ref=Ref< Proxy(Object) > > 
  at <AsyncComponentWrapper ref=Ref< Proxy(Object) > > 
  at <LayoutLoader key="default" layoutProps= {ref: RefImpl} name="default" > 
  at <NuxtLayoutProvider layoutProps= {ref: RefImpl} key="default" name="default"  ... > 
  at <NuxtLayout > 
  at <App key=4 > 
  at <NuxtRoot> @ http://localhost:3001/_nuxt/@fs/home/meebuzo/github/alternate-framework/apps/ecosystem/meeovi-frontend/node_modules/@sentry/core/build/esm/instrument/console.js?v=cfee6d51:42
[   19844ms] [WARNING] [Vue warn]: Avoid app logic that relies on enumerating keys on a component instance. The keys will be empty in production mode to avoid performance overhead. 
  at <VNavigationDrawer modelValue=undefined onUpdate:modelValue=fn location="right"  ... > 
  at <MenusTopmenuLayoutNotifications > 
  at <VCol class="notificationsHeader" > 
  at <VDefaultsProvider defaults= {VTabs: Object} > 
  at <VToolbar ref=Ref< Proxy(Object) > class="v-app-bar" style= {top: 0px, zIndex: 1014, transform: translateY(0px), position: fixed, height: undefined}  ... > 
  at <VAppBar id="topnav" > 
  at <MenusHeader drawer=false onToggleDrawer=fn > 
  at <ClientOnly > 
  at <VApp theme="light" class="auto-text" > 
  at <VResponsive class="border rounded" > 
  at <Default ref=Ref< Proxy(Object) > > 
  at <AsyncComponentWrapper ref=Ref< Proxy(Object) > > 
  at <LayoutLoader key="default" layoutProps= {ref: RefImpl} name="default" > 
  at <NuxtLayoutProvider layoutProps= {ref: RefImpl} key="default" name="default"  ... > 
  at <NuxtLayout > 
  at <App key=4 > 
  at <NuxtRoot> @ http://localhost:3001/_nuxt/@fs/home/meebuzo/github/alternate-framework/apps/ecosystem/meeovi-frontend/node_modules/@sentry/core/build/esm/instrument/console.js?v=cfee6d51:42
[   19847ms] [WARNING] [Vue warn]: Avoid app logic that relies on enumerating keys on a component instance. The keys will be empty in production mode to avoid performance overhead. 
  at <VNavigationDrawer modelValue=undefined onUpdate:modelValue=fn location="right"  ... > 
  at <MenusTopmenuLayoutNotifications > 
  at <VCol class="notificationsHeader" > 
  at <VDefaultsProvider defaults= {VTabs: Object} > 
  at <VToolbar ref=Ref< Proxy(Object) > class="v-app-bar" style= {top: 0px, zIndex: 1014, transform: translateY(0px), position: fixed, height: undefined}  ... > 
  at <VAppBar id="topnav" > 
  at <MenusHeader drawer=false onToggleDrawer=fn > 
  at <ClientOnly > 
  at <VApp theme="light" class="auto-text" > 
  at <VResponsive class="border rounded" > 
  at <Default ref=Ref< Proxy(Object) > > 
  at <AsyncComponentWrapper ref=Ref< Proxy(Object) > > 
  at <LayoutLoader key="default" layoutProps= {ref: RefImpl} name="default" > 
  at <NuxtLayoutProvider layoutProps= {ref: RefImpl} key="default" name="default"  ... > 
  at <NuxtLayout > 
  at <App key=4 > 
  at <NuxtRoot> @ http://localhost:3001/_nuxt/@fs/home/meebuzo/github/alternate-framework/apps/ecosystem/meeovi-frontend/node_modules/@sentry/core/build/esm/instrument/console.js?v=cfee6d51:42
[   19850ms] [WARNING] [Vue warn]: Avoid app logic that relies on enumerating keys on a component instance. The keys will be empty in production mode to avoid performance overhead. 
  at <VNavigationDrawer modelValue=undefined onUpdate:modelValue=fn location="right"  ... > 
  at <MenusTopmenuLayoutNotifications > 
  at <VCol class="notificationsHeader" > 
  at <VDefaultsProvider defaults= {VTabs: Object} > 
  at <VToolbar ref=Ref< Proxy(Object) > class="v-app-bar" style= {top: 0px, zIndex: 1014, transform: translateY(0px), position: fixed, height: undefined}  ... > 
  at <VAppBar id="topnav" > 
  at <MenusHeader drawer=false onToggleDrawer=fn > 
  at <ClientOnly > 
  at <VApp theme="light" class="auto-text" > 
  at <VResponsive class="border rounded" > 
  at <Default ref=Ref< Proxy(Object) > > 
  at <AsyncComponentWrapper ref=Ref< Proxy(Object) > > 
  at <LayoutLoader key="default" layoutProps= {ref: RefImpl} name="default" > 
  at <NuxtLayoutProvider layoutProps= {ref: RefImpl} key="default" name="default"  ... > 
  at <NuxtLayout > 
  at <App key=4 > 
  at <NuxtRoot> @ http://localhost:3001/_nuxt/@fs/home/meebuzo/github/alternate-framework/apps/ecosystem/meeovi-frontend/node_modules/@sentry/core/build/esm/instrument/console.js?v=cfee6d51:42
[   19853ms] [WARNING] [Vue warn]: Avoid app logic that relies on enumerating keys on a component instance. The keys will be empty in production mode to avoid performance overhead. 
  at <VNavigationDrawer modelValue=undefined onUpdate:modelValue=fn location="right"  ... > 
  at <MenusTopmenuLayoutNotifications > 
  at <VCol class="notificationsHeader" > 
  at <VDefaultsProvider defaults= {VTabs: Object} > 
  at <VToolbar ref=Ref< Proxy(Object) > class="v-app-bar" style= {top: 0px, zIndex: 1014, transform: translateY(0px), position: fixed, height: undefined}  ... > 
  at <VAppBar id="topnav" > 
  at <MenusHeader drawer=false onToggleDrawer=fn > 
  at <ClientOnly > 
  at <VApp theme="light" class="auto-text" > 
  at <VResponsive class="border rounded" > 
  at <Default ref=Ref< Proxy(Object) > > 
  at <AsyncComponentWrapper ref=Ref< Proxy(Object) > > 
  at <LayoutLoader key="default" layoutProps= {ref: RefImpl} name="default" > 
  at <NuxtLayoutProvider layoutProps= {ref: RefImpl} key="default" name="default"  ... > 
  at <NuxtLayout > 
  at <App key=4 > 
  at <NuxtRoot> @ http://localhost:3001/_nuxt/@fs/home/meebuzo/github/alternate-framework/apps/ecosystem/meeovi-frontend/node_modules/@sentry/core/build/esm/instrument/console.js?v=cfee6d51:42
[   19856ms] [WARNING] [Vue warn]: Avoid app logic that relies on enumerating keys on a component instance. The keys will be empty in production mode to avoid performance overhead. 
  at <VNavigationDrawer modelValue=undefined onUpdate:modelValue=fn location="right"  ... > 
  at <MenusTopmenuLayoutNotifications > 
  at <VCol class="notificationsHeader" > 
  at <VDefaultsProvider defaults= {VTabs: Object} > 
  at <VToolbar ref=Ref< Proxy(Object) > class="v-app-bar" style= {top: 0px, zIndex: 1014, transform: translateY(0px), position: fixed, height: undefined}  ... > 
  at <VAppBar id="topnav" > 
  at <MenusHeader drawer=false onToggleDrawer=fn > 
  at <ClientOnly > 
  at <VApp theme="light" class="auto-text" > 
  at <VResponsive class="border rounded" > 
  at <Default ref=Ref< Proxy(Object) > > 
  at <AsyncComponentWrapper ref=Ref< Proxy(Object) > > 
  at <LayoutLoader key="default" layoutProps= {ref: RefImpl} name="default" > 
  at <NuxtLayoutProvider layoutProps= {ref: RefImpl} key="default" name="default"  ... > 
  at <NuxtLayout > 
  at <App key=4 > 
  at <NuxtRoot> @ http://localhost:3001/_nuxt/@fs/home/meebuzo/github/alternate-framework/apps/ecosystem/meeovi-frontend/node_modules/@sentry/core/build/esm/instrument/console.js?v=cfee6d51:42
[   19859ms] [WARNING] [Vue warn]: Avoid app logic that relies on enumerating keys on a component instance. The keys will be empty in production mode to avoid performance overhead. 
  at <VNavigationDrawer modelValue=undefined onUpdate:modelValue=fn location="right"  ... > 
  at <MenusTopmenuLayoutNotifications > 
  at <VCol class="notificationsHeader" > 
  at <VDefaultsProvider defaults= {VTabs: Object} > 
  at <VToolbar ref=Ref< Proxy(Object) > class="v-app-bar" style= {top: 0px, zIndex: 1014, transform: translateY(0px), position: fixed, height: undefined}  ... > 
  at <VAppBar id="topnav" > 
  at <MenusHeader drawer=false onToggleDrawer=fn > 
  at <ClientOnly > 
  at <VApp theme="light" class="auto-text" > 
  at <VResponsive class="border rounded" > 
  at <Default ref=Ref< Proxy(Object) > > 
  at <AsyncComponentWrapper ref=Ref< Proxy(Object) > > 
  at <LayoutLoader key="default" layoutProps= {ref: RefImpl} name="default" > 
  at <NuxtLayoutProvider layoutProps= {ref: RefImpl} key="default" name="default"  ... > 
  at <NuxtLayout > 
  at <App key=4 > 
  at <NuxtRoot> @ http://localhost:3001/_nuxt/@fs/home/meebuzo/github/alternate-framework/apps/ecosystem/meeovi-frontend/node_modules/@sentry/core/build/esm/instrument/console.js?v=cfee6d51:42
[   19862ms] [WARNING] [Vue warn]: Avoid app logic that relies on enumerating keys on a component instance. The keys will be empty in production mode to avoid performance overhead. 
  at <VNavigationDrawer modelValue=undefined onUpdate:modelValue=fn location="right"  ... > 
  at <MenusTopmenuLayoutNotifications > 
  at <VCol class="notificationsHeader" > 
  at <VDefaultsProvider defaults= {VTabs: Object} > 
  at <VToolbar ref=Ref< Proxy(Object) > class="v-app-bar" style= {top: 0px, zIndex: 1014, transform: translateY(0px), position: fixed, height: undefined}  ... > 
  at <VAppBar id="topnav" > 
  at <MenusHeader drawer=false onToggleDrawer=fn > 
  at <ClientOnly > 
  at <VApp theme="light" class="auto-text" > 
  at <VResponsive class="border rounded" > 
  at <Default ref=Ref< Proxy(Object) > > 
  at <AsyncComponentWrapper ref=Ref< Proxy(Object) > > 
  at <LayoutLoader key="default" layoutProps= {ref: RefImpl} name="default" > 
  at <NuxtLayoutProvider layoutProps= {ref: RefImpl} key="default" name="default"  ... > 
  at <NuxtLayout > 
  at <App key=4 > 
  at <NuxtRoot> @ http://localhost:3001/_nuxt/@fs/home/meebuzo/github/alternate-framework/apps/ecosystem/meeovi-frontend/node_modules/@sentry/core/build/esm/instrument/console.js?v=cfee6d51:42
[   19865ms] [WARNING] [Vue warn]: Avoid app logic that relies on enumerating keys on a component instance. The keys will be empty in production mode to avoid performance overhead. 
  at <VNavigationDrawer modelValue=undefined onUpdate:modelValue=fn location="right"  ... > 
  at <MenusTopmenuLayoutNotifications > 
  at <VCol class="notificationsHeader" > 
  at <VDefaultsProvider defaults= {VTabs: Object} > 
  at <VToolbar ref=Ref< Proxy(Object) > class="v-app-bar" style= {top: 0px, zIndex: 1014, transform: translateY(0px), position: fixed, height: undefined}  ... > 
  at <VAppBar id="topnav" > 
  at <MenusHeader drawer=false onToggleDrawer=fn > 
  at <ClientOnly > 
  at <VApp theme="light" class="auto-text" > 
  at <VResponsive class="border rounded" > 
  at <Default ref=Ref< Proxy(Object) > > 
  at <AsyncComponentWrapper ref=Ref< Proxy(Object) > > 
  at <LayoutLoader key="default" layoutProps= {ref: RefImpl} name="default" > 
  at <NuxtLayoutProvider layoutProps= {ref: RefImpl} key="default" name="default"  ... > 
  at <NuxtLayout > 
  at <App key=4 > 
  at <NuxtRoot> @ http://localhost:3001/_nuxt/@fs/home/meebuzo/github/alternate-framework/apps/ecosystem/meeovi-frontend/node_modules/@sentry/core/build/esm/instrument/console.js?v=cfee6d51:42
[   19869ms] [WARNING] [Vue warn]: Avoid app logic that relies on enumerating keys on a component instance. The keys will be empty in production mode to avoid performance overhead. 
  at <VNavigationDrawer modelValue=undefined onUpdate:modelValue=fn location="right"  ... > 
  at <MenusTopmenuLayoutNotifications > 
  at <VCol class="notificationsHeader" > 
  at <VDefaultsProvider defaults= {VTabs: Object} > 
  at <VToolbar ref=Ref< Proxy(Object) > class="v-app-bar" style= {top: 0px, zIndex: 1014, transform: translateY(0px), position: fixed, height: undefined}  ... > 
  at <VAppBar id="topnav" > 
  at <MenusHeader drawer=false onToggleDrawer=fn > 
  at <ClientOnly > 
  at <VApp theme="light" class="auto-text" > 
  at <VResponsive class="border rounded" > 
  at <Default ref=Ref< Proxy(Object) > > 
  at <AsyncComponentWrapper ref=Ref< Proxy(Object) > > 
  at <LayoutLoader key="default" layoutProps= {ref: RefImpl} name="default" > 
  at <NuxtLayoutProvider layoutProps= {ref: RefImpl} key="default" name="default"  ... > 
  at <NuxtLayout > 
  at <App key=4 > 
  at <NuxtRoot> @ http://localhost:3001/_nuxt/@fs/home/meebuzo/github/alternate-framework/apps/ecosystem/meeovi-frontend/node_modules/@sentry/core/build/esm/instrument/console.js?v=cfee6d51:42
[   19873ms] [WARNING] [Vue warn]: Avoid app logic that relies on enumerating keys on a component instance. The keys will be empty in production mode to avoid performance overhead. 
  at <VNavigationDrawer modelValue=undefined onUpdate:modelValue=fn location="right"  ... > 
  at <MenusTopmenuLayoutNotifications > 
  at <VCol class="notificationsHeader" > 
  at <VDefaultsProvider defaults= {VTabs: Object} > 
  at <VToolbar ref=Ref< Proxy(Object) > class="v-app-bar" style= {top: 0px, zIndex: 1014, transform: translateY(0px), position: fixed, height: undefined}  ... > 
  at <VAppBar id="topnav" > 
  at <MenusHeader drawer=false onToggleDrawer=fn > 
  at <ClientOnly > 
  at <VApp theme="light" class="auto-text" > 
  at <VResponsive class="border rounded" > 
  at <Default ref=Ref< Proxy(Object) > > 
  at <AsyncComponentWrapper ref=Ref< Proxy(Object) > > 
  at <LayoutLoader key="default" layoutProps= {ref: RefImpl} name="default" > 
  at <NuxtLayoutProvider layoutProps= {ref: RefImpl} key="default" name="default"  ... > 
  at <NuxtLayout > 
  at <App key=4 > 
  at <NuxtRoot> @ http://localhost:3001/_nuxt/@fs/home/meebuzo/github/alternate-framework/apps/ecosystem/meeovi-frontend/node_modules/@sentry/core/build/esm/instrument/console.js?v=cfee6d51:42
[   19877ms] [WARNING] [Vue warn]: Avoid app logic that relies on enumerating keys on a component instance. The keys will be empty in production mode to avoid performance overhead. 
  at <VNavigationDrawer modelValue=undefined onUpdate:modelValue=fn location="right"  ... > 
  at <MenusTopmenuLayoutNotifications > 
  at <VCol class="notificationsHeader" > 
  at <VDefaultsProvider defaults= {VTabs: Object} > 
  at <VToolbar ref=Ref< Proxy(Object) > class="v-app-bar" style= {top: 0px, zIndex: 1014, transform: translateY(0px), position: fixed, height: undefined}  ... > 
  at <VAppBar id="topnav" > 
  at <MenusHeader drawer=false onToggleDrawer=fn > 
  at <ClientOnly > 
  at <VApp theme="light" class="auto-text" > 
  at <VResponsive class="border rounded" > 
  at <Default ref=Ref< Proxy(Object) > > 
  at <AsyncComponentWrapper ref=Ref< Proxy(Object) > > 
  at <LayoutLoader key="default" layoutProps= {ref: RefImpl} name="default" > 
  at <NuxtLayoutProvider layoutProps= {ref: RefImpl} key="default" name="default"  ... > 
  at <NuxtLayout > 
  at <App key=4 > 
  at <NuxtRoot> @ http://localhost:3001/_nuxt/@fs/home/meebuzo/github/alternate-framework/apps/ecosystem/meeovi-frontend/node_modules/@sentry/core/build/esm/instrument/console.js?v=cfee6d51:42
[   19881ms] [WARNING] [Vue warn]: Avoid app logic that relies on enumerating keys on a component instance. The keys will be empty in production mode to avoid performance overhead. 
  at <VNavigationDrawer modelValue=undefined onUpdate:modelValue=fn location="right"  ... > 
  at <MenusTopmenuLayoutNotifications > 
  at <VCol class="notificationsHeader" > 
  at <VDefaultsProvider defaults= {VTabs: Object} > 
  at <VToolbar ref=Ref< Proxy(Object) > class="v-app-bar" style= {top: 0px, zIndex: 1014, transform: translateY(0px), position: fixed, height: undefined}  ... > 
  at <VAppBar id="topnav" > 
  at <MenusHeader drawer=false onToggleDrawer=fn > 
  at <ClientOnly > 
  at <VApp theme="light" class="auto-text" > 
  at <VResponsive class="border rounded" > 
  at <Default ref=Ref< Proxy(Object) > > 
  at <AsyncComponentWrapper ref=Ref< Proxy(Object) > > 
  at <LayoutLoader key="default" layoutProps= {ref: RefImpl} name="default" > 
  at <NuxtLayoutProvider layoutProps= {ref: RefImpl} key="default" name="default"  ... > 
  at <NuxtLayout > 
  at <App key=4 > 
  at <NuxtRoot> @ http://localhost:3001/_nuxt/@fs/home/meebuzo/github/alternate-framework/apps/ecosystem/meeovi-frontend/node_modules/@sentry/core/build/esm/instrument/console.js?v=cfee6d51:42
[   19885ms] [WARNING] [Vue warn]: Avoid app logic that relies on enumerating keys on a component instance. The keys will be empty in production mode to avoid performance overhead. 
  at <VNavigationDrawer modelValue=undefined onUpdate:modelValue=fn location="right"  ... > 
  at <MenusTopmenuLayoutNotifications > 
  at <VCol class="notificationsHeader" > 
  at <VDefaultsProvider defaults= {VTabs: Object} > 
  at <VToolbar ref=Ref< Proxy(Object) > class="v-app-bar" style= {top: 0px, zIndex: 1014, transform: translateY(0px), position: fixed, height: undefined}  ... > 
  at <VAppBar id="topnav" > 
  at <MenusHeader drawer=false onToggleDrawer=fn > 
  at <ClientOnly > 
  at <VApp theme="light" class="auto-text" > 
  at <VResponsive class="border rounded" > 
  at <Default ref=Ref< Proxy(Object) > > 
  at <AsyncComponentWrapper ref=Ref< Proxy(Object) > > 
  at <LayoutLoader key="default" layoutProps= {ref: RefImpl} name="default" > 
  at <NuxtLayoutProvider layoutProps= {ref: RefImpl} key="default" name="default"  ... > 
  at <NuxtLayout > 
  at <App key=4 > 
  at <NuxtRoot> @ http://localhost:3001/_nuxt/@fs/home/meebuzo/github/alternate-framework/apps/ecosystem/meeovi-frontend/node_modules/@sentry/core/build/esm/instrument/console.js?v=cfee6d51:42
[   19888ms] [WARNING] [Vue warn]: Avoid app logic that relies on enumerating keys on a component instance. The keys will be empty in production mode to avoid performance overhead. 
  at <VNavigationDrawer modelValue=undefined onUpdate:modelValue=fn location="right"  ... > 
  at <MenusTopmenuLayoutNotifications > 
  at <VCol class="notificationsHeader" > 
  at <VDefaultsProvider defaults= {VTabs: Object} > 
  at <VToolbar ref=Ref< Proxy(Object) > class="v-app-bar" style= {top: 0px, zIndex: 1014, transform: translateY(0px), position: fixed, height: undefined}  ... > 
  at <VAppBar id="topnav" > 
  at <MenusHeader drawer=false onToggleDrawer=fn > 
  at <ClientOnly > 
  at <VApp theme="light" class="auto-text" > 
  at <VResponsive class="border rounded" > 
  at <Default ref=Ref< Proxy(Object) > > 
  at <AsyncComponentWrapper ref=Ref< Proxy(Object) > > 
  at <LayoutLoader key="default" layoutProps= {ref: RefImpl} name="default" > 
  at <NuxtLayoutProvider layoutProps= {ref: RefImpl} key="default" name="default"  ... > 
  at <NuxtLayout > 
  at <App key=4 > 
  at <NuxtRoot> @ http://localhost:3001/_nuxt/@fs/home/meebuzo/github/alternate-framework/apps/ecosystem/meeovi-frontend/node_modules/@sentry/core/build/esm/instrument/console.js?v=cfee6d51:42
[   19891ms] [WARNING] [Vue warn]: Avoid app logic that relies on enumerating keys on a component instance. The keys will be empty in production mode to avoid performance overhead. 
  at <VNavigationDrawer modelValue=undefined onUpdate:modelValue=fn location="right"  ... > 
  at <MenusTopmenuLayoutNotifications > 
  at <VCol class="notificationsHeader" > 
  at <VDefaultsProvider defaults= {VTabs: Object} > 
  at <VToolbar ref=Ref< Proxy(Object) > class="v-app-bar" style= {top: 0px, zIndex: 1014, transform: translateY(0px), position: fixed, height: undefined}  ... > 
  at <VAppBar id="topnav" > 
  at <MenusHeader drawer=false onToggleDrawer=fn > 
  at <ClientOnly > 
  at <VApp theme="light" class="auto-text" > 
  at <VResponsive class="border rounded" > 
  at <Default ref=Ref< Proxy(Object) > > 
  at <AsyncComponentWrapper ref=Ref< Proxy(Object) > > 
  at <LayoutLoader key="default" layoutProps= {ref: RefImpl} name="default" > 
  at <NuxtLayoutProvider layoutProps= {ref: RefImpl} key="default" name="default"  ... > 
  at <NuxtLayout > 
  at <App key=4 > 
  at <NuxtRoot> @ http://localhost:3001/_nuxt/@fs/home/meebuzo/github/alternate-framework/apps/ecosystem/meeovi-frontend/node_modules/@sentry/core/build/esm/instrument/console.js?v=cfee6d51:42
[   19895ms] [WARNING] [Vue warn]: Avoid app logic that relies on enumerating keys on a component instance. The keys will be empty in production mode to avoid performance overhead. 
  at <VNavigationDrawer modelValue=undefined onUpdate:modelValue=fn location="right"  ... > 
  at <MenusTopmenuLayoutNotifications > 
  at <VCol class="notificationsHeader" > 
  at <VDefaultsProvider defaults= {VTabs: Object} > 
  at <VToolbar ref=Ref< Proxy(Object) > class="v-app-bar" style= {top: 0px, zIndex: 1014, transform: translateY(0px), position: fixed, height: undefined}  ... > 
  at <VAppBar id="topnav" > 
  at <MenusHeader drawer=false onToggleDrawer=fn > 
  at <ClientOnly > 
  at <VApp theme="light" class="auto-text" > 
  at <VResponsive class="border rounded" > 
  at <Default ref=Ref< Proxy(Object) > > 
  at <AsyncComponentWrapper ref=Ref< Proxy(Object) > > 
  at <LayoutLoader key="default" layoutProps= {ref: RefImpl} name="default" > 
  at <NuxtLayoutProvider layoutProps= {ref: RefImpl} key="default" name="default"  ... > 
  at <NuxtLayout > 
  at <App key=4 > 
  at <NuxtRoot> @ http://localhost:3001/_nuxt/@fs/home/meebuzo/github/alternate-framework/apps/ecosystem/meeovi-frontend/node_modules/@sentry/core/build/esm/instrument/console.js?v=cfee6d51:42
[   19898ms] [WARNING] [Vue warn]: Avoid app logic that relies on enumerating keys on a component instance. The keys will be empty in production mode to avoid performance overhead. 
  at <VNavigationDrawer modelValue=undefined onUpdate:modelValue=fn location="right"  ... > 
  at <MenusTopmenuLayoutNotifications > 
  at <VCol class="notificationsHeader" > 
  at <VDefaultsProvider defaults= {VTabs: Object} > 
  at <VToolbar ref=Ref< Proxy(Object) > class="v-app-bar" style= {top: 0px, zIndex: 1014, transform: translateY(0px), position: fixed, height: undefined}  ... > 
  at <VAppBar id="topnav" > 
  at <MenusHeader drawer=false onToggleDrawer=fn > 
  at <ClientOnly > 
  at <VApp theme="light" class="auto-text" > 
  at <VResponsive class="border rounded" > 
  at <Default ref=Ref< Proxy(Object) > > 
  at <AsyncComponentWrapper ref=Ref< Proxy(Object) > > 
  at <LayoutLoader key="default" layoutProps= {ref: RefImpl} name="default" > 
  at <NuxtLayoutProvider layoutProps= {ref: RefImpl} key="default" name="default"  ... > 
  at <NuxtLayout > 
  at <App key=4 > 
  at <NuxtRoot> @ http://localhost:3001/_nuxt/@fs/home/meebuzo/github/alternate-framework/apps/ecosystem/meeovi-frontend/node_modules/@sentry/core/build/esm/instrument/console.js?v=cfee6d51:42
[   19901ms] [WARNING] [Vue warn]: Avoid app logic that relies on enumerating keys on a component instance. The keys will be empty in production mode to avoid performance overhead. 
  at <VNavigationDrawer modelValue=undefined onUpdate:modelValue=fn location="right"  ... > 
  at <MenusTopmenuLayoutNotifications > 
  at <VCol class="notificationsHeader" > 
  at <VDefaultsProvider defaults= {VTabs: Object} > 
  at <VToolbar ref=Ref< Proxy(Object) > class="v-app-bar" style= {top: 0px, zIndex: 1014, transform: translateY(0px), position: fixed, height: undefined}  ... > 
  at <VAppBar id="topnav" > 
  at <MenusHeader drawer=false onToggleDrawer=fn > 
  at <ClientOnly > 
  at <VApp theme="light" class="auto-text" > 
  at <VResponsive class="border rounded" > 
  at <Default ref=Ref< Proxy(Object) > > 
  at <AsyncComponentWrapper ref=Ref< Proxy(Object) > > 
  at <LayoutLoader key="default" layoutProps= {ref: RefImpl} name="default" > 
  at <NuxtLayoutProvider layoutProps= {ref: RefImpl} key="default" name="default"  ... > 
  at <NuxtLayout > 
  at <App key=4 > 
  at <NuxtRoot> @ http://localhost:3001/_nuxt/@fs/home/meebuzo/github/alternate-framework/apps/ecosystem/meeovi-frontend/node_modules/@sentry/core/build/esm/instrument/console.js?v=cfee6d51:42
[   19904ms] [WARNING] [Vue warn]: Avoid app logic that relies on enumerating keys on a component instance. The keys will be empty in production mode to avoid performance overhead. 
  at <VNavigationDrawer modelValue=undefined onUpdate:modelValue=fn location="right"  ... > 
  at <MenusTopmenuLayoutNotifications > 
  at <VCol class="notificationsHeader" > 
  at <VDefaultsProvider defaults= {VTabs: Object} > 
  at <VToolbar ref=Ref< Proxy(Object) > class="v-app-bar" style= {top: 0px, zIndex: 1014, transform: translateY(0px), position: fixed, height: undefined}  ... > 
  at <VAppBar id="topnav" > 
  at <MenusHeader drawer=false onToggleDrawer=fn > 
  at <ClientOnly > 
  at <VApp theme="light" class="auto-text" > 
  at <VResponsive class="border rounded" > 
  at <Default ref=Ref< Proxy(Object) > > 
  at <AsyncComponentWrapper ref=Ref< Proxy(Object) > > 
  at <LayoutLoader key="default" layoutProps= {ref: RefImpl} name="default" > 
  at <NuxtLayoutProvider layoutProps= {ref: RefImpl} key="default" name="default"  ... > 
  at <NuxtLayout > 
  at <App key=4 > 
  at <NuxtRoot> @ http://localhost:3001/_nuxt/@fs/home/meebuzo/github/alternate-framework/apps/ecosystem/meeovi-frontend/node_modules/@sentry/core/build/esm/instrument/console.js?v=cfee6d51:42
[   19907ms] [WARNING] [Vue warn]: Avoid app logic that relies on enumerating keys on a component instance. The keys will be empty in production mode to avoid performance overhead. 
  at <VNavigationDrawer modelValue=undefined onUpdate:modelValue=fn location="right"  ... > 
  at <MenusTopmenuLayoutNotifications > 
  at <VCol class="notificationsHeader" > 
  at <VDefaultsProvider defaults= {VTabs: Object} > 
  at <VToolbar ref=Ref< Proxy(Object) > class="v-app-bar" style= {top: 0px, zIndex: 1014, transform: translateY(0px), position: fixed, height: undefined}  ... > 
  at <VAppBar id="topnav" > 
  at <MenusHeader drawer=false onToggleDrawer=fn > 
  at <ClientOnly > 
  at <VApp theme="light" class="auto-text" > 
  at <VResponsive class="border rounded" > 
  at <Default ref=Ref< Proxy(Object) > > 
  at <AsyncComponentWrapper ref=Ref< Proxy(Object) > > 
  at <LayoutLoader key="default" layoutProps= {ref: RefImpl} name="default" > 
  at <NuxtLayoutProvider layoutProps= {ref: RefImpl} key="default" name="default"  ... > 
  at <NuxtLayout > 
  at <App key=4 > 
  at <NuxtRoot> @ http://localhost:3001/_nuxt/@fs/home/meebuzo/github/alternate-framework/apps/ecosystem/meeovi-frontend/node_modules/@sentry/core/build/esm/instrument/console.js?v=cfee6d51:42
[   19911ms] [WARNING] [Vue warn]: Avoid app logic that relies on enumerating keys on a component instance. The keys will be empty in production mode to avoid performance overhead. 
  at <VNavigationDrawer modelValue=undefined onUpdate:modelValue=fn location="right"  ... > 
  at <MenusTopmenuLayoutNotifications > 
  at <VCol class="notificationsHeader" > 
  at <VDefaultsProvider defaults= {VTabs: Object} > 
  at <VToolbar ref=Ref< Proxy(Object) > class="v-app-bar" style= {top: 0px, zIndex: 1014, transform: translateY(0px), position: fixed, height: undefined}  ... > 
  at <VAppBar id="topnav" > 
  at <MenusHeader drawer=false onToggleDrawer=fn > 
  at <ClientOnly > 
  at <VApp theme="light" class="auto-text" > 
  at <VResponsive class="border rounded" > 
  at <Default ref=Ref< Proxy(Object) > > 
  at <AsyncComponentWrapper ref=Ref< Proxy(Object) > > 
  at <LayoutLoader key="default" layoutProps= {ref: RefImpl} name="default" > 
  at <NuxtLayoutProvider layoutProps= {ref: RefImpl} key="default" name="default"  ... > 
  at <NuxtLayout > 
  at <App key=4 > 
  at <NuxtRoot> @ http://localhost:3001/_nuxt/@fs/home/meebuzo/github/alternate-framework/apps/ecosystem/meeovi-frontend/node_modules/@sentry/core/build/esm/instrument/console.js?v=cfee6d51:42
[   19915ms] [WARNING] [Vue warn]: Avoid app logic that relies on enumerating keys on a component instance. The keys will be empty in production mode to avoid performance overhead. 
  at <VNavigationDrawer modelValue=undefined onUpdate:modelValue=fn location="right"  ... > 
  at <MenusTopmenuLayoutNotifications > 
  at <VCol class="notificationsHeader" > 
  at <VDefaultsProvider defaults= {VTabs: Object} > 
  at <VToolbar ref=Ref< Proxy(Object) > class="v-app-bar" style= {top: 0px, zIndex: 1014, transform: translateY(0px), position: fixed, height: undefined}  ... > 
  at <VAppBar id="topnav" > 
  at <MenusHeader drawer=false onToggleDrawer=fn > 
  at <ClientOnly > 
  at <VApp theme="light" class="auto-text" > 
  at <VResponsive class="border rounded" > 
  at <Default ref=Ref< Proxy(Object) > > 
  at <AsyncComponentWrapper ref=Ref< Proxy(Object) > > 
  at <LayoutLoader key="default" layoutProps= {ref: RefImpl} name="default" > 
  at <NuxtLayoutProvider layoutProps= {ref: RefImpl} key="default" name="default"  ... > 
  at <NuxtLayout > 
  at <App key=4 > 
  at <NuxtRoot> @ http://localhost:3001/_nuxt/@fs/home/meebuzo/github/alternate-framework/apps/ecosystem/meeovi-frontend/node_modules/@sentry/core/build/esm/instrument/console.js?v=cfee6d51:42
[   19919ms] [WARNING] [Vue warn]: Avoid app logic that relies on enumerating keys on a component instance. The keys will be empty in production mode to avoid performance overhead. 
  at <VNavigationDrawer modelValue=undefined onUpdate:modelValue=fn location="right"  ... > 
  at <MenusTopmenuLayoutNotifications > 
  at <VCol class="notificationsHeader" > 
  at <VDefaultsProvider defaults= {VTabs: Object} > 
  at <VToolbar ref=Ref< Proxy(Object) > class="v-app-bar" style= {top: 0px, zIndex: 1014, transform: translateY(0px), position: fixed, height: undefined}  ... > 
  at <VAppBar id="topnav" > 
  at <MenusHeader drawer=false onToggleDrawer=fn > 
  at <ClientOnly > 
  at <VApp theme="light" class="auto-text" > 
  at <VResponsive class="border rounded" > 
  at <Default ref=Ref< Proxy(Object) > > 
  at <AsyncComponentWrapper ref=Ref< Proxy(Object) > > 
  at <LayoutLoader key="default" layoutProps= {ref: RefImpl} name="default" > 
  at <NuxtLayoutProvider layoutProps= {ref: RefImpl} key="default" name="default"  ... > 
  at <NuxtLayout > 
  at <App key=4 > 
  at <NuxtRoot> @ http://localhost:3001/_nuxt/@fs/home/meebuzo/github/alternate-framework/apps/ecosystem/meeovi-frontend/node_modules/@sentry/core/build/esm/instrument/console.js?v=cfee6d51:42
[   19923ms] [WARNING] [Vue warn]: Avoid app logic that relies on enumerating keys on a component instance. The keys will be empty in production mode to avoid performance overhead. 
  at <VNavigationDrawer modelValue=undefined onUpdate:modelValue=fn location="right"  ... > 
  at <MenusTopmenuLayoutNotifications > 
  at <VCol class="notificationsHeader" > 
  at <VDefaultsProvider defaults= {VTabs: Object} > 
  at <VToolbar ref=Ref< Proxy(Object) > class="v-app-bar" style= {top: 0px, zIndex: 1014, transform: translateY(0px), position: fixed, height: undefined}  ... > 
  at <VAppBar id="topnav" > 
  at <MenusHeader drawer=false onToggleDrawer=fn > 
  at <ClientOnly > 
  at <VApp theme="light" class="auto-text" > 
  at <VResponsive class="border rounded" > 
  at <Default ref=Ref< Proxy(Object) > > 
  at <AsyncComponentWrapper ref=Ref< Proxy(Object) > > 
  at <LayoutLoader key="default" layoutProps= {ref: RefImpl} name="default" > 
  at <NuxtLayoutProvider layoutProps= {ref: RefImpl} key="default" name="default"  ... > 
  at <NuxtLayout > 
  at <App key=4 > 
  at <NuxtRoot> @ http://localhost:3001/_nuxt/@fs/home/meebuzo/github/alternate-framework/apps/ecosystem/meeovi-frontend/node_modules/@sentry/core/build/esm/instrument/console.js?v=cfee6d51:42
[   19926ms] [WARNING] [Vue warn]: Avoid app logic that relies on enumerating keys on a component instance. The keys will be empty in production mode to avoid performance overhead. 
  at <VNavigationDrawer modelValue=undefined onUpdate:modelValue=fn location="right"  ... > 
  at <MenusTopmenuLayoutNotifications > 
  at <VCol class="notificationsHeader" > 
  at <VDefaultsProvider defaults= {VTabs: Object} > 
  at <VToolbar ref=Ref< Proxy(Object) > class="v-app-bar" style= {top: 0px, zIndex: 1014, transform: translateY(0px), position: fixed, height: undefined}  ... > 
  at <VAppBar id="topnav" > 
  at <MenusHeader drawer=false onToggleDrawer=fn > 
  at <ClientOnly > 
  at <VApp theme="light" class="auto-text" > 
  at <VResponsive class="border rounded" > 
  at <Default ref=Ref< Proxy(Object) > > 
  at <AsyncComponentWrapper ref=Ref< Proxy(Object) > > 
  at <LayoutLoader key="default" layoutProps= {ref: RefImpl} name="default" > 
  at <NuxtLayoutProvider layoutProps= {ref: RefImpl} key="default" name="default"  ... > 
  at <NuxtLayout > 
  at <App key=4 > 
  at <NuxtRoot> @ http://localhost:3001/_nuxt/@fs/home/meebuzo/github/alternate-framework/apps/ecosystem/meeovi-frontend/node_modules/@sentry/core/build/esm/instrument/console.js?v=cfee6d51:42
[   19930ms] [WARNING] [Vue warn]: Avoid app logic that relies on enumerating keys on a component instance. The keys will be empty in production mode to avoid performance overhead. 
  at <VNavigationDrawer modelValue=undefined onUpdate:modelValue=fn location="right"  ... > 
  at <MenusTopmenuLayoutNotifications > 
  at <VCol class="notificationsHeader" > 
  at <VDefaultsProvider defaults= {VTabs: Object} > 
  at <VToolbar ref=Ref< Proxy(Object) > class="v-app-bar" style= {top: 0px, zIndex: 1014, transform: translateY(0px), position: fixed, height: undefined}  ... > 
  at <VAppBar id="topnav" > 
  at <MenusHeader drawer=false onToggleDrawer=fn > 
  at <ClientOnly > 
  at <VApp theme="light" class="auto-text" > 
  at <VResponsive class="border rounded" > 
  at <Default ref=Ref< Proxy(Object) > > 
  at <AsyncComponentWrapper ref=Ref< Proxy(Object) > > 
  at <LayoutLoader key="default" layoutProps= {ref: RefImpl} name="default" > 
  at <NuxtLayoutProvider layoutProps= {ref: RefImpl} key="default" name="default"  ... > 
  at <NuxtLayout > 
  at <App key=4 > 
  at <NuxtRoot> @ http://localhost:3001/_nuxt/@fs/home/meebuzo/github/alternate-framework/apps/ecosystem/meeovi-frontend/node_modules/@sentry/core/build/esm/instrument/console.js?v=cfee6d51:42
[   19933ms] [WARNING] [Vue warn]: Avoid app logic that relies on enumerating keys on a component instance. The keys will be empty in production mode to avoid performance overhead. 
  at <VNavigationDrawer modelValue=undefined onUpdate:modelValue=fn location="right"  ... > 
  at <MenusTopmenuLayoutNotifications > 
  at <VCol class="notificationsHeader" > 
  at <VDefaultsProvider defaults= {VTabs: Object} > 
  at <VToolbar ref=Ref< Proxy(Object) > class="v-app-bar" style= {top: 0px, zIndex: 1014, transform: translateY(0px), position: fixed, height: undefined}  ... > 
  at <VAppBar id="topnav" > 
  at <MenusHeader drawer=false onToggleDrawer=fn > 
  at <ClientOnly > 
  at <VApp theme="light" class="auto-text" > 
  at <VResponsive class="border rounded" > 
  at <Default ref=Ref< Proxy(Object) > > 
  at <AsyncComponentWrapper ref=Ref< Proxy(Object) > > 
  at <LayoutLoader key="default" layoutProps= {ref: RefImpl} name="default" > 
  at <NuxtLayoutProvider layoutProps= {ref: RefImpl} key="default" name="default"  ... > 
  at <NuxtLayout > 
  at <App key=4 > 
  at <NuxtRoot> @ http://localhost:3001/_nuxt/@fs/home/meebuzo/github/alternate-framework/apps/ecosystem/meeovi-frontend/node_modules/@sentry/core/build/esm/instrument/console.js?v=cfee6d51:42
[   19937ms] [WARNING] [Vue warn]: Avoid app logic that relies on enumerating keys on a component instance. The keys will be empty in production mode to avoid performance overhead. 
  at <VNavigationDrawer modelValue=undefined onUpdate:modelValue=fn location="right"  ... > 
  at <MenusTopmenuLayoutNotifications > 
  at <VCol class="notificationsHeader" > 
  at <VDefaultsProvider defaults= {VTabs: Object} > 
  at <VToolbar ref=Ref< Proxy(Object) > class="v-app-bar" style= {top: 0px, zIndex: 1014, transform: translateY(0px), position: fixed, height: undefined}  ... > 
  at <VAppBar id="topnav" > 
  at <MenusHeader drawer=false onToggleDrawer=fn > 
  at <ClientOnly > 
  at <VApp theme="light" class="auto-text" > 
  at <VResponsive class="border rounded" > 
  at <Default ref=Ref< Proxy(Object) > > 
  at <AsyncComponentWrapper ref=Ref< Proxy(Object) > > 
  at <LayoutLoader key="default" layoutProps= {ref: RefImpl} name="default" > 
  at <NuxtLayoutProvider layoutProps= {ref: RefImpl} key="default" name="default"  ... > 
  at <NuxtLayout > 
  at <App key=4 > 
  at <NuxtRoot> @ http://localhost:3001/_nuxt/@fs/home/meebuzo/github/alternate-framework/apps/ecosystem/meeovi-frontend/node_modules/@sentry/core/build/esm/instrument/console.js?v=cfee6d51:42
[   19940ms] [WARNING] [Vue warn]: Avoid app logic that relies on enumerating keys on a component instance. The keys will be empty in production mode to avoid performance overhead. 
  at <VNavigationDrawer modelValue=undefined onUpdate:modelValue=fn location="right"  ... > 
  at <MenusTopmenuLayoutNotifications > 
  at <VCol class="notificationsHeader" > 
  at <VDefaultsProvider defaults= {VTabs: Object} > 
  at <VToolbar ref=Ref< Proxy(Object) > class="v-app-bar" style= {top: 0px, zIndex: 1014, transform: translateY(0px), position: fixed, height: undefined}  ... > 
  at <VAppBar id="topnav" > 
  at <MenusHeader drawer=false onToggleDrawer=fn > 
  at <ClientOnly > 
  at <VApp theme="light" class="auto-text" > 
  at <VResponsive class="border rounded" > 
  at <Default ref=Ref< Proxy(Object) > > 
  at <AsyncComponentWrapper ref=Ref< Proxy(Object) > > 
  at <LayoutLoader key="default" layoutProps= {ref: RefImpl} name="default" > 
  at <NuxtLayoutProvider layoutProps= {ref: RefImpl} key="default" name="default"  ... > 
  at <NuxtLayout > 
  at <App key=4 > 
  at <NuxtRoot> @ http://localhost:3001/_nuxt/@fs/home/meebuzo/github/alternate-framework/apps/ecosystem/meeovi-frontend/node_modules/@sentry/core/build/esm/instrument/console.js?v=cfee6d51:42
[   19942ms] [WARNING] [Vue warn]: Avoid app logic that relies on enumerating keys on a component instance. The keys will be empty in production mode to avoid performance overhead. 
  at <VNavigationDrawer modelValue=undefined onUpdate:modelValue=fn location="right"  ... > 
  at <MenusTopmenuLayoutNotifications > 
  at <VCol class="notificationsHeader" > 
  at <VDefaultsProvider defaults= {VTabs: Object} > 
  at <VToolbar ref=Ref< Proxy(Object) > class="v-app-bar" style= {top: 0px, zIndex: 1014, transform: translateY(0px), position: fixed, height: undefined}  ... > 
  at <VAppBar id="topnav" > 
  at <MenusHeader drawer=false onToggleDrawer=fn > 
  at <ClientOnly > 
  at <VApp theme="light" class="auto-text" > 
  at <VResponsive class="border rounded" > 
  at <Default ref=Ref< Proxy(Object) > > 
  at <AsyncComponentWrapper ref=Ref< Proxy(Object) > > 
  at <LayoutLoader key="default" layoutProps= {ref: RefImpl} name="default" > 
  at <NuxtLayoutProvider layoutProps= {ref: RefImpl} key="default" name="default"  ... > 
  at <NuxtLayout > 
  at <App key=4 > 
  at <NuxtRoot> @ http://localhost:3001/_nuxt/@fs/home/meebuzo/github/alternate-framework/apps/ecosystem/meeovi-frontend/node_modules/@sentry/core/build/esm/instrument/console.js?v=cfee6d51:42
[   19946ms] [WARNING] [Vue warn]: Avoid app logic that relies on enumerating keys on a component instance. The keys will be empty in production mode to avoid performance overhead. 
  at <VNavigationDrawer modelValue=undefined onUpdate:modelValue=fn location="right"  ... > 
  at <MenusTopmenuLayoutNotifications > 
  at <VCol class="notificationsHeader" > 
  at <VDefaultsProvider defaults= {VTabs: Object} > 
  at <VToolbar ref=Ref< Proxy(Object) > class="v-app-bar" style= {top: 0px, zIndex: 1014, transform: translateY(0px), position: fixed, height: undefined}  ... > 
  at <VAppBar id="topnav" > 
  at <MenusHeader drawer=false onToggleDrawer=fn > 
  at <ClientOnly > 
  at <VApp theme="light" class="auto-text" > 
  at <VResponsive class="border rounded" > 
  at <Default ref=Ref< Proxy(Object) > > 
  at <AsyncComponentWrapper ref=Ref< Proxy(Object) > > 
  at <LayoutLoader key="default" layoutProps= {ref: RefImpl} name="default" > 
  at <NuxtLayoutProvider layoutProps= {ref: RefImpl} key="default" name="default"  ... > 
  at <NuxtLayout > 
  at <App key=4 > 
  at <NuxtRoot> @ http://localhost:3001/_nuxt/@fs/home/meebuzo/github/alternate-framework/apps/ecosystem/meeovi-frontend/node_modules/@sentry/core/build/esm/instrument/console.js?v=cfee6d51:42
[   19949ms] [WARNING] [Vue warn]: Avoid app logic that relies on enumerating keys on a component instance. The keys will be empty in production mode to avoid performance overhead. 
  at <VNavigationDrawer modelValue=undefined onUpdate:modelValue=fn location="right"  ... > 
  at <MenusTopmenuLayoutNotifications > 
  at <VCol class="notificationsHeader" > 
  at <VDefaultsProvider defaults= {VTabs: Object} > 
  at <VToolbar ref=Ref< Proxy(Object) > class="v-app-bar" style= {top: 0px, zIndex: 1014, transform: translateY(0px), position: fixed, height: undefined}  ... > 
  at <VAppBar id="topnav" > 
  at <MenusHeader drawer=false onToggleDrawer=fn > 
  at <ClientOnly > 
  at <VApp theme="light" class="auto-text" > 
  at <VResponsive class="border rounded" > 
  at <Default ref=Ref< Proxy(Object) > > 
  at <AsyncComponentWrapper ref=Ref< Proxy(Object) > > 
  at <LayoutLoader key="default" layoutProps= {ref: RefImpl} name="default" > 
  at <NuxtLayoutProvider layoutProps= {ref: RefImpl} key="default" name="default"  ... > 
  at <NuxtLayout > 
  at <App key=4 > 
  at <NuxtRoot> @ http://localhost:3001/_nuxt/@fs/home/meebuzo/github/alternate-framework/apps/ecosystem/meeovi-frontend/node_modules/@sentry/core/build/esm/instrument/console.js?v=cfee6d51:42
[   19953ms] [WARNING] [Vue warn]: Avoid app logic that relies on enumerating keys on a component instance. The keys will be empty in production mode to avoid performance overhead. 
  at <VNavigationDrawer modelValue=undefined onUpdate:modelValue=fn location="right"  ... > 
  at <MenusTopmenuLayoutNotifications > 
  at <VCol class="notificationsHeader" > 
  at <VDefaultsProvider defaults= {VTabs: Object} > 
  at <VToolbar ref=Ref< Proxy(Object) > class="v-app-bar" style= {top: 0px, zIndex: 1014, transform: translateY(0px), position: fixed, height: undefined}  ... > 
  at <VAppBar id="topnav" > 
  at <MenusHeader drawer=false onToggleDrawer=fn > 
  at <ClientOnly > 
  at <VApp theme="light" class="auto-text" > 
  at <VResponsive class="border rounded" > 
  at <Default ref=Ref< Proxy(Object) > > 
  at <AsyncComponentWrapper ref=Ref< Proxy(Object) > > 
  at <LayoutLoader key="default" layoutProps= {ref: RefImpl} name="default" > 
  at <NuxtLayoutProvider layoutProps= {ref: RefImpl} key="default" name="default"  ... > 
  at <NuxtLayout > 
  at <App key=4 > 
  at <NuxtRoot> @ http://localhost:3001/_nuxt/@fs/home/meebuzo/github/alternate-framework/apps/ecosystem/meeovi-frontend/node_modules/@sentry/core/build/esm/instrument/console.js?v=cfee6d51:42
[   19956ms] [WARNING] [Vue warn]: Avoid app logic that relies on enumerating keys on a component instance. The keys will be empty in production mode to avoid performance overhead. 
  at <VNavigationDrawer modelValue=undefined onUpdate:modelValue=fn location="right"  ... > 
  at <MenusTopmenuLayoutNotifications > 
  at <VCol class="notificationsHeader" > 
  at <VDefaultsProvider defaults= {VTabs: Object} > 
  at <VToolbar ref=Ref< Proxy(Object) > class="v-app-bar" style= {top: 0px, zIndex: 1014, transform: translateY(0px), position: fixed, height: undefined}  ... > 
  at <VAppBar id="topnav" > 
  at <MenusHeader drawer=false onToggleDrawer=fn > 
  at <ClientOnly > 
  at <VApp theme="light" class="auto-text" > 
  at <VResponsive class="border rounded" > 
  at <Default ref=Ref< Proxy(Object) > > 
  at <AsyncComponentWrapper ref=Ref< Proxy(Object) > > 
  at <LayoutLoader key="default" layoutProps= {ref: RefImpl} name="default" > 
  at <NuxtLayoutProvider layoutProps= {ref: RefImpl} key="default" name="default"  ... > 
  at <NuxtLayout > 
  at <App key=4 > 
  at <NuxtRoot> @ http://localhost:3001/_nuxt/@fs/home/meebuzo/github/alternate-framework/apps/ecosystem/meeovi-frontend/node_modules/@sentry/core/build/esm/instrument/console.js?v=cfee6d51:42
[   19959ms] [WARNING] [Vue warn]: Avoid app logic that relies on enumerating keys on a component instance. The keys will be empty in production mode to avoid performance overhead. 
  at <VNavigationDrawer modelValue=undefined onUpdate:modelValue=fn location="right"  ... > 
  at <MenusTopmenuLayoutNotifications > 
  at <VCol class="notificationsHeader" > 
  at <VDefaultsProvider defaults= {VTabs: Object} > 
  at <VToolbar ref=Ref< Proxy(Object) > class="v-app-bar" style= {top: 0px, zIndex: 1014, transform: translateY(0px), position: fixed, height: undefined}  ... > 
  at <VAppBar id="topnav" > 
  at <MenusHeader drawer=false onToggleDrawer=fn > 
  at <ClientOnly > 
  at <VApp theme="light" class="auto-text" > 
  at <VResponsive class="border rounded" > 
  at <Default ref=Ref< Proxy(Object) > > 
  at <AsyncComponentWrapper ref=Ref< Proxy(Object) > > 
  at <LayoutLoader key="default" layoutProps= {ref: RefImpl} name="default" > 
  at <NuxtLayoutProvider layoutProps= {ref: RefImpl} key="default" name="default"  ... > 
  at <NuxtLayout > 
  at <App key=4 > 
  at <NuxtRoot> @ http://localhost:3001/_nuxt/@fs/home/meebuzo/github/alternate-framework/apps/ecosystem/meeovi-frontend/node_modules/@sentry/core/build/esm/instrument/console.js?v=cfee6d51:42
[   19963ms] [WARNING] [Vue warn]: Avoid app logic that relies on enumerating keys on a component instance. The keys will be empty in production mode to avoid performance overhead. 
  at <VNavigationDrawer modelValue=undefined onUpdate:modelValue=fn location="right"  ... > 
  at <MenusTopmenuLayoutNotifications > 
  at <VCol class="notificationsHeader" > 
  at <VDefaultsProvider defaults= {VTabs: Object} > 
  at <VToolbar ref=Ref< Proxy(Object) > class="v-app-bar" style= {top: 0px, zIndex: 1014, transform: translateY(0px), position: fixed, height: undefined}  ... > 
  at <VAppBar id="topnav" > 
  at <MenusHeader drawer=false onToggleDrawer=fn > 
  at <ClientOnly > 
  at <VApp theme="light" class="auto-text" > 
  at <VResponsive class="border rounded" > 
  at <Default ref=Ref< Proxy(Object) > > 
  at <AsyncComponentWrapper ref=Ref< Proxy(Object) > > 
  at <LayoutLoader key="default" layoutProps= {ref: RefImpl} name="default" > 
  at <NuxtLayoutProvider layoutProps= {ref: RefImpl} key="default" name="default"  ... > 
  at <NuxtLayout > 
  at <App key=4 > 
  at <NuxtRoot> @ http://localhost:3001/_nuxt/@fs/home/meebuzo/github/alternate-framework/apps/ecosystem/meeovi-frontend/node_modules/@sentry/core/build/esm/instrument/console.js?v=cfee6d51:42
[   19966ms] [WARNING] [Vue warn]: Avoid app logic that relies on enumerating keys on a component instance. The keys will be empty in production mode to avoid performance overhead. 
  at <VNavigationDrawer modelValue=undefined onUpdate:modelValue=fn location="right"  ... > 
  at <MenusTopmenuLayoutNotifications > 
  at <VCol class="notificationsHeader" > 
  at <VDefaultsProvider defaults= {VTabs: Object} > 
  at <VToolbar ref=Ref< Proxy(Object) > class="v-app-bar" style= {top: 0px, zIndex: 1014, transform: translateY(0px), position: fixed, height: undefined}  ... > 
  at <VAppBar id="topnav" > 
  at <MenusHeader drawer=false onToggleDrawer=fn > 
  at <ClientOnly > 
  at <VApp theme="light" class="auto-text" > 
  at <VResponsive class="border rounded" > 
  at <Default ref=Ref< Proxy(Object) > > 
  at <AsyncComponentWrapper ref=Ref< Proxy(Object) > > 
  at <LayoutLoader key="default" layoutProps= {ref: RefImpl} name="default" > 
  at <NuxtLayoutProvider layoutProps= {ref: RefImpl} key="default" name="default"  ... > 
  at <NuxtLayout > 
  at <App key=4 > 
  at <NuxtRoot> @ http://localhost:3001/_nuxt/@fs/home/meebuzo/github/alternate-framework/apps/ecosystem/meeovi-frontend/node_modules/@sentry/core/build/esm/instrument/console.js?v=cfee6d51:42
[   19970ms] [WARNING] [Vue warn]: Avoid app logic that relies on enumerating keys on a component instance. The keys will be empty in production mode to avoid performance overhead. 
  at <VNavigationDrawer modelValue=undefined onUpdate:modelValue=fn location="right"  ... > 
  at <MenusTopmenuLayoutNotifications > 
  at <VCol class="notificationsHeader" > 
  at <VDefaultsProvider defaults= {VTabs: Object} > 
  at <VToolbar ref=Ref< Proxy(Object) > class="v-app-bar" style= {top: 0px, zIndex: 1014, transform: translateY(0px), position: fixed, height: undefined}  ... > 
  at <VAppBar id="topnav" > 
  at <MenusHeader drawer=false onToggleDrawer=fn > 
  at <ClientOnly > 
  at <VApp theme="light" class="auto-text" > 
  at <VResponsive class="border rounded" > 
  at <Default ref=Ref< Proxy(Object) > > 
  at <AsyncComponentWrapper ref=Ref< Proxy(Object) > > 
  at <LayoutLoader key="default" layoutProps= {ref: RefImpl} name="default" > 
  at <NuxtLayoutProvider layoutProps= {ref: RefImpl} key="default" name="default"  ... > 
  at <NuxtLayout > 
  at <App key=4 > 
  at <NuxtRoot> @ http://localhost:3001/_nuxt/@fs/home/meebuzo/github/alternate-framework/apps/ecosystem/meeovi-frontend/node_modules/@sentry/core/build/esm/instrument/console.js?v=cfee6d51:42
[   19973ms] [WARNING] [Vue warn]: Avoid app logic that relies on enumerating keys on a component instance. The keys will be empty in production mode to avoid performance overhead. 
  at <VNavigationDrawer modelValue=undefined onUpdate:modelValue=fn location="right"  ... > 
  at <MenusTopmenuLayoutNotifications > 
  at <VCol class="notificationsHeader" > 
  at <VDefaultsProvider defaults= {VTabs: Object} > 
  at <VToolbar ref=Ref< Proxy(Object) > class="v-app-bar" style= {top: 0px, zIndex: 1014, transform: translateY(0px), position: fixed, height: undefined}  ... > 
  at <VAppBar id="topnav" > 
  at <MenusHeader drawer=false onToggleDrawer=fn > 
  at <ClientOnly > 
  at <VApp theme="light" class="auto-text" > 
  at <VResponsive class="border rounded" > 
  at <Default ref=Ref< Proxy(Object) > > 
  at <AsyncComponentWrapper ref=Ref< Proxy(Object) > > 
  at <LayoutLoader key="default" layoutProps= {ref: RefImpl} name="default" > 
  at <NuxtLayoutProvider layoutProps= {ref: RefImpl} key="default" name="default"  ... > 
  at <NuxtLayout > 
  at <App key=4 > 
  at <NuxtRoot> @ http://localhost:3001/_nuxt/@fs/home/meebuzo/github/alternate-framework/apps/ecosystem/meeovi-frontend/node_modules/@sentry/core/build/esm/instrument/console.js?v=cfee6d51:42
[   19977ms] [WARNING] [Vue warn]: Avoid app logic that relies on enumerating keys on a component instance. The keys will be empty in production mode to avoid performance overhead. 
  at <VNavigationDrawer modelValue=undefined onUpdate:modelValue=fn location="right"  ... > 
  at <MenusTopmenuLayoutNotifications > 
  at <VCol class="notificationsHeader" > 
  at <VDefaultsProvider defaults= {VTabs: Object} > 
  at <VToolbar ref=Ref< Proxy(Object) > class="v-app-bar" style= {top: 0px, zIndex: 1014, transform: translateY(0px), position: fixed, height: undefined}  ... > 
  at <VAppBar id="topnav" > 
  at <MenusHeader drawer=false onToggleDrawer=fn > 
  at <ClientOnly > 
  at <VApp theme="light" class="auto-text" > 
  at <VResponsive class="border rounded" > 
  at <Default ref=Ref< Proxy(Object) > > 
  at <AsyncComponentWrapper ref=Ref< Proxy(Object) > > 
  at <LayoutLoader key="default" layoutProps= {ref: RefImpl} name="default" > 
  at <NuxtLayoutProvider layoutProps= {ref: RefImpl} key="default" name="default"  ... > 
  at <NuxtLayout > 
  at <App key=4 > 
  at <NuxtRoot> @ http://localhost:3001/_nuxt/@fs/home/meebuzo/github/alternate-framework/apps/ecosystem/meeovi-frontend/node_modules/@sentry/core/build/esm/instrument/console.js?v=cfee6d51:42
[   19980ms] [WARNING] [Vue warn]: Avoid app logic that relies on enumerating keys on a component instance. The keys will be empty in production mode to avoid performance overhead. 
  at <VNavigationDrawer modelValue=undefined onUpdate:modelValue=fn location="right"  ... > 
  at <MenusTopmenuLayoutNotifications > 
  at <VCol class="notificationsHeader" > 
  at <VDefaultsProvider defaults= {VTabs: Object} > 
  at <VToolbar ref=Ref< Proxy(Object) > class="v-app-bar" style= {top: 0px, zIndex: 1014, transform: translateY(0px), position: fixed, height: undefined}  ... > 
  at <VAppBar id="topnav" > 
  at <MenusHeader drawer=false onToggleDrawer=fn > 
  at <ClientOnly > 
  at <VApp theme="light" class="auto-text" > 
  at <VResponsive class="border rounded" > 
  at <Default ref=Ref< Proxy(Object) > > 
  at <AsyncComponentWrapper ref=Ref< Proxy(Object) > > 
  at <LayoutLoader key="default" layoutProps= {ref: RefImpl} name="default" > 
  at <NuxtLayoutProvider layoutProps= {ref: RefImpl} key="default" name="default"  ... > 
  at <NuxtLayout > 
  at <App key=4 > 
  at <NuxtRoot> @ http://localhost:3001/_nuxt/@fs/home/meebuzo/github/alternate-framework/apps/ecosystem/meeovi-frontend/node_modules/@sentry/core/build/esm/instrument/console.js?v=cfee6d51:42
[   19984ms] [WARNING] [Vue warn]: Avoid app logic that relies on enumerating keys on a component instance. The keys will be empty in production mode to avoid performance overhead. 
  at <VNavigationDrawer modelValue=undefined onUpdate:modelValue=fn location="right"  ... > 
  at <MenusTopmenuLayoutNotifications > 
  at <VCol class="notificationsHeader" > 
  at <VDefaultsProvider defaults= {VTabs: Object} > 
  at <VToolbar ref=Ref< Proxy(Object) > class="v-app-bar" style= {top: 0px, zIndex: 1014, transform: translateY(0px), position: fixed, height: undefined}  ... > 
  at <VAppBar id="topnav" > 
  at <MenusHeader drawer=false onToggleDrawer=fn > 
  at <ClientOnly > 
  at <VApp theme="light" class="auto-text" > 
  at <VResponsive class="border rounded" > 
  at <Default ref=Ref< Proxy(Object) > > 
  at <AsyncComponentWrapper ref=Ref< Proxy(Object) > > 
  at <LayoutLoader key="default" layoutProps= {ref: RefImpl} name="default" > 
  at <NuxtLayoutProvider layoutProps= {ref: RefImpl} key="default" name="default"  ... > 
  at <NuxtLayout > 
  at <App key=4 > 
  at <NuxtRoot> @ http://localhost:3001/_nuxt/@fs/home/meebuzo/github/alternate-framework/apps/ecosystem/meeovi-frontend/node_modules/@sentry/core/build/esm/instrument/console.js?v=cfee6d51:42
[   19988ms] [WARNING] [Vue warn]: Avoid app logic that relies on enumerating keys on a component instance. The keys will be empty in production mode to avoid performance overhead. 
  at <VNavigationDrawer modelValue=undefined onUpdate:modelValue=fn location="right"  ... > 
  at <MenusTopmenuLayoutNotifications > 
  at <VCol class="notificationsHeader" > 
  at <VDefaultsProvider defaults= {VTabs: Object} > 
  at <VToolbar ref=Ref< Proxy(Object) > class="v-app-bar" style= {top: 0px, zIndex: 1014, transform: translateY(0px), position: fixed, height: undefined}  ... > 
  at <VAppBar id="topnav" > 
  at <MenusHeader drawer=false onToggleDrawer=fn > 
  at <ClientOnly > 
  at <VApp theme="light" class="auto-text" > 
  at <VResponsive class="border rounded" > 
  at <Default ref=Ref< Proxy(Object) > > 
  at <AsyncComponentWrapper ref=Ref< Proxy(Object) > > 
  at <LayoutLoader key="default" layoutProps= {ref: RefImpl} name="default" > 
  at <NuxtLayoutProvider layoutProps= {ref: RefImpl} key="default" name="default"  ... > 
  at <NuxtLayout > 
  at <App key=4 > 
  at <NuxtRoot> @ http://localhost:3001/_nuxt/@fs/home/meebuzo/github/alternate-framework/apps/ecosystem/meeovi-frontend/node_modules/@sentry/core/build/esm/instrument/console.js?v=cfee6d51:42
[   19991ms] [WARNING] [Vue warn]: Avoid app logic that relies on enumerating keys on a component instance. The keys will be empty in production mode to avoid performance overhead. 
  at <VNavigationDrawer modelValue=undefined onUpdate:modelValue=fn location="right"  ... > 
  at <MenusTopmenuLayoutNotifications > 
  at <VCol class="notificationsHeader" > 
  at <VDefaultsProvider defaults= {VTabs: Object} > 
  at <VToolbar ref=Ref< Proxy(Object) > class="v-app-bar" style= {top: 0px, zIndex: 1014, transform: translateY(0px), position: fixed, height: undefined}  ... > 
  at <VAppBar id="topnav" > 
  at <MenusHeader drawer=false onToggleDrawer=fn > 
  at <ClientOnly > 
  at <VApp theme="light" class="auto-text" > 
  at <VResponsive class="border rounded" > 
  at <Default ref=Ref< Proxy(Object) > > 
  at <AsyncComponentWrapper ref=Ref< Proxy(Object) > > 
  at <LayoutLoader key="default" layoutProps= {ref: RefImpl} name="default" > 
  at <NuxtLayoutProvider layoutProps= {ref: RefImpl} key="default" name="default"  ... > 
  at <NuxtLayout > 
  at <App key=4 > 
  at <NuxtRoot> @ http://localhost:3001/_nuxt/@fs/home/meebuzo/github/alternate-framework/apps/ecosystem/meeovi-frontend/node_modules/@sentry/core/build/esm/instrument/console.js?v=cfee6d51:42
[   19994ms] [WARNING] [Vue warn]: Avoid app logic that relies on enumerating keys on a component instance. The keys will be empty in production mode to avoid performance overhead. 
  at <VNavigationDrawer modelValue=undefined onUpdate:modelValue=fn location="right"  ... > 
  at <MenusTopmenuLayoutNotifications > 
  at <VCol class="notificationsHeader" > 
  at <VDefaultsProvider defaults= {VTabs: Object} > 
  at <VToolbar ref=Ref< Proxy(Object) > class="v-app-bar" style= {top: 0px, zIndex: 1014, transform: translateY(0px), position: fixed, height: undefined}  ... > 
  at <VAppBar id="topnav" > 
  at <MenusHeader drawer=false onToggleDrawer=fn > 
  at <ClientOnly > 
  at <VApp theme="light" class="auto-text" > 
  at <VResponsive class="border rounded" > 
  at <Default ref=Ref< Proxy(Object) > > 
  at <AsyncComponentWrapper ref=Ref< Proxy(Object) > > 
  at <LayoutLoader key="default" layoutProps= {ref: RefImpl} name="default" > 
  at <NuxtLayoutProvider layoutProps= {ref: RefImpl} key="default" name="default"  ... > 
  at <NuxtLayout > 
  at <App key=4 > 
  at <NuxtRoot> @ http://localhost:3001/_nuxt/@fs/home/meebuzo/github/alternate-framework/apps/ecosystem/meeovi-frontend/node_modules/@sentry/core/build/esm/instrument/console.js?v=cfee6d51:42
[   19997ms] [WARNING] [Vue warn]: Avoid app logic that relies on enumerating keys on a component instance. The keys will be empty in production mode to avoid performance overhead. 
  at <VNavigationDrawer modelValue=undefined onUpdate:modelValue=fn location="right"  ... > 
  at <MenusTopmenuLayoutNotifications > 
  at <VCol class="notificationsHeader" > 
  at <VDefaultsProvider defaults= {VTabs: Object} > 
  at <VToolbar ref=Ref< Proxy(Object) > class="v-app-bar" style= {top: 0px, zIndex: 1014, transform: translateY(0px), position: fixed, height: undefined}  ... > 
  at <VAppBar id="topnav" > 
  at <MenusHeader drawer=false onToggleDrawer=fn > 
  at <ClientOnly > 
  at <VApp theme="light" class="auto-text" > 
  at <VResponsive class="border rounded" > 
  at <Default ref=Ref< Proxy(Object) > > 
  at <AsyncComponentWrapper ref=Ref< Proxy(Object) > > 
  at <LayoutLoader key="default" layoutProps= {ref: RefImpl} name="default" > 
  at <NuxtLayoutProvider layoutProps= {ref: RefImpl} key="default" name="default"  ... > 
  at <NuxtLayout > 
  at <App key=4 > 
  at <NuxtRoot> @ http://localhost:3001/_nuxt/@fs/home/meebuzo/github/alternate-framework/apps/ecosystem/meeovi-frontend/node_modules/@sentry/core/build/esm/instrument/console.js?v=cfee6d51:42
[   20000ms] [WARNING] [Vue warn]: Avoid app logic that relies on enumerating keys on a component instance. The keys will be empty in production mode to avoid performance overhead. 
  at <VNavigationDrawer modelValue=undefined onUpdate:modelValue=fn location="right"  ... > 
  at <MenusTopmenuLayoutNotifications > 
  at <VCol class="notificationsHeader" > 
  at <VDefaultsProvider defaults= {VTabs: Object} > 
  at <VToolbar ref=Ref< Proxy(Object) > class="v-app-bar" style= {top: 0px, zIndex: 1014, transform: translateY(0px), position: fixed, height: undefined}  ... > 
  at <VAppBar id="topnav" > 
  at <MenusHeader drawer=false onToggleDrawer=fn > 
  at <ClientOnly > 
  at <VApp theme="light" class="auto-text" > 
  at <VResponsive class="border rounded" > 
  at <Default ref=Ref< Proxy(Object) > > 
  at <AsyncComponentWrapper ref=Ref< Proxy(Object) > > 
  at <LayoutLoader key="default" layoutProps= {ref: RefImpl} name="default" > 
  at <NuxtLayoutProvider layoutProps= {ref: RefImpl} key="default" name="default"  ... > 
  at <NuxtLayout > 
  at <App key=4 > 
  at <NuxtRoot> @ http://localhost:3001/_nuxt/@fs/home/meebuzo/github/alternate-framework/apps/ecosystem/meeovi-frontend/node_modules/@sentry/core/build/esm/instrument/console.js?v=cfee6d51:42
[   20004ms] [WARNING] [Vue warn]: Avoid app logic that relies on enumerating keys on a component instance. The keys will be empty in production mode to avoid performance overhead. 
  at <VNavigationDrawer modelValue=undefined onUpdate:modelValue=fn location="right"  ... > 
  at <MenusTopmenuLayoutNotifications > 
  at <VCol class="notificationsHeader" > 
  at <VDefaultsProvider defaults= {VTabs: Object} > 
  at <VToolbar ref=Ref< Proxy(Object) > class="v-app-bar" style= {top: 0px, zIndex: 1014, transform: translateY(0px), position: fixed, height: undefined}  ... > 
  at <VAppBar id="topnav" > 
  at <MenusHeader drawer=false onToggleDrawer=fn > 
  at <ClientOnly > 
  at <VApp theme="light" class="auto-text" > 
  at <VResponsive class="border rounded" > 
  at <Default ref=Ref< Proxy(Object) > > 
  at <AsyncComponentWrapper ref=Ref< Proxy(Object) > > 
  at <LayoutLoader key="default" layoutProps= {ref: RefImpl} name="default" > 
  at <NuxtLayoutProvider layoutProps= {ref: RefImpl} key="default" name="default"  ... > 
  at <NuxtLayout > 
  at <App key=4 > 
  at <NuxtRoot> @ http://localhost:3001/_nuxt/@fs/home/meebuzo/github/alternate-framework/apps/ecosystem/meeovi-frontend/node_modules/@sentry/core/build/esm/instrument/console.js?v=cfee6d51:42
[   20007ms] [WARNING] [Vue warn]: Avoid app logic that relies on enumerating keys on a component instance. The keys will be empty in production mode to avoid performance overhead. 
  at <VNavigationDrawer modelValue=undefined onUpdate:modelValue=fn location="right"  ... > 
  at <MenusTopmenuLayoutNotifications > 
  at <VCol class="notificationsHeader" > 
  at <VDefaultsProvider defaults= {VTabs: Object} > 
  at <VToolbar ref=Ref< Proxy(Object) > class="v-app-bar" style= {top: 0px, zIndex: 1014, transform: translateY(0px), position: fixed, height: undefined}  ... > 
  at <VAppBar id="topnav" > 
  at <MenusHeader drawer=false onToggleDrawer=fn > 
  at <ClientOnly > 
  at <VApp theme="light" class="auto-text" > 
  at <VResponsive class="border rounded" > 
  at <Default ref=Ref< Proxy(Object) > > 
  at <AsyncComponentWrapper ref=Ref< Proxy(Object) > > 
  at <LayoutLoader key="default" layoutProps= {ref: RefImpl} name="default" > 
  at <NuxtLayoutProvider layoutProps= {ref: RefImpl} key="default" name="default"  ... > 
  at <NuxtLayout > 
  at <App key=4 > 
  at <NuxtRoot> @ http://localhost:3001/_nuxt/@fs/home/meebuzo/github/alternate-framework/apps/ecosystem/meeovi-frontend/node_modules/@sentry/core/build/esm/instrument/console.js?v=cfee6d51:42
[   20011ms] [WARNING] [Vue warn]: Avoid app logic that relies on enumerating keys on a component instance. The keys will be empty in production mode to avoid performance overhead. 
  at <VNavigationDrawer modelValue=undefined onUpdate:modelValue=fn location="right"  ... > 
  at <MenusTopmenuLayoutNotifications > 
  at <VCol class="notificationsHeader" > 
  at <VDefaultsProvider defaults= {VTabs: Object} > 
  at <VToolbar ref=Ref< Proxy(Object) > class="v-app-bar" style= {top: 0px, zIndex: 1014, transform: translateY(0px), position: fixed, height: undefined}  ... > 
  at <VAppBar id="topnav" > 
  at <MenusHeader drawer=false onToggleDrawer=fn > 
  at <ClientOnly > 
  at <VApp theme="light" class="auto-text" > 
  at <VResponsive class="border rounded" > 
  at <Default ref=Ref< Proxy(Object) > > 
  at <AsyncComponentWrapper ref=Ref< Proxy(Object) > > 
  at <LayoutLoader key="default" layoutProps= {ref: RefImpl} name="default" > 
  at <NuxtLayoutProvider layoutProps= {ref: RefImpl} key="default" name="default"  ... > 
  at <NuxtLayout > 
  at <App key=4 > 
  at <NuxtRoot> @ http://localhost:3001/_nuxt/@fs/home/meebuzo/github/alternate-framework/apps/ecosystem/meeovi-frontend/node_modules/@sentry/core/build/esm/instrument/console.js?v=cfee6d51:42
[   20015ms] [WARNING] [Vue warn]: Avoid app logic that relies on enumerating keys on a component instance. The keys will be empty in production mode to avoid performance overhead. 
  at <VNavigationDrawer modelValue=undefined onUpdate:modelValue=fn location="right"  ... > 
  at <MenusTopmenuLayoutNotifications > 
  at <VCol class="notificationsHeader" > 
  at <VDefaultsProvider defaults= {VTabs: Object} > 
  at <VToolbar ref=Ref< Proxy(Object) > class="v-app-bar" style= {top: 0px, zIndex: 1014, transform: translateY(0px), position: fixed, height: undefined}  ... > 
  at <VAppBar id="topnav" > 
  at <MenusHeader drawer=false onToggleDrawer=fn > 
  at <ClientOnly > 
  at <VApp theme="light" class="auto-text" > 
  at <VResponsive class="border rounded" > 
  at <Default ref=Ref< Proxy(Object) > > 
  at <AsyncComponentWrapper ref=Ref< Proxy(Object) > > 
  at <LayoutLoader key="default" layoutProps= {ref: RefImpl} name="default" > 
  at <NuxtLayoutProvider layoutProps= {ref: RefImpl} key="default" name="default"  ... > 
  at <NuxtLayout > 
  at <App key=4 > 
  at <NuxtRoot> @ http://localhost:3001/_nuxt/@fs/home/meebuzo/github/alternate-framework/apps/ecosystem/meeovi-frontend/node_modules/@sentry/core/build/esm/instrument/console.js?v=cfee6d51:42
[   20018ms] [WARNING] [Vue warn]: Avoid app logic that relies on enumerating keys on a component instance. The keys will be empty in production mode to avoid performance overhead. 
  at <VNavigationDrawer modelValue=undefined onUpdate:modelValue=fn location="right"  ... > 
  at <MenusTopmenuLayoutNotifications > 
  at <VCol class="notificationsHeader" > 
  at <VDefaultsProvider defaults= {VTabs: Object} > 
  at <VToolbar ref=Ref< Proxy(Object) > class="v-app-bar" style= {top: 0px, zIndex: 1014, transform: translateY(0px), position: fixed, height: undefined}  ... > 
  at <VAppBar id="topnav" > 
  at <MenusHeader drawer=false onToggleDrawer=fn > 
  at <ClientOnly > 
  at <VApp theme="light" class="auto-text" > 
  at <VResponsive class="border rounded" > 
  at <Default ref=Ref< Proxy(Object) > > 
  at <AsyncComponentWrapper ref=Ref< Proxy(Object) > > 
  at <LayoutLoader key="default" layoutProps= {ref: RefImpl} name="default" > 
  at <NuxtLayoutProvider layoutProps= {ref: RefImpl} key="default" name="default"  ... > 
  at <NuxtLayout > 
  at <App key=4 > 
  at <NuxtRoot> @ http://localhost:3001/_nuxt/@fs/home/meebuzo/github/alternate-framework/apps/ecosystem/meeovi-frontend/node_modules/@sentry/core/build/esm/instrument/console.js?v=cfee6d51:42
[   20021ms] [WARNING] [Vue warn]: Avoid app logic that relies on enumerating keys on a component instance. The keys will be empty in production mode to avoid performance overhead. 
  at <VNavigationDrawer modelValue=undefined onUpdate:modelValue=fn location="right"  ... > 
  at <MenusTopmenuLayoutNotifications > 
  at <VCol class="notificationsHeader" > 
  at <VDefaultsProvider defaults= {VTabs: Object} > 
  at <VToolbar ref=Ref< Proxy(Object) > class="v-app-bar" style= {top: 0px, zIndex: 1014, transform: translateY(0px), position: fixed, height: undefined}  ... > 
  at <VAppBar id="topnav" > 
  at <MenusHeader drawer=false onToggleDrawer=fn > 
  at <ClientOnly > 
  at <VApp theme="light" class="auto-text" > 
  at <VResponsive class="border rounded" > 
  at <Default ref=Ref< Proxy(Object) > > 
  at <AsyncComponentWrapper ref=Ref< Proxy(Object) > > 
  at <LayoutLoader key="default" layoutProps= {ref: RefImpl} name="default" > 
  at <NuxtLayoutProvider layoutProps= {ref: RefImpl} key="default" name="default"  ... > 
  at <NuxtLayout > 
  at <App key=4 > 
  at <NuxtRoot> @ http://localhost:3001/_nuxt/@fs/home/meebuzo/github/alternate-framework/apps/ecosystem/meeovi-frontend/node_modules/@sentry/core/build/esm/instrument/console.js?v=cfee6d51:42
[   20024ms] [WARNING] [Vue warn]: Avoid app logic that relies on enumerating keys on a component instance. The keys will be empty in production mode to avoid performance overhead. 
  at <VNavigationDrawer modelValue=undefined onUpdate:modelValue=fn location="right"  ... > 
  at <MenusTopmenuLayoutNotifications > 
  at <VCol class="notificationsHeader" > 
  at <VDefaultsProvider defaults= {VTabs: Object} > 
  at <VToolbar ref=Ref< Proxy(Object) > class="v-app-bar" style= {top: 0px, zIndex: 1014, transform: translateY(0px), position: fixed, height: undefined}  ... > 
  at <VAppBar id="topnav" > 
  at <MenusHeader drawer=false onToggleDrawer=fn > 
  at <ClientOnly > 
  at <VApp theme="light" class="auto-text" > 
  at <VResponsive class="border rounded" > 
  at <Default ref=Ref< Proxy(Object) > > 
  at <AsyncComponentWrapper ref=Ref< Proxy(Object) > > 
  at <LayoutLoader key="default" layoutProps= {ref: RefImpl} name="default" > 
  at <NuxtLayoutProvider layoutProps= {ref: RefImpl} key="default" name="default"  ... > 
  at <NuxtLayout > 
  at <App key=4 > 
  at <NuxtRoot> @ http://localhost:3001/_nuxt/@fs/home/meebuzo/github/alternate-framework/apps/ecosystem/meeovi-frontend/node_modules/@sentry/core/build/esm/instrument/console.js?v=cfee6d51:42
[   20027ms] [WARNING] [Vue warn]: Avoid app logic that relies on enumerating keys on a component instance. The keys will be empty in production mode to avoid performance overhead. 
  at <VNavigationDrawer modelValue=undefined onUpdate:modelValue=fn location="right"  ... > 
  at <MenusTopmenuLayoutNotifications > 
  at <VCol class="notificationsHeader" > 
  at <VDefaultsProvider defaults= {VTabs: Object} > 
  at <VToolbar ref=Ref< Proxy(Object) > class="v-app-bar" style= {top: 0px, zIndex: 1014, transform: translateY(0px), position: fixed, height: undefined}  ... > 
  at <VAppBar id="topnav" > 
  at <MenusHeader drawer=false onToggleDrawer=fn > 
  at <ClientOnly > 
  at <VApp theme="light" class="auto-text" > 
  at <VResponsive class="border rounded" > 
  at <Default ref=Ref< Proxy(Object) > > 
  at <AsyncComponentWrapper ref=Ref< Proxy(Object) > > 
  at <LayoutLoader key="default" layoutProps= {ref: RefImpl} name="default" > 
  at <NuxtLayoutProvider layoutProps= {ref: RefImpl} key="default" name="default"  ... > 
  at <NuxtLayout > 
  at <App key=4 > 
  at <NuxtRoot> @ http://localhost:3001/_nuxt/@fs/home/meebuzo/github/alternate-framework/apps/ecosystem/meeovi-frontend/node_modules/@sentry/core/build/esm/instrument/console.js?v=cfee6d51:42
[   20033ms] [ERROR] Connecting to 'https://o996770.ingest.us.sentry.io/api/5955273/envelope/?sentry_version=7&sentry_key=df1b90fab7c44ce8aef097a63b468d61&sentry_client=sentry.javascript.nuxt%2F10.63.0' violates the following Content Security Policy directive: "connect-src 'self' https://*.mux.com". The action has been blocked. @ http://localhost:3001/_nuxt/@fs/home/meebuzo/github/alternate-framework/apps/ecosystem/meeovi-frontend/node_modules/@sentry/browser/build/npm/esm/dev/transports/fetch.js?v=cfee6d51:31
[   20033ms] [ERROR] Fetch API cannot load https://o996770.ingest.us.sentry.io/api/5955273/envelope/?sentry_version=7&sentry_key=df1b90fab7c44ce8aef097a63b468d61&sentry_client=sentry.javascript.nuxt%2F10.63.0. Refused to connect because it violates the document's Content Security Policy. @ http://localhost:3001/_nuxt/@fs/home/meebuzo/github/alternate-framework/apps/ecosystem/meeovi-frontend/node_modules/@sentry/browser/build/npm/esm/dev/transports/fetch.js?v=cfee6d51:31
[   20037ms] [WARNING] [Vue warn]: Avoid app logic that relies on enumerating keys on a component instance. The keys will be empty in production mode to avoid performance overhead. 
  at <VNavigationDrawer modelValue=undefined onUpdate:modelValue=fn location="right"  ... > 
  at <MenusTopmenuLayoutNotifications > 
  at <VCol class="notificationsHeader" > 
  at <VDefaultsProvider defaults= {VTabs: Object} > 
  at <VToolbar ref=Ref< Proxy(Object) > class="v-app-bar" style= {top: 0px, zIndex: 1014, transform: translateY(0px), position: fixed, height: undefined}  ... > 
  at <VAppBar id="topnav" > 
  at <MenusHeader drawer=false onToggleDrawer=fn > 
  at <ClientOnly > 
  at <VApp theme="light" class="auto-text" > 
  at <VResponsive class="border rounded" > 
  at <Default ref=Ref< Proxy(Object) > > 
  at <AsyncComponentWrapper ref=Ref< Proxy(Object) > > 
  at <LayoutLoader key="default" layoutProps= {ref: RefImpl} name="default" > 
  at <NuxtLayoutProvider layoutProps= {ref: RefImpl} key="default" name="default"  ... > 
  at <NuxtLayout > 
  at <App key=4 > 
  at <NuxtRoot> @ http://localhost:3001/_nuxt/@fs/home/meebuzo/github/alternate-framework/apps/ecosystem/meeovi-frontend/node_modules/@sentry/core/build/esm/instrument/console.js?v=cfee6d51:42
[   20041ms] [WARNING] [Vue warn]: Avoid app logic that relies on enumerating keys on a component instance. The keys will be empty in production mode to avoid performance overhead. 
  at <VNavigationDrawer modelValue=undefined onUpdate:modelValue=fn location="right"  ... > 
  at <MenusTopmenuLayoutNotifications > 
  at <VCol class="notificationsHeader" > 
  at <VDefaultsProvider defaults= {VTabs: Object} > 
  at <VToolbar ref=Ref< Proxy(Object) > class="v-app-bar" style= {top: 0px, zIndex: 1014, transform: translateY(0px), position: fixed, height: undefined}  ... > 
  at <VAppBar id="topnav" > 
  at <MenusHeader drawer=false onToggleDrawer=fn > 
  at <ClientOnly > 
  at <VApp theme="light" class="auto-text" > 
  at <VResponsive class="border rounded" > 
  at <Default ref=Ref< Proxy(Object) > > 
  at <AsyncComponentWrapper ref=Ref< Proxy(Object) > > 
  at <LayoutLoader key="default" layoutProps= {ref: RefImpl} name="default" > 
  at <NuxtLayoutProvider layoutProps= {ref: RefImpl} key="default" name="default"  ... > 
  at <NuxtLayout > 
  at <App key=4 > 
  at <NuxtRoot> @ http://localhost:3001/_nuxt/@fs/home/meebuzo/github/alternate-framework/apps/ecosystem/meeovi-frontend/node_modules/@sentry/core/build/esm/instrument/console.js?v=cfee6d51:42
[   20044ms] [WARNING] [Vue warn]: Avoid app logic that relies on enumerating keys on a component instance. The keys will be empty in production mode to avoid performance overhead. 
  at <VNavigationDrawer modelValue=undefined onUpdate:modelValue=fn location="right"  ... > 
  at <MenusTopmenuLayoutNotifications > 
  at <VCol class="notificationsHeader" > 
  at <VDefaultsProvider defaults= {VTabs: Object} > 
  at <VToolbar ref=Ref< Proxy(Object) > class="v-app-bar" style= {top: 0px, zIndex: 1014, transform: translateY(0px), position: fixed, height: undefined}  ... > 
  at <VAppBar id="topnav" > 
  at <MenusHeader drawer=false onToggleDrawer=fn > 
  at <ClientOnly > 
  at <VApp theme="light" class="auto-text" > 
  at <VResponsive class="border rounded" > 
  at <Default ref=Ref< Proxy(Object) > > 
  at <AsyncComponentWrapper ref=Ref< Proxy(Object) > > 
  at <LayoutLoader key="default" layoutProps= {ref: RefImpl} name="default" > 
  at <NuxtLayoutProvider layoutProps= {ref: RefImpl} key="default" name="default"  ... > 
  at <NuxtLayout > 
  at <App key=4 > 
  at <NuxtRoot> @ http://localhost:3001/_nuxt/@fs/home/meebuzo/github/alternate-framework/apps/ecosystem/meeovi-frontend/node_modules/@sentry/core/build/esm/instrument/console.js?v=cfee6d51:42
[   20047ms] [WARNING] [Vue warn]: Avoid app logic that relies on enumerating keys on a component instance. The keys will be empty in production mode to avoid performance overhead. 
  at <VNavigationDrawer modelValue=undefined onUpdate:modelValue=fn location="right"  ... > 
  at <MenusTopmenuLayoutNotifications > 
  at <VCol class="notificationsHeader" > 
  at <VDefaultsProvider defaults= {VTabs: Object} > 
  at <VToolbar ref=Ref< Proxy(Object) > class="v-app-bar" style= {top: 0px, zIndex: 1014, transform: translateY(0px), position: fixed, height: undefined}  ... > 
  at <VAppBar id="topnav" > 
  at <MenusHeader drawer=false onToggleDrawer=fn > 
  at <ClientOnly > 
  at <VApp theme="light" class="auto-text" > 
  at <VResponsive class="border rounded" > 
  at <Default ref=Ref< Proxy(Object) > > 
  at <AsyncComponentWrapper ref=Ref< Proxy(Object) > > 
  at <LayoutLoader key="default" layoutProps= {ref: RefImpl} name="default" > 
  at <NuxtLayoutProvider layoutProps= {ref: RefImpl} key="default" name="default"  ... > 
  at <NuxtLayout > 
  at <App key=4 > 
  at <NuxtRoot> @ http://localhost:3001/_nuxt/@fs/home/meebuzo/github/alternate-framework/apps/ecosystem/meeovi-frontend/node_modules/@sentry/core/build/esm/instrument/console.js?v=cfee6d51:42
[   20051ms] [WARNING] [Vue warn]: Avoid app logic that relies on enumerating keys on a component instance. The keys will be empty in production mode to avoid performance overhead. 
  at <VNavigationDrawer modelValue=undefined onUpdate:modelValue=fn location="right"  ... > 
  at <MenusTopmenuLayoutNotifications > 
  at <VCol class="notificationsHeader" > 
  at <VDefaultsProvider defaults= {VTabs: Object} > 
  at <VToolbar ref=Ref< Proxy(Object) > class="v-app-bar" style= {top: 0px, zIndex: 1014, transform: translateY(0px), position: fixed, height: undefined}  ... > 
  at <VAppBar id="topnav" > 
  at <MenusHeader drawer=false onToggleDrawer=fn > 
  at <ClientOnly > 
  at <VApp theme="light" class="auto-text" > 
  at <VResponsive class="border rounded" > 
  at <Default ref=Ref< Proxy(Object) > > 
  at <AsyncComponentWrapper ref=Ref< Proxy(Object) > > 
  at <LayoutLoader key="default" layoutProps= {ref: RefImpl} name="default" > 
  at <NuxtLayoutProvider layoutProps= {ref: RefImpl} key="default" name="default"  ... > 
  at <NuxtLayout > 
  at <App key=4 > 
  at <NuxtRoot> @ http://localhost:3001/_nuxt/@fs/home/meebuzo/github/alternate-framework/apps/ecosystem/meeovi-frontend/node_modules/@sentry/core/build/esm/instrument/console.js?v=cfee6d51:42
[   20054ms] [WARNING] [Vue warn]: Avoid app logic that relies on enumerating keys on a component instance. The keys will be empty in production mode to avoid performance overhead. 
  at <VNavigationDrawer modelValue=undefined onUpdate:modelValue=fn location="right"  ... > 
  at <MenusTopmenuLayoutNotifications > 
  at <VCol class="notificationsHeader" > 
  at <VDefaultsProvider defaults= {VTabs: Object} > 
  at <VToolbar ref=Ref< Proxy(Object) > class="v-app-bar" style= {top: 0px, zIndex: 1014, transform: translateY(0px), position: fixed, height: undefined}  ... > 
  at <VAppBar id="topnav" > 
  at <MenusHeader drawer=false onToggleDrawer=fn > 
  at <ClientOnly > 
  at <VApp theme="light" class="auto-text" > 
  at <VResponsive class="border rounded" > 
  at <Default ref=Ref< Proxy(Object) > > 
  at <AsyncComponentWrapper ref=Ref< Proxy(Object) > > 
  at <LayoutLoader key="default" layoutProps= {ref: RefImpl} name="default" > 
  at <NuxtLayoutProvider layoutProps= {ref: RefImpl} key="default" name="default"  ... > 
  at <NuxtLayout > 
  at <App key=4 > 
  at <NuxtRoot> @ http://localhost:3001/_nuxt/@fs/home/meebuzo/github/alternate-framework/apps/ecosystem/meeovi-frontend/node_modules/@sentry/core/build/esm/instrument/console.js?v=cfee6d51:42
[   20060ms] [WARNING] [Vue warn]: Avoid app logic that relies on enumerating keys on a component instance. The keys will be empty in production mode to avoid performance overhead. 
  at <VNavigationDrawer modelValue=undefined onUpdate:modelValue=fn location="right"  ... > 
  at <MenusTopmenuLayoutNotifications > 
  at <VCol class="notificationsHeader" > 
  at <VDefaultsProvider defaults= {VTabs: Object} > 
  at <VToolbar ref=Ref< Proxy(Object) > class="v-app-bar" style= {top: 0px, zIndex: 1014, transform: translateY(0px), position: fixed, height: undefined}  ... > 
  at <VAppBar id="topnav" > 
  at <MenusHeader drawer=false onToggleDrawer=fn > 
  at <ClientOnly > 
  at <VApp theme="light" class="auto-text" > 
  at <VResponsive class="border rounded" > 
  at <Default ref=Ref< Proxy(Object) > > 
  at <AsyncComponentWrapper ref=Ref< Proxy(Object) > > 
  at <LayoutLoader key="default" layoutProps= {ref: RefImpl} name="default" > 
  at <NuxtLayoutProvider layoutProps= {ref: RefImpl} key="default" name="default"  ... > 
  at <NuxtLayout > 
  at <App key=4 > 
  at <NuxtRoot> @ http://localhost:3001/_nuxt/@fs/home/meebuzo/github/alternate-framework/apps/ecosystem/meeovi-frontend/node_modules/@sentry/core/build/esm/instrument/console.js?v=cfee6d51:42
[   20064ms] [WARNING] [Vue warn]: Avoid app logic that relies on enumerating keys on a component instance. The keys will be empty in production mode to avoid performance overhead. 
  at <VNavigationDrawer modelValue=undefined onUpdate:modelValue=fn location="right"  ... > 
  at <MenusTopmenuLayoutNotifications > 
  at <VCol class="notificationsHeader" > 
  at <VDefaultsProvider defaults= {VTabs: Object} > 
  at <VToolbar ref=Ref< Proxy(Object) > class="v-app-bar" style= {top: 0px, zIndex: 1014, transform: translateY(0px), position: fixed, height: undefined}  ... > 
  at <VAppBar id="topnav" > 
  at <MenusHeader drawer=false onToggleDrawer=fn > 
  at <ClientOnly > 
  at <VApp theme="light" class="auto-text" > 
  at <VResponsive class="border rounded" > 
  at <Default ref=Ref< Proxy(Object) > > 
  at <AsyncComponentWrapper ref=Ref< Proxy(Object) > > 
  at <LayoutLoader key="default" layoutProps= {ref: RefImpl} name="default" > 
  at <NuxtLayoutProvider layoutProps= {ref: RefImpl} key="default" name="default"  ... > 
  at <NuxtLayout > 
  at <App key=4 > 
  at <NuxtRoot> @ http://localhost:3001/_nuxt/@fs/home/meebuzo/github/alternate-framework/apps/ecosystem/meeovi-frontend/node_modules/@sentry/core/build/esm/instrument/console.js?v=cfee6d51:42
[   20068ms] [WARNING] [Vue warn]: Avoid app logic that relies on enumerating keys on a component instance. The keys will be empty in production mode to avoid performance overhead. 
  at <VNavigationDrawer modelValue=undefined onUpdate:modelValue=fn location="right"  ... > 
  at <MenusTopmenuLayoutNotifications > 
  at <VCol class="notificationsHeader" > 
  at <VDefaultsProvider defaults= {VTabs: Object} > 
  at <VToolbar ref=Ref< Proxy(Object) > class="v-app-bar" style= {top: 0px, zIndex: 1014, transform: translateY(0px), position: fixed, height: undefined}  ... > 
  at <VAppBar id="topnav" > 
  at <MenusHeader drawer=false onToggleDrawer=fn > 
  at <ClientOnly > 
  at <VApp theme="light" class="auto-text" > 
  at <VResponsive class="border rounded" > 
  at <Default ref=Ref< Proxy(Object) > > 
  at <AsyncComponentWrapper ref=Ref< Proxy(Object) > > 
  at <LayoutLoader key="default" layoutProps= {ref: RefImpl} name="default" > 
  at <NuxtLayoutProvider layoutProps= {ref: RefImpl} key="default" name="default"  ... > 
  at <NuxtLayout > 
  at <App key=4 > 
  at <NuxtRoot> @ http://localhost:3001/_nuxt/@fs/home/meebuzo/github/alternate-framework/apps/ecosystem/meeovi-frontend/node_modules/@sentry/core/build/esm/instrument/console.js?v=cfee6d51:42
[   20071ms] [WARNING] [Vue warn]: Avoid app logic that relies on enumerating keys on a component instance. The keys will be empty in production mode to avoid performance overhead. 
  at <VNavigationDrawer modelValue=undefined onUpdate:modelValue=fn location="right"  ... > 
  at <MenusTopmenuLayoutNotifications > 
  at <VCol class="notificationsHeader" > 
  at <VDefaultsProvider defaults= {VTabs: Object} > 
  at <VToolbar ref=Ref< Proxy(Object) > class="v-app-bar" style= {top: 0px, zIndex: 1014, transform: translateY(0px), position: fixed, height: undefined}  ... > 
  at <VAppBar id="topnav" > 
  at <MenusHeader drawer=false onToggleDrawer=fn > 
  at <ClientOnly > 
  at <VApp theme="light" class="auto-text" > 
  at <VResponsive class="border rounded" > 
  at <Default ref=Ref< Proxy(Object) > > 
  at <AsyncComponentWrapper ref=Ref< Proxy(Object) > > 
  at <LayoutLoader key="default" layoutProps= {ref: RefImpl} name="default" > 
  at <NuxtLayoutProvider layoutProps= {ref: RefImpl} key="default" name="default"  ... > 
  at <NuxtLayout > 
  at <App key=4 > 
  at <NuxtRoot> @ http://localhost:3001/_nuxt/@fs/home/meebuzo/github/alternate-framework/apps/ecosystem/meeovi-frontend/node_modules/@sentry/core/build/esm/instrument/console.js?v=cfee6d51:42
[   20077ms] [WARNING] [Vue warn]: Avoid app logic that relies on enumerating keys on a component instance. The keys will be empty in production mode to avoid performance overhead. 
  at <VNavigationDrawer modelValue=undefined onUpdate:modelValue=fn location="right"  ... > 
  at <MenusTopmenuLayoutNotifications > 
  at <VCol class="notificationsHeader" > 
  at <VDefaultsProvider defaults= {VTabs: Object} > 
  at <VToolbar ref=Ref< Proxy(Object) > class="v-app-bar" style= {top: 0px, zIndex: 1014, transform: translateY(0px), position: fixed, height: undefined}  ... > 
  at <VAppBar id="topnav" > 
  at <MenusHeader drawer=false onToggleDrawer=fn > 
  at <ClientOnly > 
  at <VApp theme="light" class="auto-text" > 
  at <VResponsive class="border rounded" > 
  at <Default ref=Ref< Proxy(Object) > > 
  at <AsyncComponentWrapper ref=Ref< Proxy(Object) > > 
  at <LayoutLoader key="default" layoutProps= {ref: RefImpl} name="default" > 
  at <NuxtLayoutProvider layoutProps= {ref: RefImpl} key="default" name="default"  ... > 
  at <NuxtLayout > 
  at <App key=4 > 
  at <NuxtRoot> @ http://localhost:3001/_nuxt/@fs/home/meebuzo/github/alternate-framework/apps/ecosystem/meeovi-frontend/node_modules/@sentry/core/build/esm/instrument/console.js?v=cfee6d51:42
[   20080ms] [WARNING] [Vue warn]: Avoid app logic that relies on enumerating keys on a component instance. The keys will be empty in production mode to avoid performance overhead. 
  at <VNavigationDrawer modelValue=undefined onUpdate:modelValue=fn location="right"  ... > 
  at <MenusTopmenuLayoutNotifications > 
  at <VCol class="notificationsHeader" > 
  at <VDefaultsProvider defaults= {VTabs: Object} > 
  at <VToolbar ref=Ref< Proxy(Object) > class="v-app-bar" style= {top: 0px, zIndex: 1014, transform: translateY(0px), position: fixed, height: undefined}  ... > 
  at <VAppBar id="topnav" > 
  at <MenusHeader drawer=false onToggleDrawer=fn > 
  at <ClientOnly > 
  at <VApp theme="light" class="auto-text" > 
  at <VResponsive class="border rounded" > 
  at <Default ref=Ref< Proxy(Object) > > 
  at <AsyncComponentWrapper ref=Ref< Proxy(Object) > > 
  at <LayoutLoader key="default" layoutProps= {ref: RefImpl} name="default" > 
  at <NuxtLayoutProvider layoutProps= {ref: RefImpl} key="default" name="default"  ... > 
  at <NuxtLayout > 
  at <App key=4 > 
  at <NuxtRoot> @ http://localhost:3001/_nuxt/@fs/home/meebuzo/github/alternate-framework/apps/ecosystem/meeovi-frontend/node_modules/@sentry/core/build/esm/instrument/console.js?v=cfee6d51:42
[   20083ms] [WARNING] [Vue warn]: Avoid app logic that relies on enumerating keys on a component instance. The keys will be empty in production mode to avoid performance overhead. 
  at <VNavigationDrawer modelValue=undefined onUpdate:modelValue=fn location="right"  ... > 
  at <MenusTopmenuLayoutNotifications > 
  at <VCol class="notificationsHeader" > 
  at <VDefaultsProvider defaults= {VTabs: Object} > 
  at <VToolbar ref=Ref< Proxy(Object) > class="v-app-bar" style= {top: 0px, zIndex: 1014, transform: translateY(0px), position: fixed, height: undefined}  ... > 
  at <VAppBar id="topnav" > 
  at <MenusHeader drawer=false onToggleDrawer=fn > 
  at <ClientOnly > 
  at <VApp theme="light" class="auto-text" > 
  at <VResponsive class="border rounded" > 
  at <Default ref=Ref< Proxy(Object) > > 
  at <AsyncComponentWrapper ref=Ref< Proxy(Object) > > 
  at <LayoutLoader key="default" layoutProps= {ref: RefImpl} name="default" > 
  at <NuxtLayoutProvider layoutProps= {ref: RefImpl} key="default" name="default"  ... > 
  at <NuxtLayout > 
  at <App key=4 > 
  at <NuxtRoot> @ http://localhost:3001/_nuxt/@fs/home/meebuzo/github/alternate-framework/apps/ecosystem/meeovi-frontend/node_modules/@sentry/core/build/esm/instrument/console.js?v=cfee6d51:42
[   20087ms] [WARNING] [Vue warn]: Avoid app logic that relies on enumerating keys on a component instance. The keys will be empty in production mode to avoid performance overhead. 
  at <VNavigationDrawer modelValue=undefined onUpdate:modelValue=fn location="right"  ... > 
  at <MenusTopmenuLayoutNotifications > 
  at <VCol class="notificationsHeader" > 
  at <VDefaultsProvider defaults= {VTabs: Object} > 
  at <VToolbar ref=Ref< Proxy(Object) > class="v-app-bar" style= {top: 0px, zIndex: 1014, transform: translateY(0px), position: fixed, height: undefined}  ... > 
  at <VAppBar id="topnav" > 
  at <MenusHeader drawer=false onToggleDrawer=fn > 
  at <ClientOnly > 
  at <VApp theme="light" class="auto-text" > 
  at <VResponsive class="border rounded" > 
  at <Default ref=Ref< Proxy(Object) > > 
  at <AsyncComponentWrapper ref=Ref< Proxy(Object) > > 
  at <LayoutLoader key="default" layoutProps= {ref: RefImpl} name="default" > 
  at <NuxtLayoutProvider layoutProps= {ref: RefImpl} key="default" name="default"  ... > 
  at <NuxtLayout > 
  at <App key=4 > 
  at <NuxtRoot> @ http://localhost:3001/_nuxt/@fs/home/meebuzo/github/alternate-framework/apps/ecosystem/meeovi-frontend/node_modules/@sentry/core/build/esm/instrument/console.js?v=cfee6d51:42
[   20093ms] [WARNING] [Vue warn]: Avoid app logic that relies on enumerating keys on a component instance. The keys will be empty in production mode to avoid performance overhead. 
  at <VNavigationDrawer modelValue=undefined onUpdate:modelValue=fn location="right"  ... > 
  at <MenusTopmenuLayoutNotifications > 
  at <VCol class="notificationsHeader" > 
  at <VDefaultsProvider defaults= {VTabs: Object} > 
  at <VToolbar ref=Ref< Proxy(Object) > class="v-app-bar" style= {top: 0px, zIndex: 1014, transform: translateY(0px), position: fixed, height: undefined}  ... > 
  at <VAppBar id="topnav" > 
  at <MenusHeader drawer=false onToggleDrawer=fn > 
  at <ClientOnly > 
  at <VApp theme="light" class="auto-text" > 
  at <VResponsive class="border rounded" > 
  at <Default ref=Ref< Proxy(Object) > > 
  at <AsyncComponentWrapper ref=Ref< Proxy(Object) > > 
  at <LayoutLoader key="default" layoutProps= {ref: RefImpl} name="default" > 
  at <NuxtLayoutProvider layoutProps= {ref: RefImpl} key="default" name="default"  ... > 
  at <NuxtLayout > 
  at <App key=4 > 
  at <NuxtRoot> @ http://localhost:3001/_nuxt/@fs/home/meebuzo/github/alternate-framework/apps/ecosystem/meeovi-frontend/node_modules/@sentry/core/build/esm/instrument/console.js?v=cfee6d51:42
[   20098ms] [WARNING] [Vue warn]: Avoid app logic that relies on enumerating keys on a component instance. The keys will be empty in production mode to avoid performance overhead. 
  at <VNavigationDrawer modelValue=undefined onUpdate:modelValue=fn location="right"  ... > 
  at <MenusTopmenuLayoutNotifications > 
  at <VCol class="notificationsHeader" > 
  at <VDefaultsProvider defaults= {VTabs: Object} > 
  at <VToolbar ref=Ref< Proxy(Object) > class="v-app-bar" style= {top: 0px, zIndex: 1014, transform: translateY(0px), position: fixed, height: undefined}  ... > 
  at <VAppBar id="topnav" > 
  at <MenusHeader drawer=false onToggleDrawer=fn > 
  at <ClientOnly > 
  at <VApp theme="light" class="auto-text" > 
  at <VResponsive class="border rounded" > 
  at <Default ref=Ref< Proxy(Object) > > 
  at <AsyncComponentWrapper ref=Ref< Proxy(Object) > > 
  at <LayoutLoader key="default" layoutProps= {ref: RefImpl} name="default" > 
  at <NuxtLayoutProvider layoutProps= {ref: RefImpl} key="default" name="default"  ... > 
  at <NuxtLayout > 
  at <App key=4 > 
  at <NuxtRoot> @ http://localhost:3001/_nuxt/@fs/home/meebuzo/github/alternate-framework/apps/ecosystem/meeovi-frontend/node_modules/@sentry/core/build/esm/instrument/console.js?v=cfee6d51:42
[   20101ms] [WARNING] [Vue warn]: Avoid app logic that relies on enumerating keys on a component instance. The keys will be empty in production mode to avoid performance overhead. 
  at <VNavigationDrawer modelValue=undefined onUpdate:modelValue=fn location="right"  ... > 
  at <MenusTopmenuLayoutNotifications > 
  at <VCol class="notificationsHeader" > 
  at <VDefaultsProvider defaults= {VTabs: Object} > 
  at <VToolbar ref=Ref< Proxy(Object) > class="v-app-bar" style= {top: 0px, zIndex: 1014, transform: translateY(0px), position: fixed, height: undefined}  ... > 
  at <VAppBar id="topnav" > 
  at <MenusHeader drawer=false onToggleDrawer=fn > 
  at <ClientOnly > 
  at <VApp theme="light" class="auto-text" > 
  at <VResponsive class="border rounded" > 
  at <Default ref=Ref< Proxy(Object) > > 
  at <AsyncComponentWrapper ref=Ref< Proxy(Object) > > 
  at <LayoutLoader key="default" layoutProps= {ref: RefImpl} name="default" > 
  at <NuxtLayoutProvider layoutProps= {ref: RefImpl} key="default" name="default"  ... > 
  at <NuxtLayout > 
  at <App key=4 > 
  at <NuxtRoot> @ http://localhost:3001/_nuxt/@fs/home/meebuzo/github/alternate-framework/apps/ecosystem/meeovi-frontend/node_modules/@sentry/core/build/esm/instrument/console.js?v=cfee6d51:42
[   20105ms] [WARNING] [Vue warn]: Avoid app logic that relies on enumerating keys on a component instance. The keys will be empty in production mode to avoid performance overhead. 
  at <VNavigationDrawer modelValue=undefined onUpdate:modelValue=fn location="right"  ... > 
  at <MenusTopmenuLayoutNotifications > 
  at <VCol class="notificationsHeader" > 
  at <VDefaultsProvider defaults= {VTabs: Object} > 
  at <VToolbar ref=Ref< Proxy(Object) > class="v-app-bar" style= {top: 0px, zIndex: 1014, transform: translateY(0px), position: fixed, height: undefined}  ... > 
  at <VAppBar id="topnav" > 
  at <MenusHeader drawer=false onToggleDrawer=fn > 
  at <ClientOnly > 
  at <VApp theme="light" class="auto-text" > 
  at <VResponsive class="border rounded" > 
  at <Default ref=Ref< Proxy(Object) > > 
  at <AsyncComponentWrapper ref=Ref< Proxy(Object) > > 
  at <LayoutLoader key="default" layoutProps= {ref: RefImpl} name="default" > 
  at <NuxtLayoutProvider layoutProps= {ref: RefImpl} key="default" name="default"  ... > 
  at <NuxtLayout > 
  at <App key=4 > 
  at <NuxtRoot> @ http://localhost:3001/_nuxt/@fs/home/meebuzo/github/alternate-framework/apps/ecosystem/meeovi-frontend/node_modules/@sentry/core/build/esm/instrument/console.js?v=cfee6d51:42
[   20111ms] [WARNING] [Vue warn]: Avoid app logic that relies on enumerating keys on a component instance. The keys will be empty in production mode to avoid performance overhead. 
  at <VNavigationDrawer modelValue=undefined onUpdate:modelValue=fn location="right"  ... > 
  at <MenusTopmenuLayoutNotifications > 
  at <VCol class="notificationsHeader" > 
  at <VDefaultsProvider defaults= {VTabs: Object} > 
  at <VToolbar ref=Ref< Proxy(Object) > class="v-app-bar" style= {top: 0px, zIndex: 1014, transform: translateY(0px), position: fixed, height: undefined}  ... > 
  at <VAppBar id="topnav" > 
  at <MenusHeader drawer=false onToggleDrawer=fn > 
  at <ClientOnly > 
  at <VApp theme="light" class="auto-text" > 
  at <VResponsive class="border rounded" > 
  at <Default ref=Ref< Proxy(Object) > > 
  at <AsyncComponentWrapper ref=Ref< Proxy(Object) > > 
  at <LayoutLoader key="default" layoutProps= {ref: RefImpl} name="default" > 
  at <NuxtLayoutProvider layoutProps= {ref: RefImpl} key="default" name="default"  ... > 
  at <NuxtLayout > 
  at <App key=4 > 
  at <NuxtRoot> @ http://localhost:3001/_nuxt/@fs/home/meebuzo/github/alternate-framework/apps/ecosystem/meeovi-frontend/node_modules/@sentry/core/build/esm/instrument/console.js?v=cfee6d51:42
[   20114ms] [WARNING] [Vue warn]: Avoid app logic that relies on enumerating keys on a component instance. The keys will be empty in production mode to avoid performance overhead. 
  at <VNavigationDrawer modelValue=undefined onUpdate:modelValue=fn location="right"  ... > 
  at <MenusTopmenuLayoutNotifications > 
  at <VCol class="notificationsHeader" > 
  at <VDefaultsProvider defaults= {VTabs: Object} > 
  at <VToolbar ref=Ref< Proxy(Object) > class="v-app-bar" style= {top: 0px, zIndex: 1014, transform: translateY(0px), position: fixed, height: undefined}  ... > 
  at <VAppBar id="topnav" > 
  at <MenusHeader drawer=false onToggleDrawer=fn > 
  at <ClientOnly > 
  at <VApp theme="light" class="auto-text" > 
  at <VResponsive class="border rounded" > 
  at <Default ref=Ref< Proxy(Object) > > 
  at <AsyncComponentWrapper ref=Ref< Proxy(Object) > > 
  at <LayoutLoader key="default" layoutProps= {ref: RefImpl} name="default" > 
  at <NuxtLayoutProvider layoutProps= {ref: RefImpl} key="default" name="default"  ... > 
  at <NuxtLayout > 
  at <App key=4 > 
  at <NuxtRoot> @ http://localhost:3001/_nuxt/@fs/home/meebuzo/github/alternate-framework/apps/ecosystem/meeovi-frontend/node_modules/@sentry/core/build/esm/instrument/console.js?v=cfee6d51:42
[   20118ms] [WARNING] [Vue warn]: Avoid app logic that relies on enumerating keys on a component instance. The keys will be empty in production mode to avoid performance overhead. 
  at <VNavigationDrawer modelValue=undefined onUpdate:modelValue=fn location="right"  ... > 
  at <MenusTopmenuLayoutNotifications > 
  at <VCol class="notificationsHeader" > 
  at <VDefaultsProvider defaults= {VTabs: Object} > 
  at <VToolbar ref=Ref< Proxy(Object) > class="v-app-bar" style= {top: 0px, zIndex: 1014, transform: translateY(0px), position: fixed, height: undefined}  ... > 
  at <VAppBar id="topnav" > 
  at <MenusHeader drawer=false onToggleDrawer=fn > 
  at <ClientOnly > 
  at <VApp theme="light" class="auto-text" > 
  at <VResponsive class="border rounded" > 
  at <Default ref=Ref< Proxy(Object) > > 
  at <AsyncComponentWrapper ref=Ref< Proxy(Object) > > 
  at <LayoutLoader key="default" layoutProps= {ref: RefImpl} name="default" > 
  at <NuxtLayoutProvider layoutProps= {ref: RefImpl} key="default" name="default"  ... > 
  at <NuxtLayout > 
  at <App key=4 > 
  at <NuxtRoot> @ http://localhost:3001/_nuxt/@fs/home/meebuzo/github/alternate-framework/apps/ecosystem/meeovi-frontend/node_modules/@sentry/core/build/esm/instrument/console.js?v=cfee6d51:42
[   20121ms] [WARNING] [Vue warn]: Avoid app logic that relies on enumerating keys on a component instance. The keys will be empty in production mode to avoid performance overhead. 
  at <VNavigationDrawer modelValue=undefined onUpdate:modelValue=fn location="right"  ... > 
  at <MenusTopmenuLayoutNotifications > 
  at <VCol class="notificationsHeader" > 
  at <VDefaultsProvider defaults= {VTabs: Object} > 
  at <VToolbar ref=Ref< Proxy(Object) > class="v-app-bar" style= {top: 0px, zIndex: 1014, transform: translateY(0px), position: fixed, height: undefined}  ... > 
  at <VAppBar id="topnav" > 
  at <MenusHeader drawer=false onToggleDrawer=fn > 
  at <ClientOnly > 
  at <VApp theme="light" class="auto-text" > 
  at <VResponsive class="border rounded" > 
  at <Default ref=Ref< Proxy(Object) > > 
  at <AsyncComponentWrapper ref=Ref< Proxy(Object) > > 
  at <LayoutLoader key="default" layoutProps= {ref: RefImpl} name="default" > 
  at <NuxtLayoutProvider layoutProps= {ref: RefImpl} key="default" name="default"  ... > 
  at <NuxtLayout > 
  at <App key=4 > 
  at <NuxtRoot> @ http://localhost:3001/_nuxt/@fs/home/meebuzo/github/alternate-framework/apps/ecosystem/meeovi-frontend/node_modules/@sentry/core/build/esm/instrument/console.js?v=cfee6d51:42
[   20125ms] [WARNING] [Vue warn]: Avoid app logic that relies on enumerating keys on a component instance. The keys will be empty in production mode to avoid performance overhead. 
  at <VNavigationDrawer modelValue=undefined onUpdate:modelValue=fn location="right"  ... > 
  at <MenusTopmenuLayoutNotifications > 
  at <VCol class="notificationsHeader" > 
  at <VDefaultsProvider defaults= {VTabs: Object} > 
  at <VToolbar ref=Ref< Proxy(Object) > class="v-app-bar" style= {top: 0px, zIndex: 1014, transform: translateY(0px), position: fixed, height: undefined}  ... > 
  at <VAppBar id="topnav" > 
  at <MenusHeader drawer=false onToggleDrawer=fn > 
  at <ClientOnly > 
  at <VApp theme="light" class="auto-text" > 
  at <VResponsive class="border rounded" > 
  at <Default ref=Ref< Proxy(Object) > > 
  at <AsyncComponentWrapper ref=Ref< Proxy(Object) > > 
  at <LayoutLoader key="default" layoutProps= {ref: RefImpl} name="default" > 
  at <NuxtLayoutProvider layoutProps= {ref: RefImpl} key="default" name="default"  ... > 
  at <NuxtLayout > 
  at <App key=4 > 
  at <NuxtRoot> @ http://localhost:3001/_nuxt/@fs/home/meebuzo/github/alternate-framework/apps/ecosystem/meeovi-frontend/node_modules/@sentry/core/build/esm/instrument/console.js?v=cfee6d51:42
[   20128ms] [WARNING] [Vue warn]: Avoid app logic that relies on enumerating keys on a component instance. The keys will be empty in production mode to avoid performance overhead. 
  at <VNavigationDrawer modelValue=undefined onUpdate:modelValue=fn location="right"  ... > 
  at <MenusTopmenuLayoutNotifications > 
  at <VCol class="notificationsHeader" > 
  at <VDefaultsProvider defaults= {VTabs: Object} > 
  at <VToolbar ref=Ref< Proxy(Object) > class="v-app-bar" style= {top: 0px, zIndex: 1014, transform: translateY(0px), position: fixed, height: undefined}  ... > 
  at <VAppBar id="topnav" > 
  at <MenusHeader drawer=false onToggleDrawer=fn > 
  at <ClientOnly > 
  at <VApp theme="light" class="auto-text" > 
  at <VResponsive class="border rounded" > 
  at <Default ref=Ref< Proxy(Object) > > 
  at <AsyncComponentWrapper ref=Ref< Proxy(Object) > > 
  at <LayoutLoader key="default" layoutProps= {ref: RefImpl} name="default" > 
  at <NuxtLayoutProvider layoutProps= {ref: RefImpl} key="default" name="default"  ... > 
  at <NuxtLayout > 
  at <App key=4 > 
  at <NuxtRoot> @ http://localhost:3001/_nuxt/@fs/home/meebuzo/github/alternate-framework/apps/ecosystem/meeovi-frontend/node_modules/@sentry/core/build/esm/instrument/console.js?v=cfee6d51:42
[   20131ms] [WARNING] [Vue warn]: Avoid app logic that relies on enumerating keys on a component instance. The keys will be empty in production mode to avoid performance overhead. 
  at <VNavigationDrawer modelValue=undefined onUpdate:modelValue=fn location="right"  ... > 
  at <MenusTopmenuLayoutNotifications > 
  at <VCol class="notificationsHeader" > 
  at <VDefaultsProvider defaults= {VTabs: Object} > 
  at <VToolbar ref=Ref< Proxy(Object) > class="v-app-bar" style= {top: 0px, zIndex: 1014, transform: translateY(0px), position: fixed, height: undefined}  ... > 
  at <VAppBar id="topnav" > 
  at <MenusHeader drawer=false onToggleDrawer=fn > 
  at <ClientOnly > 
  at <VApp theme="light" class="auto-text" > 
  at <VResponsive class="border rounded" > 
  at <Default ref=Ref< Proxy(Object) > > 
  at <AsyncComponentWrapper ref=Ref< Proxy(Object) > > 
  at <LayoutLoader key="default" layoutProps= {ref: RefImpl} name="default" > 
  at <NuxtLayoutProvider layoutProps= {ref: RefImpl} key="default" name="default"  ... > 
  at <NuxtLayout > 
  at <App key=4 > 
  at <NuxtRoot> @ http://localhost:3001/_nuxt/@fs/home/meebuzo/github/alternate-framework/apps/ecosystem/meeovi-frontend/node_modules/@sentry/core/build/esm/instrument/console.js?v=cfee6d51:42
[   20135ms] [WARNING] [Vue warn]: Avoid app logic that relies on enumerating keys on a component instance. The keys will be empty in production mode to avoid performance overhead. 
  at <VNavigationDrawer modelValue=undefined onUpdate:modelValue=fn location="right"  ... > 
  at <MenusTopmenuLayoutNotifications > 
  at <VCol class="notificationsHeader" > 
  at <VDefaultsProvider defaults= {VTabs: Object} > 
  at <VToolbar ref=Ref< Proxy(Object) > class="v-app-bar" style= {top: 0px, zIndex: 1014, transform: translateY(0px), position: fixed, height: undefined}  ... > 
  at <VAppBar id="topnav" > 
  at <MenusHeader drawer=false onToggleDrawer=fn > 
  at <ClientOnly > 
  at <VApp theme="light" class="auto-text" > 
  at <VResponsive class="border rounded" > 
  at <Default ref=Ref< Proxy(Object) > > 
  at <AsyncComponentWrapper ref=Ref< Proxy(Object) > > 
  at <LayoutLoader key="default" layoutProps= {ref: RefImpl} name="default" > 
  at <NuxtLayoutProvider layoutProps= {ref: RefImpl} key="default" name="default"  ... > 
  at <NuxtLayout > 
  at <App key=4 > 
  at <NuxtRoot> @ http://localhost:3001/_nuxt/@fs/home/meebuzo/github/alternate-framework/apps/ecosystem/meeovi-frontend/node_modules/@sentry/core/build/esm/instrument/console.js?v=cfee6d51:42
[   20139ms] [WARNING] [Vue warn]: Avoid app logic that relies on enumerating keys on a component instance. The keys will be empty in production mode to avoid performance overhead. 
  at <VNavigationDrawer modelValue=undefined onUpdate:modelValue=fn location="right"  ... > 
  at <MenusTopmenuLayoutNotifications > 
  at <VCol class="notificationsHeader" > 
  at <VDefaultsProvider defaults= {VTabs: Object} > 
  at <VToolbar ref=Ref< Proxy(Object) > class="v-app-bar" style= {top: 0px, zIndex: 1014, transform: translateY(0px), position: fixed, height: undefined}  ... > 
  at <VAppBar id="topnav" > 
  at <MenusHeader drawer=false onToggleDrawer=fn > 
  at <ClientOnly > 
  at <VApp theme="light" class="auto-text" > 
  at <VResponsive class="border rounded" > 
  at <Default ref=Ref< Proxy(Object) > > 
  at <AsyncComponentWrapper ref=Ref< Proxy(Object) > > 
  at <LayoutLoader key="default" layoutProps= {ref: RefImpl} name="default" > 
  at <NuxtLayoutProvider layoutProps= {ref: RefImpl} key="default" name="default"  ... > 
  at <NuxtLayout > 
  at <App key=4 > 
  at <NuxtRoot> @ http://localhost:3001/_nuxt/@fs/home/meebuzo/github/alternate-framework/apps/ecosystem/meeovi-frontend/node_modules/@sentry/core/build/esm/instrument/console.js?v=cfee6d51:42
[   20148ms] [WARNING] [Vue warn]: Avoid app logic that relies on enumerating keys on a component instance. The keys will be empty in production mode to avoid performance overhead. 
  at <VNavigationDrawer modelValue=undefined onUpdate:modelValue=fn location="right"  ... > 
  at <MenusTopmenuLayoutNotifications > 
  at <VCol class="notificationsHeader" > 
  at <VDefaultsProvider defaults= {VTabs: Object} > 
  at <VToolbar ref=Ref< Proxy(Object) > class="v-app-bar" style= {top: 0px, zIndex: 1014, transform: translateY(0px), position: fixed, height: undefined}  ... > 
  at <VAppBar id="topnav" > 
  at <MenusHeader drawer=false onToggleDrawer=fn > 
  at <ClientOnly > 
  at <VApp theme="light" class="auto-text" > 
  at <VResponsive class="border rounded" > 
  at <Default ref=Ref< Proxy(Object) > > 
  at <AsyncComponentWrapper ref=Ref< Proxy(Object) > > 
  at <LayoutLoader key="default" layoutProps= {ref: RefImpl} name="default" > 
  at <NuxtLayoutProvider layoutProps= {ref: RefImpl} key="default" name="default"  ... > 
  at <NuxtLayout > 
  at <App key=4 > 
  at <NuxtRoot> @ http://localhost:3001/_nuxt/@fs/home/meebuzo/github/alternate-framework/apps/ecosystem/meeovi-frontend/node_modules/@sentry/core/build/esm/instrument/console.js?v=cfee6d51:42
[   20151ms] [WARNING] [Vue warn]: Avoid app logic that relies on enumerating keys on a component instance. The keys will be empty in production mode to avoid performance overhead. 
  at <VNavigationDrawer modelValue=undefined onUpdate:modelValue=fn location="right"  ... > 
  at <MenusTopmenuLayoutNotifications > 
  at <VCol class="notificationsHeader" > 
  at <VDefaultsProvider defaults= {VTabs: Object} > 
  at <VToolbar ref=Ref< Proxy(Object) > class="v-app-bar" style= {top: 0px, zIndex: 1014, transform: translateY(0px), position: fixed, height: undefined}  ... > 
  at <VAppBar id="topnav" > 
  at <MenusHeader drawer=false onToggleDrawer=fn > 
  at <ClientOnly > 
  at <VApp theme="light" class="auto-text" > 
  at <VResponsive class="border rounded" > 
  at <Default ref=Ref< Proxy(Object) > > 
  at <AsyncComponentWrapper ref=Ref< Proxy(Object) > > 
  at <LayoutLoader key="default" layoutProps= {ref: RefImpl} name="default" > 
  at <NuxtLayoutProvider layoutProps= {ref: RefImpl} key="default" name="default"  ... > 
  at <NuxtLayout > 
  at <App key=4 > 
  at <NuxtRoot> @ http://localhost:3001/_nuxt/@fs/home/meebuzo/github/alternate-framework/apps/ecosystem/meeovi-frontend/node_modules/@sentry/core/build/esm/instrument/console.js?v=cfee6d51:42
[   20155ms] [WARNING] [Vue warn]: Avoid app logic that relies on enumerating keys on a component instance. The keys will be empty in production mode to avoid performance overhead. 
  at <VNavigationDrawer modelValue=undefined onUpdate:modelValue=fn location="right"  ... > 
  at <MenusTopmenuLayoutNotifications > 
  at <VCol class="notificationsHeader" > 
  at <VDefaultsProvider defaults= {VTabs: Object} > 
  at <VToolbar ref=Ref< Proxy(Object) > class="v-app-bar" style= {top: 0px, zIndex: 1014, transform: translateY(0px), position: fixed, height: undefined}  ... > 
  at <VAppBar id="topnav" > 
  at <MenusHeader drawer=false onToggleDrawer=fn > 
  at <ClientOnly > 
  at <VApp theme="light" class="auto-text" > 
  at <VResponsive class="border rounded" > 
  at <Default ref=Ref< Proxy(Object) > > 
  at <AsyncComponentWrapper ref=Ref< Proxy(Object) > > 
  at <LayoutLoader key="default" layoutProps= {ref: RefImpl} name="default" > 
  at <NuxtLayoutProvider layoutProps= {ref: RefImpl} key="default" name="default"  ... > 
  at <NuxtLayout > 
  at <App key=4 > 
  at <NuxtRoot> @ http://localhost:3001/_nuxt/@fs/home/meebuzo/github/alternate-framework/apps/ecosystem/meeovi-frontend/node_modules/@sentry/core/build/esm/instrument/console.js?v=cfee6d51:42
[   20158ms] [WARNING] [Vue warn]: Avoid app logic that relies on enumerating keys on a component instance. The keys will be empty in production mode to avoid performance overhead. 
  at <VNavigationDrawer modelValue=undefined onUpdate:modelValue=fn location="right"  ... > 
  at <MenusTopmenuLayoutNotifications > 
  at <VCol class="notificationsHeader" > 
  at <VDefaultsProvider defaults= {VTabs: Object} > 
  at <VToolbar ref=Ref< Proxy(Object) > class="v-app-bar" style= {top: 0px, zIndex: 1014, transform: translateY(0px), position: fixed, height: undefined}  ... > 
  at <VAppBar id="topnav" > 
  at <MenusHeader drawer=false onToggleDrawer=fn > 
  at <ClientOnly > 
  at <VApp theme="light" class="auto-text" > 
  at <VResponsive class="border rounded" > 
  at <Default ref=Ref< Proxy(Object) > > 
  at <AsyncComponentWrapper ref=Ref< Proxy(Object) > > 
  at <LayoutLoader key="default" layoutProps= {ref: RefImpl} name="default" > 
  at <NuxtLayoutProvider layoutProps= {ref: RefImpl} key="default" name="default"  ... > 
  at <NuxtLayout > 
  at <App key=4 > 
  at <NuxtRoot> @ http://localhost:3001/_nuxt/@fs/home/meebuzo/github/alternate-framework/apps/ecosystem/meeovi-frontend/node_modules/@sentry/core/build/esm/instrument/console.js?v=cfee6d51:42
[   20163ms] [WARNING] [Vue warn]: Avoid app logic that relies on enumerating keys on a component instance. The keys will be empty in production mode to avoid performance overhead. 
  at <VNavigationDrawer modelValue=undefined onUpdate:modelValue=fn location="right"  ... > 
  at <MenusTopmenuLayoutNotifications > 
  at <VCol class="notificationsHeader" > 
  at <VDefaultsProvider defaults= {VTabs: Object} > 
  at <VToolbar ref=Ref< Proxy(Object) > class="v-app-bar" style= {top: 0px, zIndex: 1014, transform: translateY(0px), position: fixed, height: undefined}  ... > 
  at <VAppBar id="topnav" > 
  at <MenusHeader drawer=false onToggleDrawer=fn > 
  at <ClientOnly > 
  at <VApp theme="light" class="auto-text" > 
  at <VResponsive class="border rounded" > 
  at <Default ref=Ref< Proxy(Object) > > 
  at <AsyncComponentWrapper ref=Ref< Proxy(Object) > > 
  at <LayoutLoader key="default" layoutProps= {ref: RefImpl} name="default" > 
  at <NuxtLayoutProvider layoutProps= {ref: RefImpl} key="default" name="default"  ... > 
  at <NuxtLayout > 
  at <App key=4 > 
  at <NuxtRoot> @ http://localhost:3001/_nuxt/@fs/home/meebuzo/github/alternate-framework/apps/ecosystem/meeovi-frontend/node_modules/@sentry/core/build/esm/instrument/console.js?v=cfee6d51:42
[   20167ms] [WARNING] [Vue warn]: Avoid app logic that relies on enumerating keys on a component instance. The keys will be empty in production mode to avoid performance overhead. 
  at <VNavigationDrawer modelValue=undefined onUpdate:modelValue=fn location="right"  ... > 
  at <MenusTopmenuLayoutNotifications > 
  at <VCol class="notificationsHeader" > 
  at <VDefaultsProvider defaults= {VTabs: Object} > 
  at <VToolbar ref=Ref< Proxy(Object) > class="v-app-bar" style= {top: 0px, zIndex: 1014, transform: translateY(0px), position: fixed, height: undefined}  ... > 
  at <VAppBar id="topnav" > 
  at <MenusHeader drawer=false onToggleDrawer=fn > 
  at <ClientOnly > 
  at <VApp theme="light" class="auto-text" > 
  at <VResponsive class="border rounded" > 
  at <Default ref=Ref< Proxy(Object) > > 
  at <AsyncComponentWrapper ref=Ref< Proxy(Object) > > 
  at <LayoutLoader key="default" layoutProps= {ref: RefImpl} name="default" > 
  at <NuxtLayoutProvider layoutProps= {ref: RefImpl} key="default" name="default"  ... > 
  at <NuxtLayout > 
  at <App key=4 > 
  at <NuxtRoot> @ http://localhost:3001/_nuxt/@fs/home/meebuzo/github/alternate-framework/apps/ecosystem/meeovi-frontend/node_modules/@sentry/core/build/esm/instrument/console.js?v=cfee6d51:42
[   20171ms] [WARNING] [Vue warn]: Avoid app logic that relies on enumerating keys on a component instance. The keys will be empty in production mode to avoid performance overhead. 
  at <VNavigationDrawer modelValue=undefined onUpdate:modelValue=fn location="right"  ... > 
  at <MenusTopmenuLayoutNotifications > 
  at <VCol class="notificationsHeader" > 
  at <VDefaultsProvider defaults= {VTabs: Object} > 
  at <VToolbar ref=Ref< Proxy(Object) > class="v-app-bar" style= {top: 0px, zIndex: 1014, transform: translateY(0px), position: fixed, height: undefined}  ... > 
  at <VAppBar id="topnav" > 
  at <MenusHeader drawer=false onToggleDrawer=fn > 
  at <ClientOnly > 
  at <VApp theme="light" class="auto-text" > 
  at <VResponsive class="border rounded" > 
  at <Default ref=Ref< Proxy(Object) > > 
  at <AsyncComponentWrapper ref=Ref< Proxy(Object) > > 
  at <LayoutLoader key="default" layoutProps= {ref: RefImpl} name="default" > 
  at <NuxtLayoutProvider layoutProps= {ref: RefImpl} key="default" name="default"  ... > 
  at <NuxtLayout > 
  at <App key=4 > 
  at <NuxtRoot> @ http://localhost:3001/_nuxt/@fs/home/meebuzo/github/alternate-framework/apps/ecosystem/meeovi-frontend/node_modules/@sentry/core/build/esm/instrument/console.js?v=cfee6d51:42
[   20174ms] [WARNING] [Vue warn]: Avoid app logic that relies on enumerating keys on a component instance. The keys will be empty in production mode to avoid performance overhead. 
  at <VNavigationDrawer modelValue=undefined onUpdate:modelValue=fn location="right"  ... > 
  at <MenusTopmenuLayoutNotifications > 
  at <VCol class="notificationsHeader" > 
  at <VDefaultsProvider defaults= {VTabs: Object} > 
  at <VToolbar ref=Ref< Proxy(Object) > class="v-app-bar" style= {top: 0px, zIndex: 1014, transform: translateY(0px), position: fixed, height: undefined}  ... > 
  at <VAppBar id="topnav" > 
  at <MenusHeader drawer=false onToggleDrawer=fn > 
  at <ClientOnly > 
  at <VApp theme="light" class="auto-text" > 
  at <VResponsive class="border rounded" > 
  at <Default ref=Ref< Proxy(Object) > > 
  at <AsyncComponentWrapper ref=Ref< Proxy(Object) > > 
  at <LayoutLoader key="default" layoutProps= {ref: RefImpl} name="default" > 
  at <NuxtLayoutProvider layoutProps= {ref: RefImpl} key="default" name="default"  ... > 
  at <NuxtLayout > 
  at <App key=4 > 
  at <NuxtRoot> @ http://localhost:3001/_nuxt/@fs/home/meebuzo/github/alternate-framework/apps/ecosystem/meeovi-frontend/node_modules/@sentry/core/build/esm/instrument/console.js?v=cfee6d51:42
[   20178ms] [WARNING] [Vue warn]: Avoid app logic that relies on enumerating keys on a component instance. The keys will be empty in production mode to avoid performance overhead. 
  at <VNavigationDrawer modelValue=undefined onUpdate:modelValue=fn location="right"  ... > 
  at <MenusTopmenuLayoutNotifications > 
  at <VCol class="notificationsHeader" > 
  at <VDefaultsProvider defaults= {VTabs: Object} > 
  at <VToolbar ref=Ref< Proxy(Object) > class="v-app-bar" style= {top: 0px, zIndex: 1014, transform: translateY(0px), position: fixed, height: undefined}  ... > 
  at <VAppBar id="topnav" > 
  at <MenusHeader drawer=false onToggleDrawer=fn > 
  at <ClientOnly > 
  at <VApp theme="light" class="auto-text" > 
  at <VResponsive class="border rounded" > 
  at <Default ref=Ref< Proxy(Object) > > 
  at <AsyncComponentWrapper ref=Ref< Proxy(Object) > > 
  at <LayoutLoader key="default" layoutProps= {ref: RefImpl} name="default" > 
  at <NuxtLayoutProvider layoutProps= {ref: RefImpl} key="default" name="default"  ... > 
  at <NuxtLayout > 
  at <App key=4 > 
  at <NuxtRoot> @ http://localhost:3001/_nuxt/@fs/home/meebuzo/github/alternate-framework/apps/ecosystem/meeovi-frontend/node_modules/@sentry/core/build/esm/instrument/console.js?v=cfee6d51:42
[   20182ms] [WARNING] [Vue warn]: Avoid app logic that relies on enumerating keys on a component instance. The keys will be empty in production mode to avoid performance overhead. 
  at <VNavigationDrawer modelValue=undefined onUpdate:modelValue=fn location="right"  ... > 
  at <MenusTopmenuLayoutNotifications > 
  at <VCol class="notificationsHeader" > 
  at <VDefaultsProvider defaults= {VTabs: Object} > 
  at <VToolbar ref=Ref< Proxy(Object) > class="v-app-bar" style= {top: 0px, zIndex: 1014, transform: translateY(0px), position: fixed, height: undefined}  ... > 
  at <VAppBar id="topnav" > 
  at <MenusHeader drawer=false onToggleDrawer=fn > 
  at <ClientOnly > 
  at <VApp theme="light" class="auto-text" > 
  at <VResponsive class="border rounded" > 
  at <Default ref=Ref< Proxy(Object) > > 
  at <AsyncComponentWrapper ref=Ref< Proxy(Object) > > 
  at <LayoutLoader key="default" layoutProps= {ref: RefImpl} name="default" > 
  at <NuxtLayoutProvider layoutProps= {ref: RefImpl} key="default" name="default"  ... > 
  at <NuxtLayout > 
  at <App key=4 > 
  at <NuxtRoot> @ http://localhost:3001/_nuxt/@fs/home/meebuzo/github/alternate-framework/apps/ecosystem/meeovi-frontend/node_modules/@sentry/core/build/esm/instrument/console.js?v=cfee6d51:42
[   20186ms] [WARNING] [Vue warn]: Avoid app logic that relies on enumerating keys on a component instance. The keys will be empty in production mode to avoid performance overhead. 
  at <VNavigationDrawer modelValue=undefined onUpdate:modelValue=fn location="right"  ... > 
  at <MenusTopmenuLayoutNotifications > 
  at <VCol class="notificationsHeader" > 
  at <VDefaultsProvider defaults= {VTabs: Object} > 
  at <VToolbar ref=Ref< Proxy(Object) > class="v-app-bar" style= {top: 0px, zIndex: 1014, transform: translateY(0px), position: fixed, height: undefined}  ... > 
  at <VAppBar id="topnav" > 
  at <MenusHeader drawer=false onToggleDrawer=fn > 
  at <ClientOnly > 
  at <VApp theme="light" class="auto-text" > 
  at <VResponsive class="border rounded" > 
  at <Default ref=Ref< Proxy(Object) > > 
  at <AsyncComponentWrapper ref=Ref< Proxy(Object) > > 
  at <LayoutLoader key="default" layoutProps= {ref: RefImpl} name="default" > 
  at <NuxtLayoutProvider layoutProps= {ref: RefImpl} key="default" name="default"  ... > 
  at <NuxtLayout > 
  at <App key=4 > 
  at <NuxtRoot> @ http://localhost:3001/_nuxt/@fs/home/meebuzo/github/alternate-framework/apps/ecosystem/meeovi-frontend/node_modules/@sentry/core/build/esm/instrument/console.js?v=cfee6d51:42
[   20189ms] [WARNING] [Vue warn]: Avoid app logic that relies on enumerating keys on a component instance. The keys will be empty in production mode to avoid performance overhead. 
  at <VNavigationDrawer modelValue=undefined onUpdate:modelValue=fn location="right"  ... > 
  at <MenusTopmenuLayoutNotifications > 
  at <VCol class="notificationsHeader" > 
  at <VDefaultsProvider defaults= {VTabs: Object} > 
  at <VToolbar ref=Ref< Proxy(Object) > class="v-app-bar" style= {top: 0px, zIndex: 1014, transform: translateY(0px), position: fixed, height: undefined}  ... > 
  at <VAppBar id="topnav" > 
  at <MenusHeader drawer=false onToggleDrawer=fn > 
  at <ClientOnly > 
  at <VApp theme="light" class="auto-text" > 
  at <VResponsive class="border rounded" > 
  at <Default ref=Ref< Proxy(Object) > > 
  at <AsyncComponentWrapper ref=Ref< Proxy(Object) > > 
  at <LayoutLoader key="default" layoutProps= {ref: RefImpl} name="default" > 
  at <NuxtLayoutProvider layoutProps= {ref: RefImpl} key="default" name="default"  ... > 
  at <NuxtLayout > 
  at <App key=4 > 
  at <NuxtRoot> @ http://localhost:3001/_nuxt/@fs/home/meebuzo/github/alternate-framework/apps/ecosystem/meeovi-frontend/node_modules/@sentry/core/build/esm/instrument/console.js?v=cfee6d51:42
[   20193ms] [WARNING] [Vue warn]: Avoid app logic that relies on enumerating keys on a component instance. The keys will be empty in production mode to avoid performance overhead. 
  at <VNavigationDrawer modelValue=undefined onUpdate:modelValue=fn location="right"  ... > 
  at <MenusTopmenuLayoutNotifications > 
  at <VCol class="notificationsHeader" > 
  at <VDefaultsProvider defaults= {VTabs: Object} > 
  at <VToolbar ref=Ref< Proxy(Object) > class="v-app-bar" style= {top: 0px, zIndex: 1014, transform: translateY(0px), position: fixed, height: undefined}  ... > 
  at <VAppBar id="topnav" > 
  at <MenusHeader drawer=false onToggleDrawer=fn > 
  at <ClientOnly > 
  at <VApp theme="light" class="auto-text" > 
  at <VResponsive class="border rounded" > 
  at <Default ref=Ref< Proxy(Object) > > 
  at <AsyncComponentWrapper ref=Ref< Proxy(Object) > > 
  at <LayoutLoader key="default" layoutProps= {ref: RefImpl} name="default" > 
  at <NuxtLayoutProvider layoutProps= {ref: RefImpl} key="default" name="default"  ... > 
  at <NuxtLayout > 
  at <App key=4 > 
  at <NuxtRoot> @ http://localhost:3001/_nuxt/@fs/home/meebuzo/github/alternate-framework/apps/ecosystem/meeovi-frontend/node_modules/@sentry/core/build/esm/instrument/console.js?v=cfee6d51:42
[   20197ms] [WARNING] [Vue warn]: Avoid app logic that relies on enumerating keys on a component instance. The keys will be empty in production mode to avoid performance overhead. 
  at <VNavigationDrawer modelValue=undefined onUpdate:modelValue=fn location="right"  ... > 
  at <MenusTopmenuLayoutNotifications > 
  at <VCol class="notificationsHeader" > 
  at <VDefaultsProvider defaults= {VTabs: Object} > 
  at <VToolbar ref=Ref< Proxy(Object) > class="v-app-bar" style= {top: 0px, zIndex: 1014, transform: translateY(0px), position: fixed, height: undefined}  ... > 
  at <VAppBar id="topnav" > 
  at <MenusHeader drawer=false onToggleDrawer=fn > 
  at <ClientOnly > 
  at <VApp theme="light" class="auto-text" > 
  at <VResponsive class="border rounded" > 
  at <Default ref=Ref< Proxy(Object) > > 
  at <AsyncComponentWrapper ref=Ref< Proxy(Object) > > 
  at <LayoutLoader key="default" layoutProps= {ref: RefImpl} name="default" > 
  at <NuxtLayoutProvider layoutProps= {ref: RefImpl} key="default" name="default"  ... > 
  at <NuxtLayout > 
  at <App key=4 > 
  at <NuxtRoot> @ http://localhost:3001/_nuxt/@fs/home/meebuzo/github/alternate-framework/apps/ecosystem/meeovi-frontend/node_modules/@sentry/core/build/esm/instrument/console.js?v=cfee6d51:42
[   20200ms] [WARNING] [Vue warn]: Avoid app logic that relies on enumerating keys on a component instance. The keys will be empty in production mode to avoid performance overhead. 
  at <VNavigationDrawer modelValue=undefined onUpdate:modelValue=fn location="right"  ... > 
  at <MenusTopmenuLayoutNotifications > 
  at <VCol class="notificationsHeader" > 
  at <VDefaultsProvider defaults= {VTabs: Object} > 
  at <VToolbar ref=Ref< Proxy(Object) > class="v-app-bar" style= {top: 0px, zIndex: 1014, transform: translateY(0px), position: fixed, height: undefined}  ... > 
  at <VAppBar id="topnav" > 
  at <MenusHeader drawer=false onToggleDrawer=fn > 
  at <ClientOnly > 
  at <VApp theme="light" class="auto-text" > 
  at <VResponsive class="border rounded" > 
  at <Default ref=Ref< Proxy(Object) > > 
  at <AsyncComponentWrapper ref=Ref< Proxy(Object) > > 
  at <LayoutLoader key="default" layoutProps= {ref: RefImpl} name="default" > 
  at <NuxtLayoutProvider layoutProps= {ref: RefImpl} key="default" name="default"  ... > 
  at <NuxtLayout > 
  at <App key=4 > 
  at <NuxtRoot> @ http://localhost:3001/_nuxt/@fs/home/meebuzo/github/alternate-framework/apps/ecosystem/meeovi-frontend/node_modules/@sentry/core/build/esm/instrument/console.js?v=cfee6d51:42
[   20203ms] [WARNING] [Vue warn]: Avoid app logic that relies on enumerating keys on a component instance. The keys will be empty in production mode to avoid performance overhead. 
  at <VNavigationDrawer modelValue=undefined onUpdate:modelValue=fn location="right"  ... > 
  at <MenusTopmenuLayoutNotifications > 
  at <VCol class="notificationsHeader" > 
  at <VDefaultsProvider defaults= {VTabs: Object} > 
  at <VToolbar ref=Ref< Proxy(Object) > class="v-app-bar" style= {top: 0px, zIndex: 1014, transform: translateY(0px), position: fixed, height: undefined}  ... > 
  at <VAppBar id="topnav" > 
  at <MenusHeader drawer=false onToggleDrawer=fn > 
  at <ClientOnly > 
  at <VApp theme="light" class="auto-text" > 
  at <VResponsive class="border rounded" > 
  at <Default ref=Ref< Proxy(Object) > > 
  at <AsyncComponentWrapper ref=Ref< Proxy(Object) > > 
  at <LayoutLoader key="default" layoutProps= {ref: RefImpl} name="default" > 
  at <NuxtLayoutProvider layoutProps= {ref: RefImpl} key="default" name="default"  ... > 
  at <NuxtLayout > 
  at <App key=4 > 
  at <NuxtRoot> @ http://localhost:3001/_nuxt/@fs/home/meebuzo/github/alternate-framework/apps/ecosystem/meeovi-frontend/node_modules/@sentry/core/build/esm/instrument/console.js?v=cfee6d51:42
[   20208ms] [WARNING] [Vue warn]: Avoid app logic that relies on enumerating keys on a component instance. The keys will be empty in production mode to avoid performance overhead. 
  at <VNavigationDrawer modelValue=undefined onUpdate:modelValue=fn location="right"  ... > 
  at <MenusTopmenuLayoutNotifications > 
  at <VCol class="notificationsHeader" > 
  at <VDefaultsProvider defaults= {VTabs: Object} > 
  at <VToolbar ref=Ref< Proxy(Object) > class="v-app-bar" style= {top: 0px, zIndex: 1014, transform: translateY(0px), position: fixed, height: undefined}  ... > 
  at <VAppBar id="topnav" > 
  at <MenusHeader drawer=false onToggleDrawer=fn > 
  at <ClientOnly > 
  at <VApp theme="light" class="auto-text" > 
  at <VResponsive class="border rounded" > 
  at <Default ref=Ref< Proxy(Object) > > 
  at <AsyncComponentWrapper ref=Ref< Proxy(Object) > > 
  at <LayoutLoader key="default" layoutProps= {ref: RefImpl} name="default" > 
  at <NuxtLayoutProvider layoutProps= {ref: RefImpl} key="default" name="default"  ... > 
  at <NuxtLayout > 
  at <App key=4 > 
  at <NuxtRoot> @ http://localhost:3001/_nuxt/@fs/home/meebuzo/github/alternate-framework/apps/ecosystem/meeovi-frontend/node_modules/@sentry/core/build/esm/instrument/console.js?v=cfee6d51:42
[   20212ms] [WARNING] [Vue warn]: Avoid app logic that relies on enumerating keys on a component instance. The keys will be empty in production mode to avoid performance overhead. 
  at <VNavigationDrawer modelValue=undefined onUpdate:modelValue=fn location="right"  ... > 
  at <MenusTopmenuLayoutNotifications > 
  at <VCol class="notificationsHeader" > 
  at <VDefaultsProvider defaults= {VTabs: Object} > 
  at <VToolbar ref=Ref< Proxy(Object) > class="v-app-bar" style= {top: 0px, zIndex: 1014, transform: translateY(0px), position: fixed, height: undefined}  ... > 
  at <VAppBar id="topnav" > 
  at <MenusHeader drawer=false onToggleDrawer=fn > 
  at <ClientOnly > 
  at <VApp theme="light" class="auto-text" > 
  at <VResponsive class="border rounded" > 
  at <Default ref=Ref< Proxy(Object) > > 
  at <AsyncComponentWrapper ref=Ref< Proxy(Object) > > 
  at <LayoutLoader key="default" layoutProps= {ref: RefImpl} name="default" > 
  at <NuxtLayoutProvider layoutProps= {ref: RefImpl} key="default" name="default"  ... > 
  at <NuxtLayout > 
  at <App key=4 > 
  at <NuxtRoot> @ http://localhost:3001/_nuxt/@fs/home/meebuzo/github/alternate-framework/apps/ecosystem/meeovi-frontend/node_modules/@sentry/core/build/esm/instrument/console.js?v=cfee6d51:42
[   20216ms] [WARNING] [Vue warn]: Avoid app logic that relies on enumerating keys on a component instance. The keys will be empty in production mode to avoid performance overhead. 
  at <VNavigationDrawer modelValue=undefined onUpdate:modelValue=fn location="right"  ... > 
  at <MenusTopmenuLayoutNotifications > 
  at <VCol class="notificationsHeader" > 
  at <VDefaultsProvider defaults= {VTabs: Object} > 
  at <VToolbar ref=Ref< Proxy(Object) > class="v-app-bar" style= {top: 0px, zIndex: 1014, transform: translateY(0px), position: fixed, height: undefined}  ... > 
  at <VAppBar id="topnav" > 
  at <MenusHeader drawer=false onToggleDrawer=fn > 
  at <ClientOnly > 
  at <VApp theme="light" class="auto-text" > 
  at <VResponsive class="border rounded" > 
  at <Default ref=Ref< Proxy(Object) > > 
  at <AsyncComponentWrapper ref=Ref< Proxy(Object) > > 
  at <LayoutLoader key="default" layoutProps= {ref: RefImpl} name="default" > 
  at <NuxtLayoutProvider layoutProps= {ref: RefImpl} key="default" name="default"  ... > 
  at <NuxtLayout > 
  at <App key=4 > 
  at <NuxtRoot> @ http://localhost:3001/_nuxt/@fs/home/meebuzo/github/alternate-framework/apps/ecosystem/meeovi-frontend/node_modules/@sentry/core/build/esm/instrument/console.js?v=cfee6d51:42
[   20220ms] [WARNING] [Vue warn]: Avoid app logic that relies on enumerating keys on a component instance. The keys will be empty in production mode to avoid performance overhead. 
  at <VNavigationDrawer modelValue=undefined onUpdate:modelValue=fn location="right"  ... > 
  at <MenusTopmenuLayoutNotifications > 
  at <VCol class="notificationsHeader" > 
  at <VDefaultsProvider defaults= {VTabs: Object} > 
  at <VToolbar ref=Ref< Proxy(Object) > class="v-app-bar" style= {top: 0px, zIndex: 1014, transform: translateY(0px), position: fixed, height: undefined}  ... > 
  at <VAppBar id="topnav" > 
  at <MenusHeader drawer=false onToggleDrawer=fn > 
  at <ClientOnly > 
  at <VApp theme="light" class="auto-text" > 
  at <VResponsive class="border rounded" > 
  at <Default ref=Ref< Proxy(Object) > > 
  at <AsyncComponentWrapper ref=Ref< Proxy(Object) > > 
  at <LayoutLoader key="default" layoutProps= {ref: RefImpl} name="default" > 
  at <NuxtLayoutProvider layoutProps= {ref: RefImpl} key="default" name="default"  ... > 
  at <NuxtLayout > 
  at <App key=4 > 
  at <NuxtRoot> @ http://localhost:3001/_nuxt/@fs/home/meebuzo/github/alternate-framework/apps/ecosystem/meeovi-frontend/node_modules/@sentry/core/build/esm/instrument/console.js?v=cfee6d51:42
[   20223ms] [WARNING] [Vue warn]: Avoid app logic that relies on enumerating keys on a component instance. The keys will be empty in production mode to avoid performance overhead. 
  at <VNavigationDrawer modelValue=undefined onUpdate:modelValue=fn location="right"  ... > 
  at <MenusTopmenuLayoutNotifications > 
  at <VCol class="notificationsHeader" > 
  at <VDefaultsProvider defaults= {VTabs: Object} > 
  at <VToolbar ref=Ref< Proxy(Object) > class="v-app-bar" style= {top: 0px, zIndex: 1014, transform: translateY(0px), position: fixed, height: undefined}  ... > 
  at <VAppBar id="topnav" > 
  at <MenusHeader drawer=false onToggleDrawer=fn > 
  at <ClientOnly > 
  at <VApp theme="light" class="auto-text" > 
  at <VResponsive class="border rounded" > 
  at <Default ref=Ref< Proxy(Object) > > 
  at <AsyncComponentWrapper ref=Ref< Proxy(Object) > > 
  at <LayoutLoader key="default" layoutProps= {ref: RefImpl} name="default" > 
  at <NuxtLayoutProvider layoutProps= {ref: RefImpl} key="default" name="default"  ... > 
  at <NuxtLayout > 
  at <App key=4 > 
  at <NuxtRoot> @ http://localhost:3001/_nuxt/@fs/home/meebuzo/github/alternate-framework/apps/ecosystem/meeovi-frontend/node_modules/@sentry/core/build/esm/instrument/console.js?v=cfee6d51:42
[   20226ms] [WARNING] [Vue warn]: Avoid app logic that relies on enumerating keys on a component instance. The keys will be empty in production mode to avoid performance overhead. 
  at <VNavigationDrawer modelValue=undefined onUpdate:modelValue=fn location="right"  ... > 
  at <MenusTopmenuLayoutNotifications > 
  at <VCol class="notificationsHeader" > 
  at <VDefaultsProvider defaults= {VTabs: Object} > 
  at <VToolbar ref=Ref< Proxy(Object) > class="v-app-bar" style= {top: 0px, zIndex: 1014, transform: translateY(0px), position: fixed, height: undefined}  ... > 
  at <VAppBar id="topnav" > 
  at <MenusHeader drawer=false onToggleDrawer=fn > 
  at <ClientOnly > 
  at <VApp theme="light" class="auto-text" > 
  at <VResponsive class="border rounded" > 
  at <Default ref=Ref< Proxy(Object) > > 
  at <AsyncComponentWrapper ref=Ref< Proxy(Object) > > 
  at <LayoutLoader key="default" layoutProps= {ref: RefImpl} name="default" > 
  at <NuxtLayoutProvider layoutProps= {ref: RefImpl} key="default" name="default"  ... > 
  at <NuxtLayout > 
  at <App key=4 > 
  at <NuxtRoot> @ http://localhost:3001/_nuxt/@fs/home/meebuzo/github/alternate-framework/apps/ecosystem/meeovi-frontend/node_modules/@sentry/core/build/esm/instrument/console.js?v=cfee6d51:42
[   20229ms] [WARNING] [Vue warn]: Avoid app logic that relies on enumerating keys on a component instance. The keys will be empty in production mode to avoid performance overhead. 
  at <VNavigationDrawer modelValue=undefined onUpdate:modelValue=fn location="right"  ... > 
  at <MenusTopmenuLayoutNotifications > 
  at <VCol class="notificationsHeader" > 
  at <VDefaultsProvider defaults= {VTabs: Object} > 
  at <VToolbar ref=Ref< Proxy(Object) > class="v-app-bar" style= {top: 0px, zIndex: 1014, transform: translateY(0px), position: fixed, height: undefined}  ... > 
  at <VAppBar id="topnav" > 
  at <MenusHeader drawer=false onToggleDrawer=fn > 
  at <ClientOnly > 
  at <VApp theme="light" class="auto-text" > 
  at <VResponsive class="border rounded" > 
  at <Default ref=Ref< Proxy(Object) > > 
  at <AsyncComponentWrapper ref=Ref< Proxy(Object) > > 
  at <LayoutLoader key="default" layoutProps= {ref: RefImpl} name="default" > 
  at <NuxtLayoutProvider layoutProps= {ref: RefImpl} key="default" name="default"  ... > 
  at <NuxtLayout > 
  at <App key=4 > 
  at <NuxtRoot> @ http://localhost:3001/_nuxt/@fs/home/meebuzo/github/alternate-framework/apps/ecosystem/meeovi-frontend/node_modules/@sentry/core/build/esm/instrument/console.js?v=cfee6d51:42
[   20232ms] [WARNING] [Vue warn]: Avoid app logic that relies on enumerating keys on a component instance. The keys will be empty in production mode to avoid performance overhead. 
  at <VNavigationDrawer modelValue=undefined onUpdate:modelValue=fn location="right"  ... > 
  at <MenusTopmenuLayoutNotifications > 
  at <VCol class="notificationsHeader" > 
  at <VDefaultsProvider defaults= {VTabs: Object} > 
  at <VToolbar ref=Ref< Proxy(Object) > class="v-app-bar" style= {top: 0px, zIndex: 1014, transform: translateY(0px), position: fixed, height: undefined}  ... > 
  at <VAppBar id="topnav" > 
  at <MenusHeader drawer=false onToggleDrawer=fn > 
  at <ClientOnly > 
  at <VApp theme="light" class="auto-text" > 
  at <VResponsive class="border rounded" > 
  at <Default ref=Ref< Proxy(Object) > > 
  at <AsyncComponentWrapper ref=Ref< Proxy(Object) > > 
  at <LayoutLoader key="default" layoutProps= {ref: RefImpl} name="default" > 
  at <NuxtLayoutProvider layoutProps= {ref: RefImpl} key="default" name="default"  ... > 
  at <NuxtLayout > 
  at <App key=4 > 
  at <NuxtRoot> @ http://localhost:3001/_nuxt/@fs/home/meebuzo/github/alternate-framework/apps/ecosystem/meeovi-frontend/node_modules/@sentry/core/build/esm/instrument/console.js?v=cfee6d51:42
[   20236ms] [WARNING] [Vue warn]: Avoid app logic that relies on enumerating keys on a component instance. The keys will be empty in production mode to avoid performance overhead. 
  at <VNavigationDrawer modelValue=undefined onUpdate:modelValue=fn location="right"  ... > 
  at <MenusTopmenuLayoutNotifications > 
  at <VCol class="notificationsHeader" > 
  at <VDefaultsProvider defaults= {VTabs: Object} > 
  at <VToolbar ref=Ref< Proxy(Object) > class="v-app-bar" style= {top: 0px, zIndex: 1014, transform: translateY(0px), position: fixed, height: undefined}  ... > 
  at <VAppBar id="topnav" > 
  at <MenusHeader drawer=false onToggleDrawer=fn > 
  at <ClientOnly > 
  at <VApp theme="light" class="auto-text" > 
  at <VResponsive class="border rounded" > 
  at <Default ref=Ref< Proxy(Object) > > 
  at <AsyncComponentWrapper ref=Ref< Proxy(Object) > > 
  at <LayoutLoader key="default" layoutProps= {ref: RefImpl} name="default" > 
  at <NuxtLayoutProvider layoutProps= {ref: RefImpl} key="default" name="default"  ... > 
  at <NuxtLayout > 
  at <App key=4 > 
  at <NuxtRoot> @ http://localhost:3001/_nuxt/@fs/home/meebuzo/github/alternate-framework/apps/ecosystem/meeovi-frontend/node_modules/@sentry/core/build/esm/instrument/console.js?v=cfee6d51:42
[   20239ms] [WARNING] [Vue warn]: Avoid app logic that relies on enumerating keys on a component instance. The keys will be empty in production mode to avoid performance overhead. 
  at <VNavigationDrawer modelValue=undefined onUpdate:modelValue=fn location="right"  ... > 
  at <MenusTopmenuLayoutNotifications > 
  at <VCol class="notificationsHeader" > 
  at <VDefaultsProvider defaults= {VTabs: Object} > 
  at <VToolbar ref=Ref< Proxy(Object) > class="v-app-bar" style= {top: 0px, zIndex: 1014, transform: translateY(0px), position: fixed, height: undefined}  ... > 
  at <VAppBar id="topnav" > 
  at <MenusHeader drawer=false onToggleDrawer=fn > 
  at <ClientOnly > 
  at <VApp theme="light" class="auto-text" > 
  at <VResponsive class="border rounded" > 
  at <Default ref=Ref< Proxy(Object) > > 
  at <AsyncComponentWrapper ref=Ref< Proxy(Object) > > 
  at <LayoutLoader key="default" layoutProps= {ref: RefImpl} name="default" > 
  at <NuxtLayoutProvider layoutProps= {ref: RefImpl} key="default" name="default"  ... > 
  at <NuxtLayout > 
  at <App key=4 > 
  at <NuxtRoot> @ http://localhost:3001/_nuxt/@fs/home/meebuzo/github/alternate-framework/apps/ecosystem/meeovi-frontend/node_modules/@sentry/core/build/esm/instrument/console.js?v=cfee6d51:42
[   20242ms] [WARNING] [Vue warn]: Avoid app logic that relies on enumerating keys on a component instance. The keys will be empty in production mode to avoid performance overhead. 
  at <VNavigationDrawer modelValue=undefined onUpdate:modelValue=fn location="right"  ... > 
  at <MenusTopmenuLayoutNotifications > 
  at <VCol class="notificationsHeader" > 
  at <VDefaultsProvider defaults= {VTabs: Object} > 
  at <VToolbar ref=Ref< Proxy(Object) > class="v-app-bar" style= {top: 0px, zIndex: 1014, transform: translateY(0px), position: fixed, height: undefined}  ... > 
  at <VAppBar id="topnav" > 
  at <MenusHeader drawer=false onToggleDrawer=fn > 
  at <ClientOnly > 
  at <VApp theme="light" class="auto-text" > 
  at <VResponsive class="border rounded" > 
  at <Default ref=Ref< Proxy(Object) > > 
  at <AsyncComponentWrapper ref=Ref< Proxy(Object) > > 
  at <LayoutLoader key="default" layoutProps= {ref: RefImpl} name="default" > 
  at <NuxtLayoutProvider layoutProps= {ref: RefImpl} key="default" name="default"  ... > 
  at <NuxtLayout > 
  at <App key=4 > 
  at <NuxtRoot> @ http://localhost:3001/_nuxt/@fs/home/meebuzo/github/alternate-framework/apps/ecosystem/meeovi-frontend/node_modules/@sentry/core/build/esm/instrument/console.js?v=cfee6d51:42
[   20245ms] [WARNING] [Vue warn]: Avoid app logic that relies on enumerating keys on a component instance. The keys will be empty in production mode to avoid performance overhead. 
  at <VNavigationDrawer modelValue=undefined onUpdate:modelValue=fn location="right"  ... > 
  at <MenusTopmenuLayoutNotifications > 
  at <VCol class="notificationsHeader" > 
  at <VDefaultsProvider defaults= {VTabs: Object} > 
  at <VToolbar ref=Ref< Proxy(Object) > class="v-app-bar" style= {top: 0px, zIndex: 1014, transform: translateY(0px), position: fixed, height: undefined}  ... > 
  at <VAppBar id="topnav" > 
  at <MenusHeader drawer=false onToggleDrawer=fn > 
  at <ClientOnly > 
  at <VApp theme="light" class="auto-text" > 
  at <VResponsive class="border rounded" > 
  at <Default ref=Ref< Proxy(Object) > > 
  at <AsyncComponentWrapper ref=Ref< Proxy(Object) > > 
  at <LayoutLoader key="default" layoutProps= {ref: RefImpl} name="default" > 
  at <NuxtLayoutProvider layoutProps= {ref: RefImpl} key="default" name="default"  ... > 
  at <NuxtLayout > 
  at <App key=4 > 
  at <NuxtRoot> @ http://localhost:3001/_nuxt/@fs/home/meebuzo/github/alternate-framework/apps/ecosystem/meeovi-frontend/node_modules/@sentry/core/build/esm/instrument/console.js?v=cfee6d51:42
[   20248ms] [WARNING] [Vue warn]: Avoid app logic that relies on enumerating keys on a component instance. The keys will be empty in production mode to avoid performance overhead. 
  at <VNavigationDrawer modelValue=undefined onUpdate:modelValue=fn location="right"  ... > 
  at <MenusTopmenuLayoutNotifications > 
  at <VCol class="notificationsHeader" > 
  at <VDefaultsProvider defaults= {VTabs: Object} > 
  at <VToolbar ref=Ref< Proxy(Object) > class="v-app-bar" style= {top: 0px, zIndex: 1014, transform: translateY(0px), position: fixed, height: undefined}  ... > 
  at <VAppBar id="topnav" > 
  at <MenusHeader drawer=false onToggleDrawer=fn > 
  at <ClientOnly > 
  at <VApp theme="light" class="auto-text" > 
  at <VResponsive class="border rounded" > 
  at <Default ref=Ref< Proxy(Object) > > 
  at <AsyncComponentWrapper ref=Ref< Proxy(Object) > > 
  at <LayoutLoader key="default" layoutProps= {ref: RefImpl} name="default" > 
  at <NuxtLayoutProvider layoutProps= {ref: RefImpl} key="default" name="default"  ... > 
  at <NuxtLayout > 
  at <App key=4 > 
  at <NuxtRoot> @ http://localhost:3001/_nuxt/@fs/home/meebuzo/github/alternate-framework/apps/ecosystem/meeovi-frontend/node_modules/@sentry/core/build/esm/instrument/console.js?v=cfee6d51:42
[   20250ms] [WARNING] [Vue warn]: Avoid app logic that relies on enumerating keys on a component instance. The keys will be empty in production mode to avoid performance overhead. 
  at <VNavigationDrawer modelValue=undefined onUpdate:modelValue=fn location="right"  ... > 
  at <MenusTopmenuLayoutNotifications > 
  at <VCol class="notificationsHeader" > 
  at <VDefaultsProvider defaults= {VTabs: Object} > 
  at <VToolbar ref=Ref< Proxy(Object) > class="v-app-bar" style= {top: 0px, zIndex: 1014, transform: translateY(0px), position: fixed, height: undefined}  ... > 
  at <VAppBar id="topnav" > 
  at <MenusHeader drawer=false onToggleDrawer=fn > 
  at <ClientOnly > 
  at <VApp theme="light" class="auto-text" > 
  at <VResponsive class="border rounded" > 
  at <Default ref=Ref< Proxy(Object) > > 
  at <AsyncComponentWrapper ref=Ref< Proxy(Object) > > 
  at <LayoutLoader key="default" layoutProps= {ref: RefImpl} name="default" > 
  at <NuxtLayoutProvider layoutProps= {ref: RefImpl} key="default" name="default"  ... > 
  at <NuxtLayout > 
  at <App key=4 > 
  at <NuxtRoot> @ http://localhost:3001/_nuxt/@fs/home/meebuzo/github/alternate-framework/apps/ecosystem/meeovi-frontend/node_modules/@sentry/core/build/esm/instrument/console.js?v=cfee6d51:42
[   20253ms] [WARNING] [Vue warn]: Avoid app logic that relies on enumerating keys on a component instance. The keys will be empty in production mode to avoid performance overhead. 
  at <VNavigationDrawer modelValue=undefined onUpdate:modelValue=fn location="right"  ... > 
  at <MenusTopmenuLayoutNotifications > 
  at <VCol class="notificationsHeader" > 
  at <VDefaultsProvider defaults= {VTabs: Object} > 
  at <VToolbar ref=Ref< Proxy(Object) > class="v-app-bar" style= {top: 0px, zIndex: 1014, transform: translateY(0px), position: fixed, height: undefined}  ... > 
  at <VAppBar id="topnav" > 
  at <MenusHeader drawer=false onToggleDrawer=fn > 
  at <ClientOnly > 
  at <VApp theme="light" class="auto-text" > 
  at <VResponsive class="border rounded" > 
  at <Default ref=Ref< Proxy(Object) > > 
  at <AsyncComponentWrapper ref=Ref< Proxy(Object) > > 
  at <LayoutLoader key="default" layoutProps= {ref: RefImpl} name="default" > 
  at <NuxtLayoutProvider layoutProps= {ref: RefImpl} key="default" name="default"  ... > 
  at <NuxtLayout > 
  at <App key=4 > 
  at <NuxtRoot> @ http://localhost:3001/_nuxt/@fs/home/meebuzo/github/alternate-framework/apps/ecosystem/meeovi-frontend/node_modules/@sentry/core/build/esm/instrument/console.js?v=cfee6d51:42
[   20257ms] [WARNING] [Vue warn]: Avoid app logic that relies on enumerating keys on a component instance. The keys will be empty in production mode to avoid performance overhead. 
  at <VNavigationDrawer modelValue=undefined onUpdate:modelValue=fn location="right"  ... > 
  at <MenusTopmenuLayoutNotifications > 
  at <VCol class="notificationsHeader" > 
  at <VDefaultsProvider defaults= {VTabs: Object} > 
  at <VToolbar ref=Ref< Proxy(Object) > class="v-app-bar" style= {top: 0px, zIndex: 1014, transform: translateY(0px), position: fixed, height: undefined}  ... > 
  at <VAppBar id="topnav" > 
  at <MenusHeader drawer=false onToggleDrawer=fn > 
  at <ClientOnly > 
  at <VApp theme="light" class="auto-text" > 
  at <VResponsive class="border rounded" > 
  at <Default ref=Ref< Proxy(Object) > > 
  at <AsyncComponentWrapper ref=Ref< Proxy(Object) > > 
  at <LayoutLoader key="default" layoutProps= {ref: RefImpl} name="default" > 
  at <NuxtLayoutProvider layoutProps= {ref: RefImpl} key="default" name="default"  ... > 
  at <NuxtLayout > 
  at <App key=4 > 
  at <NuxtRoot> @ http://localhost:3001/_nuxt/@fs/home/meebuzo/github/alternate-framework/apps/ecosystem/meeovi-frontend/node_modules/@sentry/core/build/esm/instrument/console.js?v=cfee6d51:42
[   20260ms] [WARNING] [Vue warn]: Avoid app logic that relies on enumerating keys on a component instance. The keys will be empty in production mode to avoid performance overhead. 
  at <VNavigationDrawer modelValue=undefined onUpdate:modelValue=fn location="right"  ... > 
  at <MenusTopmenuLayoutNotifications > 
  at <VCol class="notificationsHeader" > 
  at <VDefaultsProvider defaults= {VTabs: Object} > 
  at <VToolbar ref=Ref< Proxy(Object) > class="v-app-bar" style= {top: 0px, zIndex: 1014, transform: translateY(0px), position: fixed, height: undefined}  ... > 
  at <VAppBar id="topnav" > 
  at <MenusHeader drawer=false onToggleDrawer=fn > 
  at <ClientOnly > 
  at <VApp theme="light" class="auto-text" > 
  at <VResponsive class="border rounded" > 
  at <Default ref=Ref< Proxy(Object) > > 
  at <AsyncComponentWrapper ref=Ref< Proxy(Object) > > 
  at <LayoutLoader key="default" layoutProps= {ref: RefImpl} name="default" > 
  at <NuxtLayoutProvider layoutProps= {ref: RefImpl} key="default" name="default"  ... > 
  at <NuxtLayout > 
  at <App key=4 > 
  at <NuxtRoot> @ http://localhost:3001/_nuxt/@fs/home/meebuzo/github/alternate-framework/apps/ecosystem/meeovi-frontend/node_modules/@sentry/core/build/esm/instrument/console.js?v=cfee6d51:42
[   20263ms] [WARNING] [Vue warn]: Avoid app logic that relies on enumerating keys on a component instance. The keys will be empty in production mode to avoid performance overhead. 
  at <VNavigationDrawer modelValue=undefined onUpdate:modelValue=fn location="right"  ... > 
  at <MenusTopmenuLayoutNotifications > 
  at <VCol class="notificationsHeader" > 
  at <VDefaultsProvider defaults= {VTabs: Object} > 
  at <VToolbar ref=Ref< Proxy(Object) > class="v-app-bar" style= {top: 0px, zIndex: 1014, transform: translateY(0px), position: fixed, height: undefined}  ... > 
  at <VAppBar id="topnav" > 
  at <MenusHeader drawer=false onToggleDrawer=fn > 
  at <ClientOnly > 
  at <VApp theme="light" class="auto-text" > 
  at <VResponsive class="border rounded" > 
  at <Default ref=Ref< Proxy(Object) > > 
  at <AsyncComponentWrapper ref=Ref< Proxy(Object) > > 
  at <LayoutLoader key="default" layoutProps= {ref: RefImpl} name="default" > 
  at <NuxtLayoutProvider layoutProps= {ref: RefImpl} key="default" name="default"  ... > 
  at <NuxtLayout > 
  at <App key=4 > 
  at <NuxtRoot> @ http://localhost:3001/_nuxt/@fs/home/meebuzo/github/alternate-framework/apps/ecosystem/meeovi-frontend/node_modules/@sentry/core/build/esm/instrument/console.js?v=cfee6d51:42
[   20265ms] [WARNING] [Vue warn]: Avoid app logic that relies on enumerating keys on a component instance. The keys will be empty in production mode to avoid performance overhead. 
  at <VNavigationDrawer modelValue=undefined onUpdate:modelValue=fn location="right"  ... > 
  at <MenusTopmenuLayoutNotifications > 
  at <VCol class="notificationsHeader" > 
  at <VDefaultsProvider defaults= {VTabs: Object} > 
  at <VToolbar ref=Ref< Proxy(Object) > class="v-app-bar" style= {top: 0px, zIndex: 1014, transform: translateY(0px), position: fixed, height: undefined}  ... > 
  at <VAppBar id="topnav" > 
  at <MenusHeader drawer=false onToggleDrawer=fn > 
  at <ClientOnly > 
  at <VApp theme="light" class="auto-text" > 
  at <VResponsive class="border rounded" > 
  at <Default ref=Ref< Proxy(Object) > > 
  at <AsyncComponentWrapper ref=Ref< Proxy(Object) > > 
  at <LayoutLoader key="default" layoutProps= {ref: RefImpl} name="default" > 
  at <NuxtLayoutProvider layoutProps= {ref: RefImpl} key="default" name="default"  ... > 
  at <NuxtLayout > 
  at <App key=4 > 
  at <NuxtRoot> @ http://localhost:3001/_nuxt/@fs/home/meebuzo/github/alternate-framework/apps/ecosystem/meeovi-frontend/node_modules/@sentry/core/build/esm/instrument/console.js?v=cfee6d51:42
[   20268ms] [WARNING] [Vue warn]: Avoid app logic that relies on enumerating keys on a component instance. The keys will be empty in production mode to avoid performance overhead. 
  at <VNavigationDrawer modelValue=undefined onUpdate:modelValue=fn location="right"  ... > 
  at <MenusTopmenuLayoutNotifications > 
  at <VCol class="notificationsHeader" > 
  at <VDefaultsProvider defaults= {VTabs: Object} > 
  at <VToolbar ref=Ref< Proxy(Object) > class="v-app-bar" style= {top: 0px, zIndex: 1014, transform: translateY(0px), position: fixed, height: undefined}  ... > 
  at <VAppBar id="topnav" > 
  at <MenusHeader drawer=false onToggleDrawer=fn > 
  at <ClientOnly > 
  at <VApp theme="light" class="auto-text" > 
  at <VResponsive class="border rounded" > 
  at <Default ref=Ref< Proxy(Object) > > 
  at <AsyncComponentWrapper ref=Ref< Proxy(Object) > > 
  at <LayoutLoader key="default" layoutProps= {ref: RefImpl} name="default" > 
  at <NuxtLayoutProvider layoutProps= {ref: RefImpl} key="default" name="default"  ... > 
  at <NuxtLayout > 
  at <App key=4 > 
  at <NuxtRoot> @ http://localhost:3001/_nuxt/@fs/home/meebuzo/github/alternate-framework/apps/ecosystem/meeovi-frontend/node_modules/@sentry/core/build/esm/instrument/console.js?v=cfee6d51:42
[   20271ms] [WARNING] [Vue warn]: Avoid app logic that relies on enumerating keys on a component instance. The keys will be empty in production mode to avoid performance overhead. 
  at <VNavigationDrawer modelValue=undefined onUpdate:modelValue=fn location="right"  ... > 
  at <MenusTopmenuLayoutNotifications > 
  at <VCol class="notificationsHeader" > 
  at <VDefaultsProvider defaults= {VTabs: Object} > 
  at <VToolbar ref=Ref< Proxy(Object) > class="v-app-bar" style= {top: 0px, zIndex: 1014, transform: translateY(0px), position: fixed, height: undefined}  ... > 
  at <VAppBar id="topnav" > 
  at <MenusHeader drawer=false onToggleDrawer=fn > 
  at <ClientOnly > 
  at <VApp theme="light" class="auto-text" > 
  at <VResponsive class="border rounded" > 
  at <Default ref=Ref< Proxy(Object) > > 
  at <AsyncComponentWrapper ref=Ref< Proxy(Object) > > 
  at <LayoutLoader key="default" layoutProps= {ref: RefImpl} name="default" > 
  at <NuxtLayoutProvider layoutProps= {ref: RefImpl} key="default" name="default"  ... > 
  at <NuxtLayout > 
  at <App key=4 > 
  at <NuxtRoot> @ http://localhost:3001/_nuxt/@fs/home/meebuzo/github/alternate-framework/apps/ecosystem/meeovi-frontend/node_modules/@sentry/core/build/esm/instrument/console.js?v=cfee6d51:42
[   20274ms] [WARNING] [Vue warn]: Avoid app logic that relies on enumerating keys on a component instance. The keys will be empty in production mode to avoid performance overhead. 
  at <VNavigationDrawer modelValue=undefined onUpdate:modelValue=fn location="right"  ... > 
  at <MenusTopmenuLayoutNotifications > 
  at <VCol class="notificationsHeader" > 
  at <VDefaultsProvider defaults= {VTabs: Object} > 
  at <VToolbar ref=Ref< Proxy(Object) > class="v-app-bar" style= {top: 0px, zIndex: 1014, transform: translateY(0px), position: fixed, height: undefined}  ... > 
  at <VAppBar id="topnav" > 
  at <MenusHeader drawer=false onToggleDrawer=fn > 
  at <ClientOnly > 
  at <VApp theme="light" class="auto-text" > 
  at <VResponsive class="border rounded" > 
  at <Default ref=Ref< Proxy(Object) > > 
  at <AsyncComponentWrapper ref=Ref< Proxy(Object) > > 
  at <LayoutLoader key="default" layoutProps= {ref: RefImpl} name="default" > 
  at <NuxtLayoutProvider layoutProps= {ref: RefImpl} key="default" name="default"  ... > 
  at <NuxtLayout > 
  at <App key=4 > 
  at <NuxtRoot> @ http://localhost:3001/_nuxt/@fs/home/meebuzo/github/alternate-framework/apps/ecosystem/meeovi-frontend/node_modules/@sentry/core/build/esm/instrument/console.js?v=cfee6d51:42
[   20277ms] [WARNING] [Vue warn]: Avoid app logic that relies on enumerating keys on a component instance. The keys will be empty in production mode to avoid performance overhead. 
  at <VNavigationDrawer modelValue=undefined onUpdate:modelValue=fn location="right"  ... > 
  at <MenusTopmenuLayoutNotifications > 
  at <VCol class="notificationsHeader" > 
  at <VDefaultsProvider defaults= {VTabs: Object} > 
  at <VToolbar ref=Ref< Proxy(Object) > class="v-app-bar" style= {top: 0px, zIndex: 1014, transform: translateY(0px), position: fixed, height: undefined}  ... > 
  at <VAppBar id="topnav" > 
  at <MenusHeader drawer=false onToggleDrawer=fn > 
  at <ClientOnly > 
  at <VApp theme="light" class="auto-text" > 
  at <VResponsive class="border rounded" > 
  at <Default ref=Ref< Proxy(Object) > > 
  at <AsyncComponentWrapper ref=Ref< Proxy(Object) > > 
  at <LayoutLoader key="default" layoutProps= {ref: RefImpl} name="default" > 
  at <NuxtLayoutProvider layoutProps= {ref: RefImpl} key="default" name="default"  ... > 
  at <NuxtLayout > 
  at <App key=4 > 
  at <NuxtRoot> @ http://localhost:3001/_nuxt/@fs/home/meebuzo/github/alternate-framework/apps/ecosystem/meeovi-frontend/node_modules/@sentry/core/build/esm/instrument/console.js?v=cfee6d51:42
[   20279ms] [WARNING] [Vue warn]: Avoid app logic that relies on enumerating keys on a component instance. The keys will be empty in production mode to avoid performance overhead. 
  at <VNavigationDrawer modelValue=undefined onUpdate:modelValue=fn location="right"  ... > 
  at <MenusTopmenuLayoutNotifications > 
  at <VCol class="notificationsHeader" > 
  at <VDefaultsProvider defaults= {VTabs: Object} > 
  at <VToolbar ref=Ref< Proxy(Object) > class="v-app-bar" style= {top: 0px, zIndex: 1014, transform: translateY(0px), position: fixed, height: undefined}  ... > 
  at <VAppBar id="topnav" > 
  at <MenusHeader drawer=false onToggleDrawer=fn > 
  at <ClientOnly > 
  at <VApp theme="light" class="auto-text" > 
  at <VResponsive class="border rounded" > 
  at <Default ref=Ref< Proxy(Object) > > 
  at <AsyncComponentWrapper ref=Ref< Proxy(Object) > > 
  at <LayoutLoader key="default" layoutProps= {ref: RefImpl} name="default" > 
  at <NuxtLayoutProvider layoutProps= {ref: RefImpl} key="default" name="default"  ... > 
  at <NuxtLayout > 
  at <App key=4 > 
  at <NuxtRoot> @ http://localhost:3001/_nuxt/@fs/home/meebuzo/github/alternate-framework/apps/ecosystem/meeovi-frontend/node_modules/@sentry/core/build/esm/instrument/console.js?v=cfee6d51:42
[   20282ms] [WARNING] [Vue warn]: Avoid app logic that relies on enumerating keys on a component instance. The keys will be empty in production mode to avoid performance overhead. 
  at <VNavigationDrawer modelValue=undefined onUpdate:modelValue=fn location="right"  ... > 
  at <MenusTopmenuLayoutNotifications > 
  at <VCol class="notificationsHeader" > 
  at <VDefaultsProvider defaults= {VTabs: Object} > 
  at <VToolbar ref=Ref< Proxy(Object) > class="v-app-bar" style= {top: 0px, zIndex: 1014, transform: translateY(0px), position: fixed, height: undefined}  ... > 
  at <VAppBar id="topnav" > 
  at <MenusHeader drawer=false onToggleDrawer=fn > 
  at <ClientOnly > 
  at <VApp theme="light" class="auto-text" > 
  at <VResponsive class="border rounded" > 
  at <Default ref=Ref< Proxy(Object) > > 
  at <AsyncComponentWrapper ref=Ref< Proxy(Object) > > 
  at <LayoutLoader key="default" layoutProps= {ref: RefImpl} name="default" > 
  at <NuxtLayoutProvider layoutProps= {ref: RefImpl} key="default" name="default"  ... > 
  at <NuxtLayout > 
  at <App key=4 > 
  at <NuxtRoot> @ http://localhost:3001/_nuxt/@fs/home/meebuzo/github/alternate-framework/apps/ecosystem/meeovi-frontend/node_modules/@sentry/core/build/esm/instrument/console.js?v=cfee6d51:42
[   20285ms] [WARNING] [Vue warn]: Avoid app logic that relies on enumerating keys on a component instance. The keys will be empty in production mode to avoid performance overhead. 
  at <VNavigationDrawer modelValue=undefined onUpdate:modelValue=fn location="right"  ... > 
  at <MenusTopmenuLayoutNotifications > 
  at <VCol class="notificationsHeader" > 
  at <VDefaultsProvider defaults= {VTabs: Object} > 
  at <VToolbar ref=Ref< Proxy(Object) > class="v-app-bar" style= {top: 0px, zIndex: 1014, transform: translateY(0px), position: fixed, height: undefined}  ... > 
  at <VAppBar id="topnav" > 
  at <MenusHeader drawer=false onToggleDrawer=fn > 
  at <ClientOnly > 
  at <VApp theme="light" class="auto-text" > 
  at <VResponsive class="border rounded" > 
  at <Default ref=Ref< Proxy(Object) > > 
  at <AsyncComponentWrapper ref=Ref< Proxy(Object) > > 
  at <LayoutLoader key="default" layoutProps= {ref: RefImpl} name="default" > 
  at <NuxtLayoutProvider layoutProps= {ref: RefImpl} key="default" name="default"  ... > 
  at <NuxtLayout > 
  at <App key=4 > 
  at <NuxtRoot> @ http://localhost:3001/_nuxt/@fs/home/meebuzo/github/alternate-framework/apps/ecosystem/meeovi-frontend/node_modules/@sentry/core/build/esm/instrument/console.js?v=cfee6d51:42
[   20287ms] [WARNING] [Vue warn]: Avoid app logic that relies on enumerating keys on a component instance. The keys will be empty in production mode to avoid performance overhead. 
  at <VNavigationDrawer modelValue=undefined onUpdate:modelValue=fn location="right"  ... > 
  at <MenusTopmenuLayoutNotifications > 
  at <VCol class="notificationsHeader" > 
  at <VDefaultsProvider defaults= {VTabs: Object} > 
  at <VToolbar ref=Ref< Proxy(Object) > class="v-app-bar" style= {top: 0px, zIndex: 1014, transform: translateY(0px), position: fixed, height: undefined}  ... > 
  at <VAppBar id="topnav" > 
  at <MenusHeader drawer=false onToggleDrawer=fn > 
  at <ClientOnly > 
  at <VApp theme="light" class="auto-text" > 
  at <VResponsive class="border rounded" > 
  at <Default ref=Ref< Proxy(Object) > > 
  at <AsyncComponentWrapper ref=Ref< Proxy(Object) > > 
  at <LayoutLoader key="default" layoutProps= {ref: RefImpl} name="default" > 
  at <NuxtLayoutProvider layoutProps= {ref: RefImpl} key="default" name="default"  ... > 
  at <NuxtLayout > 
  at <App key=4 > 
  at <NuxtRoot> @ http://localhost:3001/_nuxt/@fs/home/meebuzo/github/alternate-framework/apps/ecosystem/meeovi-frontend/node_modules/@sentry/core/build/esm/instrument/console.js?v=cfee6d51:42
[   20290ms] [WARNING] [Vue warn]: Avoid app logic that relies on enumerating keys on a component instance. The keys will be empty in production mode to avoid performance overhead. 
  at <VNavigationDrawer modelValue=undefined onUpdate:modelValue=fn location="right"  ... > 
  at <MenusTopmenuLayoutNotifications > 
  at <VCol class="notificationsHeader" > 
  at <VDefaultsProvider defaults= {VTabs: Object} > 
  at <VToolbar ref=Ref< Proxy(Object) > class="v-app-bar" style= {top: 0px, zIndex: 1014, transform: translateY(0px), position: fixed, height: undefined}  ... > 
  at <VAppBar id="topnav" > 
  at <MenusHeader drawer=false onToggleDrawer=fn > 
  at <ClientOnly > 
  at <VApp theme="light" class="auto-text" > 
  at <VResponsive class="border rounded" > 
  at <Default ref=Ref< Proxy(Object) > > 
  at <AsyncComponentWrapper ref=Ref< Proxy(Object) > > 
  at <LayoutLoader key="default" layoutProps= {ref: RefImpl} name="default" > 
  at <NuxtLayoutProvider layoutProps= {ref: RefImpl} key="default" name="default"  ... > 
  at <NuxtLayout > 
  at <App key=4 > 
  at <NuxtRoot> @ http://localhost:3001/_nuxt/@fs/home/meebuzo/github/alternate-framework/apps/ecosystem/meeovi-frontend/node_modules/@sentry/core/build/esm/instrument/console.js?v=cfee6d51:42
[   20293ms] [WARNING] [Vue warn]: Avoid app logic that relies on enumerating keys on a component instance. The keys will be empty in production mode to avoid performance overhead. 
  at <VNavigationDrawer modelValue=undefined onUpdate:modelValue=fn location="right"  ... > 
  at <MenusTopmenuLayoutNotifications > 
  at <VCol class="notificationsHeader" > 
  at <VDefaultsProvider defaults= {VTabs: Object} > 
  at <VToolbar ref=Ref< Proxy(Object) > class="v-app-bar" style= {top: 0px, zIndex: 1014, transform: translateY(0px), position: fixed, height: undefined}  ... > 
  at <VAppBar id="topnav" > 
  at <MenusHeader drawer=false onToggleDrawer=fn > 
  at <ClientOnly > 
  at <VApp theme="light" class="auto-text" > 
  at <VResponsive class="border rounded" > 
  at <Default ref=Ref< Proxy(Object) > > 
  at <AsyncComponentWrapper ref=Ref< Proxy(Object) > > 
  at <LayoutLoader key="default" layoutProps= {ref: RefImpl} name="default" > 
  at <NuxtLayoutProvider layoutProps= {ref: RefImpl} key="default" name="default"  ... > 
  at <NuxtLayout > 
  at <App key=4 > 
  at <NuxtRoot> @ http://localhost:3001/_nuxt/@fs/home/meebuzo/github/alternate-framework/apps/ecosystem/meeovi-frontend/node_modules/@sentry/core/build/esm/instrument/console.js?v=cfee6d51:42
[   20295ms] [WARNING] [Vue warn]: Avoid app logic that relies on enumerating keys on a component instance. The keys will be empty in production mode to avoid performance overhead. 
  at <VNavigationDrawer modelValue=undefined onUpdate:modelValue=fn location="right"  ... > 
  at <MenusTopmenuLayoutNotifications > 
  at <VCol class="notificationsHeader" > 
  at <VDefaultsProvider defaults= {VTabs: Object} > 
  at <VToolbar ref=Ref< Proxy(Object) > class="v-app-bar" style= {top: 0px, zIndex: 1014, transform: translateY(0px), position: fixed, height: undefined}  ... > 
  at <VAppBar id="topnav" > 
  at <MenusHeader drawer=false onToggleDrawer=fn > 
  at <ClientOnly > 
  at <VApp theme="light" class="auto-text" > 
  at <VResponsive class="border rounded" > 
  at <Default ref=Ref< Proxy(Object) > > 
  at <AsyncComponentWrapper ref=Ref< Proxy(Object) > > 
  at <LayoutLoader key="default" layoutProps= {ref: RefImpl} name="default" > 
  at <NuxtLayoutProvider layoutProps= {ref: RefImpl} key="default" name="default"  ... > 
  at <NuxtLayout > 
  at <App key=4 > 
  at <NuxtRoot> @ http://localhost:3001/_nuxt/@fs/home/meebuzo/github/alternate-framework/apps/ecosystem/meeovi-frontend/node_modules/@sentry/core/build/esm/instrument/console.js?v=cfee6d51:42
[   20298ms] [WARNING] [Vue warn]: Avoid app logic that relies on enumerating keys on a component instance. The keys will be empty in production mode to avoid performance overhead. 
  at <VNavigationDrawer modelValue=undefined onUpdate:modelValue=fn location="right"  ... > 
  at <MenusTopmenuLayoutNotifications > 
  at <VCol class="notificationsHeader" > 
  at <VDefaultsProvider defaults= {VTabs: Object} > 
  at <VToolbar ref=Ref< Proxy(Object) > class="v-app-bar" style= {top: 0px, zIndex: 1014, transform: translateY(0px), position: fixed, height: undefined}  ... > 
  at <VAppBar id="topnav" > 
  at <MenusHeader drawer=false onToggleDrawer=fn > 
  at <ClientOnly > 
  at <VApp theme="light" class="auto-text" > 
  at <VResponsive class="border rounded" > 
  at <Default ref=Ref< Proxy(Object) > > 
  at <AsyncComponentWrapper ref=Ref< Proxy(Object) > > 
  at <LayoutLoader key="default" layoutProps= {ref: RefImpl} name="default" > 
  at <NuxtLayoutProvider layoutProps= {ref: RefImpl} key="default" name="default"  ... > 
  at <NuxtLayout > 
  at <App key=4 > 
  at <NuxtRoot> @ http://localhost:3001/_nuxt/@fs/home/meebuzo/github/alternate-framework/apps/ecosystem/meeovi-frontend/node_modules/@sentry/core/build/esm/instrument/console.js?v=cfee6d51:42
[   20300ms] [WARNING] [Vue warn]: Avoid app logic that relies on enumerating keys on a component instance. The keys will be empty in production mode to avoid performance overhead. 
  at <VNavigationDrawer modelValue=undefined onUpdate:modelValue=fn location="right"  ... > 
  at <MenusTopmenuLayoutNotifications > 
  at <VCol class="notificationsHeader" > 
  at <VDefaultsProvider defaults= {VTabs: Object} > 
  at <VToolbar ref=Ref< Proxy(Object) > class="v-app-bar" style= {top: 0px, zIndex: 1014, transform: translateY(0px), position: fixed, height: undefined}  ... > 
  at <VAppBar id="topnav" > 
  at <MenusHeader drawer=false onToggleDrawer=fn > 
  at <ClientOnly > 
  at <VApp theme="light" class="auto-text" > 
  at <VResponsive class="border rounded" > 
  at <Default ref=Ref< Proxy(Object) > > 
  at <AsyncComponentWrapper ref=Ref< Proxy(Object) > > 
  at <LayoutLoader key="default" layoutProps= {ref: RefImpl} name="default" > 
  at <NuxtLayoutProvider layoutProps= {ref: RefImpl} key="default" name="default"  ... > 
  at <NuxtLayout > 
  at <App key=4 > 
  at <NuxtRoot> @ http://localhost:3001/_nuxt/@fs/home/meebuzo/github/alternate-framework/apps/ecosystem/meeovi-frontend/node_modules/@sentry/core/build/esm/instrument/console.js?v=cfee6d51:42
[   20303ms] [WARNING] [Vue warn]: Avoid app logic that relies on enumerating keys on a component instance. The keys will be empty in production mode to avoid performance overhead. 
  at <VNavigationDrawer modelValue=undefined onUpdate:modelValue=fn location="right"  ... > 
  at <MenusTopmenuLayoutNotifications > 
  at <VCol class="notificationsHeader" > 
  at <VDefaultsProvider defaults= {VTabs: Object} > 
  at <VToolbar ref=Ref< Proxy(Object) > class="v-app-bar" style= {top: 0px, zIndex: 1014, transform: translateY(0px), position: fixed, height: undefined}  ... > 
  at <VAppBar id="topnav" > 
  at <MenusHeader drawer=false onToggleDrawer=fn > 
  at <ClientOnly > 
  at <VApp theme="light" class="auto-text" > 
  at <VResponsive class="border rounded" > 
  at <Default ref=Ref< Proxy(Object) > > 
  at <AsyncComponentWrapper ref=Ref< Proxy(Object) > > 
  at <LayoutLoader key="default" layoutProps= {ref: RefImpl} name="default" > 
  at <NuxtLayoutProvider layoutProps= {ref: RefImpl} key="default" name="default"  ... > 
  at <NuxtLayout > 
  at <App key=4 > 
  at <NuxtRoot> @ http://localhost:3001/_nuxt/@fs/home/meebuzo/github/alternate-framework/apps/ecosystem/meeovi-frontend/node_modules/@sentry/core/build/esm/instrument/console.js?v=cfee6d51:42
[   20306ms] [WARNING] [Vue warn]: Avoid app logic that relies on enumerating keys on a component instance. The keys will be empty in production mode to avoid performance overhead. 
  at <VNavigationDrawer modelValue=undefined onUpdate:modelValue=fn location="right"  ... > 
  at <MenusTopmenuLayoutNotifications > 
  at <VCol class="notificationsHeader" > 
  at <VDefaultsProvider defaults= {VTabs: Object} > 
  at <VToolbar ref=Ref< Proxy(Object) > class="v-app-bar" style= {top: 0px, zIndex: 1014, transform: translateY(0px), position: fixed, height: undefined}  ... > 
  at <VAppBar id="topnav" > 
  at <MenusHeader drawer=false onToggleDrawer=fn > 
  at <ClientOnly > 
  at <VApp theme="light" class="auto-text" > 
  at <VResponsive class="border rounded" > 
  at <Default ref=Ref< Proxy(Object) > > 
  at <AsyncComponentWrapper ref=Ref< Proxy(Object) > > 
  at <LayoutLoader key="default" layoutProps= {ref: RefImpl} name="default" > 
  at <NuxtLayoutProvider layoutProps= {ref: RefImpl} key="default" name="default"  ... > 
  at <NuxtLayout > 
  at <App key=4 > 
  at <NuxtRoot> @ http://localhost:3001/_nuxt/@fs/home/meebuzo/github/alternate-framework/apps/ecosystem/meeovi-frontend/node_modules/@sentry/core/build/esm/instrument/console.js?v=cfee6d51:42
[   20309ms] [WARNING] [Vue warn]: Avoid app logic that relies on enumerating keys on a component instance. The keys will be empty in production mode to avoid performance overhead. 
  at <VNavigationDrawer modelValue=undefined onUpdate:modelValue=fn location="right"  ... > 
  at <MenusTopmenuLayoutNotifications > 
  at <VCol class="notificationsHeader" > 
  at <VDefaultsProvider defaults= {VTabs: Object} > 
  at <VToolbar ref=Ref< Proxy(Object) > class="v-app-bar" style= {top: 0px, zIndex: 1014, transform: translateY(0px), position: fixed, height: undefined}  ... > 
  at <VAppBar id="topnav" > 
  at <MenusHeader drawer=false onToggleDrawer=fn > 
  at <ClientOnly > 
  at <VApp theme="light" class="auto-text" > 
  at <VResponsive class="border rounded" > 
  at <Default ref=Ref< Proxy(Object) > > 
  at <AsyncComponentWrapper ref=Ref< Proxy(Object) > > 
  at <LayoutLoader key="default" layoutProps= {ref: RefImpl} name="default" > 
  at <NuxtLayoutProvider layoutProps= {ref: RefImpl} key="default" name="default"  ... > 
  at <NuxtLayout > 
  at <App key=4 > 
  at <NuxtRoot> @ http://localhost:3001/_nuxt/@fs/home/meebuzo/github/alternate-framework/apps/ecosystem/meeovi-frontend/node_modules/@sentry/core/build/esm/instrument/console.js?v=cfee6d51:42
[   20312ms] [WARNING] [Vue warn]: Avoid app logic that relies on enumerating keys on a component instance. The keys will be empty in production mode to avoid performance overhead. 
  at <VNavigationDrawer modelValue=undefined onUpdate:modelValue=fn location="right"  ... > 
  at <MenusTopmenuLayoutNotifications > 
  at <VCol class="notificationsHeader" > 
  at <VDefaultsProvider defaults= {VTabs: Object} > 
  at <VToolbar ref=Ref< Proxy(Object) > class="v-app-bar" style= {top: 0px, zIndex: 1014, transform: translateY(0px), position: fixed, height: undefined}  ... > 
  at <VAppBar id="topnav" > 
  at <MenusHeader drawer=false onToggleDrawer=fn > 
  at <ClientOnly > 
  at <VApp theme="light" class="auto-text" > 
  at <VResponsive class="border rounded" > 
  at <Default ref=Ref< Proxy(Object) > > 
  at <AsyncComponentWrapper ref=Ref< Proxy(Object) > > 
  at <LayoutLoader key="default" layoutProps= {ref: RefImpl} name="default" > 
  at <NuxtLayoutProvider layoutProps= {ref: RefImpl} key="default" name="default"  ... > 
  at <NuxtLayout > 
  at <App key=4 > 
  at <NuxtRoot> @ http://localhost:3001/_nuxt/@fs/home/meebuzo/github/alternate-framework/apps/ecosystem/meeovi-frontend/node_modules/@sentry/core/build/esm/instrument/console.js?v=cfee6d51:42
[   20316ms] [WARNING] [Vue warn]: Avoid app logic that relies on enumerating keys on a component instance. The keys will be empty in production mode to avoid performance overhead. 
  at <VNavigationDrawer modelValue=undefined onUpdate:modelValue=fn location="right"  ... > 
  at <MenusTopmenuLayoutNotifications > 
  at <VCol class="notificationsHeader" > 
  at <VDefaultsProvider defaults= {VTabs: Object} > 
  at <VToolbar ref=Ref< Proxy(Object) > class="v-app-bar" style= {top: 0px, zIndex: 1014, transform: translateY(0px), position: fixed, height: undefined}  ... > 
  at <VAppBar id="topnav" > 
  at <MenusHeader drawer=false onToggleDrawer=fn > 
  at <ClientOnly > 
  at <VApp theme="light" class="auto-text" > 
  at <VResponsive class="border rounded" > 
  at <Default ref=Ref< Proxy(Object) > > 
  at <AsyncComponentWrapper ref=Ref< Proxy(Object) > > 
  at <LayoutLoader key="default" layoutProps= {ref: RefImpl} name="default" > 
  at <NuxtLayoutProvider layoutProps= {ref: RefImpl} key="default" name="default"  ... > 
  at <NuxtLayout > 
  at <App key=4 > 
  at <NuxtRoot> @ http://localhost:3001/_nuxt/@fs/home/meebuzo/github/alternate-framework/apps/ecosystem/meeovi-frontend/node_modules/@sentry/core/build/esm/instrument/console.js?v=cfee6d51:42
[   20319ms] [WARNING] [Vue warn]: Avoid app logic that relies on enumerating keys on a component instance. The keys will be empty in production mode to avoid performance overhead. 
  at <VNavigationDrawer modelValue=undefined onUpdate:modelValue=fn location="right"  ... > 
  at <MenusTopmenuLayoutNotifications > 
  at <VCol class="notificationsHeader" > 
  at <VDefaultsProvider defaults= {VTabs: Object} > 
  at <VToolbar ref=Ref< Proxy(Object) > class="v-app-bar" style= {top: 0px, zIndex: 1014, transform: translateY(0px), position: fixed, height: undefined}  ... > 
  at <VAppBar id="topnav" > 
  at <MenusHeader drawer=false onToggleDrawer=fn > 
  at <ClientOnly > 
  at <VApp theme="light" class="auto-text" > 
  at <VResponsive class="border rounded" > 
  at <Default ref=Ref< Proxy(Object) > > 
  at <AsyncComponentWrapper ref=Ref< Proxy(Object) > > 
  at <LayoutLoader key="default" layoutProps= {ref: RefImpl} name="default" > 
  at <NuxtLayoutProvider layoutProps= {ref: RefImpl} key="default" name="default"  ... > 
  at <NuxtLayout > 
  at <App key=4 > 
  at <NuxtRoot> @ http://localhost:3001/_nuxt/@fs/home/meebuzo/github/alternate-framework/apps/ecosystem/meeovi-frontend/node_modules/@sentry/core/build/esm/instrument/console.js?v=cfee6d51:42
[   20322ms] [WARNING] [Vue warn]: Avoid app logic that relies on enumerating keys on a component instance. The keys will be empty in production mode to avoid performance overhead. 
  at <VNavigationDrawer modelValue=undefined onUpdate:modelValue=fn location="right"  ... > 
  at <MenusTopmenuLayoutNotifications > 
  at <VCol class="notificationsHeader" > 
  at <VDefaultsProvider defaults= {VTabs: Object} > 
  at <VToolbar ref=Ref< Proxy(Object) > class="v-app-bar" style= {top: 0px, zIndex: 1014, transform: translateY(0px), position: fixed, height: undefined}  ... > 
  at <VAppBar id="topnav" > 
  at <MenusHeader drawer=false onToggleDrawer=fn > 
  at <ClientOnly > 
  at <VApp theme="light" class="auto-text" > 
  at <VResponsive class="border rounded" > 
  at <Default ref=Ref< Proxy(Object) > > 
  at <AsyncComponentWrapper ref=Ref< Proxy(Object) > > 
  at <LayoutLoader key="default" layoutProps= {ref: RefImpl} name="default" > 
  at <NuxtLayoutProvider layoutProps= {ref: RefImpl} key="default" name="default"  ... > 
  at <NuxtLayout > 
  at <App key=4 > 
  at <NuxtRoot> @ http://localhost:3001/_nuxt/@fs/home/meebuzo/github/alternate-framework/apps/ecosystem/meeovi-frontend/node_modules/@sentry/core/build/esm/instrument/console.js?v=cfee6d51:42
[   20326ms] [WARNING] [Vue warn]: Avoid app logic that relies on enumerating keys on a component instance. The keys will be empty in production mode to avoid performance overhead. 
  at <VNavigationDrawer modelValue=undefined onUpdate:modelValue=fn location="right"  ... > 
  at <MenusTopmenuLayoutNotifications > 
  at <VCol class="notificationsHeader" > 
  at <VDefaultsProvider defaults= {VTabs: Object} > 
  at <VToolbar ref=Ref< Proxy(Object) > class="v-app-bar" style= {top: 0px, zIndex: 1014, transform: translateY(0px), position: fixed, height: undefined}  ... > 
  at <VAppBar id="topnav" > 
  at <MenusHeader drawer=false onToggleDrawer=fn > 
  at <ClientOnly > 
  at <VApp theme="light" class="auto-text" > 
  at <VResponsive class="border rounded" > 
  at <Default ref=Ref< Proxy(Object) > > 
  at <AsyncComponentWrapper ref=Ref< Proxy(Object) > > 
  at <LayoutLoader key="default" layoutProps= {ref: RefImpl} name="default" > 
  at <NuxtLayoutProvider layoutProps= {ref: RefImpl} key="default" name="default"  ... > 
  at <NuxtLayout > 
  at <App key=4 > 
  at <NuxtRoot> @ http://localhost:3001/_nuxt/@fs/home/meebuzo/github/alternate-framework/apps/ecosystem/meeovi-frontend/node_modules/@sentry/core/build/esm/instrument/console.js?v=cfee6d51:42
[   20329ms] [WARNING] [Vue warn]: Avoid app logic that relies on enumerating keys on a component instance. The keys will be empty in production mode to avoid performance overhead. 
  at <VNavigationDrawer modelValue=undefined onUpdate:modelValue=fn location="right"  ... > 
  at <MenusTopmenuLayoutNotifications > 
  at <VCol class="notificationsHeader" > 
  at <VDefaultsProvider defaults= {VTabs: Object} > 
  at <VToolbar ref=Ref< Proxy(Object) > class="v-app-bar" style= {top: 0px, zIndex: 1014, transform: translateY(0px), position: fixed, height: undefined}  ... > 
  at <VAppBar id="topnav" > 
  at <MenusHeader drawer=false onToggleDrawer=fn > 
  at <ClientOnly > 
  at <VApp theme="light" class="auto-text" > 
  at <VResponsive class="border rounded" > 
  at <Default ref=Ref< Proxy(Object) > > 
  at <AsyncComponentWrapper ref=Ref< Proxy(Object) > > 
  at <LayoutLoader key="default" layoutProps= {ref: RefImpl} name="default" > 
  at <NuxtLayoutProvider layoutProps= {ref: RefImpl} key="default" name="default"  ... > 
  at <NuxtLayout > 
  at <App key=4 > 
  at <NuxtRoot> @ http://localhost:3001/_nuxt/@fs/home/meebuzo/github/alternate-framework/apps/ecosystem/meeovi-frontend/node_modules/@sentry/core/build/esm/instrument/console.js?v=cfee6d51:42
[   20332ms] [WARNING] [Vue warn]: Avoid app logic that relies on enumerating keys on a component instance. The keys will be empty in production mode to avoid performance overhead. 
  at <VNavigationDrawer modelValue=undefined onUpdate:modelValue=fn location="right"  ... > 
  at <MenusTopmenuLayoutNotifications > 
  at <VCol class="notificationsHeader" > 
  at <VDefaultsProvider defaults= {VTabs: Object} > 
  at <VToolbar ref=Ref< Proxy(Object) > class="v-app-bar" style= {top: 0px, zIndex: 1014, transform: translateY(0px), position: fixed, height: undefined}  ... > 
  at <VAppBar id="topnav" > 
  at <MenusHeader drawer=false onToggleDrawer=fn > 
  at <ClientOnly > 
  at <VApp theme="light" class="auto-text" > 
  at <VResponsive class="border rounded" > 
  at <Default ref=Ref< Proxy(Object) > > 
  at <AsyncComponentWrapper ref=Ref< Proxy(Object) > > 
  at <LayoutLoader key="default" layoutProps= {ref: RefImpl} name="default" > 
  at <NuxtLayoutProvider layoutProps= {ref: RefImpl} key="default" name="default"  ... > 
  at <NuxtLayout > 
  at <App key=4 > 
  at <NuxtRoot> @ http://localhost:3001/_nuxt/@fs/home/meebuzo/github/alternate-framework/apps/ecosystem/meeovi-frontend/node_modules/@sentry/core/build/esm/instrument/console.js?v=cfee6d51:42
[   20334ms] [WARNING] [Vue warn]: Avoid app logic that relies on enumerating keys on a component instance. The keys will be empty in production mode to avoid performance overhead. 
  at <VNavigationDrawer modelValue=undefined onUpdate:modelValue=fn location="right"  ... > 
  at <MenusTopmenuLayoutNotifications > 
  at <VCol class="notificationsHeader" > 
  at <VDefaultsProvider defaults= {VTabs: Object} > 
  at <VToolbar ref=Ref< Proxy(Object) > class="v-app-bar" style= {top: 0px, zIndex: 1014, transform: translateY(0px), position: fixed, height: undefined}  ... > 
  at <VAppBar id="topnav" > 
  at <MenusHeader drawer=false onToggleDrawer=fn > 
  at <ClientOnly > 
  at <VApp theme="light" class="auto-text" > 
  at <VResponsive class="border rounded" > 
  at <Default ref=Ref< Proxy(Object) > > 
  at <AsyncComponentWrapper ref=Ref< Proxy(Object) > > 
  at <LayoutLoader key="default" layoutProps= {ref: RefImpl} name="default" > 
  at <NuxtLayoutProvider layoutProps= {ref: RefImpl} key="default" name="default"  ... > 
  at <NuxtLayout > 
  at <App key=4 > 
  at <NuxtRoot> @ http://localhost:3001/_nuxt/@fs/home/meebuzo/github/alternate-framework/apps/ecosystem/meeovi-frontend/node_modules/@sentry/core/build/esm/instrument/console.js?v=cfee6d51:42
[   20337ms] [WARNING] [Vue warn]: Avoid app logic that relies on enumerating keys on a component instance. The keys will be empty in production mode to avoid performance overhead. 
  at <VNavigationDrawer modelValue=undefined onUpdate:modelValue=fn location="right"  ... > 
  at <MenusTopmenuLayoutNotifications > 
  at <VCol class="notificationsHeader" > 
  at <VDefaultsProvider defaults= {VTabs: Object} > 
  at <VToolbar ref=Ref< Proxy(Object) > class="v-app-bar" style= {top: 0px, zIndex: 1014, transform: translateY(0px), position: fixed, height: undefined}  ... > 
  at <VAppBar id="topnav" > 
  at <MenusHeader drawer=false onToggleDrawer=fn > 
  at <ClientOnly > 
  at <VApp theme="light" class="auto-text" > 
  at <VResponsive class="border rounded" > 
  at <Default ref=Ref< Proxy(Object) > > 
  at <AsyncComponentWrapper ref=Ref< Proxy(Object) > > 
  at <LayoutLoader key="default" layoutProps= {ref: RefImpl} name="default" > 
  at <NuxtLayoutProvider layoutProps= {ref: RefImpl} key="default" name="default"  ... > 
  at <NuxtLayout > 
  at <App key=4 > 
  at <NuxtRoot> @ http://localhost:3001/_nuxt/@fs/home/meebuzo/github/alternate-framework/apps/ecosystem/meeovi-frontend/node_modules/@sentry/core/build/esm/instrument/console.js?v=cfee6d51:42
[   20340ms] [WARNING] [Vue warn]: Avoid app logic that relies on enumerating keys on a component instance. The keys will be empty in production mode to avoid performance overhead. 
  at <VNavigationDrawer modelValue=undefined onUpdate:modelValue=fn location="right"  ... > 
  at <MenusTopmenuLayoutNotifications > 
  at <VCol class="notificationsHeader" > 
  at <VDefaultsProvider defaults= {VTabs: Object} > 
  at <VToolbar ref=Ref< Proxy(Object) > class="v-app-bar" style= {top: 0px, zIndex: 1014, transform: translateY(0px), position: fixed, height: undefined}  ... > 
  at <VAppBar id="topnav" > 
  at <MenusHeader drawer=false onToggleDrawer=fn > 
  at <ClientOnly > 
  at <VApp theme="light" class="auto-text" > 
  at <VResponsive class="border rounded" > 
  at <Default ref=Ref< Proxy(Object) > > 
  at <AsyncComponentWrapper ref=Ref< Proxy(Object) > > 
  at <LayoutLoader key="default" layoutProps= {ref: RefImpl} name="default" > 
  at <NuxtLayoutProvider layoutProps= {ref: RefImpl} key="default" name="default"  ... > 
  at <NuxtLayout > 
  at <App key=4 > 
  at <NuxtRoot> @ http://localhost:3001/_nuxt/@fs/home/meebuzo/github/alternate-framework/apps/ecosystem/meeovi-frontend/node_modules/@sentry/core/build/esm/instrument/console.js?v=cfee6d51:42
[   20343ms] [WARNING] [Vue warn]: Avoid app logic that relies on enumerating keys on a component instance. The keys will be empty in production mode to avoid performance overhead. 
  at <VNavigationDrawer modelValue=undefined onUpdate:modelValue=fn location="right"  ... > 
  at <MenusTopmenuLayoutNotifications > 
  at <VCol class="notificationsHeader" > 
  at <VDefaultsProvider defaults= {VTabs: Object} > 
  at <VToolbar ref=Ref< Proxy(Object) > class="v-app-bar" style= {top: 0px, zIndex: 1014, transform: translateY(0px), position: fixed, height: undefined}  ... > 
  at <VAppBar id="topnav" > 
  at <MenusHeader drawer=false onToggleDrawer=fn > 
  at <ClientOnly > 
  at <VApp theme="light" class="auto-text" > 
  at <VResponsive class="border rounded" > 
  at <Default ref=Ref< Proxy(Object) > > 
  at <AsyncComponentWrapper ref=Ref< Proxy(Object) > > 
  at <LayoutLoader key="default" layoutProps= {ref: RefImpl} name="default" > 
  at <NuxtLayoutProvider layoutProps= {ref: RefImpl} key="default" name="default"  ... > 
  at <NuxtLayout > 
  at <App key=4 > 
  at <NuxtRoot> @ http://localhost:3001/_nuxt/@fs/home/meebuzo/github/alternate-framework/apps/ecosystem/meeovi-frontend/node_modules/@sentry/core/build/esm/instrument/console.js?v=cfee6d51:42
[   20346ms] [WARNING] [Vue warn]: Avoid app logic that relies on enumerating keys on a component instance. The keys will be empty in production mode to avoid performance overhead. 
  at <VNavigationDrawer modelValue=undefined onUpdate:modelValue=fn location="right"  ... > 
  at <MenusTopmenuLayoutNotifications > 
  at <VCol class="notificationsHeader" > 
  at <VDefaultsProvider defaults= {VTabs: Object} > 
  at <VToolbar ref=Ref< Proxy(Object) > class="v-app-bar" style= {top: 0px, zIndex: 1014, transform: translateY(0px), position: fixed, height: undefined}  ... > 
  at <VAppBar id="topnav" > 
  at <MenusHeader drawer=false onToggleDrawer=fn > 
  at <ClientOnly > 
  at <VApp theme="light" class="auto-text" > 
  at <VResponsive class="border rounded" > 
  at <Default ref=Ref< Proxy(Object) > > 
  at <AsyncComponentWrapper ref=Ref< Proxy(Object) > > 
  at <LayoutLoader key="default" layoutProps= {ref: RefImpl} name="default" > 
  at <NuxtLayoutProvider layoutProps= {ref: RefImpl} key="default" name="default"  ... > 
  at <NuxtLayout > 
  at <App key=4 > 
  at <NuxtRoot> @ http://localhost:3001/_nuxt/@fs/home/meebuzo/github/alternate-framework/apps/ecosystem/meeovi-frontend/node_modules/@sentry/core/build/esm/instrument/console.js?v=cfee6d51:42
[   20349ms] [WARNING] [Vue warn]: Avoid app logic that relies on enumerating keys on a component instance. The keys will be empty in production mode to avoid performance overhead. 
  at <VNavigationDrawer modelValue=undefined onUpdate:modelValue=fn location="right"  ... > 
  at <MenusTopmenuLayoutNotifications > 
  at <VCol class="notificationsHeader" > 
  at <VDefaultsProvider defaults= {VTabs: Object} > 
  at <VToolbar ref=Ref< Proxy(Object) > class="v-app-bar" style= {top: 0px, zIndex: 1014, transform: translateY(0px), position: fixed, height: undefined}  ... > 
  at <VAppBar id="topnav" > 
  at <MenusHeader drawer=false onToggleDrawer=fn > 
  at <ClientOnly > 
  at <VApp theme="light" class="auto-text" > 
  at <VResponsive class="border rounded" > 
  at <Default ref=Ref< Proxy(Object) > > 
  at <AsyncComponentWrapper ref=Ref< Proxy(Object) > > 
  at <LayoutLoader key="default" layoutProps= {ref: RefImpl} name="default" > 
  at <NuxtLayoutProvider layoutProps= {ref: RefImpl} key="default" name="default"  ... > 
  at <NuxtLayout > 
  at <App key=4 > 
  at <NuxtRoot> @ http://localhost:3001/_nuxt/@fs/home/meebuzo/github/alternate-framework/apps/ecosystem/meeovi-frontend/node_modules/@sentry/core/build/esm/instrument/console.js?v=cfee6d51:42
[   20352ms] [WARNING] [Vue warn]: Avoid app logic that relies on enumerating keys on a component instance. The keys will be empty in production mode to avoid performance overhead. 
  at <VNavigationDrawer modelValue=undefined onUpdate:modelValue=fn location="right"  ... > 
  at <MenusTopmenuLayoutNotifications > 
  at <VCol class="notificationsHeader" > 
  at <VDefaultsProvider defaults= {VTabs: Object} > 
  at <VToolbar ref=Ref< Proxy(Object) > class="v-app-bar" style= {top: 0px, zIndex: 1014, transform: translateY(0px), position: fixed, height: undefined}  ... > 
  at <VAppBar id="topnav" > 
  at <MenusHeader drawer=false onToggleDrawer=fn > 
  at <ClientOnly > 
  at <VApp theme="light" class="auto-text" > 
  at <VResponsive class="border rounded" > 
  at <Default ref=Ref< Proxy(Object) > > 
  at <AsyncComponentWrapper ref=Ref< Proxy(Object) > > 
  at <LayoutLoader key="default" layoutProps= {ref: RefImpl} name="default" > 
  at <NuxtLayoutProvider layoutProps= {ref: RefImpl} key="default" name="default"  ... > 
  at <NuxtLayout > 
  at <App key=4 > 
  at <NuxtRoot> @ http://localhost:3001/_nuxt/@fs/home/meebuzo/github/alternate-framework/apps/ecosystem/meeovi-frontend/node_modules/@sentry/core/build/esm/instrument/console.js?v=cfee6d51:42
[   20354ms] [WARNING] [Vue warn]: Avoid app logic that relies on enumerating keys on a component instance. The keys will be empty in production mode to avoid performance overhead. 
  at <VNavigationDrawer modelValue=undefined onUpdate:modelValue=fn location="right"  ... > 
  at <MenusTopmenuLayoutNotifications > 
  at <VCol class="notificationsHeader" > 
  at <VDefaultsProvider defaults= {VTabs: Object} > 
  at <VToolbar ref=Ref< Proxy(Object) > class="v-app-bar" style= {top: 0px, zIndex: 1014, transform: translateY(0px), position: fixed, height: undefined}  ... > 
  at <VAppBar id="topnav" > 
  at <MenusHeader drawer=false onToggleDrawer=fn > 
  at <ClientOnly > 
  at <VApp theme="light" class="auto-text" > 
  at <VResponsive class="border rounded" > 
  at <Default ref=Ref< Proxy(Object) > > 
  at <AsyncComponentWrapper ref=Ref< Proxy(Object) > > 
  at <LayoutLoader key="default" layoutProps= {ref: RefImpl} name="default" > 
  at <NuxtLayoutProvider layoutProps= {ref: RefImpl} key="default" name="default"  ... > 
  at <NuxtLayout > 
  at <App key=4 > 
  at <NuxtRoot> @ http://localhost:3001/_nuxt/@fs/home/meebuzo/github/alternate-framework/apps/ecosystem/meeovi-frontend/node_modules/@sentry/core/build/esm/instrument/console.js?v=cfee6d51:42
[   20357ms] [WARNING] [Vue warn]: Avoid app logic that relies on enumerating keys on a component instance. The keys will be empty in production mode to avoid performance overhead. 
  at <VNavigationDrawer modelValue=undefined onUpdate:modelValue=fn location="right"  ... > 
  at <MenusTopmenuLayoutNotifications > 
  at <VCol class="notificationsHeader" > 
  at <VDefaultsProvider defaults= {VTabs: Object} > 
  at <VToolbar ref=Ref< Proxy(Object) > class="v-app-bar" style= {top: 0px, zIndex: 1014, transform: translateY(0px), position: fixed, height: undefined}  ... > 
  at <VAppBar id="topnav" > 
  at <MenusHeader drawer=false onToggleDrawer=fn > 
  at <ClientOnly > 
  at <VApp theme="light" class="auto-text" > 
  at <VResponsive class="border rounded" > 
  at <Default ref=Ref< Proxy(Object) > > 
  at <AsyncComponentWrapper ref=Ref< Proxy(Object) > > 
  at <LayoutLoader key="default" layoutProps= {ref: RefImpl} name="default" > 
  at <NuxtLayoutProvider layoutProps= {ref: RefImpl} key="default" name="default"  ... > 
  at <NuxtLayout > 
  at <App key=4 > 
  at <NuxtRoot> @ http://localhost:3001/_nuxt/@fs/home/meebuzo/github/alternate-framework/apps/ecosystem/meeovi-frontend/node_modules/@sentry/core/build/esm/instrument/console.js?v=cfee6d51:42
[   20361ms] [WARNING] [Vue warn]: Avoid app logic that relies on enumerating keys on a component instance. The keys will be empty in production mode to avoid performance overhead. 
  at <VNavigationDrawer modelValue=undefined onUpdate:modelValue=fn location="right"  ... > 
  at <MenusTopmenuLayoutNotifications > 
  at <VCol class="notificationsHeader" > 
  at <VDefaultsProvider defaults= {VTabs: Object} > 
  at <VToolbar ref=Ref< Proxy(Object) > class="v-app-bar" style= {top: 0px, zIndex: 1014, transform: translateY(0px), position: fixed, height: undefined}  ... > 
  at <VAppBar id="topnav" > 
  at <MenusHeader drawer=false onToggleDrawer=fn > 
  at <ClientOnly > 
  at <VApp theme="light" class="auto-text" > 
  at <VResponsive class="border rounded" > 
  at <Default ref=Ref< Proxy(Object) > > 
  at <AsyncComponentWrapper ref=Ref< Proxy(Object) > > 
  at <LayoutLoader key="default" layoutProps= {ref: RefImpl} name="default" > 
  at <NuxtLayoutProvider layoutProps= {ref: RefImpl} key="default" name="default"  ... > 
  at <NuxtLayout > 
  at <App key=4 > 
  at <NuxtRoot> @ http://localhost:3001/_nuxt/@fs/home/meebuzo/github/alternate-framework/apps/ecosystem/meeovi-frontend/node_modules/@sentry/core/build/esm/instrument/console.js?v=cfee6d51:42
[   20363ms] [WARNING] [Vue warn]: Avoid app logic that relies on enumerating keys on a component instance. The keys will be empty in production mode to avoid performance overhead. 
  at <VNavigationDrawer modelValue=undefined onUpdate:modelValue=fn location="right"  ... > 
  at <MenusTopmenuLayoutNotifications > 
  at <VCol class="notificationsHeader" > 
  at <VDefaultsProvider defaults= {VTabs: Object} > 
  at <VToolbar ref=Ref< Proxy(Object) > class="v-app-bar" style= {top: 0px, zIndex: 1014, transform: translateY(0px), position: fixed, height: undefined}  ... > 
  at <VAppBar id="topnav" > 
  at <MenusHeader drawer=false onToggleDrawer=fn > 
  at <ClientOnly > 
  at <VApp theme="light" class="auto-text" > 
  at <VResponsive class="border rounded" > 
  at <Default ref=Ref< Proxy(Object) > > 
  at <AsyncComponentWrapper ref=Ref< Proxy(Object) > > 
  at <LayoutLoader key="default" layoutProps= {ref: RefImpl} name="default" > 
  at <NuxtLayoutProvider layoutProps= {ref: RefImpl} key="default" name="default"  ... > 
  at <NuxtLayout > 
  at <App key=4 > 
  at <NuxtRoot> @ http://localhost:3001/_nuxt/@fs/home/meebuzo/github/alternate-framework/apps/ecosystem/meeovi-frontend/node_modules/@sentry/core/build/esm/instrument/console.js?v=cfee6d51:42
[   20366ms] [WARNING] [Vue warn]: Avoid app logic that relies on enumerating keys on a component instance. The keys will be empty in production mode to avoid performance overhead. 
  at <VNavigationDrawer modelValue=undefined onUpdate:modelValue=fn location="right"  ... > 
  at <MenusTopmenuLayoutNotifications > 
  at <VCol class="notificationsHeader" > 
  at <VDefaultsProvider defaults= {VTabs: Object} > 
  at <VToolbar ref=Ref< Proxy(Object) > class="v-app-bar" style= {top: 0px, zIndex: 1014, transform: translateY(0px), position: fixed, height: undefined}  ... > 
  at <VAppBar id="topnav" > 
  at <MenusHeader drawer=false onToggleDrawer=fn > 
  at <ClientOnly > 
  at <VApp theme="light" class="auto-text" > 
  at <VResponsive class="border rounded" > 
  at <Default ref=Ref< Proxy(Object) > > 
  at <AsyncComponentWrapper ref=Ref< Proxy(Object) > > 
  at <LayoutLoader key="default" layoutProps= {ref: RefImpl} name="default" > 
  at <NuxtLayoutProvider layoutProps= {ref: RefImpl} key="default" name="default"  ... > 
  at <NuxtLayout > 
  at <App key=4 > 
  at <NuxtRoot> @ http://localhost:3001/_nuxt/@fs/home/meebuzo/github/alternate-framework/apps/ecosystem/meeovi-frontend/node_modules/@sentry/core/build/esm/instrument/console.js?v=cfee6d51:42
[   20371ms] [ERROR] Connecting to 'https://o996770.ingest.us.sentry.io/api/5955273/envelope/?sentry_version=7&sentry_key=df1b90fab7c44ce8aef097a63b468d61&sentry_client=sentry.javascript.nuxt%2F10.63.0' violates the following Content Security Policy directive: "connect-src 'self' https://*.mux.com". The action has been blocked. @ http://localhost:3001/_nuxt/@fs/home/meebuzo/github/alternate-framework/apps/ecosystem/meeovi-frontend/node_modules/@sentry/browser/build/npm/esm/dev/transports/fetch.js?v=cfee6d51:31
[   20371ms] [ERROR] Fetch API cannot load https://o996770.ingest.us.sentry.io/api/5955273/envelope/?sentry_version=7&sentry_key=df1b90fab7c44ce8aef097a63b468d61&sentry_client=sentry.javascript.nuxt%2F10.63.0. Refused to connect because it violates the document's Content Security Policy. @ http://localhost:3001/_nuxt/@fs/home/meebuzo/github/alternate-framework/apps/ecosystem/meeovi-frontend/node_modules/@sentry/browser/build/npm/esm/dev/transports/fetch.js?v=cfee6d51:31
[   20372ms] [ERROR] Failed to load resource: the server responded with a status of 500 (Server Error) @ http://localhost:3001/q_auto/images/display-2.png:0
[   20377ms] [ERROR] Failed to load resource: the server responded with a status of 404 (Not Found) @ http://localhost:3001/api/auth/user/name/to-string:0
[   21276ms] TypeError: Cannot convert object to primitive value
    at http://localhost:3001/_nuxt/components/menus/topmenu/myaccounttopmenu.vue:174:63
    at Proxy.renderFnWithContext (http://localhost:3001/_nuxt/@fs/home/meebuzo/github/alternate-framework/apps/ecosystem/meeovi-frontend/node_modules/@vue/runtime-core/dist/runtime-core.esm-bundler.js?v=cfee6d51:709:13)
    at Proxy.<anonymous> (http://localhost:3001/_nuxt/@fs/home/meebuzo/github/alternate-framework/node_modules/vuetify/lib/components/VList/VListChildren.js?v=cfee6d51:21:33)
    at renderComponentRoot (http://localhost:3001/_nuxt/@fs/home/meebuzo/github/alternate-framework/apps/ecosystem/meeovi-frontend/node_modules/@vue/runtime-core/dist/runtime-core.esm-bundler.js?v=cfee6d51:4628:16)
    at ReactiveEffect.componentUpdateFn [as fn] (http://localhost:3001/_nuxt/@fs/home/meebuzo/github/alternate-framework/apps/ecosystem/meeovi-frontend/node_modules/@vue/runtime-core/dist/runtime-core.esm-bundler.js?v=cfee6d51:6206:46)
    at ReactiveEffect.run (http://localhost:3001/_nuxt/@fs/home/meebuzo/github/alternate-framework/apps/ecosystem/meeovi-frontend/node_modules/@vue/reactivity/dist/reactivity.esm-bundler.js?v=cfee6d51:230:19)
    at setupRenderEffect (http://localhost:3001/_nuxt/@fs/home/meebuzo/github/alternate-framework/apps/ecosystem/meeovi-frontend/node_modules/@vue/runtime-core/dist/runtime-core.esm-bundler.js?v=cfee6d51:6341:5)
    at mountComponent (http://localhost:3001/_nuxt/@fs/home/meebuzo/github/alternate-framework/apps/ecosystem/meeovi-frontend/node_modules/@vue/runtime-core/dist/runtime-core.esm-bundler.js?v=cfee6d51:6113:7)
    at processComponent (http://localhost:3001/_nuxt/@fs/home/meebuzo/github/alternate-framework/apps/ecosystem/meeovi-frontend/node_modules/@vue/runtime-core/dist/runtime-core.esm-bundler.js?v=cfee6d51:6065:9)
    at patch (http://localhost:3001/_nuxt/@fs/home/meebuzo/github/alternate-framework/apps/ecosystem/meeovi-frontend/node_modules/@vue/runtime-core/dist/runtime-core.esm-bundler.js?v=cfee6d51:5557:11)
    at mountChildren (http://localhost:3001/_nuxt/@fs/home/meebuzo/github/alternate-framework/apps/ecosystem/meeovi-frontend/node_modules/@vue/runtime-core/dist/runtime-core.esm-bundler.js?v=cfee6d51:5808:7)
    at mountElement (http://localhost:3001/_nuxt/@fs/home/meebuzo/github/alternate-framework/apps/ecosystem/meeovi-frontend/node_modules/@vue/runtime-core/dist/runtime-core.esm-bundler.js?v=cfee6d51:5724:7)
    at processElement (http://localhost:3001/_nuxt/@fs/home/meebuzo/github/alternate-framework/apps/ecosystem/meeovi-frontend/node_modules/@vue/runtime-core/dist/runtime-core.esm-bundler.js?v=cfee6d51:5679:7)
    at patch (http://localhost:3001/_nuxt/@fs/home/meebuzo/github/alternate-framework/apps/ecosystem/meeovi-frontend/node_modules/@vue/runtime-core/dist/runtime-core.esm-bundler.js?v=cfee6d51:5545:11)
    at ReactiveEffect.componentUpdateFn [as fn] (http://localhost:3001/_nuxt/@fs/home/meebuzo/github/alternate-framework/apps/ecosystem/meeovi-frontend/node_modules/@vue/runtime-core/dist/runtime-core.esm-bundler.js?v=cfee6d51:6213:11)
    at ReactiveEffect.run (http://localhost:3001/_nuxt/@fs/home/meebuzo/github/alternate-framework/apps/ecosystem/meeovi-frontend/node_modules/@vue/reactivity/dist/reactivity.esm-bundler.js?v=cfee6d51:230:19)
    at setupRenderEffect (http://localhost:3001/_nuxt/@fs/home/meebuzo/github/alternate-framework/apps/ecosystem/meeovi-frontend/node_modules/@vue/runtime-core/dist/runtime-core.esm-bundler.js?v=cfee6d51:6341:5)
    at mountComponent (http://localhost:3001/_nuxt/@fs/home/meebuzo/github/alternate-framework/apps/ecosystem/meeovi-frontend/node_modules/@vue/runtime-core/dist/runtime-core.esm-bundler.js?v=cfee6d51:6113:7)
    at processComponent (http://localhost:3001/_nuxt/@fs/home/meebuzo/github/alternate-framework/apps/ecosystem/meeovi-frontend/node_modules/@vue/runtime-core/dist/runtime-core.esm-bundler.js?v=cfee6d51:6065:9)
    at patch (http://localhost:3001/_nuxt/@fs/home/meebuzo/github/alternate-framework/apps/ecosystem/meeovi-frontend/node_modules/@vue/runtime-core/dist/runtime-core.esm-bundler.js?v=cfee6d51:5557:11)
    at mountChildren (http://localhost:3001/_nuxt/@fs/home/meebuzo/github/alternate-framework/apps/ecosystem/meeovi-frontend/node_modules/@vue/runtime-core/dist/runtime-core.esm-bundler.js?v=cfee6d51:5808:7)
    at mountElement (http://localhost:3001/_nuxt/@fs/home/meebuzo/github/alternate-framework/apps/ecosystem/meeovi-frontend/node_modules/@vue/runtime-core/dist/runtime-core.esm-bundler.js?v=cfee6d51:5724:7)
    at processElement (http://localhost:3001/_nuxt/@fs/home/meebuzo/github/alternate-framework/apps/ecosystem/meeovi-frontend/node_modules/@vue/runtime-core/dist/runtime-core.esm-bundler.js?v=cfee6d51:5679:7)
    at patch (http://localhost:3001/_nuxt/@fs/home/meebuzo/github/alternate-framework/apps/ecosystem/meeovi-frontend/node_modules/@vue/runtime-core/dist/runtime-core.esm-bundler.js?v=cfee6d51:5545:11)
    at mountChildren (http://localhost:3001/_nuxt/@fs/home/meebuzo/github/alternate-framework/apps/ecosystem/meeovi-frontend/node_modules/@vue/runtime-core/dist/runtime-core.esm-bundler.js?v=cfee6d51:5808:7)
    at processFragment (http://localhost:3001/_nuxt/@fs/home/meebuzo/github/alternate-framework/apps/ecosystem/meeovi-frontend/node_modules/@vue/runtime-core/dist/runtime-core.esm-bundler.js?v=cfee6d51:5995:7)
    at patch (http://localhost:3001/_nuxt/@fs/home/meebuzo/github/alternate-framework/apps/ecosystem/meeovi-frontend/node_modules/@vue/runtime-core/dist/runtime-core.esm-bundler.js?v=cfee6d51:5531:9)
    at mountChildren (http://localhost:3001/_nuxt/@fs/home/meebuzo/github/alternate-framework/apps/ecosystem/meeovi-frontend/node_modules/@vue/runtime-core/dist/runtime-core.esm-bundler.js?v=cfee6d51:5808:7)
    at mountElement (http://localhost:3001/_nuxt/@fs/home/meebuzo/github/alternate-framework/apps/ecosystem/meeovi-frontend/node_modules/@vue/runtime-core/dist/runtime-core.esm-bundler.js?v=cfee6d51:5724:7)
    at processElement (http://localhost:3001/_nuxt/@fs/home/meebuzo/github/alternate-framework/apps/ecosystem/meeovi-frontend/node_modules/@vue/runtime-core/dist/runtime-core.esm-bundler.js?v=cfee6d51:5679:7)
    at patch (http://localhost:3001/_nuxt/@fs/home/meebuzo/github/alternate-framework/apps/ecosystem/meeovi-frontend/node_modules/@vue/runtime-core/dist/runtime-core.esm-bundler.js?v=cfee6d51:5545:11)
    at mountChildren (http://localhost:3001/_nuxt/@fs/home/meebuzo/github/alternate-framework/apps/ecosystem/meeovi-frontend/node_modules/@vue/runtime-core/dist/runtime-core.esm-bundler.js?v=cfee6d51:5808:7)
    at mountElement (http://localhost:3001/_nuxt/@fs/home/meebuzo/github/alternate-framework/apps/ecosystem/meeovi-frontend/node_modules/@vue/runtime-core/dist/runtime-core.esm-bundler.js?v=cfee6d51:5724:7)
    at processElement (http://localhost:3001/_nuxt/@fs/home/meebuzo/github/alternate-framework/apps/ecosystem/meeovi-frontend/node_modules/@vue/runtime-core/dist/runtime-core.esm-bundler.js?v=cfee6d51:5679:7)
    at patch (http://localhost:3001/_nuxt/@fs/home/meebuzo/github/alternate-framework/apps/ecosystem/meeovi-frontend/node_modules/@vue/runtime-core/dist/runtime-core.esm-bundler.js?v=cfee6d51:5545:11)
    at mountChildren (http://localhost:3001/_nuxt/@fs/home/meebuzo/github/alternate-framework/apps/ecosystem/meeovi-frontend/node_modules/@vue/runtime-core/dist/runtime-core.esm-bundler.js?v=cfee6d51:5808:7)
    at processFragment (http://localhost:3001/_nuxt/@fs/home/meebuzo/github/alternate-framework/apps/ecosystem/meeovi-frontend/node_modules/@vue/runtime-core/dist/runtime-core.esm-bundler.js?v=cfee6d51:5995:7)
    at patch (http://localhost:3001/_nuxt/@fs/home/meebuzo/github/alternate-framework/apps/ecosystem/meeovi-frontend/node_modules/@vue/runtime-core/dist/runtime-core.esm-bundler.js?v=cfee6d51:5531:9)
    at ReactiveEffect.componentUpdateFn [as fn] (http://localhost:3001/_nuxt/@fs/home/meebuzo/github/alternate-framework/apps/ecosystem/meeovi-frontend/node_modules/@vue/runtime-core/dist/runtime-core.esm-bundler.js?v=cfee6d51:6213:11)
    at ReactiveEffect.run (http://localhost:3001/_nuxt/@fs/home/meebuzo/github/alternate-framework/apps/ecosystem/meeovi-frontend/node_modules/@vue/reactivity/dist/reactivity.esm-bundler.js?v=cfee6d51:230:19)
    at setupRenderEffect (http://localhost:3001/_nuxt/@fs/home/meebuzo/github/alternate-framework/apps/ecosystem/meeovi-frontend/node_modules/@vue/runtime-core/dist/runtime-core.esm-bundler.js?v=cfee6d51:6341:5)
    at mountComponent (http://localhost:3001/_nuxt/@fs/home/meebuzo/github/alternate-framework/apps/ecosystem/meeovi-frontend/node_modules/@vue/runtime-core/dist/runtime-core.esm-bundler.js?v=cfee6d51:6113:7)
    at processComponent (http://localhost:3001/_nuxt/@fs/home/meebuzo/github/alternate-framework/apps/ecosystem/meeovi-frontend/node_modules/@vue/runtime-core/dist/runtime-core.esm-bundler.js?v=cfee6d51:6065:9)
    at patch (http://localhost:3001/_nuxt/@fs/home/meebuzo/github/alternate-framework/apps/ecosystem/meeovi-frontend/node_modules/@vue/runtime-core/dist/runtime-core.esm-bundler.js?v=cfee6d51:5557:11)
    at mountChildren (http://localhost:3001/_nuxt/@fs/home/meebuzo/github/alternate-framework/apps/ecosystem/meeovi-frontend/node_modules/@vue/runtime-core/dist/runtime-core.esm-bundler.js?v=cfee6d51:5808:7)
    at mountElement (http://localhost:3001/_nuxt/@fs/home/meebuzo/github/alternate-framework/apps/ecosystem/meeovi-frontend/node_modules/@vue/runtime-core/dist/runtime-core.esm-bundler.js?v=cfee6d51:5724:7)
    at processElement (http://localhost:3001/_nuxt/@fs/home/meebuzo/github/alternate-framework/apps/ecosystem/meeovi-frontend/node_modules/@vue/runtime-core/dist/runtime-core.esm-bundler.js?v=cfee6d51:5679:7)
    at patch (http://localhost:3001/_nuxt/@fs/home/meebuzo/github/alternate-framework/apps/ecosystem/meeovi-frontend/node_modules/@vue/runtime-core/dist/runtime-core.esm-bundler.js?v=cfee6d51:5545:11)
    at ReactiveEffect.componentUpdateFn [as fn] (http://localhost:3001/_nuxt/@fs/home/meebuzo/github/alternate-framework/apps/ecosystem/meeovi-frontend/node_modules/@vue/runtime-core/dist/runtime-core.esm-bundler.js?v=cfee6d51:6213:11)
    at ReactiveEffect.run (http://localhost:3001/_nuxt/@fs/home/meebuzo/github/alternate-framework/apps/ecosystem/meeovi-frontend/node_modules/@vue/reactivity/dist/reactivity.esm-bundler.js?v=cfee6d51:230:19)
[   21276ms] TypeError: Cannot read properties of undefined (reading 'length')
    at http://localhost:3001/_nuxt/components/menus/topmenu/LayoutNotifications.vue:161:33
    at Proxy.renderFnWithContext (http://localhost:3001/_nuxt/@fs/home/meebuzo/github/alternate-framework/apps/ecosystem/meeovi-frontend/node_modules/@vue/runtime-core/dist/runtime-core.esm-bundler.js?v=cfee6d51:709:13)
    at default (http://localhost:3001/_nuxt/@fs/home/meebuzo/github/alternate-framework/node_modules/vuetify/lib/components/VNavigationDrawer/VNavigationDrawer.js?v=cfee6d51:260:28)
    at normalizeChildren (http://localhost:3001/_nuxt/@fs/home/meebuzo/github/alternate-framework/apps/ecosystem/meeovi-frontend/node_modules/@vue/runtime-core/dist/runtime-core.esm-bundler.js?v=cfee6d51:7969:34)
    at createBaseVNode (http://localhost:3001/_nuxt/@fs/home/meebuzo/github/alternate-framework/apps/ecosystem/meeovi-frontend/node_modules/@vue/runtime-core/dist/runtime-core.esm-bundler.js?v=cfee6d51:7773:5)
    at _createVNode (http://localhost:3001/_nuxt/@fs/home/meebuzo/github/alternate-framework/apps/ecosystem/meeovi-frontend/node_modules/@vue/runtime-core/dist/runtime-core.esm-bundler.js?v=cfee6d51:7850:10)
    at createVNodeWithArgsTransform (http://localhost:3001/_nuxt/@fs/home/meebuzo/github/alternate-framework/apps/ecosystem/meeovi-frontend/node_modules/@vue/runtime-core/dist/runtime-core.esm-bundler.js?v=cfee6d51:7727:10)
    at Proxy.<anonymous> (http://localhost:3001/_nuxt/@fs/home/meebuzo/github/alternate-framework/node_modules/vuetify/lib/components/VNavigationDrawer/VNavigationDrawer.js?v=cfee6d51:219:52)
    at renderComponentRoot (http://localhost:3001/_nuxt/@fs/home/meebuzo/github/alternate-framework/apps/ecosystem/meeovi-frontend/node_modules/@vue/runtime-core/dist/runtime-core.esm-bundler.js?v=cfee6d51:4628:16)
    at ReactiveEffect.componentUpdateFn [as fn] (http://localhost:3001/_nuxt/@fs/home/meebuzo/github/alternate-framework/apps/ecosystem/meeovi-frontend/node_modules/@vue/runtime-core/dist/runtime-core.esm-bundler.js?v=cfee6d51:6284:26)
    at ReactiveEffect.run (http://localhost:3001/_nuxt/@fs/home/meebuzo/github/alternate-framework/apps/ecosystem/meeovi-frontend/node_modules/@vue/reactivity/dist/reactivity.esm-bundler.js?v=cfee6d51:230:19)
    at ReactiveEffect.runIfDirty (http://localhost:3001/_nuxt/@fs/home/meebuzo/github/alternate-framework/apps/ecosystem/meeovi-frontend/node_modules/@vue/reactivity/dist/reactivity.esm-bundler.js?v=cfee6d51:268:12)
    at callWithErrorHandling (http://localhost:3001/_nuxt/@fs/home/meebuzo/github/alternate-framework/apps/ecosystem/meeovi-frontend/node_modules/@vue/runtime-core/dist/runtime-core.esm-bundler.js?v=cfee6d51:197:33)
    at flushJobs (http://localhost:3001/_nuxt/@fs/home/meebuzo/github/alternate-framework/apps/ecosystem/meeovi-frontend/node_modules/@vue/runtime-core/dist/runtime-core.esm-bundler.js?v=cfee6d51:405:9)
[   20383ms] [ERROR] Failed to load resource: the server responded with a status of 404 (Not Found) @ http://localhost:3001/api/auth/user/name/value-of:0
[   21283ms] TypeError: Cannot read properties of undefined (reading 'length')
    at http://localhost:3001/_nuxt/components/menus/topmenu/LayoutNotifications.vue:161:33
    at Proxy.renderFnWithContext (http://localhost:3001/_nuxt/@fs/home/meebuzo/github/alternate-framework/apps/ecosystem/meeovi-frontend/node_modules/@vue/runtime-core/dist/runtime-core.esm-bundler.js?v=cfee6d51:709:13)
    at default (http://localhost:3001/_nuxt/@fs/home/meebuzo/github/alternate-framework/node_modules/vuetify/lib/components/VNavigationDrawer/VNavigationDrawer.js?v=cfee6d51:260:28)
    at normalizeChildren (http://localhost:3001/_nuxt/@fs/home/meebuzo/github/alternate-framework/apps/ecosystem/meeovi-frontend/node_modules/@vue/runtime-core/dist/runtime-core.esm-bundler.js?v=cfee6d51:7969:34)
    at createBaseVNode (http://localhost:3001/_nuxt/@fs/home/meebuzo/github/alternate-framework/apps/ecosystem/meeovi-frontend/node_modules/@vue/runtime-core/dist/runtime-core.esm-bundler.js?v=cfee6d51:7773:5)
    at _createVNode (http://localhost:3001/_nuxt/@fs/home/meebuzo/github/alternate-framework/apps/ecosystem/meeovi-frontend/node_modules/@vue/runtime-core/dist/runtime-core.esm-bundler.js?v=cfee6d51:7850:10)
    at createVNodeWithArgsTransform (http://localhost:3001/_nuxt/@fs/home/meebuzo/github/alternate-framework/apps/ecosystem/meeovi-frontend/node_modules/@vue/runtime-core/dist/runtime-core.esm-bundler.js?v=cfee6d51:7727:10)
    at Proxy.<anonymous> (http://localhost:3001/_nuxt/@fs/home/meebuzo/github/alternate-framework/node_modules/vuetify/lib/components/VNavigationDrawer/VNavigationDrawer.js?v=cfee6d51:219:52)
    at renderComponentRoot (http://localhost:3001/_nuxt/@fs/home/meebuzo/github/alternate-framework/apps/ecosystem/meeovi-frontend/node_modules/@vue/runtime-core/dist/runtime-core.esm-bundler.js?v=cfee6d51:4628:16)
    at ReactiveEffect.componentUpdateFn [as fn] (http://localhost:3001/_nuxt/@fs/home/meebuzo/github/alternate-framework/apps/ecosystem/meeovi-frontend/node_modules/@vue/runtime-core/dist/runtime-core.esm-bundler.js?v=cfee6d51:6284:26)
    at ReactiveEffect.run (http://localhost:3001/_nuxt/@fs/home/meebuzo/github/alternate-framework/apps/ecosystem/meeovi-frontend/node_modules/@vue/reactivity/dist/reactivity.esm-bundler.js?v=cfee6d51:230:19)
    at ReactiveEffect.runIfDirty (http://localhost:3001/_nuxt/@fs/home/meebuzo/github/alternate-framework/apps/ecosystem/meeovi-frontend/node_modules/@vue/reactivity/dist/reactivity.esm-bundler.js?v=cfee6d51:268:12)
    at callWithErrorHandling (http://localhost:3001/_nuxt/@fs/home/meebuzo/github/alternate-framework/apps/ecosystem/meeovi-frontend/node_modules/@vue/runtime-core/dist/runtime-core.esm-bundler.js?v=cfee6d51:197:33)
    at flushJobs (http://localhost:3001/_nuxt/@fs/home/meebuzo/github/alternate-framework/apps/ecosystem/meeovi-frontend/node_modules/@vue/runtime-core/dist/runtime-core.esm-bundler.js?v=cfee6d51:405:9)
[   21283ms] TypeError: Cannot read properties of undefined (reading 'length')
    at http://localhost:3001/_nuxt/components/menus/topmenu/LayoutNotifications.vue:161:33
    at Proxy.renderFnWithContext (http://localhost:3001/_nuxt/@fs/home/meebuzo/github/alternate-framework/apps/ecosystem/meeovi-frontend/node_modules/@vue/runtime-core/dist/runtime-core.esm-bundler.js?v=cfee6d51:709:13)
    at default (http://localhost:3001/_nuxt/@fs/home/meebuzo/github/alternate-framework/node_modules/vuetify/lib/components/VNavigationDrawer/VNavigationDrawer.js?v=cfee6d51:260:28)
    at normalizeChildren (http://localhost:3001/_nuxt/@fs/home/meebuzo/github/alternate-framework/apps/ecosystem/meeovi-frontend/node_modules/@vue/runtime-core/dist/runtime-core.esm-bundler.js?v=cfee6d51:7969:34)
    at createBaseVNode (http://localhost:3001/_nuxt/@fs/home/meebuzo/github/alternate-framework/apps/ecosystem/meeovi-frontend/node_modules/@vue/runtime-core/dist/runtime-core.esm-bundler.js?v=cfee6d51:7773:5)
    at _createVNode (http://localhost:3001/_nuxt/@fs/home/meebuzo/github/alternate-framework/apps/ecosystem/meeovi-frontend/node_modules/@vue/runtime-core/dist/runtime-core.esm-bundler.js?v=cfee6d51:7850:10)
    at createVNodeWithArgsTransform (http://localhost:3001/_nuxt/@fs/home/meebuzo/github/alternate-framework/apps/ecosystem/meeovi-frontend/node_modules/@vue/runtime-core/dist/runtime-core.esm-bundler.js?v=cfee6d51:7727:10)
    at Proxy.<anonymous> (http://localhost:3001/_nuxt/@fs/home/meebuzo/github/alternate-framework/node_modules/vuetify/lib/components/VNavigationDrawer/VNavigationDrawer.js?v=cfee6d51:219:52)
    at renderComponentRoot (http://localhost:3001/_nuxt/@fs/home/meebuzo/github/alternate-framework/apps/ecosystem/meeovi-frontend/node_modules/@vue/runtime-core/dist/runtime-core.esm-bundler.js?v=cfee6d51:4628:16)
    at ReactiveEffect.componentUpdateFn [as fn] (http://localhost:3001/_nuxt/@fs/home/meebuzo/github/alternate-framework/apps/ecosystem/meeovi-frontend/node_modules/@vue/runtime-core/dist/runtime-core.esm-bundler.js?v=cfee6d51:6284:26)
    at ReactiveEffect.run (http://localhost:3001/_nuxt/@fs/home/meebuzo/github/alternate-framework/apps/ecosystem/meeovi-frontend/node_modules/@vue/reactivity/dist/reactivity.esm-bundler.js?v=cfee6d51:230:19)
    at ReactiveEffect.runIfDirty (http://localhost:3001/_nuxt/@fs/home/meebuzo/github/alternate-framework/apps/ecosystem/meeovi-frontend/node_modules/@vue/reactivity/dist/reactivity.esm-bundler.js?v=cfee6d51:268:12)
    at callWithErrorHandling (http://localhost:3001/_nuxt/@fs/home/meebuzo/github/alternate-framework/apps/ecosystem/meeovi-frontend/node_modules/@vue/runtime-core/dist/runtime-core.esm-bundler.js?v=cfee6d51:197:33)
    at flushJobs (http://localhost:3001/_nuxt/@fs/home/meebuzo/github/alternate-framework/apps/ecosystem/meeovi-frontend/node_modules/@vue/runtime-core/dist/runtime-core.esm-bundler.js?v=cfee6d51:405:9)
[   20419ms] [ERROR] Connecting to 'https://cms.meeovicms.com/items/navigation/51' violates the following Content Security Policy directive: "connect-src 'self' https://*.mux.com". The action has been blocked. @ http://localhost:3001/_nuxt/@fs/home/meebuzo/github/alternate-framework/apps/ecosystem/meeovi-frontend/node_modules/.cache/vite/client/deps/@directus_sdk.js?v=cfee6d51:101
[   20419ms] [ERROR] Fetch API cannot load https://cms.meeovicms.com/items/navigation/51. Refused to connect because it violates the document's Content Security Policy. @ http://localhost:3001/_nuxt/@fs/home/meebuzo/github/alternate-framework/apps/ecosystem/meeovi-frontend/node_modules/.cache/vite/client/deps/@directus_sdk.js?v=cfee6d51:101
[   20423ms] [ERROR] Connecting to 'https://cms.meeovicms.com/items/navigation/50' violates the following Content Security Policy directive: "connect-src 'self' https://*.mux.com". The action has been blocked. @ http://localhost:3001/_nuxt/@fs/home/meebuzo/github/alternate-framework/apps/ecosystem/meeovi-frontend/node_modules/.cache/vite/client/deps/@directus_sdk.js?v=cfee6d51:101
[   20423ms] [ERROR] Fetch API cannot load https://cms.meeovicms.com/items/navigation/50. Refused to connect because it violates the document's Content Security Policy. @ http://localhost:3001/_nuxt/@fs/home/meebuzo/github/alternate-framework/apps/ecosystem/meeovi-frontend/node_modules/.cache/vite/client/deps/@directus_sdk.js?v=cfee6d51:101
[   20434ms] [WARNING] [Vue warn]: Unhandled error during execution of render function 
  at <VDefaultsProvider key="content-defaults" disabled=true defaults= {VIcon: Object} > 
  at <VBtn symbol= Symbol(vuetify:v-tabs) ref=Ref< undefined > class="v-tab"  ... > 
  at <VTab key=0 > 
  at <VSlideGroup centerActive=false scrollToActive=true contentClass=undefined  ... > 
  at <VTabs modelValue=null onUpdate:modelValue=fn bg-color=undefined  ... > 
  at <VCard variant="text" class="lowerBar" > 
  at <MenusLowerBar > 
  at <ClientOnly > 
  at <VApp theme="light" class="auto-text" > 
  at <VResponsive class="border rounded" > 
  at <Default ref=Ref< Proxy(Object) > > 
  at <AsyncComponentWrapper ref=Ref< Proxy(Object) > > 
  at <LayoutLoader key="default" layoutProps= {ref: RefImpl} name="default" > 
  at <NuxtLayoutProvider layoutProps= {ref: RefImpl} key="default" name="default"  ... > 
  at <NuxtLayout > 
  at <App key=4 > 
  at <NuxtRoot> @ http://localhost:3001/_nuxt/@fs/home/meebuzo/github/alternate-framework/apps/ecosystem/meeovi-frontend/node_modules/@sentry/core/build/esm/instrument/console.js?v=cfee6d51:42
[   20438ms] [WARNING] [Vue warn]: Unhandled error during execution of render function 
  at <VDefaultsProvider key="content-defaults" disabled=true defaults= {VIcon: Object} > 
  at <VBtn symbol= Symbol(vuetify:v-tabs) ref=Ref< undefined > class="v-tab"  ... > 
  at <VTab key=0 > 
  at <VSlideGroup centerActive=false scrollToActive=true contentClass=undefined  ... > 
  at <VTabs modelValue=null onUpdate:modelValue=fn bg-color=undefined  ... > 
  at <VCard variant="text" class="lowerBar" > 
  at <MenusLowerBar > 
  at <ClientOnly > 
  at <VApp theme="light" class="auto-text" > 
  at <VResponsive class="border rounded" > 
  at <Default ref=Ref< Proxy(Object) > > 
  at <AsyncComponentWrapper ref=Ref< Proxy(Object) > > 
  at <LayoutLoader key="default" layoutProps= {ref: RefImpl} name="default" > 
  at <NuxtLayoutProvider layoutProps= {ref: RefImpl} key="default" name="default"  ... > 
  at <NuxtLayout > 
  at <App key=4 > 
  at <NuxtRoot> @ http://localhost:3001/_nuxt/@fs/home/meebuzo/github/alternate-framework/apps/ecosystem/meeovi-frontend/node_modules/@sentry/core/build/esm/instrument/console.js?v=cfee6d51:42
[   20440ms] [WARNING] [Vue warn]: Unhandled error during execution of component update 
  at <VSlideGroup centerActive=false scrollToActive=true contentClass=undefined  ... > 
  at <VTabs modelValue=null onUpdate:modelValue=fn bg-color=undefined  ... > 
  at <VCard variant="text" class="lowerBar" > 
  at <MenusLowerBar > 
  at <ClientOnly > 
  at <VApp theme="light" class="auto-text" > 
  at <VResponsive class="border rounded" > 
  at <Default ref=Ref< Proxy(Object) > > 
  at <AsyncComponentWrapper ref=Ref< Proxy(Object) > > 
  at <LayoutLoader key="default" layoutProps= {ref: RefImpl} name="default" > 
  at <NuxtLayoutProvider layoutProps= {ref: RefImpl} key="default" name="default"  ... > 
  at <NuxtLayout > 
  at <App key=4 > 
  at <NuxtRoot> @ http://localhost:3001/_nuxt/@fs/home/meebuzo/github/alternate-framework/apps/ecosystem/meeovi-frontend/node_modules/@sentry/core/build/esm/instrument/console.js?v=cfee6d51:42
[   20445ms] [ERROR] Connecting to 'https://cms.meeovicms.com/items/navigation/50' violates the following Content Security Policy directive: "connect-src 'self' https://*.mux.com". The action has been blocked. @ http://localhost:3001/_nuxt/@fs/home/meebuzo/github/alternate-framework/apps/ecosystem/meeovi-frontend/node_modules/.cache/vite/client/deps/@directus_sdk.js?v=cfee6d51:101
[   20445ms] [ERROR] Fetch API cannot load https://cms.meeovicms.com/items/navigation/50. Refused to connect because it violates the document's Content Security Policy. @ http://localhost:3001/_nuxt/@fs/home/meebuzo/github/alternate-framework/apps/ecosystem/meeovi-frontend/node_modules/.cache/vite/client/deps/@directus_sdk.js?v=cfee6d51:101
[   20481ms] [WARNING] [Vue warn]: Avoid app logic that relies on enumerating keys on a component instance. The keys will be empty in production mode to avoid performance overhead. 
  at <VDefaultsProvider key="content-defaults" disabled=true defaults= {VIcon: Object} > 
  at <VBtn symbol= Symbol(vuetify:v-tabs) ref=Ref< undefined > class="v-tab"  ... > 
  at <VTab key=0 > 
  at <VSlideGroup centerActive=false scrollToActive=true contentClass=undefined  ... > 
  at <VTabs modelValue=null onUpdate:modelValue=fn bg-color=undefined  ... > 
  at <VCard variant="text" class="lowerBar" > 
  at <MenusLowerBar > 
  at <ClientOnly > 
  at <VApp theme="light" class="auto-text" > 
  at <VResponsive class="border rounded" > 
  at <Default ref=Ref< Proxy(Object) > > 
  at <AsyncComponentWrapper ref=Ref< Proxy(Object) > > 
  at <LayoutLoader key="default" layoutProps= {ref: RefImpl} name="default" > 
  at <NuxtLayoutProvider layoutProps= {ref: RefImpl} key="default" name="default"  ... > 
  at <NuxtLayout > 
  at <App key=4 > 
  at <NuxtRoot> @ http://localhost:3001/_nuxt/@fs/home/meebuzo/github/alternate-framework/apps/ecosystem/meeovi-frontend/node_modules/@sentry/core/build/esm/instrument/console.js?v=cfee6d51:42
[   20483ms] [WARNING] [Vue warn]: Avoid app logic that relies on enumerating keys on a component instance. The keys will be empty in production mode to avoid performance overhead. 
  at <VDefaultsProvider key="content-defaults" disabled=true defaults= {VIcon: Object} > 
  at <VBtn symbol= Symbol(vuetify:v-tabs) ref=Ref< undefined > class="v-tab"  ... > 
  at <VTab key=0 > 
  at <VSlideGroup centerActive=false scrollToActive=true contentClass=undefined  ... > 
  at <VTabs modelValue=null onUpdate:modelValue=fn bg-color=undefined  ... > 
  at <VCard variant="text" class="lowerBar" > 
  at <MenusLowerBar > 
  at <ClientOnly > 
  at <VApp theme="light" class="auto-text" > 
  at <VResponsive class="border rounded" > 
  at <Default ref=Ref< Proxy(Object) > > 
  at <AsyncComponentWrapper ref=Ref< Proxy(Object) > > 
  at <LayoutLoader key="default" layoutProps= {ref: RefImpl} name="default" > 
  at <NuxtLayoutProvider layoutProps= {ref: RefImpl} key="default" name="default"  ... > 
  at <NuxtLayout > 
  at <App key=4 > 
  at <NuxtRoot> @ http://localhost:3001/_nuxt/@fs/home/meebuzo/github/alternate-framework/apps/ecosystem/meeovi-frontend/node_modules/@sentry/core/build/esm/instrument/console.js?v=cfee6d51:42
[   20485ms] [WARNING] [Vue warn]: Avoid app logic that relies on enumerating keys on a component instance. The keys will be empty in production mode to avoid performance overhead. 
  at <VDefaultsProvider key="content-defaults" disabled=true defaults= {VIcon: Object} > 
  at <VBtn symbol= Symbol(vuetify:v-tabs) ref=Ref< undefined > class="v-tab"  ... > 
  at <VTab key=0 > 
  at <VSlideGroup centerActive=false scrollToActive=true contentClass=undefined  ... > 
  at <VTabs modelValue=null onUpdate:modelValue=fn bg-color=undefined  ... > 
  at <VCard variant="text" class="lowerBar" > 
  at <MenusLowerBar > 
  at <ClientOnly > 
  at <VApp theme="light" class="auto-text" > 
  at <VResponsive class="border rounded" > 
  at <Default ref=Ref< Proxy(Object) > > 
  at <AsyncComponentWrapper ref=Ref< Proxy(Object) > > 
  at <LayoutLoader key="default" layoutProps= {ref: RefImpl} name="default" > 
  at <NuxtLayoutProvider layoutProps= {ref: RefImpl} key="default" name="default"  ... > 
  at <NuxtLayout > 
  at <App key=4 > 
  at <NuxtRoot> @ http://localhost:3001/_nuxt/@fs/home/meebuzo/github/alternate-framework/apps/ecosystem/meeovi-frontend/node_modules/@sentry/core/build/esm/instrument/console.js?v=cfee6d51:42
[   20486ms] [WARNING] [Vue warn]: Avoid app logic that relies on enumerating keys on a component instance. The keys will be empty in production mode to avoid performance overhead. 
  at <VDefaultsProvider key="content-defaults" disabled=true defaults= {VIcon: Object} > 
  at <VBtn symbol= Symbol(vuetify:v-tabs) ref=Ref< undefined > class="v-tab"  ... > 
  at <VTab key=0 > 
  at <VSlideGroup centerActive=false scrollToActive=true contentClass=undefined  ... > 
  at <VTabs modelValue=null onUpdate:modelValue=fn bg-color=undefined  ... > 
  at <VCard variant="text" class="lowerBar" > 
  at <MenusLowerBar > 
  at <ClientOnly > 
  at <VApp theme="light" class="auto-text" > 
  at <VResponsive class="border rounded" > 
  at <Default ref=Ref< Proxy(Object) > > 
  at <AsyncComponentWrapper ref=Ref< Proxy(Object) > > 
  at <LayoutLoader key="default" layoutProps= {ref: RefImpl} name="default" > 
  at <NuxtLayoutProvider layoutProps= {ref: RefImpl} key="default" name="default"  ... > 
  at <NuxtLayout > 
  at <App key=4 > 
  at <NuxtRoot> @ http://localhost:3001/_nuxt/@fs/home/meebuzo/github/alternate-framework/apps/ecosystem/meeovi-frontend/node_modules/@sentry/core/build/esm/instrument/console.js?v=cfee6d51:42
[   20488ms] [WARNING] [Vue warn]: Avoid app logic that relies on enumerating keys on a component instance. The keys will be empty in production mode to avoid performance overhead. 
  at <VDefaultsProvider key="content-defaults" disabled=true defaults= {VIcon: Object} > 
  at <VBtn symbol= Symbol(vuetify:v-tabs) ref=Ref< undefined > class="v-tab"  ... > 
  at <VTab key=0 > 
  at <VSlideGroup centerActive=false scrollToActive=true contentClass=undefined  ... > 
  at <VTabs modelValue=null onUpdate:modelValue=fn bg-color=undefined  ... > 
  at <VCard variant="text" class="lowerBar" > 
  at <MenusLowerBar > 
  at <ClientOnly > 
  at <VApp theme="light" class="auto-text" > 
  at <VResponsive class="border rounded" > 
  at <Default ref=Ref< Proxy(Object) > > 
  at <AsyncComponentWrapper ref=Ref< Proxy(Object) > > 
  at <LayoutLoader key="default" layoutProps= {ref: RefImpl} name="default" > 
  at <NuxtLayoutProvider layoutProps= {ref: RefImpl} key="default" name="default"  ... > 
  at <NuxtLayout > 
  at <App key=4 > 
  at <NuxtRoot> @ http://localhost:3001/_nuxt/@fs/home/meebuzo/github/alternate-framework/apps/ecosystem/meeovi-frontend/node_modules/@sentry/core/build/esm/instrument/console.js?v=cfee6d51:42
[   20489ms] [WARNING] [Vue warn]: Avoid app logic that relies on enumerating keys on a component instance. The keys will be empty in production mode to avoid performance overhead. 
  at <VDefaultsProvider key="content-defaults" disabled=true defaults= {VIcon: Object} > 
  at <VBtn symbol= Symbol(vuetify:v-tabs) ref=Ref< undefined > class="v-tab"  ... > 
  at <VTab key=0 > 
  at <VSlideGroup centerActive=false scrollToActive=true contentClass=undefined  ... > 
  at <VTabs modelValue=null onUpdate:modelValue=fn bg-color=undefined  ... > 
  at <VCard variant="text" class="lowerBar" > 
  at <MenusLowerBar > 
  at <ClientOnly > 
  at <VApp theme="light" class="auto-text" > 
  at <VResponsive class="border rounded" > 
  at <Default ref=Ref< Proxy(Object) > > 
  at <AsyncComponentWrapper ref=Ref< Proxy(Object) > > 
  at <LayoutLoader key="default" layoutProps= {ref: RefImpl} name="default" > 
  at <NuxtLayoutProvider layoutProps= {ref: RefImpl} key="default" name="default"  ... > 
  at <NuxtLayout > 
  at <App key=4 > 
  at <NuxtRoot> @ http://localhost:3001/_nuxt/@fs/home/meebuzo/github/alternate-framework/apps/ecosystem/meeovi-frontend/node_modules/@sentry/core/build/esm/instrument/console.js?v=cfee6d51:42
[   20491ms] [WARNING] [Vue warn]: Avoid app logic that relies on enumerating keys on a component instance. The keys will be empty in production mode to avoid performance overhead. 
  at <VDefaultsProvider key="content-defaults" disabled=true defaults= {VIcon: Object} > 
  at <VBtn symbol= Symbol(vuetify:v-tabs) ref=Ref< undefined > class="v-tab"  ... > 
  at <VTab key=0 > 
  at <VSlideGroup centerActive=false scrollToActive=true contentClass=undefined  ... > 
  at <VTabs modelValue=null onUpdate:modelValue=fn bg-color=undefined  ... > 
  at <VCard variant="text" class="lowerBar" > 
  at <MenusLowerBar > 
  at <ClientOnly > 
  at <VApp theme="light" class="auto-text" > 
  at <VResponsive class="border rounded" > 
  at <Default ref=Ref< Proxy(Object) > > 
  at <AsyncComponentWrapper ref=Ref< Proxy(Object) > > 
  at <LayoutLoader key="default" layoutProps= {ref: RefImpl} name="default" > 
  at <NuxtLayoutProvider layoutProps= {ref: RefImpl} key="default" name="default"  ... > 
  at <NuxtLayout > 
  at <App key=4 > 
  at <NuxtRoot> @ http://localhost:3001/_nuxt/@fs/home/meebuzo/github/alternate-framework/apps/ecosystem/meeovi-frontend/node_modules/@sentry/core/build/esm/instrument/console.js?v=cfee6d51:42
[   20493ms] [WARNING] [Vue warn]: Avoid app logic that relies on enumerating keys on a component instance. The keys will be empty in production mode to avoid performance overhead. 
  at <VDefaultsProvider key="content-defaults" disabled=true defaults= {VIcon: Object} > 
  at <VBtn symbol= Symbol(vuetify:v-tabs) ref=Ref< undefined > class="v-tab"  ... > 
  at <VTab key=0 > 
  at <VSlideGroup centerActive=false scrollToActive=true contentClass=undefined  ... > 
  at <VTabs modelValue=null onUpdate:modelValue=fn bg-color=undefined  ... > 
  at <VCard variant="text" class="lowerBar" > 
  at <MenusLowerBar > 
  at <ClientOnly > 
  at <VApp theme="light" class="auto-text" > 
  at <VResponsive class="border rounded" > 
  at <Default ref=Ref< Proxy(Object) > > 
  at <AsyncComponentWrapper ref=Ref< Proxy(Object) > > 
  at <LayoutLoader key="default" layoutProps= {ref: RefImpl} name="default" > 
  at <NuxtLayoutProvider layoutProps= {ref: RefImpl} key="default" name="default"  ... > 
  at <NuxtLayout > 
  at <App key=4 > 
  at <NuxtRoot> @ http://localhost:3001/_nuxt/@fs/home/meebuzo/github/alternate-framework/apps/ecosystem/meeovi-frontend/node_modules/@sentry/core/build/esm/instrument/console.js?v=cfee6d51:42
[   20494ms] [WARNING] [Vue warn]: Avoid app logic that relies on enumerating keys on a component instance. The keys will be empty in production mode to avoid performance overhead. 
  at <VDefaultsProvider key="content-defaults" disabled=true defaults= {VIcon: Object} > 
  at <VBtn symbol= Symbol(vuetify:v-tabs) ref=Ref< undefined > class="v-tab"  ... > 
  at <VTab key=0 > 
  at <VSlideGroup centerActive=false scrollToActive=true contentClass=undefined  ... > 
  at <VTabs modelValue=null onUpdate:modelValue=fn bg-color=undefined  ... > 
  at <VCard variant="text" class="lowerBar" > 
  at <MenusLowerBar > 
  at <ClientOnly > 
  at <VApp theme="light" class="auto-text" > 
  at <VResponsive class="border rounded" > 
  at <Default ref=Ref< Proxy(Object) > > 
  at <AsyncComponentWrapper ref=Ref< Proxy(Object) > > 
  at <LayoutLoader key="default" layoutProps= {ref: RefImpl} name="default" > 
  at <NuxtLayoutProvider layoutProps= {ref: RefImpl} key="default" name="default"  ... > 
  at <NuxtLayout > 
  at <App key=4 > 
  at <NuxtRoot> @ http://localhost:3001/_nuxt/@fs/home/meebuzo/github/alternate-framework/apps/ecosystem/meeovi-frontend/node_modules/@sentry/core/build/esm/instrument/console.js?v=cfee6d51:42
[   20495ms] [WARNING] [Vue warn]: Avoid app logic that relies on enumerating keys on a component instance. The keys will be empty in production mode to avoid performance overhead. 
  at <VDefaultsProvider key="content-defaults" disabled=true defaults= {VIcon: Object} > 
  at <VBtn symbol= Symbol(vuetify:v-tabs) ref=Ref< undefined > class="v-tab"  ... > 
  at <VTab key=0 > 
  at <VSlideGroup centerActive=false scrollToActive=true contentClass=undefined  ... > 
  at <VTabs modelValue=null onUpdate:modelValue=fn bg-color=undefined  ... > 
  at <VCard variant="text" class="lowerBar" > 
  at <MenusLowerBar > 
  at <ClientOnly > 
  at <VApp theme="light" class="auto-text" > 
  at <VResponsive class="border rounded" > 
  at <Default ref=Ref< Proxy(Object) > > 
  at <AsyncComponentWrapper ref=Ref< Proxy(Object) > > 
  at <LayoutLoader key="default" layoutProps= {ref: RefImpl} name="default" > 
  at <NuxtLayoutProvider layoutProps= {ref: RefImpl} key="default" name="default"  ... > 
  at <NuxtLayout > 
  at <App key=4 > 
  at <NuxtRoot> @ http://localhost:3001/_nuxt/@fs/home/meebuzo/github/alternate-framework/apps/ecosystem/meeovi-frontend/node_modules/@sentry/core/build/esm/instrument/console.js?v=cfee6d51:42
[   20497ms] [WARNING] [Vue warn]: Avoid app logic that relies on enumerating keys on a component instance. The keys will be empty in production mode to avoid performance overhead. 
  at <VDefaultsProvider key="content-defaults" disabled=true defaults= {VIcon: Object} > 
  at <VBtn symbol= Symbol(vuetify:v-tabs) ref=Ref< undefined > class="v-tab"  ... > 
  at <VTab key=0 > 
  at <VSlideGroup centerActive=false scrollToActive=true contentClass=undefined  ... > 
  at <VTabs modelValue=null onUpdate:modelValue=fn bg-color=undefined  ... > 
  at <VCard variant="text" class="lowerBar" > 
  at <MenusLowerBar > 
  at <ClientOnly > 
  at <VApp theme="light" class="auto-text" > 
  at <VResponsive class="border rounded" > 
  at <Default ref=Ref< Proxy(Object) > > 
  at <AsyncComponentWrapper ref=Ref< Proxy(Object) > > 
  at <LayoutLoader key="default" layoutProps= {ref: RefImpl} name="default" > 
  at <NuxtLayoutProvider layoutProps= {ref: RefImpl} key="default" name="default"  ... > 
  at <NuxtLayout > 
  at <App key=4 > 
  at <NuxtRoot> @ http://localhost:3001/_nuxt/@fs/home/meebuzo/github/alternate-framework/apps/ecosystem/meeovi-frontend/node_modules/@sentry/core/build/esm/instrument/console.js?v=cfee6d51:42
[   20498ms] [WARNING] [Vue warn]: Avoid app logic that relies on enumerating keys on a component instance. The keys will be empty in production mode to avoid performance overhead. 
  at <VDefaultsProvider key="content-defaults" disabled=true defaults= {VIcon: Object} > 
  at <VBtn symbol= Symbol(vuetify:v-tabs) ref=Ref< undefined > class="v-tab"  ... > 
  at <VTab key=0 > 
  at <VSlideGroup centerActive=false scrollToActive=true contentClass=undefined  ... > 
  at <VTabs modelValue=null onUpdate:modelValue=fn bg-color=undefined  ... > 
  at <VCard variant="text" class="lowerBar" > 
  at <MenusLowerBar > 
  at <ClientOnly > 
  at <VApp theme="light" class="auto-text" > 
  at <VResponsive class="border rounded" > 
  at <Default ref=Ref< Proxy(Object) > > 
  at <AsyncComponentWrapper ref=Ref< Proxy(Object) > > 
  at <LayoutLoader key="default" layoutProps= {ref: RefImpl} name="default" > 
  at <NuxtLayoutProvider layoutProps= {ref: RefImpl} key="default" name="default"  ... > 
  at <NuxtLayout > 
  at <App key=4 > 
  at <NuxtRoot> @ http://localhost:3001/_nuxt/@fs/home/meebuzo/github/alternate-framework/apps/ecosystem/meeovi-frontend/node_modules/@sentry/core/build/esm/instrument/console.js?v=cfee6d51:42
[   20499ms] [WARNING] [Vue warn]: Avoid app logic that relies on enumerating keys on a component instance. The keys will be empty in production mode to avoid performance overhead. 
  at <VDefaultsProvider key="content-defaults" disabled=true defaults= {VIcon: Object} > 
  at <VBtn symbol= Symbol(vuetify:v-tabs) ref=Ref< undefined > class="v-tab"  ... > 
  at <VTab key=0 > 
  at <VSlideGroup centerActive=false scrollToActive=true contentClass=undefined  ... > 
  at <VTabs modelValue=null onUpdate:modelValue=fn bg-color=undefined  ... > 
  at <VCard variant="text" class="lowerBar" > 
  at <MenusLowerBar > 
  at <ClientOnly > 
  at <VApp theme="light" class="auto-text" > 
  at <VResponsive class="border rounded" > 
  at <Default ref=Ref< Proxy(Object) > > 
  at <AsyncComponentWrapper ref=Ref< Proxy(Object) > > 
  at <LayoutLoader key="default" layoutProps= {ref: RefImpl} name="default" > 
  at <NuxtLayoutProvider layoutProps= {ref: RefImpl} key="default" name="default"  ... > 
  at <NuxtLayout > 
  at <App key=4 > 
  at <NuxtRoot> @ http://localhost:3001/_nuxt/@fs/home/meebuzo/github/alternate-framework/apps/ecosystem/meeovi-frontend/node_modules/@sentry/core/build/esm/instrument/console.js?v=cfee6d51:42
[   20500ms] [WARNING] [Vue warn]: Avoid app logic that relies on enumerating keys on a component instance. The keys will be empty in production mode to avoid performance overhead. 
  at <VDefaultsProvider key="content-defaults" disabled=true defaults= {VIcon: Object} > 
  at <VBtn symbol= Symbol(vuetify:v-tabs) ref=Ref< undefined > class="v-tab"  ... > 
  at <VTab key=0 > 
  at <VSlideGroup centerActive=false scrollToActive=true contentClass=undefined  ... > 
  at <VTabs modelValue=null onUpdate:modelValue=fn bg-color=undefined  ... > 
  at <VCard variant="text" class="lowerBar" > 
  at <MenusLowerBar > 
  at <ClientOnly > 
  at <VApp theme="light" class="auto-text" > 
  at <VResponsive class="border rounded" > 
  at <Default ref=Ref< Proxy(Object) > > 
  at <AsyncComponentWrapper ref=Ref< Proxy(Object) > > 
  at <LayoutLoader key="default" layoutProps= {ref: RefImpl} name="default" > 
  at <NuxtLayoutProvider layoutProps= {ref: RefImpl} key="default" name="default"  ... > 
  at <NuxtLayout > 
  at <App key=4 > 
  at <NuxtRoot> @ http://localhost:3001/_nuxt/@fs/home/meebuzo/github/alternate-framework/apps/ecosystem/meeovi-frontend/node_modules/@sentry/core/build/esm/instrument/console.js?v=cfee6d51:42
[   20502ms] [WARNING] [Vue warn]: Avoid app logic that relies on enumerating keys on a component instance. The keys will be empty in production mode to avoid performance overhead. 
  at <VDefaultsProvider key="content-defaults" disabled=true defaults= {VIcon: Object} > 
  at <VBtn symbol= Symbol(vuetify:v-tabs) ref=Ref< undefined > class="v-tab"  ... > 
  at <VTab key=0 > 
  at <VSlideGroup centerActive=false scrollToActive=true contentClass=undefined  ... > 
  at <VTabs modelValue=null onUpdate:modelValue=fn bg-color=undefined  ... > 
  at <VCard variant="text" class="lowerBar" > 
  at <MenusLowerBar > 
  at <ClientOnly > 
  at <VApp theme="light" class="auto-text" > 
  at <VResponsive class="border rounded" > 
  at <Default ref=Ref< Proxy(Object) > > 
  at <AsyncComponentWrapper ref=Ref< Proxy(Object) > > 
  at <LayoutLoader key="default" layoutProps= {ref: RefImpl} name="default" > 
  at <NuxtLayoutProvider layoutProps= {ref: RefImpl} key="default" name="default"  ... > 
  at <NuxtLayout > 
  at <App key=4 > 
  at <NuxtRoot> @ http://localhost:3001/_nuxt/@fs/home/meebuzo/github/alternate-framework/apps/ecosystem/meeovi-frontend/node_modules/@sentry/core/build/esm/instrument/console.js?v=cfee6d51:42
[   20503ms] [WARNING] [Vue warn]: Avoid app logic that relies on enumerating keys on a component instance. The keys will be empty in production mode to avoid performance overhead. 
  at <VDefaultsProvider key="content-defaults" disabled=true defaults= {VIcon: Object} > 
  at <VBtn symbol= Symbol(vuetify:v-tabs) ref=Ref< undefined > class="v-tab"  ... > 
  at <VTab key=0 > 
  at <VSlideGroup centerActive=false scrollToActive=true contentClass=undefined  ... > 
  at <VTabs modelValue=null onUpdate:modelValue=fn bg-color=undefined  ... > 
  at <VCard variant="text" class="lowerBar" > 
  at <MenusLowerBar > 
  at <ClientOnly > 
  at <VApp theme="light" class="auto-text" > 
  at <VResponsive class="border rounded" > 
  at <Default ref=Ref< Proxy(Object) > > 
  at <AsyncComponentWrapper ref=Ref< Proxy(Object) > > 
  at <LayoutLoader key="default" layoutProps= {ref: RefImpl} name="default" > 
  at <NuxtLayoutProvider layoutProps= {ref: RefImpl} key="default" name="default"  ... > 
  at <NuxtLayout > 
  at <App key=4 > 
  at <NuxtRoot> @ http://localhost:3001/_nuxt/@fs/home/meebuzo/github/alternate-framework/apps/ecosystem/meeovi-frontend/node_modules/@sentry/core/build/esm/instrument/console.js?v=cfee6d51:42
[   20505ms] [WARNING] [Vue warn]: Avoid app logic that relies on enumerating keys on a component instance. The keys will be empty in production mode to avoid performance overhead. 
  at <VDefaultsProvider key="content-defaults" disabled=true defaults= {VIcon: Object} > 
  at <VBtn symbol= Symbol(vuetify:v-tabs) ref=Ref< undefined > class="v-tab"  ... > 
  at <VTab key=0 > 
  at <VSlideGroup centerActive=false scrollToActive=true contentClass=undefined  ... > 
  at <VTabs modelValue=null onUpdate:modelValue=fn bg-color=undefined  ... > 
  at <VCard variant="text" class="lowerBar" > 
  at <MenusLowerBar > 
  at <ClientOnly > 
  at <VApp theme="light" class="auto-text" > 
  at <VResponsive class="border rounded" > 
  at <Default ref=Ref< Proxy(Object) > > 
  at <AsyncComponentWrapper ref=Ref< Proxy(Object) > > 
  at <LayoutLoader key="default" layoutProps= {ref: RefImpl} name="default" > 
  at <NuxtLayoutProvider layoutProps= {ref: RefImpl} key="default" name="default"  ... > 
  at <NuxtLayout > 
  at <App key=4 > 
  at <NuxtRoot> @ http://localhost:3001/_nuxt/@fs/home/meebuzo/github/alternate-framework/apps/ecosystem/meeovi-frontend/node_modules/@sentry/core/build/esm/instrument/console.js?v=cfee6d51:42
[   20506ms] [WARNING] [Vue warn]: Avoid app logic that relies on enumerating keys on a component instance. The keys will be empty in production mode to avoid performance overhead. 
  at <VDefaultsProvider key="content-defaults" disabled=true defaults= {VIcon: Object} > 
  at <VBtn symbol= Symbol(vuetify:v-tabs) ref=Ref< undefined > class="v-tab"  ... > 
  at <VTab key=0 > 
  at <VSlideGroup centerActive=false scrollToActive=true contentClass=undefined  ... > 
  at <VTabs modelValue=null onUpdate:modelValue=fn bg-color=undefined  ... > 
  at <VCard variant="text" class="lowerBar" > 
  at <MenusLowerBar > 
  at <ClientOnly > 
  at <VApp theme="light" class="auto-text" > 
  at <VResponsive class="border rounded" > 
  at <Default ref=Ref< Proxy(Object) > > 
  at <AsyncComponentWrapper ref=Ref< Proxy(Object) > > 
  at <LayoutLoader key="default" layoutProps= {ref: RefImpl} name="default" > 
  at <NuxtLayoutProvider layoutProps= {ref: RefImpl} key="default" name="default"  ... > 
  at <NuxtLayout > 
  at <App key=4 > 
  at <NuxtRoot> @ http://localhost:3001/_nuxt/@fs/home/meebuzo/github/alternate-framework/apps/ecosystem/meeovi-frontend/node_modules/@sentry/core/build/esm/instrument/console.js?v=cfee6d51:42
[   20508ms] [WARNING] [Vue warn]: Avoid app logic that relies on enumerating keys on a component instance. The keys will be empty in production mode to avoid performance overhead. 
  at <VDefaultsProvider key="content-defaults" disabled=true defaults= {VIcon: Object} > 
  at <VBtn symbol= Symbol(vuetify:v-tabs) ref=Ref< undefined > class="v-tab"  ... > 
  at <VTab key=0 > 
  at <VSlideGroup centerActive=false scrollToActive=true contentClass=undefined  ... > 
  at <VTabs modelValue=null onUpdate:modelValue=fn bg-color=undefined  ... > 
  at <VCard variant="text" class="lowerBar" > 
  at <MenusLowerBar > 
  at <ClientOnly > 
  at <VApp theme="light" class="auto-text" > 
  at <VResponsive class="border rounded" > 
  at <Default ref=Ref< Proxy(Object) > > 
  at <AsyncComponentWrapper ref=Ref< Proxy(Object) > > 
  at <LayoutLoader key="default" layoutProps= {ref: RefImpl} name="default" > 
  at <NuxtLayoutProvider layoutProps= {ref: RefImpl} key="default" name="default"  ... > 
  at <NuxtLayout > 
  at <App key=4 > 
  at <NuxtRoot> @ http://localhost:3001/_nuxt/@fs/home/meebuzo/github/alternate-framework/apps/ecosystem/meeovi-frontend/node_modules/@sentry/core/build/esm/instrument/console.js?v=cfee6d51:42
[   20509ms] [WARNING] [Vue warn]: Avoid app logic that relies on enumerating keys on a component instance. The keys will be empty in production mode to avoid performance overhead. 
  at <VDefaultsProvider key="content-defaults" disabled=true defaults= {VIcon: Object} > 
  at <VBtn symbol= Symbol(vuetify:v-tabs) ref=Ref< undefined > class="v-tab"  ... > 
  at <VTab key=0 > 
  at <VSlideGroup centerActive=false scrollToActive=true contentClass=undefined  ... > 
  at <VTabs modelValue=null onUpdate:modelValue=fn bg-color=undefined  ... > 
  at <VCard variant="text" class="lowerBar" > 
  at <MenusLowerBar > 
  at <ClientOnly > 
  at <VApp theme="light" class="auto-text" > 
  at <VResponsive class="border rounded" > 
  at <Default ref=Ref< Proxy(Object) > > 
  at <AsyncComponentWrapper ref=Ref< Proxy(Object) > > 
  at <LayoutLoader key="default" layoutProps= {ref: RefImpl} name="default" > 
  at <NuxtLayoutProvider layoutProps= {ref: RefImpl} key="default" name="default"  ... > 
  at <NuxtLayout > 
  at <App key=4 > 
  at <NuxtRoot> @ http://localhost:3001/_nuxt/@fs/home/meebuzo/github/alternate-framework/apps/ecosystem/meeovi-frontend/node_modules/@sentry/core/build/esm/instrument/console.js?v=cfee6d51:42
[   20511ms] [WARNING] [Vue warn]: Avoid app logic that relies on enumerating keys on a component instance. The keys will be empty in production mode to avoid performance overhead. 
  at <VDefaultsProvider key="content-defaults" disabled=true defaults= {VIcon: Object} > 
  at <VBtn symbol= Symbol(vuetify:v-tabs) ref=Ref< undefined > class="v-tab"  ... > 
  at <VTab key=0 > 
  at <VSlideGroup centerActive=false scrollToActive=true contentClass=undefined  ... > 
  at <VTabs modelValue=null onUpdate:modelValue=fn bg-color=undefined  ... > 
  at <VCard variant="text" class="lowerBar" > 
  at <MenusLowerBar > 
  at <ClientOnly > 
  at <VApp theme="light" class="auto-text" > 
  at <VResponsive class="border rounded" > 
  at <Default ref=Ref< Proxy(Object) > > 
  at <AsyncComponentWrapper ref=Ref< Proxy(Object) > > 
  at <LayoutLoader key="default" layoutProps= {ref: RefImpl} name="default" > 
  at <NuxtLayoutProvider layoutProps= {ref: RefImpl} key="default" name="default"  ... > 
  at <NuxtLayout > 
  at <App key=4 > 
  at <NuxtRoot> @ http://localhost:3001/_nuxt/@fs/home/meebuzo/github/alternate-framework/apps/ecosystem/meeovi-frontend/node_modules/@sentry/core/build/esm/instrument/console.js?v=cfee6d51:42
[   20512ms] [WARNING] [Vue warn]: Avoid app logic that relies on enumerating keys on a component instance. The keys will be empty in production mode to avoid performance overhead. 
  at <VDefaultsProvider key="content-defaults" disabled=true defaults= {VIcon: Object} > 
  at <VBtn symbol= Symbol(vuetify:v-tabs) ref=Ref< undefined > class="v-tab"  ... > 
  at <VTab key=0 > 
  at <VSlideGroup centerActive=false scrollToActive=true contentClass=undefined  ... > 
  at <VTabs modelValue=null onUpdate:modelValue=fn bg-color=undefined  ... > 
  at <VCard variant="text" class="lowerBar" > 
  at <MenusLowerBar > 
  at <ClientOnly > 
  at <VApp theme="light" class="auto-text" > 
  at <VResponsive class="border rounded" > 
  at <Default ref=Ref< Proxy(Object) > > 
  at <AsyncComponentWrapper ref=Ref< Proxy(Object) > > 
  at <LayoutLoader key="default" layoutProps= {ref: RefImpl} name="default" > 
  at <NuxtLayoutProvider layoutProps= {ref: RefImpl} key="default" name="default"  ... > 
  at <NuxtLayout > 
  at <App key=4 > 
  at <NuxtRoot> @ http://localhost:3001/_nuxt/@fs/home/meebuzo/github/alternate-framework/apps/ecosystem/meeovi-frontend/node_modules/@sentry/core/build/esm/instrument/console.js?v=cfee6d51:42
[   20514ms] [WARNING] [Vue warn]: Avoid app logic that relies on enumerating keys on a component instance. The keys will be empty in production mode to avoid performance overhead. 
  at <VDefaultsProvider key="content-defaults" disabled=true defaults= {VIcon: Object} > 
  at <VBtn symbol= Symbol(vuetify:v-tabs) ref=Ref< undefined > class="v-tab"  ... > 
  at <VTab key=0 > 
  at <VSlideGroup centerActive=false scrollToActive=true contentClass=undefined  ... > 
  at <VTabs modelValue=null onUpdate:modelValue=fn bg-color=undefined  ... > 
  at <VCard variant="text" class="lowerBar" > 
  at <MenusLowerBar > 
  at <ClientOnly > 
  at <VApp theme="light" class="auto-text" > 
  at <VResponsive class="border rounded" > 
  at <Default ref=Ref< Proxy(Object) > > 
  at <AsyncComponentWrapper ref=Ref< Proxy(Object) > > 
  at <LayoutLoader key="default" layoutProps= {ref: RefImpl} name="default" > 
  at <NuxtLayoutProvider layoutProps= {ref: RefImpl} key="default" name="default"  ... > 
  at <NuxtLayout > 
  at <App key=4 > 
  at <NuxtRoot> @ http://localhost:3001/_nuxt/@fs/home/meebuzo/github/alternate-framework/apps/ecosystem/meeovi-frontend/node_modules/@sentry/core/build/esm/instrument/console.js?v=cfee6d51:42
[   20516ms] [WARNING] [Vue warn]: Avoid app logic that relies on enumerating keys on a component instance. The keys will be empty in production mode to avoid performance overhead. 
  at <VDefaultsProvider key="content-defaults" disabled=true defaults= {VIcon: Object} > 
  at <VBtn symbol= Symbol(vuetify:v-tabs) ref=Ref< undefined > class="v-tab"  ... > 
  at <VTab key=0 > 
  at <VSlideGroup centerActive=false scrollToActive=true contentClass=undefined  ... > 
  at <VTabs modelValue=null onUpdate:modelValue=fn bg-color=undefined  ... > 
  at <VCard variant="text" class="lowerBar" > 
  at <MenusLowerBar > 
  at <ClientOnly > 
  at <VApp theme="light" class="auto-text" > 
  at <VResponsive class="border rounded" > 
  at <Default ref=Ref< Proxy(Object) > > 
  at <AsyncComponentWrapper ref=Ref< Proxy(Object) > > 
  at <LayoutLoader key="default" layoutProps= {ref: RefImpl} name="default" > 
  at <NuxtLayoutProvider layoutProps= {ref: RefImpl} key="default" name="default"  ... > 
  at <NuxtLayout > 
  at <App key=4 > 
  at <NuxtRoot> @ http://localhost:3001/_nuxt/@fs/home/meebuzo/github/alternate-framework/apps/ecosystem/meeovi-frontend/node_modules/@sentry/core/build/esm/instrument/console.js?v=cfee6d51:42
[   20518ms] [WARNING] [Vue warn]: Avoid app logic that relies on enumerating keys on a component instance. The keys will be empty in production mode to avoid performance overhead. 
  at <VDefaultsProvider key="content-defaults" disabled=true defaults= {VIcon: Object} > 
  at <VBtn symbol= Symbol(vuetify:v-tabs) ref=Ref< undefined > class="v-tab"  ... > 
  at <VTab key=0 > 
  at <VSlideGroup centerActive=false scrollToActive=true contentClass=undefined  ... > 
  at <VTabs modelValue=null onUpdate:modelValue=fn bg-color=undefined  ... > 
  at <VCard variant="text" class="lowerBar" > 
  at <MenusLowerBar > 
  at <ClientOnly > 
  at <VApp theme="light" class="auto-text" > 
  at <VResponsive class="border rounded" > 
  at <Default ref=Ref< Proxy(Object) > > 
  at <AsyncComponentWrapper ref=Ref< Proxy(Object) > > 
  at <LayoutLoader key="default" layoutProps= {ref: RefImpl} name="default" > 
  at <NuxtLayoutProvider layoutProps= {ref: RefImpl} key="default" name="default"  ... > 
  at <NuxtLayout > 
  at <App key=4 > 
  at <NuxtRoot> @ http://localhost:3001/_nuxt/@fs/home/meebuzo/github/alternate-framework/apps/ecosystem/meeovi-frontend/node_modules/@sentry/core/build/esm/instrument/console.js?v=cfee6d51:42
[   20519ms] [WARNING] [Vue warn]: Avoid app logic that relies on enumerating keys on a component instance. The keys will be empty in production mode to avoid performance overhead. 
  at <VDefaultsProvider key="content-defaults" disabled=true defaults= {VIcon: Object} > 
  at <VBtn symbol= Symbol(vuetify:v-tabs) ref=Ref< undefined > class="v-tab"  ... > 
  at <VTab key=0 > 
  at <VSlideGroup centerActive=false scrollToActive=true contentClass=undefined  ... > 
  at <VTabs modelValue=null onUpdate:modelValue=fn bg-color=undefined  ... > 
  at <VCard variant="text" class="lowerBar" > 
  at <MenusLowerBar > 
  at <ClientOnly > 
  at <VApp theme="light" class="auto-text" > 
  at <VResponsive class="border rounded" > 
  at <Default ref=Ref< Proxy(Object) > > 
  at <AsyncComponentWrapper ref=Ref< Proxy(Object) > > 
  at <LayoutLoader key="default" layoutProps= {ref: RefImpl} name="default" > 
  at <NuxtLayoutProvider layoutProps= {ref: RefImpl} key="default" name="default"  ... > 
  at <NuxtLayout > 
  at <App key=4 > 
  at <NuxtRoot> @ http://localhost:3001/_nuxt/@fs/home/meebuzo/github/alternate-framework/apps/ecosystem/meeovi-frontend/node_modules/@sentry/core/build/esm/instrument/console.js?v=cfee6d51:42
[   20521ms] [WARNING] [Vue warn]: Avoid app logic that relies on enumerating keys on a component instance. The keys will be empty in production mode to avoid performance overhead. 
  at <VDefaultsProvider key="content-defaults" disabled=true defaults= {VIcon: Object} > 
  at <VBtn symbol= Symbol(vuetify:v-tabs) ref=Ref< undefined > class="v-tab"  ... > 
  at <VTab key=0 > 
  at <VSlideGroup centerActive=false scrollToActive=true contentClass=undefined  ... > 
  at <VTabs modelValue=null onUpdate:modelValue=fn bg-color=undefined  ... > 
  at <VCard variant="text" class="lowerBar" > 
  at <MenusLowerBar > 
  at <ClientOnly > 
  at <VApp theme="light" class="auto-text" > 
  at <VResponsive class="border rounded" > 
  at <Default ref=Ref< Proxy(Object) > > 
  at <AsyncComponentWrapper ref=Ref< Proxy(Object) > > 
  at <LayoutLoader key="default" layoutProps= {ref: RefImpl} name="default" > 
  at <NuxtLayoutProvider layoutProps= {ref: RefImpl} key="default" name="default"  ... > 
  at <NuxtLayout > 
  at <App key=4 > 
  at <NuxtRoot> @ http://localhost:3001/_nuxt/@fs/home/meebuzo/github/alternate-framework/apps/ecosystem/meeovi-frontend/node_modules/@sentry/core/build/esm/instrument/console.js?v=cfee6d51:42
[   20523ms] [WARNING] [Vue warn]: Avoid app logic that relies on enumerating keys on a component instance. The keys will be empty in production mode to avoid performance overhead. 
  at <VDefaultsProvider key="content-defaults" disabled=true defaults= {VIcon: Object} > 
  at <VBtn symbol= Symbol(vuetify:v-tabs) ref=Ref< undefined > class="v-tab"  ... > 
  at <VTab key=0 > 
  at <VSlideGroup centerActive=false scrollToActive=true contentClass=undefined  ... > 
  at <VTabs modelValue=null onUpdate:modelValue=fn bg-color=undefined  ... > 
  at <VCard variant="text" class="lowerBar" > 
  at <MenusLowerBar > 
  at <ClientOnly > 
  at <VApp theme="light" class="auto-text" > 
  at <VResponsive class="border rounded" > 
  at <Default ref=Ref< Proxy(Object) > > 
  at <AsyncComponentWrapper ref=Ref< Proxy(Object) > > 
  at <LayoutLoader key="default" layoutProps= {ref: RefImpl} name="default" > 
  at <NuxtLayoutProvider layoutProps= {ref: RefImpl} key="default" name="default"  ... > 
  at <NuxtLayout > 
  at <App key=4 > 
  at <NuxtRoot> @ http://localhost:3001/_nuxt/@fs/home/meebuzo/github/alternate-framework/apps/ecosystem/meeovi-frontend/node_modules/@sentry/core/build/esm/instrument/console.js?v=cfee6d51:42
[   20525ms] [WARNING] [Vue warn]: Avoid app logic that relies on enumerating keys on a component instance. The keys will be empty in production mode to avoid performance overhead. 
  at <VDefaultsProvider key="content-defaults" disabled=true defaults= {VIcon: Object} > 
  at <VBtn symbol= Symbol(vuetify:v-tabs) ref=Ref< undefined > class="v-tab"  ... > 
  at <VTab key=0 > 
  at <VSlideGroup centerActive=false scrollToActive=true contentClass=undefined  ... > 
  at <VTabs modelValue=null onUpdate:modelValue=fn bg-color=undefined  ... > 
  at <VCard variant="text" class="lowerBar" > 
  at <MenusLowerBar > 
  at <ClientOnly > 
  at <VApp theme="light" class="auto-text" > 
  at <VResponsive class="border rounded" > 
  at <Default ref=Ref< Proxy(Object) > > 
  at <AsyncComponentWrapper ref=Ref< Proxy(Object) > > 
  at <LayoutLoader key="default" layoutProps= {ref: RefImpl} name="default" > 
  at <NuxtLayoutProvider layoutProps= {ref: RefImpl} key="default" name="default"  ... > 
  at <NuxtLayout > 
  at <App key=4 > 
  at <NuxtRoot> @ http://localhost:3001/_nuxt/@fs/home/meebuzo/github/alternate-framework/apps/ecosystem/meeovi-frontend/node_modules/@sentry/core/build/esm/instrument/console.js?v=cfee6d51:42
[   20526ms] [WARNING] [Vue warn]: Avoid app logic that relies on enumerating keys on a component instance. The keys will be empty in production mode to avoid performance overhead. 
  at <VDefaultsProvider key="content-defaults" disabled=true defaults= {VIcon: Object} > 
  at <VBtn symbol= Symbol(vuetify:v-tabs) ref=Ref< undefined > class="v-tab"  ... > 
  at <VTab key=0 > 
  at <VSlideGroup centerActive=false scrollToActive=true contentClass=undefined  ... > 
  at <VTabs modelValue=null onUpdate:modelValue=fn bg-color=undefined  ... > 
  at <VCard variant="text" class="lowerBar" > 
  at <MenusLowerBar > 
  at <ClientOnly > 
  at <VApp theme="light" class="auto-text" > 
  at <VResponsive class="border rounded" > 
  at <Default ref=Ref< Proxy(Object) > > 
  at <AsyncComponentWrapper ref=Ref< Proxy(Object) > > 
  at <LayoutLoader key="default" layoutProps= {ref: RefImpl} name="default" > 
  at <NuxtLayoutProvider layoutProps= {ref: RefImpl} key="default" name="default"  ... > 
  at <NuxtLayout > 
  at <App key=4 > 
  at <NuxtRoot> @ http://localhost:3001/_nuxt/@fs/home/meebuzo/github/alternate-framework/apps/ecosystem/meeovi-frontend/node_modules/@sentry/core/build/esm/instrument/console.js?v=cfee6d51:42
[   20528ms] [WARNING] [Vue warn]: Avoid app logic that relies on enumerating keys on a component instance. The keys will be empty in production mode to avoid performance overhead. 
  at <VDefaultsProvider key="content-defaults" disabled=true defaults= {VIcon: Object} > 
  at <VBtn symbol= Symbol(vuetify:v-tabs) ref=Ref< undefined > class="v-tab"  ... > 
  at <VTab key=0 > 
  at <VSlideGroup centerActive=false scrollToActive=true contentClass=undefined  ... > 
  at <VTabs modelValue=null onUpdate:modelValue=fn bg-color=undefined  ... > 
  at <VCard variant="text" class="lowerBar" > 
  at <MenusLowerBar > 
  at <ClientOnly > 
  at <VApp theme="light" class="auto-text" > 
  at <VResponsive class="border rounded" > 
  at <Default ref=Ref< Proxy(Object) > > 
  at <AsyncComponentWrapper ref=Ref< Proxy(Object) > > 
  at <LayoutLoader key="default" layoutProps= {ref: RefImpl} name="default" > 
  at <NuxtLayoutProvider layoutProps= {ref: RefImpl} key="default" name="default"  ... > 
  at <NuxtLayout > 
  at <App key=4 > 
  at <NuxtRoot> @ http://localhost:3001/_nuxt/@fs/home/meebuzo/github/alternate-framework/apps/ecosystem/meeovi-frontend/node_modules/@sentry/core/build/esm/instrument/console.js?v=cfee6d51:42
[   20530ms] [WARNING] [Vue warn]: Avoid app logic that relies on enumerating keys on a component instance. The keys will be empty in production mode to avoid performance overhead. 
  at <VDefaultsProvider key="content-defaults" disabled=true defaults= {VIcon: Object} > 
  at <VBtn symbol= Symbol(vuetify:v-tabs) ref=Ref< undefined > class="v-tab"  ... > 
  at <VTab key=0 > 
  at <VSlideGroup centerActive=false scrollToActive=true contentClass=undefined  ... > 
  at <VTabs modelValue=null onUpdate:modelValue=fn bg-color=undefined  ... > 
  at <VCard variant="text" class="lowerBar" > 
  at <MenusLowerBar > 
  at <ClientOnly > 
  at <VApp theme="light" class="auto-text" > 
  at <VResponsive class="border rounded" > 
  at <Default ref=Ref< Proxy(Object) > > 
  at <AsyncComponentWrapper ref=Ref< Proxy(Object) > > 
  at <LayoutLoader key="default" layoutProps= {ref: RefImpl} name="default" > 
  at <NuxtLayoutProvider layoutProps= {ref: RefImpl} key="default" name="default"  ... > 
  at <NuxtLayout > 
  at <App key=4 > 
  at <NuxtRoot> @ http://localhost:3001/_nuxt/@fs/home/meebuzo/github/alternate-framework/apps/ecosystem/meeovi-frontend/node_modules/@sentry/core/build/esm/instrument/console.js?v=cfee6d51:42
[   20531ms] [WARNING] [Vue warn]: Avoid app logic that relies on enumerating keys on a component instance. The keys will be empty in production mode to avoid performance overhead. 
  at <VDefaultsProvider key="content-defaults" disabled=true defaults= {VIcon: Object} > 
  at <VBtn symbol= Symbol(vuetify:v-tabs) ref=Ref< undefined > class="v-tab"  ... > 
  at <VTab key=0 > 
  at <VSlideGroup centerActive=false scrollToActive=true contentClass=undefined  ... > 
  at <VTabs modelValue=null onUpdate:modelValue=fn bg-color=undefined  ... > 
  at <VCard variant="text" class="lowerBar" > 
  at <MenusLowerBar > 
  at <ClientOnly > 
  at <VApp theme="light" class="auto-text" > 
  at <VResponsive class="border rounded" > 
  at <Default ref=Ref< Proxy(Object) > > 
  at <AsyncComponentWrapper ref=Ref< Proxy(Object) > > 
  at <LayoutLoader key="default" layoutProps= {ref: RefImpl} name="default" > 
  at <NuxtLayoutProvider layoutProps= {ref: RefImpl} key="default" name="default"  ... > 
  at <NuxtLayout > 
  at <App key=4 > 
  at <NuxtRoot> @ http://localhost:3001/_nuxt/@fs/home/meebuzo/github/alternate-framework/apps/ecosystem/meeovi-frontend/node_modules/@sentry/core/build/esm/instrument/console.js?v=cfee6d51:42
[   20533ms] [WARNING] [Vue warn]: Avoid app logic that relies on enumerating keys on a component instance. The keys will be empty in production mode to avoid performance overhead. 
  at <VDefaultsProvider key="content-defaults" disabled=true defaults= {VIcon: Object} > 
  at <VBtn symbol= Symbol(vuetify:v-tabs) ref=Ref< undefined > class="v-tab"  ... > 
  at <VTab key=0 > 
  at <VSlideGroup centerActive=false scrollToActive=true contentClass=undefined  ... > 
  at <VTabs modelValue=null onUpdate:modelValue=fn bg-color=undefined  ... > 
  at <VCard variant="text" class="lowerBar" > 
  at <MenusLowerBar > 
  at <ClientOnly > 
  at <VApp theme="light" class="auto-text" > 
  at <VResponsive class="border rounded" > 
  at <Default ref=Ref< Proxy(Object) > > 
  at <AsyncComponentWrapper ref=Ref< Proxy(Object) > > 
  at <LayoutLoader key="default" layoutProps= {ref: RefImpl} name="default" > 
  at <NuxtLayoutProvider layoutProps= {ref: RefImpl} key="default" name="default"  ... > 
  at <NuxtLayout > 
  at <App key=4 > 
  at <NuxtRoot> @ http://localhost:3001/_nuxt/@fs/home/meebuzo/github/alternate-framework/apps/ecosystem/meeovi-frontend/node_modules/@sentry/core/build/esm/instrument/console.js?v=cfee6d51:42
[   20535ms] [WARNING] [Vue warn]: Avoid app logic that relies on enumerating keys on a component instance. The keys will be empty in production mode to avoid performance overhead. 
  at <VDefaultsProvider key="content-defaults" disabled=true defaults= {VIcon: Object} > 
  at <VBtn symbol= Symbol(vuetify:v-tabs) ref=Ref< undefined > class="v-tab"  ... > 
  at <VTab key=0 > 
  at <VSlideGroup centerActive=false scrollToActive=true contentClass=undefined  ... > 
  at <VTabs modelValue=null onUpdate:modelValue=fn bg-color=undefined  ... > 
  at <VCard variant="text" class="lowerBar" > 
  at <MenusLowerBar > 
  at <ClientOnly > 
  at <VApp theme="light" class="auto-text" > 
  at <VResponsive class="border rounded" > 
  at <Default ref=Ref< Proxy(Object) > > 
  at <AsyncComponentWrapper ref=Ref< Proxy(Object) > > 
  at <LayoutLoader key="default" layoutProps= {ref: RefImpl} name="default" > 
  at <NuxtLayoutProvider layoutProps= {ref: RefImpl} key="default" name="default"  ... > 
  at <NuxtLayout > 
  at <App key=4 > 
  at <NuxtRoot> @ http://localhost:3001/_nuxt/@fs/home/meebuzo/github/alternate-framework/apps/ecosystem/meeovi-frontend/node_modules/@sentry/core/build/esm/instrument/console.js?v=cfee6d51:42
[   20536ms] [WARNING] [Vue warn]: Avoid app logic that relies on enumerating keys on a component instance. The keys will be empty in production mode to avoid performance overhead. 
  at <VDefaultsProvider key="content-defaults" disabled=true defaults= {VIcon: Object} > 
  at <VBtn symbol= Symbol(vuetify:v-tabs) ref=Ref< undefined > class="v-tab"  ... > 
  at <VTab key=0 > 
  at <VSlideGroup centerActive=false scrollToActive=true contentClass=undefined  ... > 
  at <VTabs modelValue=null onUpdate:modelValue=fn bg-color=undefined  ... > 
  at <VCard variant="text" class="lowerBar" > 
  at <MenusLowerBar > 
  at <ClientOnly > 
  at <VApp theme="light" class="auto-text" > 
  at <VResponsive class="border rounded" > 
  at <Default ref=Ref< Proxy(Object) > > 
  at <AsyncComponentWrapper ref=Ref< Proxy(Object) > > 
  at <LayoutLoader key="default" layoutProps= {ref: RefImpl} name="default" > 
  at <NuxtLayoutProvider layoutProps= {ref: RefImpl} key="default" name="default"  ... > 
  at <NuxtLayout > 
  at <App key=4 > 
  at <NuxtRoot> @ http://localhost:3001/_nuxt/@fs/home/meebuzo/github/alternate-framework/apps/ecosystem/meeovi-frontend/node_modules/@sentry/core/build/esm/instrument/console.js?v=cfee6d51:42
[   20537ms] [WARNING] [Vue warn]: Avoid app logic that relies on enumerating keys on a component instance. The keys will be empty in production mode to avoid performance overhead. 
  at <VDefaultsProvider key="content-defaults" disabled=true defaults= {VIcon: Object} > 
  at <VBtn symbol= Symbol(vuetify:v-tabs) ref=Ref< undefined > class="v-tab"  ... > 
  at <VTab key=0 > 
  at <VSlideGroup centerActive=false scrollToActive=true contentClass=undefined  ... > 
  at <VTabs modelValue=null onUpdate:modelValue=fn bg-color=undefined  ... > 
  at <VCard variant="text" class="lowerBar" > 
  at <MenusLowerBar > 
  at <ClientOnly > 
  at <VApp theme="light" class="auto-text" > 
  at <VResponsive class="border rounded" > 
  at <Default ref=Ref< Proxy(Object) > > 
  at <AsyncComponentWrapper ref=Ref< Proxy(Object) > > 
  at <LayoutLoader key="default" layoutProps= {ref: RefImpl} name="default" > 
  at <NuxtLayoutProvider layoutProps= {ref: RefImpl} key="default" name="default"  ... > 
  at <NuxtLayout > 
  at <App key=4 > 
  at <NuxtRoot> @ http://localhost:3001/_nuxt/@fs/home/meebuzo/github/alternate-framework/apps/ecosystem/meeovi-frontend/node_modules/@sentry/core/build/esm/instrument/console.js?v=cfee6d51:42
[   20538ms] [WARNING] [Vue warn]: Avoid app logic that relies on enumerating keys on a component instance. The keys will be empty in production mode to avoid performance overhead. 
  at <VDefaultsProvider key="content-defaults" disabled=true defaults= {VIcon: Object} > 
  at <VBtn symbol= Symbol(vuetify:v-tabs) ref=Ref< undefined > class="v-tab"  ... > 
  at <VTab key=0 > 
  at <VSlideGroup centerActive=false scrollToActive=true contentClass=undefined  ... > 
  at <VTabs modelValue=null onUpdate:modelValue=fn bg-color=undefined  ... > 
  at <VCard variant="text" class="lowerBar" > 
  at <MenusLowerBar > 
  at <ClientOnly > 
  at <VApp theme="light" class="auto-text" > 
  at <VResponsive class="border rounded" > 
  at <Default ref=Ref< Proxy(Object) > > 
  at <AsyncComponentWrapper ref=Ref< Proxy(Object) > > 
  at <LayoutLoader key="default" layoutProps= {ref: RefImpl} name="default" > 
  at <NuxtLayoutProvider layoutProps= {ref: RefImpl} key="default" name="default"  ... > 
  at <NuxtLayout > 
  at <App key=4 > 
  at <NuxtRoot> @ http://localhost:3001/_nuxt/@fs/home/meebuzo/github/alternate-framework/apps/ecosystem/meeovi-frontend/node_modules/@sentry/core/build/esm/instrument/console.js?v=cfee6d51:42
[   20539ms] [WARNING] [Vue warn]: Avoid app logic that relies on enumerating keys on a component instance. The keys will be empty in production mode to avoid performance overhead. 
  at <VDefaultsProvider key="content-defaults" disabled=true defaults= {VIcon: Object} > 
  at <VBtn symbol= Symbol(vuetify:v-tabs) ref=Ref< undefined > class="v-tab"  ... > 
  at <VTab key=0 > 
  at <VSlideGroup centerActive=false scrollToActive=true contentClass=undefined  ... > 
  at <VTabs modelValue=null onUpdate:modelValue=fn bg-color=undefined  ... > 
  at <VCard variant="text" class="lowerBar" > 
  at <MenusLowerBar > 
  at <ClientOnly > 
  at <VApp theme="light" class="auto-text" > 
  at <VResponsive class="border rounded" > 
  at <Default ref=Ref< Proxy(Object) > > 
  at <AsyncComponentWrapper ref=Ref< Proxy(Object) > > 
  at <LayoutLoader key="default" layoutProps= {ref: RefImpl} name="default" > 
  at <NuxtLayoutProvider layoutProps= {ref: RefImpl} key="default" name="default"  ... > 
  at <NuxtLayout > 
  at <App key=4 > 
  at <NuxtRoot> @ http://localhost:3001/_nuxt/@fs/home/meebuzo/github/alternate-framework/apps/ecosystem/meeovi-frontend/node_modules/@sentry/core/build/esm/instrument/console.js?v=cfee6d51:42
[   20540ms] [WARNING] [Vue warn]: Avoid app logic that relies on enumerating keys on a component instance. The keys will be empty in production mode to avoid performance overhead. 
  at <VDefaultsProvider key="content-defaults" disabled=true defaults= {VIcon: Object} > 
  at <VBtn symbol= Symbol(vuetify:v-tabs) ref=Ref< undefined > class="v-tab"  ... > 
  at <VTab key=0 > 
  at <VSlideGroup centerActive=false scrollToActive=true contentClass=undefined  ... > 
  at <VTabs modelValue=null onUpdate:modelValue=fn bg-color=undefined  ... > 
  at <VCard variant="text" class="lowerBar" > 
  at <MenusLowerBar > 
  at <ClientOnly > 
  at <VApp theme="light" class="auto-text" > 
  at <VResponsive class="border rounded" > 
  at <Default ref=Ref< Proxy(Object) > > 
  at <AsyncComponentWrapper ref=Ref< Proxy(Object) > > 
  at <LayoutLoader key="default" layoutProps= {ref: RefImpl} name="default" > 
  at <NuxtLayoutProvider layoutProps= {ref: RefImpl} key="default" name="default"  ... > 
  at <NuxtLayout > 
  at <App key=4 > 
  at <NuxtRoot> @ http://localhost:3001/_nuxt/@fs/home/meebuzo/github/alternate-framework/apps/ecosystem/meeovi-frontend/node_modules/@sentry/core/build/esm/instrument/console.js?v=cfee6d51:42
[   20541ms] [WARNING] [Vue warn]: Avoid app logic that relies on enumerating keys on a component instance. The keys will be empty in production mode to avoid performance overhead. 
  at <VDefaultsProvider key="content-defaults" disabled=true defaults= {VIcon: Object} > 
  at <VBtn symbol= Symbol(vuetify:v-tabs) ref=Ref< undefined > class="v-tab"  ... > 
  at <VTab key=0 > 
  at <VSlideGroup centerActive=false scrollToActive=true contentClass=undefined  ... > 
  at <VTabs modelValue=null onUpdate:modelValue=fn bg-color=undefined  ... > 
  at <VCard variant="text" class="lowerBar" > 
  at <MenusLowerBar > 
  at <ClientOnly > 
  at <VApp theme="light" class="auto-text" > 
  at <VResponsive class="border rounded" > 
  at <Default ref=Ref< Proxy(Object) > > 
  at <AsyncComponentWrapper ref=Ref< Proxy(Object) > > 
  at <LayoutLoader key="default" layoutProps= {ref: RefImpl} name="default" > 
  at <NuxtLayoutProvider layoutProps= {ref: RefImpl} key="default" name="default"  ... > 
  at <NuxtLayout > 
  at <App key=4 > 
  at <NuxtRoot> @ http://localhost:3001/_nuxt/@fs/home/meebuzo/github/alternate-framework/apps/ecosystem/meeovi-frontend/node_modules/@sentry/core/build/esm/instrument/console.js?v=cfee6d51:42
[   20543ms] [WARNING] [Vue warn]: Avoid app logic that relies on enumerating keys on a component instance. The keys will be empty in production mode to avoid performance overhead. 
  at <VDefaultsProvider key="content-defaults" disabled=true defaults= {VIcon: Object} > 
  at <VBtn symbol= Symbol(vuetify:v-tabs) ref=Ref< undefined > class="v-tab"  ... > 
  at <VTab key=0 > 
  at <VSlideGroup centerActive=false scrollToActive=true contentClass=undefined  ... > 
  at <VTabs modelValue=null onUpdate:modelValue=fn bg-color=undefined  ... > 
  at <VCard variant="text" class="lowerBar" > 
  at <MenusLowerBar > 
  at <ClientOnly > 
  at <VApp theme="light" class="auto-text" > 
  at <VResponsive class="border rounded" > 
  at <Default ref=Ref< Proxy(Object) > > 
  at <AsyncComponentWrapper ref=Ref< Proxy(Object) > > 
  at <LayoutLoader key="default" layoutProps= {ref: RefImpl} name="default" > 
  at <NuxtLayoutProvider layoutProps= {ref: RefImpl} key="default" name="default"  ... > 
  at <NuxtLayout > 
  at <App key=4 > 
  at <NuxtRoot> @ http://localhost:3001/_nuxt/@fs/home/meebuzo/github/alternate-framework/apps/ecosystem/meeovi-frontend/node_modules/@sentry/core/build/esm/instrument/console.js?v=cfee6d51:42
[   20544ms] [WARNING] [Vue warn]: Avoid app logic that relies on enumerating keys on a component instance. The keys will be empty in production mode to avoid performance overhead. 
  at <VDefaultsProvider key="content-defaults" disabled=true defaults= {VIcon: Object} > 
  at <VBtn symbol= Symbol(vuetify:v-tabs) ref=Ref< undefined > class="v-tab"  ... > 
  at <VTab key=0 > 
  at <VSlideGroup centerActive=false scrollToActive=true contentClass=undefined  ... > 
  at <VTabs modelValue=null onUpdate:modelValue=fn bg-color=undefined  ... > 
  at <VCard variant="text" class="lowerBar" > 
  at <MenusLowerBar > 
  at <ClientOnly > 
  at <VApp theme="light" class="auto-text" > 
  at <VResponsive class="border rounded" > 
  at <Default ref=Ref< Proxy(Object) > > 
  at <AsyncComponentWrapper ref=Ref< Proxy(Object) > > 
  at <LayoutLoader key="default" layoutProps= {ref: RefImpl} name="default" > 
  at <NuxtLayoutProvider layoutProps= {ref: RefImpl} key="default" name="default"  ... > 
  at <NuxtLayout > 
  at <App key=4 > 
  at <NuxtRoot> @ http://localhost:3001/_nuxt/@fs/home/meebuzo/github/alternate-framework/apps/ecosystem/meeovi-frontend/node_modules/@sentry/core/build/esm/instrument/console.js?v=cfee6d51:42
[   20545ms] [WARNING] [Vue warn]: Avoid app logic that relies on enumerating keys on a component instance. The keys will be empty in production mode to avoid performance overhead. 
  at <VDefaultsProvider key="content-defaults" disabled=true defaults= {VIcon: Object} > 
  at <VBtn symbol= Symbol(vuetify:v-tabs) ref=Ref< undefined > class="v-tab"  ... > 
  at <VTab key=0 > 
  at <VSlideGroup centerActive=false scrollToActive=true contentClass=undefined  ... > 
  at <VTabs modelValue=null onUpdate:modelValue=fn bg-color=undefined  ... > 
  at <VCard variant="text" class="lowerBar" > 
  at <MenusLowerBar > 
  at <ClientOnly > 
  at <VApp theme="light" class="auto-text" > 
  at <VResponsive class="border rounded" > 
  at <Default ref=Ref< Proxy(Object) > > 
  at <AsyncComponentWrapper ref=Ref< Proxy(Object) > > 
  at <LayoutLoader key="default" layoutProps= {ref: RefImpl} name="default" > 
  at <NuxtLayoutProvider layoutProps= {ref: RefImpl} key="default" name="default"  ... > 
  at <NuxtLayout > 
  at <App key=4 > 
  at <NuxtRoot> @ http://localhost:3001/_nuxt/@fs/home/meebuzo/github/alternate-framework/apps/ecosystem/meeovi-frontend/node_modules/@sentry/core/build/esm/instrument/console.js?v=cfee6d51:42
[   20546ms] [WARNING] [Vue warn]: Avoid app logic that relies on enumerating keys on a component instance. The keys will be empty in production mode to avoid performance overhead. 
  at <VDefaultsProvider key="content-defaults" disabled=true defaults= {VIcon: Object} > 
  at <VBtn symbol= Symbol(vuetify:v-tabs) ref=Ref< undefined > class="v-tab"  ... > 
  at <VTab key=0 > 
  at <VSlideGroup centerActive=false scrollToActive=true contentClass=undefined  ... > 
  at <VTabs modelValue=null onUpdate:modelValue=fn bg-color=undefined  ... > 
  at <VCard variant="text" class="lowerBar" > 
  at <MenusLowerBar > 
  at <ClientOnly > 
  at <VApp theme="light" class="auto-text" > 
  at <VResponsive class="border rounded" > 
  at <Default ref=Ref< Proxy(Object) > > 
  at <AsyncComponentWrapper ref=Ref< Proxy(Object) > > 
  at <LayoutLoader key="default" layoutProps= {ref: RefImpl} name="default" > 
  at <NuxtLayoutProvider layoutProps= {ref: RefImpl} key="default" name="default"  ... > 
  at <NuxtLayout > 
  at <App key=4 > 
  at <NuxtRoot> @ http://localhost:3001/_nuxt/@fs/home/meebuzo/github/alternate-framework/apps/ecosystem/meeovi-frontend/node_modules/@sentry/core/build/esm/instrument/console.js?v=cfee6d51:42
[   20547ms] [WARNING] [Vue warn]: Avoid app logic that relies on enumerating keys on a component instance. The keys will be empty in production mode to avoid performance overhead. 
  at <VDefaultsProvider key="content-defaults" disabled=true defaults= {VIcon: Object} > 
  at <VBtn symbol= Symbol(vuetify:v-tabs) ref=Ref< undefined > class="v-tab"  ... > 
  at <VTab key=0 > 
  at <VSlideGroup centerActive=false scrollToActive=true contentClass=undefined  ... > 
  at <VTabs modelValue=null onUpdate:modelValue=fn bg-color=undefined  ... > 
  at <VCard variant="text" class="lowerBar" > 
  at <MenusLowerBar > 
  at <ClientOnly > 
  at <VApp theme="light" class="auto-text" > 
  at <VResponsive class="border rounded" > 
  at <Default ref=Ref< Proxy(Object) > > 
  at <AsyncComponentWrapper ref=Ref< Proxy(Object) > > 
  at <LayoutLoader key="default" layoutProps= {ref: RefImpl} name="default" > 
  at <NuxtLayoutProvider layoutProps= {ref: RefImpl} key="default" name="default"  ... > 
  at <NuxtLayout > 
  at <App key=4 > 
  at <NuxtRoot> @ http://localhost:3001/_nuxt/@fs/home/meebuzo/github/alternate-framework/apps/ecosystem/meeovi-frontend/node_modules/@sentry/core/build/esm/instrument/console.js?v=cfee6d51:42
[   20548ms] [WARNING] [Vue warn]: Avoid app logic that relies on enumerating keys on a component instance. The keys will be empty in production mode to avoid performance overhead. 
  at <VDefaultsProvider key="content-defaults" disabled=true defaults= {VIcon: Object} > 
  at <VBtn symbol= Symbol(vuetify:v-tabs) ref=Ref< undefined > class="v-tab"  ... > 
  at <VTab key=0 > 
  at <VSlideGroup centerActive=false scrollToActive=true contentClass=undefined  ... > 
  at <VTabs modelValue=null onUpdate:modelValue=fn bg-color=undefined  ... > 
  at <VCard variant="text" class="lowerBar" > 
  at <MenusLowerBar > 
  at <ClientOnly > 
  at <VApp theme="light" class="auto-text" > 
  at <VResponsive class="border rounded" > 
  at <Default ref=Ref< Proxy(Object) > > 
  at <AsyncComponentWrapper ref=Ref< Proxy(Object) > > 
  at <LayoutLoader key="default" layoutProps= {ref: RefImpl} name="default" > 
  at <NuxtLayoutProvider layoutProps= {ref: RefImpl} key="default" name="default"  ... > 
  at <NuxtLayout > 
  at <App key=4 > 
  at <NuxtRoot> @ http://localhost:3001/_nuxt/@fs/home/meebuzo/github/alternate-framework/apps/ecosystem/meeovi-frontend/node_modules/@sentry/core/build/esm/instrument/console.js?v=cfee6d51:42
[   20549ms] [WARNING] [Vue warn]: Avoid app logic that relies on enumerating keys on a component instance. The keys will be empty in production mode to avoid performance overhead. 
  at <VDefaultsProvider key="content-defaults" disabled=true defaults= {VIcon: Object} > 
  at <VBtn symbol= Symbol(vuetify:v-tabs) ref=Ref< undefined > class="v-tab"  ... > 
  at <VTab key=0 > 
  at <VSlideGroup centerActive=false scrollToActive=true contentClass=undefined  ... > 
  at <VTabs modelValue=null onUpdate:modelValue=fn bg-color=undefined  ... > 
  at <VCard variant="text" class="lowerBar" > 
  at <MenusLowerBar > 
  at <ClientOnly > 
  at <VApp theme="light" class="auto-text" > 
  at <VResponsive class="border rounded" > 
  at <Default ref=Ref< Proxy(Object) > > 
  at <AsyncComponentWrapper ref=Ref< Proxy(Object) > > 
  at <LayoutLoader key="default" layoutProps= {ref: RefImpl} name="default" > 
  at <NuxtLayoutProvider layoutProps= {ref: RefImpl} key="default" name="default"  ... > 
  at <NuxtLayout > 
  at <App key=4 > 
  at <NuxtRoot> @ http://localhost:3001/_nuxt/@fs/home/meebuzo/github/alternate-framework/apps/ecosystem/meeovi-frontend/node_modules/@sentry/core/build/esm/instrument/console.js?v=cfee6d51:42
[   20551ms] [WARNING] [Vue warn]: Avoid app logic that relies on enumerating keys on a component instance. The keys will be empty in production mode to avoid performance overhead. 
  at <VDefaultsProvider key="content-defaults" disabled=true defaults= {VIcon: Object} > 
  at <VBtn symbol= Symbol(vuetify:v-tabs) ref=Ref< undefined > class="v-tab"  ... > 
  at <VTab key=0 > 
  at <VSlideGroup centerActive=false scrollToActive=true contentClass=undefined  ... > 
  at <VTabs modelValue=null onUpdate:modelValue=fn bg-color=undefined  ... > 
  at <VCard variant="text" class="lowerBar" > 
  at <MenusLowerBar > 
  at <ClientOnly > 
  at <VApp theme="light" class="auto-text" > 
  at <VResponsive class="border rounded" > 
  at <Default ref=Ref< Proxy(Object) > > 
  at <AsyncComponentWrapper ref=Ref< Proxy(Object) > > 
  at <LayoutLoader key="default" layoutProps= {ref: RefImpl} name="default" > 
  at <NuxtLayoutProvider layoutProps= {ref: RefImpl} key="default" name="default"  ... > 
  at <NuxtLayout > 
  at <App key=4 > 
  at <NuxtRoot> @ http://localhost:3001/_nuxt/@fs/home/meebuzo/github/alternate-framework/apps/ecosystem/meeovi-frontend/node_modules/@sentry/core/build/esm/instrument/console.js?v=cfee6d51:42
[   20552ms] [WARNING] [Vue warn]: Avoid app logic that relies on enumerating keys on a component instance. The keys will be empty in production mode to avoid performance overhead. 
  at <VDefaultsProvider key="content-defaults" disabled=true defaults= {VIcon: Object} > 
  at <VBtn symbol= Symbol(vuetify:v-tabs) ref=Ref< undefined > class="v-tab"  ... > 
  at <VTab key=0 > 
  at <VSlideGroup centerActive=false scrollToActive=true contentClass=undefined  ... > 
  at <VTabs modelValue=null onUpdate:modelValue=fn bg-color=undefined  ... > 
  at <VCard variant="text" class="lowerBar" > 
  at <MenusLowerBar > 
  at <ClientOnly > 
  at <VApp theme="light" class="auto-text" > 
  at <VResponsive class="border rounded" > 
  at <Default ref=Ref< Proxy(Object) > > 
  at <AsyncComponentWrapper ref=Ref< Proxy(Object) > > 
  at <LayoutLoader key="default" layoutProps= {ref: RefImpl} name="default" > 
  at <NuxtLayoutProvider layoutProps= {ref: RefImpl} key="default" name="default"  ... > 
  at <NuxtLayout > 
  at <App key=4 > 
  at <NuxtRoot> @ http://localhost:3001/_nuxt/@fs/home/meebuzo/github/alternate-framework/apps/ecosystem/meeovi-frontend/node_modules/@sentry/core/build/esm/instrument/console.js?v=cfee6d51:42
[   20554ms] [WARNING] [Vue warn]: Avoid app logic that relies on enumerating keys on a component instance. The keys will be empty in production mode to avoid performance overhead. 
  at <VDefaultsProvider key="content-defaults" disabled=true defaults= {VIcon: Object} > 
  at <VBtn symbol= Symbol(vuetify:v-tabs) ref=Ref< undefined > class="v-tab"  ... > 
  at <VTab key=0 > 
  at <VSlideGroup centerActive=false scrollToActive=true contentClass=undefined  ... > 
  at <VTabs modelValue=null onUpdate:modelValue=fn bg-color=undefined  ... > 
  at <VCard variant="text" class="lowerBar" > 
  at <MenusLowerBar > 
  at <ClientOnly > 
  at <VApp theme="light" class="auto-text" > 
  at <VResponsive class="border rounded" > 
  at <Default ref=Ref< Proxy(Object) > > 
  at <AsyncComponentWrapper ref=Ref< Proxy(Object) > > 
  at <LayoutLoader key="default" layoutProps= {ref: RefImpl} name="default" > 
  at <NuxtLayoutProvider layoutProps= {ref: RefImpl} key="default" name="default"  ... > 
  at <NuxtLayout > 
  at <App key=4 > 
  at <NuxtRoot> @ http://localhost:3001/_nuxt/@fs/home/meebuzo/github/alternate-framework/apps/ecosystem/meeovi-frontend/node_modules/@sentry/core/build/esm/instrument/console.js?v=cfee6d51:42
[   20555ms] [WARNING] [Vue warn]: Avoid app logic that relies on enumerating keys on a component instance. The keys will be empty in production mode to avoid performance overhead. 
  at <VDefaultsProvider key="content-defaults" disabled=true defaults= {VIcon: Object} > 
  at <VBtn symbol= Symbol(vuetify:v-tabs) ref=Ref< undefined > class="v-tab"  ... > 
  at <VTab key=0 > 
  at <VSlideGroup centerActive=false scrollToActive=true contentClass=undefined  ... > 
  at <VTabs modelValue=null onUpdate:modelValue=fn bg-color=undefined  ... > 
  at <VCard variant="text" class="lowerBar" > 
  at <MenusLowerBar > 
  at <ClientOnly > 
  at <VApp theme="light" class="auto-text" > 
  at <VResponsive class="border rounded" > 
  at <Default ref=Ref< Proxy(Object) > > 
  at <AsyncComponentWrapper ref=Ref< Proxy(Object) > > 
  at <LayoutLoader key="default" layoutProps= {ref: RefImpl} name="default" > 
  at <NuxtLayoutProvider layoutProps= {ref: RefImpl} key="default" name="default"  ... > 
  at <NuxtLayout > 
  at <App key=4 > 
  at <NuxtRoot> @ http://localhost:3001/_nuxt/@fs/home/meebuzo/github/alternate-framework/apps/ecosystem/meeovi-frontend/node_modules/@sentry/core/build/esm/instrument/console.js?v=cfee6d51:42
[   20556ms] [WARNING] [Vue warn]: Avoid app logic that relies on enumerating keys on a component instance. The keys will be empty in production mode to avoid performance overhead. 
  at <VDefaultsProvider key="content-defaults" disabled=true defaults= {VIcon: Object} > 
  at <VBtn symbol= Symbol(vuetify:v-tabs) ref=Ref< undefined > class="v-tab"  ... > 
  at <VTab key=0 > 
  at <VSlideGroup centerActive=false scrollToActive=true contentClass=undefined  ... > 
  at <VTabs modelValue=null onUpdate:modelValue=fn bg-color=undefined  ... > 
  at <VCard variant="text" class="lowerBar" > 
  at <MenusLowerBar > 
  at <ClientOnly > 
  at <VApp theme="light" class="auto-text" > 
  at <VResponsive class="border rounded" > 
  at <Default ref=Ref< Proxy(Object) > > 
  at <AsyncComponentWrapper ref=Ref< Proxy(Object) > > 
  at <LayoutLoader key="default" layoutProps= {ref: RefImpl} name="default" > 
  at <NuxtLayoutProvider layoutProps= {ref: RefImpl} key="default" name="default"  ... > 
  at <NuxtLayout > 
  at <App key=4 > 
  at <NuxtRoot> @ http://localhost:3001/_nuxt/@fs/home/meebuzo/github/alternate-framework/apps/ecosystem/meeovi-frontend/node_modules/@sentry/core/build/esm/instrument/console.js?v=cfee6d51:42
[   20557ms] [WARNING] [Vue warn]: Avoid app logic that relies on enumerating keys on a component instance. The keys will be empty in production mode to avoid performance overhead. 
  at <VDefaultsProvider key="content-defaults" disabled=true defaults= {VIcon: Object} > 
  at <VBtn symbol= Symbol(vuetify:v-tabs) ref=Ref< undefined > class="v-tab"  ... > 
  at <VTab key=0 > 
  at <VSlideGroup centerActive=false scrollToActive=true contentClass=undefined  ... > 
  at <VTabs modelValue=null onUpdate:modelValue=fn bg-color=undefined  ... > 
  at <VCard variant="text" class="lowerBar" > 
  at <MenusLowerBar > 
  at <ClientOnly > 
  at <VApp theme="light" class="auto-text" > 
  at <VResponsive class="border rounded" > 
  at <Default ref=Ref< Proxy(Object) > > 
  at <AsyncComponentWrapper ref=Ref< Proxy(Object) > > 
  at <LayoutLoader key="default" layoutProps= {ref: RefImpl} name="default" > 
  at <NuxtLayoutProvider layoutProps= {ref: RefImpl} key="default" name="default"  ... > 
  at <NuxtLayout > 
  at <App key=4 > 
  at <NuxtRoot> @ http://localhost:3001/_nuxt/@fs/home/meebuzo/github/alternate-framework/apps/ecosystem/meeovi-frontend/node_modules/@sentry/core/build/esm/instrument/console.js?v=cfee6d51:42
[   20559ms] [WARNING] [Vue warn]: Avoid app logic that relies on enumerating keys on a component instance. The keys will be empty in production mode to avoid performance overhead. 
  at <VDefaultsProvider key="content-defaults" disabled=true defaults= {VIcon: Object} > 
  at <VBtn symbol= Symbol(vuetify:v-tabs) ref=Ref< undefined > class="v-tab"  ... > 
  at <VTab key=0 > 
  at <VSlideGroup centerActive=false scrollToActive=true contentClass=undefined  ... > 
  at <VTabs modelValue=null onUpdate:modelValue=fn bg-color=undefined  ... > 
  at <VCard variant="text" class="lowerBar" > 
  at <MenusLowerBar > 
  at <ClientOnly > 
  at <VApp theme="light" class="auto-text" > 
  at <VResponsive class="border rounded" > 
  at <Default ref=Ref< Proxy(Object) > > 
  at <AsyncComponentWrapper ref=Ref< Proxy(Object) > > 
  at <LayoutLoader key="default" layoutProps= {ref: RefImpl} name="default" > 
  at <NuxtLayoutProvider layoutProps= {ref: RefImpl} key="default" name="default"  ... > 
  at <NuxtLayout > 
  at <App key=4 > 
  at <NuxtRoot> @ http://localhost:3001/_nuxt/@fs/home/meebuzo/github/alternate-framework/apps/ecosystem/meeovi-frontend/node_modules/@sentry/core/build/esm/instrument/console.js?v=cfee6d51:42
[   20560ms] [WARNING] [Vue warn]: Avoid app logic that relies on enumerating keys on a component instance. The keys will be empty in production mode to avoid performance overhead. 
  at <VDefaultsProvider key="content-defaults" disabled=true defaults= {VIcon: Object} > 
  at <VBtn symbol= Symbol(vuetify:v-tabs) ref=Ref< undefined > class="v-tab"  ... > 
  at <VTab key=0 > 
  at <VSlideGroup centerActive=false scrollToActive=true contentClass=undefined  ... > 
  at <VTabs modelValue=null onUpdate:modelValue=fn bg-color=undefined  ... > 
  at <VCard variant="text" class="lowerBar" > 
  at <MenusLowerBar > 
  at <ClientOnly > 
  at <VApp theme="light" class="auto-text" > 
  at <VResponsive class="border rounded" > 
  at <Default ref=Ref< Proxy(Object) > > 
  at <AsyncComponentWrapper ref=Ref< Proxy(Object) > > 
  at <LayoutLoader key="default" layoutProps= {ref: RefImpl} name="default" > 
  at <NuxtLayoutProvider layoutProps= {ref: RefImpl} key="default" name="default"  ... > 
  at <NuxtLayout > 
  at <App key=4 > 
  at <NuxtRoot> @ http://localhost:3001/_nuxt/@fs/home/meebuzo/github/alternate-framework/apps/ecosystem/meeovi-frontend/node_modules/@sentry/core/build/esm/instrument/console.js?v=cfee6d51:42
[   20561ms] [WARNING] [Vue warn]: Avoid app logic that relies on enumerating keys on a component instance. The keys will be empty in production mode to avoid performance overhead. 
  at <VDefaultsProvider key="content-defaults" disabled=true defaults= {VIcon: Object} > 
  at <VBtn symbol= Symbol(vuetify:v-tabs) ref=Ref< undefined > class="v-tab"  ... > 
  at <VTab key=0 > 
  at <VSlideGroup centerActive=false scrollToActive=true contentClass=undefined  ... > 
  at <VTabs modelValue=null onUpdate:modelValue=fn bg-color=undefined  ... > 
  at <VCard variant="text" class="lowerBar" > 
  at <MenusLowerBar > 
  at <ClientOnly > 
  at <VApp theme="light" class="auto-text" > 
  at <VResponsive class="border rounded" > 
  at <Default ref=Ref< Proxy(Object) > > 
  at <AsyncComponentWrapper ref=Ref< Proxy(Object) > > 
  at <LayoutLoader key="default" layoutProps= {ref: RefImpl} name="default" > 
  at <NuxtLayoutProvider layoutProps= {ref: RefImpl} key="default" name="default"  ... > 
  at <NuxtLayout > 
  at <App key=4 > 
  at <NuxtRoot> @ http://localhost:3001/_nuxt/@fs/home/meebuzo/github/alternate-framework/apps/ecosystem/meeovi-frontend/node_modules/@sentry/core/build/esm/instrument/console.js?v=cfee6d51:42
[   20563ms] [WARNING] [Vue warn]: Avoid app logic that relies on enumerating keys on a component instance. The keys will be empty in production mode to avoid performance overhead. 
  at <VDefaultsProvider key="content-defaults" disabled=true defaults= {VIcon: Object} > 
  at <VBtn symbol= Symbol(vuetify:v-tabs) ref=Ref< undefined > class="v-tab"  ... > 
  at <VTab key=0 > 
  at <VSlideGroup centerActive=false scrollToActive=true contentClass=undefined  ... > 
  at <VTabs modelValue=null onUpdate:modelValue=fn bg-color=undefined  ... > 
  at <VCard variant="text" class="lowerBar" > 
  at <MenusLowerBar > 
  at <ClientOnly > 
  at <VApp theme="light" class="auto-text" > 
  at <VResponsive class="border rounded" > 
  at <Default ref=Ref< Proxy(Object) > > 
  at <AsyncComponentWrapper ref=Ref< Proxy(Object) > > 
  at <LayoutLoader key="default" layoutProps= {ref: RefImpl} name="default" > 
  at <NuxtLayoutProvider layoutProps= {ref: RefImpl} key="default" name="default"  ... > 
  at <NuxtLayout > 
  at <App key=4 > 
  at <NuxtRoot> @ http://localhost:3001/_nuxt/@fs/home/meebuzo/github/alternate-framework/apps/ecosystem/meeovi-frontend/node_modules/@sentry/core/build/esm/instrument/console.js?v=cfee6d51:42
[   20566ms] [WARNING] [Vue warn]: Avoid app logic that relies on enumerating keys on a component instance. The keys will be empty in production mode to avoid performance overhead. 
  at <VDefaultsProvider key="content-defaults" disabled=true defaults= {VIcon: Object} > 
  at <VBtn symbol= Symbol(vuetify:v-tabs) ref=Ref< undefined > class="v-tab"  ... > 
  at <VTab key=0 > 
  at <VSlideGroup centerActive=false scrollToActive=true contentClass=undefined  ... > 
  at <VTabs modelValue=null onUpdate:modelValue=fn bg-color=undefined  ... > 
  at <VCard variant="text" class="lowerBar" > 
  at <MenusLowerBar > 
  at <ClientOnly > 
  at <VApp theme="light" class="auto-text" > 
  at <VResponsive class="border rounded" > 
  at <Default ref=Ref< Proxy(Object) > > 
  at <AsyncComponentWrapper ref=Ref< Proxy(Object) > > 
  at <LayoutLoader key="default" layoutProps= {ref: RefImpl} name="default" > 
  at <NuxtLayoutProvider layoutProps= {ref: RefImpl} key="default" name="default"  ... > 
  at <NuxtLayout > 
  at <App key=4 > 
  at <NuxtRoot> @ http://localhost:3001/_nuxt/@fs/home/meebuzo/github/alternate-framework/apps/ecosystem/meeovi-frontend/node_modules/@sentry/core/build/esm/instrument/console.js?v=cfee6d51:42
[   20568ms] [WARNING] [Vue warn]: Avoid app logic that relies on enumerating keys on a component instance. The keys will be empty in production mode to avoid performance overhead. 
  at <VDefaultsProvider key="content-defaults" disabled=true defaults= {VIcon: Object} > 
  at <VBtn symbol= Symbol(vuetify:v-tabs) ref=Ref< undefined > class="v-tab"  ... > 
  at <VTab key=0 > 
  at <VSlideGroup centerActive=false scrollToActive=true contentClass=undefined  ... > 
  at <VTabs modelValue=null onUpdate:modelValue=fn bg-color=undefined  ... > 
  at <VCard variant="text" class="lowerBar" > 
  at <MenusLowerBar > 
  at <ClientOnly > 
  at <VApp theme="light" class="auto-text" > 
  at <VResponsive class="border rounded" > 
  at <Default ref=Ref< Proxy(Object) > > 
  at <AsyncComponentWrapper ref=Ref< Proxy(Object) > > 
  at <LayoutLoader key="default" layoutProps= {ref: RefImpl} name="default" > 
  at <NuxtLayoutProvider layoutProps= {ref: RefImpl} key="default" name="default"  ... > 
  at <NuxtLayout > 
  at <App key=4 > 
  at <NuxtRoot> @ http://localhost:3001/_nuxt/@fs/home/meebuzo/github/alternate-framework/apps/ecosystem/meeovi-frontend/node_modules/@sentry/core/build/esm/instrument/console.js?v=cfee6d51:42
[   20570ms] [WARNING] [Vue warn]: Avoid app logic that relies on enumerating keys on a component instance. The keys will be empty in production mode to avoid performance overhead. 
  at <VDefaultsProvider key="content-defaults" disabled=true defaults= {VIcon: Object} > 
  at <VBtn symbol= Symbol(vuetify:v-tabs) ref=Ref< undefined > class="v-tab"  ... > 
  at <VTab key=0 > 
  at <VSlideGroup centerActive=false scrollToActive=true contentClass=undefined  ... > 
  at <VTabs modelValue=null onUpdate:modelValue=fn bg-color=undefined  ... > 
  at <VCard variant="text" class="lowerBar" > 
  at <MenusLowerBar > 
  at <ClientOnly > 
  at <VApp theme="light" class="auto-text" > 
  at <VResponsive class="border rounded" > 
  at <Default ref=Ref< Proxy(Object) > > 
  at <AsyncComponentWrapper ref=Ref< Proxy(Object) > > 
  at <LayoutLoader key="default" layoutProps= {ref: RefImpl} name="default" > 
  at <NuxtLayoutProvider layoutProps= {ref: RefImpl} key="default" name="default"  ... > 
  at <NuxtLayout > 
  at <App key=4 > 
  at <NuxtRoot> @ http://localhost:3001/_nuxt/@fs/home/meebuzo/github/alternate-framework/apps/ecosystem/meeovi-frontend/node_modules/@sentry/core/build/esm/instrument/console.js?v=cfee6d51:42
[   20572ms] [WARNING] [Vue warn]: Avoid app logic that relies on enumerating keys on a component instance. The keys will be empty in production mode to avoid performance overhead. 
  at <VDefaultsProvider key="content-defaults" disabled=true defaults= {VIcon: Object} > 
  at <VBtn symbol= Symbol(vuetify:v-tabs) ref=Ref< undefined > class="v-tab"  ... > 
  at <VTab key=0 > 
  at <VSlideGroup centerActive=false scrollToActive=true contentClass=undefined  ... > 
  at <VTabs modelValue=null onUpdate:modelValue=fn bg-color=undefined  ... > 
  at <VCard variant="text" class="lowerBar" > 
  at <MenusLowerBar > 
  at <ClientOnly > 
  at <VApp theme="light" class="auto-text" > 
  at <VResponsive class="border rounded" > 
  at <Default ref=Ref< Proxy(Object) > > 
  at <AsyncComponentWrapper ref=Ref< Proxy(Object) > > 
  at <LayoutLoader key="default" layoutProps= {ref: RefImpl} name="default" > 
  at <NuxtLayoutProvider layoutProps= {ref: RefImpl} key="default" name="default"  ... > 
  at <NuxtLayout > 
  at <App key=4 > 
  at <NuxtRoot> @ http://localhost:3001/_nuxt/@fs/home/meebuzo/github/alternate-framework/apps/ecosystem/meeovi-frontend/node_modules/@sentry/core/build/esm/instrument/console.js?v=cfee6d51:42
[   20573ms] [WARNING] [Vue warn]: Avoid app logic that relies on enumerating keys on a component instance. The keys will be empty in production mode to avoid performance overhead. 
  at <VDefaultsProvider key="content-defaults" disabled=true defaults= {VIcon: Object} > 
  at <VBtn symbol= Symbol(vuetify:v-tabs) ref=Ref< undefined > class="v-tab"  ... > 
  at <VTab key=0 > 
  at <VSlideGroup centerActive=false scrollToActive=true contentClass=undefined  ... > 
  at <VTabs modelValue=null onUpdate:modelValue=fn bg-color=undefined  ... > 
  at <VCard variant="text" class="lowerBar" > 
  at <MenusLowerBar > 
  at <ClientOnly > 
  at <VApp theme="light" class="auto-text" > 
  at <VResponsive class="border rounded" > 
  at <Default ref=Ref< Proxy(Object) > > 
  at <AsyncComponentWrapper ref=Ref< Proxy(Object) > > 
  at <LayoutLoader key="default" layoutProps= {ref: RefImpl} name="default" > 
  at <NuxtLayoutProvider layoutProps= {ref: RefImpl} key="default" name="default"  ... > 
  at <NuxtLayout > 
  at <App key=4 > 
  at <NuxtRoot> @ http://localhost:3001/_nuxt/@fs/home/meebuzo/github/alternate-framework/apps/ecosystem/meeovi-frontend/node_modules/@sentry/core/build/esm/instrument/console.js?v=cfee6d51:42
[   20574ms] [WARNING] [Vue warn]: Avoid app logic that relies on enumerating keys on a component instance. The keys will be empty in production mode to avoid performance overhead. 
  at <VDefaultsProvider key="content-defaults" disabled=true defaults= {VIcon: Object} > 
  at <VBtn symbol= Symbol(vuetify:v-tabs) ref=Ref< undefined > class="v-tab"  ... > 
  at <VTab key=0 > 
  at <VSlideGroup centerActive=false scrollToActive=true contentClass=undefined  ... > 
  at <VTabs modelValue=null onUpdate:modelValue=fn bg-color=undefined  ... > 
  at <VCard variant="text" class="lowerBar" > 
  at <MenusLowerBar > 
  at <ClientOnly > 
  at <VApp theme="light" class="auto-text" > 
  at <VResponsive class="border rounded" > 
  at <Default ref=Ref< Proxy(Object) > > 
  at <AsyncComponentWrapper ref=Ref< Proxy(Object) > > 
  at <LayoutLoader key="default" layoutProps= {ref: RefImpl} name="default" > 
  at <NuxtLayoutProvider layoutProps= {ref: RefImpl} key="default" name="default"  ... > 
  at <NuxtLayout > 
  at <App key=4 > 
  at <NuxtRoot> @ http://localhost:3001/_nuxt/@fs/home/meebuzo/github/alternate-framework/apps/ecosystem/meeovi-frontend/node_modules/@sentry/core/build/esm/instrument/console.js?v=cfee6d51:42
[   20575ms] [WARNING] [Vue warn]: Avoid app logic that relies on enumerating keys on a component instance. The keys will be empty in production mode to avoid performance overhead. 
  at <VDefaultsProvider key="content-defaults" disabled=true defaults= {VIcon: Object} > 
  at <VBtn symbol= Symbol(vuetify:v-tabs) ref=Ref< undefined > class="v-tab"  ... > 
  at <VTab key=0 > 
  at <VSlideGroup centerActive=false scrollToActive=true contentClass=undefined  ... > 
  at <VTabs modelValue=null onUpdate:modelValue=fn bg-color=undefined  ... > 
  at <VCard variant="text" class="lowerBar" > 
  at <MenusLowerBar > 
  at <ClientOnly > 
  at <VApp theme="light" class="auto-text" > 
  at <VResponsive class="border rounded" > 
  at <Default ref=Ref< Proxy(Object) > > 
  at <AsyncComponentWrapper ref=Ref< Proxy(Object) > > 
  at <LayoutLoader key="default" layoutProps= {ref: RefImpl} name="default" > 
  at <NuxtLayoutProvider layoutProps= {ref: RefImpl} key="default" name="default"  ... > 
  at <NuxtLayout > 
  at <App key=4 > 
  at <NuxtRoot> @ http://localhost:3001/_nuxt/@fs/home/meebuzo/github/alternate-framework/apps/ecosystem/meeovi-frontend/node_modules/@sentry/core/build/esm/instrument/console.js?v=cfee6d51:42
[   20576ms] [WARNING] [Vue warn]: Avoid app logic that relies on enumerating keys on a component instance. The keys will be empty in production mode to avoid performance overhead. 
  at <VDefaultsProvider key="content-defaults" disabled=true defaults= {VIcon: Object} > 
  at <VBtn symbol= Symbol(vuetify:v-tabs) ref=Ref< undefined > class="v-tab"  ... > 
  at <VTab key=0 > 
  at <VSlideGroup centerActive=false scrollToActive=true contentClass=undefined  ... > 
  at <VTabs modelValue=null onUpdate:modelValue=fn bg-color=undefined  ... > 
  at <VCard variant="text" class="lowerBar" > 
  at <MenusLowerBar > 
  at <ClientOnly > 
  at <VApp theme="light" class="auto-text" > 
  at <VResponsive class="border rounded" > 
  at <Default ref=Ref< Proxy(Object) > > 
  at <AsyncComponentWrapper ref=Ref< Proxy(Object) > > 
  at <LayoutLoader key="default" layoutProps= {ref: RefImpl} name="default" > 
  at <NuxtLayoutProvider layoutProps= {ref: RefImpl} key="default" name="default"  ... > 
  at <NuxtLayout > 
  at <App key=4 > 
  at <NuxtRoot> @ http://localhost:3001/_nuxt/@fs/home/meebuzo/github/alternate-framework/apps/ecosystem/meeovi-frontend/node_modules/@sentry/core/build/esm/instrument/console.js?v=cfee6d51:42
[   20578ms] [WARNING] [Vue warn]: Avoid app logic that relies on enumerating keys on a component instance. The keys will be empty in production mode to avoid performance overhead. 
  at <VDefaultsProvider key="content-defaults" disabled=true defaults= {VIcon: Object} > 
  at <VBtn symbol= Symbol(vuetify:v-tabs) ref=Ref< undefined > class="v-tab"  ... > 
  at <VTab key=0 > 
  at <VSlideGroup centerActive=false scrollToActive=true contentClass=undefined  ... > 
  at <VTabs modelValue=null onUpdate:modelValue=fn bg-color=undefined  ... > 
  at <VCard variant="text" class="lowerBar" > 
  at <MenusLowerBar > 
  at <ClientOnly > 
  at <VApp theme="light" class="auto-text" > 
  at <VResponsive class="border rounded" > 
  at <Default ref=Ref< Proxy(Object) > > 
  at <AsyncComponentWrapper ref=Ref< Proxy(Object) > > 
  at <LayoutLoader key="default" layoutProps= {ref: RefImpl} name="default" > 
  at <NuxtLayoutProvider layoutProps= {ref: RefImpl} key="default" name="default"  ... > 
  at <NuxtLayout > 
  at <App key=4 > 
  at <NuxtRoot> @ http://localhost:3001/_nuxt/@fs/home/meebuzo/github/alternate-framework/apps/ecosystem/meeovi-frontend/node_modules/@sentry/core/build/esm/instrument/console.js?v=cfee6d51:42
[   20579ms] [WARNING] [Vue warn]: Avoid app logic that relies on enumerating keys on a component instance. The keys will be empty in production mode to avoid performance overhead. 
  at <VDefaultsProvider key="content-defaults" disabled=true defaults= {VIcon: Object} > 
  at <VBtn symbol= Symbol(vuetify:v-tabs) ref=Ref< undefined > class="v-tab"  ... > 
  at <VTab key=0 > 
  at <VSlideGroup centerActive=false scrollToActive=true contentClass=undefined  ... > 
  at <VTabs modelValue=null onUpdate:modelValue=fn bg-color=undefined  ... > 
  at <VCard variant="text" class="lowerBar" > 
  at <MenusLowerBar > 
  at <ClientOnly > 
  at <VApp theme="light" class="auto-text" > 
  at <VResponsive class="border rounded" > 
  at <Default ref=Ref< Proxy(Object) > > 
  at <AsyncComponentWrapper ref=Ref< Proxy(Object) > > 
  at <LayoutLoader key="default" layoutProps= {ref: RefImpl} name="default" > 
  at <NuxtLayoutProvider layoutProps= {ref: RefImpl} key="default" name="default"  ... > 
  at <NuxtLayout > 
  at <App key=4 > 
  at <NuxtRoot> @ http://localhost:3001/_nuxt/@fs/home/meebuzo/github/alternate-framework/apps/ecosystem/meeovi-frontend/node_modules/@sentry/core/build/esm/instrument/console.js?v=cfee6d51:42
[   20581ms] [WARNING] [Vue warn]: Avoid app logic that relies on enumerating keys on a component instance. The keys will be empty in production mode to avoid performance overhead. 
  at <VDefaultsProvider key="content-defaults" disabled=true defaults= {VIcon: Object} > 
  at <VBtn symbol= Symbol(vuetify:v-tabs) ref=Ref< undefined > class="v-tab"  ... > 
  at <VTab key=0 > 
  at <VSlideGroup centerActive=false scrollToActive=true contentClass=undefined  ... > 
  at <VTabs modelValue=null onUpdate:modelValue=fn bg-color=undefined  ... > 
  at <VCard variant="text" class="lowerBar" > 
  at <MenusLowerBar > 
  at <ClientOnly > 
  at <VApp theme="light" class="auto-text" > 
  at <VResponsive class="border rounded" > 
  at <Default ref=Ref< Proxy(Object) > > 
  at <AsyncComponentWrapper ref=Ref< Proxy(Object) > > 
  at <LayoutLoader key="default" layoutProps= {ref: RefImpl} name="default" > 
  at <NuxtLayoutProvider layoutProps= {ref: RefImpl} key="default" name="default"  ... > 
  at <NuxtLayout > 
  at <App key=4 > 
  at <NuxtRoot> @ http://localhost:3001/_nuxt/@fs/home/meebuzo/github/alternate-framework/apps/ecosystem/meeovi-frontend/node_modules/@sentry/core/build/esm/instrument/console.js?v=cfee6d51:42
[   20582ms] [WARNING] [Vue warn]: Avoid app logic that relies on enumerating keys on a component instance. The keys will be empty in production mode to avoid performance overhead. 
  at <VDefaultsProvider key="content-defaults" disabled=true defaults= {VIcon: Object} > 
  at <VBtn symbol= Symbol(vuetify:v-tabs) ref=Ref< undefined > class="v-tab"  ... > 
  at <VTab key=0 > 
  at <VSlideGroup centerActive=false scrollToActive=true contentClass=undefined  ... > 
  at <VTabs modelValue=null onUpdate:modelValue=fn bg-color=undefined  ... > 
  at <VCard variant="text" class="lowerBar" > 
  at <MenusLowerBar > 
  at <ClientOnly > 
  at <VApp theme="light" class="auto-text" > 
  at <VResponsive class="border rounded" > 
  at <Default ref=Ref< Proxy(Object) > > 
  at <AsyncComponentWrapper ref=Ref< Proxy(Object) > > 
  at <LayoutLoader key="default" layoutProps= {ref: RefImpl} name="default" > 
  at <NuxtLayoutProvider layoutProps= {ref: RefImpl} key="default" name="default"  ... > 
  at <NuxtLayout > 
  at <App key=4 > 
  at <NuxtRoot> @ http://localhost:3001/_nuxt/@fs/home/meebuzo/github/alternate-framework/apps/ecosystem/meeovi-frontend/node_modules/@sentry/core/build/esm/instrument/console.js?v=cfee6d51:42
[   20583ms] [WARNING] [Vue warn]: Avoid app logic that relies on enumerating keys on a component instance. The keys will be empty in production mode to avoid performance overhead. 
  at <VDefaultsProvider key="content-defaults" disabled=true defaults= {VIcon: Object} > 
  at <VBtn symbol= Symbol(vuetify:v-tabs) ref=Ref< undefined > class="v-tab"  ... > 
  at <VTab key=0 > 
  at <VSlideGroup centerActive=false scrollToActive=true contentClass=undefined  ... > 
  at <VTabs modelValue=null onUpdate:modelValue=fn bg-color=undefined  ... > 
  at <VCard variant="text" class="lowerBar" > 
  at <MenusLowerBar > 
  at <ClientOnly > 
  at <VApp theme="light" class="auto-text" > 
  at <VResponsive class="border rounded" > 
  at <Default ref=Ref< Proxy(Object) > > 
  at <AsyncComponentWrapper ref=Ref< Proxy(Object) > > 
  at <LayoutLoader key="default" layoutProps= {ref: RefImpl} name="default" > 
  at <NuxtLayoutProvider layoutProps= {ref: RefImpl} key="default" name="default"  ... > 
  at <NuxtLayout > 
  at <App key=4 > 
  at <NuxtRoot> @ http://localhost:3001/_nuxt/@fs/home/meebuzo/github/alternate-framework/apps/ecosystem/meeovi-frontend/node_modules/@sentry/core/build/esm/instrument/console.js?v=cfee6d51:42
[   20584ms] [WARNING] [Vue warn]: Avoid app logic that relies on enumerating keys on a component instance. The keys will be empty in production mode to avoid performance overhead. 
  at <VDefaultsProvider key="content-defaults" disabled=true defaults= {VIcon: Object} > 
  at <VBtn symbol= Symbol(vuetify:v-tabs) ref=Ref< undefined > class="v-tab"  ... > 
  at <VTab key=0 > 
  at <VSlideGroup centerActive=false scrollToActive=true contentClass=undefined  ... > 
  at <VTabs modelValue=null onUpdate:modelValue=fn bg-color=undefined  ... > 
  at <VCard variant="text" class="lowerBar" > 
  at <MenusLowerBar > 
  at <ClientOnly > 
  at <VApp theme="light" class="auto-text" > 
  at <VResponsive class="border rounded" > 
  at <Default ref=Ref< Proxy(Object) > > 
  at <AsyncComponentWrapper ref=Ref< Proxy(Object) > > 
  at <LayoutLoader key="default" layoutProps= {ref: RefImpl} name="default" > 
  at <NuxtLayoutProvider layoutProps= {ref: RefImpl} key="default" name="default"  ... > 
  at <NuxtLayout > 
  at <App key=4 > 
  at <NuxtRoot> @ http://localhost:3001/_nuxt/@fs/home/meebuzo/github/alternate-framework/apps/ecosystem/meeovi-frontend/node_modules/@sentry/core/build/esm/instrument/console.js?v=cfee6d51:42
[   20585ms] [WARNING] [Vue warn]: Avoid app logic that relies on enumerating keys on a component instance. The keys will be empty in production mode to avoid performance overhead. 
  at <VDefaultsProvider key="content-defaults" disabled=true defaults= {VIcon: Object} > 
  at <VBtn symbol= Symbol(vuetify:v-tabs) ref=Ref< undefined > class="v-tab"  ... > 
  at <VTab key=0 > 
  at <VSlideGroup centerActive=false scrollToActive=true contentClass=undefined  ... > 
  at <VTabs modelValue=null onUpdate:modelValue=fn bg-color=undefined  ... > 
  at <VCard variant="text" class="lowerBar" > 
  at <MenusLowerBar > 
  at <ClientOnly > 
  at <VApp theme="light" class="auto-text" > 
  at <VResponsive class="border rounded" > 
  at <Default ref=Ref< Proxy(Object) > > 
  at <AsyncComponentWrapper ref=Ref< Proxy(Object) > > 
  at <LayoutLoader key="default" layoutProps= {ref: RefImpl} name="default" > 
  at <NuxtLayoutProvider layoutProps= {ref: RefImpl} key="default" name="default"  ... > 
  at <NuxtLayout > 
  at <App key=4 > 
  at <NuxtRoot> @ http://localhost:3001/_nuxt/@fs/home/meebuzo/github/alternate-framework/apps/ecosystem/meeovi-frontend/node_modules/@sentry/core/build/esm/instrument/console.js?v=cfee6d51:42
[   20586ms] [WARNING] [Vue warn]: Avoid app logic that relies on enumerating keys on a component instance. The keys will be empty in production mode to avoid performance overhead. 
  at <VDefaultsProvider key="content-defaults" disabled=true defaults= {VIcon: Object} > 
  at <VBtn symbol= Symbol(vuetify:v-tabs) ref=Ref< undefined > class="v-tab"  ... > 
  at <VTab key=0 > 
  at <VSlideGroup centerActive=false scrollToActive=true contentClass=undefined  ... > 
  at <VTabs modelValue=null onUpdate:modelValue=fn bg-color=undefined  ... > 
  at <VCard variant="text" class="lowerBar" > 
  at <MenusLowerBar > 
  at <ClientOnly > 
  at <VApp theme="light" class="auto-text" > 
  at <VResponsive class="border rounded" > 
  at <Default ref=Ref< Proxy(Object) > > 
  at <AsyncComponentWrapper ref=Ref< Proxy(Object) > > 
  at <LayoutLoader key="default" layoutProps= {ref: RefImpl} name="default" > 
  at <NuxtLayoutProvider layoutProps= {ref: RefImpl} key="default" name="default"  ... > 
  at <NuxtLayout > 
  at <App key=4 > 
  at <NuxtRoot> @ http://localhost:3001/_nuxt/@fs/home/meebuzo/github/alternate-framework/apps/ecosystem/meeovi-frontend/node_modules/@sentry/core/build/esm/instrument/console.js?v=cfee6d51:42
[   20587ms] [WARNING] [Vue warn]: Avoid app logic that relies on enumerating keys on a component instance. The keys will be empty in production mode to avoid performance overhead. 
  at <VDefaultsProvider key="content-defaults" disabled=true defaults= {VIcon: Object} > 
  at <VBtn symbol= Symbol(vuetify:v-tabs) ref=Ref< undefined > class="v-tab"  ... > 
  at <VTab key=0 > 
  at <VSlideGroup centerActive=false scrollToActive=true contentClass=undefined  ... > 
  at <VTabs modelValue=null onUpdate:modelValue=fn bg-color=undefined  ... > 
  at <VCard variant="text" class="lowerBar" > 
  at <MenusLowerBar > 
  at <ClientOnly > 
  at <VApp theme="light" class="auto-text" > 
  at <VResponsive class="border rounded" > 
  at <Default ref=Ref< Proxy(Object) > > 
  at <AsyncComponentWrapper ref=Ref< Proxy(Object) > > 
  at <LayoutLoader key="default" layoutProps= {ref: RefImpl} name="default" > 
  at <NuxtLayoutProvider layoutProps= {ref: RefImpl} key="default" name="default"  ... > 
  at <NuxtLayout > 
  at <App key=4 > 
  at <NuxtRoot> @ http://localhost:3001/_nuxt/@fs/home/meebuzo/github/alternate-framework/apps/ecosystem/meeovi-frontend/node_modules/@sentry/core/build/esm/instrument/console.js?v=cfee6d51:42
[   20589ms] [WARNING] [Vue warn]: Avoid app logic that relies on enumerating keys on a component instance. The keys will be empty in production mode to avoid performance overhead. 
  at <VDefaultsProvider key="content-defaults" disabled=true defaults= {VIcon: Object} > 
  at <VBtn symbol= Symbol(vuetify:v-tabs) ref=Ref< undefined > class="v-tab"  ... > 
  at <VTab key=0 > 
  at <VSlideGroup centerActive=false scrollToActive=true contentClass=undefined  ... > 
  at <VTabs modelValue=null onUpdate:modelValue=fn bg-color=undefined  ... > 
  at <VCard variant="text" class="lowerBar" > 
  at <MenusLowerBar > 
  at <ClientOnly > 
  at <VApp theme="light" class="auto-text" > 
  at <VResponsive class="border rounded" > 
  at <Default ref=Ref< Proxy(Object) > > 
  at <AsyncComponentWrapper ref=Ref< Proxy(Object) > > 
  at <LayoutLoader key="default" layoutProps= {ref: RefImpl} name="default" > 
  at <NuxtLayoutProvider layoutProps= {ref: RefImpl} key="default" name="default"  ... > 
  at <NuxtLayout > 
  at <App key=4 > 
  at <NuxtRoot> @ http://localhost:3001/_nuxt/@fs/home/meebuzo/github/alternate-framework/apps/ecosystem/meeovi-frontend/node_modules/@sentry/core/build/esm/instrument/console.js?v=cfee6d51:42
[   20591ms] [WARNING] [Vue warn]: Avoid app logic that relies on enumerating keys on a component instance. The keys will be empty in production mode to avoid performance overhead. 
  at <VDefaultsProvider key="content-defaults" disabled=true defaults= {VIcon: Object} > 
  at <VBtn symbol= Symbol(vuetify:v-tabs) ref=Ref< undefined > class="v-tab"  ... > 
  at <VTab key=0 > 
  at <VSlideGroup centerActive=false scrollToActive=true contentClass=undefined  ... > 
  at <VTabs modelValue=null onUpdate:modelValue=fn bg-color=undefined  ... > 
  at <VCard variant="text" class="lowerBar" > 
  at <MenusLowerBar > 
  at <ClientOnly > 
  at <VApp theme="light" class="auto-text" > 
  at <VResponsive class="border rounded" > 
  at <Default ref=Ref< Proxy(Object) > > 
  at <AsyncComponentWrapper ref=Ref< Proxy(Object) > > 
  at <LayoutLoader key="default" layoutProps= {ref: RefImpl} name="default" > 
  at <NuxtLayoutProvider layoutProps= {ref: RefImpl} key="default" name="default"  ... > 
  at <NuxtLayout > 
  at <App key=4 > 
  at <NuxtRoot> @ http://localhost:3001/_nuxt/@fs/home/meebuzo/github/alternate-framework/apps/ecosystem/meeovi-frontend/node_modules/@sentry/core/build/esm/instrument/console.js?v=cfee6d51:42
[   20592ms] [WARNING] [Vue warn]: Avoid app logic that relies on enumerating keys on a component instance. The keys will be empty in production mode to avoid performance overhead. 
  at <VDefaultsProvider key="content-defaults" disabled=true defaults= {VIcon: Object} > 
  at <VBtn symbol= Symbol(vuetify:v-tabs) ref=Ref< undefined > class="v-tab"  ... > 
  at <VTab key=0 > 
  at <VSlideGroup centerActive=false scrollToActive=true contentClass=undefined  ... > 
  at <VTabs modelValue=null onUpdate:modelValue=fn bg-color=undefined  ... > 
  at <VCard variant="text" class="lowerBar" > 
  at <MenusLowerBar > 
  at <ClientOnly > 
  at <VApp theme="light" class="auto-text" > 
  at <VResponsive class="border rounded" > 
  at <Default ref=Ref< Proxy(Object) > > 
  at <AsyncComponentWrapper ref=Ref< Proxy(Object) > > 
  at <LayoutLoader key="default" layoutProps= {ref: RefImpl} name="default" > 
  at <NuxtLayoutProvider layoutProps= {ref: RefImpl} key="default" name="default"  ... > 
  at <NuxtLayout > 
  at <App key=4 > 
  at <NuxtRoot> @ http://localhost:3001/_nuxt/@fs/home/meebuzo/github/alternate-framework/apps/ecosystem/meeovi-frontend/node_modules/@sentry/core/build/esm/instrument/console.js?v=cfee6d51:42
[   20593ms] [WARNING] [Vue warn]: Avoid app logic that relies on enumerating keys on a component instance. The keys will be empty in production mode to avoid performance overhead. 
  at <VDefaultsProvider key="content-defaults" disabled=true defaults= {VIcon: Object} > 
  at <VBtn symbol= Symbol(vuetify:v-tabs) ref=Ref< undefined > class="v-tab"  ... > 
  at <VTab key=0 > 
  at <VSlideGroup centerActive=false scrollToActive=true contentClass=undefined  ... > 
  at <VTabs modelValue=null onUpdate:modelValue=fn bg-color=undefined  ... > 
  at <VCard variant="text" class="lowerBar" > 
  at <MenusLowerBar > 
  at <ClientOnly > 
  at <VApp theme="light" class="auto-text" > 
  at <VResponsive class="border rounded" > 
  at <Default ref=Ref< Proxy(Object) > > 
  at <AsyncComponentWrapper ref=Ref< Proxy(Object) > > 
  at <LayoutLoader key="default" layoutProps= {ref: RefImpl} name="default" > 
  at <NuxtLayoutProvider layoutProps= {ref: RefImpl} key="default" name="default"  ... > 
  at <NuxtLayout > 
  at <App key=4 > 
  at <NuxtRoot> @ http://localhost:3001/_nuxt/@fs/home/meebuzo/github/alternate-framework/apps/ecosystem/meeovi-frontend/node_modules/@sentry/core/build/esm/instrument/console.js?v=cfee6d51:42
[   20594ms] [WARNING] [Vue warn]: Avoid app logic that relies on enumerating keys on a component instance. The keys will be empty in production mode to avoid performance overhead. 
  at <VDefaultsProvider key="content-defaults" disabled=true defaults= {VIcon: Object} > 
  at <VBtn symbol= Symbol(vuetify:v-tabs) ref=Ref< undefined > class="v-tab"  ... > 
  at <VTab key=0 > 
  at <VSlideGroup centerActive=false scrollToActive=true contentClass=undefined  ... > 
  at <VTabs modelValue=null onUpdate:modelValue=fn bg-color=undefined  ... > 
  at <VCard variant="text" class="lowerBar" > 
  at <MenusLowerBar > 
  at <ClientOnly > 
  at <VApp theme="light" class="auto-text" > 
  at <VResponsive class="border rounded" > 
  at <Default ref=Ref< Proxy(Object) > > 
  at <AsyncComponentWrapper ref=Ref< Proxy(Object) > > 
  at <LayoutLoader key="default" layoutProps= {ref: RefImpl} name="default" > 
  at <NuxtLayoutProvider layoutProps= {ref: RefImpl} key="default" name="default"  ... > 
  at <NuxtLayout > 
  at <App key=4 > 
  at <NuxtRoot> @ http://localhost:3001/_nuxt/@fs/home/meebuzo/github/alternate-framework/apps/ecosystem/meeovi-frontend/node_modules/@sentry/core/build/esm/instrument/console.js?v=cfee6d51:42
[   20595ms] [WARNING] [Vue warn]: Avoid app logic that relies on enumerating keys on a component instance. The keys will be empty in production mode to avoid performance overhead. 
  at <VDefaultsProvider key="content-defaults" disabled=true defaults= {VIcon: Object} > 
  at <VBtn symbol= Symbol(vuetify:v-tabs) ref=Ref< undefined > class="v-tab"  ... > 
  at <VTab key=0 > 
  at <VSlideGroup centerActive=false scrollToActive=true contentClass=undefined  ... > 
  at <VTabs modelValue=null onUpdate:modelValue=fn bg-color=undefined  ... > 
  at <VCard variant="text" class="lowerBar" > 
  at <MenusLowerBar > 
  at <ClientOnly > 
  at <VApp theme="light" class="auto-text" > 
  at <VResponsive class="border rounded" > 
  at <Default ref=Ref< Proxy(Object) > > 
  at <AsyncComponentWrapper ref=Ref< Proxy(Object) > > 
  at <LayoutLoader key="default" layoutProps= {ref: RefImpl} name="default" > 
  at <NuxtLayoutProvider layoutProps= {ref: RefImpl} key="default" name="default"  ... > 
  at <NuxtLayout > 
  at <App key=4 > 
  at <NuxtRoot> @ http://localhost:3001/_nuxt/@fs/home/meebuzo/github/alternate-framework/apps/ecosystem/meeovi-frontend/node_modules/@sentry/core/build/esm/instrument/console.js?v=cfee6d51:42
[   20596ms] [WARNING] [Vue warn]: Avoid app logic that relies on enumerating keys on a component instance. The keys will be empty in production mode to avoid performance overhead. 
  at <VDefaultsProvider key="content-defaults" disabled=true defaults= {VIcon: Object} > 
  at <VBtn symbol= Symbol(vuetify:v-tabs) ref=Ref< undefined > class="v-tab"  ... > 
  at <VTab key=0 > 
  at <VSlideGroup centerActive=false scrollToActive=true contentClass=undefined  ... > 
  at <VTabs modelValue=null onUpdate:modelValue=fn bg-color=undefined  ... > 
  at <VCard variant="text" class="lowerBar" > 
  at <MenusLowerBar > 
  at <ClientOnly > 
  at <VApp theme="light" class="auto-text" > 
  at <VResponsive class="border rounded" > 
  at <Default ref=Ref< Proxy(Object) > > 
  at <AsyncComponentWrapper ref=Ref< Proxy(Object) > > 
  at <LayoutLoader key="default" layoutProps= {ref: RefImpl} name="default" > 
  at <NuxtLayoutProvider layoutProps= {ref: RefImpl} key="default" name="default"  ... > 
  at <NuxtLayout > 
  at <App key=4 > 
  at <NuxtRoot> @ http://localhost:3001/_nuxt/@fs/home/meebuzo/github/alternate-framework/apps/ecosystem/meeovi-frontend/node_modules/@sentry/core/build/esm/instrument/console.js?v=cfee6d51:42
[   20597ms] [WARNING] [Vue warn]: Avoid app logic that relies on enumerating keys on a component instance. The keys will be empty in production mode to avoid performance overhead. 
  at <VDefaultsProvider key="content-defaults" disabled=true defaults= {VIcon: Object} > 
  at <VBtn symbol= Symbol(vuetify:v-tabs) ref=Ref< undefined > class="v-tab"  ... > 
  at <VTab key=0 > 
  at <VSlideGroup centerActive=false scrollToActive=true contentClass=undefined  ... > 
  at <VTabs modelValue=null onUpdate:modelValue=fn bg-color=undefined  ... > 
  at <VCard variant="text" class="lowerBar" > 
  at <MenusLowerBar > 
  at <ClientOnly > 
  at <VApp theme="light" class="auto-text" > 
  at <VResponsive class="border rounded" > 
  at <Default ref=Ref< Proxy(Object) > > 
  at <AsyncComponentWrapper ref=Ref< Proxy(Object) > > 
  at <LayoutLoader key="default" layoutProps= {ref: RefImpl} name="default" > 
  at <NuxtLayoutProvider layoutProps= {ref: RefImpl} key="default" name="default"  ... > 
  at <NuxtLayout > 
  at <App key=4 > 
  at <NuxtRoot> @ http://localhost:3001/_nuxt/@fs/home/meebuzo/github/alternate-framework/apps/ecosystem/meeovi-frontend/node_modules/@sentry/core/build/esm/instrument/console.js?v=cfee6d51:42
[   20599ms] [WARNING] [Vue warn]: Avoid app logic that relies on enumerating keys on a component instance. The keys will be empty in production mode to avoid performance overhead. 
  at <VDefaultsProvider key="content-defaults" disabled=true defaults= {VIcon: Object} > 
  at <VBtn symbol= Symbol(vuetify:v-tabs) ref=Ref< undefined > class="v-tab"  ... > 
  at <VTab key=0 > 
  at <VSlideGroup centerActive=false scrollToActive=true contentClass=undefined  ... > 
  at <VTabs modelValue=null onUpdate:modelValue=fn bg-color=undefined  ... > 
  at <VCard variant="text" class="lowerBar" > 
  at <MenusLowerBar > 
  at <ClientOnly > 
  at <VApp theme="light" class="auto-text" > 
  at <VResponsive class="border rounded" > 
  at <Default ref=Ref< Proxy(Object) > > 
  at <AsyncComponentWrapper ref=Ref< Proxy(Object) > > 
  at <LayoutLoader key="default" layoutProps= {ref: RefImpl} name="default" > 
  at <NuxtLayoutProvider layoutProps= {ref: RefImpl} key="default" name="default"  ... > 
  at <NuxtLayout > 
  at <App key=4 > 
  at <NuxtRoot> @ http://localhost:3001/_nuxt/@fs/home/meebuzo/github/alternate-framework/apps/ecosystem/meeovi-frontend/node_modules/@sentry/core/build/esm/instrument/console.js?v=cfee6d51:42
[   20599ms] [WARNING] [Vue warn]: Avoid app logic that relies on enumerating keys on a component instance. The keys will be empty in production mode to avoid performance overhead. 
  at <VDefaultsProvider key="content-defaults" disabled=true defaults= {VIcon: Object} > 
  at <VBtn symbol= Symbol(vuetify:v-tabs) ref=Ref< undefined > class="v-tab"  ... > 
  at <VTab key=0 > 
  at <VSlideGroup centerActive=false scrollToActive=true contentClass=undefined  ... > 
  at <VTabs modelValue=null onUpdate:modelValue=fn bg-color=undefined  ... > 
  at <VCard variant="text" class="lowerBar" > 
  at <MenusLowerBar > 
  at <ClientOnly > 
  at <VApp theme="light" class="auto-text" > 
  at <VResponsive class="border rounded" > 
  at <Default ref=Ref< Proxy(Object) > > 
  at <AsyncComponentWrapper ref=Ref< Proxy(Object) > > 
  at <LayoutLoader key="default" layoutProps= {ref: RefImpl} name="default" > 
  at <NuxtLayoutProvider layoutProps= {ref: RefImpl} key="default" name="default"  ... > 
  at <NuxtLayout > 
  at <App key=4 > 
  at <NuxtRoot> @ http://localhost:3001/_nuxt/@fs/home/meebuzo/github/alternate-framework/apps/ecosystem/meeovi-frontend/node_modules/@sentry/core/build/esm/instrument/console.js?v=cfee6d51:42
[   20601ms] [WARNING] [Vue warn]: Avoid app logic that relies on enumerating keys on a component instance. The keys will be empty in production mode to avoid performance overhead. 
  at <VDefaultsProvider key="content-defaults" disabled=true defaults= {VIcon: Object} > 
  at <VBtn symbol= Symbol(vuetify:v-tabs) ref=Ref< undefined > class="v-tab"  ... > 
  at <VTab key=0 > 
  at <VSlideGroup centerActive=false scrollToActive=true contentClass=undefined  ... > 
  at <VTabs modelValue=null onUpdate:modelValue=fn bg-color=undefined  ... > 
  at <VCard variant="text" class="lowerBar" > 
  at <MenusLowerBar > 
  at <ClientOnly > 
  at <VApp theme="light" class="auto-text" > 
  at <VResponsive class="border rounded" > 
  at <Default ref=Ref< Proxy(Object) > > 
  at <AsyncComponentWrapper ref=Ref< Proxy(Object) > > 
  at <LayoutLoader key="default" layoutProps= {ref: RefImpl} name="default" > 
  at <NuxtLayoutProvider layoutProps= {ref: RefImpl} key="default" name="default"  ... > 
  at <NuxtLayout > 
  at <App key=4 > 
  at <NuxtRoot> @ http://localhost:3001/_nuxt/@fs/home/meebuzo/github/alternate-framework/apps/ecosystem/meeovi-frontend/node_modules/@sentry/core/build/esm/instrument/console.js?v=cfee6d51:42
[   20602ms] [WARNING] [Vue warn]: Avoid app logic that relies on enumerating keys on a component instance. The keys will be empty in production mode to avoid performance overhead. 
  at <VDefaultsProvider key="content-defaults" disabled=true defaults= {VIcon: Object} > 
  at <VBtn symbol= Symbol(vuetify:v-tabs) ref=Ref< undefined > class="v-tab"  ... > 
  at <VTab key=0 > 
  at <VSlideGroup centerActive=false scrollToActive=true contentClass=undefined  ... > 
  at <VTabs modelValue=null onUpdate:modelValue=fn bg-color=undefined  ... > 
  at <VCard variant="text" class="lowerBar" > 
  at <MenusLowerBar > 
  at <ClientOnly > 
  at <VApp theme="light" class="auto-text" > 
  at <VResponsive class="border rounded" > 
  at <Default ref=Ref< Proxy(Object) > > 
  at <AsyncComponentWrapper ref=Ref< Proxy(Object) > > 
  at <LayoutLoader key="default" layoutProps= {ref: RefImpl} name="default" > 
  at <NuxtLayoutProvider layoutProps= {ref: RefImpl} key="default" name="default"  ... > 
  at <NuxtLayout > 
  at <App key=4 > 
  at <NuxtRoot> @ http://localhost:3001/_nuxt/@fs/home/meebuzo/github/alternate-framework/apps/ecosystem/meeovi-frontend/node_modules/@sentry/core/build/esm/instrument/console.js?v=cfee6d51:42
[   20603ms] [WARNING] [Vue warn]: Avoid app logic that relies on enumerating keys on a component instance. The keys will be empty in production mode to avoid performance overhead. 
  at <VDefaultsProvider key="content-defaults" disabled=true defaults= {VIcon: Object} > 
  at <VBtn symbol= Symbol(vuetify:v-tabs) ref=Ref< undefined > class="v-tab"  ... > 
  at <VTab key=0 > 
  at <VSlideGroup centerActive=false scrollToActive=true contentClass=undefined  ... > 
  at <VTabs modelValue=null onUpdate:modelValue=fn bg-color=undefined  ... > 
  at <VCard variant="text" class="lowerBar" > 
  at <MenusLowerBar > 
  at <ClientOnly > 
  at <VApp theme="light" class="auto-text" > 
  at <VResponsive class="border rounded" > 
  at <Default ref=Ref< Proxy(Object) > > 
  at <AsyncComponentWrapper ref=Ref< Proxy(Object) > > 
  at <LayoutLoader key="default" layoutProps= {ref: RefImpl} name="default" > 
  at <NuxtLayoutProvider layoutProps= {ref: RefImpl} key="default" name="default"  ... > 
  at <NuxtLayout > 
  at <App key=4 > 
  at <NuxtRoot> @ http://localhost:3001/_nuxt/@fs/home/meebuzo/github/alternate-framework/apps/ecosystem/meeovi-frontend/node_modules/@sentry/core/build/esm/instrument/console.js?v=cfee6d51:42
[   20604ms] [WARNING] [Vue warn]: Avoid app logic that relies on enumerating keys on a component instance. The keys will be empty in production mode to avoid performance overhead. 
  at <VDefaultsProvider key="content-defaults" disabled=true defaults= {VIcon: Object} > 
  at <VBtn symbol= Symbol(vuetify:v-tabs) ref=Ref< undefined > class="v-tab"  ... > 
  at <VTab key=0 > 
  at <VSlideGroup centerActive=false scrollToActive=true contentClass=undefined  ... > 
  at <VTabs modelValue=null onUpdate:modelValue=fn bg-color=undefined  ... > 
  at <VCard variant="text" class="lowerBar" > 
  at <MenusLowerBar > 
  at <ClientOnly > 
  at <VApp theme="light" class="auto-text" > 
  at <VResponsive class="border rounded" > 
  at <Default ref=Ref< Proxy(Object) > > 
  at <AsyncComponentWrapper ref=Ref< Proxy(Object) > > 
  at <LayoutLoader key="default" layoutProps= {ref: RefImpl} name="default" > 
  at <NuxtLayoutProvider layoutProps= {ref: RefImpl} key="default" name="default"  ... > 
  at <NuxtLayout > 
  at <App key=4 > 
  at <NuxtRoot> @ http://localhost:3001/_nuxt/@fs/home/meebuzo/github/alternate-framework/apps/ecosystem/meeovi-frontend/node_modules/@sentry/core/build/esm/instrument/console.js?v=cfee6d51:42
[   20605ms] [WARNING] [Vue warn]: Avoid app logic that relies on enumerating keys on a component instance. The keys will be empty in production mode to avoid performance overhead. 
  at <VDefaultsProvider key="content-defaults" disabled=true defaults= {VIcon: Object} > 
  at <VBtn symbol= Symbol(vuetify:v-tabs) ref=Ref< undefined > class="v-tab"  ... > 
  at <VTab key=0 > 
  at <VSlideGroup centerActive=false scrollToActive=true contentClass=undefined  ... > 
  at <VTabs modelValue=null onUpdate:modelValue=fn bg-color=undefined  ... > 
  at <VCard variant="text" class="lowerBar" > 
  at <MenusLowerBar > 
  at <ClientOnly > 
  at <VApp theme="light" class="auto-text" > 
  at <VResponsive class="border rounded" > 
  at <Default ref=Ref< Proxy(Object) > > 
  at <AsyncComponentWrapper ref=Ref< Proxy(Object) > > 
  at <LayoutLoader key="default" layoutProps= {ref: RefImpl} name="default" > 
  at <NuxtLayoutProvider layoutProps= {ref: RefImpl} key="default" name="default"  ... > 
  at <NuxtLayout > 
  at <App key=4 > 
  at <NuxtRoot> @ http://localhost:3001/_nuxt/@fs/home/meebuzo/github/alternate-framework/apps/ecosystem/meeovi-frontend/node_modules/@sentry/core/build/esm/instrument/console.js?v=cfee6d51:42
[   20607ms] [WARNING] [Vue warn]: Avoid app logic that relies on enumerating keys on a component instance. The keys will be empty in production mode to avoid performance overhead. 
  at <VDefaultsProvider key="content-defaults" disabled=true defaults= {VIcon: Object} > 
  at <VBtn symbol= Symbol(vuetify:v-tabs) ref=Ref< undefined > class="v-tab"  ... > 
  at <VTab key=0 > 
  at <VSlideGroup centerActive=false scrollToActive=true contentClass=undefined  ... > 
  at <VTabs modelValue=null onUpdate:modelValue=fn bg-color=undefined  ... > 
  at <VCard variant="text" class="lowerBar" > 
  at <MenusLowerBar > 
  at <ClientOnly > 
  at <VApp theme="light" class="auto-text" > 
  at <VResponsive class="border rounded" > 
  at <Default ref=Ref< Proxy(Object) > > 
  at <AsyncComponentWrapper ref=Ref< Proxy(Object) > > 
  at <LayoutLoader key="default" layoutProps= {ref: RefImpl} name="default" > 
  at <NuxtLayoutProvider layoutProps= {ref: RefImpl} key="default" name="default"  ... > 
  at <NuxtLayout > 
  at <App key=4 > 
  at <NuxtRoot> @ http://localhost:3001/_nuxt/@fs/home/meebuzo/github/alternate-framework/apps/ecosystem/meeovi-frontend/node_modules/@sentry/core/build/esm/instrument/console.js?v=cfee6d51:42
[   20608ms] [WARNING] [Vue warn]: Avoid app logic that relies on enumerating keys on a component instance. The keys will be empty in production mode to avoid performance overhead. 
  at <VDefaultsProvider key="content-defaults" disabled=true defaults= {VIcon: Object} > 
  at <VBtn symbol= Symbol(vuetify:v-tabs) ref=Ref< undefined > class="v-tab"  ... > 
  at <VTab key=0 > 
  at <VSlideGroup centerActive=false scrollToActive=true contentClass=undefined  ... > 
  at <VTabs modelValue=null onUpdate:modelValue=fn bg-color=undefined  ... > 
  at <VCard variant="text" class="lowerBar" > 
  at <MenusLowerBar > 
  at <ClientOnly > 
  at <VApp theme="light" class="auto-text" > 
  at <VResponsive class="border rounded" > 
  at <Default ref=Ref< Proxy(Object) > > 
  at <AsyncComponentWrapper ref=Ref< Proxy(Object) > > 
  at <LayoutLoader key="default" layoutProps= {ref: RefImpl} name="default" > 
  at <NuxtLayoutProvider layoutProps= {ref: RefImpl} key="default" name="default"  ... > 
  at <NuxtLayout > 
  at <App key=4 > 
  at <NuxtRoot> @ http://localhost:3001/_nuxt/@fs/home/meebuzo/github/alternate-framework/apps/ecosystem/meeovi-frontend/node_modules/@sentry/core/build/esm/instrument/console.js?v=cfee6d51:42
[   20609ms] [WARNING] [Vue warn]: Avoid app logic that relies on enumerating keys on a component instance. The keys will be empty in production mode to avoid performance overhead. 
  at <VDefaultsProvider key="content-defaults" disabled=true defaults= {VIcon: Object} > 
  at <VBtn symbol= Symbol(vuetify:v-tabs) ref=Ref< undefined > class="v-tab"  ... > 
  at <VTab key=0 > 
  at <VSlideGroup centerActive=false scrollToActive=true contentClass=undefined  ... > 
  at <VTabs modelValue=null onUpdate:modelValue=fn bg-color=undefined  ... > 
  at <VCard variant="text" class="lowerBar" > 
  at <MenusLowerBar > 
  at <ClientOnly > 
  at <VApp theme="light" class="auto-text" > 
  at <VResponsive class="border rounded" > 
  at <Default ref=Ref< Proxy(Object) > > 
  at <AsyncComponentWrapper ref=Ref< Proxy(Object) > > 
  at <LayoutLoader key="default" layoutProps= {ref: RefImpl} name="default" > 
  at <NuxtLayoutProvider layoutProps= {ref: RefImpl} key="default" name="default"  ... > 
  at <NuxtLayout > 
  at <App key=4 > 
  at <NuxtRoot> @ http://localhost:3001/_nuxt/@fs/home/meebuzo/github/alternate-framework/apps/ecosystem/meeovi-frontend/node_modules/@sentry/core/build/esm/instrument/console.js?v=cfee6d51:42
[   20611ms] [WARNING] [Vue warn]: Avoid app logic that relies on enumerating keys on a component instance. The keys will be empty in production mode to avoid performance overhead. 
  at <VDefaultsProvider key="content-defaults" disabled=true defaults= {VIcon: Object} > 
  at <VBtn symbol= Symbol(vuetify:v-tabs) ref=Ref< undefined > class="v-tab"  ... > 
  at <VTab key=0 > 
  at <VSlideGroup centerActive=false scrollToActive=true contentClass=undefined  ... > 
  at <VTabs modelValue=null onUpdate:modelValue=fn bg-color=undefined  ... > 
  at <VCard variant="text" class="lowerBar" > 
  at <MenusLowerBar > 
  at <ClientOnly > 
  at <VApp theme="light" class="auto-text" > 
  at <VResponsive class="border rounded" > 
  at <Default ref=Ref< Proxy(Object) > > 
  at <AsyncComponentWrapper ref=Ref< Proxy(Object) > > 
  at <LayoutLoader key="default" layoutProps= {ref: RefImpl} name="default" > 
  at <NuxtLayoutProvider layoutProps= {ref: RefImpl} key="default" name="default"  ... > 
  at <NuxtLayout > 
  at <App key=4 > 
  at <NuxtRoot> @ http://localhost:3001/_nuxt/@fs/home/meebuzo/github/alternate-framework/apps/ecosystem/meeovi-frontend/node_modules/@sentry/core/build/esm/instrument/console.js?v=cfee6d51:42
[   20616ms] [ERROR] Connecting to 'https://o996770.ingest.us.sentry.io/api/5955273/envelope/?sentry_version=7&sentry_key=df1b90fab7c44ce8aef097a63b468d61&sentry_client=sentry.javascript.nuxt%2F10.63.0' violates the following Content Security Policy directive: "connect-src 'self' https://*.mux.com". The action has been blocked. @ http://localhost:3001/_nuxt/@fs/home/meebuzo/github/alternate-framework/apps/ecosystem/meeovi-frontend/node_modules/@sentry/browser/build/npm/esm/dev/transports/fetch.js?v=cfee6d51:31
[   20617ms] [ERROR] Fetch API cannot load https://o996770.ingest.us.sentry.io/api/5955273/envelope/?sentry_version=7&sentry_key=df1b90fab7c44ce8aef097a63b468d61&sentry_client=sentry.javascript.nuxt%2F10.63.0. Refused to connect because it violates the document's Content Security Policy. @ http://localhost:3001/_nuxt/@fs/home/meebuzo/github/alternate-framework/apps/ecosystem/meeovi-frontend/node_modules/@sentry/browser/build/npm/esm/dev/transports/fetch.js?v=cfee6d51:31
[   22007ms] TypeError: Cannot convert object to primitive value
    at String (<anonymous>)
    at toDisplayString (http://localhost:3001/_nuxt/@fs/home/meebuzo/github/alternate-framework/apps/ecosystem/meeovi-frontend/node_modules/@vue/shared/dist/shared.esm-bundler.js?v=cfee6d51:471:226)
    at http://localhost:3001/_nuxt/components/menus/LowerBar.vue:89:91
    at Proxy.renderFnWithContext (http://localhost:3001/_nuxt/@fs/home/meebuzo/github/alternate-framework/apps/ecosystem/meeovi-frontend/node_modules/@vue/runtime-core/dist/runtime-core.esm-bundler.js?v=cfee6d51:709:13)
    at default (http://localhost:3001/_nuxt/@fs/home/meebuzo/github/alternate-framework/node_modules/vuetify/lib/components/VTabs/VTab.js?v=cfee6d51:125:77)
    at http://localhost:3001/_nuxt/@fs/home/meebuzo/github/alternate-framework/apps/ecosystem/meeovi-frontend/node_modules/@vue/runtime-core/dist/runtime-core.esm-bundler.js?v=cfee6d51:5325:31
    at Proxy.renderFnWithContext (http://localhost:3001/_nuxt/@fs/home/meebuzo/github/alternate-framework/apps/ecosystem/meeovi-frontend/node_modules/@vue/runtime-core/dist/runtime-core.esm-bundler.js?v=cfee6d51:709:13)
    at default (http://localhost:3001/_nuxt/@fs/home/meebuzo/github/alternate-framework/node_modules/vuetify/lib/components/VBtn/VBtn.js?v=cfee6d51:217:42)
    at http://localhost:3001/_nuxt/@fs/home/meebuzo/github/alternate-framework/apps/ecosystem/meeovi-frontend/node_modules/@vue/runtime-core/dist/runtime-core.esm-bundler.js?v=cfee6d51:5325:31
    at Proxy.renderFnWithContext (http://localhost:3001/_nuxt/@fs/home/meebuzo/github/alternate-framework/apps/ecosystem/meeovi-frontend/node_modules/@vue/runtime-core/dist/runtime-core.esm-bundler.js?v=cfee6d51:709:13)
    at Proxy.<anonymous> (http://localhost:3001/_nuxt/@fs/home/meebuzo/github/alternate-framework/node_modules/vuetify/lib/components/VDefaultsProvider/VDefaultsProvider.js?v=cfee6d51:31:33)
    at renderComponentRoot (http://localhost:3001/_nuxt/@fs/home/meebuzo/github/alternate-framework/apps/ecosystem/meeovi-frontend/node_modules/@vue/runtime-core/dist/runtime-core.esm-bundler.js?v=cfee6d51:4628:16)
    at ReactiveEffect.componentUpdateFn [as fn] (http://localhost:3001/_nuxt/@fs/home/meebuzo/github/alternate-framework/apps/ecosystem/meeovi-frontend/node_modules/@vue/runtime-core/dist/runtime-core.esm-bundler.js?v=cfee6d51:6206:46)
    at ReactiveEffect.run (http://localhost:3001/_nuxt/@fs/home/meebuzo/github/alternate-framework/apps/ecosystem/meeovi-frontend/node_modules/@vue/reactivity/dist/reactivity.esm-bundler.js?v=cfee6d51:230:19)
    at setupRenderEffect (http://localhost:3001/_nuxt/@fs/home/meebuzo/github/alternate-framework/apps/ecosystem/meeovi-frontend/node_modules/@vue/runtime-core/dist/runtime-core.esm-bundler.js?v=cfee6d51:6341:5)
    at mountComponent (http://localhost:3001/_nuxt/@fs/home/meebuzo/github/alternate-framework/apps/ecosystem/meeovi-frontend/node_modules/@vue/runtime-core/dist/runtime-core.esm-bundler.js?v=cfee6d51:6113:7)
    at processComponent (http://localhost:3001/_nuxt/@fs/home/meebuzo/github/alternate-framework/apps/ecosystem/meeovi-frontend/node_modules/@vue/runtime-core/dist/runtime-core.esm-bundler.js?v=cfee6d51:6065:9)
    at patch (http://localhost:3001/_nuxt/@fs/home/meebuzo/github/alternate-framework/apps/ecosystem/meeovi-frontend/node_modules/@vue/runtime-core/dist/runtime-core.esm-bundler.js?v=cfee6d51:5557:11)
    at mountChildren (http://localhost:3001/_nuxt/@fs/home/meebuzo/github/alternate-framework/apps/ecosystem/meeovi-frontend/node_modules/@vue/runtime-core/dist/runtime-core.esm-bundler.js?v=cfee6d51:5808:7)
    at mountElement (http://localhost:3001/_nuxt/@fs/home/meebuzo/github/alternate-framework/apps/ecosystem/meeovi-frontend/node_modules/@vue/runtime-core/dist/runtime-core.esm-bundler.js?v=cfee6d51:5724:7)
    at processElement (http://localhost:3001/_nuxt/@fs/home/meebuzo/github/alternate-framework/apps/ecosystem/meeovi-frontend/node_modules/@vue/runtime-core/dist/runtime-core.esm-bundler.js?v=cfee6d51:5679:7)
    at patch (http://localhost:3001/_nuxt/@fs/home/meebuzo/github/alternate-framework/apps/ecosystem/meeovi-frontend/node_modules/@vue/runtime-core/dist/runtime-core.esm-bundler.js?v=cfee6d51:5545:11)
    at mountChildren (http://localhost:3001/_nuxt/@fs/home/meebuzo/github/alternate-framework/apps/ecosystem/meeovi-frontend/node_modules/@vue/runtime-core/dist/runtime-core.esm-bundler.js?v=cfee6d51:5808:7)
    at mountElement (http://localhost:3001/_nuxt/@fs/home/meebuzo/github/alternate-framework/apps/ecosystem/meeovi-frontend/node_modules/@vue/runtime-core/dist/runtime-core.esm-bundler.js?v=cfee6d51:5724:7)
    at processElement (http://localhost:3001/_nuxt/@fs/home/meebuzo/github/alternate-framework/apps/ecosystem/meeovi-frontend/node_modules/@vue/runtime-core/dist/runtime-core.esm-bundler.js?v=cfee6d51:5679:7)
    at patch (http://localhost:3001/_nuxt/@fs/home/meebuzo/github/alternate-framework/apps/ecosystem/meeovi-frontend/node_modules/@vue/runtime-core/dist/runtime-core.esm-bundler.js?v=cfee6d51:5545:11)
    at ReactiveEffect.componentUpdateFn [as fn] (http://localhost:3001/_nuxt/@fs/home/meebuzo/github/alternate-framework/apps/ecosystem/meeovi-frontend/node_modules/@vue/runtime-core/dist/runtime-core.esm-bundler.js?v=cfee6d51:6213:11)
    at ReactiveEffect.run (http://localhost:3001/_nuxt/@fs/home/meebuzo/github/alternate-framework/apps/ecosystem/meeovi-frontend/node_modules/@vue/reactivity/dist/reactivity.esm-bundler.js?v=cfee6d51:230:19)
    at setupRenderEffect (http://localhost:3001/_nuxt/@fs/home/meebuzo/github/alternate-framework/apps/ecosystem/meeovi-frontend/node_modules/@vue/runtime-core/dist/runtime-core.esm-bundler.js?v=cfee6d51:6341:5)
    at mountComponent (http://localhost:3001/_nuxt/@fs/home/meebuzo/github/alternate-framework/apps/ecosystem/meeovi-frontend/node_modules/@vue/runtime-core/dist/runtime-core.esm-bundler.js?v=cfee6d51:6113:7)
    at processComponent (http://localhost:3001/_nuxt/@fs/home/meebuzo/github/alternate-framework/apps/ecosystem/meeovi-frontend/node_modules/@vue/runtime-core/dist/runtime-core.esm-bundler.js?v=cfee6d51:6065:9)
    at patch (http://localhost:3001/_nuxt/@fs/home/meebuzo/github/alternate-framework/apps/ecosystem/meeovi-frontend/node_modules/@vue/runtime-core/dist/runtime-core.esm-bundler.js?v=cfee6d51:5557:11)
    at ReactiveEffect.componentUpdateFn [as fn] (http://localhost:3001/_nuxt/@fs/home/meebuzo/github/alternate-framework/apps/ecosystem/meeovi-frontend/node_modules/@vue/runtime-core/dist/runtime-core.esm-bundler.js?v=cfee6d51:6213:11)
    at ReactiveEffect.run (http://localhost:3001/_nuxt/@fs/home/meebuzo/github/alternate-framework/apps/ecosystem/meeovi-frontend/node_modules/@vue/reactivity/dist/reactivity.esm-bundler.js?v=cfee6d51:230:19)
    at setupRenderEffect (http://localhost:3001/_nuxt/@fs/home/meebuzo/github/alternate-framework/apps/ecosystem/meeovi-frontend/node_modules/@vue/runtime-core/dist/runtime-core.esm-bundler.js?v=cfee6d51:6341:5)
    at mountComponent (http://localhost:3001/_nuxt/@fs/home/meebuzo/github/alternate-framework/apps/ecosystem/meeovi-frontend/node_modules/@vue/runtime-core/dist/runtime-core.esm-bundler.js?v=cfee6d51:6113:7)
    at processComponent (http://localhost:3001/_nuxt/@fs/home/meebuzo/github/alternate-framework/apps/ecosystem/meeovi-frontend/node_modules/@vue/runtime-core/dist/runtime-core.esm-bundler.js?v=cfee6d51:6065:9)
    at patch (http://localhost:3001/_nuxt/@fs/home/meebuzo/github/alternate-framework/apps/ecosystem/meeovi-frontend/node_modules/@vue/runtime-core/dist/runtime-core.esm-bundler.js?v=cfee6d51:5557:11)
    at mountChildren (http://localhost:3001/_nuxt/@fs/home/meebuzo/github/alternate-framework/apps/ecosystem/meeovi-frontend/node_modules/@vue/runtime-core/dist/runtime-core.esm-bundler.js?v=cfee6d51:5808:7)
    at processFragment (http://localhost:3001/_nuxt/@fs/home/meebuzo/github/alternate-framework/apps/ecosystem/meeovi-frontend/node_modules/@vue/runtime-core/dist/runtime-core.esm-bundler.js?v=cfee6d51:5995:7)
    at patch (http://localhost:3001/_nuxt/@fs/home/meebuzo/github/alternate-framework/apps/ecosystem/meeovi-frontend/node_modules/@vue/runtime-core/dist/runtime-core.esm-bundler.js?v=cfee6d51:5531:9)
    at mountChildren (http://localhost:3001/_nuxt/@fs/home/meebuzo/github/alternate-framework/apps/ecosystem/meeovi-frontend/node_modules/@vue/runtime-core/dist/runtime-core.esm-bundler.js?v=cfee6d51:5808:7)
    at mountElement (http://localhost:3001/_nuxt/@fs/home/meebuzo/github/alternate-framework/apps/ecosystem/meeovi-frontend/node_modules/@vue/runtime-core/dist/runtime-core.esm-bundler.js?v=cfee6d51:5724:7)
    at processElement (http://localhost:3001/_nuxt/@fs/home/meebuzo/github/alternate-framework/apps/ecosystem/meeovi-frontend/node_modules/@vue/runtime-core/dist/runtime-core.esm-bundler.js?v=cfee6d51:5679:7)
    at patch (http://localhost:3001/_nuxt/@fs/home/meebuzo/github/alternate-framework/apps/ecosystem/meeovi-frontend/node_modules/@vue/runtime-core/dist/runtime-core.esm-bundler.js?v=cfee6d51:5545:11)
    at mountChildren (http://localhost:3001/_nuxt/@fs/home/meebuzo/github/alternate-framework/apps/ecosystem/meeovi-frontend/node_modules/@vue/runtime-core/dist/runtime-core.esm-bundler.js?v=cfee6d51:5808:7)
    at mountElement (http://localhost:3001/_nuxt/@fs/home/meebuzo/github/alternate-framework/apps/ecosystem/meeovi-frontend/node_modules/@vue/runtime-core/dist/runtime-core.esm-bundler.js?v=cfee6d51:5724:7)
    at processElement (http://localhost:3001/_nuxt/@fs/home/meebuzo/github/alternate-framework/apps/ecosystem/meeovi-frontend/node_modules/@vue/runtime-core/dist/runtime-core.esm-bundler.js?v=cfee6d51:5679:7)
    at patch (http://localhost:3001/_nuxt/@fs/home/meebuzo/github/alternate-framework/apps/ecosystem/meeovi-frontend/node_modules/@vue/runtime-core/dist/runtime-core.esm-bundler.js?v=cfee6d51:5545:11)
    at mountChildren (http://localhost:3001/_nuxt/@fs/home/meebuzo/github/alternate-framework/apps/ecosystem/meeovi-frontend/node_modules/@vue/runtime-core/dist/runtime-core.esm-bundler.js?v=cfee6d51:5808:7)
[   22007ms] TypeError: Cannot convert object to primitive value
    at String (<anonymous>)
    at toDisplayString (http://localhost:3001/_nuxt/@fs/home/meebuzo/github/alternate-framework/apps/ecosystem/meeovi-frontend/node_modules/@vue/shared/dist/shared.esm-bundler.js?v=cfee6d51:471:226)
    at http://localhost:3001/_nuxt/components/menus/LowerBar.vue:89:91
    at Proxy.renderFnWithContext (http://localhost:3001/_nuxt/@fs/home/meebuzo/github/alternate-framework/apps/ecosystem/meeovi-frontend/node_modules/@vue/runtime-core/dist/runtime-core.esm-bundler.js?v=cfee6d51:709:13)
    at default (http://localhost:3001/_nuxt/@fs/home/meebuzo/github/alternate-framework/node_modules/vuetify/lib/components/VTabs/VTab.js?v=cfee6d51:125:77)
    at http://localhost:3001/_nuxt/@fs/home/meebuzo/github/alternate-framework/apps/ecosystem/meeovi-frontend/node_modules/@vue/runtime-core/dist/runtime-core.esm-bundler.js?v=cfee6d51:5325:31
    at Proxy.renderFnWithContext (http://localhost:3001/_nuxt/@fs/home/meebuzo/github/alternate-framework/apps/ecosystem/meeovi-frontend/node_modules/@vue/runtime-core/dist/runtime-core.esm-bundler.js?v=cfee6d51:709:13)
    at default (http://localhost:3001/_nuxt/@fs/home/meebuzo/github/alternate-framework/node_modules/vuetify/lib/components/VBtn/VBtn.js?v=cfee6d51:217:42)
    at http://localhost:3001/_nuxt/@fs/home/meebuzo/github/alternate-framework/apps/ecosystem/meeovi-frontend/node_modules/@vue/runtime-core/dist/runtime-core.esm-bundler.js?v=cfee6d51:5325:31
    at Proxy.renderFnWithContext (http://localhost:3001/_nuxt/@fs/home/meebuzo/github/alternate-framework/apps/ecosystem/meeovi-frontend/node_modules/@vue/runtime-core/dist/runtime-core.esm-bundler.js?v=cfee6d51:709:13)
    at Proxy.<anonymous> (http://localhost:3001/_nuxt/@fs/home/meebuzo/github/alternate-framework/node_modules/vuetify/lib/components/VDefaultsProvider/VDefaultsProvider.js?v=cfee6d51:31:33)
    at renderComponentRoot (http://localhost:3001/_nuxt/@fs/home/meebuzo/github/alternate-framework/apps/ecosystem/meeovi-frontend/node_modules/@vue/runtime-core/dist/runtime-core.esm-bundler.js?v=cfee6d51:4628:16)
    at ReactiveEffect.componentUpdateFn [as fn] (http://localhost:3001/_nuxt/@fs/home/meebuzo/github/alternate-framework/apps/ecosystem/meeovi-frontend/node_modules/@vue/runtime-core/dist/runtime-core.esm-bundler.js?v=cfee6d51:6206:46)
    at ReactiveEffect.run (http://localhost:3001/_nuxt/@fs/home/meebuzo/github/alternate-framework/apps/ecosystem/meeovi-frontend/node_modules/@vue/reactivity/dist/reactivity.esm-bundler.js?v=cfee6d51:230:19)
    at setupRenderEffect (http://localhost:3001/_nuxt/@fs/home/meebuzo/github/alternate-framework/apps/ecosystem/meeovi-frontend/node_modules/@vue/runtime-core/dist/runtime-core.esm-bundler.js?v=cfee6d51:6341:5)
    at mountComponent (http://localhost:3001/_nuxt/@fs/home/meebuzo/github/alternate-framework/apps/ecosystem/meeovi-frontend/node_modules/@vue/runtime-core/dist/runtime-core.esm-bundler.js?v=cfee6d51:6113:7)
    at processComponent (http://localhost:3001/_nuxt/@fs/home/meebuzo/github/alternate-framework/apps/ecosystem/meeovi-frontend/node_modules/@vue/runtime-core/dist/runtime-core.esm-bundler.js?v=cfee6d51:6065:9)
    at patch (http://localhost:3001/_nuxt/@fs/home/meebuzo/github/alternate-framework/apps/ecosystem/meeovi-frontend/node_modules/@vue/runtime-core/dist/runtime-core.esm-bundler.js?v=cfee6d51:5557:11)
    at mountChildren (http://localhost:3001/_nuxt/@fs/home/meebuzo/github/alternate-framework/apps/ecosystem/meeovi-frontend/node_modules/@vue/runtime-core/dist/runtime-core.esm-bundler.js?v=cfee6d51:5808:7)
    at mountElement (http://localhost:3001/_nuxt/@fs/home/meebuzo/github/alternate-framework/apps/ecosystem/meeovi-frontend/node_modules/@vue/runtime-core/dist/runtime-core.esm-bundler.js?v=cfee6d51:5724:7)
    at processElement (http://localhost:3001/_nuxt/@fs/home/meebuzo/github/alternate-framework/apps/ecosystem/meeovi-frontend/node_modules/@vue/runtime-core/dist/runtime-core.esm-bundler.js?v=cfee6d51:5679:7)
    at patch (http://localhost:3001/_nuxt/@fs/home/meebuzo/github/alternate-framework/apps/ecosystem/meeovi-frontend/node_modules/@vue/runtime-core/dist/runtime-core.esm-bundler.js?v=cfee6d51:5545:11)
    at mountChildren (http://localhost:3001/_nuxt/@fs/home/meebuzo/github/alternate-framework/apps/ecosystem/meeovi-frontend/node_modules/@vue/runtime-core/dist/runtime-core.esm-bundler.js?v=cfee6d51:5808:7)
    at mountElement (http://localhost:3001/_nuxt/@fs/home/meebuzo/github/alternate-framework/apps/ecosystem/meeovi-frontend/node_modules/@vue/runtime-core/dist/runtime-core.esm-bundler.js?v=cfee6d51:5724:7)
    at processElement (http://localhost:3001/_nuxt/@fs/home/meebuzo/github/alternate-framework/apps/ecosystem/meeovi-frontend/node_modules/@vue/runtime-core/dist/runtime-core.esm-bundler.js?v=cfee6d51:5679:7)
    at patch (http://localhost:3001/_nuxt/@fs/home/meebuzo/github/alternate-framework/apps/ecosystem/meeovi-frontend/node_modules/@vue/runtime-core/dist/runtime-core.esm-bundler.js?v=cfee6d51:5545:11)
    at ReactiveEffect.componentUpdateFn [as fn] (http://localhost:3001/_nuxt/@fs/home/meebuzo/github/alternate-framework/apps/ecosystem/meeovi-frontend/node_modules/@vue/runtime-core/dist/runtime-core.esm-bundler.js?v=cfee6d51:6213:11)
    at ReactiveEffect.run (http://localhost:3001/_nuxt/@fs/home/meebuzo/github/alternate-framework/apps/ecosystem/meeovi-frontend/node_modules/@vue/reactivity/dist/reactivity.esm-bundler.js?v=cfee6d51:230:19)
    at setupRenderEffect (http://localhost:3001/_nuxt/@fs/home/meebuzo/github/alternate-framework/apps/ecosystem/meeovi-frontend/node_modules/@vue/runtime-core/dist/runtime-core.esm-bundler.js?v=cfee6d51:6341:5)
    at mountComponent (http://localhost:3001/_nuxt/@fs/home/meebuzo/github/alternate-framework/apps/ecosystem/meeovi-frontend/node_modules/@vue/runtime-core/dist/runtime-core.esm-bundler.js?v=cfee6d51:6113:7)
    at processComponent (http://localhost:3001/_nuxt/@fs/home/meebuzo/github/alternate-framework/apps/ecosystem/meeovi-frontend/node_modules/@vue/runtime-core/dist/runtime-core.esm-bundler.js?v=cfee6d51:6065:9)
    at patch (http://localhost:3001/_nuxt/@fs/home/meebuzo/github/alternate-framework/apps/ecosystem/meeovi-frontend/node_modules/@vue/runtime-core/dist/runtime-core.esm-bundler.js?v=cfee6d51:5557:11)
    at ReactiveEffect.componentUpdateFn [as fn] (http://localhost:3001/_nuxt/@fs/home/meebuzo/github/alternate-framework/apps/ecosystem/meeovi-frontend/node_modules/@vue/runtime-core/dist/runtime-core.esm-bundler.js?v=cfee6d51:6213:11)
    at ReactiveEffect.run (http://localhost:3001/_nuxt/@fs/home/meebuzo/github/alternate-framework/apps/ecosystem/meeovi-frontend/node_modules/@vue/reactivity/dist/reactivity.esm-bundler.js?v=cfee6d51:230:19)
    at setupRenderEffect (http://localhost:3001/_nuxt/@fs/home/meebuzo/github/alternate-framework/apps/ecosystem/meeovi-frontend/node_modules/@vue/runtime-core/dist/runtime-core.esm-bundler.js?v=cfee6d51:6341:5)
    at mountComponent (http://localhost:3001/_nuxt/@fs/home/meebuzo/github/alternate-framework/apps/ecosystem/meeovi-frontend/node_modules/@vue/runtime-core/dist/runtime-core.esm-bundler.js?v=cfee6d51:6113:7)
    at processComponent (http://localhost:3001/_nuxt/@fs/home/meebuzo/github/alternate-framework/apps/ecosystem/meeovi-frontend/node_modules/@vue/runtime-core/dist/runtime-core.esm-bundler.js?v=cfee6d51:6065:9)
    at patch (http://localhost:3001/_nuxt/@fs/home/meebuzo/github/alternate-framework/apps/ecosystem/meeovi-frontend/node_modules/@vue/runtime-core/dist/runtime-core.esm-bundler.js?v=cfee6d51:5557:11)
    at mountChildren (http://localhost:3001/_nuxt/@fs/home/meebuzo/github/alternate-framework/apps/ecosystem/meeovi-frontend/node_modules/@vue/runtime-core/dist/runtime-core.esm-bundler.js?v=cfee6d51:5808:7)
    at processFragment (http://localhost:3001/_nuxt/@fs/home/meebuzo/github/alternate-framework/apps/ecosystem/meeovi-frontend/node_modules/@vue/runtime-core/dist/runtime-core.esm-bundler.js?v=cfee6d51:5995:7)
    at patch (http://localhost:3001/_nuxt/@fs/home/meebuzo/github/alternate-framework/apps/ecosystem/meeovi-frontend/node_modules/@vue/runtime-core/dist/runtime-core.esm-bundler.js?v=cfee6d51:5531:9)
    at mountChildren (http://localhost:3001/_nuxt/@fs/home/meebuzo/github/alternate-framework/apps/ecosystem/meeovi-frontend/node_modules/@vue/runtime-core/dist/runtime-core.esm-bundler.js?v=cfee6d51:5808:7)
    at mountElement (http://localhost:3001/_nuxt/@fs/home/meebuzo/github/alternate-framework/apps/ecosystem/meeovi-frontend/node_modules/@vue/runtime-core/dist/runtime-core.esm-bundler.js?v=cfee6d51:5724:7)
    at processElement (http://localhost:3001/_nuxt/@fs/home/meebuzo/github/alternate-framework/apps/ecosystem/meeovi-frontend/node_modules/@vue/runtime-core/dist/runtime-core.esm-bundler.js?v=cfee6d51:5679:7)
    at patch (http://localhost:3001/_nuxt/@fs/home/meebuzo/github/alternate-framework/apps/ecosystem/meeovi-frontend/node_modules/@vue/runtime-core/dist/runtime-core.esm-bundler.js?v=cfee6d51:5545:11)
    at mountChildren (http://localhost:3001/_nuxt/@fs/home/meebuzo/github/alternate-framework/apps/ecosystem/meeovi-frontend/node_modules/@vue/runtime-core/dist/runtime-core.esm-bundler.js?v=cfee6d51:5808:7)
    at mountElement (http://localhost:3001/_nuxt/@fs/home/meebuzo/github/alternate-framework/apps/ecosystem/meeovi-frontend/node_modules/@vue/runtime-core/dist/runtime-core.esm-bundler.js?v=cfee6d51:5724:7)
    at processElement (http://localhost:3001/_nuxt/@fs/home/meebuzo/github/alternate-framework/apps/ecosystem/meeovi-frontend/node_modules/@vue/runtime-core/dist/runtime-core.esm-bundler.js?v=cfee6d51:5679:7)
    at patch (http://localhost:3001/_nuxt/@fs/home/meebuzo/github/alternate-framework/apps/ecosystem/meeovi-frontend/node_modules/@vue/runtime-core/dist/runtime-core.esm-bundler.js?v=cfee6d51:5545:11)
    at mountChildren (http://localhost:3001/_nuxt/@fs/home/meebuzo/github/alternate-framework/apps/ecosystem/meeovi-frontend/node_modules/@vue/runtime-core/dist/runtime-core.esm-bundler.js?v=cfee6d51:5808:7)
[   20625ms] [ERROR] Failed to load resource: the server responded with a status of 404 (Not Found) @ http://localhost:3001/api/auth/user/value/name/to-string:0
[   20639ms] [ERROR] Failed to load resource: the server responded with a status of 404 (Not Found) @ http://localhost:3001/api/auth/user/value/name/value-of:0
[   20640ms] [ERROR] Failed to load resource: the server responded with a status of 404 (Not Found) @ http://localhost:3001/api/auth/user/value/name/to-string:0
[   20641ms] [ERROR] Failed to load resource: the server responded with a status of 404 (Not Found) @ http://localhost:3001/api/auth/user/value/name/value-of:0
[   20824ms] [ERROR] Connecting to 'https://o996770.ingest.us.sentry.io/api/5955273/envelope/?sentry_version=7&sentry_key=df1b90fab7c44ce8aef097a63b468d61&sentry_client=sentry.javascript.nuxt%2F10.63.0' violates the following Content Security Policy directive: "connect-src 'self' https://*.mux.com". The action has been blocked. @ http://localhost:3001/_nuxt/@fs/home/meebuzo/github/alternate-framework/apps/ecosystem/meeovi-frontend/node_modules/@sentry/browser/build/npm/esm/dev/transports/fetch.js?v=cfee6d51:31
[   20825ms] [ERROR] Fetch API cannot load https://o996770.ingest.us.sentry.io/api/5955273/envelope/?sentry_version=7&sentry_key=df1b90fab7c44ce8aef097a63b468d61&sentry_client=sentry.javascript.nuxt%2F10.63.0. Refused to connect because it violates the document's Content Security Policy. @ http://localhost:3001/_nuxt/@fs/home/meebuzo/github/alternate-framework/apps/ecosystem/meeovi-frontend/node_modules/@sentry/browser/build/npm/esm/dev/transports/fetch.js?v=cfee6d51:31
[   22008ms] TypeError: Cannot destructure property 'type' of 'vnode' as it is null.
    at unmount (http://localhost:3001/_nuxt/@fs/home/meebuzo/github/alternate-framework/apps/ecosystem/meeovi-frontend/node_modules/@vue/runtime-core/dist/runtime-core.esm-bundler.js?v=cfee6d51:6715:7)
    at unmountComponent (http://localhost:3001/_nuxt/@fs/home/meebuzo/github/alternate-framework/apps/ecosystem/meeovi-frontend/node_modules/@vue/runtime-core/dist/runtime-core.esm-bundler.js?v=cfee6d51:6857:7)
    at unmount (http://localhost:3001/_nuxt/@fs/home/meebuzo/github/alternate-framework/apps/ecosystem/meeovi-frontend/node_modules/@vue/runtime-core/dist/runtime-core.esm-bundler.js?v=cfee6d51:6748:7)
    at unmountChildren (http://localhost:3001/_nuxt/@fs/home/meebuzo/github/alternate-framework/apps/ecosystem/meeovi-frontend/node_modules/@vue/runtime-core/dist/runtime-core.esm-bundler.js?v=cfee6d51:6871:7)
    at unmount (http://localhost:3001/_nuxt/@fs/home/meebuzo/github/alternate-framework/apps/ecosystem/meeovi-frontend/node_modules/@vue/runtime-core/dist/runtime-core.esm-bundler.js?v=cfee6d51:6780:9)
    at unmountComponent (http://localhost:3001/_nuxt/@fs/home/meebuzo/github/alternate-framework/apps/ecosystem/meeovi-frontend/node_modules/@vue/runtime-core/dist/runtime-core.esm-bundler.js?v=cfee6d51:6857:7)
    at unmount (http://localhost:3001/_nuxt/@fs/home/meebuzo/github/alternate-framework/apps/ecosystem/meeovi-frontend/node_modules/@vue/runtime-core/dist/runtime-core.esm-bundler.js?v=cfee6d51:6748:7)
    at unmountChildren (http://localhost:3001/_nuxt/@fs/home/meebuzo/github/alternate-framework/apps/ecosystem/meeovi-frontend/node_modules/@vue/runtime-core/dist/runtime-core.esm-bundler.js?v=cfee6d51:6871:7)
    at unmount (http://localhost:3001/_nuxt/@fs/home/meebuzo/github/alternate-framework/apps/ecosystem/meeovi-frontend/node_modules/@vue/runtime-core/dist/runtime-core.esm-bundler.js?v=cfee6d51:6780:9)
    at unmountChildren (http://localhost:3001/_nuxt/@fs/home/meebuzo/github/alternate-framework/apps/ecosystem/meeovi-frontend/node_modules/@vue/runtime-core/dist/runtime-core.esm-bundler.js?v=cfee6d51:6871:7)
    at unmount (http://localhost:3001/_nuxt/@fs/home/meebuzo/github/alternate-framework/apps/ecosystem/meeovi-frontend/node_modules/@vue/runtime-core/dist/runtime-core.esm-bundler.js?v=cfee6d51:6780:9)
    at unmountChildren (http://localhost:3001/_nuxt/@fs/home/meebuzo/github/alternate-framework/apps/ecosystem/meeovi-frontend/node_modules/@vue/runtime-core/dist/runtime-core.esm-bundler.js?v=cfee6d51:6871:7)
    at unmount (http://localhost:3001/_nuxt/@fs/home/meebuzo/github/alternate-framework/apps/ecosystem/meeovi-frontend/node_modules/@vue/runtime-core/dist/runtime-core.esm-bundler.js?v=cfee6d51:6780:9)
    at unmountChildren (http://localhost:3001/_nuxt/@fs/home/meebuzo/github/alternate-framework/apps/ecosystem/meeovi-frontend/node_modules/@vue/runtime-core/dist/runtime-core.esm-bundler.js?v=cfee6d51:6871:7)
    at unmount (http://localhost:3001/_nuxt/@fs/home/meebuzo/github/alternate-framework/apps/ecosystem/meeovi-frontend/node_modules/@vue/runtime-core/dist/runtime-core.esm-bundler.js?v=cfee6d51:6780:9)
    at unmountChildren (http://localhost:3001/_nuxt/@fs/home/meebuzo/github/alternate-framework/apps/ecosystem/meeovi-frontend/node_modules/@vue/runtime-core/dist/runtime-core.esm-bundler.js?v=cfee6d51:6871:7)
    at unmount (http://localhost:3001/_nuxt/@fs/home/meebuzo/github/alternate-framework/apps/ecosystem/meeovi-frontend/node_modules/@vue/runtime-core/dist/runtime-core.esm-bundler.js?v=cfee6d51:6780:9)
    at unmountComponent (http://localhost:3001/_nuxt/@fs/home/meebuzo/github/alternate-framework/apps/ecosystem/meeovi-frontend/node_modules/@vue/runtime-core/dist/runtime-core.esm-bundler.js?v=cfee6d51:6857:7)
    at unmount (http://localhost:3001/_nuxt/@fs/home/meebuzo/github/alternate-framework/apps/ecosystem/meeovi-frontend/node_modules/@vue/runtime-core/dist/runtime-core.esm-bundler.js?v=cfee6d51:6748:7)
    at unmountChildren (http://localhost:3001/_nuxt/@fs/home/meebuzo/github/alternate-framework/apps/ecosystem/meeovi-frontend/node_modules/@vue/runtime-core/dist/runtime-core.esm-bundler.js?v=cfee6d51:6871:7)
    at unmount (http://localhost:3001/_nuxt/@fs/home/meebuzo/github/alternate-framework/apps/ecosystem/meeovi-frontend/node_modules/@vue/runtime-core/dist/runtime-core.esm-bundler.js?v=cfee6d51:6772:9)
    at unmountComponent (http://localhost:3001/_nuxt/@fs/home/meebuzo/github/alternate-framework/apps/ecosystem/meeovi-frontend/node_modules/@vue/runtime-core/dist/runtime-core.esm-bundler.js?v=cfee6d51:6857:7)
    at unmount (http://localhost:3001/_nuxt/@fs/home/meebuzo/github/alternate-framework/apps/ecosystem/meeovi-frontend/node_modules/@vue/runtime-core/dist/runtime-core.esm-bundler.js?v=cfee6d51:6748:7)
    at unmountChildren (http://localhost:3001/_nuxt/@fs/home/meebuzo/github/alternate-framework/apps/ecosystem/meeovi-frontend/node_modules/@vue/runtime-core/dist/runtime-core.esm-bundler.js?v=cfee6d51:6871:7)
    at unmount (http://localhost:3001/_nuxt/@fs/home/meebuzo/github/alternate-framework/apps/ecosystem/meeovi-frontend/node_modules/@vue/runtime-core/dist/runtime-core.esm-bundler.js?v=cfee6d51:6780:9)
    at unmountComponent (http://localhost:3001/_nuxt/@fs/home/meebuzo/github/alternate-framework/apps/ecosystem/meeovi-frontend/node_modules/@vue/runtime-core/dist/runtime-core.esm-bundler.js?v=cfee6d51:6857:7)
    at unmount (http://localhost:3001/_nuxt/@fs/home/meebuzo/github/alternate-framework/apps/ecosystem/meeovi-frontend/node_modules/@vue/runtime-core/dist/runtime-core.esm-bundler.js?v=cfee6d51:6748:7)
    at unmountChildren (http://localhost:3001/_nuxt/@fs/home/meebuzo/github/alternate-framework/apps/ecosystem/meeovi-frontend/node_modules/@vue/runtime-core/dist/runtime-core.esm-bundler.js?v=cfee6d51:6871:7)
    at unmount (http://localhost:3001/_nuxt/@fs/home/meebuzo/github/alternate-framework/apps/ecosystem/meeovi-frontend/node_modules/@vue/runtime-core/dist/runtime-core.esm-bundler.js?v=cfee6d51:6780:9)
    at unmountComponent (http://localhost:3001/_nuxt/@fs/home/meebuzo/github/alternate-framework/apps/ecosystem/meeovi-frontend/node_modules/@vue/runtime-core/dist/runtime-core.esm-bundler.js?v=cfee6d51:6857:7)
    at unmount (http://localhost:3001/_nuxt/@fs/home/meebuzo/github/alternate-framework/apps/ecosystem/meeovi-frontend/node_modules/@vue/runtime-core/dist/runtime-core.esm-bundler.js?v=cfee6d51:6748:7)
    at unmountChildren (http://localhost:3001/_nuxt/@fs/home/meebuzo/github/alternate-framework/apps/ecosystem/meeovi-frontend/node_modules/@vue/runtime-core/dist/runtime-core.esm-bundler.js?v=cfee6d51:6871:7)
    at unmount (http://localhost:3001/_nuxt/@fs/home/meebuzo/github/alternate-framework/apps/ecosystem/meeovi-frontend/node_modules/@vue/runtime-core/dist/runtime-core.esm-bundler.js?v=cfee6d51:6780:9)
    at unmountChildren (http://localhost:3001/_nuxt/@fs/home/meebuzo/github/alternate-framework/apps/ecosystem/meeovi-frontend/node_modules/@vue/runtime-core/dist/runtime-core.esm-bundler.js?v=cfee6d51:6871:7)
    at unmount (http://localhost:3001/_nuxt/@fs/home/meebuzo/github/alternate-framework/apps/ecosystem/meeovi-frontend/node_modules/@vue/runtime-core/dist/runtime-core.esm-bundler.js?v=cfee6d51:6780:9)
    at unmountChildren (http://localhost:3001/_nuxt/@fs/home/meebuzo/github/alternate-framework/apps/ecosystem/meeovi-frontend/node_modules/@vue/runtime-core/dist/runtime-core.esm-bundler.js?v=cfee6d51:6871:7)
    at unmount (http://localhost:3001/_nuxt/@fs/home/meebuzo/github/alternate-framework/apps/ecosystem/meeovi-frontend/node_modules/@vue/runtime-core/dist/runtime-core.esm-bundler.js?v=cfee6d51:6780:9)
    at unmountChildren (http://localhost:3001/_nuxt/@fs/home/meebuzo/github/alternate-framework/apps/ecosystem/meeovi-frontend/node_modules/@vue/runtime-core/dist/runtime-core.esm-bundler.js?v=cfee6d51:6871:7)
    at unmount (http://localhost:3001/_nuxt/@fs/home/meebuzo/github/alternate-framework/apps/ecosystem/meeovi-frontend/node_modules/@vue/runtime-core/dist/runtime-core.esm-bundler.js?v=cfee6d51:6780:9)
    at unmountComponent (http://localhost:3001/_nuxt/@fs/home/meebuzo/github/alternate-framework/apps/ecosystem/meeovi-frontend/node_modules/@vue/runtime-core/dist/runtime-core.esm-bundler.js?v=cfee6d51:6857:7)
    at unmount (http://localhost:3001/_nuxt/@fs/home/meebuzo/github/alternate-framework/apps/ecosystem/meeovi-frontend/node_modules/@vue/runtime-core/dist/runtime-core.esm-bundler.js?v=cfee6d51:6748:7)
    at unmountChildren (http://localhost:3001/_nuxt/@fs/home/meebuzo/github/alternate-framework/apps/ecosystem/meeovi-frontend/node_modules/@vue/runtime-core/dist/runtime-core.esm-bundler.js?v=cfee6d51:6871:7)
    at unmount (http://localhost:3001/_nuxt/@fs/home/meebuzo/github/alternate-framework/apps/ecosystem/meeovi-frontend/node_modules/@vue/runtime-core/dist/runtime-core.esm-bundler.js?v=cfee6d51:6780:9)
    at unmountComponent (http://localhost:3001/_nuxt/@fs/home/meebuzo/github/alternate-framework/apps/ecosystem/meeovi-frontend/node_modules/@vue/runtime-core/dist/runtime-core.esm-bundler.js?v=cfee6d51:6857:7)
    at unmount (http://localhost:3001/_nuxt/@fs/home/meebuzo/github/alternate-framework/apps/ecosystem/meeovi-frontend/node_modules/@vue/runtime-core/dist/runtime-core.esm-bundler.js?v=cfee6d51:6748:7)
    at unmountComponent (http://localhost:3001/_nuxt/@fs/home/meebuzo/github/alternate-framework/apps/ecosystem/meeovi-frontend/node_modules/@vue/runtime-core/dist/runtime-core.esm-bundler.js?v=cfee6d51:6857:7)
    at unmount (http://localhost:3001/_nuxt/@fs/home/meebuzo/github/alternate-framework/apps/ecosystem/meeovi-frontend/node_modules/@vue/runtime-core/dist/runtime-core.esm-bundler.js?v=cfee6d51:6748:7)
    at unmountChildren (http://localhost:3001/_nuxt/@fs/home/meebuzo/github/alternate-framework/apps/ecosystem/meeovi-frontend/node_modules/@vue/runtime-core/dist/runtime-core.esm-bundler.js?v=cfee6d51:6871:7)
    at unmount (http://localhost:3001/_nuxt/@fs/home/meebuzo/github/alternate-framework/apps/ecosystem/meeovi-frontend/node_modules/@vue/runtime-core/dist/runtime-core.esm-bundler.js?v=cfee6d51:6772:9)
    at unmountComponent (http://localhost:3001/_nuxt/@fs/home/meebuzo/github/alternate-framework/apps/ecosystem/meeovi-frontend/node_modules/@vue/runtime-core/dist/runtime-core.esm-bundler.js?v=cfee6d51:6857:7)
[   21133ms] [WARNING] [TikTok Pixel] - Invalid pixel ID
Issue: The pixel ID is invalid. This could prevent your pixel from receiving data.
Suggestion: Please go to Events Manager and find the correct pixel ID. @ http://localhost:3001/_nuxt/@fs/home/meebuzo/github/alternate-framework/apps/ecosystem/meeovi-frontend/node_modules/@sentry/core/build/esm/instrument/console.js?v=cfee6d51:42
[   21137ms] [ERROR] Connecting to 'https://analytics.tiktok.com/api/v2/pixel' violates the following Content Security Policy directive: "connect-src 'self' https://*.mux.com". The action has been blocked. @ https://analytics.tiktok.com/i18n/pixel/static/main.MTA2MWE1OWMwMA.js:0
[   21256ms] [WARNING] [Stripe.js] It looks like Stripe.js was loaded more than one time. Please only load it once per page. @ http://localhost:3001/_nuxt/@fs/home/meebuzo/github/alternate-framework/apps/ecosystem/meeovi-frontend/node_modules/@sentry/core/build/esm/instrument/console.js?v=cfee6d51:42
[   21466ms] [ERROR] Connecting to 'https://analytics.tiktok.com/api/v2/pixel/act' violates the following Content Security Policy directive: "connect-src 'self' https://*.mux.com". The action has been blocked. @ https://analytics.tiktok.com/i18n/pixel/static/main.MTA2MWE1OWMwMA.js:0
[   22814ms] [ERROR] Connecting to 'https://o996770.ingest.us.sentry.io/api/5955273/envelope/?sentry_version=7&sentry_key=df1b90fab7c44ce8aef097a63b468d61&sentry_client=sentry.javascript.nuxt%2F10.63.0' violates the following Content Security Policy directive: "connect-src 'self' https://*.mux.com". The action has been blocked. @ http://localhost:3001/_nuxt/@fs/home/meebuzo/github/alternate-framework/apps/ecosystem/meeovi-frontend/node_modules/@sentry/browser/build/npm/esm/dev/transports/fetch.js?v=cfee6d51:31
[   22815ms] [ERROR] Fetch API cannot load https://o996770.ingest.us.sentry.io/api/5955273/envelope/?sentry_version=7&sentry_key=df1b90fab7c44ce8aef097a63b468d61&sentry_client=sentry.javascript.nuxt%2F10.63.0. Refused to connect because it violates the document's Content Security Policy. @ http://localhost:3001/_nuxt/@fs/home/meebuzo/github/alternate-framework/apps/ecosystem/meeovi-frontend/node_modules/@sentry/browser/build/npm/esm/dev/transports/fetch.js?v=cfee6d51:31
[   25181ms] [ERROR] Failed to load resource: the server responded with a status of 500 (Server Error) @ http://localhost:3001/q_auto/images/logo512alpha.png:0
[   25194ms] [ERROR] Connecting to 'https://ep1.adtrafficquality.google/getconfig/sodar?sv=200&tid=gda&tv=r20260709&st=env&sjk=3722072149376278' violates the following Content Security Policy directive: "connect-src 'self' https://*.mux.com". The action has been blocked. @ http://localhost:3001/_nuxt/@fs/home/meebuzo/github/alternate-framework/apps/ecosystem/meeovi-frontend/node_modules/@sentry/browser/build/npm/esm/dev/integrations/browserapierrors.js?v=cfee6d51:94
