[    2993ms] [WARNING] No available adapters. @ https://challenges.cloudflare.com/cdn-cgi/challenge-platform/h/g/turnstile/f/av0/rchAQrlIP7OwpKWLOGJLB2B.nBlfxMjNuGrS4Ei4Tjw9eI-1788535065-1.3.1.1-iqrXT9VP.jdZKVWLJVkWl6xkYhFMgSzWYSmpfpA4cx8/byeyi/0x4AAAAAAASJjd3fbeyQJrfe/auto/fbE/failure_retry/normal?lang=auto:0
[    3175ms] [ERROR] Failed to load resource: the server responded with a status of 400 () @ https://challenges.cloudflare.com/cdn-cgi/challenge-platform/h/g/fo/3229638258:1788530713:y45w-Vdb4KL5BoM5pUKmxidxDig_YOklI11bg4PS1zE/a35df6c19b1464a6/xhQ69Si13XKLO9BKpxnufb2e9Tofa3LhlvI6ImHz6Bs-1788535076-1.2.1.1-5DjuHhRqlUQuhQ9HG0aMGG5bpcN3mNq4HGdBBBnoEKAi1JC2h55me8z393Fhr.UT:0
[    3209ms] TurnstileError: [Cloudflare Turnstile] Error: 110200.
    at x (https://challenges.cloudflare.com/turnstile/v0/api.js:2:17328)
    at P (https://challenges.cloudflare.com/turnstile/v0/api.js:2:60066)
    at I (https://challenges.cloudflare.com/turnstile/v0/api.js:2:65893)
    at sentryWrapped (http://127.0.0.1:3002/_nuxt/@fs/home/meebuzo/github/alternate-framework/node_modules/@sentry/browser/build/npm/esm/dev/helpers.js?v=4790ac70:41:17)
[   10631ms] [ERROR] Failed to load resource: the server responded with a status of 404 () @ https://res.cloudinary.com/nuxt-cloudinary/image/upload/f_auto,q_auto/images/display-2.png:0
[   20089ms] [LOG] %cssr:success%c Vite server hmr 127 files 
      background: #2ecc71;
      border-radius: 0.5em;
      color: white;
      font-weight: bold;
      padding: 2px 0.5em;
      in 4.24ms 
  at vite_node_entry_default (/home/meebuzo/github/alternate-framework/node_modules/@nuxt/vite-builder/dist/vite-node-entry.mjs)
  at process.processTicksAndRejections (node:internal/process/task_queues)
  at async Object.renderToString (/home/meebuzo/github/alternate-framework/node_modules/vue-bundle-renderer/dist/runtime.mjs)
 @ http://127.0.0.1:3002/_nuxt/@fs/home/meebuzo/github/alternate-framework/node_modules/consola/dist/browser.mjs?v=4790ac70:47
[   20670ms] [LOG] ✨ %cNuxt DevTools %c Press Shift + Alt + D to open DevTools color: black; border-radius: 3px 0 0 3px; padding: 2px 2px 1px 10px; background: #00DC82 border-radius: 0 3px 3px 0; padding: 2px 10px 1px 2px; background: #00DC8220  @ http://127.0.0.1:3002/_nuxt/@fs/home/meebuzo/github/alternate-framework/node_modules/@sentry/core/build/esm/instrument/console.js?v=4790ac70:44
[   20770ms] [INFO] <Suspense> is an experimental feature and its API will likely change. @ http://127.0.0.1:3002/_nuxt/@fs/home/meebuzo/github/alternate-framework/node_modules/@sentry/core/build/esm/instrument/console.js?v=4790ac70:44
[   21241ms] [WARNING] [Vue warn]: Hydration node mismatch:
- rendered on server: JSHandle@node  
- expected on client: Symbol(v-fgt) 
  at <VNavigationDrawer modelValue=false onUpdate:modelValue=fn temporary="" > 
  at <VMain> 
  at <VApp theme="light" class="auto-text" > 
  at <VResponsive class="border rounded" > 
  at <Default ref=Ref< undefined > > 
  at <AsyncComponentWrapper ref=Ref< undefined > > 
  at <LayoutLoader key="default" layoutProps= {ref: RefImpl} name="default" > 
  at <NuxtLayoutProvider layoutProps= {ref: RefImpl} key="default" name="default"  ... > 
  at <NuxtLayout > 
  at <App key=4 > 
  at <NuxtRoot> @ http://127.0.0.1:3002/_nuxt/@vite/client:528
[   21243ms] [ERROR] Hydration completed but contains mismatches. @ http://127.0.0.1:3002/_nuxt/@vite/client:528
[   21562ms] [WARNING] [nuxt] [image] Density values above `2` are not recommended. See https://observablehq.com/@eeeps/visual-acuity-and-device-pixel-ratio. @ http://127.0.0.1:3002/_nuxt/@vite/client:528
[   23760ms] [WARNING] [Meta Pixel] - Invalid PixelID: null. @ http://127.0.0.1:3002/_nuxt/@vite/client:528
[   23782ms] [LOG] Meeovi @ http://127.0.0.1:3002/_nuxt/@fs/home/meebuzo/github/alternate-framework/node_modules/@sentry/core/build/esm/instrument/console.js?v=4790ac70:44
[   23865ms] [ERROR] Failed to load resource: the server responded with a status of 404 () @ https://res.cloudinary.com/nuxt-cloudinary/image/upload/f_auto,q_auto/https://cms.meeovicms.com/assets/8:0
[   23930ms] [ERROR] Connecting to 'https://analytics.tiktok.com/api/v2/monitor' violates the following Content Security Policy directive: "connect-src 'self' https://*.mux.com https://cms.meeovicms.com". The action has been blocked. @ https://analytics.tiktok.com/i18n/pixel/static/main.MTQyN2U3Zjc5MA.js:0
[   23931ms] [ERROR] Connecting to 'https://analytics.tiktok.com/api/v2/monitor' violates the following Content Security Policy directive: "connect-src 'self' https://*.mux.com https://cms.meeovicms.com". The action has been blocked. @ https://analytics.tiktok.com/i18n/pixel/static/main.MTQyN2U3Zjc5MA.js:0
[   23934ms] [ERROR] Connecting to 'https://analytics.tiktok.com/api/v2/monitor' violates the following Content Security Policy directive: "connect-src 'self' https://*.mux.com https://cms.meeovicms.com". The action has been blocked. @ https://analytics.tiktok.com/i18n/pixel/static/main.MTQyN2U3Zjc5MA.js:0
[   23936ms] [ERROR] Connecting to 'https://analytics.tiktok.com/api/v2/monitor' violates the following Content Security Policy directive: "connect-src 'self' https://*.mux.com https://cms.meeovicms.com". The action has been blocked. @ https://analytics.tiktok.com/i18n/pixel/static/main.MTQyN2U3Zjc5MA.js:0
[   23945ms] [ERROR] Connecting to 'https://analytics.tiktok.com/api/v2/monitor' violates the following Content Security Policy directive: "connect-src 'self' https://*.mux.com https://cms.meeovicms.com". The action has been blocked. @ https://analytics.tiktok.com/i18n/pixel/static/main.MTQyN2U3Zjc5MA.js:0
[   23947ms] [ERROR] Connecting to 'https://analytics.tiktok.com/api/v2/monitor' violates the following Content Security Policy directive: "connect-src 'self' https://*.mux.com https://cms.meeovicms.com". The action has been blocked. @ https://analytics.tiktok.com/i18n/pixel/static/main.MTQyN2U3Zjc5MA.js:0
[   23967ms] [ERROR] Connecting to 'https://analytics.tiktok.com/api/v2/monitor' violates the following Content Security Policy directive: "connect-src 'self' https://*.mux.com https://cms.meeovicms.com". The action has been blocked. @ https://analytics.tiktok.com/i18n/pixel/static/main.MTQyN2U3Zjc5MA.js:0
[   24777ms] [WARNING] No available adapters. @ https://challenges.cloudflare.com/cdn-cgi/challenge-platform/h/g/turnstile/f/av0/rch/p5024/0x4AAAAAAASJjd3fbeyQJrfe/auto/fbE/new/normal?lang=auto:0
[   24961ms] [ERROR] Failed to load resource: the server responded with a status of 400 () @ https://challenges.cloudflare.com/cdn-cgi/challenge-platform/h/g/fo/3229638258:1788530713:y45w-Vdb4KL5BoM5pUKmxidxDig_YOklI11bg4PS1zE/a35df749a83c64a6/qJDTI2sKU7p2ddaQ0TTzkr2bHBAkPFFn4y2ypCeTRX4-1788535097-1.2.1.1-0FuLER_8.49mP1l6kFeSOObvc2nd3AWGbG88_JS_sRm0aTIiQ3hMp80ER1c_zdf7:0
[   25014ms] [ERROR] Connecting to 'https://o996770.ingest.us.sentry.io/api/5955273/envelope/?sentry_version=7&sentry_key=df1b90fab7c44ce8aef097a63b468d61&sentry_client=sentry.javascript.nuxt%2F10.70.0' violates the following Content Security Policy directive: "connect-src 'self' https://*.mux.com https://cms.meeovicms.com". The action has been blocked. @ http://127.0.0.1:3002/_nuxt/@fs/home/meebuzo/github/alternate-framework/node_modules/@sentry/browser/build/npm/esm/dev/transports/fetch.js?v=4790ac70:31
[   25016ms] [ERROR] Fetch API cannot load https://o996770.ingest.us.sentry.io/api/5955273/envelope/?sentry_version=7&sentry_key=df1b90fab7c44ce8aef097a63b468d61&sentry_client=sentry.javascript.nuxt%2F10.70.0. Refused to connect because it violates the document's Content Security Policy. @ http://127.0.0.1:3002/_nuxt/@fs/home/meebuzo/github/alternate-framework/node_modules/@sentry/browser/build/npm/esm/dev/transports/fetch.js?v=4790ac70:31
[   25022ms] TurnstileError: [Cloudflare Turnstile] Error: 110200.
    at x (https://challenges.cloudflare.com/turnstile/v0/api.js:2:17328)
    at P (https://challenges.cloudflare.com/turnstile/v0/api.js:2:60066)
    at I (https://challenges.cloudflare.com/turnstile/v0/api.js:2:65893)
    at sentryWrapped (http://127.0.0.1:3002/_nuxt/@fs/home/meebuzo/github/alternate-framework/node_modules/@sentry/browser/build/npm/esm/dev/helpers.js?v=4790ac70:41:17)
[   27586ms] [ERROR] Failed to load resource: the server responded with a status of 404 () @ https://res.cloudinary.com/nuxt-cloudinary/image/upload/f_auto,q_auto,w_300,h_300/https://cms.meeovicms.com/assets//images/smartwatch.jpg:0
[   27587ms] [ERROR] Failed to load resource: the server responded with a status of 404 () @ https://res.cloudinary.com/nuxt-cloudinary/image/upload/f_auto,q_auto,w_300,h_300/https://cms.meeovicms.com/assets//images/wallet.jpg:0
[   27589ms] [ERROR] Failed to load resource: the server responded with a status of 404 () @ https://res.cloudinary.com/nuxt-cloudinary/image/upload/f_auto,q_auto,w_300,h_300/https://cms.meeovicms.com/assets//images/bottle.jpg:0
[   27590ms] [ERROR] Failed to load resource: the server responded with a status of 404 () @ https://res.cloudinary.com/nuxt-cloudinary/image/upload/f_auto,q_auto,w_300,h_300/https://cms.meeovicms.com/assets//images/headphones.jpg:0
[   27591ms] [ERROR] Failed to load resource: the server responded with a status of 404 () @ https://res.cloudinary.com/nuxt-cloudinary/image/upload/f_auto,q_auto,w_300,h_300/https://cms.meeovicms.com/assets//images/tshirt.jpg:0
[   27592ms] [ERROR] Failed to load resource: the server responded with a status of 404 () @ https://res.cloudinary.com/nuxt-cloudinary/image/upload/f_auto,q_auto,w_300,h_300/https://cms.meeovicms.com/assets//images/mugs.jpg:0
[   27593ms] [ERROR] Failed to load resource: the server responded with a status of 404 () @ https://res.cloudinary.com/nuxt-cloudinary/image/upload/f_auto,q_auto,w_300,h_300/https://cms.meeovicms.com/assets//images/yogamat.jpg:0
[   27594ms] [ERROR] Failed to load resource: the server responded with a status of 404 () @ https://res.cloudinary.com/nuxt-cloudinary/image/upload/f_auto,q_auto,w_300,h_300/https://cms.meeovicms.com/assets/4f4d8489-7439-4a65-960a-77b604cc0f7d:0
[   27595ms] [ERROR] Failed to load resource: the server responded with a status of 404 () @ https://res.cloudinary.com/nuxt-cloudinary/image/upload/f_auto,q_auto,w_300,h_300/https://cms.meeovicms.com/assets/daa48c31-db59-4537-bc6f-08a84cb1d46d:0
[   30851ms] [ERROR] Failed to load resource: the server responded with a status of 404 () @ https://res.cloudinary.com/nuxt-cloudinary/image/upload/f_auto,q_auto,w_300,h_300/https://cms.meeovicms.com/assets//images/shoes.jpg:0
[   30852ms] [ERROR] Failed to load resource: the server responded with a status of 404 () @ https://res.cloudinary.com/nuxt-cloudinary/image/upload/f_auto,q_auto,w_300,h_300/https://cms.meeovicms.com/assets//images/bottle.jpg:0
[   30853ms] [ERROR] Failed to load resource: the server responded with a status of 404 () @ https://res.cloudinary.com/nuxt-cloudinary/image/upload/f_auto,q_auto,w_300,h_300/https://cms.meeovicms.com/assets//images/tshirt.jpg:0
[   30853ms] [ERROR] Failed to load resource: the server responded with a status of 404 () @ https://res.cloudinary.com/nuxt-cloudinary/image/upload/f_auto,q_auto,w_300,h_300/https://cms.meeovicms.com/assets//images/smartwatch.jpg:0
[   30854ms] [ERROR] Failed to load resource: the server responded with a status of 404 () @ https://res.cloudinary.com/nuxt-cloudinary/image/upload/f_auto,q_auto,w_300,h_300/https://cms.meeovicms.com/assets//images/headphones.jpg:0
[   30855ms] [ERROR] Failed to load resource: the server responded with a status of 404 () @ https://res.cloudinary.com/nuxt-cloudinary/image/upload/f_auto,q_auto,w_300,h_300/https://cms.meeovicms.com/assets//images/wallet.jpg:0
[   30856ms] [ERROR] Failed to load resource: the server responded with a status of 404 () @ https://res.cloudinary.com/nuxt-cloudinary/image/upload/f_auto,q_auto,w_300,h_300/https://cms.meeovicms.com/assets/daa48c31-db59-4537-bc6f-08a84cb1d46d:0
[   30857ms] [ERROR] Failed to load resource: the server responded with a status of 404 () @ https://res.cloudinary.com/nuxt-cloudinary/image/upload/f_auto,q_auto,w_300,h_300/https://cms.meeovicms.com/assets/4f4d8489-7439-4a65-960a-77b604cc0f7d:0
[   30858ms] [ERROR] Failed to load resource: the server responded with a status of 404 () @ https://res.cloudinary.com/nuxt-cloudinary/image/upload/f_auto,q_auto,w_300,h_300/https://cms.meeovicms.com/assets//images/mugs.jpg:0
[   30859ms] [ERROR] Failed to load resource: the server responded with a status of 404 () @ https://res.cloudinary.com/nuxt-cloudinary/image/upload/f_auto,q_auto,w_300,h_300/https://cms.meeovicms.com/assets//images/yogamat.jpg:0
[   33752ms] [ERROR] Failed to load resource: the server responded with a status of 404 () @ https://res.cloudinary.com/nuxt-cloudinary/image/upload/f_auto,q_auto,w_300,h_300/https://cms.meeovicms.com/assets//images/shoes.jpg:0
[   33754ms] [ERROR] Failed to load resource: the server responded with a status of 404 () @ https://res.cloudinary.com/nuxt-cloudinary/image/upload/f_auto,q_auto,w_300,h_300/https://cms.meeovicms.com/assets//images/headphones.jpg:0
[   33755ms] [ERROR] Failed to load resource: the server responded with a status of 404 () @ https://res.cloudinary.com/nuxt-cloudinary/image/upload/f_auto,q_auto,w_300,h_300/https://cms.meeovicms.com/assets//images/tshirt.jpg:0
[   33756ms] [ERROR] Failed to load resource: the server responded with a status of 404 () @ https://res.cloudinary.com/nuxt-cloudinary/image/upload/f_auto,q_auto,w_300,h_300/https://cms.meeovicms.com/assets//images/wallet.jpg:0
[   33756ms] [ERROR] Failed to load resource: the server responded with a status of 404 () @ https://res.cloudinary.com/nuxt-cloudinary/image/upload/f_auto,q_auto,w_300,h_300/https://cms.meeovicms.com/assets/daa48c31-db59-4537-bc6f-08a84cb1d46d:0
[   33758ms] [ERROR] Failed to load resource: the server responded with a status of 404 () @ https://res.cloudinary.com/nuxt-cloudinary/image/upload/f_auto,q_auto,w_300,h_300/https://cms.meeovicms.com/assets//images/bottle.jpg:0
[   33759ms] [ERROR] Failed to load resource: the server responded with a status of 404 () @ https://res.cloudinary.com/nuxt-cloudinary/image/upload/f_auto,q_auto,w_300,h_300/https://cms.meeovicms.com/assets//images/mugs.jpg:0
[   33759ms] [ERROR] Failed to load resource: the server responded with a status of 404 () @ https://res.cloudinary.com/nuxt-cloudinary/image/upload/f_auto,q_auto,w_300,h_300/https://cms.meeovicms.com/assets//images/smartwatch.jpg:0
[   33760ms] [ERROR] Failed to load resource: the server responded with a status of 404 () @ https://res.cloudinary.com/nuxt-cloudinary/image/upload/f_auto,q_auto,w_300,h_300/https://cms.meeovicms.com/assets/4f4d8489-7439-4a65-960a-77b604cc0f7d:0
[   33761ms] [ERROR] Failed to load resource: the server responded with a status of 404 () @ https://res.cloudinary.com/nuxt-cloudinary/image/upload/f_auto,q_auto,w_300,h_300/https://cms.meeovicms.com/assets//images/yogamat.jpg:0
[   37445ms] [ERROR] Failed to load resource: the server responded with a status of 404 () @ https://res.cloudinary.com/nuxt-cloudinary/image/upload/f_auto,q_auto,w_300,h_300/https://cms.meeovicms.com/assets//images/shoes.jpg:0
[   37447ms] [ERROR] Failed to load resource: the server responded with a status of 404 () @ https://res.cloudinary.com/nuxt-cloudinary/image/upload/f_auto,q_auto,w_300,h_300/https://cms.meeovicms.com/assets//images/wallet.jpg:0
[   37448ms] [ERROR] Failed to load resource: the server responded with a status of 404 () @ https://res.cloudinary.com/nuxt-cloudinary/image/upload/f_auto,q_auto,w_300,h_300/https://cms.meeovicms.com/assets//images/headphones.jpg:0
[   37448ms] [ERROR] Failed to load resource: the server responded with a status of 404 () @ https://res.cloudinary.com/nuxt-cloudinary/image/upload/f_auto,q_auto,w_300,h_300/https://cms.meeovicms.com/assets//images/bottle.jpg:0
[   37449ms] [ERROR] Failed to load resource: the server responded with a status of 404 () @ https://res.cloudinary.com/nuxt-cloudinary/image/upload/f_auto,q_auto,w_300,h_300/https://cms.meeovicms.com/assets/daa48c31-db59-4537-bc6f-08a84cb1d46d:0
[   37451ms] [ERROR] Failed to load resource: the server responded with a status of 404 () @ https://res.cloudinary.com/nuxt-cloudinary/image/upload/f_auto,q_auto,w_300,h_300/https://cms.meeovicms.com/assets/4f4d8489-7439-4a65-960a-77b604cc0f7d:0
[   37452ms] [ERROR] Failed to load resource: the server responded with a status of 404 () @ https://res.cloudinary.com/nuxt-cloudinary/image/upload/f_auto,q_auto,w_300,h_300/https://cms.meeovicms.com/assets//images/tshirt.jpg:0
[   37452ms] [ERROR] Failed to load resource: the server responded with a status of 404 () @ https://res.cloudinary.com/nuxt-cloudinary/image/upload/f_auto,q_auto,w_300,h_300/https://cms.meeovicms.com/assets//images/smartwatch.jpg:0
[   37454ms] [ERROR] Failed to load resource: the server responded with a status of 404 () @ https://res.cloudinary.com/nuxt-cloudinary/image/upload/f_auto,q_auto,w_300,h_300/https://cms.meeovicms.com/assets//images/mugs.jpg:0
[   37455ms] [ERROR] Failed to load resource: the server responded with a status of 404 () @ https://res.cloudinary.com/nuxt-cloudinary/image/upload/f_auto,q_auto,w_300,h_300/https://cms.meeovicms.com/assets//images/yogamat.jpg:0
[   40513ms] [ERROR] Failed to load resource: the server responded with a status of 404 () @ https://res.cloudinary.com/nuxt-cloudinary/image/upload/f_auto,q_auto,w_300,h_300/https://cms.meeovicms.com/assets//images/shoes.jpg:0
[   40514ms] [ERROR] Failed to load resource: the server responded with a status of 404 () @ https://res.cloudinary.com/nuxt-cloudinary/image/upload/f_auto,q_auto,w_300,h_300/https://cms.meeovicms.com/assets//images/headphones.jpg:0
[   40515ms] [ERROR] Failed to load resource: the server responded with a status of 404 () @ https://res.cloudinary.com/nuxt-cloudinary/image/upload/f_auto,q_auto,w_300,h_300/https://cms.meeovicms.com/assets//images/tshirt.jpg:0
[   40516ms] [ERROR] Failed to load resource: the server responded with a status of 404 () @ https://res.cloudinary.com/nuxt-cloudinary/image/upload/f_auto,q_auto,w_300,h_300/https://cms.meeovicms.com/assets//images/bottle.jpg:0
[   40517ms] [ERROR] Failed to load resource: the server responded with a status of 404 () @ https://res.cloudinary.com/nuxt-cloudinary/image/upload/f_auto,q_auto,w_300,h_300/https://cms.meeovicms.com/assets//images/smartwatch.jpg:0
[   40517ms] [ERROR] Failed to load resource: the server responded with a status of 404 () @ https://res.cloudinary.com/nuxt-cloudinary/image/upload/f_auto,q_auto,w_300,h_300/https://cms.meeovicms.com/assets//images/mugs.jpg:0
[   40518ms] [ERROR] Failed to load resource: the server responded with a status of 404 () @ https://res.cloudinary.com/nuxt-cloudinary/image/upload/f_auto,q_auto,w_300,h_300/https://cms.meeovicms.com/assets/daa48c31-db59-4537-bc6f-08a84cb1d46d:0
[   40519ms] [ERROR] Failed to load resource: the server responded with a status of 404 () @ https://res.cloudinary.com/nuxt-cloudinary/image/upload/f_auto,q_auto,w_300,h_300/https://cms.meeovicms.com/assets//images/wallet.jpg:0
[   40520ms] [ERROR] Failed to load resource: the server responded with a status of 404 () @ https://res.cloudinary.com/nuxt-cloudinary/image/upload/f_auto,q_auto,w_300,h_300/https://cms.meeovicms.com/assets//images/yogamat.jpg:0
[   40521ms] [ERROR] Failed to load resource: the server responded with a status of 404 () @ https://res.cloudinary.com/nuxt-cloudinary/image/upload/f_auto,q_auto,w_300,h_300/https://cms.meeovicms.com/assets/4f4d8489-7439-4a65-960a-77b604cc0f7d:0
[   43685ms] [ERROR] Failed to load resource: the server responded with a status of 404 () @ https://res.cloudinary.com/nuxt-cloudinary/image/upload/f_auto,q_auto,w_300,h_300/https://cms.meeovicms.com/assets//images/headphones.jpg:0
[   43687ms] [ERROR] Failed to load resource: the server responded with a status of 404 () @ https://res.cloudinary.com/nuxt-cloudinary/image/upload/f_auto,q_auto,w_300,h_300/https://cms.meeovicms.com/assets//images/shoes.jpg:0
[   43687ms] [ERROR] Failed to load resource: the server responded with a status of 404 () @ https://res.cloudinary.com/nuxt-cloudinary/image/upload/f_auto,q_auto,w_300,h_300/https://cms.meeovicms.com/assets//images/tshirt.jpg:0
[   43688ms] [ERROR] Failed to load resource: the server responded with a status of 404 () @ https://res.cloudinary.com/nuxt-cloudinary/image/upload/f_auto,q_auto,w_300,h_300/https://cms.meeovicms.com/assets//images/bottle.jpg:0
[   43689ms] [ERROR] Failed to load resource: the server responded with a status of 404 () @ https://res.cloudinary.com/nuxt-cloudinary/image/upload/f_auto,q_auto,w_300,h_300/https://cms.meeovicms.com/assets//images/wallet.jpg:0
[   43690ms] [ERROR] Failed to load resource: the server responded with a status of 404 () @ https://res.cloudinary.com/nuxt-cloudinary/image/upload/f_auto,q_auto,w_300,h_300/https://cms.meeovicms.com/assets//images/smartwatch.jpg:0
[   43690ms] [ERROR] Failed to load resource: the server responded with a status of 404 () @ https://res.cloudinary.com/nuxt-cloudinary/image/upload/f_auto,q_auto,w_300,h_300/https://cms.meeovicms.com/assets/4f4d8489-7439-4a65-960a-77b604cc0f7d:0
[   43691ms] [ERROR] Failed to load resource: the server responded with a status of 404 () @ https://res.cloudinary.com/nuxt-cloudinary/image/upload/f_auto,q_auto,w_300,h_300/https://cms.meeovicms.com/assets//images/mugs.jpg:0
[   43692ms] [ERROR] Failed to load resource: the server responded with a status of 404 () @ https://res.cloudinary.com/nuxt-cloudinary/image/upload/f_auto,q_auto,w_300,h_300/https://cms.meeovicms.com/assets/daa48c31-db59-4537-bc6f-08a84cb1d46d:0
[   43693ms] [ERROR] Failed to load resource: the server responded with a status of 404 () @ https://res.cloudinary.com/nuxt-cloudinary/image/upload/f_auto,q_auto,w_300,h_300/https://cms.meeovicms.com/assets//images/yogamat.jpg:0
[   46559ms] [ERROR] Failed to load resource: the server responded with a status of 404 () @ https://res.cloudinary.com/nuxt-cloudinary/image/upload/f_auto,q_auto,w_300,h_300/https://cms.meeovicms.com/assets//images/bottle.jpg:0
[   46560ms] [ERROR] Failed to load resource: the server responded with a status of 404 () @ https://res.cloudinary.com/nuxt-cloudinary/image/upload/f_auto,q_auto,w_300,h_300/https://cms.meeovicms.com/assets//images/headphones.jpg:0
[   46561ms] [ERROR] Failed to load resource: the server responded with a status of 404 () @ https://res.cloudinary.com/nuxt-cloudinary/image/upload/f_auto,q_auto,w_300,h_300/https://cms.meeovicms.com/assets//images/shoes.jpg:0
[   46563ms] [ERROR] Failed to load resource: the server responded with a status of 404 () @ https://res.cloudinary.com/nuxt-cloudinary/image/upload/f_auto,q_auto,w_300,h_300/https://cms.meeovicms.com/assets//images/smartwatch.jpg:0
[   46564ms] [ERROR] Failed to load resource: the server responded with a status of 404 () @ https://res.cloudinary.com/nuxt-cloudinary/image/upload/f_auto,q_auto,w_300,h_300/https://cms.meeovicms.com/assets//images/tshirt.jpg:0
[   46565ms] [ERROR] Failed to load resource: the server responded with a status of 404 () @ https://res.cloudinary.com/nuxt-cloudinary/image/upload/f_auto,q_auto,w_300,h_300/https://cms.meeovicms.com/assets/daa48c31-db59-4537-bc6f-08a84cb1d46d:0
[   46567ms] [ERROR] Failed to load resource: the server responded with a status of 404 () @ https://res.cloudinary.com/nuxt-cloudinary/image/upload/f_auto,q_auto,w_300,h_300/https://cms.meeovicms.com/assets//images/yogamat.jpg:0
[   46568ms] [ERROR] Failed to load resource: the server responded with a status of 404 () @ https://res.cloudinary.com/nuxt-cloudinary/image/upload/f_auto,q_auto,w_300,h_300/https://cms.meeovicms.com/assets//images/wallet.jpg:0
[   46569ms] [ERROR] Failed to load resource: the server responded with a status of 404 () @ https://res.cloudinary.com/nuxt-cloudinary/image/upload/f_auto,q_auto,w_300,h_300/https://cms.meeovicms.com/assets//images/mugs.jpg:0
[   46570ms] [ERROR] Failed to load resource: the server responded with a status of 404 () @ https://res.cloudinary.com/nuxt-cloudinary/image/upload/f_auto,q_auto,w_300,h_300/https://cms.meeovicms.com/assets/4f4d8489-7439-4a65-960a-77b604cc0f7d:0
[   49997ms] [ERROR] Failed to load resource: the server responded with a status of 404 () @ https://res.cloudinary.com/nuxt-cloudinary/image/upload/f_auto,q_auto,w_300,h_300/https://cms.meeovicms.com/assets//images/shoes.jpg:0
[   49999ms] [ERROR] Failed to load resource: the server responded with a status of 404 () @ https://res.cloudinary.com/nuxt-cloudinary/image/upload/f_auto,q_auto,w_300,h_300/https://cms.meeovicms.com/assets//images/yogamat.jpg:0
[   50000ms] [ERROR] Failed to load resource: the server responded with a status of 404 () @ https://res.cloudinary.com/nuxt-cloudinary/image/upload/f_auto,q_auto,w_300,h_300/https://cms.meeovicms.com/assets//images/headphones.jpg:0
[   50001ms] [ERROR] Failed to load resource: the server responded with a status of 404 () @ https://res.cloudinary.com/nuxt-cloudinary/image/upload/f_auto,q_auto,w_300,h_300/https://cms.meeovicms.com/assets//images/tshirt.jpg:0
[   50002ms] [ERROR] Failed to load resource: the server responded with a status of 404 () @ https://res.cloudinary.com/nuxt-cloudinary/image/upload/f_auto,q_auto,w_300,h_300/https://cms.meeovicms.com/assets//images/wallet.jpg:0
[   50003ms] [ERROR] Failed to load resource: the server responded with a status of 404 () @ https://res.cloudinary.com/nuxt-cloudinary/image/upload/f_auto,q_auto,w_300,h_300/https://cms.meeovicms.com/assets//images/bottle.jpg:0
[   50005ms] [ERROR] Failed to load resource: the server responded with a status of 404 () @ https://res.cloudinary.com/nuxt-cloudinary/image/upload/f_auto,q_auto,w_300,h_300/https://cms.meeovicms.com/assets//images/smartwatch.jpg:0
[   50006ms] [ERROR] Failed to load resource: the server responded with a status of 404 () @ https://res.cloudinary.com/nuxt-cloudinary/image/upload/f_auto,q_auto,w_300,h_300/https://cms.meeovicms.com/assets/daa48c31-db59-4537-bc6f-08a84cb1d46d:0
[   50009ms] [ERROR] Failed to load resource: the server responded with a status of 404 () @ https://res.cloudinary.com/nuxt-cloudinary/image/upload/f_auto,q_auto,w_300,h_300/https://cms.meeovicms.com/assets/4f4d8489-7439-4a65-960a-77b604cc0f7d:0
[   50010ms] [ERROR] Failed to load resource: the server responded with a status of 404 () @ https://res.cloudinary.com/nuxt-cloudinary/image/upload/f_auto,q_auto,w_300,h_300/https://cms.meeovicms.com/assets//images/mugs.jpg:0
[   50242ms] [WARNING] No available adapters. @ https://challenges.cloudflare.com/cdn-cgi/challenge-platform/h/g/turnstile/f/av0/rch5poCU0r_vP6hQc2XMOL4_RbxYDihZzxpFdd93pBs3pI-1788535097-1.3.1.1-GUbLpmwKq33ZhxQP1PBbPedhljhnzEfuCsgTxoraVJ4/p5024/0x4AAAAAAASJjd3fbeyQJrfe/auto/fbE/failure_retry/normal?lang=auto:0
[   50434ms] [ERROR] Failed to load resource: the server responded with a status of 400 () @ https://challenges.cloudflare.com/cdn-cgi/challenge-platform/h/g/fo/3229638258:1788530713:y45w-Vdb4KL5BoM5pUKmxidxDig_YOklI11bg4PS1zE/a35df7d46caa64a6/lSa7bFE0iLIpags3TK67HsvmpOycBHs2Cql1wCRCDc8-1788535120-1.2.1.1-k8ignj7j9jqfQH5hwIhPqgizHOOIXjE7q2hP9FRDoOmsb5Uohp7Wzxi2qnJ9xMWq:0
[   53237ms] [ERROR] Failed to load resource: the server responded with a status of 404 () @ https://res.cloudinary.com/nuxt-cloudinary/image/upload/f_auto,q_auto,w_300,h_300/https://cms.meeovicms.com/assets//images/bottle.jpg:0
[   53238ms] [ERROR] Failed to load resource: the server responded with a status of 404 () @ https://res.cloudinary.com/nuxt-cloudinary/image/upload/f_auto,q_auto,w_300,h_300/https://cms.meeovicms.com/assets//images/wallet.jpg:0
[   53239ms] [ERROR] Failed to load resource: the server responded with a status of 404 () @ https://res.cloudinary.com/nuxt-cloudinary/image/upload/f_auto,q_auto,w_300,h_300/https://cms.meeovicms.com/assets//images/headphones.jpg:0
[   53240ms] [ERROR] Failed to load resource: the server responded with a status of 404 () @ https://res.cloudinary.com/nuxt-cloudinary/image/upload/f_auto,q_auto,w_300,h_300/https://cms.meeovicms.com/assets/daa48c31-db59-4537-bc6f-08a84cb1d46d:0
[   53242ms] [ERROR] Failed to load resource: the server responded with a status of 404 () @ https://res.cloudinary.com/nuxt-cloudinary/image/upload/f_auto,q_auto,w_300,h_300/https://cms.meeovicms.com/assets//images/shoes.jpg:0
[   53243ms] [ERROR] Failed to load resource: the server responded with a status of 404 () @ https://res.cloudinary.com/nuxt-cloudinary/image/upload/f_auto,q_auto,w_300,h_300/https://cms.meeovicms.com/assets//images/mugs.jpg:0
[   53244ms] [ERROR] Failed to load resource: the server responded with a status of 404 () @ https://res.cloudinary.com/nuxt-cloudinary/image/upload/f_auto,q_auto,w_300,h_300/https://cms.meeovicms.com/assets//images/yogamat.jpg:0
[   53245ms] [ERROR] Failed to load resource: the server responded with a status of 404 () @ https://res.cloudinary.com/nuxt-cloudinary/image/upload/f_auto,q_auto,w_300,h_300/https://cms.meeovicms.com/assets/4f4d8489-7439-4a65-960a-77b604cc0f7d:0
[   53245ms] [ERROR] Failed to load resource: the server responded with a status of 404 () @ https://res.cloudinary.com/nuxt-cloudinary/image/upload/f_auto,q_auto,w_300,h_300/https://cms.meeovicms.com/assets//images/tshirt.jpg:0
[   53246ms] [ERROR] Failed to load resource: the server responded with a status of 404 () @ https://res.cloudinary.com/nuxt-cloudinary/image/upload/f_auto,q_auto,w_300,h_300/https://cms.meeovicms.com/assets//images/smartwatch.jpg:0
[   56045ms] [ERROR] Failed to load resource: the server responded with a status of 404 () @ https://res.cloudinary.com/nuxt-cloudinary/image/upload/f_auto,q_auto,w_300,h_300/https://cms.meeovicms.com/assets//images/tshirt.jpg:0
[   56046ms] [ERROR] Failed to load resource: the server responded with a status of 404 () @ https://res.cloudinary.com/nuxt-cloudinary/image/upload/f_auto,q_auto,w_300,h_300/https://cms.meeovicms.com/assets//images/headphones.jpg:0
[   56047ms] [ERROR] Failed to load resource: the server responded with a status of 404 () @ https://res.cloudinary.com/nuxt-cloudinary/image/upload/f_auto,q_auto,w_300,h_300/https://cms.meeovicms.com/assets//images/bottle.jpg:0
[   56048ms] [ERROR] Failed to load resource: the server responded with a status of 404 () @ https://res.cloudinary.com/nuxt-cloudinary/image/upload/f_auto,q_auto,w_300,h_300/https://cms.meeovicms.com/assets//images/smartwatch.jpg:0
[   56049ms] [ERROR] Failed to load resource: the server responded with a status of 404 () @ https://res.cloudinary.com/nuxt-cloudinary/image/upload/f_auto,q_auto,w_300,h_300/https://cms.meeovicms.com/assets//images/wallet.jpg:0
[   56050ms] [ERROR] Failed to load resource: the server responded with a status of 404 () @ https://res.cloudinary.com/nuxt-cloudinary/image/upload/f_auto,q_auto,w_300,h_300/https://cms.meeovicms.com/assets//images/shoes.jpg:0
[   56051ms] [ERROR] Failed to load resource: the server responded with a status of 404 () @ https://res.cloudinary.com/nuxt-cloudinary/image/upload/f_auto,q_auto,w_300,h_300/https://cms.meeovicms.com/assets//images/mugs.jpg:0
[   56052ms] [ERROR] Failed to load resource: the server responded with a status of 404 () @ https://res.cloudinary.com/nuxt-cloudinary/image/upload/f_auto,q_auto,w_300,h_300/https://cms.meeovicms.com/assets/daa48c31-db59-4537-bc6f-08a84cb1d46d:0
[   56053ms] [ERROR] Failed to load resource: the server responded with a status of 404 () @ https://res.cloudinary.com/nuxt-cloudinary/image/upload/f_auto,q_auto,w_300,h_300/https://cms.meeovicms.com/assets//images/yogamat.jpg:0
[   56054ms] [ERROR] Failed to load resource: the server responded with a status of 404 () @ https://res.cloudinary.com/nuxt-cloudinary/image/upload/f_auto,q_auto,w_300,h_300/https://cms.meeovicms.com/assets/4f4d8489-7439-4a65-960a-77b604cc0f7d:0
[   58778ms] [ERROR] Failed to load resource: the server responded with a status of 404 () @ https://res.cloudinary.com/nuxt-cloudinary/image/upload/f_auto,q_auto,w_300,h_300/https://cms.meeovicms.com/assets//images/tshirt.jpg:0
[   58779ms] [ERROR] Failed to load resource: the server responded with a status of 404 () @ https://res.cloudinary.com/nuxt-cloudinary/image/upload/f_auto,q_auto,w_300,h_300/https://cms.meeovicms.com/assets//images/shoes.jpg:0
[   58780ms] [ERROR] Failed to load resource: the server responded with a status of 404 () @ https://res.cloudinary.com/nuxt-cloudinary/image/upload/f_auto,q_auto,w_300,h_300/https://cms.meeovicms.com/assets//images/headphones.jpg:0
[   58781ms] [ERROR] Failed to load resource: the server responded with a status of 404 () @ https://res.cloudinary.com/nuxt-cloudinary/image/upload/f_auto,q_auto,w_300,h_300/https://cms.meeovicms.com/assets//images/wallet.jpg:0
[   58782ms] [ERROR] Failed to load resource: the server responded with a status of 404 () @ https://res.cloudinary.com/nuxt-cloudinary/image/upload/f_auto,q_auto,w_300,h_300/https://cms.meeovicms.com/assets/daa48c31-db59-4537-bc6f-08a84cb1d46d:0
[   58784ms] [ERROR] Failed to load resource: the server responded with a status of 404 () @ https://res.cloudinary.com/nuxt-cloudinary/image/upload/f_auto,q_auto,w_300,h_300/https://cms.meeovicms.com/assets//images/smartwatch.jpg:0
[   58785ms] [ERROR] Failed to load resource: the server responded with a status of 404 () @ https://res.cloudinary.com/nuxt-cloudinary/image/upload/f_auto,q_auto,w_300,h_300/https://cms.meeovicms.com/assets//images/mugs.jpg:0
[   58786ms] [ERROR] Failed to load resource: the server responded with a status of 404 () @ https://res.cloudinary.com/nuxt-cloudinary/image/upload/f_auto,q_auto,w_300,h_300/https://cms.meeovicms.com/assets/4f4d8489-7439-4a65-960a-77b604cc0f7d:0
[   58786ms] [ERROR] Failed to load resource: the server responded with a status of 404 () @ https://res.cloudinary.com/nuxt-cloudinary/image/upload/f_auto,q_auto,w_300,h_300/https://cms.meeovicms.com/assets//images/bottle.jpg:0
[   58787ms] [ERROR] Failed to load resource: the server responded with a status of 404 () @ https://res.cloudinary.com/nuxt-cloudinary/image/upload/f_auto,q_auto,w_300,h_300/https://cms.meeovicms.com/assets//images/yogamat.jpg:0
[   58865ms] TurnstileError: [Cloudflare Turnstile] Error: 110200.
    at x (https://challenges.cloudflare.com/turnstile/v0/api.js:2:17328)
    at P (https://challenges.cloudflare.com/turnstile/v0/api.js:2:60066)
    at I (https://challenges.cloudflare.com/turnstile/v0/api.js:2:65893)
    at sentryWrapped (http://127.0.0.1:3002/_nuxt/@fs/home/meebuzo/github/alternate-framework/node_modules/@sentry/browser/build/npm/esm/dev/helpers.js?v=4790ac70:41:17)
[   59160ms] [ERROR] Connecting to 'https://o996770.ingest.us.sentry.io/api/5955273/envelope/?sentry_version=7&sentry_key=df1b90fab7c44ce8aef097a63b468d61&sentry_client=sentry.javascript.nuxt%2F10.70.0' violates the following Content Security Policy directive: "connect-src 'self' https://*.mux.com https://cms.meeovicms.com". The action has been blocked. @ http://127.0.0.1:3002/_nuxt/@fs/home/meebuzo/github/alternate-framework/node_modules/@sentry/browser/build/npm/esm/dev/transports/fetch.js?v=4790ac70:31
[   59161ms] [ERROR] Fetch API cannot load https://o996770.ingest.us.sentry.io/api/5955273/envelope/?sentry_version=7&sentry_key=df1b90fab7c44ce8aef097a63b468d61&sentry_client=sentry.javascript.nuxt%2F10.70.0. Refused to connect because it violates the document's Content Security Policy. @ http://127.0.0.1:3002/_nuxt/@fs/home/meebuzo/github/alternate-framework/node_modules/@sentry/browser/build/npm/esm/dev/transports/fetch.js?v=4790ac70:31
[   61630ms] [ERROR] Failed to load resource: the server responded with a status of 404 () @ https://res.cloudinary.com/nuxt-cloudinary/image/upload/f_auto,q_auto,w_300,h_300/https://cms.meeovicms.com/assets//images/bottle.jpg:0
[   61632ms] [ERROR] Failed to load resource: the server responded with a status of 404 () @ https://res.cloudinary.com/nuxt-cloudinary/image/upload/f_auto,q_auto,w_300,h_300/https://cms.meeovicms.com/assets//images/smartwatch.jpg:0
[   61633ms] [ERROR] Failed to load resource: the server responded with a status of 404 () @ https://res.cloudinary.com/nuxt-cloudinary/image/upload/f_auto,q_auto,w_300,h_300/https://cms.meeovicms.com/assets//images/headphones.jpg:0
[   61633ms] [ERROR] Failed to load resource: the server responded with a status of 404 () @ https://res.cloudinary.com/nuxt-cloudinary/image/upload/f_auto,q_auto,w_300,h_300/https://cms.meeovicms.com/assets//images/shoes.jpg:0
[   61634ms] [ERROR] Failed to load resource: the server responded with a status of 404 () @ https://res.cloudinary.com/nuxt-cloudinary/image/upload/f_auto,q_auto,w_300,h_300/https://cms.meeovicms.com/assets//images/tshirt.jpg:0
[   61636ms] [ERROR] Failed to load resource: the server responded with a status of 404 () @ https://res.cloudinary.com/nuxt-cloudinary/image/upload/f_auto,q_auto,w_300,h_300/https://cms.meeovicms.com/assets//images/wallet.jpg:0
[   61637ms] [ERROR] Failed to load resource: the server responded with a status of 404 () @ https://res.cloudinary.com/nuxt-cloudinary/image/upload/f_auto,q_auto,w_300,h_300/https://cms.meeovicms.com/assets/daa48c31-db59-4537-bc6f-08a84cb1d46d:0
[   61639ms] [ERROR] Failed to load resource: the server responded with a status of 404 () @ https://res.cloudinary.com/nuxt-cloudinary/image/upload/f_auto,q_auto,w_300,h_300/https://cms.meeovicms.com/assets//images/mugs.jpg:0
[   61640ms] [ERROR] Failed to load resource: the server responded with a status of 404 () @ https://res.cloudinary.com/nuxt-cloudinary/image/upload/f_auto,q_auto,w_300,h_300/https://cms.meeovicms.com/assets//images/yogamat.jpg:0
[   61641ms] [ERROR] Failed to load resource: the server responded with a status of 404 () @ https://res.cloudinary.com/nuxt-cloudinary/image/upload/f_auto,q_auto,w_300,h_300/https://cms.meeovicms.com/assets/4f4d8489-7439-4a65-960a-77b604cc0f7d:0
[   64399ms] [ERROR] Failed to load resource: the server responded with a status of 404 () @ https://res.cloudinary.com/nuxt-cloudinary/image/upload/f_auto,q_auto,w_300,h_300/https://cms.meeovicms.com/assets//images/tshirt.jpg:0
[   64401ms] [ERROR] Failed to load resource: the server responded with a status of 404 () @ https://res.cloudinary.com/nuxt-cloudinary/image/upload/f_auto,q_auto,w_300,h_300/https://cms.meeovicms.com/assets//images/headphones.jpg:0
[   64403ms] [ERROR] Failed to load resource: the server responded with a status of 404 () @ https://res.cloudinary.com/nuxt-cloudinary/image/upload/f_auto,q_auto,w_300,h_300/https://cms.meeovicms.com/assets//images/shoes.jpg:0
[   64404ms] [ERROR] Failed to load resource: the server responded with a status of 404 () @ https://res.cloudinary.com/nuxt-cloudinary/image/upload/f_auto,q_auto,w_300,h_300/https://cms.meeovicms.com/assets//images/smartwatch.jpg:0
[   64405ms] [ERROR] Failed to load resource: the server responded with a status of 404 () @ https://res.cloudinary.com/nuxt-cloudinary/image/upload/f_auto,q_auto,w_300,h_300/https://cms.meeovicms.com/assets//images/wallet.jpg:0
[   64406ms] [ERROR] Failed to load resource: the server responded with a status of 404 () @ https://res.cloudinary.com/nuxt-cloudinary/image/upload/f_auto,q_auto,w_300,h_300/https://cms.meeovicms.com/assets//images/mugs.jpg:0
[   64407ms] [ERROR] Failed to load resource: the server responded with a status of 404 () @ https://res.cloudinary.com/nuxt-cloudinary/image/upload/f_auto,q_auto,w_300,h_300/https://cms.meeovicms.com/assets//images/bottle.jpg:0
[   64408ms] [ERROR] Failed to load resource: the server responded with a status of 404 () @ https://res.cloudinary.com/nuxt-cloudinary/image/upload/f_auto,q_auto,w_300,h_300/https://cms.meeovicms.com/assets/4f4d8489-7439-4a65-960a-77b604cc0f7d:0
[   64409ms] [ERROR] Failed to load resource: the server responded with a status of 404 () @ https://res.cloudinary.com/nuxt-cloudinary/image/upload/f_auto,q_auto,w_300,h_300/https://cms.meeovicms.com/assets//images/yogamat.jpg:0
[   64410ms] [ERROR] Failed to load resource: the server responded with a status of 404 () @ https://res.cloudinary.com/nuxt-cloudinary/image/upload/f_auto,q_auto,w_300,h_300/https://cms.meeovicms.com/assets/daa48c31-db59-4537-bc6f-08a84cb1d46d:0
[   67194ms] [ERROR] Failed to load resource: the server responded with a status of 404 () @ https://res.cloudinary.com/nuxt-cloudinary/image/upload/f_auto,q_auto,w_300,h_300/https://cms.meeovicms.com/assets//images/headphones.jpg:0
[   67196ms] [ERROR] Failed to load resource: the server responded with a status of 404 () @ https://res.cloudinary.com/nuxt-cloudinary/image/upload/f_auto,q_auto,w_300,h_300/https://cms.meeovicms.com/assets//images/tshirt.jpg:0
[   67197ms] [ERROR] Failed to load resource: the server responded with a status of 404 () @ https://res.cloudinary.com/nuxt-cloudinary/image/upload/f_auto,q_auto,w_300,h_300/https://cms.meeovicms.com/assets//images/bottle.jpg:0
[   67199ms] [ERROR] Failed to load resource: the server responded with a status of 404 () @ https://res.cloudinary.com/nuxt-cloudinary/image/upload/f_auto,q_auto,w_300,h_300/https://cms.meeovicms.com/assets//images/shoes.jpg:0
[   67201ms] [ERROR] Failed to load resource: the server responded with a status of 404 () @ https://res.cloudinary.com/nuxt-cloudinary/image/upload/f_auto,q_auto,w_300,h_300/https://cms.meeovicms.com/assets//images/wallet.jpg:0
[   67203ms] [ERROR] Failed to load resource: the server responded with a status of 404 () @ https://res.cloudinary.com/nuxt-cloudinary/image/upload/f_auto,q_auto,w_300,h_300/https://cms.meeovicms.com/assets//images/smartwatch.jpg:0
[   67204ms] [ERROR] Failed to load resource: the server responded with a status of 404 () @ https://res.cloudinary.com/nuxt-cloudinary/image/upload/f_auto,q_auto,w_300,h_300/https://cms.meeovicms.com/assets//images/mugs.jpg:0
[   67206ms] [ERROR] Failed to load resource: the server responded with a status of 404 () @ https://res.cloudinary.com/nuxt-cloudinary/image/upload/f_auto,q_auto,w_300,h_300/https://cms.meeovicms.com/assets/daa48c31-db59-4537-bc6f-08a84cb1d46d:0
[   67209ms] [ERROR] Failed to load resource: the server responded with a status of 404 () @ https://res.cloudinary.com/nuxt-cloudinary/image/upload/f_auto,q_auto,w_300,h_300/https://cms.meeovicms.com/assets//images/yogamat.jpg:0
[   67211ms] [ERROR] Failed to load resource: the server responded with a status of 404 () @ https://res.cloudinary.com/nuxt-cloudinary/image/upload/f_auto,q_auto,w_300,h_300/https://cms.meeovicms.com/assets/4f4d8489-7439-4a65-960a-77b604cc0f7d:0
[   70242ms] [ERROR] Failed to load resource: the server responded with a status of 404 () @ https://res.cloudinary.com/nuxt-cloudinary/image/upload/f_auto,q_auto,w_300,h_300/https://cms.meeovicms.com/assets//images/tshirt.jpg:0
[   70245ms] [ERROR] Failed to load resource: the server responded with a status of 404 () @ https://res.cloudinary.com/nuxt-cloudinary/image/upload/f_auto,q_auto,w_300,h_300/https://cms.meeovicms.com/assets//images/headphones.jpg:0
[   70246ms] [ERROR] Failed to load resource: the server responded with a status of 404 () @ https://res.cloudinary.com/nuxt-cloudinary/image/upload/f_auto,q_auto,w_300,h_300/https://cms.meeovicms.com/assets//images/bottle.jpg:0
[   70248ms] [ERROR] Failed to load resource: the server responded with a status of 404 () @ https://res.cloudinary.com/nuxt-cloudinary/image/upload/f_auto,q_auto,w_300,h_300/https://cms.meeovicms.com/assets//images/shoes.jpg:0
[   70249ms] [ERROR] Failed to load resource: the server responded with a status of 404 () @ https://res.cloudinary.com/nuxt-cloudinary/image/upload/f_auto,q_auto,w_300,h_300/https://cms.meeovicms.com/assets//images/smartwatch.jpg:0
[   70250ms] [ERROR] Failed to load resource: the server responded with a status of 404 () @ https://res.cloudinary.com/nuxt-cloudinary/image/upload/f_auto,q_auto,w_300,h_300/https://cms.meeovicms.com/assets//images/wallet.jpg:0
[   70252ms] [ERROR] Failed to load resource: the server responded with a status of 404 () @ https://res.cloudinary.com/nuxt-cloudinary/image/upload/f_auto,q_auto,w_300,h_300/https://cms.meeovicms.com/assets//images/yogamat.jpg:0
[   70252ms] [ERROR] Failed to load resource: the server responded with a status of 404 () @ https://res.cloudinary.com/nuxt-cloudinary/image/upload/f_auto,q_auto,w_300,h_300/https://cms.meeovicms.com/assets//images/mugs.jpg:0
[   70254ms] [ERROR] Failed to load resource: the server responded with a status of 404 () @ https://res.cloudinary.com/nuxt-cloudinary/image/upload/f_auto,q_auto,w_300,h_300/https://cms.meeovicms.com/assets/daa48c31-db59-4537-bc6f-08a84cb1d46d:0
[   70255ms] [ERROR] Failed to load resource: the server responded with a status of 404 () @ https://res.cloudinary.com/nuxt-cloudinary/image/upload/f_auto,q_auto,w_300,h_300/https://cms.meeovicms.com/assets/4f4d8489-7439-4a65-960a-77b604cc0f7d:0
[   73271ms] [ERROR] Failed to load resource: the server responded with a status of 404 () @ https://res.cloudinary.com/nuxt-cloudinary/image/upload/f_auto,q_auto,w_300,h_300/https://cms.meeovicms.com/assets//images/headphones.jpg:0
[   73272ms] [ERROR] Failed to load resource: the server responded with a status of 404 () @ https://res.cloudinary.com/nuxt-cloudinary/image/upload/f_auto,q_auto,w_300,h_300/https://cms.meeovicms.com/assets//images/shoes.jpg:0
[   73273ms] [ERROR] Failed to load resource: the server responded with a status of 404 () @ https://res.cloudinary.com/nuxt-cloudinary/image/upload/f_auto,q_auto,w_300,h_300/https://cms.meeovicms.com/assets//images/tshirt.jpg:0
[   73273ms] [ERROR] Failed to load resource: the server responded with a status of 404 () @ https://res.cloudinary.com/nuxt-cloudinary/image/upload/f_auto,q_auto,w_300,h_300/https://cms.meeovicms.com/assets//images/bottle.jpg:0
[   73274ms] [ERROR] Failed to load resource: the server responded with a status of 404 () @ https://res.cloudinary.com/nuxt-cloudinary/image/upload/f_auto,q_auto,w_300,h_300/https://cms.meeovicms.com/assets//images/smartwatch.jpg:0
[   73275ms] [ERROR] Failed to load resource: the server responded with a status of 404 () @ https://res.cloudinary.com/nuxt-cloudinary/image/upload/f_auto,q_auto,w_300,h_300/https://cms.meeovicms.com/assets//images/wallet.jpg:0
[   73276ms] [ERROR] Failed to load resource: the server responded with a status of 404 () @ https://res.cloudinary.com/nuxt-cloudinary/image/upload/f_auto,q_auto,w_300,h_300/https://cms.meeovicms.com/assets//images/yogamat.jpg:0
[   73277ms] [ERROR] Failed to load resource: the server responded with a status of 404 () @ https://res.cloudinary.com/nuxt-cloudinary/image/upload/f_auto,q_auto,w_300,h_300/https://cms.meeovicms.com/assets//images/mugs.jpg:0
[   73277ms] [ERROR] Failed to load resource: the server responded with a status of 404 () @ https://res.cloudinary.com/nuxt-cloudinary/image/upload/f_auto,q_auto,w_300,h_300/https://cms.meeovicms.com/assets/daa48c31-db59-4537-bc6f-08a84cb1d46d:0
[   73280ms] [ERROR] Failed to load resource: the server responded with a status of 404 () @ https://res.cloudinary.com/nuxt-cloudinary/image/upload/f_auto,q_auto,w_300,h_300/https://cms.meeovicms.com/assets/4f4d8489-7439-4a65-960a-77b604cc0f7d:0
[   75913ms] [ERROR] Failed to load resource: the server responded with a status of 404 () @ https://res.cloudinary.com/nuxt-cloudinary/image/upload/f_auto,q_auto,w_300,h_300/https://cms.meeovicms.com/assets//images/tshirt.jpg:0
[   75914ms] [ERROR] Failed to load resource: the server responded with a status of 404 () @ https://res.cloudinary.com/nuxt-cloudinary/image/upload/f_auto,q_auto,w_300,h_300/https://cms.meeovicms.com/assets//images/headphones.jpg:0
[   75915ms] [ERROR] Failed to load resource: the server responded with a status of 404 () @ https://res.cloudinary.com/nuxt-cloudinary/image/upload/f_auto,q_auto,w_300,h_300/https://cms.meeovicms.com/assets//images/smartwatch.jpg:0
[   75916ms] [ERROR] Failed to load resource: the server responded with a status of 404 () @ https://res.cloudinary.com/nuxt-cloudinary/image/upload/f_auto,q_auto,w_300,h_300/https://cms.meeovicms.com/assets//images/shoes.jpg:0
[   75917ms] [ERROR] Failed to load resource: the server responded with a status of 404 () @ https://res.cloudinary.com/nuxt-cloudinary/image/upload/f_auto,q_auto,w_300,h_300/https://cms.meeovicms.com/assets//images/bottle.jpg:0
[   75917ms] [ERROR] Failed to load resource: the server responded with a status of 404 () @ https://res.cloudinary.com/nuxt-cloudinary/image/upload/f_auto,q_auto,w_300,h_300/https://cms.meeovicms.com/assets/daa48c31-db59-4537-bc6f-08a84cb1d46d:0
[   75918ms] [ERROR] Failed to load resource: the server responded with a status of 404 () @ https://res.cloudinary.com/nuxt-cloudinary/image/upload/f_auto,q_auto,w_300,h_300/https://cms.meeovicms.com/assets//images/wallet.jpg:0
[   75919ms] [ERROR] Failed to load resource: the server responded with a status of 404 () @ https://res.cloudinary.com/nuxt-cloudinary/image/upload/f_auto,q_auto,w_300,h_300/https://cms.meeovicms.com/assets//images/yogamat.jpg:0
[   75920ms] [ERROR] Failed to load resource: the server responded with a status of 404 () @ https://res.cloudinary.com/nuxt-cloudinary/image/upload/f_auto,q_auto,w_300,h_300/https://cms.meeovicms.com/assets//images/mugs.jpg:0
[   75920ms] [ERROR] Failed to load resource: the server responded with a status of 404 () @ https://res.cloudinary.com/nuxt-cloudinary/image/upload/f_auto,q_auto,w_300,h_300/https://cms.meeovicms.com/assets/4f4d8489-7439-4a65-960a-77b604cc0f7d:0
[   78916ms] [ERROR] Failed to load resource: the server responded with a status of 404 () @ https://res.cloudinary.com/nuxt-cloudinary/image/upload/f_auto,q_auto,w_300,h_300/https://cms.meeovicms.com/assets//images/headphones.jpg:0
[   78917ms] [ERROR] Failed to load resource: the server responded with a status of 404 () @ https://res.cloudinary.com/nuxt-cloudinary/image/upload/f_auto,q_auto,w_300,h_300/https://cms.meeovicms.com/assets//images/tshirt.jpg:0
[   78918ms] [ERROR] Failed to load resource: the server responded with a status of 404 () @ https://res.cloudinary.com/nuxt-cloudinary/image/upload/f_auto,q_auto,w_300,h_300/https://cms.meeovicms.com/assets//images/bottle.jpg:0
[   78919ms] [ERROR] Failed to load resource: the server responded with a status of 404 () @ https://res.cloudinary.com/nuxt-cloudinary/image/upload/f_auto,q_auto,w_300,h_300/https://cms.meeovicms.com/assets//images/shoes.jpg:0
[   78920ms] [ERROR] Failed to load resource: the server responded with a status of 404 () @ https://res.cloudinary.com/nuxt-cloudinary/image/upload/f_auto,q_auto,w_300,h_300/https://cms.meeovicms.com/assets/daa48c31-db59-4537-bc6f-08a84cb1d46d:0
[   78922ms] [ERROR] Failed to load resource: the server responded with a status of 404 () @ https://res.cloudinary.com/nuxt-cloudinary/image/upload/f_auto,q_auto,w_300,h_300/https://cms.meeovicms.com/assets//images/smartwatch.jpg:0
[   78923ms] [ERROR] Failed to load resource: the server responded with a status of 404 () @ https://res.cloudinary.com/nuxt-cloudinary/image/upload/f_auto,q_auto,w_300,h_300/https://cms.meeovicms.com/assets//images/wallet.jpg:0
[   78924ms] [ERROR] Failed to load resource: the server responded with a status of 404 () @ https://res.cloudinary.com/nuxt-cloudinary/image/upload/f_auto,q_auto,w_300,h_300/https://cms.meeovicms.com/assets//images/yogamat.jpg:0
[   78925ms] [ERROR] Failed to load resource: the server responded with a status of 404 () @ https://res.cloudinary.com/nuxt-cloudinary/image/upload/f_auto,q_auto,w_300,h_300/https://cms.meeovicms.com/assets//images/mugs.jpg:0
[   78926ms] [ERROR] Failed to load resource: the server responded with a status of 404 () @ https://res.cloudinary.com/nuxt-cloudinary/image/upload/f_auto,q_auto,w_300,h_300/https://cms.meeovicms.com/assets/4f4d8489-7439-4a65-960a-77b604cc0f7d:0
[   82107ms] [ERROR] Failed to load resource: the server responded with a status of 404 () @ https://res.cloudinary.com/nuxt-cloudinary/image/upload/f_auto,q_auto,w_300,h_300/https://cms.meeovicms.com/assets//images/headphones.jpg:0
[   82108ms] [ERROR] Failed to load resource: the server responded with a status of 404 () @ https://res.cloudinary.com/nuxt-cloudinary/image/upload/f_auto,q_auto,w_300,h_300/https://cms.meeovicms.com/assets//images/tshirt.jpg:0
[   82109ms] [ERROR] Failed to load resource: the server responded with a status of 404 () @ https://res.cloudinary.com/nuxt-cloudinary/image/upload/f_auto,q_auto,w_300,h_300/https://cms.meeovicms.com/assets//images/bottle.jpg:0
[   82110ms] [ERROR] Failed to load resource: the server responded with a status of 404 () @ https://res.cloudinary.com/nuxt-cloudinary/image/upload/f_auto,q_auto,w_300,h_300/https://cms.meeovicms.com/assets//images/smartwatch.jpg:0
[   82111ms] [ERROR] Failed to load resource: the server responded with a status of 404 () @ https://res.cloudinary.com/nuxt-cloudinary/image/upload/f_auto,q_auto,w_300,h_300/https://cms.meeovicms.com/assets//images/shoes.jpg:0
[   82112ms] [ERROR] Failed to load resource: the server responded with a status of 404 () @ https://res.cloudinary.com/nuxt-cloudinary/image/upload/f_auto,q_auto,w_300,h_300/https://cms.meeovicms.com/assets//images/wallet.jpg:0
[   82113ms] [ERROR] Failed to load resource: the server responded with a status of 404 () @ https://res.cloudinary.com/nuxt-cloudinary/image/upload/f_auto,q_auto,w_300,h_300/https://cms.meeovicms.com/assets//images/yogamat.jpg:0
[   82113ms] [ERROR] Failed to load resource: the server responded with a status of 404 () @ https://res.cloudinary.com/nuxt-cloudinary/image/upload/f_auto,q_auto,w_300,h_300/https://cms.meeovicms.com/assets//images/mugs.jpg:0
[   82115ms] [ERROR] Failed to load resource: the server responded with a status of 404 () @ https://res.cloudinary.com/nuxt-cloudinary/image/upload/f_auto,q_auto,w_300,h_300/https://cms.meeovicms.com/assets/4f4d8489-7439-4a65-960a-77b604cc0f7d:0
[   82116ms] [ERROR] Failed to load resource: the server responded with a status of 404 () @ https://res.cloudinary.com/nuxt-cloudinary/image/upload/f_auto,q_auto,w_300,h_300/https://cms.meeovicms.com/assets/daa48c31-db59-4537-bc6f-08a84cb1d46d:0
[   84693ms] [ERROR] Failed to load resource: the server responded with a status of 404 () @ https://res.cloudinary.com/nuxt-cloudinary/image/upload/f_auto,q_auto,w_300,h_300/https://cms.meeovicms.com/assets//images/headphones.jpg:0
[   84694ms] [ERROR] Failed to load resource: the server responded with a status of 404 () @ https://res.cloudinary.com/nuxt-cloudinary/image/upload/f_auto,q_auto,w_300,h_300/https://cms.meeovicms.com/assets//images/tshirt.jpg:0
[   84695ms] [ERROR] Failed to load resource: the server responded with a status of 404 () @ https://res.cloudinary.com/nuxt-cloudinary/image/upload/f_auto,q_auto,w_300,h_300/https://cms.meeovicms.com/assets//images/bottle.jpg:0
[   84696ms] [ERROR] Failed to load resource: the server responded with a status of 404 () @ https://res.cloudinary.com/nuxt-cloudinary/image/upload/f_auto,q_auto,w_300,h_300/https://cms.meeovicms.com/assets//images/wallet.jpg:0
[   84697ms] [ERROR] Failed to load resource: the server responded with a status of 404 () @ https://res.cloudinary.com/nuxt-cloudinary/image/upload/f_auto,q_auto,w_300,h_300/https://cms.meeovicms.com/assets/daa48c31-db59-4537-bc6f-08a84cb1d46d:0
[   84698ms] [ERROR] Failed to load resource: the server responded with a status of 404 () @ https://res.cloudinary.com/nuxt-cloudinary/image/upload/f_auto,q_auto,w_300,h_300/https://cms.meeovicms.com/assets//images/mugs.jpg:0
[   84699ms] [ERROR] Failed to load resource: the server responded with a status of 404 () @ https://res.cloudinary.com/nuxt-cloudinary/image/upload/f_auto,q_auto,w_300,h_300/https://cms.meeovicms.com/assets/4f4d8489-7439-4a65-960a-77b604cc0f7d:0
[   84700ms] [ERROR] Failed to load resource: the server responded with a status of 404 () @ https://res.cloudinary.com/nuxt-cloudinary/image/upload/f_auto,q_auto,w_300,h_300/https://cms.meeovicms.com/assets//images/smartwatch.jpg:0
[   84700ms] [ERROR] Failed to load resource: the server responded with a status of 404 () @ https://res.cloudinary.com/nuxt-cloudinary/image/upload/f_auto,q_auto,w_300,h_300/https://cms.meeovicms.com/assets//images/yogamat.jpg:0
[   84701ms] [ERROR] Failed to load resource: the server responded with a status of 404 () @ https://res.cloudinary.com/nuxt-cloudinary/image/upload/f_auto,q_auto,w_300,h_300/https://cms.meeovicms.com/assets//images/shoes.jpg:0
[   87367ms] [ERROR] Failed to load resource: the server responded with a status of 404 () @ https://res.cloudinary.com/nuxt-cloudinary/image/upload/f_auto,q_auto,w_300,h_300/https://cms.meeovicms.com/assets//images/headphones.jpg:0
[   87368ms] [ERROR] Failed to load resource: the server responded with a status of 404 () @ https://res.cloudinary.com/nuxt-cloudinary/image/upload/f_auto,q_auto,w_300,h_300/https://cms.meeovicms.com/assets//images/shoes.jpg:0
[   87370ms] [ERROR] Failed to load resource: the server responded with a status of 404 () @ https://res.cloudinary.com/nuxt-cloudinary/image/upload/f_auto,q_auto,w_300,h_300/https://cms.meeovicms.com/assets//images/tshirt.jpg:0
[   87371ms] [ERROR] Failed to load resource: the server responded with a status of 404 () @ https://res.cloudinary.com/nuxt-cloudinary/image/upload/f_auto,q_auto,w_300,h_300/https://cms.meeovicms.com/assets//images/bottle.jpg:0
[   87372ms] [ERROR] Failed to load resource: the server responded with a status of 404 () @ https://res.cloudinary.com/nuxt-cloudinary/image/upload/f_auto,q_auto,w_300,h_300/https://cms.meeovicms.com/assets//images/smartwatch.jpg:0
[   87373ms] [ERROR] Failed to load resource: the server responded with a status of 404 () @ https://res.cloudinary.com/nuxt-cloudinary/image/upload/f_auto,q_auto,w_300,h_300/https://cms.meeovicms.com/assets//images/wallet.jpg:0
[   87374ms] [ERROR] Failed to load resource: the server responded with a status of 404 () @ https://res.cloudinary.com/nuxt-cloudinary/image/upload/f_auto,q_auto,w_300,h_300/https://cms.meeovicms.com/assets//images/mugs.jpg:0
[   87375ms] [ERROR] Failed to load resource: the server responded with a status of 404 () @ https://res.cloudinary.com/nuxt-cloudinary/image/upload/f_auto,q_auto,w_300,h_300/https://cms.meeovicms.com/assets/4f4d8489-7439-4a65-960a-77b604cc0f7d:0
[   87377ms] [ERROR] Failed to load resource: the server responded with a status of 404 () @ https://res.cloudinary.com/nuxt-cloudinary/image/upload/f_auto,q_auto,w_300,h_300/https://cms.meeovicms.com/assets//images/yogamat.jpg:0
[   87378ms] [ERROR] Failed to load resource: the server responded with a status of 404 () @ https://res.cloudinary.com/nuxt-cloudinary/image/upload/f_auto,q_auto,w_300,h_300/https://cms.meeovicms.com/assets/daa48c31-db59-4537-bc6f-08a84cb1d46d:0
[   90045ms] [ERROR] Failed to load resource: the server responded with a status of 404 () @ https://res.cloudinary.com/nuxt-cloudinary/image/upload/f_auto,q_auto,w_300,h_300/https://cms.meeovicms.com/assets//images/shoes.jpg:0
[   90047ms] [ERROR] Failed to load resource: the server responded with a status of 404 () @ https://res.cloudinary.com/nuxt-cloudinary/image/upload/f_auto,q_auto,w_300,h_300/https://cms.meeovicms.com/assets//images/bottle.jpg:0
[   90048ms] [ERROR] Failed to load resource: the server responded with a status of 404 () @ https://res.cloudinary.com/nuxt-cloudinary/image/upload/f_auto,q_auto,w_300,h_300/https://cms.meeovicms.com/assets//images/headphones.jpg:0
[   90049ms] [ERROR] Failed to load resource: the server responded with a status of 404 () @ https://res.cloudinary.com/nuxt-cloudinary/image/upload/f_auto,q_auto,w_300,h_300/https://cms.meeovicms.com/assets//images/smartwatch.jpg:0
[   90050ms] [ERROR] Failed to load resource: the server responded with a status of 404 () @ https://res.cloudinary.com/nuxt-cloudinary/image/upload/f_auto,q_auto,w_300,h_300/https://cms.meeovicms.com/assets//images/tshirt.jpg:0
[   90051ms] [ERROR] Failed to load resource: the server responded with a status of 404 () @ https://res.cloudinary.com/nuxt-cloudinary/image/upload/f_auto,q_auto,w_300,h_300/https://cms.meeovicms.com/assets//images/wallet.jpg:0
[   90052ms] [ERROR] Failed to load resource: the server responded with a status of 404 () @ https://res.cloudinary.com/nuxt-cloudinary/image/upload/f_auto,q_auto,w_300,h_300/https://cms.meeovicms.com/assets//images/mugs.jpg:0
[   90053ms] [ERROR] Failed to load resource: the server responded with a status of 404 () @ https://res.cloudinary.com/nuxt-cloudinary/image/upload/f_auto,q_auto,w_300,h_300/https://cms.meeovicms.com/assets//images/yogamat.jpg:0
[   90054ms] [ERROR] Failed to load resource: the server responded with a status of 404 () @ https://res.cloudinary.com/nuxt-cloudinary/image/upload/f_auto,q_auto,w_300,h_300/https://cms.meeovicms.com/assets/4f4d8489-7439-4a65-960a-77b604cc0f7d:0
[   90055ms] [ERROR] Failed to load resource: the server responded with a status of 404 () @ https://res.cloudinary.com/nuxt-cloudinary/image/upload/f_auto,q_auto,w_300,h_300/https://cms.meeovicms.com/assets/daa48c31-db59-4537-bc6f-08a84cb1d46d:0
[   90466ms] [WARNING] No available adapters. @ https://challenges.cloudflare.com/cdn-cgi/challenge-platform/h/g/turnstile/f/av0/rchELz8iZayDUnLxjxeTS.we0.cTs3abrdp6ShhPmTFbRc-1788535120-1.3.1.1-VA7bm.NOl8JOSogih_cA2lgi85OBBxUsvll4IqDOLlU/p5024/0x4AAAAAAASJjd3fbeyQJrfe/auto/fbE/failure_retry/normal?lang=auto:0
[   90619ms] [ERROR] Failed to load resource: the server responded with a status of 400 () @ https://challenges.cloudflare.com/cdn-cgi/challenge-platform/h/g/fo/3229638258:1788530713:y45w-Vdb4KL5BoM5pUKmxidxDig_YOklI11bg4PS1zE/a35df89e5d2964a6/EUuAwmyhcsVREUEuYjJMiwkgNC1DQs6GqO_XtSkIWgA-1788535152-1.2.1.1-C0qCBkjHrvMEzxTtebUPepC54JcZpco4NZNpDGHX8NrCE94TI.QUcja_.nzgvfyf:0
[   93316ms] [ERROR] Failed to load resource: the server responded with a status of 404 () @ https://res.cloudinary.com/nuxt-cloudinary/image/upload/f_auto,q_auto,w_300,h_300/https://cms.meeovicms.com/assets//images/tshirt.jpg:0
[   93317ms] [ERROR] Failed to load resource: the server responded with a status of 404 () @ https://res.cloudinary.com/nuxt-cloudinary/image/upload/f_auto,q_auto,w_300,h_300/https://cms.meeovicms.com/assets//images/shoes.jpg:0
[   93318ms] [ERROR] Failed to load resource: the server responded with a status of 404 () @ https://res.cloudinary.com/nuxt-cloudinary/image/upload/f_auto,q_auto,w_300,h_300/https://cms.meeovicms.com/assets//images/headphones.jpg:0
[   93319ms] [ERROR] Failed to load resource: the server responded with a status of 404 () @ https://res.cloudinary.com/nuxt-cloudinary/image/upload/f_auto,q_auto,w_300,h_300/https://cms.meeovicms.com/assets//images/mugs.jpg:0
[   93320ms] [ERROR] Failed to load resource: the server responded with a status of 404 () @ https://res.cloudinary.com/nuxt-cloudinary/image/upload/f_auto,q_auto,w_300,h_300/https://cms.meeovicms.com/assets//images/bottle.jpg:0
[   93320ms] [ERROR] Failed to load resource: the server responded with a status of 404 () @ https://res.cloudinary.com/nuxt-cloudinary/image/upload/f_auto,q_auto,w_300,h_300/https://cms.meeovicms.com/assets//images/wallet.jpg:0
[   93321ms] [ERROR] Failed to load resource: the server responded with a status of 404 () @ https://res.cloudinary.com/nuxt-cloudinary/image/upload/f_auto,q_auto,w_300,h_300/https://cms.meeovicms.com/assets//images/yogamat.jpg:0
[   93322ms] [ERROR] Failed to load resource: the server responded with a status of 404 () @ https://res.cloudinary.com/nuxt-cloudinary/image/upload/f_auto,q_auto,w_300,h_300/https://cms.meeovicms.com/assets/daa48c31-db59-4537-bc6f-08a84cb1d46d:0
[   93324ms] [ERROR] Failed to load resource: the server responded with a status of 404 () @ https://res.cloudinary.com/nuxt-cloudinary/image/upload/f_auto,q_auto,w_300,h_300/https://cms.meeovicms.com/assets//images/smartwatch.jpg:0
[   93324ms] [ERROR] Failed to load resource: the server responded with a status of 404 () @ https://res.cloudinary.com/nuxt-cloudinary/image/upload/f_auto,q_auto,w_300,h_300/https://cms.meeovicms.com/assets/4f4d8489-7439-4a65-960a-77b604cc0f7d:0
[   96195ms] [ERROR] Failed to load resource: the server responded with a status of 404 () @ https://res.cloudinary.com/nuxt-cloudinary/image/upload/f_auto,q_auto,w_300,h_300/https://cms.meeovicms.com/assets//images/headphones.jpg:0
[   96196ms] [ERROR] Failed to load resource: the server responded with a status of 404 () @ https://res.cloudinary.com/nuxt-cloudinary/image/upload/f_auto,q_auto,w_300,h_300/https://cms.meeovicms.com/assets//images/smartwatch.jpg:0
[   96197ms] [ERROR] Failed to load resource: the server responded with a status of 404 () @ https://res.cloudinary.com/nuxt-cloudinary/image/upload/f_auto,q_auto,w_300,h_300/https://cms.meeovicms.com/assets//images/bottle.jpg:0
[   96198ms] [ERROR] Failed to load resource: the server responded with a status of 404 () @ https://res.cloudinary.com/nuxt-cloudinary/image/upload/f_auto,q_auto,w_300,h_300/https://cms.meeovicms.com/assets//images/shoes.jpg:0
[   96199ms] [ERROR] Failed to load resource: the server responded with a status of 404 () @ https://res.cloudinary.com/nuxt-cloudinary/image/upload/f_auto,q_auto,w_300,h_300/https://cms.meeovicms.com/assets//images/tshirt.jpg:0
[   96200ms] [ERROR] Failed to load resource: the server responded with a status of 404 () @ https://res.cloudinary.com/nuxt-cloudinary/image/upload/f_auto,q_auto,w_300,h_300/https://cms.meeovicms.com/assets//images/wallet.jpg:0
[   96201ms] [ERROR] Failed to load resource: the server responded with a status of 404 () @ https://res.cloudinary.com/nuxt-cloudinary/image/upload/f_auto,q_auto,w_300,h_300/https://cms.meeovicms.com/assets//images/yogamat.jpg:0
[   96202ms] [ERROR] Failed to load resource: the server responded with a status of 404 () @ https://res.cloudinary.com/nuxt-cloudinary/image/upload/f_auto,q_auto,w_300,h_300/https://cms.meeovicms.com/assets/daa48c31-db59-4537-bc6f-08a84cb1d46d:0
[   96203ms] [ERROR] Failed to load resource: the server responded with a status of 404 () @ https://res.cloudinary.com/nuxt-cloudinary/image/upload/f_auto,q_auto,w_300,h_300/https://cms.meeovicms.com/assets//images/mugs.jpg:0
[   96204ms] [ERROR] Failed to load resource: the server responded with a status of 404 () @ https://res.cloudinary.com/nuxt-cloudinary/image/upload/f_auto,q_auto,w_300,h_300/https://cms.meeovicms.com/assets/4f4d8489-7439-4a65-960a-77b604cc0f7d:0
[   98860ms] [ERROR] Failed to load resource: the server responded with a status of 404 () @ https://res.cloudinary.com/nuxt-cloudinary/image/upload/f_auto,q_auto,w_300,h_300/https://cms.meeovicms.com/assets//images/headphones.jpg:0
[   98861ms] [ERROR] Failed to load resource: the server responded with a status of 404 () @ https://res.cloudinary.com/nuxt-cloudinary/image/upload/f_auto,q_auto,w_300,h_300/https://cms.meeovicms.com/assets//images/tshirt.jpg:0
[   98862ms] [ERROR] Failed to load resource: the server responded with a status of 404 () @ https://res.cloudinary.com/nuxt-cloudinary/image/upload/f_auto,q_auto,w_300,h_300/https://cms.meeovicms.com/assets//images/smartwatch.jpg:0
[   98863ms] [ERROR] Failed to load resource: the server responded with a status of 404 () @ https://res.cloudinary.com/nuxt-cloudinary/image/upload/f_auto,q_auto,w_300,h_300/https://cms.meeovicms.com/assets//images/shoes.jpg:0
[   98864ms] [ERROR] Failed to load resource: the server responded with a status of 404 () @ https://res.cloudinary.com/nuxt-cloudinary/image/upload/f_auto,q_auto,w_300,h_300/https://cms.meeovicms.com/assets/4f4d8489-7439-4a65-960a-77b604cc0f7d:0
[   98865ms] [ERROR] Failed to load resource: the server responded with a status of 404 () @ https://res.cloudinary.com/nuxt-cloudinary/image/upload/f_auto,q_auto,w_300,h_300/https://cms.meeovicms.com/assets//images/wallet.jpg:0
[   98866ms] [ERROR] Failed to load resource: the server responded with a status of 404 () @ https://res.cloudinary.com/nuxt-cloudinary/image/upload/f_auto,q_auto,w_300,h_300/https://cms.meeovicms.com/assets//images/yogamat.jpg:0
[   98867ms] [ERROR] Failed to load resource: the server responded with a status of 404 () @ https://res.cloudinary.com/nuxt-cloudinary/image/upload/f_auto,q_auto,w_300,h_300/https://cms.meeovicms.com/assets//images/bottle.jpg:0
[   98868ms] [ERROR] Failed to load resource: the server responded with a status of 404 () @ https://res.cloudinary.com/nuxt-cloudinary/image/upload/f_auto,q_auto,w_300,h_300/https://cms.meeovicms.com/assets/daa48c31-db59-4537-bc6f-08a84cb1d46d:0
[   98871ms] [ERROR] Failed to load resource: the server responded with a status of 404 () @ https://res.cloudinary.com/nuxt-cloudinary/image/upload/f_auto,q_auto,w_300,h_300/https://cms.meeovicms.com/assets//images/mugs.jpg:0
[  101667ms] [ERROR] Failed to load resource: the server responded with a status of 404 () @ https://res.cloudinary.com/nuxt-cloudinary/image/upload/f_auto,q_auto,w_300,h_300/https://cms.meeovicms.com/assets//images/headphones.jpg:0
[  101668ms] [ERROR] Failed to load resource: the server responded with a status of 404 () @ https://res.cloudinary.com/nuxt-cloudinary/image/upload/f_auto,q_auto,w_300,h_300/https://cms.meeovicms.com/assets//images/bottle.jpg:0
[  101669ms] [ERROR] Failed to load resource: the server responded with a status of 404 () @ https://res.cloudinary.com/nuxt-cloudinary/image/upload/f_auto,q_auto,w_300,h_300/https://cms.meeovicms.com/assets//images/shoes.jpg:0
[  101670ms] [ERROR] Failed to load resource: the server responded with a status of 404 () @ https://res.cloudinary.com/nuxt-cloudinary/image/upload/f_auto,q_auto,w_300,h_300/https://cms.meeovicms.com/assets//images/mugs.jpg:0
[  101671ms] [ERROR] Failed to load resource: the server responded with a status of 404 () @ https://res.cloudinary.com/nuxt-cloudinary/image/upload/f_auto,q_auto,w_300,h_300/https://cms.meeovicms.com/assets//images/tshirt.jpg:0
[  101672ms] [ERROR] Failed to load resource: the server responded with a status of 404 () @ https://res.cloudinary.com/nuxt-cloudinary/image/upload/f_auto,q_auto,w_300,h_300/https://cms.meeovicms.com/assets//images/smartwatch.jpg:0
[  101673ms] [ERROR] Failed to load resource: the server responded with a status of 404 () @ https://res.cloudinary.com/nuxt-cloudinary/image/upload/f_auto,q_auto,w_300,h_300/https://cms.meeovicms.com/assets//images/wallet.jpg:0
[  101673ms] [ERROR] Failed to load resource: the server responded with a status of 404 () @ https://res.cloudinary.com/nuxt-cloudinary/image/upload/f_auto,q_auto,w_300,h_300/https://cms.meeovicms.com/assets//images/yogamat.jpg:0
[  101674ms] [ERROR] Failed to load resource: the server responded with a status of 404 () @ https://res.cloudinary.com/nuxt-cloudinary/image/upload/f_auto,q_auto,w_300,h_300/https://cms.meeovicms.com/assets/daa48c31-db59-4537-bc6f-08a84cb1d46d:0
[  101676ms] [ERROR] Failed to load resource: the server responded with a status of 404 () @ https://res.cloudinary.com/nuxt-cloudinary/image/upload/f_auto,q_auto,w_300,h_300/https://cms.meeovicms.com/assets/4f4d8489-7439-4a65-960a-77b604cc0f7d:0
[  104292ms] [ERROR] Failed to load resource: the server responded with a status of 404 () @ https://res.cloudinary.com/nuxt-cloudinary/image/upload/f_auto,q_auto,w_300,h_300/https://cms.meeovicms.com/assets//images/tshirt.jpg:0
[  104294ms] [ERROR] Failed to load resource: the server responded with a status of 404 () @ https://res.cloudinary.com/nuxt-cloudinary/image/upload/f_auto,q_auto,w_300,h_300/https://cms.meeovicms.com/assets//images/headphones.jpg:0
[  104297ms] [ERROR] Failed to load resource: the server responded with a status of 404 () @ https://res.cloudinary.com/nuxt-cloudinary/image/upload/f_auto,q_auto,w_300,h_300/https://cms.meeovicms.com/assets//images/bottle.jpg:0
[  104299ms] [ERROR] Failed to load resource: the server responded with a status of 404 () @ https://res.cloudinary.com/nuxt-cloudinary/image/upload/f_auto,q_auto,w_300,h_300/https://cms.meeovicms.com/assets//images/shoes.jpg:0
[  104300ms] [ERROR] Failed to load resource: the server responded with a status of 404 () @ https://res.cloudinary.com/nuxt-cloudinary/image/upload/f_auto,q_auto,w_300,h_300/https://cms.meeovicms.com/assets//images/smartwatch.jpg:0
[  104301ms] [ERROR] Failed to load resource: the server responded with a status of 404 () @ https://res.cloudinary.com/nuxt-cloudinary/image/upload/f_auto,q_auto,w_300,h_300/https://cms.meeovicms.com/assets//images/wallet.jpg:0
[  104302ms] [ERROR] Failed to load resource: the server responded with a status of 404 () @ https://res.cloudinary.com/nuxt-cloudinary/image/upload/f_auto,q_auto,w_300,h_300/https://cms.meeovicms.com/assets//images/yogamat.jpg:0
[  104304ms] [ERROR] Failed to load resource: the server responded with a status of 404 () @ https://res.cloudinary.com/nuxt-cloudinary/image/upload/f_auto,q_auto,w_300,h_300/https://cms.meeovicms.com/assets/daa48c31-db59-4537-bc6f-08a84cb1d46d:0
[  104306ms] [ERROR] Failed to load resource: the server responded with a status of 404 () @ https://res.cloudinary.com/nuxt-cloudinary/image/upload/f_auto,q_auto,w_300,h_300/https://cms.meeovicms.com/assets//images/mugs.jpg:0
[  104307ms] [ERROR] Failed to load resource: the server responded with a status of 404 () @ https://res.cloudinary.com/nuxt-cloudinary/image/upload/f_auto,q_auto,w_300,h_300/https://cms.meeovicms.com/assets/4f4d8489-7439-4a65-960a-77b604cc0f7d:0
[  107433ms] [ERROR] Failed to load resource: the server responded with a status of 404 () @ https://res.cloudinary.com/nuxt-cloudinary/image/upload/f_auto,q_auto,w_300,h_300/https://cms.meeovicms.com/assets//images/shoes.jpg:0
[  107434ms] [ERROR] Failed to load resource: the server responded with a status of 404 () @ https://res.cloudinary.com/nuxt-cloudinary/image/upload/f_auto,q_auto,w_300,h_300/https://cms.meeovicms.com/assets//images/headphones.jpg:0
[  107435ms] [ERROR] Failed to load resource: the server responded with a status of 404 () @ https://res.cloudinary.com/nuxt-cloudinary/image/upload/f_auto,q_auto,w_300,h_300/https://cms.meeovicms.com/assets//images/tshirt.jpg:0
[  107436ms] [ERROR] Failed to load resource: the server responded with a status of 404 () @ https://res.cloudinary.com/nuxt-cloudinary/image/upload/f_auto,q_auto,w_300,h_300/https://cms.meeovicms.com/assets//images/bottle.jpg:0
[  107437ms] [ERROR] Failed to load resource: the server responded with a status of 404 () @ https://res.cloudinary.com/nuxt-cloudinary/image/upload/f_auto,q_auto,w_300,h_300/https://cms.meeovicms.com/assets//images/smartwatch.jpg:0
[  107438ms] [ERROR] Failed to load resource: the server responded with a status of 404 () @ https://res.cloudinary.com/nuxt-cloudinary/image/upload/f_auto,q_auto,w_300,h_300/https://cms.meeovicms.com/assets//images/wallet.jpg:0
[  107439ms] [ERROR] Failed to load resource: the server responded with a status of 404 () @ https://res.cloudinary.com/nuxt-cloudinary/image/upload/f_auto,q_auto,w_300,h_300/https://cms.meeovicms.com/assets//images/mugs.jpg:0
[  107440ms] [ERROR] Failed to load resource: the server responded with a status of 404 () @ https://res.cloudinary.com/nuxt-cloudinary/image/upload/f_auto,q_auto,w_300,h_300/https://cms.meeovicms.com/assets/4f4d8489-7439-4a65-960a-77b604cc0f7d:0
[  107441ms] [ERROR] Failed to load resource: the server responded with a status of 404 () @ https://res.cloudinary.com/nuxt-cloudinary/image/upload/f_auto,q_auto,w_300,h_300/https://cms.meeovicms.com/assets/daa48c31-db59-4537-bc6f-08a84cb1d46d:0
[  107443ms] [ERROR] Failed to load resource: the server responded with a status of 404 () @ https://res.cloudinary.com/nuxt-cloudinary/image/upload/f_auto,q_auto,w_300,h_300/https://cms.meeovicms.com/assets//images/yogamat.jpg:0
[  107849ms] TurnstileError: [Cloudflare Turnstile] Error: 110200.
    at x (https://challenges.cloudflare.com/turnstile/v0/api.js:2:17328)
    at P (https://challenges.cloudflare.com/turnstile/v0/api.js:2:60066)
    at I (https://challenges.cloudflare.com/turnstile/v0/api.js:2:65893)
    at sentryWrapped (http://127.0.0.1:3002/_nuxt/@fs/home/meebuzo/github/alternate-framework/node_modules/@sentry/browser/build/npm/esm/dev/helpers.js?v=4790ac70:41:17)
[  110823ms] [ERROR] Failed to load resource: the server responded with a status of 404 () @ https://res.cloudinary.com/nuxt-cloudinary/image/upload/f_auto,q_auto,w_300,h_300/https://cms.meeovicms.com/assets//images/headphones.jpg:0
[  110824ms] [ERROR] Failed to load resource: the server responded with a status of 404 () @ https://res.cloudinary.com/nuxt-cloudinary/image/upload/f_auto,q_auto,w_300,h_300/https://cms.meeovicms.com/assets//images/shoes.jpg:0
[  110825ms] [ERROR] Failed to load resource: the server responded with a status of 404 () @ https://res.cloudinary.com/nuxt-cloudinary/image/upload/f_auto,q_auto,w_300,h_300/https://cms.meeovicms.com/assets//images/tshirt.jpg:0
[  110826ms] [ERROR] Failed to load resource: the server responded with a status of 404 () @ https://res.cloudinary.com/nuxt-cloudinary/image/upload/f_auto,q_auto,w_300,h_300/https://cms.meeovicms.com/assets//images/bottle.jpg:0
[  110827ms] [ERROR] Failed to load resource: the server responded with a status of 404 () @ https://res.cloudinary.com/nuxt-cloudinary/image/upload/f_auto,q_auto,w_300,h_300/https://cms.meeovicms.com/assets//images/smartwatch.jpg:0
[  110828ms] [ERROR] Failed to load resource: the server responded with a status of 404 () @ https://res.cloudinary.com/nuxt-cloudinary/image/upload/f_auto,q_auto,w_300,h_300/https://cms.meeovicms.com/assets//images/mugs.jpg:0
[  110829ms] [ERROR] Failed to load resource: the server responded with a status of 404 () @ https://res.cloudinary.com/nuxt-cloudinary/image/upload/f_auto,q_auto,w_300,h_300/https://cms.meeovicms.com/assets//images/wallet.jpg:0
[  110831ms] [ERROR] Failed to load resource: the server responded with a status of 404 () @ https://res.cloudinary.com/nuxt-cloudinary/image/upload/f_auto,q_auto,w_300,h_300/https://cms.meeovicms.com/assets//images/yogamat.jpg:0
[  110832ms] [ERROR] Failed to load resource: the server responded with a status of 404 () @ https://res.cloudinary.com/nuxt-cloudinary/image/upload/f_auto,q_auto,w_300,h_300/https://cms.meeovicms.com/assets/4f4d8489-7439-4a65-960a-77b604cc0f7d:0
[  110833ms] [ERROR] Failed to load resource: the server responded with a status of 404 () @ https://res.cloudinary.com/nuxt-cloudinary/image/upload/f_auto,q_auto,w_300,h_300/https://cms.meeovicms.com/assets/daa48c31-db59-4537-bc6f-08a84cb1d46d:0
[  114010ms] [ERROR] Failed to load resource: the server responded with a status of 404 () @ https://res.cloudinary.com/nuxt-cloudinary/image/upload/f_auto,q_auto,w_300,h_300/https://cms.meeovicms.com/assets//images/headphones.jpg:0
[  114012ms] [ERROR] Failed to load resource: the server responded with a status of 404 () @ https://res.cloudinary.com/nuxt-cloudinary/image/upload/f_auto,q_auto,w_300,h_300/https://cms.meeovicms.com/assets//images/shoes.jpg:0
[  114013ms] [ERROR] Failed to load resource: the server responded with a status of 404 () @ https://res.cloudinary.com/nuxt-cloudinary/image/upload/f_auto,q_auto,w_300,h_300/https://cms.meeovicms.com/assets//images/bottle.jpg:0
[  114014ms] [ERROR] Failed to load resource: the server responded with a status of 404 () @ https://res.cloudinary.com/nuxt-cloudinary/image/upload/f_auto,q_auto,w_300,h_300/https://cms.meeovicms.com/assets//images/mugs.jpg:0
[  114015ms] [ERROR] Failed to load resource: the server responded with a status of 404 () @ https://res.cloudinary.com/nuxt-cloudinary/image/upload/f_auto,q_auto,w_300,h_300/https://cms.meeovicms.com/assets//images/yogamat.jpg:0
[  114017ms] [ERROR] Failed to load resource: the server responded with a status of 404 () @ https://res.cloudinary.com/nuxt-cloudinary/image/upload/f_auto,q_auto,w_300,h_300/https://cms.meeovicms.com/assets//images/tshirt.jpg:0
[  114018ms] [ERROR] Failed to load resource: the server responded with a status of 404 () @ https://res.cloudinary.com/nuxt-cloudinary/image/upload/f_auto,q_auto,w_300,h_300/https://cms.meeovicms.com/assets//images/wallet.jpg:0
[  114019ms] [ERROR] Failed to load resource: the server responded with a status of 404 () @ https://res.cloudinary.com/nuxt-cloudinary/image/upload/f_auto,q_auto,w_300,h_300/https://cms.meeovicms.com/assets//images/smartwatch.jpg:0
[  114020ms] [ERROR] Failed to load resource: the server responded with a status of 404 () @ https://res.cloudinary.com/nuxt-cloudinary/image/upload/f_auto,q_auto,w_300,h_300/https://cms.meeovicms.com/assets/daa48c31-db59-4537-bc6f-08a84cb1d46d:0
[  114022ms] [ERROR] Failed to load resource: the server responded with a status of 404 () @ https://res.cloudinary.com/nuxt-cloudinary/image/upload/f_auto,q_auto,w_300,h_300/https://cms.meeovicms.com/assets/4f4d8489-7439-4a65-960a-77b604cc0f7d:0
[  116989ms] [ERROR] Failed to load resource: the server responded with a status of 404 () @ https://res.cloudinary.com/nuxt-cloudinary/image/upload/f_auto,q_auto,w_300,h_300/https://cms.meeovicms.com/assets//images/shoes.jpg:0
[  116990ms] [ERROR] Failed to load resource: the server responded with a status of 404 () @ https://res.cloudinary.com/nuxt-cloudinary/image/upload/f_auto,q_auto,w_300,h_300/https://cms.meeovicms.com/assets//images/headphones.jpg:0
[  116990ms] [ERROR] Failed to load resource: the server responded with a status of 404 () @ https://res.cloudinary.com/nuxt-cloudinary/image/upload/f_auto,q_auto,w_300,h_300/https://cms.meeovicms.com/assets//images/tshirt.jpg:0
[  116992ms] [ERROR] Failed to load resource: the server responded with a status of 404 () @ https://res.cloudinary.com/nuxt-cloudinary/image/upload/f_auto,q_auto,w_300,h_300/https://cms.meeovicms.com/assets//images/bottle.jpg:0
[  116993ms] [ERROR] Failed to load resource: the server responded with a status of 404 () @ https://res.cloudinary.com/nuxt-cloudinary/image/upload/f_auto,q_auto,w_300,h_300/https://cms.meeovicms.com/assets//images/wallet.jpg:0
[  116993ms] [ERROR] Failed to load resource: the server responded with a status of 404 () @ https://res.cloudinary.com/nuxt-cloudinary/image/upload/f_auto,q_auto,w_300,h_300/https://cms.meeovicms.com/assets//images/smartwatch.jpg:0
[  116994ms] [ERROR] Failed to load resource: the server responded with a status of 404 () @ https://res.cloudinary.com/nuxt-cloudinary/image/upload/f_auto,q_auto,w_300,h_300/https://cms.meeovicms.com/assets//images/yogamat.jpg:0
[  116995ms] [ERROR] Failed to load resource: the server responded with a status of 404 () @ https://res.cloudinary.com/nuxt-cloudinary/image/upload/f_auto,q_auto,w_300,h_300/https://cms.meeovicms.com/assets//images/mugs.jpg:0
[  116996ms] [ERROR] Failed to load resource: the server responded with a status of 404 () @ https://res.cloudinary.com/nuxt-cloudinary/image/upload/f_auto,q_auto,w_300,h_300/https://cms.meeovicms.com/assets/daa48c31-db59-4537-bc6f-08a84cb1d46d:0
[  116997ms] [ERROR] Failed to load resource: the server responded with a status of 404 () @ https://res.cloudinary.com/nuxt-cloudinary/image/upload/f_auto,q_auto,w_300,h_300/https://cms.meeovicms.com/assets/4f4d8489-7439-4a65-960a-77b604cc0f7d:0
[  119883ms] [ERROR] Failed to load resource: the server responded with a status of 404 () @ https://res.cloudinary.com/nuxt-cloudinary/image/upload/f_auto,q_auto,w_300,h_300/https://cms.meeovicms.com/assets//images/headphones.jpg:0
[  119884ms] [ERROR] Failed to load resource: the server responded with a status of 404 () @ https://res.cloudinary.com/nuxt-cloudinary/image/upload/f_auto,q_auto,w_300,h_300/https://cms.meeovicms.com/assets//images/shoes.jpg:0
[  119885ms] [ERROR] Failed to load resource: the server responded with a status of 404 () @ https://res.cloudinary.com/nuxt-cloudinary/image/upload/f_auto,q_auto,w_300,h_300/https://cms.meeovicms.com/assets//images/tshirt.jpg:0
[  119886ms] [ERROR] Failed to load resource: the server responded with a status of 404 () @ https://res.cloudinary.com/nuxt-cloudinary/image/upload/f_auto,q_auto,w_300,h_300/https://cms.meeovicms.com/assets//images/smartwatch.jpg:0
[  119887ms] [ERROR] Failed to load resource: the server responded with a status of 404 () @ https://res.cloudinary.com/nuxt-cloudinary/image/upload/f_auto,q_auto,w_300,h_300/https://cms.meeovicms.com/assets//images/bottle.jpg:0
[  119888ms] [ERROR] Failed to load resource: the server responded with a status of 404 () @ https://res.cloudinary.com/nuxt-cloudinary/image/upload/f_auto,q_auto,w_300,h_300/https://cms.meeovicms.com/assets/daa48c31-db59-4537-bc6f-08a84cb1d46d:0
[  119890ms] [ERROR] Failed to load resource: the server responded with a status of 404 () @ https://res.cloudinary.com/nuxt-cloudinary/image/upload/f_auto,q_auto,w_300,h_300/https://cms.meeovicms.com/assets//images/mugs.jpg:0
[  119891ms] [ERROR] Failed to load resource: the server responded with a status of 404 () @ https://res.cloudinary.com/nuxt-cloudinary/image/upload/f_auto,q_auto,w_300,h_300/https://cms.meeovicms.com/assets/4f4d8489-7439-4a65-960a-77b604cc0f7d:0
[  119891ms] [ERROR] Failed to load resource: the server responded with a status of 404 () @ https://res.cloudinary.com/nuxt-cloudinary/image/upload/f_auto,q_auto,w_300,h_300/https://cms.meeovicms.com/assets//images/yogamat.jpg:0
[  119892ms] [ERROR] Failed to load resource: the server responded with a status of 404 () @ https://res.cloudinary.com/nuxt-cloudinary/image/upload/f_auto,q_auto,w_300,h_300/https://cms.meeovicms.com/assets//images/wallet.jpg:0
[  122413ms] [ERROR] Failed to load resource: the server responded with a status of 404 () @ https://res.cloudinary.com/nuxt-cloudinary/image/upload/f_auto,q_auto,w_300,h_300/https://cms.meeovicms.com/assets//images/tshirt.jpg:0
[  122414ms] [ERROR] Failed to load resource: the server responded with a status of 404 () @ https://res.cloudinary.com/nuxt-cloudinary/image/upload/f_auto,q_auto,w_300,h_300/https://cms.meeovicms.com/assets//images/shoes.jpg:0
[  122415ms] [ERROR] Failed to load resource: the server responded with a status of 404 () @ https://res.cloudinary.com/nuxt-cloudinary/image/upload/f_auto,q_auto,w_300,h_300/https://cms.meeovicms.com/assets//images/headphones.jpg:0
[  122416ms] [ERROR] Failed to load resource: the server responded with a status of 404 () @ https://res.cloudinary.com/nuxt-cloudinary/image/upload/f_auto,q_auto,w_300,h_300/https://cms.meeovicms.com/assets//images/wallet.jpg:0
[  122417ms] [ERROR] Failed to load resource: the server responded with a status of 404 () @ https://res.cloudinary.com/nuxt-cloudinary/image/upload/f_auto,q_auto,w_300,h_300/https://cms.meeovicms.com/assets/4f4d8489-7439-4a65-960a-77b604cc0f7d:0
[  122418ms] [ERROR] Failed to load resource: the server responded with a status of 404 () @ https://res.cloudinary.com/nuxt-cloudinary/image/upload/f_auto,q_auto,w_300,h_300/https://cms.meeovicms.com/assets//images/mugs.jpg:0
[  122419ms] [ERROR] Failed to load resource: the server responded with a status of 404 () @ https://res.cloudinary.com/nuxt-cloudinary/image/upload/f_auto,q_auto,w_300,h_300/https://cms.meeovicms.com/assets//images/smartwatch.jpg:0
[  122419ms] [ERROR] Failed to load resource: the server responded with a status of 404 () @ https://res.cloudinary.com/nuxt-cloudinary/image/upload/f_auto,q_auto,w_300,h_300/https://cms.meeovicms.com/assets//images/yogamat.jpg:0
[  122420ms] [ERROR] Failed to load resource: the server responded with a status of 404 () @ https://res.cloudinary.com/nuxt-cloudinary/image/upload/f_auto,q_auto,w_300,h_300/https://cms.meeovicms.com/assets//images/bottle.jpg:0
[  122421ms] [ERROR] Failed to load resource: the server responded with a status of 404 () @ https://res.cloudinary.com/nuxt-cloudinary/image/upload/f_auto,q_auto,w_300,h_300/https://cms.meeovicms.com/assets/daa48c31-db59-4537-bc6f-08a84cb1d46d:0
[  127386ms] [ERROR] Failed to load resource: the server responded with a status of 404 () @ https://res.cloudinary.com/nuxt-cloudinary/image/upload/f_auto,q_auto,w_300,h_300/https://cms.meeovicms.com/assets//images/tshirt.jpg:0
[  127387ms] [ERROR] Failed to load resource: the server responded with a status of 404 () @ https://res.cloudinary.com/nuxt-cloudinary/image/upload/f_auto,q_auto,w_300,h_300/https://cms.meeovicms.com/assets//images/shoes.jpg:0
[  127388ms] [ERROR] Failed to load resource: the server responded with a status of 404 () @ https://res.cloudinary.com/nuxt-cloudinary/image/upload/f_auto,q_auto,w_300,h_300/https://cms.meeovicms.com/assets//images/headphones.jpg:0
[  127389ms] [ERROR] Failed to load resource: the server responded with a status of 404 () @ https://res.cloudinary.com/nuxt-cloudinary/image/upload/f_auto,q_auto,w_300,h_300/https://cms.meeovicms.com/assets//images/smartwatch.jpg:0
[  127390ms] [ERROR] Failed to load resource: the server responded with a status of 404 () @ https://res.cloudinary.com/nuxt-cloudinary/image/upload/f_auto,q_auto,w_300,h_300/https://cms.meeovicms.com/assets//images/wallet.jpg:0
[  127390ms] [ERROR] Failed to load resource: the server responded with a status of 404 () @ https://res.cloudinary.com/nuxt-cloudinary/image/upload/f_auto,q_auto,w_300,h_300/https://cms.meeovicms.com/assets/daa48c31-db59-4537-bc6f-08a84cb1d46d:0
[  127392ms] [ERROR] Failed to load resource: the server responded with a status of 404 () @ https://res.cloudinary.com/nuxt-cloudinary/image/upload/f_auto,q_auto,w_300,h_300/https://cms.meeovicms.com/assets//images/yogamat.jpg:0
[  127393ms] [ERROR] Failed to load resource: the server responded with a status of 404 () @ https://res.cloudinary.com/nuxt-cloudinary/image/upload/f_auto,q_auto,w_300,h_300/https://cms.meeovicms.com/assets/4f4d8489-7439-4a65-960a-77b604cc0f7d:0
[  127396ms] [ERROR] Failed to load resource: the server responded with a status of 404 () @ https://res.cloudinary.com/nuxt-cloudinary/image/upload/f_auto,q_auto,w_300,h_300/https://cms.meeovicms.com/assets//images/bottle.jpg:0
[  127398ms] [ERROR] Failed to load resource: the server responded with a status of 404 () @ https://res.cloudinary.com/nuxt-cloudinary/image/upload/f_auto,q_auto,w_300,h_300/https://cms.meeovicms.com/assets//images/mugs.jpg:0
[  130841ms] [ERROR] Failed to load resource: the server responded with a status of 404 () @ https://res.cloudinary.com/nuxt-cloudinary/image/upload/f_auto,q_auto,w_300,h_300/https://cms.meeovicms.com/assets//images/shoes.jpg:0
[  130842ms] [ERROR] Failed to load resource: the server responded with a status of 404 () @ https://res.cloudinary.com/nuxt-cloudinary/image/upload/f_auto,q_auto,w_300,h_300/https://cms.meeovicms.com/assets//images/tshirt.jpg:0
[  130843ms] [ERROR] Failed to load resource: the server responded with a status of 404 () @ https://res.cloudinary.com/nuxt-cloudinary/image/upload/f_auto,q_auto,w_300,h_300/https://cms.meeovicms.com/assets//images/smartwatch.jpg:0
[  130844ms] [ERROR] Failed to load resource: the server responded with a status of 404 () @ https://res.cloudinary.com/nuxt-cloudinary/image/upload/f_auto,q_auto,w_300,h_300/https://cms.meeovicms.com/assets//images/headphones.jpg:0
[  130844ms] [ERROR] Failed to load resource: the server responded with a status of 404 () @ https://res.cloudinary.com/nuxt-cloudinary/image/upload/f_auto,q_auto,w_300,h_300/https://cms.meeovicms.com/assets//images/mugs.jpg:0
[  130845ms] [ERROR] Failed to load resource: the server responded with a status of 404 () @ https://res.cloudinary.com/nuxt-cloudinary/image/upload/f_auto,q_auto,w_300,h_300/https://cms.meeovicms.com/assets//images/yogamat.jpg:0
[  130846ms] [ERROR] Failed to load resource: the server responded with a status of 404 () @ https://res.cloudinary.com/nuxt-cloudinary/image/upload/f_auto,q_auto,w_300,h_300/https://cms.meeovicms.com/assets//images/bottle.jpg:0
[  130847ms] [ERROR] Failed to load resource: the server responded with a status of 404 () @ https://res.cloudinary.com/nuxt-cloudinary/image/upload/f_auto,q_auto,w_300,h_300/https://cms.meeovicms.com/assets//images/wallet.jpg:0
[  130848ms] [ERROR] Failed to load resource: the server responded with a status of 404 () @ https://res.cloudinary.com/nuxt-cloudinary/image/upload/f_auto,q_auto,w_300,h_300/https://cms.meeovicms.com/assets/daa48c31-db59-4537-bc6f-08a84cb1d46d:0
[  130849ms] [ERROR] Failed to load resource: the server responded with a status of 404 () @ https://res.cloudinary.com/nuxt-cloudinary/image/upload/f_auto,q_auto,w_300,h_300/https://cms.meeovicms.com/assets/4f4d8489-7439-4a65-960a-77b604cc0f7d:0
[  134547ms] [ERROR] Failed to load resource: the server responded with a status of 404 () @ https://res.cloudinary.com/nuxt-cloudinary/image/upload/f_auto,q_auto,w_300,h_300/https://cms.meeovicms.com/assets//images/shoes.jpg:0
[  134551ms] [ERROR] Failed to load resource: the server responded with a status of 404 () @ https://res.cloudinary.com/nuxt-cloudinary/image/upload/f_auto,q_auto,w_300,h_300/https://cms.meeovicms.com/assets//images/headphones.jpg:0
[  134553ms] [ERROR] Failed to load resource: the server responded with a status of 404 () @ https://res.cloudinary.com/nuxt-cloudinary/image/upload/f_auto,q_auto,w_300,h_300/https://cms.meeovicms.com/assets//images/wallet.jpg:0
[  134555ms] [ERROR] Failed to load resource: the server responded with a status of 404 () @ https://res.cloudinary.com/nuxt-cloudinary/image/upload/f_auto,q_auto,w_300,h_300/https://cms.meeovicms.com/assets//images/smartwatch.jpg:0
[  134556ms] [ERROR] Failed to load resource: the server responded with a status of 404 () @ https://res.cloudinary.com/nuxt-cloudinary/image/upload/f_auto,q_auto,w_300,h_300/https://cms.meeovicms.com/assets//images/bottle.jpg:0
[  134557ms] [ERROR] Failed to load resource: the server responded with a status of 404 () @ https://res.cloudinary.com/nuxt-cloudinary/image/upload/f_auto,q_auto,w_300,h_300/https://cms.meeovicms.com/assets//images/yogamat.jpg:0
[  134559ms] [ERROR] Failed to load resource: the server responded with a status of 404 () @ https://res.cloudinary.com/nuxt-cloudinary/image/upload/f_auto,q_auto,w_300,h_300/https://cms.meeovicms.com/assets//images/tshirt.jpg:0
[  134559ms] [ERROR] Failed to load resource: the server responded with a status of 404 () @ https://res.cloudinary.com/nuxt-cloudinary/image/upload/f_auto,q_auto,w_300,h_300/https://cms.meeovicms.com/assets/4f4d8489-7439-4a65-960a-77b604cc0f7d:0
[  134560ms] [ERROR] Failed to load resource: the server responded with a status of 404 () @ https://res.cloudinary.com/nuxt-cloudinary/image/upload/f_auto,q_auto,w_300,h_300/https://cms.meeovicms.com/assets//images/mugs.jpg:0
[  134562ms] [ERROR] Failed to load resource: the server responded with a status of 404 () @ https://res.cloudinary.com/nuxt-cloudinary/image/upload/f_auto,q_auto,w_300,h_300/https://cms.meeovicms.com/assets/daa48c31-db59-4537-bc6f-08a84cb1d46d:0
[  137604ms] [ERROR] Failed to load resource: the server responded with a status of 404 () @ https://res.cloudinary.com/nuxt-cloudinary/image/upload/f_auto,q_auto,w_300,h_300/https://cms.meeovicms.com/assets//images/tshirt.jpg:0
[  137605ms] [ERROR] Failed to load resource: the server responded with a status of 404 () @ https://res.cloudinary.com/nuxt-cloudinary/image/upload/f_auto,q_auto,w_300,h_300/https://cms.meeovicms.com/assets//images/headphones.jpg:0
[  137606ms] [ERROR] Failed to load resource: the server responded with a status of 404 () @ https://res.cloudinary.com/nuxt-cloudinary/image/upload/f_auto,q_auto,w_300,h_300/https://cms.meeovicms.com/assets//images/shoes.jpg:0
[  137607ms] [ERROR] Failed to load resource: the server responded with a status of 404 () @ https://res.cloudinary.com/nuxt-cloudinary/image/upload/f_auto,q_auto,w_300,h_300/https://cms.meeovicms.com/assets//images/bottle.jpg:0
[  137608ms] [ERROR] Failed to load resource: the server responded with a status of 404 () @ https://res.cloudinary.com/nuxt-cloudinary/image/upload/f_auto,q_auto,w_300,h_300/https://cms.meeovicms.com/assets//images/wallet.jpg:0
[  137609ms] [ERROR] Failed to load resource: the server responded with a status of 404 () @ https://res.cloudinary.com/nuxt-cloudinary/image/upload/f_auto,q_auto,w_300,h_300/https://cms.meeovicms.com/assets//images/yogamat.jpg:0
[  137609ms] [ERROR] Failed to load resource: the server responded with a status of 404 () @ https://res.cloudinary.com/nuxt-cloudinary/image/upload/f_auto,q_auto,w_300,h_300/https://cms.meeovicms.com/assets/daa48c31-db59-4537-bc6f-08a84cb1d46d:0
[  137611ms] [ERROR] Failed to load resource: the server responded with a status of 404 () @ https://res.cloudinary.com/nuxt-cloudinary/image/upload/f_auto,q_auto,w_300,h_300/https://cms.meeovicms.com/assets//images/smartwatch.jpg:0
[  137612ms] [ERROR] Failed to load resource: the server responded with a status of 404 () @ https://res.cloudinary.com/nuxt-cloudinary/image/upload/f_auto,q_auto,w_300,h_300/https://cms.meeovicms.com/assets//images/mugs.jpg:0
[  137612ms] [ERROR] Failed to load resource: the server responded with a status of 404 () @ https://res.cloudinary.com/nuxt-cloudinary/image/upload/f_auto,q_auto,w_300,h_300/https://cms.meeovicms.com/assets/4f4d8489-7439-4a65-960a-77b604cc0f7d:0
[  140156ms] [ERROR] Failed to load resource: the server responded with a status of 404 () @ https://res.cloudinary.com/nuxt-cloudinary/image/upload/f_auto,q_auto,w_300,h_300/https://cms.meeovicms.com/assets//images/shoes.jpg:0
[  140158ms] [ERROR] Failed to load resource: the server responded with a status of 404 () @ https://res.cloudinary.com/nuxt-cloudinary/image/upload/f_auto,q_auto,w_300,h_300/https://cms.meeovicms.com/assets//images/headphones.jpg:0
[  140159ms] [ERROR] Failed to load resource: the server responded with a status of 404 () @ https://res.cloudinary.com/nuxt-cloudinary/image/upload/f_auto,q_auto,w_300,h_300/https://cms.meeovicms.com/assets//images/tshirt.jpg:0
[  140160ms] [ERROR] Failed to load resource: the server responded with a status of 404 () @ https://res.cloudinary.com/nuxt-cloudinary/image/upload/f_auto,q_auto,w_300,h_300/https://cms.meeovicms.com/assets//images/bottle.jpg:0
[  140161ms] [ERROR] Failed to load resource: the server responded with a status of 404 () @ https://res.cloudinary.com/nuxt-cloudinary/image/upload/f_auto,q_auto,w_300,h_300/https://cms.meeovicms.com/assets//images/smartwatch.jpg:0
[  140162ms] [ERROR] Failed to load resource: the server responded with a status of 404 () @ https://res.cloudinary.com/nuxt-cloudinary/image/upload/f_auto,q_auto,w_300,h_300/https://cms.meeovicms.com/assets//images/wallet.jpg:0
[  140163ms] [ERROR] Failed to load resource: the server responded with a status of 404 () @ https://res.cloudinary.com/nuxt-cloudinary/image/upload/f_auto,q_auto,w_300,h_300/https://cms.meeovicms.com/assets//images/yogamat.jpg:0
[  140163ms] [ERROR] Failed to load resource: the server responded with a status of 404 () @ https://res.cloudinary.com/nuxt-cloudinary/image/upload/f_auto,q_auto,w_300,h_300/https://cms.meeovicms.com/assets/daa48c31-db59-4537-bc6f-08a84cb1d46d:0
[  140166ms] [ERROR] Failed to load resource: the server responded with a status of 404 () @ https://res.cloudinary.com/nuxt-cloudinary/image/upload/f_auto,q_auto,w_300,h_300/https://cms.meeovicms.com/assets//images/mugs.jpg:0
[  140167ms] [ERROR] Failed to load resource: the server responded with a status of 404 () @ https://res.cloudinary.com/nuxt-cloudinary/image/upload/f_auto,q_auto,w_300,h_300/https://cms.meeovicms.com/assets/4f4d8489-7439-4a65-960a-77b604cc0f7d:0
[  143577ms] [ERROR] Failed to load resource: the server responded with a status of 404 () @ https://res.cloudinary.com/nuxt-cloudinary/image/upload/f_auto,q_auto,w_300,h_300/https://cms.meeovicms.com/assets//images/shoes.jpg:0
[  143579ms] [ERROR] Failed to load resource: the server responded with a status of 404 () @ https://res.cloudinary.com/nuxt-cloudinary/image/upload/f_auto,q_auto,w_300,h_300/https://cms.meeovicms.com/assets//images/tshirt.jpg:0
[  143580ms] [ERROR] Failed to load resource: the server responded with a status of 404 () @ https://res.cloudinary.com/nuxt-cloudinary/image/upload/f_auto,q_auto,w_300,h_300/https://cms.meeovicms.com/assets//images/headphones.jpg:0
[  143581ms] [ERROR] Failed to load resource: the server responded with a status of 404 () @ https://res.cloudinary.com/nuxt-cloudinary/image/upload/f_auto,q_auto,w_300,h_300/https://cms.meeovicms.com/assets//images/smartwatch.jpg:0
[  143583ms] [ERROR] Failed to load resource: the server responded with a status of 404 () @ https://res.cloudinary.com/nuxt-cloudinary/image/upload/f_auto,q_auto,w_300,h_300/https://cms.meeovicms.com/assets//images/wallet.jpg:0
[  143584ms] [ERROR] Failed to load resource: the server responded with a status of 404 () @ https://res.cloudinary.com/nuxt-cloudinary/image/upload/f_auto,q_auto,w_300,h_300/https://cms.meeovicms.com/assets//images/mugs.jpg:0
[  143585ms] [ERROR] Failed to load resource: the server responded with a status of 404 () @ https://res.cloudinary.com/nuxt-cloudinary/image/upload/f_auto,q_auto,w_300,h_300/https://cms.meeovicms.com/assets//images/bottle.jpg:0
[  143586ms] [ERROR] Failed to load resource: the server responded with a status of 404 () @ https://res.cloudinary.com/nuxt-cloudinary/image/upload/f_auto,q_auto,w_300,h_300/https://cms.meeovicms.com/assets/daa48c31-db59-4537-bc6f-08a84cb1d46d:0
[  143599ms] [ERROR] Failed to load resource: the server responded with a status of 404 () @ https://res.cloudinary.com/nuxt-cloudinary/image/upload/f_auto,q_auto,w_300,h_300/https://cms.meeovicms.com/assets//images/yogamat.jpg:0
[  143601ms] [ERROR] Failed to load resource: the server responded with a status of 404 () @ https://res.cloudinary.com/nuxt-cloudinary/image/upload/f_auto,q_auto,w_300,h_300/https://cms.meeovicms.com/assets/4f4d8489-7439-4a65-960a-77b604cc0f7d:0
[  147309ms] [ERROR] Failed to load resource: the server responded with a status of 404 () @ https://res.cloudinary.com/nuxt-cloudinary/image/upload/f_auto,q_auto,w_300,h_300/https://cms.meeovicms.com/assets//images/shoes.jpg:0
[  147311ms] [ERROR] Failed to load resource: the server responded with a status of 404 () @ https://res.cloudinary.com/nuxt-cloudinary/image/upload/f_auto,q_auto,w_300,h_300/https://cms.meeovicms.com/assets//images/smartwatch.jpg:0
[  147312ms] [ERROR] Failed to load resource: the server responded with a status of 404 () @ https://res.cloudinary.com/nuxt-cloudinary/image/upload/f_auto,q_auto,w_300,h_300/https://cms.meeovicms.com/assets//images/bottle.jpg:0
[  147313ms] [ERROR] Failed to load resource: the server responded with a status of 404 () @ https://res.cloudinary.com/nuxt-cloudinary/image/upload/f_auto,q_auto,w_300,h_300/https://cms.meeovicms.com/assets//images/tshirt.jpg:0
[  147314ms] [ERROR] Failed to load resource: the server responded with a status of 404 () @ https://res.cloudinary.com/nuxt-cloudinary/image/upload/f_auto,q_auto,w_300,h_300/https://cms.meeovicms.com/assets//images/mugs.jpg:0
[  147315ms] [ERROR] Failed to load resource: the server responded with a status of 404 () @ https://res.cloudinary.com/nuxt-cloudinary/image/upload/f_auto,q_auto,w_300,h_300/https://cms.meeovicms.com/assets//images/headphones.jpg:0
[  147317ms] [ERROR] Failed to load resource: the server responded with a status of 404 () @ https://res.cloudinary.com/nuxt-cloudinary/image/upload/f_auto,q_auto,w_300,h_300/https://cms.meeovicms.com/assets//images/yogamat.jpg:0
[  147318ms] [ERROR] Failed to load resource: the server responded with a status of 404 () @ https://res.cloudinary.com/nuxt-cloudinary/image/upload/f_auto,q_auto,w_300,h_300/https://cms.meeovicms.com/assets/daa48c31-db59-4537-bc6f-08a84cb1d46d:0
[  147320ms] [ERROR] Failed to load resource: the server responded with a status of 404 () @ https://res.cloudinary.com/nuxt-cloudinary/image/upload/f_auto,q_auto,w_300,h_300/https://cms.meeovicms.com/assets//images/wallet.jpg:0
[  147321ms] [ERROR] Failed to load resource: the server responded with a status of 404 () @ https://res.cloudinary.com/nuxt-cloudinary/image/upload/f_auto,q_auto,w_300,h_300/https://cms.meeovicms.com/assets/4f4d8489-7439-4a65-960a-77b604cc0f7d:0
[  150678ms] [ERROR] Failed to load resource: the server responded with a status of 404 () @ https://res.cloudinary.com/nuxt-cloudinary/image/upload/f_auto,q_auto,w_300,h_300/https://cms.meeovicms.com/assets//images/headphones.jpg:0
[  150680ms] [ERROR] Failed to load resource: the server responded with a status of 404 () @ https://res.cloudinary.com/nuxt-cloudinary/image/upload/f_auto,q_auto,w_300,h_300/https://cms.meeovicms.com/assets//images/smartwatch.jpg:0
[  150681ms] [ERROR] Failed to load resource: the server responded with a status of 404 () @ https://res.cloudinary.com/nuxt-cloudinary/image/upload/f_auto,q_auto,w_300,h_300/https://cms.meeovicms.com/assets//images/tshirt.jpg:0
[  150683ms] [ERROR] Failed to load resource: the server responded with a status of 404 () @ https://res.cloudinary.com/nuxt-cloudinary/image/upload/f_auto,q_auto,w_300,h_300/https://cms.meeovicms.com/assets//images/mugs.jpg:0
[  150684ms] [ERROR] Failed to load resource: the server responded with a status of 404 () @ https://res.cloudinary.com/nuxt-cloudinary/image/upload/f_auto,q_auto,w_300,h_300/https://cms.meeovicms.com/assets//images/bottle.jpg:0
[  150685ms] [ERROR] Failed to load resource: the server responded with a status of 404 () @ https://res.cloudinary.com/nuxt-cloudinary/image/upload/f_auto,q_auto,w_300,h_300/https://cms.meeovicms.com/assets//images/wallet.jpg:0
[  150686ms] [ERROR] Failed to load resource: the server responded with a status of 404 () @ https://res.cloudinary.com/nuxt-cloudinary/image/upload/f_auto,q_auto,w_300,h_300/https://cms.meeovicms.com/assets//images/shoes.jpg:0
[  150686ms] [ERROR] Failed to load resource: the server responded with a status of 404 () @ https://res.cloudinary.com/nuxt-cloudinary/image/upload/f_auto,q_auto,w_300,h_300/https://cms.meeovicms.com/assets/4f4d8489-7439-4a65-960a-77b604cc0f7d:0
[  150687ms] [ERROR] Failed to load resource: the server responded with a status of 404 () @ https://res.cloudinary.com/nuxt-cloudinary/image/upload/f_auto,q_auto,w_300,h_300/https://cms.meeovicms.com/assets/daa48c31-db59-4537-bc6f-08a84cb1d46d:0
[  150689ms] [ERROR] Failed to load resource: the server responded with a status of 404 () @ https://res.cloudinary.com/nuxt-cloudinary/image/upload/f_auto,q_auto,w_300,h_300/https://cms.meeovicms.com/assets//images/yogamat.jpg:0
[  153442ms] [ERROR] Failed to load resource: the server responded with a status of 404 () @ https://res.cloudinary.com/nuxt-cloudinary/image/upload/f_auto,q_auto,w_300,h_300/https://cms.meeovicms.com/assets//images/headphones.jpg:0
[  153443ms] [ERROR] Failed to load resource: the server responded with a status of 404 () @ https://res.cloudinary.com/nuxt-cloudinary/image/upload/f_auto,q_auto,w_300,h_300/https://cms.meeovicms.com/assets//images/smartwatch.jpg:0
[  153444ms] [ERROR] Failed to load resource: the server responded with a status of 404 () @ https://res.cloudinary.com/nuxt-cloudinary/image/upload/f_auto,q_auto,w_300,h_300/https://cms.meeovicms.com/assets/daa48c31-db59-4537-bc6f-08a84cb1d46d:0
[  153446ms] [ERROR] Failed to load resource: the server responded with a status of 404 () @ https://res.cloudinary.com/nuxt-cloudinary/image/upload/f_auto,q_auto,w_300,h_300/https://cms.meeovicms.com/assets//images/tshirt.jpg:0
[  153447ms] [ERROR] Failed to load resource: the server responded with a status of 404 () @ https://res.cloudinary.com/nuxt-cloudinary/image/upload/f_auto,q_auto,w_300,h_300/https://cms.meeovicms.com/assets//images/bottle.jpg:0
[  153448ms] [ERROR] Failed to load resource: the server responded with a status of 404 () @ https://res.cloudinary.com/nuxt-cloudinary/image/upload/f_auto,q_auto,w_300,h_300/https://cms.meeovicms.com/assets//images/shoes.jpg:0
[  153449ms] [ERROR] Failed to load resource: the server responded with a status of 404 () @ https://res.cloudinary.com/nuxt-cloudinary/image/upload/f_auto,q_auto,w_300,h_300/https://cms.meeovicms.com/assets/4f4d8489-7439-4a65-960a-77b604cc0f7d:0
[  153450ms] [ERROR] Failed to load resource: the server responded with a status of 404 () @ https://res.cloudinary.com/nuxt-cloudinary/image/upload/f_auto,q_auto,w_300,h_300/https://cms.meeovicms.com/assets//images/yogamat.jpg:0
[  153454ms] [ERROR] Failed to load resource: the server responded with a status of 404 () @ https://res.cloudinary.com/nuxt-cloudinary/image/upload/f_auto,q_auto,w_300,h_300/https://cms.meeovicms.com/assets//images/mugs.jpg:0
[  153456ms] [ERROR] Failed to load resource: the server responded with a status of 404 () @ https://res.cloudinary.com/nuxt-cloudinary/image/upload/f_auto,q_auto,w_300,h_300/https://cms.meeovicms.com/assets//images/wallet.jpg:0
[  156095ms] [ERROR] Failed to load resource: the server responded with a status of 404 () @ https://res.cloudinary.com/nuxt-cloudinary/image/upload/f_auto,q_auto,w_300,h_300/https://cms.meeovicms.com/assets//images/headphones.jpg:0
[  156097ms] [ERROR] Failed to load resource: the server responded with a status of 404 () @ https://res.cloudinary.com/nuxt-cloudinary/image/upload/f_auto,q_auto,w_300,h_300/https://cms.meeovicms.com/assets//images/shoes.jpg:0
[  156098ms] [ERROR] Failed to load resource: the server responded with a status of 404 () @ https://res.cloudinary.com/nuxt-cloudinary/image/upload/f_auto,q_auto,w_300,h_300/https://cms.meeovicms.com/assets//images/tshirt.jpg:0
[  156098ms] [ERROR] Failed to load resource: the server responded with a status of 404 () @ https://res.cloudinary.com/nuxt-cloudinary/image/upload/f_auto,q_auto,w_300,h_300/https://cms.meeovicms.com/assets//images/bottle.jpg:0
[  156099ms] [ERROR] Failed to load resource: the server responded with a status of 404 () @ https://res.cloudinary.com/nuxt-cloudinary/image/upload/f_auto,q_auto,w_300,h_300/https://cms.meeovicms.com/assets//images/smartwatch.jpg:0
[  156100ms] [ERROR] Failed to load resource: the server responded with a status of 404 () @ https://res.cloudinary.com/nuxt-cloudinary/image/upload/f_auto,q_auto,w_300,h_300/https://cms.meeovicms.com/assets//images/mugs.jpg:0
[  156101ms] [ERROR] Failed to load resource: the server responded with a status of 404 () @ https://res.cloudinary.com/nuxt-cloudinary/image/upload/f_auto,q_auto,w_300,h_300/https://cms.meeovicms.com/assets//images/wallet.jpg:0
[  156102ms] [ERROR] Failed to load resource: the server responded with a status of 404 () @ https://res.cloudinary.com/nuxt-cloudinary/image/upload/f_auto,q_auto,w_300,h_300/https://cms.meeovicms.com/assets/daa48c31-db59-4537-bc6f-08a84cb1d46d:0
[  156104ms] [ERROR] Failed to load resource: the server responded with a status of 404 () @ https://res.cloudinary.com/nuxt-cloudinary/image/upload/f_auto,q_auto,w_300,h_300/https://cms.meeovicms.com/assets//images/yogamat.jpg:0
[  156105ms] [ERROR] Failed to load resource: the server responded with a status of 404 () @ https://res.cloudinary.com/nuxt-cloudinary/image/upload/f_auto,q_auto,w_300,h_300/https://cms.meeovicms.com/assets/4f4d8489-7439-4a65-960a-77b604cc0f7d:0
[  158923ms] [ERROR] Failed to load resource: the server responded with a status of 404 () @ https://res.cloudinary.com/nuxt-cloudinary/image/upload/f_auto,q_auto,w_300,h_300/https://cms.meeovicms.com/assets//images/headphones.jpg:0
[  158924ms] [ERROR] Failed to load resource: the server responded with a status of 404 () @ https://res.cloudinary.com/nuxt-cloudinary/image/upload/f_auto,q_auto,w_300,h_300/https://cms.meeovicms.com/assets//images/tshirt.jpg:0
[  158925ms] [ERROR] Failed to load resource: the server responded with a status of 404 () @ https://res.cloudinary.com/nuxt-cloudinary/image/upload/f_auto,q_auto,w_300,h_300/https://cms.meeovicms.com/assets//images/bottle.jpg:0
[  158926ms] [ERROR] Failed to load resource: the server responded with a status of 404 () @ https://res.cloudinary.com/nuxt-cloudinary/image/upload/f_auto,q_auto,w_300,h_300/https://cms.meeovicms.com/assets//images/shoes.jpg:0
[  158927ms] [ERROR] Failed to load resource: the server responded with a status of 404 () @ https://res.cloudinary.com/nuxt-cloudinary/image/upload/f_auto,q_auto,w_300,h_300/https://cms.meeovicms.com/assets/daa48c31-db59-4537-bc6f-08a84cb1d46d:0
[  158929ms] [ERROR] Failed to load resource: the server responded with a status of 404 () @ https://res.cloudinary.com/nuxt-cloudinary/image/upload/f_auto,q_auto,w_300,h_300/https://cms.meeovicms.com/assets//images/smartwatch.jpg:0
[  158930ms] [ERROR] Failed to load resource: the server responded with a status of 404 () @ https://res.cloudinary.com/nuxt-cloudinary/image/upload/f_auto,q_auto,w_300,h_300/https://cms.meeovicms.com/assets//images/wallet.jpg:0
[  158931ms] [ERROR] Failed to load resource: the server responded with a status of 404 () @ https://res.cloudinary.com/nuxt-cloudinary/image/upload/f_auto,q_auto,w_300,h_300/https://cms.meeovicms.com/assets/4f4d8489-7439-4a65-960a-77b604cc0f7d:0
[  158932ms] [ERROR] Failed to load resource: the server responded with a status of 404 () @ https://res.cloudinary.com/nuxt-cloudinary/image/upload/f_auto,q_auto,w_300,h_300/https://cms.meeovicms.com/assets//images/yogamat.jpg:0
[  158933ms] [ERROR] Failed to load resource: the server responded with a status of 404 () @ https://res.cloudinary.com/nuxt-cloudinary/image/upload/f_auto,q_auto,w_300,h_300/https://cms.meeovicms.com/assets//images/mugs.jpg:0
[  161832ms] [ERROR] Failed to load resource: the server responded with a status of 404 () @ https://res.cloudinary.com/nuxt-cloudinary/image/upload/f_auto,q_auto,w_300,h_300/https://cms.meeovicms.com/assets//images/bottle.jpg:0
[  161833ms] [ERROR] Failed to load resource: the server responded with a status of 404 () @ https://res.cloudinary.com/nuxt-cloudinary/image/upload/f_auto,q_auto,w_300,h_300/https://cms.meeovicms.com/assets//images/headphones.jpg:0
[  161834ms] [ERROR] Failed to load resource: the server responded with a status of 404 () @ https://res.cloudinary.com/nuxt-cloudinary/image/upload/f_auto,q_auto,w_300,h_300/https://cms.meeovicms.com/assets//images/shoes.jpg:0
[  161835ms] [ERROR] Failed to load resource: the server responded with a status of 404 () @ https://res.cloudinary.com/nuxt-cloudinary/image/upload/f_auto,q_auto,w_300,h_300/https://cms.meeovicms.com/assets//images/smartwatch.jpg:0
[  161836ms] [ERROR] Failed to load resource: the server responded with a status of 404 () @ https://res.cloudinary.com/nuxt-cloudinary/image/upload/f_auto,q_auto,w_300,h_300/https://cms.meeovicms.com/assets/daa48c31-db59-4537-bc6f-08a84cb1d46d:0
[  161845ms] [ERROR] Failed to load resource: the server responded with a status of 404 () @ https://res.cloudinary.com/nuxt-cloudinary/image/upload/f_auto,q_auto,w_300,h_300/https://cms.meeovicms.com/assets//images/mugs.jpg:0
[  161847ms] [ERROR] Failed to load resource: the server responded with a status of 404 () @ https://res.cloudinary.com/nuxt-cloudinary/image/upload/f_auto,q_auto,w_300,h_300/https://cms.meeovicms.com/assets/4f4d8489-7439-4a65-960a-77b604cc0f7d:0
[  161848ms] [ERROR] Failed to load resource: the server responded with a status of 404 () @ https://res.cloudinary.com/nuxt-cloudinary/image/upload/f_auto,q_auto,w_300,h_300/https://cms.meeovicms.com/assets//images/yogamat.jpg:0
[  161849ms] [ERROR] Failed to load resource: the server responded with a status of 404 () @ https://res.cloudinary.com/nuxt-cloudinary/image/upload/f_auto,q_auto,w_300,h_300/https://cms.meeovicms.com/assets//images/tshirt.jpg:0
[  161850ms] [ERROR] Failed to load resource: the server responded with a status of 404 () @ https://res.cloudinary.com/nuxt-cloudinary/image/upload/f_auto,q_auto,w_300,h_300/https://cms.meeovicms.com/assets//images/wallet.jpg:0
[  164834ms] [ERROR] Failed to load resource: the server responded with a status of 404 () @ https://res.cloudinary.com/nuxt-cloudinary/image/upload/f_auto,q_auto,w_300,h_300/https://cms.meeovicms.com/assets//images/headphones.jpg:0
[  164836ms] [ERROR] Failed to load resource: the server responded with a status of 404 () @ https://res.cloudinary.com/nuxt-cloudinary/image/upload/f_auto,q_auto,w_300,h_300/https://cms.meeovicms.com/assets//images/shoes.jpg:0
[  164836ms] [ERROR] Failed to load resource: the server responded with a status of 404 () @ https://res.cloudinary.com/nuxt-cloudinary/image/upload/f_auto,q_auto,w_300,h_300/https://cms.meeovicms.com/assets//images/tshirt.jpg:0
[  164837ms] [ERROR] Failed to load resource: the server responded with a status of 404 () @ https://res.cloudinary.com/nuxt-cloudinary/image/upload/f_auto,q_auto,w_300,h_300/https://cms.meeovicms.com/assets//images/bottle.jpg:0
[  164839ms] [ERROR] Failed to load resource: the server responded with a status of 404 () @ https://res.cloudinary.com/nuxt-cloudinary/image/upload/f_auto,q_auto,w_300,h_300/https://cms.meeovicms.com/assets//images/yogamat.jpg:0
[  164840ms] [ERROR] Failed to load resource: the server responded with a status of 404 () @ https://res.cloudinary.com/nuxt-cloudinary/image/upload/f_auto,q_auto,w_300,h_300/https://cms.meeovicms.com/assets//images/smartwatch.jpg:0
[  164842ms] [ERROR] Failed to load resource: the server responded with a status of 404 () @ https://res.cloudinary.com/nuxt-cloudinary/image/upload/f_auto,q_auto,w_300,h_300/https://cms.meeovicms.com/assets/daa48c31-db59-4537-bc6f-08a84cb1d46d:0
[  164843ms] [ERROR] Failed to load resource: the server responded with a status of 404 () @ https://res.cloudinary.com/nuxt-cloudinary/image/upload/f_auto,q_auto,w_300,h_300/https://cms.meeovicms.com/assets//images/wallet.jpg:0
[  164844ms] [ERROR] Failed to load resource: the server responded with a status of 404 () @ https://res.cloudinary.com/nuxt-cloudinary/image/upload/f_auto,q_auto,w_300,h_300/https://cms.meeovicms.com/assets//images/mugs.jpg:0
[  164845ms] [ERROR] Failed to load resource: the server responded with a status of 404 () @ https://res.cloudinary.com/nuxt-cloudinary/image/upload/f_auto,q_auto,w_300,h_300/https://cms.meeovicms.com/assets/4f4d8489-7439-4a65-960a-77b604cc0f7d:0
[  167636ms] [ERROR] Failed to load resource: the server responded with a status of 404 () @ https://res.cloudinary.com/nuxt-cloudinary/image/upload/f_auto,q_auto,w_300,h_300/https://cms.meeovicms.com/assets//images/tshirt.jpg:0
[  167638ms] [ERROR] Failed to load resource: the server responded with a status of 404 () @ https://res.cloudinary.com/nuxt-cloudinary/image/upload/f_auto,q_auto,w_300,h_300/https://cms.meeovicms.com/assets//images/bottle.jpg:0
[  167640ms] [ERROR] Failed to load resource: the server responded with a status of 404 () @ https://res.cloudinary.com/nuxt-cloudinary/image/upload/f_auto,q_auto,w_300,h_300/https://cms.meeovicms.com/assets//images/headphones.jpg:0
[  167641ms] [ERROR] Failed to load resource: the server responded with a status of 404 () @ https://res.cloudinary.com/nuxt-cloudinary/image/upload/f_auto,q_auto,w_300,h_300/https://cms.meeovicms.com/assets//images/shoes.jpg:0
[  167642ms] [ERROR] Failed to load resource: the server responded with a status of 404 () @ https://res.cloudinary.com/nuxt-cloudinary/image/upload/f_auto,q_auto,w_300,h_300/https://cms.meeovicms.com/assets//images/wallet.jpg:0
[  167643ms] [ERROR] Failed to load resource: the server responded with a status of 404 () @ https://res.cloudinary.com/nuxt-cloudinary/image/upload/f_auto,q_auto,w_300,h_300/https://cms.meeovicms.com/assets//images/smartwatch.jpg:0
[  167644ms] [ERROR] Failed to load resource: the server responded with a status of 404 () @ https://res.cloudinary.com/nuxt-cloudinary/image/upload/f_auto,q_auto,w_300,h_300/https://cms.meeovicms.com/assets//images/yogamat.jpg:0
[  167646ms] [ERROR] Failed to load resource: the server responded with a status of 404 () @ https://res.cloudinary.com/nuxt-cloudinary/image/upload/f_auto,q_auto,w_300,h_300/https://cms.meeovicms.com/assets/daa48c31-db59-4537-bc6f-08a84cb1d46d:0
[  167648ms] [ERROR] Failed to load resource: the server responded with a status of 404 () @ https://res.cloudinary.com/nuxt-cloudinary/image/upload/f_auto,q_auto,w_300,h_300/https://cms.meeovicms.com/assets/4f4d8489-7439-4a65-960a-77b604cc0f7d:0
[  167649ms] [ERROR] Failed to load resource: the server responded with a status of 404 () @ https://res.cloudinary.com/nuxt-cloudinary/image/upload/f_auto,q_auto,w_300,h_300/https://cms.meeovicms.com/assets//images/mugs.jpg:0
[  168256ms] [WARNING] No available adapters. @ https://challenges.cloudflare.com/cdn-cgi/challenge-platform/h/g/turnstile/f/av0/rchyW8JkSaGnZ56BBai0ctNvSyncUncm607itM1X3d85q4-1788535152-1.3.1.1-PtjhQ5wS37.oXmrbiJS3gTSgtgztruffAyVf9WBXQHc/p5024/0x4AAAAAAASJjd3fbeyQJrfe/auto/fbE/failure_retry/normal?lang=auto:0
[  168472ms] [ERROR] Failed to load resource: the server responded with a status of 400 () @ https://challenges.cloudflare.com/cdn-cgi/challenge-platform/h/g/fo/3229638258:1788530713:y45w-Vdb4KL5BoM5pUKmxidxDig_YOklI11bg4PS1zE/a35dfa365b87aac0/qmgSq5W2EtX7SpgAWLNaO2vJd83oewGAI8i7SfJGsgo-1788535217-1.2.1.1-t14MVvwwaWbSjwu5HA6KA8T26r5KVfSEB09d6XHfy_8GYlno1HXVQjfcUw.qIvix:0
[  170936ms] [ERROR] Failed to load resource: the server responded with a status of 404 () @ https://res.cloudinary.com/nuxt-cloudinary/image/upload/f_auto,q_auto,w_300,h_300/https://cms.meeovicms.com/assets//images/tshirt.jpg:0
[  170940ms] [ERROR] Failed to load resource: the server responded with a status of 404 () @ https://res.cloudinary.com/nuxt-cloudinary/image/upload/f_auto,q_auto,w_300,h_300/https://cms.meeovicms.com/assets//images/bottle.jpg:0
[  170941ms] [ERROR] Failed to load resource: the server responded with a status of 404 () @ https://res.cloudinary.com/nuxt-cloudinary/image/upload/f_auto,q_auto,w_300,h_300/https://cms.meeovicms.com/assets//images/shoes.jpg:0
[  170942ms] [ERROR] Failed to load resource: the server responded with a status of 404 () @ https://res.cloudinary.com/nuxt-cloudinary/image/upload/f_auto,q_auto,w_300,h_300/https://cms.meeovicms.com/assets//images/mugs.jpg:0
[  170943ms] [ERROR] Failed to load resource: the server responded with a status of 404 () @ https://res.cloudinary.com/nuxt-cloudinary/image/upload/f_auto,q_auto,w_300,h_300/https://cms.meeovicms.com/assets//images/smartwatch.jpg:0
[  170944ms] [ERROR] Failed to load resource: the server responded with a status of 404 () @ https://res.cloudinary.com/nuxt-cloudinary/image/upload/f_auto,q_auto,w_300,h_300/https://cms.meeovicms.com/assets//images/headphones.jpg:0
[  170946ms] [ERROR] Failed to load resource: the server responded with a status of 404 () @ https://res.cloudinary.com/nuxt-cloudinary/image/upload/f_auto,q_auto,w_300,h_300/https://cms.meeovicms.com/assets//images/wallet.jpg:0
[  170946ms] [ERROR] Failed to load resource: the server responded with a status of 404 () @ https://res.cloudinary.com/nuxt-cloudinary/image/upload/f_auto,q_auto,w_300,h_300/https://cms.meeovicms.com/assets/4f4d8489-7439-4a65-960a-77b604cc0f7d:0
[  170947ms] [ERROR] Failed to load resource: the server responded with a status of 404 () @ https://res.cloudinary.com/nuxt-cloudinary/image/upload/f_auto,q_auto,w_300,h_300/https://cms.meeovicms.com/assets/daa48c31-db59-4537-bc6f-08a84cb1d46d:0
[  170949ms] [ERROR] Failed to load resource: the server responded with a status of 404 () @ https://res.cloudinary.com/nuxt-cloudinary/image/upload/f_auto,q_auto,w_300,h_300/https://cms.meeovicms.com/assets//images/yogamat.jpg:0
[  173833ms] [ERROR] Failed to load resource: the server responded with a status of 404 () @ https://res.cloudinary.com/nuxt-cloudinary/image/upload/f_auto,q_auto,w_300,h_300/https://cms.meeovicms.com/assets//images/headphones.jpg:0
[  173834ms] [ERROR] Failed to load resource: the server responded with a status of 404 () @ https://res.cloudinary.com/nuxt-cloudinary/image/upload/f_auto,q_auto,w_300,h_300/https://cms.meeovicms.com/assets//images/tshirt.jpg:0
[  173835ms] [ERROR] Failed to load resource: the server responded with a status of 404 () @ https://res.cloudinary.com/nuxt-cloudinary/image/upload/f_auto,q_auto,w_300,h_300/https://cms.meeovicms.com/assets//images/shoes.jpg:0
[  173836ms] [ERROR] Failed to load resource: the server responded with a status of 404 () @ https://res.cloudinary.com/nuxt-cloudinary/image/upload/f_auto,q_auto,w_300,h_300/https://cms.meeovicms.com/assets//images/bottle.jpg:0
[  173837ms] [ERROR] Failed to load resource: the server responded with a status of 404 () @ https://res.cloudinary.com/nuxt-cloudinary/image/upload/f_auto,q_auto,w_300,h_300/https://cms.meeovicms.com/assets//images/wallet.jpg:0
[  173838ms] [ERROR] Failed to load resource: the server responded with a status of 404 () @ https://res.cloudinary.com/nuxt-cloudinary/image/upload/f_auto,q_auto,w_300,h_300/https://cms.meeovicms.com/assets//images/smartwatch.jpg:0
[  173838ms] [ERROR] Failed to load resource: the server responded with a status of 404 () @ https://res.cloudinary.com/nuxt-cloudinary/image/upload/f_auto,q_auto,w_300,h_300/https://cms.meeovicms.com/assets//images/yogamat.jpg:0
[  173839ms] [ERROR] Failed to load resource: the server responded with a status of 404 () @ https://res.cloudinary.com/nuxt-cloudinary/image/upload/f_auto,q_auto,w_300,h_300/https://cms.meeovicms.com/assets/daa48c31-db59-4537-bc6f-08a84cb1d46d:0
[  173841ms] [ERROR] Failed to load resource: the server responded with a status of 404 () @ https://res.cloudinary.com/nuxt-cloudinary/image/upload/f_auto,q_auto,w_300,h_300/https://cms.meeovicms.com/assets//images/mugs.jpg:0
[  173841ms] [ERROR] Failed to load resource: the server responded with a status of 404 () @ https://res.cloudinary.com/nuxt-cloudinary/image/upload/f_auto,q_auto,w_300,h_300/https://cms.meeovicms.com/assets/4f4d8489-7439-4a65-960a-77b604cc0f7d:0
[  176672ms] [ERROR] Failed to load resource: the server responded with a status of 404 () @ https://res.cloudinary.com/nuxt-cloudinary/image/upload/f_auto,q_auto,w_300,h_300/https://cms.meeovicms.com/assets//images/headphones.jpg:0
[  176673ms] [ERROR] Failed to load resource: the server responded with a status of 404 () @ https://res.cloudinary.com/nuxt-cloudinary/image/upload/f_auto,q_auto,w_300,h_300/https://cms.meeovicms.com/assets//images/shoes.jpg:0
[  176674ms] [ERROR] Failed to load resource: the server responded with a status of 404 () @ https://res.cloudinary.com/nuxt-cloudinary/image/upload/f_auto,q_auto,w_300,h_300/https://cms.meeovicms.com/assets//images/tshirt.jpg:0
[  176675ms] [ERROR] Failed to load resource: the server responded with a status of 404 () @ https://res.cloudinary.com/nuxt-cloudinary/image/upload/f_auto,q_auto,w_300,h_300/https://cms.meeovicms.com/assets//images/bottle.jpg:0
[  176675ms] [ERROR] Failed to load resource: the server responded with a status of 404 () @ https://res.cloudinary.com/nuxt-cloudinary/image/upload/f_auto,q_auto,w_300,h_300/https://cms.meeovicms.com/assets//images/yogamat.jpg:0
[  176676ms] [ERROR] Failed to load resource: the server responded with a status of 404 () @ https://res.cloudinary.com/nuxt-cloudinary/image/upload/f_auto,q_auto,w_300,h_300/https://cms.meeovicms.com/assets//images/smartwatch.jpg:0
[  176677ms] [ERROR] Failed to load resource: the server responded with a status of 404 () @ https://res.cloudinary.com/nuxt-cloudinary/image/upload/f_auto,q_auto,w_300,h_300/https://cms.meeovicms.com/assets/daa48c31-db59-4537-bc6f-08a84cb1d46d:0
[  176679ms] [ERROR] Failed to load resource: the server responded with a status of 404 () @ https://res.cloudinary.com/nuxt-cloudinary/image/upload/f_auto,q_auto,w_300,h_300/https://cms.meeovicms.com/assets/4f4d8489-7439-4a65-960a-77b604cc0f7d:0
[  176681ms] [ERROR] Failed to load resource: the server responded with a status of 404 () @ https://res.cloudinary.com/nuxt-cloudinary/image/upload/f_auto,q_auto,w_300,h_300/https://cms.meeovicms.com/assets//images/mugs.jpg:0
[  176682ms] [ERROR] Failed to load resource: the server responded with a status of 404 () @ https://res.cloudinary.com/nuxt-cloudinary/image/upload/f_auto,q_auto,w_300,h_300/https://cms.meeovicms.com/assets//images/wallet.jpg:0
[  179188ms] [ERROR] Failed to load resource: the server responded with a status of 404 () @ https://res.cloudinary.com/nuxt-cloudinary/image/upload/f_auto,q_auto,w_300,h_300/https://cms.meeovicms.com/assets//images/headphones.jpg:0
[  179189ms] [ERROR] Failed to load resource: the server responded with a status of 404 () @ https://res.cloudinary.com/nuxt-cloudinary/image/upload/f_auto,q_auto,w_300,h_300/https://cms.meeovicms.com/assets//images/bottle.jpg:0
[  179192ms] [ERROR] Failed to load resource: the server responded with a status of 404 () @ https://res.cloudinary.com/nuxt-cloudinary/image/upload/f_auto,q_auto,w_300,h_300/https://cms.meeovicms.com/assets//images/smartwatch.jpg:0
[  179193ms] [ERROR] Failed to load resource: the server responded with a status of 404 () @ https://res.cloudinary.com/nuxt-cloudinary/image/upload/f_auto,q_auto,w_300,h_300/https://cms.meeovicms.com/assets//images/shoes.jpg:0
[  179194ms] [ERROR] Failed to load resource: the server responded with a status of 404 () @ https://res.cloudinary.com/nuxt-cloudinary/image/upload/f_auto,q_auto,w_300,h_300/https://cms.meeovicms.com/assets//images/tshirt.jpg:0
[  179195ms] [ERROR] Failed to load resource: the server responded with a status of 404 () @ https://res.cloudinary.com/nuxt-cloudinary/image/upload/f_auto,q_auto,w_300,h_300/https://cms.meeovicms.com/assets/daa48c31-db59-4537-bc6f-08a84cb1d46d:0
[  179197ms] [ERROR] Failed to load resource: the server responded with a status of 404 () @ https://res.cloudinary.com/nuxt-cloudinary/image/upload/f_auto,q_auto,w_300,h_300/https://cms.meeovicms.com/assets/4f4d8489-7439-4a65-960a-77b604cc0f7d:0
[  179198ms] [ERROR] Failed to load resource: the server responded with a status of 404 () @ https://res.cloudinary.com/nuxt-cloudinary/image/upload/f_auto,q_auto,w_300,h_300/https://cms.meeovicms.com/assets//images/yogamat.jpg:0
[  179199ms] [ERROR] Failed to load resource: the server responded with a status of 404 () @ https://res.cloudinary.com/nuxt-cloudinary/image/upload/f_auto,q_auto,w_300,h_300/https://cms.meeovicms.com/assets//images/wallet.jpg:0
[  179199ms] [ERROR] Failed to load resource: the server responded with a status of 404 () @ https://res.cloudinary.com/nuxt-cloudinary/image/upload/f_auto,q_auto,w_300,h_300/https://cms.meeovicms.com/assets//images/mugs.jpg:0
[  182017ms] [ERROR] Failed to load resource: the server responded with a status of 404 () @ https://res.cloudinary.com/nuxt-cloudinary/image/upload/f_auto,q_auto,w_300,h_300/https://cms.meeovicms.com/assets//images/headphones.jpg:0
[  182018ms] [ERROR] Failed to load resource: the server responded with a status of 404 () @ https://res.cloudinary.com/nuxt-cloudinary/image/upload/f_auto,q_auto,w_300,h_300/https://cms.meeovicms.com/assets//images/tshirt.jpg:0
[  182019ms] [ERROR] Failed to load resource: the server responded with a status of 404 () @ https://res.cloudinary.com/nuxt-cloudinary/image/upload/f_auto,q_auto,w_300,h_300/https://cms.meeovicms.com/assets//images/wallet.jpg:0
[  182020ms] [ERROR] Failed to load resource: the server responded with a status of 404 () @ https://res.cloudinary.com/nuxt-cloudinary/image/upload/f_auto,q_auto,w_300,h_300/https://cms.meeovicms.com/assets//images/shoes.jpg:0
[  182021ms] [ERROR] Failed to load resource: the server responded with a status of 404 () @ https://res.cloudinary.com/nuxt-cloudinary/image/upload/f_auto,q_auto,w_300,h_300/https://cms.meeovicms.com/assets//images/smartwatch.jpg:0
[  182022ms] [ERROR] Failed to load resource: the server responded with a status of 404 () @ https://res.cloudinary.com/nuxt-cloudinary/image/upload/f_auto,q_auto,w_300,h_300/https://cms.meeovicms.com/assets//images/mugs.jpg:0
[  182023ms] [ERROR] Failed to load resource: the server responded with a status of 404 () @ https://res.cloudinary.com/nuxt-cloudinary/image/upload/f_auto,q_auto,w_300,h_300/https://cms.meeovicms.com/assets/4f4d8489-7439-4a65-960a-77b604cc0f7d:0
[  182024ms] [ERROR] Failed to load resource: the server responded with a status of 404 () @ https://res.cloudinary.com/nuxt-cloudinary/image/upload/f_auto,q_auto,w_300,h_300/https://cms.meeovicms.com/assets/daa48c31-db59-4537-bc6f-08a84cb1d46d:0
[  182025ms] [ERROR] Failed to load resource: the server responded with a status of 404 () @ https://res.cloudinary.com/nuxt-cloudinary/image/upload/f_auto,q_auto,w_300,h_300/https://cms.meeovicms.com/assets//images/yogamat.jpg:0
[  182026ms] [ERROR] Failed to load resource: the server responded with a status of 404 () @ https://res.cloudinary.com/nuxt-cloudinary/image/upload/f_auto,q_auto,w_300,h_300/https://cms.meeovicms.com/assets//images/bottle.jpg:0
[  184929ms] [ERROR] Failed to load resource: the server responded with a status of 404 () @ https://res.cloudinary.com/nuxt-cloudinary/image/upload/f_auto,q_auto,w_300,h_300/https://cms.meeovicms.com/assets//images/headphones.jpg:0
[  184930ms] [ERROR] Failed to load resource: the server responded with a status of 404 () @ https://res.cloudinary.com/nuxt-cloudinary/image/upload/f_auto,q_auto,w_300,h_300/https://cms.meeovicms.com/assets//images/tshirt.jpg:0
[  184931ms] [ERROR] Failed to load resource: the server responded with a status of 404 () @ https://res.cloudinary.com/nuxt-cloudinary/image/upload/f_auto,q_auto,w_300,h_300/https://cms.meeovicms.com/assets//images/shoes.jpg:0
[  184931ms] [ERROR] Failed to load resource: the server responded with a status of 404 () @ https://res.cloudinary.com/nuxt-cloudinary/image/upload/f_auto,q_auto,w_300,h_300/https://cms.meeovicms.com/assets//images/bottle.jpg:0
[  184932ms] [ERROR] Failed to load resource: the server responded with a status of 404 () @ https://res.cloudinary.com/nuxt-cloudinary/image/upload/f_auto,q_auto,w_300,h_300/https://cms.meeovicms.com/assets//images/yogamat.jpg:0
[  184933ms] [ERROR] Failed to load resource: the server responded with a status of 404 () @ https://res.cloudinary.com/nuxt-cloudinary/image/upload/f_auto,q_auto,w_300,h_300/https://cms.meeovicms.com/assets//images/wallet.jpg:0
[  184934ms] [ERROR] Failed to load resource: the server responded with a status of 404 () @ https://res.cloudinary.com/nuxt-cloudinary/image/upload/f_auto,q_auto,w_300,h_300/https://cms.meeovicms.com/assets/daa48c31-db59-4537-bc6f-08a84cb1d46d:0
[  184935ms] [ERROR] Failed to load resource: the server responded with a status of 404 () @ https://res.cloudinary.com/nuxt-cloudinary/image/upload/f_auto,q_auto,w_300,h_300/https://cms.meeovicms.com/assets//images/smartwatch.jpg:0
[  184936ms] [ERROR] Failed to load resource: the server responded with a status of 404 () @ https://res.cloudinary.com/nuxt-cloudinary/image/upload/f_auto,q_auto,w_300,h_300/https://cms.meeovicms.com/assets/4f4d8489-7439-4a65-960a-77b604cc0f7d:0
[  184936ms] [ERROR] Failed to load resource: the server responded with a status of 404 () @ https://res.cloudinary.com/nuxt-cloudinary/image/upload/f_auto,q_auto,w_300,h_300/https://cms.meeovicms.com/assets//images/mugs.jpg:0
[  187759ms] [ERROR] Failed to load resource: the server responded with a status of 404 () @ https://res.cloudinary.com/nuxt-cloudinary/image/upload/f_auto,q_auto,w_300,h_300/https://cms.meeovicms.com/assets//images/tshirt.jpg:0
[  187761ms] [ERROR] Failed to load resource: the server responded with a status of 404 () @ https://res.cloudinary.com/nuxt-cloudinary/image/upload/f_auto,q_auto,w_300,h_300/https://cms.meeovicms.com/assets//images/headphones.jpg:0
[  187762ms] [ERROR] Failed to load resource: the server responded with a status of 404 () @ https://res.cloudinary.com/nuxt-cloudinary/image/upload/f_auto,q_auto,w_300,h_300/https://cms.meeovicms.com/assets//images/bottle.jpg:0
[  187763ms] [ERROR] Failed to load resource: the server responded with a status of 404 () @ https://res.cloudinary.com/nuxt-cloudinary/image/upload/f_auto,q_auto,w_300,h_300/https://cms.meeovicms.com/assets//images/smartwatch.jpg:0
[  187764ms] [ERROR] Failed to load resource: the server responded with a status of 404 () @ https://res.cloudinary.com/nuxt-cloudinary/image/upload/f_auto,q_auto,w_300,h_300/https://cms.meeovicms.com/assets//images/yogamat.jpg:0
[  187765ms] [ERROR] Failed to load resource: the server responded with a status of 404 () @ https://res.cloudinary.com/nuxt-cloudinary/image/upload/f_auto,q_auto,w_300,h_300/https://cms.meeovicms.com/assets//images/shoes.jpg:0
[  187766ms] [ERROR] Failed to load resource: the server responded with a status of 404 () @ https://res.cloudinary.com/nuxt-cloudinary/image/upload/f_auto,q_auto,w_300,h_300/https://cms.meeovicms.com/assets//images/wallet.jpg:0
[  187774ms] [ERROR] Failed to load resource: the server responded with a status of 404 () @ https://res.cloudinary.com/nuxt-cloudinary/image/upload/f_auto,q_auto,w_300,h_300/https://cms.meeovicms.com/assets//images/mugs.jpg:0
[  187777ms] [ERROR] Failed to load resource: the server responded with a status of 404 () @ https://res.cloudinary.com/nuxt-cloudinary/image/upload/f_auto,q_auto,w_300,h_300/https://cms.meeovicms.com/assets/daa48c31-db59-4537-bc6f-08a84cb1d46d:0
[  187779ms] [ERROR] Failed to load resource: the server responded with a status of 404 () @ https://res.cloudinary.com/nuxt-cloudinary/image/upload/f_auto,q_auto,w_300,h_300/https://cms.meeovicms.com/assets/4f4d8489-7439-4a65-960a-77b604cc0f7d:0
[  190681ms] [ERROR] Failed to load resource: the server responded with a status of 404 () @ https://res.cloudinary.com/nuxt-cloudinary/image/upload/f_auto,q_auto,w_300,h_300/https://cms.meeovicms.com/assets//images/shoes.jpg:0
[  190682ms] [ERROR] Failed to load resource: the server responded with a status of 404 () @ https://res.cloudinary.com/nuxt-cloudinary/image/upload/f_auto,q_auto,w_300,h_300/https://cms.meeovicms.com/assets//images/headphones.jpg:0
[  190683ms] [ERROR] Failed to load resource: the server responded with a status of 404 () @ https://res.cloudinary.com/nuxt-cloudinary/image/upload/f_auto,q_auto,w_300,h_300/https://cms.meeovicms.com/assets//images/yogamat.jpg:0
[  190684ms] [ERROR] Failed to load resource: the server responded with a status of 404 () @ https://res.cloudinary.com/nuxt-cloudinary/image/upload/f_auto,q_auto,w_300,h_300/https://cms.meeovicms.com/assets//images/tshirt.jpg:0
[  190685ms] [ERROR] Failed to load resource: the server responded with a status of 404 () @ https://res.cloudinary.com/nuxt-cloudinary/image/upload/f_auto,q_auto,w_300,h_300/https://cms.meeovicms.com/assets//images/smartwatch.jpg:0
[  190685ms] [ERROR] Failed to load resource: the server responded with a status of 404 () @ https://res.cloudinary.com/nuxt-cloudinary/image/upload/f_auto,q_auto,w_300,h_300/https://cms.meeovicms.com/assets//images/bottle.jpg:0
[  190686ms] [ERROR] Failed to load resource: the server responded with a status of 404 () @ https://res.cloudinary.com/nuxt-cloudinary/image/upload/f_auto,q_auto,w_300,h_300/https://cms.meeovicms.com/assets//images/wallet.jpg:0
[  190687ms] [ERROR] Failed to load resource: the server responded with a status of 404 () @ https://res.cloudinary.com/nuxt-cloudinary/image/upload/f_auto,q_auto,w_300,h_300/https://cms.meeovicms.com/assets/4f4d8489-7439-4a65-960a-77b604cc0f7d:0
[  190688ms] [ERROR] Failed to load resource: the server responded with a status of 404 () @ https://res.cloudinary.com/nuxt-cloudinary/image/upload/f_auto,q_auto,w_300,h_300/https://cms.meeovicms.com/assets//images/mugs.jpg:0
[  190689ms] [ERROR] Failed to load resource: the server responded with a status of 404 () @ https://res.cloudinary.com/nuxt-cloudinary/image/upload/f_auto,q_auto,w_300,h_300/https://cms.meeovicms.com/assets/daa48c31-db59-4537-bc6f-08a84cb1d46d:0
[  193465ms] [ERROR] Failed to load resource: the server responded with a status of 404 () @ https://res.cloudinary.com/nuxt-cloudinary/image/upload/f_auto,q_auto,w_300,h_300/https://cms.meeovicms.com/assets//images/shoes.jpg:0
[  193466ms] [ERROR] Failed to load resource: the server responded with a status of 404 () @ https://res.cloudinary.com/nuxt-cloudinary/image/upload/f_auto,q_auto,w_300,h_300/https://cms.meeovicms.com/assets//images/headphones.jpg:0
[  193466ms] [ERROR] Failed to load resource: the server responded with a status of 404 () @ https://res.cloudinary.com/nuxt-cloudinary/image/upload/f_auto,q_auto,w_300,h_300/https://cms.meeovicms.com/assets//images/tshirt.jpg:0
[  193467ms] [ERROR] Failed to load resource: the server responded with a status of 404 () @ https://res.cloudinary.com/nuxt-cloudinary/image/upload/f_auto,q_auto,w_300,h_300/https://cms.meeovicms.com/assets//images/bottle.jpg:0
[  193468ms] [ERROR] Failed to load resource: the server responded with a status of 404 () @ https://res.cloudinary.com/nuxt-cloudinary/image/upload/f_auto,q_auto,w_300,h_300/https://cms.meeovicms.com/assets//images/smartwatch.jpg:0
[  193468ms] [ERROR] Failed to load resource: the server responded with a status of 404 () @ https://res.cloudinary.com/nuxt-cloudinary/image/upload/f_auto,q_auto,w_300,h_300/https://cms.meeovicms.com/assets//images/wallet.jpg:0
[  193469ms] [ERROR] Failed to load resource: the server responded with a status of 404 () @ https://res.cloudinary.com/nuxt-cloudinary/image/upload/f_auto,q_auto,w_300,h_300/https://cms.meeovicms.com/assets//images/yogamat.jpg:0
[  193470ms] [ERROR] Failed to load resource: the server responded with a status of 404 () @ https://res.cloudinary.com/nuxt-cloudinary/image/upload/f_auto,q_auto,w_300,h_300/https://cms.meeovicms.com/assets//images/mugs.jpg:0
[  193470ms] [ERROR] Failed to load resource: the server responded with a status of 404 () @ https://res.cloudinary.com/nuxt-cloudinary/image/upload/f_auto,q_auto,w_300,h_300/https://cms.meeovicms.com/assets/daa48c31-db59-4537-bc6f-08a84cb1d46d:0
[  193471ms] [ERROR] Failed to load resource: the server responded with a status of 404 () @ https://res.cloudinary.com/nuxt-cloudinary/image/upload/f_auto,q_auto,w_300,h_300/https://cms.meeovicms.com/assets/4f4d8489-7439-4a65-960a-77b604cc0f7d:0
[  196198ms] [ERROR] Failed to load resource: the server responded with a status of 404 () @ https://res.cloudinary.com/nuxt-cloudinary/image/upload/f_auto,q_auto,w_300,h_300/https://cms.meeovicms.com/assets//images/headphones.jpg:0
[  196199ms] [ERROR] Failed to load resource: the server responded with a status of 404 () @ https://res.cloudinary.com/nuxt-cloudinary/image/upload/f_auto,q_auto,w_300,h_300/https://cms.meeovicms.com/assets//images/bottle.jpg:0
[  196201ms] [ERROR] Failed to load resource: the server responded with a status of 404 () @ https://res.cloudinary.com/nuxt-cloudinary/image/upload/f_auto,q_auto,w_300,h_300/https://cms.meeovicms.com/assets//images/tshirt.jpg:0
[  196202ms] [ERROR] Failed to load resource: the server responded with a status of 404 () @ https://res.cloudinary.com/nuxt-cloudinary/image/upload/f_auto,q_auto,w_300,h_300/https://cms.meeovicms.com/assets//images/smartwatch.jpg:0
[  196203ms] [ERROR] Failed to load resource: the server responded with a status of 404 () @ https://res.cloudinary.com/nuxt-cloudinary/image/upload/f_auto,q_auto,w_300,h_300/https://cms.meeovicms.com/assets//images/shoes.jpg:0
[  196204ms] [ERROR] Failed to load resource: the server responded with a status of 404 () @ https://res.cloudinary.com/nuxt-cloudinary/image/upload/f_auto,q_auto,w_300,h_300/https://cms.meeovicms.com/assets/4f4d8489-7439-4a65-960a-77b604cc0f7d:0
[  196205ms] [ERROR] Failed to load resource: the server responded with a status of 404 () @ https://res.cloudinary.com/nuxt-cloudinary/image/upload/f_auto,q_auto,w_300,h_300/https://cms.meeovicms.com/assets//images/wallet.jpg:0
[  196206ms] [ERROR] Failed to load resource: the server responded with a status of 404 () @ https://res.cloudinary.com/nuxt-cloudinary/image/upload/f_auto,q_auto,w_300,h_300/https://cms.meeovicms.com/assets/daa48c31-db59-4537-bc6f-08a84cb1d46d:0
[  196208ms] [ERROR] Failed to load resource: the server responded with a status of 404 () @ https://res.cloudinary.com/nuxt-cloudinary/image/upload/f_auto,q_auto,w_300,h_300/https://cms.meeovicms.com/assets//images/yogamat.jpg:0
[  196209ms] [ERROR] Failed to load resource: the server responded with a status of 404 () @ https://res.cloudinary.com/nuxt-cloudinary/image/upload/f_auto,q_auto,w_300,h_300/https://cms.meeovicms.com/assets//images/mugs.jpg:0
[  199014ms] [ERROR] Failed to load resource: the server responded with a status of 404 () @ https://res.cloudinary.com/nuxt-cloudinary/image/upload/f_auto,q_auto,w_300,h_300/https://cms.meeovicms.com/assets//images/headphones.jpg:0
[  199015ms] [ERROR] Failed to load resource: the server responded with a status of 404 () @ https://res.cloudinary.com/nuxt-cloudinary/image/upload/f_auto,q_auto,w_300,h_300/https://cms.meeovicms.com/assets//images/shoes.jpg:0
[  199016ms] [ERROR] Failed to load resource: the server responded with a status of 404 () @ https://res.cloudinary.com/nuxt-cloudinary/image/upload/f_auto,q_auto,w_300,h_300/https://cms.meeovicms.com/assets//images/tshirt.jpg:0
[  199016ms] [ERROR] Failed to load resource: the server responded with a status of 404 () @ https://res.cloudinary.com/nuxt-cloudinary/image/upload/f_auto,q_auto,w_300,h_300/https://cms.meeovicms.com/assets//images/smartwatch.jpg:0
[  199017ms] [ERROR] Failed to load resource: the server responded with a status of 404 () @ https://res.cloudinary.com/nuxt-cloudinary/image/upload/f_auto,q_auto,w_300,h_300/https://cms.meeovicms.com/assets//images/bottle.jpg:0
[  199018ms] [ERROR] Failed to load resource: the server responded with a status of 404 () @ https://res.cloudinary.com/nuxt-cloudinary/image/upload/f_auto,q_auto,w_300,h_300/https://cms.meeovicms.com/assets//images/yogamat.jpg:0
[  199019ms] [ERROR] Failed to load resource: the server responded with a status of 404 () @ https://res.cloudinary.com/nuxt-cloudinary/image/upload/f_auto,q_auto,w_300,h_300/https://cms.meeovicms.com/assets/daa48c31-db59-4537-bc6f-08a84cb1d46d:0
[  199021ms] [ERROR] Failed to load resource: the server responded with a status of 404 () @ https://res.cloudinary.com/nuxt-cloudinary/image/upload/f_auto,q_auto,w_300,h_300/https://cms.meeovicms.com/assets//images/wallet.jpg:0
[  199023ms] [ERROR] Failed to load resource: the server responded with a status of 404 () @ https://res.cloudinary.com/nuxt-cloudinary/image/upload/f_auto,q_auto,w_300,h_300/https://cms.meeovicms.com/assets//images/mugs.jpg:0
[  199025ms] [ERROR] Failed to load resource: the server responded with a status of 404 () @ https://res.cloudinary.com/nuxt-cloudinary/image/upload/f_auto,q_auto,w_300,h_300/https://cms.meeovicms.com/assets/4f4d8489-7439-4a65-960a-77b604cc0f7d:0
[  202481ms] [ERROR] Failed to load resource: the server responded with a status of 404 () @ https://res.cloudinary.com/nuxt-cloudinary/image/upload/f_auto,q_auto,w_300,h_300/https://cms.meeovicms.com/assets//images/shoes.jpg:0
[  202482ms] [ERROR] Failed to load resource: the server responded with a status of 404 () @ https://res.cloudinary.com/nuxt-cloudinary/image/upload/f_auto,q_auto,w_300,h_300/https://cms.meeovicms.com/assets//images/headphones.jpg:0
[  202483ms] [ERROR] Failed to load resource: the server responded with a status of 404 () @ https://res.cloudinary.com/nuxt-cloudinary/image/upload/f_auto,q_auto,w_300,h_300/https://cms.meeovicms.com/assets//images/tshirt.jpg:0
[  202483ms] [ERROR] Failed to load resource: the server responded with a status of 404 () @ https://res.cloudinary.com/nuxt-cloudinary/image/upload/f_auto,q_auto,w_300,h_300/https://cms.meeovicms.com/assets//images/bottle.jpg:0
[  202484ms] [ERROR] Failed to load resource: the server responded with a status of 404 () @ https://res.cloudinary.com/nuxt-cloudinary/image/upload/f_auto,q_auto,w_300,h_300/https://cms.meeovicms.com/assets//images/yogamat.jpg:0
[  202485ms] [ERROR] Failed to load resource: the server responded with a status of 404 () @ https://res.cloudinary.com/nuxt-cloudinary/image/upload/f_auto,q_auto,w_300,h_300/https://cms.meeovicms.com/assets//images/wallet.jpg:0
[  202485ms] [ERROR] Failed to load resource: the server responded with a status of 404 () @ https://res.cloudinary.com/nuxt-cloudinary/image/upload/f_auto,q_auto,w_300,h_300/https://cms.meeovicms.com/assets/4f4d8489-7439-4a65-960a-77b604cc0f7d:0
[  202486ms] [ERROR] Failed to load resource: the server responded with a status of 404 () @ https://res.cloudinary.com/nuxt-cloudinary/image/upload/f_auto,q_auto,w_300,h_300/https://cms.meeovicms.com/assets//images/smartwatch.jpg:0
[  202487ms] [ERROR] Failed to load resource: the server responded with a status of 404 () @ https://res.cloudinary.com/nuxt-cloudinary/image/upload/f_auto,q_auto,w_300,h_300/https://cms.meeovicms.com/assets/daa48c31-db59-4537-bc6f-08a84cb1d46d:0
[  202488ms] [ERROR] Failed to load resource: the server responded with a status of 404 () @ https://res.cloudinary.com/nuxt-cloudinary/image/upload/f_auto,q_auto,w_300,h_300/https://cms.meeovicms.com/assets//images/mugs.jpg:0
[  206154ms] [ERROR] Failed to load resource: the server responded with a status of 404 () @ https://res.cloudinary.com/nuxt-cloudinary/image/upload/f_auto,q_auto,w_300,h_300/https://cms.meeovicms.com/assets//images/bottle.jpg:0
[  206155ms] [ERROR] Failed to load resource: the server responded with a status of 404 () @ https://res.cloudinary.com/nuxt-cloudinary/image/upload/f_auto,q_auto,w_300,h_300/https://cms.meeovicms.com/assets//images/tshirt.jpg:0
[  206156ms] [ERROR] Failed to load resource: the server responded with a status of 404 () @ https://res.cloudinary.com/nuxt-cloudinary/image/upload/f_auto,q_auto,w_300,h_300/https://cms.meeovicms.com/assets//images/smartwatch.jpg:0
[  206157ms] [ERROR] Failed to load resource: the server responded with a status of 404 () @ https://res.cloudinary.com/nuxt-cloudinary/image/upload/f_auto,q_auto,w_300,h_300/https://cms.meeovicms.com/assets//images/shoes.jpg:0
[  206158ms] [ERROR] Failed to load resource: the server responded with a status of 404 () @ https://res.cloudinary.com/nuxt-cloudinary/image/upload/f_auto,q_auto,w_300,h_300/https://cms.meeovicms.com/assets//images/mugs.jpg:0
[  206160ms] [ERROR] Failed to load resource: the server responded with a status of 404 () @ https://res.cloudinary.com/nuxt-cloudinary/image/upload/f_auto,q_auto,w_300,h_300/https://cms.meeovicms.com/assets//images/headphones.jpg:0
[  206161ms] [ERROR] Failed to load resource: the server responded with a status of 404 () @ https://res.cloudinary.com/nuxt-cloudinary/image/upload/f_auto,q_auto,w_300,h_300/https://cms.meeovicms.com/assets/4f4d8489-7439-4a65-960a-77b604cc0f7d:0
[  206162ms] [ERROR] Failed to load resource: the server responded with a status of 404 () @ https://res.cloudinary.com/nuxt-cloudinary/image/upload/f_auto,q_auto,w_300,h_300/https://cms.meeovicms.com/assets//images/yogamat.jpg:0
[  206163ms] [ERROR] Failed to load resource: the server responded with a status of 404 () @ https://res.cloudinary.com/nuxt-cloudinary/image/upload/f_auto,q_auto,w_300,h_300/https://cms.meeovicms.com/assets/daa48c31-db59-4537-bc6f-08a84cb1d46d:0
[  206165ms] [ERROR] Failed to load resource: the server responded with a status of 404 () @ https://res.cloudinary.com/nuxt-cloudinary/image/upload/f_auto,q_auto,w_300,h_300/https://cms.meeovicms.com/assets//images/wallet.jpg:0
[  206248ms] TurnstileError: [Cloudflare Turnstile] Error: 110200.
    at x (https://challenges.cloudflare.com/turnstile/v0/api.js:2:17328)
    at P (https://challenges.cloudflare.com/turnstile/v0/api.js:2:60066)
    at I (https://challenges.cloudflare.com/turnstile/v0/api.js:2:65893)
    at sentryWrapped (http://127.0.0.1:3002/_nuxt/@fs/home/meebuzo/github/alternate-framework/node_modules/@sentry/browser/build/npm/esm/dev/helpers.js?v=4790ac70:41:17)
[  209126ms] [ERROR] Failed to load resource: the server responded with a status of 404 () @ https://res.cloudinary.com/nuxt-cloudinary/image/upload/f_auto,q_auto,w_300,h_300/https://cms.meeovicms.com/assets//images/headphones.jpg:0
[  209128ms] [ERROR] Failed to load resource: the server responded with a status of 404 () @ https://res.cloudinary.com/nuxt-cloudinary/image/upload/f_auto,q_auto,w_300,h_300/https://cms.meeovicms.com/assets//images/shoes.jpg:0
[  209129ms] [ERROR] Failed to load resource: the server responded with a status of 404 () @ https://res.cloudinary.com/nuxt-cloudinary/image/upload/f_auto,q_auto,w_300,h_300/https://cms.meeovicms.com/assets//images/bottle.jpg:0
[  209129ms] [ERROR] Failed to load resource: the server responded with a status of 404 () @ https://res.cloudinary.com/nuxt-cloudinary/image/upload/f_auto,q_auto,w_300,h_300/https://cms.meeovicms.com/assets//images/smartwatch.jpg:0
[  209131ms] [ERROR] Failed to load resource: the server responded with a status of 404 () @ https://res.cloudinary.com/nuxt-cloudinary/image/upload/f_auto,q_auto,w_300,h_300/https://cms.meeovicms.com/assets//images/tshirt.jpg:0
[  209132ms] [ERROR] Failed to load resource: the server responded with a status of 404 () @ https://res.cloudinary.com/nuxt-cloudinary/image/upload/f_auto,q_auto,w_300,h_300/https://cms.meeovicms.com/assets//images/wallet.jpg:0
[  209133ms] [ERROR] Failed to load resource: the server responded with a status of 404 () @ https://res.cloudinary.com/nuxt-cloudinary/image/upload/f_auto,q_auto,w_300,h_300/https://cms.meeovicms.com/assets//images/yogamat.jpg:0
[  209134ms] [ERROR] Failed to load resource: the server responded with a status of 404 () @ https://res.cloudinary.com/nuxt-cloudinary/image/upload/f_auto,q_auto,w_300,h_300/https://cms.meeovicms.com/assets/daa48c31-db59-4537-bc6f-08a84cb1d46d:0
[  209135ms] [ERROR] Failed to load resource: the server responded with a status of 404 () @ https://res.cloudinary.com/nuxt-cloudinary/image/upload/f_auto,q_auto,w_300,h_300/https://cms.meeovicms.com/assets//images/mugs.jpg:0
[  209136ms] [ERROR] Failed to load resource: the server responded with a status of 404 () @ https://res.cloudinary.com/nuxt-cloudinary/image/upload/f_auto,q_auto,w_300,h_300/https://cms.meeovicms.com/assets/4f4d8489-7439-4a65-960a-77b604cc0f7d:0
[  211812ms] [ERROR] Failed to load resource: the server responded with a status of 404 () @ https://res.cloudinary.com/nuxt-cloudinary/image/upload/f_auto,q_auto,w_300,h_300/https://cms.meeovicms.com/assets//images/headphones.jpg:0
[  211813ms] [ERROR] Failed to load resource: the server responded with a status of 404 () @ https://res.cloudinary.com/nuxt-cloudinary/image/upload/f_auto,q_auto,w_300,h_300/https://cms.meeovicms.com/assets//images/bottle.jpg:0
[  211814ms] [ERROR] Failed to load resource: the server responded with a status of 404 () @ https://res.cloudinary.com/nuxt-cloudinary/image/upload/f_auto,q_auto,w_300,h_300/https://cms.meeovicms.com/assets//images/tshirt.jpg:0
[  211815ms] [ERROR] Failed to load resource: the server responded with a status of 404 () @ https://res.cloudinary.com/nuxt-cloudinary/image/upload/f_auto,q_auto,w_300,h_300/https://cms.meeovicms.com/assets//images/shoes.jpg:0
[  211815ms] [ERROR] Failed to load resource: the server responded with a status of 404 () @ https://res.cloudinary.com/nuxt-cloudinary/image/upload/f_auto,q_auto,w_300,h_300/https://cms.meeovicms.com/assets//images/smartwatch.jpg:0
[  211816ms] [ERROR] Failed to load resource: the server responded with a status of 404 () @ https://res.cloudinary.com/nuxt-cloudinary/image/upload/f_auto,q_auto,w_300,h_300/https://cms.meeovicms.com/assets//images/mugs.jpg:0
[  211817ms] [ERROR] Failed to load resource: the server responded with a status of 404 () @ https://res.cloudinary.com/nuxt-cloudinary/image/upload/f_auto,q_auto,w_300,h_300/https://cms.meeovicms.com/assets//images/wallet.jpg:0
[  211818ms] [ERROR] Failed to load resource: the server responded with a status of 404 () @ https://res.cloudinary.com/nuxt-cloudinary/image/upload/f_auto,q_auto,w_300,h_300/https://cms.meeovicms.com/assets/daa48c31-db59-4537-bc6f-08a84cb1d46d:0
[  211819ms] [ERROR] Failed to load resource: the server responded with a status of 404 () @ https://res.cloudinary.com/nuxt-cloudinary/image/upload/f_auto,q_auto,w_300,h_300/https://cms.meeovicms.com/assets//images/yogamat.jpg:0
[  211820ms] [ERROR] Failed to load resource: the server responded with a status of 404 () @ https://res.cloudinary.com/nuxt-cloudinary/image/upload/f_auto,q_auto,w_300,h_300/https://cms.meeovicms.com/assets/4f4d8489-7439-4a65-960a-77b604cc0f7d:0
[  214409ms] [ERROR] Failed to load resource: the server responded with a status of 404 () @ https://res.cloudinary.com/nuxt-cloudinary/image/upload/f_auto,q_auto,w_300,h_300/https://cms.meeovicms.com/assets//images/headphones.jpg:0
[  214413ms] [ERROR] Failed to load resource: the server responded with a status of 404 () @ https://res.cloudinary.com/nuxt-cloudinary/image/upload/f_auto,q_auto,w_300,h_300/https://cms.meeovicms.com/assets//images/shoes.jpg:0
[  214414ms] [ERROR] Failed to load resource: the server responded with a status of 404 () @ https://res.cloudinary.com/nuxt-cloudinary/image/upload/f_auto,q_auto,w_300,h_300/https://cms.meeovicms.com/assets//images/tshirt.jpg:0
[  214415ms] [ERROR] Failed to load resource: the server responded with a status of 404 () @ https://res.cloudinary.com/nuxt-cloudinary/image/upload/f_auto,q_auto,w_300,h_300/https://cms.meeovicms.com/assets//images/bottle.jpg:0
[  214417ms] [ERROR] Failed to load resource: the server responded with a status of 404 () @ https://res.cloudinary.com/nuxt-cloudinary/image/upload/f_auto,q_auto,w_300,h_300/https://cms.meeovicms.com/assets//images/wallet.jpg:0
[  214418ms] [ERROR] Failed to load resource: the server responded with a status of 404 () @ https://res.cloudinary.com/nuxt-cloudinary/image/upload/f_auto,q_auto,w_300,h_300/https://cms.meeovicms.com/assets//images/smartwatch.jpg:0
[  214419ms] [ERROR] Failed to load resource: the server responded with a status of 404 () @ https://res.cloudinary.com/nuxt-cloudinary/image/upload/f_auto,q_auto,w_300,h_300/https://cms.meeovicms.com/assets/daa48c31-db59-4537-bc6f-08a84cb1d46d:0
[  214420ms] [ERROR] Failed to load resource: the server responded with a status of 404 () @ https://res.cloudinary.com/nuxt-cloudinary/image/upload/f_auto,q_auto,w_300,h_300/https://cms.meeovicms.com/assets//images/yogamat.jpg:0
[  214421ms] [ERROR] Failed to load resource: the server responded with a status of 404 () @ https://res.cloudinary.com/nuxt-cloudinary/image/upload/f_auto,q_auto,w_300,h_300/https://cms.meeovicms.com/assets/4f4d8489-7439-4a65-960a-77b604cc0f7d:0
[  214422ms] [ERROR] Failed to load resource: the server responded with a status of 404 () @ https://res.cloudinary.com/nuxt-cloudinary/image/upload/f_auto,q_auto,w_300,h_300/https://cms.meeovicms.com/assets//images/mugs.jpg:0
[  217181ms] [ERROR] Failed to load resource: the server responded with a status of 404 () @ https://res.cloudinary.com/nuxt-cloudinary/image/upload/f_auto,q_auto,w_300,h_300/https://cms.meeovicms.com/assets//images/shoes.jpg:0
[  217183ms] [ERROR] Failed to load resource: the server responded with a status of 404 () @ https://res.cloudinary.com/nuxt-cloudinary/image/upload/f_auto,q_auto,w_300,h_300/https://cms.meeovicms.com/assets//images/tshirt.jpg:0
[  217184ms] [ERROR] Failed to load resource: the server responded with a status of 404 () @ https://res.cloudinary.com/nuxt-cloudinary/image/upload/f_auto,q_auto,w_300,h_300/https://cms.meeovicms.com/assets//images/headphones.jpg:0
[  217188ms] [ERROR] Failed to load resource: the server responded with a status of 404 () @ https://res.cloudinary.com/nuxt-cloudinary/image/upload/f_auto,q_auto,w_300,h_300/https://cms.meeovicms.com/assets//images/smartwatch.jpg:0
[  217189ms] [ERROR] Failed to load resource: the server responded with a status of 404 () @ https://res.cloudinary.com/nuxt-cloudinary/image/upload/f_auto,q_auto,w_300,h_300/https://cms.meeovicms.com/assets//images/bottle.jpg:0
[  217190ms] [ERROR] Failed to load resource: the server responded with a status of 404 () @ https://res.cloudinary.com/nuxt-cloudinary/image/upload/f_auto,q_auto,w_300,h_300/https://cms.meeovicms.com/assets//images/yogamat.jpg:0
[  217191ms] [ERROR] Failed to load resource: the server responded with a status of 404 () @ https://res.cloudinary.com/nuxt-cloudinary/image/upload/f_auto,q_auto,w_300,h_300/https://cms.meeovicms.com/assets/4f4d8489-7439-4a65-960a-77b604cc0f7d:0
[  217192ms] [ERROR] Failed to load resource: the server responded with a status of 404 () @ https://res.cloudinary.com/nuxt-cloudinary/image/upload/f_auto,q_auto,w_300,h_300/https://cms.meeovicms.com/assets//images/wallet.jpg:0
[  217193ms] [ERROR] Failed to load resource: the server responded with a status of 404 () @ https://res.cloudinary.com/nuxt-cloudinary/image/upload/f_auto,q_auto,w_300,h_300/https://cms.meeovicms.com/assets//images/mugs.jpg:0
[  217194ms] [ERROR] Failed to load resource: the server responded with a status of 404 () @ https://res.cloudinary.com/nuxt-cloudinary/image/upload/f_auto,q_auto,w_300,h_300/https://cms.meeovicms.com/assets/daa48c31-db59-4537-bc6f-08a84cb1d46d:0
[  223498ms] [ERROR] Failed to load resource: the server responded with a status of 404 () @ https://res.cloudinary.com/nuxt-cloudinary/image/upload/f_auto,q_auto,w_300,h_300/https://cms.meeovicms.com/assets//images/headphones.jpg:0
[  223500ms] [ERROR] Failed to load resource: the server responded with a status of 404 () @ https://res.cloudinary.com/nuxt-cloudinary/image/upload/f_auto,q_auto,w_300,h_300/https://cms.meeovicms.com/assets//images/shoes.jpg:0
[  223501ms] [ERROR] Failed to load resource: the server responded with a status of 404 () @ https://res.cloudinary.com/nuxt-cloudinary/image/upload/f_auto,q_auto,w_300,h_300/https://cms.meeovicms.com/assets//images/bottle.jpg:0
[  223504ms] [ERROR] Failed to load resource: the server responded with a status of 404 () @ https://res.cloudinary.com/nuxt-cloudinary/image/upload/f_auto,q_auto,w_300,h_300/https://cms.meeovicms.com/assets//images/tshirt.jpg:0
[  223505ms] [ERROR] Failed to load resource: the server responded with a status of 404 () @ https://res.cloudinary.com/nuxt-cloudinary/image/upload/f_auto,q_auto,w_300,h_300/https://cms.meeovicms.com/assets//images/wallet.jpg:0
[  223506ms] [ERROR] Failed to load resource: the server responded with a status of 404 () @ https://res.cloudinary.com/nuxt-cloudinary/image/upload/f_auto,q_auto,w_300,h_300/https://cms.meeovicms.com/assets//images/smartwatch.jpg:0
[  223507ms] [ERROR] Failed to load resource: the server responded with a status of 404 () @ https://res.cloudinary.com/nuxt-cloudinary/image/upload/f_auto,q_auto,w_300,h_300/https://cms.meeovicms.com/assets/daa48c31-db59-4537-bc6f-08a84cb1d46d:0
[  223508ms] [ERROR] Failed to load resource: the server responded with a status of 404 () @ https://res.cloudinary.com/nuxt-cloudinary/image/upload/f_auto,q_auto,w_300,h_300/https://cms.meeovicms.com/assets//images/yogamat.jpg:0
[  223509ms] [ERROR] Failed to load resource: the server responded with a status of 404 () @ https://res.cloudinary.com/nuxt-cloudinary/image/upload/f_auto,q_auto,w_300,h_300/https://cms.meeovicms.com/assets//images/mugs.jpg:0
[  223510ms] [ERROR] Failed to load resource: the server responded with a status of 404 () @ https://res.cloudinary.com/nuxt-cloudinary/image/upload/f_auto,q_auto,w_300,h_300/https://cms.meeovicms.com/assets/4f4d8489-7439-4a65-960a-77b604cc0f7d:0
[  226395ms] [ERROR] Failed to load resource: the server responded with a status of 404 () @ https://res.cloudinary.com/nuxt-cloudinary/image/upload/f_auto,q_auto,w_300,h_300/https://cms.meeovicms.com/assets//images/headphones.jpg:0
[  226406ms] [ERROR] Failed to load resource: the server responded with a status of 404 () @ https://res.cloudinary.com/nuxt-cloudinary/image/upload/f_auto,q_auto,w_300,h_300/https://cms.meeovicms.com/assets//images/bottle.jpg:0
[  226408ms] [ERROR] Failed to load resource: the server responded with a status of 404 () @ https://res.cloudinary.com/nuxt-cloudinary/image/upload/f_auto,q_auto,w_300,h_300/https://cms.meeovicms.com/assets//images/tshirt.jpg:0
[  226416ms] [ERROR] Failed to load resource: the server responded with a status of 404 () @ https://res.cloudinary.com/nuxt-cloudinary/image/upload/f_auto,q_auto,w_300,h_300/https://cms.meeovicms.com/assets//images/smartwatch.jpg:0
[  226417ms] [ERROR] Failed to load resource: the server responded with a status of 404 () @ https://res.cloudinary.com/nuxt-cloudinary/image/upload/f_auto,q_auto,w_300,h_300/https://cms.meeovicms.com/assets//images/shoes.jpg:0
[  226419ms] [ERROR] Failed to load resource: the server responded with a status of 404 () @ https://res.cloudinary.com/nuxt-cloudinary/image/upload/f_auto,q_auto,w_300,h_300/https://cms.meeovicms.com/assets//images/yogamat.jpg:0
[  226425ms] [ERROR] Failed to load resource: the server responded with a status of 404 () @ https://res.cloudinary.com/nuxt-cloudinary/image/upload/f_auto,q_auto,w_300,h_300/https://cms.meeovicms.com/assets//images/mugs.jpg:0
[  226427ms] [ERROR] Failed to load resource: the server responded with a status of 404 () @ https://res.cloudinary.com/nuxt-cloudinary/image/upload/f_auto,q_auto,w_300,h_300/https://cms.meeovicms.com/assets/daa48c31-db59-4537-bc6f-08a84cb1d46d:0
[  226429ms] [ERROR] Failed to load resource: the server responded with a status of 404 () @ https://res.cloudinary.com/nuxt-cloudinary/image/upload/f_auto,q_auto,w_300,h_300/https://cms.meeovicms.com/assets//images/wallet.jpg:0
[  226432ms] [ERROR] Failed to load resource: the server responded with a status of 404 () @ https://res.cloudinary.com/nuxt-cloudinary/image/upload/f_auto,q_auto,w_300,h_300/https://cms.meeovicms.com/assets/4f4d8489-7439-4a65-960a-77b604cc0f7d:0
[  229236ms] [ERROR] Failed to load resource: the server responded with a status of 404 () @ https://res.cloudinary.com/nuxt-cloudinary/image/upload/f_auto,q_auto,w_300,h_300/https://cms.meeovicms.com/assets//images/headphones.jpg:0
[  229238ms] [ERROR] Failed to load resource: the server responded with a status of 404 () @ https://res.cloudinary.com/nuxt-cloudinary/image/upload/f_auto,q_auto,w_300,h_300/https://cms.meeovicms.com/assets//images/tshirt.jpg:0
[  229238ms] [ERROR] Failed to load resource: the server responded with a status of 404 () @ https://res.cloudinary.com/nuxt-cloudinary/image/upload/f_auto,q_auto,w_300,h_300/https://cms.meeovicms.com/assets//images/shoes.jpg:0
[  229239ms] [ERROR] Failed to load resource: the server responded with a status of 404 () @ https://res.cloudinary.com/nuxt-cloudinary/image/upload/f_auto,q_auto,w_300,h_300/https://cms.meeovicms.com/assets//images/bottle.jpg:0
[  229240ms] [ERROR] Failed to load resource: the server responded with a status of 404 () @ https://res.cloudinary.com/nuxt-cloudinary/image/upload/f_auto,q_auto,w_300,h_300/https://cms.meeovicms.com/assets//images/wallet.jpg:0
[  229241ms] [ERROR] Failed to load resource: the server responded with a status of 404 () @ https://res.cloudinary.com/nuxt-cloudinary/image/upload/f_auto,q_auto,w_300,h_300/https://cms.meeovicms.com/assets//images/yogamat.jpg:0
[  229242ms] [ERROR] Failed to load resource: the server responded with a status of 404 () @ https://res.cloudinary.com/nuxt-cloudinary/image/upload/f_auto,q_auto,w_300,h_300/https://cms.meeovicms.com/assets//images/smartwatch.jpg:0
[  229243ms] [ERROR] Failed to load resource: the server responded with a status of 404 () @ https://res.cloudinary.com/nuxt-cloudinary/image/upload/f_auto,q_auto,w_300,h_300/https://cms.meeovicms.com/assets//images/mugs.jpg:0
[  229244ms] [ERROR] Failed to load resource: the server responded with a status of 404 () @ https://res.cloudinary.com/nuxt-cloudinary/image/upload/f_auto,q_auto,w_300,h_300/https://cms.meeovicms.com/assets/daa48c31-db59-4537-bc6f-08a84cb1d46d:0
[  229245ms] [ERROR] Failed to load resource: the server responded with a status of 404 () @ https://res.cloudinary.com/nuxt-cloudinary/image/upload/f_auto,q_auto,w_300,h_300/https://cms.meeovicms.com/assets/4f4d8489-7439-4a65-960a-77b604cc0f7d:0
[  232105ms] [ERROR] Failed to load resource: the server responded with a status of 404 () @ https://res.cloudinary.com/nuxt-cloudinary/image/upload/f_auto,q_auto,w_300,h_300/https://cms.meeovicms.com/assets//images/bottle.jpg:0
[  232106ms] [ERROR] Failed to load resource: the server responded with a status of 404 () @ https://res.cloudinary.com/nuxt-cloudinary/image/upload/f_auto,q_auto,w_300,h_300/https://cms.meeovicms.com/assets//images/tshirt.jpg:0
[  232107ms] [ERROR] Failed to load resource: the server responded with a status of 404 () @ https://res.cloudinary.com/nuxt-cloudinary/image/upload/f_auto,q_auto,w_300,h_300/https://cms.meeovicms.com/assets//images/shoes.jpg:0
[  232108ms] [ERROR] Failed to load resource: the server responded with a status of 404 () @ https://res.cloudinary.com/nuxt-cloudinary/image/upload/f_auto,q_auto,w_300,h_300/https://cms.meeovicms.com/assets//images/smartwatch.jpg:0
[  232109ms] [ERROR] Failed to load resource: the server responded with a status of 404 () @ https://res.cloudinary.com/nuxt-cloudinary/image/upload/f_auto,q_auto,w_300,h_300/https://cms.meeovicms.com/assets//images/wallet.jpg:0
[  232110ms] [ERROR] Failed to load resource: the server responded with a status of 404 () @ https://res.cloudinary.com/nuxt-cloudinary/image/upload/f_auto,q_auto,w_300,h_300/https://cms.meeovicms.com/assets//images/headphones.jpg:0
[  232111ms] [ERROR] Failed to load resource: the server responded with a status of 404 () @ https://res.cloudinary.com/nuxt-cloudinary/image/upload/f_auto,q_auto,w_300,h_300/https://cms.meeovicms.com/assets//images/yogamat.jpg:0
[  232111ms] [ERROR] Failed to load resource: the server responded with a status of 404 () @ https://res.cloudinary.com/nuxt-cloudinary/image/upload/f_auto,q_auto,w_300,h_300/https://cms.meeovicms.com/assets//images/mugs.jpg:0
[  232112ms] [ERROR] Failed to load resource: the server responded with a status of 404 () @ https://res.cloudinary.com/nuxt-cloudinary/image/upload/f_auto,q_auto,w_300,h_300/https://cms.meeovicms.com/assets/daa48c31-db59-4537-bc6f-08a84cb1d46d:0
[  232113ms] [ERROR] Failed to load resource: the server responded with a status of 404 () @ https://res.cloudinary.com/nuxt-cloudinary/image/upload/f_auto,q_auto,w_300,h_300/https://cms.meeovicms.com/assets/4f4d8489-7439-4a65-960a-77b604cc0f7d:0
[  234716ms] [ERROR] Failed to load resource: the server responded with a status of 404 () @ https://res.cloudinary.com/nuxt-cloudinary/image/upload/f_auto,q_auto,w_300,h_300/https://cms.meeovicms.com/assets//images/shoes.jpg:0
[  234717ms] [ERROR] Failed to load resource: the server responded with a status of 404 () @ https://res.cloudinary.com/nuxt-cloudinary/image/upload/f_auto,q_auto,w_300,h_300/https://cms.meeovicms.com/assets//images/bottle.jpg:0
[  234718ms] [ERROR] Failed to load resource: the server responded with a status of 404 () @ https://res.cloudinary.com/nuxt-cloudinary/image/upload/f_auto,q_auto,w_300,h_300/https://cms.meeovicms.com/assets//images/headphones.jpg:0
[  234718ms] [ERROR] Failed to load resource: the server responded with a status of 404 () @ https://res.cloudinary.com/nuxt-cloudinary/image/upload/f_auto,q_auto,w_300,h_300/https://cms.meeovicms.com/assets//images/tshirt.jpg:0
[  234719ms] [ERROR] Failed to load resource: the server responded with a status of 404 () @ https://res.cloudinary.com/nuxt-cloudinary/image/upload/f_auto,q_auto,w_300,h_300/https://cms.meeovicms.com/assets//images/mugs.jpg:0
[  234720ms] [ERROR] Failed to load resource: the server responded with a status of 404 () @ https://res.cloudinary.com/nuxt-cloudinary/image/upload/f_auto,q_auto,w_300,h_300/https://cms.meeovicms.com/assets//images/wallet.jpg:0
[  234721ms] [ERROR] Failed to load resource: the server responded with a status of 404 () @ https://res.cloudinary.com/nuxt-cloudinary/image/upload/f_auto,q_auto,w_300,h_300/https://cms.meeovicms.com/assets//images/smartwatch.jpg:0
[  234721ms] [ERROR] Failed to load resource: the server responded with a status of 404 () @ https://res.cloudinary.com/nuxt-cloudinary/image/upload/f_auto,q_auto,w_300,h_300/https://cms.meeovicms.com/assets/daa48c31-db59-4537-bc6f-08a84cb1d46d:0
[  234723ms] [ERROR] Failed to load resource: the server responded with a status of 404 () @ https://res.cloudinary.com/nuxt-cloudinary/image/upload/f_auto,q_auto,w_300,h_300/https://cms.meeovicms.com/assets//images/yogamat.jpg:0
[  234724ms] [ERROR] Failed to load resource: the server responded with a status of 404 () @ https://res.cloudinary.com/nuxt-cloudinary/image/upload/f_auto,q_auto,w_300,h_300/https://cms.meeovicms.com/assets/4f4d8489-7439-4a65-960a-77b604cc0f7d:0
[  237730ms] [ERROR] Failed to load resource: the server responded with a status of 404 () @ https://res.cloudinary.com/nuxt-cloudinary/image/upload/f_auto,q_auto,w_300,h_300/https://cms.meeovicms.com/assets//images/shoes.jpg:0
[  237731ms] [ERROR] Failed to load resource: the server responded with a status of 404 () @ https://res.cloudinary.com/nuxt-cloudinary/image/upload/f_auto,q_auto,w_300,h_300/https://cms.meeovicms.com/assets//images/headphones.jpg:0
[  237732ms] [ERROR] Failed to load resource: the server responded with a status of 404 () @ https://res.cloudinary.com/nuxt-cloudinary/image/upload/f_auto,q_auto,w_300,h_300/https://cms.meeovicms.com/assets//images/bottle.jpg:0
[  237733ms] [ERROR] Failed to load resource: the server responded with a status of 404 () @ https://res.cloudinary.com/nuxt-cloudinary/image/upload/f_auto,q_auto,w_300,h_300/https://cms.meeovicms.com/assets//images/wallet.jpg:0
[  237733ms] [ERROR] Failed to load resource: the server responded with a status of 404 () @ https://res.cloudinary.com/nuxt-cloudinary/image/upload/f_auto,q_auto,w_300,h_300/https://cms.meeovicms.com/assets//images/tshirt.jpg:0
[  237734ms] [ERROR] Failed to load resource: the server responded with a status of 404 () @ https://res.cloudinary.com/nuxt-cloudinary/image/upload/f_auto,q_auto,w_300,h_300/https://cms.meeovicms.com/assets//images/smartwatch.jpg:0
[  237735ms] [ERROR] Failed to load resource: the server responded with a status of 404 () @ https://res.cloudinary.com/nuxt-cloudinary/image/upload/f_auto,q_auto,w_300,h_300/https://cms.meeovicms.com/assets/daa48c31-db59-4537-bc6f-08a84cb1d46d:0
[  237737ms] [ERROR] Failed to load resource: the server responded with a status of 404 () @ https://res.cloudinary.com/nuxt-cloudinary/image/upload/f_auto,q_auto,w_300,h_300/https://cms.meeovicms.com/assets//images/yogamat.jpg:0
[  237738ms] [ERROR] Failed to load resource: the server responded with a status of 404 () @ https://res.cloudinary.com/nuxt-cloudinary/image/upload/f_auto,q_auto,w_300,h_300/https://cms.meeovicms.com/assets//images/mugs.jpg:0
[  237738ms] [ERROR] Failed to load resource: the server responded with a status of 404 () @ https://res.cloudinary.com/nuxt-cloudinary/image/upload/f_auto,q_auto,w_300,h_300/https://cms.meeovicms.com/assets/4f4d8489-7439-4a65-960a-77b604cc0f7d:0
[  240591ms] [ERROR] Failed to load resource: the server responded with a status of 404 () @ https://res.cloudinary.com/nuxt-cloudinary/image/upload/f_auto,q_auto,w_300,h_300/https://cms.meeovicms.com/assets//images/headphones.jpg:0
[  240593ms] [ERROR] Failed to load resource: the server responded with a status of 404 () @ https://res.cloudinary.com/nuxt-cloudinary/image/upload/f_auto,q_auto,w_300,h_300/https://cms.meeovicms.com/assets//images/shoes.jpg:0
[  240594ms] [ERROR] Failed to load resource: the server responded with a status of 404 () @ https://res.cloudinary.com/nuxt-cloudinary/image/upload/f_auto,q_auto,w_300,h_300/https://cms.meeovicms.com/assets//images/tshirt.jpg:0
[  240595ms] [ERROR] Failed to load resource: the server responded with a status of 404 () @ https://res.cloudinary.com/nuxt-cloudinary/image/upload/f_auto,q_auto,w_300,h_300/https://cms.meeovicms.com/assets//images/bottle.jpg:0
[  240596ms] [ERROR] Failed to load resource: the server responded with a status of 404 () @ https://res.cloudinary.com/nuxt-cloudinary/image/upload/f_auto,q_auto,w_300,h_300/https://cms.meeovicms.com/assets//images/smartwatch.jpg:0
[  240597ms] [ERROR] Failed to load resource: the server responded with a status of 404 () @ https://res.cloudinary.com/nuxt-cloudinary/image/upload/f_auto,q_auto,w_300,h_300/https://cms.meeovicms.com/assets//images/yogamat.jpg:0
[  240598ms] [ERROR] Failed to load resource: the server responded with a status of 404 () @ https://res.cloudinary.com/nuxt-cloudinary/image/upload/f_auto,q_auto,w_300,h_300/https://cms.meeovicms.com/assets//images/wallet.jpg:0
[  240599ms] [ERROR] Failed to load resource: the server responded with a status of 404 () @ https://res.cloudinary.com/nuxt-cloudinary/image/upload/f_auto,q_auto,w_300,h_300/https://cms.meeovicms.com/assets//images/mugs.jpg:0
[  240600ms] [ERROR] Failed to load resource: the server responded with a status of 404 () @ https://res.cloudinary.com/nuxt-cloudinary/image/upload/f_auto,q_auto,w_300,h_300/https://cms.meeovicms.com/assets/daa48c31-db59-4537-bc6f-08a84cb1d46d:0
[  240602ms] [ERROR] Failed to load resource: the server responded with a status of 404 () @ https://res.cloudinary.com/nuxt-cloudinary/image/upload/f_auto,q_auto,w_300,h_300/https://cms.meeovicms.com/assets/4f4d8489-7439-4a65-960a-77b604cc0f7d:0
[  243416ms] [ERROR] Failed to load resource: the server responded with a status of 404 () @ https://res.cloudinary.com/nuxt-cloudinary/image/upload/f_auto,q_auto,w_300,h_300/https://cms.meeovicms.com/assets//images/tshirt.jpg:0
[  243418ms] [ERROR] Failed to load resource: the server responded with a status of 404 () @ https://res.cloudinary.com/nuxt-cloudinary/image/upload/f_auto,q_auto,w_300,h_300/https://cms.meeovicms.com/assets//images/shoes.jpg:0
[  243419ms] [ERROR] Failed to load resource: the server responded with a status of 404 () @ https://res.cloudinary.com/nuxt-cloudinary/image/upload/f_auto,q_auto,w_300,h_300/https://cms.meeovicms.com/assets//images/bottle.jpg:0
[  243420ms] [ERROR] Failed to load resource: the server responded with a status of 404 () @ https://res.cloudinary.com/nuxt-cloudinary/image/upload/f_auto,q_auto,w_300,h_300/https://cms.meeovicms.com/assets//images/smartwatch.jpg:0
[  243422ms] [ERROR] Failed to load resource: the server responded with a status of 404 () @ https://res.cloudinary.com/nuxt-cloudinary/image/upload/f_auto,q_auto,w_300,h_300/https://cms.meeovicms.com/assets//images/headphones.jpg:0
[  243423ms] [ERROR] Failed to load resource: the server responded with a status of 404 () @ https://res.cloudinary.com/nuxt-cloudinary/image/upload/f_auto,q_auto,w_300,h_300/https://cms.meeovicms.com/assets//images/wallet.jpg:0
[  243424ms] [ERROR] Failed to load resource: the server responded with a status of 404 () @ https://res.cloudinary.com/nuxt-cloudinary/image/upload/f_auto,q_auto,w_300,h_300/https://cms.meeovicms.com/assets//images/yogamat.jpg:0
[  243424ms] [ERROR] Failed to load resource: the server responded with a status of 404 () @ https://res.cloudinary.com/nuxt-cloudinary/image/upload/f_auto,q_auto,w_300,h_300/https://cms.meeovicms.com/assets//images/mugs.jpg:0
[  243425ms] [ERROR] Failed to load resource: the server responded with a status of 404 () @ https://res.cloudinary.com/nuxt-cloudinary/image/upload/f_auto,q_auto,w_300,h_300/https://cms.meeovicms.com/assets/daa48c31-db59-4537-bc6f-08a84cb1d46d:0
[  243427ms] [ERROR] Failed to load resource: the server responded with a status of 404 () @ https://res.cloudinary.com/nuxt-cloudinary/image/upload/f_auto,q_auto,w_300,h_300/https://cms.meeovicms.com/assets/4f4d8489-7439-4a65-960a-77b604cc0f7d:0
[  246551ms] [ERROR] Failed to load resource: the server responded with a status of 404 () @ https://res.cloudinary.com/nuxt-cloudinary/image/upload/f_auto,q_auto,w_300,h_300/https://cms.meeovicms.com/assets//images/headphones.jpg:0
[  246552ms] [ERROR] Failed to load resource: the server responded with a status of 404 () @ https://res.cloudinary.com/nuxt-cloudinary/image/upload/f_auto,q_auto,w_300,h_300/https://cms.meeovicms.com/assets//images/tshirt.jpg:0
[  246554ms] [ERROR] Failed to load resource: the server responded with a status of 404 () @ https://res.cloudinary.com/nuxt-cloudinary/image/upload/f_auto,q_auto,w_300,h_300/https://cms.meeovicms.com/assets//images/smartwatch.jpg:0
[  246555ms] [ERROR] Failed to load resource: the server responded with a status of 404 () @ https://res.cloudinary.com/nuxt-cloudinary/image/upload/f_auto,q_auto,w_300,h_300/https://cms.meeovicms.com/assets//images/wallet.jpg:0
[  246556ms] [ERROR] Failed to load resource: the server responded with a status of 404 () @ https://res.cloudinary.com/nuxt-cloudinary/image/upload/f_auto,q_auto,w_300,h_300/https://cms.meeovicms.com/assets//images/bottle.jpg:0
[  246557ms] [ERROR] Failed to load resource: the server responded with a status of 404 () @ https://res.cloudinary.com/nuxt-cloudinary/image/upload/f_auto,q_auto,w_300,h_300/https://cms.meeovicms.com/assets//images/shoes.jpg:0
[  246558ms] [ERROR] Failed to load resource: the server responded with a status of 404 () @ https://res.cloudinary.com/nuxt-cloudinary/image/upload/f_auto,q_auto,w_300,h_300/https://cms.meeovicms.com/assets/daa48c31-db59-4537-bc6f-08a84cb1d46d:0
[  246559ms] [ERROR] Failed to load resource: the server responded with a status of 404 () @ https://res.cloudinary.com/nuxt-cloudinary/image/upload/f_auto,q_auto,w_300,h_300/https://cms.meeovicms.com/assets//images/mugs.jpg:0
[  246560ms] [ERROR] Failed to load resource: the server responded with a status of 404 () @ https://res.cloudinary.com/nuxt-cloudinary/image/upload/f_auto,q_auto,w_300,h_300/https://cms.meeovicms.com/assets/4f4d8489-7439-4a65-960a-77b604cc0f7d:0
[  246561ms] [ERROR] Failed to load resource: the server responded with a status of 404 () @ https://res.cloudinary.com/nuxt-cloudinary/image/upload/f_auto,q_auto,w_300,h_300/https://cms.meeovicms.com/assets//images/yogamat.jpg:0
[  249687ms] [ERROR] Failed to load resource: the server responded with a status of 404 () @ https://res.cloudinary.com/nuxt-cloudinary/image/upload/f_auto,q_auto,w_300,h_300/https://cms.meeovicms.com/assets//images/shoes.jpg:0
[  249689ms] [ERROR] Failed to load resource: the server responded with a status of 404 () @ https://res.cloudinary.com/nuxt-cloudinary/image/upload/f_auto,q_auto,w_300,h_300/https://cms.meeovicms.com/assets//images/headphones.jpg:0
[  249691ms] [ERROR] Failed to load resource: the server responded with a status of 404 () @ https://res.cloudinary.com/nuxt-cloudinary/image/upload/f_auto,q_auto,w_300,h_300/https://cms.meeovicms.com/assets//images/bottle.jpg:0
[  249692ms] [ERROR] Failed to load resource: the server responded with a status of 404 () @ https://res.cloudinary.com/nuxt-cloudinary/image/upload/f_auto,q_auto,w_300,h_300/https://cms.meeovicms.com/assets//images/tshirt.jpg:0
[  249693ms] [ERROR] Failed to load resource: the server responded with a status of 404 () @ https://res.cloudinary.com/nuxt-cloudinary/image/upload/f_auto,q_auto,w_300,h_300/https://cms.meeovicms.com/assets//images/smartwatch.jpg:0
[  249695ms] [ERROR] Failed to load resource: the server responded with a status of 404 () @ https://res.cloudinary.com/nuxt-cloudinary/image/upload/f_auto,q_auto,w_300,h_300/https://cms.meeovicms.com/assets//images/wallet.jpg:0
[  249696ms] [ERROR] Failed to load resource: the server responded with a status of 404 () @ https://res.cloudinary.com/nuxt-cloudinary/image/upload/f_auto,q_auto,w_300,h_300/https://cms.meeovicms.com/assets//images/mugs.jpg:0
[  249697ms] [ERROR] Failed to load resource: the server responded with a status of 404 () @ https://res.cloudinary.com/nuxt-cloudinary/image/upload/f_auto,q_auto,w_300,h_300/https://cms.meeovicms.com/assets/daa48c31-db59-4537-bc6f-08a84cb1d46d:0
[  249700ms] [ERROR] Failed to load resource: the server responded with a status of 404 () @ https://res.cloudinary.com/nuxt-cloudinary/image/upload/f_auto,q_auto,w_300,h_300/https://cms.meeovicms.com/assets//images/yogamat.jpg:0
[  249706ms] [ERROR] Failed to load resource: the server responded with a status of 404 () @ https://res.cloudinary.com/nuxt-cloudinary/image/upload/f_auto,q_auto,w_300,h_300/https://cms.meeovicms.com/assets/4f4d8489-7439-4a65-960a-77b604cc0f7d:0
[  252640ms] [ERROR] Failed to load resource: the server responded with a status of 404 () @ https://res.cloudinary.com/nuxt-cloudinary/image/upload/f_auto,q_auto,w_300,h_300/https://cms.meeovicms.com/assets//images/headphones.jpg:0
[  252645ms] [ERROR] Failed to load resource: the server responded with a status of 404 () @ https://res.cloudinary.com/nuxt-cloudinary/image/upload/f_auto,q_auto,w_300,h_300/https://cms.meeovicms.com/assets//images/tshirt.jpg:0
[  252647ms] [ERROR] Failed to load resource: the server responded with a status of 404 () @ https://res.cloudinary.com/nuxt-cloudinary/image/upload/f_auto,q_auto,w_300,h_300/https://cms.meeovicms.com/assets//images/shoes.jpg:0
[  252648ms] [ERROR] Failed to load resource: the server responded with a status of 404 () @ https://res.cloudinary.com/nuxt-cloudinary/image/upload/f_auto,q_auto,w_300,h_300/https://cms.meeovicms.com/assets//images/bottle.jpg:0
[  252650ms] [ERROR] Failed to load resource: the server responded with a status of 404 () @ https://res.cloudinary.com/nuxt-cloudinary/image/upload/f_auto,q_auto,w_300,h_300/https://cms.meeovicms.com/assets//images/wallet.jpg:0
[  252651ms] [ERROR] Failed to load resource: the server responded with a status of 404 () @ https://res.cloudinary.com/nuxt-cloudinary/image/upload/f_auto,q_auto,w_300,h_300/https://cms.meeovicms.com/assets//images/smartwatch.jpg:0
[  252652ms] [ERROR] Failed to load resource: the server responded with a status of 404 () @ https://res.cloudinary.com/nuxt-cloudinary/image/upload/f_auto,q_auto,w_300,h_300/https://cms.meeovicms.com/assets//images/yogamat.jpg:0
[  252653ms] [ERROR] Failed to load resource: the server responded with a status of 404 () @ https://res.cloudinary.com/nuxt-cloudinary/image/upload/f_auto,q_auto,w_300,h_300/https://cms.meeovicms.com/assets/daa48c31-db59-4537-bc6f-08a84cb1d46d:0
[  252655ms] [ERROR] Failed to load resource: the server responded with a status of 404 () @ https://res.cloudinary.com/nuxt-cloudinary/image/upload/f_auto,q_auto,w_300,h_300/https://cms.meeovicms.com/assets/4f4d8489-7439-4a65-960a-77b604cc0f7d:0
[  252656ms] [ERROR] Failed to load resource: the server responded with a status of 404 () @ https://res.cloudinary.com/nuxt-cloudinary/image/upload/f_auto,q_auto,w_300,h_300/https://cms.meeovicms.com/assets//images/mugs.jpg:0
[  256931ms] [ERROR] Failed to load resource: the server responded with a status of 404 () @ https://res.cloudinary.com/nuxt-cloudinary/image/upload/f_auto,q_auto,w_300,h_300/https://cms.meeovicms.com/assets//images/headphones.jpg:0
[  256932ms] [ERROR] Failed to load resource: the server responded with a status of 404 () @ https://res.cloudinary.com/nuxt-cloudinary/image/upload/f_auto,q_auto,w_300,h_300/https://cms.meeovicms.com/assets//images/smartwatch.jpg:0
[  256934ms] [ERROR] Failed to load resource: the server responded with a status of 404 () @ https://res.cloudinary.com/nuxt-cloudinary/image/upload/f_auto,q_auto,w_300,h_300/https://cms.meeovicms.com/assets//images/bottle.jpg:0
[  256935ms] [ERROR] Failed to load resource: the server responded with a status of 404 () @ https://res.cloudinary.com/nuxt-cloudinary/image/upload/f_auto,q_auto,w_300,h_300/https://cms.meeovicms.com/assets//images/shoes.jpg:0
[  256936ms] [ERROR] Failed to load resource: the server responded with a status of 404 () @ https://res.cloudinary.com/nuxt-cloudinary/image/upload/f_auto,q_auto,w_300,h_300/https://cms.meeovicms.com/assets//images/wallet.jpg:0
[  256937ms] [ERROR] Failed to load resource: the server responded with a status of 404 () @ https://res.cloudinary.com/nuxt-cloudinary/image/upload/f_auto,q_auto,w_300,h_300/https://cms.meeovicms.com/assets//images/yogamat.jpg:0
[  256938ms] [ERROR] Failed to load resource: the server responded with a status of 404 () @ https://res.cloudinary.com/nuxt-cloudinary/image/upload/f_auto,q_auto,w_300,h_300/https://cms.meeovicms.com/assets//images/mugs.jpg:0
[  256939ms] [ERROR] Failed to load resource: the server responded with a status of 404 () @ https://res.cloudinary.com/nuxt-cloudinary/image/upload/f_auto,q_auto,w_300,h_300/https://cms.meeovicms.com/assets/daa48c31-db59-4537-bc6f-08a84cb1d46d:0
[  256941ms] [ERROR] Failed to load resource: the server responded with a status of 404 () @ https://res.cloudinary.com/nuxt-cloudinary/image/upload/f_auto,q_auto,w_300,h_300/https://cms.meeovicms.com/assets/4f4d8489-7439-4a65-960a-77b604cc0f7d:0
[  256942ms] [ERROR] Failed to load resource: the server responded with a status of 404 () @ https://res.cloudinary.com/nuxt-cloudinary/image/upload/f_auto,q_auto,w_300,h_300/https://cms.meeovicms.com/assets//images/tshirt.jpg:0
[  260036ms] [ERROR] Failed to load resource: the server responded with a status of 404 () @ https://res.cloudinary.com/nuxt-cloudinary/image/upload/f_auto,q_auto,w_300,h_300/https://cms.meeovicms.com/assets//images/headphones.jpg:0
[  260038ms] [ERROR] Failed to load resource: the server responded with a status of 404 () @ https://res.cloudinary.com/nuxt-cloudinary/image/upload/f_auto,q_auto,w_300,h_300/https://cms.meeovicms.com/assets//images/tshirt.jpg:0
[  260039ms] [ERROR] Failed to load resource: the server responded with a status of 404 () @ https://res.cloudinary.com/nuxt-cloudinary/image/upload/f_auto,q_auto,w_300,h_300/https://cms.meeovicms.com/assets//images/smartwatch.jpg:0
[  260039ms] [ERROR] Failed to load resource: the server responded with a status of 404 () @ https://res.cloudinary.com/nuxt-cloudinary/image/upload/f_auto,q_auto,w_300,h_300/https://cms.meeovicms.com/assets//images/bottle.jpg:0
[  260040ms] [ERROR] Failed to load resource: the server responded with a status of 404 () @ https://res.cloudinary.com/nuxt-cloudinary/image/upload/f_auto,q_auto,w_300,h_300/https://cms.meeovicms.com/assets//images/mugs.jpg:0
[  260041ms] [ERROR] Failed to load resource: the server responded with a status of 404 () @ https://res.cloudinary.com/nuxt-cloudinary/image/upload/f_auto,q_auto,w_300,h_300/https://cms.meeovicms.com/assets//images/wallet.jpg:0
[  260042ms] [ERROR] Failed to load resource: the server responded with a status of 404 () @ https://res.cloudinary.com/nuxt-cloudinary/image/upload/f_auto,q_auto,w_300,h_300/https://cms.meeovicms.com/assets//images/shoes.jpg:0
[  260043ms] [ERROR] Failed to load resource: the server responded with a status of 404 () @ https://res.cloudinary.com/nuxt-cloudinary/image/upload/f_auto,q_auto,w_300,h_300/https://cms.meeovicms.com/assets/daa48c31-db59-4537-bc6f-08a84cb1d46d:0
[  260044ms] [ERROR] Failed to load resource: the server responded with a status of 404 () @ https://res.cloudinary.com/nuxt-cloudinary/image/upload/f_auto,q_auto,w_300,h_300/https://cms.meeovicms.com/assets//images/yogamat.jpg:0
[  260045ms] [ERROR] Failed to load resource: the server responded with a status of 404 () @ https://res.cloudinary.com/nuxt-cloudinary/image/upload/f_auto,q_auto,w_300,h_300/https://cms.meeovicms.com/assets/4f4d8489-7439-4a65-960a-77b604cc0f7d:0
[  263157ms] [ERROR] Failed to load resource: the server responded with a status of 404 () @ https://res.cloudinary.com/nuxt-cloudinary/image/upload/f_auto,q_auto,w_300,h_300/https://cms.meeovicms.com/assets//images/headphones.jpg:0
[  263158ms] [ERROR] Failed to load resource: the server responded with a status of 404 () @ https://res.cloudinary.com/nuxt-cloudinary/image/upload/f_auto,q_auto,w_300,h_300/https://cms.meeovicms.com/assets//images/bottle.jpg:0
[  263159ms] [ERROR] Failed to load resource: the server responded with a status of 404 () @ https://res.cloudinary.com/nuxt-cloudinary/image/upload/f_auto,q_auto,w_300,h_300/https://cms.meeovicms.com/assets//images/tshirt.jpg:0
[  263160ms] [ERROR] Failed to load resource: the server responded with a status of 404 () @ https://res.cloudinary.com/nuxt-cloudinary/image/upload/f_auto,q_auto,w_300,h_300/https://cms.meeovicms.com/assets//images/shoes.jpg:0
[  263161ms] [ERROR] Failed to load resource: the server responded with a status of 404 () @ https://res.cloudinary.com/nuxt-cloudinary/image/upload/f_auto,q_auto,w_300,h_300/https://cms.meeovicms.com/assets//images/smartwatch.jpg:0
[  263162ms] [ERROR] Failed to load resource: the server responded with a status of 404 () @ https://res.cloudinary.com/nuxt-cloudinary/image/upload/f_auto,q_auto,w_300,h_300/https://cms.meeovicms.com/assets/daa48c31-db59-4537-bc6f-08a84cb1d46d:0
[  263163ms] [ERROR] Failed to load resource: the server responded with a status of 404 () @ https://res.cloudinary.com/nuxt-cloudinary/image/upload/f_auto,q_auto,w_300,h_300/https://cms.meeovicms.com/assets//images/yogamat.jpg:0
[  263164ms] [ERROR] Failed to load resource: the server responded with a status of 404 () @ https://res.cloudinary.com/nuxt-cloudinary/image/upload/f_auto,q_auto,w_300,h_300/https://cms.meeovicms.com/assets//images/wallet.jpg:0
[  263165ms] [ERROR] Failed to load resource: the server responded with a status of 404 () @ https://res.cloudinary.com/nuxt-cloudinary/image/upload/f_auto,q_auto,w_300,h_300/https://cms.meeovicms.com/assets/4f4d8489-7439-4a65-960a-77b604cc0f7d:0
[  263166ms] [ERROR] Failed to load resource: the server responded with a status of 404 () @ https://res.cloudinary.com/nuxt-cloudinary/image/upload/f_auto,q_auto,w_300,h_300/https://cms.meeovicms.com/assets//images/mugs.jpg:0
[  265969ms] [ERROR] Failed to load resource: the server responded with a status of 404 () @ https://res.cloudinary.com/nuxt-cloudinary/image/upload/f_auto,q_auto,w_300,h_300/https://cms.meeovicms.com/assets//images/headphones.jpg:0
[  265971ms] [ERROR] Failed to load resource: the server responded with a status of 404 () @ https://res.cloudinary.com/nuxt-cloudinary/image/upload/f_auto,q_auto,w_300,h_300/https://cms.meeovicms.com/assets//images/shoes.jpg:0
[  265972ms] [ERROR] Failed to load resource: the server responded with a status of 404 () @ https://res.cloudinary.com/nuxt-cloudinary/image/upload/f_auto,q_auto,w_300,h_300/https://cms.meeovicms.com/assets//images/tshirt.jpg:0
[  265973ms] [ERROR] Failed to load resource: the server responded with a status of 404 () @ https://res.cloudinary.com/nuxt-cloudinary/image/upload/f_auto,q_auto,w_300,h_300/https://cms.meeovicms.com/assets//images/smartwatch.jpg:0
[  265974ms] [ERROR] Failed to load resource: the server responded with a status of 404 () @ https://res.cloudinary.com/nuxt-cloudinary/image/upload/f_auto,q_auto,w_300,h_300/https://cms.meeovicms.com/assets//images/bottle.jpg:0
[  265975ms] [ERROR] Failed to load resource: the server responded with a status of 404 () @ https://res.cloudinary.com/nuxt-cloudinary/image/upload/f_auto,q_auto,w_300,h_300/https://cms.meeovicms.com/assets//images/wallet.jpg:0
[  265980ms] [ERROR] Failed to load resource: the server responded with a status of 404 () @ https://res.cloudinary.com/nuxt-cloudinary/image/upload/f_auto,q_auto,w_300,h_300/https://cms.meeovicms.com/assets//images/mugs.jpg:0
[  265981ms] [ERROR] Failed to load resource: the server responded with a status of 404 () @ https://res.cloudinary.com/nuxt-cloudinary/image/upload/f_auto,q_auto,w_300,h_300/https://cms.meeovicms.com/assets/daa48c31-db59-4537-bc6f-08a84cb1d46d:0
[  265982ms] [ERROR] Failed to load resource: the server responded with a status of 404 () @ https://res.cloudinary.com/nuxt-cloudinary/image/upload/f_auto,q_auto,w_300,h_300/https://cms.meeovicms.com/assets//images/yogamat.jpg:0
[  265983ms] [ERROR] Failed to load resource: the server responded with a status of 404 () @ https://res.cloudinary.com/nuxt-cloudinary/image/upload/f_auto,q_auto,w_300,h_300/https://cms.meeovicms.com/assets/4f4d8489-7439-4a65-960a-77b604cc0f7d:0
[  268793ms] [ERROR] Failed to load resource: the server responded with a status of 404 () @ https://res.cloudinary.com/nuxt-cloudinary/image/upload/f_auto,q_auto,w_300,h_300/https://cms.meeovicms.com/assets//images/headphones.jpg:0
[  268794ms] [ERROR] Failed to load resource: the server responded with a status of 404 () @ https://res.cloudinary.com/nuxt-cloudinary/image/upload/f_auto,q_auto,w_300,h_300/https://cms.meeovicms.com/assets//images/shoes.jpg:0
[  268795ms] [ERROR] Failed to load resource: the server responded with a status of 404 () @ https://res.cloudinary.com/nuxt-cloudinary/image/upload/f_auto,q_auto,w_300,h_300/https://cms.meeovicms.com/assets//images/tshirt.jpg:0
[  268795ms] [ERROR] Failed to load resource: the server responded with a status of 404 () @ https://res.cloudinary.com/nuxt-cloudinary/image/upload/f_auto,q_auto,w_300,h_300/https://cms.meeovicms.com/assets//images/smartwatch.jpg:0
[  268796ms] [ERROR] Failed to load resource: the server responded with a status of 404 () @ https://res.cloudinary.com/nuxt-cloudinary/image/upload/f_auto,q_auto,w_300,h_300/https://cms.meeovicms.com/assets//images/bottle.jpg:0
[  268797ms] [ERROR] Failed to load resource: the server responded with a status of 404 () @ https://res.cloudinary.com/nuxt-cloudinary/image/upload/f_auto,q_auto,w_300,h_300/https://cms.meeovicms.com/assets//images/yogamat.jpg:0
[  268798ms] [ERROR] Failed to load resource: the server responded with a status of 404 () @ https://res.cloudinary.com/nuxt-cloudinary/image/upload/f_auto,q_auto,w_300,h_300/https://cms.meeovicms.com/assets/daa48c31-db59-4537-bc6f-08a84cb1d46d:0
[  268799ms] [ERROR] Failed to load resource: the server responded with a status of 404 () @ https://res.cloudinary.com/nuxt-cloudinary/image/upload/f_auto,q_auto,w_300,h_300/https://cms.meeovicms.com/assets/4f4d8489-7439-4a65-960a-77b604cc0f7d:0
[  268799ms] [ERROR] Failed to load resource: the server responded with a status of 404 () @ https://res.cloudinary.com/nuxt-cloudinary/image/upload/f_auto,q_auto,w_300,h_300/https://cms.meeovicms.com/assets//images/wallet.jpg:0
[  268800ms] [ERROR] Failed to load resource: the server responded with a status of 404 () @ https://res.cloudinary.com/nuxt-cloudinary/image/upload/f_auto,q_auto,w_300,h_300/https://cms.meeovicms.com/assets//images/mugs.jpg:0
[  271635ms] [ERROR] Failed to load resource: the server responded with a status of 404 () @ https://res.cloudinary.com/nuxt-cloudinary/image/upload/f_auto,q_auto,w_300,h_300/https://cms.meeovicms.com/assets//images/shoes.jpg:0
[  271636ms] [ERROR] Failed to load resource: the server responded with a status of 404 () @ https://res.cloudinary.com/nuxt-cloudinary/image/upload/f_auto,q_auto,w_300,h_300/https://cms.meeovicms.com/assets//images/bottle.jpg:0
[  271638ms] [ERROR] Failed to load resource: the server responded with a status of 404 () @ https://res.cloudinary.com/nuxt-cloudinary/image/upload/f_auto,q_auto,w_300,h_300/https://cms.meeovicms.com/assets//images/tshirt.jpg:0
[  271639ms] [ERROR] Failed to load resource: the server responded with a status of 404 () @ https://res.cloudinary.com/nuxt-cloudinary/image/upload/f_auto,q_auto,w_300,h_300/https://cms.meeovicms.com/assets//images/wallet.jpg:0
[  271640ms] [ERROR] Failed to load resource: the server responded with a status of 404 () @ https://res.cloudinary.com/nuxt-cloudinary/image/upload/f_auto,q_auto,w_300,h_300/https://cms.meeovicms.com/assets//images/smartwatch.jpg:0
[  271641ms] [ERROR] Failed to load resource: the server responded with a status of 404 () @ https://res.cloudinary.com/nuxt-cloudinary/image/upload/f_auto,q_auto,w_300,h_300/https://cms.meeovicms.com/assets//images/headphones.jpg:0
[  271642ms] [ERROR] Failed to load resource: the server responded with a status of 404 () @ https://res.cloudinary.com/nuxt-cloudinary/image/upload/f_auto,q_auto,w_300,h_300/https://cms.meeovicms.com/assets/daa48c31-db59-4537-bc6f-08a84cb1d46d:0
[  271644ms] [ERROR] Failed to load resource: the server responded with a status of 404 () @ https://res.cloudinary.com/nuxt-cloudinary/image/upload/f_auto,q_auto,w_300,h_300/https://cms.meeovicms.com/assets//images/yogamat.jpg:0
[  271645ms] [ERROR] Failed to load resource: the server responded with a status of 404 () @ https://res.cloudinary.com/nuxt-cloudinary/image/upload/f_auto,q_auto,w_300,h_300/https://cms.meeovicms.com/assets//images/mugs.jpg:0
[  271646ms] [ERROR] Failed to load resource: the server responded with a status of 404 () @ https://res.cloudinary.com/nuxt-cloudinary/image/upload/f_auto,q_auto,w_300,h_300/https://cms.meeovicms.com/assets/4f4d8489-7439-4a65-960a-77b604cc0f7d:0
[  274563ms] [ERROR] Failed to load resource: the server responded with a status of 404 () @ https://res.cloudinary.com/nuxt-cloudinary/image/upload/f_auto,q_auto,w_300,h_300/https://cms.meeovicms.com/assets//images/tshirt.jpg:0
[  274573ms] [ERROR] Failed to load resource: the server responded with a status of 404 () @ https://res.cloudinary.com/nuxt-cloudinary/image/upload/f_auto,q_auto,w_300,h_300/https://cms.meeovicms.com/assets/daa48c31-db59-4537-bc6f-08a84cb1d46d:0
[  274575ms] [ERROR] Failed to load resource: the server responded with a status of 404 () @ https://res.cloudinary.com/nuxt-cloudinary/image/upload/f_auto,q_auto,w_300,h_300/https://cms.meeovicms.com/assets//images/bottle.jpg:0
[  274576ms] [ERROR] Failed to load resource: the server responded with a status of 404 () @ https://res.cloudinary.com/nuxt-cloudinary/image/upload/f_auto,q_auto,w_300,h_300/https://cms.meeovicms.com/assets//images/shoes.jpg:0
[  274577ms] [ERROR] Failed to load resource: the server responded with a status of 404 () @ https://res.cloudinary.com/nuxt-cloudinary/image/upload/f_auto,q_auto,w_300,h_300/https://cms.meeovicms.com/assets/4f4d8489-7439-4a65-960a-77b604cc0f7d:0
[  274578ms] [ERROR] Failed to load resource: the server responded with a status of 404 () @ https://res.cloudinary.com/nuxt-cloudinary/image/upload/f_auto,q_auto,w_300,h_300/https://cms.meeovicms.com/assets//images/headphones.jpg:0
[  274579ms] [ERROR] Failed to load resource: the server responded with a status of 404 () @ https://res.cloudinary.com/nuxt-cloudinary/image/upload/f_auto,q_auto,w_300,h_300/https://cms.meeovicms.com/assets//images/smartwatch.jpg:0
[  274579ms] [ERROR] Failed to load resource: the server responded with a status of 404 () @ https://res.cloudinary.com/nuxt-cloudinary/image/upload/f_auto,q_auto,w_300,h_300/https://cms.meeovicms.com/assets//images/wallet.jpg:0
[  274580ms] [ERROR] Failed to load resource: the server responded with a status of 404 () @ https://res.cloudinary.com/nuxt-cloudinary/image/upload/f_auto,q_auto,w_300,h_300/https://cms.meeovicms.com/assets//images/yogamat.jpg:0
[  274581ms] [ERROR] Failed to load resource: the server responded with a status of 404 () @ https://res.cloudinary.com/nuxt-cloudinary/image/upload/f_auto,q_auto,w_300,h_300/https://cms.meeovicms.com/assets//images/mugs.jpg:0
[  282560ms] [ERROR] Failed to load resource: the server responded with a status of 404 () @ https://res.cloudinary.com/nuxt-cloudinary/image/upload/f_auto,q_auto,w_300,h_300/https://cms.meeovicms.com/assets//images/headphones.jpg:0
[  282562ms] [ERROR] Failed to load resource: the server responded with a status of 404 () @ https://res.cloudinary.com/nuxt-cloudinary/image/upload/f_auto,q_auto,w_300,h_300/https://cms.meeovicms.com/assets//images/tshirt.jpg:0
[  282564ms] [ERROR] Failed to load resource: the server responded with a status of 404 () @ https://res.cloudinary.com/nuxt-cloudinary/image/upload/f_auto,q_auto,w_300,h_300/https://cms.meeovicms.com/assets//images/shoes.jpg:0
[  282567ms] [ERROR] Failed to load resource: the server responded with a status of 404 () @ https://res.cloudinary.com/nuxt-cloudinary/image/upload/f_auto,q_auto,w_300,h_300/https://cms.meeovicms.com/assets//images/bottle.jpg:0
[  282568ms] [ERROR] Failed to load resource: the server responded with a status of 404 () @ https://res.cloudinary.com/nuxt-cloudinary/image/upload/f_auto,q_auto,w_300,h_300/https://cms.meeovicms.com/assets//images/smartwatch.jpg:0
[  282569ms] [ERROR] Failed to load resource: the server responded with a status of 404 () @ https://res.cloudinary.com/nuxt-cloudinary/image/upload/f_auto,q_auto,w_300,h_300/https://cms.meeovicms.com/assets//images/wallet.jpg:0
[  282571ms] [ERROR] Failed to load resource: the server responded with a status of 404 () @ https://res.cloudinary.com/nuxt-cloudinary/image/upload/f_auto,q_auto,w_300,h_300/https://cms.meeovicms.com/assets/daa48c31-db59-4537-bc6f-08a84cb1d46d:0
[  282573ms] [ERROR] Failed to load resource: the server responded with a status of 404 () @ https://res.cloudinary.com/nuxt-cloudinary/image/upload/f_auto,q_auto,w_300,h_300/https://cms.meeovicms.com/assets//images/mugs.jpg:0
[  282574ms] [ERROR] Failed to load resource: the server responded with a status of 404 () @ https://res.cloudinary.com/nuxt-cloudinary/image/upload/f_auto,q_auto,w_300,h_300/https://cms.meeovicms.com/assets//images/yogamat.jpg:0
[  282575ms] [ERROR] Failed to load resource: the server responded with a status of 404 () @ https://res.cloudinary.com/nuxt-cloudinary/image/upload/f_auto,q_auto,w_300,h_300/https://cms.meeovicms.com/assets/4f4d8489-7439-4a65-960a-77b604cc0f7d:0
[  287916ms] [ERROR] Failed to load resource: the server responded with a status of 404 () @ https://res.cloudinary.com/nuxt-cloudinary/image/upload/f_auto,q_auto,w_300,h_300/https://cms.meeovicms.com/assets//images/headphones.jpg:0
[  287918ms] [ERROR] Failed to load resource: the server responded with a status of 404 () @ https://res.cloudinary.com/nuxt-cloudinary/image/upload/f_auto,q_auto,w_300,h_300/https://cms.meeovicms.com/assets//images/bottle.jpg:0
[  287923ms] [ERROR] Failed to load resource: the server responded with a status of 404 () @ https://res.cloudinary.com/nuxt-cloudinary/image/upload/f_auto,q_auto,w_300,h_300/https://cms.meeovicms.com/assets//images/tshirt.jpg:0
[  287924ms] [ERROR] Failed to load resource: the server responded with a status of 404 () @ https://res.cloudinary.com/nuxt-cloudinary/image/upload/f_auto,q_auto,w_300,h_300/https://cms.meeovicms.com/assets//images/smartwatch.jpg:0
[  287925ms] [ERROR] Failed to load resource: the server responded with a status of 404 () @ https://res.cloudinary.com/nuxt-cloudinary/image/upload/f_auto,q_auto,w_300,h_300/https://cms.meeovicms.com/assets//images/wallet.jpg:0
[  287926ms] [ERROR] Failed to load resource: the server responded with a status of 404 () @ https://res.cloudinary.com/nuxt-cloudinary/image/upload/f_auto,q_auto,w_300,h_300/https://cms.meeovicms.com/assets//images/yogamat.jpg:0
[  287927ms] [ERROR] Failed to load resource: the server responded with a status of 404 () @ https://res.cloudinary.com/nuxt-cloudinary/image/upload/f_auto,q_auto,w_300,h_300/https://cms.meeovicms.com/assets//images/shoes.jpg:0
[  287928ms] [ERROR] Failed to load resource: the server responded with a status of 404 () @ https://res.cloudinary.com/nuxt-cloudinary/image/upload/f_auto,q_auto,w_300,h_300/https://cms.meeovicms.com/assets//images/mugs.jpg:0
[  287930ms] [ERROR] Failed to load resource: the server responded with a status of 404 () @ https://res.cloudinary.com/nuxt-cloudinary/image/upload/f_auto,q_auto,w_300,h_300/https://cms.meeovicms.com/assets/daa48c31-db59-4537-bc6f-08a84cb1d46d:0
[  287932ms] [ERROR] Failed to load resource: the server responded with a status of 404 () @ https://res.cloudinary.com/nuxt-cloudinary/image/upload/f_auto,q_auto,w_300,h_300/https://cms.meeovicms.com/assets/4f4d8489-7439-4a65-960a-77b604cc0f7d:0
[  291134ms] [ERROR] Failed to load resource: the server responded with a status of 404 () @ https://res.cloudinary.com/nuxt-cloudinary/image/upload/f_auto,q_auto,w_300,h_300/https://cms.meeovicms.com/assets//images/wallet.jpg:0
[  291135ms] [ERROR] Failed to load resource: the server responded with a status of 404 () @ https://res.cloudinary.com/nuxt-cloudinary/image/upload/f_auto,q_auto,w_300,h_300/https://cms.meeovicms.com/assets//images/headphones.jpg:0
[  291136ms] [ERROR] Failed to load resource: the server responded with a status of 404 () @ https://res.cloudinary.com/nuxt-cloudinary/image/upload/f_auto,q_auto,w_300,h_300/https://cms.meeovicms.com/assets//images/mugs.jpg:0
[  291137ms] [ERROR] Failed to load resource: the server responded with a status of 404 () @ https://res.cloudinary.com/nuxt-cloudinary/image/upload/f_auto,q_auto,w_300,h_300/https://cms.meeovicms.com/assets//images/tshirt.jpg:0
[  291138ms] [ERROR] Failed to load resource: the server responded with a status of 404 () @ https://res.cloudinary.com/nuxt-cloudinary/image/upload/f_auto,q_auto,w_300,h_300/https://cms.meeovicms.com/assets/4f4d8489-7439-4a65-960a-77b604cc0f7d:0
[  291138ms] [ERROR] Failed to load resource: the server responded with a status of 404 () @ https://res.cloudinary.com/nuxt-cloudinary/image/upload/f_auto,q_auto,w_300,h_300/https://cms.meeovicms.com/assets//images/yogamat.jpg:0
[  291139ms] [ERROR] Failed to load resource: the server responded with a status of 404 () @ https://res.cloudinary.com/nuxt-cloudinary/image/upload/f_auto,q_auto,w_300,h_300/https://cms.meeovicms.com/assets//images/bottle.jpg:0
[  291140ms] [ERROR] Failed to load resource: the server responded with a status of 404 () @ https://res.cloudinary.com/nuxt-cloudinary/image/upload/f_auto,q_auto,w_300,h_300/https://cms.meeovicms.com/assets/daa48c31-db59-4537-bc6f-08a84cb1d46d:0
[  291141ms] [ERROR] Failed to load resource: the server responded with a status of 404 () @ https://res.cloudinary.com/nuxt-cloudinary/image/upload/f_auto,q_auto,w_300,h_300/https://cms.meeovicms.com/assets//images/shoes.jpg:0
[  291142ms] [ERROR] Failed to load resource: the server responded with a status of 404 () @ https://res.cloudinary.com/nuxt-cloudinary/image/upload/f_auto,q_auto,w_300,h_300/https://cms.meeovicms.com/assets//images/smartwatch.jpg:0
[  294166ms] [ERROR] Failed to load resource: the server responded with a status of 404 () @ https://res.cloudinary.com/nuxt-cloudinary/image/upload/f_auto,q_auto,w_300,h_300/https://cms.meeovicms.com/assets//images/headphones.jpg:0
[  294168ms] [ERROR] Failed to load resource: the server responded with a status of 404 () @ https://res.cloudinary.com/nuxt-cloudinary/image/upload/f_auto,q_auto,w_300,h_300/https://cms.meeovicms.com/assets//images/mugs.jpg:0
[  294169ms] [ERROR] Failed to load resource: the server responded with a status of 404 () @ https://res.cloudinary.com/nuxt-cloudinary/image/upload/f_auto,q_auto,w_300,h_300/https://cms.meeovicms.com/assets//images/smartwatch.jpg:0
[  294170ms] [ERROR] Failed to load resource: the server responded with a status of 404 () @ https://res.cloudinary.com/nuxt-cloudinary/image/upload/f_auto,q_auto,w_300,h_300/https://cms.meeovicms.com/assets//images/tshirt.jpg:0
[  294171ms] [ERROR] Failed to load resource: the server responded with a status of 404 () @ https://res.cloudinary.com/nuxt-cloudinary/image/upload/f_auto,q_auto,w_300,h_300/https://cms.meeovicms.com/assets//images/shoes.jpg:0
[  294171ms] [ERROR] Failed to load resource: the server responded with a status of 404 () @ https://res.cloudinary.com/nuxt-cloudinary/image/upload/f_auto,q_auto,w_300,h_300/https://cms.meeovicms.com/assets//images/bottle.jpg:0
[  294172ms] [ERROR] Failed to load resource: the server responded with a status of 404 () @ https://res.cloudinary.com/nuxt-cloudinary/image/upload/f_auto,q_auto,w_300,h_300/https://cms.meeovicms.com/assets//images/wallet.jpg:0
[  294173ms] [ERROR] Failed to load resource: the server responded with a status of 404 () @ https://res.cloudinary.com/nuxt-cloudinary/image/upload/f_auto,q_auto,w_300,h_300/https://cms.meeovicms.com/assets/daa48c31-db59-4537-bc6f-08a84cb1d46d:0
[  294174ms] [ERROR] Failed to load resource: the server responded with a status of 404 () @ https://res.cloudinary.com/nuxt-cloudinary/image/upload/f_auto,q_auto,w_300,h_300/https://cms.meeovicms.com/assets/4f4d8489-7439-4a65-960a-77b604cc0f7d:0
[  294177ms] [ERROR] Failed to load resource: the server responded with a status of 404 () @ https://res.cloudinary.com/nuxt-cloudinary/image/upload/f_auto,q_auto,w_300,h_300/https://cms.meeovicms.com/assets//images/yogamat.jpg:0
[  297342ms] [ERROR] Failed to load resource: the server responded with a status of 404 () @ https://res.cloudinary.com/nuxt-cloudinary/image/upload/f_auto,q_auto,w_300,h_300/https://cms.meeovicms.com/assets//images/wallet.jpg:0
[  297343ms] [ERROR] Failed to load resource: the server responded with a status of 404 () @ https://res.cloudinary.com/nuxt-cloudinary/image/upload/f_auto,q_auto,w_300,h_300/https://cms.meeovicms.com/assets//images/headphones.jpg:0
[  297344ms] [ERROR] Failed to load resource: the server responded with a status of 404 () @ https://res.cloudinary.com/nuxt-cloudinary/image/upload/f_auto,q_auto,w_300,h_300/https://cms.meeovicms.com/assets//images/bottle.jpg:0
[  297345ms] [ERROR] Failed to load resource: the server responded with a status of 404 () @ https://res.cloudinary.com/nuxt-cloudinary/image/upload/f_auto,q_auto,w_300,h_300/https://cms.meeovicms.com/assets//images/tshirt.jpg:0
[  297346ms] [ERROR] Failed to load resource: the server responded with a status of 404 () @ https://res.cloudinary.com/nuxt-cloudinary/image/upload/f_auto,q_auto,w_300,h_300/https://cms.meeovicms.com/assets//images/shoes.jpg:0
[  297347ms] [ERROR] Failed to load resource: the server responded with a status of 404 () @ https://res.cloudinary.com/nuxt-cloudinary/image/upload/f_auto,q_auto,w_300,h_300/https://cms.meeovicms.com/assets//images/smartwatch.jpg:0
[  297348ms] [ERROR] Failed to load resource: the server responded with a status of 404 () @ https://res.cloudinary.com/nuxt-cloudinary/image/upload/f_auto,q_auto,w_300,h_300/https://cms.meeovicms.com/assets/daa48c31-db59-4537-bc6f-08a84cb1d46d:0
[  297350ms] [ERROR] Failed to load resource: the server responded with a status of 404 () @ https://res.cloudinary.com/nuxt-cloudinary/image/upload/f_auto,q_auto,w_300,h_300/https://cms.meeovicms.com/assets//images/mugs.jpg:0
[  297351ms] [ERROR] Failed to load resource: the server responded with a status of 404 () @ https://res.cloudinary.com/nuxt-cloudinary/image/upload/f_auto,q_auto,w_300,h_300/https://cms.meeovicms.com/assets/4f4d8489-7439-4a65-960a-77b604cc0f7d:0
[  297352ms] [ERROR] Failed to load resource: the server responded with a status of 404 () @ https://res.cloudinary.com/nuxt-cloudinary/image/upload/f_auto,q_auto,w_300,h_300/https://cms.meeovicms.com/assets//images/yogamat.jpg:0
[  300219ms] [ERROR] Failed to load resource: the server responded with a status of 404 () @ https://res.cloudinary.com/nuxt-cloudinary/image/upload/f_auto,q_auto,w_300,h_300/https://cms.meeovicms.com/assets//images/tshirt.jpg:0
[  300220ms] [ERROR] Failed to load resource: the server responded with a status of 404 () @ https://res.cloudinary.com/nuxt-cloudinary/image/upload/f_auto,q_auto,w_300,h_300/https://cms.meeovicms.com/assets//images/headphones.jpg:0
[  300221ms] [ERROR] Failed to load resource: the server responded with a status of 404 () @ https://res.cloudinary.com/nuxt-cloudinary/image/upload/f_auto,q_auto,w_300,h_300/https://cms.meeovicms.com/assets//images/shoes.jpg:0
[  300222ms] [ERROR] Failed to load resource: the server responded with a status of 404 () @ https://res.cloudinary.com/nuxt-cloudinary/image/upload/f_auto,q_auto,w_300,h_300/https://cms.meeovicms.com/assets/daa48c31-db59-4537-bc6f-08a84cb1d46d:0
[  300224ms] [ERROR] Failed to load resource: the server responded with a status of 404 () @ https://res.cloudinary.com/nuxt-cloudinary/image/upload/f_auto,q_auto,w_300,h_300/https://cms.meeovicms.com/assets//images/smartwatch.jpg:0
[  300225ms] [ERROR] Failed to load resource: the server responded with a status of 404 () @ https://res.cloudinary.com/nuxt-cloudinary/image/upload/f_auto,q_auto,w_300,h_300/https://cms.meeovicms.com/assets//images/bottle.jpg:0
[  300225ms] [ERROR] Failed to load resource: the server responded with a status of 404 () @ https://res.cloudinary.com/nuxt-cloudinary/image/upload/f_auto,q_auto,w_300,h_300/https://cms.meeovicms.com/assets//images/yogamat.jpg:0
[  300226ms] [ERROR] Failed to load resource: the server responded with a status of 404 () @ https://res.cloudinary.com/nuxt-cloudinary/image/upload/f_auto,q_auto,w_300,h_300/https://cms.meeovicms.com/assets//images/mugs.jpg:0
[  300227ms] [ERROR] Failed to load resource: the server responded with a status of 404 () @ https://res.cloudinary.com/nuxt-cloudinary/image/upload/f_auto,q_auto,w_300,h_300/https://cms.meeovicms.com/assets//images/wallet.jpg:0
[  300228ms] [ERROR] Failed to load resource: the server responded with a status of 404 () @ https://res.cloudinary.com/nuxt-cloudinary/image/upload/f_auto,q_auto,w_300,h_300/https://cms.meeovicms.com/assets/4f4d8489-7439-4a65-960a-77b604cc0f7d:0
[  303341ms] [ERROR] Failed to load resource: the server responded with a status of 404 () @ https://res.cloudinary.com/nuxt-cloudinary/image/upload/f_auto,q_auto,w_300,h_300/https://cms.meeovicms.com/assets//images/headphones.jpg:0
[  303343ms] [ERROR] Failed to load resource: the server responded with a status of 404 () @ https://res.cloudinary.com/nuxt-cloudinary/image/upload/f_auto,q_auto,w_300,h_300/https://cms.meeovicms.com/assets//images/shoes.jpg:0
[  303344ms] [ERROR] Failed to load resource: the server responded with a status of 404 () @ https://res.cloudinary.com/nuxt-cloudinary/image/upload/f_auto,q_auto,w_300,h_300/https://cms.meeovicms.com/assets//images/tshirt.jpg:0
[  303345ms] [ERROR] Failed to load resource: the server responded with a status of 404 () @ https://res.cloudinary.com/nuxt-cloudinary/image/upload/f_auto,q_auto,w_300,h_300/https://cms.meeovicms.com/assets//images/wallet.jpg:0
[  303347ms] [ERROR] Failed to load resource: the server responded with a status of 404 () @ https://res.cloudinary.com/nuxt-cloudinary/image/upload/f_auto,q_auto,w_300,h_300/https://cms.meeovicms.com/assets//images/bottle.jpg:0
[  303348ms] [ERROR] Failed to load resource: the server responded with a status of 404 () @ https://res.cloudinary.com/nuxt-cloudinary/image/upload/f_auto,q_auto,w_300,h_300/https://cms.meeovicms.com/assets//images/smartwatch.jpg:0
[  303349ms] [ERROR] Failed to load resource: the server responded with a status of 404 () @ https://res.cloudinary.com/nuxt-cloudinary/image/upload/f_auto,q_auto,w_300,h_300/https://cms.meeovicms.com/assets//images/mugs.jpg:0
[  303349ms] [ERROR] Failed to load resource: the server responded with a status of 404 () @ https://res.cloudinary.com/nuxt-cloudinary/image/upload/f_auto,q_auto,w_300,h_300/https://cms.meeovicms.com/assets/daa48c31-db59-4537-bc6f-08a84cb1d46d:0
[  303351ms] [ERROR] Failed to load resource: the server responded with a status of 404 () @ https://res.cloudinary.com/nuxt-cloudinary/image/upload/f_auto,q_auto,w_300,h_300/https://cms.meeovicms.com/assets//images/yogamat.jpg:0
[  303352ms] [ERROR] Failed to load resource: the server responded with a status of 404 () @ https://res.cloudinary.com/nuxt-cloudinary/image/upload/f_auto,q_auto,w_300,h_300/https://cms.meeovicms.com/assets/4f4d8489-7439-4a65-960a-77b604cc0f7d:0
[  306385ms] [ERROR] Failed to load resource: the server responded with a status of 404 () @ https://res.cloudinary.com/nuxt-cloudinary/image/upload/f_auto,q_auto,w_300,h_300/https://cms.meeovicms.com/assets//images/bottle.jpg:0
[  306387ms] [ERROR] Failed to load resource: the server responded with a status of 404 () @ https://res.cloudinary.com/nuxt-cloudinary/image/upload/f_auto,q_auto,w_300,h_300/https://cms.meeovicms.com/assets//images/headphones.jpg:0
[  306388ms] [ERROR] Failed to load resource: the server responded with a status of 404 () @ https://res.cloudinary.com/nuxt-cloudinary/image/upload/f_auto,q_auto,w_300,h_300/https://cms.meeovicms.com/assets//images/tshirt.jpg:0
[  306389ms] [ERROR] Failed to load resource: the server responded with a status of 404 () @ https://res.cloudinary.com/nuxt-cloudinary/image/upload/f_auto,q_auto,w_300,h_300/https://cms.meeovicms.com/assets//images/shoes.jpg:0
[  306390ms] [ERROR] Failed to load resource: the server responded with a status of 404 () @ https://res.cloudinary.com/nuxt-cloudinary/image/upload/f_auto,q_auto,w_300,h_300/https://cms.meeovicms.com/assets//images/smartwatch.jpg:0
[  306391ms] [ERROR] Failed to load resource: the server responded with a status of 404 () @ https://res.cloudinary.com/nuxt-cloudinary/image/upload/f_auto,q_auto,w_300,h_300/https://cms.meeovicms.com/assets//images/wallet.jpg:0
[  306392ms] [ERROR] Failed to load resource: the server responded with a status of 404 () @ https://res.cloudinary.com/nuxt-cloudinary/image/upload/f_auto,q_auto,w_300,h_300/https://cms.meeovicms.com/assets/4f4d8489-7439-4a65-960a-77b604cc0f7d:0
[  306393ms] [ERROR] Failed to load resource: the server responded with a status of 404 () @ https://res.cloudinary.com/nuxt-cloudinary/image/upload/f_auto,q_auto,w_300,h_300/https://cms.meeovicms.com/assets//images/yogamat.jpg:0
[  306394ms] [ERROR] Failed to load resource: the server responded with a status of 404 () @ https://res.cloudinary.com/nuxt-cloudinary/image/upload/f_auto,q_auto,w_300,h_300/https://cms.meeovicms.com/assets//images/mugs.jpg:0
[  306395ms] [ERROR] Failed to load resource: the server responded with a status of 404 () @ https://res.cloudinary.com/nuxt-cloudinary/image/upload/f_auto,q_auto,w_300,h_300/https://cms.meeovicms.com/assets/daa48c31-db59-4537-bc6f-08a84cb1d46d:0
[  309618ms] [ERROR] Failed to load resource: the server responded with a status of 404 () @ https://res.cloudinary.com/nuxt-cloudinary/image/upload/f_auto,q_auto,w_300,h_300/https://cms.meeovicms.com/assets//images/bottle.jpg:0
[  309620ms] [ERROR] Failed to load resource: the server responded with a status of 404 () @ https://res.cloudinary.com/nuxt-cloudinary/image/upload/f_auto,q_auto,w_300,h_300/https://cms.meeovicms.com/assets//images/headphones.jpg:0
[  309621ms] [ERROR] Failed to load resource: the server responded with a status of 404 () @ https://res.cloudinary.com/nuxt-cloudinary/image/upload/f_auto,q_auto,w_300,h_300/https://cms.meeovicms.com/assets//images/shoes.jpg:0
[  309622ms] [ERROR] Failed to load resource: the server responded with a status of 404 () @ https://res.cloudinary.com/nuxt-cloudinary/image/upload/f_auto,q_auto,w_300,h_300/https://cms.meeovicms.com/assets/daa48c31-db59-4537-bc6f-08a84cb1d46d:0
[  309625ms] [ERROR] Failed to load resource: the server responded with a status of 404 () @ https://res.cloudinary.com/nuxt-cloudinary/image/upload/f_auto,q_auto,w_300,h_300/https://cms.meeovicms.com/assets//images/smartwatch.jpg:0
[  309627ms] [ERROR] Failed to load resource: the server responded with a status of 404 () @ https://res.cloudinary.com/nuxt-cloudinary/image/upload/f_auto,q_auto,w_300,h_300/https://cms.meeovicms.com/assets//images/tshirt.jpg:0
[  309628ms] [ERROR] Failed to load resource: the server responded with a status of 404 () @ https://res.cloudinary.com/nuxt-cloudinary/image/upload/f_auto,q_auto,w_300,h_300/https://cms.meeovicms.com/assets//images/wallet.jpg:0
[  309630ms] [ERROR] Failed to load resource: the server responded with a status of 404 () @ https://res.cloudinary.com/nuxt-cloudinary/image/upload/f_auto,q_auto,w_300,h_300/https://cms.meeovicms.com/assets/4f4d8489-7439-4a65-960a-77b604cc0f7d:0
[  309631ms] [ERROR] Failed to load resource: the server responded with a status of 404 () @ https://res.cloudinary.com/nuxt-cloudinary/image/upload/f_auto,q_auto,w_300,h_300/https://cms.meeovicms.com/assets//images/mugs.jpg:0
[  309632ms] [ERROR] Failed to load resource: the server responded with a status of 404 () @ https://res.cloudinary.com/nuxt-cloudinary/image/upload/f_auto,q_auto,w_300,h_300/https://cms.meeovicms.com/assets//images/yogamat.jpg:0
[  312810ms] [ERROR] Failed to load resource: the server responded with a status of 404 () @ https://res.cloudinary.com/nuxt-cloudinary/image/upload/f_auto,q_auto,w_300,h_300/https://cms.meeovicms.com/assets//images/headphones.jpg:0
[  312811ms] [ERROR] Failed to load resource: the server responded with a status of 404 () @ https://res.cloudinary.com/nuxt-cloudinary/image/upload/f_auto,q_auto,w_300,h_300/https://cms.meeovicms.com/assets//images/shoes.jpg:0
[  312812ms] [ERROR] Failed to load resource: the server responded with a status of 404 () @ https://res.cloudinary.com/nuxt-cloudinary/image/upload/f_auto,q_auto,w_300,h_300/https://cms.meeovicms.com/assets//images/wallet.jpg:0
[  312813ms] [ERROR] Failed to load resource: the server responded with a status of 404 () @ https://res.cloudinary.com/nuxt-cloudinary/image/upload/f_auto,q_auto,w_300,h_300/https://cms.meeovicms.com/assets//images/mugs.jpg:0
[  312814ms] [ERROR] Failed to load resource: the server responded with a status of 404 () @ https://res.cloudinary.com/nuxt-cloudinary/image/upload/f_auto,q_auto,w_300,h_300/https://cms.meeovicms.com/assets//images/tshirt.jpg:0
[  312815ms] [ERROR] Failed to load resource: the server responded with a status of 404 () @ https://res.cloudinary.com/nuxt-cloudinary/image/upload/f_auto,q_auto,w_300,h_300/https://cms.meeovicms.com/assets//images/bottle.jpg:0
[  312816ms] [ERROR] Failed to load resource: the server responded with a status of 404 () @ https://res.cloudinary.com/nuxt-cloudinary/image/upload/f_auto,q_auto,w_300,h_300/https://cms.meeovicms.com/assets//images/smartwatch.jpg:0
[  312817ms] [ERROR] Failed to load resource: the server responded with a status of 404 () @ https://res.cloudinary.com/nuxt-cloudinary/image/upload/f_auto,q_auto,w_300,h_300/https://cms.meeovicms.com/assets//images/yogamat.jpg:0
[  312818ms] [ERROR] Failed to load resource: the server responded with a status of 404 () @ https://res.cloudinary.com/nuxt-cloudinary/image/upload/f_auto,q_auto,w_300,h_300/https://cms.meeovicms.com/assets/4f4d8489-7439-4a65-960a-77b604cc0f7d:0
[  312819ms] [ERROR] Failed to load resource: the server responded with a status of 404 () @ https://res.cloudinary.com/nuxt-cloudinary/image/upload/f_auto,q_auto,w_300,h_300/https://cms.meeovicms.com/assets/daa48c31-db59-4537-bc6f-08a84cb1d46d:0
[  321091ms] [ERROR] Failed to load resource: the server responded with a status of 404 () @ https://res.cloudinary.com/nuxt-cloudinary/image/upload/f_auto,q_auto,w_300,h_300/https://cms.meeovicms.com/assets//images/headphones.jpg:0
[  321092ms] [ERROR] Failed to load resource: the server responded with a status of 404 () @ https://res.cloudinary.com/nuxt-cloudinary/image/upload/f_auto,q_auto,w_300,h_300/https://cms.meeovicms.com/assets//images/shoes.jpg:0
[  321093ms] [ERROR] Failed to load resource: the server responded with a status of 404 () @ https://res.cloudinary.com/nuxt-cloudinary/image/upload/f_auto,q_auto,w_300,h_300/https://cms.meeovicms.com/assets//images/tshirt.jpg:0
[  321094ms] [ERROR] Failed to load resource: the server responded with a status of 404 () @ https://res.cloudinary.com/nuxt-cloudinary/image/upload/f_auto,q_auto,w_300,h_300/https://cms.meeovicms.com/assets//images/wallet.jpg:0
[  321094ms] [ERROR] Failed to load resource: the server responded with a status of 404 () @ https://res.cloudinary.com/nuxt-cloudinary/image/upload/f_auto,q_auto,w_300,h_300/https://cms.meeovicms.com/assets//images/bottle.jpg:0
[  321095ms] [ERROR] Failed to load resource: the server responded with a status of 404 () @ https://res.cloudinary.com/nuxt-cloudinary/image/upload/f_auto,q_auto,w_300,h_300/https://cms.meeovicms.com/assets/daa48c31-db59-4537-bc6f-08a84cb1d46d:0
[  321096ms] [ERROR] Failed to load resource: the server responded with a status of 404 () @ https://res.cloudinary.com/nuxt-cloudinary/image/upload/f_auto,q_auto,w_300,h_300/https://cms.meeovicms.com/assets//images/yogamat.jpg:0
[  321097ms] [ERROR] Failed to load resource: the server responded with a status of 404 () @ https://res.cloudinary.com/nuxt-cloudinary/image/upload/f_auto,q_auto,w_300,h_300/https://cms.meeovicms.com/assets/4f4d8489-7439-4a65-960a-77b604cc0f7d:0
[  321098ms] [ERROR] Failed to load resource: the server responded with a status of 404 () @ https://res.cloudinary.com/nuxt-cloudinary/image/upload/f_auto,q_auto,w_300,h_300/https://cms.meeovicms.com/assets//images/smartwatch.jpg:0
[  321098ms] [ERROR] Failed to load resource: the server responded with a status of 404 () @ https://res.cloudinary.com/nuxt-cloudinary/image/upload/f_auto,q_auto,w_300,h_300/https://cms.meeovicms.com/assets//images/mugs.jpg:0
[  324628ms] [ERROR] Failed to load resource: the server responded with a status of 404 () @ https://res.cloudinary.com/nuxt-cloudinary/image/upload/f_auto,q_auto,w_300,h_300/https://cms.meeovicms.com/assets//images/headphones.jpg:0
[  324629ms] [ERROR] Failed to load resource: the server responded with a status of 404 () @ https://res.cloudinary.com/nuxt-cloudinary/image/upload/f_auto,q_auto,w_300,h_300/https://cms.meeovicms.com/assets//images/shoes.jpg:0
[  324630ms] [ERROR] Failed to load resource: the server responded with a status of 404 () @ https://res.cloudinary.com/nuxt-cloudinary/image/upload/f_auto,q_auto,w_300,h_300/https://cms.meeovicms.com/assets//images/wallet.jpg:0
[  324631ms] [ERROR] Failed to load resource: the server responded with a status of 404 () @ https://res.cloudinary.com/nuxt-cloudinary/image/upload/f_auto,q_auto,w_300,h_300/https://cms.meeovicms.com/assets//images/tshirt.jpg:0
[  324632ms] [ERROR] Failed to load resource: the server responded with a status of 404 () @ https://res.cloudinary.com/nuxt-cloudinary/image/upload/f_auto,q_auto,w_300,h_300/https://cms.meeovicms.com/assets//images/bottle.jpg:0
[  324633ms] [ERROR] Failed to load resource: the server responded with a status of 404 () @ https://res.cloudinary.com/nuxt-cloudinary/image/upload/f_auto,q_auto,w_300,h_300/https://cms.meeovicms.com/assets/4f4d8489-7439-4a65-960a-77b604cc0f7d:0
[  324634ms] [ERROR] Failed to load resource: the server responded with a status of 404 () @ https://res.cloudinary.com/nuxt-cloudinary/image/upload/f_auto,q_auto,w_300,h_300/https://cms.meeovicms.com/assets//images/yogamat.jpg:0
[  324635ms] [ERROR] Failed to load resource: the server responded with a status of 404 () @ https://res.cloudinary.com/nuxt-cloudinary/image/upload/f_auto,q_auto,w_300,h_300/https://cms.meeovicms.com/assets//images/smartwatch.jpg:0
[  324636ms] [ERROR] Failed to load resource: the server responded with a status of 404 () @ https://res.cloudinary.com/nuxt-cloudinary/image/upload/f_auto,q_auto,w_300,h_300/https://cms.meeovicms.com/assets/daa48c31-db59-4537-bc6f-08a84cb1d46d:0
[  324638ms] [ERROR] Failed to load resource: the server responded with a status of 404 () @ https://res.cloudinary.com/nuxt-cloudinary/image/upload/f_auto,q_auto,w_300,h_300/https://cms.meeovicms.com/assets//images/mugs.jpg:0
[  327390ms] [ERROR] Failed to load resource: the server responded with a status of 404 () @ https://res.cloudinary.com/nuxt-cloudinary/image/upload/f_auto,q_auto,w_300,h_300/https://cms.meeovicms.com/assets/daa48c31-db59-4537-bc6f-08a84cb1d46d:0
[  327393ms] [ERROR] Failed to load resource: the server responded with a status of 404 () @ https://res.cloudinary.com/nuxt-cloudinary/image/upload/f_auto,q_auto,w_300,h_300/https://cms.meeovicms.com/assets//images/headphones.jpg:0
[  327394ms] [ERROR] Failed to load resource: the server responded with a status of 404 () @ https://res.cloudinary.com/nuxt-cloudinary/image/upload/f_auto,q_auto,w_300,h_300/https://cms.meeovicms.com/assets//images/smartwatch.jpg:0
[  327395ms] [ERROR] Failed to load resource: the server responded with a status of 404 () @ https://res.cloudinary.com/nuxt-cloudinary/image/upload/f_auto,q_auto,w_300,h_300/https://cms.meeovicms.com/assets//images/shoes.jpg:0
[  327396ms] [ERROR] Failed to load resource: the server responded with a status of 404 () @ https://res.cloudinary.com/nuxt-cloudinary/image/upload/f_auto,q_auto,w_300,h_300/https://cms.meeovicms.com/assets//images/bottle.jpg:0
[  327397ms] [ERROR] Failed to load resource: the server responded with a status of 404 () @ https://res.cloudinary.com/nuxt-cloudinary/image/upload/f_auto,q_auto,w_300,h_300/https://cms.meeovicms.com/assets//images/tshirt.jpg:0
[  327398ms] [ERROR] Failed to load resource: the server responded with a status of 404 () @ https://res.cloudinary.com/nuxt-cloudinary/image/upload/f_auto,q_auto,w_300,h_300/https://cms.meeovicms.com/assets//images/wallet.jpg:0
[  327400ms] [ERROR] Failed to load resource: the server responded with a status of 404 () @ https://res.cloudinary.com/nuxt-cloudinary/image/upload/f_auto,q_auto,w_300,h_300/https://cms.meeovicms.com/assets//images/mugs.jpg:0
[  327401ms] [ERROR] Failed to load resource: the server responded with a status of 404 () @ https://res.cloudinary.com/nuxt-cloudinary/image/upload/f_auto,q_auto,w_300,h_300/https://cms.meeovicms.com/assets/4f4d8489-7439-4a65-960a-77b604cc0f7d:0
[  327402ms] [ERROR] Failed to load resource: the server responded with a status of 404 () @ https://res.cloudinary.com/nuxt-cloudinary/image/upload/f_auto,q_auto,w_300,h_300/https://cms.meeovicms.com/assets//images/yogamat.jpg:0
[  330177ms] [ERROR] Failed to load resource: the server responded with a status of 404 () @ https://res.cloudinary.com/nuxt-cloudinary/image/upload/f_auto,q_auto,w_300,h_300/https://cms.meeovicms.com/assets//images/tshirt.jpg:0
[  330178ms] [ERROR] Failed to load resource: the server responded with a status of 404 () @ https://res.cloudinary.com/nuxt-cloudinary/image/upload/f_auto,q_auto,w_300,h_300/https://cms.meeovicms.com/assets//images/bottle.jpg:0
[  330179ms] [ERROR] Failed to load resource: the server responded with a status of 404 () @ https://res.cloudinary.com/nuxt-cloudinary/image/upload/f_auto,q_auto,w_300,h_300/https://cms.meeovicms.com/assets//images/headphones.jpg:0
[  330180ms] [ERROR] Failed to load resource: the server responded with a status of 404 () @ https://res.cloudinary.com/nuxt-cloudinary/image/upload/f_auto,q_auto,w_300,h_300/https://cms.meeovicms.com/assets//images/shoes.jpg:0
[  330180ms] [ERROR] Failed to load resource: the server responded with a status of 404 () @ https://res.cloudinary.com/nuxt-cloudinary/image/upload/f_auto,q_auto,w_300,h_300/https://cms.meeovicms.com/assets//images/wallet.jpg:0
[  330181ms] [ERROR] Failed to load resource: the server responded with a status of 404 () @ https://res.cloudinary.com/nuxt-cloudinary/image/upload/f_auto,q_auto,w_300,h_300/https://cms.meeovicms.com/assets//images/smartwatch.jpg:0
[  330182ms] [ERROR] Failed to load resource: the server responded with a status of 404 () @ https://res.cloudinary.com/nuxt-cloudinary/image/upload/f_auto,q_auto,w_300,h_300/https://cms.meeovicms.com/assets/daa48c31-db59-4537-bc6f-08a84cb1d46d:0
[  330186ms] [ERROR] Failed to load resource: the server responded with a status of 404 () @ https://res.cloudinary.com/nuxt-cloudinary/image/upload/f_auto,q_auto,w_300,h_300/https://cms.meeovicms.com/assets/4f4d8489-7439-4a65-960a-77b604cc0f7d:0
[  330190ms] [ERROR] Failed to load resource: the server responded with a status of 404 () @ https://res.cloudinary.com/nuxt-cloudinary/image/upload/f_auto,q_auto,w_300,h_300/https://cms.meeovicms.com/assets//images/yogamat.jpg:0
[  330191ms] [ERROR] Failed to load resource: the server responded with a status of 404 () @ https://res.cloudinary.com/nuxt-cloudinary/image/upload/f_auto,q_auto,w_300,h_300/https://cms.meeovicms.com/assets//images/mugs.jpg:0
[  333061ms] [ERROR] Failed to load resource: the server responded with a status of 404 () @ https://res.cloudinary.com/nuxt-cloudinary/image/upload/f_auto,q_auto,w_300,h_300/https://cms.meeovicms.com/assets//images/smartwatch.jpg:0
[  333063ms] [ERROR] Failed to load resource: the server responded with a status of 404 () @ https://res.cloudinary.com/nuxt-cloudinary/image/upload/f_auto,q_auto,w_300,h_300/https://cms.meeovicms.com/assets//images/shoes.jpg:0
[  333064ms] [ERROR] Failed to load resource: the server responded with a status of 404 () @ https://res.cloudinary.com/nuxt-cloudinary/image/upload/f_auto,q_auto,w_300,h_300/https://cms.meeovicms.com/assets//images/tshirt.jpg:0
[  333065ms] [ERROR] Failed to load resource: the server responded with a status of 404 () @ https://res.cloudinary.com/nuxt-cloudinary/image/upload/f_auto,q_auto,w_300,h_300/https://cms.meeovicms.com/assets//images/headphones.jpg:0
[  333066ms] [ERROR] Failed to load resource: the server responded with a status of 404 () @ https://res.cloudinary.com/nuxt-cloudinary/image/upload/f_auto,q_auto,w_300,h_300/https://cms.meeovicms.com/assets//images/wallet.jpg:0
[  333066ms] [ERROR] Failed to load resource: the server responded with a status of 404 () @ https://res.cloudinary.com/nuxt-cloudinary/image/upload/f_auto,q_auto,w_300,h_300/https://cms.meeovicms.com/assets/daa48c31-db59-4537-bc6f-08a84cb1d46d:0
[  333068ms] [ERROR] Failed to load resource: the server responded with a status of 404 () @ https://res.cloudinary.com/nuxt-cloudinary/image/upload/f_auto,q_auto,w_300,h_300/https://cms.meeovicms.com/assets//images/bottle.jpg:0
[  333069ms] [ERROR] Failed to load resource: the server responded with a status of 404 () @ https://res.cloudinary.com/nuxt-cloudinary/image/upload/f_auto,q_auto,w_300,h_300/https://cms.meeovicms.com/assets//images/mugs.jpg:0
[  333070ms] [ERROR] Failed to load resource: the server responded with a status of 404 () @ https://res.cloudinary.com/nuxt-cloudinary/image/upload/f_auto,q_auto,w_300,h_300/https://cms.meeovicms.com/assets/4f4d8489-7439-4a65-960a-77b604cc0f7d:0
[  333071ms] [ERROR] Failed to load resource: the server responded with a status of 404 () @ https://res.cloudinary.com/nuxt-cloudinary/image/upload/f_auto,q_auto,w_300,h_300/https://cms.meeovicms.com/assets//images/yogamat.jpg:0
[  335554ms] [ERROR] Failed to load resource: the server responded with a status of 404 () @ https://res.cloudinary.com/nuxt-cloudinary/image/upload/f_auto,q_auto,w_300,h_300/https://cms.meeovicms.com/assets//images/headphones.jpg:0
[  335556ms] [ERROR] Failed to load resource: the server responded with a status of 404 () @ https://res.cloudinary.com/nuxt-cloudinary/image/upload/f_auto,q_auto,w_300,h_300/https://cms.meeovicms.com/assets//images/tshirt.jpg:0
[  335557ms] [ERROR] Failed to load resource: the server responded with a status of 404 () @ https://res.cloudinary.com/nuxt-cloudinary/image/upload/f_auto,q_auto,w_300,h_300/https://cms.meeovicms.com/assets//images/shoes.jpg:0
[  335559ms] [ERROR] Failed to load resource: the server responded with a status of 404 () @ https://res.cloudinary.com/nuxt-cloudinary/image/upload/f_auto,q_auto,w_300,h_300/https://cms.meeovicms.com/assets//images/bottle.jpg:0
[  335560ms] [ERROR] Failed to load resource: the server responded with a status of 404 () @ https://res.cloudinary.com/nuxt-cloudinary/image/upload/f_auto,q_auto,w_300,h_300/https://cms.meeovicms.com/assets/daa48c31-db59-4537-bc6f-08a84cb1d46d:0
[  335562ms] [ERROR] Failed to load resource: the server responded with a status of 404 () @ https://res.cloudinary.com/nuxt-cloudinary/image/upload/f_auto,q_auto,w_300,h_300/https://cms.meeovicms.com/assets//images/wallet.jpg:0
[  335563ms] [ERROR] Failed to load resource: the server responded with a status of 404 () @ https://res.cloudinary.com/nuxt-cloudinary/image/upload/f_auto,q_auto,w_300,h_300/https://cms.meeovicms.com/assets//images/mugs.jpg:0
[  335564ms] [ERROR] Failed to load resource: the server responded with a status of 404 () @ https://res.cloudinary.com/nuxt-cloudinary/image/upload/f_auto,q_auto,w_300,h_300/https://cms.meeovicms.com/assets//images/smartwatch.jpg:0
[  335565ms] [ERROR] Failed to load resource: the server responded with a status of 404 () @ https://res.cloudinary.com/nuxt-cloudinary/image/upload/f_auto,q_auto,w_300,h_300/https://cms.meeovicms.com/assets//images/yogamat.jpg:0
[  335567ms] [ERROR] Failed to load resource: the server responded with a status of 404 () @ https://res.cloudinary.com/nuxt-cloudinary/image/upload/f_auto,q_auto,w_300,h_300/https://cms.meeovicms.com/assets/4f4d8489-7439-4a65-960a-77b604cc0f7d:0
[  344005ms] [ERROR] Failed to load resource: the server responded with a status of 404 () @ https://res.cloudinary.com/nuxt-cloudinary/image/upload/f_auto,q_auto,w_300,h_300/https://cms.meeovicms.com/assets//images/headphones.jpg:0
[  344006ms] [ERROR] Failed to load resource: the server responded with a status of 404 () @ https://res.cloudinary.com/nuxt-cloudinary/image/upload/f_auto,q_auto,w_300,h_300/https://cms.meeovicms.com/assets//images/shoes.jpg:0
[  344007ms] [ERROR] Failed to load resource: the server responded with a status of 404 () @ https://res.cloudinary.com/nuxt-cloudinary/image/upload/f_auto,q_auto,w_300,h_300/https://cms.meeovicms.com/assets//images/tshirt.jpg:0
[  344008ms] [ERROR] Failed to load resource: the server responded with a status of 404 () @ https://res.cloudinary.com/nuxt-cloudinary/image/upload/f_auto,q_auto,w_300,h_300/https://cms.meeovicms.com/assets//images/bottle.jpg:0
[  344009ms] [ERROR] Failed to load resource: the server responded with a status of 404 () @ https://res.cloudinary.com/nuxt-cloudinary/image/upload/f_auto,q_auto,w_300,h_300/https://cms.meeovicms.com/assets//images/smartwatch.jpg:0
[  344009ms] [ERROR] Failed to load resource: the server responded with a status of 404 () @ https://res.cloudinary.com/nuxt-cloudinary/image/upload/f_auto,q_auto,w_300,h_300/https://cms.meeovicms.com/assets//images/wallet.jpg:0
[  344010ms] [ERROR] Failed to load resource: the server responded with a status of 404 () @ https://res.cloudinary.com/nuxt-cloudinary/image/upload/f_auto,q_auto,w_300,h_300/https://cms.meeovicms.com/assets//images/yogamat.jpg:0
[  344011ms] [ERROR] Failed to load resource: the server responded with a status of 404 () @ https://res.cloudinary.com/nuxt-cloudinary/image/upload/f_auto,q_auto,w_300,h_300/https://cms.meeovicms.com/assets/4f4d8489-7439-4a65-960a-77b604cc0f7d:0
[  344012ms] [ERROR] Failed to load resource: the server responded with a status of 404 () @ https://res.cloudinary.com/nuxt-cloudinary/image/upload/f_auto,q_auto,w_300,h_300/https://cms.meeovicms.com/assets/daa48c31-db59-4537-bc6f-08a84cb1d46d:0
[  344013ms] [ERROR] Failed to load resource: the server responded with a status of 404 () @ https://res.cloudinary.com/nuxt-cloudinary/image/upload/f_auto,q_auto,w_300,h_300/https://cms.meeovicms.com/assets//images/mugs.jpg:0
[  345317ms] [WARNING] [Cloudflare Turnstile] Ignored message from unexpected source for event: init. @ http://127.0.0.1:3002/_nuxt/@vite/client:528
[  345319ms] [WARNING] [Cloudflare Turnstile] Ignored message from unexpected source for event: requestExtraParams. @ http://127.0.0.1:3002/_nuxt/@vite/client:528
[  348369ms] [ERROR] Failed to load resource: the server responded with a status of 404 () @ https://res.cloudinary.com/nuxt-cloudinary/image/upload/f_auto,q_auto,w_300,h_300/https://cms.meeovicms.com/assets//images/bottle.jpg:0
[  348371ms] [ERROR] Failed to load resource: the server responded with a status of 404 () @ https://res.cloudinary.com/nuxt-cloudinary/image/upload/f_auto,q_auto,w_300,h_300/https://cms.meeovicms.com/assets//images/tshirt.jpg:0
[  348372ms] [ERROR] Failed to load resource: the server responded with a status of 404 () @ https://res.cloudinary.com/nuxt-cloudinary/image/upload/f_auto,q_auto,w_300,h_300/https://cms.meeovicms.com/assets/daa48c31-db59-4537-bc6f-08a84cb1d46d:0
[  348373ms] [ERROR] Failed to load resource: the server responded with a status of 404 () @ https://res.cloudinary.com/nuxt-cloudinary/image/upload/f_auto,q_auto,w_300,h_300/https://cms.meeovicms.com/assets//images/headphones.jpg:0
[  348376ms] [ERROR] Failed to load resource: the server responded with a status of 404 () @ https://res.cloudinary.com/nuxt-cloudinary/image/upload/f_auto,q_auto,w_300,h_300/https://cms.meeovicms.com/assets//images/smartwatch.jpg:0
[  348377ms] [ERROR] Failed to load resource: the server responded with a status of 404 () @ https://res.cloudinary.com/nuxt-cloudinary/image/upload/f_auto,q_auto,w_300,h_300/https://cms.meeovicms.com/assets//images/yogamat.jpg:0
[  348378ms] [ERROR] Failed to load resource: the server responded with a status of 404 () @ https://res.cloudinary.com/nuxt-cloudinary/image/upload/f_auto,q_auto,w_300,h_300/https://cms.meeovicms.com/assets//images/mugs.jpg:0
[  348380ms] [ERROR] Failed to load resource: the server responded with a status of 404 () @ https://res.cloudinary.com/nuxt-cloudinary/image/upload/f_auto,q_auto,w_300,h_300/https://cms.meeovicms.com/assets//images/shoes.jpg:0
[  348381ms] [ERROR] Failed to load resource: the server responded with a status of 404 () @ https://res.cloudinary.com/nuxt-cloudinary/image/upload/f_auto,q_auto,w_300,h_300/https://cms.meeovicms.com/assets/4f4d8489-7439-4a65-960a-77b604cc0f7d:0
[  348382ms] [ERROR] Failed to load resource: the server responded with a status of 404 () @ https://res.cloudinary.com/nuxt-cloudinary/image/upload/f_auto,q_auto,w_300,h_300/https://cms.meeovicms.com/assets//images/wallet.jpg:0
[  351989ms] [ERROR] Failed to load resource: the server responded with a status of 404 () @ https://res.cloudinary.com/nuxt-cloudinary/image/upload/f_auto,q_auto,w_300,h_300/https://cms.meeovicms.com/assets//images/headphones.jpg:0
[  351990ms] [ERROR] Failed to load resource: the server responded with a status of 404 () @ https://res.cloudinary.com/nuxt-cloudinary/image/upload/f_auto,q_auto,w_300,h_300/https://cms.meeovicms.com/assets//images/shoes.jpg:0
[  351991ms] [ERROR] Failed to load resource: the server responded with a status of 404 () @ https://res.cloudinary.com/nuxt-cloudinary/image/upload/f_auto,q_auto,w_300,h_300/https://cms.meeovicms.com/assets//images/bottle.jpg:0
[  351992ms] [ERROR] Failed to load resource: the server responded with a status of 404 () @ https://res.cloudinary.com/nuxt-cloudinary/image/upload/f_auto,q_auto,w_300,h_300/https://cms.meeovicms.com/assets//images/tshirt.jpg:0
[  351993ms] [ERROR] Failed to load resource: the server responded with a status of 404 () @ https://res.cloudinary.com/nuxt-cloudinary/image/upload/f_auto,q_auto,w_300,h_300/https://cms.meeovicms.com/assets//images/smartwatch.jpg:0
[  351994ms] [ERROR] Failed to load resource: the server responded with a status of 404 () @ https://res.cloudinary.com/nuxt-cloudinary/image/upload/f_auto,q_auto,w_300,h_300/https://cms.meeovicms.com/assets/daa48c31-db59-4537-bc6f-08a84cb1d46d:0
[  352002ms] [ERROR] Failed to load resource: the server responded with a status of 404 () @ https://res.cloudinary.com/nuxt-cloudinary/image/upload/f_auto,q_auto,w_300,h_300/https://cms.meeovicms.com/assets//images/yogamat.jpg:0
[  352003ms] [ERROR] Failed to load resource: the server responded with a status of 404 () @ https://res.cloudinary.com/nuxt-cloudinary/image/upload/f_auto,q_auto,w_300,h_300/https://cms.meeovicms.com/assets//images/wallet.jpg:0
[  352004ms] [ERROR] Failed to load resource: the server responded with a status of 404 () @ https://res.cloudinary.com/nuxt-cloudinary/image/upload/f_auto,q_auto,w_300,h_300/https://cms.meeovicms.com/assets/4f4d8489-7439-4a65-960a-77b604cc0f7d:0
[  352005ms] [ERROR] Failed to load resource: the server responded with a status of 404 () @ https://res.cloudinary.com/nuxt-cloudinary/image/upload/f_auto,q_auto,w_300,h_300/https://cms.meeovicms.com/assets//images/mugs.jpg:0
[  362185ms] [ERROR] Failed to load resource: the server responded with a status of 404 () @ https://res.cloudinary.com/nuxt-cloudinary/image/upload/f_auto,q_auto,w_300,h_300/https://cms.meeovicms.com/assets//images/headphones.jpg:0
[  362186ms] [ERROR] Failed to load resource: the server responded with a status of 404 () @ https://res.cloudinary.com/nuxt-cloudinary/image/upload/f_auto,q_auto,w_300,h_300/https://cms.meeovicms.com/assets//images/tshirt.jpg:0
[  362188ms] [ERROR] Failed to load resource: the server responded with a status of 404 () @ https://res.cloudinary.com/nuxt-cloudinary/image/upload/f_auto,q_auto,w_300,h_300/https://cms.meeovicms.com/assets//images/shoes.jpg:0
[  362189ms] [ERROR] Failed to load resource: the server responded with a status of 404 () @ https://res.cloudinary.com/nuxt-cloudinary/image/upload/f_auto,q_auto,w_300,h_300/https://cms.meeovicms.com/assets//images/smartwatch.jpg:0
[  362190ms] [ERROR] Failed to load resource: the server responded with a status of 404 () @ https://res.cloudinary.com/nuxt-cloudinary/image/upload/f_auto,q_auto,w_300,h_300/https://cms.meeovicms.com/assets//images/bottle.jpg:0
[  362192ms] [ERROR] Failed to load resource: the server responded with a status of 404 () @ https://res.cloudinary.com/nuxt-cloudinary/image/upload/f_auto,q_auto,w_300,h_300/https://cms.meeovicms.com/assets//images/wallet.jpg:0
[  362193ms] [ERROR] Failed to load resource: the server responded with a status of 404 () @ https://res.cloudinary.com/nuxt-cloudinary/image/upload/f_auto,q_auto,w_300,h_300/https://cms.meeovicms.com/assets/daa48c31-db59-4537-bc6f-08a84cb1d46d:0
[  362194ms] [ERROR] Failed to load resource: the server responded with a status of 404 () @ https://res.cloudinary.com/nuxt-cloudinary/image/upload/f_auto,q_auto,w_300,h_300/https://cms.meeovicms.com/assets//images/yogamat.jpg:0
[  362195ms] [ERROR] Failed to load resource: the server responded with a status of 404 () @ https://res.cloudinary.com/nuxt-cloudinary/image/upload/f_auto,q_auto,w_300,h_300/https://cms.meeovicms.com/assets//images/mugs.jpg:0
[  362197ms] [ERROR] Failed to load resource: the server responded with a status of 404 () @ https://res.cloudinary.com/nuxt-cloudinary/image/upload/f_auto,q_auto,w_300,h_300/https://cms.meeovicms.com/assets/4f4d8489-7439-4a65-960a-77b604cc0f7d:0
[  365934ms] [ERROR] Failed to load resource: the server responded with a status of 404 () @ https://res.cloudinary.com/nuxt-cloudinary/image/upload/f_auto,q_auto,w_300,h_300/https://cms.meeovicms.com/assets//images/tshirt.jpg:0
[  365936ms] [ERROR] Failed to load resource: the server responded with a status of 404 () @ https://res.cloudinary.com/nuxt-cloudinary/image/upload/f_auto,q_auto,w_300,h_300/https://cms.meeovicms.com/assets//images/headphones.jpg:0
[  365938ms] [ERROR] Failed to load resource: the server responded with a status of 404 () @ https://res.cloudinary.com/nuxt-cloudinary/image/upload/f_auto,q_auto,w_300,h_300/https://cms.meeovicms.com/assets//images/bottle.jpg:0
[  365939ms] [ERROR] Failed to load resource: the server responded with a status of 404 () @ https://res.cloudinary.com/nuxt-cloudinary/image/upload/f_auto,q_auto,w_300,h_300/https://cms.meeovicms.com/assets//images/shoes.jpg:0
[  365940ms] [ERROR] Failed to load resource: the server responded with a status of 404 () @ https://res.cloudinary.com/nuxt-cloudinary/image/upload/f_auto,q_auto,w_300,h_300/https://cms.meeovicms.com/assets//images/wallet.jpg:0
[  365941ms] [ERROR] Failed to load resource: the server responded with a status of 404 () @ https://res.cloudinary.com/nuxt-cloudinary/image/upload/f_auto,q_auto,w_300,h_300/https://cms.meeovicms.com/assets//images/smartwatch.jpg:0
[  365942ms] [ERROR] Failed to load resource: the server responded with a status of 404 () @ https://res.cloudinary.com/nuxt-cloudinary/image/upload/f_auto,q_auto,w_300,h_300/https://cms.meeovicms.com/assets//images/mugs.jpg:0
[  365944ms] [ERROR] Failed to load resource: the server responded with a status of 404 () @ https://res.cloudinary.com/nuxt-cloudinary/image/upload/f_auto,q_auto,w_300,h_300/https://cms.meeovicms.com/assets/4f4d8489-7439-4a65-960a-77b604cc0f7d:0
[  365945ms] [ERROR] Failed to load resource: the server responded with a status of 404 () @ https://res.cloudinary.com/nuxt-cloudinary/image/upload/f_auto,q_auto,w_300,h_300/https://cms.meeovicms.com/assets//images/yogamat.jpg:0
[  365948ms] [ERROR] Failed to load resource: the server responded with a status of 404 () @ https://res.cloudinary.com/nuxt-cloudinary/image/upload/f_auto,q_auto,w_300,h_300/https://cms.meeovicms.com/assets/daa48c31-db59-4537-bc6f-08a84cb1d46d:0
