[   49733ms] [ERROR] Failed to load resource: the server responded with a status of 404 () @ https://res.cloudinary.com/nuxt-cloudinary/image/upload/f_auto,q_auto/images/display-2.png:0
[   72781ms] [ERROR] Failed to load resource: the server responded with a status of 404 () @ https://res.cloudinary.com/nuxt-cloudinary/image/upload/f_auto,q_auto/images/display-2.png:0
[  100685ms] [LOG] ✨ %cNuxt DevTools %c Press Shift + Alt + D to open DevTools color: black; border-radius: 3px 0 0 3px; padding: 2px 2px 1px 10px; background: #00DC82 border-radius: 0 3px 3px 0; padding: 2px 10px 1px 2px; background: #00DC8220  @ http://localhost:3003/_nuxt/@fs/home/meebuzo/github/alternate-framework/node_modules/@nuxt/devtools/dist/runtime/plugins/devtools.client.js?v=ce6c8d1d:51
[  103986ms] [INFO] <Suspense> is an experimental feature and its API will likely change. @ http://localhost:3003/_nuxt/@fs/home/meebuzo/github/alternate-framework/node_modules/@sentry/core/build/esm/instrument/console.js?v=33c1a145:44
[  105179ms] [ERROR] Connecting to 'https://o996770.ingest.us.sentry.io/api/5955273/envelope/?sentry_version=7&sentry_key=df1b90fab7c44ce8aef097a63b468d61&sentry_client=sentry.javascript.nuxt%2F10.70.0' violates the following Content Security Policy directive: "connect-src 'self' https://*.mux.com https://cms.meeovicms.com". The action has been blocked. @ http://localhost:3003/connect/space/meeovi-news:0
[  105179ms] [ERROR] Fetch API cannot load https://o996770.ingest.us.sentry.io/api/5955273/envelope/?sentry_version=7&sentry_key=df1b90fab7c44ce8aef097a63b468d61&sentry_client=sentry.javascript.nuxt%2F10.70.0. Refused to connect because it violates the document's Content Security Policy. @ http://localhost:3003/connect/space/meeovi-news:0
[  107193ms] [ERROR] Failed to load resource: the server responded with a status of 404 () @ https://res.cloudinary.com/nuxt-cloudinary/image/upload/f_auto,q_auto/images/display-2.png:0
[  136454ms] [ERROR] Failed to load resource: the server responded with a status of 404 () @ https://res.cloudinary.com/nuxt-cloudinary/image/upload/f_auto,q_auto/images/display-2.png:0
[  154351ms] [LOG] ✨ %cNuxt DevTools %c Press Shift + Alt + D to open DevTools color: black; border-radius: 3px 0 0 3px; padding: 2px 2px 1px 10px; background: #00DC82 border-radius: 0 3px 3px 0; padding: 2px 10px 1px 2px; background: #00DC8220  @ http://localhost:3003/_nuxt/@fs/home/meebuzo/github/alternate-framework/node_modules/@sentry/core/build/esm/instrument/console.js?v=193f35c6:44
[  154454ms] [INFO] <Suspense> is an experimental feature and its API will likely change. @ http://localhost:3003/_nuxt/@fs/home/meebuzo/github/alternate-framework/node_modules/@sentry/core/build/esm/instrument/console.js?v=193f35c6:44
[  155381ms] [WARNING] [nuxt] [image] Density values above `2` are not recommended. See https://observablehq.com/@eeeps/visual-acuity-and-device-pixel-ratio. @ http://localhost:3003/_nuxt/@vite/client:528
[  155392ms] [WARNING] [Vue warn]: Slot "default" invoked outside of the render function: this will not track dependencies used in the slot. Invoke the slot function inside the render function instead. 
  at <VDefaultsProvider key="content-defaults" disabled=true defaults= {VIcon: Object} > 
  at <VBtn symbol= Symbol(vuetify:v-tabs) ref=Ref< undefined > class="v-tab"  ... > 
  at <VTab > 
  at <VSlideGroup centerActive=true scrollToActive=true contentClass=undefined  ... > 
  at <VTabs modelValue=null onUpdate:modelValue=fn center-active=""  ... > 
  at <VCard height="75" variant="text" > 
  at <MenusLivebarLive> 
  at <VCol> 
  at <VRow> 
  at <VMain> 
  at <VApp theme="light" class="auto-text" > 
  at <VResponsive class="border rounded" > 
  at <Default ref=Ref< undefined > > 
  at <AsyncComponentWrapper ref=Ref< undefined > > 
  at <LayoutLoader key="default" layoutProps= {ref: RefImpl} name="default" > 
  at <NuxtLayoutProvider layoutProps= {ref: RefImpl} key="default" name="default"  ... > 
  at <NuxtLayout > 
  at <App key=4 > 
  at <NuxtRoot> @ http://localhost:3003/_nuxt/@vite/client:528
[  155394ms] [WARNING] [Vue warn]: Slot "default" invoked outside of the render function: this will not track dependencies used in the slot. Invoke the slot function inside the render function instead. 
  at <VDefaultsProvider key="content-defaults" disabled=true defaults= {VIcon: Object} > 
  at <VBtn symbol= Symbol(vuetify:v-tabs) ref=Ref< undefined > class="v-tab"  ... > 
  at <VTab > 
  at <VSlideGroup centerActive=true scrollToActive=true contentClass=undefined  ... > 
  at <VTabs modelValue=null onUpdate:modelValue=fn center-active=""  ... > 
  at <VCard height="75" variant="text" > 
  at <MenusLivebarLive> 
  at <VCol> 
  at <VRow> 
  at <VMain> 
  at <VApp theme="light" class="auto-text" > 
  at <VResponsive class="border rounded" > 
  at <Default ref=Ref< undefined > > 
  at <AsyncComponentWrapper ref=Ref< undefined > > 
  at <LayoutLoader key="default" layoutProps= {ref: RefImpl} name="default" > 
  at <NuxtLayoutProvider layoutProps= {ref: RefImpl} key="default" name="default"  ... > 
  at <NuxtLayout > 
  at <App key=4 > 
  at <NuxtRoot> @ http://localhost:3003/_nuxt/@vite/client:528
[  155400ms] [WARNING] [Vue warn]: Slot "default" invoked outside of the render function: this will not track dependencies used in the slot. Invoke the slot function inside the render function instead. 
  at <VDefaultsProvider key="content-defaults" disabled=true defaults= {VIcon: Object} > 
  at <VBtn symbol= Symbol(vuetify:v-tabs) ref=Ref< undefined > class="v-tab"  ... > 
  at <VTab > 
  at <VSlideGroup centerActive=true scrollToActive=true contentClass=undefined  ... > 
  at <VTabs modelValue=null onUpdate:modelValue=fn center-active=""  ... > 
  at <VCard height="75" variant="text" > 
  at <MenusLivebarLive> 
  at <VCol> 
  at <VRow> 
  at <VMain> 
  at <VApp theme="light" class="auto-text" > 
  at <VResponsive class="border rounded" > 
  at <Default ref=Ref< undefined > > 
  at <AsyncComponentWrapper ref=Ref< undefined > > 
  at <LayoutLoader key="default" layoutProps= {ref: RefImpl} name="default" > 
  at <NuxtLayoutProvider layoutProps= {ref: RefImpl} key="default" name="default"  ... > 
  at <NuxtLayout > 
  at <App key=4 > 
  at <NuxtRoot> @ http://localhost:3003/_nuxt/@vite/client:528
[  155402ms] [WARNING] [Vue warn]: Slot "default" invoked outside of the render function: this will not track dependencies used in the slot. Invoke the slot function inside the render function instead. 
  at <VDefaultsProvider key="content-defaults" disabled=true defaults= {VIcon: Object} > 
  at <VBtn symbol= Symbol(vuetify:v-tabs) ref=Ref< undefined > class="v-tab"  ... > 
  at <VTab > 
  at <VSlideGroup centerActive=true scrollToActive=true contentClass=undefined  ... > 
  at <VTabs modelValue=null onUpdate:modelValue=fn center-active=""  ... > 
  at <VCard height="75" variant="text" > 
  at <MenusLivebarLive> 
  at <VCol> 
  at <VRow> 
  at <VMain> 
  at <VApp theme="light" class="auto-text" > 
  at <VResponsive class="border rounded" > 
  at <Default ref=Ref< undefined > > 
  at <AsyncComponentWrapper ref=Ref< undefined > > 
  at <LayoutLoader key="default" layoutProps= {ref: RefImpl} name="default" > 
  at <NuxtLayoutProvider layoutProps= {ref: RefImpl} key="default" name="default"  ... > 
  at <NuxtLayout > 
  at <App key=4 > 
  at <NuxtRoot> @ http://localhost:3003/_nuxt/@vite/client:528
[  155406ms] [WARNING] [Vue warn]: Slot "default" invoked outside of the render function: this will not track dependencies used in the slot. Invoke the slot function inside the render function instead. 
  at <VDefaultsProvider key="content-defaults" defaults= {VImg: Object, VIcon: Object} > 
  at <VAvatar ref_for=true ref=fn<fn> onClick=fn<onClick>  ... > 
  at <VOverlay ref=Ref< undefined > class="v-dialog" style= {}  ... > 
  at <VDialog modelValue=false onUpdate:modelValue=fn transition="dialog-bottom-transition" > 
  at <VDefaultsProvider key="content-defaults" disabled=true defaults= {VIcon: Object} > 
  at <VBtn symbol= Symbol(vuetify:v-tabs) ref=Ref< undefined > class="v-tab"  ... > 
  at <VTab > 
  at <VSlideGroup centerActive=true scrollToActive=true contentClass=undefined  ... > 
  at <VTabs modelValue=null onUpdate:modelValue=fn center-active=""  ... > 
  at <VCard height="75" variant="text" > 
  at <MenusLivebarLive> 
  at <VCol> 
  at <VRow> 
  at <VMain> 
  at <VApp theme="light" class="auto-text" > 
  at <VResponsive class="border rounded" > 
  at <Default ref=Ref< undefined > > 
  at <AsyncComponentWrapper ref=Ref< undefined > > 
  at <LayoutLoader key="default" layoutProps= {ref: RefImpl} name="default" > 
  at <NuxtLayoutProvider layoutProps= {ref: RefImpl} key="default" name="default"  ... > 
  at <NuxtLayout > 
  at <App key=4 > 
  at <NuxtRoot> @ http://localhost:3003/_nuxt/@vite/client:528
[  155843ms] [WARNING] [Vue warn]: Slot "default" invoked outside of the render function: this will not track dependencies used in the slot. Invoke the slot function inside the render function instead. 
  at <VDefaultsProvider key="content-defaults" disabled=true defaults= {VIcon: Object} > 
  at <VBtn symbol= Symbol(vuetify:v-tabs) ref=Ref< undefined > class="v-tab"  ... > 
  at <VTab value="one" > 
  at <VSlideGroup centerActive=false scrollToActive=true contentClass=undefined  ... > 
  at <VTabs modelValue=null onUpdate:modelValue=fn align-tabs="center"  ... > 
  at <VSheet > 
  at <VCard elevation="0" > 
  at <[...slug] onVnodeUnmounted=fn<onVnodeUnmounted> ref=Ref< undefined > > 
  at <RouteProvider key="/connect/space/meeovi-news" vnode= {__v_isVNode: true, __v_skip: true, type: Object, props: Object, key: null} route= {fullPath: /connect/space/meeovi-news, hash: , query: Object, name: connect-space-slug___en, path: /connect/space/meeovi-news}  ... > 
  at <RouterView name=undefined route=undefined > 
  at <NuxtPage > 
  at <VMain> 
  at <VApp theme="light" class="auto-text" > 
  at <VResponsive class="border rounded" > 
  at <Default ref=Ref< undefined > > 
  at <AsyncComponentWrapper ref=Ref< undefined > > 
  at <LayoutLoader key="default" layoutProps= {ref: RefImpl} name="default" > 
  at <NuxtLayoutProvider layoutProps= {ref: RefImpl} key="default" name="default"  ... > 
  at <NuxtLayout > 
  at <App key=4 > 
  at <NuxtRoot> @ http://localhost:3003/_nuxt/@vite/client:528
[  156381ms] [WARNING] [Vue warn]: Slot "default" invoked outside of the render function: this will not track dependencies used in the slot. Invoke the slot function inside the render function instead. 
  at <VDefaultsProvider key="content-defaults" disabled=true defaults= {VIcon: Object} > 
  at <VBtn symbol= Symbol(vuetify:v-tabs) ref=Ref< undefined > class="v-tab"  ... > 
  at <VTab value="one" > 
  at <VSlideGroup centerActive=false scrollToActive=true contentClass=undefined  ... > 
  at <VTabs modelValue=null onUpdate:modelValue=fn align-tabs="center"  ... > 
  at <VSheet > 
  at <VCard elevation="0" > 
  at <[...slug] onVnodeUnmounted=fn<onVnodeUnmounted> ref=Ref< undefined > > 
  at <RouteProvider key="/connect/space/meeovi-news" vnode= {__v_isVNode: true, __v_skip: true, type: Object, props: Object, key: null} route= {fullPath: /connect/space/meeovi-news, hash: , query: Object, name: connect-space-slug___en, path: /connect/space/meeovi-news}  ... > 
  at <RouterView name=undefined route=undefined > 
  at <NuxtPage > 
  at <VMain> 
  at <VApp theme="light" class="auto-text" > 
  at <VResponsive class="border rounded" > 
  at <Default ref=Ref< undefined > > 
  at <AsyncComponentWrapper ref=Ref< undefined > > 
  at <LayoutLoader key="default" layoutProps= {ref: RefImpl} name="default" > 
  at <NuxtLayoutProvider layoutProps= {ref: RefImpl} key="default" name="default"  ... > 
  at <NuxtLayout > 
  at <App key=4 > 
  at <NuxtRoot> @ http://localhost:3003/_nuxt/@vite/client:528
[  157178ms] [WARNING] [Vue warn]: Slot "default" invoked outside of the render function: this will not track dependencies used in the slot. Invoke the slot function inside the render function instead. 
  at <VDefaultsProvider key="content-defaults" disabled=true defaults= {VIcon: Object} > 
  at <VBtn symbol= Symbol(vuetify:v-tabs) ref=Ref< undefined > class="v-tab"  ... > 
  at <VTab value="two" > 
  at <VSlideGroup centerActive=false scrollToActive=true contentClass=undefined  ... > 
  at <VTabs modelValue=null onUpdate:modelValue=fn align-tabs="center"  ... > 
  at <VSheet > 
  at <VCard elevation="0" > 
  at <[...slug] onVnodeUnmounted=fn<onVnodeUnmounted> ref=Ref< undefined > > 
  at <RouteProvider key="/connect/space/meeovi-news" vnode= {__v_isVNode: true, __v_skip: true, type: Object, props: Object, key: null} route= {fullPath: /connect/space/meeovi-news, hash: , query: Object, name: connect-space-slug___en, path: /connect/space/meeovi-news}  ... > 
  at <RouterView name=undefined route=undefined > 
  at <NuxtPage > 
  at <VMain> 
  at <VApp theme="light" class="auto-text" > 
  at <VResponsive class="border rounded" > 
  at <Default ref=Ref< undefined > > 
  at <AsyncComponentWrapper ref=Ref< undefined > > 
  at <LayoutLoader key="default" layoutProps= {ref: RefImpl} name="default" > 
  at <NuxtLayoutProvider layoutProps= {ref: RefImpl} key="default" name="default"  ... > 
  at <NuxtLayout > 
  at <App key=4 > 
  at <NuxtRoot> @ http://localhost:3003/_nuxt/@vite/client:528
[  157912ms] [WARNING] [Vue warn]: Slot "default" invoked outside of the render function: this will not track dependencies used in the slot. Invoke the slot function inside the render function instead. 
  at <VDefaultsProvider key="content-defaults" disabled=true defaults= {VIcon: Object} > 
  at <VBtn symbol= Symbol(vuetify:v-tabs) ref=Ref< undefined > class="v-tab"  ... > 
  at <VTab value="two" > 
  at <VSlideGroup centerActive=false scrollToActive=true contentClass=undefined  ... > 
  at <VTabs modelValue=null onUpdate:modelValue=fn align-tabs="center"  ... > 
  at <VSheet > 
  at <VCard elevation="0" > 
  at <[...slug] onVnodeUnmounted=fn<onVnodeUnmounted> ref=Ref< undefined > > 
  at <RouteProvider key="/connect/space/meeovi-news" vnode= {__v_isVNode: true, __v_skip: true, type: Object, props: Object, key: null} route= {fullPath: /connect/space/meeovi-news, hash: , query: Object, name: connect-space-slug___en, path: /connect/space/meeovi-news}  ... > 
  at <RouterView name=undefined route=undefined > 
  at <NuxtPage > 
  at <VMain> 
  at <VApp theme="light" class="auto-text" > 
  at <VResponsive class="border rounded" > 
  at <Default ref=Ref< undefined > > 
  at <AsyncComponentWrapper ref=Ref< undefined > > 
  at <LayoutLoader key="default" layoutProps= {ref: RefImpl} name="default" > 
  at <NuxtLayoutProvider layoutProps= {ref: RefImpl} key="default" name="default"  ... > 
  at <NuxtLayout > 
  at <App key=4 > 
  at <NuxtRoot> @ http://localhost:3003/_nuxt/@vite/client:528
[  158556ms] [WARNING] [Vue warn]: Slot "default" invoked outside of the render function: this will not track dependencies used in the slot. Invoke the slot function inside the render function instead. 
  at <VDefaultsProvider key="content-defaults" disabled=true defaults= {VIcon: Object} > 
  at <VBtn symbol= Symbol(vuetify:v-tabs) ref=Ref< undefined > class="v-tab"  ... > 
  at <VTab value="three" > 
  at <VSlideGroup centerActive=false scrollToActive=true contentClass=undefined  ... > 
  at <VTabs modelValue=null onUpdate:modelValue=fn align-tabs="center"  ... > 
  at <VSheet > 
  at <VCard elevation="0" > 
  at <[...slug] onVnodeUnmounted=fn<onVnodeUnmounted> ref=Ref< undefined > > 
  at <RouteProvider key="/connect/space/meeovi-news" vnode= {__v_isVNode: true, __v_skip: true, type: Object, props: Object, key: null} route= {fullPath: /connect/space/meeovi-news, hash: , query: Object, name: connect-space-slug___en, path: /connect/space/meeovi-news}  ... > 
  at <RouterView name=undefined route=undefined > 
  at <NuxtPage > 
  at <VMain> 
  at <VApp theme="light" class="auto-text" > 
  at <VResponsive class="border rounded" > 
  at <Default ref=Ref< undefined > > 
  at <AsyncComponentWrapper ref=Ref< undefined > > 
  at <LayoutLoader key="default" layoutProps= {ref: RefImpl} name="default" > 
  at <NuxtLayoutProvider layoutProps= {ref: RefImpl} key="default" name="default"  ... > 
  at <NuxtLayout > 
  at <App key=4 > 
  at <NuxtRoot> @ http://localhost:3003/_nuxt/@vite/client:528
[  159263ms] [WARNING] [Vue warn]: Slot "default" invoked outside of the render function: this will not track dependencies used in the slot. Invoke the slot function inside the render function instead. 
  at <VDefaultsProvider key="content-defaults" disabled=true defaults= {VIcon: Object} > 
  at <VBtn symbol= Symbol(vuetify:v-tabs) ref=Ref< undefined > class="v-tab"  ... > 
  at <VTab value="three" > 
  at <VSlideGroup centerActive=false scrollToActive=true contentClass=undefined  ... > 
  at <VTabs modelValue=null onUpdate:modelValue=fn align-tabs="center"  ... > 
  at <VSheet > 
  at <VCard elevation="0" > 
  at <[...slug] onVnodeUnmounted=fn<onVnodeUnmounted> ref=Ref< undefined > > 
  at <RouteProvider key="/connect/space/meeovi-news" vnode= {__v_isVNode: true, __v_skip: true, type: Object, props: Object, key: null} route= {fullPath: /connect/space/meeovi-news, hash: , query: Object, name: connect-space-slug___en, path: /connect/space/meeovi-news}  ... > 
  at <RouterView name=undefined route=undefined > 
  at <NuxtPage > 
  at <VMain> 
  at <VApp theme="light" class="auto-text" > 
  at <VResponsive class="border rounded" > 
  at <Default ref=Ref< undefined > > 
  at <AsyncComponentWrapper ref=Ref< undefined > > 
  at <LayoutLoader key="default" layoutProps= {ref: RefImpl} name="default" > 
  at <NuxtLayoutProvider layoutProps= {ref: RefImpl} key="default" name="default"  ... > 
  at <NuxtLayout > 
  at <App key=4 > 
  at <NuxtRoot> @ http://localhost:3003/_nuxt/@vite/client:528
[  160026ms] [WARNING] [Vue warn]: Slot "default" invoked outside of the render function: this will not track dependencies used in the slot. Invoke the slot function inside the render function instead. 
  at <VDefaultsProvider key="content-defaults" disabled=true defaults= {VIcon: Object} > 
  at <VBtn symbol= Symbol(vuetify:v-tabs) ref=Ref< undefined > class="v-tab"  ... > 
  at <VTab value="four" > 
  at <VSlideGroup centerActive=false scrollToActive=true contentClass=undefined  ... > 
  at <VTabs modelValue=null onUpdate:modelValue=fn align-tabs="center"  ... > 
  at <VSheet > 
  at <VCard elevation="0" > 
  at <[...slug] onVnodeUnmounted=fn<onVnodeUnmounted> ref=Ref< undefined > > 
  at <RouteProvider key="/connect/space/meeovi-news" vnode= {__v_isVNode: true, __v_skip: true, type: Object, props: Object, key: null} route= {fullPath: /connect/space/meeovi-news, hash: , query: Object, name: connect-space-slug___en, path: /connect/space/meeovi-news}  ... > 
  at <RouterView name=undefined route=undefined > 
  at <NuxtPage > 
  at <VMain> 
  at <VApp theme="light" class="auto-text" > 
  at <VResponsive class="border rounded" > 
  at <Default ref=Ref< undefined > > 
  at <AsyncComponentWrapper ref=Ref< undefined > > 
  at <LayoutLoader key="default" layoutProps= {ref: RefImpl} name="default" > 
  at <NuxtLayoutProvider layoutProps= {ref: RefImpl} key="default" name="default"  ... > 
  at <NuxtLayout > 
  at <App key=4 > 
  at <NuxtRoot> @ http://localhost:3003/_nuxt/@vite/client:528
[  160772ms] [WARNING] [Vue warn]: Slot "default" invoked outside of the render function: this will not track dependencies used in the slot. Invoke the slot function inside the render function instead. 
  at <VDefaultsProvider key="content-defaults" disabled=true defaults= {VIcon: Object} > 
  at <VBtn symbol= Symbol(vuetify:v-tabs) ref=Ref< undefined > class="v-tab"  ... > 
  at <VTab value="four" > 
  at <VSlideGroup centerActive=false scrollToActive=true contentClass=undefined  ... > 
  at <VTabs modelValue=null onUpdate:modelValue=fn align-tabs="center"  ... > 
  at <VSheet > 
  at <VCard elevation="0" > 
  at <[...slug] onVnodeUnmounted=fn<onVnodeUnmounted> ref=Ref< undefined > > 
  at <RouteProvider key="/connect/space/meeovi-news" vnode= {__v_isVNode: true, __v_skip: true, type: Object, props: Object, key: null} route= {fullPath: /connect/space/meeovi-news, hash: , query: Object, name: connect-space-slug___en, path: /connect/space/meeovi-news}  ... > 
  at <RouterView name=undefined route=undefined > 
  at <NuxtPage > 
  at <VMain> 
  at <VApp theme="light" class="auto-text" > 
  at <VResponsive class="border rounded" > 
  at <Default ref=Ref< undefined > > 
  at <AsyncComponentWrapper ref=Ref< undefined > > 
  at <LayoutLoader key="default" layoutProps= {ref: RefImpl} name="default" > 
  at <NuxtLayoutProvider layoutProps= {ref: RefImpl} key="default" name="default"  ... > 
  at <NuxtLayout > 
  at <App key=4 > 
  at <NuxtRoot> @ http://localhost:3003/_nuxt/@vite/client:528
[  161522ms] [WARNING] [Vue warn]: Slot "default" invoked outside of the render function: this will not track dependencies used in the slot. Invoke the slot function inside the render function instead. 
  at <VDefaultsProvider key="content-defaults" disabled=true defaults= {VIcon: Object} > 
  at <VBtn symbol= Symbol(vuetify:v-tabs) ref=Ref< undefined > class="v-tab"  ... > 
  at <VTab value="five" > 
  at <VSlideGroup centerActive=false scrollToActive=true contentClass=undefined  ... > 
  at <VTabs modelValue=null onUpdate:modelValue=fn align-tabs="center"  ... > 
  at <VSheet > 
  at <VCard elevation="0" > 
  at <[...slug] onVnodeUnmounted=fn<onVnodeUnmounted> ref=Ref< undefined > > 
  at <RouteProvider key="/connect/space/meeovi-news" vnode= {__v_isVNode: true, __v_skip: true, type: Object, props: Object, key: null} route= {fullPath: /connect/space/meeovi-news, hash: , query: Object, name: connect-space-slug___en, path: /connect/space/meeovi-news}  ... > 
  at <RouterView name=undefined route=undefined > 
  at <NuxtPage > 
  at <VMain> 
  at <VApp theme="light" class="auto-text" > 
  at <VResponsive class="border rounded" > 
  at <Default ref=Ref< undefined > > 
  at <AsyncComponentWrapper ref=Ref< undefined > > 
  at <LayoutLoader key="default" layoutProps= {ref: RefImpl} name="default" > 
  at <NuxtLayoutProvider layoutProps= {ref: RefImpl} key="default" name="default"  ... > 
  at <NuxtLayout > 
  at <App key=4 > 
  at <NuxtRoot> @ http://localhost:3003/_nuxt/@vite/client:528
[  162238ms] [WARNING] [Vue warn]: Slot "default" invoked outside of the render function: this will not track dependencies used in the slot. Invoke the slot function inside the render function instead. 
  at <VDefaultsProvider key="content-defaults" disabled=true defaults= {VIcon: Object} > 
  at <VBtn symbol= Symbol(vuetify:v-tabs) ref=Ref< undefined > class="v-tab"  ... > 
  at <VTab value="five" > 
  at <VSlideGroup centerActive=false scrollToActive=true contentClass=undefined  ... > 
  at <VTabs modelValue=null onUpdate:modelValue=fn align-tabs="center"  ... > 
  at <VSheet > 
  at <VCard elevation="0" > 
  at <[...slug] onVnodeUnmounted=fn<onVnodeUnmounted> ref=Ref< undefined > > 
  at <RouteProvider key="/connect/space/meeovi-news" vnode= {__v_isVNode: true, __v_skip: true, type: Object, props: Object, key: null} route= {fullPath: /connect/space/meeovi-news, hash: , query: Object, name: connect-space-slug___en, path: /connect/space/meeovi-news}  ... > 
  at <RouterView name=undefined route=undefined > 
  at <NuxtPage > 
  at <VMain> 
  at <VApp theme="light" class="auto-text" > 
  at <VResponsive class="border rounded" > 
  at <Default ref=Ref< undefined > > 
  at <AsyncComponentWrapper ref=Ref< undefined > > 
  at <LayoutLoader key="default" layoutProps= {ref: RefImpl} name="default" > 
  at <NuxtLayoutProvider layoutProps= {ref: RefImpl} key="default" name="default"  ... > 
  at <NuxtLayout > 
  at <App key=4 > 
  at <NuxtRoot> @ http://localhost:3003/_nuxt/@vite/client:528
[  162901ms] [WARNING] [Vue warn]: Slot "default" invoked outside of the render function: this will not track dependencies used in the slot. Invoke the slot function inside the render function instead. 
  at <VDefaultsProvider key="content-defaults" disabled=true defaults= {VIcon: Object} > 
  at <VBtn symbol= Symbol(vuetify:v-tabs) ref=Ref< undefined > class="v-tab"  ... > 
  at <VTab value="six" > 
  at <VSlideGroup centerActive=false scrollToActive=true contentClass=undefined  ... > 
  at <VTabs modelValue=null onUpdate:modelValue=fn align-tabs="center"  ... > 
  at <VSheet > 
  at <VCard elevation="0" > 
  at <[...slug] onVnodeUnmounted=fn<onVnodeUnmounted> ref=Ref< undefined > > 
  at <RouteProvider key="/connect/space/meeovi-news" vnode= {__v_isVNode: true, __v_skip: true, type: Object, props: Object, key: null} route= {fullPath: /connect/space/meeovi-news, hash: , query: Object, name: connect-space-slug___en, path: /connect/space/meeovi-news}  ... > 
  at <RouterView name=undefined route=undefined > 
  at <NuxtPage > 
  at <VMain> 
  at <VApp theme="light" class="auto-text" > 
  at <VResponsive class="border rounded" > 
  at <Default ref=Ref< undefined > > 
  at <AsyncComponentWrapper ref=Ref< undefined > > 
  at <LayoutLoader key="default" layoutProps= {ref: RefImpl} name="default" > 
  at <NuxtLayoutProvider layoutProps= {ref: RefImpl} key="default" name="default"  ... > 
  at <NuxtLayout > 
  at <App key=4 > 
  at <NuxtRoot> @ http://localhost:3003/_nuxt/@vite/client:528
[  163768ms] [WARNING] [Vue warn]: Slot "default" invoked outside of the render function: this will not track dependencies used in the slot. Invoke the slot function inside the render function instead. 
  at <VDefaultsProvider key="content-defaults" disabled=true defaults= {VIcon: Object} > 
  at <VBtn symbol= Symbol(vuetify:v-tabs) ref=Ref< undefined > class="v-tab"  ... > 
  at <VTab value="six" > 
  at <VSlideGroup centerActive=false scrollToActive=true contentClass=undefined  ... > 
  at <VTabs modelValue=null onUpdate:modelValue=fn align-tabs="center"  ... > 
  at <VSheet > 
  at <VCard elevation="0" > 
  at <[...slug] onVnodeUnmounted=fn<onVnodeUnmounted> ref=Ref< undefined > > 
  at <RouteProvider key="/connect/space/meeovi-news" vnode= {__v_isVNode: true, __v_skip: true, type: Object, props: Object, key: null} route= {fullPath: /connect/space/meeovi-news, hash: , query: Object, name: connect-space-slug___en, path: /connect/space/meeovi-news}  ... > 
  at <RouterView name=undefined route=undefined > 
  at <NuxtPage > 
  at <VMain> 
  at <VApp theme="light" class="auto-text" > 
  at <VResponsive class="border rounded" > 
  at <Default ref=Ref< undefined > > 
  at <AsyncComponentWrapper ref=Ref< undefined > > 
  at <LayoutLoader key="default" layoutProps= {ref: RefImpl} name="default" > 
  at <NuxtLayoutProvider layoutProps= {ref: RefImpl} key="default" name="default"  ... > 
  at <NuxtLayout > 
  at <App key=4 > 
  at <NuxtRoot> @ http://localhost:3003/_nuxt/@vite/client:528
[  164577ms] [WARNING] [Vue warn]: Slot "default" invoked outside of the render function: this will not track dependencies used in the slot. Invoke the slot function inside the render function instead. 
  at <VDefaultsProvider key="content-defaults" disabled=true defaults= {VIcon: Object} > 
  at <VBtn symbol= Symbol(vuetify:v-tabs) ref=Ref< undefined > class="v-tab"  ... > 
  at <VTab value="seven" > 
  at <VSlideGroup centerActive=false scrollToActive=true contentClass=undefined  ... > 
  at <VTabs modelValue=null onUpdate:modelValue=fn align-tabs="center"  ... > 
  at <VSheet > 
  at <VCard elevation="0" > 
  at <[...slug] onVnodeUnmounted=fn<onVnodeUnmounted> ref=Ref< undefined > > 
  at <RouteProvider key="/connect/space/meeovi-news" vnode= {__v_isVNode: true, __v_skip: true, type: Object, props: Object, key: null} route= {fullPath: /connect/space/meeovi-news, hash: , query: Object, name: connect-space-slug___en, path: /connect/space/meeovi-news}  ... > 
  at <RouterView name=undefined route=undefined > 
  at <NuxtPage > 
  at <VMain> 
  at <VApp theme="light" class="auto-text" > 
  at <VResponsive class="border rounded" > 
  at <Default ref=Ref< undefined > > 
  at <AsyncComponentWrapper ref=Ref< undefined > > 
  at <LayoutLoader key="default" layoutProps= {ref: RefImpl} name="default" > 
  at <NuxtLayoutProvider layoutProps= {ref: RefImpl} key="default" name="default"  ... > 
  at <NuxtLayout > 
  at <App key=4 > 
  at <NuxtRoot> @ http://localhost:3003/_nuxt/@vite/client:528
[  165302ms] [WARNING] [Vue warn]: Slot "default" invoked outside of the render function: this will not track dependencies used in the slot. Invoke the slot function inside the render function instead. 
  at <VDefaultsProvider key="content-defaults" disabled=true defaults= {VIcon: Object} > 
  at <VBtn symbol= Symbol(vuetify:v-tabs) ref=Ref< undefined > class="v-tab"  ... > 
  at <VTab value="seven" > 
  at <VSlideGroup centerActive=false scrollToActive=true contentClass=undefined  ... > 
  at <VTabs modelValue=null onUpdate:modelValue=fn align-tabs="center"  ... > 
  at <VSheet > 
  at <VCard elevation="0" > 
  at <[...slug] onVnodeUnmounted=fn<onVnodeUnmounted> ref=Ref< undefined > > 
  at <RouteProvider key="/connect/space/meeovi-news" vnode= {__v_isVNode: true, __v_skip: true, type: Object, props: Object, key: null} route= {fullPath: /connect/space/meeovi-news, hash: , query: Object, name: connect-space-slug___en, path: /connect/space/meeovi-news}  ... > 
  at <RouterView name=undefined route=undefined > 
  at <NuxtPage > 
  at <VMain> 
  at <VApp theme="light" class="auto-text" > 
  at <VResponsive class="border rounded" > 
  at <Default ref=Ref< undefined > > 
  at <AsyncComponentWrapper ref=Ref< undefined > > 
  at <LayoutLoader key="default" layoutProps= {ref: RefImpl} name="default" > 
  at <NuxtLayoutProvider layoutProps= {ref: RefImpl} key="default" name="default"  ... > 
  at <NuxtLayout > 
  at <App key=4 > 
  at <NuxtRoot> @ http://localhost:3003/_nuxt/@vite/client:528
[  166506ms] [LOG] Meeovi Search @ http://localhost:3003/_nuxt/@fs/home/meebuzo/github/alternate-framework/node_modules/@sentry/core/build/esm/instrument/console.js?v=193f35c6:44
[  166682ms] [WARNING] [Meta Pixel] - Invalid PixelID: null. @ http://localhost:3003/_nuxt/@vite/client:528
[  166724ms] [ERROR] Failed to load resource: the server responded with a status of 404 (Not Found) @ http://localhost:3003/api/auth/user/to-json:0
[  166802ms] [ERROR] Connecting to 'https://analytics.tiktok.com/api/v2/monitor' violates the following Content Security Policy directive: "connect-src 'self' https://*.mux.com https://cms.meeovicms.com". The action has been blocked. @ https://analytics.tiktok.com/i18n/pixel/static/main.MTQyN2U3Zjc5MA.js:0
[  166803ms] [ERROR] Connecting to 'https://analytics.tiktok.com/api/v2/monitor' violates the following Content Security Policy directive: "connect-src 'self' https://*.mux.com https://cms.meeovicms.com". The action has been blocked. @ https://analytics.tiktok.com/i18n/pixel/static/main.MTQyN2U3Zjc5MA.js:0
[  166804ms] [ERROR] Connecting to 'https://analytics.tiktok.com/api/v2/monitor' violates the following Content Security Policy directive: "connect-src 'self' https://*.mux.com https://cms.meeovicms.com". The action has been blocked. @ https://analytics.tiktok.com/i18n/pixel/static/main.MTQyN2U3Zjc5MA.js:0
[  166806ms] [ERROR] Connecting to 'https://analytics.tiktok.com/api/v2/monitor' violates the following Content Security Policy directive: "connect-src 'self' https://*.mux.com https://cms.meeovicms.com". The action has been blocked. @ https://analytics.tiktok.com/i18n/pixel/static/main.MTQyN2U3Zjc5MA.js:0
[  166809ms] [ERROR] Connecting to 'https://analytics.tiktok.com/api/v2/monitor' violates the following Content Security Policy directive: "connect-src 'self' https://*.mux.com https://cms.meeovicms.com". The action has been blocked. @ https://analytics.tiktok.com/i18n/pixel/static/main.MTQyN2U3Zjc5MA.js:0
[  166810ms] [ERROR] Connecting to 'https://analytics.tiktok.com/api/v2/monitor' violates the following Content Security Policy directive: "connect-src 'self' https://*.mux.com https://cms.meeovicms.com". The action has been blocked. @ https://analytics.tiktok.com/i18n/pixel/static/main.MTQyN2U3Zjc5MA.js:0
[  166818ms] [ERROR] Connecting to 'https://analytics.tiktok.com/api/v2/monitor' violates the following Content Security Policy directive: "connect-src 'self' https://*.mux.com https://cms.meeovicms.com". The action has been blocked. @ https://analytics.tiktok.com/i18n/pixel/static/main.MTQyN2U3Zjc5MA.js:0
[  167028ms] [ERROR] Failed to load resource: the server responded with a status of 404 () @ https://res.cloudinary.com/nuxt-cloudinary/image/upload/f_auto,q_auto/images/logo512alpha.png:0
[  167311ms] [ERROR] Failed to load resource: the server responded with a status of 404 (Not Found) @ http://localhost:3003/api/auth/user/to-json:0
[  167313ms] [ERROR] Failed to load resource: the server responded with a status of 404 (Not Found) @ http://localhost:3003/api/auth/logged-in/to-json:0
[  167403ms] [ERROR] Failed to load resource: the server responded with a status of 404 (Not Found) @ http://localhost:3003/api/auth/user/to-json:0
[  168006ms] [ERROR] Failed to load resource: the server responded with a status of 404 (Not Found) @ http://localhost:3003/api/auth/user/to-json:0
[  168011ms] [ERROR] Failed to load resource: the server responded with a status of 404 (Not Found) @ http://localhost:3003/api/auth/logged-in/to-json:0
[  168012ms] [ERROR] Failed to load resource: the server responded with a status of 404 (Not Found) @ http://localhost:3003/api/auth/logged-in/to-json:0
[  168014ms] [ERROR] Failed to load resource: the server responded with a status of 404 (Not Found) @ http://localhost:3003/api/auth/user/to-json:0
[  168016ms] [ERROR] Failed to load resource: the server responded with a status of 404 (Not Found) @ http://localhost:3003/api/auth/logged-in/to-json:0
[  168724ms] [ERROR] Failed to load resource: the server responded with a status of 404 (Not Found) @ http://localhost:3003/api/auth/logged-in/to-json:0
[  168740ms] [ERROR] Failed to load resource: the server responded with a status of 404 (Not Found) @ http://localhost:3003/api/auth/user/to-json:0
[  168744ms] [ERROR] Failed to load resource: the server responded with a status of 404 (Not Found) @ http://localhost:3003/api/auth/user/to-json:0
[  168747ms] [ERROR] Failed to load resource: the server responded with a status of 404 (Not Found) @ http://localhost:3003/api/auth/logged-in/to-json:0
[  168750ms] [ERROR] Failed to load resource: the server responded with a status of 404 (Not Found) @ http://localhost:3003/api/auth/logged-in/to-json:0
[  169084ms] [ERROR] Failed to load resource: the server responded with a status of 404 (Not Found) @ http://localhost:3003/api/auth/user/to-json:0
[  169497ms] [ERROR] Failed to load resource: the server responded with a status of 404 (Not Found) @ http://localhost:3003/api/auth/logged-in/to-json:0
[  169504ms] [ERROR] Failed to load resource: the server responded with a status of 404 (Not Found) @ http://localhost:3003/api/auth/user/to-json:0
[  169539ms] [ERROR] Failed to load resource: the server responded with a status of 404 (Not Found) @ http://localhost:3003/api/auth/logged-in/to-json:0
[  169542ms] [ERROR] Failed to load resource: the server responded with a status of 404 (Not Found) @ http://localhost:3003/api/auth/logged-in/to-json:0
[  169545ms] [ERROR] Failed to load resource: the server responded with a status of 404 (Not Found) @ http://localhost:3003/api/auth/user/to-json:0
[  169714ms] [ERROR] Failed to load resource: the server responded with a status of 404 (Not Found) @ http://localhost:3003/api/auth/user/to-json:0
[  169896ms] [ERROR] Failed to load resource: the server responded with a status of 404 (Not Found) @ http://localhost:3003/api/auth/logged-in/to-json:0
[  169922ms] [ERROR] Failed to load resource: the server responded with a status of 404 (Not Found) @ http://localhost:3003/api/auth/user/to-json:0
[  169952ms] [ERROR] Failed to load resource: the server responded with a status of 404 (Not Found) @ http://localhost:3003/api/auth/logged-in/to-json:0
[  169980ms] [ERROR] Failed to load resource: the server responded with a status of 404 (Not Found) @ http://localhost:3003/api/auth/logged-in/to-json:0
[  169982ms] [ERROR] Failed to load resource: the server responded with a status of 404 (Not Found) @ http://localhost:3003/api/auth/user/to-json:0
[  170135ms] [ERROR] Failed to load resource: the server responded with a status of 404 (Not Found) @ http://localhost:3003/api/auth/user/to-json:0
[  170315ms] [ERROR] Failed to load resource: the server responded with a status of 404 (Not Found) @ http://localhost:3003/api/auth/logged-in/to-json:0
[  170340ms] [ERROR] Failed to load resource: the server responded with a status of 404 (Not Found) @ http://localhost:3003/api/auth/user/to-json:0
[  170349ms] [ERROR] Failed to load resource: the server responded with a status of 404 (Not Found) @ http://localhost:3003/api/auth/logged-in/to-json:0
[  170387ms] [ERROR] Failed to load resource: the server responded with a status of 404 (Not Found) @ http://localhost:3003/api/auth/user/to-json:0
[  170420ms] [ERROR] Failed to load resource: the server responded with a status of 404 (Not Found) @ http://localhost:3003/api/auth/logged-in/to-json:0
[  170539ms] [ERROR] Failed to load resource: the server responded with a status of 404 (Not Found) @ http://localhost:3003/api/auth/user/to-json:0
[  170731ms] [ERROR] Failed to load resource: the server responded with a status of 404 (Not Found) @ http://localhost:3003/api/auth/logged-in/to-json:0
[  170767ms] [ERROR] Failed to load resource: the server responded with a status of 404 (Not Found) @ http://localhost:3003/api/auth/user/to-json:0
[  170769ms] [ERROR] Failed to load resource: the server responded with a status of 404 (Not Found) @ http://localhost:3003/api/auth/logged-in/to-json:0
[  170839ms] [ERROR] Failed to load resource: the server responded with a status of 404 (Not Found) @ http://localhost:3003/api/auth/user/to-json:0
[  170845ms] [ERROR] Failed to load resource: the server responded with a status of 404 (Not Found) @ http://localhost:3003/api/auth/logged-in/to-json:0
[  171007ms] [ERROR] Failed to load resource: the server responded with a status of 404 (Not Found) @ http://localhost:3003/api/auth/user/to-json:0
[  171187ms] [ERROR] Failed to load resource: the server responded with a status of 404 (Not Found) @ http://localhost:3003/api/auth/logged-in/to-json:0
[  171194ms] [ERROR] Failed to load resource: the server responded with a status of 404 (Not Found) @ http://localhost:3003/api/auth/user/to-json:0
[  171239ms] [ERROR] Failed to load resource: the server responded with a status of 404 (Not Found) @ http://localhost:3003/api/auth/logged-in/to-json:0
[  171278ms] [ERROR] Failed to load resource: the server responded with a status of 404 (Not Found) @ http://localhost:3003/api/auth/user/to-json:0
[  171316ms] [ERROR] Failed to load resource: the server responded with a status of 404 (Not Found) @ http://localhost:3003/api/auth/logged-in/to-json:0
[  171440ms] [ERROR] Failed to load resource: the server responded with a status of 404 (Not Found) @ http://localhost:3003/api/auth/user/to-json:0
[  171596ms] [ERROR] Failed to load resource: the server responded with a status of 404 (Not Found) @ http://localhost:3003/api/auth/logged-in/to-json:0
[  171629ms] [ERROR] Failed to load resource: the server responded with a status of 404 (Not Found) @ http://localhost:3003/api/auth/user/to-json:0
[  171664ms] [ERROR] Failed to load resource: the server responded with a status of 404 (Not Found) @ http://localhost:3003/api/auth/logged-in/to-json:0
[  171698ms] [ERROR] Failed to load resource: the server responded with a status of 404 (Not Found) @ http://localhost:3003/api/auth/user/to-json:0
[  171727ms] [ERROR] Failed to load resource: the server responded with a status of 404 (Not Found) @ http://localhost:3003/api/auth/logged-in/to-json:0
[  171848ms] [ERROR] Failed to load resource: the server responded with a status of 404 (Not Found) @ http://localhost:3003/api/auth/user/to-json:0
[  172006ms] [ERROR] Failed to load resource: the server responded with a status of 404 (Not Found) @ http://localhost:3003/api/auth/logged-in/to-json:0
[  172031ms] [ERROR] Failed to load resource: the server responded with a status of 404 (Not Found) @ http://localhost:3003/api/auth/user/to-json:0
[  172074ms] [ERROR] Failed to load resource: the server responded with a status of 404 (Not Found) @ http://localhost:3003/api/auth/logged-in/to-json:0
[  172094ms] [ERROR] Failed to load resource: the server responded with a status of 404 (Not Found) @ http://localhost:3003/api/auth/user/to-json:0
[  172124ms] [ERROR] Failed to load resource: the server responded with a status of 404 (Not Found) @ http://localhost:3003/api/auth/logged-in/to-json:0
[  173991ms] [ERROR] Connecting to 'https://o996770.ingest.us.sentry.io/api/5955273/envelope/?sentry_version=7&sentry_key=df1b90fab7c44ce8aef097a63b468d61&sentry_client=sentry.javascript.nuxt%2F10.70.0' violates the following Content Security Policy directive: "connect-src 'self' https://*.mux.com https://cms.meeovicms.com". The action has been blocked. @ http://localhost:3003/connect/space/meeovi-news:0
[  173992ms] [ERROR] Fetch API cannot load https://o996770.ingest.us.sentry.io/api/5955273/envelope/?sentry_version=7&sentry_key=df1b90fab7c44ce8aef097a63b468d61&sentry_client=sentry.javascript.nuxt%2F10.70.0. Refused to connect because it violates the document's Content Security Policy. @ http://localhost:3003/connect/space/meeovi-news:0
[  174322ms] [WARNING] [NUXT_E3003] `useAsyncData`/`useFetch` was called after the component had already mounted, so the data fetch cannot be awaited during setup.
╰▶ fix: Use `$fetch()` for requests triggered after mount (e.g. in event handlers), or call `useAsyncData`/`useFetch` in the `setup()` function. @ http://localhost:3003/_nuxt/@vite/client:528
[  238453ms] [ERROR] Failed to load resource: the server responded with a status of 404 () @ https://res.cloudinary.com/nuxt-cloudinary/image/upload/f_auto,q_auto/images/display-2.png:0
[  248245ms] [LOG] ✨ %cNuxt DevTools %c Press Shift + Alt + D to open DevTools color: black; border-radius: 3px 0 0 3px; padding: 2px 2px 1px 10px; background: #00DC82 border-radius: 0 3px 3px 0; padding: 2px 10px 1px 2px; background: #00DC8220  @ http://localhost:3003/_nuxt/@fs/home/meebuzo/github/alternate-framework/node_modules/@sentry/core/build/esm/instrument/console.js?v=193f35c6:44
[  248310ms] [INFO] <Suspense> is an experimental feature and its API will likely change. @ http://localhost:3003/_nuxt/@fs/home/meebuzo/github/alternate-framework/node_modules/@sentry/core/build/esm/instrument/console.js?v=193f35c6:44
[  248653ms] [WARNING] [nuxt] [image] Density values above `2` are not recommended. See https://observablehq.com/@eeeps/visual-acuity-and-device-pixel-ratio. @ http://localhost:3003/_nuxt/@vite/client:528
[  248660ms] [WARNING] [Vue warn]: Slot "default" invoked outside of the render function: this will not track dependencies used in the slot. Invoke the slot function inside the render function instead. 
  at <VDefaultsProvider key="content-defaults" disabled=true defaults= {VIcon: Object} > 
  at <VBtn symbol= Symbol(vuetify:v-tabs) ref=Ref< undefined > class="v-tab"  ... > 
  at <VTab > 
  at <VSlideGroup centerActive=true scrollToActive=true contentClass=undefined  ... > 
  at <VTabs modelValue=null onUpdate:modelValue=fn center-active=""  ... > 
  at <VCard height="75" variant="text" > 
  at <MenusLivebarLive> 
  at <VCol> 
  at <VRow> 
  at <VMain> 
  at <VApp theme="light" class="auto-text" > 
  at <VResponsive class="border rounded" > 
  at <Default ref=Ref< undefined > > 
  at <AsyncComponentWrapper ref=Ref< undefined > > 
  at <LayoutLoader key="default" layoutProps= {ref: RefImpl} name="default" > 
  at <NuxtLayoutProvider layoutProps= {ref: RefImpl} key="default" name="default"  ... > 
  at <NuxtLayout > 
  at <App key=4 > 
  at <NuxtRoot> @ http://localhost:3003/_nuxt/@vite/client:528
[  248662ms] [WARNING] [Vue warn]: Slot "default" invoked outside of the render function: this will not track dependencies used in the slot. Invoke the slot function inside the render function instead. 
  at <VDefaultsProvider key="content-defaults" disabled=true defaults= {VIcon: Object} > 
  at <VBtn symbol= Symbol(vuetify:v-tabs) ref=Ref< undefined > class="v-tab"  ... > 
  at <VTab > 
  at <VSlideGroup centerActive=true scrollToActive=true contentClass=undefined  ... > 
  at <VTabs modelValue=null onUpdate:modelValue=fn center-active=""  ... > 
  at <VCard height="75" variant="text" > 
  at <MenusLivebarLive> 
  at <VCol> 
  at <VRow> 
  at <VMain> 
  at <VApp theme="light" class="auto-text" > 
  at <VResponsive class="border rounded" > 
  at <Default ref=Ref< undefined > > 
  at <AsyncComponentWrapper ref=Ref< undefined > > 
  at <LayoutLoader key="default" layoutProps= {ref: RefImpl} name="default" > 
  at <NuxtLayoutProvider layoutProps= {ref: RefImpl} key="default" name="default"  ... > 
  at <NuxtLayout > 
  at <App key=4 > 
  at <NuxtRoot> @ http://localhost:3003/_nuxt/@vite/client:528
[  248667ms] [WARNING] [Vue warn]: Slot "default" invoked outside of the render function: this will not track dependencies used in the slot. Invoke the slot function inside the render function instead. 
  at <VDefaultsProvider key="content-defaults" disabled=true defaults= {VIcon: Object} > 
  at <VBtn symbol= Symbol(vuetify:v-tabs) ref=Ref< undefined > class="v-tab"  ... > 
  at <VTab > 
  at <VSlideGroup centerActive=true scrollToActive=true contentClass=undefined  ... > 
  at <VTabs modelValue=null onUpdate:modelValue=fn center-active=""  ... > 
  at <VCard height="75" variant="text" > 
  at <MenusLivebarLive> 
  at <VCol> 
  at <VRow> 
  at <VMain> 
  at <VApp theme="light" class="auto-text" > 
  at <VResponsive class="border rounded" > 
  at <Default ref=Ref< undefined > > 
  at <AsyncComponentWrapper ref=Ref< undefined > > 
  at <LayoutLoader key="default" layoutProps= {ref: RefImpl} name="default" > 
  at <NuxtLayoutProvider layoutProps= {ref: RefImpl} key="default" name="default"  ... > 
  at <NuxtLayout > 
  at <App key=4 > 
  at <NuxtRoot> @ http://localhost:3003/_nuxt/@vite/client:528
[  248669ms] [WARNING] [Vue warn]: Slot "default" invoked outside of the render function: this will not track dependencies used in the slot. Invoke the slot function inside the render function instead. 
  at <VDefaultsProvider key="content-defaults" disabled=true defaults= {VIcon: Object} > 
  at <VBtn symbol= Symbol(vuetify:v-tabs) ref=Ref< undefined > class="v-tab"  ... > 
  at <VTab > 
  at <VSlideGroup centerActive=true scrollToActive=true contentClass=undefined  ... > 
  at <VTabs modelValue=null onUpdate:modelValue=fn center-active=""  ... > 
  at <VCard height="75" variant="text" > 
  at <MenusLivebarLive> 
  at <VCol> 
  at <VRow> 
  at <VMain> 
  at <VApp theme="light" class="auto-text" > 
  at <VResponsive class="border rounded" > 
  at <Default ref=Ref< undefined > > 
  at <AsyncComponentWrapper ref=Ref< undefined > > 
  at <LayoutLoader key="default" layoutProps= {ref: RefImpl} name="default" > 
  at <NuxtLayoutProvider layoutProps= {ref: RefImpl} key="default" name="default"  ... > 
  at <NuxtLayout > 
  at <App key=4 > 
  at <NuxtRoot> @ http://localhost:3003/_nuxt/@vite/client:528
[  248674ms] [WARNING] [Vue warn]: Slot "default" invoked outside of the render function: this will not track dependencies used in the slot. Invoke the slot function inside the render function instead. 
  at <VDefaultsProvider key="content-defaults" defaults= {VImg: Object, VIcon: Object} > 
  at <VAvatar ref_for=true ref=fn<fn> onClick=fn<onClick>  ... > 
  at <VOverlay ref=Ref< undefined > class="v-dialog" style= {}  ... > 
  at <VDialog modelValue=false onUpdate:modelValue=fn transition="dialog-bottom-transition" > 
  at <VDefaultsProvider key="content-defaults" disabled=true defaults= {VIcon: Object} > 
  at <VBtn symbol= Symbol(vuetify:v-tabs) ref=Ref< undefined > class="v-tab"  ... > 
  at <VTab > 
  at <VSlideGroup centerActive=true scrollToActive=true contentClass=undefined  ... > 
  at <VTabs modelValue=null onUpdate:modelValue=fn center-active=""  ... > 
  at <VCard height="75" variant="text" > 
  at <MenusLivebarLive> 
  at <VCol> 
  at <VRow> 
  at <VMain> 
  at <VApp theme="light" class="auto-text" > 
  at <VResponsive class="border rounded" > 
  at <Default ref=Ref< undefined > > 
  at <AsyncComponentWrapper ref=Ref< undefined > > 
  at <LayoutLoader key="default" layoutProps= {ref: RefImpl} name="default" > 
  at <NuxtLayoutProvider layoutProps= {ref: RefImpl} key="default" name="default"  ... > 
  at <NuxtLayout > 
  at <App key=4 > 
  at <NuxtRoot> @ http://localhost:3003/_nuxt/@vite/client:528
[  249135ms] [WARNING] [Vue warn]: Slot "default" invoked outside of the render function: this will not track dependencies used in the slot. Invoke the slot function inside the render function instead. 
  at <VDefaultsProvider key="content-defaults" disabled=true defaults= {VIcon: Object} > 
  at <VBtn symbol= Symbol(vuetify:v-tabs) ref=Ref< undefined > class="v-tab"  ... > 
  at <VTab value="one" > 
  at <VSlideGroup centerActive=false scrollToActive=true contentClass=undefined  ... > 
  at <VTabs modelValue=null onUpdate:modelValue=fn align-tabs="center"  ... > 
  at <VSheet > 
  at <VCard elevation="0" > 
  at <[...slug] onVnodeUnmounted=fn<onVnodeUnmounted> ref=Ref< undefined > > 
  at <RouteProvider key="/connect/space/meeovi-news" vnode= {__v_isVNode: true, __v_skip: true, type: Object, props: Object, key: null} route= {fullPath: /connect/space/meeovi-news, hash: , query: Object, name: connect-space-slug___en, path: /connect/space/meeovi-news}  ... > 
  at <RouterView name=undefined route=undefined > 
  at <NuxtPage > 
  at <VMain> 
  at <VApp theme="light" class="auto-text" > 
  at <VResponsive class="border rounded" > 
  at <Default ref=Ref< undefined > > 
  at <AsyncComponentWrapper ref=Ref< undefined > > 
  at <LayoutLoader key="default" layoutProps= {ref: RefImpl} name="default" > 
  at <NuxtLayoutProvider layoutProps= {ref: RefImpl} key="default" name="default"  ... > 
  at <NuxtLayout > 
  at <App key=4 > 
  at <NuxtRoot> @ http://localhost:3003/_nuxt/@vite/client:528
[  249805ms] [WARNING] [Vue warn]: Slot "default" invoked outside of the render function: this will not track dependencies used in the slot. Invoke the slot function inside the render function instead. 
  at <VDefaultsProvider key="content-defaults" disabled=true defaults= {VIcon: Object} > 
  at <VBtn symbol= Symbol(vuetify:v-tabs) ref=Ref< undefined > class="v-tab"  ... > 
  at <VTab value="one" > 
  at <VSlideGroup centerActive=false scrollToActive=true contentClass=undefined  ... > 
  at <VTabs modelValue=null onUpdate:modelValue=fn align-tabs="center"  ... > 
  at <VSheet > 
  at <VCard elevation="0" > 
  at <[...slug] onVnodeUnmounted=fn<onVnodeUnmounted> ref=Ref< undefined > > 
  at <RouteProvider key="/connect/space/meeovi-news" vnode= {__v_isVNode: true, __v_skip: true, type: Object, props: Object, key: null} route= {fullPath: /connect/space/meeovi-news, hash: , query: Object, name: connect-space-slug___en, path: /connect/space/meeovi-news}  ... > 
  at <RouterView name=undefined route=undefined > 
  at <NuxtPage > 
  at <VMain> 
  at <VApp theme="light" class="auto-text" > 
  at <VResponsive class="border rounded" > 
  at <Default ref=Ref< undefined > > 
  at <AsyncComponentWrapper ref=Ref< undefined > > 
  at <LayoutLoader key="default" layoutProps= {ref: RefImpl} name="default" > 
  at <NuxtLayoutProvider layoutProps= {ref: RefImpl} key="default" name="default"  ... > 
  at <NuxtLayout > 
  at <App key=4 > 
  at <NuxtRoot> @ http://localhost:3003/_nuxt/@vite/client:528
[  250566ms] [WARNING] [Vue warn]: Slot "default" invoked outside of the render function: this will not track dependencies used in the slot. Invoke the slot function inside the render function instead. 
  at <VDefaultsProvider key="content-defaults" disabled=true defaults= {VIcon: Object} > 
  at <VBtn symbol= Symbol(vuetify:v-tabs) ref=Ref< undefined > class="v-tab"  ... > 
  at <VTab value="two" > 
  at <VSlideGroup centerActive=false scrollToActive=true contentClass=undefined  ... > 
  at <VTabs modelValue=null onUpdate:modelValue=fn align-tabs="center"  ... > 
  at <VSheet > 
  at <VCard elevation="0" > 
  at <[...slug] onVnodeUnmounted=fn<onVnodeUnmounted> ref=Ref< undefined > > 
  at <RouteProvider key="/connect/space/meeovi-news" vnode= {__v_isVNode: true, __v_skip: true, type: Object, props: Object, key: null} route= {fullPath: /connect/space/meeovi-news, hash: , query: Object, name: connect-space-slug___en, path: /connect/space/meeovi-news}  ... > 
  at <RouterView name=undefined route=undefined > 
  at <NuxtPage > 
  at <VMain> 
  at <VApp theme="light" class="auto-text" > 
  at <VResponsive class="border rounded" > 
  at <Default ref=Ref< undefined > > 
  at <AsyncComponentWrapper ref=Ref< undefined > > 
  at <LayoutLoader key="default" layoutProps= {ref: RefImpl} name="default" > 
  at <NuxtLayoutProvider layoutProps= {ref: RefImpl} key="default" name="default"  ... > 
  at <NuxtLayout > 
  at <App key=4 > 
  at <NuxtRoot> @ http://localhost:3003/_nuxt/@vite/client:528
[  251311ms] [WARNING] [Vue warn]: Slot "default" invoked outside of the render function: this will not track dependencies used in the slot. Invoke the slot function inside the render function instead. 
  at <VDefaultsProvider key="content-defaults" disabled=true defaults= {VIcon: Object} > 
  at <VBtn symbol= Symbol(vuetify:v-tabs) ref=Ref< undefined > class="v-tab"  ... > 
  at <VTab value="two" > 
  at <VSlideGroup centerActive=false scrollToActive=true contentClass=undefined  ... > 
  at <VTabs modelValue=null onUpdate:modelValue=fn align-tabs="center"  ... > 
  at <VSheet > 
  at <VCard elevation="0" > 
  at <[...slug] onVnodeUnmounted=fn<onVnodeUnmounted> ref=Ref< undefined > > 
  at <RouteProvider key="/connect/space/meeovi-news" vnode= {__v_isVNode: true, __v_skip: true, type: Object, props: Object, key: null} route= {fullPath: /connect/space/meeovi-news, hash: , query: Object, name: connect-space-slug___en, path: /connect/space/meeovi-news}  ... > 
  at <RouterView name=undefined route=undefined > 
  at <NuxtPage > 
  at <VMain> 
  at <VApp theme="light" class="auto-text" > 
  at <VResponsive class="border rounded" > 
  at <Default ref=Ref< undefined > > 
  at <AsyncComponentWrapper ref=Ref< undefined > > 
  at <LayoutLoader key="default" layoutProps= {ref: RefImpl} name="default" > 
  at <NuxtLayoutProvider layoutProps= {ref: RefImpl} key="default" name="default"  ... > 
  at <NuxtLayout > 
  at <App key=4 > 
  at <NuxtRoot> @ http://localhost:3003/_nuxt/@vite/client:528
[  252092ms] [WARNING] [Vue warn]: Slot "default" invoked outside of the render function: this will not track dependencies used in the slot. Invoke the slot function inside the render function instead. 
  at <VDefaultsProvider key="content-defaults" disabled=true defaults= {VIcon: Object} > 
  at <VBtn symbol= Symbol(vuetify:v-tabs) ref=Ref< undefined > class="v-tab"  ... > 
  at <VTab value="three" > 
  at <VSlideGroup centerActive=false scrollToActive=true contentClass=undefined  ... > 
  at <VTabs modelValue=null onUpdate:modelValue=fn align-tabs="center"  ... > 
  at <VSheet > 
  at <VCard elevation="0" > 
  at <[...slug] onVnodeUnmounted=fn<onVnodeUnmounted> ref=Ref< undefined > > 
  at <RouteProvider key="/connect/space/meeovi-news" vnode= {__v_isVNode: true, __v_skip: true, type: Object, props: Object, key: null} route= {fullPath: /connect/space/meeovi-news, hash: , query: Object, name: connect-space-slug___en, path: /connect/space/meeovi-news}  ... > 
  at <RouterView name=undefined route=undefined > 
  at <NuxtPage > 
  at <VMain> 
  at <VApp theme="light" class="auto-text" > 
  at <VResponsive class="border rounded" > 
  at <Default ref=Ref< undefined > > 
  at <AsyncComponentWrapper ref=Ref< undefined > > 
  at <LayoutLoader key="default" layoutProps= {ref: RefImpl} name="default" > 
  at <NuxtLayoutProvider layoutProps= {ref: RefImpl} key="default" name="default"  ... > 
  at <NuxtLayout > 
  at <App key=4 > 
  at <NuxtRoot> @ http://localhost:3003/_nuxt/@vite/client:528
[  252790ms] [WARNING] [Vue warn]: Slot "default" invoked outside of the render function: this will not track dependencies used in the slot. Invoke the slot function inside the render function instead. 
  at <VDefaultsProvider key="content-defaults" disabled=true defaults= {VIcon: Object} > 
  at <VBtn symbol= Symbol(vuetify:v-tabs) ref=Ref< undefined > class="v-tab"  ... > 
  at <VTab value="three" > 
  at <VSlideGroup centerActive=false scrollToActive=true contentClass=undefined  ... > 
  at <VTabs modelValue=null onUpdate:modelValue=fn align-tabs="center"  ... > 
  at <VSheet > 
  at <VCard elevation="0" > 
  at <[...slug] onVnodeUnmounted=fn<onVnodeUnmounted> ref=Ref< undefined > > 
  at <RouteProvider key="/connect/space/meeovi-news" vnode= {__v_isVNode: true, __v_skip: true, type: Object, props: Object, key: null} route= {fullPath: /connect/space/meeovi-news, hash: , query: Object, name: connect-space-slug___en, path: /connect/space/meeovi-news}  ... > 
  at <RouterView name=undefined route=undefined > 
  at <NuxtPage > 
  at <VMain> 
  at <VApp theme="light" class="auto-text" > 
  at <VResponsive class="border rounded" > 
  at <Default ref=Ref< undefined > > 
  at <AsyncComponentWrapper ref=Ref< undefined > > 
  at <LayoutLoader key="default" layoutProps= {ref: RefImpl} name="default" > 
  at <NuxtLayoutProvider layoutProps= {ref: RefImpl} key="default" name="default"  ... > 
  at <NuxtLayout > 
  at <App key=4 > 
  at <NuxtRoot> @ http://localhost:3003/_nuxt/@vite/client:528
[  253484ms] [WARNING] [Vue warn]: Slot "default" invoked outside of the render function: this will not track dependencies used in the slot. Invoke the slot function inside the render function instead. 
  at <VDefaultsProvider key="content-defaults" disabled=true defaults= {VIcon: Object} > 
  at <VBtn symbol= Symbol(vuetify:v-tabs) ref=Ref< undefined > class="v-tab"  ... > 
  at <VTab value="four" > 
  at <VSlideGroup centerActive=false scrollToActive=true contentClass=undefined  ... > 
  at <VTabs modelValue=null onUpdate:modelValue=fn align-tabs="center"  ... > 
  at <VSheet > 
  at <VCard elevation="0" > 
  at <[...slug] onVnodeUnmounted=fn<onVnodeUnmounted> ref=Ref< undefined > > 
  at <RouteProvider key="/connect/space/meeovi-news" vnode= {__v_isVNode: true, __v_skip: true, type: Object, props: Object, key: null} route= {fullPath: /connect/space/meeovi-news, hash: , query: Object, name: connect-space-slug___en, path: /connect/space/meeovi-news}  ... > 
  at <RouterView name=undefined route=undefined > 
  at <NuxtPage > 
  at <VMain> 
  at <VApp theme="light" class="auto-text" > 
  at <VResponsive class="border rounded" > 
  at <Default ref=Ref< undefined > > 
  at <AsyncComponentWrapper ref=Ref< undefined > > 
  at <LayoutLoader key="default" layoutProps= {ref: RefImpl} name="default" > 
  at <NuxtLayoutProvider layoutProps= {ref: RefImpl} key="default" name="default"  ... > 
  at <NuxtLayout > 
  at <App key=4 > 
  at <NuxtRoot> @ http://localhost:3003/_nuxt/@vite/client:528
[  254213ms] [WARNING] [Vue warn]: Slot "default" invoked outside of the render function: this will not track dependencies used in the slot. Invoke the slot function inside the render function instead. 
  at <VDefaultsProvider key="content-defaults" disabled=true defaults= {VIcon: Object} > 
  at <VBtn symbol= Symbol(vuetify:v-tabs) ref=Ref< undefined > class="v-tab"  ... > 
  at <VTab value="four" > 
  at <VSlideGroup centerActive=false scrollToActive=true contentClass=undefined  ... > 
  at <VTabs modelValue=null onUpdate:modelValue=fn align-tabs="center"  ... > 
  at <VSheet > 
  at <VCard elevation="0" > 
  at <[...slug] onVnodeUnmounted=fn<onVnodeUnmounted> ref=Ref< undefined > > 
  at <RouteProvider key="/connect/space/meeovi-news" vnode= {__v_isVNode: true, __v_skip: true, type: Object, props: Object, key: null} route= {fullPath: /connect/space/meeovi-news, hash: , query: Object, name: connect-space-slug___en, path: /connect/space/meeovi-news}  ... > 
  at <RouterView name=undefined route=undefined > 
  at <NuxtPage > 
  at <VMain> 
  at <VApp theme="light" class="auto-text" > 
  at <VResponsive class="border rounded" > 
  at <Default ref=Ref< undefined > > 
  at <AsyncComponentWrapper ref=Ref< undefined > > 
  at <LayoutLoader key="default" layoutProps= {ref: RefImpl} name="default" > 
  at <NuxtLayoutProvider layoutProps= {ref: RefImpl} key="default" name="default"  ... > 
  at <NuxtLayout > 
  at <App key=4 > 
  at <NuxtRoot> @ http://localhost:3003/_nuxt/@vite/client:528
[  254953ms] [WARNING] [Vue warn]: Slot "default" invoked outside of the render function: this will not track dependencies used in the slot. Invoke the slot function inside the render function instead. 
  at <VDefaultsProvider key="content-defaults" disabled=true defaults= {VIcon: Object} > 
  at <VBtn symbol= Symbol(vuetify:v-tabs) ref=Ref< undefined > class="v-tab"  ... > 
  at <VTab value="five" > 
  at <VSlideGroup centerActive=false scrollToActive=true contentClass=undefined  ... > 
  at <VTabs modelValue=null onUpdate:modelValue=fn align-tabs="center"  ... > 
  at <VSheet > 
  at <VCard elevation="0" > 
  at <[...slug] onVnodeUnmounted=fn<onVnodeUnmounted> ref=Ref< undefined > > 
  at <RouteProvider key="/connect/space/meeovi-news" vnode= {__v_isVNode: true, __v_skip: true, type: Object, props: Object, key: null} route= {fullPath: /connect/space/meeovi-news, hash: , query: Object, name: connect-space-slug___en, path: /connect/space/meeovi-news}  ... > 
  at <RouterView name=undefined route=undefined > 
  at <NuxtPage > 
  at <VMain> 
  at <VApp theme="light" class="auto-text" > 
  at <VResponsive class="border rounded" > 
  at <Default ref=Ref< undefined > > 
  at <AsyncComponentWrapper ref=Ref< undefined > > 
  at <LayoutLoader key="default" layoutProps= {ref: RefImpl} name="default" > 
  at <NuxtLayoutProvider layoutProps= {ref: RefImpl} key="default" name="default"  ... > 
  at <NuxtLayout > 
  at <App key=4 > 
  at <NuxtRoot> @ http://localhost:3003/_nuxt/@vite/client:528
[  255650ms] [WARNING] [Vue warn]: Slot "default" invoked outside of the render function: this will not track dependencies used in the slot. Invoke the slot function inside the render function instead. 
  at <VDefaultsProvider key="content-defaults" disabled=true defaults= {VIcon: Object} > 
  at <VBtn symbol= Symbol(vuetify:v-tabs) ref=Ref< undefined > class="v-tab"  ... > 
  at <VTab value="five" > 
  at <VSlideGroup centerActive=false scrollToActive=true contentClass=undefined  ... > 
  at <VTabs modelValue=null onUpdate:modelValue=fn align-tabs="center"  ... > 
  at <VSheet > 
  at <VCard elevation="0" > 
  at <[...slug] onVnodeUnmounted=fn<onVnodeUnmounted> ref=Ref< undefined > > 
  at <RouteProvider key="/connect/space/meeovi-news" vnode= {__v_isVNode: true, __v_skip: true, type: Object, props: Object, key: null} route= {fullPath: /connect/space/meeovi-news, hash: , query: Object, name: connect-space-slug___en, path: /connect/space/meeovi-news}  ... > 
  at <RouterView name=undefined route=undefined > 
  at <NuxtPage > 
  at <VMain> 
  at <VApp theme="light" class="auto-text" > 
  at <VResponsive class="border rounded" > 
  at <Default ref=Ref< undefined > > 
  at <AsyncComponentWrapper ref=Ref< undefined > > 
  at <LayoutLoader key="default" layoutProps= {ref: RefImpl} name="default" > 
  at <NuxtLayoutProvider layoutProps= {ref: RefImpl} key="default" name="default"  ... > 
  at <NuxtLayout > 
  at <App key=4 > 
  at <NuxtRoot> @ http://localhost:3003/_nuxt/@vite/client:528
[  256372ms] [WARNING] [Vue warn]: Slot "default" invoked outside of the render function: this will not track dependencies used in the slot. Invoke the slot function inside the render function instead. 
  at <VDefaultsProvider key="content-defaults" disabled=true defaults= {VIcon: Object} > 
  at <VBtn symbol= Symbol(vuetify:v-tabs) ref=Ref< undefined > class="v-tab"  ... > 
  at <VTab value="six" > 
  at <VSlideGroup centerActive=false scrollToActive=true contentClass=undefined  ... > 
  at <VTabs modelValue=null onUpdate:modelValue=fn align-tabs="center"  ... > 
  at <VSheet > 
  at <VCard elevation="0" > 
  at <[...slug] onVnodeUnmounted=fn<onVnodeUnmounted> ref=Ref< undefined > > 
  at <RouteProvider key="/connect/space/meeovi-news" vnode= {__v_isVNode: true, __v_skip: true, type: Object, props: Object, key: null} route= {fullPath: /connect/space/meeovi-news, hash: , query: Object, name: connect-space-slug___en, path: /connect/space/meeovi-news}  ... > 
  at <RouterView name=undefined route=undefined > 
  at <NuxtPage > 
  at <VMain> 
  at <VApp theme="light" class="auto-text" > 
  at <VResponsive class="border rounded" > 
  at <Default ref=Ref< undefined > > 
  at <AsyncComponentWrapper ref=Ref< undefined > > 
  at <LayoutLoader key="default" layoutProps= {ref: RefImpl} name="default" > 
  at <NuxtLayoutProvider layoutProps= {ref: RefImpl} key="default" name="default"  ... > 
  at <NuxtLayout > 
  at <App key=4 > 
  at <NuxtRoot> @ http://localhost:3003/_nuxt/@vite/client:528
[  257101ms] [WARNING] [Vue warn]: Slot "default" invoked outside of the render function: this will not track dependencies used in the slot. Invoke the slot function inside the render function instead. 
  at <VDefaultsProvider key="content-defaults" disabled=true defaults= {VIcon: Object} > 
  at <VBtn symbol= Symbol(vuetify:v-tabs) ref=Ref< undefined > class="v-tab"  ... > 
  at <VTab value="six" > 
  at <VSlideGroup centerActive=false scrollToActive=true contentClass=undefined  ... > 
  at <VTabs modelValue=null onUpdate:modelValue=fn align-tabs="center"  ... > 
  at <VSheet > 
  at <VCard elevation="0" > 
  at <[...slug] onVnodeUnmounted=fn<onVnodeUnmounted> ref=Ref< undefined > > 
  at <RouteProvider key="/connect/space/meeovi-news" vnode= {__v_isVNode: true, __v_skip: true, type: Object, props: Object, key: null} route= {fullPath: /connect/space/meeovi-news, hash: , query: Object, name: connect-space-slug___en, path: /connect/space/meeovi-news}  ... > 
  at <RouterView name=undefined route=undefined > 
  at <NuxtPage > 
  at <VMain> 
  at <VApp theme="light" class="auto-text" > 
  at <VResponsive class="border rounded" > 
  at <Default ref=Ref< undefined > > 
  at <AsyncComponentWrapper ref=Ref< undefined > > 
  at <LayoutLoader key="default" layoutProps= {ref: RefImpl} name="default" > 
  at <NuxtLayoutProvider layoutProps= {ref: RefImpl} key="default" name="default"  ... > 
  at <NuxtLayout > 
  at <App key=4 > 
  at <NuxtRoot> @ http://localhost:3003/_nuxt/@vite/client:528
[  257819ms] [WARNING] [Vue warn]: Slot "default" invoked outside of the render function: this will not track dependencies used in the slot. Invoke the slot function inside the render function instead. 
  at <VDefaultsProvider key="content-defaults" disabled=true defaults= {VIcon: Object} > 
  at <VBtn symbol= Symbol(vuetify:v-tabs) ref=Ref< undefined > class="v-tab"  ... > 
  at <VTab value="seven" > 
  at <VSlideGroup centerActive=false scrollToActive=true contentClass=undefined  ... > 
  at <VTabs modelValue=null onUpdate:modelValue=fn align-tabs="center"  ... > 
  at <VSheet > 
  at <VCard elevation="0" > 
  at <[...slug] onVnodeUnmounted=fn<onVnodeUnmounted> ref=Ref< undefined > > 
  at <RouteProvider key="/connect/space/meeovi-news" vnode= {__v_isVNode: true, __v_skip: true, type: Object, props: Object, key: null} route= {fullPath: /connect/space/meeovi-news, hash: , query: Object, name: connect-space-slug___en, path: /connect/space/meeovi-news}  ... > 
  at <RouterView name=undefined route=undefined > 
  at <NuxtPage > 
  at <VMain> 
  at <VApp theme="light" class="auto-text" > 
  at <VResponsive class="border rounded" > 
  at <Default ref=Ref< undefined > > 
  at <AsyncComponentWrapper ref=Ref< undefined > > 
  at <LayoutLoader key="default" layoutProps= {ref: RefImpl} name="default" > 
  at <NuxtLayoutProvider layoutProps= {ref: RefImpl} key="default" name="default"  ... > 
  at <NuxtLayout > 
  at <App key=4 > 
  at <NuxtRoot> @ http://localhost:3003/_nuxt/@vite/client:528
[  258537ms] [WARNING] [Vue warn]: Slot "default" invoked outside of the render function: this will not track dependencies used in the slot. Invoke the slot function inside the render function instead. 
  at <VDefaultsProvider key="content-defaults" disabled=true defaults= {VIcon: Object} > 
  at <VBtn symbol= Symbol(vuetify:v-tabs) ref=Ref< undefined > class="v-tab"  ... > 
  at <VTab value="seven" > 
  at <VSlideGroup centerActive=false scrollToActive=true contentClass=undefined  ... > 
  at <VTabs modelValue=null onUpdate:modelValue=fn align-tabs="center"  ... > 
  at <VSheet > 
  at <VCard elevation="0" > 
  at <[...slug] onVnodeUnmounted=fn<onVnodeUnmounted> ref=Ref< undefined > > 
  at <RouteProvider key="/connect/space/meeovi-news" vnode= {__v_isVNode: true, __v_skip: true, type: Object, props: Object, key: null} route= {fullPath: /connect/space/meeovi-news, hash: , query: Object, name: connect-space-slug___en, path: /connect/space/meeovi-news}  ... > 
  at <RouterView name=undefined route=undefined > 
  at <NuxtPage > 
  at <VMain> 
  at <VApp theme="light" class="auto-text" > 
  at <VResponsive class="border rounded" > 
  at <Default ref=Ref< undefined > > 
  at <AsyncComponentWrapper ref=Ref< undefined > > 
  at <LayoutLoader key="default" layoutProps= {ref: RefImpl} name="default" > 
  at <NuxtLayoutProvider layoutProps= {ref: RefImpl} key="default" name="default"  ... > 
  at <NuxtLayout > 
  at <App key=4 > 
  at <NuxtRoot> @ http://localhost:3003/_nuxt/@vite/client:528
[  259606ms] [WARNING] [Meta Pixel] - Invalid PixelID: null. @ http://localhost:3003/_nuxt/@vite/client:528
[  259660ms] [ERROR] Failed to load resource: the server responded with a status of 404 (Not Found) @ http://localhost:3003/api/auth/user/to-json:0
[  259696ms] [ERROR] Failed to load resource: the server responded with a status of 404 (Not Found) @ http://localhost:3003/api/auth/logged-in/to-json:0
[  259707ms] [LOG] Meeovi Search @ http://localhost:3003/_nuxt/@fs/home/meebuzo/github/alternate-framework/node_modules/@sentry/core/build/esm/instrument/console.js?v=193f35c6:44
[  259753ms] [ERROR] Failed to load resource: the server responded with a status of 404 () @ https://res.cloudinary.com/nuxt-cloudinary/image/upload/f_auto,q_auto/images/logo512alpha.png:0
[  259788ms] [ERROR] Connecting to 'https://analytics.tiktok.com/api/v2/monitor' violates the following Content Security Policy directive: "connect-src 'self' https://*.mux.com https://cms.meeovicms.com". The action has been blocked. @ :24
[  259789ms] [ERROR] Connecting to 'https://analytics.tiktok.com/api/v2/monitor' violates the following Content Security Policy directive: "connect-src 'self' https://*.mux.com https://cms.meeovicms.com". The action has been blocked. @ :24
[  259791ms] [ERROR] Connecting to 'https://analytics.tiktok.com/api/v2/monitor' violates the following Content Security Policy directive: "connect-src 'self' https://*.mux.com https://cms.meeovicms.com". The action has been blocked. @ :24
[  259793ms] [ERROR] Connecting to 'https://analytics.tiktok.com/api/v2/monitor' violates the following Content Security Policy directive: "connect-src 'self' https://*.mux.com https://cms.meeovicms.com". The action has been blocked. @ :24
[  259796ms] [ERROR] Connecting to 'https://analytics.tiktok.com/api/v2/monitor' violates the following Content Security Policy directive: "connect-src 'self' https://*.mux.com https://cms.meeovicms.com". The action has been blocked. @ :24
[  259797ms] [ERROR] Connecting to 'https://analytics.tiktok.com/api/v2/monitor' violates the following Content Security Policy directive: "connect-src 'self' https://*.mux.com https://cms.meeovicms.com". The action has been blocked. @ :24
[  259803ms] [ERROR] Connecting to 'https://analytics.tiktok.com/api/v2/monitor' violates the following Content Security Policy directive: "connect-src 'self' https://*.mux.com https://cms.meeovicms.com". The action has been blocked. @ :24
[  260118ms] [ERROR] Failed to load resource: the server responded with a status of 404 (Not Found) @ http://localhost:3003/api/auth/logged-in/to-json:0
[  260129ms] [ERROR] Failed to load resource: the server responded with a status of 404 (Not Found) @ http://localhost:3003/api/auth/user/to-json:0
[  260138ms] [ERROR] Failed to load resource: the server responded with a status of 404 (Not Found) @ http://localhost:3003/api/auth/logged-in/to-json:0
[  260148ms] [ERROR] Failed to load resource: the server responded with a status of 404 (Not Found) @ http://localhost:3003/api/auth/user/to-json:0
[  260691ms] [ERROR] Failed to load resource: the server responded with a status of 404 (Not Found) @ http://localhost:3003/api/auth/user/to-json:0
[  261144ms] [ERROR] Failed to load resource: the server responded with a status of 404 (Not Found) @ http://localhost:3003/api/auth/logged-in/to-json:0
[  261545ms] [ERROR] Failed to load resource: the server responded with a status of 404 (Not Found) @ http://localhost:3003/api/auth/user/to-json:0
[  261547ms] [ERROR] Failed to load resource: the server responded with a status of 404 (Not Found) @ http://localhost:3003/api/auth/logged-in/to-json:0
[  261549ms] [ERROR] Failed to load resource: the server responded with a status of 404 (Not Found) @ http://localhost:3003/api/auth/logged-in/to-json:0
[  261550ms] [ERROR] Failed to load resource: the server responded with a status of 404 (Not Found) @ http://localhost:3003/api/auth/user/to-json:0
[  261718ms] [ERROR] Failed to load resource: the server responded with a status of 404 (Not Found) @ http://localhost:3003/api/auth/user/to-json:0
[  262305ms] [ERROR] Failed to load resource: the server responded with a status of 404 (Not Found) @ http://localhost:3003/api/auth/logged-in/to-json:0
[  262310ms] [ERROR] Failed to load resource: the server responded with a status of 404 (Not Found) @ http://localhost:3003/api/auth/user/to-json:0
[  262325ms] [ERROR] Failed to load resource: the server responded with a status of 404 (Not Found) @ http://localhost:3003/api/auth/logged-in/to-json:0
[  262328ms] [ERROR] Failed to load resource: the server responded with a status of 404 (Not Found) @ http://localhost:3003/api/auth/logged-in/to-json:0
[  262336ms] [ERROR] Failed to load resource: the server responded with a status of 404 (Not Found) @ http://localhost:3003/api/auth/user/to-json:0
[  262521ms] [ERROR] Failed to load resource: the server responded with a status of 404 (Not Found) @ http://localhost:3003/api/auth/user/to-json:0
[  262993ms] [ERROR] Failed to load resource: the server responded with a status of 404 (Not Found) @ http://localhost:3003/api/auth/logged-in/to-json:0
[  262996ms] [ERROR] Failed to load resource: the server responded with a status of 404 (Not Found) @ http://localhost:3003/api/auth/user/to-json:0
[  263093ms] [ERROR] Failed to load resource: the server responded with a status of 404 (Not Found) @ http://localhost:3003/api/auth/logged-in/to-json:0
[  263172ms] [ERROR] Failed to load resource: the server responded with a status of 404 (Not Found) @ http://localhost:3003/api/auth/user/to-json:0
[  263206ms] [ERROR] Failed to load resource: the server responded with a status of 404 (Not Found) @ http://localhost:3003/api/auth/logged-in/to-json:0
[  263208ms] [ERROR] Failed to load resource: the server responded with a status of 404 (Not Found) @ http://localhost:3003/api/auth/user/to-json:0
[  263503ms] [ERROR] Failed to load resource: the server responded with a status of 404 (Not Found) @ http://localhost:3003/api/auth/logged-in/to-json:0
[  263505ms] [ERROR] Failed to load resource: the server responded with a status of 404 (Not Found) @ http://localhost:3003/api/auth/user/to-json:0
[  263599ms] [ERROR] Failed to load resource: the server responded with a status of 404 (Not Found) @ http://localhost:3003/api/auth/logged-in/to-json:0
[  263638ms] [ERROR] Failed to load resource: the server responded with a status of 404 (Not Found) @ http://localhost:3003/api/auth/user/to-json:0
[  263686ms] [ERROR] Failed to load resource: the server responded with a status of 404 (Not Found) @ http://localhost:3003/api/auth/user/to-json:0
[  263689ms] [ERROR] Failed to load resource: the server responded with a status of 404 (Not Found) @ http://localhost:3003/api/auth/logged-in/to-json:0
[  263926ms] [ERROR] Failed to load resource: the server responded with a status of 404 (Not Found) @ http://localhost:3003/api/auth/logged-in/to-json:0
[  263929ms] [ERROR] Failed to load resource: the server responded with a status of 404 (Not Found) @ http://localhost:3003/api/auth/user/to-json:0
[  264022ms] [ERROR] Failed to load resource: the server responded with a status of 404 (Not Found) @ http://localhost:3003/api/auth/logged-in/to-json:0
[  264065ms] [ERROR] Failed to load resource: the server responded with a status of 404 (Not Found) @ http://localhost:3003/api/auth/user/to-json:0
[  264094ms] [ERROR] Failed to load resource: the server responded with a status of 404 (Not Found) @ http://localhost:3003/api/auth/logged-in/to-json:0
[  264124ms] [ERROR] Failed to load resource: the server responded with a status of 404 (Not Found) @ http://localhost:3003/api/auth/user/to-json:0
[  264356ms] [ERROR] Failed to load resource: the server responded with a status of 404 (Not Found) @ http://localhost:3003/api/auth/logged-in/to-json:0
[  264359ms] [ERROR] Failed to load resource: the server responded with a status of 404 (Not Found) @ http://localhost:3003/api/auth/user/to-json:0
[  264444ms] [ERROR] Failed to load resource: the server responded with a status of 404 (Not Found) @ http://localhost:3003/api/auth/logged-in/to-json:0
[  264502ms] [ERROR] Failed to load resource: the server responded with a status of 404 (Not Found) @ http://localhost:3003/api/auth/user/to-json:0
[  264507ms] [ERROR] Failed to load resource: the server responded with a status of 404 (Not Found) @ http://localhost:3003/api/auth/logged-in/to-json:0
[  264550ms] [ERROR] Failed to load resource: the server responded with a status of 404 (Not Found) @ http://localhost:3003/api/auth/user/to-json:0
[  264761ms] [ERROR] Failed to load resource: the server responded with a status of 404 (Not Found) @ http://localhost:3003/api/auth/logged-in/to-json:0
[  264789ms] [ERROR] Failed to load resource: the server responded with a status of 404 (Not Found) @ http://localhost:3003/api/auth/user/to-json:0
[  264858ms] [ERROR] Failed to load resource: the server responded with a status of 404 (Not Found) @ http://localhost:3003/api/auth/logged-in/to-json:0
[  264908ms] [ERROR] Failed to load resource: the server responded with a status of 404 (Not Found) @ http://localhost:3003/api/auth/user/to-json:0
[  264931ms] [ERROR] Failed to load resource: the server responded with a status of 404 (Not Found) @ http://localhost:3003/api/auth/logged-in/to-json:0
[  264955ms] [ERROR] Failed to load resource: the server responded with a status of 404 (Not Found) @ http://localhost:3003/api/auth/user/to-json:0
[  265168ms] [ERROR] Failed to load resource: the server responded with a status of 404 (Not Found) @ http://localhost:3003/api/auth/logged-in/to-json:0
[  265195ms] [ERROR] Failed to load resource: the server responded with a status of 404 (Not Found) @ http://localhost:3003/api/auth/user/to-json:0
[  265259ms] [ERROR] Failed to load resource: the server responded with a status of 404 (Not Found) @ http://localhost:3003/api/auth/logged-in/to-json:0
[  265300ms] [ERROR] Failed to load resource: the server responded with a status of 404 (Not Found) @ http://localhost:3003/api/auth/user/to-json:0
[  265328ms] [ERROR] Failed to load resource: the server responded with a status of 404 (Not Found) @ http://localhost:3003/api/auth/logged-in/to-json:0
[  265349ms] [ERROR] Failed to load resource: the server responded with a status of 404 (Not Found) @ http://localhost:3003/api/auth/user/to-json:0
[  265563ms] [ERROR] Failed to load resource: the server responded with a status of 404 (Not Found) @ http://localhost:3003/api/auth/logged-in/to-json:0
[  267307ms] [ERROR] Connecting to 'https://o996770.ingest.us.sentry.io/api/5955273/envelope/?sentry_version=7&sentry_key=df1b90fab7c44ce8aef097a63b468d61&sentry_client=sentry.javascript.nuxt%2F10.70.0' violates the following Content Security Policy directive: "connect-src 'self' https://*.mux.com https://cms.meeovicms.com". The action has been blocked. @ http://localhost:3003/connect/space/meeovi-news:0
[  267307ms] [ERROR] Fetch API cannot load https://o996770.ingest.us.sentry.io/api/5955273/envelope/?sentry_version=7&sentry_key=df1b90fab7c44ce8aef097a63b468d61&sentry_client=sentry.javascript.nuxt%2F10.70.0. Refused to connect because it violates the document's Content Security Policy. @ http://localhost:3003/connect/space/meeovi-news:0
[  267489ms] [WARNING] [NUXT_E3003] `useAsyncData`/`useFetch` was called after the component had already mounted, so the data fetch cannot be awaited during setup.
╰▶ fix: Use `$fetch()` for requests triggered after mount (e.g. in event handlers), or call `useAsyncData`/`useFetch` in the `setup()` function. @ http://localhost:3003/_nuxt/@vite/client:528
[  292617ms] [ERROR] Failed to load resource: the server responded with a status of 404 () @ https://res.cloudinary.com/nuxt-cloudinary/image/upload/f_auto,q_auto/images/display-2.png:0
[  300987ms] [LOG] ✨ %cNuxt DevTools %c Press Shift + Alt + D to open DevTools color: black; border-radius: 3px 0 0 3px; padding: 2px 2px 1px 10px; background: #00DC82 border-radius: 0 3px 3px 0; padding: 2px 10px 1px 2px; background: #00DC8220  @ http://localhost:3003/_nuxt/@fs/home/meebuzo/github/alternate-framework/node_modules/@sentry/core/build/esm/instrument/console.js?v=193f35c6:44
[  301057ms] [INFO] <Suspense> is an experimental feature and its API will likely change. @ http://localhost:3003/_nuxt/@fs/home/meebuzo/github/alternate-framework/node_modules/@sentry/core/build/esm/instrument/console.js?v=193f35c6:44
[  301387ms] [WARNING] [nuxt] [image] Density values above `2` are not recommended. See https://observablehq.com/@eeeps/visual-acuity-and-device-pixel-ratio. @ http://localhost:3003/_nuxt/@vite/client:528
[  301406ms] [WARNING] [Vue warn]: Slot "default" invoked outside of the render function: this will not track dependencies used in the slot. Invoke the slot function inside the render function instead. 
  at <VDefaultsProvider key="content-defaults" disabled=true defaults= {VIcon: Object} > 
  at <VBtn symbol= Symbol(vuetify:v-tabs) ref=Ref< undefined > class="v-tab"  ... > 
  at <VTab > 
  at <VSlideGroup centerActive=true scrollToActive=true contentClass=undefined  ... > 
  at <VTabs modelValue=null onUpdate:modelValue=fn center-active=""  ... > 
  at <VCard height="75" variant="text" > 
  at <MenusLivebarLive> 
  at <VCol> 
  at <VRow> 
  at <VMain> 
  at <VApp theme="light" class="auto-text" > 
  at <VResponsive class="border rounded" > 
  at <Default ref=Ref< undefined > > 
  at <AsyncComponentWrapper ref=Ref< undefined > > 
  at <LayoutLoader key="default" layoutProps= {ref: RefImpl} name="default" > 
  at <NuxtLayoutProvider layoutProps= {ref: RefImpl} key="default" name="default"  ... > 
  at <NuxtLayout > 
  at <App key=4 > 
  at <NuxtRoot> @ http://localhost:3003/_nuxt/@vite/client:528
[  301409ms] [WARNING] [Vue warn]: Slot "default" invoked outside of the render function: this will not track dependencies used in the slot. Invoke the slot function inside the render function instead. 
  at <VDefaultsProvider key="content-defaults" disabled=true defaults= {VIcon: Object} > 
  at <VBtn symbol= Symbol(vuetify:v-tabs) ref=Ref< undefined > class="v-tab"  ... > 
  at <VTab > 
  at <VSlideGroup centerActive=true scrollToActive=true contentClass=undefined  ... > 
  at <VTabs modelValue=null onUpdate:modelValue=fn center-active=""  ... > 
  at <VCard height="75" variant="text" > 
  at <MenusLivebarLive> 
  at <VCol> 
  at <VRow> 
  at <VMain> 
  at <VApp theme="light" class="auto-text" > 
  at <VResponsive class="border rounded" > 
  at <Default ref=Ref< undefined > > 
  at <AsyncComponentWrapper ref=Ref< undefined > > 
  at <LayoutLoader key="default" layoutProps= {ref: RefImpl} name="default" > 
  at <NuxtLayoutProvider layoutProps= {ref: RefImpl} key="default" name="default"  ... > 
  at <NuxtLayout > 
  at <App key=4 > 
  at <NuxtRoot> @ http://localhost:3003/_nuxt/@vite/client:528
[  301415ms] [WARNING] [Vue warn]: Slot "default" invoked outside of the render function: this will not track dependencies used in the slot. Invoke the slot function inside the render function instead. 
  at <VDefaultsProvider key="content-defaults" disabled=true defaults= {VIcon: Object} > 
  at <VBtn symbol= Symbol(vuetify:v-tabs) ref=Ref< undefined > class="v-tab"  ... > 
  at <VTab > 
  at <VSlideGroup centerActive=true scrollToActive=true contentClass=undefined  ... > 
  at <VTabs modelValue=null onUpdate:modelValue=fn center-active=""  ... > 
  at <VCard height="75" variant="text" > 
  at <MenusLivebarLive> 
  at <VCol> 
  at <VRow> 
  at <VMain> 
  at <VApp theme="light" class="auto-text" > 
  at <VResponsive class="border rounded" > 
  at <Default ref=Ref< undefined > > 
  at <AsyncComponentWrapper ref=Ref< undefined > > 
  at <LayoutLoader key="default" layoutProps= {ref: RefImpl} name="default" > 
  at <NuxtLayoutProvider layoutProps= {ref: RefImpl} key="default" name="default"  ... > 
  at <NuxtLayout > 
  at <App key=4 > 
  at <NuxtRoot> @ http://localhost:3003/_nuxt/@vite/client:528
[  301421ms] [WARNING] [Vue warn]: Slot "default" invoked outside of the render function: this will not track dependencies used in the slot. Invoke the slot function inside the render function instead. 
  at <VDefaultsProvider key="content-defaults" disabled=true defaults= {VIcon: Object} > 
  at <VBtn symbol= Symbol(vuetify:v-tabs) ref=Ref< undefined > class="v-tab"  ... > 
  at <VTab > 
  at <VSlideGroup centerActive=true scrollToActive=true contentClass=undefined  ... > 
  at <VTabs modelValue=null onUpdate:modelValue=fn center-active=""  ... > 
  at <VCard height="75" variant="text" > 
  at <MenusLivebarLive> 
  at <VCol> 
  at <VRow> 
  at <VMain> 
  at <VApp theme="light" class="auto-text" > 
  at <VResponsive class="border rounded" > 
  at <Default ref=Ref< undefined > > 
  at <AsyncComponentWrapper ref=Ref< undefined > > 
  at <LayoutLoader key="default" layoutProps= {ref: RefImpl} name="default" > 
  at <NuxtLayoutProvider layoutProps= {ref: RefImpl} key="default" name="default"  ... > 
  at <NuxtLayout > 
  at <App key=4 > 
  at <NuxtRoot> @ http://localhost:3003/_nuxt/@vite/client:528
[  301430ms] [WARNING] [Vue warn]: Slot "default" invoked outside of the render function: this will not track dependencies used in the slot. Invoke the slot function inside the render function instead. 
  at <VDefaultsProvider key="content-defaults" defaults= {VImg: Object, VIcon: Object} > 
  at <VAvatar ref_for=true ref=fn<fn> onClick=fn<onClick>  ... > 
  at <VOverlay ref=Ref< undefined > class="v-dialog" style= {}  ... > 
  at <VDialog modelValue=false onUpdate:modelValue=fn transition="dialog-bottom-transition" > 
  at <VDefaultsProvider key="content-defaults" disabled=true defaults= {VIcon: Object} > 
  at <VBtn symbol= Symbol(vuetify:v-tabs) ref=Ref< undefined > class="v-tab"  ... > 
  at <VTab > 
  at <VSlideGroup centerActive=true scrollToActive=true contentClass=undefined  ... > 
  at <VTabs modelValue=null onUpdate:modelValue=fn center-active=""  ... > 
  at <VCard height="75" variant="text" > 
  at <MenusLivebarLive> 
  at <VCol> 
  at <VRow> 
  at <VMain> 
  at <VApp theme="light" class="auto-text" > 
  at <VResponsive class="border rounded" > 
  at <Default ref=Ref< undefined > > 
  at <AsyncComponentWrapper ref=Ref< undefined > > 
  at <LayoutLoader key="default" layoutProps= {ref: RefImpl} name="default" > 
  at <NuxtLayoutProvider layoutProps= {ref: RefImpl} key="default" name="default"  ... > 
  at <NuxtLayout > 
  at <App key=4 > 
  at <NuxtRoot> @ http://localhost:3003/_nuxt/@vite/client:528
[  302082ms] [WARNING] [Vue warn]: Slot "default" invoked outside of the render function: this will not track dependencies used in the slot. Invoke the slot function inside the render function instead. 
  at <VDefaultsProvider key="content-defaults" disabled=true defaults= {VIcon: Object} > 
  at <VBtn symbol= Symbol(vuetify:v-tabs) ref=Ref< undefined > class="v-tab"  ... > 
  at <VTab value="one" > 
  at <VSlideGroup centerActive=false scrollToActive=true contentClass=undefined  ... > 
  at <VTabs modelValue=null onUpdate:modelValue=fn align-tabs="center"  ... > 
  at <VSheet > 
  at <VCard elevation="0" > 
  at <[...slug] onVnodeUnmounted=fn<onVnodeUnmounted> ref=Ref< undefined > > 
  at <RouteProvider key="/connect/space/meeovi-news" vnode= {__v_isVNode: true, __v_skip: true, type: Object, props: Object, key: null} route= {fullPath: /connect/space/meeovi-news, hash: , query: Object, name: connect-space-slug___en, path: /connect/space/meeovi-news}  ... > 
  at <RouterView name=undefined route=undefined > 
  at <NuxtPage > 
  at <VMain> 
  at <VApp theme="light" class="auto-text" > 
  at <VResponsive class="border rounded" > 
  at <Default ref=Ref< undefined > > 
  at <AsyncComponentWrapper ref=Ref< undefined > > 
  at <LayoutLoader key="default" layoutProps= {ref: RefImpl} name="default" > 
  at <NuxtLayoutProvider layoutProps= {ref: RefImpl} key="default" name="default"  ... > 
  at <NuxtLayout > 
  at <App key=4 > 
  at <NuxtRoot> @ http://localhost:3003/_nuxt/@vite/client:528
[  302782ms] [WARNING] [Vue warn]: Slot "default" invoked outside of the render function: this will not track dependencies used in the slot. Invoke the slot function inside the render function instead. 
  at <VDefaultsProvider key="content-defaults" disabled=true defaults= {VIcon: Object} > 
  at <VBtn symbol= Symbol(vuetify:v-tabs) ref=Ref< undefined > class="v-tab"  ... > 
  at <VTab value="one" > 
  at <VSlideGroup centerActive=false scrollToActive=true contentClass=undefined  ... > 
  at <VTabs modelValue=null onUpdate:modelValue=fn align-tabs="center"  ... > 
  at <VSheet > 
  at <VCard elevation="0" > 
  at <[...slug] onVnodeUnmounted=fn<onVnodeUnmounted> ref=Ref< undefined > > 
  at <RouteProvider key="/connect/space/meeovi-news" vnode= {__v_isVNode: true, __v_skip: true, type: Object, props: Object, key: null} route= {fullPath: /connect/space/meeovi-news, hash: , query: Object, name: connect-space-slug___en, path: /connect/space/meeovi-news}  ... > 
  at <RouterView name=undefined route=undefined > 
  at <NuxtPage > 
  at <VMain> 
  at <VApp theme="light" class="auto-text" > 
  at <VResponsive class="border rounded" > 
  at <Default ref=Ref< undefined > > 
  at <AsyncComponentWrapper ref=Ref< undefined > > 
  at <LayoutLoader key="default" layoutProps= {ref: RefImpl} name="default" > 
  at <NuxtLayoutProvider layoutProps= {ref: RefImpl} key="default" name="default"  ... > 
  at <NuxtLayout > 
  at <App key=4 > 
  at <NuxtRoot> @ http://localhost:3003/_nuxt/@vite/client:528
[  303569ms] [WARNING] [Vue warn]: Slot "default" invoked outside of the render function: this will not track dependencies used in the slot. Invoke the slot function inside the render function instead. 
  at <VDefaultsProvider key="content-defaults" disabled=true defaults= {VIcon: Object} > 
  at <VBtn symbol= Symbol(vuetify:v-tabs) ref=Ref< undefined > class="v-tab"  ... > 
  at <VTab value="two" > 
  at <VSlideGroup centerActive=false scrollToActive=true contentClass=undefined  ... > 
  at <VTabs modelValue=null onUpdate:modelValue=fn align-tabs="center"  ... > 
  at <VSheet > 
  at <VCard elevation="0" > 
  at <[...slug] onVnodeUnmounted=fn<onVnodeUnmounted> ref=Ref< undefined > > 
  at <RouteProvider key="/connect/space/meeovi-news" vnode= {__v_isVNode: true, __v_skip: true, type: Object, props: Object, key: null} route= {fullPath: /connect/space/meeovi-news, hash: , query: Object, name: connect-space-slug___en, path: /connect/space/meeovi-news}  ... > 
  at <RouterView name=undefined route=undefined > 
  at <NuxtPage > 
  at <VMain> 
  at <VApp theme="light" class="auto-text" > 
  at <VResponsive class="border rounded" > 
  at <Default ref=Ref< undefined > > 
  at <AsyncComponentWrapper ref=Ref< undefined > > 
  at <LayoutLoader key="default" layoutProps= {ref: RefImpl} name="default" > 
  at <NuxtLayoutProvider layoutProps= {ref: RefImpl} key="default" name="default"  ... > 
  at <NuxtLayout > 
  at <App key=4 > 
  at <NuxtRoot> @ http://localhost:3003/_nuxt/@vite/client:528
[  304333ms] [WARNING] [Vue warn]: Slot "default" invoked outside of the render function: this will not track dependencies used in the slot. Invoke the slot function inside the render function instead. 
  at <VDefaultsProvider key="content-defaults" disabled=true defaults= {VIcon: Object} > 
  at <VBtn symbol= Symbol(vuetify:v-tabs) ref=Ref< undefined > class="v-tab"  ... > 
  at <VTab value="two" > 
  at <VSlideGroup centerActive=false scrollToActive=true contentClass=undefined  ... > 
  at <VTabs modelValue=null onUpdate:modelValue=fn align-tabs="center"  ... > 
  at <VSheet > 
  at <VCard elevation="0" > 
  at <[...slug] onVnodeUnmounted=fn<onVnodeUnmounted> ref=Ref< undefined > > 
  at <RouteProvider key="/connect/space/meeovi-news" vnode= {__v_isVNode: true, __v_skip: true, type: Object, props: Object, key: null} route= {fullPath: /connect/space/meeovi-news, hash: , query: Object, name: connect-space-slug___en, path: /connect/space/meeovi-news}  ... > 
  at <RouterView name=undefined route=undefined > 
  at <NuxtPage > 
  at <VMain> 
  at <VApp theme="light" class="auto-text" > 
  at <VResponsive class="border rounded" > 
  at <Default ref=Ref< undefined > > 
  at <AsyncComponentWrapper ref=Ref< undefined > > 
  at <LayoutLoader key="default" layoutProps= {ref: RefImpl} name="default" > 
  at <NuxtLayoutProvider layoutProps= {ref: RefImpl} key="default" name="default"  ... > 
  at <NuxtLayout > 
  at <App key=4 > 
  at <NuxtRoot> @ http://localhost:3003/_nuxt/@vite/client:528
[  305153ms] [WARNING] [Vue warn]: Slot "default" invoked outside of the render function: this will not track dependencies used in the slot. Invoke the slot function inside the render function instead. 
  at <VDefaultsProvider key="content-defaults" disabled=true defaults= {VIcon: Object} > 
  at <VBtn symbol= Symbol(vuetify:v-tabs) ref=Ref< undefined > class="v-tab"  ... > 
  at <VTab value="three" > 
  at <VSlideGroup centerActive=false scrollToActive=true contentClass=undefined  ... > 
  at <VTabs modelValue=null onUpdate:modelValue=fn align-tabs="center"  ... > 
  at <VSheet > 
  at <VCard elevation="0" > 
  at <[...slug] onVnodeUnmounted=fn<onVnodeUnmounted> ref=Ref< undefined > > 
  at <RouteProvider key="/connect/space/meeovi-news" vnode= {__v_isVNode: true, __v_skip: true, type: Object, props: Object, key: null} route= {fullPath: /connect/space/meeovi-news, hash: , query: Object, name: connect-space-slug___en, path: /connect/space/meeovi-news}  ... > 
  at <RouterView name=undefined route=undefined > 
  at <NuxtPage > 
  at <VMain> 
  at <VApp theme="light" class="auto-text" > 
  at <VResponsive class="border rounded" > 
  at <Default ref=Ref< undefined > > 
  at <AsyncComponentWrapper ref=Ref< undefined > > 
  at <LayoutLoader key="default" layoutProps= {ref: RefImpl} name="default" > 
  at <NuxtLayoutProvider layoutProps= {ref: RefImpl} key="default" name="default"  ... > 
  at <NuxtLayout > 
  at <App key=4 > 
  at <NuxtRoot> @ http://localhost:3003/_nuxt/@vite/client:528
[  305907ms] [WARNING] [Vue warn]: Slot "default" invoked outside of the render function: this will not track dependencies used in the slot. Invoke the slot function inside the render function instead. 
  at <VDefaultsProvider key="content-defaults" disabled=true defaults= {VIcon: Object} > 
  at <VBtn symbol= Symbol(vuetify:v-tabs) ref=Ref< undefined > class="v-tab"  ... > 
  at <VTab value="three" > 
  at <VSlideGroup centerActive=false scrollToActive=true contentClass=undefined  ... > 
  at <VTabs modelValue=null onUpdate:modelValue=fn align-tabs="center"  ... > 
  at <VSheet > 
  at <VCard elevation="0" > 
  at <[...slug] onVnodeUnmounted=fn<onVnodeUnmounted> ref=Ref< undefined > > 
  at <RouteProvider key="/connect/space/meeovi-news" vnode= {__v_isVNode: true, __v_skip: true, type: Object, props: Object, key: null} route= {fullPath: /connect/space/meeovi-news, hash: , query: Object, name: connect-space-slug___en, path: /connect/space/meeovi-news}  ... > 
  at <RouterView name=undefined route=undefined > 
  at <NuxtPage > 
  at <VMain> 
  at <VApp theme="light" class="auto-text" > 
  at <VResponsive class="border rounded" > 
  at <Default ref=Ref< undefined > > 
  at <AsyncComponentWrapper ref=Ref< undefined > > 
  at <LayoutLoader key="default" layoutProps= {ref: RefImpl} name="default" > 
  at <NuxtLayoutProvider layoutProps= {ref: RefImpl} key="default" name="default"  ... > 
  at <NuxtLayout > 
  at <App key=4 > 
  at <NuxtRoot> @ http://localhost:3003/_nuxt/@vite/client:528
[  306631ms] [WARNING] [Vue warn]: Slot "default" invoked outside of the render function: this will not track dependencies used in the slot. Invoke the slot function inside the render function instead. 
  at <VDefaultsProvider key="content-defaults" disabled=true defaults= {VIcon: Object} > 
  at <VBtn symbol= Symbol(vuetify:v-tabs) ref=Ref< undefined > class="v-tab"  ... > 
  at <VTab value="four" > 
  at <VSlideGroup centerActive=false scrollToActive=true contentClass=undefined  ... > 
  at <VTabs modelValue=null onUpdate:modelValue=fn align-tabs="center"  ... > 
  at <VSheet > 
  at <VCard elevation="0" > 
  at <[...slug] onVnodeUnmounted=fn<onVnodeUnmounted> ref=Ref< undefined > > 
  at <RouteProvider key="/connect/space/meeovi-news" vnode= {__v_isVNode: true, __v_skip: true, type: Object, props: Object, key: null} route= {fullPath: /connect/space/meeovi-news, hash: , query: Object, name: connect-space-slug___en, path: /connect/space/meeovi-news}  ... > 
  at <RouterView name=undefined route=undefined > 
  at <NuxtPage > 
  at <VMain> 
  at <VApp theme="light" class="auto-text" > 
  at <VResponsive class="border rounded" > 
  at <Default ref=Ref< undefined > > 
  at <AsyncComponentWrapper ref=Ref< undefined > > 
  at <LayoutLoader key="default" layoutProps= {ref: RefImpl} name="default" > 
  at <NuxtLayoutProvider layoutProps= {ref: RefImpl} key="default" name="default"  ... > 
  at <NuxtLayout > 
  at <App key=4 > 
  at <NuxtRoot> @ http://localhost:3003/_nuxt/@vite/client:528
[  307360ms] [WARNING] [Vue warn]: Slot "default" invoked outside of the render function: this will not track dependencies used in the slot. Invoke the slot function inside the render function instead. 
  at <VDefaultsProvider key="content-defaults" disabled=true defaults= {VIcon: Object} > 
  at <VBtn symbol= Symbol(vuetify:v-tabs) ref=Ref< undefined > class="v-tab"  ... > 
  at <VTab value="four" > 
  at <VSlideGroup centerActive=false scrollToActive=true contentClass=undefined  ... > 
  at <VTabs modelValue=null onUpdate:modelValue=fn align-tabs="center"  ... > 
  at <VSheet > 
  at <VCard elevation="0" > 
  at <[...slug] onVnodeUnmounted=fn<onVnodeUnmounted> ref=Ref< undefined > > 
  at <RouteProvider key="/connect/space/meeovi-news" vnode= {__v_isVNode: true, __v_skip: true, type: Object, props: Object, key: null} route= {fullPath: /connect/space/meeovi-news, hash: , query: Object, name: connect-space-slug___en, path: /connect/space/meeovi-news}  ... > 
  at <RouterView name=undefined route=undefined > 
  at <NuxtPage > 
  at <VMain> 
  at <VApp theme="light" class="auto-text" > 
  at <VResponsive class="border rounded" > 
  at <Default ref=Ref< undefined > > 
  at <AsyncComponentWrapper ref=Ref< undefined > > 
  at <LayoutLoader key="default" layoutProps= {ref: RefImpl} name="default" > 
  at <NuxtLayoutProvider layoutProps= {ref: RefImpl} key="default" name="default"  ... > 
  at <NuxtLayout > 
  at <App key=4 > 
  at <NuxtRoot> @ http://localhost:3003/_nuxt/@vite/client:528
[  308088ms] [WARNING] [Vue warn]: Slot "default" invoked outside of the render function: this will not track dependencies used in the slot. Invoke the slot function inside the render function instead. 
  at <VDefaultsProvider key="content-defaults" disabled=true defaults= {VIcon: Object} > 
  at <VBtn symbol= Symbol(vuetify:v-tabs) ref=Ref< undefined > class="v-tab"  ... > 
  at <VTab value="five" > 
  at <VSlideGroup centerActive=false scrollToActive=true contentClass=undefined  ... > 
  at <VTabs modelValue=null onUpdate:modelValue=fn align-tabs="center"  ... > 
  at <VSheet > 
  at <VCard elevation="0" > 
  at <[...slug] onVnodeUnmounted=fn<onVnodeUnmounted> ref=Ref< undefined > > 
  at <RouteProvider key="/connect/space/meeovi-news" vnode= {__v_isVNode: true, __v_skip: true, type: Object, props: Object, key: null} route= {fullPath: /connect/space/meeovi-news, hash: , query: Object, name: connect-space-slug___en, path: /connect/space/meeovi-news}  ... > 
  at <RouterView name=undefined route=undefined > 
  at <NuxtPage > 
  at <VMain> 
  at <VApp theme="light" class="auto-text" > 
  at <VResponsive class="border rounded" > 
  at <Default ref=Ref< undefined > > 
  at <AsyncComponentWrapper ref=Ref< undefined > > 
  at <LayoutLoader key="default" layoutProps= {ref: RefImpl} name="default" > 
  at <NuxtLayoutProvider layoutProps= {ref: RefImpl} key="default" name="default"  ... > 
  at <NuxtLayout > 
  at <App key=4 > 
  at <NuxtRoot> @ http://localhost:3003/_nuxt/@vite/client:528
[  308787ms] [WARNING] [Vue warn]: Slot "default" invoked outside of the render function: this will not track dependencies used in the slot. Invoke the slot function inside the render function instead. 
  at <VDefaultsProvider key="content-defaults" disabled=true defaults= {VIcon: Object} > 
  at <VBtn symbol= Symbol(vuetify:v-tabs) ref=Ref< undefined > class="v-tab"  ... > 
  at <VTab value="five" > 
  at <VSlideGroup centerActive=false scrollToActive=true contentClass=undefined  ... > 
  at <VTabs modelValue=null onUpdate:modelValue=fn align-tabs="center"  ... > 
  at <VSheet > 
  at <VCard elevation="0" > 
  at <[...slug] onVnodeUnmounted=fn<onVnodeUnmounted> ref=Ref< undefined > > 
  at <RouteProvider key="/connect/space/meeovi-news" vnode= {__v_isVNode: true, __v_skip: true, type: Object, props: Object, key: null} route= {fullPath: /connect/space/meeovi-news, hash: , query: Object, name: connect-space-slug___en, path: /connect/space/meeovi-news}  ... > 
  at <RouterView name=undefined route=undefined > 
  at <NuxtPage > 
  at <VMain> 
  at <VApp theme="light" class="auto-text" > 
  at <VResponsive class="border rounded" > 
  at <Default ref=Ref< undefined > > 
  at <AsyncComponentWrapper ref=Ref< undefined > > 
  at <LayoutLoader key="default" layoutProps= {ref: RefImpl} name="default" > 
  at <NuxtLayoutProvider layoutProps= {ref: RefImpl} key="default" name="default"  ... > 
  at <NuxtLayout > 
  at <App key=4 > 
  at <NuxtRoot> @ http://localhost:3003/_nuxt/@vite/client:528
[  309576ms] [WARNING] [Vue warn]: Slot "default" invoked outside of the render function: this will not track dependencies used in the slot. Invoke the slot function inside the render function instead. 
  at <VDefaultsProvider key="content-defaults" disabled=true defaults= {VIcon: Object} > 
  at <VBtn symbol= Symbol(vuetify:v-tabs) ref=Ref< undefined > class="v-tab"  ... > 
  at <VTab value="six" > 
  at <VSlideGroup centerActive=false scrollToActive=true contentClass=undefined  ... > 
  at <VTabs modelValue=null onUpdate:modelValue=fn align-tabs="center"  ... > 
  at <VSheet > 
  at <VCard elevation="0" > 
  at <[...slug] onVnodeUnmounted=fn<onVnodeUnmounted> ref=Ref< undefined > > 
  at <RouteProvider key="/connect/space/meeovi-news" vnode= {__v_isVNode: true, __v_skip: true, type: Object, props: Object, key: null} route= {fullPath: /connect/space/meeovi-news, hash: , query: Object, name: connect-space-slug___en, path: /connect/space/meeovi-news}  ... > 
  at <RouterView name=undefined route=undefined > 
  at <NuxtPage > 
  at <VMain> 
  at <VApp theme="light" class="auto-text" > 
  at <VResponsive class="border rounded" > 
  at <Default ref=Ref< undefined > > 
  at <AsyncComponentWrapper ref=Ref< undefined > > 
  at <LayoutLoader key="default" layoutProps= {ref: RefImpl} name="default" > 
  at <NuxtLayoutProvider layoutProps= {ref: RefImpl} key="default" name="default"  ... > 
  at <NuxtLayout > 
  at <App key=4 > 
  at <NuxtRoot> @ http://localhost:3003/_nuxt/@vite/client:528
[  310315ms] [WARNING] [Vue warn]: Slot "default" invoked outside of the render function: this will not track dependencies used in the slot. Invoke the slot function inside the render function instead. 
  at <VDefaultsProvider key="content-defaults" disabled=true defaults= {VIcon: Object} > 
  at <VBtn symbol= Symbol(vuetify:v-tabs) ref=Ref< undefined > class="v-tab"  ... > 
  at <VTab value="six" > 
  at <VSlideGroup centerActive=false scrollToActive=true contentClass=undefined  ... > 
  at <VTabs modelValue=null onUpdate:modelValue=fn align-tabs="center"  ... > 
  at <VSheet > 
  at <VCard elevation="0" > 
  at <[...slug] onVnodeUnmounted=fn<onVnodeUnmounted> ref=Ref< undefined > > 
  at <RouteProvider key="/connect/space/meeovi-news" vnode= {__v_isVNode: true, __v_skip: true, type: Object, props: Object, key: null} route= {fullPath: /connect/space/meeovi-news, hash: , query: Object, name: connect-space-slug___en, path: /connect/space/meeovi-news}  ... > 
  at <RouterView name=undefined route=undefined > 
  at <NuxtPage > 
  at <VMain> 
  at <VApp theme="light" class="auto-text" > 
  at <VResponsive class="border rounded" > 
  at <Default ref=Ref< undefined > > 
  at <AsyncComponentWrapper ref=Ref< undefined > > 
  at <LayoutLoader key="default" layoutProps= {ref: RefImpl} name="default" > 
  at <NuxtLayoutProvider layoutProps= {ref: RefImpl} key="default" name="default"  ... > 
  at <NuxtLayout > 
  at <App key=4 > 
  at <NuxtRoot> @ http://localhost:3003/_nuxt/@vite/client:528
[  310999ms] [WARNING] [Vue warn]: Slot "default" invoked outside of the render function: this will not track dependencies used in the slot. Invoke the slot function inside the render function instead. 
  at <VDefaultsProvider key="content-defaults" disabled=true defaults= {VIcon: Object} > 
  at <VBtn symbol= Symbol(vuetify:v-tabs) ref=Ref< undefined > class="v-tab"  ... > 
  at <VTab value="seven" > 
  at <VSlideGroup centerActive=false scrollToActive=true contentClass=undefined  ... > 
  at <VTabs modelValue=null onUpdate:modelValue=fn align-tabs="center"  ... > 
  at <VSheet > 
  at <VCard elevation="0" > 
  at <[...slug] onVnodeUnmounted=fn<onVnodeUnmounted> ref=Ref< undefined > > 
  at <RouteProvider key="/connect/space/meeovi-news" vnode= {__v_isVNode: true, __v_skip: true, type: Object, props: Object, key: null} route= {fullPath: /connect/space/meeovi-news, hash: , query: Object, name: connect-space-slug___en, path: /connect/space/meeovi-news}  ... > 
  at <RouterView name=undefined route=undefined > 
  at <NuxtPage > 
  at <VMain> 
  at <VApp theme="light" class="auto-text" > 
  at <VResponsive class="border rounded" > 
  at <Default ref=Ref< undefined > > 
  at <AsyncComponentWrapper ref=Ref< undefined > > 
  at <LayoutLoader key="default" layoutProps= {ref: RefImpl} name="default" > 
  at <NuxtLayoutProvider layoutProps= {ref: RefImpl} key="default" name="default"  ... > 
  at <NuxtLayout > 
  at <App key=4 > 
  at <NuxtRoot> @ http://localhost:3003/_nuxt/@vite/client:528
[  311735ms] [WARNING] [Vue warn]: Slot "default" invoked outside of the render function: this will not track dependencies used in the slot. Invoke the slot function inside the render function instead. 
  at <VDefaultsProvider key="content-defaults" disabled=true defaults= {VIcon: Object} > 
  at <VBtn symbol= Symbol(vuetify:v-tabs) ref=Ref< undefined > class="v-tab"  ... > 
  at <VTab value="seven" > 
  at <VSlideGroup centerActive=false scrollToActive=true contentClass=undefined  ... > 
  at <VTabs modelValue=null onUpdate:modelValue=fn align-tabs="center"  ... > 
  at <VSheet > 
  at <VCard elevation="0" > 
  at <[...slug] onVnodeUnmounted=fn<onVnodeUnmounted> ref=Ref< undefined > > 
  at <RouteProvider key="/connect/space/meeovi-news" vnode= {__v_isVNode: true, __v_skip: true, type: Object, props: Object, key: null} route= {fullPath: /connect/space/meeovi-news, hash: , query: Object, name: connect-space-slug___en, path: /connect/space/meeovi-news}  ... > 
  at <RouterView name=undefined route=undefined > 
  at <NuxtPage > 
  at <VMain> 
  at <VApp theme="light" class="auto-text" > 
  at <VResponsive class="border rounded" > 
  at <Default ref=Ref< undefined > > 
  at <AsyncComponentWrapper ref=Ref< undefined > > 
  at <LayoutLoader key="default" layoutProps= {ref: RefImpl} name="default" > 
  at <NuxtLayoutProvider layoutProps= {ref: RefImpl} key="default" name="default"  ... > 
  at <NuxtLayout > 
  at <App key=4 > 
  at <NuxtRoot> @ http://localhost:3003/_nuxt/@vite/client:528
[  312853ms] [LOG] Meeovi Search @ http://localhost:3003/_nuxt/@fs/home/meebuzo/github/alternate-framework/node_modules/@sentry/core/build/esm/instrument/console.js?v=193f35c6:44
[  312882ms] [ERROR] Failed to load resource: the server responded with a status of 404 (Not Found) @ http://localhost:3003/api/auth/user/to-json:0
[  312884ms] [ERROR] Failed to load resource: the server responded with a status of 404 (Not Found) @ http://localhost:3003/api/auth/logged-in/to-json:0
[  312903ms] [ERROR] Failed to load resource: the server responded with a status of 404 () @ https://res.cloudinary.com/nuxt-cloudinary/image/upload/f_auto,q_auto/images/logo512alpha.png:0
[  313007ms] [WARNING] [Meta Pixel] - Invalid PixelID: null. @ http://localhost:3003/_nuxt/@vite/client:528
[  313186ms] [ERROR] Connecting to 'https://analytics.tiktok.com/api/v2/monitor' violates the following Content Security Policy directive: "connect-src 'self' https://*.mux.com https://cms.meeovicms.com". The action has been blocked. @ :24
[  313188ms] [ERROR] Connecting to 'https://analytics.tiktok.com/api/v2/monitor' violates the following Content Security Policy directive: "connect-src 'self' https://*.mux.com https://cms.meeovicms.com". The action has been blocked. @ :24
[  313190ms] [ERROR] Connecting to 'https://analytics.tiktok.com/api/v2/monitor' violates the following Content Security Policy directive: "connect-src 'self' https://*.mux.com https://cms.meeovicms.com". The action has been blocked. @ :24
[  313193ms] [ERROR] Connecting to 'https://analytics.tiktok.com/api/v2/monitor' violates the following Content Security Policy directive: "connect-src 'self' https://*.mux.com https://cms.meeovicms.com". The action has been blocked. @ :24
[  313206ms] [ERROR] Connecting to 'https://analytics.tiktok.com/api/v2/monitor' violates the following Content Security Policy directive: "connect-src 'self' https://*.mux.com https://cms.meeovicms.com". The action has been blocked. @ :24
[  313207ms] [ERROR] Connecting to 'https://analytics.tiktok.com/api/v2/monitor' violates the following Content Security Policy directive: "connect-src 'self' https://*.mux.com https://cms.meeovicms.com". The action has been blocked. @ :24
[  313225ms] [ERROR] Connecting to 'https://analytics.tiktok.com/api/v2/monitor' violates the following Content Security Policy directive: "connect-src 'self' https://*.mux.com https://cms.meeovicms.com". The action has been blocked. @ :24
[  313785ms] [ERROR] Failed to load resource: the server responded with a status of 404 (Not Found) @ http://localhost:3003/api/auth/user/to-json:0
[  313791ms] [ERROR] Failed to load resource: the server responded with a status of 404 (Not Found) @ http://localhost:3003/api/auth/logged-in/to-json:0
[  313803ms] [ERROR] Failed to load resource: the server responded with a status of 404 (Not Found) @ http://localhost:3003/api/auth/logged-in/to-json:0
[  313807ms] [ERROR] Failed to load resource: the server responded with a status of 404 (Not Found) @ http://localhost:3003/api/auth/user/to-json:0
[  314180ms] [ERROR] Failed to load resource: the server responded with a status of 404 (Not Found) @ http://localhost:3003/api/auth/user/to-json:0
[  315085ms] [ERROR] Failed to load resource: the server responded with a status of 404 (Not Found) @ http://localhost:3003/api/auth/logged-in/to-json:0
[  315093ms] [ERROR] Failed to load resource: the server responded with a status of 404 (Not Found) @ http://localhost:3003/api/auth/user/to-json:0
[  315096ms] [ERROR] Failed to load resource: the server responded with a status of 404 (Not Found) @ http://localhost:3003/api/auth/user/to-json:0
[  315098ms] [ERROR] Failed to load resource: the server responded with a status of 404 (Not Found) @ http://localhost:3003/api/auth/logged-in/to-json:0
[  315101ms] [ERROR] Failed to load resource: the server responded with a status of 404 (Not Found) @ http://localhost:3003/api/auth/logged-in/to-json:0
[  315104ms] [ERROR] Failed to load resource: the server responded with a status of 404 (Not Found) @ http://localhost:3003/api/auth/user/to-json:0
[  316016ms] [ERROR] Failed to load resource: the server responded with a status of 404 (Not Found) @ http://localhost:3003/api/auth/logged-in/to-json:0
[  316040ms] [ERROR] Failed to load resource: the server responded with a status of 404 (Not Found) @ http://localhost:3003/api/auth/user/to-json:0
[  316042ms] [ERROR] Failed to load resource: the server responded with a status of 404 (Not Found) @ http://localhost:3003/api/auth/logged-in/to-json:0
[  316045ms] [ERROR] Failed to load resource: the server responded with a status of 404 (Not Found) @ http://localhost:3003/api/auth/user/to-json:0
[  316047ms] [ERROR] Failed to load resource: the server responded with a status of 404 (Not Found) @ http://localhost:3003/api/auth/user/to-json:0
[  316048ms] [ERROR] Failed to load resource: the server responded with a status of 404 (Not Found) @ http://localhost:3003/api/auth/logged-in/to-json:0
[  316433ms] [ERROR] Failed to load resource: the server responded with a status of 404 (Not Found) @ http://localhost:3003/api/auth/logged-in/to-json:0
[  316436ms] [ERROR] Failed to load resource: the server responded with a status of 404 (Not Found) @ http://localhost:3003/api/auth/user/to-json:0
[  316512ms] [ERROR] Failed to load resource: the server responded with a status of 404 (Not Found) @ http://localhost:3003/api/auth/logged-in/to-json:0
[  316536ms] [ERROR] Failed to load resource: the server responded with a status of 404 (Not Found) @ http://localhost:3003/api/auth/user/to-json:0
[  316538ms] [ERROR] Failed to load resource: the server responded with a status of 404 (Not Found) @ http://localhost:3003/api/auth/user/to-json:0
[  316542ms] [ERROR] Failed to load resource: the server responded with a status of 404 (Not Found) @ http://localhost:3003/api/auth/logged-in/to-json:0
[  316878ms] [ERROR] Failed to load resource: the server responded with a status of 404 (Not Found) @ http://localhost:3003/api/auth/logged-in/to-json:0
[  316885ms] [ERROR] Failed to load resource: the server responded with a status of 404 (Not Found) @ http://localhost:3003/api/auth/user/to-json:0
[  316934ms] [ERROR] Failed to load resource: the server responded with a status of 404 (Not Found) @ http://localhost:3003/api/auth/logged-in/to-json:0
[  316938ms] [ERROR] Failed to load resource: the server responded with a status of 404 (Not Found) @ http://localhost:3003/api/auth/user/to-json:0
[  316990ms] [ERROR] Failed to load resource: the server responded with a status of 404 (Not Found) @ http://localhost:3003/api/auth/user/to-json:0
[  316993ms] [ERROR] Failed to load resource: the server responded with a status of 404 (Not Found) @ http://localhost:3003/api/auth/logged-in/to-json:0
[  317322ms] [ERROR] Failed to load resource: the server responded with a status of 404 (Not Found) @ http://localhost:3003/api/auth/logged-in/to-json:0
[  317327ms] [ERROR] Failed to load resource: the server responded with a status of 404 (Not Found) @ http://localhost:3003/api/auth/logged-in/to-json:0
[  317330ms] [ERROR] Failed to load resource: the server responded with a status of 404 (Not Found) @ http://localhost:3003/api/auth/user/to-json:0
[  317388ms] [ERROR] Failed to load resource: the server responded with a status of 404 (Not Found) @ http://localhost:3003/api/auth/user/to-json:0
[  317413ms] [ERROR] Failed to load resource: the server responded with a status of 404 (Not Found) @ http://localhost:3003/api/auth/logged-in/to-json:0
[  317439ms] [ERROR] Failed to load resource: the server responded with a status of 404 (Not Found) @ http://localhost:3003/api/auth/user/to-json:0
[  317717ms] [ERROR] Failed to load resource: the server responded with a status of 404 (Not Found) @ http://localhost:3003/api/auth/logged-in/to-json:0
[  317757ms] [ERROR] Failed to load resource: the server responded with a status of 404 (Not Found) @ http://localhost:3003/api/auth/logged-in/to-json:0
[  317760ms] [ERROR] Failed to load resource: the server responded with a status of 404 (Not Found) @ http://localhost:3003/api/auth/user/to-json:0
[  317806ms] [ERROR] Failed to load resource: the server responded with a status of 404 (Not Found) @ http://localhost:3003/api/auth/user/to-json:0
[  317808ms] [ERROR] Failed to load resource: the server responded with a status of 404 (Not Found) @ http://localhost:3003/api/auth/logged-in/to-json:0
[  317867ms] [ERROR] Failed to load resource: the server responded with a status of 404 (Not Found) @ http://localhost:3003/api/auth/user/to-json:0
[  318145ms] [ERROR] Failed to load resource: the server responded with a status of 404 (Not Found) @ http://localhost:3003/api/auth/logged-in/to-json:0
[  318176ms] [ERROR] Failed to load resource: the server responded with a status of 404 (Not Found) @ http://localhost:3003/api/auth/user/to-json:0
[  318179ms] [ERROR] Failed to load resource: the server responded with a status of 404 (Not Found) @ http://localhost:3003/api/auth/logged-in/to-json:0
[  318240ms] [ERROR] Failed to load resource: the server responded with a status of 404 (Not Found) @ http://localhost:3003/api/auth/user/to-json:0
[  318243ms] [ERROR] Failed to load resource: the server responded with a status of 404 (Not Found) @ http://localhost:3003/api/auth/logged-in/to-json:0
[  318285ms] [ERROR] Failed to load resource: the server responded with a status of 404 (Not Found) @ http://localhost:3003/api/auth/user/to-json:0
[  318564ms] [ERROR] Failed to load resource: the server responded with a status of 404 (Not Found) @ http://localhost:3003/api/auth/logged-in/to-json:0
[  318610ms] [ERROR] Failed to load resource: the server responded with a status of 404 (Not Found) @ http://localhost:3003/api/auth/user/to-json:0
[  318613ms] [ERROR] Failed to load resource: the server responded with a status of 404 (Not Found) @ http://localhost:3003/api/auth/logged-in/to-json:0
[  318653ms] [ERROR] Failed to load resource: the server responded with a status of 404 (Not Found) @ http://localhost:3003/api/auth/user/to-json:0
[  318656ms] [ERROR] Failed to load resource: the server responded with a status of 404 (Not Found) @ http://localhost:3003/api/auth/logged-in/to-json:0
[  318702ms] [ERROR] Failed to load resource: the server responded with a status of 404 (Not Found) @ http://localhost:3003/api/auth/user/to-json:0
[  318970ms] [ERROR] Failed to load resource: the server responded with a status of 404 (Not Found) @ http://localhost:3003/api/auth/logged-in/to-json:0
[  320767ms] [ERROR] Connecting to 'https://o996770.ingest.us.sentry.io/api/5955273/envelope/?sentry_version=7&sentry_key=df1b90fab7c44ce8aef097a63b468d61&sentry_client=sentry.javascript.nuxt%2F10.70.0' violates the following Content Security Policy directive: "connect-src 'self' https://*.mux.com https://cms.meeovicms.com". The action has been blocked. @ http://localhost:3003/connect/space/meeovi-news:0
[  320767ms] [ERROR] Fetch API cannot load https://o996770.ingest.us.sentry.io/api/5955273/envelope/?sentry_version=7&sentry_key=df1b90fab7c44ce8aef097a63b468d61&sentry_client=sentry.javascript.nuxt%2F10.70.0. Refused to connect because it violates the document's Content Security Policy. @ http://localhost:3003/connect/space/meeovi-news:0
[  320963ms] [WARNING] [NUXT_E3003] `useAsyncData`/`useFetch` was called after the component had already mounted, so the data fetch cannot be awaited during setup.
╰▶ fix: Use `$fetch()` for requests triggered after mount (e.g. in event handlers), or call `useAsyncData`/`useFetch` in the `setup()` function. @ http://localhost:3003/_nuxt/@vite/client:528
[  348503ms] [ERROR] Failed to load resource: the server responded with a status of 404 () @ https://res.cloudinary.com/nuxt-cloudinary/image/upload/f_auto,q_auto/images/display-2.png:0
[  356726ms] [LOG] ✨ %cNuxt DevTools %c Press Shift + Alt + D to open DevTools color: black; border-radius: 3px 0 0 3px; padding: 2px 2px 1px 10px; background: #00DC82 border-radius: 0 3px 3px 0; padding: 2px 10px 1px 2px; background: #00DC8220  @ http://localhost:3003/_nuxt/@fs/home/meebuzo/github/alternate-framework/node_modules/@sentry/core/build/esm/instrument/console.js?v=193f35c6:44
[  356795ms] [INFO] <Suspense> is an experimental feature and its API will likely change. @ http://localhost:3003/_nuxt/@fs/home/meebuzo/github/alternate-framework/node_modules/@sentry/core/build/esm/instrument/console.js?v=193f35c6:44
[  357021ms] [WARNING] [nuxt] [image] Density values above `2` are not recommended. See https://observablehq.com/@eeeps/visual-acuity-and-device-pixel-ratio. @ http://localhost:3003/_nuxt/@vite/client:528
[  357034ms] [WARNING] [Vue warn]: Slot "default" invoked outside of the render function: this will not track dependencies used in the slot. Invoke the slot function inside the render function instead. 
  at <VDefaultsProvider key="content-defaults" disabled=true defaults= {VIcon: Object} > 
  at <VBtn symbol= Symbol(vuetify:v-tabs) ref=Ref< undefined > class="v-tab"  ... > 
  at <VTab > 
  at <VSlideGroup centerActive=true scrollToActive=true contentClass=undefined  ... > 
  at <VTabs modelValue=null onUpdate:modelValue=fn center-active=""  ... > 
  at <VCard height="75" variant="text" > 
  at <MenusLivebarLive> 
  at <VCol> 
  at <VRow> 
  at <VMain> 
  at <VApp theme="light" class="auto-text" > 
  at <VResponsive class="border rounded" > 
  at <Default ref=Ref< undefined > > 
  at <AsyncComponentWrapper ref=Ref< undefined > > 
  at <LayoutLoader key="default" layoutProps= {ref: RefImpl} name="default" > 
  at <NuxtLayoutProvider layoutProps= {ref: RefImpl} key="default" name="default"  ... > 
  at <NuxtLayout > 
  at <App key=4 > 
  at <NuxtRoot> @ http://localhost:3003/_nuxt/@vite/client:528
[  357036ms] [WARNING] [Vue warn]: Slot "default" invoked outside of the render function: this will not track dependencies used in the slot. Invoke the slot function inside the render function instead. 
  at <VDefaultsProvider key="content-defaults" disabled=true defaults= {VIcon: Object} > 
  at <VBtn symbol= Symbol(vuetify:v-tabs) ref=Ref< undefined > class="v-tab"  ... > 
  at <VTab > 
  at <VSlideGroup centerActive=true scrollToActive=true contentClass=undefined  ... > 
  at <VTabs modelValue=null onUpdate:modelValue=fn center-active=""  ... > 
  at <VCard height="75" variant="text" > 
  at <MenusLivebarLive> 
  at <VCol> 
  at <VRow> 
  at <VMain> 
  at <VApp theme="light" class="auto-text" > 
  at <VResponsive class="border rounded" > 
  at <Default ref=Ref< undefined > > 
  at <AsyncComponentWrapper ref=Ref< undefined > > 
  at <LayoutLoader key="default" layoutProps= {ref: RefImpl} name="default" > 
  at <NuxtLayoutProvider layoutProps= {ref: RefImpl} key="default" name="default"  ... > 
  at <NuxtLayout > 
  at <App key=4 > 
  at <NuxtRoot> @ http://localhost:3003/_nuxt/@vite/client:528
[  357040ms] [WARNING] [Vue warn]: Slot "default" invoked outside of the render function: this will not track dependencies used in the slot. Invoke the slot function inside the render function instead. 
  at <VDefaultsProvider key="content-defaults" disabled=true defaults= {VIcon: Object} > 
  at <VBtn symbol= Symbol(vuetify:v-tabs) ref=Ref< undefined > class="v-tab"  ... > 
  at <VTab > 
  at <VSlideGroup centerActive=true scrollToActive=true contentClass=undefined  ... > 
  at <VTabs modelValue=null onUpdate:modelValue=fn center-active=""  ... > 
  at <VCard height="75" variant="text" > 
  at <MenusLivebarLive> 
  at <VCol> 
  at <VRow> 
  at <VMain> 
  at <VApp theme="light" class="auto-text" > 
  at <VResponsive class="border rounded" > 
  at <Default ref=Ref< undefined > > 
  at <AsyncComponentWrapper ref=Ref< undefined > > 
  at <LayoutLoader key="default" layoutProps= {ref: RefImpl} name="default" > 
  at <NuxtLayoutProvider layoutProps= {ref: RefImpl} key="default" name="default"  ... > 
  at <NuxtLayout > 
  at <App key=4 > 
  at <NuxtRoot> @ http://localhost:3003/_nuxt/@vite/client:528
[  357041ms] [WARNING] [Vue warn]: Slot "default" invoked outside of the render function: this will not track dependencies used in the slot. Invoke the slot function inside the render function instead. 
  at <VDefaultsProvider key="content-defaults" disabled=true defaults= {VIcon: Object} > 
  at <VBtn symbol= Symbol(vuetify:v-tabs) ref=Ref< undefined > class="v-tab"  ... > 
  at <VTab > 
  at <VSlideGroup centerActive=true scrollToActive=true contentClass=undefined  ... > 
  at <VTabs modelValue=null onUpdate:modelValue=fn center-active=""  ... > 
  at <VCard height="75" variant="text" > 
  at <MenusLivebarLive> 
  at <VCol> 
  at <VRow> 
  at <VMain> 
  at <VApp theme="light" class="auto-text" > 
  at <VResponsive class="border rounded" > 
  at <Default ref=Ref< undefined > > 
  at <AsyncComponentWrapper ref=Ref< undefined > > 
  at <LayoutLoader key="default" layoutProps= {ref: RefImpl} name="default" > 
  at <NuxtLayoutProvider layoutProps= {ref: RefImpl} key="default" name="default"  ... > 
  at <NuxtLayout > 
  at <App key=4 > 
  at <NuxtRoot> @ http://localhost:3003/_nuxt/@vite/client:528
[  357045ms] [WARNING] [Vue warn]: Slot "default" invoked outside of the render function: this will not track dependencies used in the slot. Invoke the slot function inside the render function instead. 
  at <VDefaultsProvider key="content-defaults" defaults= {VImg: Object, VIcon: Object} > 
  at <VAvatar ref_for=true ref=fn<fn> onClick=fn<onClick>  ... > 
  at <VOverlay ref=Ref< undefined > class="v-dialog" style= {}  ... > 
  at <VDialog modelValue=false onUpdate:modelValue=fn transition="dialog-bottom-transition" > 
  at <VDefaultsProvider key="content-defaults" disabled=true defaults= {VIcon: Object} > 
  at <VBtn symbol= Symbol(vuetify:v-tabs) ref=Ref< undefined > class="v-tab"  ... > 
  at <VTab > 
  at <VSlideGroup centerActive=true scrollToActive=true contentClass=undefined  ... > 
  at <VTabs modelValue=null onUpdate:modelValue=fn center-active=""  ... > 
  at <VCard height="75" variant="text" > 
  at <MenusLivebarLive> 
  at <VCol> 
  at <VRow> 
  at <VMain> 
  at <VApp theme="light" class="auto-text" > 
  at <VResponsive class="border rounded" > 
  at <Default ref=Ref< undefined > > 
  at <AsyncComponentWrapper ref=Ref< undefined > > 
  at <LayoutLoader key="default" layoutProps= {ref: RefImpl} name="default" > 
  at <NuxtLayoutProvider layoutProps= {ref: RefImpl} key="default" name="default"  ... > 
  at <NuxtLayout > 
  at <App key=4 > 
  at <NuxtRoot> @ http://localhost:3003/_nuxt/@vite/client:528
[  357375ms] [WARNING] [Vue warn]: Slot "default" invoked outside of the render function: this will not track dependencies used in the slot. Invoke the slot function inside the render function instead. 
  at <VDefaultsProvider key="content-defaults" disabled=true defaults= {VIcon: Object} > 
  at <VBtn symbol= Symbol(vuetify:v-tabs) ref=Ref< undefined > class="v-tab"  ... > 
  at <VTab value="one" > 
  at <VSlideGroup centerActive=false scrollToActive=true contentClass=undefined  ... > 
  at <VTabs modelValue=null onUpdate:modelValue=fn align-tabs="center"  ... > 
  at <VSheet > 
  at <VCard elevation="0" > 
  at <[...slug] onVnodeUnmounted=fn<onVnodeUnmounted> ref=Ref< undefined > > 
  at <RouteProvider key="/connect/space/meeovi-news" vnode= {__v_isVNode: true, __v_skip: true, type: Object, props: Object, key: null} route= {fullPath: /connect/space/meeovi-news, hash: , query: Object, name: connect-space-slug___en, path: /connect/space/meeovi-news}  ... > 
  at <RouterView name=undefined route=undefined > 
  at <NuxtPage > 
  at <VMain> 
  at <VApp theme="light" class="auto-text" > 
  at <VResponsive class="border rounded" > 
  at <Default ref=Ref< undefined > > 
  at <AsyncComponentWrapper ref=Ref< undefined > > 
  at <LayoutLoader key="default" layoutProps= {ref: RefImpl} name="default" > 
  at <NuxtLayoutProvider layoutProps= {ref: RefImpl} key="default" name="default"  ... > 
  at <NuxtLayout > 
  at <App key=4 > 
  at <NuxtRoot> @ http://localhost:3003/_nuxt/@vite/client:528
[  358205ms] [WARNING] [Vue warn]: Slot "default" invoked outside of the render function: this will not track dependencies used in the slot. Invoke the slot function inside the render function instead. 
  at <VDefaultsProvider key="content-defaults" disabled=true defaults= {VIcon: Object} > 
  at <VBtn symbol= Symbol(vuetify:v-tabs) ref=Ref< undefined > class="v-tab"  ... > 
  at <VTab value="one" > 
  at <VSlideGroup centerActive=false scrollToActive=true contentClass=undefined  ... > 
  at <VTabs modelValue=null onUpdate:modelValue=fn align-tabs="center"  ... > 
  at <VSheet > 
  at <VCard elevation="0" > 
  at <[...slug] onVnodeUnmounted=fn<onVnodeUnmounted> ref=Ref< undefined > > 
  at <RouteProvider key="/connect/space/meeovi-news" vnode= {__v_isVNode: true, __v_skip: true, type: Object, props: Object, key: null} route= {fullPath: /connect/space/meeovi-news, hash: , query: Object, name: connect-space-slug___en, path: /connect/space/meeovi-news}  ... > 
  at <RouterView name=undefined route=undefined > 
  at <NuxtPage > 
  at <VMain> 
  at <VApp theme="light" class="auto-text" > 
  at <VResponsive class="border rounded" > 
  at <Default ref=Ref< undefined > > 
  at <AsyncComponentWrapper ref=Ref< undefined > > 
  at <LayoutLoader key="default" layoutProps= {ref: RefImpl} name="default" > 
  at <NuxtLayoutProvider layoutProps= {ref: RefImpl} key="default" name="default"  ... > 
  at <NuxtLayout > 
  at <App key=4 > 
  at <NuxtRoot> @ http://localhost:3003/_nuxt/@vite/client:528
[  359058ms] [WARNING] [Vue warn]: Slot "default" invoked outside of the render function: this will not track dependencies used in the slot. Invoke the slot function inside the render function instead. 
  at <VDefaultsProvider key="content-defaults" disabled=true defaults= {VIcon: Object} > 
  at <VBtn symbol= Symbol(vuetify:v-tabs) ref=Ref< undefined > class="v-tab"  ... > 
  at <VTab value="two" > 
  at <VSlideGroup centerActive=false scrollToActive=true contentClass=undefined  ... > 
  at <VTabs modelValue=null onUpdate:modelValue=fn align-tabs="center"  ... > 
  at <VSheet > 
  at <VCard elevation="0" > 
  at <[...slug] onVnodeUnmounted=fn<onVnodeUnmounted> ref=Ref< undefined > > 
  at <RouteProvider key="/connect/space/meeovi-news" vnode= {__v_isVNode: true, __v_skip: true, type: Object, props: Object, key: null} route= {fullPath: /connect/space/meeovi-news, hash: , query: Object, name: connect-space-slug___en, path: /connect/space/meeovi-news}  ... > 
  at <RouterView name=undefined route=undefined > 
  at <NuxtPage > 
  at <VMain> 
  at <VApp theme="light" class="auto-text" > 
  at <VResponsive class="border rounded" > 
  at <Default ref=Ref< undefined > > 
  at <AsyncComponentWrapper ref=Ref< undefined > > 
  at <LayoutLoader key="default" layoutProps= {ref: RefImpl} name="default" > 
  at <NuxtLayoutProvider layoutProps= {ref: RefImpl} key="default" name="default"  ... > 
  at <NuxtLayout > 
  at <App key=4 > 
  at <NuxtRoot> @ http://localhost:3003/_nuxt/@vite/client:528
[  359941ms] [WARNING] [Vue warn]: Slot "default" invoked outside of the render function: this will not track dependencies used in the slot. Invoke the slot function inside the render function instead. 
  at <VDefaultsProvider key="content-defaults" disabled=true defaults= {VIcon: Object} > 
  at <VBtn symbol= Symbol(vuetify:v-tabs) ref=Ref< undefined > class="v-tab"  ... > 
  at <VTab value="two" > 
  at <VSlideGroup centerActive=false scrollToActive=true contentClass=undefined  ... > 
  at <VTabs modelValue=null onUpdate:modelValue=fn align-tabs="center"  ... > 
  at <VSheet > 
  at <VCard elevation="0" > 
  at <[...slug] onVnodeUnmounted=fn<onVnodeUnmounted> ref=Ref< undefined > > 
  at <RouteProvider key="/connect/space/meeovi-news" vnode= {__v_isVNode: true, __v_skip: true, type: Object, props: Object, key: null} route= {fullPath: /connect/space/meeovi-news, hash: , query: Object, name: connect-space-slug___en, path: /connect/space/meeovi-news}  ... > 
  at <RouterView name=undefined route=undefined > 
  at <NuxtPage > 
  at <VMain> 
  at <VApp theme="light" class="auto-text" > 
  at <VResponsive class="border rounded" > 
  at <Default ref=Ref< undefined > > 
  at <AsyncComponentWrapper ref=Ref< undefined > > 
  at <LayoutLoader key="default" layoutProps= {ref: RefImpl} name="default" > 
  at <NuxtLayoutProvider layoutProps= {ref: RefImpl} key="default" name="default"  ... > 
  at <NuxtLayout > 
  at <App key=4 > 
  at <NuxtRoot> @ http://localhost:3003/_nuxt/@vite/client:528
[  360948ms] [WARNING] [Vue warn]: Slot "default" invoked outside of the render function: this will not track dependencies used in the slot. Invoke the slot function inside the render function instead. 
  at <VDefaultsProvider key="content-defaults" disabled=true defaults= {VIcon: Object} > 
  at <VBtn symbol= Symbol(vuetify:v-tabs) ref=Ref< undefined > class="v-tab"  ... > 
  at <VTab value="three" > 
  at <VSlideGroup centerActive=false scrollToActive=true contentClass=undefined  ... > 
  at <VTabs modelValue=null onUpdate:modelValue=fn align-tabs="center"  ... > 
  at <VSheet > 
  at <VCard elevation="0" > 
  at <[...slug] onVnodeUnmounted=fn<onVnodeUnmounted> ref=Ref< undefined > > 
  at <RouteProvider key="/connect/space/meeovi-news" vnode= {__v_isVNode: true, __v_skip: true, type: Object, props: Object, key: null} route= {fullPath: /connect/space/meeovi-news, hash: , query: Object, name: connect-space-slug___en, path: /connect/space/meeovi-news}  ... > 
  at <RouterView name=undefined route=undefined > 
  at <NuxtPage > 
  at <VMain> 
  at <VApp theme="light" class="auto-text" > 
  at <VResponsive class="border rounded" > 
  at <Default ref=Ref< undefined > > 
  at <AsyncComponentWrapper ref=Ref< undefined > > 
  at <LayoutLoader key="default" layoutProps= {ref: RefImpl} name="default" > 
  at <NuxtLayoutProvider layoutProps= {ref: RefImpl} key="default" name="default"  ... > 
  at <NuxtLayout > 
  at <App key=4 > 
  at <NuxtRoot> @ http://localhost:3003/_nuxt/@vite/client:528
[  362070ms] [WARNING] [Vue warn]: Slot "default" invoked outside of the render function: this will not track dependencies used in the slot. Invoke the slot function inside the render function instead. 
  at <VDefaultsProvider key="content-defaults" disabled=true defaults= {VIcon: Object} > 
  at <VBtn symbol= Symbol(vuetify:v-tabs) ref=Ref< undefined > class="v-tab"  ... > 
  at <VTab value="three" > 
  at <VSlideGroup centerActive=false scrollToActive=true contentClass=undefined  ... > 
  at <VTabs modelValue=null onUpdate:modelValue=fn align-tabs="center"  ... > 
  at <VSheet > 
  at <VCard elevation="0" > 
  at <[...slug] onVnodeUnmounted=fn<onVnodeUnmounted> ref=Ref< undefined > > 
  at <RouteProvider key="/connect/space/meeovi-news" vnode= {__v_isVNode: true, __v_skip: true, type: Object, props: Object, key: null} route= {fullPath: /connect/space/meeovi-news, hash: , query: Object, name: connect-space-slug___en, path: /connect/space/meeovi-news}  ... > 
  at <RouterView name=undefined route=undefined > 
  at <NuxtPage > 
  at <VMain> 
  at <VApp theme="light" class="auto-text" > 
  at <VResponsive class="border rounded" > 
  at <Default ref=Ref< undefined > > 
  at <AsyncComponentWrapper ref=Ref< undefined > > 
  at <LayoutLoader key="default" layoutProps= {ref: RefImpl} name="default" > 
  at <NuxtLayoutProvider layoutProps= {ref: RefImpl} key="default" name="default"  ... > 
  at <NuxtLayout > 
  at <App key=4 > 
  at <NuxtRoot> @ http://localhost:3003/_nuxt/@vite/client:528
[  363059ms] [WARNING] [Vue warn]: Slot "default" invoked outside of the render function: this will not track dependencies used in the slot. Invoke the slot function inside the render function instead. 
  at <VDefaultsProvider key="content-defaults" disabled=true defaults= {VIcon: Object} > 
  at <VBtn symbol= Symbol(vuetify:v-tabs) ref=Ref< undefined > class="v-tab"  ... > 
  at <VTab value="four" > 
  at <VSlideGroup centerActive=false scrollToActive=true contentClass=undefined  ... > 
  at <VTabs modelValue=null onUpdate:modelValue=fn align-tabs="center"  ... > 
  at <VSheet > 
  at <VCard elevation="0" > 
  at <[...slug] onVnodeUnmounted=fn<onVnodeUnmounted> ref=Ref< undefined > > 
  at <RouteProvider key="/connect/space/meeovi-news" vnode= {__v_isVNode: true, __v_skip: true, type: Object, props: Object, key: null} route= {fullPath: /connect/space/meeovi-news, hash: , query: Object, name: connect-space-slug___en, path: /connect/space/meeovi-news}  ... > 
  at <RouterView name=undefined route=undefined > 
  at <NuxtPage > 
  at <VMain> 
  at <VApp theme="light" class="auto-text" > 
  at <VResponsive class="border rounded" > 
  at <Default ref=Ref< undefined > > 
  at <AsyncComponentWrapper ref=Ref< undefined > > 
  at <LayoutLoader key="default" layoutProps= {ref: RefImpl} name="default" > 
  at <NuxtLayoutProvider layoutProps= {ref: RefImpl} key="default" name="default"  ... > 
  at <NuxtLayout > 
  at <App key=4 > 
  at <NuxtRoot> @ http://localhost:3003/_nuxt/@vite/client:528
[  363919ms] [WARNING] [Vue warn]: Slot "default" invoked outside of the render function: this will not track dependencies used in the slot. Invoke the slot function inside the render function instead. 
  at <VDefaultsProvider key="content-defaults" disabled=true defaults= {VIcon: Object} > 
  at <VBtn symbol= Symbol(vuetify:v-tabs) ref=Ref< undefined > class="v-tab"  ... > 
  at <VTab value="four" > 
  at <VSlideGroup centerActive=false scrollToActive=true contentClass=undefined  ... > 
  at <VTabs modelValue=null onUpdate:modelValue=fn align-tabs="center"  ... > 
  at <VSheet > 
  at <VCard elevation="0" > 
  at <[...slug] onVnodeUnmounted=fn<onVnodeUnmounted> ref=Ref< undefined > > 
  at <RouteProvider key="/connect/space/meeovi-news" vnode= {__v_isVNode: true, __v_skip: true, type: Object, props: Object, key: null} route= {fullPath: /connect/space/meeovi-news, hash: , query: Object, name: connect-space-slug___en, path: /connect/space/meeovi-news}  ... > 
  at <RouterView name=undefined route=undefined > 
  at <NuxtPage > 
  at <VMain> 
  at <VApp theme="light" class="auto-text" > 
  at <VResponsive class="border rounded" > 
  at <Default ref=Ref< undefined > > 
  at <AsyncComponentWrapper ref=Ref< undefined > > 
  at <LayoutLoader key="default" layoutProps= {ref: RefImpl} name="default" > 
  at <NuxtLayoutProvider layoutProps= {ref: RefImpl} key="default" name="default"  ... > 
  at <NuxtLayout > 
  at <App key=4 > 
  at <NuxtRoot> @ http://localhost:3003/_nuxt/@vite/client:528
[  364819ms] [WARNING] [Vue warn]: Slot "default" invoked outside of the render function: this will not track dependencies used in the slot. Invoke the slot function inside the render function instead. 
  at <VDefaultsProvider key="content-defaults" disabled=true defaults= {VIcon: Object} > 
  at <VBtn symbol= Symbol(vuetify:v-tabs) ref=Ref< undefined > class="v-tab"  ... > 
  at <VTab value="five" > 
  at <VSlideGroup centerActive=false scrollToActive=true contentClass=undefined  ... > 
  at <VTabs modelValue=null onUpdate:modelValue=fn align-tabs="center"  ... > 
  at <VSheet > 
  at <VCard elevation="0" > 
  at <[...slug] onVnodeUnmounted=fn<onVnodeUnmounted> ref=Ref< undefined > > 
  at <RouteProvider key="/connect/space/meeovi-news" vnode= {__v_isVNode: true, __v_skip: true, type: Object, props: Object, key: null} route= {fullPath: /connect/space/meeovi-news, hash: , query: Object, name: connect-space-slug___en, path: /connect/space/meeovi-news}  ... > 
  at <RouterView name=undefined route=undefined > 
  at <NuxtPage > 
  at <VMain> 
  at <VApp theme="light" class="auto-text" > 
  at <VResponsive class="border rounded" > 
  at <Default ref=Ref< undefined > > 
  at <AsyncComponentWrapper ref=Ref< undefined > > 
  at <LayoutLoader key="default" layoutProps= {ref: RefImpl} name="default" > 
  at <NuxtLayoutProvider layoutProps= {ref: RefImpl} key="default" name="default"  ... > 
  at <NuxtLayout > 
  at <App key=4 > 
  at <NuxtRoot> @ http://localhost:3003/_nuxt/@vite/client:528
[  365688ms] [WARNING] [Vue warn]: Slot "default" invoked outside of the render function: this will not track dependencies used in the slot. Invoke the slot function inside the render function instead. 
  at <VDefaultsProvider key="content-defaults" disabled=true defaults= {VIcon: Object} > 
  at <VBtn symbol= Symbol(vuetify:v-tabs) ref=Ref< undefined > class="v-tab"  ... > 
  at <VTab value="five" > 
  at <VSlideGroup centerActive=false scrollToActive=true contentClass=undefined  ... > 
  at <VTabs modelValue=null onUpdate:modelValue=fn align-tabs="center"  ... > 
  at <VSheet > 
  at <VCard elevation="0" > 
  at <[...slug] onVnodeUnmounted=fn<onVnodeUnmounted> ref=Ref< undefined > > 
  at <RouteProvider key="/connect/space/meeovi-news" vnode= {__v_isVNode: true, __v_skip: true, type: Object, props: Object, key: null} route= {fullPath: /connect/space/meeovi-news, hash: , query: Object, name: connect-space-slug___en, path: /connect/space/meeovi-news}  ... > 
  at <RouterView name=undefined route=undefined > 
  at <NuxtPage > 
  at <VMain> 
  at <VApp theme="light" class="auto-text" > 
  at <VResponsive class="border rounded" > 
  at <Default ref=Ref< undefined > > 
  at <AsyncComponentWrapper ref=Ref< undefined > > 
  at <LayoutLoader key="default" layoutProps= {ref: RefImpl} name="default" > 
  at <NuxtLayoutProvider layoutProps= {ref: RefImpl} key="default" name="default"  ... > 
  at <NuxtLayout > 
  at <App key=4 > 
  at <NuxtRoot> @ http://localhost:3003/_nuxt/@vite/client:528
[  366527ms] [WARNING] [Vue warn]: Slot "default" invoked outside of the render function: this will not track dependencies used in the slot. Invoke the slot function inside the render function instead. 
  at <VDefaultsProvider key="content-defaults" disabled=true defaults= {VIcon: Object} > 
  at <VBtn symbol= Symbol(vuetify:v-tabs) ref=Ref< undefined > class="v-tab"  ... > 
  at <VTab value="six" > 
  at <VSlideGroup centerActive=false scrollToActive=true contentClass=undefined  ... > 
  at <VTabs modelValue=null onUpdate:modelValue=fn align-tabs="center"  ... > 
  at <VSheet > 
  at <VCard elevation="0" > 
  at <[...slug] onVnodeUnmounted=fn<onVnodeUnmounted> ref=Ref< undefined > > 
  at <RouteProvider key="/connect/space/meeovi-news" vnode= {__v_isVNode: true, __v_skip: true, type: Object, props: Object, key: null} route= {fullPath: /connect/space/meeovi-news, hash: , query: Object, name: connect-space-slug___en, path: /connect/space/meeovi-news}  ... > 
  at <RouterView name=undefined route=undefined > 
  at <NuxtPage > 
  at <VMain> 
  at <VApp theme="light" class="auto-text" > 
  at <VResponsive class="border rounded" > 
  at <Default ref=Ref< undefined > > 
  at <AsyncComponentWrapper ref=Ref< undefined > > 
  at <LayoutLoader key="default" layoutProps= {ref: RefImpl} name="default" > 
  at <NuxtLayoutProvider layoutProps= {ref: RefImpl} key="default" name="default"  ... > 
  at <NuxtLayout > 
  at <App key=4 > 
  at <NuxtRoot> @ http://localhost:3003/_nuxt/@vite/client:528
[  367353ms] [WARNING] [Vue warn]: Slot "default" invoked outside of the render function: this will not track dependencies used in the slot. Invoke the slot function inside the render function instead. 
  at <VDefaultsProvider key="content-defaults" disabled=true defaults= {VIcon: Object} > 
  at <VBtn symbol= Symbol(vuetify:v-tabs) ref=Ref< undefined > class="v-tab"  ... > 
  at <VTab value="six" > 
  at <VSlideGroup centerActive=false scrollToActive=true contentClass=undefined  ... > 
  at <VTabs modelValue=null onUpdate:modelValue=fn align-tabs="center"  ... > 
  at <VSheet > 
  at <VCard elevation="0" > 
  at <[...slug] onVnodeUnmounted=fn<onVnodeUnmounted> ref=Ref< undefined > > 
  at <RouteProvider key="/connect/space/meeovi-news" vnode= {__v_isVNode: true, __v_skip: true, type: Object, props: Object, key: null} route= {fullPath: /connect/space/meeovi-news, hash: , query: Object, name: connect-space-slug___en, path: /connect/space/meeovi-news}  ... > 
  at <RouterView name=undefined route=undefined > 
  at <NuxtPage > 
  at <VMain> 
  at <VApp theme="light" class="auto-text" > 
  at <VResponsive class="border rounded" > 
  at <Default ref=Ref< undefined > > 
  at <AsyncComponentWrapper ref=Ref< undefined > > 
  at <LayoutLoader key="default" layoutProps= {ref: RefImpl} name="default" > 
  at <NuxtLayoutProvider layoutProps= {ref: RefImpl} key="default" name="default"  ... > 
  at <NuxtLayout > 
  at <App key=4 > 
  at <NuxtRoot> @ http://localhost:3003/_nuxt/@vite/client:528
[  368280ms] [WARNING] [Vue warn]: Slot "default" invoked outside of the render function: this will not track dependencies used in the slot. Invoke the slot function inside the render function instead. 
  at <VDefaultsProvider key="content-defaults" disabled=true defaults= {VIcon: Object} > 
  at <VBtn symbol= Symbol(vuetify:v-tabs) ref=Ref< undefined > class="v-tab"  ... > 
  at <VTab value="seven" > 
  at <VSlideGroup centerActive=false scrollToActive=true contentClass=undefined  ... > 
  at <VTabs modelValue=null onUpdate:modelValue=fn align-tabs="center"  ... > 
  at <VSheet > 
  at <VCard elevation="0" > 
  at <[...slug] onVnodeUnmounted=fn<onVnodeUnmounted> ref=Ref< undefined > > 
  at <RouteProvider key="/connect/space/meeovi-news" vnode= {__v_isVNode: true, __v_skip: true, type: Object, props: Object, key: null} route= {fullPath: /connect/space/meeovi-news, hash: , query: Object, name: connect-space-slug___en, path: /connect/space/meeovi-news}  ... > 
  at <RouterView name=undefined route=undefined > 
  at <NuxtPage > 
  at <VMain> 
  at <VApp theme="light" class="auto-text" > 
  at <VResponsive class="border rounded" > 
  at <Default ref=Ref< undefined > > 
  at <AsyncComponentWrapper ref=Ref< undefined > > 
  at <LayoutLoader key="default" layoutProps= {ref: RefImpl} name="default" > 
  at <NuxtLayoutProvider layoutProps= {ref: RefImpl} key="default" name="default"  ... > 
  at <NuxtLayout > 
  at <App key=4 > 
  at <NuxtRoot> @ http://localhost:3003/_nuxt/@vite/client:528
[  369252ms] [WARNING] [Vue warn]: Slot "default" invoked outside of the render function: this will not track dependencies used in the slot. Invoke the slot function inside the render function instead. 
  at <VDefaultsProvider key="content-defaults" disabled=true defaults= {VIcon: Object} > 
  at <VBtn symbol= Symbol(vuetify:v-tabs) ref=Ref< undefined > class="v-tab"  ... > 
  at <VTab value="seven" > 
  at <VSlideGroup centerActive=false scrollToActive=true contentClass=undefined  ... > 
  at <VTabs modelValue=null onUpdate:modelValue=fn align-tabs="center"  ... > 
  at <VSheet > 
  at <VCard elevation="0" > 
  at <[...slug] onVnodeUnmounted=fn<onVnodeUnmounted> ref=Ref< undefined > > 
  at <RouteProvider key="/connect/space/meeovi-news" vnode= {__v_isVNode: true, __v_skip: true, type: Object, props: Object, key: null} route= {fullPath: /connect/space/meeovi-news, hash: , query: Object, name: connect-space-slug___en, path: /connect/space/meeovi-news}  ... > 
  at <RouterView name=undefined route=undefined > 
  at <NuxtPage > 
  at <VMain> 
  at <VApp theme="light" class="auto-text" > 
  at <VResponsive class="border rounded" > 
  at <Default ref=Ref< undefined > > 
  at <AsyncComponentWrapper ref=Ref< undefined > > 
  at <LayoutLoader key="default" layoutProps= {ref: RefImpl} name="default" > 
  at <NuxtLayoutProvider layoutProps= {ref: RefImpl} key="default" name="default"  ... > 
  at <NuxtLayout > 
  at <App key=4 > 
  at <NuxtRoot> @ http://localhost:3003/_nuxt/@vite/client:528
[  372180ms] [ERROR] Failed to load resource: the server responded with a status of 404 (Not Found) @ http://localhost:3003/api/auth/user/to-json:0
[  372200ms] [ERROR] Failed to load resource: the server responded with a status of 404 (Not Found) @ http://localhost:3003/api/auth/logged-in/to-json:0
[  372201ms] [ERROR] Failed to load resource: the server responded with a status of 404 (Not Found) @ http://localhost:3003/api/auth/user/to-json:0
[  372202ms] [ERROR] Failed to load resource: the server responded with a status of 404 (Not Found) @ http://localhost:3003/api/auth/logged-in/to-json:0
[  372205ms] [ERROR] Failed to load resource: the server responded with a status of 404 (Not Found) @ http://localhost:3003/api/auth/user/to-json:0
[  372206ms] [ERROR] Failed to load resource: the server responded with a status of 404 (Not Found) @ http://localhost:3003/api/auth/logged-in/to-json:0
[  372208ms] [ERROR] Failed to load resource: the server responded with a status of 404 (Not Found) @ http://localhost:3003/api/auth/user/to-json:0
[  372209ms] [ERROR] Failed to load resource: the server responded with a status of 404 (Not Found) @ http://localhost:3003/api/auth/logged-in/to-json:0
[  372210ms] [ERROR] Failed to load resource: the server responded with a status of 404 (Not Found) @ http://localhost:3003/api/auth/user/to-json:0
[  372211ms] [ERROR] Failed to load resource: the server responded with a status of 404 (Not Found) @ http://localhost:3003/api/auth/logged-in/to-json:0
[  372213ms] [ERROR] Failed to load resource: the server responded with a status of 404 (Not Found) @ http://localhost:3003/api/auth/user/to-json:0
[  372214ms] [ERROR] Failed to load resource: the server responded with a status of 404 (Not Found) @ http://localhost:3003/api/auth/logged-in/to-json:0
[  372215ms] [ERROR] Failed to load resource: the server responded with a status of 404 (Not Found) @ http://localhost:3003/api/auth/user/to-json:0
[  372216ms] [ERROR] Failed to load resource: the server responded with a status of 404 (Not Found) @ http://localhost:3003/api/auth/logged-in/to-json:0
[  372218ms] [ERROR] Failed to load resource: the server responded with a status of 404 (Not Found) @ http://localhost:3003/api/auth/user/to-json:0
[  372218ms] [ERROR] Failed to load resource: the server responded with a status of 404 (Not Found) @ http://localhost:3003/api/auth/logged-in/to-json:0
[  372219ms] [ERROR] Failed to load resource: the server responded with a status of 404 (Not Found) @ http://localhost:3003/api/auth/user/to-json:0
[  372220ms] [ERROR] Failed to load resource: the server responded with a status of 404 (Not Found) @ http://localhost:3003/api/auth/logged-in/to-json:0
[  372221ms] [ERROR] Failed to load resource: the server responded with a status of 404 (Not Found) @ http://localhost:3003/api/auth/user/to-json:0
[  372250ms] [LOG] Meeovi Search @ http://localhost:3003/_nuxt/@fs/home/meebuzo/github/alternate-framework/node_modules/@sentry/core/build/esm/instrument/console.js?v=193f35c6:44
[  372307ms] [ERROR] Failed to load resource: the server responded with a status of 404 () @ https://res.cloudinary.com/nuxt-cloudinary/image/upload/f_auto,q_auto/images/logo512alpha.png:0
[  372310ms] [ERROR] Failed to load resource: the server responded with a status of 404 (Not Found) @ http://localhost:3003/api/auth/user/to-json:0
[  372312ms] [ERROR] Failed to load resource: the server responded with a status of 404 (Not Found) @ http://localhost:3003/api/auth/logged-in/to-json:0
[  372314ms] [ERROR] Failed to load resource: the server responded with a status of 404 (Not Found) @ http://localhost:3003/api/auth/logged-in/to-json:0
[  372385ms] [ERROR] Failed to load resource: the server responded with a status of 404 (Not Found) @ http://localhost:3003/api/auth/user/to-json:0
[  372397ms] [ERROR] Failed to load resource: the server responded with a status of 404 (Not Found) @ http://localhost:3003/api/auth/logged-in/to-json:0
[  372405ms] [ERROR] Failed to load resource: the server responded with a status of 404 (Not Found) @ http://localhost:3003/api/auth/user/to-json:0
[  372524ms] [WARNING] [Meta Pixel] - Invalid PixelID: null. @ http://localhost:3003/_nuxt/@vite/client:528
[  373102ms] [ERROR] Connecting to 'https://analytics.tiktok.com/api/v2/monitor' violates the following Content Security Policy directive: "connect-src 'self' https://*.mux.com https://cms.meeovicms.com". The action has been blocked. @ :24
[  373104ms] [ERROR] Connecting to 'https://analytics.tiktok.com/api/v2/monitor' violates the following Content Security Policy directive: "connect-src 'self' https://*.mux.com https://cms.meeovicms.com". The action has been blocked. @ :24
[  373109ms] [ERROR] Connecting to 'https://analytics.tiktok.com/api/v2/monitor' violates the following Content Security Policy directive: "connect-src 'self' https://*.mux.com https://cms.meeovicms.com". The action has been blocked. @ :24
[  373112ms] [ERROR] Connecting to 'https://analytics.tiktok.com/api/v2/monitor' violates the following Content Security Policy directive: "connect-src 'self' https://*.mux.com https://cms.meeovicms.com". The action has been blocked. @ :24
[  373115ms] [ERROR] Failed to load resource: the server responded with a status of 404 (Not Found) @ http://localhost:3003/api/auth/logged-in/to-json:0
[  373118ms] [ERROR] Failed to load resource: the server responded with a status of 404 (Not Found) @ http://localhost:3003/api/auth/user/to-json:0
[  373120ms] [ERROR] Failed to load resource: the server responded with a status of 404 (Not Found) @ http://localhost:3003/api/auth/logged-in/to-json:0
[  373122ms] [ERROR] Failed to load resource: the server responded with a status of 404 (Not Found) @ http://localhost:3003/api/auth/user/to-json:0
[  373125ms] [ERROR] Failed to load resource: the server responded with a status of 404 (Not Found) @ http://localhost:3003/api/auth/logged-in/to-json:0
[  373127ms] [ERROR] Failed to load resource: the server responded with a status of 404 (Not Found) @ http://localhost:3003/api/auth/user/to-json:0
[  373133ms] [ERROR] Connecting to 'https://analytics.tiktok.com/api/v2/monitor' violates the following Content Security Policy directive: "connect-src 'self' https://*.mux.com https://cms.meeovicms.com". The action has been blocked. @ :24
[  373134ms] [ERROR] Connecting to 'https://analytics.tiktok.com/api/v2/monitor' violates the following Content Security Policy directive: "connect-src 'self' https://*.mux.com https://cms.meeovicms.com". The action has been blocked. @ :24
[  373143ms] [ERROR] Connecting to 'https://analytics.tiktok.com/api/v2/monitor' violates the following Content Security Policy directive: "connect-src 'self' https://*.mux.com https://cms.meeovicms.com". The action has been blocked. @ :24
[  373157ms] [ERROR] Failed to load resource: the server responded with a status of 404 (Not Found) @ http://localhost:3003/api/auth/logged-in/to-json:0
[  373374ms] [ERROR] Failed to load resource: the server responded with a status of 404 (Not Found) @ http://localhost:3003/api/auth/user/to-json:0
[  373378ms] [ERROR] Failed to load resource: the server responded with a status of 404 (Not Found) @ http://localhost:3003/api/auth/logged-in/to-json:0
[  373382ms] [ERROR] Failed to load resource: the server responded with a status of 404 (Not Found) @ http://localhost:3003/api/auth/user/to-json:0
[  373384ms] [ERROR] Failed to load resource: the server responded with a status of 404 (Not Found) @ http://localhost:3003/api/auth/logged-in/to-json:0
[  373387ms] [ERROR] Failed to load resource: the server responded with a status of 404 (Not Found) @ http://localhost:3003/api/auth/user/to-json:0
[  374076ms] [ERROR] Failed to load resource: the server responded with a status of 404 (Not Found) @ http://localhost:3003/api/auth/logged-in/to-json:0
[  374662ms] [ERROR] Failed to load resource: the server responded with a status of 404 (Not Found) @ http://localhost:3003/api/auth/logged-in/to-json:0
[  374664ms] [ERROR] Failed to load resource: the server responded with a status of 404 (Not Found) @ http://localhost:3003/api/auth/user/to-json:0
[  374684ms] [ERROR] Failed to load resource: the server responded with a status of 404 (Not Found) @ http://localhost:3003/api/auth/user/to-json:0
[  374686ms] [ERROR] Failed to load resource: the server responded with a status of 404 (Not Found) @ http://localhost:3003/api/auth/logged-in/to-json:0
[  374687ms] [ERROR] Failed to load resource: the server responded with a status of 404 (Not Found) @ http://localhost:3003/api/auth/user/to-json:0
[  375010ms] [ERROR] Failed to load resource: the server responded with a status of 404 (Not Found) @ http://localhost:3003/api/auth/logged-in/to-json:0
[  375774ms] [ERROR] Failed to load resource: the server responded with a status of 404 (Not Found) @ http://localhost:3003/api/auth/user/to-json:0
[  375777ms] [ERROR] Failed to load resource: the server responded with a status of 404 (Not Found) @ http://localhost:3003/api/auth/user/to-json:0
[  375781ms] [ERROR] Failed to load resource: the server responded with a status of 404 (Not Found) @ http://localhost:3003/api/auth/logged-in/to-json:0
[  375790ms] [ERROR] Failed to load resource: the server responded with a status of 404 (Not Found) @ http://localhost:3003/api/auth/logged-in/to-json:0
[  375792ms] [ERROR] Failed to load resource: the server responded with a status of 404 (Not Found) @ http://localhost:3003/api/auth/user/to-json:0
[  375796ms] [ERROR] Failed to load resource: the server responded with a status of 404 (Not Found) @ http://localhost:3003/api/auth/logged-in/to-json:0
[  376218ms] [ERROR] Failed to load resource: the server responded with a status of 404 (Not Found) @ http://localhost:3003/api/auth/user/to-json:0
[  376300ms] [ERROR] Failed to load resource: the server responded with a status of 404 (Not Found) @ http://localhost:3003/api/auth/logged-in/to-json:0
[  376305ms] [ERROR] Failed to load resource: the server responded with a status of 404 (Not Found) @ http://localhost:3003/api/auth/logged-in/to-json:0
[  376310ms] [ERROR] Failed to load resource: the server responded with a status of 404 (Not Found) @ http://localhost:3003/api/auth/user/to-json:0
[  376313ms] [ERROR] Failed to load resource: the server responded with a status of 404 (Not Found) @ http://localhost:3003/api/auth/logged-in/to-json:0
[  376316ms] [ERROR] Failed to load resource: the server responded with a status of 404 (Not Found) @ http://localhost:3003/api/auth/user/to-json:0
[  378288ms] [ERROR] Connecting to 'https://o996770.ingest.us.sentry.io/api/5955273/envelope/?sentry_version=7&sentry_key=df1b90fab7c44ce8aef097a63b468d61&sentry_client=sentry.javascript.nuxt%2F10.70.0' violates the following Content Security Policy directive: "connect-src 'self' https://*.mux.com https://cms.meeovicms.com". The action has been blocked. @ http://localhost:3003/connect/space/meeovi-news:0
[  378289ms] [ERROR] Fetch API cannot load https://o996770.ingest.us.sentry.io/api/5955273/envelope/?sentry_version=7&sentry_key=df1b90fab7c44ce8aef097a63b468d61&sentry_client=sentry.javascript.nuxt%2F10.70.0. Refused to connect because it violates the document's Content Security Policy. @ http://localhost:3003/connect/space/meeovi-news:0
[  378644ms] [WARNING] [NUXT_E3003] `useAsyncData`/`useFetch` was called after the component had already mounted, so the data fetch cannot be awaited during setup.
╰▶ fix: Use `$fetch()` for requests triggered after mount (e.g. in event handlers), or call `useAsyncData`/`useFetch` in the `setup()` function. @ http://localhost:3003/_nuxt/@vite/client:528
[  423788ms] [ERROR] Failed to load resource: the server responded with a status of 404 () @ https://res.cloudinary.com/nuxt-cloudinary/image/upload/f_auto,q_auto/images/display-2.png:0
[  424973ms] [ERROR] Failed to load resource: net::ERR_FAILED @ https://www.googletagmanager.com/gtag/js?id:0
[  424973ms] [ERROR] Failed to load resource: net::ERR_FAILED @ https://pagead2.googlesyndication.com/pagead/js/adsbygoogle.js:0
[  424974ms] [ERROR] Failed to load resource: net::ERR_FAILED @ https://analytics.tiktok.com/i18n/pixel/events.js?sdkid&lib=ttq:0
[  425491ms] [ERROR] Failed to load resource: net::ERR_FAILED @ http://localhost:3003/_nuxt/@fs/home/meebuzo/github/alternate-framework/node_modules/@nuxt/scripts/dist/runtime/registry/gravatar.js?v=193f35c6:0
[  425530ms] Failed to fetch dynamically imported module: http://localhost:3003/_nuxt/@fs/home/meebuzo/github/alternate-framework/node_modules/nuxt/dist/app/entry.js?v=193f35c6
[  425493ms] [ERROR] Failed to load resource: net::ERR_FAILED @ http://localhost:3003/_nuxt/@fs/home/meebuzo/github/alternate-framework/node_modules/@nuxt/scripts/dist/runtime/registry/snapchat-pixel.js?v=193f35c6:0
[  429301ms] [WARNING] The resource http://localhost:3003/_scripts/assets/feee309636b01acc.js was preloaded using link preload but not used within a few seconds from the window's load event. Please make sure it has an appropriate `as` value and it is preloaded intentionally. @ http://localhost:3003/connect/space/meeovi-news:0
[  429301ms] [WARNING] The resource http://localhost:3003/_scripts/assets/3ba1c8cb5aefb57e.js was preloaded using link preload but not used within a few seconds from the window's load event. Please make sure it has an appropriate `as` value and it is preloaded intentionally. @ http://localhost:3003/connect/space/meeovi-news:0
[  429301ms] [WARNING] The resource https://analytics.tiktok.com/i18n/pixel/events.js?sdkid&lib=ttq was preloaded using link preload but not used within a few seconds from the window's load event. Please make sure it has an appropriate `as` value and it is preloaded intentionally. @ http://localhost:3003/connect/space/meeovi-news:0
[  429301ms] [WARNING] The resource https://assets.lemonsqueezy.com/lemon.js was preloaded using link preload but not used within a few seconds from the window's load event. Please make sure it has an appropriate `as` value and it is preloaded intentionally. @ http://localhost:3003/connect/space/meeovi-news:0
[  429301ms] [WARNING] The resource http://localhost:3003/_scripts/assets/fe8cbeeffb0a8e5e.js was preloaded using link preload but not used within a few seconds from the window's load event. Please make sure it has an appropriate `as` value and it is preloaded intentionally. @ http://localhost:3003/connect/space/meeovi-news:0
[  429301ms] [WARNING] The resource http://localhost:3003/_scripts/assets/58fb2ff567cc7d51.js?id=GTM-MQ4JC38D was preloaded using link preload but not used within a few seconds from the window's load event. Please make sure it has an appropriate `as` value and it is preloaded intentionally. @ http://localhost:3003/connect/space/meeovi-news:0
[  429301ms] [WARNING] The resource https://pagead2.googlesyndication.com/pagead/js/adsbygoogle.js was preloaded using link preload but not used within a few seconds from the window's load event. Please make sure it has an appropriate `as` value and it is preloaded intentionally. @ http://localhost:3003/connect/space/meeovi-news:0
[  429301ms] [WARNING] The resource http://localhost:3003/_scripts/assets/c7c9dcf09224020c.js was preloaded using link preload but not used within a few seconds from the window's load event. Please make sure it has an appropriate `as` value and it is preloaded intentionally. @ http://localhost:3003/connect/space/meeovi-news:0
[  429301ms] [WARNING] The resource https://www.googletagmanager.com/gtag/js?id was preloaded using link preload but not used within a few seconds from the window's load event. Please make sure it has an appropriate `as` value and it is preloaded intentionally. @ http://localhost:3003/connect/space/meeovi-news:0
[  429301ms] [WARNING] The resource http://localhost:3003/_scripts/assets/ef9a88f29a1695ad.js was preloaded using link preload but not used within a few seconds from the window's load event. Please make sure it has an appropriate `as` value and it is preloaded intentionally. @ http://localhost:3003/connect/space/meeovi-news:0
[  429302ms] [WARNING] The resource https://js.stripe.com/basil/stripe.js was preloaded using link preload but not used within a few seconds from the window's load event. Please make sure it has an appropriate `as` value and it is preloaded intentionally. @ http://localhost:3003/connect/space/meeovi-news:0
[  429302ms] [WARNING] The resource https://www.google.com/recaptcha/api.js?render=6LefSp8pAAAAAPTNjynL-drL6LWYuwEJ7LzDh01O was preloaded using link preload but not used within a few seconds from the window's load event. Please make sure it has an appropriate `as` value and it is preloaded intentionally. @ http://localhost:3003/connect/space/meeovi-news:0
[  429302ms] [WARNING] The resource http://localhost:3003/_scripts/assets/31161def553efafd.js was preloaded using link preload but not used within a few seconds from the window's load event. Please make sure it has an appropriate `as` value and it is preloaded intentionally. @ http://localhost:3003/connect/space/meeovi-news:0
[  429302ms] [WARNING] The resource https://www.sandbox.paypal.com/web-sdk/v6/core was preloaded using link preload but not used within a few seconds from the window's load event. Please make sure it has an appropriate `as` value and it is preloaded intentionally. @ http://localhost:3003/connect/space/meeovi-news:0
[  456494ms] [ERROR] Failed to load resource: the server responded with a status of 404 () @ https://res.cloudinary.com/nuxt-cloudinary/image/upload/f_auto,q_auto/images/display-2.png:0
[  457478ms] [ERROR] Failed to load resource: net::ERR_FAILED @ https://www.googletagmanager.com/gtag/js?id:0
[  457481ms] [ERROR] Failed to load resource: net::ERR_FAILED @ https://pagead2.googlesyndication.com/pagead/js/adsbygoogle.js:0
[  457484ms] [ERROR] Failed to load resource: net::ERR_FAILED @ https://analytics.tiktok.com/i18n/pixel/events.js?sdkid&lib=ttq:0
[  458127ms] [ERROR] Failed to load resource: net::ERR_FAILED @ http://localhost:3003/_nuxt/@fs/home/meebuzo/github/alternate-framework/node_modules/@nuxt/scripts/dist/runtime/registry/gravatar.js?v=193f35c6:0
[  458153ms] Failed to fetch dynamically imported module: http://localhost:3003/_nuxt/@fs/home/meebuzo/github/alternate-framework/node_modules/nuxt/dist/app/entry.js?v=193f35c6
[  458148ms] [ERROR] Failed to load resource: net::ERR_FAILED @ http://localhost:3003/_nuxt/@fs/home/meebuzo/github/alternate-framework/node_modules/@nuxt/scripts/dist/runtime/registry/snapchat-pixel.js?v=193f35c6:0
[  461497ms] [WARNING] The resource http://localhost:3003/_scripts/assets/feee309636b01acc.js was preloaded using link preload but not used within a few seconds from the window's load event. Please make sure it has an appropriate `as` value and it is preloaded intentionally. @ http://localhost:3003/connect/space/meeovi-news:0
[  461497ms] [WARNING] The resource http://localhost:3003/_scripts/assets/3ba1c8cb5aefb57e.js was preloaded using link preload but not used within a few seconds from the window's load event. Please make sure it has an appropriate `as` value and it is preloaded intentionally. @ http://localhost:3003/connect/space/meeovi-news:0
[  461497ms] [WARNING] The resource https://analytics.tiktok.com/i18n/pixel/events.js?sdkid&lib=ttq was preloaded using link preload but not used within a few seconds from the window's load event. Please make sure it has an appropriate `as` value and it is preloaded intentionally. @ http://localhost:3003/connect/space/meeovi-news:0
[  461497ms] [WARNING] The resource https://assets.lemonsqueezy.com/lemon.js was preloaded using link preload but not used within a few seconds from the window's load event. Please make sure it has an appropriate `as` value and it is preloaded intentionally. @ http://localhost:3003/connect/space/meeovi-news:0
[  461497ms] [WARNING] The resource http://localhost:3003/_scripts/assets/fe8cbeeffb0a8e5e.js was preloaded using link preload but not used within a few seconds from the window's load event. Please make sure it has an appropriate `as` value and it is preloaded intentionally. @ http://localhost:3003/connect/space/meeovi-news:0
[  461497ms] [WARNING] The resource http://localhost:3003/_scripts/assets/58fb2ff567cc7d51.js?id=GTM-MQ4JC38D was preloaded using link preload but not used within a few seconds from the window's load event. Please make sure it has an appropriate `as` value and it is preloaded intentionally. @ http://localhost:3003/connect/space/meeovi-news:0
[  461497ms] [WARNING] The resource https://pagead2.googlesyndication.com/pagead/js/adsbygoogle.js was preloaded using link preload but not used within a few seconds from the window's load event. Please make sure it has an appropriate `as` value and it is preloaded intentionally. @ http://localhost:3003/connect/space/meeovi-news:0
[  461497ms] [WARNING] The resource http://localhost:3003/_scripts/assets/c7c9dcf09224020c.js was preloaded using link preload but not used within a few seconds from the window's load event. Please make sure it has an appropriate `as` value and it is preloaded intentionally. @ http://localhost:3003/connect/space/meeovi-news:0
[  461497ms] [WARNING] The resource https://www.googletagmanager.com/gtag/js?id was preloaded using link preload but not used within a few seconds from the window's load event. Please make sure it has an appropriate `as` value and it is preloaded intentionally. @ http://localhost:3003/connect/space/meeovi-news:0
[  461497ms] [WARNING] The resource http://localhost:3003/_scripts/assets/ef9a88f29a1695ad.js was preloaded using link preload but not used within a few seconds from the window's load event. Please make sure it has an appropriate `as` value and it is preloaded intentionally. @ http://localhost:3003/connect/space/meeovi-news:0
[  461497ms] [WARNING] The resource https://js.stripe.com/basil/stripe.js was preloaded using link preload but not used within a few seconds from the window's load event. Please make sure it has an appropriate `as` value and it is preloaded intentionally. @ http://localhost:3003/connect/space/meeovi-news:0
[  461498ms] [WARNING] The resource https://www.google.com/recaptcha/api.js?render=6LefSp8pAAAAAPTNjynL-drL6LWYuwEJ7LzDh01O was preloaded using link preload but not used within a few seconds from the window's load event. Please make sure it has an appropriate `as` value and it is preloaded intentionally. @ http://localhost:3003/connect/space/meeovi-news:0
[  461498ms] [WARNING] The resource http://localhost:3003/_scripts/assets/31161def553efafd.js was preloaded using link preload but not used within a few seconds from the window's load event. Please make sure it has an appropriate `as` value and it is preloaded intentionally. @ http://localhost:3003/connect/space/meeovi-news:0
[  461498ms] [WARNING] The resource https://www.sandbox.paypal.com/web-sdk/v6/core was preloaded using link preload but not used within a few seconds from the window's load event. Please make sure it has an appropriate `as` value and it is preloaded intentionally. @ http://localhost:3003/connect/space/meeovi-news:0
[  488240ms] [ERROR] Failed to load resource: the server responded with a status of 404 () @ https://res.cloudinary.com/nuxt-cloudinary/image/upload/f_auto,q_auto/images/display-2.png:0
[  489493ms] [ERROR] Failed to load resource: net::ERR_FAILED @ https://www.googletagmanager.com/gtag/js?id:0
[  504635ms] [INFO] <Suspense> is an experimental feature and its API will likely change. @ http://localhost:3003/_nuxt/@fs/home/meebuzo/github/alternate-framework/node_modules/@sentry/core/build/esm/instrument/console.js?v=193f35c6:44
[  504823ms] [LOG] ✨ %cNuxt DevTools %c Press Shift + Alt + D to open DevTools color: black; border-radius: 3px 0 0 3px; padding: 2px 2px 1px 10px; background: #00DC82 border-radius: 0 3px 3px 0; padding: 2px 10px 1px 2px; background: #00DC8220  @ http://localhost:3003/_nuxt/@fs/home/meebuzo/github/alternate-framework/node_modules/@sentry/core/build/esm/instrument/console.js?v=193f35c6:44
[  505300ms] [WARNING] [nuxt] [image] Density values above `2` are not recommended. See https://observablehq.com/@eeeps/visual-acuity-and-device-pixel-ratio. @ http://localhost:3003/_nuxt/@vite/client:528
[  505307ms] [WARNING] [Vue warn]: Slot "default" invoked outside of the render function: this will not track dependencies used in the slot. Invoke the slot function inside the render function instead. 
  at <VDefaultsProvider key="content-defaults" disabled=true defaults= {VIcon: Object} > 
  at <VBtn symbol= Symbol(vuetify:v-tabs) ref=Ref< undefined > class="v-tab"  ... > 
  at <VTab > 
  at <VSlideGroup centerActive=true scrollToActive=true contentClass=undefined  ... > 
  at <VTabs modelValue=null onUpdate:modelValue=fn center-active=""  ... > 
  at <VCard height="75" variant="text" > 
  at <MenusLivebarLive> 
  at <VCol> 
  at <VRow> 
  at <VMain> 
  at <VApp theme="light" class="auto-text" > 
  at <VResponsive class="border rounded" > 
  at <Default ref=Ref< undefined > > 
  at <AsyncComponentWrapper ref=Ref< undefined > > 
  at <LayoutLoader key="default" layoutProps= {ref: RefImpl} name="default" > 
  at <NuxtLayoutProvider layoutProps= {ref: RefImpl} key="default" name="default"  ... > 
  at <NuxtLayout > 
  at <App key=4 > 
  at <NuxtRoot> @ http://localhost:3003/_nuxt/@vite/client:528
[  505309ms] [WARNING] [Vue warn]: Slot "default" invoked outside of the render function: this will not track dependencies used in the slot. Invoke the slot function inside the render function instead. 
  at <VDefaultsProvider key="content-defaults" disabled=true defaults= {VIcon: Object} > 
  at <VBtn symbol= Symbol(vuetify:v-tabs) ref=Ref< undefined > class="v-tab"  ... > 
  at <VTab > 
  at <VSlideGroup centerActive=true scrollToActive=true contentClass=undefined  ... > 
  at <VTabs modelValue=null onUpdate:modelValue=fn center-active=""  ... > 
  at <VCard height="75" variant="text" > 
  at <MenusLivebarLive> 
  at <VCol> 
  at <VRow> 
  at <VMain> 
  at <VApp theme="light" class="auto-text" > 
  at <VResponsive class="border rounded" > 
  at <Default ref=Ref< undefined > > 
  at <AsyncComponentWrapper ref=Ref< undefined > > 
  at <LayoutLoader key="default" layoutProps= {ref: RefImpl} name="default" > 
  at <NuxtLayoutProvider layoutProps= {ref: RefImpl} key="default" name="default"  ... > 
  at <NuxtLayout > 
  at <App key=4 > 
  at <NuxtRoot> @ http://localhost:3003/_nuxt/@vite/client:528
[  505315ms] [WARNING] [Vue warn]: Slot "default" invoked outside of the render function: this will not track dependencies used in the slot. Invoke the slot function inside the render function instead. 
  at <VDefaultsProvider key="content-defaults" disabled=true defaults= {VIcon: Object} > 
  at <VBtn symbol= Symbol(vuetify:v-tabs) ref=Ref< undefined > class="v-tab"  ... > 
  at <VTab > 
  at <VSlideGroup centerActive=true scrollToActive=true contentClass=undefined  ... > 
  at <VTabs modelValue=null onUpdate:modelValue=fn center-active=""  ... > 
  at <VCard height="75" variant="text" > 
  at <MenusLivebarLive> 
  at <VCol> 
  at <VRow> 
  at <VMain> 
  at <VApp theme="light" class="auto-text" > 
  at <VResponsive class="border rounded" > 
  at <Default ref=Ref< undefined > > 
  at <AsyncComponentWrapper ref=Ref< undefined > > 
  at <LayoutLoader key="default" layoutProps= {ref: RefImpl} name="default" > 
  at <NuxtLayoutProvider layoutProps= {ref: RefImpl} key="default" name="default"  ... > 
  at <NuxtLayout > 
  at <App key=4 > 
  at <NuxtRoot> @ http://localhost:3003/_nuxt/@vite/client:528
[  505316ms] [WARNING] [Vue warn]: Slot "default" invoked outside of the render function: this will not track dependencies used in the slot. Invoke the slot function inside the render function instead. 
  at <VDefaultsProvider key="content-defaults" disabled=true defaults= {VIcon: Object} > 
  at <VBtn symbol= Symbol(vuetify:v-tabs) ref=Ref< undefined > class="v-tab"  ... > 
  at <VTab > 
  at <VSlideGroup centerActive=true scrollToActive=true contentClass=undefined  ... > 
  at <VTabs modelValue=null onUpdate:modelValue=fn center-active=""  ... > 
  at <VCard height="75" variant="text" > 
  at <MenusLivebarLive> 
  at <VCol> 
  at <VRow> 
  at <VMain> 
  at <VApp theme="light" class="auto-text" > 
  at <VResponsive class="border rounded" > 
  at <Default ref=Ref< undefined > > 
  at <AsyncComponentWrapper ref=Ref< undefined > > 
  at <LayoutLoader key="default" layoutProps= {ref: RefImpl} name="default" > 
  at <NuxtLayoutProvider layoutProps= {ref: RefImpl} key="default" name="default"  ... > 
  at <NuxtLayout > 
  at <App key=4 > 
  at <NuxtRoot> @ http://localhost:3003/_nuxt/@vite/client:528
[  505320ms] [WARNING] [Vue warn]: Slot "default" invoked outside of the render function: this will not track dependencies used in the slot. Invoke the slot function inside the render function instead. 
  at <VDefaultsProvider key="content-defaults" defaults= {VImg: Object, VIcon: Object} > 
  at <VAvatar ref_for=true ref=fn<fn> onClick=fn<onClick>  ... > 
  at <VOverlay ref=Ref< undefined > class="v-dialog" style= {}  ... > 
  at <VDialog modelValue=false onUpdate:modelValue=fn transition="dialog-bottom-transition" > 
  at <VDefaultsProvider key="content-defaults" disabled=true defaults= {VIcon: Object} > 
  at <VBtn symbol= Symbol(vuetify:v-tabs) ref=Ref< undefined > class="v-tab"  ... > 
  at <VTab > 
  at <VSlideGroup centerActive=true scrollToActive=true contentClass=undefined  ... > 
  at <VTabs modelValue=null onUpdate:modelValue=fn center-active=""  ... > 
  at <VCard height="75" variant="text" > 
  at <MenusLivebarLive> 
  at <VCol> 
  at <VRow> 
  at <VMain> 
  at <VApp theme="light" class="auto-text" > 
  at <VResponsive class="border rounded" > 
  at <Default ref=Ref< undefined > > 
  at <AsyncComponentWrapper ref=Ref< undefined > > 
  at <LayoutLoader key="default" layoutProps= {ref: RefImpl} name="default" > 
  at <NuxtLayoutProvider layoutProps= {ref: RefImpl} key="default" name="default"  ... > 
  at <NuxtLayout > 
  at <App key=4 > 
  at <NuxtRoot> @ http://localhost:3003/_nuxt/@vite/client:528
[  505766ms] [WARNING] [Vue warn]: Slot "default" invoked outside of the render function: this will not track dependencies used in the slot. Invoke the slot function inside the render function instead. 
  at <VDefaultsProvider key="content-defaults" disabled=true defaults= {VIcon: Object} > 
  at <VBtn symbol= Symbol(vuetify:v-tabs) ref=Ref< undefined > class="v-tab"  ... > 
  at <VTab value="one" > 
  at <VSlideGroup centerActive=false scrollToActive=true contentClass=undefined  ... > 
  at <VTabs modelValue=null onUpdate:modelValue=fn align-tabs="center"  ... > 
  at <VSheet > 
  at <VCard elevation="0" > 
  at <[...slug] onVnodeUnmounted=fn<onVnodeUnmounted> ref=Ref< undefined > > 
  at <RouteProvider key="/connect/space/meeovi-news" vnode= {__v_isVNode: true, __v_skip: true, type: Object, props: Object, key: null} route= {fullPath: /connect/space/meeovi-news, hash: , query: Object, name: connect-space-slug___en, path: /connect/space/meeovi-news}  ... > 
  at <RouterView name=undefined route=undefined > 
  at <NuxtPage > 
  at <VMain> 
  at <VApp theme="light" class="auto-text" > 
  at <VResponsive class="border rounded" > 
  at <Default ref=Ref< undefined > > 
  at <AsyncComponentWrapper ref=Ref< undefined > > 
  at <LayoutLoader key="default" layoutProps= {ref: RefImpl} name="default" > 
  at <NuxtLayoutProvider layoutProps= {ref: RefImpl} key="default" name="default"  ... > 
  at <NuxtLayout > 
  at <App key=4 > 
  at <NuxtRoot> @ http://localhost:3003/_nuxt/@vite/client:528
[  506985ms] [WARNING] [Vue warn]: Slot "default" invoked outside of the render function: this will not track dependencies used in the slot. Invoke the slot function inside the render function instead. 
  at <VDefaultsProvider key="content-defaults" disabled=true defaults= {VIcon: Object} > 
  at <VBtn symbol= Symbol(vuetify:v-tabs) ref=Ref< undefined > class="v-tab"  ... > 
  at <VTab value="one" > 
  at <VSlideGroup centerActive=false scrollToActive=true contentClass=undefined  ... > 
  at <VTabs modelValue=null onUpdate:modelValue=fn align-tabs="center"  ... > 
  at <VSheet > 
  at <VCard elevation="0" > 
  at <[...slug] onVnodeUnmounted=fn<onVnodeUnmounted> ref=Ref< undefined > > 
  at <RouteProvider key="/connect/space/meeovi-news" vnode= {__v_isVNode: true, __v_skip: true, type: Object, props: Object, key: null} route= {fullPath: /connect/space/meeovi-news, hash: , query: Object, name: connect-space-slug___en, path: /connect/space/meeovi-news}  ... > 
  at <RouterView name=undefined route=undefined > 
  at <NuxtPage > 
  at <VMain> 
  at <VApp theme="light" class="auto-text" > 
  at <VResponsive class="border rounded" > 
  at <Default ref=Ref< undefined > > 
  at <AsyncComponentWrapper ref=Ref< undefined > > 
  at <LayoutLoader key="default" layoutProps= {ref: RefImpl} name="default" > 
  at <NuxtLayoutProvider layoutProps= {ref: RefImpl} key="default" name="default"  ... > 
  at <NuxtLayout > 
  at <App key=4 > 
  at <NuxtRoot> @ http://localhost:3003/_nuxt/@vite/client:528
[  508327ms] [WARNING] [Vue warn]: Slot "default" invoked outside of the render function: this will not track dependencies used in the slot. Invoke the slot function inside the render function instead. 
  at <VDefaultsProvider key="content-defaults" disabled=true defaults= {VIcon: Object} > 
  at <VBtn symbol= Symbol(vuetify:v-tabs) ref=Ref< undefined > class="v-tab"  ... > 
  at <VTab value="two" > 
  at <VSlideGroup centerActive=false scrollToActive=true contentClass=undefined  ... > 
  at <VTabs modelValue=null onUpdate:modelValue=fn align-tabs="center"  ... > 
  at <VSheet > 
  at <VCard elevation="0" > 
  at <[...slug] onVnodeUnmounted=fn<onVnodeUnmounted> ref=Ref< undefined > > 
  at <RouteProvider key="/connect/space/meeovi-news" vnode= {__v_isVNode: true, __v_skip: true, type: Object, props: Object, key: null} route= {fullPath: /connect/space/meeovi-news, hash: , query: Object, name: connect-space-slug___en, path: /connect/space/meeovi-news}  ... > 
  at <RouterView name=undefined route=undefined > 
  at <NuxtPage > 
  at <VMain> 
  at <VApp theme="light" class="auto-text" > 
  at <VResponsive class="border rounded" > 
  at <Default ref=Ref< undefined > > 
  at <AsyncComponentWrapper ref=Ref< undefined > > 
  at <LayoutLoader key="default" layoutProps= {ref: RefImpl} name="default" > 
  at <NuxtLayoutProvider layoutProps= {ref: RefImpl} key="default" name="default"  ... > 
  at <NuxtLayout > 
  at <App key=4 > 
  at <NuxtRoot> @ http://localhost:3003/_nuxt/@vite/client:528
[  509549ms] [WARNING] [Vue warn]: Slot "default" invoked outside of the render function: this will not track dependencies used in the slot. Invoke the slot function inside the render function instead. 
  at <VDefaultsProvider key="content-defaults" disabled=true defaults= {VIcon: Object} > 
  at <VBtn symbol= Symbol(vuetify:v-tabs) ref=Ref< undefined > class="v-tab"  ... > 
  at <VTab value="two" > 
  at <VSlideGroup centerActive=false scrollToActive=true contentClass=undefined  ... > 
  at <VTabs modelValue=null onUpdate:modelValue=fn align-tabs="center"  ... > 
  at <VSheet > 
  at <VCard elevation="0" > 
  at <[...slug] onVnodeUnmounted=fn<onVnodeUnmounted> ref=Ref< undefined > > 
  at <RouteProvider key="/connect/space/meeovi-news" vnode= {__v_isVNode: true, __v_skip: true, type: Object, props: Object, key: null} route= {fullPath: /connect/space/meeovi-news, hash: , query: Object, name: connect-space-slug___en, path: /connect/space/meeovi-news}  ... > 
  at <RouterView name=undefined route=undefined > 
  at <NuxtPage > 
  at <VMain> 
  at <VApp theme="light" class="auto-text" > 
  at <VResponsive class="border rounded" > 
  at <Default ref=Ref< undefined > > 
  at <AsyncComponentWrapper ref=Ref< undefined > > 
  at <LayoutLoader key="default" layoutProps= {ref: RefImpl} name="default" > 
  at <NuxtLayoutProvider layoutProps= {ref: RefImpl} key="default" name="default"  ... > 
  at <NuxtLayout > 
  at <App key=4 > 
  at <NuxtRoot> @ http://localhost:3003/_nuxt/@vite/client:528
[  510894ms] [WARNING] [Vue warn]: Slot "default" invoked outside of the render function: this will not track dependencies used in the slot. Invoke the slot function inside the render function instead. 
  at <VDefaultsProvider key="content-defaults" disabled=true defaults= {VIcon: Object} > 
  at <VBtn symbol= Symbol(vuetify:v-tabs) ref=Ref< undefined > class="v-tab"  ... > 
  at <VTab value="three" > 
  at <VSlideGroup centerActive=false scrollToActive=true contentClass=undefined  ... > 
  at <VTabs modelValue=null onUpdate:modelValue=fn align-tabs="center"  ... > 
  at <VSheet > 
  at <VCard elevation="0" > 
  at <[...slug] onVnodeUnmounted=fn<onVnodeUnmounted> ref=Ref< undefined > > 
  at <RouteProvider key="/connect/space/meeovi-news" vnode= {__v_isVNode: true, __v_skip: true, type: Object, props: Object, key: null} route= {fullPath: /connect/space/meeovi-news, hash: , query: Object, name: connect-space-slug___en, path: /connect/space/meeovi-news}  ... > 
  at <RouterView name=undefined route=undefined > 
  at <NuxtPage > 
  at <VMain> 
  at <VApp theme="light" class="auto-text" > 
  at <VResponsive class="border rounded" > 
  at <Default ref=Ref< undefined > > 
  at <AsyncComponentWrapper ref=Ref< undefined > > 
  at <LayoutLoader key="default" layoutProps= {ref: RefImpl} name="default" > 
  at <NuxtLayoutProvider layoutProps= {ref: RefImpl} key="default" name="default"  ... > 
  at <NuxtLayout > 
  at <App key=4 > 
  at <NuxtRoot> @ http://localhost:3003/_nuxt/@vite/client:528
[  512369ms] [WARNING] [Vue warn]: Slot "default" invoked outside of the render function: this will not track dependencies used in the slot. Invoke the slot function inside the render function instead. 
  at <VDefaultsProvider key="content-defaults" disabled=true defaults= {VIcon: Object} > 
  at <VBtn symbol= Symbol(vuetify:v-tabs) ref=Ref< undefined > class="v-tab"  ... > 
  at <VTab value="three" > 
  at <VSlideGroup centerActive=false scrollToActive=true contentClass=undefined  ... > 
  at <VTabs modelValue=null onUpdate:modelValue=fn align-tabs="center"  ... > 
  at <VSheet > 
  at <VCard elevation="0" > 
  at <[...slug] onVnodeUnmounted=fn<onVnodeUnmounted> ref=Ref< undefined > > 
  at <RouteProvider key="/connect/space/meeovi-news" vnode= {__v_isVNode: true, __v_skip: true, type: Object, props: Object, key: null} route= {fullPath: /connect/space/meeovi-news, hash: , query: Object, name: connect-space-slug___en, path: /connect/space/meeovi-news}  ... > 
  at <RouterView name=undefined route=undefined > 
  at <NuxtPage > 
  at <VMain> 
  at <VApp theme="light" class="auto-text" > 
  at <VResponsive class="border rounded" > 
  at <Default ref=Ref< undefined > > 
  at <AsyncComponentWrapper ref=Ref< undefined > > 
  at <LayoutLoader key="default" layoutProps= {ref: RefImpl} name="default" > 
  at <NuxtLayoutProvider layoutProps= {ref: RefImpl} key="default" name="default"  ... > 
  at <NuxtLayout > 
  at <App key=4 > 
  at <NuxtRoot> @ http://localhost:3003/_nuxt/@vite/client:528
[  513724ms] [WARNING] [Vue warn]: Slot "default" invoked outside of the render function: this will not track dependencies used in the slot. Invoke the slot function inside the render function instead. 
  at <VDefaultsProvider key="content-defaults" disabled=true defaults= {VIcon: Object} > 
  at <VBtn symbol= Symbol(vuetify:v-tabs) ref=Ref< undefined > class="v-tab"  ... > 
  at <VTab value="four" > 
  at <VSlideGroup centerActive=false scrollToActive=true contentClass=undefined  ... > 
  at <VTabs modelValue=null onUpdate:modelValue=fn align-tabs="center"  ... > 
  at <VSheet > 
  at <VCard elevation="0" > 
  at <[...slug] onVnodeUnmounted=fn<onVnodeUnmounted> ref=Ref< undefined > > 
  at <RouteProvider key="/connect/space/meeovi-news" vnode= {__v_isVNode: true, __v_skip: true, type: Object, props: Object, key: null} route= {fullPath: /connect/space/meeovi-news, hash: , query: Object, name: connect-space-slug___en, path: /connect/space/meeovi-news}  ... > 
  at <RouterView name=undefined route=undefined > 
  at <NuxtPage > 
  at <VMain> 
  at <VApp theme="light" class="auto-text" > 
  at <VResponsive class="border rounded" > 
  at <Default ref=Ref< undefined > > 
  at <AsyncComponentWrapper ref=Ref< undefined > > 
  at <LayoutLoader key="default" layoutProps= {ref: RefImpl} name="default" > 
  at <NuxtLayoutProvider layoutProps= {ref: RefImpl} key="default" name="default"  ... > 
  at <NuxtLayout > 
  at <App key=4 > 
  at <NuxtRoot> @ http://localhost:3003/_nuxt/@vite/client:528
[  514978ms] [WARNING] [Vue warn]: Slot "default" invoked outside of the render function: this will not track dependencies used in the slot. Invoke the slot function inside the render function instead. 
  at <VDefaultsProvider key="content-defaults" disabled=true defaults= {VIcon: Object} > 
  at <VBtn symbol= Symbol(vuetify:v-tabs) ref=Ref< undefined > class="v-tab"  ... > 
  at <VTab value="four" > 
  at <VSlideGroup centerActive=false scrollToActive=true contentClass=undefined  ... > 
  at <VTabs modelValue=null onUpdate:modelValue=fn align-tabs="center"  ... > 
  at <VSheet > 
  at <VCard elevation="0" > 
  at <[...slug] onVnodeUnmounted=fn<onVnodeUnmounted> ref=Ref< undefined > > 
  at <RouteProvider key="/connect/space/meeovi-news" vnode= {__v_isVNode: true, __v_skip: true, type: Object, props: Object, key: null} route= {fullPath: /connect/space/meeovi-news, hash: , query: Object, name: connect-space-slug___en, path: /connect/space/meeovi-news}  ... > 
  at <RouterView name=undefined route=undefined > 
  at <NuxtPage > 
  at <VMain> 
  at <VApp theme="light" class="auto-text" > 
  at <VResponsive class="border rounded" > 
  at <Default ref=Ref< undefined > > 
  at <AsyncComponentWrapper ref=Ref< undefined > > 
  at <LayoutLoader key="default" layoutProps= {ref: RefImpl} name="default" > 
  at <NuxtLayoutProvider layoutProps= {ref: RefImpl} key="default" name="default"  ... > 
  at <NuxtLayout > 
  at <App key=4 > 
  at <NuxtRoot> @ http://localhost:3003/_nuxt/@vite/client:528
[  516458ms] [WARNING] [Vue warn]: Slot "default" invoked outside of the render function: this will not track dependencies used in the slot. Invoke the slot function inside the render function instead. 
  at <VDefaultsProvider key="content-defaults" disabled=true defaults= {VIcon: Object} > 
  at <VBtn symbol= Symbol(vuetify:v-tabs) ref=Ref< undefined > class="v-tab"  ... > 
  at <VTab value="five" > 
  at <VSlideGroup centerActive=false scrollToActive=true contentClass=undefined  ... > 
  at <VTabs modelValue=null onUpdate:modelValue=fn align-tabs="center"  ... > 
  at <VSheet > 
  at <VCard elevation="0" > 
  at <[...slug] onVnodeUnmounted=fn<onVnodeUnmounted> ref=Ref< undefined > > 
  at <RouteProvider key="/connect/space/meeovi-news" vnode= {__v_isVNode: true, __v_skip: true, type: Object, props: Object, key: null} route= {fullPath: /connect/space/meeovi-news, hash: , query: Object, name: connect-space-slug___en, path: /connect/space/meeovi-news}  ... > 
  at <RouterView name=undefined route=undefined > 
  at <NuxtPage > 
  at <VMain> 
  at <VApp theme="light" class="auto-text" > 
  at <VResponsive class="border rounded" > 
  at <Default ref=Ref< undefined > > 
  at <AsyncComponentWrapper ref=Ref< undefined > > 
  at <LayoutLoader key="default" layoutProps= {ref: RefImpl} name="default" > 
  at <NuxtLayoutProvider layoutProps= {ref: RefImpl} key="default" name="default"  ... > 
  at <NuxtLayout > 
  at <App key=4 > 
  at <NuxtRoot> @ http://localhost:3003/_nuxt/@vite/client:528
[  517989ms] [WARNING] [Vue warn]: Slot "default" invoked outside of the render function: this will not track dependencies used in the slot. Invoke the slot function inside the render function instead. 
  at <VDefaultsProvider key="content-defaults" disabled=true defaults= {VIcon: Object} > 
  at <VBtn symbol= Symbol(vuetify:v-tabs) ref=Ref< undefined > class="v-tab"  ... > 
  at <VTab value="five" > 
  at <VSlideGroup centerActive=false scrollToActive=true contentClass=undefined  ... > 
  at <VTabs modelValue=null onUpdate:modelValue=fn align-tabs="center"  ... > 
  at <VSheet > 
  at <VCard elevation="0" > 
  at <[...slug] onVnodeUnmounted=fn<onVnodeUnmounted> ref=Ref< undefined > > 
  at <RouteProvider key="/connect/space/meeovi-news" vnode= {__v_isVNode: true, __v_skip: true, type: Object, props: Object, key: null} route= {fullPath: /connect/space/meeovi-news, hash: , query: Object, name: connect-space-slug___en, path: /connect/space/meeovi-news}  ... > 
  at <RouterView name=undefined route=undefined > 
  at <NuxtPage > 
  at <VMain> 
  at <VApp theme="light" class="auto-text" > 
  at <VResponsive class="border rounded" > 
  at <Default ref=Ref< undefined > > 
  at <AsyncComponentWrapper ref=Ref< undefined > > 
  at <LayoutLoader key="default" layoutProps= {ref: RefImpl} name="default" > 
  at <NuxtLayoutProvider layoutProps= {ref: RefImpl} key="default" name="default"  ... > 
  at <NuxtLayout > 
  at <App key=4 > 
  at <NuxtRoot> @ http://localhost:3003/_nuxt/@vite/client:528
[  519455ms] [WARNING] [Vue warn]: Slot "default" invoked outside of the render function: this will not track dependencies used in the slot. Invoke the slot function inside the render function instead. 
  at <VDefaultsProvider key="content-defaults" disabled=true defaults= {VIcon: Object} > 
  at <VBtn symbol= Symbol(vuetify:v-tabs) ref=Ref< undefined > class="v-tab"  ... > 
  at <VTab value="six" > 
  at <VSlideGroup centerActive=false scrollToActive=true contentClass=undefined  ... > 
  at <VTabs modelValue=null onUpdate:modelValue=fn align-tabs="center"  ... > 
  at <VSheet > 
  at <VCard elevation="0" > 
  at <[...slug] onVnodeUnmounted=fn<onVnodeUnmounted> ref=Ref< undefined > > 
  at <RouteProvider key="/connect/space/meeovi-news" vnode= {__v_isVNode: true, __v_skip: true, type: Object, props: Object, key: null} route= {fullPath: /connect/space/meeovi-news, hash: , query: Object, name: connect-space-slug___en, path: /connect/space/meeovi-news}  ... > 
  at <RouterView name=undefined route=undefined > 
  at <NuxtPage > 
  at <VMain> 
  at <VApp theme="light" class="auto-text" > 
  at <VResponsive class="border rounded" > 
  at <Default ref=Ref< undefined > > 
  at <AsyncComponentWrapper ref=Ref< undefined > > 
  at <LayoutLoader key="default" layoutProps= {ref: RefImpl} name="default" > 
  at <NuxtLayoutProvider layoutProps= {ref: RefImpl} key="default" name="default"  ... > 
  at <NuxtLayout > 
  at <App key=4 > 
  at <NuxtRoot> @ http://localhost:3003/_nuxt/@vite/client:528
[  520868ms] [WARNING] [Vue warn]: Slot "default" invoked outside of the render function: this will not track dependencies used in the slot. Invoke the slot function inside the render function instead. 
  at <VDefaultsProvider key="content-defaults" disabled=true defaults= {VIcon: Object} > 
  at <VBtn symbol= Symbol(vuetify:v-tabs) ref=Ref< undefined > class="v-tab"  ... > 
  at <VTab value="six" > 
  at <VSlideGroup centerActive=false scrollToActive=true contentClass=undefined  ... > 
  at <VTabs modelValue=null onUpdate:modelValue=fn align-tabs="center"  ... > 
  at <VSheet > 
  at <VCard elevation="0" > 
  at <[...slug] onVnodeUnmounted=fn<onVnodeUnmounted> ref=Ref< undefined > > 
  at <RouteProvider key="/connect/space/meeovi-news" vnode= {__v_isVNode: true, __v_skip: true, type: Object, props: Object, key: null} route= {fullPath: /connect/space/meeovi-news, hash: , query: Object, name: connect-space-slug___en, path: /connect/space/meeovi-news}  ... > 
  at <RouterView name=undefined route=undefined > 
  at <NuxtPage > 
  at <VMain> 
  at <VApp theme="light" class="auto-text" > 
  at <VResponsive class="border rounded" > 
  at <Default ref=Ref< undefined > > 
  at <AsyncComponentWrapper ref=Ref< undefined > > 
  at <LayoutLoader key="default" layoutProps= {ref: RefImpl} name="default" > 
  at <NuxtLayoutProvider layoutProps= {ref: RefImpl} key="default" name="default"  ... > 
  at <NuxtLayout > 
  at <App key=4 > 
  at <NuxtRoot> @ http://localhost:3003/_nuxt/@vite/client:528
[  522327ms] [WARNING] [Vue warn]: Slot "default" invoked outside of the render function: this will not track dependencies used in the slot. Invoke the slot function inside the render function instead. 
  at <VDefaultsProvider key="content-defaults" disabled=true defaults= {VIcon: Object} > 
  at <VBtn symbol= Symbol(vuetify:v-tabs) ref=Ref< undefined > class="v-tab"  ... > 
  at <VTab value="seven" > 
  at <VSlideGroup centerActive=false scrollToActive=true contentClass=undefined  ... > 
  at <VTabs modelValue=null onUpdate:modelValue=fn align-tabs="center"  ... > 
  at <VSheet > 
  at <VCard elevation="0" > 
  at <[...slug] onVnodeUnmounted=fn<onVnodeUnmounted> ref=Ref< undefined > > 
  at <RouteProvider key="/connect/space/meeovi-news" vnode= {__v_isVNode: true, __v_skip: true, type: Object, props: Object, key: null} route= {fullPath: /connect/space/meeovi-news, hash: , query: Object, name: connect-space-slug___en, path: /connect/space/meeovi-news}  ... > 
  at <RouterView name=undefined route=undefined > 
  at <NuxtPage > 
  at <VMain> 
  at <VApp theme="light" class="auto-text" > 
  at <VResponsive class="border rounded" > 
  at <Default ref=Ref< undefined > > 
  at <AsyncComponentWrapper ref=Ref< undefined > > 
  at <LayoutLoader key="default" layoutProps= {ref: RefImpl} name="default" > 
  at <NuxtLayoutProvider layoutProps= {ref: RefImpl} key="default" name="default"  ... > 
  at <NuxtLayout > 
  at <App key=4 > 
  at <NuxtRoot> @ http://localhost:3003/_nuxt/@vite/client:528
[  523686ms] [WARNING] [Vue warn]: Slot "default" invoked outside of the render function: this will not track dependencies used in the slot. Invoke the slot function inside the render function instead. 
  at <VDefaultsProvider key="content-defaults" disabled=true defaults= {VIcon: Object} > 
  at <VBtn symbol= Symbol(vuetify:v-tabs) ref=Ref< undefined > class="v-tab"  ... > 
  at <VTab value="seven" > 
  at <VSlideGroup centerActive=false scrollToActive=true contentClass=undefined  ... > 
  at <VTabs modelValue=null onUpdate:modelValue=fn align-tabs="center"  ... > 
  at <VSheet > 
  at <VCard elevation="0" > 
  at <[...slug] onVnodeUnmounted=fn<onVnodeUnmounted> ref=Ref< undefined > > 
  at <RouteProvider key="/connect/space/meeovi-news" vnode= {__v_isVNode: true, __v_skip: true, type: Object, props: Object, key: null} route= {fullPath: /connect/space/meeovi-news, hash: , query: Object, name: connect-space-slug___en, path: /connect/space/meeovi-news}  ... > 
  at <RouterView name=undefined route=undefined > 
  at <NuxtPage > 
  at <VMain> 
  at <VApp theme="light" class="auto-text" > 
  at <VResponsive class="border rounded" > 
  at <Default ref=Ref< undefined > > 
  at <AsyncComponentWrapper ref=Ref< undefined > > 
  at <LayoutLoader key="default" layoutProps= {ref: RefImpl} name="default" > 
  at <NuxtLayoutProvider layoutProps= {ref: RefImpl} key="default" name="default"  ... > 
  at <NuxtLayout > 
  at <App key=4 > 
  at <NuxtRoot> @ http://localhost:3003/_nuxt/@vite/client:528
[  532922ms] [ERROR] Failed to load resource: the server responded with a status of 404 (Not Found) @ http://localhost:3003/api/auth/user/to-json:0
[  532947ms] [ERROR] Failed to load resource: the server responded with a status of 404 (Not Found) @ http://localhost:3003/api/auth/logged-in/to-json:0
[  532949ms] [ERROR] Failed to load resource: the server responded with a status of 404 (Not Found) @ http://localhost:3003/api/auth/user/to-json:0
[  532950ms] [ERROR] Failed to load resource: the server responded with a status of 404 (Not Found) @ http://localhost:3003/api/auth/logged-in/to-json:0
[  532951ms] [ERROR] Failed to load resource: the server responded with a status of 404 (Not Found) @ http://localhost:3003/api/auth/user/to-json:0
[  532952ms] [ERROR] Failed to load resource: the server responded with a status of 404 (Not Found) @ http://localhost:3003/api/auth/logged-in/to-json:0
[  532954ms] [ERROR] Failed to load resource: the server responded with a status of 404 (Not Found) @ http://localhost:3003/api/auth/user/to-json:0
[  532955ms] [ERROR] Failed to load resource: the server responded with a status of 404 (Not Found) @ http://localhost:3003/api/auth/logged-in/to-json:0
[  533039ms] [LOG] Meeovi Search @ http://localhost:3003/_nuxt/@fs/home/meebuzo/github/alternate-framework/node_modules/@sentry/core/build/esm/instrument/console.js?v=193f35c6:44
[  533248ms] [ERROR] Failed to load resource: the server responded with a status of 404 (Not Found) @ http://localhost:3003/api/auth/user/to-json:0
[  533349ms] [WARNING] [Meta Pixel] - Invalid PixelID: null. @ http://localhost:3003/_nuxt/@vite/client:528
[  533410ms] [ERROR] Failed to load resource: the server responded with a status of 404 (Not Found) @ http://localhost:3003/api/auth/logged-in/to-json:0
[  533412ms] [ERROR] Failed to load resource: the server responded with a status of 404 (Not Found) @ http://localhost:3003/api/auth/user/to-json:0
[  534786ms] [ERROR] Connecting to 'https://o996770.ingest.us.sentry.io/api/5955273/envelope/?sentry_version=7&sentry_key=df1b90fab7c44ce8aef097a63b468d61&sentry_client=sentry.javascript.nuxt%2F10.70.0' violates the following Content Security Policy directive: "connect-src 'self' https://*.mux.com https://cms.meeovicms.com". The action has been blocked. @ http://localhost:3003/connect/space/meeovi-news:0
[  534786ms] [ERROR] Fetch API cannot load https://o996770.ingest.us.sentry.io/api/5955273/envelope/?sentry_version=7&sentry_key=df1b90fab7c44ce8aef097a63b468d61&sentry_client=sentry.javascript.nuxt%2F10.70.0. Refused to connect because it violates the document's Content Security Policy. @ http://localhost:3003/connect/space/meeovi-news:0
[  535885ms] [ERROR] Failed to load resource: the server responded with a status of 404 (Not Found) @ http://localhost:3003/api/auth/logged-in/to-json:0
[  535890ms] [ERROR] Failed to load resource: the server responded with a status of 404 (Not Found) @ http://localhost:3003/api/auth/user/to-json:0
[  535895ms] [ERROR] Failed to load resource: the server responded with a status of 404 (Not Found) @ http://localhost:3003/api/auth/logged-in/to-json:0
[  535900ms] [ERROR] Failed to load resource: the server responded with a status of 404 (Not Found) @ http://localhost:3003/api/auth/user/to-json:0
[  535904ms] [ERROR] Failed to load resource: the server responded with a status of 404 (Not Found) @ http://localhost:3003/api/auth/logged-in/to-json:0
[  535909ms] [ERROR] Failed to load resource: the server responded with a status of 404 (Not Found) @ http://localhost:3003/api/auth/user/to-json:0
[  535912ms] [ERROR] Failed to load resource: the server responded with a status of 404 (Not Found) @ http://localhost:3003/api/auth/logged-in/to-json:0
[  535916ms] [ERROR] Failed to load resource: the server responded with a status of 404 (Not Found) @ http://localhost:3003/api/auth/user/to-json:0
[  535918ms] [ERROR] Failed to load resource: the server responded with a status of 404 (Not Found) @ http://localhost:3003/api/auth/logged-in/to-json:0
[  535923ms] [ERROR] Failed to load resource: the server responded with a status of 404 (Not Found) @ http://localhost:3003/api/auth/user/to-json:0
[  535926ms] [ERROR] Failed to load resource: the server responded with a status of 404 (Not Found) @ http://localhost:3003/api/auth/logged-in/to-json:0
[  535930ms] [ERROR] Failed to load resource: the server responded with a status of 404 (Not Found) @ http://localhost:3003/api/auth/user/to-json:0
[  535984ms] [ERROR] Failed to load resource: the server responded with a status of 404 () @ https://res.cloudinary.com/nuxt-cloudinary/image/upload/f_auto,q_auto/images/logo512alpha.png:0
[  536676ms] [ERROR] Connecting to 'https://analytics.tiktok.com/api/v2/monitor' violates the following Content Security Policy directive: "connect-src 'self' https://*.mux.com https://cms.meeovicms.com". The action has been blocked. @ :24
[  536678ms] [ERROR] Connecting to 'https://analytics.tiktok.com/api/v2/monitor' violates the following Content Security Policy directive: "connect-src 'self' https://*.mux.com https://cms.meeovicms.com". The action has been blocked. @ :24
[  536682ms] [ERROR] Connecting to 'https://analytics.tiktok.com/api/v2/monitor' violates the following Content Security Policy directive: "connect-src 'self' https://*.mux.com https://cms.meeovicms.com". The action has been blocked. @ :24
[  536685ms] [ERROR] Connecting to 'https://analytics.tiktok.com/api/v2/monitor' violates the following Content Security Policy directive: "connect-src 'self' https://*.mux.com https://cms.meeovicms.com". The action has been blocked. @ :24
[  536692ms] [ERROR] Connecting to 'https://analytics.tiktok.com/api/v2/monitor' violates the following Content Security Policy directive: "connect-src 'self' https://*.mux.com https://cms.meeovicms.com". The action has been blocked. @ :24
[  536694ms] [ERROR] Connecting to 'https://analytics.tiktok.com/api/v2/monitor' violates the following Content Security Policy directive: "connect-src 'self' https://*.mux.com https://cms.meeovicms.com". The action has been blocked. @ :24
[  536722ms] [ERROR] Failed to load resource: the server responded with a status of 404 (Not Found) @ http://localhost:3003/api/auth/logged-in/to-json:0
[  536755ms] [ERROR] Failed to load resource: the server responded with a status of 404 (Not Found) @ http://localhost:3003/api/auth/user/to-json:0
[  536756ms] [ERROR] Failed to load resource: the server responded with a status of 404 (Not Found) @ http://localhost:3003/api/auth/user/to-json:0
[  536759ms] [ERROR] Failed to load resource: the server responded with a status of 404 (Not Found) @ http://localhost:3003/api/auth/logged-in/to-json:0
[  536764ms] [ERROR] Failed to load resource: the server responded with a status of 404 (Not Found) @ http://localhost:3003/api/auth/logged-in/to-json:0
[  536765ms] [ERROR] Failed to load resource: the server responded with a status of 404 (Not Found) @ http://localhost:3003/api/auth/user/to-json:0
[  536844ms] [ERROR] Connecting to 'https://analytics.tiktok.com/api/v2/monitor' violates the following Content Security Policy directive: "connect-src 'self' https://*.mux.com https://cms.meeovicms.com". The action has been blocked. @ :24
[  537856ms] [ERROR] Failed to load resource: the server responded with a status of 404 (Not Found) @ http://localhost:3003/api/auth/logged-in/to-json:0
[  537903ms] [ERROR] Failed to load resource: the server responded with a status of 404 (Not Found) @ http://localhost:3003/api/auth/logged-in/to-json:0
[  537912ms] [ERROR] Failed to load resource: the server responded with a status of 404 (Not Found) @ http://localhost:3003/api/auth/user/to-json:0
[  537923ms] [ERROR] Failed to load resource: the server responded with a status of 404 (Not Found) @ http://localhost:3003/api/auth/user/to-json:0
[  537934ms] [ERROR] Failed to load resource: the server responded with a status of 404 (Not Found) @ http://localhost:3003/api/auth/logged-in/to-json:0
[  538152ms] [ERROR] Failed to load resource: the server responded with a status of 404 (Not Found) @ http://localhost:3003/api/auth/user/to-json:0
[  538323ms] [ERROR] Failed to load resource: the server responded with a status of 404 (Not Found) @ http://localhost:3003/api/auth/user/to-json:0
[  538327ms] [ERROR] Failed to load resource: the server responded with a status of 404 (Not Found) @ http://localhost:3003/api/auth/logged-in/to-json:0
[  538440ms] [ERROR] Failed to load resource: the server responded with a status of 404 (Not Found) @ http://localhost:3003/api/auth/logged-in/to-json:0
[  538442ms] [ERROR] Failed to load resource: the server responded with a status of 404 (Not Found) @ http://localhost:3003/api/auth/logged-in/to-json:0
[  538444ms] [ERROR] Failed to load resource: the server responded with a status of 404 (Not Found) @ http://localhost:3003/api/auth/user/to-json:0
[  538606ms] [ERROR] Failed to load resource: the server responded with a status of 404 (Not Found) @ http://localhost:3003/api/auth/user/to-json:0
[  538787ms] [ERROR] Failed to load resource: the server responded with a status of 404 (Not Found) @ http://localhost:3003/api/auth/logged-in/to-json:0
[  538832ms] [ERROR] Failed to load resource: the server responded with a status of 404 (Not Found) @ http://localhost:3003/api/auth/user/to-json:0
[  538846ms] [ERROR] Failed to load resource: the server responded with a status of 404 (Not Found) @ http://localhost:3003/api/auth/logged-in/to-json:0
[  538908ms] [ERROR] Failed to load resource: the server responded with a status of 404 (Not Found) @ http://localhost:3003/api/auth/user/to-json:0
[  538935ms] [ERROR] Failed to load resource: the server responded with a status of 404 (Not Found) @ http://localhost:3003/api/auth/logged-in/to-json:0
[  539034ms] [ERROR] Failed to load resource: the server responded with a status of 404 (Not Found) @ http://localhost:3003/api/auth/user/to-json:0
[  539214ms] [ERROR] Failed to load resource: the server responded with a status of 404 (Not Found) @ http://localhost:3003/api/auth/logged-in/to-json:0
[  539248ms] [ERROR] Failed to load resource: the server responded with a status of 404 (Not Found) @ http://localhost:3003/api/auth/user/to-json:0
[  539282ms] [ERROR] Failed to load resource: the server responded with a status of 404 (Not Found) @ http://localhost:3003/api/auth/logged-in/to-json:0
[  539314ms] [ERROR] Failed to load resource: the server responded with a status of 404 (Not Found) @ http://localhost:3003/api/auth/user/to-json:0
[  539358ms] [ERROR] Failed to load resource: the server responded with a status of 404 (Not Found) @ http://localhost:3003/api/auth/logged-in/to-json:0
[  539467ms] [ERROR] Failed to load resource: the server responded with a status of 404 (Not Found) @ http://localhost:3003/api/auth/user/to-json:0
[  539642ms] [ERROR] Failed to load resource: the server responded with a status of 404 (Not Found) @ http://localhost:3003/api/auth/logged-in/to-json:0
[  539654ms] [ERROR] Failed to load resource: the server responded with a status of 404 (Not Found) @ http://localhost:3003/api/auth/user/to-json:0
[  539693ms] [ERROR] Failed to load resource: the server responded with a status of 404 (Not Found) @ http://localhost:3003/api/auth/logged-in/to-json:0
[  542108ms] [WARNING] [NUXT_E3003] `useAsyncData`/`useFetch` was called after the component had already mounted, so the data fetch cannot be awaited during setup.
╰▶ fix: Use `$fetch()` for requests triggered after mount (e.g. in event handlers), or call `useAsyncData`/`useFetch` in the `setup()` function. @ http://localhost:3003/_nuxt/@vite/client:528
[  585070ms] [ERROR] Failed to load resource: the server responded with a status of 404 () @ https://res.cloudinary.com/nuxt-cloudinary/image/upload/f_auto,q_auto/images/display-2.png:0
[  586381ms] [ERROR] Failed to load resource: net::ERR_FAILED @ https://www.googletagmanager.com/gtag/js?id:0
[  597012ms] [LOG] [vite] server connection lost. Polling for restart... @ http://localhost:3003/_nuxt/@vite/client:998
[  597103ms] [ERROR] Failed to load resource: net::ERR_CONNECTION_REFUSED @ http://localhost:3003/_nuxt/@fs/home/meebuzo/github/alternate-framework/node_modules/vuetify/lib/components/VSelect/useFocusRepair.js?v=193f35c6:0
[  597116ms] Failed to fetch dynamically imported module: http://localhost:3003/_nuxt/@fs/home/meebuzo/github/alternate-framework/node_modules/nuxt/dist/app/entry.js?v=193f35c6
[  597111ms] [ERROR] Failed to load resource: net::ERR_CONNECTION_REFUSED @ http://localhost:3003/_nuxt/@fs/home/meebuzo/github/alternate-framework/node_modules/vuetify/lib/components/VSelect/useScrolling.js?v=193f35c6:0
[  597113ms] [ERROR] Failed to load resource: net::ERR_CONNECTION_REFUSED @ http://localhost:3003/_nuxt/@fs/home/meebuzo/github/alternate-framework/node_modules/vuetify/lib/composables/focusGroups.js?v=193f35c6:0
[  597114ms] [ERROR] Failed to load resource: net::ERR_CONNECTION_REFUSED @ http://localhost:3003/_nuxt/@fs/home/meebuzo/github/alternate-framework/node_modules/vuetify/lib/composables/form.js?v=193f35c6:0
[  597114ms] [ERROR] Failed to load resource: net::ERR_CONNECTION_REFUSED @ http://localhost:3003/_nuxt/@fs/home/meebuzo/github/alternate-framework/node_modules/vuetify/lib/composables/list-items.js?v=193f35c6:0
[  597121ms] [ERROR] Failed to load resource: net::ERR_CONNECTION_REFUSED @ http://localhost:3003/_nuxt/@fs/home/meebuzo/github/alternate-framework/node_modules/vuetify/lib/composables/menuActivator.js?v=193f35c6:0
[  597121ms] [ERROR] Failed to load resource: net::ERR_CONNECTION_REFUSED @ http://localhost:3003/_nuxt/@fs/home/meebuzo/github/alternate-framework/node_modules/vuetify/lib/components/VBottomNavigation/VBottomNavigation.css:0
[  597121ms] [ERROR] Failed to load resource: net::ERR_CONNECTION_REFUSED @ http://localhost:3003/_nuxt/@fs/home/meebuzo/github/alternate-framework/node_modules/vuetify/lib/composables/group.js?v=193f35c6:0
[  597121ms] [ERROR] Failed to load resource: net::ERR_CONNECTION_REFUSED @ http://localhost:3003/_nuxt/@fs/home/meebuzo/github/alternate-framework/node_modules/vuetify/lib/components/VBottomSheet/VBottomSheet.css:0
[  597124ms] [ERROR] Failed to load resource: net::ERR_CONNECTION_REFUSED @ http://localhost:3003/_nuxt/@fs/home/meebuzo/github/alternate-framework/node_modules/vuetify/lib/components/VBreadcrumbs/VBreadcrumbs.css:0
[  597125ms] [ERROR] Failed to load resource: net::ERR_CONNECTION_REFUSED @ http://localhost:3003/_nuxt/@fs/home/meebuzo/github/alternate-framework/node_modules/vuetify/lib/composables/router.js?v=193f35c6:0
[  597125ms] [ERROR] Failed to load resource: net::ERR_CONNECTION_REFUSED @ http://localhost:3003/_nuxt/@fs/home/meebuzo/github/alternate-framework/node_modules/vuetify/lib/components/VBtn/VBtn.css:0
[  597125ms] [ERROR] Failed to load resource: net::ERR_CONNECTION_REFUSED @ http://localhost:3003/_nuxt/@fs/home/meebuzo/github/alternate-framework/node_modules/vuetify/lib/composables/loader.js?v=193f35c6:0
[  597125ms] [ERROR] Failed to load resource: net::ERR_CONNECTION_REFUSED @ http://localhost:3003/_nuxt/@fs/home/meebuzo/github/alternate-framework/node_modules/vuetify/lib/composables/selectLink.js?v=193f35c6:0
[  597126ms] [ERROR] Failed to load resource: net::ERR_CONNECTION_REFUSED @ http://localhost:3003/_nuxt/@fs/home/meebuzo/github/alternate-framework/node_modules/vuetify/lib/components/VBtnGroup/VBtnGroup.css:0
[  597126ms] [ERROR] Failed to load resource: net::ERR_CONNECTION_REFUSED @ http://localhost:3003/_nuxt/@fs/home/meebuzo/github/alternate-framework/node_modules/vuetify/lib/components/VBtnToggle/VBtnToggle.css:0
[  597126ms] [ERROR] Failed to load resource: net::ERR_CONNECTION_REFUSED @ http://localhost:3003/_nuxt/@fs/home/meebuzo/github/alternate-framework/node_modules/vuetify/lib/components/VCalendar/VCalendarCategory.css:0
[  597126ms] [ERROR] Failed to load resource: net::ERR_CONNECTION_REFUSED @ http://localhost:3003/_nuxt/@fs/home/meebuzo/github/alternate-framework/node_modules/vuetify/lib/components/VCalendar/VCalendarDaily.css:0
[  597127ms] [ERROR] Failed to load resource: net::ERR_CONNECTION_REFUSED @ http://localhost:3003/_nuxt/@fs/home/meebuzo/github/alternate-framework/node_modules/vuetify/lib/components/VCalendar/VCalendarWeekly.css:0
[  597129ms] [ERROR] Failed to load resource: net::ERR_CONNECTION_REFUSED @ http://localhost:3003/_nuxt/@fs/home/meebuzo/github/alternate-framework/node_modules/vuetify/lib/components/VCalendar/VCalendarCategory.js?v=193f35c6:0
[  597129ms] [ERROR] Failed to load resource: net::ERR_CONNECTION_REFUSED @ http://localhost:3003/_nuxt/@fs/home/meebuzo/github/alternate-framework/node_modules/vuetify/lib/components/VCalendar/VCalendarDaily.js?v=193f35c6:0
[  597130ms] [ERROR] Failed to load resource: net::ERR_CONNECTION_REFUSED @ http://localhost:3003/_nuxt/@fs/home/meebuzo/github/alternate-framework/node_modules/vuetify/lib/components/VCalendar/VCalendarWeekly.js?v=193f35c6:0
[  597131ms] [ERROR] Failed to load resource: net::ERR_CONNECTION_REFUSED @ http://localhost:3003/_nuxt/@fs/home/meebuzo/github/alternate-framework/node_modules/vuetify/lib/components/VCalendar/composables/calendarBase.js?v=193f35c6:0
[  597132ms] [ERROR] Failed to load resource: net::ERR_CONNECTION_REFUSED @ http://localhost:3003/_nuxt/@fs/home/meebuzo/github/alternate-framework/node_modules/vuetify/lib/components/VCalendar/composables/calendarWithEvents.js?v=193f35c6:0
[  597132ms] [ERROR] Failed to load resource: net::ERR_CONNECTION_REFUSED @ http://localhost:3003/_nuxt/@fs/home/meebuzo/github/alternate-framework/node_modules/vuetify/lib/components/VCalendar/composables/calendarWithIntervals.js?v=193f35c6:0
[  597133ms] [ERROR] Failed to load resource: net::ERR_CONNECTION_REFUSED @ http://localhost:3003/_nuxt/@fs/home/meebuzo/github/alternate-framework/node_modules/vuetify/lib/components/VCalendar/composables/intervalHighlight.js?v=193f35c6:0
[  597134ms] [ERROR] Failed to load resource: net::ERR_CONNECTION_REFUSED @ http://localhost:3003/_nuxt/@fs/home/meebuzo/github/alternate-framework/node_modules/vuetify/lib/components/VCalendar/util/parser.js?v=193f35c6:0
[  597135ms] [ERROR] Failed to load resource: net::ERR_CONNECTION_REFUSED @ http://localhost:3003/_nuxt/@fs/home/meebuzo/github/alternate-framework/node_modules/vuetify/lib/components/VCalendar/util/timestamp.js?v=193f35c6:0
[  597136ms] [ERROR] Failed to load resource: net::ERR_CONNECTION_REFUSED @ http://localhost:3003/_nuxt/@fs/home/meebuzo/github/alternate-framework/node_modules/vuetify/lib/components/VCard/VCard.css:0
[  597136ms] [ERROR] Failed to load resource: net::ERR_CONNECTION_REFUSED @ http://localhost:3003/_nuxt/@fs/home/meebuzo/github/alternate-framework/node_modules/vuetify/lib/components/VCarousel/VCarousel.css:0
[  597136ms] [ERROR] Failed to load resource: net::ERR_CONNECTION_REFUSED @ http://localhost:3003/_nuxt/@fs/home/meebuzo/github/alternate-framework/node_modules/vuetify/lib/components/VCheckbox/VCheckbox.css:0
[  597136ms] [ERROR] Failed to load resource: net::ERR_CONNECTION_REFUSED @ http://localhost:3003/_nuxt/@fs/home/meebuzo/github/alternate-framework/node_modules/vuetify/lib/composables/focus.js?v=193f35c6:0
[  597138ms] [ERROR] Failed to load resource: net::ERR_CONNECTION_REFUSED @ http://localhost:3003/_nuxt/@fs/home/meebuzo/github/alternate-framework/node_modules/vuetify/lib/components/VChip/VChip.css:0
[  597140ms] [ERROR] Failed to load resource: net::ERR_CONNECTION_REFUSED @ http://localhost:3003/_nuxt/@fs/home/meebuzo/github/alternate-framework/node_modules/vuetify/lib/components/VChipGroup/VChipGroup.css:0
[  597140ms] [ERROR] Failed to load resource: net::ERR_CONNECTION_REFUSED @ http://localhost:3003/_nuxt/@fs/home/meebuzo/github/alternate-framework/node_modules/vuetify/lib/components/VColorInput/VColorInput.css:0
[  597146ms] [ERROR] Failed to load resource: net::ERR_CONNECTION_REFUSED @ http://localhost:3003/_nuxt/@fs/home/meebuzo/github/alternate-framework/node_modules/vuetify/lib/components/VColorPicker/VColorPicker.css:0
[  597147ms] [ERROR] Failed to load resource: net::ERR_CONNECTION_REFUSED @ http://localhost:3003/_nuxt/@fs/home/meebuzo/github/alternate-framework/node_modules/vuetify/lib/components/VColorPicker/VColorPickerCanvas.js?v=193f35c6:0
[  597147ms] [ERROR] Failed to load resource: net::ERR_CONNECTION_REFUSED @ http://localhost:3003/_nuxt/@fs/home/meebuzo/github/alternate-framework/node_modules/vuetify/lib/components/VColorPicker/VColorPickerEdit.js?v=193f35c6:0
[  597147ms] [ERROR] Failed to load resource: net::ERR_CONNECTION_REFUSED @ http://localhost:3003/_nuxt/@fs/home/meebuzo/github/alternate-framework/node_modules/vuetify/lib/components/VColorPicker/VColorPickerPreview.js?v=193f35c6:0
[  597147ms] [ERROR] Failed to load resource: net::ERR_CONNECTION_REFUSED @ http://localhost:3003/_nuxt/@fs/home/meebuzo/github/alternate-framework/node_modules/vuetify/lib/components/VColorPicker/util/index.js?v=193f35c6:0
[  597147ms] [ERROR] Failed to load resource: net::ERR_CONNECTION_REFUSED @ http://localhost:3003/_nuxt/@fs/home/meebuzo/github/alternate-framework/node_modules/vuetify/lib/components/VColorPicker/VColorPickerSwatches.js?v=193f35c6:0
[  597148ms] [ERROR] Failed to load resource: net::ERR_CONNECTION_REFUSED @ http://localhost:3003/_nuxt/@fs/home/meebuzo/github/alternate-framework/node_modules/vuetify/lib/components/VCombobox/VCombobox.css:0
[  597148ms] [ERROR] Failed to load resource: net::ERR_CONNECTION_REFUSED @ http://localhost:3003/_nuxt/@fs/home/meebuzo/github/alternate-framework/node_modules/vuetify/lib/components/VCounter/VCounter.css:0
[  597148ms] [ERROR] Failed to load resource: net::ERR_CONNECTION_REFUSED @ http://localhost:3003/_nuxt/@fs/home/meebuzo/github/alternate-framework/node_modules/vuetify/lib/components/VDataTable/VDataTableColumn.js?v=193f35c6:0
[  597148ms] [ERROR] Failed to load resource: net::ERR_CONNECTION_REFUSED @ http://localhost:3003/_nuxt/@fs/home/meebuzo/github/alternate-framework/node_modules/vuetify/lib/components/VDataTable/composables/headers.js?v=193f35c6:0
[  597148ms] [ERROR] Failed to load resource: net::ERR_CONNECTION_REFUSED @ http://localhost:3003/_nuxt/@fs/home/meebuzo/github/alternate-framework/node_modules/vuetify/lib/components/VDataTable/composables/loading.js?v=193f35c6:0
[  597149ms] [ERROR] Failed to load resource: net::ERR_CONNECTION_REFUSED @ http://localhost:3003/_nuxt/@fs/home/meebuzo/github/alternate-framework/node_modules/vuetify/lib/components/VDataTable/composables/select.js?v=193f35c6:0
[  597149ms] [ERROR] Failed to load resource: net::ERR_CONNECTION_REFUSED @ http://localhost:3003/_nuxt/@fs/home/meebuzo/github/alternate-framework/node_modules/vuetify/lib/components/VDataTable/composables/sort.js?v=193f35c6:0
[  597151ms] [ERROR] Failed to load resource: net::ERR_CONNECTION_REFUSED @ http://localhost:3003/_nuxt/@fs/home/meebuzo/github/alternate-framework/node_modules/vuetify/lib/components/VDataTable/VDataTableFooter.css:0
[  597152ms] [ERROR] Failed to load resource: net::ERR_CONNECTION_REFUSED @ http://localhost:3003/_nuxt/@fs/home/meebuzo/github/alternate-framework/node_modules/vuetify/lib/components/VDataTable/composables/paginate.js?v=193f35c6:0
[  597155ms] [ERROR] Failed to load resource: net::ERR_CONNECTION_REFUSED @ http://localhost:3003/_nuxt/@fs/home/meebuzo/github/alternate-framework/node_modules/vuetify/lib/components/VDataTable/VDataTable.css:0
[  597156ms] [ERROR] Failed to load resource: net::ERR_CONNECTION_REFUSED @ http://localhost:3003/_nuxt/@fs/home/meebuzo/github/alternate-framework/node_modules/vuetify/lib/components/VDataTable/composables/expand.js?v=193f35c6:0
[  597156ms] [ERROR] Failed to load resource: net::ERR_CONNECTION_REFUSED @ http://localhost:3003/_nuxt/@fs/home/meebuzo/github/alternate-framework/node_modules/vuetify/lib/components/VDataTable/composables/group.js?v=193f35c6:0
[  597157ms] [ERROR] Failed to load resource: net::ERR_CONNECTION_REFUSED @ http://localhost:3003/_nuxt/@fs/home/meebuzo/github/alternate-framework/node_modules/vuetify/lib/components/VDataTable/composables/items.js?v=193f35c6:0
[  597157ms] [ERROR] Failed to load resource: net::ERR_CONNECTION_REFUSED @ http://localhost:3003/_nuxt/@fs/home/meebuzo/github/alternate-framework/node_modules/vuetify/lib/components/VDataTable/composables/options.js?v=193f35c6:0
[  597157ms] [ERROR] Failed to load resource: net::ERR_CONNECTION_REFUSED @ http://localhost:3003/_nuxt/@fs/home/meebuzo/github/alternate-framework/node_modules/vuetify/lib/components/VDataIterator/composables/items.js?v=193f35c6:0
[  597157ms] [ERROR] Failed to load resource: net::ERR_CONNECTION_REFUSED @ http://localhost:3003/_nuxt/@fs/home/meebuzo/github/alternate-framework/node_modules/vuetify/lib/components/VDataTable/VDataTableGroupHeaderRow.js?v=193f35c6:0
[  597158ms] [ERROR] Failed to load resource: net::ERR_CONNECTION_REFUSED @ http://localhost:3003/_nuxt/@fs/home/meebuzo/github/alternate-framework/node_modules/vuetify/lib/components/VVirtualScroll/VVirtualScrollItem.js?v=193f35c6:0
[  597158ms] [ERROR] Failed to load resource: net::ERR_CONNECTION_REFUSED @ http://localhost:3003/_nuxt/@fs/home/meebuzo/github/alternate-framework/node_modules/vuetify/lib/composables/virtual.js?v=193f35c6:0
[  597158ms] [ERROR] Failed to load resource: net::ERR_CONNECTION_REFUSED @ http://localhost:3003/_nuxt/@fs/home/meebuzo/github/alternate-framework/node_modules/vuetify/lib/composables/calendar.js?v=193f35c6:0
[  597158ms] [ERROR] Failed to load resource: net::ERR_CONNECTION_REFUSED @ http://localhost:3003/_nuxt/@fs/home/meebuzo/github/alternate-framework/node_modules/vuetify/lib/composables/dateFormat.js?v=193f35c6:0
[  597159ms] [ERROR] Failed to load resource: net::ERR_CONNECTION_REFUSED @ http://localhost:3003/_nuxt/@fs/home/meebuzo/github/alternate-framework/node_modules/vuetify/lib/components/VDatePicker/VDatePicker.css:0
[  597160ms] [ERROR] Failed to load resource: net::ERR_CONNECTION_REFUSED @ http://localhost:3003/_nuxt/@fs/home/meebuzo/github/alternate-framework/node_modules/vuetify/lib/components/VDatePicker/VDatePickerControls.css:0
[  597164ms] [ERROR] Failed to load resource: net::ERR_CONNECTION_REFUSED @ http://localhost:3003/_nuxt/@fs/home/meebuzo/github/alternate-framework/node_modules/vuetify/lib/components/VDatePicker/VDatePickerHeader.css:0
[  597166ms] [ERROR] Failed to load resource: net::ERR_CONNECTION_REFUSED @ http://localhost:3003/_nuxt/@fs/home/meebuzo/github/alternate-framework/node_modules/vuetify/lib/components/VDatePicker/VDatePickerMonths.css:0
[  597168ms] [ERROR] Failed to load resource: net::ERR_CONNECTION_REFUSED @ http://localhost:3003/_nuxt/@fs/home/meebuzo/github/alternate-framework/node_modules/vuetify/lib/components/VDatePicker/VDatePickerYears.css:0
[  597169ms] [ERROR] Failed to load resource: net::ERR_CONNECTION_REFUSED @ http://localhost:3003/_nuxt/@fs/home/meebuzo/github/alternate-framework/node_modules/vuetify/lib/components/VDatePicker/VDatePickerMonth.css:0
[  597170ms] [ERROR] Failed to load resource: net::ERR_CONNECTION_REFUSED @ http://localhost:3003/_nuxt/@fs/home/meebuzo/github/alternate-framework/node_modules/vuetify/lib/composables/rangePicker.js?v=193f35c6:0
[  597172ms] [ERROR] Failed to load resource: net::ERR_CONNECTION_REFUSED @ http://localhost:3003/_nuxt/@fs/home/meebuzo/github/alternate-framework/node_modules/vuetify/lib/components/VDialog/VDialog.css:0
[  597173ms] [ERROR] Failed to load resource: net::ERR_CONNECTION_REFUSED @ http://localhost:3003/_nuxt/@fs/home/meebuzo/github/alternate-framework/node_modules/vuetify/lib/composables/scopeId.js?v=193f35c6:0
[  597174ms] [ERROR] Failed to load resource: net::ERR_CONNECTION_REFUSED @ http://localhost:3003/_nuxt/@fs/home/meebuzo/github/alternate-framework/node_modules/vuetify/lib/components/VDivider/VDivider.css:0
[  597176ms] [ERROR] Failed to load resource: net::ERR_CONNECTION_REFUSED @ http://localhost:3003/_nuxt/@fs/home/meebuzo/github/alternate-framework/node_modules/vuetify/lib/components/VEmptyState/VEmptyState.css:0
[  597179ms] [ERROR] Failed to load resource: net::ERR_CONNECTION_REFUSED @ http://localhost:3003/_nuxt/@fs/home/meebuzo/github/alternate-framework/node_modules/vuetify/lib/components/VExpansionPanel/VExpansionPanel.css:0
[  597181ms] [ERROR] Failed to load resource: net::ERR_CONNECTION_REFUSED @ http://localhost:3003/_nuxt/@fs/home/meebuzo/github/alternate-framework/node_modules/vuetify/lib/components/VExpansionPanel/shared.js?v=193f35c6:0
[  597182ms] [ERROR] Failed to load resource: net::ERR_CONNECTION_REFUSED @ http://localhost:3003/_nuxt/@fs/home/meebuzo/github/alternate-framework/node_modules/vuetify/lib/composables/lazy.js?v=193f35c6:0
[  597183ms] [ERROR] Failed to load resource: net::ERR_CONNECTION_REFUSED @ http://localhost:3003/_nuxt/@fs/home/meebuzo/github/alternate-framework/node_modules/vuetify/lib/components/VFab/VFab.css:0
[  597184ms] [ERROR] Failed to load resource: net::ERR_CONNECTION_REFUSED @ http://localhost:3003/_nuxt/@fs/home/meebuzo/github/alternate-framework/node_modules/vuetify/lib/components/VField/VField.css:0
[  597186ms] [ERROR] Failed to load resource: net::ERR_CONNECTION_REFUSED @ http://localhost:3003/_nuxt/@fs/home/meebuzo/github/alternate-framework/node_modules/vuetify/lib/components/VFooter/VFooter.css:0
[  597186ms] [ERROR] Failed to load resource: net::ERR_CONNECTION_REFUSED @ http://localhost:3003/_nuxt/@fs/home/meebuzo/github/alternate-framework/node_modules/vuetify/lib/components/VGrid/VContainer.css:0
[  597188ms] [ERROR] Failed to load resource: net::ERR_CONNECTION_REFUSED @ http://localhost:3003/_nuxt/@fs/home/meebuzo/github/alternate-framework/node_modules/vuetify/lib/components/VGrid/VGrid.css:0
[  597189ms] [ERROR] Failed to load resource: net::ERR_CONNECTION_REFUSED @ http://localhost:3003/_nuxt/@fs/home/meebuzo/github/alternate-framework/node_modules/vuetify/lib/components/VGrid/VSpacer.css:0
[  597191ms] [ERROR] Failed to load resource: net::ERR_CONNECTION_REFUSED @ http://localhost:3003/_nuxt/@fs/home/meebuzo/github/alternate-framework/node_modules/vuetify/lib/components/VFileUpload/VFileUpload.css:0
[  597192ms] [ERROR] Failed to load resource: net::ERR_CONNECTION_REFUSED @ http://localhost:3003/_nuxt/@fs/home/meebuzo/github/alternate-framework/node_modules/vuetify/lib/composables/fileFilter.js?v=193f35c6:0
[  597196ms] [ERROR] Failed to load resource: net::ERR_CONNECTION_REFUSED @ http://localhost:3003/_nuxt/@fs/home/meebuzo/github/alternate-framework/node_modules/vuetify/lib/components/VFileInput/VFileInput.css:0
[  597197ms] [ERROR] Failed to load resource: net::ERR_CONNECTION_REFUSED @ http://localhost:3003/_nuxt/@fs/home/meebuzo/github/alternate-framework/node_modules/vuetify/lib/composables/fileDrop.js?v=193f35c6:0
[  597197ms] [ERROR] Failed to load resource: net::ERR_CONNECTION_REFUSED @ http://localhost:3003/_nuxt/@fs/home/meebuzo/github/alternate-framework/node_modules/vuetify/lib/composables/delay.js?v=193f35c6:0
[  597198ms] [ERROR] Failed to load resource: net::ERR_CONNECTION_REFUSED @ http://localhost:3003/_nuxt/@fs/home/meebuzo/github/alternate-framework/node_modules/vuetify/lib/components/VFileUpload/fileKey.js?v=193f35c6:0
[  597198ms] [ERROR] Failed to load resource: net::ERR_CONNECTION_REFUSED @ http://localhost:3003/_nuxt/@fs/home/meebuzo/github/alternate-framework/node_modules/vuetify/lib/components/VHotkey/VHotkey.css:0
[  597198ms] [ERROR] Failed to load resource: net::ERR_CONNECTION_REFUSED @ http://localhost:3003/_nuxt/@fs/home/meebuzo/github/alternate-framework/node_modules/vuetify/lib/composables/hotkey/hotkey-parsing.js?v=193f35c6:0
[  597198ms] [ERROR] Failed to load resource: net::ERR_CONNECTION_REFUSED @ http://localhost:3003/_nuxt/@fs/home/meebuzo/github/alternate-framework/node_modules/vuetify/lib/components/VIcon/VIcon.css:0
[  597199ms] [ERROR] Failed to load resource: net::ERR_CONNECTION_REFUSED @ http://localhost:3003/_nuxt/@fs/home/meebuzo/github/alternate-framework/node_modules/vuetify/lib/components/VIconBtn/VIconBtn.css:0
[  597199ms] [ERROR] Failed to load resource: net::ERR_CONNECTION_REFUSED @ http://localhost:3003/_nuxt/@fs/home/meebuzo/github/alternate-framework/node_modules/vuetify/lib/components/VImg/VImg.css:0
[  597199ms] [ERROR] Failed to load resource: net::ERR_CONNECTION_REFUSED @ http://localhost:3003/_nuxt/@fs/home/meebuzo/github/alternate-framework/node_modules/vuetify/lib/components/VInfiniteScroll/VInfiniteScroll.css:0
[  597200ms] [ERROR] Failed to load resource: net::ERR_CONNECTION_REFUSED @ http://localhost:3003/_nuxt/@fs/home/meebuzo/github/alternate-framework/node_modules/vuetify/lib/composables/intersectionObserver.js?v=193f35c6:0
[  597200ms] [ERROR] Failed to load resource: net::ERR_CONNECTION_REFUSED @ http://localhost:3003/_nuxt/@fs/home/meebuzo/github/alternate-framework/node_modules/vuetify/lib/components/VInput/VInput.css:0
[  597200ms] [ERROR] Failed to load resource: net::ERR_CONNECTION_REFUSED @ http://localhost:3003/_nuxt/@fs/home/meebuzo/github/alternate-framework/node_modules/vuetify/lib/composables/validation.js?v=193f35c6:0
[  597200ms] [ERROR] Failed to load resource: net::ERR_CONNECTION_REFUSED @ http://localhost:3003/_nuxt/@fs/home/meebuzo/github/alternate-framework/node_modules/vuetify/lib/components/VItemGroup/VItemGroup.css:0
[  597201ms] [ERROR] Failed to load resource: net::ERR_CONNECTION_REFUSED @ http://localhost:3003/_nuxt/@fs/home/meebuzo/github/alternate-framework/node_modules/vuetify/lib/components/VLabel/VLabel.css:0
[  597201ms] [ERROR] Failed to load resource: net::ERR_CONNECTION_REFUSED @ http://localhost:3003/_nuxt/@fs/home/meebuzo/github/alternate-framework/node_modules/vuetify/lib/components/VLayout/VLayout.css:0
[  597201ms] [ERROR] Failed to load resource: net::ERR_CONNECTION_REFUSED @ http://localhost:3003/_nuxt/@fs/home/meebuzo/github/alternate-framework/node_modules/vuetify/lib/components/VLayout/VLayoutItem.css:0
[  597201ms] [ERROR] Failed to load resource: net::ERR_CONNECTION_REFUSED @ http://localhost:3003/_nuxt/@fs/home/meebuzo/github/alternate-framework/node_modules/vuetify/lib/components/VList/list.js?v=193f35c6:0
[  597202ms] [ERROR] Failed to load resource: net::ERR_CONNECTION_REFUSED @ http://localhost:3003/_nuxt/@fs/home/meebuzo/github/alternate-framework/node_modules/vuetify/lib/composables/nested/nested.js?v=193f35c6:0
[  597202ms] [ERROR] Failed to load resource: net::ERR_CONNECTION_REFUSED @ http://localhost:3003/_nuxt/@fs/home/meebuzo/github/alternate-framework/node_modules/vuetify/lib/components/VList/VListItem.css:0
[  597202ms] [ERROR] Failed to load resource: net::ERR_CONNECTION_REFUSED @ http://localhost:3003/_nuxt/@fs/home/meebuzo/github/alternate-framework/node_modules/vuetify/lib/components/VList/VList.css:0
[  597202ms] [ERROR] Failed to load resource: net::ERR_CONNECTION_REFUSED @ http://localhost:3003/_nuxt/@fs/home/meebuzo/github/alternate-framework/node_modules/vuetify/lib/components/VList/VListChildren.js?v=193f35c6:0
[  597203ms] [ERROR] Failed to load resource: net::ERR_CONNECTION_REFUSED @ http://localhost:3003/_nuxt/@fs/home/meebuzo/github/alternate-framework/node_modules/vuetify/lib/components/VLocaleProvider/VLocaleProvider.css:0
[  597203ms] [ERROR] Failed to load resource: net::ERR_CONNECTION_REFUSED @ http://localhost:3003/_nuxt/@fs/home/meebuzo/github/alternate-framework/node_modules/vuetify/lib/components/VMain/VMain.css:0
[  597203ms] [ERROR] Failed to load resource: net::ERR_CONNECTION_REFUSED @ http://localhost:3003/_nuxt/@fs/home/meebuzo/github/alternate-framework/node_modules/vuetify/lib/components/VMessages/VMessages.css:0
[  597203ms] [ERROR] Failed to load resource: net::ERR_CONNECTION_REFUSED @ http://localhost:3003/_nuxt/@fs/home/meebuzo/github/alternate-framework/node_modules/vuetify/lib/components/VMenu/VMenu.css:0
[  597204ms] [ERROR] Failed to load resource: net::ERR_CONNECTION_REFUSED @ http://localhost:3003/_nuxt/@fs/home/meebuzo/github/alternate-framework/node_modules/vuetify/lib/components/VMenu/shared.js?v=193f35c6:0
[  597204ms] [ERROR] Failed to load resource: net::ERR_CONNECTION_REFUSED @ http://localhost:3003/_nuxt/@fs/home/meebuzo/github/alternate-framework/node_modules/vuetify/lib/components/VNavigationDrawer/VNavigationDrawer.css:0
[  597204ms] [ERROR] Failed to load resource: net::ERR_CONNECTION_REFUSED @ http://localhost:3003/_nuxt/@fs/home/meebuzo/github/alternate-framework/node_modules/vuetify/lib/components/VNavigationDrawer/sticky.js?v=193f35c6:0
[  597204ms] [ERROR] Failed to load resource: net::ERR_CONNECTION_REFUSED @ http://localhost:3003/_nuxt/@fs/home/meebuzo/github/alternate-framework/node_modules/vuetify/lib/components/VNavigationDrawer/touch.js?v=193f35c6:0
[  597205ms] [ERROR] Failed to load resource: net::ERR_CONNECTION_REFUSED @ http://localhost:3003/_nuxt/@fs/home/meebuzo/github/alternate-framework/node_modules/vuetify/lib/composables/focusTrap.js?v=193f35c6:0
[  597205ms] [ERROR] Failed to load resource: net::ERR_CONNECTION_REFUSED @ http://localhost:3003/_nuxt/@fs/home/meebuzo/github/alternate-framework/node_modules/vuetify/lib/composables/hydration.js?v=193f35c6:0
[  597205ms] [ERROR] Failed to load resource: net::ERR_CONNECTION_REFUSED @ http://localhost:3003/_nuxt/@fs/home/meebuzo/github/alternate-framework/node_modules/vuetify/lib/components/VNumberInput/VNumberInput.css:0
[  597205ms] [ERROR] Failed to load resource: net::ERR_CONNECTION_REFUSED @ http://localhost:3003/_nuxt/@fs/home/meebuzo/github/alternate-framework/node_modules/vuetify/lib/components/VNumberInput/format.js?v=193f35c6:0
[  597206ms] [ERROR] Failed to load resource: net::ERR_CONNECTION_REFUSED @ http://localhost:3003/_nuxt/@fs/home/meebuzo/github/alternate-framework/node_modules/vuetify/lib/components/VNumberInput/hold.js?v=193f35c6:0
[  597206ms] [ERROR] Failed to load resource: net::ERR_CONNECTION_REFUSED @ http://localhost:3003/_nuxt/@fs/home/meebuzo/github/alternate-framework/node_modules/vuetify/lib/components/VNumberInput/typing.js?v=193f35c6:0
[  597206ms] [ERROR] Failed to load resource: net::ERR_CONNECTION_REFUSED @ http://localhost:3003/_nuxt/@fs/home/meebuzo/github/alternate-framework/node_modules/vuetify/lib/components/VOtpInput/VOtpInput.css:0
[  597206ms] [ERROR] Failed to load resource: net::ERR_CONNECTION_REFUSED @ http://localhost:3003/_nuxt/@fs/home/meebuzo/github/alternate-framework/node_modules/vuetify/lib/components/VOtpInput/useOtpInput.js?v=193f35c6:0
[  597207ms] [ERROR] Failed to load resource: net::ERR_CONNECTION_REFUSED @ http://localhost:3003/_nuxt/@fs/home/meebuzo/github/alternate-framework/node_modules/vuetify/lib/components/VOtpInput/shared.js?v=193f35c6:0
[  597207ms] [ERROR] Failed to load resource: net::ERR_CONNECTION_REFUSED @ http://localhost:3003/_nuxt/@fs/home/meebuzo/github/alternate-framework/node_modules/vuetify/lib/components/VParallax/VParallax.css:0
[  597207ms] [ERROR] Failed to load resource: net::ERR_CONNECTION_REFUSED @ http://localhost:3003/_nuxt/@fs/home/meebuzo/github/alternate-framework/node_modules/vuetify/lib/components/VOverlay/VOverlay.css:0
[  597207ms] [ERROR] Failed to load resource: net::ERR_CONNECTION_REFUSED @ http://localhost:3003/_nuxt/@fs/home/meebuzo/github/alternate-framework/node_modules/vuetify/lib/components/VOverlay/locationStrategies.js?v=193f35c6:0
[  597208ms] [ERROR] Failed to load resource: net::ERR_CONNECTION_REFUSED @ http://localhost:3003/_nuxt/@fs/home/meebuzo/github/alternate-framework/node_modules/vuetify/lib/components/VOverlay/scrollStrategies.js?v=193f35c6:0
[  597208ms] [ERROR] Failed to load resource: net::ERR_CONNECTION_REFUSED @ http://localhost:3003/_nuxt/@fs/home/meebuzo/github/alternate-framework/node_modules/vuetify/lib/components/VOverlay/useActivator.js?v=193f35c6:0
[  597208ms] [ERROR] Failed to load resource: net::ERR_CONNECTION_REFUSED @ http://localhost:3003/_nuxt/@fs/home/meebuzo/github/alternate-framework/node_modules/vuetify/lib/composables/stack.js?v=193f35c6:0
[  597211ms] [ERROR] Failed to load resource: net::ERR_CONNECTION_REFUSED @ http://localhost:3003/_nuxt/@fs/home/meebuzo/github/alternate-framework/node_modules/vuetify/lib/composables/teleport.js?v=193f35c6:0
[  597211ms] [ERROR] Failed to load resource: net::ERR_CONNECTION_REFUSED @ http://localhost:3003/_nuxt/@fs/home/meebuzo/github/alternate-framework/node_modules/vuetify/lib/components/VPicker/VPicker.css:0
[  597211ms] [ERROR] Failed to load resource: net::ERR_CONNECTION_REFUSED @ http://localhost:3003/_nuxt/@fs/home/meebuzo/github/alternate-framework/node_modules/vuetify/lib/components/VProgressCircular/VProgressCircular.css:0
[  597212ms] [ERROR] Failed to load resource: net::ERR_CONNECTION_REFUSED @ http://localhost:3003/_nuxt/@fs/home/meebuzo/github/alternate-framework/node_modules/vuetify/lib/components/VPagination/VPagination.css:0
[  597212ms] [ERROR] Failed to load resource: net::ERR_CONNECTION_REFUSED @ http://localhost:3003/_nuxt/@fs/home/meebuzo/github/alternate-framework/node_modules/vuetify/lib/composables/refs.js?v=193f35c6:0
[  597212ms] [ERROR] Failed to load resource: net::ERR_CONNECTION_REFUSED @ http://localhost:3003/_nuxt/@fs/home/meebuzo/github/alternate-framework/node_modules/vuetify/lib/components/VProgressLinear/VProgressLinear.css:0
[  597212ms] [ERROR] Failed to load resource: net::ERR_CONNECTION_REFUSED @ http://localhost:3003/_nuxt/@fs/home/meebuzo/github/alternate-framework/node_modules/vuetify/lib/components/VProgressLinear/chunks.js?v=193f35c6:0
[  597212ms] [ERROR] Failed to load resource: net::ERR_CONNECTION_REFUSED @ http://localhost:3003/_nuxt/@fs/home/meebuzo/github/alternate-framework/node_modules/vuetify/lib/components/VSlider/VSlider.css:0
[  597213ms] [ERROR] Failed to load resource: net::ERR_CONNECTION_REFUSED @ http://localhost:3003/_nuxt/@fs/home/meebuzo/github/alternate-framework/node_modules/vuetify/lib/components/VSlider/slider.js?v=193f35c6:0
[  597213ms] [ERROR] Failed to load resource: net::ERR_CONNECTION_REFUSED @ http://localhost:3003/_nuxt/@fs/home/meebuzo/github/alternate-framework/node_modules/vuetify/lib/components/VSlider/VSliderThumb.js?v=193f35c6:0
[  597213ms] [ERROR] Failed to load resource: net::ERR_CONNECTION_REFUSED @ http://localhost:3003/_nuxt/@fs/home/meebuzo/github/alternate-framework/node_modules/vuetify/lib/components/VSlider/VSliderTrack.js?v=193f35c6:0
[  597213ms] [ERROR] Failed to load resource: net::ERR_CONNECTION_REFUSED @ http://localhost:3003/_nuxt/@fs/home/meebuzo/github/alternate-framework/node_modules/vuetify/lib/components/VRating/VRating.css:0
[  597213ms] [ERROR] Failed to load resource: net::ERR_CONNECTION_REFUSED @ http://localhost:3003/_nuxt/@fs/home/meebuzo/github/alternate-framework/node_modules/vuetify/lib/components/VRadioGroup/VRadioGroup.css:0
[  597214ms] [ERROR] Failed to load resource: net::ERR_CONNECTION_REFUSED @ http://localhost:3003/_nuxt/@fs/home/meebuzo/github/alternate-framework/node_modules/vuetify/lib/components/VPullToRefresh/VPullToRefresh.css:0
[  597214ms] [ERROR] Failed to load resource: net::ERR_CONNECTION_REFUSED @ http://localhost:3003/_nuxt/@fs/home/meebuzo/github/alternate-framework/node_modules/vuetify/lib/components/VResponsive/VResponsive.css:0
[  597214ms] [ERROR] Failed to load resource: net::ERR_CONNECTION_REFUSED @ http://localhost:3003/_nuxt/@fs/home/meebuzo/github/alternate-framework/node_modules/vuetify/lib/components/VSelect/VSelect.css:0
[  597214ms] [ERROR] Failed to load resource: net::ERR_CONNECTION_REFUSED @ http://localhost:3003/_nuxt/@fs/home/meebuzo/github/alternate-framework/node_modules/vuetify/lib/composables/autocomplete.js?v=193f35c6:0
[  597215ms] [ERROR] Failed to load resource: net::ERR_CONNECTION_REFUSED @ http://localhost:3003/_nuxt/@fs/home/meebuzo/github/alternate-framework/node_modules/vuetify/lib/components/VSelectionControl/VSelectionControl.css:0
[  597215ms] [ERROR] Failed to load resource: net::ERR_CONNECTION_REFUSED @ http://localhost:3003/_nuxt/@fs/home/meebuzo/github/alternate-framework/node_modules/vuetify/lib/components/VSelectionControlGroup/VSelectionControlGroup.css:0
[  597215ms] [ERROR] Failed to load resource: net::ERR_CONNECTION_REFUSED @ http://localhost:3003/_nuxt/@fs/home/meebuzo/github/alternate-framework/node_modules/vuetify/lib/components/VSheet/VSheet.css:0
[  597215ms] [ERROR] Failed to load resource: net::ERR_CONNECTION_REFUSED @ http://localhost:3003/_nuxt/@fs/home/meebuzo/github/alternate-framework/node_modules/vuetify/lib/components/VSkeletonLoader/VSkeletonLoader.css:0
[  597215ms] [ERROR] Failed to load resource: net::ERR_CONNECTION_REFUSED @ http://localhost:3003/_nuxt/@fs/home/meebuzo/github/alternate-framework/node_modules/vuetify/lib/components/VSlideGroup/VSlideGroup.css:0
[  597216ms] [ERROR] Failed to load resource: net::ERR_CONNECTION_REFUSED @ http://localhost:3003/_nuxt/@fs/home/meebuzo/github/alternate-framework/node_modules/vuetify/lib/components/VSlideGroup/helpers.js?v=193f35c6:0
[  597216ms] [ERROR] Failed to load resource: net::ERR_CONNECTION_REFUSED @ http://localhost:3003/_nuxt/@fs/home/meebuzo/github/alternate-framework/node_modules/vuetify/lib/components/VSnackbar/VSnackbar.css:0
[  597217ms] [ERROR] Failed to load resource: net::ERR_CONNECTION_REFUSED @ http://localhost:3003/_nuxt/@fs/home/meebuzo/github/alternate-framework/node_modules/vuetify/lib/components/VSnackbarQueue/queue.js?v=193f35c6:0
[  597217ms] [ERROR] Failed to load resource: net::ERR_CONNECTION_REFUSED @ http://localhost:3003/_nuxt/@fs/home/meebuzo/github/alternate-framework/node_modules/vuetify/lib/composables/documentVisibility.js?v=193f35c6:0
[  597217ms] [ERROR] Failed to load resource: net::ERR_CONNECTION_REFUSED @ http://localhost:3003/_nuxt/@fs/home/meebuzo/github/alternate-framework/node_modules/vuetify/lib/components/VSparkline/VBarline.js?v=193f35c6:0
[  597217ms] [ERROR] Failed to load resource: net::ERR_CONNECTION_REFUSED @ http://localhost:3003/_nuxt/@fs/home/meebuzo/github/alternate-framework/node_modules/vuetify/lib/components/VSparkline/VTrendline.js?v=193f35c6:0
[  597217ms] [ERROR] Failed to load resource: net::ERR_CONNECTION_REFUSED @ http://localhost:3003/_nuxt/@fs/home/meebuzo/github/alternate-framework/node_modules/vuetify/lib/components/VSpeedDial/VSpeedDial.css:0
[  597218ms] [ERROR] Failed to load resource: net::ERR_CONNECTION_REFUSED @ http://localhost:3003/_nuxt/@fs/home/meebuzo/github/alternate-framework/node_modules/vuetify/lib/components/VStepper/VStepper.css:0
[  597218ms] [ERROR] Failed to load resource: net::ERR_CONNECTION_REFUSED @ http://localhost:3003/_nuxt/@fs/home/meebuzo/github/alternate-framework/node_modules/vuetify/lib/components/VStepper/shared.js?v=193f35c6:0
[  597218ms] [ERROR] Failed to load resource: net::ERR_CONNECTION_REFUSED @ http://localhost:3003/_nuxt/@fs/home/meebuzo/github/alternate-framework/node_modules/vuetify/lib/components/VStepper/VStepperItem.css:0
[  597218ms] [ERROR] Failed to load resource: net::ERR_CONNECTION_REFUSED @ http://localhost:3003/_nuxt/@fs/home/meebuzo/github/alternate-framework/node_modules/vuetify/lib/components/VStepperVertical/VStepperVerticalItem.css:0
[  597218ms] [ERROR] Failed to load resource: net::ERR_CONNECTION_REFUSED @ http://localhost:3003/_nuxt/@fs/home/meebuzo/github/alternate-framework/node_modules/vuetify/lib/components/VSystemBar/VSystemBar.css:0
[  597219ms] [ERROR] Failed to load resource: net::ERR_CONNECTION_REFUSED @ http://localhost:3003/_nuxt/@fs/home/meebuzo/github/alternate-framework/node_modules/vuetify/lib/components/VSwitch/VSwitch.css:0
[  597219ms] [ERROR] Failed to load resource: net::ERR_CONNECTION_REFUSED @ http://localhost:3003/_nuxt/@fs/home/meebuzo/github/alternate-framework/node_modules/vuetify/lib/components/VTabs/VTab.css:0
[  597219ms] [ERROR] Failed to load resource: net::ERR_CONNECTION_REFUSED @ http://localhost:3003/_nuxt/@fs/home/meebuzo/github/alternate-framework/node_modules/vuetify/lib/components/VTabs/shared.js?v=193f35c6:0
[  597219ms] [ERROR] Failed to load resource: net::ERR_CONNECTION_REFUSED @ http://localhost:3003/_nuxt/@fs/home/meebuzo/github/alternate-framework/node_modules/vuetify/lib/components/VTabs/VTabs.css:0
[  597219ms] [ERROR] Failed to load resource: net::ERR_CONNECTION_REFUSED @ http://localhost:3003/_nuxt/@fs/home/meebuzo/github/alternate-framework/node_modules/vuetify/lib/components/VTable/VTable.css:0
[  597220ms] [ERROR] Failed to load resource: net::ERR_CONNECTION_REFUSED @ http://localhost:3003/_nuxt/@fs/home/meebuzo/github/alternate-framework/node_modules/vuetify/lib/components/VTextarea/VTextarea.css:0
[  597220ms] [ERROR] Failed to load resource: net::ERR_CONNECTION_REFUSED @ http://localhost:3003/_nuxt/@fs/home/meebuzo/github/alternate-framework/node_modules/vuetify/lib/components/VTextField/VTextField.css:0
[  597220ms] [ERROR] Failed to load resource: net::ERR_CONNECTION_REFUSED @ http://localhost:3003/_nuxt/@fs/home/meebuzo/github/alternate-framework/node_modules/vuetify/lib/composables/autofocus.js?v=193f35c6:0
[  597220ms] [ERROR] Failed to load resource: net::ERR_CONNECTION_REFUSED @ http://localhost:3003/_nuxt/@fs/home/meebuzo/github/alternate-framework/node_modules/vuetify/lib/components/VThemeProvider/VThemeProvider.css:0
[  597221ms] [ERROR] Failed to load resource: net::ERR_CONNECTION_REFUSED @ http://localhost:3003/_nuxt/@fs/home/meebuzo/github/alternate-framework/node_modules/vuetify/lib/components/VTimeline/VTimeline.css:0
[  597221ms] [ERROR] Failed to load resource: net::ERR_CONNECTION_REFUSED @ http://localhost:3003/_nuxt/@fs/home/meebuzo/github/alternate-framework/node_modules/vuetify/lib/components/VTimeline/VTimelineDivider.js?v=193f35c6:0
[  597221ms] [ERROR] Failed to load resource: net::ERR_CONNECTION_REFUSED @ http://localhost:3003/_nuxt/@fs/home/meebuzo/github/alternate-framework/node_modules/vuetify/lib/components/VTimePicker/VTimePicker.css:0
[  597221ms] [ERROR] Failed to load resource: net::ERR_CONNECTION_REFUSED @ http://localhost:3003/_nuxt/@fs/home/meebuzo/github/alternate-framework/node_modules/vuetify/lib/components/VTimePicker/useTimeValidation.js?v=193f35c6:0
[  597222ms] [ERROR] Failed to load resource: net::ERR_CONNECTION_REFUSED @ http://localhost:3003/_nuxt/@fs/home/meebuzo/github/alternate-framework/node_modules/vuetify/lib/components/VTimePicker/util.js?v=193f35c6:0
[  597222ms] [ERROR] Failed to load resource: net::ERR_CONNECTION_REFUSED @ http://localhost:3003/_nuxt/@fs/home/meebuzo/github/alternate-framework/node_modules/vuetify/lib/components/VTimePicker/VTimePickerClock.css:0
[  597222ms] [ERROR] Failed to load resource: net::ERR_CONNECTION_REFUSED @ http://localhost:3003/_nuxt/@fs/home/meebuzo/github/alternate-framework/node_modules/vuetify/lib/components/VTimePicker/VTimePickerControls.css:0
[  597222ms] [ERROR] Failed to load resource: net::ERR_CONNECTION_REFUSED @ http://localhost:3003/_nuxt/@fs/home/meebuzo/github/alternate-framework/node_modules/vuetify/lib/components/VTimePicker/VTimePickerField.js?v=193f35c6:0
[  597223ms] [ERROR] Failed to load resource: net::ERR_CONNECTION_REFUSED @ http://localhost:3003/_nuxt/@fs/home/meebuzo/github/alternate-framework/node_modules/vuetify/lib/components/VToolbar/VToolbar.css:0
[  597223ms] [ERROR] Failed to load resource: net::ERR_CONNECTION_REFUSED @ http://localhost:3003/_nuxt/@fs/home/meebuzo/github/alternate-framework/node_modules/vuetify/lib/components/VTreeview/VTreeviewItem.css:0
[  597224ms] [ERROR] Failed to load resource: net::ERR_CONNECTION_REFUSED @ http://localhost:3003/_nuxt/@fs/home/meebuzo/github/alternate-framework/node_modules/vuetify/lib/components/VTreeview/shared.js?v=193f35c6:0
[  597224ms] [ERROR] Failed to load resource: net::ERR_CONNECTION_REFUSED @ http://localhost:3003/_nuxt/@fs/home/meebuzo/github/alternate-framework/node_modules/vuetify/lib/components/VTreeview/VTreeviewChildren.js?v=193f35c6:0
[  597224ms] [ERROR] Failed to load resource: net::ERR_CONNECTION_REFUSED @ http://localhost:3003/_nuxt/@fs/home/meebuzo/github/alternate-framework/node_modules/vuetify/lib/components/VTooltip/VTooltip.css:0
[  597224ms] [ERROR] Failed to load resource: net::ERR_CONNECTION_REFUSED @ http://localhost:3003/_nuxt/@fs/home/meebuzo/github/alternate-framework/node_modules/vuetify/lib/components/VVirtualScroll/VVirtualScroll.css:0
[  597225ms] [ERROR] Failed to load resource: net::ERR_CONNECTION_REFUSED @ http://localhost:3003/_nuxt/@fs/home/meebuzo/github/alternate-framework/node_modules/vuetify/lib/components/VWindow/VWindow.css:0
[  597226ms] [ERROR] Failed to load resource: net::ERR_CONNECTION_REFUSED @ http://localhost:3003/_nuxt/@fs/home/meebuzo/github/alternate-framework/node_modules/@sentry/browser/build/npm/esm/dev/debug-build.js?v=193f35c6:0
[  597227ms] [ERROR] Failed to load resource: net::ERR_CONNECTION_REFUSED @ http://localhost:3003/_nuxt/@fs/home/meebuzo/github/alternate-framework/node_modules/@sentry/browser/build/npm/esm/dev/utils/detectBrowserExtension.js?v=193f35c6:0
[  597227ms] [ERROR] Failed to load resource: net::ERR_CONNECTION_REFUSED @ http://localhost:3003/_nuxt/@fs/home/meebuzo/github/alternate-framework/node_modules/@sentry/browser-utils/build/esm/metrics/instrument.js?v=193f35c6:0
[  597227ms] [ERROR] Failed to load resource: net::ERR_CONNECTION_REFUSED @ http://localhost:3003/_nuxt/@fs/home/meebuzo/github/alternate-framework/node_modules/@sentry/browser-utils/build/esm/metrics/browserMetrics.js?v=193f35c6:0
[  597228ms] [ERROR] Failed to load resource: net::ERR_CONNECTION_REFUSED @ http://localhost:3003/_nuxt/@fs/home/meebuzo/github/alternate-framework/node_modules/@sentry/browser-utils/build/esm/metrics/elementTiming.js?v=193f35c6:0
[  597228ms] [ERROR] Failed to load resource: net::ERR_CONNECTION_REFUSED @ http://localhost:3003/_nuxt/@fs/home/meebuzo/github/alternate-framework/node_modules/@sentry/browser-utils/build/esm/metrics/utils.js?v=193f35c6:0
[  597229ms] [ERROR] Failed to load resource: net::ERR_CONNECTION_REFUSED @ http://localhost:3003/_nuxt/@fs/home/meebuzo/github/alternate-framework/node_modules/@sentry/browser-utils/build/esm/metrics/webVitalSpans.js?v=193f35c6:0
[  597229ms] [ERROR] Failed to load resource: net::ERR_CONNECTION_REFUSED @ http://localhost:3003/_nuxt/@fs/home/meebuzo/github/alternate-framework/node_modules/@sentry/browser-utils/build/esm/metrics/web-vitals/lib/whenIdleOrHidden.js?v=193f35c6:0
[  597229ms] [ERROR] Failed to load resource: net::ERR_CONNECTION_REFUSED @ http://localhost:3003/_nuxt/@fs/home/meebuzo/github/alternate-framework/node_modules/@sentry/browser-utils/build/esm/instrument/dom.js?v=193f35c6:0
[  597229ms] [ERROR] Failed to load resource: net::ERR_CONNECTION_REFUSED @ http://localhost:3003/_nuxt/@fs/home/meebuzo/github/alternate-framework/node_modules/@sentry/browser-utils/build/esm/instrument/history.js?v=193f35c6:0
[  597230ms] [ERROR] Failed to load resource: net::ERR_CONNECTION_REFUSED @ http://localhost:3003/_nuxt/@fs/home/meebuzo/github/alternate-framework/node_modules/@sentry/browser-utils/build/esm/getNativeImplementation.js?v=193f35c6:0
[  597230ms] [ERROR] Failed to load resource: net::ERR_CONNECTION_REFUSED @ http://localhost:3003/_nuxt/@fs/home/meebuzo/github/alternate-framework/node_modules/@sentry/browser-utils/build/esm/instrument/xhr.js?v=193f35c6:0
[  597231ms] [ERROR] Failed to load resource: net::ERR_CONNECTION_REFUSED @ http://localhost:3003/_nuxt/@fs/home/meebuzo/github/alternate-framework/node_modules/@sentry/browser-utils/build/esm/networkUtils.js?v=193f35c6:0
[  597232ms] [ERROR] Failed to load resource: net::ERR_CONNECTION_REFUSED @ http://localhost:3003/_nuxt/@fs/home/meebuzo/github/alternate-framework/node_modules/@sentry/browser-utils/build/esm/htmlTreeAsString.js?v=193f35c6:0
[  597232ms] [ERROR] Failed to load resource: net::ERR_CONNECTION_REFUSED @ http://localhost:3003/_nuxt/@fs/home/meebuzo/github/alternate-framework/node_modules/@sentry/browser-utils/build/esm/metrics/resourceTiming.js?v=193f35c6:0
[  597236ms] [ERROR] Failed to load resource: net::ERR_CONNECTION_REFUSED @ http://localhost:3003/_nuxt/@fs/home/meebuzo/github/alternate-framework/node_modules/@sentry/browser-utils/build/esm/is.js?v=193f35c6:0
[  597237ms] [ERROR] Failed to load resource: net::ERR_CONNECTION_REFUSED @ http://localhost:3003/_nuxt/@fs/home/meebuzo/github/alternate-framework/node_modules/@sentry/browser-utils/build/esm/instrument/location.js?v=193f35c6:0
[  597237ms] [ERROR] Failed to load resource: net::ERR_CONNECTION_REFUSED @ http://localhost:3003/_nuxt/@fs/home/meebuzo/github/alternate-framework/node_modules/@sentry/browser-utils/build/esm/metrics/inp.js?v=193f35c6:0
[  597237ms] [ERROR] Failed to load resource: net::ERR_CONNECTION_REFUSED @ http://localhost:3003/_nuxt/@fs/home/meebuzo/github/alternate-framework/node_modules/@sentry/browser/build/npm/esm/dev/tracing/utils.js?v=193f35c6:0
[  597237ms] [ERROR] Failed to load resource: net::ERR_CONNECTION_REFUSED @ http://localhost:3003/_nuxt/@fs/home/meebuzo/github/alternate-framework/node_modules/@sentry/browser/build/npm/esm/dev/tracing/backgroundtab.js?v=193f35c6:0
[  597238ms] [ERROR] Failed to load resource: net::ERR_CONNECTION_REFUSED @ http://localhost:3003/_nuxt/@fs/home/meebuzo/github/alternate-framework/node_modules/@sentry/browser/build/npm/esm/dev/tracing/linkedTraces.js?v=193f35c6:0
[  597238ms] [ERROR] Failed to load resource: net::ERR_CONNECTION_REFUSED @ http://localhost:3003/_nuxt/@fs/home/meebuzo/github/alternate-framework/node_modules/@sentry/browser/build/npm/esm/dev/profiling/startProfileForSpan.js?v=193f35c6:0
[  597238ms] [ERROR] Failed to load resource: net::ERR_CONNECTION_REFUSED @ http://localhost:3003/_nuxt/@fs/home/meebuzo/github/alternate-framework/node_modules/@sentry/browser/build/npm/esm/dev/profiling/UIProfiler.js?v=193f35c6:0
[  597238ms] [ERROR] Failed to load resource: net::ERR_CONNECTION_REFUSED @ http://localhost:3003/_nuxt/@fs/home/meebuzo/github/alternate-framework/node_modules/@sentry/browser/build/npm/esm/dev/profiling/utils.js?v=193f35c6:0
[  597238ms] [ERROR] Failed to load resource: net::ERR_CONNECTION_REFUSED @ http://localhost:3003/_nuxt/@fs/home/meebuzo/github/alternate-framework/node_modules/@sentry/core/build/esm/tracing/spans/spanJsonToStreamedSpan.js?v=193f35c6:0
[  597239ms] [ERROR] Failed to load resource: net::ERR_CONNECTION_REFUSED @ http://localhost:3003/_nuxt/@fs/home/meebuzo/github/alternate-framework/node_modules/@sentry/core/build/esm/integrations/mcp-server/errorCapture.js?v=193f35c6:0
[  597239ms] [ERROR] Failed to load resource: net::ERR_CONNECTION_REFUSED @ http://localhost:3003/_nuxt/@fs/home/meebuzo/github/alternate-framework/node_modules/@sentry/core/build/esm/integrations/mcp-server/attributes.js?v=193f35c6:0
[  597239ms] [ERROR] Failed to load resource: net::ERR_CONNECTION_REFUSED @ http://localhost:3003/_nuxt/@fs/home/meebuzo/github/alternate-framework/node_modules/@sentry/core/build/esm/integrations/mcp-server/correlation.js?v=193f35c6:0
[  597244ms] [ERROR] Failed to load resource: net::ERR_CONNECTION_REFUSED @ http://localhost:3003/_nuxt/@fs/home/meebuzo/github/alternate-framework/node_modules/@sentry/core/build/esm/integrations/mcp-server/sessionExtraction.js?v=193f35c6:0
[  597248ms] [ERROR] Failed to load resource: net::ERR_CONNECTION_REFUSED @ http://localhost:3003/_nuxt/@fs/home/meebuzo/github/alternate-framework/node_modules/@sentry/core/build/esm/integrations/mcp-server/sessionManagement.js?v=193f35c6:0
[  597248ms] [ERROR] Failed to load resource: net::ERR_CONNECTION_REFUSED @ http://localhost:3003/_nuxt/@fs/home/meebuzo/github/alternate-framework/node_modules/@sentry/core/build/esm/integrations/mcp-server/spans.js?v=193f35c6:0
[  597248ms] [ERROR] Failed to load resource: net::ERR_CONNECTION_REFUSED @ http://localhost:3003/_nuxt/@fs/home/meebuzo/github/alternate-framework/node_modules/@sentry/core/build/esm/integrations/express/request-layer-store.js?v=193f35c6:0
[  597249ms] [ERROR] Failed to load resource: net::ERR_CONNECTION_REFUSED @ http://localhost:3003/_nuxt/@fs/home/meebuzo/github/alternate-framework/node_modules/@sentry/core/build/esm/integrations/express/types.js?v=193f35c6:0
[  597249ms] [ERROR] Failed to load resource: net::ERR_CONNECTION_REFUSED @ http://localhost:3003/_nuxt/@fs/home/meebuzo/github/alternate-framework/node_modules/@unhead/vue/node_modules/unhead/dist/shared/unhead.C-69jnXc.mjs?v=193f35c6:0
[  597249ms] [ERROR] Failed to load resource: net::ERR_CONNECTION_REFUSED @ http://localhost:3003/_nuxt/@fs/home/meebuzo/github/alternate-framework/node_modules/@unhead/vue/node_modules/unhead/dist/shared/unhead.BrXkGDAU.mjs?v=193f35c6:0
[  597249ms] [ERROR] Failed to load resource: net::ERR_CONNECTION_REFUSED @ http://localhost:3003/_nuxt/@fs/home/meebuzo/github/alternate-framework/node_modules/vue-i18n/node_modules/@vue/devtools-api/lib/esm/api/api.js?v=193f35c6:0
[  597250ms] [ERROR] Failed to load resource: net::ERR_CONNECTION_REFUSED @ http://localhost:3003/_nuxt/@fs/home/meebuzo/github/alternate-framework/node_modules/vue-i18n/node_modules/@vue/devtools-api/lib/esm/api/app.js?v=193f35c6:0
[  597250ms] [ERROR] Failed to load resource: net::ERR_CONNECTION_REFUSED @ http://localhost:3003/_nuxt/@fs/home/meebuzo/github/alternate-framework/node_modules/vue-i18n/node_modules/@vue/devtools-api/lib/esm/api/component.js?v=193f35c6:0
[  597251ms] [ERROR] Failed to load resource: net::ERR_CONNECTION_REFUSED @ http://localhost:3003/_nuxt/@fs/home/meebuzo/github/alternate-framework/node_modules/vue-i18n/node_modules/@vue/devtools-api/lib/esm/api/context.js?v=193f35c6:0
[  597251ms] [ERROR] Failed to load resource: net::ERR_CONNECTION_REFUSED @ http://localhost:3003/_nuxt/@fs/home/meebuzo/github/alternate-framework/node_modules/vue-i18n/node_modules/@vue/devtools-api/lib/esm/api/hooks.js?v=193f35c6:0
[  597252ms] [ERROR] Failed to load resource: net::ERR_CONNECTION_REFUSED @ http://localhost:3003/_nuxt/@fs/home/meebuzo/github/alternate-framework/node_modules/vue-i18n/node_modules/@vue/devtools-api/lib/esm/api/util.js?v=193f35c6:0
[  597252ms] [ERROR] Failed to load resource: net::ERR_CONNECTION_REFUSED @ http://localhost:3003/_nuxt/@fs/home/meebuzo/github/alternate-framework/node_modules/instantsearch.js/es/connectors/answers/connectAnswers.js?v=193f35c6:0
[  597255ms] [ERROR] Failed to load resource: net::ERR_CONNECTION_REFUSED @ http://localhost:3003/_nuxt/@fs/home/meebuzo/github/alternate-framework/node_modules/instantsearch.js/es/connectors/configure-related-items/connectConfigureRelatedItems.js?v=193f35c6:0
[  597257ms] [ERROR] Failed to load resource: net::ERR_CONNECTION_REFUSED @ http://localhost:3003/_nuxt/@fs/home/meebuzo/github/alternate-framework/node_modules/instantsearch.js/es/connectors/dynamic-widgets/connectDynamicWidgets.js?v=193f35c6:0
[  597258ms] [ERROR] Failed to load resource: net::ERR_CONNECTION_REFUSED @ http://localhost:3003/_nuxt/@fs/home/meebuzo/github/alternate-framework/node_modules/instantsearch.js/es/connectors/clear-refinements/connectClearRefinements.js?v=193f35c6:0
[  597259ms] [ERROR] Failed to load resource: net::ERR_CONNECTION_REFUSED @ http://localhost:3003/_nuxt/@fs/home/meebuzo/github/alternate-framework/node_modules/instantsearch.js/es/connectors/current-refinements/connectCurrentRefinements.js?v=193f35c6:0
[  597261ms] [ERROR] Failed to load resource: net::ERR_CONNECTION_REFUSED @ http://localhost:3003/_nuxt/@fs/home/meebuzo/github/alternate-framework/node_modules/instantsearch.js/es/connectors/hierarchical-menu/connectHierarchicalMenu.js?v=193f35c6:0
[  597262ms] [ERROR] Failed to load resource: net::ERR_CONNECTION_REFUSED @ http://localhost:3003/_nuxt/@fs/home/meebuzo/github/alternate-framework/node_modules/instantsearch.js/es/connectors/hits/connectHits.js?v=193f35c6:0
[  597262ms] [ERROR] Failed to load resource: net::ERR_CONNECTION_REFUSED @ http://localhost:3003/_nuxt/@fs/home/meebuzo/github/alternate-framework/node_modules/instantsearch.js/es/connectors/hits/connectHitsWithInsights.js?v=193f35c6:0
[  597263ms] [ERROR] Failed to load resource: net::ERR_CONNECTION_REFUSED @ http://localhost:3003/_nuxt/@fs/home/meebuzo/github/alternate-framework/node_modules/instantsearch.js/es/connectors/hits-per-page/connectHitsPerPage.js?v=193f35c6:0
[  597264ms] [ERROR] Failed to load resource: net::ERR_CONNECTION_REFUSED @ http://localhost:3003/_nuxt/@fs/home/meebuzo/github/alternate-framework/node_modules/instantsearch.js/es/connectors/infinite-hits/connectInfiniteHits.js?v=193f35c6:0
[  597265ms] [ERROR] Failed to load resource: net::ERR_CONNECTION_REFUSED @ http://localhost:3003/_nuxt/@fs/home/meebuzo/github/alternate-framework/node_modules/instantsearch.js/es/connectors/infinite-hits/connectInfiniteHitsWithInsights.js?v=193f35c6:0
[  597266ms] [ERROR] Failed to load resource: net::ERR_CONNECTION_REFUSED @ http://localhost:3003/_nuxt/@fs/home/meebuzo/github/alternate-framework/node_modules/instantsearch.js/es/connectors/menu/connectMenu.js?v=193f35c6:0
[  597268ms] [ERROR] Failed to load resource: net::ERR_CONNECTION_REFUSED @ http://localhost:3003/_nuxt/@fs/home/meebuzo/github/alternate-framework/node_modules/instantsearch.js/es/connectors/numeric-menu/connectNumericMenu.js?v=193f35c6:0
[  597270ms] [ERROR] Failed to load resource: net::ERR_CONNECTION_REFUSED @ http://localhost:3003/_nuxt/@fs/home/meebuzo/github/alternate-framework/node_modules/instantsearch.js/es/connectors/pagination/connectPagination.js?v=193f35c6:0
[  597272ms] [ERROR] Failed to load resource: net::ERR_CONNECTION_REFUSED @ http://localhost:3003/_nuxt/@fs/home/meebuzo/github/alternate-framework/node_modules/instantsearch.js/es/connectors/range/connectRange.js?v=193f35c6:0
[  597273ms] [ERROR] Failed to load resource: net::ERR_CONNECTION_REFUSED @ http://localhost:3003/_nuxt/@fs/home/meebuzo/github/alternate-framework/node_modules/instantsearch.js/es/connectors/refinement-list/connectRefinementList.js?v=193f35c6:0
[  597274ms] [ERROR] Failed to load resource: net::ERR_CONNECTION_REFUSED @ http://localhost:3003/_nuxt/@fs/home/meebuzo/github/alternate-framework/node_modules/instantsearch.js/es/connectors/related-products/connectRelatedProducts.js?v=193f35c6:0
[  597275ms] [ERROR] Failed to load resource: net::ERR_CONNECTION_REFUSED @ http://localhost:3003/_nuxt/@fs/home/meebuzo/github/alternate-framework/node_modules/instantsearch.js/es/connectors/search-box/connectSearchBox.js?v=193f35c6:0
[  597277ms] [ERROR] Failed to load resource: net::ERR_CONNECTION_REFUSED @ http://localhost:3003/_nuxt/@fs/home/meebuzo/github/alternate-framework/node_modules/instantsearch.js/es/connectors/sort-by/connectSortBy.js?v=193f35c6:0
[  597281ms] [ERROR] Failed to load resource: net::ERR_CONNECTION_REFUSED @ http://localhost:3003/_nuxt/@fs/home/meebuzo/github/alternate-framework/node_modules/instantsearch.js/es/connectors/rating-menu/connectRatingMenu.js?v=193f35c6:0
[  597284ms] [ERROR] Failed to load resource: net::ERR_CONNECTION_REFUSED @ http://localhost:3003/_nuxt/@fs/home/meebuzo/github/alternate-framework/node_modules/instantsearch.js/es/connectors/stats/connectStats.js?v=193f35c6:0
[  597287ms] [ERROR] Failed to load resource: net::ERR_CONNECTION_REFUSED @ http://localhost:3003/_nuxt/@fs/home/meebuzo/github/alternate-framework/node_modules/instantsearch.js/es/connectors/toggle-refinement/connectToggleRefinement.js?v=193f35c6:0
[  597288ms] [ERROR] Failed to load resource: net::ERR_CONNECTION_REFUSED @ http://localhost:3003/_nuxt/@fs/home/meebuzo/github/alternate-framework/node_modules/instantsearch.js/es/connectors/trending-facets/connectTrendingFacets.js?v=193f35c6:0
[  597289ms] [ERROR] Failed to load resource: net::ERR_CONNECTION_REFUSED @ http://localhost:3003/_nuxt/@fs/home/meebuzo/github/alternate-framework/node_modules/instantsearch.js/es/connectors/trending-items/connectTrendingItems.js?v=193f35c6:0
[  597289ms] [ERROR] Failed to load resource: net::ERR_CONNECTION_REFUSED @ http://localhost:3003/_nuxt/@fs/home/meebuzo/github/alternate-framework/node_modules/instantsearch.js/es/connectors/breadcrumb/connectBreadcrumb.js?v=193f35c6:0
[  597289ms] [ERROR] Failed to load resource: net::ERR_CONNECTION_REFUSED @ http://localhost:3003/_nuxt/@fs/home/meebuzo/github/alternate-framework/node_modules/instantsearch.js/es/connectors/geo-search/connectGeoSearch.js?v=193f35c6:0
[  597290ms] [ERROR] Failed to load resource: net::ERR_CONNECTION_REFUSED @ http://localhost:3003/_nuxt/@fs/home/meebuzo/github/alternate-framework/node_modules/instantsearch.js/es/connectors/powered-by/connectPoweredBy.js?v=193f35c6:0
[  597290ms] [ERROR] Failed to load resource: net::ERR_CONNECTION_REFUSED @ http://localhost:3003/_nuxt/@fs/home/meebuzo/github/alternate-framework/node_modules/instantsearch.js/es/connectors/configure/connectConfigure.js?v=193f35c6:0
[  597290ms] [ERROR] Failed to load resource: net::ERR_CONNECTION_REFUSED @ http://localhost:3003/_nuxt/@fs/home/meebuzo/github/alternate-framework/node_modules/instantsearch.js/es/connectors/autocomplete/connectAutocomplete.js?v=193f35c6:0
[  597290ms] [ERROR] Failed to load resource: net::ERR_CONNECTION_REFUSED @ http://localhost:3003/_nuxt/@fs/home/meebuzo/github/alternate-framework/node_modules/instantsearch.js/es/connectors/query-rules/connectQueryRules.js?v=193f35c6:0
[  597290ms] [ERROR] Failed to load resource: net::ERR_CONNECTION_REFUSED @ http://localhost:3003/_nuxt/@fs/home/meebuzo/github/alternate-framework/node_modules/instantsearch.js/es/connectors/voice-search/connectVoiceSearch.js?v=193f35c6:0
[  597290ms] [ERROR] Failed to load resource: net::ERR_CONNECTION_REFUSED @ http://localhost:3003/_nuxt/@fs/home/meebuzo/github/alternate-framework/node_modules/instantsearch.js/es/connectors/relevant-sort/connectRelevantSort.js?v=193f35c6:0
[  597291ms] [ERROR] Failed to load resource: net::ERR_CONNECTION_REFUSED @ http://localhost:3003/_nuxt/@fs/home/meebuzo/github/alternate-framework/node_modules/instantsearch.js/es/connectors/frequently-bought-together/connectFrequentlyBoughtTogether.js?v=193f35c6:0
[  597293ms] [ERROR] Failed to load resource: net::ERR_CONNECTION_REFUSED @ http://localhost:3003/_nuxt/@fs/home/meebuzo/github/alternate-framework/node_modules/instantsearch.js/es/connectors/looking-similar/connectLookingSimilar.js?v=193f35c6:0
[  597294ms] [ERROR] Failed to load resource: net::ERR_CONNECTION_REFUSED @ http://localhost:3003/_nuxt/@fs/home/meebuzo/github/alternate-framework/node_modules/instantsearch.js/es/connectors/chat/connectChat.js?v=193f35c6:0
[  597295ms] [ERROR] Failed to load resource: net::ERR_CONNECTION_REFUSED @ http://localhost:3003/_nuxt/@fs/home/meebuzo/github/alternate-framework/node_modules/instantsearch.js/es/connectors/prompt-suggestions/connectPromptSuggestions.js?v=193f35c6:0
[  597295ms] [ERROR] Failed to load resource: net::ERR_CONNECTION_REFUSED @ http://localhost:3003/_nuxt/@fs/home/meebuzo/github/alternate-framework/node_modules/instantsearch.js/es/connectors/tasks/connectTasks.js?v=193f35c6:0
[  597296ms] [ERROR] Failed to load resource: net::ERR_CONNECTION_REFUSED @ http://localhost:3003/_nuxt/@fs/home/meebuzo/github/alternate-framework/node_modules/instantsearch.js/es/connectors/feeds/connectFeeds.js?v=193f35c6:0
[  597296ms] [ERROR] Failed to load resource: net::ERR_CONNECTION_REFUSED @ http://localhost:3003/_nuxt/@fs/home/meebuzo/github/alternate-framework/node_modules/instantsearch.js/es/connectors/chat/connectChatTrigger.js?v=193f35c6:0
[  597296ms] [ERROR] Failed to load resource: net::ERR_CONNECTION_REFUSED @ http://localhost:3003/_nuxt/@fs/home/meebuzo/github/alternate-framework/node_modules/instantsearch.js/es/connectors/filter-suggestions/connectFilterSuggestions.js?v=193f35c6:0
[  597296ms] [ERROR] Failed to load resource: net::ERR_CONNECTION_REFUSED @ http://localhost:3003/_nuxt/@fs/home/meebuzo/github/alternate-framework/node_modules/instantsearch.js/es/lib/utils/logger.js?v=193f35c6:0
[  597296ms] [ERROR] Failed to load resource: net::ERR_CONNECTION_REFUSED @ http://localhost:3003/_nuxt/@fs/home/meebuzo/github/alternate-framework/node_modules/vue-instantsearch/node_modules/@swc/helpers/esm/_object_without_properties_loose.js?v=193f35c6:0
[  597297ms] [ERROR] Failed to load resource: net::ERR_CONNECTION_REFUSED @ http://localhost:3003/_nuxt/@fs/home/meebuzo/github/alternate-framework/node_modules/vue-instantsearch/node_modules/instantsearch-ui-components/dist/es/components/autocomplete/Autocomplete.js?v=193f35c6:0
[  597297ms] [ERROR] Failed to load resource: net::ERR_CONNECTION_REFUSED @ http://localhost:3003/_nuxt/@fs/home/meebuzo/github/alternate-framework/node_modules/vue-instantsearch/node_modules/instantsearch-ui-components/dist/es/components/autocomplete/AutocompleteDetachedContainer.js?v=193f35c6:0
[  597299ms] [ERROR] Failed to load resource: net::ERR_CONNECTION_REFUSED @ http://localhost:3003/_nuxt/@fs/home/meebuzo/github/alternate-framework/node_modules/vue-instantsearch/node_modules/instantsearch-ui-components/dist/es/components/autocomplete/AutocompleteDetachedFormContainer.js?v=193f35c6:0
[  597299ms] [ERROR] Failed to load resource: net::ERR_CONNECTION_REFUSED @ http://localhost:3003/_nuxt/@fs/home/meebuzo/github/alternate-framework/node_modules/vue-instantsearch/node_modules/instantsearch-ui-components/dist/es/components/autocomplete/AutocompleteDetachedOverlay.js?v=193f35c6:0
[  597301ms] [ERROR] Failed to load resource: net::ERR_CONNECTION_REFUSED @ http://localhost:3003/_nuxt/@fs/home/meebuzo/github/alternate-framework/node_modules/vue-instantsearch/node_modules/instantsearch-ui-components/dist/es/components/autocomplete/AutocompleteDetachedSearchButton.js?v=193f35c6:0
[  597301ms] [ERROR] Failed to load resource: net::ERR_CONNECTION_REFUSED @ http://localhost:3003/_nuxt/@fs/home/meebuzo/github/alternate-framework/node_modules/vue-instantsearch/node_modules/instantsearch-ui-components/dist/es/components/autocomplete/AutocompleteIndex.js?v=193f35c6:0
[  597301ms] [ERROR] Failed to load resource: net::ERR_CONNECTION_REFUSED @ http://localhost:3003/_nuxt/@fs/home/meebuzo/github/alternate-framework/node_modules/vue-instantsearch/node_modules/instantsearch-ui-components/dist/es/components/autocomplete/AutocompletePanel.js?v=193f35c6:0
[  597303ms] [ERROR] Failed to load resource: net::ERR_CONNECTION_REFUSED @ http://localhost:3003/_nuxt/@fs/home/meebuzo/github/alternate-framework/node_modules/vue-instantsearch/node_modules/instantsearch-ui-components/dist/es/components/autocomplete/AutocompletePromptSuggestion.js?v=193f35c6:0
[  597303ms] [ERROR] Failed to load resource: net::ERR_CONNECTION_REFUSED @ http://localhost:3003/_nuxt/@fs/home/meebuzo/github/alternate-framework/node_modules/vue-instantsearch/node_modules/instantsearch-ui-components/dist/es/components/autocomplete/AutocompleteRecentSearch.js?v=193f35c6:0
[  597303ms] [ERROR] Failed to load resource: net::ERR_CONNECTION_REFUSED @ http://localhost:3003/_nuxt/@fs/home/meebuzo/github/alternate-framework/node_modules/vue-instantsearch/node_modules/instantsearch-ui-components/dist/es/components/autocomplete/AutocompleteSearch.js?v=193f35c6:0
[  597304ms] [ERROR] Failed to load resource: net::ERR_CONNECTION_REFUSED @ http://localhost:3003/_nuxt/@fs/home/meebuzo/github/alternate-framework/node_modules/vue-instantsearch/node_modules/instantsearch-ui-components/dist/es/components/autocomplete/AutocompleteSuggestion.js?v=193f35c6:0
[  597304ms] [ERROR] Failed to load resource: net::ERR_CONNECTION_REFUSED @ http://localhost:3003/_nuxt/@fs/home/meebuzo/github/alternate-framework/node_modules/vue-instantsearch/node_modules/instantsearch-ui-components/dist/es/components/autocomplete/createAutocompletePropGetters.js?v=193f35c6:0
[  597304ms] [ERROR] Failed to load resource: net::ERR_CONNECTION_REFUSED @ http://localhost:3003/_nuxt/@fs/home/meebuzo/github/alternate-framework/node_modules/vue-instantsearch/node_modules/instantsearch-ui-components/dist/es/components/autocomplete/createAutocompleteStorage.js?v=193f35c6:0
[  597304ms] [ERROR] Failed to load resource: net::ERR_CONNECTION_REFUSED @ http://localhost:3003/_nuxt/@fs/home/meebuzo/github/alternate-framework/node_modules/vue-instantsearch/node_modules/instantsearch-ui-components/dist/es/components/Button.js?v=193f35c6:0
[  597304ms] [ERROR] Failed to load resource: net::ERR_CONNECTION_REFUSED @ http://localhost:3003/_nuxt/@fs/home/meebuzo/github/alternate-framework/node_modules/vue-instantsearch/node_modules/instantsearch-ui-components/dist/es/components/Carousel.js?v=193f35c6:0
[  597304ms] [ERROR] Failed to load resource: net::ERR_CONNECTION_REFUSED @ http://localhost:3003/_nuxt/@fs/home/meebuzo/github/alternate-framework/node_modules/vue-instantsearch/node_modules/instantsearch-ui-components/dist/es/components/chat/Chat.js?v=193f35c6:0
[  597305ms] [ERROR] Failed to load resource: net::ERR_CONNECTION_REFUSED @ http://localhost:3003/_nuxt/@fs/home/meebuzo/github/alternate-framework/node_modules/vue-instantsearch/node_modules/instantsearch-ui-components/dist/es/components/chat/ChatOverlayLayout.js?v=193f35c6:0
[  597305ms] [ERROR] Failed to load resource: net::ERR_CONNECTION_REFUSED @ http://localhost:3003/_nuxt/@fs/home/meebuzo/github/alternate-framework/node_modules/vue-instantsearch/node_modules/instantsearch-ui-components/dist/es/components/chat/ChatInlineLayout.js?v=193f35c6:0
[  597307ms] [ERROR] Failed to load resource: net::ERR_CONNECTION_REFUSED @ http://localhost:3003/_nuxt/@fs/home/meebuzo/github/alternate-framework/node_modules/vue-instantsearch/node_modules/instantsearch-ui-components/dist/es/components/chat/ChatSidePanelLayout.js?v=193f35c6:0
[  597307ms] [ERROR] Failed to load resource: net::ERR_CONNECTION_REFUSED @ http://localhost:3003/_nuxt/@fs/home/meebuzo/github/alternate-framework/node_modules/vue-instantsearch/node_modules/instantsearch-ui-components/dist/es/components/chat/ChatHeader.js?v=193f35c6:0
[  597307ms] [ERROR] Failed to load resource: net::ERR_CONNECTION_REFUSED @ http://localhost:3003/_nuxt/@fs/home/meebuzo/github/alternate-framework/node_modules/vue-instantsearch/node_modules/instantsearch-ui-components/dist/es/components/chat/ChatMessage.js?v=193f35c6:0
[  597307ms] [ERROR] Failed to load resource: net::ERR_CONNECTION_REFUSED @ http://localhost:3003/_nuxt/@fs/home/meebuzo/github/alternate-framework/node_modules/vue-instantsearch/node_modules/instantsearch-ui-components/dist/es/components/chat/ChatMessages.js?v=193f35c6:0
[  597308ms] [ERROR] Failed to load resource: net::ERR_CONNECTION_REFUSED @ http://localhost:3003/_nuxt/@fs/home/meebuzo/github/alternate-framework/node_modules/vue-instantsearch/node_modules/instantsearch-ui-components/dist/es/components/chat/ChatMessageLoader.js?v=193f35c6:0
[  597309ms] [ERROR] Failed to load resource: net::ERR_CONNECTION_REFUSED @ http://localhost:3003/_nuxt/@fs/home/meebuzo/github/alternate-framework/node_modules/vue-instantsearch/node_modules/instantsearch-ui-components/dist/es/components/chat/ChatMessageError.js?v=193f35c6:0
[  597309ms] [ERROR] Failed to load resource: net::ERR_CONNECTION_REFUSED @ http://localhost:3003/_nuxt/@fs/home/meebuzo/github/alternate-framework/node_modules/vue-instantsearch/node_modules/instantsearch-ui-components/dist/es/components/chat/ChatGreeting.js?v=193f35c6:0
[  597310ms] [ERROR] Failed to load resource: net::ERR_CONNECTION_REFUSED @ http://localhost:3003/_nuxt/@fs/home/meebuzo/github/alternate-framework/node_modules/vue-instantsearch/node_modules/instantsearch-ui-components/dist/es/components/chat/ChatPrompt.js?v=193f35c6:0
[  597310ms] [ERROR] Failed to load resource: net::ERR_CONNECTION_REFUSED @ http://localhost:3003/_nuxt/@fs/home/meebuzo/github/alternate-framework/node_modules/vue-instantsearch/node_modules/instantsearch-ui-components/dist/es/components/chat/ChatPromptSuggestions.js?v=193f35c6:0
[  597310ms] [ERROR] Failed to load resource: net::ERR_CONNECTION_REFUSED @ http://localhost:3003/_nuxt/@fs/home/meebuzo/github/alternate-framework/node_modules/vue-instantsearch/node_modules/instantsearch-ui-components/dist/es/components/chat/PromptSuggestions.js?v=193f35c6:0
[  597311ms] [ERROR] Failed to load resource: net::ERR_CONNECTION_REFUSED @ http://localhost:3003/_nuxt/@fs/home/meebuzo/github/alternate-framework/node_modules/vue-instantsearch/node_modules/instantsearch-ui-components/dist/es/components/chat/ChatToggleButton.js?v=193f35c6:0
[  597311ms] [ERROR] Failed to load resource: net::ERR_CONNECTION_REFUSED @ http://localhost:3003/_nuxt/@fs/home/meebuzo/github/alternate-framework/node_modules/vue-instantsearch/node_modules/instantsearch-ui-components/dist/es/components/chat/tools/CarouselTool.js?v=193f35c6:0
[  597311ms] [ERROR] Failed to load resource: net::ERR_CONNECTION_REFUSED @ http://localhost:3003/_nuxt/@fs/home/meebuzo/github/alternate-framework/node_modules/vue-instantsearch/node_modules/instantsearch-ui-components/dist/es/components/chat/icons.js?v=193f35c6:0
[  597311ms] [ERROR] Failed to load resource: net::ERR_CONNECTION_REFUSED @ http://localhost:3003/_nuxt/@fs/home/meebuzo/github/alternate-framework/node_modules/vue-instantsearch/node_modules/instantsearch-ui-components/dist/es/components/chat/tools/DisplayResultsTool.js?v=193f35c6:0
[  597311ms] [ERROR] Failed to load resource: net::ERR_CONNECTION_REFUSED @ http://localhost:3003/_nuxt/@fs/home/meebuzo/github/alternate-framework/node_modules/vue-instantsearch/node_modules/instantsearch-ui-components/dist/es/components/FrequentlyBoughtTogether.js?v=193f35c6:0
[  597313ms] [ERROR] Failed to load resource: net::ERR_CONNECTION_REFUSED @ http://localhost:3003/_nuxt/@fs/home/meebuzo/github/alternate-framework/node_modules/vue-instantsearch/node_modules/instantsearch-ui-components/dist/es/components/Highlight.js?v=193f35c6:0
[  597314ms] [ERROR] Failed to load resource: net::ERR_CONNECTION_REFUSED @ http://localhost:3003/_nuxt/@fs/home/meebuzo/github/alternate-framework/node_modules/vue-instantsearch/node_modules/instantsearch-ui-components/dist/es/components/Hits.js?v=193f35c6:0
[  597315ms] [ERROR] Failed to load resource: net::ERR_CONNECTION_REFUSED @ http://localhost:3003/_nuxt/@fs/home/meebuzo/github/alternate-framework/node_modules/vue-instantsearch/node_modules/instantsearch-ui-components/dist/es/components/LookingSimilar.js?v=193f35c6:0
[  597315ms] [ERROR] Failed to load resource: net::ERR_CONNECTION_REFUSED @ http://localhost:3003/_nuxt/@fs/home/meebuzo/github/alternate-framework/node_modules/vue-instantsearch/node_modules/instantsearch-ui-components/dist/es/components/RelatedProducts.js?v=193f35c6:0
[  597318ms] [ERROR] Failed to load resource: net::ERR_CONNECTION_REFUSED @ http://localhost:3003/_nuxt/@fs/home/meebuzo/github/alternate-framework/node_modules/vue-instantsearch/node_modules/instantsearch-ui-components/dist/es/components/TrendingItems.js?v=193f35c6:0
[  597318ms] [ERROR] Failed to load resource: net::ERR_CONNECTION_REFUSED @ http://localhost:3003/_nuxt/@fs/home/meebuzo/github/alternate-framework/node_modules/vue-instantsearch/node_modules/instantsearch-ui-components/dist/es/components/TrendingFacets.js?v=193f35c6:0
[  597318ms] [ERROR] Failed to load resource: net::ERR_CONNECTION_REFUSED @ http://localhost:3003/_nuxt/@fs/home/meebuzo/github/alternate-framework/node_modules/vue-instantsearch/node_modules/instantsearch-ui-components/dist/es/components/FilterSuggestions.js?v=193f35c6:0
[  597319ms] [ERROR] Failed to load resource: net::ERR_CONNECTION_REFUSED @ http://localhost:3003/_nuxt/@fs/home/meebuzo/github/alternate-framework/node_modules/vue-instantsearch/node_modules/instantsearch-ui-components/dist/es/lib/cx.js?v=193f35c6:0
[  597319ms] [ERROR] Failed to load resource: net::ERR_CONNECTION_REFUSED @ http://localhost:3003/_nuxt/@fs/home/meebuzo/github/alternate-framework/node_modules/vue-instantsearch/node_modules/instantsearch-ui-components/dist/es/lib/stickToBottom.js?v=193f35c6:0
[  597319ms] [ERROR] Failed to load resource: net::ERR_CONNECTION_REFUSED @ http://localhost:3003/_nuxt/@fs/home/meebuzo/github/alternate-framework/node_modules/vue-instantsearch/node_modules/instantsearch-ui-components/dist/es/lib/utils/chat.js?v=193f35c6:0
[  597319ms] [ERROR] Failed to load resource: net::ERR_CONNECTION_REFUSED @ http://localhost:3003/_nuxt/@fs/home/meebuzo/github/alternate-framework/node_modules/vue-instantsearch/node_modules/instantsearch-ui-components/dist/es/lib/utils/find.js?v=193f35c6:0
[  597320ms] [ERROR] Failed to load resource: net::ERR_CONNECTION_REFUSED @ http://localhost:3003/_nuxt/@fs/home/meebuzo/github/alternate-framework/node_modules/vue-instantsearch/node_modules/instantsearch-ui-components/dist/es/lib/utils/hits.js?v=193f35c6:0
[  597320ms] [ERROR] Failed to load resource: net::ERR_CONNECTION_REFUSED @ http://localhost:3003/_nuxt/@fs/home/meebuzo/github/alternate-framework/node_modules/vue-instantsearch/node_modules/instantsearch-ui-components/dist/es/lib/utils/promptSuggestions.js?v=193f35c6:0
[  597324ms] [ERROR] Failed to load resource: net::ERR_CONNECTION_REFUSED @ http://localhost:3003/_nuxt/@fs/home/meebuzo/github/alternate-framework/node_modules/vue-instantsearch/node_modules/instantsearch-ui-components/dist/es/lib/utils/startsWith.js?v=193f35c6:0
[  597324ms] [ERROR] Failed to load resource: net::ERR_CONNECTION_REFUSED @ http://localhost:3003/_nuxt/@fs/home/meebuzo/github/alternate-framework/node_modules/instantsearch.js/node_modules/@swc/helpers/esm/_define_property.js?v=193f35c6:0
[  597325ms] [ERROR] Failed to load resource: net::ERR_CONNECTION_REFUSED @ http://localhost:3003/_nuxt/@fs/home/meebuzo/github/alternate-framework/node_modules/instantsearch.js/node_modules/@swc/helpers/esm/_instanceof.js?v=193f35c6:0
[  597326ms] [ERROR] Failed to load resource: net::ERR_CONNECTION_REFUSED @ http://localhost:3003/_nuxt/@fs/home/meebuzo/github/alternate-framework/node_modules/instantsearch.js/node_modules/@swc/helpers/esm/_object_spread.js?v=193f35c6:0
[  597326ms] [ERROR] Failed to load resource: net::ERR_CONNECTION_REFUSED @ http://localhost:3003/_nuxt/@fs/home/meebuzo/github/alternate-framework/node_modules/instantsearch.js/node_modules/@swc/helpers/esm/_object_spread_props.js?v=193f35c6:0
[  597327ms] [ERROR] Failed to load resource: net::ERR_CONNECTION_REFUSED @ http://localhost:3003/_nuxt/@fs/home/meebuzo/github/alternate-framework/node_modules/instantsearch.js/node_modules/@swc/helpers/esm/_object_without_properties.js?v=193f35c6:0
[  597328ms] [ERROR] Failed to load resource: net::ERR_CONNECTION_REFUSED @ http://localhost:3003/_nuxt/@fs/home/meebuzo/github/alternate-framework/node_modules/instantsearch.js/node_modules/@swc/helpers/esm/_to_consumable_array.js?v=193f35c6:0
[  597329ms] [ERROR] Failed to load resource: net::ERR_CONNECTION_REFUSED @ http://localhost:3003/_nuxt/@fs/home/meebuzo/github/alternate-framework/node_modules/algoliasearch-helper/esm-browser.mjs?v=193f35c6:0
[  597329ms] [ERROR] Failed to load resource: net::ERR_CONNECTION_REFUSED @ http://localhost:3003/_nuxt/@fs/home/meebuzo/github/alternate-framework/node_modules/instantsearch.js/es/lib/utils/addWidgetId.js?v=193f35c6:0
[  597329ms] [ERROR] Failed to load resource: net::ERR_CONNECTION_REFUSED @ http://localhost:3003/_nuxt/@fs/home/meebuzo/github/alternate-framework/node_modules/instantsearch.js/es/lib/utils/isIndexWidget.js?v=193f35c6:0
[  597330ms] [ERROR] Failed to load resource: net::ERR_CONNECTION_REFUSED @ http://localhost:3003/_nuxt/@fs/home/meebuzo/github/alternate-framework/node_modules/instantsearch.js/es/lib/utils/defer.js?v=193f35c6:0
[  597330ms] [ERROR] Failed to load resource: net::ERR_CONNECTION_REFUSED @ http://localhost:3003/_nuxt/@fs/home/meebuzo/github/alternate-framework/node_modules/instantsearch.js/es/lib/utils/resolveSearchParameters.js?v=193f35c6:0
[  597330ms] [ERROR] Failed to load resource: net::ERR_CONNECTION_REFUSED @ http://localhost:3003/_nuxt/@fs/home/meebuzo/github/alternate-framework/node_modules/instantsearch.js/es/lib/utils/addInsightsToRecommendParameters.js?v=193f35c6:0
[  597331ms] [ERROR] Failed to load resource: net::ERR_CONNECTION_REFUSED @ http://localhost:3003/_nuxt/@fs/home/meebuzo/github/alternate-framework/node_modules/instantsearch.js/es/lib/utils/documentation.js?v=193f35c6:0
[  597338ms] [ERROR] Failed to load resource: net::ERR_CONNECTION_REFUSED @ http://localhost:3003/_nuxt/@fs/home/meebuzo/github/alternate-framework/node_modules/instantsearch.js/es/lib/utils/mergeSearchParameters.js?v=193f35c6:0
[  597338ms] [ERROR] Failed to load resource: net::ERR_CONNECTION_REFUSED @ http://localhost:3003/_nuxt/@fs/home/meebuzo/github/alternate-framework/node_modules/instantsearch.js/es/lib/utils/render-args.js?v=193f35c6:0
[  597339ms] [ERROR] Failed to load resource: net::ERR_CONNECTION_REFUSED @ http://localhost:3003/_nuxt/@fs/home/meebuzo/github/alternate-framework/node_modules/instantsearch.js/es/lib/InstantSearch.js?v=193f35c6:0
[  597339ms] [ERROR] Failed to load resource: net::ERR_CONNECTION_REFUSED @ http://localhost:3003/_nuxt/@fs/home/meebuzo/github/alternate-framework/node_modules/vue-instantsearch/vue3/es/package.json.js?v=193f35c6:0
[  597339ms] [ERROR] Failed to load resource: net::ERR_CONNECTION_REFUSED @ http://localhost:3003/_nuxt/@fs/home/meebuzo/github/alternate-framework/node_modules/instantsearch.js/es/index2.js?v=193f35c6:0
[  597339ms] [ERROR] Failed to load resource: net::ERR_CONNECTION_REFUSED @ http://localhost:3003/_nuxt/@fs/home/meebuzo/github/alternate-framework/node_modules/instantsearch.js/es/index3.js?v=193f35c6:0
[  597340ms] [ERROR] Failed to load resource: net::ERR_CONNECTION_REFUSED @ http://localhost:3003/_nuxt/@fs/home/meebuzo/github/alternate-framework/node_modules/instantsearch.js/es/index4.js?v=193f35c6:0
[  597341ms] [ERROR] Failed to load resource: net::ERR_CONNECTION_REFUSED @ http://localhost:3003/_nuxt/@fs/home/meebuzo/github/alternate-framework/node_modules/instantsearch.js/es/index5.js?v=193f35c6:0
[  597342ms] [ERROR] Failed to load resource: net::ERR_CONNECTION_REFUSED @ http://localhost:3003/_nuxt/@fs/home/meebuzo/github/alternate-framework/node_modules/instantsearch.js/es/index6.js?v=193f35c6:0
[  597343ms] [ERROR] Failed to load resource: net::ERR_CONNECTION_REFUSED @ http://localhost:3003/_nuxt/@fs/home/meebuzo/github/alternate-framework/node_modules/instantsearch.js/es/index7.js?v=193f35c6:0
[  597344ms] [ERROR] Failed to load resource: net::ERR_CONNECTION_REFUSED @ http://localhost:3003/_nuxt/@fs/home/meebuzo/github/alternate-framework/node_modules/instantsearch.js/es/index8.js?v=193f35c6:0
[  597344ms] [ERROR] Failed to load resource: net::ERR_CONNECTION_REFUSED @ http://localhost:3003/_nuxt/@fs/home/meebuzo/github/alternate-framework/node_modules/instantsearch.js/es/index9.js?v=193f35c6:0
[  597345ms] [ERROR] Failed to load resource: net::ERR_CONNECTION_REFUSED @ http://localhost:3003/_nuxt/@fs/home/meebuzo/github/alternate-framework/node_modules/instantsearch.js/node_modules/@swc/helpers/esm/_sliced_to_array.js?v=193f35c6:0
[  597345ms] [ERROR] Failed to load resource: net::ERR_CONNECTION_REFUSED @ http://localhost:3003/_nuxt/@fs/home/meebuzo/github/alternate-framework/node_modules/instantsearch.js/es/index10.js?v=193f35c6:0
[  597346ms] [ERROR] Failed to load resource: net::ERR_CONNECTION_REFUSED @ http://localhost:3003/_nuxt/@fs/home/meebuzo/github/alternate-framework/node_modules/instantsearch.js/node_modules/@swc/helpers/esm/_extends.js?v=193f35c6:0
[  597347ms] [ERROR] Failed to load resource: net::ERR_CONNECTION_REFUSED @ http://localhost:3003/_nuxt/@fs/home/meebuzo/github/alternate-framework/node_modules/instantsearch.js/node_modules/@swc/helpers/esm/_object_destructuring_empty.js?v=193f35c6:0
[  597349ms] [ERROR] Failed to load resource: net::ERR_CONNECTION_REFUSED @ http://localhost:3003/_nuxt/@fs/home/meebuzo/github/alternate-framework/node_modules/instantsearch.js/node_modules/@swc/helpers/esm/_type_of.js?v=193f35c6:0
[  597350ms] [ERROR] Failed to load resource: net::ERR_CONNECTION_REFUSED @ http://localhost:3003/_nuxt/@fs/home/meebuzo/github/alternate-framework/node_modules/algoliasearch-helper/types/algoliasearch.js?v=193f35c6:0
[  597350ms] [ERROR] Failed to load resource: net::ERR_CONNECTION_REFUSED @ http://localhost:3003/_nuxt/@fs/home/meebuzo/github/alternate-framework/node_modules/instantsearch.js/es/index11.js?v=193f35c6:0
[  597350ms] [ERROR] Failed to load resource: net::ERR_CONNECTION_REFUSED @ http://localhost:3003/_nuxt/@fs/home/meebuzo/github/alternate-framework/node_modules/instantsearch.js/es/index12.js?v=193f35c6:0
[  597350ms] [ERROR] Failed to load resource: net::ERR_CONNECTION_REFUSED @ http://localhost:3003/_nuxt/@fs/home/meebuzo/github/alternate-framework/node_modules/instantsearch.js/es/index13.js?v=193f35c6:0
[  597351ms] [ERROR] Failed to load resource: net::ERR_CONNECTION_REFUSED @ http://localhost:3003/_nuxt/@fs/home/meebuzo/github/alternate-framework/node_modules/vue-instantsearch/node_modules/@swc/helpers/esm/_array_with_holes.js?v=193f35c6:0
[  597351ms] [ERROR] Failed to load resource: net::ERR_CONNECTION_REFUSED @ http://localhost:3003/_nuxt/@fs/home/meebuzo/github/alternate-framework/node_modules/vue-instantsearch/node_modules/@swc/helpers/esm/_iterable_to_array_limit.js?v=193f35c6:0
[  597352ms] [ERROR] Failed to load resource: net::ERR_CONNECTION_REFUSED @ http://localhost:3003/_nuxt/@fs/home/meebuzo/github/alternate-framework/node_modules/vue-instantsearch/node_modules/@swc/helpers/esm/_non_iterable_rest.js?v=193f35c6:0
[  597353ms] [ERROR] Failed to load resource: net::ERR_CONNECTION_REFUSED @ http://localhost:3003/_nuxt/@fs/home/meebuzo/github/alternate-framework/node_modules/vue-instantsearch/node_modules/@swc/helpers/esm/_unsupported_iterable_to_array.js?v=193f35c6:0
[  597353ms] [ERROR] Failed to load resource: net::ERR_CONNECTION_REFUSED @ http://localhost:3003/_nuxt/@fs/home/meebuzo/github/alternate-framework/node_modules/vue-instantsearch/node_modules/@swc/helpers/esm/_array_without_holes.js?v=193f35c6:0
[  597353ms] [ERROR] Failed to load resource: net::ERR_CONNECTION_REFUSED @ http://localhost:3003/_nuxt/@fs/home/meebuzo/github/alternate-framework/node_modules/vue-instantsearch/node_modules/@swc/helpers/esm/_iterable_to_array.js?v=193f35c6:0
[  597355ms] [ERROR] Failed to load resource: net::ERR_CONNECTION_REFUSED @ http://localhost:3003/_nuxt/@fs/home/meebuzo/github/alternate-framework/node_modules/vue-instantsearch/node_modules/@swc/helpers/esm/_non_iterable_spread.js?v=193f35c6:0
[  597355ms] [ERROR] Failed to load resource: net::ERR_CONNECTION_REFUSED @ http://localhost:3003/_nuxt/@fs/home/meebuzo/github/alternate-framework/node_modules/instantsearch.js/es/lib/utils/walkIndex.js?v=193f35c6:0
[  597355ms] [ERROR] Failed to load resource: net::ERR_CONNECTION_REFUSED @ http://localhost:3003/_nuxt/@fs/home/meebuzo/github/alternate-framework/node_modules/vue-instantsearch/vue3/es/src/mixins/panel.js?v=193f35c6:0
[  597356ms] [ERROR] Failed to load resource: net::ERR_CONNECTION_REFUSED @ http://localhost:3003/_nuxt/@fs/home/meebuzo/github/alternate-framework/node_modules/vue-instantsearch/vue3/es/src/components/HierarchicalMenuList.vue.js?v=193f35c6:0
[  597358ms] [ERROR] Failed to load resource: net::ERR_CONNECTION_REFUSED @ http://localhost:3003/_nuxt/@fs/home/meebuzo/github/alternate-framework/node_modules/vue-instantsearch/vue3/es/src/components/Highlighter.js?v=193f35c6:0
[  597359ms] [ERROR] Failed to load resource: net::ERR_CONNECTION_REFUSED @ http://localhost:3003/_nuxt/@fs/home/meebuzo/github/alternate-framework/node_modules/vue-instantsearch/vue3/es/src/components/SearchInput.vue.js?v=193f35c6:0
[  597359ms] [ERROR] Failed to load resource: net::ERR_CONNECTION_REFUSED @ http://localhost:3003/_nuxt/@fs/home/meebuzo/github/alternate-framework/node_modules/@vueuse/core/dist/index.js?v=193f35c6:0
[  597359ms] [ERROR] Failed to load resource: net::ERR_CONNECTION_REFUSED @ http://localhost:3003/_nuxt/@fs/home/meebuzo/github/alternate-framework/node_modules/@vueuse/shared/dist/index.js?v=193f35c6:0
[  597359ms] [ERROR] Failed to load resource: net::ERR_CONNECTION_REFUSED @ http://localhost:3003/_nuxt/@fs/home/meebuzo/github/alternate-framework/node_modules/vuetify/lib/composables/virtualFocus.js?v=193f35c6:0
[  597359ms] [ERROR] Failed to load resource: net::ERR_CONNECTION_REFUSED @ http://localhost:3003/_nuxt/@fs/home/meebuzo/github/alternate-framework/node_modules/vuetify/lib/labs/VHeatmap/pivot.js?v=193f35c6:0
[  597360ms] [ERROR] Failed to load resource: net::ERR_CONNECTION_REFUSED @ http://localhost:3003/_nuxt/@fs/home/meebuzo/github/alternate-framework/node_modules/vuetify/lib/util/svg-arc-corners.js?v=193f35c6:0
[  600372ms] [WARNING] The resource http://localhost:3003/_scripts/assets/feee309636b01acc.js was preloaded using link preload but not used within a few seconds from the window's load event. Please make sure it has an appropriate `as` value and it is preloaded intentionally. @ http://localhost:3003/connect/space/meeovi-news:0
[  600372ms] [WARNING] The resource http://localhost:3003/_scripts/assets/3ba1c8cb5aefb57e.js was preloaded using link preload but not used within a few seconds from the window's load event. Please make sure it has an appropriate `as` value and it is preloaded intentionally. @ http://localhost:3003/connect/space/meeovi-news:0
[  600372ms] [WARNING] The resource https://analytics.tiktok.com/i18n/pixel/events.js?sdkid&lib=ttq was preloaded using link preload but not used within a few seconds from the window's load event. Please make sure it has an appropriate `as` value and it is preloaded intentionally. @ http://localhost:3003/connect/space/meeovi-news:0
[  600372ms] [WARNING] The resource https://assets.lemonsqueezy.com/lemon.js was preloaded using link preload but not used within a few seconds from the window's load event. Please make sure it has an appropriate `as` value and it is preloaded intentionally. @ http://localhost:3003/connect/space/meeovi-news:0
[  600372ms] [WARNING] The resource http://localhost:3003/_scripts/assets/fe8cbeeffb0a8e5e.js was preloaded using link preload but not used within a few seconds from the window's load event. Please make sure it has an appropriate `as` value and it is preloaded intentionally. @ http://localhost:3003/connect/space/meeovi-news:0
[  600372ms] [WARNING] The resource http://localhost:3003/_scripts/assets/58fb2ff567cc7d51.js?id=GTM-MQ4JC38D was preloaded using link preload but not used within a few seconds from the window's load event. Please make sure it has an appropriate `as` value and it is preloaded intentionally. @ http://localhost:3003/connect/space/meeovi-news:0
[  600372ms] [WARNING] The resource https://pagead2.googlesyndication.com/pagead/js/adsbygoogle.js was preloaded using link preload but not used within a few seconds from the window's load event. Please make sure it has an appropriate `as` value and it is preloaded intentionally. @ http://localhost:3003/connect/space/meeovi-news:0
[  600373ms] [WARNING] The resource http://localhost:3003/_scripts/assets/c7c9dcf09224020c.js was preloaded using link preload but not used within a few seconds from the window's load event. Please make sure it has an appropriate `as` value and it is preloaded intentionally. @ http://localhost:3003/connect/space/meeovi-news:0
[  600373ms] [WARNING] The resource https://www.googletagmanager.com/gtag/js?id was preloaded using link preload but not used within a few seconds from the window's load event. Please make sure it has an appropriate `as` value and it is preloaded intentionally. @ http://localhost:3003/connect/space/meeovi-news:0
[  600373ms] [WARNING] The resource http://localhost:3003/_scripts/assets/ef9a88f29a1695ad.js was preloaded using link preload but not used within a few seconds from the window's load event. Please make sure it has an appropriate `as` value and it is preloaded intentionally. @ http://localhost:3003/connect/space/meeovi-news:0
[  600373ms] [WARNING] The resource https://js.stripe.com/basil/stripe.js was preloaded using link preload but not used within a few seconds from the window's load event. Please make sure it has an appropriate `as` value and it is preloaded intentionally. @ http://localhost:3003/connect/space/meeovi-news:0
[  600373ms] [WARNING] The resource https://www.google.com/recaptcha/api.js?render=6LefSp8pAAAAAPTNjynL-drL6LWYuwEJ7LzDh01O was preloaded using link preload but not used within a few seconds from the window's load event. Please make sure it has an appropriate `as` value and it is preloaded intentionally. @ http://localhost:3003/connect/space/meeovi-news:0
[  600373ms] [WARNING] The resource http://localhost:3003/_scripts/assets/31161def553efafd.js was preloaded using link preload but not used within a few seconds from the window's load event. Please make sure it has an appropriate `as` value and it is preloaded intentionally. @ http://localhost:3003/connect/space/meeovi-news:0
[  600373ms] [WARNING] The resource https://www.sandbox.paypal.com/web-sdk/v6/core was preloaded using link preload but not used within a few seconds from the window's load event. Please make sure it has an appropriate `as` value and it is preloaded intentionally. @ http://localhost:3003/connect/space/meeovi-news:0
