source,name,slug,alias,type,status,description,universe,categories,stories,places,affiliates
Chapter 12 (Kids Version),Peppermint King,peppermint-king,,Individual,published,"Position: Ruler Of Candy Village

Ruler of Candy Village, he is nearly 101 years old and has seven children living throughout the village. He is a jolly man with a factory raised high above the city. He often fights his brother the Sourpatch King for the thrown of the city with the help of the racers found throughout the Candy Lane Racing tournament.",Kids,Kids,,Candy Village,Sourpatch King; Crystal Vanillashake
Chapter 12 (Kids Version),Sourpatch King,sourpatch-king,,Individual,published,"Position: Ruler Of Dark Licorice Forest

Brother to the Peppermint King, since his exile nearly a century ago by his parents, he has been on a vengeance to overthrow the Candy Village Kingdom. He often steals his nieces and nephews in an attempt to receive the thrown however his plans are always thwarted by the racers of the Candy Lane Tournament.",Kids,Kids,,Dark Licorice Forest,
Chapter 12 (Kids Version),Crystal Vanillashake,crystal-vanillashake,,Individual,published,"Position: Princess Of Candy Village

Daughter to the Peppermint King, she is set to become the new ruler when her father steps down. Although she is not a fan of her father and uncle’s feud. She supports her father because she knows he’s a good king. She lives in a crystal type house with many features including a giant garden of which racers uses as a racing court during the tournament.",Kids,Kids,,Crystal House,Peppermint King; Sourpatch King; Ron Coffeecake; Don Coffecake; Linda Lataffy
Chapter 12 (Kids Version),Honey Bear Children,honey-bear-children,,Individual,published,A vast group of honey bears who live within the Candy Kane Forest. They are jolly creatures and always found smiling and dancing. They are the neighbors to the Sugarstorm Twins.,Kids,Kids,,Candy Kane Forest,Sugarstorm Twins
Chapter 12 (Kids Version),Sugarstorm Twins,sugarstorm-twins,,Individual,published,"Position: Explorers

Collectors of old world items, they travel throughout the world collecting prize possessions and storing them. They are often considered the Candy Village’s explorers. They are appointed by Peppermint King to assist in finding priceless artifacts from the city’s ancient history.",Kids,Kids,,Candy Kane Village,Peppermint King; Honey Bear Children
Chapter 12 (Kids Version),Gloria Sugarstorm,gloria-sugarstorm,,Individual,published,,Kids,Kids,,,
Chapter 12 (Kids Version),Glenn Sugarstorm,glenn-sugarstorm,,Individual,published,,Kids,Kids,,,
Chapter 12 (Kids Version),Racer Red,racer-red,,Individual,published,"Position: Retired Candy Lane Racer

Dominant champion of the Candy Lane Races, he won nearly 100 years ago and serves now as the greatest racer of all times. Although many other racers won since then he won each lap and gained numerous points and rewards. He is of the Big Red family and loves spicy foods. Besides racing he loves to eat, often seeing eating really fast.",Kids,Kids,,Candy Village,Candy Lane Racers; Big Red Family
Chapter 12 (Kids Version),Big Red Family,big-red-family,,Individual,published,"Position: Various

A group of fast talking people with red skin. Moving in fast motion often make others who are in their presence sick. Because of their enhance speed, they have been known everything from good racers, noble men and women, to thieves. Some say that they are descendants of the first Candy Lane Racer.",Kids,Kids,,Candy Lane Village,Candy Lane Racers
Chapter 12 (Kids Version),Mother Red,mother-red,,Individual,published,"Stay at home mother, she is strong willed and very fast around the house.",Kids,Kids,,,
Chapter 12 (Kids Version),Papa Red,papa-red,,Individual,published,"Homemaker, he is very fast and talks in riddles. He is father to Racer Red and considered the original Racer Red although this isn’t yet revealed.",Kids,Kids,,,
Chapter 12 (Kids Version),Sister Red,sister-red,,Individual,published,"With long red locks. She is fast and beautiful. She loves fashion and everything is showcases. She is the owner of the town’s major shopping spot, Red’s Boutique.",Kids,Kids,,,
Chapter 12 (Kids Version),Brother Red,brother-red,,Individual,published,Envious of his younger brother’s attention. He often tries to out do Racer Red at everything. Even going as far as sabotaging races that he is in. Although he loses. His pet cat is Red Kat.,Kids,Kids,,,
Chapter 12 (Kids Version),Grandpa Red,grandpa-red,,Individual,published,Father to Mother Red. He is strong willed like his daughter. His long beard is the family’s signature red. His parents were war veterans who often raced for money.,Kids,Kids,,,
Chapter 12 (Kids Version),Grandmother Pink,grandmother-pink,,Individual,published,"Papa Red’s mother, she is believed to be over 200 years old. She adores Grandpa Red with many believing that they are married. She owns a pink convertible with Big Red Gum serving as most of the vehicle.",Kids,Kids,,,
Chapter 12 (Kids Version),Cousin Magenta,cousin-magenta,,Individual,published,Cool talking cousin to the Big Red Family. His past and birthplace is unknown. But it is believed that he arrived in Candy Village in search of something.,Kids,Kids,,,
Chapter 12 (Kids Version),Baby Red,baby-red,,Individual,published,The youngest of the family. Faster than the other members including Racer Red. Many wonder if he will be the next Racer Red. For now many are unaware of his special abilities to control the wind.,Kids,Kids,,,
Chapter 12 (Kids Version),First Racer,first-racer,,Individual,published,"Position: Former Racer

Once a great racer, the First Racer whose name is unknown is considered the racing God to many of Candy Land Villagers. He or she always wore a suit and helmet to disguise themselves from the public. Since the tenth ever race, the First Racer never raced again with reasons left unknown. By the time the eleventh race started, the First Racer has left with no sign of return.",Kids,Kids,,Candy Land Village,
Chapter 12 (Kids Version),Red Kat,red-kat,,Individual,published,"Position: Assistant To Brother Red

A smart talking cat and pet to Brother Red. He assists in Brother’s Red plot to defeat his brother Racer Red. Although they are foiled each time. Unbeknownst to almost everyone, Red Kat is a devious mastermind who can speak, come up with scientific equations, and has the power to turn invisible. Among other talents including his talent of cooking and creating weapons for Brother Red’s vehicle. Also at times he participates in racing whenever Brother Red is absent. His cover has never been blown, although the Coffeecake brothers suspect his behavior.",Kids,Kids,,Candy Village,Brother Red
Chapter 12 (Kids Version),Don Coffeecake,don-coffeecake,,Individual,published,"Position: Chef

A fellow chef, he is plump and wears an outfit similar to a chef attire. He is in love with Crystal Vannillashake and races for her affection. Although smarter than his younger brother Ron, he loses against his brother at almost everything. He is an excellent racer and chef and loves to challenge others regardless of their stance or title. He plays the iconic hero role because of his desire for justice.",Kids,Kids,,Candy Village,Ron Coffeecake; Crystal Vanillashake
Chapter 12 (Kids Version),Ron Coffeecake,ron-coffeecake,,Individual,published,"Position: Chef

A jolly and happy go lucky person with a big sense of humor often seen laughing at random things and moments. He is younger than his brother although taller and better at almost everything than his brother. He also is an excellent racer while also being a good chef.",Kids,Kids,,Candy Village,Don Coffeecake
Chapter 12 (Kids Version),Linda Lataffy,linda-lataffy,,Individual,published,"Position: Student At Candyhill High

Sister to Tiffany LaTaffy. She is nice unlike her sister and is a straight A student. She has long green hair and has a liking toward Ron Coffeecake.",Kids,Kids,,Candy Village,Tiffay Lataffy; Ron Coffeecake
Chapter 12 (Kids Version),Tiffany Lataffy,tiffany-lataffy,,Individual,published,"Position: Cheerleader At Candyhill High

Cheerleader of Candyhill High, she is stuck up and is the mean girl in school. She hangs out with China Stoneberry and Cookie Cutterhill.",Kids,Kids,,Candy Village,Linda Lataffy; China Stoneberry; Cookie Cutterhill
Chapter 12 (Kids Version),China Stoneberry,china-stoneberry,,Individual,published,"Position: Mean Girl At Candyhill High

One of the mean girls in school, unknown by many, she is a skilled baker and loves to cook. She has a thing for Racer Red, she has all of his memorabilia.",Kids,Kids,,Candy Village,Tiffany Lataffy; Cookie Cutterhill
Chapter 12 (Kids Version),Cookie Cutterhill,cookie-cutterhill,,Individual,published,"Position: Mean Girl At Candyhill High

She is one of the mean girls in school, she is very smart and loves to dance and sing which she showcases on many occasions. She also has a passion for racing of which she does and even goes as far as competing against Tiffany LaTaffy.",Kids,Kids,,Candy Village,Tiffany Lataffy; China Stoneberry
Chapter 12 (Kids Version),Van Vanillashake,van-vanillashake,,Individual,published,"Position: Wealthy Businessman

Ex-husband to Crystal Vanillashake, the two broke up because of Van’s love of racing of which he does whenever he gets the opportunity to. He has said that nothing matters more than racing, often infuriating Crystal.",Kids,Kids,,Candy Village,Crystal Vanillashake
Chapter 12 (Kids Version),ICY McICECREAM,icy-mcicecream,,Individual,published,"Position: Wealthy Businesswoman

A cold and chilly tempered woman living in a house made of freezer burned ice cream and harden ice cream cones. She owns the town banks and is a very wealthy woman.",Kids,Kids,,Candy Village,
Chapter 12 (Kids Version),Goodie Goodbar,goodie-goodbar,,Individual,published,"Position: Town’S Mechanic

The towns mechanic, he owns a mechanic shop and is always seen working on cars including the ones used by racers. He is the one who installs the props in racer cars.",Kids,Kids,,The Goodbar Mechanics,Candy Lane Racers
Chapter 12 (Kids Version),Chip Chocolatechip,chip-chocolatechip,,Individual,published,"Position: Inventor

Overly confident inventor, he is a teenager who is always talking and always chipper. His ancestors were great inventors and help build the Chocolate Factory. So he tries to live up to their repetition however most of his inventions backfire.",Kids,Kids,,Candy Village,
Chapter 12 (Kids Version),Giggly Gumdrop,giggly-gumdrop,,Individual,published,"Position: Racer, Student At Candyville Middle School

A valiant racer, always happy and full of energy. She is the youngest racer and has since been its price champion. She is covered in different candy products and smells like gumdrops. She lives in a house made completely out of lollipops and bubblegum.",Kids,Kids,,Candy Village,Candy Lane Racers
Chapter 12 (Kids Version),Bebe Bubblegum,bebe-bubblegum,,Individual,published,"Position: Racer

A firecracker, BeBe is blue haired and a great racer, she speaks her mind and is always seen blowing bubbles.",Kids,Kids,,Candy Village,Candy Lane Racers
Chapter 12 (Kids Version),Kemberlie Kool-Aid,kemberlie-kool-aid,,Individual,published,"Position: Pro Surfer

A laid back surfer girl with little care about anything but lounging and drinking Kool-Aid products. Her favorite past time other than laying back and relaxing is surfing which she always wins the surfing contests.",Kids,Kids,,Candy Village,
Chapter 12 (Kids Version),Brian Butterscotch,brian-butterscotch,,Individual,published,"Position: Sports Player

Local sports hero, loved by all the females, hated by most of the men, adored by his fans and followers. He is a price possession of the Candy Village however loses every Candy Lane race to Racer Red much to his disgust.",Kids,Kids,,Candy Village,Candy Lane Racers
Chapter 12 (Kids Version),Jimmy Jawbreaker,jimmy-jawbreaker,,Individual,published,"Position: Pro Boxer

A proud man known for his fast talking ways, he is thin with a large jawbreaker for a head. He is also a professional boxer. Appearing in many of the town’s various sport matches against various opponents. He owns a race car although he never raced and has no desire to. With others wondering its purpose for him. It is revealed that there is a secret behind the car.",Kids,Kids,,Candy Village,
Chapter 12 (Kids Version),Candice Caramel,candice-caramel,,Individual,published,"Position: Writer For The Candy Village Newspaper

A writer for the Candy Village Newspaper, she knows the latest on the latest found throughout the city. She is often the gossip queen of the city.",Kids,Kids,,Candy Village,
Chapter 12 (Kids Version),Gummybear Click,gummybear-click,,Individual,published,"Position: City’S Gang

A group of racers who are also the city’s gang. Although they appear lovable and jolly they are also bad news. They are minions of the Sugarpatch King.",Kids,Kids,,Dark Licorice Forest; Candy Village,Sourpatch King
Chapter 12 (Kids Version),Cindy Cinnamon,cindy-cinnamon,,Individual,published,"Position: Singer

A beautiful singer who catches the ears of anyone who turns on the radio. She is a pop singer and the city’s music idol.",Kids,Kids,,Candy Village,
Chapter 12 (Kids Version),Bingo Butterman,bingo-butterman,,Individual,published,"Position: City’S Artist

A quick thinking artist who uses his buttery skin to draw beautiful works of art. He is the city’s artist.",Kids,Kids,,Candy Village,
Chapter 12 (Kids Version),Stevie Shortcake,stevie-shortcake,,Individual,published,"Position: Town’S Hero

Appearing similar to a strawberry shortcake, he is a nice young man with a fighting attitude. He is the hero type and has since played such a part in his home town Candystone Shortcake.",Kids,Kids,,Candy Shortcake,
Chapter 12 (Kids Version),Glinda Gummyworm,glinda-gummyworm,,Individual,published,"Position: Teacher At Candyville Middle School

She is a glowing gummyworm who serves as a teacher at Candyville Middle School. She is often the voice of reason for Giggly Gumdrop.",Kids,Kids,,Candy Village,Giggly Gumdrop
Chapter 12 (Kids Version),Lance Licorice,lance-licorice,,Individual,published,"Position: Student At Candy Village High

Snobby short teenager with licorice skin. With most of the town’s money in his family’s vault. His family is the wealthiest in the world. He attends CANDY HILL HIGHand is dislike by almost everyone including the teachers because of his attitude. Although he doesn’t notice and just assumes everyone likes him.",Kids,Kids,,Candy Village,
Chapter 12 (Kids Version),Princess Candyshack,princess-candyshack,,Individual,published,"Position: Princess Of Candystone Shortcake

Princess of a nearby village known as Candystone Shortcake. She has long flowing pink hair and pale skin. Her skin feels like butter and she smells like milk. Her dress and entire outfit is a collection of cakes. She carries a purse and wand which can omit magical properties. She is the love interest to Stevie Shortcake.",Kids,Kids,,Candystone Shortcake,Stevie Shortcake
Chapter 12 (Kids Version),Mother Goodwill,mother-goodwill,,Individual,published,"Position: Town’S Advisor & Physic

The town’s elder advisor and physic. She has an office covered in golden gumdrops and hard nuts. Although she is very polite, it has been shown that she is very dangerous and possibly a witch in disguise.",Kids,Kids,,Candy Village,
Chapter 12 (Kids Version),Snickrom,snickrom,,Individual,published,"Position: Town’S Former Ruler
Note: GOD OF CANDY VILLAGE

Often considered the God that resides over Candy Village. Although there are no confirmation of this story. It is said that he is as old as the world and has only been seen long enough for someone to witness his great power. After he stepped down as ruler over Candy Village, he disappeared. Now he only appears during great conflict.",Kids,Kids,,,
Chapter 12 (Kids Version),Binny Blueberry,binny-blueberry,,Individual,published,"Position: Student At Candyville Middle School

A young professional sports player. He attends school with Giggly Gumdrop and Ruby Redberry. At times he and Ruby go on scavenges to unlock secrets of the town.",Kids,Kids,,Candy Village,Ruby Redberry
Chapter 12 (Kids Version),Ruby Redberry,ruby-redberry,,Individual,published,"Position: Student At Candyville Middle School

An inspiring detective. She takes after her father Royce Redberry who is the town’s detective. His mother disappeared when she was young which caused her to go into her father’s field. Although she is very young and attends middle school with Binny Blueberry and Giggly Gumdrop. It doesn’t stop her from adventuring around town to unlock secrets.",Kids,Kids,,Candy Village,Binny Blueberry
Chapter 12 (Kids Version),Royce Redberry,royce-redberry,,Individual,published,"Position: Town’S Detective

The town’s detective that went into the business to find his missing wife. He believes that there is a dark secret within in the town. He will do anything to unlock this secret.",Kids,Kids,,Candy Village,
Chapter 12 (Kids Version),McDee MOONPIE,mcdee-moonpie,,Individual,published,"Position: Town’S Sheriff

The town’s sheriff and sworn enemy to Royce Redberry.",Kids,Kids,,Candy Village,
Chapter 12 (Kids Version),Gary Greenapple,gary-greenapple,,Individual,published,"Position: Town’S Doctor

The town’s doctor, his pale blueskin and smell of sour lemons. Causes him to be turned away by most. That is until they realize that he is the most skilled doctor in town.",Kids,Kids,,Candy Village,
Chapter 12 (Kids Version),Royetta Redberry,royetta-redberry,,Individual,published,"Wife to Royce Redberry and mother to Ruby Redberry. She went missing during the great Candydrop storm which nearly destroyed the town. Believed to be alive, her husband will do anything to find her. She is the often reason behind quest during the Detective Race Games.",Kids,Kids,,Candy Village,Royce Redberry; Ruby Redberry
Chapter 12 (Kids Version),Honest Honeycomb,honest-honeycomb,,Individual,published,"Position: Reporter At Candy Rain Tv

Reporter of Candy Rain TV News, she is as her name applies very honest and will do anything to find a good story.",Kids,Kids,,Candy Village,Cameraman Cookie
Chapter 12 (Kids Version),Charles Chocolatesnap,charles-chocolatesnap,,Individual,published,"Position: Student At Candydrop College, Swimmer

A teenager that attends Candydrop College. He has short gold hair with white streaks. He talks in a surfer slang and is a ladies man. With a passion for swimming. He is the self-appointed town’s greatest swimmer.",Kids,Kids,,Candy Village,
Chapter 12 (Kids Version),Cameraman Cookie,cameraman-cookie,,Individual,published,"Position: Cameraman At Candy Rain Tv

He is a walking cookie wearing a hat and always with his camera. Shooting everything he sees, he often annoys people because of his constant shooting of them. He is bullied and pushed around by Honest although he likes it as he likes her.",Kids,Kids,,Candy Village,Honest Honeycomb
Chapter 12 (Kids Version),Cocoa Butterton,cocoa-butterton,,Individual,published,"Position: Student At Candydrop College

A fashionable diva who loves clothing, shopping, and boys. Whether it’s in that exact order is up for interpretation. She attends Candydrop College.",Kids,Kids,,Candy Village,
Chapter 12 (Kids Version),The Gummybear Citizens,the-gummybear-citizens,,Individual,published,"Position: Town’S People

Citizens of Candy Village, they come in different shapes, sizes, and colors and ranges in the millions.",Kids,Kids,,Candy Village,
Chapter 12 (Kids Version),Gingerbread Workers,gingerbread-workers,,Individual,published,"Position: Chocolate Factory

A group of workers with different shapes and sizes working at the Chocolate Factory. They sing and are choreograph dancers as well and happily serve the Peppermint King.",Kids,Kids,,Candy Village,Peppermint King
Chapter 12 (Kids Version),Gramcracker Citizens,gramcracker-citizens,,Individual,published,"Position: Various

Similar in appearance to the Gingerbread Workers, these citizens are proud Upper Class members of Candy Village. They live near the Chocolate Factory.",Kids,Kids,,Candy Village,
Chapter 12 (Kids Version),Marshmallow Man,marshmallow-man,,Individual,published,"Position: Owner Of Factories

A giant that lives at the edge of Marshmallow Post. He owns a range of factories and makes cars for racers of the Candy Lane Races. His children are known as the Smore Kids.",Kids,Kids,,Candy Village,Smore Kids
Chapter 12 (Kids Version),Ms. Choco Chocolate,ms-choco-chocolate,,Individual,published,"Position: Mother To The Smore Kids

Mother of the Smore Kids, she is sweet and fun loving and wife to the Marshmallow Man. She is a dancer and often teaches the citizens of Candy Village various dances.",Kids,Kids,,Candy Village,Smore Kids; Marshmallow Man
Chapter 12 (Kids Version),Smore Kids,smore-kids,,Individual,published,"Position: Children To Ms. Choco Chocolate & Marshmallow Man

Playful and sometimes spiteful children who are part marshmallow and part chocolate and resembles gummybears. They range in height and weight and are always seen in the form of threes.",Kids,Kids,,Candy Village,Marshmallow Man; Ms. Choco Chocolate
Chapter 12 (Kids Version),Chocolate People,chocolate-people,,Individual,published,"Position: Various Workers At Marshmallow Man’S Factories

Made completely of chocolate, these group of citizens live on Marshmallow Post and range in various sizes including Dark Chocolate, Caramel, Swiss Cocoa, and Regular Chocolate.",Kids,Kids,,Marshmallow Post,Marshmallow Man
Chapter 12 (Kids Version),Vanilla People,vanilla-people,,Individual,published,"Position: Council Of Order For Candy Village

Made completely of vanilla, these group of citizens live on Marshmallow Post, they are creamy filled and are stuck up to those around them. They believe in politics and serve as the Council of Order for Candy Village.",Kids,Kids,,Marshmallow Post,Chocolate People; Candy Village
Chapter 12 (Kids Version),Marshmellows,marshmellows,,Individual,published,"Position: Various

Are people made completely of Marshmallows, they range in sizes and are always jolly and very resourceful. Like the Vanilla & Chocolate People, they are giants and live on Marshmallow Post surrounding Candy Village.",Kids,Kids,,Marshmallow Post,
Chapter 12 (Kids Version),Justin Jellybean,justin-jellybean,,Individual,published,"Position: Town’S Author

The town’s author, his books has been read by almost all of Candy Village’s residents. He often writes for various newspapers and has a slight crush on Candice Caramel. Although he dislikes her constant gossiping.",Kids,Kids,,Candy Village,Candice Caramel
Chapter 12 (Kids Version),Wendy Werther,wendy-werther,,Individual,published,"Position: Student At Candydrop College

Appearing similar to the famous Werther’s original. Her orange body is sticky and she is round. Jolly and usually seen laughing. She attends Candydrop College and has a crush on Charles Chocolatesnap",Kids,Kids,,Candy Village,Charles Chocolatesnap
Chapter 12 (Kids Version),Nick & L Ni,nick-l-ni,,Individual,published,Two children who are believe to be ghost of the town. Resembling walking versions of the candy Nik L Nips. They are mischievous children who disappears as quickly as they appear.,Kids,Kids,,,
Chapter 12 (Kids Version),Cindy Peanut,cindy-peanut,,Individual,published,"Position: Ringleader Of A Circus

Resembling a walking circus peanut, she is the ringleader of a traveling Circus of candies who visits Candy Village each year.",Kids,Kids,,Traveling Circus,
Chapter 12 (Kids Version),Sharon Sugardaddy,sharon-sugardaddy,,Individual,published,"Position: Owner Of A Popular Restaurant

The town’s chef, she has her own restaurant which serves as a popular destinations for students of CANDY HILL HIGHand Candydrop College.",Kids,Kids,,Candy Village,
Chapter 12 (Kids Version),Popper Rockstone,popper-rockstone,,Individual,published,"Self-acclaim rockstar, with his great singing voice. He could be one however his constant over the top personality stops him.",Kids,Kids,,Candy Village,
Chapter 12 (Kids Version),Perez Pez,perez-pez,,Individual,published,"Position: Student At Candyville Middle School

Student at Candyville Middle School, he wears shorts and a different funny t-shirt each day. Shaped like the Pez candy. He is a jokester and bestfriend to Giggly Gumdrop.",Kids,Kids,,Candy Village,Giggly Gumdrop
Chapter 12 (Kids Version),Nico Neccowafer,nico-neccowafer,,Individual,published,"Position: Town’S Pharmacist

Tall resident to Candy Village, he is the town’s pharmacist and close friend to the town’s doctor, Gary Greenapple.",Kids,Kids,,Candy Village,Gary Greenapple
Chapter 12 (Kids Version),Punky Pockyridge,punky-pockyridge,,Individual,published,"Position: Bully/Student At Candyville Middle School

Shaped like the Japanese candy Pocky. He is a punkster and is bully at school. His known enemy is Giggly Gumdrop who beats him at everything. It is revealed that he has a crush on Giggly.",Kids,Kids,,Candy Village,Giggly Gumdrop
Chapter 12 (Kids Version),Vonna Vine,vonna-vine,,Individual,published,"Position: Inspiring Actor & Student At Candy Hill High

Daughter to Robert Vine the town’s award winning actor. Like her father she has a passion for acting and art. She attends Candy Village High. She also is a singer. Her direct arch rival is Cindy Cinnamon.",Kids,Kids,,Candy Village,Robert Vine
Chapter 12 (Kids Version),Robert Vine,robert-vine,,Individual,published,"Position: Actor

With a valiant career in acting, Robert has inspired his daughter to become whatever she wants when she grows up. She chose to become an actor which made him proud. Proud enough that he made a movie about her.",Kids,Kids,,Candy Village,Vonna Vine
Chapter 12 (Kids Version),Jill Jolly,jill-jolly,,Individual,published,"Position: Gym Teacher At Candyville Middle School

Over excited gym teacher at Candyville Middle School. Students play pranks on her which she overlooks as their affection for her.",Kids,Kids,,Candy Village,Candyville Middle School Students
Chapter 12 (Kids Version),Trouble Toblerone,trouble-toblerone,,Individual,published,"Position: Town’S Thief

Leader of the Gummybear Click. He sits out most of their missions because of his distinct look. It is said that he is responsible for most if not all of Candy Village’s robberies.",Kids,Kids,,Candy Village,
Chapter 12 (Kids Version),Mr. Smarty,mr-smarty,,Individual,published,"Position: Science Teacher At Candy Village High

Resembling the Smarts candy. Mr. Smarty is the slow talking science teacher at CANDY HILL HIGHthat always puts students to sleep. He talks so slow that he puts himself to sleep half way through a speech.",Kids,Kids,,Candy Village,Candy Hill Highstudents
Chapter 12 (Kids Version),Milton Milkeyd,milton-milkeyd,,Individual,published,"Position: Math Teacher At Candy Village High

Milton has a milk dud head. He is filled with chocolate and cream which shows whenever he cries. Crying at random moments for different occasions. Milton is the Math Teacher at Candy Village High",Kids,Kids,,Candy Village,Candy Hill Highstudents
Chapter 12 (Kids Version),Perry Pixie,perry-pixie,,Individual,published,"Position: Announcer At Races

With a long slim body, Perry Pixie is a pixie stick. He spills out sugar whenever he laughs or is excited. He is loud and serves as the perfect announcer at everything from races to other events.",Kids,Kids,,Candy Village,Candy Lane Racers; Racer Red
Chapter 12 (Kids Version),Bina The Ballerina Pop,bina-the-ballerina-pop,,Individual,published,"Position: Ballet Instructor

Bina is a blowpop like no other. With her ever changing colored outfits. She is always ready to dance mostly in the form of ballet. Instead of walking she bounces up and down.",Kids,Kids,,Candy Village,Tootsie
Chapter 12 (Kids Version),Johnson Milkyway,johnson-milkyway,,Individual,published,"Position: Host At The Candy Village Theme Park

Resembling a Milky Way bar, Johnson host numerous rides at the Candy Village’s biggest theme park.",Kids,Kids,,Candy Village,
Chapter 12 (Kids Version),Ricky Krispie,ricky-krispie,,Individual,published,"Ricky is a rice Krispy treat with attitude. He was once a part of the town’s gang. Until he supposedly went straight. However, he reverts back to his old habits serving as the town’s Robin Hood.",Kids,Kids,,Candy Village,
Chapter 12 (Kids Version),Karina Cotton,karina-cotton,,Individual,published,"Karina Cotton is fluffy and dresses, sounds, and act like a southern bell. With her fluffy cotton candy dress and her big hair. She is the envy of all the town’s men.",Kids,Kids,,Candy Village,
Chapter 12 (Kids Version),Ruth,ruth,,Individual,published,"Position: Baseball Player

Ruth is the town’s greatest baseball player. He plays the game of Marbles which is the equivalent to baseball in Candy Village. He is known as far as Food Town on the other side of the world. In his downtime, he likes to play Golf which is called Fuzz.",Kids,Kids,,Candy Village,
Chapter 12 (Kids Version),Almondo John,almondo-john,,Individual,published,"Position: Janitor

Resembling an Almond Joy, Almondo is the janitor of many things. He could be at school or just around an area cleaning. His house is filled with old forgotten candy. When he is working he doesn’t smile, but when he is at home he is never known not to smile.",Kids,Kids,,Candy Village,
Chapter 12 (Kids Version),Reese Cupe`,reese-cupe,,Individual,published,"Position: Flight Captain

Resembling a round Reese’s cup. He is the proud captain of the SS Wonka, one of the planes that takes passengers to distant lands. His frequent destination is Food Town which bridges the two places together. He speaks with a deep French accent and is often mistaking for Pepe` when the two aren’t seen.",Kids,Kids,,Candy Village,George Pay
Chapter 12 (Kids Version),George Pay,george-pay,,Individual,published,"Position: Co-Captain

Resembling a payday bar. With giants nuts around his body. George is usually caught sneezing. Which releases salt and sugar into the air causing others to sneeze after him. He can be seen as a frequent captain aboard the SS Wonka. He is also a frequent patient to Gary Greenapple.",Kids,Kids,,Candy Village,Reese Cupe`
Chapter 12 (Kids Version),Starry Burst,starry-burst,,Individual,published,"Position: Flower Shop Owner

Cheery multicolored starburst girl Starry Burst. Is a dynamic flower shop owner who can burst out in a musical at any given moment. Although she cannot sing, she enjoys it and amuses and annoys everyone that comes into her shop.",Kids,Kids,,Candy Village,
Chapter 12 (Kids Version),Pepe`,pepe,,Individual,published,"Position: Boat Owner

Resembling Peeps candy, Pepe` has a strong French accent. He is flamboyant and dresses like a fashionista. He can be seen on occasion with marshmallow like birds flying around him.",Kids,Kids,,Candy Village,
Chapter 12 (Kids Version),Monty Junior,monty-junior,,Individual,published,"Position: Computer Tech

Resembling Junior Mints. Monty loves technology. Often installing advance gadgets in homes and fixing things that are related to technology. He is also the silent type unless a topic of technology comes up.",Kids,Kids,,Candy Village,
Chapter 12 (Kids Version),Tootsie,tootsie,,Individual,published,"Position: Ballet Instructor

Arch Rival to Bina the Ballerina Pop. She owns a dance studio opposite of Bina’s. When she open the two has since been at odds. Often fighting to get students. She appears in different colored outfits opposite of the colors of Bina.",Kids,Kids,,Candy Village,Bina; The Ballerina Pop
Chapter 12 (Kids Version),Shumway Skit,shumway-skit,,Individual,published,"Position: Owner Of The Haircut Shop

Appearing in multiple colors at times like the skittles he resembles. The S on his chest is often mistaken for a super hero type design. Although he constant reverts to it only being his name. He is the town’s vet.",Kids,Kids,,Candy Village,
Chapter 12 (Kids Version),Cadburry Eggstrom,cadburry-eggstrom,,Individual,published,"Position: Owner Of The Egg Shop

With half of his body a tasty sweet egg. Cadburry is the topic of jokes. Although a very wealthy man and owner of the Egg Shop. Cadburry enjoys his time alone because of the constant joking.",Kids,Kids,,Candy Village,
Chapter 12 (Kids Version),Franklin La Fish Bula`,franklin-la-fish-bula,,Individual,published,"Position: Music Teacher At Candy Hill High

A Swedish man resembling the Swedish Fish candy. He waddles and talks in rhymes. He sings and brings on a musical throughout the town.",Kids,Kids,,Candy Village,
Chapter 12 (Kids Version),Pepper York,pepper-york,,Individual,published,"Position: One Of The Candy Lane Racers

Resembling a York Peppermint Patty. Pepper is hot headed with a scent of mint. She gets easily angered and shows it during races. Her good points are that she will try not to get road rage while racing against others. Although this has never happen.",Kids,Kids,,Candy Village,Candy Lane Racers
Chapter 12 (Kids Version),Kitty Kat Kat,kitty-kat-kat,,Individual,published,"Position: One Of The Candy Lane Racers

Kitty is one of the racers of Candy Lane Racers. Moving to Candy Village, Kitty has been on a search for something mysterious.",Kids,Kids,,Candy Village,Candy Lane Racers
Chapter 12 (Kids Version),Hilda Hershey,hilda-hershey,,Individual,published,"Position: One Of The Candy Lane Racers

Hilda is daughter to two acrobatic instructors whom are never seen. Flexible herself, Hilda loves racing and is one of the constant players of Candy Lane Racers",Kids,Kids,,Candy Village,Candy Lane Racers
Chapter 12 (Kids Version),Brinda Butterfin,brinda-butterfin,,Individual,published,"Position: Town’S Lawyer

Brinda is a Butterfinger with spunk. She loves fixing other people’s problems and even helping to represent them. She is the town’s lawyer and very good at her job. Her law firm represents racers who are sued for their conduct on the field.",Kids,Kids,,,
Chapter 12 (Kids Version),Candy Collina Corn,candy-collina-corn,,Individual,published,"Position: Town’S Farmer

Candy owns a large patch of candy corn growing on the West side of Candy Village. Since candy corn is used in almost all dishes of Candy Village’s resident’s food. She is their living hope for good and consistent food.",Kids,Kids,,,
Chapter 12 (Kids Version),Twizzy,twizzy,,Individual,published,"Position: Town’S Dj

Twizzy is the town’s DJ. He loves music and with his multicolored dreads. He is the island sounding guy who is never seen with a musical instrument.",Kids,Kids,,,
Chapter 12 (Kids Version),Sanders The Sneeky Snik,sanders-the-sneeky-snik,,Individual,published,"Position: Retail Associate & One Of The Candy Lane Racers

Sanders is a snicker bar that can be anywhere in a flash. He moves in the shadows and causes havoc wherever he goes. However, it is a time when he could be good when working for his dear employer at the Cady Strip Mall.",Kids,Kids,,,Candy Lane Racers
Chapter 12 (Kids Version),Molly M&M,molly-mm,,Individual,published,"Position: One Of The Candy Lane Racers

Molly is a round M&M with changing personalities. The color of her body changes to match her different personalities. Although, her personality can be anything from a delight to a fright. She is one of the favorite Candy Lane Racers. Her car and weapons changes to match her mood.",Kids,Kids,,,Candy Lane Racers
Chapter 12 (Kids Version),The Kisses,the-kisses,,Individual,published,"Position: Various

Hundreds of small Hershey kisses that live down in the valley on the east side of Candy Village. They work together and come in numerous flavors of chocolate. They are associate with Hilda Hershey because her parents, whom are traveling acrobatic instructors. Help built their town.",Kids,Kids,,Hershey Valley,Hilda Hershey
Chapter 12 (Kids Version),Adam Atomic,adam-atomic,,Individual,published,"Position: Ski Instructor

Resembling the Atomic Fireball. Adam’s head is always red with him receiving frequent headaches. He takes his pain out on the slopes in the far North part of Candy Village.",Kids,Kids,,Candy Village,
Chapter 12 (Kids Version),Carl Sigereo,carl-sigereo,,Individual,published,"Position: Candy Village (South Side)

Often seen smoking candy cigarettes. He feels his surroundings with sweet scents that turns into bad scents if he smokes too long. He is the town’s gardener.",Kids,Kids,,Candy Village,Chocolate Factory
Chapter 12 (Kids Version),Del Ana Sweets,del-ana-sweets,,Individual,published,"Position: One Of The Candy Lane Racers

One of the Candy Lane Racers, she is bubbly and smell likes all sorts of candies. She is very skilled at racing and fixes her own car. Her weapon of choice is the gumball cannon.",Kids,Kids,,Candy Village,Candy Lane Racers
Chapter 12 (Kids Version),Randy Pieces,randy-pieces,,Individual,published,"Position: Astrologer

An astrologer that spends his time looking into the stars. He has a small body but big dream. He stays on the East Side of Candy Village near the Keteer Brothers.",Kids,Kids,,Candy Village,
Chapter 12 (Kids Version),Athos Keteer,athos-keteer,,Individual,published,"Position: Factory Worker

One of the Keteer Brothers, like his brothers he resembles a Three Musketeer bar. He is not the smartest of his brothers, often plays jokes on them and insults them. With Porthos usually being the end of his jokes the most.",Kids,Kids,,Candy Village,The Keteer Brothers
Chapter 12 (Kids Version),Porthos Keteer,porthos-keteer,,Individual,published,"Position: Milk Deliverer

Milk driver, he is liked by the town’s people more than his other brothers. Like his brothers he resembles a Three Musketeer bar. He is quiet and easily intimidated.",Kids,Kids,,Candy Village,The Keteer Brothers
Chapter 12 (Kids Version),Aramis Keteer,aramis-keteer,,Individual,published,"Position: School Bus Driver

He is the oldest of his brothers and usually fights for control of them with his brother D’artagnan. He drives the town’s school bus and can be seen flirting with Kemberlie Kool-aid whenever hes at the beach.",Kids,Kids,,Candy Village,The Keteer Brothers
Chapter 12 (Kids Version),D’Artagnan Keteer,dartagnan-keteer,,Individual,published,"Position: A Part Of The Candy Hill Highguard

During his time as a youth, D’artagnan left for a faraway land where he returned with a slight French accent. He is good friends with Pepe’ having met him in this land before. He is one of the guards of the CANDY HILL HIGHGuard. The protective government of the town. He is the leader of Keteer brothers something he fights with his brother Aramis. Like his brothers he resembles a Three Musketeer bar.",Kids,Kids,,Candy Village,The Keteer Brothers
Chapter 12 (Kids Version),Willy,willy,,Individual,published,"Note: THE GOD OF CHOCOLATE

One of the numerous deities of Eliverse. He has long black hair, numerous candies around him. His loyal servants are the numerous candies of Candy Village. He holds a power item that many are on a mysterious mission to find. It is said that this item can grant very powerful results. Since the fall of the gods in the Eliverse, he has only been during great devastation throughout Candy Village.",Kids,Kids,,Candy Village,
Chapter 12 (Kids Version),Hamilton Burginton,hamilton-burginton,,Individual,published,"Position: Mayor

RESIDENT OF: FOOD TOWN

FOOD RELATION: HAMBURGER

Mayor of Food Town, Hamilton Burginton is a proud man with lots of love for his residents. Before being the Mayor of Food Town, Hamilton was a member of the Cross Country Debate which shares information and debates between Candy Village and Food Town.",Kids,Kids,,,
Chapter 12 (Kids Version),Carl Cardon,carl-cardon,,Individual,published,"Position: Car Dealer

RESIDENT OF: SWEETS VALLEY

FOOD RELATION: DONUT

Carl Cardon whose last name is a play on the fact that he is a car dealer and also a donut. He is the ultimate salesman, trying to sell any type of car in any type of condition. He is loud and argues almost completely to everyone except his wife. He tries his best to run for mayor although he has never succeeded. He has an Italian accent and talks like a member of the mafia with his Donutmen being his henchmen. His ultimate goal is to take over Food Town at any price.",Kids,Kids,,,
Chapter 12 (Kids Version),Mary Peanutelly,mary-peanutelly,,Individual,published,"Position: School Teacher

RESIDENT OF: SWEETS VALLEY

FOOD RELATION: PEANUT & JELLY

Mary is a proper English school teacher. Her love for art and anything dealing with crafts. Have gotten her into numerous contests and she serves as the spokesperson for anything dealing with events. On average she has taught almost every resident of Food Town at least once. Her body is of a peanut while her hair is made up of jelly.",Kids,Kids,,,
Chapter 12 (Kids Version),Sarah Sausagehead,sarah-sausagehead,,Individual,published,"Position: Local Barber

RESIDENT OF: FOOD TOWN

FOOD RELATION: SAUSAGE

Sarah is sister to Benjamin Biscuit. She is the town’s local barber. She also provides advices to anyone who sits in her chair. Strings of mustard serves as her hair.",Kids,Kids,,,
Chapter 12 (Kids Version),Tina Tunahow,tina-tunahow,,Individual,published,"Position: Swim Instructor

RESIDENT OF: FOOD TOWN

FOOD RELATION: TUNA

Located near the banks of Food town, Tina is the town’s local swim instructor. She lives in a well decorated tuna can and moves with the sea to give lessons to people located alongside the beach.",Kids,Kids,,,
Chapter 12 (Kids Version),Little Salmon,little-salmon,,Individual,published,"Position: Children To Siegfried Seaford

RESIDENT OF: FOOD TOWN

FOOD RELATION: SALMON

Children to Siegfried Seaford, they are salmon who frolic throughout the port. They each have different colors and aren’t known apart. With even Sigfreed confusing them at time.",Kids,Kids,,,
Chapter 12 (Kids Version),Siegfried Seaford,siegfried-seaford,,Individual,published,"Position: Local Fisherman & Owner Of Fishing Range

RESIDENT OF: FOOD TOWN

FOOD RELATION: BASS

Siegfried Seaford is the town’s best fisher. He owns a popular fishing range off the town’s port. He looks like a giant bass and has children who look like salmon.",Kids,Kids,,,
Chapter 12 (Kids Version),Chip Cheezor,chip-cheezor,,Individual,published,"Position: Town’S Doctor

RESIDENT OF: FOOD TOWN

FOOD RELATION: CHIP & CHEESE

Chip Cheezor is a Latin speaking doctor who has come all the way from another part of the world. He is the town’s local doctor and works at the town’s largest hospital.",Kids,Kids,,,
Chapter 12 (Kids Version),China Cherrywood,china-cherrywood,,Individual,published,"Position: Town’S Pharmacist

RESIDENT OF: FOOD TOWN

FOOD RELATION: CHERRY

China Cherrywood is the town’s local pharmacist. She loves what she does and helping others. Although she doesn’t like to see anyone sick. She herself has an acute sickness that no one knows about.",Kids,Kids,,,
Chapter 12 (Kids Version),Samual Sas,samual-sas,,Individual,published,"Position: Town’S Healer

RESIDENT OF: FOOD TOWN

FOOD RELATION: SASQUATCH

Samual Sas is a Persian speaking Sasquatch that arrived to Food Town from overseas. He has the skill to heal others and has since been considered the town’s local healer. He also assists the town’s local pharmacist in providing healing regimens.",Kids,Kids,,,
Chapter 12 (Kids Version),Fenley Fruitcake,fenley-fruitcake,,Individual,published,"Position: Fashion Designer

RESIDENT OF: SWEETS VALLEY

FOOD RELATION: FRUITCAKE

Fenley is a flamboyant college student visiting Food Town. He has been known for some time to be the most sought out up and coming fashion designer. He loves fashion even going to the lengths of working with several designers across the world to perfect his own designs.",Kids,Kids,,,
Chapter 12 (Kids Version),Chad Crum,chad-crum,,Individual,published,"Position: Student/ Bike Shop Associate

RESIDENT OF: SWEETS VALLEY

FOOD RELATION: CRUM OF A COFFEECAKE

Chad Crum is a biker and works at the local bike shop in town. He has the personality of the typical high schooler. With only love for video games and explosions.",Kids,Kids,,,
Chapter 12 (Kids Version),Penny Pizzaroll,penny-pizzaroll,,Individual,published,"Position: Waitress

RESIDENT OF: FOOD TOWN

FOOD RELATION: PIZZA ROLL

A skating champion, Penny loves her job being a waitress. She studies at Expresso High and is bestfriends with Chad Crum.",Kids,Kids,,,
Chapter 12 (Kids Version),Tim Tamoto,tim-tamoto,,Individual,published,"Position: Student

RESIDENT OF: FOOD TOWN

FOOD RELATION: TAMATO

A fellow book worm that attends the town’s middle school. His knowledge expands that of normal middle school students. When asked why he wouldn’t want to be placed in high school. His response was simple. “I would rather play with others my age instead studying with others that are not.”",Kids,Kids,,,
Chapter 12 (Kids Version),Paul Porterhouse,paul-porterhouse,,Individual,published,"Position: Firefighter

RESIDENT OF: FOOD TOWN

FOOD RELATION: STEAK

Paul along with his fellow associates, is one of the many who protects the town from harm such as fires in his case. He runs the unit which covers fires and outburst in town.",Kids,Kids,,,
Chapter 12 (Kids Version),Benjamin Buscuit,benjamin-buscuit,,Individual,published,"Position: Computer Tech

RESIDENT OF: FOOD TOWN

FOOD RELATION: BUSCUIT

A grumpy computer technician that fixes most of the town’s local electronics. His brother is the town’s electrician while his sister is the town’s local plumber. Although they are different forms of food, they were born together.",Kids,Kids,,,
Chapter 12 (Kids Version),Mr. Harold Hotdog,mr-harold-hotdog,,Individual,published,"Position: Lawyer

RESIDENT OF: FOOD TOWN

FOOD RELATION: HOT DOG

One of the town’s most reputable lawyers. Harold speaks in an Asian accent and uses his world traveling experiences to represent his clients in a formidable matter. He wears a pocket watch and a one eyed cover glass.",Kids,Kids,,,
Chapter 12 (Kids Version),Ms. Cupcakepiton,ms-cupcakepiton,,Individual,published,"Position: Richest Woman In Sweets Valley

RESIDENT OF: SWEETS VALLEY

FOOD RELATION: CUPCAKE

A loud laughing cupcake looking woman who lives in the most prestigious neighborhood in Sweets Valley. She owns several estates and talk in a snobby rich 17th century English voice.",Kids,Kids,,,
Chapter 12 (Kids Version),Lidia Letuchah,lidia-letuchah,,Individual,published,"Position: Airport Worker

RESIDENT OF: FOOD TOWN

FOOD RELATION: LETTUCE

Lidia Letuchah is a Hispanic firecracker. With attitude and sass to match. She comes from the islands and works at the town’s airport.",Kids,Kids,,,
Chapter 12 (Kids Version),Tonya Thanving,tonya-thanving,,Individual,published,"Position: Local Dress Shop Owner

RESIDENT OF: FOOD TOWN

FOOD RELATION: TURKEY THIGH

Tonya Thanving is a wholesome woman. She is proud and has a thing for summer days. Owner of a local dress shop, Tonya gives frequent advice to locals about how to dress even if they don’t ask.",Kids,Kids,,,
Chapter 12 (Kids Version),Chancellor Chickenbroth,chancellor-chickenbroth,,Individual,published,"Position: Chancellor

RESIDENT OF: FOOD TOWN

FOOD RELATION: CHICKEN LEG

Chancellor Chickenbroth is the town’s chancellor. He is old and wise and has a deep southern accent. His long robes signals power. Power that not even the Mayor dares to stand up against",Kids,Kids,,,
Chapter 12 (Kids Version),Donald Donutmaker,donald-donutmaker,,Individual,published,"Position: Police Officer

RESIDENT OF: FOOD TOWN

FOOD RELATION: DONUT

Donald is a police officer who despises being one. Mostly because the other guys on the force looks at him with the thoughts of turning him into a snack. To disturb this thought he brings them other delicious morsels.",Kids,Kids,,,
Chapter 12 (Kids Version),Iris Icewell,iris-icewell,,Individual,published,"Position: Bank Retailer

RESIDENT OF: FOOD TOWN

FOOD RELATION: ICE CREAM

Iris is the snappy bank tailor with a British Accent and New Yorker attitude. She has long nails and sits daily behind a glass window at the town’s local bank. She has the hots for Craig Creamcake mostly because he is a businessman.",Kids,Kids,,,
Chapter 12 (Kids Version),Winslow Whipportae`,winslow-whipportae,,Individual,published,"Position: Theme Park Worker

RESIDENT OF: FOOD TOWN

FOOD RELATION: WHIPCREAM

Winslow is a chill associate who works at the local theme park. He assists customers on rides and at times can be seen dancing to his headphones.",Kids,Kids,,,
Chapter 12 (Kids Version),Carla Creamcake,carla-creamcake,,Individual,published,"Position: Bakery Assistant

RESIDENT OF: FOOD TOWN

FOOD RELATION: CAKE

Carla Creamcake is the wife to Craig Creamcake. She is tall and has dough for hair. She loves to bake and runs her family’s establishment when Craig is away. Otherwise she uses her spare time to make secret cakes for someone very special to the town.",Kids,Kids,,,
Chapter 12 (Kids Version),Craig Creamcake,craig-creamcake,,Individual,published,"Position: Bakery Owner

RESIDENT OF: FOOD TOWN

FOOD RELATION: CAKE

Craig Creamcake is the town’s baker. He uses special herbs to spice up his desserts while also making desserts named after famous celebrities. His bakery is the largest and most famous out of Food Town.",Kids,Kids,,,
Chapter 12 (Kids Version),Kelly Ketchup,kelly-ketchup,,Individual,published,"Position: Crime Lord

RESIDENT OF: FOOD TOWN

FOOD RELATION: KETCHUP

Fast talking ace of Carl Cardon’s mafia group. She has long red hair and is shaped like a ketchup bottle. She uses her looks to get her and the gang into numerous high profile places. She talks with a strong New Yorker accent.",Kids,Kids,,,
Chapter 12 (Kids Version),Michael “Money” Mustard,michael-money-mustard,,Individual,published,"Position: Crime Lord

RESIDENT OF: FOOD TOWN

FOOD RELATION: MUSTARD

One of the gang member’s part of Carl Cardon’s mafia group. Thinking about money at all times, he was released from prison just before it burned down. With him being the prime suspect. He is a most wanted criminal and works from his safe haven near the docks of Food Town.",Kids,Kids,,,
Chapter 12 (Kids Version),Monty Mayonaise,monty-mayonaise,,Individual,published,"Position: Swim Club Owner & Mafia Member

RESIDENT OF: FOOD TOWN

FOOD RELATION: MAYONAISE

One of the gang member’s part of Carl Cardon’s mafia group. He is the brains behind most of the operations often seen talking to Carl about plans to take over the city. When he is by himself he enjoys swimming and runs a swimming club at the edge of town overlooking the beach.",Kids,Kids,,,
Chapter 12 (Kids Version),Sonya Spaghetti,sonya-spaghetti,,Individual,published,"Position: Dance Instructor

RESIDENT OF: FOOD TOWN

FOOD RELATION: SPAGHETTI

A skilled dancer and teacher at the local dance studio. Her stringy body allows her to do numerous dance styled techniques including ballet. Sonya has a deep southern accent and smells like sauce.",Kids,Kids,,,
Chapter 12 (Kids Version),Ricky Rice,ricky-rice,,Individual,published,"Position: Runner At Expresso High

RESIDENT OF: FOOD TOWN

FOOD RELATION: RICE

Running track for Expresso High. He is the closest friend to Ellis Éclair. His dreams is to be a pro runner with already winning several gold medals. He has a scholarship to a major university.",Kids,Kids,,,
Chapter 12 (Kids Version),Cindy Cuccumber,cindy-cuccumber,,Individual,published,"Position: Student

RESIDENT OF: FOOD TOWN

FOOD RELATION: CUCCUMBER

Cindy has a dull personality. Wearing glasses and launches an attitude when someone stares at her. She is usually quiet and reads a lot of books.",Kids,Kids,,,
Chapter 12 (Kids Version),Luna Lasagna,luna-lasagna,,Individual,published,"Position: Restaurant Owner

RESIDENT OF: FOOD TOWN

FOOD RELATION: LASAGNA

Luna loves to cook, she uses her own special made sauces and always looks for inspiration to make a new dish. Her restaurant is the most famous in Food town.",Kids,Kids,,,
Chapter 12 (Kids Version),Perry Pearrinnis,perry-pearrinnis,,Individual,published,"Position: Singer

RESIDENT OF: FOOD TOWN

FOOD RELATION: PEAR

Perry is the town’s award winning singer. Traveling to foreign places to perform his hits. He created the city’s theme song and plays it at major festivals. His attitude is similar to pop stars of the 1950s.",Kids,Kids,,,
Chapter 12 (Kids Version),The Little Grapes,the-little-grapes,,Individual,published,"Position: Children Of Gary Grapes

RESIDENT OF: FOOD TOWN

FOOD RELATION: GRAPES

Children to Gary Grape, loud, obnoxious, and often considered brats. These children are the reasons behind Gary’s numerous headaches which he complains about. They come in different sizes and colors and each with a different personality. Although they look the same.",Kids,Kids,,,
Chapter 12 (Kids Version),Gary Grape,gary-grape,,Individual,published,"Position: Farmer

RESIDENT OF: FOOD TOWN

FOOD RELATION: GRAPE

Gary Grape is a depressed farmer whose crops are always missing something. To his best of knowledge he can’t find out what. Although the town loves his fruit that he grows and the fact that the town depends on his crops. He is somewhat of a perfectionist and shows it through his constant reworking his farmlands.",Kids,Kids,,,
Chapter 12 (Kids Version),Andrew Applington,andrew-applington,,Individual,published,"Position: Boat Owner

RESIDENT OF: FOOD TOWN

FOOD RELATION: APPLE

Andrew is the wild child, he is brother to Anna Applington and was the suave guy with the ladies when he was young. He loved to play the guitar and sit on his twenty year old boat which he won gambling. He returned to Food town in search of something mysterious believing the mayor to have it.",Kids,Kids,,,
Chapter 12 (Kids Version),Candice Cranberry,candice-cranberry,,Individual,published,"Position: Teacher

RESIDENT OF: FOOD TOWN

FOOD RELATION: CRANBERRY

Candice is close friends with Anna Applington. The two grew up together and has always been quite fond of teaching. With their classrooms side by side, the two usually chat with each other between lessons and during lunch. Candice is jolly and has a thing for Anna’s brother.",Kids,Kids,,,
Chapter 12 (Kids Version),Anna Applington,anna-applington,,Individual,published,"Position: Teacher

RESIDENT OF: FOOD TOWN

FOOD RELATION: APPLE JUICE

A school teacher at the town’s middle school. Anna is called the nicest and yet strictness teacher at school. She loves to learn and to think of numerous things to share with her class. She is bright and loves her students.",Kids,Kids,,,
Chapter 12 (Kids Version),Sunny Orangedelight,sunny-orangedelight,,Individual,published,"RESIDENT OF: FOOD TOWN

FOOD RELATION: ORANGE JUICE

Sunny Orangedelight is bubbly and always seen in a sunny personality hence his name. He loves to whistle and dance whenever he can. His famous saying is “Life is like Oranges, you have to keep peeling until you get to the good stuff.”",Kids,Kids,,,
Chapter 12 (Kids Version),Cary Coffee,cary-coffee,,Individual,published,"Position: Server

RESIDENT OF: FOOD TOWN

FOOD RELATION: COFFEE

Cary is an artist who dreams of leaving Food Town for bigger locations although Food Town is the largest place in her region. She also loves to draw fantasy styled dresses and her perfect prince. She day dreams in public often at work.",Kids,Kids,,,
Chapter 12 (Kids Version),Patty Pancake,patty-pancake,,Individual,published,"Position: Town’S Gossip

RESIDENT OF: FOOD TOWN

FOOD RELATION: PANCAKE

Patty Pancake is one of the town’s biggest gossip, often providing the latest scoop to Dorma Dish. Patty is shaped like a pancake with chocolate for eyes and wears an apron. She loves to laugh and whisper. She lives in a syrup bottled styled house.",Kids,Kids,,,
Chapter 12 (Kids Version),Dorma Dish,dorma-dish,,Individual,published,"Position: Reporter

RESIDENT OF: FOOD TOWN

FOOD RELATION: FORK

The town’s reporter, Dorma has the scoop on everything within Food Town and Sweets Valley. She comes from a long line of reporters with a mural of her family over her fireplace. She is talkative often annoying others while also speaking really fast to the point where it makes people dizzy.",Kids,Kids,,,
Chapter 12 (Kids Version),Petey Pie,petey-pie,,Individual,published,"Position: Student At Expresso High

RESIDENT OF: SWEETS VALLEY

FOOD RELATION: PIE

Petey Pie is a sweet boy who loves to play musical instruments. He has two alter egos both of which are opposite completely of him. Whenever he becomes his rock and roll self he is wacky and only hangs with the hottest girls. When he is playing the piano he is relaxed and mellow. When normal he is the stereotypical hippy with a pie shaped boy.",Kids,Kids,,,
Chapter 12 (Kids Version),Ellis Eclaire,ellis-eclaire,,Individual,published,"Position: Basketball Player At School

RESIDENT OF: SWEETS VALLEY

FOOD RELATION: éclair

Ellis Eclaire is a schoolboy that attends Expresso High. He is the school’s stereotypical basketball star. He is chocolate based and dark toned color and resemblance to a walking eclaire. He is also the star of many of the school’s games and usually is seen with screaming girls around him. He loves to smile, play basketball, eat, and sleep.",Kids,Kids,,,
Chapter 12 (Kids Version),Petunia Pecania,petunia-pecania,,Individual,published,"Position: Taxi Driver

RESIDENT OF: FOOD TOWN

FOOD RELATION: PECAN

A kind taxi driver that interrogates individuals who gets inside of her taxi. Although she simply ask questions. She is usually very nosey and serves as a medium to her passengers.",Kids,Kids,,,
Chapter 12 (Kids Version),Bobbie Berryworth,bobbie-berryworth,,Individual,published,"Position: Train Operator

RESIDENT OF: FOOD TOWN

FOOD RELATION: BLACKBERRY

After the building of the train system throughout Food Town. Bobbie was the first appointed train driver of the longest train route throughout Food Town.",Kids,Kids,,,
Chapter 12 (Kids Version),Paris Perrycworth,paris-perrycworth,,Individual,published,"Position: Transit Authority Manager

RESIDENT OF: FOOD TOWN

FOOD RELATION: PEACH

Pushing for the Food town Train Authority to be built. Since its creation, Paris has been appointed the authority figure over the trains and buses that runs throughout the town. He is a plump man like a peach.",Kids,Kids,,,
Chapter 12 (Kids Version),Kiki Limepie,kiki-limepie,,Individual,published,"Position: Bus Operator

RESIDENT OF: FOOD TOWN

FOOD RELATION: KEY LIME PIE

A fun going bus driver in Food Town. She is everyone’s favorite bus driver and is an overly happy person. Her body is shaped just like a Key Limepie with the stereotypical African American Woman personality and voice.",Kids,Kids,,,
Chapter 12 (Kids Version),Onya Onionspice,onya-onionspice,,Individual,published,"Position: Chef

RESIDENT OF: FOOD TOWN

FOOD RELATION: ONION

Onya is the town’s local chef. She owns several restaurants and is in talks to build several new ones in Candy Village across the bridge. Onya is one of the wealthiest people within Food town.",Kids,Kids,,,
Chapter 12 (Kids Version),Peruth Patato,peruth-patato,,Individual,published,"Position: Architect

RESIDENT OF: FOOD TOWN

FOOD RELATION: POTATO

Originally from Fine China Islands, he has a distinct Caribbean accent. With French fries for hair, his outfit is that of a typical Reggae singer.",Kids,Kids,,,
Chapter 12 (Kids Version),Huck Huckleberry,huck-huckleberry,,Individual,published,"Position: Council Member & Hunter

RESIDENT OF: FINE CHINA ISLANDS

FOOD RELATION: HUCKLEBERRY

Using his influences across the world, Huck is the prominent figure in town when it comes to legal matters. In his spare time he loves to hunt.",Kids,Kids,,,
Chapter 12 (Kids Version),Patrick St. Popcorn,patrick-st-popcorn,,Individual,published,"Position: Theatre Owner

RESIDENT OF: FINE CHINA ISLANDS

FOOD RELATION: POPCORN

Patrick has a strong Irish accent and uses his background to make many movies which he plays in his popular theatre. His theatre is the most popular theatre out of the Fine China Islands.",Kids,Kids,,,
Chapter 12 (Kids Version),Sherrie Strawberry,sherrie-strawberry,,Individual,published,"Position: Herbologist

RESIDENT OF: FINE CHINA ISLANDS

FOOD RELATION: STRAWBERRY

Sherrie is the local Herbologist for Fine China Islands and Food town. She is a walking talking strawberry with a streak personality. With her passion for wild plants, she often could be seen talking to them.",Kids,Kids,,,
Chapter 12 (Kids Version),Shonda Sweet,shonda-sweet,,Individual,published,"Position: Student

RESIDENT OF: FINE CHINA ISLANDS

FOOD RELATION: SWEET POTATO

Shonda is a student at Fine China Islands Middle School. She is kind and the school’s valedictorian. Her goals are always set high because she only strives for the best in everything. A real go getter, Shonda uses her resources to complete task fully and on time.",Kids,Kids,,,
Chapter 12 (Kids Version),Serena Sodapop,serena-sodapop,,Individual,published,"Position: Student

RESIDENT OF: FINE CHINA ISLANDS

FOOD RELATION: SODA

Serena Sodapop is a bubbly student at Fine China Islands Middle School. She is daughter of Pep and Coka Sodapop.",Kids,Kids,,,
Chapter 12 (Kids Version),Wallis Whoppie,wallis-whoppie,,Individual,published,"Position: COP

RESIDENT OF: FINE CHINA ISLANDS

FOOD RELATION: WHOOPIE PIE

The town’s best cop, Wallis enforces the law no matter of the situation. Believing that no one is above the law. Wallis uses most of his time sitting around eating donuts and enforces ridiculous rules to pedestrians.",Kids,Kids,,,
Chapter 12 (Kids Version),Chingy Crabblue,chingy-crabblue,,Individual,published,"Position: Writer

RESIDENT OF: FINE CHINA ISLANDS

FOOD RELATION: BLUE CRABS

Chingy Crabblue speaks in a quiet Australian accent. Although not much is known about his past, he reveals a lot about his present through stories that he writes.",Kids,Kids,,,
Chapter 12 (Kids Version),Smith Islandpie,smith-islandpie,,Individual,published,"Position: Sports Director

RESIDENT OF: FINE CHINA ISLAND

FOOD RELATION: SMITH ISLAND PIE

Smith Islandpie is Fine China Islands’ own sports chief. Whenever something sporty comes to the islands or when a major sport is taking place. He is there usually the one cheering or leading the team.",Kids,Kids,,,
Chapter 12 (Kids Version),Monique Muffintop,monique-muffintop,,Individual,published,"Position: Principal At Fine China Elementary School

RESIDENT OF: FINE CHINA ISLANDS

FOOD RELATION: CORN MUFFIN

Monique Muffintop is Fine China Islands’ principal of Fine China Elementary school. She reads a lot and hates disciplining children.",Kids,Kids,,,
Chapter 12 (Kids Version),Kidman Kranberry,kidman-kranberry,,Individual,published,"Position: Sheriff

RESIDENT OF: FINE CHINA ISLANDS

FOOD RELATION: CRANBERRY

The local sheriff of Fine China Islands, Kidman Kranberry holds his badge high. He worships the law and upholds it at all cost.",Kids,Kids,,,
Chapter 12 (Kids Version),Norman Navybean,norman-navybean,,Individual,published,"Position: Navy Seal Captain

RESIDENT OF: FINE CHINA ISLANDS

FOOD RELATION: BAKED NAVY BEAN

A navy seal, Norman Navybean speaks like a true general and is the most honest man you could meet. He loves to fish and has a strong bond with his fellow seals.",Kids,Kids,,,
Chapter 12 (Kids Version),Brett Bostonpie,brett-bostonpie,,Individual,published,"Position: Businessman

RESIDENT OF: FINE CHINA ISLANDS

FOOD RELATION: BOSTON CREAM PIE

Brett Bostonpie is a wealthy businessman who uses his influence to build extravagant hotels across the Fine China Islands.",Kids,Kids,,,
Chapter 12 (Kids Version),The Royal Guard,the-royal-guard,,Individual,published,Riven Happenings,Kids,Kids,,,
Chapter 12 (Kids Version),Prince of Mushroom Valley,prince-of-mushroom-valley,,Individual,published,Kohan Mushroom,Kids,Kids,,,
Chapter 12 (Kids Version),Prince Faren,prince-faren,,Individual,published,"Note: Prince of Fairy Village

Prince Faren is the handsome prince that has been placed in a terrible sickness and will die unless a cure is found.",Kids,Kids,,,
Chapter 12 (Kids Version),Sir Will Castings,sir-will-castings,,Individual,published,"Love interest to Queen Annabelle. A cold hearted prince that only wants power. Once a good guy that developed a crush on Annabelle, he turned against her believing that she was in love with his brother.",Kids,Kids,,,
Chapter 12 (Kids Version),Sir Walter Doogood,sir-walter-doogood,,Individual,published,Half-brother to Sir Will Castings and loving natured compared to his older brother. Seen by many as the next ruler to Jerule. He moved away from the kingdom when his brother waged war against Queen Annabelle and her kingdom.,Kids,Kids,,,
Chapter 12 (Kids Version),Sir Gallihad Mistakes,sir-gallihad-mistakes,,Individual,published,"A clumsy king who is loving, intelligent, and very handsome however not a favorite amongst his people. He meets Princess Lurella who he abducts in order to protect her against an evil wizard bent on taking over her land. The two eventually falls in love.",Kids,Kids,,,
Chapter 12 (Kids Version),Jon Lu Callihad,jon-lu-callihad,,Individual,published,An evil wizard bent on taking over Princess Lurella’s kingdom and land from her. He uses a large size wand to abrupt time and space and steals things from different dimensions in order make himself more powerful.,Kids,Kids,,,
Chapter 12 (Kids Version),The Laughing King,the-laughing-king,,Individual,published,"An honorable king that laughs at just about anything, a curse set on him by an angry deity from his past. He was transformed back into a kid and fell in love with Fairygood Weather.",Kids,Kids,,,
Chapter 12 (Kids Version),Kelter,kelter,,Individual,published,"Servant to Jon Lu Callihad and his apprentice. He often performs powerful spells although fails at besting Callihad even though he tries to steal his wand. Although he breaks away from Callihad for a moment, he secretly adores him and just wants to prove himself worthy.",Kids,Kids,,,
Chapter 12 (Kids Version),Princess of Dream World,princess-of-dream-world,,Individual,published,"Princess Riza is a young free-spirited girl who has long blue hair laced with pearls given to her by her mother. She is happy to support her parents for the coronation which she is about to be made the next queen after her mother steps down. However, things go wrong, and her parents go missing and it’s up to her to stop her evil aunt from taking the throne.",Kids,Kids,,,
Chapter 12 (Kids Version),Princess Domina,princess-domina,,Individual,published,"Note: Princess of Tower Central

Princess Domina is a red hair firecracker who knows what she wants and won’t stop till she gets it. Proud and humble at the same time. She is on a mission to awake her father who has been placed under a sleeping spell by her wicked stepmother. Domina must travel through Mushroom Valley to find a magical mushroom that will help awake her father so that they can overthrow her stepmother before it’s too late.",Kids,Kids,,,
Chapter 12 (Kids Version),Princess of Fairytale City,princess-of-fairytale-city,,Individual,published,"Princess Fiarra is the next in line to take over the duties of a fairy godmother. She is smart and calculates everything she does. She meets a handsome prince who is sick and the two falls in love. As she is set for her own responsibilities, she must balance saving her one true love and to become the next fairy godmother.",Kids,Kids,,,
Chapter 12 (Kids Version),Lady Antivail,lady-antivail,,Individual,published,A powerful sorceress that was turned back into a young girl who barely understands her abilities in an attempt by her evil uncle who also practices magic to gaining power over her kingdom.,Kids,Kids,,,
Chapter 12 (Kids Version),Princess Cassandra,princess-cassandra,,Individual,published,"A popular blonde-haired girl with everything she has always wanted including next in line to become queen. However, a dance at her famous ball (ball of the century) turns her into a fighting warrior that must save her prince Akalen from being overthrown in his own kingdom.",Kids,Kids,,,
Chapter 12 (Kids Version),Queen Annabelle,queen-annabelle,,Individual,published,The youngest queen of her lineage. She inherited her thrown when her parents and older brother all were killed at sea. She developed a crush on her prince but found out that he was only after her thrown and now it is up to her to stop him or lose everything that is left of her family.,Kids,Kids,,,
Chapter 12 (Kids Version),Impress Lurella,impress-lurella,,Individual,published,"Beautiful, smart, and always up for something new. She loves animals and everything that glitters like gold. One day while out in her gardens, she is abducted which sends her kingdom into a frenzy trying to find her. Along the way the guy that abducts her turns out to be her one true love.",Kids,Kids,,,
Chapter 12 (Kids Version),The Wicked Womena,the-wicked-womena,,Individual,published,A powerful witch that betrayed her one true love and has since dived into the darkest arts. Set to overthrow her niece Princess Riza and take over the future thrown of Dream Land.,Kids,Kids,,,
Chapter 12 (Kids Version),Stepmother Golda,stepmother-golda,,Individual,published,"Bent on ruling her husband’s kingdom at any cost. She had an affair with her husband’s brother and while the brother was exile she remained after lying saying she was raped by him. Feeling sorry for him. King Odelion remained by her side and the two married a week later. Since she has been in love with power and grew into a wicked woman with desire to become sole power over the kingdom. However, her step daughter Princess Domina is the only thing standing in her way.",Kids,Kids,,,
Chapter 12 (Kids Version),Enchantress Kina,enchantress-kina,,Individual,published,"Distant relative to the fairies, this evil Dark Fairy has made stories around her evil ways and now she is attempting to overthrow Fairytale City to become the most powerful and dominant fairy.",Kids,Kids,,,
Chapter 12 (Kids Version),Mr. Zierre,mr-zierre,,Individual,published,Evil uncle to Lady Antivail. He is hellbent on taking over her kingdom and replacing his brother. It is later revealed that he is sick in the head and has attempts to slaughter his family just to get to the throne.,Kids,Kids,,,
Chapter 12 (Kids Version),Fairygood Weather,fairygood-weather,,Individual,published,Powerful fairy of the fourteen realms. She is the tallest fairy in Fairytale City and she uses her magic at times to prevent wars caused by those of which Fairytale City overlooks.,Kids,Kids,,,
Chapter 12 (Kids Version),Ruby Rhinestone,ruby-rhinestone,,Individual,published,"Ruby Rhinestone is the main character of the Prehistoria stories. Born to a middle-class family, Ruby is smart, fast, and have shown to be very strong similar to other residents of Prehistoria. Her adventures around Prehistoria are the basis of the Prehistoria stories.",Kids,Kids,,,
Chapter 12 (Kids Version),Abigale Diamond,abigale-diamond,,Individual,published,"Abigale is Ruby’s oldest friend and her closest ally. Her ancestors are responsible for prehistoric advances in technology including the wheel. Because of this, her family are some of the wealthiest and most inventive in Prehistoria. Her house is very large and while her family are the typical snobbish type, she is very down to earth.",Kids,Kids,,,
Chapter 12 (Kids Version),Lightning Stardust,lightning-stardust,,Individual,published,Stardust is a smart young android girl that hails from Adropia. One day her curious attitude led her to board her father’s experimental spacecraft. With it she crashes landed on a far away world shortly after coming cross the cosmic damage left by the Akuma. While stranded on Earth she lands in Ridlan City and befriends the Patricks.,Kids,Kids,,,
Chapter 12 (Kids Version),Stuart Patrick,stuart-patrick,,Individual,published,"Stuart Patrick, close friend to Lightning Stardust and brother of Chloe Patrick, who gave her the name Lightning before her actual name because of her lightning bolt shaped hairstyle. He is a fan of the stars and wishes one day to visit another world.",Kids,Kids,,,
Chapter 12 (Kids Version),Chloe Patrick,chloe-patrick,,Individual,published,"Chloe Patrick, close friend to Lightning Stardust and sister of Stuart Patrick. She is more steady head than her brother. One day she wants to be a detective and often helps Stardust on her mission to find a way back home.",Kids,Kids,,,
Chapter 12 (Kids Version),Gale Stardust,gale-stardust,,Individual,published,"Title: Mayor of Ridlan City

A loving albeit stern mother of the Patrick children, wife of Lloyd Patrick, and mayor of Ridlan City. She hides from everyone outside of her family of Stardust true nature.",Kids,Kids,,,
Chapter 12 (Kids Version),Vivienne Rachels,vivienne-rachels,,Individual,published,"Nosey neighbor of the Patricks, she is often very curious of Stardust and even has her daughter spy on her at school.",Kids,Kids,,,
Chapter 12 (Kids Version),Johanna Rachels,johanna-rachels,,Individual,published,"Daughter of Vivienne, she is just as suspicious of the Patricks and Stardust as her mother and together they spy on them.",Kids,Kids,,,
Chapter 12 (Kids Version),Principal Taylor Arnold,principal-taylor-arnold,,Individual,published,Stern principal but loving of his students and staff. He often finds himself at odds with the Patrick children and Stardust because of their often rebellious and secretive nature.,Kids,Kids,,,
Chapter 12 (Kids Version),PooPoo the Baby Dragon,poopoo-the-baby-dragon,,Individual,published,"PooPoo is a curious blue dragon that can freeze things with his wings. His family are revered amongst other dragon clans, however he tends to overlook this and befriend other baby dragons.",Kids,Kids,,,
Chapter 12 (Kids Version),GoGo the Fire Dragon,gogo-the-fire-dragon,,Individual,published,"GoGo the Fire Dragon is smart mouthed and fast, he is arrogant yet very loyal to his family and friends. He befriends PooPoo early in the PooPoo Baby Dragon story.",Kids,Kids,,,
Chapter 12 (Kids Version),Vein the Water Dragon,vein-the-water-dragon,,Individual,published,"Title: Princess of the Water Dragons

Vein the Water Dragon is powerful to be a baby dragon. She is very popular and heir to dragon kingdom. She met with Aqua and befriended her. She is also friend to the other baby dragons.",Kids,Kids,,,
Chapter 12 (Kids Version),Carus the Electric Dragon,carus-the-electric-dragon,,Individual,published,"Title: Descendant of the Storm Dragons

Carus the Electric Dragon, he has a crush on Vein and is the first to protect her whenever possible danger is near. He is the descendant of the Storm Dragons and often can create storms when is in distress. He is friends to the other baby dragons.",Kids,Kids,,,
Chapter 12 (Kids Version),Lady Spring,lady-spring,,Individual,published,"Title: Spirit of Easter and Spring

Lady Spring is daughter to Santiyline and next in line to become Mother Nature. She guards spring and her children are the spirits of springtime including Easter.",Kids,Kids,,,
Chapter 12 (Kids Version),Red Summer,red-summer,,Individual,published,"Title: Spirit of Freedom and 4th of July

Red Summer is a physical fit man who is the spirit of summertime and represents Fourth of July. He is strong and can emit fire. He is son of Vulkan.",Kids,Kids,,,
Chapter 12 (Kids Version),Nicholas Claus,nicholas-claus,,Individual,published,"Title: Santa Claus, Spirit of Christmas

Nicholas Claus is the spirit of Christmas and once shown the world his face before retreating to his home the North Pole. Here is more a sloth whose powers are weakened due to his brother.",Kids,Kids,,,
Chapter 12 (Kids Version),Love Valentine,love-valentine,,Individual,published,"Title: Spirit of Valentine’s Day

Love Valentine a beautiful spirit and daughter to Jessana. She is tall, has long red hair, and smells like cherries. She hovers over the ground and can cause any man to fall in love with her. She is often the annoyance of Autumn.",Kids,Kids,,,
Chapter 12 (Kids Version),Mother Harvest,mother-harvest,,Individual,published,"Mother of the harvest and powerful figure seen in ancient times. She is often seen as a young beautiful woman; however, she can also appear in another more wiser older form. Herself and Love Valentine, often are seen arguing with each other their respective beauty.",Kids,Kids,,,
Chapter 12 (Kids Version),Pumpkin King,pumpkin-king,,Individual,published,"Title: Spirit of Halloween

Father to Spitfire Pumpkin and son of Bewithia. He is a powerful warlock that created the holiday Halloween as a gift for his absent father Xshaun. He is brass, anxious, and hardheaded much like his son.",Kids,Kids,,,
Chapter 12 (Kids Version),Baby New Year,baby-new-year,,Individual,published,"Title: Spirit of New Year

Baby Newyear is loving figure and believed child of Jesus. He is smart although seen as a cocky adolescence. If he dies, many ancient stories state that there will be a dark year ahead.",Kids,Kids,,,
Chapter 12 (Kids Version),Jack Frost,jack-frost,,Individual,published,"Title: Santa Claus Brother

One of the two brothers to Santa Claus, Jack is a powerful being capable of controlling ice particles in the air and is responsible for most of winter lasting longer if he is angered.",Kids,Kids,,,
Chapter 12 (Kids Version),Krampus,krampus,,Individual,published,"Title: Spirit of Bad Christmas

A disrespectful and distrustful spirit that steals gifts from children. His anger over the years grew worse after being denied the power of the Claus’. Because of his betrayal against the other spirits, he was banished to the Shadow Realm. The holiday stories follow the saviors attempting to stop him from ending all holidays.",Kids,Kids,,,
Chapter 12 (Kids Version),Ms. Marienne Claus,ms-marienne-claus,,Individual,published,"Title: Ms. Claus

Wife of Santa Claus, Ms. Marienne Claus is a proud elf that first met her husband during a winter’s ball thrown by his parents. Her powers are very strong and it is because of her for the reason creatures in the North Pole are magical.",Kids,Kids,,,
Chapter 12 (Kids Version),Strawberry Darline,strawberry-darline,,Individual,published,"Title: Baker

Strawberry Darline is a smart, fun loving, and friendly girl that can make almost anything. She built her own bakery and is the joy to Melody Hills. She has met with the residents of Food Town, Candylane Village, Prehistoria, and a glimpse of the Holiday Saviors battle.",Kids,Kids,,,
Chapter 12 (Kids Version),Spitfire Pumpkin,spitfire-pumpkin,,Individual,published,"Title: Prince of Halloween

A carefree spirit that can controls souls. He is very curious of humans, so much so that he often travels to the human world to walk amongst them. He is the son of the Pumpkin King.",Kids,Kids,,,
Chapter 12 (Kids Version),Julius Rains,julius-rains,,Individual,published,A kid that often follows Spitfire Pumpkin along on his adventures. He is an orphan and often dreams of traveling to another world.,Kids,Kids,,,
Chapter 12 (Kids Version),Maggie Stonewell,maggie-stonewell,,Individual,published,"A curious kid that follows Spitfire Pumpkin on his adventures, she ran away from home for a night where she spent years in Spitfire Pumpkin’s world.",Kids,Kids,,,
Chapter 12 (Kids Version),Conrad Millow,conrad-millow,,Individual,published,"Title: Son of Tonik

A mysterious kid that discovers Spitfire Pumpkin’s presence. Although much to the dismay of Julius, he attracts the attention of Maggie and is supportive of her running away. He knows martial arts and carries the sigil of Tonik.",Kids,Kids,,,
Chapter 3 (Humans),Aurelia,aurelia,,Individual,published,"Title: Princess

A beautiful princess, Aurelia was named after the world of which many believed her to be from. She was the most sought out woman in the world and thought of herself as just an ordinary girl. During a war of her country and Atlantis, Aurelia escaped to the mountains with several of her subjects never to be seen or heard from again. Her whereabouts remains unknown with many believing she became a Egyptian Queen and other believing her to become the last royal figure of Atlantis after marrying its last king.",Main Universe,Humans,,,
Chapter 3 (Humans),Zelina,zelina,,Individual,published,"Young girl that was saved by Zane, she is the primary reason behind Zane becoming a hero and embracing his angelic nature.",Main Universe,Humans,Elite Force,,
Chapter 3 (Humans),Avita,avita,,Individual,published,"During his moments as a soldier amongst the demonic army of hell, Zane saved Avita and from this moment she inspired him to become a soldier of good and save those that otherwise can’t protect themselves. She is the major focul point in Zane’s backstory.",Main Universe,Humans,Elite Force,,
Chapter 3 (Humans),Edmund Jackson,edmund-jackson,,Individual,published,"Title: Journalist

A human that sees Blaze first attempt at using his speed and gives him the name Blaze. He is a journalist and writes about the Blaze and his superhero efforts.",Main Universe,Humans,New Society of Super Heroes,,
Chapter 3 (Humans),Jackson Owens,jackson-owens,,Individual,published,"Title: Father of Samuel Owens

Father of Samuel Owens, he is captured and later killed by the Army of Chaos",Main Universe,Humans,Elite Force,,
Chapter 3 (Humans),Cash “William” Johnson,cash-william-johnson,,Individual,published,"Title: Salesman

Is a salesman that appears throughout the comics as a comic relief in most dangerous plots. He would sell anything at any time for a buck and would appear almost immediately if he feels something is valuable. Because of his rude nature at times, most of his attempts are thwarted by a major character at the point of him trying to sell something.",Main Universe,Humans,,,
Chapter 3 (Humans),Juliana Williamson,juliana-williamson,,Individual,published,"Student at the University of London in the early 1900s, she died in late 1952 due to lung cancer. She was friends with Kylie Lazaron when the two went to college together.",Main Universe,Humans,Spell Reign,,
Chapter 3 (Humans),Landry Bost,landry-bost,,Individual,published,"Assistant to Cash “William” Johnson and loyal friend, although he doesn’t agree with any of Cash’s motives, he does stick with him even when they are abducted by aliens and threaten. He is usually the solid thinker when Cash Johnson isn’t thinking straight. Along with Cash, he appears when something isn’t right and often acts as a comedic relief.",Main Universe,Humans,,,
Chapter 3 (Humans),Lazarus,lazarus,,Individual,published,"Title: scholar

Ancient scholar that wrote the stories of the fallen Elitshian Empire, he wrote about its beautiful lands and from his writings, he inspired many future scholars to go on a search of the once standing city. He existed sometime between 45 b.c to 100 b.c",Main Universe,Humans,King of Kings,,
Chapter 3 (Humans),Lucius,lucius,,Individual,published,"Title: General in the Elitshian Army

One of the many generals in the Elitshian Army, he is probably the most known next to Magnus because of his unusual fighting techniques. Although badly criticized by his fellow soldiers. He won every battle he entered; he would later die of syphilis from a prostitute given to him by an enemy of his.",Main Universe,Humans,King of Kings,,
Chapter 3 (Humans),Magnus,magnus,,Individual,published,"Title: General in the Elitshian Army

One of the many generals of the Elitshian Army, he was probably best known for leading the Elitshian Army into a successful battle against the Roman Empire. He would die of scabies and his son; Marcellus would carry his honor as new general of the Elitshian Army.",Main Universe,Humans,King of Kings,,
Chapter 3 (Humans),Marcellus,marcellus,,Individual,published,"Title: Leader of the Elitshian Army

Son to Magnus & Abelia, he took over his father’s army after his death. He was known to be a brute and easily angered leader. He killed many of his subjects to better position himself as a force dared to go up against. From his reign he would later die of old age and lived for 80 years as a leader and often enemy of the Elitshian Army.",Main Universe,Humans,King of Kings,,
Chapter 3 (Humans),Augustus Devale,augustus-devale,,Individual,published,Scientist and brother to Connor Devale (also known as Vipor),Main Universe,Humans,,,
Chapter 3 (Humans),Theodore Austin,theodore-austin,,Individual,published,"All-star baseball player in the 1990s before his mysterious disappearance which shook a nation. He returned later unaged and continued to play baseball with a new team nearly 20 years later. He went to win two games, receive his own statue for his miraculous return. His disappearance is still mystery although his UFO obsessed parents believe that it was due to aliens, partially because he doesn't remember what happened to him in the last 20 years and how he hasn't aged a day.",Main Universe,Humans,Outer World,,
Chapter 3 (Humans),Viviana Owens,viviana-owens,,Individual,published,"Title: Mother of Samuel Owens

Mother of Samuel Owens, captured by the Army of Chaos",Main Universe,Humans,Elite Force,,
Chapter 3 (Humans),Atticus Strong,atticus-strong,,Individual,published,"Title: Inventor

A scientist and father to Kia Strong (also known as Soundcage), his company has since created several experiments that has turned out evil, he left the company after finding out exactly what they were up to. The company is the same company that caused several mutated experiments that often fights the team Waveform.",Main Universe,Humans,,,
Chapter 3 (Humans),Andreas Bowen,andreas-bowen,,Individual,published,"Hispanic man that often speaks his language when hes in danger, he is a comic relief that has little courage when faced with a fight. He appears at various times throughout many character battles and missions, almost at instant random moments.",Main Universe,Humans,,,
Chapter 3 (Humans),Aeliana D’strange,aeliana-dstrange,,Individual,published,She was born into slavery and appeared to Dustin in one of his visions as someone that passed away almost two hundred years ago.,Main Universe,Humans,Lifestyle,,
Chapter 3 (Humans),Ace Richardson,ace-richardson,,Individual,published,"Title: Kylie Lazaron’s love interest

The boy that Kylie saved when she was in her final year of school. She fell in love with him and they briefly dated into their first year of college until he found out who she was and started spreading rumors about her around campus.",Main Universe,Humans,Spell Reign,,
Chapter 3 (Humans),Abelia Cast,abelia-cast,,Individual,published,"Title: ex-wife to Magnus & mother of Marcellus

Ex-wife to Magnus and mother to Marcellus, she appeared as a faithful wife with no wrongdoings, however her appearance is how she managed to stay with wealth. She was called the Whore of Lostazia. From her she gave birth to several children, all of which were later murdered because of them being born out of wedlock. She contracted several diseases in her time and even gave scabies to her husband. She was murdered by him after he found out of her betrayal, he died days later.",Main Universe,Humans,Lifestyle,,
Chapter 3 (Humans),Antonius Mugana,antonius-mugana,,Individual,published,"Title: Legacy Fighter Mechanic

One of the Legacy Fighters that uses his mechanic skills to build very powerful vehicles and weaponry for his team.",Main Universe,Humans,Afterworld,,
Chapter 3 (Humans),Apollos Riverdan,apollos-riverdan,,Individual,published,"Title: Legacy Fighter & Destroyers opposer

A rebellious fighter who opposes both the Legacy Fighters & Legacy Destroyers, he has advance technology that he uses to fight his opponents.",Main Universe,Humans,Afterworld,,
Chapter 3 (Humans),Axel Bucanen,axel-bucanen,,Individual,published,"Title: Freedom Rider

Freedom Rider and father to Valentina Bucanen, as member and leader of the Freedom Rider, Axel uses old world weapons fight his enemies.",Main Universe,Humans,Afterworld,,
Chapter 3 (Humans),Caius Reings,caius-reings,,Individual,published,"Title: Legacy Fighter

One of the Legacy Fighters, he uses his technology enhanced speed to defeat his opponents.",Main Universe,Humans,Afterworld,,
Chapter 3 (Humans),Isabella Richardson,isabella-richardson,,Individual,published,"Title: Freedom Fighter

Scientist and member of the Freedom Fighters current generation. She is the rational thinker of the group and the calm one in the face of danger.",Main Universe,Humans,Afterworld,,
Chapter 3 (Humans),Jack Spindle,jack-spindle,,Individual,published,"Title: Leader of the Legacy Fighters

Leader of the Legacy Fighters and main antagonists to the Freedom Fighters. He is the love interest to Valentia, his fellow team member.",Main Universe,Humans,Afterworld,,
Chapter 3 (Humans),Jesse Peterson,jesse-peterson,,Individual,published,"Title: Ally of the Legacy Fighters

Handsome man with military experience, he uses his rash thinking to fight any enemy, along with Jack and Caius he leads the group of Legacy Fighters on missions.",Main Universe,Humans,Afterworld,,
Chapter 3 (Humans),Marius Rempul,marius-rempul,,Individual,published,"Title: Legacy Destroyer

One of the many Legacy Destroyers, he is also the youngest of the team.",Main Universe,Humans,Afterworld,,
Chapter 3 (Humans),Maximus Am,maximus-am,,Individual,published,"Title: Legacy Fighter

One of the Legacy Fighters and often compared enemy to Quintus Olmgrude.",Main Universe,Humans,Afterworld,,
Chapter 3 (Humans),Primus Rage,primus-rage,,Individual,published,"Main antagonists to the Legacy Fighters, he rules the Eastern and Southern parts of Legacy City with an iron fist. He is commander of the Legacy Destroyers.",Main Universe,Humans,Afterworld,,
Chapter 3 (Humans),Quintia,quintia,,Individual,published,"Title: Legacy Destroyer

Skilled arsonist that loves fire and burning stuff down. She is ally of Quintus.",Main Universe,Humans,Afterworld,,
Chapter 3 (Humans),Quintus Olmgrude,quintus-olmgrude,,Individual,published,"Title: Legacy Destroyer

One of the strongest Legacy Destroyers, he is a big guy with technology advanced muscles and strength.",Main Universe,Humans,Afterworld,,
Chapter 3 (Humans),Tatiana,tatiana,,Individual,published,"Title: former Freedom Fighter

Originally one of the Freedom Riders until she had a daughter.",Main Universe,Humans,Afterworld,,
Chapter 3 (Humans),Valentina Bucanen,valentina-bucanen,,Individual,published,"Title: Legacy Fighter

Daughter of the Freedom Rider, she is a member of the Legacy Fighters. She betrayed her people and her father because she fell in love with Jack Spindle.",Main Universe,Humans,Afterworld,,
Chapter 3 (Humans),Tony Eriksson,tony-eriksson,,Individual,published,"Title: Main Character

Tony is one of the few million humans that can see the supernatural world. When his fiancé’ and him moved to a new neighborhood to escape from the big city. He starts to experience strange things, yet no one believes him.",Main Universe,Humans,Lifestyle,,
Chapter 3 (Humans),Nick Briggs - Eriksson,nick-briggs-eriksson,,Individual,published,"Title: Main Character

Nick is a kind, honest, and avid surfer that loves Tony since they first met. The two moves to a small suburban town to escape the busy life of the big city. He is unaware of the supernatural forces within this new place.",Main Universe,Humans,Lifestyle,,
Chapter 3 (Humans),Jolie Michaelson,jolie-michaelson,,Individual,published,"Title: Main Character

One of the neighbors of Tony and Nick. She is nosey and one of the few residents that can see and hear the supernatural forces in the neighborhood. She becomes Tony close friend and often fellow spy on the neighbors.",Main Universe,Humans,Lifestyle,,
Chapter 3 (Humans),Natalie Jones,natalie-jones,,Individual,published,"Title: Resident of Brettwood

Former military brat and chief officer, Natalie moved to Brettwood with her wife to better handle her PTSD. She is smart, loud, and one of the few residents of Brettwood that can hear (although she can’t see) the supernatural world.",Main Universe,Humans,Lifestyle,,
Chapter 3 (Humans),Jessica Kims,jessica-kims,,Individual,published,"Title: Resident of Brettwood

Wife to Natalie and unaware of what is happening in Brettwood. She is a fitness trainer and avid foodie.",Main Universe,Humans,Lifestyle,,
Chapter 3 (Humans),Anthony Brimwood,anthony-brimwood,,Individual,published,"Title: Resident of Brettwood & ghost

A ghost that appears as a resident of Brettwood, he is unaware that he is dead, although only a few residents including Tony can see and hear him. He is married to James who can’t see him but can still smell his cologne.",Main Universe,Humans,Lifestyle,,
Chapter 3 (Humans),James O’Donnell,james-odonnell,,Individual,published,"Title: Resident of Brettwood

James is a lawyer and cousin of Julia Capulet from Roman & Julia story. He lost his husband Anthony is a skiing accident and although he can smell Anthony’s cologne, he is unaware that Anthony is still around him. James can smell the dead in the original scents, something he doesn’t discover until Anthony moves on in the Chapter 4 series finale.",Main Universe,Humans,Lifestyle,,
Chapter 3 (Humans),Casius “Cas” Vincent,casius-cas-vincent,,Individual,published,"Title: Resident of Brettwood

Former model and sexist that lives in Brettwood, he is often seen as a comic relief and is admire because of his looks by his neighbors. He is unaware of the supernatural activity in the neighborhood.",Main Universe,Humans,Lifestyle,,
Chapter 3 (Humans),Mach Townsend,mach-townsend,,Individual,published,"Title: Resident of Brettwood

Mack moved to Brettwood in hopes to unlock its mysterious supernatural activity. He is a self-declared ghost hunter. Although, he can’t interact with the supernatural world directly, he built equipment that allows him to see and hear them. That is when the equipment works which is rarely.",Main Universe,Humans,Lifestyle,,
Chapter 3 (Humans),Roman Montague,roman-montague,,Individual,published,"Title: Main Character

A smart, dashing, and previously wealthy young man who like his family are new to the world of poverty. He dreams and works to become a successful surgeon like his father. He falls in love with Julia almost instantly when his family is forced to downsize and move into a duplex.",Main Universe,Humans,Roman & Julia,,
Chapter 3 (Humans),Julia Capulet,julia-capulet,,Individual,published,"Title: Main Character

Beautiful, strong willed, and destined to be someone great. Julia dreams of becoming a successful lawyer one day. She instantly fell in love with Roman when his family moved into her duplex.",Main Universe,Humans,Roman & Julia,,
Chapter 3 (Humans),Paul Capulet,paul-capulet,,Individual,published,"Title: Father of Julia

Matriarch of the Capulet family and primary bread winner. When he died, it left the family in debt after it was discovered that he owed a lot of money to various gangs, corporations, and schemes he hatched to get the family through hard times. Natasha met him one night while working at a diner and the two fell instantly in love.",Main Universe,Humans,Roman & Julia,,
Chapter 3 (Humans),Natasha “Nat” Capulet,natasha-nat-capulet,,Individual,published,"Title: Mother of Julia

A levelheaded and honest woman that would do anything for her family. When her husband Paul died, she was left with her children and had to work odd jobs to make money. She is furious over Roman killing Michael and during Chapter 4 attempts to have Julia’s old boyfriend Paris to fight him. This is quickly resolved after Roman saves Julia from being robbed at gunpoint.",Main Universe,Humans,Roman & Julia,,
Chapter 3 (Humans),Michael Tybalt York,michael-tybalt-york,,Individual,published,"Title: Julia’s cousin

Cousin to Julia Capulet and rival to Roman for most of Chapter 3. He is killed by mistake by Roman when Michael kills Roman’s friend Marcus “Mercutio”.",Main Universe,Humans,Roman & Julia,,
Chapter 3 (Humans),Patricia Hyewood,patricia-hyewood,,Individual,published,"Title: Nurse

Patricia is Natasha Capulet close friend and the one that she comes to during her divorce from Paul Capulet. She is kind, loving, and helps the family with medical things when they are unable to afford it. In Chapter 3 of Roman & Julia, she leaves for Seattle to become a resident nurse.",Main Universe,Humans,Roman & Julia,,
Chapter 3 (Humans),Peter Holder,peter-holder,,Individual,published,"Title: Patricia Hyewood’s assistant

Peter is Patricia’s loyal, yet shy assistant that helps around the clinic. He is secretly in love with her, although she sees him as a little brother. He leaves in Chapter 3 when he confesses his love for Patricia, of which she doesn’t return the affection and moves to Seattle.",Main Universe,Humans,Roman & Julia,,
Chapter 3 (Humans),Gregory Lovell,gregory-lovell,,Individual,published,"Title: Michael Capulet’s bestfriend

Friend to Michael and Sampson. Gregory suffers from bi-polar although he keeps it from his friends. He leaves in Chapter 2 after it becomes to much for him, and he leaves to get help.",Main Universe,Humans,Roman & Julia,,
Chapter 3 (Humans),Sampson Warwick,sampson-warwick,,Individual,published,"Title: Michael Capulet’s bestfriend

Quick to get into a fight, Sampson is relatively strong and is an avid gamer. He was once the school bully when he was younger but has grown into an honest young man. He has a crush on Julia Capulet. He moves away for school in Chapter 2.",Main Universe,Humans,Roman & Julia,,
Chapter 3 (Humans),Antonio Montague,antonio-montague,,Individual,published,"Title: Father of Roman

Similar in stature and appearance as his son Roman, Antonio was a successful surgeon and was rich. His family lived in a large mansion on the cost of NYC. He was presumed dead which left the family in shambles. Being left out of the will, it was discovered in Chapter 3, that he is alive and gay and lives a luxurious life with his boyfriend in Spain.",Main Universe,Humans,Roman & Julia,,
Chapter 3 (Humans),Benvolio “Ben” Robinson,benvolio-ben-robinson,,Individual,published,"Title: Cousin of Roman

Loyal friend and cousin of Roman, while Roman is usually depicted as a naïve person, Ben is smart and cautious. He lives with his family in an estate that is often seen as a gateway for an often youthful Roman in their teens.",Main Universe,Humans,Roman & Julia,,
Chapter 3 (Humans),Balthasar Skinner,balthasar-skinner,,Individual,published,"Title: Roman’s friend

Balthasar is a close friend to Roman and once his childhood caretaker. He is Roman’s age and is usually the one that bailed him out of trouble. He visits through Chapter 4 as Roman’s friend and close confidant.",Main Universe,Humans,Roman & Julia,,
Chapter 3 (Humans),Abram Jefferson,abram-jefferson,,Individual,published,"Title: background character

Abram appears in Chapter 2 in a fight with Gregory and Sampson. He is often a background character throughout Chapter 1 & Chapter 2 of Roman & Julia story.",Main Universe,Humans,Roman & Julia,,
Chapter 3 (Humans),Anthony Capulet,anthony-capulet,,Individual,published,"Title: younger brother to Julia

Anthony is younger brother to Julia and is very close to his mother Natasha. He is sent to camp at the end of Chapter 1 and appears briefly throughout Chapter 2.",Main Universe,Humans,Roman & Julia,,
Chapter 3 (Humans),Benjamin “Potpan” Capulet,benjamin-potpan-capulet,,Individual,published,"Title: older brother of Julia

Benjamin is older brother to Julia and is distant from his family after he moves out prior to the story. He makes frequent appearances throughout Chapter 1, 2, and 3. He appears again in Chapter 5 for the marriage of Roman & Julia. He gets the nickname Potpan because he used to wet the bed which only Julia and Natasha know why he has that name.",Main Universe,Humans,Roman & Julia,,
Chapter 3 (Humans),Frank Capulet,frank-capulet,,Individual,published,"Title: Paul Capulet’s father

Paul’s father and Natasha’s father-in-law that appears throughout Chapter 1 until he dies in the final episode of the story. He is kind, always has fatherly advice, and admires his grandchildren and daughter in law Natasha.",Main Universe,Humans,Roman & Julia,,
Chapter 3 (Humans),Esmeralda Montague,esmeralda-montague,,Individual,published,"Title: Mother of Roman

Esmeralda is a beautiful stay at home mother and former model. She lost everything when her husband left the family through faking his death. She moves the family to a home which she thought was all theirs until she discovers that it’s shared with another family. She is mostly ignorant to poverty life and often must be reminded that she isn’t rich anymore. Throughout Chapter 1, 2, & 3 she tries to become rich again through various schemes and reviving her modeling career.",Main Universe,Humans,Roman & Julia,,
Chapter 3 (Humans),Friar Lawrence,friar-lawrence,,Individual,published,"Title: Mentor of Roman

Friar is close friend to Esmeralda and mentor to her children when they were young. He moves to Ireland shortly after Chapter 1 ends. He isn’t seen again until Chapter 5 for Roman & Julia’s wedding.",Main Universe,Humans,Roman & Julia,,
Chapter 3 (Humans),John Lawrence,john-lawrence,,Individual,published,"Title: Friar’s brother

John is Friar’s brother that died in episode 5 during a backstory that saw Friar Lawrence first meeting with the Montague family. He was a proud man that cared deeply for others.",Main Universe,Humans,Roman & Julia,,
Chapter 3 (Humans),Jimmy Madison,jimmy-madison,,Individual,published,"Title: Apothecary throughout season 4 & 5

Jimmy Madison is an apothecary that poisoned Roman during Season 5, causing Roman to be hospitalized. He was arrested and later died in prison, while Roman recovered.",Main Universe,Humans,Roman & Julia,,
Chapter 3 (Humans),Watchmen,watchmen,,Individual,published,"Title: Secret Military unit

Watchmen a secret organization that appears in Chapter 5 and sets up the Roman & Julia spinoff Verona. They are usually seen as an intelligence agency with dark secrets. Julia searches for answers about them which leads to her death in the series finale of Chapter 5.",Main Universe,Humans,Roman & Julia,,
Chapter 3 (Humans),Rosaline Tedesco,rosaline-tedesco,,Individual,published,"Title: Roman’s old love interest & lead of Verona spinoff, detective, and spy

Rosaline was once the love interest to Roman before he moved and met Julia. She is first seen as impatient and then later returns in Chapter 5 as the lead character in the spinoff Verona. She is now a detective and spy with fighting skills and leads a double life. Her primary objective is to study the cases surrounding the Watchmen.",Main Universe,Humans,Verona; Roman & Julia,,
Chapter 3 (Humans),Derrick Petruchio,derrick-petruchio,,Individual,published,"Title: Rosaline’s friend and trainer

Derrick Petruchio is an Italian dancer and friend of Rosaline that often assists on her fight against the Watchmen. He is a skilled fighter and former wrestler.",Main Universe,Humans,Verona,,
Chapter 3 (Humans),Valentine Rose,valentine-rose,,Individual,published,"Title: Leader of the Watchmen

Valentine is the leader of the Watchmen and love interest of Rosaline. At first, he starts a job at Rosaline’s precinct to watch her and learn everything she knows about his organization. Later he develops feelings for her until she finds out who really is.",Main Universe,Humans,Verona,,
Chapter 3 (Humans),Marcus Mercutio McEnery,marcus-mercutio-mcenery,,Individual,published,"Title: Technical Engineer and friend to Rosaline

He appears in Chapter 1 of Roman & Julia as friend to Roman but appears in the spinoff Verona as friend to Rosaline and her close confidant. He is a technical engineer and speaks numerous languages.",Main Universe,Humans,Verona; Roman & Julia,,
Chapter 3 (Humans),Paris Franks,paris-franks,,Individual,published,"Title: Member of Watchmen & former love interest of Julia

Old friend of Julia and her previous love interest before Roman. He left in Chapter 1 after she confessed her love to Roman. He returned in the spinoff Verona as a member of the Watchmen.",Main Universe,Humans,Verona; Roman & Julia,,
Chapter 3 (Humans),Robert Curtis Stephens,robert-curtis-stephens,,Individual,published,"Title: Mayor of Verona

Robert is the mayor of Verona and is aware of the Watchmen and wants them out. He works secretly with Rosaline and her unit to provide them financial support.",Main Universe,Humans,Verona; Roman & Julia,,
Chapter 3 (Humans),Samuel Page,samuel-page,,Individual,published,"Title: Member of Watchmen

Samuel Page is friend and fellow member of Watchmen with Paris Franks. He is stubborn and slow to act to issues, but nonetheless very loyal to his friends and has a strong work ethic.",Main Universe,Humans,Verona,,
Chapter 3 (Humans),Marcus Davis,marcus-davis,,Individual,published,"Once ex-convict that helped save several people from the attack of the undead during the Dead Rises Saga. From this he became one of the stronger allies in the fight against the undead, although he had no abilities, he manages to survive the fight although almost all of his fellow team members were killed while trying to find a place without the undead rising.",Main Universe,Humans,Rise of the Dead,,
Chapter 3 (Humans),Betty Boop,betty-boop,,Individual,published,"Title: Main Character

Betty dreams of her chance at stardom on the stage. Through shenanigans, Betty often gets into situations just to become a broadway actress and singer. One day she meets a man that promises her a life of stardom and she takes it. Betty is a flapper girl with a big heart and because of her innocence of mind, she is often taken advantage of and dismisses serious situations.",Main Universe,Humans,Betty Boop,,
Chapter 3 (Humans),Fitz Bimbo Murray,fitz-bimbo-murray,,Individual,published,"Title: Betty Boop’s friend and assistant

Fitz Bimbo Murray “Bimbo” is Betty’s love interest and fiercely protective of her and her passions. He isn’t the brightest but has a lot of heart. He dances very well and usually joins Betty both on stage and during her adventures looking for stardom.",Main Universe,Humans,Betty Boop,,
Chapter 3 (Humans),Gus “KoKo” Fleischer,gus-koko-fleischer,,Individual,published,"Title: Clown

Friend of Betty, Gus “KoKo” Fleischer was a proud clown that would join Betty on her adventures into becoming a starlight. He was a comedic person that loved to create parties for kids and those who attends Betty’s shows.",Main Universe,Humans,Betty Boop,,
Chapter 3 (Humans),William “Popeye” Jack,william-popeye-jack,,Individual,published,"Title: Sailor& Main Character

William “Popeye” Jack was a sailor that travelled the seven seas in search of adventure. He was always attempting to prove himself as the strongest person. His enemy and in some stories friend, Bluto would often run into him on their many adventures. His love interest is Olive Oyl.",Main Universe,Humans,Betty Boop,,
Chapter 3 (Humans),Olive Oyl,olive-oyl,,Individual,published,"Title: Popeye’s love interest

Love interest of Popeye, Olive is a stern and levelheaded woman that loves with all her heart. She fell in love with Popeye because although he is brute and looks constantly for fights with others to determine his strength. He has a heart of gold.",Main Universe,Humans,Betty Boop,,
Chapter 3 (Humans),Bluto,bluto,,Individual,published,"Title: Popeye’s archenemy

Bluto is a stereotypical pirate that roams the seven seas in search of adventure and treasure. He often butts heads with Popeye and attempts to attract Olive. He is exceptionally strong and he believes he is the descendant to Black Beard the pirate.",Main Universe,Humans,Betty Boop,,
Chapter 3 (Humans),Edward Teach “Blackbeard”,edward-teach-blackbeard,,Individual,published,"Title: Popeye’s enemy

Blackbeard “Edward Teach” was a famous pirate that sailed and conquered the seven seas. His legend was grand, and he often fought with other pirates including his own crew. He discovered the Lost Mountain where it was believed to be the doorway to the Black Forest.",Main Universe,Humans,Betty Boop; Seven Seas,,
Chapter 3 (Humans),Peter Pan,peter-pan,,Individual,published,"Title: Half Fairy, Half Human

A smart and adventurous boy that discovers fairy dust. He travels between the Lost Mountain, Black Forest, and other parts of the human world to find others that he feels is lost like himself. He is unaware of his fairy ancestry although he can fly and use fairy magic quite easily. He makes his appearance in Fairies and is mentioned briefly in the Lazarons story by Kain Lazaron.",Main Universe,Humans,Seven Seas; Fairies,,
Chapter 3 (Humans),Lost Boys,lost-boys,,Individual,published,"Title: Residents of Lost Mountain

Lost Boys are a crew of a hundred strong lost children that Peter took to the Lost Mountain to become their home. On the island the crew are strong, immortal, and wants for nothing but fighting and singing. They vary greatly and are usually seen taking Peter’s orders as they look to him as their leader.",Main Universe,Humans,Seven Seas; Fairies,,
Chapter 4 (Angels),Abbadon,abbadon,,Angel,published,Also considered a Belki to the Elitshians because of his later betrayal to Seraphina.,Main Universe,Angels,,,
Chapter 4 (Angels),Abymael,abymael,,Angel,published,"One of the eldest of angels, he help create thunderbolts and provided a large scale of them to GOD to experiment with creating weather.",Main Universe,Angels,,,
Chapter 4 (Angels),Adriel,adriel,,Angel,published,Angel of the Sea. He is the Father over the first ocean that is located at the western edge of Heaven. From it flows all the waters of every known aquatic place in existence.,Main Universe,Angels,,,
Chapter 4 (Angels),Ahriman,ahriman,,Angel,published,"Note: Zoroastrianism

The two headed angel that can blow ice and fire from its heads. It is a gentle being that only arouses when it is confronted from a direction it can’t see.",Main Universe,Angels,,,
Chapter 4 (Angels),Ambriel,ambriel,,Angel,published,A beautiful angel with long golden hair that makes the stardust of the stars. She is short and slender and has over a million children. Everyone becoming the stars of the sky. Her youngest children are the most popular the zodiacs of the western world.,Main Universe,Angels,,,
Chapter 4 (Angels),Amesha Spenta,amesha-spenta,,Angel,published,"Note: Zoroastrianism

A dark skinned angel that uses her rough hair to blow wind across the skies of Heaven. She is smart thinking and quick witted. She laughs and plays the harp amongst GOD’s choir.",Main Universe,Angels,,,
Chapter 4 (Angels),Angelica,angelica,,Angel,published,The Angel of Trust. She is loud and speaks only the truth. She once sat at the foot of GOD speaking only the truth to the young creation. She now watches over his words and speaks to others using his words.,Main Universe,Angels,,,
Chapter 4 (Angels),Angelina,angelina,,Angel,published,Angelica’s sister. She is prideful and possesses the Sword of Heaven which unlocks strong powers that she used to help the Arch Angels defend Heaven against Santaniel. She has warrior armor made of pure light and flashes across the night sky carrying the world’s light.,Main Universe,Angels,,,
Chapter 4 (Angels),Anura,anura,,Angel,published,"Mother to Miada and inspiration behind the school of the same name, her picture is shown on nearly every hall throughout Anura",Main Universe,Angels,,,
Chapter 4 (Angels),Arariel,arariel,,Angel,published,"Note: Jewish mythology

He created the temples on Earth that honors the angels of Heaven. His creations were later remodeled in the same honor.",Main Universe,Angels,,,
Chapter 4 (Angels),Archangels,archangels,,Angel,published,Powerful angels that are suited to fight and kill demons. They are responsible for defeating Santaniel.,Main Universe,Angels,,,
Chapter 4 (Angels),Ariel,ariel,,Angel,published,The fish like angel that rides a chariot made of scales and harden shells. She is blissful and speaks in hymms. Her hair is the water of which the angels drink.,Main Universe,Angels,,,
Chapter 4 (Angels),Azazel,azazel,,Angel,published,"Spy, that played the role of a demon in hopes to find out what Santaniel was doing once his was banished to Hell.",Main Universe,Angels,,,
Chapter 4 (Angels),Azrael,azrael,,Angel,published,Angel of Death. His primordial existence is hinted that he may have existed before the Ultimate One and before Anka (the primordial Chaos that birthed the Ultimate One). He descends from the Previous World.,Main Universe,Angels,,,
Chapter 4 (Angels),Barachiel,barachiel,,Angel,published,Blacksmith of Heaven. He created the Arch Angels weapons and their armor and forged many great weapons including the Throne of GOD.,Main Universe,Angels,,,
Chapter 4 (Angels),Bene Elohim,bene-elohim,,Angel,published,A grave watcher. He is an angel that was sent to Earth to watch over cemeteries making sure that the dead wasn’t disturbed.,Main Universe,Angels,,,
Chapter 4 (Angels),Cael,cael,,Angel,published,"The ancient angel that took out his own heart to give to GOD as an offering for disobeying his orders to remain in Heaven before Santaniel’s attack. GOD forgave him resulting in his heart being placed back in its place, however he was never seen after this.",Main Universe,Angels,,,
Chapter 4 (Angels),Camael Chamuel,camael-chamuel,Kemuel,Angel,published,The dog like being that protects the Gates of Prayers found in Lower Heaven. It’s a massive beasts with wings and 10 legs.,Main Universe,Angels,,,
Chapter 4 (Angels),Cassiel,cassiel,,Angel,published,A angel with direct contact with humans.,Main Universe,Angels,,,
Chapter 4 (Angels),Cherub,cherub,Cherubim,Angel,published,"A powerful angel that protected the Throne of GOD from Santaniel. They can become one to become the Cherubim. Separately, they follow Jessana early on allowing others to follow in love using their magical arrows.",Main Universe,Angels,,,
Chapter 4 (Angels),Dara,dara,,Angel,published,"An angel of Heaven, she has white hair and small white wings",Main Universe,Angels,,,
Chapter 4 (Angels),Darda'I,dardai,,Angel,published,An angel of Heaven with brown hair and white eyes,Main Universe,Angels,,,
Chapter 4 (Angels),Dina,dina,,Angel,published,"Wife of Yonrohs, she left him during his youth so that he could create the gods and in return could create the world and everything in it upon GODs decree. She watched over him from a distance and along with his mother, Seraphina, welcomed him to Heaven upon his death.",Main Universe,Angels,,,
Chapter 4 (Angels),Dominions,dominions,Kyriotetes,Angel,published,"Mischief angels that guarded Heaven during the attack of the fallen angels. They are many and have appeared throughout many stories as powerful angels that will fight with a fiery roar and triumphed in all of their battles. They are a legion of almost 2,206 angels all chained togethered.",Main Universe,Angels,,,
Chapter 4 (Angels),Dumah,dumah,,Angel,published,An angel that has direct contact with humans.,Main Universe,Angels,,,
Chapter 4 (Angels),Eremiel,eremiel,,Angel,published,An angel that takes care of the supernatural creatures of Heaven.,Main Universe,Angels,,,
Chapter 4 (Angels),Evangeline,evangeline,,Angel,published,The beautiful angel that makes constant contact with the supernatural world.,Main Universe,Angels,,,
Chapter 4 (Angels),Gabriel,gabriel,,Angel,published,An Arch angel that takes the form of a man and woman that has blue hair and blue armor. He is a distant warrior that will fight to the death and charges into battle with his massive Hammer of Justice.,Main Universe,Angels,,,
Chapter 4 (Angels),Gabriel,gabriel-angel,Jibril,Angel,published,"The female form of Gabriel. She has long purple hair and purple armor. Sometimes they appear together however, for the most part they appear away from each other. They were told by higher angels to keep their distance because of their intense connection that can upset the balance of justice.",Main Universe,Angels,,,
Chapter 4 (Angels),Gadreel,gadreel,,Angel,published,"The unhappy angel that was placed to guard the Garden of Eden. When Santaniel sneaked into the garden, he was punished and banished from Heaven in return.",Main Universe,Angels,,,
Chapter 4 (Angels),Gagiel,gagiel,,Angel,published,"Note: Angel of Fishermen

The boatsmith that roams the Sea of Life that exists between all things. He lives somewhere in the Ocean of Life.",Main Universe,Angels,,,
Chapter 4 (Angels),Grigori,grigori,Watchers,Angel,published,"The ever watching beings that sit at the edge of Heaven watching over all things. They are seen with many eyes, vast array of powers, and large heads.",Main Universe,Angels,,,
Chapter 4 (Angels),Hadraniel,hadraniel,,Angel,published,The Angel of Love. She possesses near omnipresence in which she uses to send love across all domains. Her powers are later transcended to Jessana upon her birth.,Main Universe,Angels,,,
Chapter 4 (Angels),Hamalat al-Arsh,hamalat-al-arsh,,Angel,published,A centaur like angel that shoots glowing bows and arrows to give stars their glowing nature.,Main Universe,Angels,,,
Chapter 4 (Angels),Haniel,haniel,,Angel,published,Responsible for creating the Fountain of Holy Water.,Main Universe,Angels,,,
Chapter 4 (Angels),Harut,harut,,Angel,published,Responsible for building many structures found in Heaven.,Main Universe,Angels,,,
Chapter 4 (Angels),Hesediel,hesediel,,Angel,published,The angel responsible for building many of the structures found in Heaven.,Main Universe,Angels,,,
Chapter 4 (Angels),Israfel,israfel,,Angel,published,"Note: also written Israfil

An elder angel that assisted in created the scrolls on which the words of GOD are written.",Main Universe,Angels,,,
Chapter 4 (Angels),Javan,javan,,Angel,published,An angel that assisted in brewing Holy Water for the Fountain of Holy Water.,Main Universe,Angels,,,
Chapter 4 (Angels),Jegudiel,jegudiel,,Angel,published,One of the angels of Death that mostly appears in the Southern part of the world.,Main Universe,Angels,,,
Chapter 4 (Angels),Jehoel,jehoel,,Angel,published,A guardian angel that guards and guides mostly artists and musicians.,Main Universe,Angels,,,
Chapter 4 (Angels),Jequn,jequn,,Angel,published,A guardian angel that guides and guards mostly children. He helps them create other guides in the forms of Imaginary Friends.,Main Universe,Angels,,,
Chapter 4 (Angels),Jerahmeel,jerahmeel,,Angel,published,A guardian angel that mostly visits the middle east.,Main Universe,Angels,,,
Chapter 4 (Angels),John,john,,Angel,published,A follower of Jesus Christ that was turned to an angel upon his arrival in Heaven. He sometimes visits Earth to maintain the legends of his previous history on Earth.,Main Universe,Angels,,,
Chapter 4 (Angels),Jophiel,jophiel,,Angel,published,A elder angel that watches over the Fountain of Holy Water.,Main Universe,Angels,,,
Chapter 4 (Angels),Kasdeja,kasdeja,,Angel,published,A guardian angel,Main Universe,Angels,,,
Chapter 4 (Angels),Kemuel,kemuel,,Angel,published,A guardian angel,Main Universe,Angels,,,
Chapter 4 (Angels),Kiraman Katibin,kiraman-katibin,,Angel,published,"A guardian angel, he has three forms, all of which are men of different races, different attitudes, and different age groups.",Main Universe,Angels,,,
Chapter 4 (Angels),Kosmiel,kosmiel,,Angel,published,He attends the home of the Cherubs. Often can be seen laughing with them in paintings.,Main Universe,Angels,,,
Chapter 4 (Angels),Kushiel,kushiel,,Angel,published,The gardener of Heaven’s most beautiful landscapes.,Main Universe,Angels,,,
Chapter 4 (Angels),Laila,laila,,Angel,published,A beautiful angel that was slain in battle protecting Michael in the war against the fallen angels.,Main Universe,Angels,,,
Chapter 4 (Angels),Leliel,leliel,,Angel,published,A soldier in Heaven’s army.,Main Universe,Angels,,,
Chapter 4 (Angels),Lucifer,lucifer,,Angel,published,"Unlike legends speak, he was not of Santaniel later story. However, Lucifer was the beautiful and eldest of all angels. His name meant the bringer of light of which he was associated with as to bring forth the sun across Heaven. He resided next to GOD standing tall next to him at the Throne of Glory in Araboth.",Main Universe,Angels,,,
Chapter 4 (Angels),Maalik,maalik,,Angel,published,"A soldier in Heaven’s army, he was killed in the war against the fallen angels.",Main Universe,Angels,,,
Chapter 4 (Angels),Malik,malik,,Angel,published,A strong armed angel and soldier,Main Universe,Angels,,,
Chapter 4 (Angels),Marut,marut,,Angel,published,Guardian of the Tree of Life found in the Garden of Eden.,Main Universe,Angels,,,
Chapter 4 (Angels),Metatron,metatron,,Angel,published,The writer and translator of GODs words.,Main Universe,Angels,,,
Chapter 4 (Angels),Michael,michael,,Angel,published,Original holder of the Key of Humanity and Arch Angel. He governs Maon and is one of GODs first angels.,Main Universe,Angels,,,
Chapter 4 (Angels),Mikhail,mikhail,,Angel,published,"A nature angel, she helped plant the trees and flowers found in the Garden of Eden.",Main Universe,Angels,,,
Chapter 4 (Angels),Moroni,moroni,,Angel,published,A nature angel that planted the first tree in the Garden of Eden and later provided the apples that was forbidden to eat as a test by GOD to Adam and Eve.,Main Universe,Angels,,,
Chapter 4 (Angels),Mu’aqqibat,muaqqibat,,Angel,published,A vampiric angel that resides in the night. It appears to keep demons at bay from those that worship GOD.,Main Universe,Angels,,,
Chapter 4 (Angels),Munkar,munkar,,Angel,published,A spirit angel that resides in Eternity.,Main Universe,Angels,,,
Chapter 4 (Angels),Muriel,muriel,,Angel,published,A water angel,Main Universe,Angels,,,
Chapter 4 (Angels),Nakir,nakir,,Angel,published,A warrior angel,Main Universe,Angels,,,
Chapter 4 (Angels),Nuriel,nuriel,,Angel,published,A 300 foot tall angel that leads of myriad of angels all made from water and fire.,Main Universe,Angels,,,
Chapter 4 (Angels),Ophan,ophan,Ophanim,Angel,published,50 angels that are made up of fire and water.,Main Universe,Angels,,,
Chapter 4 (Angels),Orifiel,orifiel,,Angel,published,A water angel,Main Universe,Angels,,,
Chapter 4 (Angels),Pahaliah,pahaliah,,Angel,published,A angel that watches over the spirit world.,Main Universe,Angels,,,
Chapter 4 (Angels),Penemue,penemue,,Angel,published,A smoke like angel that speaks in fluent Russian,Main Universe,Angels,,,
Chapter 4 (Angels),Peter,peter,,Angel,published,A fire angel,Main Universe,Angels,,,
Chapter 4 (Angels),Song-Uttering Choirs,song-uttering-choirs,,Angel,published,A leading choir that sings the gospels of Heaven. They are the 100 or so angels that over 67 has musical instruments.  They consist of,Main Universe,Angels,,,
Chapter 4 (Angels),Shalishim,shalishim,,Angel,published,"The Captains, the Adjutants",Main Universe,Angels,,,
Chapter 4 (Angels),Prashim,prashim,,Angel,published,The horsemen,Main Universe,Angels,,,
Chapter 4 (Angels),Gibborim,gibborim,,Angel,published,"The mighty ones, the champions, the warriors",Main Universe,Angels,,,
Chapter 4 (Angels),Tseba’im,tsebaim,,Angel,published,"The hosts, the multitudes",Main Universe,Angels,,,
Chapter 4 (Angels),Gedudim,gedudim,,Angel,published,"The troops, the raiders",Main Universe,Angels,,,
Chapter 4 (Angels),Memunim,memunim,,Angel,published,"The appointed ones, the deputies",Main Universe,Angels,,,
Chapter 4 (Angels),Sarim,sarim,,Angel,published,"The princes, commanders, chieftains",Main Universe,Angels,,,
Chapter 4 (Angels),Chayalim,chayalim,,Angel,published,"The armies, soldiers",Main Universe,Angels,,,
Chapter 4 (Angels),Mesharethim,mesharethim,,Angel,published,"Servants, the ministers",Main Universe,Angels,,,
Chapter 4 (Angels),Malakhim,malakhim,,Angel,published,"Messengers, the kings",Main Universe,Angels,,,
Chapter 4 (Angels),Degalim,degalim,,Angel,published,The divisions,Main Universe,Angels,,,
Chapter 4 (Angels),Sabalim,sabalim,,Angel,published,The bearers of burdens,Main Universe,Angels,,,
Chapter 4 (Angels),Principalities,principalities,,Angel,published,Angels that help spread the laws of Heaven across the different levels.,Main Universe,Angels,,,
Chapter 4 (Angels),Puriel,puriel,,Angel,published,"The angel of purity, she guides the pure of heart to their respective domains in Heaven.",Main Universe,Angels,,,
Chapter 4 (Angels),Qaphsiel,qaphsiel,,Angel,published,An angel consisting of good and positive energy. He is rarely seen outside of his domain near the Temple.,Main Universe,Angels,,,
Chapter 4 (Angels),Rabia,rabia,,Angel,published,A short angel that can speak and provides the voices to all creatures of existence.,Main Universe,Angels,,,
Chapter 4 (Angels),Rafaela,rafaela,,Angel,published,A saint and the whisperer to many legendary women in human history.,Main Universe,Angels,,,
Chapter 4 (Angels),Raguel,raguel,Azraiel,Angel,published,An Arabic styled angel that resides over the Altar in Maon in Heaven.,Main Universe,Angels,,,
Chapter 4 (Angels),Raphael,raphael,,Angel,published,"An angel of heaven, he has the same name of the Arch Angel. However, his importance is only known because of text that speaks of two Raphael named angels.",Main Universe,Angels,,,
Chapter 4 (Angels),Raphael,raphael-angel,Israfel,Angel,published,An Arch Angel and commander over Raqia with Zachariel. He takes the North and West while Zachariel takes the South and East. Both command the center where the prison of Fallen angels reside.,Main Universe,Angels,,,
Chapter 4 (Angels),Raqib,raqib,,Angel,published,A middle eastern angel that speaks in almost every language ever existed.,Main Universe,Angels,,,
Chapter 4 (Angels),Raziel,raziel,,Angel,published,A sharp tongued angel that is a soldier amongst Ridwan’s army.,Main Universe,Angels,,,
Chapter 4 (Angels),Remiel,remiel,,Angel,published,One of the soldiers of Ridwan’s army.,Main Universe,Angels,,,
Chapter 4 (Angels),Ridwan,ridwan,,Angel,published,A chief that led a small army to Hell to research its layout and spy on Santaniel.,Main Universe,Angels,,,
Chapter 4 (Angels),Sachiel,sachiel,,Angel,published,One of the angels that sings the gospels of Heaven.,Main Universe,Angels,,,
Chapter 4 (Angels),Samael,samael,,Angel,published,The ruler over Makon. He provided the voices to the Song-Uttering Choirs of Heaven.,Main Universe,Angels,,,
Chapter 4 (Angels),Sandalphon,sandalphon,,Angel,published,A greedy angel that eats at darkness. He commands a chariot of stars to drive across the sky eating the darkness.,Main Universe,Angels,,,
Chapter 4 (Angels),Sariel,sariel,,Angel,published,A goat that provides milk to newborn souls to nurse them into existence.,Main Universe,Angels,,,
Chapter 4 (Angels),Selaphiel,selaphiel,,Angel,published,One of the angels that sings the gospels of Heaven.,Main Universe,Angels,,,
Chapter 4 (Angels),Seraph,seraph,Seraphim,Angel,published,"Beautiful angels that are the highest forms of angels. They are direct authority figures that issues out commands to all of Heaven. When their horns are used, a war is imminent.",Main Universe,Angels,,,
Chapter 4 (Angels),Seraphiel,seraphiel,,Angel,published,"Father to Zon, the Prisoner. He fell in love with a demon that help send their son to Earth to evade the war in Heaven. Zon was later reformed to become a great hero that lived for nearly 3,000 years.",Main Universe,Angels,,,
Chapter 4 (Angels),Seraphina,seraphina,,Angel,published,"The beautiful angel that is also mother to Yonrohs, the father of the Gods.",Main Universe,Angels,,,
Chapter 4 (Angels),Shaitaan,shaitaan,,Angel,published,"The monk that while on Earth became so devoted to his cause, was made an angel instantly on his death.",Main Universe,Angels,,,
Chapter 4 (Angels),Shamsiel,shamsiel,,Angel,published,The angel that helps writes down GODs words onto the Heavenly Parchments.,Main Universe,Angels,,,
Chapter 4 (Angels),Simiel,simiel,,Angel,published,The angel that created the first disease at the order of GOD to help wash away evil on Earth.,Main Universe,Angels,,,
Chapter 4 (Angels),Temeluchus,temeluchus,,Angel,published,A spider like angel that provides cures to many diseases on Earth.,Main Universe,Angels,,,
Chapter 4 (Angels),Tennin,tennin,,Angel,published,Angel of sports in Heaven. The word Tennis comes from his name.,Main Universe,Angels,,,
Chapter 4 (Angels),Thrones,thrones,,Angel,published,"Powerful legion of angels that protects Arabol. They are giant angels that possesses heavenly embowed instruments. Their golden armor, heavenly light, and deep thundering voices are said to haunt many of their enemies.",Main Universe,Angels,,,
Chapter 4 (Angels),Tzaphqiel,tzaphqiel,,Angel,published,An angel that guards the prison for fallen angels in Raqia. He is the father to the Celestial Guardian of Raqia.,Main Universe,Angels,,,
Chapter 4 (Angels),Uriel,uriel,,Angel,published,A blinded angel that speaks in the first language forgotten by humans. She is a skilled warrior and was slain in battle against Santaniel.,Main Universe,Angels,,,
Chapter 4 (Angels),Uriel,uriel-angel,,Angel,published,She helps GOD create Eve while her husband Yael helped create Adam.,Main Universe,Angels,,,
Chapter 4 (Angels),Uzziel,uzziel,,Angel,published,A warrior angel that was killed in the battle against Santaniel.,Main Universe,Angels,,,
Chapter 4 (Angels),Virtues,virtues,,Angel,published,Powerful angels that provides authority across the lower levels of Heaven. They are the parents to the High Council and from them comes some orders for the High Council.,Main Universe,Angels,,,
Chapter 4 (Angels),Wormwood,wormwood,,Angel,published,"A worm like angel that can take over the body of another being and through them, it can provide god like powers and the knowledge of Heaven.",Main Universe,Angels,,,
Chapter 4 (Angels),Yael,yael,,Angel,published,He helped GOD create Adam while his wife help creates Eve.,Main Universe,Angels,,,
Chapter 4 (Angels),Yehudiel,yehudiel,,Angel,published,A gifted angel that taught how to speak to humans on creation day.,Main Universe,Angels,,,
Chapter 4 (Angels),Yerachmiel,yerachmiel,,Angel,published,A serpent like angel that speaks in the first language developed on Earth by humans.,Main Universe,Angels,,,
Chapter 4 (Angels),Zabaniyah,zabaniyah,,Angel,published,Guardian angel,Main Universe,Angels,,,
Chapter 4 (Angels),Zachariel,zachariel,,Angel,published,Ruler over the level Raqia. He helped create the prison for fallen angels.,Main Universe,Angels,,,
Chapter 4 (Angels),Zadkiel,zadkiel,,Angel,published,A forbidden angel that was punished for leaking the location of the Garden of Eden to Santaniel.,Main Universe,Angels,,,
Chapter 4 (Angels),Zephon,zephon,,Angel,published,One of the guardians to the prison of fallen angels in Raqia.,Main Universe,Angels,,,
Chapter 4 (Angels),Zophiel,zophiel,,Angel,published,"One of the youngest angels. He was sent to Earth to watch them and learn from them, in hopes to make a better angel by learning from GODs favorite creations.",Main Universe,Angels,,,
Chapter 4 (Angels),Koniel,koniel,,Angel,published,"A dutiful angel that once sat at the right side of GOD’s throne sending his visions down to a select individual. He was considered the King of Oracles and could see into the vast multiverse. Aside from GOD, Koniel had complete omnipotence, omni awareness, and could is even aware of the greater Eden.",Main Universe,Angels,,,
Chapter 4 (Angels),Boshriel,boshriel,,Angel,published,"A powerful angel whose wings are often seen appearing as a flowing dress that could wrap the world twice. Her appearance is very elegant and almost godlike. One of the first original angels created by GOD, Boshriel was the first being next to GOD to experience visions of the future. She was a favorite to The Neither and is referred to as the Queen of Oracles. Boshriel is the ancestor to Koniel and is considered to be a myth.",Main Universe,Angels,,,
Chapter 5 (Demons),Aamon,aamon,Amon,Demon,published,"Creator of Hell, he designed it and built it starting with just one mountain.",Main Universe,Demons,,,
Chapter 5 (Demons),Abaddon,abaddon,,Demon,published,"Leader to the Knights of Hell. She is all powerful and all knowing. She consorted with Belckus before his slumber and thus took over his post as command to the Knights of Hell. Some say that she is as strong if not stronger than his son, Santaniel.",Main Universe,Demons,,,
Chapter 5 (Demons),Abalam,abalam,,Demon,published,Demon soldier to Abaddon.,Main Universe,Demons,,,
Chapter 5 (Demons),Abezethibou,abezethibou,,Demon,published,"Note: Testament of Solomon

Soldier demon of mid-level status.",Main Universe,Demons,,,
Chapter 5 (Demons),Abraxas,abraxas,,Demon,published,"Note: Gnosticism

A soldier demon of mid-level status.",Main Universe,Demons,,,
Chapter 5 (Demons),Abyzou,abyzou,,Demon,published,A lower level demon with four faces,Main Universe,Demons,,,
Chapter 5 (Demons),Ad-Dajjal,ad-dajjal,,Demon,published,A high level demon that stands at the door to Santaniel’s tomb waiting for the final war.,Main Universe,Demons,,,
Chapter 5 (Demons),Adramelech,adramelech,,Demon,published,A war demon that has led numerous wars against the humans of Earth.,Main Universe,Demons,,,
Chapter 5 (Demons),Aeshma,aeshma,,Demon,published,A magical demon that is summoned by many magical beings as a way of fighting others including other demons. Its home is hidden far away from all other demons because of this.,Main Universe,Demons,,,
Chapter 5 (Demons),Agaliarept,agaliarept,,Demon,published,A demon that built the first temple in honor of Santaniel while he was on Earth.,Main Universe,Demons,,,
Chapter 5 (Demons),Agares,agares,,Demon,published,An old demon that help build Hell out of Belckus’ body.,Main Universe,Demons,,,
Chapter 5 (Demons),Agiel,agiel,,Demon,published,A mermaid demon that is enemy to the Mermadic Kingdom.,Main Universe,Demons,,,
Chapter 5 (Demons),Ahriman,ahriman-demon,Angra Mainyu,Demon,published,A mid-level demon with numerous statues dedicated in his honor.,Main Universe,Demons,,,
Chapter 5 (Demons),Aim,aim,,Demon,published,Mid-level demon that rose in the ranks from a lower level demon status by killing numerous world leaders.,Main Universe,Demons,,,
Chapter 5 (Demons),Aka Manah,aka-manah,"Akem Manah, Akoman, Akvan",Demon,published,A horse demon of lower level status.,Main Universe,Demons,,,
Chapter 5 (Demons),Ala,ala,,Demon,published,"A short demon that eats the testicles of newborn sons. Later, it spits out the testicles which hatches into demons.",Main Universe,Demons,,,
Chapter 5 (Demons),Alal,alal,,Demon,published,A mid-level demon,Main Universe,Demons,,,
Chapter 5 (Demons),Alastor,alastor,,Demon,published,A mid-level demon,Main Universe,Demons,,,
Chapter 5 (Demons),Alloces,alloces,,Demon,published,A mid-level demon,Main Universe,Demons,,,
Chapter 5 (Demons),Allu,allu,,Demon,published,A mid-level demon,Main Universe,Demons,,,
Chapter 5 (Demons),Amaymon,amaymon,,Demon,published,A mid-level demon,Main Universe,Demons,,,
Chapter 5 (Demons),Amdusias,amdusias,,Demon,published,A lower level demon with heightened intelligence. He often appears on Earth as a businessman.,Main Universe,Demons,,,
Chapter 5 (Demons),Ammut,ammut,,Demon,published,A demon god similar to Amon. He performs worships and answers prayers if someone commits an act of murder in his honor.,Main Universe,Demons,,,
Chapter 5 (Demons),Amon,amon,,Demon,published,A demon god that is worshipped on Earth. He appears briefly as a deity that grants the prayers of anyone that leaves a human sacrifice at his altar.,Main Universe,Demons,,,
Chapter 5 (Demons),Amy,amy,,Demon,published,A powerful demon and one of the Knights of Hell. She consorted with Lilith before giving birth to a baby known as the Antichrist. She appears almost all human until direct sunlight casts her true appearance. To resolve this she covers her skin while in public.,Main Universe,Demons,,,
Chapter 5 (Demons),Anamalech,anamalech,,Demon,published,A large demon warrior,Main Universe,Demons,,,
Chapter 5 (Demons),Andhaka,andhaka,,Demon,published,A house demon of nightmares.,Main Universe,Demons,,,
Chapter 5 (Demons),Andras,andras,,Demon,published,A demon of enhanced speed that races across Hell causing headaches to the tortured souls.,Main Universe,Demons,,,
Chapter 5 (Demons),Andrealphus,andrealphus,,Demon,published,A demonic warrior,Main Universe,Demons,,,
Chapter 5 (Demons),Andromalius,andromalius,,Demon,published,A demonic warrior,Main Universe,Demons,,,
Chapter 5 (Demons),Antichrist,antichrist,,Demon,published,The eldest of the Seven Princes’ of Hell. He has existed in stories as long as Jesus Christ as he serves a similar purpose for Santaniel as Jesus did to GOD. He has all power and knowledge and controls most of the factions of demons that are on Earth.,Main Universe,Demons,,,
Chapter 5 (Demons),Anzu,anzu,,Demon,published,A demonic soldier,Main Universe,Demons,,,
Chapter 5 (Demons),Apep,apep,Apophis,Demon,published,A demonic soldier,Main Universe,Demons,,,
Chapter 5 (Demons),Apollyon,apollyon,,Demon,published,A demon that modeled himself after the Greek god Apollo. He uses light to blind others and eat out their eyes.,Main Universe,Demons,,,
Chapter 5 (Demons),Armaros,armaros,,Demon,published,A demonic soldier,Main Universe,Demons,,,
Chapter 5 (Demons),Asag,asag,,Demon,published,A demonic hag that assists evil magical beings on Earth.,Main Universe,Demons,,,
Chapter 5 (Demons),Asb'el,asbel,,Demon,published,"A demon that was born from the liver of Adam while he was asleep. It was believed that he was created by Eve, during the time she was discovering her magical powers.",Main Universe,Demons,,,
Chapter 5 (Demons),Asmodai,asmodai,Asmodeus,Demon,published,The leader of the demonic faction that stands at the Gates to Hell. He was once one of the Knights of Hell until they revoked his membership because of him wanting to take Belckus place as Go King over hell.,Main Universe,Demons,,,
Chapter 5 (Demons),Astaroth,astaroth,,Demon,published,A powerful demon and Knight of Hell. He leads the army of powerful sorcerers on Earth to take over its many magical domains.,Main Universe,Demons,,,
Chapter 5 (Demons),Astarte,astarte,,Demon,published,One of the Knights of Hell. She lives in the stars and is the only fallen angels that remained in close contact with her previous allies.,Main Universe,Demons,,,
Chapter 5 (Demons),Asura,asura,,Demon,published,A star demon under the direct servitude to Astarte.,Main Universe,Demons,,,
Chapter 5 (Demons),Azazel,azazel-demon,,Demon,published,"Like his angelic counterpart, Azazel was once known by another name however, during his fall he changed it to match that of the Angel of Death.",Main Universe,Demons,,,
Chapter 5 (Demons),Azi Dahaka,azi-dahaka,Dahak,Demon,published,A demonic warlock that can use spells of others just by being in close proximity of them.,Main Universe,Demons,,,
Chapter 5 (Demons),Baal,baal,,Demon,published,One of the Knights of Hell. He is not as strong as the others however uses his arrows to open doorways to foreign places to unleash demons and demonic creatures.,Main Universe,Demons,,,
Chapter 5 (Demons),Balam,balam,,Demon,published,An orange specter that moves across the Earth using a magic carpet. He grants wishes as long as one of them is to kill someone close to the wisher.,Main Universe,Demons,,,
Chapter 5 (Demons),Balberith,balberith,,Demon,published,A demon that writes in the Book of Souls which a direct counterpart of Book of Sanctuary used by evil witches.,Main Universe,Demons,,,
Chapter 5 (Demons),Bali Raj,bali-raj,,Demon,published,A demon that floats above the ground carrying the souls of those that died in its homeland.,Main Universe,Demons,,,
Chapter 5 (Demons),Banshee,banshee,,Demon,published,A terrifying demon that screams men to death. They are the lost souls of witches. Their screams are only heard when danger is near.,Main Universe,Demons,,,
Chapter 5 (Demons),Baphomet,baphomet,,Demon,published,A demon poet that appeared during the Shakespeare age.,Main Universe,Demons,,,
Chapter 5 (Demons),Barbas,barbas,,Demon,published,"Demon of dreams, he is also known as the demon of illusion.",Main Universe,Demons,,,
Chapter 5 (Demons),Barbatos,barbatos,,Demon,published,A island demon that moves the Earth in response to the direction of the Sun and Moon.,Main Universe,Demons,,,
Chapter 5 (Demons),Bathin,bathin,,Demon,published,A demon warrior that uses the souls of angels.,Main Universe,Demons,,,
Chapter 5 (Demons),Beelzebub,beelzebub,,Demon,published,One of the Knights of Hell. In many stories he is so powerful that he is considered one of the avatars of Santaniel.,Main Universe,Demons,,,
Chapter 5 (Demons),Behemoth,behemoth,,Demon,published,One of the Knights of Hell. One of the most powerful demons in Hell. It was one of the most powerful followers to Belckus.,Main Universe,Demons,,,
Chapter 5 (Demons),Beherit,beherit,,Demon,published,A phoenix that appears human when in front of those lesser than itself. It was turned evil when the promise of absolute power was offered by Belckus.,Main Universe,Demons,,,
Chapter 5 (Demons),Beleth,beleth,,Demon,published,"A demon soldier, killed by a young Zane.",Main Universe,Demons,,,
Chapter 5 (Demons),Belial,belial,,Demon,published,"One of the Seven Princes’ of Hell. His long hair uses the scent of an angel to lure angels to him and then he kills them. Since he fell to Hell, he has killed over 200 angels.",Main Universe,Demons,,,
Chapter 5 (Demons),Belphegor,belphegor,,Demon,published,"Demon that killed Michael (original holder of the Key of Humanity, later killed by the Zane)",Main Universe,Demons,,,
Chapter 5 (Demons),Berith,berith,,Demon,published,A demon of ancient origin. It appears throughout many stories and uses spells to control others.,Main Universe,Demons,,,
Chapter 5 (Demons),Bhūta,bhūta,,Demon,published,A demon that writes down the orders and words of Belckus. He is the twin to Metatron and served as his close ally until he followed Belckus into Hell.,Main Universe,Demons,,,
Chapter 5 (Demons),Bies,bies,,Demon,published,A lower demon with a hundred eyes.,Main Universe,Demons,,,
Chapter 5 (Demons),Bifrons,bifrons,,Demon,published,A mid-level demon that commands many of the lower demons.,Main Universe,Demons,,,
Chapter 5 (Demons),Boruta,boruta,,Demon,published,A general that commands the mid-level demons.,Main Universe,Demons,,,
Chapter 5 (Demons),Botis,botis,,Demon,published,A pirate demon and pirate under Davy Jones.,Main Universe,Demons,,,
Chapter 5 (Demons),Buer,buer,,Demon,published,A lower demon with a large lower body.,Main Universe,Demons,,,
Chapter 5 (Demons),Bukavac,bukavac,,Demon,published,A demon that can possess ghost.,Main Universe,Demons,,,
Chapter 5 (Demons),Bune,bune,,Demon,published,"A lower demon, he fell in love with a woman and the two had children that were killed because of their dual nature.",Main Universe,Demons,,,
Chapter 5 (Demons),Bushyasta,bushyasta,,Demon,published,A higher level demon and part of the Overlords. He was worshipped in numerous places as a powerful priest before his mentioned of being a demon.,Main Universe,Demons,,,
Chapter 5 (Demons),Caacrinolaas,caacrinolaas,,Demon,published,A demonic soul that was once of a human turned into a demon.,Main Universe,Demons,,,
Chapter 5 (Demons),Caim,caim,,Demon,published,A lower demon,Main Universe,Demons,,,
Chapter 5 (Demons),Charun,charun,,Demon,published,A lower demon,Main Universe,Demons,,,
Chapter 5 (Demons),Chemosh,chemosh,,Demon,published,A demon soldier,Main Universe,Demons,,,
Chapter 5 (Demons),Choronzon,choronzon,,Demon,published,"Note: Thelema

A frost demon with a body made up of harden sand.",Main Universe,Demons,,,
Chapter 5 (Demons),Cimejes,cimejes,,Demon,published,Small demons related to the harpy. They are all male and uses their claws to poison men to sickness.,Main Universe,Demons,,,
Chapter 5 (Demons),Corson,corson,,Demon,published,A human made into a demon through black magic. He was once a scientist and now uses science as a way to turn others to demons.,Main Universe,Demons,,,
Chapter 5 (Demons),Crocell,crocell,,Demon,published,A sea demon,Main Universe,Demons,,,
Chapter 5 (Demons),Crone,crone,,Demon,published,"Once a witch, she was cursed to carry the soul of a thousand old women. Turning her into an old woman forever. She steals the youth of young women to gather back some of her youth.",Main Universe,Demons,,,
Chapter 5 (Demons),Culsu,culsu,,Demon,published,A plant demon,Main Universe,Demons,,,
Chapter 5 (Demons),Daeva,daeva,,Demon,published,A black faced demon with a white gold body,Main Universe,Demons,,,
Chapter 5 (Demons),Dagon,dagon,,Demon,published,A dragon demon that wraps around Hell serving as the walls of Hell.,Main Universe,Demons,,,
Chapter 5 (Demons),Dajjal,dajjal,,Demon,published,A demonic genie that has tense powers. It can appear almost in every place at once,Main Universe,Demons,,,
Chapter 5 (Demons),Danjal,danjal,,Demon,published,A demon covered in jewels and uses them to blind others,Main Universe,Demons,,,
Chapter 5 (Demons),Dantalion,dantalion,,Demon,published,A demon that uses smoke to choke others,Main Universe,Demons,,,
Chapter 5 (Demons),Dasa,dasa,,Demon,published,A demon with long hair that can choke someone,Main Universe,Demons,,,
Chapter 5 (Demons),Davy Jones,davy-jones,,Demon,published,"A spirit of a pirate that steals treasures, precious jewels, and uses a ghost ship to travel across different lands rather by land, sea, or air.",Main Universe,Demons,,,
Chapter 5 (Demons),Decarabia,decarabia,,Demon,published,A giant rock demon that sits at the edge of bridges scaring travelers.,Main Universe,Demons,,,
Chapter 5 (Demons),Demogorgon,demogorgon,,Demon,published,A powerful gorgon that possesses a magical amulet that allows it to live for eternity.,Main Universe,Demons,,,
Chapter 5 (Demons),Devil,devil,,Demon,published,"Often mistaken to be Lucifer the angel, Santaniel the King of Hell, Belckus the God King of Evil, Samael the angel, and Sat the demon. He appears with a long pointy tail, sharp ears, giant hands, and he is one of the Seven Princes’ of Hell.",Main Universe,Demons,,,
Chapter 5 (Demons),Div-e Sepid,div-e-sepid,,Demon,published,A land demon that is called on to do various things including haunting new tenants.,Main Universe,Demons,,,
Chapter 5 (Demons),Djinn,djinn,,Demon,published,"An evil genie that usually can be found in Hell. However, it can be summoned through magical objects mostly lamps that has something of it to trap it.",Main Universe,Demons,,,
Chapter 5 (Demons),Donn,donn,,Demon,published,The demon god that rules over the lower southern part of Hell.,Main Universe,Demons,,,
Chapter 5 (Demons),Drekavac,drekavac,,Demon,published,House demons that eat the meals prepared for the house. If there is no food then they will eat away at the toes of the resident.,Main Universe,Demons,,,
Chapter 5 (Demons),Dzoavits,dzoavits,,Demon,published,Evil animals that taunt humans and gives them nightmares.,Main Universe,Demons,,,
Chapter 5 (Demons),Eligos,eligos,,Demon,published,A black Pegasus that serves under powerful demons. It can travel to any dimension with free will.,Main Universe,Demons,,,
Chapter 5 (Demons),Empusa,empusa,,Demon,published,A Greek spirit that can act on someone’s darkest wishes by granting them.,Main Universe,Demons,,,
Chapter 5 (Demons),Euryale,euryale,,Demon,published,A Greek spirit that contains the power to trap someone in their fear.,Main Universe,Demons,,,
Chapter 5 (Demons),Eurynome,eurynome,,Demon,published,A demon that lives deep within a valley hiding its body under rock and soil.,Main Universe,Demons,,,
Chapter 5 (Demons),Eurynomos,eurynomos,,Demon,published,The echo of the evil soul. It lives in the mountains and drowns the valleys with blood.,Main Universe,Demons,,,
Chapter 5 (Demons),Familiars,familiars,,Demon,published,"Magical spirits taking the forms of animals watching over magical beings mostly witches and warlocks. Although, they are of demonic origin they are not evil and are very protective of those they are assigned to.",Main Universe,Demons,,,
Chapter 5 (Demons),Focalor,focalor,,Demon,published,A demonic preacher that preaches the words of Santaniel to devil worshippers.,Main Universe,Demons,,,
Chapter 5 (Demons),Foras,foras,,Demon,published,A giant dog that barks cause earthquakes and tsunamis.,Main Universe,Demons,,,
Chapter 5 (Demons),Forneus,forneus,,Demon,published,A movable bear that is only seen in the light as it has a reflective body. It eats children.,Main Universe,Demons,,,
Chapter 5 (Demons),Furcas,furcas,,Demon,published,Demonic owls that serve as guides of students to the residents of Hizirinth.,Main Universe,Demons,,,
Chapter 5 (Demons),Furfur,furfur,,Demon,published,A giant furry demon that rolls around soaking up fear and despair.,Main Universe,Demons,,,
Chapter 5 (Demons),Furies,furies,,Demon,published,Vengeful spirits of Greek legend. They represent retribution of humans and are called upon to seek revenge on the one that summoned them.,Main Universe,Demons,,,
Chapter 5 (Demons),Gader'el,gaderel,,Demon,published,One of the fallen angels still holding onto its angelic powers.,Main Universe,Demons,,,
Chapter 5 (Demons),Gaki,gaki,,Demon,published,A demon fish that swims eating other fish and human swimmers.,Main Universe,Demons,,,
Chapter 5 (Demons),Gello,gello,,Demon,published,A dolphin like demon that moves through the water at great speeds.,Main Universe,Demons,,,
Chapter 5 (Demons),Glasya-Labolas,glasya-labolas,,Demon,published,A glass like demon that can shatter glass by looking upon it.,Main Universe,Demons,,,
Chapter 5 (Demons),Gorgon,gorgon,,Demon,published,"A demon belonging to the family of Medusa. Like its Greek counterpart it can fly and turn things into various elements including stone, put something on fire.",Main Universe,Demons,,,
Chapter 5 (Demons),Gremory,gremory,,Demon,published,A mirror demon under the control of Mulloch.,Main Universe,Demons,,,
Chapter 5 (Demons),Grigori,grigori-demon,,Demon,published,Mischievous demons that flies around the dying eating their souls.,Main Universe,Demons,,,
Chapter 5 (Demons),Gualichu,gualichu,,Demon,published,A puppet demon that uses its yarn and wires to strangle someone to death. It uses toys and other puppets to spy on others,Main Universe,Demons,,,
Chapter 5 (Demons),Gusion,gusion,,Demon,published,A mirror demon under the control of Mulloch.,Main Universe,Demons,,,
Chapter 5 (Demons),Haagenti,haagenti,,Demon,published,A gentle demon that speaks French. It hides under a bridge eating sweets and laughing with children.,Main Universe,Demons,,,
Chapter 5 (Demons),Halphas,halphas,,Demon,published,A hog like demon,Main Universe,Demons,,,
Chapter 5 (Demons),Haures,haures,,Demon,published,Four headed demon goddess that predicts the past and future to demons.,Main Universe,Demons,,,
Chapter 5 (Demons),Humbaba,humbaba,,Demon,published,"A demon with a mouth the size of Hawaii. It has been asleep for nearly 4,000 years. It is said that its mouth serves as a gateway to Hell.",Main Universe,Demons,,,
Chapter 5 (Demons),Iblis,iblis,,Demon,published,An island size demon that carries the city of devil worshippers on its back.,Main Universe,Demons,,,
Chapter 5 (Demons),Ifrit,ifrit,,Demon,published,A demonic entity that appears like giant fog,Main Universe,Demons,,,
Chapter 5 (Demons),Incubus,incubus,,Demon,published,A demon that feeds on the happiness of others and uses it as way to grow stronger and walk into the daylight.,Main Universe,Demons,,,
Chapter 5 (Demons),Ipos,ipos,,Demon,published,A demon with both male and female attributes.,Main Universe,Demons,,,
Chapter 5 (Demons),Kabandha,kabandha,,Demon,published,Using its wings to fly above Hell to watch over the different levels.,Main Universe,Demons,,,
Chapter 5 (Demons),Kali,kali,,Demon,published,"Note: demon

A demon priestess that performs rituals and marriages under the name of Belckus.",Main Universe,Demons,,,
Chapter 5 (Demons),Kitsune,kitsune,,Demon,published,A spirit demon with a thousand tails. It looks like a giant grey fox with large fangs.,Main Universe,Demons,,,
Chapter 5 (Demons),Kokb'ael,kokbael,,Demon,published,A trio of demons that speaks of Santaniel’s orders to the demonic army.,Main Universe,Demons,,,
Chapter 5 (Demons),Kuntilanak,kuntilanak,,Demon,published,A big armored demon that has brute strength and force,Main Universe,Demons,,,
Chapter 5 (Demons),Labal,labal,,Demon,published,A demon lamb that gave birth to the powers of demons in Santaniel’s army.,Main Universe,Demons,,,
Chapter 5 (Demons),Lady Midday,lady-midday,,Demon,published,A vampire like creature that calls on the power of her father Santaniel. She along with Lilith are the only two female children of Santaniel.,Main Universe,Demons,,,
Chapter 5 (Demons),Lamashtu,lamashtu,,Demon,published,"A demon princess that has seduce, married, and had children with various kings on Earth.",Main Universe,Demons,,,
Chapter 5 (Demons),Lamia,lamia,,Demon,published,Stone creatures of demonic origin. They have existed for thousands of years creating properties in numerous mythologies.,Main Universe,Demons,,,
Chapter 5 (Demons),Lechies,lechies,,Demon,published,Slimy demons that eat at the souls of the tortured. On Earth they feed on the bodies of those that committed sins while in life.,Main Universe,Demons,,,
Chapter 5 (Demons),Legion,legion,,Demon,published,A collection of high demons that serve under the Overlords. They are the strongest level of demons under the Knights of Hell and the Seven Princes’ of Hell.,Main Universe,Demons,,,
Chapter 5 (Demons),Lempo,lempo,,Demon,published,The guardian demon to those that worship Santaniel.,Main Universe,Demons,,,
Chapter 5 (Demons),Leraje,leraje,,Demon,published,A four eyed demon that licks its opponents to place them in a 100 year slumber.,Main Universe,Demons,,,
Chapter 5 (Demons),Leviathan,leviathan,,Demon,published,So powerful that the Ultimate One trapped them in the Sea of Life to only release them at the end of time to swallow the Earth because of the sins of Humans.,Main Universe,Demons,,,
Chapter 5 (Demons),Leyak,leyak,,Demon,published,A holy demon that can withstand the effects of Holy Water.,Main Universe,Demons,,,
Chapter 5 (Demons),Lili,lili,"Lilim, Lilin",Demon,published,"A collection of demons that each possesses numerous influence over other demons in Hell, so much that they are higher in position of the Knights of Hell and close eyes to Santaniel while in his prison.",Main Universe,Demons,,,
Chapter 5 (Demons),Lilith,lilith,,Demon,published,"The eldest daughter and wife to Santaniel. She was the product of Santaniel and Eve. When Eve left the Garden of Eden, so did her love for Santaniel. Lilith mended Santaniel’s once heavy heart and provided him with seven sons and two daughters.",Main Universe,Demons,,,
Chapter 5 (Demons),Lix Tetrax,lix-tetrax,,Demon,published,"One of the earliest wives to Belckus before she was killed during his raid against Heaven, years before his son Santaniel did the same thing.",Main Universe,Demons,,,
Chapter 5 (Demons),Lucifuge Rofocale,lucifuge-rofocale,,Demon,published,One of the Knights of Hell and modeled after Lucifer the angel of Heaven. He uses enhanced power to diffuge others. He rides on three black horsed led chariot that brings death behind it.,Main Universe,Demons,,,
Chapter 5 (Demons),Malphas,malphas,,Demon,published,The demon of energy that can omit negative energy against its opponents.,Main Universe,Demons,,,
Chapter 5 (Demons),Mammon,mammon,,Demon,published,One of the Knights of Hell and a powerful demon King. He once lived on Earth commanded armies stretching across centuries and took over most of the ancient world using different names.,Main Universe,Demons,,,
Chapter 5 (Demons),Mara,mara,,Demon,published,A beautiful demoness that uses black magic to fight battles against her opponents and sometimes her allies. She is one of the first followers to Eve.,Main Universe,Demons,,,
Chapter 5 (Demons),Marax,marax,,Demon,published,A fire demon of ancient origin. Its body is made up of rock and lava.,Main Universe,Demons,,,
Chapter 5 (Demons),Marbas,marbas,,Demon,published,A marbled demon with piercing eyes made of snow and ice.,Main Universe,Demons,,,
Chapter 5 (Demons),Marchosias,marchosias,,Demon,published,A flower demon that uses nature to capture its opponents.,Main Universe,Demons,,,
Chapter 5 (Demons),Maricha,maricha,,Demon,published,A mimic demon that copies the powers of others.,Main Universe,Demons,,,
Chapter 5 (Demons),Masih ad-Dajjal),masih-ad-dajjal,,Demon,published,The demon of technology. She is strong and very intelligent. Her hair is hardwired to the circuits of the technology world above.,Main Universe,Demons,,,
Chapter 5 (Demons),Mastema,mastema,,Demon,published,A mischievous demon that can burn the souls of others by simply reaching into the body and ripping them out.,Main Universe,Demons,,,
Chapter 5 (Demons),Mathim,mathim,,Demon,published,A demon that uses math to torture men and women of Earth. He wears large bifocals that allows him to see into the souls of others.,Main Universe,Demons,,,
Chapter 5 (Demons),Medusa,medusa,,Demon,published,"A gorgon and demon of Greek Mythology. She represents tortured souls on Earth. In Elitsyian Mythology, she is relatively spoken as a demon that can turn men to stone however, her powers has no effects on women and magical beings.",Main Universe,Demons,,,
Chapter 5 (Demons),Mephistopheles,mephistopheles,,Demon,published,A demon guard that protects the hearts of those that has had their hearts ripped out while being tortured. The hearts are used later for spells.,Main Universe,Demons,,,
Chapter 5 (Demons),Merihem,merihem,,Demon,published,A mermaid demon that sits at the bottom of the sea eating other fish,Main Universe,Demons,,,
Chapter 5 (Demons),Mictlantecuhtli,mictlantecuhtli,,Demon,published,A seven headed demon and one of the Seven Princes’ of Hell. He laughs at the misfortunes of others and carries a sickle that tortures others by stabbing them in the gut.,Main Universe,Demons,,,
Chapter 5 (Demons),Moloch,moloch,,Demon,published,A mirror demon that can only come to the land of the living through the fifth seal being broken which is found in Antarctica and is guarded by the Demoy family. He rules over the Mirror World however is seen as a deity amongst the residence. He is also one of the Knights of Hell.,Main Universe,Demons,,,
Chapter 5 (Demons),Murmur,murmur,,Demon,published,A demon whose influence on earth is to cause heart related failures among humans and animals.,Main Universe,Demons,,,
Chapter 5 (Demons),Naamah,naamah,,Demon,published,The demon who tortures higher beings who have been sent to Hell. He uses a hacksaw and chainsaw as his weapons of choice.,Main Universe,Demons,,,
Chapter 5 (Demons),Naberius,naberius,,Demon,published,The guard dog to the gates of the tormented souls.,Main Universe,Demons,,,
Chapter 5 (Demons),Naberus,naberus,,Demon,published,A demon and one of the Seven Princes’ of Hell. He overthrew his brothers to take charge over the Army of Hell which was led against Heaven during the great war.,Main Universe,Demons,,,
Chapter 5 (Demons),Naphula,naphula,,Demon,published,"A demonic witch that uses black magic to summon her fellow demons above ground. She is only allowed above ground at night, thus having sex with men allows her to roam during the day, although partially human with little control over her magical powers.",Main Universe,Demons,,,
Chapter 5 (Demons),Nekomata,nekomata,,Demon,published,A demonic crab that takes the form of a woman to seduce men into the sea where her friends eat out their organs.,Main Universe,Demons,,,
Chapter 5 (Demons),Neqa'el,neqael,,Demon,published,The demon swamp dog that breathes in smoke and spits out rivers of lava.,Main Universe,Demons,,,
Chapter 5 (Demons),Ninurta,ninurta,,Demon,published,Demon princess and once lover of her father Santaniel before she was banished for betraying their love after falling in love with her brother Naberus.,Main Universe,Demons,,,
Chapter 5 (Demons),Nisroch,nisroch,,Demon,published,"Knight of Hell, this clever demon uses his large swords to create huge wind storms that protects his region from intruders.",Main Universe,Demons,,,
Chapter 5 (Demons),Nix,nix,,Demon,published,The demon of the night. Worshipped primarily in Greece. This demon moves the night alongside the flow of the day on the opposite parts of the world. She rides a chariot led by two large blue dogs.,Main Universe,Demons,,,
Chapter 5 (Demons),Nyai Loro Kidul,nyai-loro-kidul,Nyi Roro Kidul,Demon,published,A pink skinned demon with long flowing red hair. She is the most beautiful demon and is sought by many to birth demonic children. So far she has over 1 million children all lesser known demons serving part of the Belki.,Main Universe,Demons,,,
Chapter 5 (Demons),Obizoth,obizoth,,Demon,published,A Knight of Hell that holds the Amulet of Psi which grants him power to cloak himself from anything including Santaniel. He worships Belckus and hopes to overthrow his fellow knights to become his first in command.,Main Universe,Demons,,,
Chapter 5 (Demons),Oni,oni,,Demon,published,One of the Knights of Hell and contains enhanced knowledge of life before the fallen unlike many other demons. He raged war against Heaven in a private attempt to become a Seraphim.,Main Universe,Demons,,,
Chapter 5 (Demons),Onoskelis,onoskelis,,Demon,published,A muscled hardened demon that is of Greek origin. He speaks in multiple languages and help invent the demonic language that is shared in Hell.,Main Universe,Demons,,,
Chapter 5 (Demons),Oray,oray,,Demon,published,One of the loyal followers to the Knights of Hell.,Main Universe,Demons,,,
Chapter 5 (Demons),Orcus,orcus,,Demon,published,A malevolent demon of godly proportions. His powers are so in depth that he is called on to perform powerful spells by both good and evil spell casters.,Main Universe,Demons,,,
Chapter 5 (Demons),Oriax,oriax,,Demon,published,"Capable of seeing into many different times (past, present, and future) and into any world. It has no specific gender and its body is enclosed in a cape that omits dark energy.",Main Universe,Demons,,,
Chapter 5 (Demons),Orobas,orobas,,Demon,published,One of the Seven Princes’ of Hell. His large white body glows brilliantly when he powers up. He can cause storms by speaking.,Main Universe,Demons,,,
Chapter 5 (Demons),Ose,ose,,Demon,published,The demonic deity that controls most of the northern part of the third level of Hell.,Main Universe,Demons,,,
Chapter 5 (Demons),Paimon,paimon,,Demon,published,A salmon demon that can swim very fast.,Main Universe,Demons,,,
Chapter 5 (Demons),Pazuzu,pazuzu,,Demon,published,A fat demon that will consume anything that comes near it.,Main Universe,Demons,,,
Chapter 5 (Demons),Penemue,penemue-demon,,Demon,published,A demon that can call on other demons to form a big dragon like demon.,Main Universe,Demons,,,
Chapter 5 (Demons),Phenex,phenex,,Demon,published,A warrior demon with big black and white wings.,Main Universe,Demons,,,
Chapter 5 (Demons),Pithius,pithius,,Demon,published,A snake demon that uses its tail to squeeze the life out of its victims.,Main Universe,Demons,,,
Chapter 5 (Demons),Pocong,pocong,,Demon,published,A floating demon that houses a city on its back,Main Universe,Demons,,,
Chapter 5 (Demons),Pontianak,pontianak,Kuntilanak,Demon,published,A demon that lives beneath the sea. It cannot breathe air so it uses the ocean to drown its victims and eat them once under water.,Main Universe,Demons,,,
Chapter 5 (Demons),Popobawa,popobawa,,Demon,published,A floating teddy bear like demon that can turn anything to life.,Main Universe,Demons,,,
Chapter 5 (Demons),Procell,procell,,Demon,published,,Main Universe,Demons,,,
Chapter 5 (Demons),Pruflas,pruflas,,Demon,published,,Main Universe,Demons,,,
Chapter 5 (Demons),Psoglav,psoglav,,Demon,published,Note: Slavic mythology,Main Universe,Demons,,,
Chapter 5 (Demons),Purson,purson,,Demon,published,A frog demon that uses its tongue to disperse acid,Main Universe,Demons,,,
Chapter 5 (Demons),Putana,putana,,Demon,published,"The monk turned demon, it sought enlightenment, however, when it was given, the monk prayed to the dead to grant it with powers to overthrow its monastery.",Main Universe,Demons,,,
Chapter 5 (Demons),Rahab,rahab,,Demon,published,Demon of food. It provides food poison,Main Universe,Demons,,,
Chapter 5 (Demons),Rahovart,rahovart,,Demon,published,A demon that often comes out of Hell to cause havoc.,Main Universe,Demons,,,
Chapter 5 (Demons),Raiju,raiju,,Demon,published,A cat demon that changes colors and casts doubt on those that bypass it.,Main Universe,Demons,,,
Chapter 5 (Demons),Rakshasa,rakshasa,,Demon,published,A spider woman like demon that kills anyone in her web including her own children.,Main Universe,Demons,,,
Chapter 5 (Demons),Rangda,rangda,,Demon,published,A demon that provides curses to witches of black magic.,Main Universe,Demons,,,
Chapter 5 (Demons),Raum,raum,,Demon,published,The blue eyed demon of song. Its songs can cause anyone to sleep for hundreds of years or death.,Main Universe,Demons,,,
Chapter 5 (Demons),Ravana,ravana,,Demon,published,A seven-armed demon that haunts the minds of psychics.,Main Universe,Demons,,,
Chapter 5 (Demons),Ronove,ronove,,Demon,published,"A machine like demon that was forged to battle alongside the horsemen of the Apocalypse, although it was defeated slightly before the battle commenced.",Main Universe,Demons,,,
Chapter 5 (Demons),Rosier,rosier,,Demon,published,A beautiful demon that seduces many witches and steals their magic. She is a shapeshifter and commands many shapeshifters that follows her mission of magic stealing.,Main Universe,Demons,,,
Chapter 5 (Demons),Rumjal,rumjal,,Demon,published,A black faced demon that haunts the dreams of those who recently got married.,Main Universe,Demons,,,
Chapter 5 (Demons),Rusalka,rusalka,,Demon,published,A giant demon of Slavic origin. It’s horns are as large as a horse each and just as strong.,Main Universe,Demons,,,
Chapter 5 (Demons),Sabnock,sabnock,,Demon,published,A demonic grave robber that hunts for jewelry and serves as blacksmith to many black magic users.,Main Universe,Demons,,,
Chapter 5 (Demons),Sallos,sallos,,Demon,published,A demon that smells terrible and uses this odor to stun his opponents.,Main Universe,Demons,,,
Chapter 5 (Demons),Salpsan,salpsan,,Demon,published,A demon that has come to earth many times and is featured usually in many one shot stories.,Main Universe,Demons,,,
Chapter 5 (Demons),Samael,samael-demon,,Demon,published,"Once a beloved angel, Samael betrayed his brethren when Santaniel offered him power and glory of light, the ultimate power from which Heaven sits. He is one of the Seven Princes’ of Hell.",Main Universe,Demons,,,
Chapter 5 (Demons),Sat,sat,,Demon,published,A goat demon that charges into battle stealing the hearts of its victims.,Main Universe,Demons,,,
Chapter 5 (Demons),Satanachia,satanachia,,Demon,published,A demonic warrior,Main Universe,Demons,,,
Chapter 5 (Demons),Scox,scox,,Demon,published,A demon that looks for mystical artifacts,Main Universe,Demons,,,
Chapter 5 (Demons),Seere,seere,,Demon,published,A powerful seer of which the name forms. She is called upon to see the future by the greatest demons of Hell. She is tall about 7 feet tall and has three breasts all of which is sucked on to provide visions that cannot normally be seen by other means.,Main Universe,Demons,,,
Chapter 5 (Demons),Semyazza,semyazza,,Demon,published,A demonic soldier that fought alongside the fallen angels.,Main Universe,Demons,,,
Chapter 5 (Demons),Set,set,,Demon,published,Once an Egyptian deity that turned demon after the fall of the Egyptian gods. His primary role now is one of the Seven Princes’ of Hell.,Main Universe,Demons,,,
Chapter 5 (Demons),Shaitan,shaitan,,Demon,published,A sexual deviant demon that will swallow the sperm of men to have their children. She would then eat the child and then kill the man.,Main Universe,Demons,,,
Chapter 5 (Demons),Shax,shax,,Demon,published,A powerful demon with white skin and long blue hair. Its body serves as a portal to other dimensions and it serves as loyal servant to Santaniel.,Main Universe,Demons,,,
Chapter 5 (Demons),Shedim,shedim,,Demon,published,A powerful wizard with demonic influence. It conjures many spells that can be used to either heal or resurrect demons.,Main Universe,Demons,,,
Chapter 5 (Demons),Shezmu,shezmu,,Demon,published,Elephant demon with knowledge of all things. Loyal servant that speaks to Santaniel in his chambers in Hell.,Main Universe,Demons,,,
Chapter 5 (Demons),Sidragasum,sidragasum,,Demon,published,A demon that eat babies. It uses their hearts as a way to remain on Earth as it cannot otherwise.,Main Universe,Demons,,,
Chapter 5 (Demons),Sitri,sitri,,Demon,published,A singing demon that uses its voice to lead women into dark places and murders them.,Main Universe,Demons,,,
Chapter 5 (Demons),Stheno,stheno,,Demon,published,A psychotic demon that lost control of its mind during the war where it fell to Hell. Here it eats the brains of humans being tortured in Hell.,Main Universe,Demons,,,
Chapter 5 (Demons),Stolas,stolas,,Demon,published,A demonic sorcerer that is called upon to cast numerous powerful spells that opens portals to different demonic places.,Main Universe,Demons,,,
Chapter 5 (Demons),Stuhać,stuhać,,Demon,published,A mysterious demon that sits at the edge of Andvom speaking of the past in riddles.,Main Universe,Demons,,,
Chapter 5 (Demons),Succubus,succubus,,Demon,published,"A demon with seductive powers. Although mostly women, some are men with female attributes including a female voice. They are usually very beautiful and has a touch that can cause the opposite sex to fall instantly for them.",Main Universe,Demons,,,
Chapter 5 (Demons),Surgat,surgat,,Demon,published,Lower level demon,Main Universe,Demons,,,
Chapter 5 (Demons),Tannin,tannin,,Demon,published,Sports related demon,Main Universe,Demons,,,
Chapter 5 (Demons),Tartaruchi,tartaruchi,,Demon,published,Demonic imp,Main Universe,Demons,,,
Chapter 5 (Demons),Teeraal,teeraal,,Demon,published,A river demon that dances can cause heavy rain to fall,Main Universe,Demons,,,
Chapter 5 (Demons),Temeluchus,temeluchus-demon,,Demon,published,"Shapeshifting demon, once thought to have created shapeshifters.",Main Universe,Demons,,,
Chapter 5 (Demons),Tengu,tengu,,Demon,published,Demon with large tongue that can squeeze its opponents,Main Universe,Demons,,,
Chapter 5 (Demons),Titivillus,titivillus,,Demon,published,Lower level demon,Main Universe,Demons,,,
Chapter 5 (Demons),Tuyul,tuyul,,Demon,published,Lower level arabic demon,Main Universe,Demons,,,
Chapter 5 (Demons),Ukobach,ukobach,,Demon,published,Japanese demon with markings representing the dead,Main Universe,Demons,,,
Chapter 5 (Demons),Utukku,utukku,,Demon,published,Spider demon with venomous claws.,Main Universe,Demons,,,
Chapter 5 (Demons),Valefar,valefar,,Demon,published,Lower level french demon,Main Universe,Demons,,,
Chapter 5 (Demons),Vapula,vapula,,Demon,published,Lower level demon priestess,Main Universe,Demons,,,
Chapter 5 (Demons),Vassago,vassago,,Demon,published,Demon with three mouths,Main Universe,Demons,,,
Chapter 5 (Demons),Vepar,vepar,,Demon,published,A smoke demon that breathes toxic gas,Main Universe,Demons,,,
Chapter 5 (Demons),Verrine,verrine,,Demon,published,Demon that seduces women with its two penises,Main Universe,Demons,,,
Chapter 5 (Demons),Vine,vine,,Demon,published,A demon that records instances and plays them back for Santaniel.,Main Universe,Demons,,,
Chapter 5 (Demons),Volac,volac,,Demon,published,A demon of music that uses music to enslave others,Main Universe,Demons,,,
Chapter 5 (Demons),Vual,vual,,Demon,published,A horned demon with a thousand horns around its body,Main Universe,Demons,,,
Chapter 5 (Demons),Vucub Caquix,vucub-caquix,,Demon,published,A cupid like demon that goes against love and uses its arrows to turn people against one another.,Main Universe,Demons,,,
Chapter 5 (Demons),Yeqon,yeqon,,Demon,published,A grass demon that uses nature to bury the living,Main Universe,Demons,,,
Chapter 5 (Demons),Yeter'el,yeterel,,Demon,published,A demon that can breathe fire,Main Universe,Demons,,,
Chapter 5 (Demons),Yokai,yokai,,Demon,published,A dog demon that steals children’s souls and turn them into walking puppets.,Main Universe,Demons,,,
Chapter 5 (Demons),Yuki-Onna,yuki-onna,,Demon,published,A spirit demon that uses its ears to hear the stories of the dead,Main Universe,Demons,,,
Chapter 5 (Demons),Zaebos,zaebos,,Demon,published,One of the demons that helped build Hell and shaped it around Belckus.,Main Universe,Demons,,,
Chapter 5 (Demons),Zagan,zagan,,Demon,published,A warrior demon,Main Universe,Demons,,,
Chapter 5 (Demons),Zalambur,zalambur,,Demon,published,A warrior demon,Main Universe,Demons,,,
Chapter 5 (Demons),Zepar,zepar,,Demon,published,A warrior demon,Main Universe,Demons,,,
Chapter 5 (Demons),Zin,zin,,Demon,published,One of the fallen angels with green skin and no hair. It has pearls on its lower body that can explode causing acid to flow from its skin,Main Universe,Demons,,,
Chapter 5 (Demons),Zmeu,zmeu,,Demon,published,One of the fallen angels with black hair and blue skin,Main Universe,Demons,,,
Chapter 5 (Demons),Ziz,ziz,,Demon,published,A demon that sits by the river of Hell of the same name.,Main Universe,Demons,,,
Chapter 5 (Demons),Vonus,vonus,,Demon,published,"A higher ranking demon who can see the future however, only destructive ones. He fell in love with Koniel, causing the two to be cast out of their respective realms. Koniel found himself in the home of the gods, Liumus. While he became a resident to the Shadow Realm.",Main Universe,Demons,,,
Chapter 5 (Demons),The Ringer,the-ringer,,Demon,published,"Born in Hell, the Ringer is a mutilated man whose parents often left him alone at home much to the abuse by his siblings which his parents didn’t believe. One day he killed them in their sleep and was sent to Hell because his killings didn’t stop. He was brought back to life to continue his killing spree by an unknown demon. He has rings embedded in his skin mostly on his face. He uses those rings to slash his victims.",Main Universe,Demons,,,
Chapter 5 (Demons),Halloween Killer,halloween-killer,,Demon,published,"Bullied as a human, this spirit returns every Halloween to steal the soul of teenagers. With their souls it grows stronger, allowing it to remain in the mortal world for longer than one night. It has attracted much attention over the centuries even many referring to it as the Halloween Killer.",Main Universe,Demons,,,
Chapter 5 (Demons),Ronald Hines “The Ugly Reaper”,ronald-hines-the-ugly-reaper,,Demon,published,"Dressed in a pure white suit, Ronald Hines grew up rich and cared for. It was his growing attention to murdering women he deemed “ugly” and taking their eyes. Believing he could transform them into beautiful individuals.",Main Universe,Demons,,,
Chapter 5 (Demons),Tommy “the 13th Killer” Rush,tommy-the-13th-killer-rush,,Demon,published,"Living near a swamp, this serial killer appears to be mostly man with skin lathered by the harsh nature of his swamp home. Killed in a boating accident, Tommy Rush’s body was never recovered, and his mother later died attempting to solve his murder. Every Friday the 13th, Tommy “the 13th Killer” Rush began killing anyone out of sport with no obvious reason other than for enjoyment.",Main Universe,Demons,,,
Chapter 5 (Demons),Night Nurse,night-nurse,,Demon,published,A beautiful woman that serves as a nurse in a worn for wear hospital. Here she is a night nurse that takes the lives of children that many to be forgotten. Believing they will remain with her in their deaths keeping her company and reminding her of her once dead children that died in numerous ways.,Main Universe,Demons,,,
Chapter 5 (Demons),Nightmare Man,nightmare-man,,Demon,published,"Appearing in the nightmares of those with secrets. Son of Tonik, this creature was once a therapist that mastered in dream therapy to rid someone of their nightmares. One day, he died in his sleep and was reborn as the son of Tonik with the ability to continue his practice, however now instead of helping to rid someone of nightmares, he acts as the emissary of nightmares. Trapping people within them until they die. He is solely responsible for the rising population of Nigirakarte.",Main Universe,Demons,,,
Chapter 5 (Demons),Kenneth “Oracle Reaper” Stone,kenneth-oracle-reaper-stone,,Demon,published,A powerful psychic that has killed numerous children by abducting them and erasing the minds of their parents and/or guardians of their existence. He appeared in the late 1960s and has mostly gone unnoticed because of his abilities. He often keeps the children in a house that sits on top of a psychic vortex.,Main Universe,Demons,,,
Chapter 5 (Demons),Chace “Dollface” Canes,chace-dollface-canes,,Demon,published,"A hateful spirit that can inhabit the forms of inanimate toys to lure children to their deaths. Once inhabiting said toys, he can walk, talk, and act on his own. His often form is a stuff bear and or toy resembling a boy or a girl.",Main Universe,Demons,,,
Chapter 5 (Demons),Dr. Richard Himmith,dr-richard-himmith,,Demon,published,Exiled from his practice for taking the lives of his patients when he believed to be lost causes. Dr. Richard Himmith and his assistant Registered Nurse Paula Downing continued their practice of taking lives of those they deemed lost causes throughout the country. They have still never been found with numerous failed reports. Their crimes happened mostly in the 1980s and 1990s.,Main Universe,Demons,,,
Chapter 5 (Demons),Paula Downing,paula-downing,,Demon,published,Registered Nurse Paula Downing is a beautiful country belle type of a woman that along with Dr. Richard Himmith committed over a hundred murders across the USA before disappearing in the early 2000s. They were never found and was believed to have died or been killed.,Main Universe,Demons,,,
Chapter 5 (Demons),Jack the Ripper,jack-the-ripper,,Demon,published,"A serial killer in the late 1800s, believed to have been a man, some believed them to be a woman, others believed it to be a demon. Most commonly Jack the Ripper was a serial killer that appeared in the shadows, attracting lonely women, and killing them leaving their bodies dismembered. Jack the Ripper disappeared shortly after the early 1900s.",Main Universe,Demons,,,
Chapter 5 (Demons),Angel “Family Killing Spirit” Rodriguez,angel-family-killing-spirit-rodriguez,,Demon,published,"Usually seen wearing a cut out mask, Angel Rodriguez killed his family in their sleep before taking his own life. The reason for this was never known. He often returns from the grave near his old home to take the lives of other families, with many calling him the Family Killing Spirit.",Main Universe,Demons,,,
Chapter 5 (Demons),Tokichi Uki,tokichi-uki,,Demon,published,"Tokichi Uki often uses poisonous gas to poison this victim. Born in Osaka, Japan, Tokichi would poison his victims and place their bodies on his wall rearranging their faces in cartoonish depictions.",Main Universe,Demons,,,
Chapter 5 (Demons),Jerome Hattiwell,jerome-hattiwell,,Demon,published,"Jerome Hattiwell was a brilliant AI developer that built an algorithm that could trap anyone wearing a VR device into a fictional world of his control. Throughout his crime spree, he trapped over 100,000 in his virtual world in a worldwide panic that led to his suicide, trapping himself inside of his world of his own rule. This moment in time became known as the Digital Murder and was the largest of its kind in history. The victims would later die in the real world and Jerome’s software and numerous VR devices were banned. This crime took place in the year 2100 to 2115.",Main Universe,Demons,,,
Chapter 5 (Demons),Unit 666,unit-666,,Demon,published,"A crime organization that houses over 3,000 serial killers with numerous alias’. While they have never been found, they operate in plain site as large corporations with normal appearing conventions all around the world. Their growing organization provides money, missions, and even games to serial killers to carry out events. By the year 2050, this organization is responsible for about 97% of killings in the world.",Main Universe,Demons,,,
