source,name,slug,alias,type,status,description,universe,categories,stories,places,affiliates,age,abilities
Eliteverse-Heroes-Villains-A-G,Elite Force,elite-force,,Team,published,"The Elite Force is one of the most prominent teams throughout the Eliteverse. The team consists of numerous individuals who has their own separate stories. Each member at times lives at Anura under the leadership of the headmistress, Celestria.",Main Universe,Teams,,,,,
Eliteverse-Heroes-Villains-A-G,Zane,zane,The Prisoner,Individual,published,"Zane is one of the most powerful beings, born over 3,000 years ago to Raphael and a Demon. He has since been a demon serving in the army of Chaos and an angel serving under the army of Elite Force. Now he is one of the oldest members of the Elite Force and has since been their leader. It is known that after he helped a little girl escape a raid by his army he knew of the goodness in humans and shortly after became their savior. Now he helps the other members of Elite Force protect mankind from demons and evil powered Descendants.",Main Universe,Heroes,,,Elite Force; Army of Chaos; The Immortals,3000,Immortality; Telekinesis; Telepathy; Control over the weather; Teleportation; Invincibility; Flight
Eliteverse-Heroes-Villains-A-G,Samantha Cue,samantha-cue,Oracle,Individual,published,"During her internship at MIT, Samantha discovered she could see into the future and foresaw the battle of Angels and Demons. She was later joined by Zane in hopes to stop this from happening and to bring peace to Earth. During her teen years, Samantha’s parents died in a car crash while visiting family in NYC, since then Samantha has been in several foster homes and eventually on her own. She worked at numerous jobs to pay for her way through college, she met Brian while attending MIT and the two joined SAA to help develop their abilities. Because of her abilities, Samantha knew that she had to learn to defend herself so she learned martial arts and has been training in the combat zone at SAA. In the year 2074, Samantha as The Oracle is one of the most sought out beings and a member of Elite Force team of psychics named The Mentals.",Main Universe,Heroes,,,Elite Force; The Mentals,20,Premonition; One Touch Knowledge
Eliteverse-Heroes-Villains-A-G,Samuel Owens,samuel-owens,Angel of Light,Individual,published,"While away at school, Samuel returns home to find out his family has been captured by the Army of Chaos and wants his abilities for their own. Once joining Elite Force, Samuel’s new goal is to stop the army and rescue his family. In this year 2017, Samuel joins the Enlighten Ones in hopes to bring peace to Heaven and restore balance. Their main enemies are the Underworlders.",Main Universe,Heroes,,,Elite Force; Enlighten Ones,24,Light Manipulation; Flight
Eliteverse-Heroes-Villains-A-G,Seile Borbruen,seile-borbruen,Metamorfo,Individual,published,"Seile was born to a mutant mother and a human father who believe that keeping their daughter from the mutant world was the best. While traveling through the Amazon, Seile first learn of her abilities to shapeshift and used it to discover the Tomb of Alfeus. Once the discovery had been made, Seile unlock the blackest magic in history and begun the war between Angels and Demons. Since then she had joined Elite Force in hopes to bring justice. In the year 2020, Seile joins forces with the Doppelganger, the two married and gave birth to Lela (a powerful high level mutant that one day will lead the army of the Angels against the Demons)",Main Universe,Heroes,,,Elite Force; Doppelganger,22,Shapeshifting; Enhance flexibility; Agility; Longevity
Eliteverse-Heroes-Villains-A-G,Alexa Duncan,alexa-duncan,Demeter & Mother Nature (in alternative universe),Individual,published,"Alexa is twin sister of Alex (also known as Sun Man), she haves power over nature and uses her ability to mend her flower shop in Queens, New York. During their youth, Alexa and Alex used their abilities to help their mother put on shows and compete in contest. Their rewards would help pay bills and keep their family fed, however once their mother died of an illness, Alexa and Alex separated and Alex went to school to become a Herbologist while her brother a historian. Alexa joined the ranks of the Elementals of which she later would leave to join Elite Force.",Main Universe,Heroes,,,The Elementals; Elite Force,24,Power over Nature; Limited power over the ground; Limited Telepathy
Eliteverse-Heroes-Villains-A-G,Max Thisend,max-thisend,Tempus or simply Time God,Individual,published,"Max was one of the smartest students in his class, he used his abilities to control time to learn more about the information he classes contain. While attending high school his secret was discovered and he was shipped off to SAA to enhance his abilities. Because of his high level abilities, Max would help Elite Force on and off however his status as one of them isn’t really known.",Main Universe,Heroes,,,Elite Force,19,Time Manipulation; Molecule Regeneration
Eliteverse-Heroes-Villains-A-G,Jane Fawlkner,jane-fawlkner,Robotika,Individual,published,"During the war of machines in the year 3105, Jane was mother of three and wife of a powerful governor who didn’t know of her abilities until one day the war of machines caused her abilities to show them and since then she became a fighter to save the world and her family. Jane controls all technology and can transform her body into massive amounts of technology. Jane travelled back in time to the age of Elite Force in order to gain enough knowledge and power to defeat the Cerebral Androids.",Main Universe,Heroes,,,Elite Force; Freedom Fighters,33,Technokinesis
Eliteverse-Heroes-Villains-A-G,Celestia Barns,celestia-barns,Headmistress Celestia,Individual,published,"Headmistress Celestia Barns was one of the original super-powered humans that fought in the great war of gods, angels, & demons. Her parents were angels with great strength and speed and some say she contain similar abilities. Mostly seen has been her kindness to others with little demeanor toward hatred or anger. Her abilities range from control over minds, telekinesis, power drainage, & immortality. However she contains an extensive list of abilities, she has since her arrival to SAA only shown minor mirror of her true abilities. Celestia became headmistress after the original facility disappears during the raid of 1641 and has since been one of the most prominent figures in Elite Comics history.",Main Universe,Heroes,,,The Immortals; SAA (School of Angels; Descendants); Elite Force,1000,Immortality; Telekinesis; Telepathy; Absorbing
Eliteverse-Heroes-Villains-A-G,Brian Kyle,brian-kyle,Gadget,Individual,published,"Brian Kyle was one of the smartest people in his school, graduating high school at 15 and college at 18. Brian was called Gadget by 20 years old because of his ability to fix anything and his passion for technology. He was admitted into MIT by 21 and graduated top of his class by 23 a record for any student in the school’s history. His abilities allow him to create technology out of almost any substance and fix it at will with little to no prior knowledge of the device. His abilities are called Technopathy and from it, he can also produce weapons and computers out of his body parts. At one point he created giant beasts to travel with and fight with while in Aurelia while his fellow Elite Force members lost their abilities. His honors admitted him to SAA where he begun assisting Elite Force and served as assistant to Celestia “headmistress”",Main Universe,Heroes,,,SAA and Elite Force; Elite Force,25,High Intelligence; Technopathy
Eliteverse-Heroes-Villains-A-G,Aldi-ri,aldi-ri,,Team,published,"An ancient group of demon slaying beings that was given powers by the angels to defeat their enemies. During the moment, this group of empowered beings encountered their first demon on Earth, demonic activity has since grew.",Main Universe,Teams,,,,,
Eliteverse-Heroes-Villains-A-G,Aldi-ri,aldi-ri-individual,Aldi-ri,Individual,published,"The Aldi-ri was the first demon slayers, within their bodies laid the 7 temples that protected the resting place of Belckus. When the world started to grow, the Aldi-ri knowing of their coming ascension to Heaven turned their bodies into the 7 temples and allowed one of their members to remain both in Hell and on Earth to protect against the demons that were looking to destroy the 7 temples. To make it harder to open the temples, the Aldi-ri scattered the 7 temples across the world and set a total of 66 seals circling each temple for added protection. In many myths it is believed that the Aldi-ri are responsible for constructing weapons to defeat demons and several of their kind such as blessing water to kill vampires (Holy Water), cursing doorways, cursing the moon and sun, cursing steel, and even blessing All Hollows Eve.",Main Universe,Heroes,,,Aldi-ri,,Creates portals; Omniprescenes; Galactic Beings; Angelic abilities; Demonic Abilities; Ominisense; Skilled swordsmans
Eliteverse-Heroes-Villains-A-G,Okani,okani,,Individual,published,,Main Universe,Heroes,,,Aldi-ri,,
Eliteverse-Heroes-Villains-A-G,Setsunai,setsunai,,Individual,published,,Main Universe,Heroes,,,Aldi-ri,,
Eliteverse-Heroes-Villains-A-G,Vokai,vokai,,Individual,published,,Main Universe,Heroes,,,Aldi-ri,,
Eliteverse-Heroes-Villains-A-G,Zachariya,zachariya,,Individual,published,,Main Universe,Heroes,,,Aldi-ri,,
Eliteverse-Heroes-Villains-A-G,Symbolus,symbolus,,Individual,published,,Main Universe,Heroes,,,Aldi-ri,,
Eliteverse-Heroes-Villains-A-G,Sealia,sealia,,Individual,published,,Main Universe,Heroes,,,Aldi-ri,,
Eliteverse-Heroes-Villains-A-G,Korse,korse,Demon Shaman,Individual,published,"Age: Estimated over 6,000 years old

Called upon every 1,000 years to fight against the dark forces, Korse was one of the most powerful demon watchers of his time. He once fought a demon lord and his arm was severed, thus the cloth like structure that he has where his left arm once was. Korse appears as he is in his late 20s with long white hair and at times demonic like appearances like horns, black eyes, and markings of demonic origins around his body. It is believed that he is of demon blood however no one has found any definite proof. Korse was called upon to join the Nightwalkers when one of his returning enemies found its way back to the land of the living.",Main Universe,Heroes,,,Aldi-ri; Nightwalkers,,Sensing of demons; Energy based attacks; Turns blood into weapons; Great speed; Skilled swordsman
Eliteverse-Heroes-Villains-A-G,Alien 6,alien-6,,Team,published,"Aliens that travelled to Earth to only get stuck on our world and begins to protect it from the alien forces that has followed them here. Each member is from a different race and collectively they will combine their talents, knowledge, and power to stop anything from disrupting their new home.",Main Universe,Teams,,,,,
Eliteverse-Heroes-Villains-A-G,Dain Richardson,dain-richardson,The Banisher,Individual,published,Considered to be apart of secret society that once visited Earth during a raid of alien Descendants that wanted to find out Earth secrets to make themselves more powerful. Dain would later returned this time apart of a different team that over time would serve as their own partial government implanting a secret plan to unearth some of our world’s greatest secrets and technologies.,Main Universe,Heroes,,,Alien 6,33,Teleportation; Dimensional Energy Projection
Eliteverse-Heroes-Villains-A-G,Debrah Nox,debrah-nox,Vyce,Individual,published,"Abilities: Body is composed of a non-toxic form of mercury

Debrah Nox was from the planet Tuwai, from her world she was considered the most beautiful with her black marble skin. She could stretch her body at will and produce toxins that could cause death if needed. She first met The Banisher at a Galactic Conference on Earth’s moon and from there she would join his ranks in order to provide immunity and peace to her homeworld as it was at war from a neighboring planet.",Main Universe,Heroes,,,Alien 6,21,Which she can reshape; Stretch at will
Eliteverse-Heroes-Villains-A-G,Dedlin Rigin,dedlin-rigin,Super Charge,Individual,published,"Dedlin became Super Charge on his world, Tamaron when he had to fight his government. He was considered its Robin Hood as he fought for the less fortunate and was considered a vigilante. He joined the other Alien 6 members during the Galactic Conference waiting approval to take on his government for rights for his people.",Main Universe,Heroes,,,Alien 6,27,Ability to charge metal with bio-energy
Eliteverse-Heroes-Villains-A-G,Venna Vardos,venna-vardos,Distort,Individual,published,"Venna Vardos was the most wanted on her planet because of her dangerous abilities. She escaped to the Galactic Conference disguising herself aas a princess fighting for her planet. She met the other future members of the Alien 6 of who (disguised as a princess fighting for her home world) invited her to their team. Over time she fought as a hero, vigilante, and villain, with her team members never truly knowing who she is.",Main Universe,Heroes,,,Alien 6,28,Ability to induce extreme disorientation; Nausea; Unconsciousness
Eliteverse-Heroes-Villains-A-G,Ken Rodish,ken-rodish,Mr. Ken,Individual,published,"Abilities: Metabolizes kinetic energy into greater physical attributes

Ken Rodish also known as Mr. Ken was one of the first members of the Alien 6 to induct others to hopefully fight against the Galactic Alliance in uniting all worlds together under one law and one order, controlling their very existence. United by other teams from across the galaxy, the Alien 6 and others formed the Galactic Conference.",Main Universe,Heroes,,,Alien 6,33,
Eliteverse-Heroes-Villains-A-G,Sesta Vitchi,sesta-vitchi,Lady Cyborg,Individual,published,"Abilities: Mechanical genius Able to create numerous types of energy

Main speaker of the Galactic Conference, Sesta also known as Lady Cyborg was very intelligent and possessed unique ways of uniting others from different cultures and worlds as one. She saw the Alien 6 and united them and led them against her enemies the Galactic Alliance.",Main Universe,Heroes,,,Alien 6,29,Cyborg body; Abnormal strength; Reflexes
Eliteverse-Heroes-Villains-A-G,Alpha 6,alpha-6,,Team,published,Created through a chemical spill that spilled out into the center of Elite City,Main Universe,Teams,,,,,
Eliteverse-Heroes-Villains-A-G,Genoe,genoe,Solar Boy,Individual,published,"Age: 19 (human age)

Solar boy was one of the first to create the Alpha 6; it was his goal to comprise a group strong enough to destroy the aliens that attacked his home world. While on Earth searching for these Descendants, Solar boy named Genoe fell in love with one of his fellow teammates The White Archess.",Main Universe,Heroes,,,Alpha 6,,Solar Energy
Eliteverse-Heroes-Villains-A-G,Linda Fairview,linda-fairview,The White Archess,Individual,published,"Linda never knew really what her purpose was in life, until that is when she met Genoe and the two fell in love while he was on Earth. She traveled around the planet in search of others while in the process dating Genoe. Back on Solar Boy’s world, the two married and had a son whose power would end the century old war that the two were in the midst of.",Main Universe,Heroes,,,Alpha 6,18,Kinetic Energy
Eliteverse-Heroes-Villains-A-G,Bethany,bethany,Screeching Harlet,Individual,published,"Bethany was always known by her name the Screeching Harlet because of her sonic blasts that she emits while screaming. Seen with long white and gray hair and ghostly figure, Bethany was believed to have died centuries ago only remaining behind to take vengeance on the descendants of the criminals that took her life. She joined the Alpha 6 in hopes to gather the strength to defeat the last bloodline of the criminals.",Main Universe,Heroes,,,Alpha 6,469,Sonic Blasts
Eliteverse-Heroes-Villains-A-G,Breck Daniels,breck-daniels,Energy Man,Individual,published,"Breck Daniels was one of the many soldiers in his father’s army to protect the world from an evil race of giant robots. By his fans, he is known as Energy Man and by many as the Source of Power because of his energy regeneration abilities.",Main Universe,Heroes,,,Alpha 6,21,Energy Regeneration
Eliteverse-Heroes-Villains-A-G,Dorothy Harmon,dorothy-harmon,Source Girl,Individual,published,"Dorothy Harmon grew up in a small town south of Atlanta, GA and was one of the prettiest girls in her town. She won numerous pageants and was adored by her peers until she caught a virus that caused a strange transformation. Her body bulked up and everything that she touches was absorbed into negative energy of which she could release through great physical force. To find help to return back to normal, she joined the Alpha 6 and sometimes after she learn to accept her mutation and help others with her now found abilities.",Main Universe,Heroes,,,Alpha 6,15,Energy Absorption to become stronger
Eliteverse-Heroes-Villains-A-G,Vector Reems,vector-reems,Parasect,Individual,published,"Fan of the bugs in his mother’s garden house, Vector Reems has devoted his life to find out everything he could about bugs and protecting the ones he come in contact with. One day while researching one of these specimens, Vector got poisoned by one of his insects causing him to react strangely. He received powers similar to that of a bug, he literally had every ability of a bug and could become smaller and bigger at will as one of his abilities. As an adult, Vector now known as Parasect would moonlight as both a team member of the Insectious 4 and Alpha 6.",Main Universe,Heroes,,,Alpha 6; Insectous 4,27,Insect like abilities; Bug wings; Venom; Great hearing; Sight; Ability to see in the dark; Longevity; Durability
Eliteverse-Heroes-Villains-A-G,Alpha Beta Club,alpha-beta-club,,Team,published,"With his super powered team of college students, Coach Darrel Hines brought the group together in hopes to keep them out of trouble. Little did he knew at the time that each one of them had their own special abilities caused by a mysterious star shower that hit their caravan while they were on their way to their first tournament.",Main Universe,Teams,,,,,
Eliteverse-Heroes-Villains-A-G,Ervin Lorenso,ervin-lorenso,The Strategist,Individual,published,Ervin Lorenso was a professional football player that used his great speed and gift of strategic thinking to win several games unknowingly to his team and opponents. Ervin was discovering by an elite team of sports enthusiasts who each had similar abilities related to sports called the Alpha Beta Club.,Main Universe,Heroes,,,Alpha Beta Club,20,Strategic Thinking; Enhance Speed
Eliteverse-Heroes-Villains-A-G,Michael Dowin,michael-dowin,Fireball,Individual,published,Michael Dowin was considered a professional basketball player because of his enhanced ability to omit fireballs in shape of basketballs from his hands and control their movements. He would disguise the balls like basketballs and make the perfect goals. He was inducted into the NBA at 19 and met with Darrell Hines when he was 20 and worked part time as a member of the Alpha Beta Club.,Main Universe,Heroes,,,Alpha Beta Club,20,Basketball like Fireballs
Eliteverse-Heroes-Villains-A-G,Daniel Goop,daniel-goop,Beta Master,Individual,published,"Daniel Goop could have been the world’s best soccer player because of his ability. He had great speed, fast reflexes, and could see movements before they were done during a technique similar to premonitions. However when he was 19 he was discovered by Darrell Hines who was able to induct him into an elite society called Alpha Beta Club and made a vigilante.",Main Universe,Heroes,,,Alpha Beta Club,19,Great Speed; Inhuman reflexes; Precognic motion sensing
Eliteverse-Heroes-Villains-A-G,Johnathan Stevens,johnathan-stevens,Hotshot,Individual,published,Johnathan Stevens had the unique ability to turn his hands into tennis racket like object which could be used as swords and reflect other abilities thrown at him. He was known as the Player because of his great speed and intellectual thinking. He joined the Alpha Beta Club because of his similar interests in sports.,Main Universe,Heroes,,,Alpha Beta Club,23,Body morphing; Relective hands
Eliteverse-Heroes-Villains-A-G,Sin Arnold Baines,sin-arnold-baines,Light Star,Individual,published,"Abilities: Spiked like balls emitting of pure energy

Sin Arnold Baines was the captain of his volleyball team. He traveled the country in hopes to find others to join his team however he eventually broke the group up to join the Alpha Beta Club.",Main Universe,Heroes,,,Alpha Beta Club,21,Light
Eliteverse-Heroes-Villains-A-G,Coach Darrell Hines,coach-darrell-hines,,Individual,published,"Coach Darrell Hines was one of the most sought out professional sports coach in the world mostly because of his ability to provide good numbers during chapter games. However one day, Darrell let the pressure of winning and rich and fame get to him causing him to drink himself into insanity. From that moment, Darrell used his new insanity to recreate his varsity teams under the name Alpha Beta Club however this time around with a mission to literally destroy other teams as he makes it into the major playoffs.",Main Universe,Heroes,,,Alpha Beta Club,44,
Eliteverse-Heroes-Villains-A-G,Androids 168,androids-168,,Team,published,"Created to be superior to humans, yet allow their own unique personalities cause them to resemble those same humans.",Main Universe,Teams,,,,,
Eliteverse-Heroes-Villains-A-G,Android 7 “Se7en”,android-7-se7en,Se7en (Human form),Individual,published,"Created to take on a human life, Android 7 or as she calls herself amongst humans, Se7en or Seven.  Se7en is tall, blonde, and the stereotypical cheerleader with no signs of being a robot, even her insides is human with robotic parts around organs to give her a longer life and abilities similar to those of an abnormal. Her creator remains a mystery but is believed by her and her two brothers to be A.N.G.E.L.",Main Universe,Heroes,,,Androids 168,2,Super Strength; Great Intellect; Lazer beams; Flight; Ice breath; Control over the wind
Eliteverse-Heroes-Villains-A-G,Android 6,android-6,Sech,Individual,published,"Often leader and oldest of his siblings, although only 3 years old, he appears about 17 and takes on the mature role of protecting his family and fighting for any cause that he believes in regardless if its right or wrong. He appears as the stereotypical jock in school with little to no signs of being a robot. He lost his virginity to the school’s head cheerleader much to his sister hatred. With his siblings, he forms the Androids 168 and together they fight crime and at times are often enemies of other superheroes believing that they should be the only ones.",Main Universe,Heroes,,,Androids 168,3,Super Strength; Great Intellect; Fire breathing; Can melt things with his hands; Super speed
Eliteverse-Heroes-Villains-A-G,Android 8,android-8,Huit,Individual,published,"When Android 6 proved to be a successful attempt at creating the perfect teenager and cover-up operation, Android 8 also known in his human form as Huit was created. He is the stereotypical geek that wears glasses, a pocket protector, and abnormal intellect.  His abilities to control the water around him has made him one of the strongest of his siblings and at times the most powerful because he can also control the water found in bodies.",Main Universe,Heroes,,,Androids 168,2,Super strength; Great intellect; Control over water
Eliteverse-Heroes-Villains-A-G,Angel Slayers,angel-slayers,,Team,published,Weapon wielding individuals that despise angels and their self-righteous attitudes. They have taken an oath to wipe the heavens of all angels before Santaniel returns.,Main Universe,Teams,,,,,
Eliteverse-Heroes-Villains-A-G,Damion Scarse,damion-scarse,Litch,Individual,published,One of the youngest Angel Slayers and a ruthless tyrant that uses his abilities to kill angels and other Descendants. Damion also known as Litch was born in South Korea and uses his influence there to train future Angel Slayers.,Main Universe,Heroes,,,Angel Slayers,22,Enhanced Strength; Rapid speed; Giant invisible wings; Necklace that can kill angels
Eliteverse-Heroes-Villains-A-G,Monique Woods,monique-woods,Gomeika,Individual,published,A powerful weapon yet beautiful creature that took human form after being released from hell. Her demonic skin can kill normal humans if touched so to not bring attention to herself she is always seen covered in clothes. Her hair is made of acid and mixed the correct way it can kill other demons including her. She was giving a knife that can kill angels and is one of the secret beauties of the team and one of its most deadly.,Main Universe,Heroes,,,Angel Slayers,28,Enhanced Strength; Long hair made of acid; Knife that can kill angels
Eliteverse-Heroes-Villains-A-G,Phillip Hawns,phillip-hawns,Billith,Individual,published,"Phillip Hawns uses his powers over time to kill his opponents, son of the god Shecknurd; he is the many of Shecknurd’s children that has symbols of Lium “home of the gods” around his body which in return protects him from magic. He joined the Angel Slayers as Billith and has since discarded his godly ancestory.",Main Universe,Heroes,,,Angel Slayers,25,Enhanced Strength; Time Manipulation; Dagger that can kill angels
Eliteverse-Heroes-Villains-A-G,Linly Victos,linly-victos,Trap Queen,Individual,published,"Known for trapping her opponents in a trap made of harden blood. Linly often called the Trap queen is a powerful advisory that is part vampire and part demonic spirit. From her heart lies the souls of all those that she has since killed since her birth. Rumor lies that she has the power to use those souls to control blood in living beings even in those of immortals and alien races. Linly is considered the most powerful member of the Angel Slayers and at times in the absence of the Bornock, she is their leader.",Main Universe,Heroes,,,Angel Slayers,33,Enhanced Strength; Control over Blood; Ambulant to kill angels
Eliteverse-Heroes-Villains-A-G,Ginsing Conan,ginsing-conan,Ace,Individual,published,"Abilities: Can turn his bones into metallic structure weapons

Ginsing Conan is known for his appearance, body made of pure steel bones, Ginsing also called Ace was given a ring that could kill angels by glaring upon their skin. It was said that he himself is a demonic soul that escape from hell during the Black Raid saga.",Main Universe,Heroes,,,Angel Slayers,40,Enhanced Strength; Ring to kill angels
Eliteverse-Heroes-Villains-A-G,Lumus Ventura,lumus-ventura,Bornock,Individual,published,"Known through South Asia because of his brute force tactics used to take over foreign countries. Lumus adopted the name Bornock because of its Elitshian name meaning “control”. It is believed that his longevity comes from an ancient spell that he received from the 13th son of Bewithia. Since the spell’s interaction, Lumus has travelled the world countless times in search of a powerful race of angel slayers, naming his team of such. He would name them the Angel Slayers because of the weapons they carried around their bodies that allowed them to weaken angels so they can kill them and take their knowledge and abilities. He however only created a few known group of angel slayers, with over 7 regions of angel slayer teams in the world.",Main Universe,Heroes,,,Angel Slayers,2000,Enhanced Strength; Control over beats; Demons; Sword to kill angels
Eliteverse-Heroes-Villains-A-G,Arabian Thieves,arabian-thieves,,Team,published,"Some of the greatest thieves in history, the team of disastrous thieves prides themselves on gathering all the world’s most precious items.",Main Universe,Teams,,,,,
Eliteverse-Heroes-Villains-A-G,Mischa Idura,mischa-idura,,Individual,published,"Mischa Idura was the beautiful wife to Sensai, the King of Barburis. After many years of serving as his advisor and unknowningly to his knowledge, his very own protector. Mischa decided to use her abilities over dust to help out with the kingdom of which she helped to rule. She became the Sand Gypsy.",Main Universe,Heroes,,,The Arabian Thieves; Arabian Thieves,33,Power over Dust
Eliteverse-Heroes-Villains-A-G,Daniel Arshka,daniel-arshka,,Individual,published,"Daniel Arshka fought alongside his fellow thieves to protect the poor from the hands of Sensai. Daniel met Mischa while trying to destroy the royal kingdom, after years of fighting, the two found love in each other after mutually saving a small girl from one of Sensai men who was destroying her home for a new mall. Daniel went by the name Lord of Sand because of his similar abilities over the sands.",Main Universe,Heroes,,,The Arabian Thieves; Arabian Thieves,30,Power over Sand
Eliteverse-Heroes-Villains-A-G,Minden Rockari,minden-rockari,,Individual,published,"Abilities: Body Manipulation with the help of sand

Minden Rockari was the main general of Daniel Arshka over his Arabian Thieves. He possessed the ability to turn sand into hard substance stronger than diamond however slicker than ice. He could also turn the sand into differnet shapes and turn his body to match different alloids.",Main Universe,Heroes,,,The Arabian Thieves; Arabian Thieves,41,Molecule Manipulation over sand
Eliteverse-Heroes-Villains-A-G,Arma Indras,arma-indras,,Team,published,"One of the most feared groups of villains in history, the Arma Indras has caused some of the biggest crimes throughout history. Starting from their home of Russia all the way down to Elite City.",Main Universe,Teams,,,,,
Eliteverse-Heroes-Villains-A-G,Sika Sibuichi,sika-sibuichi,Appeara,Individual,published,"Responsible for terrorizing several cities with her mind abilities, Sika Sibuichi has always been a woman of fear to others. Once while a child, Sika probed the mind of her mother of whom she found out was going to send her away to boarding school because of her attitudes. While her mother was asleep one night, Sika used her abilities to place her mom into an eternity long coma. These actions led, Sika to go on the run of which later on in life she would join the Arma Indras who accepted her because of her dark personality and twisted ways of thinking. At one point of her life she would join forces with The Mentals to gain more power over the mind.",Main Universe,Heroes,,,Arma Indras; The Mentals,36,Mind Probing
Eliteverse-Heroes-Villains-A-G,Kenith James,kenith-james,Kinect,Individual,published,"Born in Translyvannia, Kenith James is not a stranger to be called a vampire, mostly because of his old world uniforms, british accent, and vampire like teeth, even his entire personality is dark. Kenith would learn quickly that the world was an ugly place and that it would take him and others to fix it in their own twisted image. Kenith would travel the world as Kinect and would recruit four powerful Descendants that could utilize the power over the mind and use it for their advantage.",Main Universe,Heroes,,,Arma Indras; The Mentals,38,Mind Shock
Eliteverse-Heroes-Villains-A-G,Shaun Masters,shaun-masters,Dream Scape,Individual,published,"Shaun Masters was pronounced brain dead at the end of the year 2006, suffering from a deadly car crash, Shaun would be trapped in a world made of illusions and dreams and would learn how to survive very quickly. As many people thought Shaun was dead, his mind was very much alive, of which he learned how to manipulate dreams and use it to contact others. While visiting a dream of a powerful mental named Kinect, Shaun now known as Dream Scape would get to know the individual and work on his team as a guy on the inside as Kinect called him.",Main Universe,Heroes,,,Arma Indras,29,Dream Mastering
Eliteverse-Heroes-Villains-A-G,Mark Biesters,mark-biesters,Probe,Individual,published,"Paralyzed due to a horrible skiing accident, Mark Biesters found himself stuck in a wheel chair forever. After years of feeling angry at himself and the world around him, Mark would use his dreams to escape reality, a place where he could walk once again. Unknown to him at the time he would be able to use his dream self in the real world through a powerful form of Astral Projection. This event in his life led him to join the Arma Indras after meeting Kenith James in a dream he had, to learn more about his abilities and to make them as powerful as ever.",Main Universe,Heroes,,,Arma Indras,,Dream astral Projection
Eliteverse-Heroes-Villains-A-G,Armored Guild,armored-guild,,Team,published,"Using powered suits, these crime fighting vigilantes find themselves going after the newly created Guild of Super Villains.",Main Universe,Teams,,,,,
Eliteverse-Heroes-Villains-A-G,Gaylen Armorage,gaylen-armorage,Steel Knight,Individual,published,"Abilities: Suit powered with giant lazer beams from his hands

Traveling all the way from America to Elite City, Gaylen created a secret team of super armored heroes that caused more damage when saving the day. Where they fall short of not causing damage to the city. The entire city is greatly protected by Gaylen and his team. Gaylen is one of the seven smartest people in the world having created his billion-dollar collection of suits each aimed at different aspects of being a hero.",Main Universe,Heroes,,,Armored Guild,41,Chest
Eliteverse-Heroes-Villains-A-G,Perla Jamison,perla-jamison,Iron Maiden,Individual,published,"Abilities: Long steel hair that can be used like a whip

During the age when heroes and villians are all battling each other, Perla Jamison decided to try out one of her father’s inventions where psionic charges from pads on an armor were used in the Great World War between Elite City, Atlantis, Muu, and Russia. The suit fell into dismay causing Perla’s father death. She becomes the Iron Maiden to battle alongside her new mentor Steel Knight as part of the Armored Guild.",Main Universe,Heroes,,,Armored Guild,25,Suit powered; Super strength; Enhanced vision; Lazer beams from fingers; Eyes
Eliteverse-Heroes-Villains-A-G,Bushka Oldmidilhy,bushka-oldmidilhy,Metal Warrior,Individual,published,"Following the Russian war against numerous other countries during the Great World War, Bushka found himself on the wrong side of the war and allied against his home Russia. For this he was hunted until he found Alds Jamison twenty years ago and became the Metal Warrior using one of his armored heroes. Later in life, he joins the Armored Guild believing their mission is the same as Jamison’s dream years ago.",Main Universe,Heroes,,,Armored Guild,55,Suit powered; Super strength; Enhanced speed; Lazer beams from mouth
Eliteverse-Heroes-Villains-A-G,Cris Ivors,cris-ivors,Marble Patriot,Individual,published,"Abilities: Suit powered symbiote that gives him super strength; Lazer beams from glass orbs on his head

Born to a defected skull, Cris was always in the hospital and was considered critical. Until one day he was visited by an irish woman who promised that he would live to be a hero and take on the name of Marble Patriot. The vision came true when a surgery performed by an alien giften him with a symbiotic suit that gives him incredible powers. He joins the Armored Guild for several years while also being a solo hero.",Main Universe,Heroes,,,Armored Guild,33,Enhanced hearing; Senses; Hands; Chest
Eliteverse-Heroes-Villains-A-G,Dominus Casen,dominus-casen,Armored Pirate,Individual,published,Dominus has a split personality disorder that causes him to become a villain overnight. During the day he is a part of the Armored Guild as a hero while at night his other half becomes dangerous and comits many crimes against his fellow team members. His condition worsens whenever he comes in direct contact with the moon’s light. His suit was given to him through a discovery of an alien ship one night when he had his first episode. It is believed that the ship gave him his split personality disorder through a discharge before the ship exploded.,Main Universe,Heroes,,,Armored Guild,22,Suit powered with super strength; Lazer beams from feet; Hands; Enhanced speed; Invisibility
Eliteverse-Heroes-Villains-A-G,Army of Chaos,army-of-chaos,,Team,published,"Like their name states, the Army of Chaos brings chaos behind them wherever they are, led by one of the deadliest criminals in history, Armageddon. Their goal is to bring an end to current life as they see it as unfit for the precious lands around us.",Main Universe,Teams,,,,,
Eliteverse-Heroes-Villains-A-G,Azir Oriya,azir-oriya,Armageddon,Individual,published,"10,000 years ago, there lived a tyrant by the name of Azir Oriya. With his rampage he forced many cities and countries into slavery and caused many deaths. His greed for power caused him to invoke in powerful dark magic that gave him more power than anything in the universe. He was however consumed by so much black magic that it overcrowded his mind causing him to be placed into an inanimate state. During his sleep Azir’s slaves placed him into a tomb. It is told that he would be released from his sleep and brings forth Armageddon which brought on his name during the 18th century by scholars.",Main Universe,Heroes,,,Army of Chaos,12000,Immortality; Enhanced physical abilities; Psychic abilities; Elemental powers
Eliteverse-Heroes-Villains-A-G,Nerfitia,nerfitia,The Black Shadow,Individual,published,"A long time ago sealed away for punishing thousands existed a queen known as Nerfitia and alongside her existed powerful spirits known as the Denri. She used the life forces of others to move throughout the dimensions bringing destruction. It wasn’t until her death that her reign lasted for nearly 100 years. Brought back by Armageddon, Nerfitia also known as the Black Shadow returns to continue her pledge of world domination. It is written that Nerfitia and Azir Oriya if reunited would be the rulers of the new world and destroy those that oppose them.",Main Universe,Heroes,,,Army of Chaos; leader of the Denri,7000,Power over the dead; Shadows; Telekinesis
Eliteverse-Heroes-Villains-A-G,Elasen Reicks,elasen-reicks,Molti,Individual,published,Elasen was born to mortal parents however he grew up with powers which caused him to be outcast by almost everyone he met. This caused a void between Elasen and everyone around him which invoked his abilities to cause clones of himself to bring havoc to everyone.,Main Universe,Heroes,,,Army of Chaos,28,Multiplication
Eliteverse-Heroes-Villains-A-G,Sarerara,sarerara,Dark Mistress,Individual,published,"Sarerara as a child was left alone most of her life while her parents went searching for her long lost sister. This caused Sarerara to grow tired of her parents’ absence and her loneliness, turning her evil in the process. She cast a powerful curse over her kingdom and would rule it and its surrounding planets. She would then go by the title The Dark Mistress.",Main Universe,Heroes,,,Army of Chaos,2000,Telekinesis; Telepathy; Dark magic
Eliteverse-Heroes-Villains-A-G,Tommie Hendricks,tommie-hendricks,Dark Pyro,Individual,published,Not much is known of Tommie Hendricks because of his secretive past. The only thing that most know of him is that he hates neutrally anything and only works alongside Armageddon to give him more power and dispel of anything that stops him from enjoying his peace.,Main Universe,Heroes,,,Army of Chaos,39,Dark Energy Bolts
Eliteverse-Heroes-Villains-A-G,Jimmy Beleign,jimmy-beleign,Asunto,Individual,published,"Father of two and husband to an adoring wife, caused Jimmy Beleign to leave home for a job that would secure his family’s household. Out of work and nowhere to get a job, Jimmy took an offer from a mysterious character that would cause him to steal and even kill others. Over time, Jimmy forgotten of his ways and after placing his family a nice fortune, Jimmy relocated and joined the Army of Chaos apparently brain washed by dark magic. However after the great war of angels and demons, not much is mention of what happens to him, although a story in Chapter 13 suggested that he became a powerful political figure living a new life.",Main Universe,Heroes,,,Army of Chaos,46,Power over Matter
Eliteverse-Heroes-Villains-A-G,Mira Aiden,mira-aiden,Lady Ivy,Individual,published,"Constantly picked on in school, caused Mira to eventually drop out and run away from home. While away in KanSAA, Mira met up with a bug that gave her poisonous attributes. In Chapter 24, Mira leaves the Army of Chaos and joins the Insectous 4 where she then leads the group after Vernia left the group.",Main Universe,Heroes,,,Army of Chaos; Insectous 4,28,Poisonous abilities
Eliteverse-Heroes-Villains-A-G,Gertrude Porvix,gertrude-porvix,Dark Sage,Individual,published,Gertrude has always been one of the most feared beings in the universe. She can control the energy around her and uses it to battle her enemies. Although her past isn’t known she made certain that her major goal in life would be to control the world. Her ability to control the dark energy in people allows her to be one of the most powerful Descendants.,Main Universe,Heroes,,,Army of Chaos,78,Control over Dark Energy
Eliteverse-Heroes-Villains-A-G,Ascension,ascension,,Team,published,"Finding each other when the other needed help, this team of unique individuals uses their abilities to cast a glow of hope for anyone that has once been abandoned or needed help.",Main Universe,Teams,,,,,
Eliteverse-Heroes-Villains-A-G,Tricia-anne Helton,tricia-anne-helton,Voix,Individual,published,"Abilities: Able to control others through her voice

Capable of controlling individuals with spoken tongue, Tricia-anne has been using her gifts since she was a little girl and often got her in trouble with many including the law and her parents. Placed in TANTIRITH at a young age, Tricia-anne became Voix when she helped the team to defeat a psychopath. When she was captured by Abyss in an attempt to get to the Elite Force, Voix realized that she wasn’t interested in crime fighting and resulted to becoming a teacher at TANTIRITH instead. In the future, she returns as a member of a new group and becomes its leader.",Main Universe,Heroes,,,Elite Force; Ascension; TANTIRITH,29,
Eliteverse-Heroes-Villains-Solo-Characters,Chaz Riverson,chaz-riverson,The Electrician,Individual,published,"A gentle soul with a electric heart is what his grandmother the previous Guardian Soul used to call him. However, the world knew him as the superhero Electrician during the 90s and 2000s. During these times, Chaz could borrow the electricity from devices and machinery to build up his power. His armor was a small conductor that could generate massive amounts of electricity which would be used as shields, weapons, attacks, and even modes of flight and teleportation. One day while fighting Molecule, Chaz was hurt so bad that he feared he wouldn’t live to see his, at the time newborn twins, so he quit the superhero business. In the years to come, he would raise his twins Kilo and Watts unaware of their own superhero identity.

When he was young, Chaz was one of the few kids able to rob a bank and leave no trace. He has since been sought out by hundreds of robbers and villians for his abilities to write anything into reality using his blood. He goes by Blood D’nero because of his unique and rare abilities and often assists with stealing from high security places. It is revealed that in the near future he becomes a good guy and becomes part of the team Ascension.",Main Universe,Heroes,,,Kilo; Watts; Ascension,33,Electric Manipulation
Eliteverse-Heroes-Villains-A-G,Justyn Hale,justyn-hale,Abyss,Individual,published,"Once a villain capable of destroying cities using blackholes, Justyn Hale destroyed his home, killed his parents, and has only his memories and his dog to keep him comfort and at times alive. His constant hatred for his abilities and his string of bad luck in life causes him to often do things that he wish he didn’t such as destroying various locations throughout time. It is revealed in one story that, Justyn uses his abilities and at times is sucked into the blackhole only to appear in various places in time and the reason behind such tragic events such as Atlantis, Pompei; etc falling is because of his destructive powers. The reason revealed that he doesn’t die when entering the blackholes is because he is the creator of them and can subconsciencely control them. Justyn becomes a member of Ascension because of his unique abilities and slowly redeems himself by saving others.",Main Universe,Heroes,,,Ascension,25,Can create blackholes; Travel through time
Eliteverse-Heroes-Villains-A-G,Ashrac Team,ashrac-team,,Team,published,Because of their unique position. This team of three witnessed the battle between magic and while they were supposed to have forgotten this. Their minds created a chemical compound that allowed them to remember plus giving each a different ability.,Main Universe,Teams,,,,,
Eliteverse-Heroes-Villains-A-G,Silge Lassen,silge-lassen,Silver Iron,Individual,published,"During time of the ancient wizards, there were several humans that witnessed the battle between magic. This caused the wizards to rid them from the world, however because of the humans witnessing magic in action, their minds and bodies compiled a chemical that gave them immunity thus making the wizards power was useless. Silge Lassen was one of those humans and was given the power to make anything turn into glass, she changed her name to Silver Iron and help create the team called Ashrac.",Main Universe,Heroes,,,Ashrac Team,13,Ability to make glass
Eliteverse-Heroes-Villains-A-G,A.J Johnson,aj-johnson,Volcano Man,Individual,published,"During time of the ancient wizards, there were several humans that witnessed the battle between magic. This caused the wizards to rid them from the world, however because of the humans witnessing magic in action, their minds and bodies compiled a chemical that gave them immunity thus making the wizards power was useless. A.J was one of thos humans was given the power to melt anything he touches. Because of his ability he was called Volcano Man and assisted in creating a team called Ashrac.",Main Universe,Heroes,,,Ashrac Team,18,Able to melt objects
Eliteverse-Heroes-Villains-A-G,Jenna Aldenhine,jenna-aldenhine,Glaze,Individual,published,"During time of the ancient wizards, there were several humans that witnessed the battle between magic. This caused the wizards to rid them from the world, however because of the humans witnessing magic in action, their minds and bodies compiled a chemical that gave them immunity thus making the wizards power was useless. Jenna Aldenhine was one of those humans and was given the ability to fly. She called herself Glaze and along with the other members of the Ashrac Team, she was assisted in protecting the human race from dark magic and at times even the gods.",Main Universe,Heroes,,,Ashrac Team,15,Flight
Eliteverse-Heroes-Villains-A-G,Battle Guardians,battle-guardians,,Team,published,,Main Universe,Teams,,,,,
Eliteverse-Heroes-Villains-A-G,Molly Rifiru,molly-rifiru,,Individual,published,"Mother of Rizer, she is the stereotypical soccer mom at least called by her peers, after losing her daughter and husband to a fire caused when Rizer was very young, she became more in tempt to make sure her son is safe from harm. During a fight after the final day of school, Molly sent Rizer to camp in hopes he could find solid ground and learn from his new peers. She is also a lawyer.",Main Universe,Heroes,,,Battle Guardians,,
Eliteverse-Heroes-Villains-A-G,Rizer Rifiru,rizer-rifiru,,Individual,published,"Creature: Clown Magician

The hero of the story, he is tough, strong willed, and will do anything to save the helpless. Once bullied, he showed his bully kindness when it was revealed that he was alone most of the time at home which caused his attitude at school. Rizer came to Aurelia by reading out loud a spell which transported him to the new world. There he found that he is the descendant of the Domi Mages and through him, he will save the world with the help of other descendants. His partner of choice is the Clown Magician which acts like him at times.",Main Universe,Heroes,,,Battle Guardians,13,
Eliteverse-Heroes-Villains-A-G,Zara Collins,zara-collins,,Individual,published,"Creature: Aquadog > Gian

Smart and self loathing young girl that is head strong and often but heads with Rizer on things related to certain missions. She meets Rizer and is the first to befriend him on his journey throughout Aurelia. She has the ability to see events before they happen and her village has called on her to protect them from harm using those very gifts. She loves flowers and the smell of candy although she is often allergic to Earth candies but can enjoy Aurelian ones.",Main Universe,Heroes,,,Battle Guardians,13,
Eliteverse-Heroes-Villains-A-G,Taylon Urikuru,taylon-urikuru,,Individual,published,"Creature: Cyber Puppy > Cyber Hound > Cyber Cerebus

Friend of Rizer and Zara. He is tall, quiet, and quite shy at times. Although he strong and is used as the teams often muscle. He hates fighting and prefers to fix things as these calms him whenever distressed. He has shown on numerous occasions to become protective and even start a fight to protect others.",Main Universe,Heroes,,,Battle Guardians,14,
Eliteverse-Heroes-Villains-A-G,Jensen,jensen,,Individual,published,"Creature: Serjes (until Serjes leads the team on missions)

A protector and guide to the Battle Guardians or protectors as he calls them at times. He is tall, usually investigates the distance in silence. His long white hair has said to be able to cure sickness and is often sought out by others. He is a skilled fighter and teaches the Battle Guardian their numerous fighting skills.",Main Universe,Heroes,,,Battle Guardians,36,
Eliteverse-Heroes-Villains-A-G,Dr. Emilia Aresta,dr-emilia-aresta,,Individual,published,"Creature: Suppatti > Ogguny

A skilled doctor that can heal almost any lifeform or at least knows how to through numerous studies she has gathered. She is responsible for providing various technological devices to the Battle Guardians including other Battlers across Aurelians. Her office is found at the entrance of almost every gate into Aurelia from other worlds by magic. With technology and magic, she has provided her likeness to androids that appear throughout Aurelia to help nurse and heal (through the use of machines) in a place known as the Aura Houses. Here all types of creatures and Aurelians come to get treated. Her partner of choice is Suppatti and sometimes Ogguny of which assists her in helping others. At times the androids can appear slightly different to match the respective environment such as in a place of rocky terrain, an android can appear to like rock climbing wearing boots while an underwater Aura House can have an android that wears mostly swimming like attire, etc.",Main Universe,Heroes,,,Battle Guardians,40,
Eliteverse-Heroes-Villains-A-G,Kendra Lucutti,kendra-lucutti,,Individual,published,"Creature: Pluruppa > Seeda > Rose Fairy

Kendra, since a young girl, showed a strong desire to help others. While her childhood is a mystery, she has since shown to have no memory of it (with her sister believe that she is blocking it out). She showed to be a Battle Guardian when her crest appeared on her neck. She showed strong magical abilities when protecting a flock of wild creatures in her garden from a wild attack.",Main Universe,Heroes,,,Battle Guardians,10,
Eliteverse-Heroes-Villains-A-G,Debren,debren,,Individual,published,"Taylon’s father, he is brute and often cares little for the outside world, until chapter 2, he was thought to be dead and was considered a spirit until a story spoke about him being captured by Lord Behemoth and used his dreams to attack Taylon. He shortly returned home to his family and reunited by his long lost wife in the process.",Main Universe,Heroes,,,Battle Guardians,46,
Eliteverse-Heroes-Villains-A-G,Gia,gia,,Individual,published,"Kendra’s older sister, she took care of Kendra after their parents died in a fire. She often appears as a techie for the Battle Guardians and leads them through several adventures that often rely on outside assistance. She is joined alongside Dr. Aresta and Jensen.",Main Universe,Heroes,,,Battle Guardians,20,
Eliteverse-Heroes-Villains-A-G,Black Knights,black-knights,,Team,published,A band of thieves that uses their enhanced abilities to start a chain of unsolved robberies throughout Elite City.,Main Universe,Teams,,,,,
Eliteverse-Heroes-Villains-A-G,Mitch Coner,mitch-coner,Vision Master,Individual,published,"Due to an experiment done to him when he was a child, Mitch Coner has received seven enhanced vision abilities along with enhanced vision to see things miles away at precision. Because of his abilities, he quickly started to use them for his own schemes and thievery. He created a band of robbers with unique talents and started becoming the most notorious group of thieves in Elite City.",Main Universe,Heroes,,,Black Knights,29,X-ray Vision; Panoramic Vision; Infraed Vision; Night Vision; Ultraviolet Vision; Telescopic Vision; Aura Vision
Eliteverse-Heroes-Villains-A-G,Nick Browns,nick-browns,Night Watch,Individual,published,"With all of his senses at extreme levels, Nick would often use his abilities to steal things that he considered to be challenging to steal. Nick met Mitch Coner while robbing the same bank, after a quick fight over the money, they agreed to work together and use each other for joint riches. Nick would go by Night watch and would be the group’s eyes and ears while entering into places. He is also considered the group’s best thieft because of his enhanced reflexes.",Main Universe,Heroes,,,Black Knights,34,Enhanced Senses; Reflexes
Eliteverse-Heroes-Villains-A-G,Luke Dale,luke-dale,Coyote,Individual,published,"During his initial years as a superhero under the team Elite Force where he tought martial arts and swordmanship to the new recruits, Luke notice how many people would overlook him thus causing him to leave the team. Frustrated with his recent team, he promised to never join another team and thus went solo on several missions including meeting and battling several other characters throughout Elite Comics Universe over the course of his lifetime. It wouldn’t be until almost 50 years later that he would be in another group, this time as a thieft believing that his true calling is to get what he deserves which would be the riches of others. He would then go by Coyote because his animal behavior and outfit.",Main Universe,Heroes,,,Black Knights; Elite Force,31,Enhanced Durability; Strength; Agility; Cyber claws; Slowed down healing factor
Eliteverse-Heroes-Villains-A-G,Yedlia Cranken,yedlia-cranken,Lady Icesickle,Individual,published,"During her youth, Yedlia has always been somewhat of a troublemaker, often leaving her aunt and uncle up all night wondering where she was located and if she was in trouble. During her birth, her parents disappeared, causing her to rebel in her teens. She came into her abilities once she hit puberty and has since worked with the Black Knights as their youngest member and after leaving the group, she became on/off their team member and later one of the many Descendants that can use ice as their ability.",Main Universe,Heroes,,,Black Knights,26,Can use ice from body
Eliteverse-Heroes-Villains-A-G,Celestial Guardians,celestial-guardians,,Team,published,Chosen by the High Council to defend the Heavens and Earth if ever Santaniel and his dark forces return. Later their mission was to awaken and then protect the future ruler of Heaven in the absence of the Ultimate Power.,Main Universe,Teams,,,,,
Eliteverse-Heroes-Villains-A-G,Araja Barnitchi,araja-barnitchi,Celestial Guardian of Araboth,Individual,published,"Age: 19 (on Earth)

Chosen by the Ultimate Good to protect the highest level of Heaven. Araja Barnitchi is the leader and highest in command of the Celestial Guardians. Unlike her fellow team members, she was sent to Earth in a slumber and couldn’t be awaken until her entire team was united. In Heaven, Araja was a powerful angel and with her power ranging from light based to sun rays, Araja was considered one of the strongest angels in Heaven. Her mother was Eve, Queen of Heaven and she was next in line to become the new royal throne of Heaven ruling over all angels. However this was put on hold when she was sent to Earth during the great battle and placed in a deep slumber.",Main Universe,Heroes,,,Celestial Guardians,,Power over Light; Healing; The Sun
Eliteverse-Heroes-Villains-A-G,Silent Spell,silent-spell,,Individual,published,,Main Universe,Heroes,,,Celestial Guardians,,
Eliteverse-Heroes-Villains-A-G,Spirits of Light,spirits-of-light,,Individual,published,,Main Universe,Heroes,,,Celestial Guardians,,
Eliteverse-Heroes-Villains-A-G,Summnor’s Curse,summnors-curse,,Individual,published,,Main Universe,Heroes,,,Celestial Guardians,,
Eliteverse-Heroes-Villains-A-G,Cosmic Power,cosmic-power,,Individual,published,,Main Universe,Heroes,,,Celestial Guardians,,
Eliteverse-Heroes-Villains-A-G,Galactic Void,galactic-void,,Individual,published,,Main Universe,Heroes,,,Celestial Guardians,,
Eliteverse-Heroes-Villains-A-G,Angel’s Punishment,angels-punishment,,Individual,published,,Main Universe,Heroes,,,Celestial Guardians,,
Eliteverse-Heroes-Villains-A-G,Numera Cantain,numera-cantain,Celestial Guardian of Shehaqim,Individual,published,"Age: 19 (on Earth)

Sent to Earth during the great demonic battle against angels in Heaven. Numera was the closest friend to Araja until she was sent to Earth to protect it from the approaching demonic army. Sadden by Araja leaving on her own, Numera left to follow her. However when she landed to Earth, most of her memory was erased by the descend and she lived as a normal human teenager until she was told of her past again. After which she became the Celestial Guardian of Shehaqim. Her personality is that of a dim witted but loyal friend. She is a joker and loves to swim and play water based sports. Her attacks are water based.",Main Universe,Heroes,,,Celestial Guardians,,Power over the Water
Eliteverse-Heroes-Villains-A-G,Aquatic Temple,aquatic-temple,,Individual,published,,Main Universe,Heroes,,,Celestial Guardians,,
Eliteverse-Heroes-Villains-A-G,Poseidon’s Curse,poseidons-curse,,Individual,published,,Main Universe,Heroes,,,Celestial Guardians,,
Eliteverse-Heroes-Villains-A-G,Ocean Quake,ocean-quake,,Individual,published,,Main Universe,Heroes,,,Celestial Guardians,,
Eliteverse-Heroes-Villains-A-G,River of Death,river-of-death,,Individual,published,,Main Universe,Heroes,,,Celestial Guardians,,
Eliteverse-Heroes-Villains-A-G,Atlantis Power,atlantis-power,,Individual,published,,Main Universe,Heroes,,,Celestial Guardians,,
Eliteverse-Heroes-Villains-A-G,Rai Lyn Togachu,rai-lyn-togachu,Celestial Guardian of Machen,Individual,published,"Age: 18 (on Earth)

Strong minded and well organized, Rai Lyn was the well sought angel on war techniques against the dark forces while in Heaven. She was sent to Earth to watch over it but because of its growing influence she would forget about her past however retaining her recent passion for technology, strategies, organizations, and well sought out plans. Considered a book worm throughout her lifetime, she is called on once again to often guide and lead her fellow Celestial Guardians on various missions with several gadgets including a high tech pair of glasses and small pocket computer. Power of Middle Earth",Main Universe,Heroes,,,Celestial Guardians,,Power over Earth
Eliteverse-Heroes-Villains-A-G,Earth Shatter,earth-shatter,,Individual,published,,Main Universe,Heroes,,,Celestial Guardians,,
Eliteverse-Heroes-Villains-A-G,Ground Destroyer,ground-destroyer,,Individual,published,,Main Universe,Heroes,,,Celestial Guardians,,
Eliteverse-Heroes-Villains-A-G,Rock Blaster,rock-blaster,,Individual,published,,Main Universe,Heroes,,,Celestial Guardians,,
Eliteverse-Heroes-Villains-A-G,Earth Beam,earth-beam,,Individual,published,,Main Universe,Heroes,,,Celestial Guardians,,
Eliteverse-Heroes-Villains-A-G,Valerie Sikari,valerie-sikari,Celestial Guardian of Vilon,Individual,published,"Strong and impatient, Valerie is hot headed and believes in a head on approach instead of rational reasoning. She is not very strategic and often fails at many tasks because of this. Although a great fighter, Valerie was sent to Earth to learn from humans and other fallen angels and she has since been forbidden to return to Heaven until she learns certain life skills. Although not a punishment, Valerie often considers this to be such and has a hard time believing in good at times. She became evil on several occasions because of often naivety. She slowly begins to learn why she was sent to Earth when joining the Celestial Guardians.",Main Universe,Heroes,,,Celestial Guardians,280,Power over Emotions; Empathy; Telepathy
Eliteverse-Heroes-Villains-A-G,Synthia Hokura,synthia-hokura,Celestial Guardian of Ma’on,Individual,published,Synthia is one of the few angels to remember who she was before the battle of angels and demons. She posseses the power over thunder and is a very athletic individual. She loves all sports and take very much passion for mortal sports including angelic sword fighting. She is the Celestial Guardians most skilled fighter often using weapons and physical techniques instead of her celestial powers in combat. She met the other Celestial Guardians while fighting a ward of demonic bounty hunters.,Main Universe,Heroes,,,Celestial Guardians,399,Power over Thunder
Eliteverse-Heroes-Villains-A-G,Mindy Solozar,mindy-solozar,Celestial Guardian of Zebul,Individual,published,"One of the highest angels in the hierarchy of Heaven. Mindy Solozar was chosen to go to Earth to help find and unite the Celestial Guardians. She is one of the few who remembers her past as an arch angel fighting as a Celestial Guardian. Her closest friend is Vesat and from their partnership she fought by herself for nearly 100 years until she met the other Celestial Guardians. Her personality is said to be cold and unbroken and because of her true angelic status, she is unable to feel many emotions however she does grow a close bond with the other Celestial Guardians.",Main Universe,Heroes,,,Celestial Guardians,425,Power over Ice
Eliteverse-Heroes-Villains-A-G,Olivia Spaulding,olivia-spaulding,Celestial Guardian of Shamayim,Individual,published,"Able to regenerate from any womb, Olivia was a normal human with a unique genetic makeup until she was caught off guard by a dying angel who gave her the Celestial Stone of Shamayim believing that Olivia could continue her destined mission to defeat a raid of demons that were terrorizing the Earth. She became one of the seven Celestial Guardians.",Main Universe,Heroes,,,Celestial Guardians,18,Regeneration; Enhanced Strength; Speed; Lazer Beams
Eliteverse-Heroes-Villains-A-G,Lessa Jomille,lessa-jomille,Celestial Guardian of Raquie,Individual,published,"Age: 21 (on Earth)

A party magician, Lessa was once a powerful spell casting angel who worked for the armory in Heaven. She helped build magical weapons and even assisted in building the Key of Humanity for the side of good in the battle of angels and demons. When she was sent to Earth to retrieve it, she lost her memory and was thus given a human life. She lived out her life as a party magician that could perform partial real magic until she was given the Celestial Stone of Raquie and she became its guardian shortly after saying its name.",Main Universe,Heroes,,,Celestial Guardians,,Magical Powers
Eliteverse-Heroes-Villains-A-G,Sarah Ukata,sarah-ukata,Celestial Guardian of Machon,Individual,published,"Age: 21 (on Earth)

A priestess to spirits who have died to suddenly. Sarah’s job in heaven was to ensure the easiest transition possible for young spirits while entering the afterlife. When the great battle of angels and demons was happening at the gates of Heaven. Sarah made the choice to attend the battle to make sure that the spirits would pass through safely. However at the edge of the battle ending, Sarah was casted to Earth. Here she lost her memory and was given a human persona. In her mortal life she continued to help others in need in the way of being a young priestess who could speak to spirits, read minds, and help the living speak to their deceased loved ones. This particular gift proved to be unstable and often a hoax amongst nonbelievers although all of her predictions were 100% accurate. She became the Celestial Guardian of Machon after she was visited by a lost spirit she helped while in Heaven.",Main Universe,Heroes,,,Celestial Guardians,,Psychic Powers
Eliteverse-Heroes-Villains-A-G,Nioki Kentita,nioki-kentita,Celestial Guardian of Time,Individual,published,"Nioki Kentita along with Senta Miochi were always close friends. Since they were young individuals, they possessed unique powers. Their individual tribes prayed to their gods to allow these two girls to be worshipped as deities and to be placed in the stars where their great power can be recognized. One day Nioki was sent through time by the way of magic and was given the Celestial Stone which allowed her to become the Celestial Guardian of Time. She would then receive special instructions from a voice which would tell her to defend existence at all cause from dark forces. She united with Senta and their friendship grew and they became the Protectors of Time and Space.",Main Universe,Heroes,,,Protectors of Time; Space; Celestial Guardians,,Power over the Time
Eliteverse-Heroes-Villains-A-G,Senta Miochi,senta-miochi,Celestial Guardian of Matter,Individual,published,"Senta Miochi along with Nioki Kentita were always close friends. Since they were young individuals, they possessed unique powers. Their individual tribes prayed to their gods to allow these two girls to be worshipped as deities and to be placed in the stars where their great power can be recognized. One day Senta was sent into space and was given the Celestial Stone which allowed her to become the Celestial Guardian of Matter. She would then receive special instructions from a voice which would tell her to defend existence at all cause from dark forces. She united with Nioki and their friendship grew and they became the Protectors of Time and Space.",Main Universe,Heroes,,,Protectors of Time; Space; Celestial Guardians,,Power over Metal
Eliteverse-Heroes-Villains-A-G,Nicole Hutauc,nicole-hutauc,Celestial Guardian of Space,Individual,published,"A strong opponent and grateful ally, Nicole guards all Space, she is a descendant of the being called Space and she has been known to actually have somewhat of a resemblance to it. Since she was young she showed great talent such as moving objects with her mind, creating electronic fields around herself which could protect herself while repelling others. Not much is known of her upbringing as since she was 18 she only remembers living on a rock in space protecting all things from dark forces. She has since been to over 3,000 planets all containing life forms. She met Senta Miochi and Nioki Kentita while fighting a mutual enemy and the three became the Protectors of Time and Space.",Main Universe,Heroes,,,Protectors of Time; Space; Celestial Guardians,,Telekinesis; Teleportation; Force Fields; Force Beams
Eliteverse-Heroes-Villains-A-G,Taki Mimauchi,taki-mimauchi,Celestial Guardian of Eternity,Individual,published,"Age: Old as all life

Along with Aki and Auka Akuchiki, Taki is one of the three Protectors of Life and Death. She guards the gates of Eternity which leads to both Heaven, Hell, the Astral Plane, and the Underworld. She has the unique ability to appear nearly in all places at once and she is immortal. She can see all things at once and can detect particular motions from different directions at once. She is a strong willed fighter and by most is considered a very destructive opponent. As guardian of all things, she doesn’t value good nor evil and stands completely neutral. Although she can transform into a Celestial Guardian, she has no need for fighting as she wouldn’t fight on either side. She does however contain various attacks that could destroy a planet at will. She is forbidden to leave her post and will fight however if it is threaten as seen in the Life & Death webisode. (see Celestial Guardians Webisodes)",Main Universe,Heroes,,,Protectors of Life; Death; Celestial Guardians,,Immortality; Soul Swapping; Power over Souls; Spirits; Aura Reading
Eliteverse-Heroes-Villains-A-G,Aki Akuchiki,aki-akuchiki,Celestial Guardian of Death,Individual,published,"Age: Old as all life

Along with his sister Auka, Aki stands at the edge of all existence watching and protecting it from demonic forces. He is very skilled at fighting and takes a more direct approach at solving things then his sister. Like his sister he will do anything to ensure the safety of all things in life rather good or evil. He is at times neutral as seen when allowing dark forces to overpower the Celestial Guardians as his post represents balance of life and death. It is said that all beings of the dead (gods, grim reapers, spirits, and Death itself) are replicas of himself and they will all be consumed by him at the end of time. His father is Death (see Death in Galactic Beings) of which he has a strong resemblance toward.",Main Universe,Heroes,,,Protectors of Life; Death; Celestial Guardians,,Power over Energy; Energy Absorption
Eliteverse-Heroes-Villains-A-G,Auka Akuchiki,auka-akuchiki,Celestial Guardian of Life,Individual,published,"Age: Old as all life

Standing at the edge of existence along with her brother Aki. Auka is a beautiful spirit who was chosen to watch over all life. She was giving the power to bring forces back from the dead and to heal beings and objects at will. Although very light hearted and loving, Auka has been known to also be a great warrior and often war minded when fighting dark forces. She takes her job very seriously and only leaves her post from the edge of existence when various places is in need of protecting such as Earth when it was nearly destroyed. She has only met the Celestial Guardians on four occasions of which she proved to be a lot stronger than they were.",Main Universe,Heroes,,,Protectors of Life; Death; Celestial Guardians,,Healing; Life Production; Light Beams
Eliteverse-Heroes-Villains-A-G,Jesia,jesia,Celestial Guardian of Day,Individual,published,"Jesia is a proud member of the royal court of angels. Since her creation, Jesia has been in many forms serving at the feet of the Ultimate Good. She sung beautiful songs and could translate many variations of languages. Although older than any form of animal, Jesia took the form of a panther while visiting Earth. Because she was considered very precious, the Ultimate Good banished her to Earth during the raid of demons in Heaven. Here she took the permanent form of a panther and couldn’t transform back until all the Celestial Guardians were all in one place.",Main Universe,Heroes,,,Celestial Guardians,,Power over Light; Sun Rays
Eliteverse-Heroes-Villains-A-G,Vesat,vesat,Celestial Guardian of Night,Individual,published,Similar to the status of his companion Jesia. Vesat was of very precious importance to the Ultimate Good and was banished to Earth for his own protection. While on Earth he took various forms and was a guide to many great warriors throughout history including leader in many battles against dark forces. He is the ancestors to the feline species in the animal race and is said to have been present during the early days of the Garden of Eden before it became populated by Adam and Eve. Vesat met Jesia during the summoning of the Celestial Guardians. The two would grow close and it would be revealed later on that the two have a child in the future.,Main Universe,Heroes,,,Celestial Guardians,,Power over shadows; Moonlight
Eliteverse-Heroes-Villains-A-G,Febian,febian,Celestial Guardian of Eden,Individual,published,"Born to Vesat and Jesia, Febian is a proud soldier and has assisted in battles against demons alongside his mother and father in the future. He is from the year 3,001 and although he is a teenager he is over 100 years old. His combat skills are used more than his celestial abilities. Because of his birthright, he contains the powers of both his parents however much weaker than theirs in comparison because of his lack of practice. He guides the future Celestial Guardians after the current Celestial Guardians fulfill their duties on Earth and ascend to Heaven. He came back to the past to warn his parents and the guardians of the arrival of Belckus. His very arrival also brought many powerful demons into the current time. Unknowingly this knowledge would spread to current demons and assist in the arrival of Belckus.",Main Universe,Heroes,,,Celestial Guardians,101,Power over Light; Shadows
Eliteverse-Heroes-Villains-A-G,Siolus,siolus,Cosmic Rider,Individual,published,"Abilities: Magical rings of light that can do various tasks including transporting the user

Siolus was one of the angels who went to Earth to protect it from demonic forces however his mission would be different in terms of his overall fight. He was chosen to guard the 67 seals of Belckus which served as locked gates to Belckus’ tomb. To ensure the lock of these seals at all times, Siolus created 66 spiritual guides in forms of owls to watch over and defend the seals while he watched over the most important seal, the one that guarded Belckus. Siolus allowed the owls to take various forms whenever they needed however they couldn’t leave their post.",Main Universe,Heroes,,,Celestial Guardians and Cosmic Soldiers; Celestial Guardians,777,Power over the Cosmos; Power to unlock/lock dimensions
Eliteverse-Heroes-Villains-A-G,Eve,eve,Celestial Guardian of Heaven,Individual,published,"Age: Old as Life on Earth
Note: Queen of Heaven

Second wife to Adam, Eve is the sister to Lilith and mother to Araja. She was once the most powerful angel in Heaven, her father was the Ultimate Good and was considered one of the first angels to ever be sent to Earth. She was sent to Earth mortal to serve as consort to Adam. However her early temptation by Belckus (Lucifer) to bite a forbidden fruit caused her to be further pollute her descendants the human race. She bore two children and watch the negative influence from her own past come back and take over her eldest child as he killed his younger brother. Stricken by grief, Eve pleaded to the Ultimate Good for a chance to make amends for her past wrongful judgement. Given her chance, she rose from death of old age to become an angel of which she was the most successful and powerful of those that existed. She was given title the Queen of Heaven because of her strength and royal like appearance and power. She would give birth to her daughter Araja and along with her love Adam (now in Heaven as a fellow angel) and her two sons (Cain and Abel, also now as angels) she was given her second chance. She would die during the battle of demons and angels at the gate of Heaven. Here she used her power to banish the demons to hell, however few manage to fall to Earth and to make sure that the Garden of Eden remains intact, she appointed several powerful angels as the first Celestial Guardians to protect it. She would then disappear to only appear in the future as a guiding voice to angels.",Main Universe,Heroes,,,Celestial Guardians,,Creation; Power over light; Healing; Immortality; Omnipresence
Eliteverse-Heroes-Villains-A-G,Domade Aska,domade-aska,Celestial Guardian of Elysian,Individual,published,"Abilities: Giant double swords which can kill demons instantly

Future husband to Araja and father of two daughters from the future who came back to warn him of oncoming threats to their lives. He has an overly protective nature with some saying it’s to protective including Araja. He left his post to explore the world around him and met Araja while the two was in Egypt at a marketplace shopping for ambrosia.",Main Universe,Heroes,,,Cosmic Soldiers; Celestial Guardians,781,Super speed; Mind control
Eliteverse-Heroes-Villains-A-G,Lio’n Kingrue,lion-kingrue,Celestial Guardian of Eden,Individual,published,"Protector of the Garden of Eden, he is the youngest of its protectors and is the most skilled warrior on Earth until the arrival of the Celestial Guardians. He has since stated that he only wish to fight if it is to protect the garden and wish not to concern himself with anything else outside of it.",Main Universe,Heroes,,,Cosmic Soldiers; Celestial Guardians,555,Skilled warrior; Glowing blade
Eliteverse-Heroes-Villains-A-G,Harold Aumi,harold-aumi,Celestial Guardian of Humans,Individual,published,"Age: Old as humanity

Considered father of earth born soldiers, this old angel has been living amongst humans since their creation by the gods nearly millions of years ago. He is presented by two young followers who helps in protecting the Earth and the mystical Garden of Eden. He is their leader and are known as the Guardians of Earth. He lives at the edge of the Garden of Eden seen smoking a pipe laced with pure fresh air only found in Heaven which while on Earth can make anything and anyone including angels high. He is a comedic figure and only fights when he is too high to understand what is happening.",Main Universe,Heroes,,,Cosmic Soldiers; Celestial Guardians,,Skilled warrior; Immortality; Controls nature
Eliteverse-Heroes-Villains-A-G,Valena,valena,None Yet,Individual,published,"Daughter to Araja, she is a playful and colorful spirited person who loves to play pranks on her younger sister and play sports with her father. She is the eldest daughter and came to the past to prevent the deaths of her parents due to an all-out attack of demons. Her Celestial Guardian form hasn’t been seen yet but it is suggested that she can transform with many considering her look to appear close to her mothers’.

Valena is the future daughter to The Princess and Prince of the Universe. She travelled back in time to help protect her parents from a demonic soldier of HELL. Her powers mostly consist of pure energy and light based and are mostly used to enhance her parent’s abilities. Her sister also travelled later to protect her continuing the chain. Valena is named after her mother and grandmother.",Main Universe,Heroes,,,Celestial Guardians; Circus Family,19,Power over Enhancing other abilities; Weakening of Abilities
Eliteverse-Heroes-Villains-A-G,Valia,valia,Celestial Guardian of Dreams,Individual,published,"Age: 6 (in the future)

Valia is the future daughter to the princess and prince of the universe. She travelled back into time to help protect her sister whom in return travelled into the past to protect their parents. Upon her arrival many thought her to be the rebirth of the original Queen of the Universe because of facial similarities. In the far future when she is an adult (as seen in a vision and artwork from a parallel time) she is very beautiful and bare striking similarities to the original Queen. It is believed in the future, Valia marries Onorosh, God of Sleep and the two give birth to the reborn gods of dreams. Together they ruled over Dreomede.

Youngest daughter to Araja, she is princess of Heaven and is also wiser and less playful than her older sister. She went back in time to assist her older sister in fighting off demons with her parents and to protect them from a force that her sister didn’t know about before traveling backwards in time. She presented her powerful Celestial Stone and became the Guardian of Dreams. In the future it is said she would fall for a dream god and the two would live in the dream world watching over innocent dreams.",Main Universe,Heroes,,,Cosmic Soldiers; Celestial Guardians,,Cosmic Powers
Eliteverse-Heroes-Villains-A-G,Sheila Zikouyawi,sheila-zikouyawi,Emotions,Individual,published,"The embodiment of all emotions, she is the oldest of her siblings and with them bare the curse to be reborn each generation never living pass 20 years of age. Her parents is unknown and the reason behind her being goes into question by many that has met this colorful individual. Some believe that she along with her siblings was created to serve as the birthplace for all things of humanity.",Main Universe,Heroes,,,Celestial Guardians,17,Power over Negative Energy
Eliteverse-Heroes-Villains-A-G,Vega Zikouyawi,vega-zikouyawi,Physical Attributes,Individual,published,"Sharing similar fates to this sisters, Vega is set to be reborn each generation. He is the embodiment to human Physical Attributes and has assisted in hand to hand combat against many demonic forces including demons with the help of his sisters including the Celestial Guardians of whom he met while playing in a field near Araja’s home.",Main Universe,Heroes,,,Celestial Guardians,16,Power over Neutral Energy
Eliteverse-Heroes-Villains-A-G,Alinda Zikouyawi,alinda-zikouyawi,Mentality,Individual,published,"Sharing fate with her siblings, Alinda is the embodiment of human mentality. She has a psychic connection with all living beings thus being the strongest of all of her siblings by comparison. She can cause sickness, physical weakness, emotional disturbance, and other ill-fated things when she is angered so her siblings often try to keep her happy to prevent any bad things from happening hence their always playful natures.

Alinda is creator of the centaurs of the universe or in scientific terms creator of dwarf planets and stars in Elite Force Comics universe. She is sibling to Vega & Sheila and is the youngest of the group and wisest. From her amulet she can omit great power, strong enough to wipe out worlds of life.",Main Universe,Heroes,,,Celestial Guardians,15,Power over Positive Energy
Eliteverse-Heroes-Villains-A-G,Io’de’lagana,iodelagana,,Individual,published,Io’de’lagana was previously a member of the guardians of the 66 seals until he left his post tempted by a demon to travel the outside world. He turned to dust following leaving his post and a restored image was placed back in his place named Io. The demon was then vanquished by the newly formed Io (see Guardians of the 66 Seals).,Main Universe,Heroes,,,Guardians of the 66 Seals; Celestial Guardians,,
Eliteverse-Heroes-Villains-A-G,Callisto’de’ampha,callistodeampha,,Individual,published,"Callisto was a beautiful maiden that served under the Siolus before being turned into a guardian of the 66 seals. She loved him so much that she vowed to never leave his side. However once leaving heaven, she broke that promise and fell for a cunning demon posing as a human king. The two fell in love and had three children. The three children became the first beast of Hell. For punishment she was turned to dust by Siolus and was replaced by an image named simply Callisto. (see Guardians of the 66 Seals).",Main Universe,Heroes,,,Guardians of the 66 Seals; Celestial Guardians,,
Eliteverse-Heroes-Villains-A-G,Guardians of the 66 Seals,guardians-of-the-66-seals,,Individual,published,,Main Universe,Heroes,,,Guardians of the 66 Seals; Celestial Guardians,,
Eliteverse-Heroes-Villains-A-G,Callisto,callisto,,Individual,published,,Main Universe,Heroes,,,Celestial Guardians,,
Eliteverse-Heroes-Villains-A-G,Europa,europa,,Individual,published,,Main Universe,Heroes,,,Celestial Guardians,,
Eliteverse-Heroes-Villains-A-G,Elara,elara,,Individual,published,,Main Universe,Heroes,,,Celestial Guardians,,
Eliteverse-Heroes-Villains-A-G,Pasiphae,pasiphae,,Individual,published,,Main Universe,Heroes,,,Celestial Guardians,,
Eliteverse-Heroes-Villains-A-G,Sinope,sinope,,Individual,published,,Main Universe,Heroes,,,Celestial Guardians,,
Eliteverse-Heroes-Villains-A-G,Lysithea,lysithea,,Individual,published,,Main Universe,Heroes,,,Celestial Guardians,,
Eliteverse-Heroes-Villains-A-G,Carme,carme,,Individual,published,,Main Universe,Heroes,,,Celestial Guardians,,
Eliteverse-Heroes-Villains-A-G,Amalthea,amalthea,,Individual,published,,Main Universe,Heroes,,,Celestial Guardians,,
Eliteverse-Heroes-Villains-A-G,Ananke,ananke,,Individual,published,,Main Universe,Heroes,,,Celestial Guardians,,
Eliteverse-Heroes-Villains-A-G,Himalia,himalia,,Individual,published,,Main Universe,Heroes,,,Celestial Guardians,,
Eliteverse-Heroes-Villains-A-G,Leda,leda,,Individual,published,,Main Universe,Heroes,,,Celestial Guardians,,
Eliteverse-Heroes-Villains-A-G,Themisto,themisto,,Individual,published,,Main Universe,Heroes,,,Celestial Guardians,,
Eliteverse-Heroes-Villains-A-G,Metis,metis,,Individual,published,,Main Universe,Heroes,,,Celestial Guardians,,
Eliteverse-Heroes-Villains-A-G,Adrastea,adrastea,,Individual,published,,Main Universe,Heroes,,,Celestial Guardians,,
Eliteverse-Heroes-Villains-A-G,Thebe,thebe,,Individual,published,,Main Universe,Heroes,,,Celestial Guardians,,
Eliteverse-Heroes-Villains-A-G,Carpo,carpo,,Individual,published,,Main Universe,Heroes,,,Celestial Guardians,,
Eliteverse-Heroes-Villains-A-G,Euporie,euporie,,Individual,published,,Main Universe,Heroes,,,Celestial Guardians,,
Eliteverse-Heroes-Villains-A-G,Erinome,erinome,,Individual,published,,Main Universe,Heroes,,,Celestial Guardians,,
Eliteverse-Heroes-Villains-A-G,Thelxinoe,thelxinoe,,Individual,published,,Main Universe,Heroes,,,Celestial Guardians,,
Eliteverse-Heroes-Villains-A-G,Euanthe,euanthe,,Individual,published,,Main Universe,Heroes,,,Celestial Guardians,,
Eliteverse-Heroes-Villains-A-G,Helike,helike,,Individual,published,,Main Universe,Heroes,,,Celestial Guardians,,
Eliteverse-Heroes-Villains-A-G,Orthosie,orthosie,,Individual,published,,Main Universe,Heroes,,,Celestial Guardians,,
Eliteverse-Heroes-Villains-A-G,Locaste,locaste,,Individual,published,,Main Universe,Heroes,,,Celestial Guardians,,
Eliteverse-Heroes-Villains-A-G,Praxidike,praxidike,,Individual,published,,Main Universe,Heroes,,,Celestial Guardians,,
Eliteverse-Heroes-Villains-A-G,Harpalyke,harpalyke,,Individual,published,,Main Universe,Heroes,,,Celestial Guardians,,
Eliteverse-Heroes-Villains-A-G,Mneme,mneme,,Individual,published,,Main Universe,Heroes,,,Celestial Guardians,,
Eliteverse-Heroes-Villains-A-G,Hermippe,hermippe,,Individual,published,,Main Universe,Heroes,,,Celestial Guardians,,
Eliteverse-Heroes-Villains-A-G,Thyone,thyone,,Individual,published,,Main Universe,Heroes,,,Celestial Guardians,,
Eliteverse-Heroes-Villains-A-G,Herse,herse,,Individual,published,,Main Universe,Heroes,,,Celestial Guardians,,
Eliteverse-Heroes-Villains-A-G,Aitne,aitne,,Individual,published,,Main Universe,Heroes,,,Celestial Guardians,,
Eliteverse-Heroes-Villains-A-G,Kale,kale,,Individual,published,,Main Universe,Heroes,,,Celestial Guardians,,
Eliteverse-Heroes-Villains-A-G,Taygete,taygete,,Individual,published,,Main Universe,Heroes,,,Celestial Guardians,,
Eliteverse-Heroes-Villains-A-G,Chaldene,chaldene,,Individual,published,,Main Universe,Heroes,,,Celestial Guardians,,
Eliteverse-Heroes-Villains-A-G,Aoede,aoede,,Individual,published,,Main Universe,Heroes,,,Celestial Guardians,,
Eliteverse-Heroes-Villains-A-G,Kalyke,kalyke,,Individual,published,,Main Universe,Heroes,,,Celestial Guardians,,
Eliteverse-Heroes-Villains-A-G,Kallichore,kallichore,,Individual,published,,Main Universe,Heroes,,,Celestial Guardians,,
Eliteverse-Heroes-Villains-A-G,Eurydome,eurydome,,Individual,published,,Main Universe,Heroes,,,Celestial Guardians,,
Eliteverse-Heroes-Villains-A-G,Kore,kore,,Individual,published,,Main Universe,Heroes,,,Celestial Guardians,,
Eliteverse-Heroes-Villains-A-G,Cyllene,cyllene,,Individual,published,,Main Universe,Heroes,,,Celestial Guardians,,
Eliteverse-Heroes-Villains-A-G,Hegemone,hegemone,,Individual,published,,Main Universe,Heroes,,,Celestial Guardians,,
Eliteverse-Heroes-Villains-A-G,Arche,arche,,Individual,published,,Main Universe,Heroes,,,Celestial Guardians,,
Eliteverse-Heroes-Villains-A-G,Isonoe,isonoe,,Individual,published,,Main Universe,Heroes,,,Celestial Guardians,,
Eliteverse-Heroes-Villains-A-G,Sinopekiki,sinopekiki,,Individual,published,,Main Universe,Heroes,,,Celestial Guardians,,
Eliteverse-Heroes-Villains-A-G,Autonoe,autonoe,,Individual,published,,Main Universe,Heroes,,,Celestial Guardians,,
Eliteverse-Heroes-Villains-A-G,Io,io,,Individual,published,,Main Universe,Heroes,,,Celestial Guardians,,
Eliteverse-Heroes-Villains-A-G,Megaclite,megaclite,,Individual,published,,Main Universe,Heroes,,,Celestial Guardians,,
Eliteverse-Heroes-Villains-T,Light,light,,Individual,published,"From the first spark of light in Helliholm (Heaven), came Light. The second known being in creation after his twin brother Dark. From his conception came the first star, first ray of sunshine, and the first known pallat of light onto the young universe. It is believed that his home is at the edge of The Ultimate Power’s never ending light, of which most fans believe to exist at the edge of eternity. Unlike his brethren he will be the first do die as prophesized by The Wiseman.",Main Universe,Heroes,,,The Entity; Celestial Guardians,,Power over Light
Eliteverse-Heroes-Villains-T,Dark,dark,,Individual,published,"Dark is the twin brother to Light. The first child of the Ultimate Power, Dark was born moments before Light shined upon Helliholm and was also the father to Belckus (when Belckus was an angel). Dark watched and trained the Ho’zares during their youth and from him came their great fighting skills. It is believed that Dark tought demons and angels alike how to defend themselves and forged their armors and weaponry from The Ultimate Power’s very throne.",Main Universe,Heroes,,,The Entity; Celestial Guardians,,Power over Destruction
Eliteverse-Heroes-Villains-A-G,Neutral,neutral,,Individual,published,,Main Universe,Heroes,,,Celestial Guardians,,
Eliteverse-Heroes-Villains-A-G,Megenipe,megenipe,,Individual,published,,Main Universe,Heroes,,,Celestial Guardians,,
Eliteverse-Heroes-Villains-A-G,Argalith,argalith,,Individual,published,,Main Universe,Heroes,,,Celestial Guardians,,
Eliteverse-Heroes-Villains-A-G,Sionya,sionya,,Individual,published,,Main Universe,Heroes,,,Celestial Guardians,,
Eliteverse-Heroes-Villains-A-G,Coldina,coldina,,Individual,published,,Main Universe,Heroes,,,Celestial Guardians,,
Eliteverse-Heroes-Villains-A-G,Baltishe,baltishe,,Individual,published,,Main Universe,Heroes,,,Celestial Guardians,,
Eliteverse-Heroes-Villains-A-G,Bornathruth,bornathruth,,Individual,published,,Main Universe,Heroes,,,Celestial Guardians,,
Eliteverse-Heroes-Villains-A-G,Sellus,sellus,,Individual,published,,Main Universe,Heroes,,,Celestial Guardians,,
Eliteverse-Heroes-Villains-A-G,Cornan,cornan,,Individual,published,,Main Universe,Heroes,,,Celestial Guardians,,
Eliteverse-Heroes-Villains-A-G,Jusus,jusus,,Individual,published,,Main Universe,Heroes,,,Celestial Guardians,,
Eliteverse-Heroes-Villains-A-G,Cornath,cornath,,Individual,published,,Main Universe,Heroes,,,Celestial Guardians,,
Eliteverse-Heroes-Villains-A-G,Beshup,beshup,,Individual,published,,Main Universe,Heroes,,,Celestial Guardians,,
Eliteverse-Heroes-Villains-A-G,Grace,grace,,Individual,published,,Main Universe,Heroes,,,Celestial Guardians,,
Eliteverse-Heroes-Villains-A-G,Gonyon,gonyon,,Individual,published,,Main Universe,Heroes,,,Celestial Guardians,,
Eliteverse-Heroes-Villains-A-G,Mildorph,mildorph,,Individual,published,,Main Universe,Heroes,,,Celestial Guardians,,
Eliteverse-Heroes-Villains-A-G,Honest,honest,,Individual,published,,Main Universe,Heroes,,,Celestial Guardians,,
Eliteverse-Heroes-Villains-T,Emotion,emotion,,Individual,published,"Called Despair, Delirium, Desire, and every known emotion in history, Emotion is not just a spirit that inspired emotion in all known beings including bad emotions such as fear, rage, anger, etc. Emotion created such feelings in Domaedians, Ho’zares, and other higher beings however her brethren and family shared no similar feeling since they are emotionless creations of the Ultimate Power. It is said that she can feel every known emotion there is and is considered the Mother of Empaths.

These are the 65 guardians of the 66 seals, they appear similar to each other with only their unique personalities and abilities serving as differentiators. Created and chosen by the high seraph Siolus to protect the gates of Hell and to stop anything that tries to break the 66 seals to access Belckus’ chambers. Like most guards of eternal gates, they are forbidden to never leave their post. Those that due will turn to dust and replaced by a similar looking individual.",Main Universe,Heroes,,,The Entity; Celestial Guardians,,Power over Emotions; Delirium
Eliteverse-Heroes-Villains-A-G,Sedma,sedma,Demon Bounty Hunter,Individual,published,Sedma is the second bounty hunter sent out to kill all remaining angels on Earth and steal the Celestial Stones so that she and her fellow demons can get access to the Garden of Eden which would allow them to gain complete access over Earth.,Main Universe,Heroes,,,Dark Force; Celestial Guardians,666,Power to influence others; Can create monsters; Can influence war
Eliteverse-Heroes-Villains-A-G,Vestowa,vestowa,Demon Bounty Hunter,Individual,published,"Brother to Sedma, he is her twin and often snarky remarks gets him on her bad side. He was the first Demonic bounty hunter to attack the Celestial Guardians. He was partially the understanding reason why the guardians now know of the Dark Force and their plans for the Celestial Stones of which he would meet his fate because of this released knowledge.",Main Universe,Heroes,,,Dark Force; Celestial Guardians,666,Power to influence others; Can create monsters; Can cause diseases
Eliteverse-Heroes-Villains-A-G,Hygieia,hygieia,Demon Bounty Hunter,Individual,published,"An old general of Belckus’ army, he is wise and appears partially cloaked and dark figured. He is usually seen calm and rarely engages in war, he is protected by thousands of a dark spirits at a time. He is considered the horseman of Famine.",Main Universe,Heroes,,,Dark Force; Celestial Guardians,1300,Power to influence others; Can create monsters; Can cause famine
Eliteverse-Heroes-Villains-A-G,Enceladus,enceladus,Demon Bounty Hunter,Individual,published,"Abilities: Can cause a release of negative emotions

Old enemy of Jessana, Enceladus is considered a young demon with a overly cocky and jokster type attitude. Although he is young, his plans of world domination usually succeeds in that he has mastered his full demonic power, being the only horsemen to completely transform and successfully defeat the Celestial Guardians. Although they would be revived by their stones to only destroy him in the end. He is the last to be defeated.",Main Universe,Heroes,,,Dark Force; Celestial Guardians,111,Can influence others; Can create monsters
Eliteverse-Heroes-Villains-A-G,Oberon,oberon,,Individual,published,"Oberon is a skilled dark practitioner of black arts, he has summoned thousands of demons to destroy numerous worlds. Sent to Earth by Montum on Belckus’ orders.",Main Universe,Heroes,,,The Ancient Circle; Celestial Guardians,3000,Powerful Dark Magic
Eliteverse-Heroes-Villains-O-S,Miranda,miranda,Queen Miranda,Individual,published,"The oldest living monarch in the magical world and the first queen of magic. Believing she died thousands of years ago. Queen Miranda was one of the most beloved and powerful monarchs in the history of magic. Her appearance at the High Council during a time when the second Dark War was happening proved that she has power beyond that of her successors. Her appearance is grand standing at 7 feet tall, long white hair, fair black skin, a long dress, and two large staffs that can transform into numerous weapons.

Servant to Oberon, she is a powerful witch who uses black magic to fight her opponents. Not as skilled at hand to hand combat she doesn’t need it because of her great pull on black magic that is believed to be from hell. She comes to Earth following Oberon after the defeat of the Dark Force.",Main Universe,Heroes,,,Old Ones; Celestial Guardians; The Ancient Circle,9584,Power of transmutation; Creator of longevity type spells; Black Magic
Eliteverse-Heroes-Villains-A-G,Queen Titania,queen-titania,Titania,Individual,published,"Daughter to Lilith, she fell to Earth during the angel vs. demon battle however unlike others during the fall. She didn’t lose her memory only a great use of her previous abilities. Carrying her mother’s ambition to overthrow Eve and any of her descendants including her daughter Araja. Titania has took nearly millions of years’ time to adapt to Earth’s neutral plane of existence to the point where she could use the full force of her powers to defeat her family’s enemy. She would eventually fall during the battle with the awaken Araja.",Main Universe,Heroes,,,Dark Force; Celestial Guardians,4000,Powerful dark magic; Black energy
Eliteverse-Heroes-Villains-A-G,World Crasher,world-crasher,,Individual,published,,Main Universe,Heroes,,,Celestial Guardians,,
Eliteverse-Heroes-Villains-A-G,Healing Wave,healing-wave,,Individual,published,,Main Universe,Heroes,,,Celestial Guardians,,
Eliteverse-Heroes-Villains-A-G,Star Blasts,star-blasts,,Individual,published,,Main Universe,Heroes,,,Celestial Guardians,,
Eliteverse-Heroes-Villains-A-G,Cosmic Force,cosmic-force,,Team,published,"Arranged by a higher entity, Comic Force are very powerful beings that resemble their siblings Star Watchers. They are six of the most powerful of their kind and helped shaped the physical universe.",Main Universe,Teams,,,,,
Eliteverse-Heroes-Villains-A-G,Titum Radol,titum-radol,Star Wizard,Individual,published,"Age: 2 billion years old

Born by the power of the World Destroyer, Titum Radol was sent to a far galaxy to assist in finding worlds that aren’t worthy of keeping their lives. He would use the stars around him to detect unworthy places based off of their respective growth, knowledge, strength, and the personality of the occupants. His power included the creation of stars and controlling them at will. He could use them as portals to get to other places. He carries the Omnious Pojarum, a staff with floating stars around it that when touched by anyone else it could destroy them on contact.",Main Universe,Heroes,,,Cosmic Force,,Creating; Controlling of stars
Eliteverse-Heroes-Villains-A-G,O’bdard,obdard,Kosminen,Individual,published,"Age: 2 billion years old

Born outside of reality, similar to his siblings. O’bdard is one of the members of Cosmic Force that can use unlimited power from the Galactic Void. He was one of siblings that were given the abilities to control all substances of magic, matter, energy, reality, and time, thus securing his place amongst the Universe most powerful entities. His powers later grew so strong that even his creator couldn’t contain him any longer, so now the new Kosminen took control of his own life and left for the farthest reaches of the universe, thus leaving the cosmic cult, the Cosmic Force. It is said that Kosminen went back in time to assist with the construction of magic and even releasing the first wave of energy through the young universe, events that were rewritten by himself and fellow followers.",Main Universe,Heroes,,,Cosmic Force,,Total control over magic; Matter; Energy; Reality; Time
Eliteverse-Heroes-Villains-A-G,Avard,avard,Blackhole Watcher,Individual,published,"Age: 2 billion years old

Avard was one of the fateful servants to the World Destroyer. He was sent on vast missions throughout the universe to collect life orbs from dying planets so that the planet could be destroyed by his creator. However now known as the Blackhole Watcher would use partial amounts of the items known as Life Orbs to create blackholes which in return would give him power to open portals to other dimensions throughout space and time. He is responsible for the first blackhole in the universe. It is said that he created a blackhole that sent him to a similar time and space called the Marvel Universe. (reference of his arrival throughout several issues of both Marvel and DC exists to create the three comic book crossover distribution)",Main Universe,Heroes,,,Cosmic Force,,Virtually Unlimited Ability to manipulate; Create; Or destroy all Matter; Energy at will. Omnipresence
Eliteverse-Heroes-Villains-A-G,Shei’la,sheila,Kosmiline,Individual,published,"Age: 2 billion years old

Seen tall and mostly composed of stars and floating orbs of powerful light energy, this powerful entity was the first to be created by the World Destroyer and for a time served The World Creator until she returned to her siblings of the Cosmic Force. Her return and original departure are uknown at this time since it existed in a pocket world contained of pure mystery.",Main Universe,Heroes,,,Cosmic Force,,Omnipotence
Eliteverse-Heroes-Villains-A-G,U’vidan,uvidan,Solum,Individual,published,"Age: 2 billion years old

During the moments of the first wave of cosmic energy, U’vidan was born with the assistance of The World Destroyer. He was a being of pure cosmic energy, his body destroyed during birth because of the rays omitting from his insides. His new body is made of an unknown alloy that exists in a pocket dimension hidden from others including his creator. He assists The World Destroyer on his conquest to another plane stealing the life from planets and stars of unworthy.",Main Universe,Heroes,,,Cosmic Force,,Unlimited cosmic powers; Like his siblings is omniscient; Nigh-omnipotent; Omnipresent
Eliteverse-Heroes-Villains-A-G,Billian,billian,Silver Blade,Individual,published,"Age: 2 billion years old

Billian is also called the Silver Blade because of a sword he forged from the power of the first star. He joined The World Destroyer in hopes to destroy other dying stars and planets to gather their energy to make he much stronger. Unlike the other members of the Cosmic Force, he was not born of World Destroyer however to the Ensimmäinen Kuolemattomia “First Immortals”. He uses his giant sword which stretches as far as the milky way and can be used to destroy galaxies, his powers are infinite and from his body he can create other objects made of cosmic energy through mental focusing.",Main Universe,Heroes,,,Cosmic Force,,Cosmic Manipulation; Object creation through Cosmic Energy
Eliteverse-Heroes-Villains-A-G,Cosmic Soldiers,cosmic-soldiers,,Team,published,One of the teams chosen by the great High Council to protect the properties of the heavens. The Cosmic Soldiers were chosen at birth to unite and protect the solar system from ongoing threats to Earth and its inhabitants.,Main Universe,Teams,,,,,
Eliteverse-Heroes-Villains-A-G,Au Boniku,au-boniku,Cosmic Soldier of the Cosmos,Individual,published,"Age: 28 (at the time of her appearance)

Representing the Cosmos in general, Au is the appointed soldier that was given power over the cosmos and everything in it. She came to Earth to protect it from a giant creature that plagued mankind in its early times. Although she left after destroying the creature, her legend lives on in all future heroes as she along with two others fought this being saved the world for a hundred more years.",Main Universe,Heroes,,,Cosmic Soldiers,,Cosmic Power
Eliteverse-Heroes-Villains-A-G,Draka Pinoune,draka-pinoune,Cosmic Soldier of the Planets,Individual,published,"Age: 26 (at the time of her appearance)

Being able to control the Air, Earth, Water, and Fire, Draka was one of the remaining Martians however when her home world became uninhabitable. Draka left with her people. She found the Cosmic Stone while on a nearby world and return to this solar system in hopes to revive her planet. She partially succeeded and allowed her people a few more hundred years on the now red planet. She became the Cosmic Soldier of Planets and had a post on each planet in our solar system. It is said that she is still out there bringing peace to the planets in this solar system.",Main Universe,Heroes,,,Cosmic Soldiers,,Power over the four elements
Eliteverse-Heroes-Villains-A-G,Dandulus Vilu,dandulus-vilu,Cosmic Soldier of the Sun & Moon,Individual,published,"Age: 987 years old (at the time of his first appearance)

He was born on the moon and has taken the name the man on the moon. He was visited by humans once when traveling to the moon. Because of his home being covered in shadows on the moon, everyone would forget about his presence thus considering him a fairytale. His suit of armor contains the power of the Cosmic Stone and would assist in protecting the galaxy from intruding forces of darkness.",Main Universe,Heroes,,,Cosmic Soldiers,,Power of moonlight; Healing; Immortality; Enhancing of other abilities
Eliteverse-Heroes-Villains-A-G,Cosmic Void,cosmic-void,,Individual,published,,Main Universe,Heroes,,,Cosmic Soldiers,,
Eliteverse-Heroes-Villains-A-G,Cosmic Bomb,cosmic-bomb,,Individual,published,,Main Universe,Heroes,,,Cosmic Soldiers,,
Eliteverse-Heroes-Villains-A-G,Force of the Gods,force-of-the-gods,,Individual,published,,Main Universe,Heroes,,,Cosmic Soldiers,,
Eliteverse-Heroes-Villains-A-G,Universe Scream,universe-scream,,Individual,published,,Main Universe,Heroes,,,Cosmic Soldiers,,
Eliteverse-Heroes-Villains-A-G,Circus Family,circus-family,,Team,published,A group of kind yet often rambunctious group of young adults with the abilities of animals.,Main Universe,Teams,,,,,
Eliteverse-Heroes-Villains-A-G,Dexter Randers,dexter-randers,Frogman,Individual,published,"Usually dispelled because of his appearance, Dexter has always been considered the most disliked person. During high school, Dexter’s body begun a transformation mostly because a severe mutation which caused him to become Frogman. During his later years, Dexter also became part of the Circus Family.",Main Universe,Heroes,,,Circus Family,20,Frog like appearance; Extended tongue
Eliteverse-Heroes-Villains-A-G,Jessica Yantis,jessica-yantis,Toad Girl,Individual,published,"Wife to Dexter in his adult years while apart of the Circus Family, Jessica Blanks was considered the most beautiful person at her school until her mutation caused her to be dispelled. She hid herself from her friends and family members and left without a trace, joining the Circus Family in the process.",Main Universe,Heroes,,,Circus Family,20,Scaly skin; Acid spit
Eliteverse-Heroes-Villains-A-G,Brinda Maydover,brinda-maydover,Animal Whisperer (rarely known by this title),Individual,published,"While playing in the fields behind her house, Brinda discovered her unique abilities to talk to animals after almost being killed by a wild lion. Although keeping it a secret from everyone, Brinda uses her abilities to put on shows and help others with the help of animals. In one story during Chapter 30, Brinda is a part of the Circus Family.",Main Universe,Heroes,,,Circus Family,29,Can talk to animals
Eliteverse-Heroes-Villains-A-G,Kira Banks,kira-banks,Beast Woman,Individual,published,"Kira Banks was one of the prominent members of The Circus Family and for a while one of its leaders. Born in 2034, Kira took her title as Beast Woman after the legendary Beast Girl before her and knew she shared similarities. The main difference is that Kira could communicate to animals in addition to sonic hearing, smell, strength, & vision.",Main Universe,Heroes,,,The Circus Family; Circus Family,23,Beast like appearance; Enhanced hearing; Strength; Agility; Smell; Vision; Talk to animals
Eliteverse-Heroes-Villains-A-G,Cosmic Bubble Attack,cosmic-bubble-attack,,Individual,published,,Main Universe,Heroes,,,Circus Family,,
Eliteverse-Heroes-Villains-A-G,Cosmic Charge,cosmic-charge,,Individual,published,,Main Universe,Heroes,,,Circus Family,,
Eliteverse-Heroes-Villains-A-G,Cosh-kitar,cosh-kitar,,Team,published,"Once a powerful royal family that ruled over Northern Elitshia. The Cosh-kitar was known for enchanting their belongings and cursing their realms to repel those that wish them harm or to steal from them. The royal family knew of the fall of their kingdom, so they cast a spell upon their kingdom, sending them and their loyal subjects into the future as citizens of future earth. In the modern day society, the Cosh-kitar resides in Sacramento, CA as a wealthy family who owns a clothing label.",Main Universe,Teams,,,,,
Eliteverse-Heroes-Villains-A-G,Kitall-kitar,kitall-kitar,Cosh-Kitar,Individual,published,"Age: Varies

Kitall is the king that thought of nothing else but his wealth. Often overlooking his family and even placing them in danger for the price of money and fame. He was partially responsible for his kingdom’s fall. He often can be seen surrounded by his jackals which are made of pure gold and has the souls of actual dogs.",Main Universe,Heroes,,,Cosh-kitar,,Enchantments; Unlimited magical abilities
Eliteverse-Heroes-Villains-A-G,Venj-kitar,venj-kitar,Cosh-Kitar,Individual,published,"Age: Varies

Wife of Kitall, she had an affair that Kitall never knew of. Her affair resulted in two children which she imprisoned in another dimension. Her daughter that she sealed away in the dimension got pregnant by her eldest son Perule and to hid the fact that they were related. She killed the infant and locked the girl away within a dimension of which she is now separated from her brother and anyone else.",Main Universe,Heroes,,,Cosh-kitar,,Enchantments; Unlimited magical abilities
Eliteverse-Heroes-Villains-A-G,Perule-kitar,perule-kitar,Cosh-Kitar,Individual,published,"Age: Varies

Unknowngst to him, he got his sister pregnant although he didn’t know she was his sister because of his mother Venj hid her away out of secrecy of an affair. To keep his name clean and to protect the image of his wealthy status. He hid the child away but believed the mother’s child ran away with the child, although in reality his mother killed the child once she found out about this.",Main Universe,Heroes,,,Cosh-kitar,,Enchantments; Unlimited magical abilities
Eliteverse-Heroes-Villains-A-G,Maura-kitar,maura-kitar,Cosh-Kitar,Individual,published,"Age: Varies

Rebellious, Maura had sex with over 105 different boys from her upstate private school including three of her teachers. She is known around campus but her sex life remains a secret off campus because of a spell she placed on each of the men to not be able to speak of it off grounds.",Main Universe,Heroes,,,Cosh-kitar,,Enchantments; Unlimited magical abilities
Eliteverse-Heroes-Villains-A-G,Kiola,kiola,Cosh-Kitar,Individual,published,"Age: Varies

Secret daughter to Venj and a human man she met while shopping for clothes. Kiola was banished to another dimension by her mother because of the fact she was born out of wedlock. She managed to come back to Earth only to get banished again after meeting and getting pregnant unknowing by her unknown half brother.",Main Universe,Heroes,,,Cosh-kitar,,Enchantments; Unlimited magical abilities
Eliteverse-Heroes-Villains-A-G,Morius,morius,Cosh-Kitar,Individual,published,"Age: Varies

Morius was born unable to speak and because of his mother, Venj’s families’ ability to only cast spells by sounding them out. He cannot use his magic. However, he uses this to create a world within his dreams and mind where he is able to speak. With his sister, Kiola he was banished to another dimension by Venj to hide the fact that he was born out of wedlock.",Main Universe,Heroes,,,Cosh-kitar,,Enchantments; Unlimited magical abilities
Eliteverse-Heroes-Villains-A-G,Cursed,cursed,,Team,published,"Various coves rose to find the legendary Cursed objects created and hidden by the first witch, Eve after it was revealed that the first piece was discovered. This proved that the objects were real and over seven different covens sent out their best warriors to find the objects to strengthen the power of the respective coven.",Main Universe,Teams,,,,,
Eliteverse-Heroes-Villains-A-G,Soran Rowd,soran-rowd,,Individual,published,"Soran was sent by his coven to achieve what his father did before him. Master the arts of physical magic and bestow himself with the strength of a god. When his father died in battle against a rivaling coven, Soran sworn that he would prove himself worthy of his father’s title.",Main Universe,Heroes,,,Cursed,20,Specializes in physical magic; Battle magic
Eliteverse-Heroes-Villains-A-G,Candance Gold,candance-gold,,Individual,published,"Part of an African tribe, Candance was a proud member of her coven until one day she lost a battle with a neighboring coven. To prove herself she practice to opposite forms of elemental magic and used it to challenge her opponent again. When it proved lethal, she was banished to the outer regions of her village. She vowed to restore her name by finding the lost Cursed objects of Eve.",Main Universe,Heroes,,,Cursed,25,Specializes in water; Electric magic
Eliteverse-Heroes-Villains-A-G,Gary Rigth,gary-rigth,,Individual,published,A skilled warlock in technology magic. He was sent to an elite school in Northern Tier to advance his knowledge in the rare magic and to prove that he was capable of one day leading his coven although he despises leading anything. He was later sent on the mission to recovering the Cursed objects.,Main Universe,Heroes,,,Cursed,18,Specializes in technology magic; Foresight
Eliteverse-Heroes-Villains-A-G,Orla Witchstock,orla-witchstock,,Individual,published,Born from a tribe of proud and very wealthy witches. She was given her light based abilities by a fairy after it was thought she couldn’t use it on her own. Her real power to bend light was showcased years later.,Main Universe,Heroes,,,Cursed,29,Specializes in light magic
Eliteverse-Heroes-Villains-A-G,Bow Tethering,bow-tethering,,Individual,published,Skilled fighter and often butting heads with Soran because of their frequent use of battle magic. Bow is a Native American warlock that spent most of his youth learning the most difficult forms of nature magic for one day to compete in the Witch Trials.,Main Universe,Heroes,,,Cursed,30,Specializes in acrobatic magic; Battle magic; Nature magic
Eliteverse-Heroes-Villains-A-G,Razen Wilks,razen-wilks,,Individual,published,"The quiet one amongst the main group of witches that are fighting to find the Cursed objects. Razen was once dead and was revived by his now deceased lover. To revenge his late husband, Razen studied necromancing and is able to control Spirit magic although no one alive is able to use it.",Main Universe,Heroes,,,Cursed,40,Specializes in necromancing; Spirit Magic
Eliteverse-Heroes-Villains-A-G,Jaxx Redds,jaxx-redds,,Individual,published,"One of the main participants that makes it to the end of the Witch Trials. He was given the medal of Trust after saving Soran and Candance during the final trial. He was seen shortly throughout the trials using black magic, a forbidden magic within the trials, but was forgiven because of his athletic abilities and saving the two witches.",Main Universe,Heroes,,,Cursed,54,Black magic user
Eliteverse-Heroes-Villains-A-G,Heights Vouce,heights-vouce,,Individual,published,"During the 4th trial of the Witch Trials, Heights admitted to the other witches that most of what they see are illusions and that he masters it. He falls for Orla because of their similar backgrounds and uses Tarot cards to speak to one another when far away. He was the first to be defeated as part of the 5th trial.",Main Universe,Heroes,,,Cursed,23,Specializes in illusion magic
Eliteverse-Heroes-Villains-A-G,Seb Watson,seb-watson,,Individual,published,From a far away coven that performs many ice magic festivals to locals. He was granted an award for winning the 2nd trial but was the first defeated in the 3rd trial. His clothing and home are made of ice and like Heights and Orla he practices similar light magic techniques.,Main Universe,Heroes,,,Cursed,19,Specializes in ice magic
Eliteverse-Heroes-Villains-A-G,Gabriel Cons,gabriel-cons,,Individual,published,Gabriel and his twin sister Gabrielle Cons were selected from their coven because of their dual use of magic they call Twin Magic. Gabriel specializes specifically in energy magic and uses it to use the energy from others and things around him to cast spells. He hair has turned green in process and he often critiques others for their “boring and traditional” use of magic.,Main Universe,Heroes,,,Cursed,27,Specializes in energy magic
Eliteverse-Heroes-Villains-A-G,Gabrielle Cons,gabrielle-cons,,Individual,published,"Gabrielle and her brother Gabriel are twin witches whom practices the use of Twin Magic which allows them to share their magic to become stronger. While her brother uses energy around him to cast spells, she sticks to traditional means of magic for witches which is through nature. Her specific use of Healing Magic has been noticed by shamans across the realms.",Main Universe,Heroes,,,Cursed,27,Specializes in healing magic
Eliteverse-Heroes-Villains-A-G,Gloria Peachfield,gloria-peachfield,,Individual,published,"Opposed because of her traditional upbringing of voodoo. Gloria became known across her village and neighboring ones because of her mix use of voodoo and witchcraft in spells and potion making. She carries a voodoo doll with her and can pull energy from someone to be placed into the doll. Although her habits appears ill tempered, she is quiet peaceful and uses her calm demeanor to effectively fight her enemies throughout the trials.",Main Universe,Heroes,,,Cursed,44,Specializes in voodoo styled witchcraft
Eliteverse-Heroes-Villains-A-G,Beauta Olds,beauta-olds,Judge of the Witch Trials,Individual,published,Beauta is a fast talking and loud witch that uses her voice as ways to control others. She has looked over and performed numerous judging abilities over the last century.,Main Universe,Heroes,,,Cursed,99,Magical abilities
Eliteverse-Heroes-Villains-A-G,Trial Guardians,trial-guardians,Guardians of the Witch Trials,Individual,published,"Age: Varies

Animal morphed creatures that wears different pendants around their bodies. They have small black wings and sometimes white to showcase their abilities and age. They look small but boast incredible strength and enhanced black magic.",Main Universe,Heroes,,,Cursed,,Super human strength; Foresight; Enhanced speed; Magical abilities
Eliteverse-Heroes-Villains-A-G,Goran Ralph,goran-ralph,Judge of the Witch Trials,Individual,published,"Goran is a proud member of the High Council, that appeared throughout the Witch Trials as an enforcer of the trials’ rules and traditions. He is seen as a stalky man with long spikey black hair, black marble skin, a roaring loud voice, and a long golden beard.",Main Universe,Heroes,,,Cursed,116,Magical abilities
Eliteverse-Heroes-Villains-A-G,Dark Prisoners,dark-prisoners,,Team,published,"Because of Zon’s constant struggle with his once revered nature, it was caused for a new group of Dark Prisoners to be created to eliminate him and finish his mission of raising Santaniel’s army on Earth.",Main Universe,Teams,,,,,
Eliteverse-Heroes-Villains-A-G,La’vara O Dela,lavara-o-dela,Ketcha,Individual,published,"Abilities: Reflexes. Energy manipulation. Immortality. Carries an Omega Rod

La’vara also known as Ketcha is extremely long lived, at the end of Chapter 100; Ketcha is one of the few Descendants to remain and one of the first to enter Chapter 101 alive. With her immortality, she can personally survive almost anything and anywhere.",Main Universe,Heroes,,,Dark Prisoners,138,Abnormal strength; Stamina; Durability; Aero-Disks
Eliteverse-Heroes-Villains-A-G,Demetrius Winds,demetrius-winds,Red Falcon,Individual,published,Demetrius Winds comes from a timeline where his home was destroyed by an evil alien. From that timeline he met Ketcha and the two formed the Dark Prisoners in order to recreate the world in their images and rule it from that point.,Main Universe,Heroes,,,Dark Prisoners,20,Super strength; Flight; Invulnerability; Energy blasts; Mecha-empathy
Eliteverse-Heroes-Villains-A-G,Demi Woods,demi-woods,Black Oracle,Individual,published,"Abilities: Precognitive ability to see into the future; Intelligence. Excellent hand-to-hand combatant skilled in martial arts

In an alternate reality where Elite Force are evil, Demi Woods was the profound leader before Kinestra took power over the team. Demi also called the Black Oracle became somewhat of a popular character in Chapter 81 where she visited the future (with the help of Shecknurd) to battle the demon Nokosha. She returned to the past to only join the Dark Prisoners after learning knowledge of Elite Force in another timeline and of their powers.",Main Universe,Heroes,,,Dark Prisoners,26,Possessing chemically augmented strength; Speed; Stamina; Agility; Swordsmanship
Eliteverse-Heroes-Villains-A-G,Degenerates,degenerates,,Team,published,"Currently only consisting of Kano, The Degenerates are outcasts that are often considered different by everyone and anything that they come around because of their unique abilities, appearance, or way of act.",Main Universe,Teams,,,,,
Eliteverse-Heroes-Villains-A-G,Koy Richenburg,koy-richenburg,Kano,Individual,published,"Abilities: Durability Regenerative healing factor Immortality Genius level intellect

Outcasts by everyone he knew at an early age, Koy has always been somewhat of a trouble maker. He uses his abilities to find food and get the things he wants however always with a price of robbing places and eventually stealing from the Under City. He created the team Degenerates as a way to take over bigger places like banks.",Main Universe,Heroes,,,Degenerates,31,Abnormal sense of smell; Strength; Stamina
Eliteverse-Heroes-Villains-A-G,Demonic Army of the Golden Rule,demonic-army-of-the-golden-rule,,Team,published,"Only consisting of O’bur, the Demonic Army of the Golden Rule poses a threat to Zane as he tries to leave his dark past behind and move onto becoming a hero.",Main Universe,Teams,,,,,
Eliteverse-Heroes-Villains-A-G,O’ bur Alvia,o-bur-alvia,,Individual,published,"Once consort to Zane and mother of Janice, O’bur Alvia unlike other demons, roam freely throughout the human world because of her passion to get to know more about them. Thus taking on human form, she met Zane shortly after his years of assisting mankind and the two briefly fought sometime in the 15th century before actually making love to the ex-demon. She had his child of which later he killed her believing that she would eventually turn on him. O’bur Alvia would later be revived this time without memory of Zane, serving as soldier of the Demonic Army of the Golden Rule.",Main Universe,Heroes,,,Demonic Army of the Golden Rule; Demon,701,Demonic abilities; Sharp claws
Eliteverse-Heroes-Villains-A-G,Destructables,destructables,,Team,published,A duo made up of two very strong men. They came together because of their shared strength to do what they want when they want and leave their lives behind. While in their teens they can be seen as villains while the older they got they became vigilantes making their own righteous laws.,Main Universe,Teams,,,,,
Eliteverse-Heroes-Villains-A-G,Sir Rogers,sir-rogers,Sir the Great,Individual,published,"Called Sir the Great by his students, Sir Rogers is one of the strongest men on the planet and alongside Strong Man is one of the only Descendants that can take a full blast to the chest by a comic as seen in Chapter 20. Sir Rogers became a teacher at SAA after he decided to leave the Destructables in his teens.",Main Universe,Heroes,,,Destructables; SAA,32,Enhanced Strength; Indestructability
Eliteverse-Heroes-Villains-A-G,Brandon Craig,brandon-craig,Invisible Stalker,Individual,published,"Since puberty, Brandon Craig always knew he would never be able to be seen by anyone again due to a strange mutation on his skin that caused him to vanish completely from sight. After years of fighting this, Brandon eventually accepted this mutation as a gift and would soon go by the name Invisible Stalker and would soon live up to his name. Robbing banks, traveling the world, getting into any place he wanted and never getting caught. After his trip to Germany to steal a precious jewel, Brandon experience another mutation which resulted in his body changing into a giant rock bodied like creature while steal remaining invisible. After this last mutation, Brandon joined the Indestructables to try and find a cure.",Main Universe,Heroes,,,The Destructables; Destructables,41,Invisibility; Enhanced strength
Eliteverse-Heroes-Villains-A-G,Devious Clowns,devious-clowns,,Team,published,"Originally a traveling circus troupe, a chemical spill during one of their tours while in Elitshia caused the group and nearby citizens to develop abilities. However, in the case of the Devious Clowns, many of them developed personality disorders which caused them to take on the personas that they displayed during their circus act.",Main Universe,Teams,,,,,
Eliteverse-Heroes-Villains-A-G,Jacob Tutorini,jacob-tutorini,The Ringleader,Individual,published,"Leader of the Devious Clowns and their ringleader. Using his electric charge rings, The Ringleader is one of the most insane villains which his atrocious sense of humor causes him to lose focus at times and rampage with insane topics and gross ideals of killing people. He is one Elitshia’s deadliest and most dangerous villains because of his lack of morality.",Main Universe,Heroes,,,Devious Clowns,41,Electric charged rings
Eliteverse-Heroes-Villains-A-G,Laura Canning,laura-canning,Damsel,Individual,published,"The Ringleader’s righthand woman, equally as dangerous, insane, and deadly as her boss. Damsel is tough, skilled at Kung Fu and capable of learning almost any language because of her previous job as a linguist and professor.",Main Universe,Heroes,,,Devious Clowns,30,Kung fu; Linguist; Carries a large machete
Eliteverse-Heroes-Villains-A-G,Veron Hops,veron-hops,Riddle Rattle,Individual,published,"Abilities: Escape rooms with his book of Riddles

Capable of trapping people inside of mazes, labyrinths, and Escape style Rooms. Riddle Rattle speaks in riddles to the point where in order to figure out his master plan and escape one of his traps. The victim must solve his riddles or run the risk of being imprisoned, tortured, or killed. He was a master riddler before his villain persona.",Main Universe,Heroes,,,Devious Clowns,44,Riddles can cause dizzy spells; Can create mazes
Eliteverse-Heroes-Villains-A-G,Derrick Writes,derrick-writes,Ice Bane,Individual,published,Capable of creating temperatures as low as -1000 degrees. His powerful abilities have caused him to become the world’s most prolific villains. He often glides across an ice bridge to move across great distances.,Main Universe,Heroes,,,Devious Clowns,52,Can create powerful ice-based attacks
Eliteverse-Heroes-Villains-A-G,Alicia Writes,alicia-writes,Icestorm,Individual,published,"Abilities: Lower the temperature by almost a thousand degrees

Daughter to Ice Bane, Icestorm is a powerful villain in her own right. After her father was imprisoned, she took up his cause and attempted to freeze the world. She is often anti-environmental and uses her enhanced ice abilities to reconfigure the Earth’s natural climates.",Main Universe,Heroes,,,Devious Clowns,38,Can create large ice storms
Eliteverse-Heroes-Villains-A-G,Granger Winson,granger-winson,Mindforce,Individual,published,"A powerful psychic that once battled the famous Kendo Lazaron until he was locked away in his own mind. Before he was imprisoned in his mind, he was a part of the Devious Clowns and attempted to send all of Elitshia into a eternal coma.",Main Universe,Heroes,,,Devious Clowns,33,Psychic-based abilities including Telepathy; Telekinesis
Eliteverse-Heroes-Villains-A-G,Karen Stockmorth,karen-stockmorth,Lady Penguin,Individual,published,"Dressed as a penguin, Stevie is proud of her family’s history of performing in a circus so much that she attempts to create her own circus of deviants. Her daughter created the Street Deviants and often assists them with advance technology from her tech startup.",Main Universe,Heroes,,,Devious Clowns,39,Cane/Sword that can fire lazers; Ice beams; Electric blasts; Cape that allows her to glide
Eliteverse-Heroes-Villains-A-G,Baren Hodge,baren-hodge,The Barron,Individual,published,"Speaking in a deep Russian accent, Baren Hodge is a touch guy that pumps his overly muscular body with a compound that causes him to enrage and go on a rampage. He is very strong and capable of stopping a move train",Main Universe,Heroes,,,Devious Clowns,37,Superhuman strength; Impenetrable skin when on V-drip
Eliteverse-Heroes-Villains-A-G,Cynthia Coleridge,cynthia-coleridge,Gemini,Individual,published,"A two-faced demon that took over the body of Cynthia Coleridge when she was near death because of the chemical spill that affected her crew. Once an act known for her dual personas on stage. Now inhabited by an unnamed demon, she possesses enhanced intelligence, abilities to create fire, smoke, teleportation, and other demonic abilities.",Main Universe,Heroes,,,Devious Clowns,40,Demonic abilities; Teleportation; Smoke manipulation; Enhanced intelligence
Eliteverse-Heroes-Villains-A-G,Damien Roth,damien-roth,Puppeteer,Individual,published,"Even before the chemical spill that affected his traveling circus act, Damien Roth was secretly a serial killer that used rope and wiring to control his victim’s corpse. This act once he went full public villain, coined him the name Puppeteer.",Main Universe,Heroes,,,Devious Clowns,35,Uses wiring; Rope to control his victim’s corpse
Eliteverse-Heroes-Villains-Solo-Characters,Unknown,unknown,The Master,Individual,published,"Age: Uknown

Born in the dark ages of the Earth, The Master was known as the figure that appeared during all battles. His true identity and origin is unknown allowing many to believe him to be a deity that fell to Earth after the great fight. It is said that he haves the unique ability to gather other abilities near him, his ability showed to have grown in Chapter 20 when he was able to use Weather Master’s abilities although the two were nearly 30 miles apart from each other at the time.

One of the often foes to the Elite Force and Wild 4, Changeler can their form to match that of monstrous reptiles including crocodiles, alligators, sharks, etc and large monstrous insects. Although their true form and gender is a secret, they mostly take on the male form with a slightly feminine voice. Their past is current unknown.

Wearing mysterious jewelry, like the Great Cloak, The Guide has no special powers of his own and possesses a secretive nature. No one even knows his name or at least real name and his origin is also a mystery. He joins the Guild of Super Villians because he hates super heroes believing them to be the cause of so much destruction on Earth. As seen during the Great World War when super heroes caused more damage fighting against bad guys then the bad guys did.

Years ago, The Lost Man was sent into a different dimension by The Craze and has since lost his memories and ability to leave. To make up for this, The Lost Man met up with a mysterious being that provided him powers that could separate his mind from the dimension back into the real world. Since then, he has made contact with his family of which he later forgets who they and him are.

Miracle has been around for millions of years with no proper date of birth. Some believe her to be about as old as Earth maybe older as her true origins appear human but with her original language predating human words. Living near the Pond of Life, Miracle was given the ability of healing anything she passes or touches with one thought and she can never be harmed nor can she die.",Main Universe,Heroes,,,Devious Clowns; Guild of Super Villains; The Lights,,Collective Abilities; Skilled fighter; Skilled gun user; Knows 18 languages
Eliteverse-Heroes-Villains-A-G,Matthew Wilson,matthew-wilson,Killer Psycho,Individual,published,"Abilities: Abilities to create deadly serums from his body

A psychotic chemist who invented a serum that can turn almost anyone into a mindless slave of his. While world renouned for his achievements, his experiments caused him to receive expulsion from his study. With no work or money, he joined the circus and after its chemical accident, he gained the abilities to create serums from his own body to control others, mutate people into monsters, change forms, and kill someone instantly.",Main Universe,Heroes,,,Devious Clowns,45,His business suit prevents psychic attacks; Poison
Eliteverse-Heroes-Villains-A-G,Diamonte,diamonte,,Team,published,A collection of misunderstood individuals that are not your typical heroes nor villains as they just do things to get noticed so as to not be only looked at because of their mutated appearances.,Main Universe,Teams,,,,,
Eliteverse-Heroes-Villains-A-G,Keon Members,keon-members,Rustung,Individual,published,"Keon Members is very rich, often using his massive supply of technology from his firm to sell it to various people including heroes and villains alike. Unlike other heroes, the Diamonte are only concearn of their separate curses of each member and thus not worry about others, however they collectively been considered vigilantes at times. Keon Members can create a body protective armor like structure on his skin that stronger than anything on the planet.",Main Universe,Heroes,,,Diamonte,41,Armor like structure skin
Eliteverse-Heroes-Villains-A-G,Deon Waits,deon-waits,Relanse,Individual,published,"Deon Waits was born with a metal chip in his body that served as a small magnet. It is said that at the emergence of World War 2, he was a weapon built from human remains and stapled together with the brain of a 19th century war veteran. Because Deon’s organs and most of his body are organic, he can live virtually forever through replacing his skin and organs from other humans, virtually making him immortal. His brain serving as his life source, it is known that it’s the only way to defeat him however to do this, you must pass through his hard armor that he attracted in the 1980s and later a magnetic ability he transformed with in the 1990s. He joined the Diamonte after learning that his brain was cursed and that to live he must find the source of the curse before it activates. He mentioned that it his only goal with the group as other members agreed that because they each share a similar curse they will help each other.",Main Universe,Heroes,,,Diamonte,186,Body regeneration; Magnetic brain pulse
Eliteverse-Heroes-Villains-A-G,Vivia Welch,vivia-welch,Tihedusa,Individual,published,"Vivia Welch was a reporter that always had to get her story. It wasn’t until one day she was chasing a story and ended up driving her car into a polluted pond off US HWY 1. Months after her death as been declared, she came back to life due to the pollutions in the water which caused her to change the density of her body, thus changing with the environment around her. She could become bigger than a house, or thin as paper, hard as a diamond, or light as air. Her abilities made a force to be reckon with, thus her introduction into the Diamonte. Although because of her own story she assists the other members in destroying their curses although not having a curse herself. At times she works with The Maniacs serving as a prime villain of many chapters.",Main Universe,Heroes,,,Diamonte; The Maniacs,38,
Eliteverse-Heroes-Villains-A-G,E.L.I.T.E Organization,elite-organization,,Team,published,Organizations that watch over and protect the innocence of humanity from threats beyond human control such as super powered threats or battles beyond the Earth.,Main Universe,Teams,,,,,
Eliteverse-Heroes-Villains-A-G,E.L.I.T.E Organization,elite-organization-individual,Elite Organization,Individual,published,"Age: over 300

A secret society that was formed nearly three hundred years prior to protect human society and abolish criminal threats from supernatural or alien foes. The team was discovered by a group of elite soldiers whom each witnessed a supernatural occurrence. This led to their pitch and funding from virtually every secret agency on Earth. Their constant threat is their opposing force the Reckoning. Their location is hidden and it is reported that over 2.1 million agents participate in the program. Their color of choice is white head to toe including their weapons, vehicles, and base. Each agent is ranked from Alpha which is the lowest to Omega Elite which is the highest command.

Alpha
Beta
Gamma
Delta
Zeta
Kappa
Sigma
Phi
Chi
Psi
Omega
Omega Elite

Those in bold are high end soldiers who operate in different rules than those of the rest of the organization.",Main Universe,Heroes,,,E.L.I.T.E; E.L.I.T.E Organization,,Mostly Humans; Robots
Eliteverse-Heroes-Villains-A-G,Pulitura,pulitura,,Individual,published,"Note: The Clean Up Crew

A set of highly skilled and advanced technological beings believed to be in great gratitude to the E.L.I.T.E Organization. For the understandings to everyone apart of the organization. No one understands why or where these beings come from. Nor why they are in such gratitude to the Elite Organization. They have been around for thousands of years and are believed to be ancestors to Egyptians. Their language is similar to Hieroglyphics except with Italian integrated into pieces of the alphabet. Their bodies light up to omit burning light. They are considered the clean up crew for all non human interactions.",Main Universe,Heroes,,,E.L.I.T.E Organization,5482,Can heal anything; Bring things back to life; Fly; Levitate; Telekinesis; Immortality; Super strength; Technokinesis; Illusions
Eliteverse-Heroes-Villains-A-G,E.L.I.T.E Astrologers,elite-astrologers,,Individual,published,"Note: Team 86

A group of scientists, aliens, and a commander who were the first to enter outer space on a long-haul mission. When stranded in space, the group found a gate that can transport them to other worlds through a miniature blackhole.",Main Universe,Heroes,,,E.L.I.T.E Organization,,
Eliteverse-Heroes-Villains-A-G,Edmund Jackson,edmund-jackson,Scientist on Team 86,Individual,published,"Born in Richmond, Virginia, Edmund graduated from Harvard at 23 and has since won numerous awards for his scientific research. Brought into Team 86 by Abel in hopes he can help the team on their first outer space tour.",Main Universe,Heroes,,,Team 86; E.L.I.T.E Organization,32,Human
Eliteverse-Heroes-Villains-A-G,Tila Macklemore,tila-macklemore,Combatant on Team 86,Individual,published,"Born in Los Angeles, California, Tila was looked at as a typical Hollywood actress because of her attitude. But has revealed that she is skilled in combat when she performed one of her signature stunts from one of her movies. Her extensive combat training puts her on par with Matthew Benjamin several times.",Main Universe,Heroes,,,Team 86; E.L.I.T.E Organization,26,Human
Eliteverse-Heroes-Villains-A-G,Matthew Benjamin,matthew-benjamin,Combatant and Leader of Team 86,Individual,published,"Matthew was born in Chicago, Illinois, he was trained in extensive hand to hand combat and is skilled with numerous weapons. He was recruited into the E.L.I.T.E Organization until he was re-assigned to an unknown unit called Team 86. Upon his arrival it was disclosed that he did something to cause each member of his previous unit to unexpectedly die which caused him to become disruptive when anyone brings it up. He is the leader of Team 86 and is respected by all except Tila.",Main Universe,Heroes,,,Team 86; E.L.I.T.E Organization,33,Human
Eliteverse-Heroes-Villains-A-G,Munroe Jenkins,munroe-jenkins,Technology Expert on Team 86,Individual,published,"Munroe was born in London, England and first register to join Team 86 when he built a dangerous weapon that caused a split in space and time. This device was stolen by the Shadow Unit and later used to transport Team 86 into unknown space.",Main Universe,Heroes,,,Team 86; E.L.I.T.E Organization,27,Human
Eliteverse-Heroes-Villains-A-G,Gabriel Rojas,gabriel-rojas,Scientist on Team 86,Individual,published,"Gabriel was born in Mexico and appeared as one of the many scientists that that died in the explosion of her previous laboratory. She woke up three days later in a hospital bed at Team 86’s headquarters to unknown reasons. It was later discovered that she is half alien on her mother’s side after her father, also a scientist helped her mother to safety from authorities.",Main Universe,Heroes,,,Team 86; E.L.I.T.E Organization,34,Limited telepathy; Heighten knowledge of dark matter
Eliteverse-Heroes-Villains-A-G,Francesca Armstrong-Heights,francesca-armstrong-heights,Astrologer,Individual,published,"Appearance: Wife to Harold, she convinced him to travel with the Elite Astrologers to outer space. She is often his voice of reason.

Francesca was born in Poland and is married to Harold, the general and creator of Team 86. She is often their guide while on missions throughout space because of her extensive knowledge of the worlds and their relative knowledge gathered by her husband’s vision.",Main Universe,Heroes,,,Team 86; E.L.I.T.E Organization; Elite Astrologers,51,Human
Eliteverse-Heroes-Villains-A-G,Varen,varen,Mechanic on Team 86,Individual,published,Varen is a Mornation that joined Team 86 after the group saved his world from a group of rogued stars. He often uses his abilities of light manipulation to help the team but rarely in ways to combat as his race is against violence. He is a skilled mechanic and has a deep understanding of spacecrafts.,Main Universe,Heroes,,,Mornations; Team 86; E.L.I.T.E Organization,156,Light based abilities; Advanced healing
Eliteverse-Heroes-Villains-A-G,Galactic Authorities,galactic-authorities,,Individual,published,"Age: Over 1000 Years Old

The Galactic Authorities are space troopers that guard the Andromeda Galaxy. They are one of many teams apart of the Cosmic Federation that was formed to protect the universe from threats. Their home base is in the Libra Constellation.",Main Universe,Heroes,,,Cosmic Federation; E.L.I.T.E Organization,,Various
Eliteverse-Heroes-Villains-A-G,Cosmic Federation,cosmic-federation,,Individual,published,"Age: Over 1140 Years Old

Cosmic Federation is a powerful group of aliens and humans who form a massive organization that is built on the idea of unionizing the many worlds and galaxies across the universe. It is often believed that the Cosmic Federation is a constant across the multiverse and has deep ties with the alien race Ennsimeum Kouten.",Main Universe,Heroes,,,Ennsimeum Kouten; E.L.I.T.E Organization,,Various
Eliteverse-Heroes-Villains-A-G,Harold Heights,harold-heights,General of Team 86,Individual,published,"Harold Heights was born in Poland and met his wife Francesca when they attended college while researching colonies forming near the Libra Constellation. Harold went on to have an extensive career in the army was given the title of general over Team 86. He formed the team with hopes to travel to different worlds. His team built the 86 Commander, the team’s spacecraft with the help of the E.L.I.T.E Organization.",Main Universe,Heroes,,,Team 86; E.L.I.T.E Organization,55,Human
Eliteverse-Heroes-Villains-A-G,Lei Young,lei-young,Previous leader of Team 86,Individual,published,Lei Young was the previous leader of Team 86 in the late 90s. His team unknowingly to the rest of the world discovered the Access Gates which are now found on nearly every world with sentient life. He died on their last mission and was brought back to life at the same time as Gabriel when an unknown wave hit the Earth causing over 4000 people to come back to life on the same day regardless of when they originally died.,Main Universe,Heroes,,,Team 86; E.L.I.T.E Organization,42,
Eliteverse-Heroes-Villains-A-G,Nuptia,nuptia,Temporary member of Team 86 and skilled warrior,Individual,published,"Nuptia joined Team 86 for several missions while she searched for the person responsible for attacking her homeworld much to the dismay of Varen. As a Natayan, her people although once one world with the Mornations, have since become their natural enemies. With moon based abilities, Nuptia great fighting skills rival that of great warriors and mixed with her moon based and aquatic abilities she can even encase her opponents in a bubble if focused.",Main Universe,Heroes,,,Natayans; Team 86; E.L.I.T.E Organization,155,Moon; Aquatic based abilities
Eliteverse-Heroes-Villains-A-G,Earth Raiders,earth-raiders,,Team,published,"Chosen by the Earth God, Tur, these humans were given special armor and powers to help protect the world from demons that were bent on stealing the power from the 66 seals placed on Earth to serve as a doorway to release Santaniel. They hold the power of the ancient Earth Crystals which were created by the gods to banish demons from Earth back to Hell. Tur collected the crystals and gave them throughout the ages to young individuals who possessed the values of those individual gods. The Earth Raiders story consists of five different arcs including 1. The Awakening of the Earth Raiders; where the Earth Raiders are introduced and in the first six chapters we learn of each of the Earth Raiders. 2. The Rise of the Dark Ages; follows the Earth Raiders in their final battles against the Arch Demon and the leave of Tur back to the Heavens. 3. Descent; introduces Tur’s long forgotten daughter and her take on becoming a leader and the new advisory of the Earth Raiders along with arrival of Visather. 4. Earth’s Reign; fourth story featuring a slightly new team of the Earth Raiders along with Lady Row taking a more attentive role. 5. The Summoning; features battle after battle of a hoard of demons from Santiniel as the demon god finally breaks loose. It introduces Orlax the new advisor to the Earth Raiders and leave of Lady Row. It also brings back Tur, Lady Row, and other past members for a big battle toward the end of this arc.",Main Universe,Teams,,,,,
Eliteverse-Heroes-Villains-A-G,Debian Fenky,debian-fenky,Ice Raider (also has Ice Saber),Individual,published,"Fan of skiing, Debian was on his way to become Ski champion of his local squad before a local tragedy happened and forced him to stop. Debian was summoned forth by Tur to become leader of his new group of heroes. He became the Earth Raider over Ice and uses his Ice Saber to vanquish demons with one blow. His powers are descendant of the Ice Titans.",Main Universe,Heroes,,,Earth Raiders,25,Power over Ice; Can create a shield of steel
Eliteverse-Heroes-Villains-A-G,Catie Wenstall,catie-wenstall,Fire Raider (also has fire bow and arrows),Individual,published,"Catie was a born Firestarter that was a much troublemaker in her youth. To the point that when she was 5, she burned down her house and ran away from home only to return a few years later. Her family welcomed her back without hesitation much to her surprise. She welcomed the decision and changed her ways. However, years later a demon provoked her turning her into a Firestarter again. Before she could vanquish him with her powers, she was teleported by Tur to his secret under Earth location where he made her an Earth Raider.",Main Universe,Heroes,,,Earth Raiders,23,Power over Fire; Enhanced sight
Eliteverse-Heroes-Villains-A-G,Killian Arnold,killian-arnold,Rock Raider (also has rock like sledgehammer),Individual,published,"A basketball champion who was set to becoming an all-star before he was attacked by a demon. Believing that the demon was a way to show he wasn’t meant to become anything more than a street boy. He went into a depression and sought to work a simple blue-collar job. While out before he committed a devastating act, Tur pulled him away and made him the Rock Raider. Him and Debian often fight over who is the leader of the group. He is second in command after Debian.",Main Universe,Heroes,,,Earth Raiders,25,Power over the Earth; Super human strength
Eliteverse-Heroes-Villains-A-G,Misty Omayes,misty-omayes,"Wind Raider (also holds the Gauntlet of Adv, the sky goddess)",Individual,published,"Maintaining a busy lifestyle as a young mom and coach over her junior Track team, Misty gave her son a golden dime one day. Not knowing that it possessed magical powers. She later discovered that the coin belonged to a demon. Her son was absorbed into the coin (another dimension) by the demon threatening to turn her son to the dark side unless she finds a way to release them both. Attempting to help her get her son back, the god, Tur turned her into the Wind Raider.",Main Universe,Heroes,,,Earth Raiders,26,Powers over Wind; Enhanced speed
Eliteverse-Heroes-Villains-A-G,Orion Smith,orion-smith,Star Raider (holds throwing stars that lights up and explodes),Individual,published,"Abilities: Later can teleport the team when needed

Orion has always been a star gazer, even going as far as changing his name to his favorite star. So obsessed that he joined NASA to become an astronaut. Although he passed his exam, he failed the physical. Determined still, Tur transformed him into the Star Raider.",Main Universe,Heroes,,,Earth Raiders,23,Powers over light; Star like powers
Eliteverse-Heroes-Villains-A-G,Jessie Macintosh,jessie-macintosh,"Force Raider (also holds the Spear of Power, handed down by the deity Marmexlade)",Individual,published,"Jessie joins the other Earth Raiders after their first mission in bringing down Saint Gillord’s army. However, at the time he was unsure about their position in fighting the forces of Hell as they all were young and unexperienced. Before his life as an Earth Raider, he led an expedition to find the lost city of Elisthia which is what the current city of Elitshia is based. Believing that is where many of the ancient stories and his abilities are from. There is where he met the deity Tur who explained the powers of the ancient Earth Crystals to him and explained that they are given to those who can connect to them.",Main Universe,Heroes,,,Earth Raiders,34,Power over nature; Superhuman intelligence
Eliteverse-Heroes-Villains-A-G,Jonas Nupon,jonas-nupon,Aqua Raider (holds the triton from Crochen),Individual,published,"Jonas took after his father traveling the world to become a Guinness world record for best and long-lasting swimmer. He attempted the feat after watching his father drown because of it. However, he was pulled away later by Tur before his own drowning. He became the Aqua Raider shortly after, although he despises being on a team, he often joins the Earth Raiders on difficult missions. He can be found in his own stories as fighting solo. He has frequent story crossovers with the Mermadic Kingdom.",Main Universe,Heroes,,,Earth Raiders and Mermadic Kingdom; Earth Raiders,28,Power over water; Can speak to aquatic lifeforms
Eliteverse-Heroes-Villains-A-G,Kim Plier,kim-plier,Demon Enchantress,Individual,published,Kim Plier was a normal teenager who was taken to become a bride to the Arch Demon in the second half of the Earth Raiders’ saga. Here she shed her human exterior and became a demon princess. She often summons demons representing deformed animals.,Main Universe,Heroes,,,Arch Demon; Earth Raiders,28,Powers to summon; Super strength; Acid like hair; Demonic abilities
Eliteverse-Heroes-Villains-A-G,Cainos Mrood,cainos-mrood,Kainos,Individual,published,Cainos was abducted from daycare and raised as a demon warrior. He was enchanted by demons to bare the Mark of Lucifer which provides him incredible demonic powers. This also provides him great pain at times and massive amounts of anger which he barely controls. He summons mostly elemental related demons.,Main Universe,Heroes,,,Arch Demon; Earth Raiders,21,Powers to summon; Demonic abilities; Appearance; Mark of Lucifer; Flight; Super human strength
Eliteverse-Heroes-Villains-A-G,Luvicre,luvicre,Luvicre (Loov-i-kre),Individual,published,"Turned into a demon on his 30th birthday, Luvicre was one of the few people who actually asked for his transformation. His brute strength is because of his deformed body that made him appear massive and he lacks intelligence. He is the muscle of the Arch Demon team and often becomes their joking matter when battles need to be fought.",Main Universe,Heroes,,,Arch Demon; Earth Raiders,31,Power to summon; Super strength; Sound waves from hands
Eliteverse-Heroes-Villains-A-G,Arch Demon,arch-demon,Arch Demon,Individual,published,"One of the remaining henchmen above ground from Santaniel. He fought his back up when he was banished below by Tur. Since then, he holds a vicious feud with the weaken deity.",Main Universe,Heroes,,,Varies; Earth Raiders,989,Power to summon; Super strength; Demonic abilities; Dark magic
Eliteverse-Heroes-Villains-A-G,Visather,visather,Visather (Vye-sath-er),Individual,published,"After fleeing the Earth during the raid of demons, Visather returned after learning of the Arch Demon’s demise at the hands of the Earth Raiders. Hoping to get back into the good graces of Santaniel, Visather launched an attack onto the Earth with the Earth Raiders his direct enemies. He is a small man with powers strong enough to dethrone a god. His fortress is a giant floating city in the form of a ship and it homes over 3,000 demons.",Main Universe,Heroes,,,Varies; Earth Raiders,866,Power to raise defeated demons; Break planets in half; Super strength; Psychic scream
Eliteverse-Heroes-Villains-A-G,Litentha,litentha,Litentha,Individual,published,"Visather’s right hand soldier, her long tentacles serve as an impulse that can control other demons. She is very quick and possesses a master of all known fighting skills on Earth. She followed the Arch Demon at one time until she saw his future demise and thus moved to the side of Visather.",Main Universe,Heroes,,,Visather’s Army; Earth Raiders,332,Power to control demons with tentacles; Psychic visions; Enhanced speed
Eliteverse-Heroes-Villains-A-G,Insectus,insectus,Insectus,Individual,published,"An insect demon that comes from an insect like dimension. In this dimension he provided insects of the world a power that allows them to communicate to each other and move between worlds, something that goes unnoticed by people of Earth. His metallic armor protects his body from elements and allows him to be able to breathe on Earth.",Main Universe,Heroes,,,Visather’s Army; Earth Raiders,98,Can control insects; Acid breath; Super human strength; Speed; Flight; Enhanced hearing; Sight
Eliteverse-Heroes-Villains-A-G,Bartoose,bartoose,Bartoose,Individual,published,"Once a minion of the deity The Dog, he changed his lifestyle when he heard the gods disappearing because of Mostibik. He went into hiding building up an army to impress Visather’s command. His chariot is bronze and is led by giant dogs whose barks can cause thunderstorms.",Main Universe,Heroes,,,Visather’s Army; Earth Raiders,3489,Power over dogs; Super strength; God like abilities; Thunder wielding
Eliteverse-Heroes-Villains-A-G,Beta 9,beta-9,Beta 9,Individual,published,A golem created by Tur when he believed that he would be stranded on Earth. He encased the golem into armor and provided it with knowledge of a computer thanks to help from Authora. It has since assisted Tur on his many operations including creating the suits of the Earth Raiders and the base that they live within under the Earth.,Main Universe,Heroes,,,Earth Raiders; Tur,1599,Super strength; Enhanced supercomputer intelligence
Eliteverse-Heroes-Villains-A-G,Lady Row),lady-row,Lady Row,Individual,published,"The secretive daughter to Tur, she was forgotten by the other gods and lived out her life as an actress on Earth. She was once the oracle that guided Tur on various missions across Earth in ancient times. She has taken many names while remaining with her birth name Lady Row. She is pictured on old cave walls like her current appearance as a long white and silver haired woman with beautiful porcelain skin and a flowing dress made up of clouds. After Tur returns to his place amongst the gods, she agrees to lead the new team of Earth Raiders in the third arc.",Main Universe,Heroes,,,Earth Raiders; Earth Gods,2001,God like powers over nature
Eliteverse-Heroes-Villains-A-G,Orlax,orlax,,Individual,published,"Note: born Wilson Graves

During the 5th and final arc, after Lady Row finally earns a place amongst the gods with her father. Orlax a young boy from Highland Grove was bestowed powers by an unknown deity. His actual reasoning was to provide the world with a secret protector of knowledge in case the gods were to disappear again. Orlax born Wilson Graves, changed his name to Orlax on his 11th birthday in honor of the deity whose name he thought sounded like Orlax. He is seen as a ball headed figure, with shinning white eyes, sparkling gold skin, and normal human attire. He doesn’t remember much from his mortal life and his parents considers him dead after being missing for nearly two years.",Main Universe,Heroes,,,Earth Raiders,11,God like intellect; Superhuman strength; Power over technology
Eliteverse-Heroes-Villains-A-G,Elite Astrologers,elite-astrologers-team,,Team,published,"Popular astrologers that uses advance government technology to travel through space. Their primary mission is to unlock the mysteries of our own world, the past, the future, and discover other civilizations. Throughout their missions they have encountered various worlds with various inhabitants and has since educated citizens of the earth about other world beings. Using Access Points from around the universe that they installed on every visited planet that they have encountered. The Elite Astrologers has went on over 10,000 voyagers. With existence from various other worlds, the Access Points our now on almost every planet in existence including few stars, asteroids, moons, and three suns. Several realms of existences and alternative universes also contain access points.",Main Universe,Teams,,,,,
Eliteverse-Heroes-Villains-A-G,Harold Armstrong-Heights,harold-armstrong-heights,Commanding Chief of Elite Astrologers,Individual,published,"Is commanding chief of the Elite Astrologers. He is 50 years old and until his first mission at the age of 39 he was uncertain and unwilling to believe of other lifeforms in the universe. However, he was convinced by his wife that it would be a good idea for him to go along with New Elitshia's space mission to find other life.

Son to Harold, he is a college student who often experiences various alien activities however because of the government cover up he is often overlooked and laughed at by his fellow peers. He later joins the Outer World Alliance team to start a new life. He is very skilled at alien languages because of his experience with them.",Main Universe,Heroes,,,Elite Astrologers,50,Human
Eliteverse-Heroes-Villains-A-G,Gale Drommand,gale-drommand,Lead Research Officer,Individual,published,Gale is an intelligent research officer that follows in the footsteps of her father that passed when she was only seven. Her stern nature is often at the behest of Andrew’s flirtier and frat brother type of attitude. She discovered a signal from outer space that was attempting to contact the team which led to their first official mission.,Main Universe,Heroes,,,Elite Astrologers,31,Human
Eliteverse-Heroes-Villains-A-G,Andrew Kopping,andrew-kopping,Leader of the Elite Astrologers,Individual,published,"Andrew a flirty, spoiled rich frat boy that graduated at the top of his regimen. He is quick, strong, and acts as the leader of the team after Harold steps back from missions after Chapter One of the Outer World story. His leadership skills have been well received by his teammates including Gale who is secretly admires and has a deep affection for, but loaves him for his simple-minded attitude.",Main Universe,Heroes,,,Elite Astrologers,30,Human
Eliteverse-Heroes-Villains-A-G,Reginald Steeling,reginald-steeling,Astrophysicist,Individual,published,"Reginald Steeling is a brilliant Astrophysicist and research officer. He befriended Gale during their years at Yale and is very fond of her work. Gale was at his wedding to his late husband and there at his husband’s funeral. The two rely on each other often for emotional support, with Gale declaring her empathy and support for him in Chapter Two of the Outer World story.",Main Universe,Heroes,,,Elite Astrologers,33,Human
Eliteverse-Heroes-Villains-A-G,Ga’uld,gauld,Elite Astrologers Lead Astrologist,Individual,published,"Age: 300 years old (appears 34)

A Mornation that sent a signal to any nearby world to assist in saving his world from eternal night after an all-out attack by the Natayans. Ga’uld is strong, intelligent, incredible dancer and singer and loves Earth cultures and food. His quiet yet blunt personality often contradicts his overly happy appearances later in the Outer World story. To save his homeworld, was the first official mission of the Elite Astrologers.",Main Universe,Heroes,,,Elite Astrologers,,Super strength; Speed; Enhanced senses
Eliteverse-Heroes-Villains-A-G,Felix Cox,felix-cox,United States Air Force Major General,Individual,published,"Felix is a smart, level-headed general who commands the Outer World team to explore various worlds. He is started the Outer World program and along with the US government hides its existence from the rest of the world. He is the uncle to Julia Sterns from the story Roman and Julia.",Main Universe,Heroes,,,Elite Astrologers,53,Human
Eliteverse-Heroes-Villains-A-G,Corin Illind,corin-illind,Elite Astrologers Linguist,Individual,published,"Age: Appears 40 years old

An alien refuge that joins the Outer World team later in the story to assist with saving her people from slavery. He is a quick learner and often leads astrological programs while Gale and Ga’uld are away during Chapter 4 and 5 of the Outer World stories. He returns to his world after liberating his people during Chapter 6.",Main Universe,Heroes,,,Elite Astrologers,,Enhanced senses; Speed; Knows over 300 languages
Eliteverse-Heroes-Villains-A-G,Davis Brokemyer,davis-brokemyer,General & Leader of the Outer World Alliance team,Individual,published,"Leader of the Outer World Alliance team, he appears in the final chapter, Chapter 7 of the Outer World story to assist with getting Earth to be apart of the Universal Alliance. He is intelligent, a great leader, and quick thinker.",Main Universe,Heroes,,,Outer World Alliance; Elite Astrologers,49,Human
Eliteverse-Heroes-Villains-A-G,Shi’era Olmackus,shiera-olmackus,Second in Command of the Outer World Alliance team,Individual,published,"Age: Appears 40 years old

Assistant and number one to Davis Brokemyer. She is tall, strong, and often mistaken to be a Warein when she is on Earth because of her physical appearance. She leads the team in the absence of Davis and is usually his lead support on difficult and private matters.",Main Universe,Heroes,,,Outer World Alliance; Elite Astrologers,,Enhanced strength; Speed
Eliteverse-Heroes-Villains-A-G,Keela Zarack,keela-zarack,Outer World Alliance team Human Resources,Individual,published,"Age: Appears 14 years old

A powerful seer that can see distance into the future yet has no control over her powers. It was predicted by her aunt that she will one day control her abilities at the cost of her sight. She is a valuable member of the Outer World Alliance team although she appears to be only 14 years old.",Main Universe,Heroes,,,Outer World Alliance; Elite Astrologers,,Powerful Telepathy; Empathy; Foresight
Eliteverse-Heroes-Villains-A-G,Eugene Smith,eugene-smith,,Individual,published,"A con artist that found his way aboard the Outer World Alliance vessel. He is a skilled martial artist and knows various languages. After several fights, arguments, and act of treason with the other members of the team. He was finally accepted for saving Keela from a Galactic Being attack on her home planet. Because of his vast knowledge of trade markets and numerous worlds he has since travelled too, Eugene is valuable to the team.",Main Universe,Heroes,,,Outer World Alliance; Elite Astrologers,29,Human
Eliteverse-Heroes-Villains-A-G,Amanda Wallace,amanda-wallace,Outer World Alliance main helmsman (pilot),Individual,published,A trained pilot that often is seen as a serious person despite having comedic parents. Her training was an attempt to be taken serious and not looked at as her parent’s child. She has long spikey hair and a goth inspired wardrobe.,Main Universe,Heroes,,,Outer World Alliance; Elite Astrologers,29,Human
Eliteverse-Heroes-Villains-A-G,Kenneth Rivers,kenneth-rivers,Outer World Alliance main weapons engineer,Individual,published,"A skilled weapons master, Kenneth joined the Outer World Alliance (OWA) team to see different weapons across the galaxy. He is the team’s main weapons engineer.",Main Universe,Heroes,,,Outer World Alliance; Elite Astrologers,28,Human
Eliteverse-Heroes-Villains-A-G,Dr. Ashley Rameau,dr-ashley-rameau,Outer World Alliance main chief medical officer,Individual,published,"A doctor aboard the Alliance. When call upon for any type of injury or medical question. Doctor Rameau is the person that many goes to. She is levelheaded, intelligent, and quick thinking. She has also served in the field and is well versed in alien biology.",Main Universe,Heroes,,,Outer World Alliance; Elite Astrologers,38,Human
Eliteverse-Heroes-Villains-A-G,Kimberly Stone,kimberly-stone,Outer World Alliance main civilian nurse,Individual,published,"Assistant to Dr. Rameau, she is skilled in her duties and has major respect for her crew. Kimberly has been shown as a skilled fighter and often trains in her spare time.",Main Universe,Heroes,,,Outer World Alliance; Elite Astrologers,27,Human
Eliteverse-Heroes-Villains-A-G,Zachary Pole’,zachary-pole,Outer World Alliance Science Offer,Individual,published,Zachary is highly trained science offer aboard the Alliance. He is one of the few that understands almost every part of the Alliance and often works closely with Kenneth.,Main Universe,Heroes,,,Outer World Alliance; Elite Astrologers,34,Half Human; Half Doctran
Eliteverse-Heroes-Villains-A-G,Fransis Bowen,fransis-bowen,Outer World Alliance lead psychologist,Individual,published,"A kind, loving, and empathic psychologist aboard the Alliance. She is strong minded and willed; she serves as the voice of reason to the crew and assist in the field at times. She is a Chanuga Clan member and boarded the Alliance in attempt to assist the crew in their missions.",Main Universe,Heroes,,,Outer World Alliance; Elite Astrologers,50,Telepathy
Eliteverse-Heroes-Villains-A-G,Space Fighters,space-fighters,Space Fighters,Individual,published,"Age: Varies

A team of armored fighters with highly advance weapons. Usually, Space Fighters are some of the largest groups of fighters found within the Deep Existence.",Main Universe,Heroes,,,Outer World Deep Alliance; Elite Astrologers,,Highly Advance weapons; Skilled fighters
Eliteverse-Heroes-Villains-A-G,White Helmet Group,white-helmet-group,,Individual,published,Basic soldiers typically at the lowest ranks of the Space Fighters.,Main Universe,Heroes,,,Elite Astrologers,,
Eliteverse-Heroes-Villains-A-G,Blue Helmet Group,blue-helmet-group,,Individual,published,Next level up soldiers that are guards to high authoritative figures and are more skilled fighters.,Main Universe,Heroes,,,Elite Astrologers,,
Eliteverse-Heroes-Villains-A-G,Black and White Helmet Group,black-and-white-helmet-group,,Individual,published,"Highly trained soldiers, usually seen around royal figures.",Main Universe,Heroes,,,Elite Astrologers,,
Eliteverse-Heroes-Villains-A-G,Black Helmet Group,black-helmet-group,,Individual,published,The most trained soldiers of the Space Fighters.,Main Universe,Heroes,,,Elite Astrologers,,
Eliteverse-Heroes-Villains-A-G,The Erhyu,the-erhyu,The Erhyu,Individual,published,"Age: Varies
Note: Airyu

Powerful soldiers that hold a varying range of psychic abilities. The Erhyu are trained in prestigious academies around the universe specializing in teaching their abilities, culture, and studies.",Main Universe,Heroes,,,Outer World Deep Alliance; Elite Astrologers,,Various telepathic; Telekinetic abilities
Eliteverse-Heroes-Villains-A-G,Varus Richter,varus-richter,Lord Varus,Individual,published,"A previous member of the Erhyu that thought their peaceful practices weren’t enough to sustain the universe. He is strong and practices a higher level of telekinetic abilities than his former colleagues. Along with his sister, Varus started a war against the Universal Alliance.",Main Universe,Heroes,,,Outer World Deep Alliance; Elite Astrologers,34,Enhanced telekinetic abilities
Eliteverse-Heroes-Villains-A-G,Mera Richter,mera-richter,Lady Mera,Individual,published,"Sister of Varus, her own path to liberate her people from the confines of the Universal Alliance. Has caused her to master her abilities to become her brother’s accomplice.",Main Universe,Heroes,,,Outer World Deep Alliance; Elite Astrologers,31,Enhanced Telepathic abilities
Eliteverse-Heroes-Villains-A-G,Blackhole Fighters,blackhole-fighters,Blackhole Fighters,Individual,published,"Age: Varies

A division under Varus and Mera of the Space Fighters. Their ranks are similar except for their team appears almost to disregard the trainings of the Space Fighters.",Main Universe,Heroes,,,Outer World Deep Alliance; Elite Astrologers,,Skilled fighters
Eliteverse-Heroes-Villains-A-G,Red Helmet Group,red-helmet-group,,Individual,published,Replaces the White Helmet Group level.,Main Universe,Heroes,,,Elite Astrologers,,
Eliteverse-Heroes-Villains-A-G,Laison Jackson,laison-jackson,,Individual,published,"Wanting to join the Erhyu since he was a kid. Laison learned how to fight and master his limited telekinetic abilities from a young age. When he turned 24, he joined the Deep Alliance team aboard the Confederation.",Main Universe,Heroes,,,Outer World Alliance; Elite Astrologers,24,Telekinesis
Eliteverse-Heroes-Villains-A-G,Son Uh Way,son-uh-way,,Individual,published,"A trained officer who reports and guides the Confederation on its missions across the galaxy. She is smart, funny, and very honest.",Main Universe,Heroes,,,Outer World Alliance; Elite Astrologers,36,Half human; Half android
Eliteverse-Heroes-Villains-A-G,Cameron Reeds,cameron-reeds,Leader of the Confederation,Individual,published,"Leader of the Confederation and its most skilled fighter. He is equipped with knowing numerous languages, trained Erhyu teachings, and knows many poisons throughout the galaxy. He is admired by his crew, mostly Laison.",Main Universe,Heroes,,,Outer World Alliance; Elite Astrologers,44,Enhanced Telekinesis
Eliteverse-Heroes-Villains-A-G,Element Lords,element-lords,,Team,published,A roofless set of villains consisting of elemental controlling descendants that goes after anyone that has done wrong to them or someone that they like. Their powers has caused them to each be unstoppable villains in their own rights.,Main Universe,Teams,,,,,
Eliteverse-Heroes-Villains-A-G,Richie Kindel,richie-kindel,Heatseeker,Individual,published,Richie began his fight with the Element Lords in an attempt to get back to his girlfriend for cheating on him. He burned her house down and murdered her family. After she turned him into the police and left to the other side of the country. Richie escape on a rampage and became apart of the Element Lords.,Main Universe,Heroes,,,Element Lords,28,Fire body; Fire beams from hands; Eyes
Eliteverse-Heroes-Villains-A-G,Solu Kimbrey,solu-kimbrey,H20,Individual,published,"During the flood of 2009 in Atlanta, GA, Solu was born during a chemical spill in the waters near the Chattanooga River. With no parents or anyone to raise him, Solu became his own villain terrozing nearby villiages and cities with major floods. He would travel across the country until one day when he came across Black Tornado and the two would share each other’s dream of terrozing humans, as they felt they were inferior.",Main Universe,Heroes,,,Element Lords,30,Can manipulate water; Stretch his body
Eliteverse-Heroes-Villains-A-G,Mitchell Reggick,mitchell-reggick,Black Tornado,Individual,published,"Mitchell Reggick was called the Black Tornado because of his massive control over the winds. His body would twist as to mimick the tornados of his town in KanSAA. Growing up bored of his existence, Mitchell traveled from KanSAA to places like Atlanta, New York, Los Angeles, & Miami, finding others that shared his similar super-human stature. He first met H20 and later Heatseeker and the three created the Element Lords.",Main Universe,Heroes,,,Element Lords,34,Powers over the winds
Eliteverse-Heroes-Villains-A-G,Missy Coldren,missy-coldren,Lady Frost,Individual,published,"Missy considered herself a true lady, wearing diamonds, long white hair, pretty dresses, and always surrounded by men in waiting. Missy grew up like a true princess because of her parent’s wealth. However after her parents cut her off, Missy started to find her own way to stay rich, she joined the Element Lords and stole what she wanted.",Main Universe,Heroes,,,Element Lords,28,Ice; Ice body
Eliteverse-Heroes-Villains-A-G,Elysian Fairies,elysian-fairies,,Team,published,"Magical fairies that were sent to Earth to watch over the various planes of existence that connects to the magical world, Tier. From here each took a different responsibility.",Main Universe,Teams,,,,,
Eliteverse-Heroes-Villains-A-G,Cynthia,cynthia,The Sun Fairy,Individual,published,"Born in a magical world, Cynthia came to Earth in hopes to know more about its culture and history. While visiting, Cynthia became trapped there with no way to return home. It was later found out that, Cynthia is a fairy however while on Earth her abilities make her a Abnormal. In Chapter 18, Cynthia returns home but not before help destroying a evil plant creature from destroying SAA.",Main Universe,Heroes,,,Elysian Fairies,19,Magical Abilities over sunrays
Eliteverse-Heroes-Villains-A-G,Satalina,satalina,The Moon Fairy,Individual,published,"Born in the magical world, Satalina came to Earth in search of her cousin Cynthia. Once there she got lost in Arizona and for some time forgot who she was. While there she befriended a family who took her in as their own daughter and was raised working in a library where she relearned of her fairy race.",Main Universe,Heroes,,,Elysian Fairies,19,Magical abilities over the moon
Eliteverse-Heroes-Villains-A-G,Osana Filsian,osana-filsian,Ocean Fairy,Individual,published,"Using the power over the oceans, allowed Osana to surround herself with the most peaceful surroundings of any one of her kind. Born in the fairylands, Osana became rightful queen of the nature there after her mother gave up her birthright to travel the planet Earth.",Main Universe,Heroes,,,Elysian Fairies,280,Power over the water
Eliteverse-Heroes-Villains-A-G,Almonte Some’,almonte-some,The Elemental Fairy,Individual,published,Almonte Some’ became princess of a small planet just outside of human dreams. From her world she could see the fairylands and travelled there hoping to join the Elysian Fairies. She got her wished when the other fairies were in danger. Her powers are from the elements.,Main Universe,Heroes,,,Elysian Fairies,,Power over the elements
Eliteverse-Heroes-Villains-A-G,Galatic Beings,galatic-beings,,Team,published,Giant god like robots that are sentient. Their world is large and consists of mechanical buildings and robotic lifeforms. Galatic Beings appear almost entirely as gods in many Earth stories.,Main Universe,Teams,,,,,
Eliteverse-Heroes-Villains-A-G,Omegadroids,omegadroids,Omegadroids,Individual,published,"Age: Varies

Large robots that resemble passenger vehicles from Earth. Their sentience allows them high level of knowledge for many things technical. Led by Robotus Omega, Omegadroids are often kind and opposite of Alphadroids. Their goal is to unite their worlds and save its people.",Main Universe,Heroes,,,Galactic Beings; Robotus Omega; Galatic Beings,,
Eliteverse-Heroes-Villains-A-G,Crane,crane,,Individual,published,"A large crane like Omegadroid, he is the team’s transporter and physical strength.",Main Universe,Heroes,,,Galatic Beings,,
Eliteverse-Heroes-Villains-A-G,Lanceamb,lanceamb,,Individual,published,An ambulance vehicle that is the team’s medical help.,Main Universe,Heroes,,,Galatic Beings,,
Eliteverse-Heroes-Villains-A-G,Racepad,racepad,,Individual,published,A racecar Omegadroid that is fast and quick to act. He is the team’s scout.,Main Universe,Heroes,,,Galatic Beings,,
Eliteverse-Heroes-Villains-A-G,Heli,heli,,Individual,published,A helicopter scout for the team and lookout. She and Racepad are in love.,Main Universe,Heroes,,,Galatic Beings,,
Eliteverse-Heroes-Villains-A-G,Coupe,coupe,,Individual,published,"A coupe that is very feminine, he likes Lanceamb, although the feelings are one sided. He is the team’s on the ground fighters.",Main Universe,Heroes,,,Galatic Beings,,
Eliteverse-Heroes-Villains-A-G,Truckfighter,truckfighter,,Individual,published,A pickup truck fighter that uses large sword like lasers.,Main Universe,Heroes,,,Galatic Beings,,
Eliteverse-Heroes-Villains-A-G,Rocketbus,rocketbus,,Individual,published,A bus like droid that uses large wheels that turn to fire when he is fighting.,Main Universe,Heroes,,,Galatic Beings,,
Eliteverse-Heroes-Villains-A-G,Boatglide,boatglide,,Individual,published,A raceboat fighter that is mostly seen during water missions.,Main Universe,Heroes,,,Galatic Beings,,
Eliteverse-Heroes-Villains-A-G,Autoshaw,autoshaw,,Individual,published,An older Omegadroid resembling an auto rickshaw and van mix. He is the oldest and most knowledgeable fighter and right hand to Robotus Omega.,Main Universe,Heroes,,,Galatic Beings,,
Eliteverse-Heroes-Villains-A-G,Alphadroids,alphadroids,Alphadroids,Individual,published,"Age: Varies

Large robots resembling army vehicles from Earth. Like their enemies the Omegadroids, their abilities and high intelligence allow them a force of great pride amongst their kind. With the goal to unite their worlds under one rule, their leader Magnus Alpha wants to rule their many worlds with an iron fist.",Main Universe,Heroes,,,Galactic Beings; Magnus Alpha; Galatic Beings,,
Eliteverse-Heroes-Villains-A-G,Humvee,humvee,,Individual,published,A Humvee Alphadroid and tactical fighter of the team. He often leads the war planning and is right hand to Magnus Alpha.,Main Universe,Heroes,,,Galatic Beings,,
Eliteverse-Heroes-Villains-A-G,OmniTank,omnitank,,Individual,published,The oldest Alphadroid and original right hand of Magnus Prime. He often thinks Magnus Alpha is unfit to be king of their world.,Main Universe,Heroes,,,Galatic Beings,,
Eliteverse-Heroes-Villains-A-G,V-Larc,v-larc,,Individual,published,Often seen in water based missions. He is a fighter and mostly scout.,Main Universe,Heroes,,,Galatic Beings,,
Eliteverse-Heroes-Villains-A-G,Oshkosh,oshkosh,,Individual,published,A delivery mechanic for the team. He speaks with a deep tone and is called on to fix the team’s parts.,Main Universe,Heroes,,,Galatic Beings,,
Eliteverse-Heroes-Villains-A-G,Terran Vi,terran-vi,,Individual,published,An All-terrain bike like Alphadroid that is the direct comparison to Racepad with their similar behaviors and quick responses to trouble.,Main Universe,Heroes,,,Galatic Beings,,
Eliteverse-Heroes-Villains-A-G,Tirian Vu,tirian-vu,,Individual,published,"Sister to Terran Vi and acts in a more responsible manner with on occasion similar quick to think attitude. Although, younger than Terran Vi, she acts as his voice of reason and older sister.",Main Universe,Heroes,,,Galatic Beings,,
Eliteverse-Heroes-Villains-A-G,Van dyne,van-dyne,,Individual,published,"An older van like Alphadroid that is the team’s mentor and voice of reason. Although younger than the leader(s), he is very knowledgeable and is responsible for helping build other Alphadroids.",Main Universe,Heroes,,,Galatic Beings,,
Eliteverse-Heroes-Villains-A-G,Statgon,statgon,,Individual,published,A station wagon like droid that is old fashioned and likes to fight with old fashion weapons instead of upgrades.,Main Universe,Heroes,,,Galatic Beings,,
Eliteverse-Heroes-Villains-A-G,Dupree,dupree,,Individual,published,"A coupe and mystery lover of Coupe. The two can often seen sneaking off with each other. He is blue, while Coupe is red.",Main Universe,Heroes,,,Galatic Beings,,
Eliteverse-Heroes-Villains-A-G,Galactic Beings,galactic-beings,Galactic Beings,Individual,published,"Age: Varies

The race of large vehicle and mechanical species that resembles vehicles, buildings, and technology from Earth and surrounding worlds. Galactic Beings are very intelligent and have a variety of abilities like lasers and speak in varying languages.",Main Universe,Heroes,,,Galactic Beings; Galatic Beings,,
Eliteverse-Heroes-Villains-A-G,Robotus Omega,robotus-omega,Leader of the Omegadroids,Individual,published,"Leader of the Omegadroids, this large robotic Omegadroid resembles a large carrier craft. He speaks in a gentle tone, has leader qualities, and usually proposes a calmer plan against his enemies then his brother Magnus Alpha.",Main Universe,Heroes,,,Omegadroids; Galatic Beings,,
Eliteverse-Heroes-Villains-A-G,Magnus Alpha,magnus-alpha,Leader of Alphadroids,Individual,published,"Leader of the Alphadroids, unlike his brother Robotus Omega, Magnus is overwhelmed with power and the grief of losing his father which he blames Robotus for. The two once were close, even fighting alongside each other against the Omega Wars that separated various worlds. Now he wishes to unite the worlds in an attempt rule them.",Main Universe,Heroes,,,Alphadroids; Galatic Beings,,
Eliteverse-Heroes-Villains-A-G,Magnus Prime,magnus-prime,King Prime,Individual,published,"Father to Magnus Alpha and Robotus Omega. He was the original ruler of the combined worlds that now operate as separate entities. Upon his passing, his sons began to fight each other for control over their father’s previous kingdom. He was seen as a kind yet strict king and very beloved.",Main Universe,Heroes,,,Magnus Alpha and Robotus Omega; Galatic Beings,240,
Eliteverse-Heroes-Villains-A-G,Andra Omega,andra-omega,Queen Prime or Lady Omega,Individual,published,"Mother of Magnus Alpha and Robotus Omega, she was seen as the most beautiful Galactic Being. A large presence, her appearance was like a convertible, and she spoke in soft tones. Her passing during the Omega Wars is what caused her sons to turn on each other.",Main Universe,Heroes,,,Magnus Alpha and Robotus Omega; Galatic Beings,190,Wind like abilities; Wind laser; Flight
Eliteverse-Heroes-Villains-A-G,Magnus Beta,magnus-beta,Magnus Beta,Individual,published,"Future son to Magnus Alpha and future leader of the Omegadroids. He is kindhearted and fought to unite his people, although ending on the opposite side because of his beliefs. He came to the past to assist with the fight against the Akuma. He was assumed dead but came back when the future was restored.",Main Universe,Heroes,,,Omegadroids and Magnus Alpha; Galatic Beings,100,Earth like abilities; Rock saber
Eliteverse-Heroes-Villains-A-G,Ultra Omega,ultra-omega,Lady Omega,Individual,published,"Daughter of Robotus Omega and leader of the Alphadroids, she is beautiful and often referred to by her followers as Lady Omega like her grandmother. She is strong willed and admires her uncle’s approach to rule and his beliefs. She has a disdain toward her cousin Magnus Beta and father Robotus Omega.",Main Universe,Heroes,,,Alphadroids and Robotus Omega; Galatic Beings,100,Fire like abilities; Fire daggers
Eliteverse-Heroes-Villains-A-G,Sentient Omega,sentient-omega,Leader of the Sentient Ones,Individual,published,A large sentient machine that speaks with a deep stern voice. It was created by a small alien race that ascended in the early days of its world. This machine creates others sentient lifeforms with various missions that travel to other worlds to take them over and mine resources.,Main Universe,Heroes,,,Sentient Ones; Galatic Beings,3000,Can create other machines
Eliteverse-Heroes-Villains-A-G,Sentient Ones,sentient-ones,,Individual,published,"Age: Varies

Large machines that speak with confident and autotune voices. These humanoid-like robots are strong, tall as buildings, and have appeared on numerous worlds in search of desolating numerous worlds to harvest their resources. The Elite Force came across these machines on several occasions.",Main Universe,Heroes,,,Sentient Omega; Galatic Beings,,
Eliteverse-Heroes-Villains-A-G,Anidroids,anidroids,Varies,Individual,published,"Age: Varies

Large animal like droids that appeared on Earth thousands of years ago. Their biological structure allowed for mating with animals of the world thus bringing forth various animal species of today’s Earth. These droids are typically strong, fast, and very intelligent.",Main Universe,Heroes,,,Galactic Beings; Galatic Beings,,Mostly physical
Eliteverse-Heroes-Villains-A-G,Galacticdroids,galacticdroids,Varies,Individual,published,"Age: Varies

The gods of the Galactic Being race, they are large and can destroy an entire world with their weapon of choice. Often seen from a distance, these beings were created by the Primordial Ones to destroy a world in case that world becomes to dangerous to its neighbors.",Main Universe,Heroes,,,Galactic Beings; Galatic Beings,,
Eliteverse-Heroes-Villains-A-G,Dinodroids,dinodroids,Varies,Individual,published,"Age: Varies

Prehistoric creatures that are droids that landed on numerous worlds after their initial world was destroyed. They vary in sizes and species and can speak with old world tongue. On Earth it is believed that they inspired the extinction to the prehistoric lifeforms that inhabited the planet.",Main Universe,Heroes,,,Galactic Beings; Galatic Beings,,
Eliteverse-Heroes-Villains-A-G,Galaxy Trio,galaxy-trio,,Team,published,Drawn together because of an element from outer space that appears suspiciously in their DNAs. This element provides them with special powers and with it they will embark on a journey to discover just what they are made of and how they will use their powers.,Main Universe,Teams,,,,,
Eliteverse-Heroes-Villains-A-G,Marshall Rinks,marshall-rinks,Starman,Individual,published,"Born in North Ireland, Marshall Rinks was only 4 when he learned of his mental abilities. He could read the minds of others while at school or for those he wanted to get close to. While at school, Marshall was considered an outcast and was determined to show just how powerful he was. In his late teens, Marshall became Starman and produced a powerful mental shock that placed almost everyone at his school in a deep coma state. Later in life, Starman would join several others like himself, StarMan X, Stardust, & Journeyboy.",Main Universe,Heroes,,,Galaxy Trio,27,Telepathy; Limited Telekinesis
Eliteverse-Heroes-Villains-A-G,Jonny Parks,jonny-parks,Journey Boy,Individual,published,"Abilities: Power suit that enables him to travel through dimensions

Unable to adventure like he always dream because of his paralysis. Jonny Parks develop a system or a suit that would enable him to move freely and later unknowingly to his knowledge move between dimensions. Along his journey, Jonny embarked on several missions with Starman & Stardust of who were called the Galaxy Trio and himself would take the title Journyboy. For a brief time, Jonny would join a gang of wealthy vigilantes named the Luxes Gang alongside his alternative self, Journey Man & The Voyager.",Main Universe,Heroes,,,Galaxy Trio; Luxes Gang,16,Super strength
Eliteverse-Heroes-Villains-A-G,Stella Vjronka’jue,stella-vjronkajue,Stardust,Individual,published,"Stela was born on a planet named Mara and has since travelled to earth to enlist several of its most powerful and intelligent humans to assist in battling a demonic creature that travelled to Earth before her from her home world. She enjoys fruit, animals, and water and uses full force to defend her allies and mostly animals as she referred to them as earth spirits.",Main Universe,Heroes,,,Galaxy Trio,,Lazer beams from eyes; Enhanced strength; Flight
Eliteverse-Heroes-Villains-A-G,Game Lords,game-lords,,Team,published,Game players who received their abilities from a game called Game Lord. Each found each other after being drawn into the game and naming themselves after it. Here they play out the rules of the game and becomes it’s de-facto vigilantes.,Main Universe,Teams,,,,,
Eliteverse-Heroes-Villains-A-G,Bessie Amos,bessie-amos,Dial,Individual,published,"A trickster, Bessie Amos attended Elmitt High a place known to have some of the weirdest students was the place where Bessie learned of her time traveling abilities. She could create illusions to warp time and help her produce a team similar to her called the Game Lords. At one period in her life after graduating Elmitt High, Bessie met Tempus and joined him on his quest to rewrite history.",Main Universe,Heroes,,,Time Lords; Game Lords,23,Illusion warping
Eliteverse-Heroes-Villains-A-G,Joetta Lendens,joetta-lendens,Treat,Individual,published,"Joetta usually wears blue colored pocka-dotted attire with yellow hair and followed by oversized animals. Like her brother she can produce magical objects through the means of some sort of telekinesis. Although shes a prankster and almost no one likes her, she came across Bessie at school and the two created a strong bond. She agreed alongside her twin brother to follow Bessie and become one of the Game Lords.",Main Universe,Heroes,,,Game Lords,17,Can make objects; People grow; Magical animation
Eliteverse-Heroes-Villains-A-G,Jonete Lendens,jonete-lendens,Trick,Individual,published,"Jonete is seen with red colored pocka-dotted attire with green hair and oversized floating toys around him. Like his sister, he can produce magical objects and control them through telekinesis. Unlike his sister he can grow anything only strink it which sometimes shows little importance in a battle. So to make up for this he produced explosive toys and would later go by the name Trick.",Main Universe,Heroes,,,Game Lords,17,Can make objects; People strink; Magical animation
Eliteverse-Heroes-Villains-A-G,Glory of Light,glory-of-light,,Team,published,A disproportional team of six members of former bad guys who came together after the Rise of the Dead saga to bring order back to the world.,Main Universe,Teams,,,,,
Eliteverse-Heroes-Villains-A-G,Jean Wright,jean-wright,Dead Pulse,Individual,published,"Abilities: Which he can channel through his scythes

During the “Death Rises Saga”, Jean found herself coming into her abilities very fast because of the riots and the dead that cause much destruction during the time.  She joined the Glory of Light because she stated she saw to much death during the raid.",Main Universe,Heroes,,,Glory of Light,48,Generates neurosynaptic energy causing slowness; Paralysis; Nerve damage
Eliteverse-Heroes-Villains-A-G,Zarick Goldrige,zarick-goldrige,Saber,Individual,published,"Abilities: Able to generate vibratory shockwaves through his swords

A born theif, Zarick has always been a fan of stealing things from people more powerful them himself, somewhat of a mental accomplishment for himself, Zarick stated he took the name of Saber because of his love for collecting sharp objects including his magical sword which he was honored from a high preist who he decided to give all items that he stole back to.",Main Universe,Heroes,,,Glory of Light,32,Superhuman senses; Physical abilities; Accelerated healing; Enhanced cognition
Eliteverse-Heroes-Villains-A-G,Berick Conan,berick-conan,Genius Man,Individual,published,"Abilities: Endurance Genius level intellect Accelerated healing factor Supersonic Flight Telepathy Ability to perceive mutant auras

With genius level intellect, Berick Conan built a powerful computer that could detect other Descendants similar to what is located at the TANTIRITH. While meeting with Gadget, the two created a weapon known as the Symulas “a device that can destroy other Descendants regardless of their immortaility and/or abilities”. The device was hidden away from all and given to the ghost of Hanzirith for safe keeping. Berick serves as a intellectual member to the Glory of Light in similar ways as Gadget to Elite Force.",Main Universe,Heroes,,,Glory of Light,24,Superhuman strength; Speed; Agility; Dexterity; Reflexes; Coordination; Balance; Vision; Hearing
Eliteverse-Heroes-Villains-A-G,Jic-Suday,jic-suday,Green Alien,Individual,published,"Sent from an earth like world light years away, Jic-Suday came to Earth to worn its citizens of a prophecised event that would end all life and turn the planet into the land of the dead. He created the Glory of Light in hopes to stop this prophecy from happening. Jic-Suday found out that it was the Shadow Haven with the power of the Arnoxus that brings the end of the world.",Main Universe,Heroes,,,Glory of Light,,Reactive Evolution
Eliteverse-Heroes-Villains-A-G,Demi Luis,demi-luis,Boomerang,Individual,published,"Abilities: Can make karma like actions happen to others when they harm her

A skilled girl of martial arts, Demi Luis has always been a protecter of the innocence, because of this; she was recruited to stand up against the dark forces of the Shadow Haven. Her powers allows her to fend off others by reflecting their emotions and physical attacks back at them ten times as much of effect as reflected upon her.",Main Universe,Heroes,,,Glory of Light,29,
Eliteverse-Heroes-Villains-A-G,Guild of Super Villains,guild-of-super-villains,,Team,published,"Tired of super heroes always winning, the Guild of Super Villains were formed in hopes to change the odds and finally have a winning streak. Their major opponents are the Armored Guild.",Main Universe,Teams,,,,,
Eliteverse-Heroes-Villains-A-G,Gared Mcaled,gared-mcaled,Armor Lizard,Individual,published,"Abilities: Lizard like armor that releases a massive amount of acid from its body

Gared’s wife was killed by super powered heroes while fighting a alien force. Since then he has created a vile of liquid that can turn him into a lizard like creature with armor and destructive fangs.",Main Universe,Heroes,,,Guild of Super Villians; Guild of Super Villains,48,Steel fangs; Lizard like skin underneath
Eliteverse-Heroes-Villains-A-G,Harold Boswald,harold-boswald,Great Cloak,Individual,published,"Although not a super powered villain, Harold Boswald took on the mantle of Great Cloak as a distraction from several super heroes who were looking for his fellow villians secret hideout. Since then he has caused many bank robberies and pety theif plans throughout Elite City.",Main Universe,Heroes,,,Guild of Super Villians; Guild of Super Villains,61,
Eliteverse-Heroes-Villains-A-G,Jacob Versiye,jacob-versiye,Inducer,Individual,published,"Born in another universe, Jacob has been one of the most dangerous foes to enter the Guild of Super Villians. Using his powers to open doorways to other dimensions, Jacob known as the Inducer, leads an army of empowered skeletals rampaging throughout dimensions looking for the Key of Humanity. It is believed that he is looking for it for someone however, he never reveals it just is seen talking to himself making many believe that he is insane and not all there.",Main Universe,Heroes,,,Guild of Super Villians; Guild of Super Villains,31,Can open dimensions; Control demons with his mind; Protected against phsycic attacks; Possesses skilled fighting
Eliteverse-Heroes-Villains-A-G,Barb Ohun,barb-ohun,Mask Hunter,Individual,published,"Age: Over 300 years old

A great hunter revived from the dead, Barb Ohun has lived for over 300 years and each century he dies and is revived thanks to a deal he made to a demon that he met while fighting in the Desserts of Elisthia. He joins the Guild of Super Villians in hopes to find a way to free his demonic entity.",Main Universe,Heroes,,,Guild of Super Villians; Guild of Super Villains,,Immortality; Restorative healing abilities; Super strength; Great speed; Animal instincts
Eliteverse-Heroes-Villains-A-G,Killum Xold,killum-xold,Vanish,Individual,published,"Abilities: Only one capable of destroying the Catalyst

Born to demons, Killum holds the distinct natue of not being a demon himself, however he possesses no demonic powers at all just demonic looks. His only known origin is that he was foretold to bring about the destruction of the Catalyst which holds the power once hidden inside of Refridge.",Main Universe,Heroes,,,Guild of Super Villians; Guild of Super Villains,74,Super strength; Lazer beams from eyes; Giant wings
Eliteverse-Heroes-Villains-A-G,Cara Wakes,cara-wakes,Diamond Empress,Individual,published,"Beautiful, seductive, and insane. This diamond bodied woman has the most beautiful form of any woman on earth. At least as told by any man that lays eyes on her. Her body was exposed to toxin that gave her diamond encrusted hair and a hard diamond body. She uses her diamond body to get her expensive things like a mansion, cars, clothing, and anything she wants and needs. She also holds the power to seduce any known man and sometimes women to do whatever she wants.",Main Universe,Heroes,,,Guild of Super Villians; Guild of Super Villains,39,Diamond body; Seductive spell
Eliteverse-Heroes-Villains-A-G,Gara and Garon Bispell,gara-and-garon-bispell,Dark Soldier,Individual,published,"Mutated at nature, Gara and Garon were born Siamese twins with two distinct powers. One could bring light while the other could bring darkness. Together they could wipe out lands by concentrating, although it has only been seen once in their homelands which is now the Sahara Dessert. To keep them tamed, the Guild of Super Villians made them one of their members and brainwashed them using Madam Gamora’s psychic powers.",Main Universe,Heroes,,,Guild of Super Villians; Guild of Super Villains,26,Power to omit darkness; Light from both joined bodies
Eliteverse-Heroes-Villains-A-G,Jadelin Gamora,jadelin-gamora,Madam Gamora,Individual,published,"The most powerful member of the guild, Jadelin Gamora built the guild to stop the Elite Force, however because of her often side missteps, she loses. Her powers are some of the strongest psychic powers in all of the Eliteverse and has been noted as one of the main reasons why she refuses to directly intervene in certain situations. It is known that she created the guild because she despises her once close ally Maida and wanted to oppose the Elite Force because of it.",Main Universe,Heroes,,,Guild of Super Villians; Guild of Super Villains,64,Psychic powers; Levitation; Force fields; Premonitions
Eliteverse-Heroes-Villains-H-N,Hepti Apocalypse,hepti-apocalypse,,Team,published,"Spirit Rider born from neglected parents, became known for his ill tempered start and soon shed his bad behavior to become known as the hero he is today. Saving the world from supernatural forces.",Main Universe,Teams,,,,,
Eliteverse-Heroes-Villains-H-N,Lyon Reeds,lyon-reeds,Spirit Rider,Individual,published,"Abilities: Flight Enhanced strength Aerial adaptation Peak physical attributes As Hell Rider: Metal wings Flight; Projection of razor sharp feathers Healing factor Enhanced strength Aerial adaptation Peak physical attributes

Lyon was born of a poor father and ill-tempered mother. He considered himself to have always been on his own and used his abilities to escape from home several times. During his moment in Salem, MS, Lyon was found by Bewithia who took his soul and traded it for great power. Without a soul, Lyon became known as the Demon Rider and had black wings instead of white. Kanos fought Bewithia bringing back Lyon’s soul and from that point, Lyon became known as the Spirit Rider with similar abilities.",Main Universe,Heroes,,,Hepti-Apocalypse; Thunder Riders; Hepti Apocalypse,26,Speed
Eliteverse-Heroes-Villains-H-N,Leric Vonges’,leric-vonges,Horseman of Famine,Individual,published,"Abilities: Can pollute the air with acid like gas

Reincarnation for the Horseman of Famine, Leric possesses the ring of pollution and usually is an oil typhoon when in civilian form. Seen in his green armor and a steed with fog like mane and rotten egg smelling air that follows him. Leric appears shortly after the Lazarons reappeared.",Main Universe,Heroes,,,Hepti-Apocalypse; Hepti Apocalypse,29,Super strength; Speed; Can move between fog
Eliteverse-Heroes-Villains-H-N,Ilia Goldine,ilia-goldine,Horseman of War,Individual,published,"Abilities: Can appear in multiple places at once

Reincarnated as the Horseman of War, Ilia is a strategic officer in the Elitshian Army. One day she woke up to discover her ability to start conflict between anyone, even understanding every known strategic plan even without proper knowledge. From understanding games to planning wars far in advance. Ilia is tall with long black hair, and silver armor that protects her from magic and supernatural attacks. She first met the Lazarons while at Tantirith and fought them to prevent them from defeating the end of the world.",Main Universe,Heroes,,,Hepti-Apocalypse; Hepti Apocalypse,27,Knowledge of all battle plans; Can create war with her mind; Can learn any fighting skill
Eliteverse-Heroes-Villains-H-N,Agis Dunner,agis-dunner,Horseman of Death,Individual,published,"Reincarnated as the Horseman of Death, the descendant of the Primordial One of Death. Agis died as a boy, he was playing in the street until a car struck him and killed him. He was resurrected numerous times, but each time died only a few years later. Finally, the soul of the Horseman of Death’ essence enter his body, awakening him. He was given the mission to delay the rise of the Lazarons true power and bring forth the Apocalypse.",Main Universe,Heroes,,,Hepti-Apocalypse; Hepti Apocalypse,35,One touch death; Can control the dead; Necromancy; Can freely travel between life; Death; Heaven; Hell; Foresight; Immortality
Eliteverse-Heroes-Villains-H-N,Jaden Wells,jaden-wells,Horseman of Pestilence,Individual,published,"Bringer of disease, the Horseman of Pestilence has been around since the dawn of humanity, infecting mortals with various diseases that stricken their life. Reincarnated as this horseman, Jaden never was sick not even with the common cold. Realizing he was probably a descendant because of his innate ability to heal from any womb instantly, he later discovered through vivid dreams and shadow meetings with the previous horseman, that he was to become the new Horseman of Pestilence. He brought forth the new disease and killed millions of humans through the act of it meaning his own death if he denied his calling.",Main Universe,Heroes,,,Hepti-Apocalypse; Hepti Apocalypse,35,Creates sickness; Disease; Immune to all diseases; Nigh-immortal
Eliteverse-Heroes-Villains-H-N,Insectious 4,insectious-4,,Team,published,A comedic group of anti-heroes whom in the 1950s was one of the only known costume wearing characters. Their stories often contained some element to their own crime or hero dynamics.,Main Universe,Teams,,,,,
Eliteverse-Heroes-Villains-H-N,Arick Aims,arick-aims,Gold Beetle,Individual,published,"Abilities: Metal armored suit shaped like a beetle w/cannon like structures on arms

Arick Aims mostly called the Gold Beetle bought the opportunity to start up his own company named the Toy Sanctuary which wouldn’t go as plans. During the process of finishing the project, Arick now by the name the Gold Beetle would have to fight off criminals that wanted to steal his new winning lottery ticket and taking away his future fortune. Most of the stories surround the Gold Beetle set in the 1950s and followed comedic storylines of how he battled many criminals for a ticket that contained millions of dollars which would make Arick one of the richest people in the country if he could finally cash it in. In one short story, it tells of Gold Beetle creating an elite team of insect themed vigilantes that help protect his winning ticket and he would award them greatly if they could finally cash the ticket. The name of the group was the Insectious 4. Over time the 4 members would grow older and finally retire with few members remaining active.",Main Universe,Heroes,,,Insectous 4; Insectious 4,35,
Eliteverse-Heroes-Villains-H-N,Samuel James,samuel-james,The Hive Master,Individual,published,"Abilities: Make himself as small as an ant

Samuel James became known of his abilities while playing in a sandbox as a child. He could talk to ants and for years throughout school would be called The Hive Master. He would join the Insectious 4 during his early twenties.",Main Universe,Heroes,,,Insectious 4,20,Talk to Ants
Eliteverse-Heroes-Villains-H-N,Jailen Cremroy,jailen-cremroy,Animal Boy,Individual,published,"Abilities: Can transform into any known animal including extinct ones

Mistaken for the family’s pet when he was an infant. Jailen always loved playing pranks on his fellow family members and classmates by turning himself into animals. For a time, he was apart of Insectious 4 and the Wild 4.",Main Universe,Heroes,,,Insectious 4; Wild 4,13,
Eliteverse-Heroes-Villains-H-N,Khan's Empire,khans-empire,,Team,published,Two powerful individuals who lived hundreds of years ago. They came together to bring the world to destruction and rule over it.,Main Universe,Teams,,,,,
Eliteverse-Heroes-Villains-H-N,Allennia,allennia,Wacked Mistress,Individual,published,"Once a famed princess and later mistress of a king in Troy. Allennia was both beautiful and very intelligent often going overlooked by men of her feats. Allennia was once alone in her room until she was raped and killed by a masked man closely resembling Master Khan. However this is hard to believe since Khan loved the princess upon meeting and killed several others for threatening her life. Khan revived the princess through dark magic and her soul was given to Umbrin, the Dark Lord in exchange for her life, heart, and memories again. Although the Allennia can’t leave Khan’s side, her memories allowed her to remember who she was and thus often is searching for a way to defeat him, his enemies, and enslave those that threatened her.",Main Universe,Heroes,,,Khan’s Empire; Khan's Empire,361,Black Magic; Immortality
Eliteverse-Heroes-Villains-H-N,Khan,khan,Master Khan,Individual,published,"Originally one of the farmers from the same village of Dau-shin, Khan’s desire of world domination proved him to be a tirant at an early age. Khan enslaved his village through lying, cheating, seduction, and even magical entities and would later expand this to nearby villages and later to most of North America. Khan traveled abroad and found ways to manipulate other empires and even bringing them down. It is thought that he was partially responsible for the killing of the Wacked Mistress.",Main Universe,Heroes,,,Khan’s Empire; Khan's Empire,521,Black Magic; Skilled swordsman; Control over life
Eliteverse-Heroes-Villains-H-N,Kiakashi Clan,kiakashi-clan,,Team,published,Very skilled ninjas that existed in 1800s Japan. They appeared in current time several time however most of their stories existed in the 1800s and showed their constant battles with various super heroes in 1800s Japan.,Main Universe,Teams,,,,,
Eliteverse-Heroes-Villains-H-N,Morgan Lee,morgan-lee,Chameleon,Individual,published,"Since he was a boy, Morgan has always been known to adapt to his surroundings quicker than normal. It hasn’t been known that he is an Abnormal until his teens when he tried out for football and after watching the other guys training, he quickly was able to beat them at every training session, and the same was for other sports even going as far as going professional when he turned 18. However because of his abnormality, Morgan was disqualified and dismissed and has since been called Chameleon because of his adaptability. He would later Yukashi and become a member of the Kiakashi Clan using his abilities to fight the Bounty Hunters.",Main Universe,Heroes,,,Kiakashi Clan,25,Adaptability
Eliteverse-Heroes-Villains-H-N,Yukashi Kiakashi,yukashi-kiakashi,Clan King,Individual,published,"Leader of the Kiakashi Clan, Yukashi has since said that his sole purpose was to create honor and peace amongst all lands. He since made it his mission to rid the world of wrong doers regardless of their code of conduct believing peace is deserve amongst all. His honor code has since been the main reason why many people tests his skills believing that they could take his crown as the Clan King and become a powerful Wakashi clan ruler like himself and his ancestors.",Main Universe,Heroes,,,Kiakashi Clan,24,
Eliteverse-Heroes-Villains-H-N,The Kiakashi Clan,the-kiakashi-clan,,Individual,published,"Age: Varies

A legion of powerful sword fighters, these ancient beings over time have gain mystical abilities such as controlling the aspects of their home lands. This ranged from magically growing crops, creating machinery from plants and trees, gaining enhanced strength from the air around their homelands, and creating powerful spells. The Kiakashi Clan is the direct ancesteral neighbors to the Wakashi Clan and often shared similarities when they were alive. Now the Kiakashi ancesteral members live in a astral existence cloaked by their abilities, sending their knowledge to others who share their honor code.",Main Universe,Heroes,,,Kiakashi Clan,,
Eliteverse-Heroes-Villains-H-N,Giundo,giundo,,Individual,published,"Age: Varies

Small elfish beings that once served under the power of the Kiakashi Clan members. However after the ancestors disappeared to the Astral Plane, the Giundo separated across the world with some appearing throughout Elite Comics as servents to many other characters. Because they are branded by the mark of loyalty, the Giundo are loyal until death of their masters and will only serve someone if they feel the particular individual is worth their loyality. The Giundo are mostly found serving at the three schools of the Elite Comics universe, Anura, Hizirinith, and Tantirith.",Main Universe,Heroes,,,The Kiakashi Clan; Kiakashi Clan,,Enhanced Agility; Longevity; Strength; Flight; Intelligence; Teleportation
Eliteverse-Heroes-Villains-H-N,Rika Simmons,rika-simmons,Butterfly Girl,Individual,published,"The wild child of the group, growing up a stripper since her 18th birthday, Rika has always been wild and out of control and since she doesn’t know of her parents existence she has no reason to care about much or anyone. Rika adopted the name Butterfly Girl after showcasing her butterfly like wings and rainbow like light powers. She joined the Kiakashi Clan out of fun but has since gotten stricter on her missions.",Main Universe,Heroes,,,The Kiakashi Clan; Kiakashi Clan,31,Butterfly like wings; Rainbow light that can blind others
Eliteverse-Heroes-Villains-H-N,Roz Wizum,roz-wizum,Stun Man,Individual,published,Roz joined the Kiakashi Clan in an effort to better his fighting skills after mostly being bullied throughout his life; he was accepted on the fact that he has the abilities to stun others with one single touch. Roz by mistake has since paralyzed over 30 people throughout his youth. It is said that Roz can paralyze others by touching them for to long and even kill them if he touches their internal parts even for just a moment.,Main Universe,Heroes,,,The Kiakashi Clan; Kiakashi Clan,26,Silent Touch
Eliteverse-Heroes-Villains-H-N,John Batize,john-batize,Astrar,Individual,published,"John is the newest member to the Kiakashi Clan and has since been a viable member of the group because of his enhanced strength. Being called the group’s muscle, John is also the group’s scientist often taken on numerous tasks at once including building viable weapons to defeat his enemies. He once worked with Valken in an attempt to defeat Anubis and Montum.",Main Universe,Heroes,,,Kiakashi Clan,35,Beast like body; Enhanced strength; Speed; Metal claws
Eliteverse-Heroes-Villains-H-N,Gale Bolken,gale-bolken,The Moniker,Individual,published,"While working with the Bounty Hunters, Gale took on the name The Moniker became she was the team’s strength and often public figure because of her human disquise as a politician. Gale learned of the bounty Hunters plans to destroy an innocent village for their weapons and money, at this point, Gale used her abilities to stop them thus being expelled from the group. Shortly after, Gale became a prime member and again strength and public eye for the Kiakashi Clan, serving to stop the bounty hunters at all cause.",Main Universe,Heroes,,,Kiakashi Clan; former Bounty Hunter,29,Steel Body; Enhanced strength; Enhanced eyesight; Enhanced smell; Radiation like bolts from hands
Eliteverse-Heroes-Villains-H-N,Jarold Mi-high,jarold-mi-high,Aqua Bolt,Individual,published,"Abilities: Can turn body into durable liquiod that provides him enhanced strength; Can extend body to unknown lengths when in liquiod form

Recently uknown, Jarold’s identity has been a mystery because of his strouded past and hidden face. He would later share his life with Gale Bolken in an attempt to get her help to defeat the bounty hunters. In their joint attempt, they fought the bounty hunters at almost every heist. Their efforts to stop the Bounty Hunters, is the reason that they were allowed to join the Kiakashi Clan, regardless of their pasts.",Main Universe,Heroes,,,Kiakashi Clan,41,Speed
Eliteverse-Heroes-Villains-H-N,King of Kings,king-of-kings,,Team,published,,Main Universe,Teams,,,,,
Eliteverse-Heroes-Villains-H-N,Prince Kyemel,prince-kyemel,,Individual,published,"Age: 25 (Part two of story, 35)

Future king to the Elitshian Empire. Arrogant yet with a fierce loyal presence, Prince Kyemel respected his father’s rule over the Elitshian Empire, but doubted his abilities in his later life. Threating to overthrow his father at his mischievous’ grandfather’s command. Kyemel set out on an incredible adventure, learning of his family’s kingdom through the eyes of its people to learn from them. During his findings he finds the love of his life, Ishyani and her love for pottery which she teaches him. It grows into a hidden power of creation he didn’t know he had.",Main Universe,Heroes,,,Elitshian Empire; King of Kings,,Power of Projective Thought
Eliteverse-Heroes-Villains-H-N,Prince Nero,prince-nero,,Individual,published,"Brother of Prince Kyemel and next in line after his older brother reign. Plotting with his brother to overthrow his father, Nero, to his namesake learns about his ability to enter dimensions and directing its energy into powerful weapons. He is the lead general of the Elitshian Empire, much like his brother, he is arrogant, loyal, and very impatient.",Main Universe,Heroes,,,Elitshian Empire; King of Kings,22,Power of Dimensional Imitation
Eliteverse-Heroes-Villains-H-N,Princess Aerin,princess-aerin,,Individual,published,"Aerin, the loyal daughter to King Koshmel and sister to Prince Kyemel and Prince Nero. Aerin is a dutiful soldier and has armor and weapons that allows her to run very fast. Her latent abilities allow to her move faster than previously thought and the armor was restricting her movements and potential. Knowledge given to her by her mother Queen Malaysia. This drove her to help overthrow and eventually kill her father.",Main Universe,Heroes,,,Elitshian Empire; King of Kings,20,Can run the Speed of Light; Teleportation; Time travel; Speed Sound Burst
Eliteverse-Heroes-Villains-H-N,Queen Malaysia,queen-malaysia,,Individual,published,"Queen Malaysia is a powerful and very important figure found within the Elitshian history. She was regarded as a proud figure and noblewoman that often wondered amongst her people and provided them with food, water, and clothing. She was blessed by the gods and given their knowledge. One of those gifts was the power to control nature at great control, making her the on-Earth avatar of Santiyline. Her godlike abilities were passed onto her children. She was so loved that her named was used as the name of the now Asian country.",Main Universe,Heroes,,,Elitshian Empire; King of Kings,48,Enhanced power over nature; Plant life
Eliteverse-Heroes-Villains-H-N,King Barbados,king-barbados,,Individual,published,"Powerful figure seen as one of Elitshia’s greatest rulers, that is until he began to ruin the country with an iron fist in his later years. Believing that he was possessed by dark forces, causing his changing behavior, his family agreed to overthrow him. This turned into a deadly war, destroying half the kingdom, and causing the first fall of Elitshia. By these mysterious forces, King Barbados received the power to control shadows. Barbados lends its name from the almighty king.",Main Universe,Heroes,,,Elitshian Empire; King of Kings,55,Power over the shadows
Eliteverse-Heroes-Villains-H-N,Zalrack,zalrack,,Individual,published,"Zalrack was the high priest of the Elisthian Empire. He often spoke to the king and when the king’s reign ended, he became the high priest to Prince (later King) Kyemel. He has a staff that talks to him, rather its speaking or the shadows of King Barbados has always been up to debate.",Main Universe,Heroes,,,Elitshian Empire; King of Kings,56,Staff cable of manipulating shadows; Light
Eliteverse-Heroes-Villains-H-N,Princess Nahjia,princess-nahjia,,Individual,published,"Princess Nahjia is daughter to King Kyemel and very curious of the world around her kingdom. Because of her status as princess, she unable to leave the kingdom’s walls. Even to venture around the kingdom itself, she must be heavily guarded and escorted. She has numerous friends and goes on secret adventures, until one evening she unearths her family’s secrets and becomes the destined warrior.",Main Universe,Heroes,,,Elitshian Empire; King of Kings,13,Enhanced strength; Speed; Sight; Hearing; Can teleport at night; Powerful magical abilities
Eliteverse-Heroes-Villains-H-N,Lola,lola,,Individual,published,Friend of Princess Nahjia and loyal servant. She is the princess’ confidant and eager partner in her journeys. She has never left the kingdom’s walls until she followed Nahjia into the Forbidden Lands.,Main Universe,Heroes,,,Elitshian Empire; King of Kings,14,
Eliteverse-Heroes-Villains-H-N,Jinnason “Jin”,jinnason-jin,,Individual,published,"Friend of Princess Nahjia and Lola. Jinnason “Jin” is a curious minded boy and loves “modern” technology, often inventing in the absence of his parents. His family used mysterious minerals to build Zalrack’s staff when Zalrack was a young man. He also built the armor that Nahjia uses later in life to lead her army against invaders.",Main Universe,Heroes,,,Elitshian Empire; King of Kings,13,
Eliteverse-Heroes-Villains-H-N,Genyer’,genyer,,Individual,published,"Note: pronounced Jinyear

A banished king that ruled Atlantis before he attempted to enslave its people to build powerful weapons. Genyer’ is a strong and brute man with powerful weapons at his disposal. Believing that the two kingdoms should join forces to rule the world, Genyer’ fought with King Barbados and later his son King Kyemel to take over and enslave the people of the Elitshian Empire.",Main Universe,Heroes,,,King of Kings,51,Power over the ocean
Eliteverse-Heroes-Villains-H-N,Leoshin,leoshin,,Individual,published,"Abilities: Can create a sand army using mysterious minerals

Banished cousin of the royal siblings. He was banished because of wanting the power the kingdom with unknown minerals found within the Forbidden Lands. These minerals would later be used by him to create an army that would nearly destroy Elitshia. He returned to assist Genyer’ to enslave and take over the kingdom.",Main Universe,Heroes,,,King of Kings,25,
Eliteverse-Heroes-Villains-H-N,Dayious,dayious,,Individual,published,"Cousin of Princess Nahjia and son of Prince Nero. Dayious is a smart boy with a love for astrology, often reading about discoveries that there are gates on different worlds that connect the worlds together. He discovered a gate on the edge of Elithsia, which causes the Elitshian Empire in later years to learn about the world around them and visitors that often come to their world.",Main Universe,Heroes,,,Elitshian Empire; King of Kings,13,
Eliteverse-Heroes-Villains-H-N,Kinokitans,kinokitans,,Team,published,A group of ingenious people who were believed to be the original inhabitants of the world before mankind got smarter and rose up to existence with various forms of advancements. They have lived in the shadows and has evolved only to speak and stand upright. Their various forms of advancements have been their quick adjustments to their environments.,Main Universe,Teams,,,,,
Eliteverse-Heroes-Villains-H-N,Kinokitans or The Lizard People,kinokitans-or-the-lizard-people,,Individual,published,"Age: Varies

Descendants of the original civilization of beings that existed before the human became prominent on Earth. It is believed that without the gods knowledge, the Kinokitans as they are originally known amongst their own kind found a gateway from another world onto Earth and has since lived underground with some on hidden islands throughout Earth, the Kinokitans are said to be immune to psychic attacks and from the power of the gods. How this came to be is still unknown.",Main Universe,Heroes,,,The Lizard People; Kinokitans,,Lizard like appearances; Acid slime around body; Spit; Can stick to any surface; Extending tail
Eliteverse-Heroes-Villains-H-N,Lazarons,lazarons,,Team,published,"Drawing their powers from the Kenoxes, the Lazarons are the most prominent members of the magical world. Their legend started thousands of years ago when the Kenoxes was given to their family to protect. Since then they have drawn from it to make themselves the most powerful coven of supernatural beings in the magical existence.",Main Universe,Teams,,,,,
Eliteverse-Heroes-Villains-H-N,Kayla Lazaron,kayla-lazaron,,Individual,published,"Age: 19 (chapter 3) 22

Kenya unlike her siblings was aware of her abilities and destiny during an early age because of her foster family being wiccans in the making. Kenya received a message stating that the key to her ancestry and unlocking her true abilities to was located at an old, abandoned warehouse which appears on the outside as burned down until she and her lost siblings open the Book of Magic found in the basement. From this moment, she started to realize that the Kendo & Kain are her little brothers and that with their joined powers; they were the Lazarons, a legendary group of powerful Sondreds. Her abilities started out with the power to see the past, then the world around her, and shortly after the future just by touching things, looking at something, and being in a certain area. Later her abilities would manifest into the ability to create magnetic fields of energy, throw those energy fields in the form of balls of energy, and to create a magnetic shock to the mind. In the future, it is visioned that she would be a teacher at Anura and at a very old age, she would become the headmistress because of her leadership.",Main Universe,Heroes,,,The Lazarons; Kanos; Teacher at Anura; Lazarons,,Premonitions; Magnetic fields; Mind energy blasts
Eliteverse-Heroes-Villains-H-N,Kain Lazaron,kain-lazaron,,Individual,published,"Age: 15 (chapter 3) 19

Kain was only 3 when he froze his first object, this alerted his foster parents, and they later gave him back up to the foster care system. Kain unlike his siblings grew up without a family of any sort and mostly stole things. Although he forgot about his abilities because they never reappeared after he was placed back into the foster care system. It is also shown that he lost the memory of why he was placed back into the foster care system, although this memory is gained back once he meets his siblings. Kain was foretold by his sister, Kenya, that he is destined to replace Sheknurd as the future God of Time. Overtime, Kain managed to speed up the molecules around him, which in return, allowed him to blow things up. His abilities grewagainthis time in combination with his first two abilities, Kain could now warp time and travel throughout time but only to certain major events, this overtime changed as he tapped into the power of the God of Time which was past down from his great-great uncle Shecknurd. Although this ablity was rarely used in his battles with the Belki and other dark creatures, it has been shown in conjunction with his magical abilities to close the Time Gate.",Main Universe,Heroes,,,The Lazarons; Kanos; the Time Gate; Lazarons,,Molecule Mobilization; Molecule Combustion; Time Field; Manipulation of Time; Time Travel
Eliteverse-Heroes-Villains-H-N,Kendo Lazaron,kendo-lazaron,,Individual,published,"Age: 17 (chapter 3) 21

Able to move things with his mind when he was still in his mother’s womb, Kendo showed to be the most powerful and the most wrathful of his siblings. For his vast knowledge and quick learning his parents named him after Kylie’s father who also resembled Kendo L. Throughout chapter 1 Kendo like his siblings was separated after his mother was token away by the Sondred Council for giving birth to demi-gods which was forbidden since gods and Sondreds were always enemies. Kendo found out about his siblings and family through a letter telling him to come to an abandon house to find out about his family and his abilities. Kendo with his siblings unlocked their true personalities and abilities while opening the Book of Magic. The spell that unlocked the Book of Magic caused the old run down house to return to its prime and awaken the Kenoxes. Kendo’s abilities grow faster than his siblings because he was born on the Kenoxes and because unlike their’s, his abilities is caused by anger. At first he can only move small objects, however quickly he learns to move people and bigger objects even going as far as lifting cars and houses when in a dream state. He learns to teleport himself and later other people and objects and later can multiply himself and later given each multiplication its own telekinetic ability. In the future, Kenya predicted that Kendo would learn how to use the power of thunder like their father Kanos and would join the Thunder Riders.",Main Universe,Heroes,,,The Lazarons; Kanos; Thunder Riders; Lazarons,,Telekinesis; Teleportation; Telepathy; Empathy
Eliteverse-Heroes-Villains-H-N,Kora Shouts - Lazaron,kora-shouts-lazaron,,Individual,published,"Age: 15 (chapter 4) 18

Exhibiting powers at a young age, Kora Shouts, showed that she was a very powerful sorceress when she first made pipes burst around her town and flowing waters from sinks that nearly flooded her high school. She appeared three years after her siblings reunited under one roof and first met Kenya while playing with friends in a park when a Belki tried to capture her. Kenya touched Kora and the two were magically linked. Believing her to be a young sorcerer, Kenya took Kora back to her home where the house shook in awakening of her arrival. This made the Lazaron family question who she was and the fate of their meeting her. Rain began to fall hard when Kora’s eyes glowed a bright blue. The family knew that they were being linked magically but didn’t know why. While being attacked, the family went to the book of Magic to read a spell to vanquish the Belki. When all four touched the book all evil in the house was vanquished without even a single spell being spoken. This broke the original bound by the High council and the Gods that the children are not to be allowed to be together or not see their parents. Out of white light Kylie and Kanos appeared to greet their child while Kora met her mother for the first time., their png attacked, the family went to the book of Magic to read a spell to vanquish the Belki. When all four touc",Main Universe,Heroes,,,The Lazarons; Lazarons,,Power over the Elements
Eliteverse-Heroes-Villains-H-N,Kylie Lazaron,kylie-lazaron,,Individual,published,"Once a very powerful warrior herself, she met Kanos while traveling throughout the Magical Market Place. At the marketplace, the two fought several Belki whom wanted to use the marketplace as a demonic trading zone because of its proximity to the many different outlets of the magical world. Kylie and Kanos fell instantly in love afterwards and the two had their first child nearly six years later. Kylie has the power over water and passed it down to her youngest daughter. During the birth of Kain their third child, both the Royal Circa and the Sondred Council foretold both the saviors of the worlds and to strong to be stopped if turned evil. So both set of entities forbid their alliance and forced both Kylie & Kanos to be separated and forced the children to be split up between homes. However this alliance was reunited when both a god and Sondred broke the rules and sent letters to Kenya, Kain, & Kendo to reunite at the home of which they lived before being split up. Kylie and Kanos met up toward the end of Chapter 1 of the Lazaron Saga. While Kylie was broken up from Kanos, she met Allon Shout, a Domaedian whom she met while saving a innocent young Sondred from a demon attack. She and Allon gave birth to Kara who she passed down her power over water. Like before, the High Council forbid the arrangement until Kara met her siblings and the four touched the Book of Magic at the same time, this broke the counsils forbidden notation and Kylie was allowed to live with her children. Allon Shouts returned to Helliholm watching over Kylie & Kara while Kanos returned to Kylie and his children in late Chaper 3.",Main Universe,Heroes,,,The Lazarons; Lazarons,289,Power over Water; Magical abilities
Eliteverse-Heroes-Villains-H-N,Jane Debrew,jane-debrew,,Individual,published,"Abilities: Geological manipulation via seismic wave generation from his hands

Age: 16 (chapter 70) 26

Jane was the daughter of the first Prisoner but traveled to the very far future in order to get enough help or powers to save her village from destruction. She appears throughout chapter 2 and befriends Kain but is unable to admit her feelings because she has to leave to return after finding what she was looking for. She only appears for chapter 2. In Chapter 70, Jane is all grown up and has full control over her abilities.",Main Universe,Heroes,,,The Lazarons; Lazarons,,
Eliteverse-Heroes-Villains-H-N,Zack Meekes,zack-meekes,,Individual,published,"Age: 24 (chapter 74) 28

Zack traveled from the future assisting in the process of saving the Lazarons from a great threat not to reveal to them that they are the great threat. He later shows them that he is their grandchildren’s close friend and wishes to save the future by stopping them at any cost. He appears throughout chapter 4 and is later revealed to be the grandchild of Kenya's son, Kanon. In Chapter 74 alongside the other Young Gods, Zack help defeat the gods.",Main Universe,Heroes,,,The Lazarons; Young Gods; Lazarons,,Power over Light; Flight
Eliteverse-Heroes-Villains-H-N,Allon Shouts,allon-shouts,,Individual,published,"Age: 38 (human form)

Allon appears throughout chapter 2 as the father to Kara and ex-fiancé to Kylie who fell in love with Kylie while separated from Kanos. After their alliance has grown into a romance, the Gods forbid it and forced them to separate. When they denied this ordeal, Allon was banished to Earth without his abilities forced to live his immortality out alone and on a farm. In return Kylie had to give up her daughter or have dire consequences emerge. He was found by a Domaedian who was injured and after successfully getting his powers back he became a Domaedian again and never seen again to only appear in visions.",Main Universe,Heroes,,,Domaedians; Lazarons,,Telepathy; Teleportation; Sensing; Magical Spells; Protective Forcefields
Eliteverse-Heroes-Villains-H-N,Kanon Lazaron,kanon-lazaron,,Individual,published,"Age: 17 (chapter 5) 19

Kanon is five years old at the beginning of chapter 3 as everything has been fast forward five years in the absence of Kentos' coma. From his birth he experienced massive amounts of power probably because of his mixed heritage. His powers include but not limited to Telekinesis, power over earth, air, fire, and water. He can read minds, swap bodies and minds, control people and objects, projection, powerful explosive powers and the ability to vanquish evil by blinking. He is prophesied to have been the Hybrid God that was born of angel blood. One day it is said that he would rise up and conquer the magical world and rid all things from evil.",Main Universe,Heroes,,,The Lazarons; Lazarons,,Limitless magical abilities; Telekinesis; Power over air; Water; Fire; Projection
Eliteverse-Heroes-Villains-H-N,Tilen Arnols,tilen-arnols,,Individual,published,"Age: 21 (chapter 5) 22

Although his past is a secret, Tilen remembers that he once was able to speak to the shadows and control them at will. Whenever he sleeps they sing to him and protect him while he is fighting. Once when he was young, Tilen was sick and a shadow in the form of his deceased mother healed him and gave him the ability to control others like itself. Although he isn’t a Lazaron he often helps them in battles throughout chapter 4. He learns how to use regular magic throughout chapter 5.",Main Universe,Heroes,,,Lazarons,,Power over shadows; Magical spells; Flight
Eliteverse-Heroes-Villains-H-N,Dagan,dagan,,Individual,published,"During the final years of Elitshia, Dagan was servant to the royal family and was concealed inside a book to forever carry the image and history of Elitshia and its race forever. However once he was released by mistake in chapter 3, he returns to life but this time in a lesser form then in his grand state. It is later mentioned that he was a powerful wizard.",Main Universe,Heroes,,,Lazarons,3000,Magical abilities; Shapeshifting
Eliteverse-Heroes-Villains-H-N,Samantha Reed,samantha-reed,,Individual,published,"During her teenage years, Samantha figured out that she could control the power over fire after great outburst. Until chapter 4 she wasn’t able to control her abilities. Throughout chapter 4 she learns the abilities of Air bending, Water, & power over the Earth. On issue one of chapter 4 it is told that she woke up in a dessert before arriving at Tantirith and that she at one time wanted to become a teacher at UCLA. Her parents are finally seen in chapter 4 after being killed while she was graduating from high school.",Main Universe,Heroes,,,The New Alliance; Lazarons,23,Power over the elements; Ice; Advance magic; Flight
Eliteverse-Heroes-Villains-H-N,Brenten West,brenten-west,,Individual,published,"At the age of 4, Brenten was able to configure his first car and build his first super computer allowing his parents to enter him in challenges of the brain throughout his life. At age 14 he graduated from high school and graduated from college two years later. By age 21 he was admitted in the Guinness Book of World Records as the smartest person and later called the descendant of Albert Einstein. He is able to read minds and later control them in chapter 4. He also is able to feel others emotions for a moment in mid-chapter 5.",Main Universe,Heroes,,,The New Alliance; Lazarons,23,Telekinesis; Telepathy; Premonition; Brain Shock; Advance Magic; Flight
Eliteverse-Heroes-Villains-H-N,Owen Pents,owen-pents,,Individual,published,"When he was 10 years old, Owen’s parents died and he was left to live with his rich aunt whom collected sculptures and millions of imported books. After he graduated from college at the age of 21, Owen’s aunt died of cancer and left her fortune to him. But after finding himself awake at Tantirith, he awakes to new friends. He often uses his limitless funds and estate to get him and the other Prisoner’s resources to fight evil. One of his biggest passions is the guitar, singing, & fighting. He is also a skilled swordsman.",Main Universe,Heroes,,,The New Alliance; Lazarons,22,Power over the weather; Advance magic; Weather control; Flight; Sensing
Eliteverse-Heroes-Villains-H-N,Lavexian Wilson,lavexian-wilson,,Individual,published,"An often mechanic and trouble maker, Lavexian was born of a scholar and a lawyer living in Manhattan. After he graduated from high school, he left to pursue college but decided to leave to travel the world. He is an avid reader of comic books, supernatural, and action films. His passion besides fixing things is the fictional world that he comes accustom to reading. After finding out about his abilities, Lavexian learns how to use them and advance his abilities a lot quicker then any other Prisoner in history of magic. In chapter 4, his powers advance to the point where he cans Time Travel which helps Elite Force a great deal in fighting dark forces. He also is one of the only people who can understand almost any language however he doesn’t know how he is able to accomplish this until he looks onto a book.",Main Universe,Heroes,,,The New Alliance; Lazarons,21,Power over time; Teleportation; Advance magic; Flight; Molecule Combustion; Time Travel
Eliteverse-Heroes-Villains-H-N,Catherine Hodkins,catherine-hodkins,,Individual,published,"Once she lived with an abusive boyfriend whom she left for college but found herself alone and homeless. When she arrived in California, she befriends Kenya and begins working at the Flower Shop and becoming her assistant. On her 23 birthday, Kenya finds out that whenever Catherine is happy flowers bloom and comes back to life after death and that when she’s angry flowers and plant life dies near her. It is also told that she is descendant and true daughter of Mother Nature, Santiyline. Although she appears mostly toward mid-chapter 3 assisting the Lazarons, she doesn’t join the other members of The New Alliance until chapter 4.",Main Universe,Heroes,,,The New Alliance; Lazarons,23,Power over nature; Turn others into stone; Flight; Advance magic; Speak to animals; Alien species
Eliteverse-Heroes-Villains-H-N,Mr. Kendrick HInes,mr-kendrick-hines,,Individual,published,"During the early 18th century he was chosen as the librarian of a very well known magical library and the biggest in the world hidden from human eyes in Tantirith. He would guide and protect future magical beings in the request of the High Council. In the issue he was a previous member of the New Alliance that lost his memory and resided as a teacher at Kayla & Kendo’s high school. While on a field trip to the museum, Kondrick found out that he can turn objects to stone. Later in Chapter 4 he would loose his memory again and to live the rest of his life out continuing his teaching at Tantirith.",Main Universe,Heroes,,,Tantirith; Lazarons,1000,Magical Abilities
Eliteverse-Heroes-Villains-H-N,Prince Rocknick,prince-rocknick,,Individual,published,Made prince after his parents ascended to becoming Domaedians. He was appointed prince of all magic wielding the Staff of Power in which protects him and gives him magic that existed before the magical world’s creation. He is good nor evil and serves sometimes as both as his only priority is to contain ultimate power and hates others that threaten his authority of being the all powerful such as Zon once did and then the Lazarons after him. He is Zon’s biggest rival next to Belckus.,Main Universe,Heroes,,,Lazarons,241,Magical Abilities
Eliteverse-Heroes-Villains-H-N,Vanessa Arnold,vanessa-arnold,,Individual,published,"Age: 19 (chapter 4) 276 years old

Powerful but young firestarter with little knowledge of her past. She was saved by a spirit that claimed to be her brother in whom she killed while a child, by accident. Until her 19 birth date she was unable control her ability. She was founded by Kylie while at a magic convention in LA when Vanessa started a fire while fighting over a water medallion. She would join Kylie & Kanos during their journeys becoming the first members of the New Alliance until becoming lead after Kylie’s departure. She was at Kylie & Kanos’s wedding and watches over the New Alliance (new members) at times.",Main Universe,Heroes,,,The New Alliance; Lazarons,,Power over Fire
Eliteverse-Heroes-Villains-H-N,Hoj Benjamin,hoj-benjamin,,Individual,published,"Age: 18 (chapter 4) 221 years old

Able to read minds, enter dreams, and create objects out of his mind, he was sought out by millions of demons before being found by Kylie & Vanessa in the chapter 3 side-story and again before appearing in late chapter 4. He was able to stop an army of powerful Dager Demons before entering the human world by creating a miniature black hole which from this he became the most powerful Abnormal on earth next to Zon which in reality isn’t a Abnormal.",Main Universe,Heroes,,,The New Alliance; Lazarons,,Telepathy; Dream teleportation; Projection
Eliteverse-Heroes-Villains-H-N,Kora Lazaron,kora-lazaron,,Individual,published,Although she is the only character of the Lazaron Legacy arc that appears regularly throughout the six chapters she never truly fight her own battles but assist others in the process. She came close into being vanquished but was saved by Montum upon his arrival on chapter 3. Kora is the eldest sister to Kylie turned evil by Montum to be his Seer and she showcase how powerful she really is when fighting the New Alliance. She is the aunt of the Lazaron siblings & main opponent to the New Alliance.,Main Universe,Heroes,,,Underworld Gods; Lazarons,300,Premonitions; Magical abilities
Eliteverse-Heroes-Villains-H-N,Garnia,garnia,,Individual,published,"Female succubus that often falls for powerful and beautiful beings with her first being Zon until his turn of mind to the good side. She was vanquished by a pregnant, Kenya on issue 17 of chapter 2. Before 22her vanquish, she fought many teams found throughout Elite Force Comics universe including Elite Force.",Main Universe,Heroes,,,Underworld Gods; Lazarons,,Draining of abilities; Memories
Eliteverse-Heroes-Villains-H-N,Tontolius,tontolius,,Individual,published,"Second demon to appear as a wizard like sandman that could appear facial in the winds, he creates giant windstorms made up rocks and sand. He is vanquished during issue 20 of chapter 2 while communicating with Belckus. Like other demons, before his vanquish, Tontolius fought many teams throughout Elite Comics universe including Elite Force.",Main Universe,Heroes,,,Underworld Gods; Lazarons,,Able to transform into; Control a malleable sand form
Eliteverse-Heroes-Villains-H-N,Reding,reding,,Individual,published,A powerful chief of demons that is often considered Zon’s brother turn completely dark by black magic. He is ninth powerful in HELL next to Belckus and to Zon. He is Zon’s second biggest rival after the prince of all magic. He is vanquished after issue 25 chapter 2. He fought many teams throughout Elite Force Comics universe before his vanquish including the X-Team.,Main Universe,Heroes,,,Underworld Gods; Lazarons,,Abnormal strength; Endurance; Durability; Resilience Personal gravity field
Eliteverse-Heroes-Villains-H-N,Mactis,mactis,,Individual,published,"Abilities: Ability to expel gusts of air from lungs

Lizard demon with acid like abilities and controller of the swamps, vanquished by Kara & Jane during issue 16 of chapter 2.",Main Universe,Heroes,,,Lazarons,,Abnormal leg; Tongue strength; Endurance; Agility; Reflexes; Coordination; Balance; Leaping ability; Regenerative healing factor; Can stick to walls; Elongated prehensile tongue; Psychoactive venom secretion; Paralyzing mucus secretion; Adhesive spit; Can communicate with amphibious life
Eliteverse-Heroes-Villains-H-N,Carlande,carlande,,Individual,published,"She is a sweet but deadly witch that causes great destruction throughout chapter 3, she appears as sometimes a young girl or teenager with little knowledge of either version showing she may be magically schizophrenic.",Main Universe,Heroes,,,Underworld Gods; Lazarons,,Reality warping; Hex energy
Eliteverse-Heroes-Villains-H-N,Monique Summers,monique-summers,,Individual,published,"Abilities: Shapeshifting Abnormal agility Ageless[2] Healing factor Skilled combatant Master Strategist

Monique was childhood friend to Kenya until her parents moved to France for her father’s job. Amid her return to Elite City to visit Kenya, she finds Kenya and her siblings to have age while she hasn’t. Abandoning her notion to revive her friendship with Kenya, Monique leaves traveling Elite City stopping those that work against those who have Abnormal abilities. She for a short time joins The New Alliance to defeat her enemies, however after they are defeated she turns on the New Alliance and several times tries to destroy them and take their magical book. In an alternate reality she fights Elite Force by creating a dark version of them unleashing them onto the regular timeline.",Main Universe,Heroes,,,The New Alliance; Dark Prisoners; Lazarons,,
Eliteverse-Heroes-Villains-H-N,Light Feeders,light-feeders,,Team,published,Demonic entities that feed off of light and attacks angels on sight. They come in various forms and can be found in numerous situations. They are prominent members of the society of demons known as the Belki.,Main Universe,Teams,,,,,
Eliteverse-Heroes-Villains-H-N,Grim,grim,,Individual,published,"A cloaked demon with several eyes under his garments that are ever watching. His main goal was to please Belkus and is one of the many minions that serve to free him. He believes he will be awarded by helping Soltice in breaking the other temples around the world. Along with Soltice, the two assists other demons like Umbrin although their stories rarely connect.",Main Universe,Heroes,,,Light Feeders; Belki,1840,Psychic Powers
Eliteverse-Heroes-Villains-H-N,Barrick Dines,barrick-dines,Soltice,Individual,published,"One of the demonic lords of Hell, Soltice as he is called by his subjects and foes, is one of the first demons to come through the broken temple in Europe. He led an army on earth and with this he countered those that oppose him and his minions called the Shadowrunners.",Main Universe,Heroes,,,Light Feeders,444,Demonic Abilities
Eliteverse-Heroes-Villains-H-N,Magnetic Woman & Magnetic Man,magnetic-woman-magnetic-man,,Team,published,Possessing the powers to push and pull forces magnetically. They are not affiliated with one another and possesses little knowledge of each other.,Main Universe,Teams,,,,,
Eliteverse-Heroes-Villains-H-N,Debbie Olks,debbie-olks,Magnetic Woman,Individual,published,"Debbie Olks was destined to find her true love soon, traveling to exotic places and even going as far as going to fortune tellers all to see who she will fall in love with. One day Debbie got so desperate that she met with a powerful witch that promised her that she could find the Lost Treasure of Atlantis by the end of the following year she would grant Debbie her wish of finding true love. Along her search, Debbie found out about her abilities to attract objects through a form of Magnetic charge.",Main Universe,Heroes,,,Magnetic Woman & Magnetic Man,30,Magnetic Pull
Eliteverse-Heroes-Villains-H-N,Jacob Marge,jacob-marge,Magnetic Man,Individual,published,"Using his influences to travel to Paris, France looking for his true love. Jacob Marge was determined to find his true love one way or another and that he would go to any length to do so. While in Spain, Jacob would discover his abilities to push anything away from his body through a positive charge of magnetic energy. He met a powerful witch while in Spain and was offered his true love if he could help her find a special artifact called the Lost Treasure of Mu’.",Main Universe,Heroes,,,Magnetic Woman & Magnetic Man,30,Magnetic Push
Eliteverse-Heroes-Villains-H-N,Mask of the Undead,mask-of-the-undead,,Team,published,Two unfortunate souls bound together by their familiar circumstances. The two have bought together their shared desires to rid themselves of their inherent destinies through any means possible.,Main Universe,Teams,,,,,
Eliteverse-Heroes-Villains-H-N,Olivia Watson “Ghost Girl”,olivia-watson-ghost-girl,,Individual,published,"Born to John & Wilma Watson, both sharing similar abilities, Olivia like her ancestors were cursed with powers that allows her to live forever and communicate with the dead. Unlike other members of her family, Olivia manages to defeat the Black Crone, thus relinquishing her from the spell. At this point Olivia joined Elite Force for a short moment until realizing she would never truly be alive and later joining a elite group known as the Mask of the Undead. From this point she used her abilities to take over the group and lead them against the undead army of Montum. While dead for a short while, Olivia is able to travel freely between heaven & hell without harm and can travel back to the land of the living whenever she wishes.",Main Universe,Heroes,,,Elite Force; Mask of the Undead,22,Transparency; Telepathy amongst the dead; Limited control over the dead; Teleportation; Hovering above ground; Control of victims; Immortality
Eliteverse-Heroes-Villains-H-N,Janice,janice,Mystic Girl,Individual,published,"Daughter to Zane and a demon named O’bur Alvia, Janice inherited many of her father’s abilities including his fast healing natural ability. Janice was born on an island in the Underworld and was raised as an orphan to a meta-human couple doomed for eternity to be bound to each other by unbreakable chains at the edge of the living and the edge of the Underworld. During her teenage years, Janice met up with Elite Force while fighting the demon Vallah, she killed Vallah to only be equally matched by Vallah’s true demonic form. Shortly after slaying the demon, Janice became a member of Elite Force, later learning of Zane being her father. Outrage that he left her in such a evil place, she fought him, nearly matching his fighting skills to only be defeated by him in the end. Janice left the group to join the Mask of the Undead after returning the Underworld.",Main Universe,Heroes,,,Mask of the Undead; Elite Force,650,Fast healing factor; Great strength; Acrobatic fighting skills; Telepathy; Force fields; Energy blasts
Eliteverse-Heroes-Villains-H-N,Mastermind Crew,mastermind-crew,,Team,published,,Main Universe,Teams,,,,,
Eliteverse-Heroes-Villains-H-N,Soloman Hollard,soloman-hollard,Shadow Man,Individual,published,"Soloman Hollard was one of the reasons why the Shadow Stalkers disbanded. During one of their missions, Soloman also known as Shadow Man became angry that they were saving humans when humanity hated them and wanting Descendants dead. Soloman created a plan that his team turn against humanity and join the ranks of the Mastermind Crew. After their final battle, the Shadow Stalkers disbanded with Sanctrum & Shadow Man joining the Mastermind Crew.",Main Universe,Heroes,,,Shadow Stalkers; Mastermind Crew,38,Controls the Shadows
Eliteverse-Heroes-Villains-H-N,Zilda Omedge,zilda-omedge,Sanctrum,Individual,published,"Zilda was never an official member of the Shadow Stalkers because of her thought to destroy her old city. During her youth, Zilda fell for a boy that she thought loved her until she caught the boy kissing another girl. Her anger caused her abilities to come active which ironically is the power to kiss someone causing their immediate death or a slight kiss can cause sickness. Zilda joined the Shadow Stalkers in rage hoping to cover up her true intentions.",Main Universe,Heroes,,,Shadow Stalkers; Mastermind Crew,18,Controlling Kiss
Eliteverse-Heroes-Villains-H-N,Merlantians,merlantians,,Team,published,,Main Universe,Teams,,,,,
Eliteverse-Heroes-Villains-H-N,Jon Ricks,jon-ricks,Creok & King of Merlantis,Individual,published,"Because of his unusual appearance, Jon Ricks’ parents sent him to the harbor of Castle Town where he would be treated and studied. For this cruelty and fueled with anger, Jon escaped and was later wiped away on a nearby island by several Merlantians or Descendants of the sea by nearby city folk. Away in Merlantis, Jon took on the name of Creok and was taught how to talk to fish, control water, and swim faster than anything. In some stories he is considered King of Merlantis and husband of its queen, Nophia.",Main Universe,Heroes,,,Merlantians,24,Aquakinesis; Ability to talk to fish; Great speed; Strength
Eliteverse-Heroes-Villains-H-N,Nophia,nophia,Merlantia,Individual,published,"Born in a beautiful city located at the bottom of the Pacific Ocean, Nophia’s ancestors built a city of gold and silver and protected by the fish that lived nearby. Nophia and her family ruled the city for centuries and uses her power over the ocean to keep everyone in line and protect from harm. While above ground, Nophia met Jon Ricks and quickly fell for him even following him on adventures across the world. The two married in front of her people and even the Water gods and was given the name Merlantia.",Main Universe,Heroes,,,Merlantians,1174,Ability to control animals; Nature; Aquakinesis; Enhanced strength; Speed
Eliteverse-Heroes-Villains-H-N,Missy Cornor,missy-cornor,Sea Chaser,Individual,published,"Missy Cornor was born in Merlantis and served to protect Merlantia. During one of her missions to guard the front gates, Missy also known as the Sea Chaser would be confronted by a powerful sea dragon and would learn of her abilities to control the oceans by subtracting negative energy from creatures around her.",Main Universe,Heroes,,,Merlantians,,Uses Negative energy to control water
Eliteverse-Heroes-Villains-H-N,Midnight Warriors,midnight-warriors,,Team,published,,Main Universe,Teams,,,,,
Eliteverse-Heroes-Villains-H-N,Debra Collins,debra-collins,Noxin,Individual,published,"Born to an engineerer, Debra Collins wasn’t a stranger to fixing things, when she enrolled at SAA she served as its lead technician going as far as fixing Elite Force Jet on several missions. Debra first distributed her abilities to detect other Descendants when she was 18 and she knew that a nearby student was like her and she tried to make friends with him, it turned out that the boy didn’t wish the same thing and turned on her. The two would later meet as members of a group of vigilantes named the Midnight Warriors who mostly do their fighting at night.",Main Universe,Heroes,,,Midnight Warriors,24,Psionic detection of mutants; Astral projection/electro-transitional state
Eliteverse-Heroes-Villains-H-N,Victor Nighten,victor-nighten,Plasma Man,Individual,published,"Victor was creator of the Midnight Warriors, he bought forth a debate of how Descendants should live when he was apart of the Congress. This caused him to be expelled thus creating his own group of Descendants that would fight for Abnormal and mutant rights. He called the group the Midnight Warriors and first inducted The Drainer as his leading lady.",Main Universe,Heroes,,,Midnight Warriors,30,Explosive plasma blasts; Flight
Eliteverse-Heroes-Villains-H-N,Gallen Reif,gallen-reif,Fang,Individual,published,"Gallen Reif first met Debra Collins while in high school, he was a sophomore while she was about to graduate, unfamiliar with his abilities at the time, he didn’t take on her presence very well and shouted out to the school that she was a Abnormal causing a panic attack throughout the building. He would later meet her again at the age of 22 as apart of the team Midnight Warriors and he exchange his apologies with her.",Main Universe,Heroes,,,Midnight Warriors,22,Razorsharp claws; Fangs; Abnormal senses; Strength; Speed; Agility; Reflexes; Coordination; Endurance; Invulnerability; Resistant to life draining
Eliteverse-Heroes-Villains-H-N,Sarrah Jessica,sarrah-jessica,The Drainer,Individual,published,"Sarrah Jessica was a beautiful girl growing up; she has porcelain skin and looked as if she was a walking life sized doll. Dressed to impress, Sarrah was skilled at modeling and walking the runway, she could talk her way out of any situation. However as she grew older her abilities and mutant like abilities begin to show itself. Now she had beautiful purple skin and green eyes and contained the abilities to drain life forces substaining immortality and strength.",Main Universe,Heroes,,,Midnight Warriors,34,Ability to create life-force draining fire; Energy whips; Life-draining gives her Abnormal healing; Immortality; Strength
Eliteverse-Heroes-Villains-H-N,Negative Fighters,negative-fighters,,Team,published,,Main Universe,Teams,,,,,
Eliteverse-Heroes-Villains-H-N,Emily Zack,emily-zack,Red Storm,Individual,published,"Capable of creating red themed storms anywhere she pleases, Emily died during battle and was trapped in Onur by Montum and her soul was taken away by Soulman. Emily was revived as part of the Negative Fighters and is under the complete control of Montum.",Main Universe,Heroes,,,Negative Fighters,40,Controls the weather; Can manipulate weather patterns
Eliteverse-Heroes-Villains-H-N,Jeth Rhodes,jeth-rhodes,Spiral,Individual,published,"Abilities: Can manipulate wind to create miniature blackholes

After being found floating near death into Eternity by Soulman, Jeth’s soul was given to Montum however over time he would become Montum’s soldier in hopes to destroy the land of the living and to take it over in the honor of Montum’s order. Jeth became Spiral because of his ability to create spiral like attacks made of wind and acts like a blackhole. Spiral often leads Montum’s team of villians known as the Negative Fighters to attack protectors of mankind.",Main Universe,Heroes,,,Negative Fighters,23,
Eliteverse-Heroes-Villains-H-N,Jackson Hield,jackson-hield,Zone Killer,Individual,published,"A beefy man with long green and black spikey hair, he has a demonic attitude and appearance and is one of the strongest fighters amongst the members of the Negative Fighters. His reddish body and the spikes coming from his arms and back can be used as attacks, it is said that when in life, he was a bully who died unexpected, his persona continues in in the afterlife as one of Montum’s soldiers.",Main Universe,Heroes,,,Negative Fighters,111,Superhuman strength; Reddish skin is hot as lava; Spikes that can break through anything; Endurance
Eliteverse-Heroes-Villains-H-N,Lizer Benjamin,lizer-benjamin,Ghostman,Individual,published,"Lizer Benjamin died in the late 1700s, however up until his death he was a servant to Montum and has since been his loyal servant after death serving as member to the Negative Fighters at various points throughout his afterlife. While in life, he stole things from various places for Montum that otherwise the deity couldn’t enter because of spells, charms, etc. Such items include the Chalice of Life which was buried in a destroyed monastery on hollow ground. While not traveling with the group, he often goes on his own separate journeys such as robbing several banks throughout several cities. He is by far the oldest member of the Negative Fighters.",Main Universe,Heroes,,,Negative Fighters,219,Transparent configuration; Intangibility; Superhuman strength; Lazer beams from eyes; Enhanced agility
Eliteverse-Heroes-Villains-H-N,New Society of Heroes,new-society-of-heroes,,Team,published,,Main Universe,Teams,,,,,
Eliteverse-Heroes-Villains-H-N,Ark Imit,ark-imit,Elite Boy (later Elite Man),Individual,published,Ark is a proud Filipino Chinese hero that found out about his abilities after saving a bus from steering off the I-191 in Elitshia. His powers granted him powers like some of his favorite heroes and since has adopted their public ideals to save the world from danger. He is often the de facto leader of the New Society of Heroes.,Main Universe,Heroes,,,New Society of Heroes,16,Lazer Eyes; Super strength; Flight; Ice breath; Enhanced agility; Impenetrable skin
Eliteverse-Heroes-Villains-H-N,Nan Imit,nan-imit,Elite Man,Individual,published,"Father of Elite Boy, he was a proud hero that primarily was stationed in the Filipinos.  He originated from Saiyu and when under our sun, he has enhanced abilities and is considered a Descendant because of her enhanced powers compared to humans. He disappeared after a war on Earth in 2009, causing his son to take up the mantle to search for him.",Main Universe,Heroes,,,New Society of Heroes,42,Lazer Eyes; Super strength; Flight; Ice breath; Enhanced agility; Impenetrable skin
Eliteverse-Heroes-Villains-H-N,Mika Hues,mika-hues,Warrior Girl (later Warrior Woman),Individual,published,"Snarky, impulsive, daring, and intelligent. Mika Hues is a proud Brazilian hero that carries her culture with her and shows throughout her fighting styles and clothing. Her powers are often seen as a direct comparison of her ancestors who are great warriors, the Wareins. She is often seen fighting alongside Ark and the New Society of Heroes when she isn’t at home protecting it from villains.",Main Universe,Heroes,,,New Society of Heroes; Wareins,15,Enhanced Strength; Enhanced sight; Speed; Impenetrable skin; Unbreakable armor; Demon trapping sword
Eliteverse-Heroes-Villains-H-N,Kendrick Lazaron,kendrick-lazaron,Blaze,Individual,published,"One of the fastest people in the world, Blaze is quick on his feet, the funny guy in the group, and has often manipulated time travel because he can run as fast as sound and later in life, as fast as light. He is often the enemy of the Time Lords and Time Pirates. He is son of Kain Lazaron and is unaware of his father’s history and status as the God of Time. He just believes, Kain abandon his family when he was younger, unaware that Kain watches every part of his life.",Main Universe,Heroes,,,New Society of Heroes,15,Supersonic Speed; Enhanced sight; Hearing; Limited time travel
Eliteverse-Heroes-Villains-H-N,Jessie Rains,jessie-rains,H20,Individual,published,"One of the daughters to the nymph Aqua. Jessie is half human and half nymph and a great swimmer. Capable of manipulating water, speaking to aquatic lifeforms both on Earth and elsewhere, and enhanced speed & strength. Jessie is the newest member to the team and often follows Blaze as she has a crush on him. She is often seen in her own separate stories and can be known for her often meet with the Mermadic Kingdom.",Main Universe,Heroes,,,New Society of Heroes,14,Aquakinesis; Capable of speak with Aquatic lifeforms; Enhanced sight; Speed; Strength; Long life
Eliteverse-Heroes-Villains-H-N,Zazie Olmoroth Embrem,zazie-olmoroth-embrem,Nightstar,Individual,published,"Age: 17 (159 years old on Nataya)

A Natayan that left her world out of curiosity to see Earth and its people. She became stuck here and often dream of returning to her world. Because of her appearance, she often hides it by shapeshifting which she developed after the ability disappeared from her people almost 2,000 years ago. She joined the New Society of Heroes and is often their center of hope and love.",Main Universe,Heroes,,,New Society of Heroes,,Shapeshifting; Enhanced speed; Hearing; Flight; Immortality; Healing; Lazer eyes
Eliteverse-Heroes-Villains-H-N,Eilan Commorage,eilan-commorage,Steel Guard,Individual,published,"Abilities: Super suit that can fire laser beams

An inventor that has already at the age of 15 won a noble prize for inventing a machine that grants anyone enhanced abilities. They built an armor that resembles one of favorite heroes to join the New Society of Heroes. After successfully joining the team, Eilan became the team’s technical support and built many of their armor and weapons. They also assist in the field whenever they are able. Because they are bound to a wheelchair, Eilan’s super suit allows them to walk, run, and fly.",Main Universe,Heroes,,,New Society of Heroes,14,Flight; Super strength; Heal wombs; Supercomputer attach to the suit; Enhanced speed; Sight
Eliteverse-Heroes-Villains-H-N,Aida Numera,aida-numera,Mystic Force,Individual,published,"Friend to Stardust from the stories Lightning Stardust, Aida moved to Elitshia to find her lost brother who later became Mute. Aida is part android and part human with the android part of her body being replacements after finding mystic objects that attached themselves to her. This allowed Aida to gain great control over the mystic world and conjure incredible mounts of magic. Aida became Mystic Force and joined the New Society of Heroes on some of their missions.",Main Universe,Heroes,,,New Society of Heroes,18,Mystic Powers; Immortality; Can phase through solid objects
Eliteverse-Heroes-Villains-H-N,Frank Johnson,frank-johnson,Elite Soldier,Individual,published,"Often feeling left out because of his lack of abilities, Frank created a shield with the help of Eilan his classmate from unbreakable minerals. Those same minerals also are used in his sword, armor, and later his vehicles. He is intelligent and aims to find a cure for Eilan his bestfriend. He died on one of his missions and were brought back to life by Aida, the two would fall in love and in the future birth two powerful children.",Main Universe,Heroes,,,New Society of Heroes,17,Human with indestructible armor; Shield; Sword; Granting enhanced strength; Invulnerability; Peak human appearance
Eliteverse-Heroes-Villains-H-N,Robin Riverson,robin-riverson,Kilo,Individual,published,"Daughter of The Electrician, after seeing old footage of their father being a hero and his fall at the hands of Molecule. Robin like her brother Richard became the electrifying heroes Kilo and Watts. The two often work just with each other, however at times they are members of the New Society of Heroes.",Main Universe,Heroes,,,The Electrician; Watts; New Society of Heroes,15,Electric Manipulation
Eliteverse-Heroes-Villains-H-N,Richard “Rich” Riverson,richard-rich-riverson,Watts,Individual,published,"Son of The Electrician, after seeing old footage of their father being a hero and his fall at the hands of Molecule. Rich like his sister Robin, became the electrifying heroes Kilo and Watts. The two often work just with each other, however at times they are members of the New Society of Heroes.",Main Universe,Heroes,,,The Electrician; Kilo; New Society of Heroes,15,Electric Manipulation
Eliteverse-Heroes-Villains-H-N,Brett Solidus,brett-solidus,Streetstalker & Eagle (after joining the NSH),Individual,published,"Abilities: High tech weapons with his eagle inspired costume

A masked vigilante that fought to bring justice to the slums of Elitshia. Often seen as a black streak in the night, Eagle is a crime fighter with an eagle costume, high tech weapons, martial art skilled training, and can hold his own against those who are superpowered. To help stop a criminal mastermind, he was recruited into the New Society of Heroes. He was asked to remain on the team which he accepted. He co-leads the team with Ark “Elite Boy”.",Main Universe,Heroes,,,New Society of Heroes,19,Human; Martial artists
Eliteverse-Heroes-Villains-H-N,Moondust,moondust,Moondust,Individual,published,"Age: 15 (123 years old on his homeworld)

Stardust’s brother that came to Earth to search for her during the Lightning Stardust stories. He stayed even though she left, after falling in love with Aida. He is highly intelligent and alongside Eilan invents most of the team’s weapons. He also built bionic legs for Eilan and is close friends to Eilan and Frank his teammates.",Main Universe,Heroes,,,New Society of Heroes,,Enhanced strength; Lazer eyes; Enhanced speed; Sight; Intelligence; Immortality
Eliteverse-Heroes-Villains-H-N,Tacob Misship,tacob-misship,Brute,Individual,published,"Age: 18 (94 years old on his home world)

Because of toxins found within the waters of his home world, Tacob can transform into a giant beast of high intelligence, brute strength, and immortality. While calm and under the influence of candy, he is unable to transform.",Main Universe,Heroes,,,New Society of Heroes,,Enhanced strength; Intelligence; Immortality while in Beast Mode
Eliteverse-Heroes-Villains-H-N,Devin Porbroker,devin-porbroker,Omnius,Individual,published,"Abilities: Technology allowing him to manipulate his molecules to shrink or enlarge himself

After developing his own molecule manipulation serum after working with Molecule for years. Devin became Omnius to help save the world from Molecule and his son. He is the newest member of the New Society of Heroes and oldest out of the group. He appears when the other heroes are in their mid to late 20s in later stories.",Main Universe,Heroes,,,New Society of Heroes,29,Others
Eliteverse-Heroes-Villains-H-N,Nexus Corp,nexus-corp,,Team,published,,Main Universe,Teams,,,,,
Eliteverse-Heroes-Villains-H-N,Macluther Ronald Reges,macluther-ronald-reges,The Brain,Individual,published,"Inheriting billions from his father’s corporation, Macluther Ronald Reges would begin his own Fortune 400 company the Nexus Corp. In order to not only create his own vision of the world but also take technology into a new world. At one point in time, MacLuther would take on the name as The Brain after using his own technology to give himself a brain that would absorb any and all knowledge he comes in contact with. Over time, the Brain would become the smartest thing in the universe and in many versions of his story a powerful force that created the Alphas.",Main Universe,Heroes,,,Nexus Corp,30,Enhanced Brain
Eliteverse-Heroes-Villains-H-N,Anterk,anterk,Dark Master,Individual,published,"Anterk has always been seen as a cloaked figure with jewels decorating his robes showcasing his origins. During the age of the gods, his dialect and stories of the past shows both his great intelligence and power. Many believe him to be a god that descended to the earth after the great war.",Main Universe,Heroes,,,Nexus Corp,2000,Telekinetic power over matter; Metal
Eliteverse-Heroes-Villains-H-N,Sarria,sarria,Amazonia,Individual,published,"Sarria has always been a powerful foe and willing ally. She was born in the Amazons near the great Amazon river by a witch and soldier. From her parents, she gained their great magic & physical abilities. In the modern world, Sarria traveled and joined the Shifters and later Nexus Corp in hopes to get enough power and money to help restore her homelands after the great war nearly destroyed it. Sarria while in America goes by the name Amazonia.",Main Universe,Heroes,,,Nexus Corp,26,Magical spells; Enhanced cat like reflexes
Eliteverse-Heroes-Villains-H-N,Night Grid,night-grid,,Team,published,"Vampiric like individuals, this team of super powered vampires have found their way onto the sights of both heroes and villains because of their abilities and traits.",Main Universe,Teams,,,,,
Eliteverse-Heroes-Villains-H-N,Jane Kalpiton,jane-kalpiton,Ms. Blood,Individual,published,"Bitten by a vampire, Jane and her brother Jonus became modern day vampires capable of draining the life force from others, seeing into darkness, moving quickly, and having increase superhuman strength. Unlike her brother, Jane has a high intelligence and uses to enhance her vampiric abilities with technology she creates from her lab in her old school.",Main Universe,Heroes,,,Night Grid,28,Super strength; Enhance night vision; Speed; Drains human life force; Teleportation
Eliteverse-Heroes-Villains-H-N,Jonus Kalpiton,jonus-kalpiton,Night Grid,Individual,published,"Brother to Jane, he was bitten by a vampire to become a modern vampire that can drain the life force out of anything and anyone. Unlike his sister, he cares less about order and control and more for making others like himself by controlling them and turning them into vampire like soldiers.",Main Universe,Heroes,,,Ms. Blood; Night Grid,26,Super strength; Enhance night vision; Speed; Drains human life force; Teleportation
Eliteverse-Heroes-Villains-H-N,Nightwalkers,nightwalkers,,Team,published,,Main Universe,Teams,,,,,
Eliteverse-Heroes-Villains-H-N,Jayson Kane,jayson-kane,Nightblade,Individual,published,"With mixed emotions about returning to his past life of fighting, Jayson realized that it was his blood right to use his abilities to fight against the same dark forces that killed his brother and sister. Jayson met with Alk-shane in an attempt to strengthen his abilities and to find a productive way to release his anger. When Jayson was young he cared for his siblings after his parents died in a plane crash. His grandparents died when he was a teenager and his siblings shortly after from the Dark Forces. Jayson’s life was surrounded by things that would make him a strong fighter and very skilled swordsman. He so far has slain more demons than any other person on Earth. A record that he set after slaying 100 demons in one hour.",Main Universe,Heroes,,,Nightwalkers; The Swordsmans,24,Skilled Swordsman; Enhanced psychic sensing; Strength; Levitiation
Eliteverse-Heroes-Villains-H-N,Vice Kane,vice-kane,Nightfield,Individual,published,"During his youth, he watched his sister being taken by Belki. On that horrible night he fought to bring her back and from that day he studied the art of immortality hoping to live long enough to bring her back. After he found enlightment, Vice studied powerful magic and fought as a ninja. Over this time he buried his family, married and later watched as they aged, but none of this phased him as his true thought was getting his sister back in his arms. Through magic Vice opened a portal for his sister to return to the land of the living but also releasing the Dark Forces that he now must fight to send back to hell. The two are believed to be related to Korse however this hasn’t been proven.",Main Universe,Heroes,,,Nightwalkers,27,Energy Fields; Great speed; Ninja like reflexes; Waves of light; Immortality; Magic
Eliteverse-Heroes-Villains-H-N,Versah Kane,versah-kane,Nightwave,Individual,published,"Very beautiful and long lost sister to Vice, Versah disappeared from her home during the early 1800s and has since believed to have been sent to Hell where she learned to use her abilities to fight other demons. She got stronger and escaped to find her brother near death. She used her abilities to find him again and thus returning to his side as fighters against the very darkness that once took and enslaved her.",Main Universe,Heroes,,,Belki; Nightwalkers,27,Healing; Great speed; Ninja like reflexes; Magnetic energy; Light bombs
Eliteverse-Heroes-Villains-H-N,Kendall White,kendall-white,Night Speed,Individual,published,"Born to mortal parents, Kendall never knew of his abilities and had to find out the hard way of his true past and the truth behind who his great grandparents were. Kendall’s mother works as a night clerk and his father is in the army. The two remained silent about his family’s past and thus was force to find out from his grandfather before his death after learning of his abilities. Kendall learned he could move faster than anything on earth when he was running at night and he ran so fast that he circled the country twice in less than 5 minutes. The second time he ran so fast that he was able to move his body so fast that he could teleport to his determined destination. He met the other Nightwalkers when a Sholl attacked a young couple in a park near his house.",Main Universe,Heroes,,,Nightwalkers,18,Speed; Teleportation through Molecule Vibration
Eliteverse-Heroes-Villains-H-N,Sierra Milowe,sierra-milowe,Night Wing,Individual,published,"Raised by her father and trained by her grandmother to become a Nightwalker, Sierra has mostly been secluded from normal life and has been surrounded by dark forces since she could walk. Her family discovered her family ability of big beautiful wings when she got hurt in a training accident. She then was able to walk through walls and control the molecules around her. Her abilities were rare among her relatives and thus figuring she was a true destined Nightwalker. At the age of 18, her grandmother sent her on a journey to find the other nightwalkers and to help stop the Wave of Chaos.",Main Universe,Heroes,,,Nightwalkers,19,Big Wings; Molecule Manipulation; Skilled Martial Artist
Eliteverse-Heroes-Villains-H-N,Alk-Shane,alk-shane,Alk-Shane,Individual,published,"During the early 1400s, Alk-shane founded the group of Nightwalkers through a test to see who had special abilities like himself. He was at that time father of four, devoted husband and member of his church. He was used as a weapon to fight demons because of his ability to extract demons from their host. Over the course of the years, Alk-shane fought numerous foes including finding himself in various worlds including Aurelia where he assisted the Guardians on their mission to defeat Chaldrone.",Main Universe,Heroes,,,Nightwalkers,685,One touch can expel demons; Extract them from their host; Skilled swordsman
Eliteverse-Heroes-Villains-H-N,Nubian Knights,nubian-knights,,Team,published,,Main Universe,Teams,,,,,
Eliteverse-Heroes-Villains-H-N,A’nra “pronounced Ahronya” Kubudi,anra-pronounced-ahronya-kubudi,Sien,Individual,published,"A pottery maker and shaman that befriends Oli early in the Nubian Knights story as the two were neighbors before finding about their powers. A’nra has slight prophetic abilities long before she found out about her newfound ability to bring forth any dream, thought, imagination, and vision. She once appeared to Kendo Lazaron when the two were connected via the attack by the Akuma.",Main Universe,Heroes,,,Nubian Knights,27,Premonition; Foresight; Projective thought; Imaginative projection; Dream walking
Eliteverse-Heroes-Villains-H-N,Oli Aolbrundi,oli-aolbrundi,Justice,Individual,published,"A bodybuilder from Angola that once trained to be a solider in the Angolian army until his father died. This forced him to move back to South Africa, where he moved next door to A’nra and two became friends. At once the two were closed acquaintance until their powers were awaken and they decided to form the Nubian Knights. Oli is a proud Pro-Africa individual, believing Africa should protect, teach, build, and fight for itself. He also believes in a united African currency, continent wide initiatives, and lacks empathy for other countries and continents.",Main Universe,Heroes,,,Nubian Knights,29,Diamond like body; Flight; Ice vision; Enhanced speed; Can create a sword of diamond; Ice from his body
Eliteverse-Heroes-Villains-H-N,Genda Promini,genda-promini,Portal,Individual,published,"A former priestess, Genda is a proud Eritrean woman who believes in order and her GOD. She is one of the few humans alongside Oli that could see the supernatural world before her abilities awoke after the Akuma was defeated. Genda became Portal and now can open portals anywhere even if she doesn’t know if it exists or not.",Main Universe,Heroes,,,Nubian Knights,23,Portals; Can prevent portals from opening
Eliteverse-Heroes-Villains-H-N,Erikk Franks,erikk-franks,Oneshot,Individual,published,"From Somalia, Erikk built weapons to protect his family from an invasion. These weapons after the Akuma were defeated were imbued with cosmic energy. Now he is the only ones that can use their powers. With out them, Erikk can take on their energy for limited cosmic energy.",Main Universe,Heroes,,,Nubian Knights,31,Cosmic imbued weapons; Limited cosmic energy
Eliteverse-Heroes-Villains-H-N,Ifta Engrafti,ifta-engrafti,"Cleopatra, Queen of Souls",Individual,published,"From Egypt, Ifta can summon the spirits of her ancestors to attack her enemies. She is often seen when in costume as a mix between a famed Cleopatra and a mummy. In her civilian form, Ifta is beautiful and CEO of her own company in Cairo, Egypt.",Main Universe,Heroes,,,Nubian Knights,33,Power to summon souls as weapons
Eliteverse-Heroes-Villains-H-N,Jeffrey Somers,jeffrey-somers,Zambian Knight,Individual,published,"Waking up in the middle of the night to find himself draining energy from every electronic device in his home. Jeffrey became aware of his abilities while sleeping on the couch after a fight with his estrange wife. His family is unaware of his abilities and usually thinks he is losing his mind. He was abducted into the Nubian Knights after saving them from an Energy Beast. He withdrew from the team after learning he would have to leave his children behind. After they were attacked and his power wasn’t enough, he rejoined the knights. He named himself after his place of birth Zambia.",Main Universe,Heroes,,,Nubian Knights,29,Borrows energy; Repels it backwards with enhanced force
Eliteverse-Heroes-Villains-H-N,Energy Beasts,energy-beasts,Energy Beasts,Individual,published,Grotesque beasts made up of energy and remanence of the left-over energy from Akuma’s destruction. They are often the reappearing enemies of the Nubian Knights. The Energy Beasts can take on numerous forms and are intelligent enough to trick the knights and others in believing they are humans when in disguise.,Main Universe,Heroes,,,Nubian Knights,,Steals energy; Conducts energy of varying abilities; Shapeshifting; Enhanced fighting skills; Near immortality; Multiplication
Eliteverse-Heroes-Villains-H-N,Aitaria Waynefree,aitaria-waynefree,,Individual,published,"A Burkinan woman that moved from Burkina to steal the Nubian Knights powers. Aitaria is a plain appearing woman with no means of standing out, her whispers cause others to perform her duties for her, while her screams can drain someone’s energy. Her gentle touch has the power to cause death, while her punches can destroy mountains. Her powers are re-enforced pockets of energy capable of performing numerous tasks and constant threats to the Nubian Knights.",Main Universe,Heroes,,,Nubian Knights,34,Re-enforced energy that allows instant death; Enhanced strength; Energy refocusing; Enhanced life; Sight; Speed; Draining of energy; Mind control
Eliteverse-Heroes-Villains-H-N,Zonti,zonti,Nubian Prince,Individual,published,"Abilities: Manipulates the polarity of the Earth’s rotation

Age: appears 32 (believed to be thousands of years old)

Once a member of the Nubian Knights, now lover of Aitaria and her apprentice. He can manipulate the polarity of the Earth on a massive scale and is one of the strongest descendants on the planet. Although considerably stronger than Aitaria, he bows to her every call, something Aitaria takes advantage of often. It is believed that because of his abilities that he is an avatar for a previously forgotten African deity.",Main Universe,Heroes,,,Nubian Knights,,Energy
Eliteverse-Heroes-Villains-O-S,Ocean Protective Services,ocean-protective-services,,Team,published,,Main Universe,Teams,,,,,
Eliteverse-Heroes-Villains-O-S,O.P.S,ops,O.P.S,Individual,published,"Age: Varies
Note: Ocean Protective Services

During the leak of an acidic solution that leaked into the world oceans, numerous teenagers were given abilities related to the ocean and its various environments. Created by the Mermadic Kingdom, the Ocean Protective Services often shorten to O.P.S were started to protect the ocean from those that wish to bring harm to it. Although they have never met, members of the O.P.S often receive orders through various technologies given to them via sources like teleporting animals.

Separately, these teens do various ocean related tasks such as being life guards, excellent swim coaches, divers, protectors of the ocean through charity groups, and working at local aquariums.",Main Universe,Heroes,,,O.P.S; Ocean Protective Services,,Numerous aquatic; Ocean based abilities
Eliteverse-Heroes-Villains-O-S,Hodge De’Lord,hodge-delord,Aquaform,Individual,published,Hodge De’lord is 15 years old and possesses the power to talk to any aqualitic lifeform.,Main Universe,Heroes,,,O.P.S; Ocean Protective Services,15,Ability to speak to Aquatic Life
Eliteverse-Heroes-Villains-O-S,Sarah Longview,sarah-longview,Mermaid,Individual,published,"Sarah Longview is 16 years old and has the power to swim like a fish, she even has small gils that allows her to breathe underwater",Main Universe,Heroes,,,O.P.S; Ocean Protective Services,16,Fish like attributes; Agility while in the water
Eliteverse-Heroes-Villains-O-S,Brian Mayweat,brian-mayweat,Sea Shifter,Individual,published,Brian Mayweat is the twin of Ryan and possesses the power to transform into any living aquatic lifeform.,Main Universe,Heroes,,,O.P.S; Ocean Protective Services,17,Shapeshifting to any aquatic life
Eliteverse-Heroes-Villains-O-S,Ryan Mayweat,ryan-mayweat,Trace,Individual,published,Ryan Mayweat is the twin of Brian Mayweat and possesses the power to transform into any prehistoric aquatic lifeform,Main Universe,Heroes,,,O.P.S; Ocean Protective Services,17,Shapeshift to any prehistoric aquatic life
Eliteverse-Heroes-Villains-O-S,Davisha Williams,davisha-williams,Raindrop,Individual,published,"Abilities: To turn that rain into sharp objects

Davisha Williams has the power to turn her body into water like structure.",Main Universe,Heroes,,,O.P.S; Ocean Protective Services,16,Liquid like body; Power to make it rain
Eliteverse-Heroes-Villains-O-S,Christina Frongmire,christina-frongmire,Sea Star,Individual,published,Christina Frongmire is 14 years old and the youngest of the team. She can control any form of water.,Main Universe,Heroes,,,O.P.S; Ocean Protective Services,14,Control over water
Eliteverse-Heroes-Villains-O-S,Old Ones,old-ones,,Team,published,Powerful mages that have lived for thousands of years writing the various laws and creating potent spells for the various communities which they serve.,Main Universe,Teams,,,,,
Eliteverse-Heroes-Villains-O-S,Anvitha,anvitha,Madam Mage,Individual,published,"One of the oldest mages in history, Anvitha appeared as early -7978. Anvitha created numerous spells and saw the creation of the first witch’s council. Anvitha, is often seen as a heavy set woman with a long draping dress that expands across up to 12ft of space. Her hair is long and tangled with webs of magical string that protects her from dark magical influences.",Main Universe,Heroes,,,Old Ones,10000,Ancestral Magic
Eliteverse-Heroes-Villains-O-S,Johnthias,johnthias,Dr. Weird,Individual,published,"A powerful character that appeared almost 9,000 years ago. He was responsible for creating powerful teleportation magic which from it came the creation of teleportation magic. He is often summoned, or his work is used whenever someone wants to move across great distances. He wears a belt of his creation that allows him to phase through solid objects.",Main Universe,Heroes,,,Old Ones,9000,Ancient teleportation magic; Enhanced phasing abilities
Eliteverse-Heroes-Villains-O-S,Sir Nuphorus,sir-nuphorus,Wraith Knight,Individual,published,"An old knight that has created numerous battle techniques and the creator of Battle Magic. Even in his advance age, Sir Nuphorus built a high city that trains numerous hunters to this day. Regarded as a monarch in his own right amongst hunters and other type of soldiers. His statue is erected in the E.L.I.T.E Organization base of operations.",Main Universe,Heroes,,,Old Ones,5116,Enhanced speed; Brute strength; Knowledge of all fighting skills
Eliteverse-Heroes-Villains-O-S,Centra,centra,Breath of Light,Individual,published,"One of the first people to ever live in Earth. Centra almost died when she was banished from the Garden of Eden with Adam, Eve, and numerous others. Shortly before her dying breathe, Centra met with a mysterious figure that granted her the power to control and manipulate light based magic.",Main Universe,Heroes,,,Old Ones,1000468,Light based magic
Eliteverse-Heroes-Villains-O-S,Suroh,suroh,Guardian of the Seal,Individual,published,"Age: 11,000 years ago

A master of discipline, Suroh traveled to the then unknown Aurelia in search of the mythical creatures that lived there. In his search, he crafted the first seal card to tame the creatures. This practice was taught and then passed down across generations.",Main Universe,Heroes,,,Old Ones,,Can seal things into other dimensions
Eliteverse-Heroes-Villains-O-S,Grendalia,grendalia,The High Priestess,Individual,published,"Age: 4 million years old

The first High Council member and daughter of the first witch. Grendalia was highly regarded as the highest member of the High Council and a powerful force both in terms of magic and respect. She ruled over most of Tier in her youth and started the High Council at the request of the Domi Mages. Her statue is erected in the center of the High Council’s meeting chambers.",Main Universe,Heroes,,,Old Ones,,Various magical abilities
Eliteverse-Heroes-Villains-O-S,Jerrickson,jerrickson,The Immortal Knight,Individual,published,"Note: the Young

One of the knights that fought against Tonik and banished him to the Shadow Realm. Jerrickson was very young and thanks to drinking from the fountain of youth, he was unable to age beyond appearing as a young 25-year-old knight. Regarded for his esteem presence and knowledge of the ancient ways. He was inducted into the Royal Guard where he served for almost 10,000 years.",Main Universe,Heroes,,,Old Ones,11000,Immortality; Enhanced senses; Acute magical abilities
Eliteverse-Heroes-Villains-O-S,Cain,cain,The First Sin,Individual,published,"Age: 1 million years old

Brother of Abel and his murderer. Cain was the first murderer and the first to commit suicide. His soul however was condemned to roam the Earth for eternity. He is seen as a bearded man with giant steel like muscles. His immortal tears can bring any back from the dead, his screams over Abel’s death, can be heard throughout time. He learned magic from the first warlock and fought numerous battles with demons for atonement for his crime. Although he is a spirit, he can propriate and has borne numerous children of great strength and abilities throughout history.",Main Universe,Heroes,,,Old Ones,,Immortality; Cursed magic; Enhanced strength
Eliteverse-Heroes-Villains-O-S,Overlords,overlords,,Team,published,A demonic group that rose to power after the fall of Santaniel. Their goal since has been to restore his power and wrath while taking over his position over Hell. They have grown to power to rival the High Council.,Main Universe,Teams,,,,,
Eliteverse-Heroes-Villains-O-S,Victor Allen,victor-allen,Video Man,Individual,published,"During the raid of Elite City in the early 1970’s, Victor Allen could control electronic devices around him mostly video games and TVs. Over the course of time, Video Man lost his powers to only gain them back by Lightning Crow. He joined the ranks of the Overlords as their servant.",Main Universe,Heroes,,,Overlords,37,Control over electric powered objects
Eliteverse-Heroes-Villains-O-S,Vallah,vallah,,Individual,published,"Vallah is one of the most prominent demons in the Underworld, acting somewhat as an advisor above ground. She was defeated by Janice, daughter to Zane, and was revived by dark forces as a bigger demonic form and then defeated again by Elite Force and Janice.",Main Universe,Heroes,,,Belki; Overlords,121,Demonic abilities; Sharp claws
Eliteverse-Heroes-Villains-O-S,Inicks,inicks,,Individual,published,"A beautiful set of demons called the Inicks. Once called deities and/or maidens as their name is loosely translated, these creatures once dance and sung to Belckus. However due to their father’s slumber, these creatures slowly disappeared from existence until recently they appeared again to meet with other demons to fight the Shadowrunners and free their father.",Main Universe,Heroes,,,Belki; Overlords,,Controlling songs; Flight; Demonic magic
Eliteverse-Heroes-Villains-O-S,Paradox,paradox,,Team,published,A powerful group of wizards that have manage to integrate themselves into the depths of the magical force for instance the Perceivable Truth which an all seeing and all-knowing power that was stripped from the world eons ago by the magical elders.,Main Universe,Teams,,,,,
Eliteverse-Heroes-Villains-O-S,Camry Strong,camry-strong,Mr. Wizard,Individual,published,"Camry Strong joined the Paradox as their most powerful team member while he was still in college. When he was a child, Camry found out that whenever he got sick or hurt; magic would heal his body almost making him indestructible. Shortly after graduating college, Camry became Mr. Wizard and begun protecting others less fortunate them himself.",Main Universe,Heroes,,,Paradox,28,Magic healing; Spells
Eliteverse-Heroes-Villains-O-S,Cecilia Kintowen,cecilia-kintowen,Ms. Spell,Individual,published,"Abilities: Capable of seeing the Perceivable Truth which grants her the power to see the truth of everything

Cecilia has the power to see into the Perceivable Truth which grants her increase power and strength. She learned of her powers when she was in a car accident which left her paralyzed from the waist down. Her new active magical powers allowed her to walk even if for small moments at a time.",Main Universe,Heroes,,,Paradox,41,Magical powers; Know weak points in anything
Eliteverse-Heroes-Villains-O-S,Power Twins,power-twins,,Team,published,,Main Universe,Teams,,,,,
Eliteverse-Heroes-Villains-O-S,Vernon Banks,vernon-banks,Electric Boy,Individual,published,"Vernon like his sister Vera can control electricity after being exposed to a toxic spill. He always adored his father and helped him on many jobs as a helping electrician. Along with his sister he makes up the joint team, Power Twins.",Main Universe,Heroes,,,Power Twins,18,Electric Sparks
Eliteverse-Heroes-Villains-O-S,Vera Banks,vera-banks,Electric Girl,Individual,published,Vera always wanted to be a electrician like her father because she loved working on projects and figure things out. One day she learned that she could control electricity and alongside her brother control electronic objects. With her brother they are called the Power Twins.,Main Universe,Heroes,,,Power Twins,18,Electricity
Eliteverse-Heroes-Villains-O-S,Pranksters,pranksters,,Team,published,,Main Universe,Teams,,,,,
Eliteverse-Heroes-Villains-O-S,Victor Romus,victor-romus,Victor Prime,Individual,published,"Born in Sector B, a prestigious neighborhood in the northern portion of downtown Elitshia. Victor’s family moved him to schooling in Sector C hoping that it would help him calm down and to ease his angry state of mind. This only caused him to act out more, often causing trouble for his uncle who is a cop and drill sargent who took the responsibility of shaping him into a nice young man. Like many in Sector C, he was exposing to the dark magnet explosion radiations. He was given the ability to fly and enhanced strength; he would go to create the Pranksters and is the often enemy to Lamar as the two dislike each other in school.",Main Universe,Heroes,,,Pranksters,23,Flight; Super Strength
Eliteverse-Heroes-Villains-O-S,Dennis Koo,dennis-koo,Slem,Individual,published,"Once a friend to Lamar, Dennis was one of the teenagers that was exposed to the dark magnet that nearly destroyed downtown Elitshia “Sector C”. He since joined his new friends with abilities that were at the cause of the Dark Magnet, his abilities consist of turning his body into slim and taking numerous shapes. At times he remembers his liking of Lamar as a friend and often tries to prevent from fighting him, much to Victor Prime’s dislike.",Main Universe,Heroes,,,Pranksters,23,Can turn body into slim; Into different shapes
Eliteverse-Heroes-Villains-O-S,Julia Richards,julia-richards,Microv,Individual,published,"Abilities: Can send microwave like signals throughout the air to cause pain in people’s bodies

Julia Richards has been known to have a strong crush on Lamar, in many instances going as far as to capturing him just to be around him. She has been jailed numerous times because of this and at all attempts she makes, Lamar outsmarts her. Similar to Dennis Koo, Julia came to her fate as Microv after an incident with the Dark Magnet explosion in Sector C. She has since became a villain as part of the Pranksters and at times is their brain of operations with numerous schemes and plans to take over the city.",Main Universe,Heroes,,,Pranksters,22,Minds
Eliteverse-Heroes-Villains-O-S,Primordial Fighters,primordial-fighters,,Team,published,,Main Universe,Teams,,,,,
Eliteverse-Heroes-Villains-O-S,Mishaela,mishaela,The Judgement,Individual,published,"Usually found at her post at the edge of Eternity, Mishaela was summoned to create a team of primordial heroes that would save the world from powerful foes that threaten reality on a cosmic scale. She was told not to interfere with the actions of any being within the reality unless all of creation is threatened.",Main Universe,Heroes,,,Primordial Fighters,,Power over destiny; Fate; Carries the Staff of Judgement
Eliteverse-Heroes-Villains-O-S,Zachiyus,zachiyus,The Gate,Individual,published,"Abilities: Power to open gates to any reality

Son of a Space Titan, Zachiyus was thrilled that he was chosen to assist with saving creation from threats like Chaos and avatar of GOD threatening different realities. With the power to open gates between realities, Zachiyus is one of the few beings that can freely travel between different realities at will, even capable of traveling to different parts of the Omniverse. On one of his solo travels, he met Ms. Multiverse and the two bonded over there similar abilities. Zachiyus has a child like behavior and easily excited.",Main Universe,Heroes,,,Primordial Fighters,,Throughout the Omniverse
Eliteverse-Heroes-Villains-O-S,Valenia,valenia,The Time,Individual,published,"An Arcota, that was chosen by Shecknurd and later appointed as Guardian of Time by Kain Lazaron to assist with keeping all time safe. She met the Celestial Guardian of Time when attempting to speak to the great Shecknurd about walking amongst humans after seeing their presence because of Kain Lazaron’s power.  She joined the Primordial Fighters after Ambrosius, an avatar of Chaos destroyed his world in the Universe 908.",Main Universe,Heroes,,,Primordial Fighters,,Power over time
Eliteverse-Heroes-Villains-O-S,Alstair,alstair,The Presence,Individual,published,"A powerful figure that was once hidden from all things. He appears often as a figure that watches from a far and helps to record the moments that are usually happening beyond the existence of non-cosmic beings. His cloaked body was revealed to be space and time itself, while his eyes are two small suns whose light went out eons ago. He was brought to be apart of the Primordial Fighters by the Neither to assist with protecting existence.",Main Universe,Heroes,,,Primordial Fighters,,Omnipotence; Omnipresence; Knowing all things
Eliteverse-Heroes-Villains-O-S,Dodvda,dodvda,"Dovdan, The Dominus or Cosmic Speed",Individual,published,"Avatar of Olerta that appears in both male and female forms. They were thought to only exists at the request of Olerta to be able to travel beyond her post in Eternity. Acting as twins sharing the same body, The Dominus is a fast moving being that can destroy stars and planets if they were to move directly at them at top speed. The Dominus is the fastest being in all of existence and outpaces even an Omega Level being. The Dominus is also the creator of the Cosmic Speed which is a massive force of energy that gives all those with enhanced speed their powers.",Main Universe,Heroes,,,Primordial Fighters,,Power of cosmic level speed
Eliteverse-Heroes-Villains-O-S,Raftfin,raftfin,The Wrath,Individual,published,"Appearing as a little boy with mischievous intent, The Wrath is a powerful figure that creates blackholes strong enough to swallow large galaxies in an instance. It’s appearance as a Primordial Fighter is often debated by the other members.",Main Universe,Heroes,,,Primordial Fighters,,Power to create reality size blackholes
Eliteverse-Heroes-Villains-O-S,Norad,norad,The Golden Star,Individual,published,"Although not as powerful as the Primordial Fighters that he serves, The Golden Star is a powerful being that can defeat in raw strength and ability to most skilled hero or villain of any world. He glides across space and time on a small board in the shape of a star, he omits energy from his boots and gloves that are strong enough to rip through time.",Main Universe,Heroes,,,Primordial Fighters,,Star like power; Cosmic Gliding
Eliteverse-Heroes-Villains-O-S,Knowel,knowel,Avatar,Individual,published,"Avatar is a great warrior, capable of learning all possible fighting skills, she is also very equipped with all knowledge of wars, varied skills, and cosmic knowledge of any place and or person. Avatar is a servant of the Primordial Fighters and close friend of The Golden Star.",Main Universe,Heroes,,,Primordial Fighters,,Omnipotence; Knowledge share; Flight; Enhanced strength
Eliteverse-Heroes-Villains-O-S,N,n,"A, The Unknown",Individual,published,"Abilities: Power to destroy or create realities at will; Capable of interacting with any moment in time; Can move entire realities with a thought

An incredibly powerful entity that is such a powerful force, that the other Primordial Fighters keep its name a secret but call it only by a moniker The Unknown. This being rivals the power of the Ho’zares and is believed to have been created by the Chaos to revive it and remove all creation. It’s true power is unknown and can be surmised as an avatar of Chaos.",Main Universe,Heroes,,,Primordial Fighters,,
Eliteverse-Heroes-Villains-O-S,Rainbow Crew,rainbow-crew,,Team,published,,Main Universe,Teams,,,,,
Eliteverse-Heroes-Villains-O-S,Rainbow Crew,rainbow-crew-individual,Rainbow Crew,Individual,published,"Abilities: Holders of mystical energy of the Eliteverse

Age: Varies

Responsible for providing the mystical energy used by many organizations like the Black Ring and the White Ring among others. They are intense beings, only speaking to those who they understand to be of extreme powerful. Their origins exist somewhere in the 8th Universe where they are considered gods in their own right. Depicted as small glowing orange men who work in a large factory that makes planets and is powered by stardust.",Main Universe,Heroes,,,Black Ring; White Ring; others that draws mystical energy; Rainbow Crew,,
Eliteverse-Heroes-Villains-O-S,Galactic Holders,galactic-holders,Galactic Holders,Individual,published,"Giant missionaries that possesses massive strength capable of throwing planets into their positions in the galaxy. Existing since the time of the gods, these beings were responsible at one time for positioning everything in the universe. They work for the Rainbow Crew.",Main Universe,Heroes,,,Rainbow Crew,,Universe size strength; Gravitational rings that position planets; Other things in the universe
Eliteverse-Heroes-Villains-O-S,Rainbow Squad,rainbow-squad,,Team,published,,Main Universe,Teams,,,,,
Eliteverse-Heroes-Villains-O-S,Jason Reedes,jason-reedes,Red Cyber,Individual,published,"Once a soldier in the United States armed forces, Jason Reedes has always been a quiet and well reserve guy with a war ridden past. He joined the Rainbow Squad because of his appearance and abilities. When he first enlisted in the United States armed forces, Jason was badly burned due to radiation and his skin turned a bright red. The radiation also provided him nuclear level abilities; he covers his body with a technically advanced armor suit.",Main Universe,Heroes,,,Rainbow Squad,25,Nuclear beams; Explosion like abilities
Eliteverse-Heroes-Villains-O-S,Net Volxen,net-volxen,Indigo,Individual,published,"Stubborn and abnoxious, Net is one of the most fierce fighters of the Rainbow Squad and often uses brute force to defeat his opponents. He only tends to use his abilities when he feels he can no longer win the fight with his fists. Net is a strong fighter and was train in the U.S Army and several other forces around the world, he used his skills to form a group of superpowered team members that take pride in protecting the USA from threats, calling them the Rainbow Squad because of their appearance of the rainbow.",Main Universe,Heroes,,,Rainbow Squad,30,Superhuman strength; Adurance; Energy absorption
Eliteverse-Heroes-Villains-O-S,Alixa Mitchelle’,alixa-mitchelle,Violet Witch,Individual,published,"Originally apart of the Witches Haven, Alixa met her fate during the attack in Section C in Century City. Through recent experiments with her body, her soul was revived along with giving her purple like skin and technically enhanced magical abilities. She joined the Rainbow Squad because of their similarities and sworn to defeat their enemies at all cost.",Main Universe,Heroes,,,Rainbow Squad; Witches Haven,27,Technically enhanced Magical like abilities; Flight
Eliteverse-Heroes-Villains-O-S,Jigueron Mills,jigueron-mills,Green Man,Individual,published,"Jigueron Mills was a teacher at a local high school in Sector C in Elite City until one day he encounter a science experiment gone wrong which provided him and several of his students weird abilities. He left the school shortly after and became a member of the Rainbow Squad after hearing that they were heroes for hire under the leadership of the United States Armed Forces. The experiment provided Jigueron Mills the power to release green energy blasts from his hands, eyes, and feet allowing him to attack his opponents and to fly.",Main Universe,Heroes,,,Rainbow Squad,35,Green Energy blasts; Endurance; Flight
Eliteverse-Heroes-Villains-O-S,Gizelle Wolmana,gizelle-wolmana,Yellow Girl,Individual,published,"When she was an infant, Gizelle supported the anti-villian law that was rampant in Sector C of Century City to the point that she partially contributed to the experiment explosion in her school’s science lab. She knew the mixture of chemicals would cause some type of indifference amongst her body would give her abilities or so she thought, the explosion instead gave many others abilities in her town including her old teacher and herself.  Her skin turned yellow and her abilities are activated when her skin turns a bright yellow.",Main Universe,Heroes,,,Rainbow Squad,20,Her bright skin causes dizzy spells
Eliteverse-Heroes-Villains-O-S,Sandbox,sandbox,,Team,published,,Main Universe,Teams,,,,,
Eliteverse-Heroes-Villains-O-S,Ladyla Grant,ladyla-grant,Ms. Neptune,Individual,published,"Abilities: Transmutation into a wide variety of elemental compounds

Appearing in several chapters, Ladyla also known as Ms. Neptune appeared as mostly a polite, traveling, kind-hearted, curious girl with little knowledge of her abilities. All of which was altered when she came across her friend being killed by demonic trolls “Sholls”. This angered her, touching a rock caused her to turn her body into the same alloy thus becoming strong enough to defeat the Sholls.",Main Universe,Heroes,,,The Sandbox; Sandbox,28,
Eliteverse-Heroes-Villains-O-S,Garold Some,garold-some,Sandstorm,Individual,published,Garold can turn himself into massive forms of sand. When he turns into this form his shape structures his strength and speed. He found out about his abilities after a toxic waste spilled onto his sandpit while he was playing with his brother at a park. He joined Ms. Neptune as part of a collective known as The Sandbox who he treats as his mother when his real mother isn’t around.,Main Universe,Heroes,,,The Sandbox; Sandbox,10,Control over sand; Can turn his body into sand
Eliteverse-Heroes-Villains-O-S,Shadow Haven,shadow-haven,,Team,published,,Main Universe,Teams,,,,,
Eliteverse-Heroes-Villains-O-S,Eylsian Rivs,eylsian-rivs,Mind Warp,Individual,published,"During the late 80s, Eylsian discovered that he wasn’t human, while playing soccer with friends in a open field behind his neighbors house, Eylsian quickly imagine an explosion and it happened nearly a few seconds later. It came to be known that he has the power to project thoughts into the real world. As time progress, he managed to do a lot of things including building up his life from poor to rich to becoming one of the most powerful men alive. He met Dylexin because of their mutual interests in collecting powerful items. He join Dylexin in hopes to get a piece of power from the Arnoxus.",Main Universe,Heroes,,,Shadow Haven,34,Mental Projection
Eliteverse-Heroes-Villains-O-S,Jake Boyd,jake-boyd,Soul King,Individual,published,"Abilities: Can use someone’s soul as a weapon

Jake grew up helping his father do many tasks such as helping his father capture souls so that he could control them, opening gateways to the underworld, and other tasks involving controlling the dead through various spells and rituals. Jake aslo called the Soul King has been the primary reason why the “Dead Rises Story” took place. It is said that during the late 90s, Jake discovered the Pearl of Indomnia which allowed him to rip a doorway into the underworld, allowing thousands of souls and the undead to be freed. The Soul King and Death Master used this opportunity for their advantages by enslaving each soul and undead starting a fight of the dead against the living. Seeing his wrong doings, Jake left his father side to join the Shadow Haven, shortly after leaving them, he joins the Street Riders.",Main Universe,Heroes,,,Shadow Haven; Street Riders,31,Power to manipulate someone’s soul
Eliteverse-Heroes-Villains-O-S,Jada Ventura,jada-ventura,Domina Phoenix,Individual,published,"Jada Ventura has always been labeled a very powerful girl, since she was born; flames destroyed everyone in a mile radius from her hospital room. From her teens, she has since been the dominant force that has caused many to fear her. Jada went by the title of the Domina Phoenix and has been labeled a High Level Being. For a short time, she was apart of the Shadow Haven until Gloria found her laying for dead after a battle, causing her to be more reluctant to join those that want to help her instead.",Main Universe,Heroes,,,Shadow Haven; Glory of Light,27,Pyrokinesis; Precognition; Light manipulation; Telekinesis; Astral projection; Flight
Eliteverse-Heroes-Villains-O-S,Dylexin,dylexin,Shadowlord,Individual,published,"Apart of the original demons that challenged Michael, Dylexin was one of the first demons to be cast down to Earth, while on Earth, like other demons and angels, he forgot his past however keeping his anger toward humans alive. Dylexin memory was the first of any demons to return and for a thousand years he has been searching for the Arnoxus, a powerful demonic totem that will give him the power of all evil. He begins bringing other fallen demons together in hopes to find the different Arnoxus’.",Main Universe,Heroes,,,Shadow Haven,,Force Fields; Knows someone’s abilities; Controls Minds; Lightning
Eliteverse-Heroes-Villains-O-S,Fara Brown,fara-brown,The Opener or Fara,Individual,published,"During her moment as a callgirl, Fara has always been classified as strong and beautiful and also a target for men who wanted her. She began training in martial arts and using her beauty to get what she wanted. She met Dylexin at a sex club and after attempting to kill him for his money, Dylexin offered her unlimited luxury as long as she worked for him without sexual favors. Fara agreed and begun killing others in search for the Arnoxus, believing its power could be used for her own personal gain as well.",Main Universe,Heroes,,,Shadow Haven,31,Opens doorways to any location
Eliteverse-Heroes-Villains-O-S,Vince Boyd,vince-boyd,Death Master,Individual,published,"Since his moment meeting Dylexin, he has met with constant competition in controlling the Shadow Haven. Vince Boyd contains the ability to control the dead through an ability call the “Death Glare” and has since use this as his constant idea to be in charge. During the early 90s, Vince and his son took control over the dead that escape from the underworld in search of living their once forgotten lives (mentioned in the “Dead Rises Story”). Vince also known as the Death Master met Dylexin during a mission to find a Arnoxus, the two clashed immediately. The two came to an agreement to share the power of the Arnoxus.",Main Universe,Heroes,,,Shadow Haven,56,Power to control the dead; Immune to diseases
Eliteverse-Heroes-Villains-O-S,Connor Devale,connor-devale,,Individual,published,"Connor Devale join Dylexin during the early 2000s, he since went by the name of Vipor because of his reptilian like skin and look and his acid breath. Vipor’s past involves his older brother who was killed in a lab accident that caused him to turn into a reptilian like creature. He shortly after met Dylexin who promised that with the power of the Arnoxus he could return the way he once was.",Main Universe,Heroes,,,Shadow Haven,23,Acid skin; Acidic breath
Eliteverse-Heroes-Villains-O-S,Lydia Linchfield,lydia-linchfield,Cycle,Individual,published,"Abilities: Shoots arrows that can teleport people to various locations

Her past is for the most part unknown, it is said that her pinkish skin is similar to her tribe. Lydia was abdopted after her tribe came to America, they split up amongst themselves and Lydia was lost shortly afterwards. She was found by a group of thieves and would come into her abilities after robbing her first bank. Her abilities would come useful to her new theif like family. Now going by the name Cycle, Lydia would meet Dylexin on her commute to rob a bank in Los Angeles, CA. The two met and she grew an affection toward him, she shortly after join his rankings and became his sidekick like assistance, assisting in traveling",Main Universe,Heroes,,,Shadow Haven,28,
Eliteverse-Heroes-Villains-O-S,Shadow Runners,shadow-runners,,Team,published,,Main Universe,Teams,,,,,
Eliteverse-Heroes-Villains-O-S,Ain Long,ain-long,Shadow Sword,Individual,published,"Able to control the very shadows of which he speaks to, Ain uses the shadows to spy on others, steal, teleportation, and as his friends. Unable to age, Ain often finds himself alone because he watches his friends and family dies each lifetime. Ain found the Swordsman and found comfort that most of them are like him and are unable to age as quickly as others. Ain stated he cherishes death of the day it comes however knowing that its no known way he can die. Although not a trained swordsman as the others, Ain uses his abilities to teach himself, thus making him a prowd member of his clan.",Main Universe,Heroes,,,Shadowrunners; The Swordsman; Shadow Runners,898,Immortality; Control of shadows
Eliteverse-Heroes-Villains-O-S,Jenna Bilb,jenna-bilb,Eclipse,Individual,published,"Stronger during an Eclipse, she gain her name from this fact, Jenna first trained with her abilities after being nearly killed by several students because of her mutant heritage. Jenna like her father before her fought most of her life defending who she is and her family later joining the Shadowrunners in an attempt to be around others besides her father that were like herself. However later in life, she left the group and attended SAA.",Main Universe,Heroes,,,Shadowrunners; Shadow Runners,17,Teleportation; Demonic features
Eliteverse-Heroes-Villains-O-S,Kurk Reynolds,kurk-reynolds,Epidemic,Individual,published,"Abilities: Releases diseases from his body when his eyes turn black; Releases a cure when his eyes turn white

A powerful Abnormal with the power to both cure and release diseases, although naturally a hero he however has assisted the Shadowrunners to defeat the like of his enemies and even stopping their other foes on other occasions. It’s known that Kurk Reynolds killed his mom from the womb through a lethal disease that later spread about a block from his room, killing everyone in that range. After finding out his father cheated on his mom while she was pregnant, he later released another disease this time willing of his own power onto his father and all of his father children and new wife.",Main Universe,Heroes,,,Shadowrunners; Shadow Runners,23,
Eliteverse-Heroes-Villains-O-S,Joanna Bridges,joanna-bridges,,Individual,published,"Mother of Johnathan, Joanna is aware of the supernatural world although she hasn’t told her husband and son. She first encounters the special forces while traveling home from Europe back to South Carolina where she met her future and now husband. Although powerless, she knew that the forces weren’t after her, only after other special beings like Descendants. Although unaware that his mother knows of what he can do, Johnathan is guided by Joanna on several missions with helpful although Metaphorical advice. Joanna uses books and the computer to help her son on missions to fight dark forces.",Main Universe,Heroes,,,Shadowrunners; Shadow Runners,59,
Eliteverse-Heroes-Villains-O-S,Dade Conta,dade-conta,Shadow Tech,Individual,published,"With the ability to talk to any electronic device, Dade is one of the much assistance to Zenith. His abilities however has their downfall as his body once transformed into a partial spider like machine unabling him to go into public. This however kept him hidden in the shadows working as a liason to the Shadowrunners.",Main Universe,Heroes,,,Shadowrunners; Shadow Runners,47,Technopathy
Eliteverse-Heroes-Villains-O-S,Zeanna Gragen,zeanna-gragen,Domini,Individual,published,"Originally a part of Shadowrunners in the mid-1960s, Zeanna Gragen was happy with fighting for a cause until she met Frank and later they started a family. She then became attent in fighting for her child and husband.",Main Universe,Heroes,,,Shadowrunners; Shadow Runners,46,Shadow Fighting
Eliteverse-Heroes-Villains-O-S,Frank Bilb,frank-bilb,Shadow Rage,Individual,published,"During the spike of growing Descendants in his area, Frank felt like he was finally being accepted by others like himself. Through this very moment is when he met a woman name Domini whom he fought with under the original team name Shadowrunners in the mid-60s. The two would marry and fight until Domini gave birth to their daughter and she settled. Frank or Shadow Rage as he was called in his time gave up fighting to train his daughter once she came of age, knowing of her unique abilities before she did.",Main Universe,Heroes,,,Shadowrunners; Shadow Runners,50,Strength by absorbing shadows
Eliteverse-Heroes-Villains-O-S,Davidson Kenny,davidson-kenny,Shadow Virus,Individual,published,"Taking on the form of virtually any known animal including extinct ones, Davidson is one of the most formible foes to the Light Feeders and at times he finds himself fighting alongside the Shadowrunners on their mission to stop the Light Feeders. He was born to two shapeshifters.",Main Universe,Heroes,,,Shadowrunners; Shadow Runners,21,Shapeshifting into virtually any known animal
Eliteverse-Heroes-Villains-O-S,Crishna Aloris,crishna-aloris,Hielo (Spanish for ice),Individual,published,"Considered a High Level Abnormal, Crishna Aloris has the unique power over both Ice and Fire allowing her to exist in virtually every known terrain. Although her parents were mortals, Crishna was believed to have gotten her abilities from the Hozares, whom are believe to work with telepathically, although this unknowngst to her at the time. Crishna when possessed by Armageddon was able to manipulate the temperature of the entire world, atmosphere, and temperature of every body on the planet at the same time. This caused such a epidemic of sickness that many healers worked to stop this, thus even going as far as killing Crishna, releasing Armageddon at the same time. Crishna was revived some time later with little memories of this and joined the shadowrunners.",Main Universe,Heroes,,,Shadowrunners; Shadow Runners,26,Manipulation of Ice; Thermal Sensing; Thermal Vision; Abnormal strength; Hearing
Eliteverse-Heroes-Villains-O-S,Jacob Flanningham,jacob-flanningham,Shadow Force,Individual,published,"Abilities: Psychic discharge causing his enemies to experience great pain

Son of a missionary, Jacob Flanningham has been subject to fighting his whole life and thus his career in the military as a youth. Now in his mid-20s he is ready to settle down and give up the life of fighting although his timing isn’t perfect. One day while meeting his girlfriend for lunch, he walked up to the restaurant where they were schedule to meet and it exploded. Grieving of her death, he later found out that it was demons that were trying to kill him however he later got his revenge on killing them and joined the Shadowrunners to stop other demons. Demons learned of Jacob’s abilities as an infant and hoped to take him as one of their own.",Main Universe,Heroes,,,Shadowrunners; Shadow Runners,25,Skilled fighter
Eliteverse-Heroes-Villains-O-S,Johnathan Bridges,johnathan-bridges,Shadow Storm,Individual,published,"Unknowgst to him, Johnathan Bridges is led by his mother on several missions when she gives him helpful ways of defeating his opponents through Metaphorical terms. Johnathan’s ability is said to come from his father’s side however it has only been speculated since his father doesn’t have abilities but his grandfather does. Johnathan can shoot blasts from his hands that resemble black lightning.",Main Universe,Heroes,,,Shadowrunners; Shadow Runners,38,Shadow lightning
Eliteverse-Heroes-Villains-O-S,Bonca Aimes,bonca-aimes,Shadow Fighter,Individual,published,She uses the powers of light to fight the dormant shadows. She can focus her powers to create weapons that use light such as a gun and a sword. Bonca is very skilled in sword fighting and gun shooting and has been introduced as a skilled fighter and worthy ally to the Shadowrunners. She is daughter of a housewife and bill collector.,Main Universe,Heroes,,,Shadowrunners; Shadow Runners,21,Light Manipulation
Eliteverse-Heroes-Villains-O-S,Vince Valkrow,vince-valkrow,Shadow Racer,Individual,published,"Using the winds and shadows to carry his thin body across the air. Vince is very anxious all the time and uses his abilities to move swifly throughout the world. He first met Night Speed in an attempt to see who is faster, however it prove that Night Speed was determined the winner, this angered him and he vowed to win next time. His anger and competitive nature allows him to be a good ally to the Shadowrunners.",Main Universe,Heroes,,,Shadowrunners; Shadow Runners,29,Great Speed; Flight
Eliteverse-Heroes-Villains-O-S,Shadow Stalkers,shadow-stalkers,,Team,published,,Main Universe,Teams,,,,,
Eliteverse-Heroes-Villains-O-S,Dorith Bandie,dorith-bandie,Shadow King,Individual,published,"Given the name Shadow King, Dorith Bandie was one of Elite Force bad guys of his time. Thought to have been dead for almost 300 years along with his villainous group. Shadow King made an attack on Elite City which gained the entire world’s attention that one of the most deadly villains has return. Rumors of his disappearance have led many to believe that he is near immortal since he hasn’t age.",Main Universe,Heroes,,,Shadow Stalkers,357,Immortality; Enhanced martial arts skills
Eliteverse-Heroes-Villains-O-S,Richard Collins,richard-collins,Shadow Kid,Individual,published,"Picked on in school because of his deformities, Richard Collins would later leave school to join the Shadow Stalkers after finding out about his abilities. He met with the Shadow King and showcases his abilities to get accepted into the team. He became the youngest member and helps lead the new younger version of the team.",Main Universe,Heroes,,,Shadow Stalkers,16,Teleportation; Demonic like boy
Eliteverse-Heroes-Villains-O-S,Tuchita,tuchita,Lizardman,Individual,published,"Tuchita was one of the fierce beings on his planet; he came to Earth during the 1800s alongside other alien mutants from other worlds to assist in finding the Queen of the Cosmos. After several decades, Tuchita memory was erased and blended in with society. He joined the Shadow Stalkers and later the Ardonian Tribe.",Main Universe,Heroes,,,Shadow Stalkers; Ardonian Tribe,298,Lizard like body; Metal claws
Eliteverse-Heroes-Villains-O-S,Margeret Chown,margeret-chown,White Shadow,Individual,published,"Margeret Chown was a beautiful mistress of a tyrant that moonlighted as a soldier in his army. Since the early 2000s she helped to clear his kingdom from their enemies all while going under the title White Shadow. Although possessing no abilities herself, Margeret had abnormal strength for a human woman and advance combat trained talent.",Main Universe,Heroes,,,Shadow Stalkers,31,Advance combat skills; Abnormal human strength
Eliteverse-Heroes-Villains-O-S,Jarold Stalmer,jarold-stalmer,Night Man,Individual,published,"Jarold Stalmer since a child considered he a hero. He wore tights and underwear over his garments. It wouldn’t be til his early teens when, Jarold would join his dad at the police academy in Miami, Florida. Here he learned how to fight crimes and learned the law. His girlfriend also a police officer would also share his passion together and the two would work overnight as vigilantes known as Night Man & Night Woman. During a battle of demons, the two joined the Shadow Stalkers to help defend the city.",Main Universe,Heroes,,,Shadow Stalkers,29,
Eliteverse-Heroes-Villains-O-S,Jessica Riddens,jessica-riddens,Night Woman,Individual,published,"Jessica Riddens was one of the most athletic and team spirited kids of her high school. She always believed in upholding justice and keeping the peace. It wasn’t until her early teens when Jessica joined the police academy in Miami, Florida and would later on meet her future boyfriend Jarold Stalmer also known as Night Man. The two joined the Shadow Stalkers during a battle with demons. After the original Shadow Stalkers disbanded, Jessica would become mentor to the new younger team of the same name.",Main Universe,Heroes,,,Shadow Stalkers,35,
Eliteverse-Heroes-Villains-O-S,Mitch Oldem,mitch-oldem,Vallus,Individual,published,"Mitch Oldem was born with the dangerous abilities of radiation touching. While 17 years old, Mitch learned that he couldn’t touch anyone without special made gloves and even his kisses were deadly. He left to join the Shadow Stalkers only because society was in danger if he stayed amongst humans.",Main Universe,Heroes,,,Shadow Stalkers,19,Radiation touch
Eliteverse-Heroes-Villains-O-S,Shadow Walkers,shadow-walkers,,Team,published,,Main Universe,Teams,,,,,
Eliteverse-Heroes-Villains-O-S,Sky Brigade,sky-brigade,,Team,published,,Main Universe,Teams,,,,,
Eliteverse-Heroes-Villains-O-S,Isia Layden,isia-layden,Arco Iris,Individual,published,"Believed to be the daughter of the goddess Iris, Isia is considered one of the most beautiful beings ever to have lived. Her birth right gains her support from many worlds and even granted her princess of the skies. On earth she attends human schooling where she has since adapted numerous friends and living amongst adopted parents. In the year 2020 she joins the Sky Brigade to help fight crimes on Earth.",Main Universe,Heroes,,,Sky Brigade,17,Power over the Rainbows
Eliteverse-Heroes-Villains-O-S,Lisa Gwendolyn,lisa-gwendolyn,Storm Watcher,Individual,published,"In an ancient world, Lisa Gwendolyn is actually a powerful goddess who was sent to Earth before her world was destroyed by dark aliens. Since then she has grown into a powerful member of SAA and has been known as the Storm Watcher because of her abilities to control the weather. In Chapter 20, she marries Zane and the two produce the most powerful Descendants the world has ever seen.",Main Universe,Heroes,,,Sky Brigade,24,Power over the Weather
Eliteverse-Heroes-Villains-O-S,Melinda Bines,melinda-bines,Mist,Individual,published,"Melinda Bines was daughter to a powerful mogul, always seen behind the scenes. Melinda wanted to be the center of attention and so one day while escaping to go party, Melinda was captured by several men who was going to rape her. In the moment of her capture, her eyes started to glow and a thick fog began to cover the room allowing her to escape. Over time not forgetting this tragic moment, Melinda would join the Sky Brigade in hopes to protect others like herself.",Main Universe,Heroes,,,Sky Brigade,29,Mist; Fog
Eliteverse-Heroes-Villains-O-S,Jack Cross,jack-cross,Steamus,Individual,published,"Jack Cross was a powerful senator who lost everything when he was found guilty of a crime he didn’t commit. To prove himself innocent, Jack after learning of his ability to turn himself into steam and omit smoke from his body, he would then join the Sky Brigade to get his innocence back and set things right.",Main Universe,Heroes,,,Sky Brigade,51,Steam; Smoke
Eliteverse-Heroes-Villains-O-S,Harmen Talins,harmen-talins,Air Rider,Individual,published,"Harmen Talins was always picked on because he was considered a nerd. One day he learned of his unique ability to mold any object into whatever he imagines. While away on a field trip at school, Harmen molded a tree branch into a surf board and used it to impress his peers while riding a dangerous wave at a nearby lake. However once the wave got out of hand and started to damage nearby camp grounds, Harmen also known as Air Rider would create a more enhanced board from the rocks on the lake’s bed to help push the water back into its area. In the future Air Rider joins the Sky Brigade.",Main Universe,Heroes,,,Sky Brigade,17,Illusionary Projection
Eliteverse-Heroes-Villains-O-S,Kyon Arith,kyon-arith,Weather Myster,Individual,published,"Kyon was one of the many Descendants that fell to the Earth after the great battle of angels and demons. During his final fight, Kyon summoned one of the world’s most powerful storms to defeat several demons. However this caused him to fall to the Earth in the process. He was revived as a young boy who was growing rapidly into his powers. When he became a young man he became a member of the Sky Brigade.",Main Universe,Heroes,,,Sky Brigade,313,Power over the weather
Eliteverse-Heroes-Villains-O-S,Soul Riders,soul-riders,,Team,published,,Main Universe,Teams,,,,,
Eliteverse-Heroes-Villains-O-S,Soul Riders,soul-riders-individual,Soul Riders,Individual,published,Age: Varies,Main Universe,Heroes,,,Soul Riders,,
Eliteverse-Heroes-Villains-O-S,Belle Vinkrum,belle-vinkrum,,Individual,published,Power Enhancement,Main Universe,Heroes,,,Soul Riders,,
Eliteverse-Heroes-Villains-O-S,Vernon Vinkrum,vernon-vinkrum,,Individual,published,Tornado Body & Tornado creation,Main Universe,Heroes,,,Soul Riders,,
Eliteverse-Heroes-Villains-O-S,Jade Vinkrum,jade-vinkrum,,Individual,published,Mind Swapping,Main Universe,Heroes,,,Soul Riders,,
Eliteverse-Heroes-Villains-O-S,Vince Vinkrum,vince-vinkrum,,Individual,published,Ray Beams (hands),Main Universe,Heroes,,,Soul Riders,,
Eliteverse-Heroes-Villains-O-S,Kadia Vinkrum,kadia-vinkrum,,Individual,published,Sonic Screams,Main Universe,Heroes,,,Soul Riders,,
Eliteverse-Heroes-Villains-O-S,Benjamin Vinkrum,benjamin-vinkrum,,Individual,published,Environmental Adaptation,Main Universe,Heroes,,,Soul Riders,,
Eliteverse-Heroes-Villains-O-S,Joe Vinkrum,joe-vinkrum,,Individual,published,Psychic Blasts,Main Universe,Heroes,,,Soul Riders,,
Eliteverse-Heroes-Villains-O-S,Samantha Vinkrum,samantha-vinkrum,,Individual,published,Technopathy,Main Universe,Heroes,,,Soul Riders,,
Eliteverse-Heroes-Villains-O-S,Rhoda Vinkrum,rhoda-vinkrum,,Individual,published,"Enhanced Speed, Martial Arts, & Super Strength",Main Universe,Heroes,,,Soul Riders,,
Eliteverse-Heroes-Villains-O-S,Kiki Vinkrum,kiki-vinkrum,,Individual,published,Weather Manipulation,Main Universe,Heroes,,,Soul Riders,,
Eliteverse-Heroes-Villains-O-S,KaKa Vinkrum,kaka-vinkrum,,Individual,published,Weather Manipulation,Main Universe,Heroes,,,Soul Riders,,
Eliteverse-Heroes-Villains-O-S,Preston Vinkrum,preston-vinkrum,,Individual,published,Thermal Resistence & Arctic Radiation,Main Universe,Heroes,,,Soul Riders,,
Eliteverse-Heroes-Villains-O-S,Jamal Vinkrum,jamal-vinkrum,,Individual,published,Acid Spit,Main Universe,Heroes,,,Soul Riders,,
Eliteverse-Heroes-Villains-O-S,William Vinkrum,william-vinkrum,,Individual,published,Language Adaptation,Main Universe,Heroes,,,Soul Riders,,
Eliteverse-Heroes-Villains-O-S,David Vinkrum,david-vinkrum,,Individual,published,Portal Creator,Main Universe,Heroes,,,Soul Riders,,
Eliteverse-Heroes-Villains-O-S,Semaj Vinkrum,semaj-vinkrum,,Individual,published,"Enhanced Senses, Jaw Strength, Animal Instincts, & Enhanced Flexibility",Main Universe,Heroes,,,Soul Riders,,
Eliteverse-Heroes-Villains-O-S,Redd Vinkrum,redd-vinkrum,State,Individual,published,Mass Teleportation,Main Universe,Heroes,,,Soul Riders,,
Eliteverse-Heroes-Villains-O-S,Linius Vinkrum,linius-vinkrum,,Individual,published,Death Vision,Main Universe,Heroes,,,Soul Riders,,
Eliteverse-Heroes-Villains-O-S,Coleman Vinkrum,coleman-vinkrum,,Individual,published,Radiation Touch,Main Universe,Heroes,,,Soul Riders,,
Eliteverse-Heroes-Villains-O-S,Davis Vinkrum,davis-vinkrum,,Individual,published,Heat Manipulation,Main Universe,Heroes,,,Soul Riders,,
Eliteverse-Heroes-Villains-O-S,Jane Vinkrum,jane-vinkrum,,Individual,published,Sonic Boom,Main Universe,Heroes,,,Soul Riders,,
Eliteverse-Heroes-Villains-O-S,Zachary Vinkrum,zachary-vinkrum,,Individual,published,Liquid Manipulation,Main Universe,Heroes,,,Soul Riders,,
Eliteverse-Heroes-Villains-O-S,Yodur Vinkrum,yodur-vinkrum,,Individual,published,Atomic Vision,Main Universe,Heroes,,,Soul Riders,,
Eliteverse-Heroes-Villains-O-S,Brendan Vinkrum,brendan-vinkrum,,Individual,published,Energy Vision,Main Universe,Heroes,,,Soul Riders,,
Eliteverse-Heroes-Villains-O-S,Sarah Vinkrum,sarah-vinkrum,,Individual,published,Supercolor Vision,Main Universe,Heroes,,,Soul Riders,,
Eliteverse-Heroes-Villains-O-S,Gary Vinkrum,gary-vinkrum,,Individual,published,Microscopic Vision,Main Universe,Heroes,,,Soul Riders,,
Eliteverse-Heroes-Villains-O-S,Space Titans,space-titans,,Team,published,,Main Universe,Teams,,,,,
Eliteverse-Heroes-Villains-O-S,Space Titans,space-titans-individual,Space Titans,Individual,published,"Abilities: Each have different powers over the elements

Age: No Set Age

Much like titans of Greek mythology and the World Pirates, Space Titans are giant human like beings that were born out of pure darkness. They are controlled by Montum and were given specific orders to destroy several worlds to steal their most precious artifacts. The artifacts would then be used to increase Montum’s power and open the gates of Hell onto the land of the living.",Main Universe,Heroes,,,Montum; Space Titans,,Brute Strength
Eliteverse-Heroes-Villains-O-S,Star Core,star-core,,Team,published,"Space guardians whom built a massive spaceship that sits somewhere between the Andromeda galaxy and our Milky Way. It has since served as a galactic gateway to other galaxies across the vast universe. They have created numerous suits that have scattered across the universe including some of those worn by heroes and villains like the Armor Guild, Star Man, Star Man X, etc.",Main Universe,Teams,,,,,
Eliteverse-Heroes-Villains-O-S,Star Core,star-core-individual,,Individual,published,"Abilities: Creates artifacts that can turn into suits of great power

Age: Varies

Formed thousands of years ago, the modern Star Core was designated to watch over the Andromeda Galaxy from intergalactic threats. When one of their artifacts were replaced they went to go find it. Once on Earth, they discovered that a hero name Sunburst had used it to protect his planet, Earth. Believing that it was safe with him and it could help them. The Star Core left it with him, guiding him without his knowledge through his suit. For decades both Sunburst and Supernova believed that the suit was talking to them, although it was the alien race Star Core that was communicating through the suit.",Main Universe,Heroes,,,Supernova; Sunburst; Star Core,,Great weapon makers of the galaxy; Force beams from eyes; Levitation; Super strength; Teleportation
Eliteverse-Heroes-Villains-O-S,Lelick Humage,lelick-humage,Core Man,Individual,published,"Abilities: Suit that provides power beams from hands

One of the most trusted guardians under the command of the Star Core. He has traveled the galaxy protecting it from threats. Although he isn’t known much on Earth, he has made a big presence throughout the galaxy. His suit was design specially for him and has the power to turn him invisible, contains massive powers, and is specific to his DNA only. His past was erased so that he can concentrate on defending the universe. He often battles with trying to find out about his past and his task of being a Star Core soldier.",Main Universe,Heroes,,,Star Core,29,Flight; Super strength; X-ray vision; Capable of healing. W/O suit; He has near healing factors; Great intelligence
Eliteverse-Heroes-Villains-O-S,Cuisha Mimora,cuisha-mimora,Missiona,Individual,published,"Abilities: Suit that provides power beams from hands

One of the soldiers’ assign to carry the power of the Star Core’s suits. She has been given this task with her memories always erased. She often works alone but is called upon to help Core Man in his attempt to stop threats that oppose the power of the Star Core. She is from a pink planet that has devoted itself in finding a cure for an illness on their planet.",Main Universe,Heroes,,,Star Core,30,Flight; Super strength; X-ray vision; Capable of healing. W/O suit; She has healing factors; Enhanced speed; Hand to hand combat; Skilled gun; Sword user
Eliteverse-Heroes-Villains-O-S,Star Duo,star-duo,,Team,published,"Star Woman and Star Duo received their powers from the Star Core however, when they saw the true disguise by some of the elders of the Star Core, they left and went their own separate ways. Since then they have been defending the galaxy from numerous threats.",Main Universe,Teams,,,,,
Eliteverse-Heroes-Villains-O-S,Jisura,jisura,Star Woman,Individual,published,"From a distant planet named Orista, Jisura has been one of the most prominent people on her planet. She was an inventor and powerful lady of her court. Chosen by many to protect her planet from harm, Jisura came to Earth to find pieces to assist in building a weapon that could rid her home world from an alien bounty hunter. While on Earth, Jisura met a young man whom she became captivated with and together they protected the Earth while she was there and later took him back to her world where they married and became proud protectors of Orista.",Main Universe,Heroes,,,Star Duo,,Super human strength; Yellow lazer beams from her fist
Eliteverse-Heroes-Villains-O-S,Mich Jaxen,mich-jaxen,Galaxy Boy,Individual,published,"Alongside his bestfriend and soon to be wife, Mich Jaxen was one of the most beloved people of his home world before it was destroyed. Like Jisura, Mich made it his goal to build a weapon that could destroy the creatures that destroyed his world while also helping to destroy the creatures that wants to destroy Orista.",Main Universe,Heroes,,,Star Duo,29,Super human strength; Red lazer beams from hands
Eliteverse-Heroes-Villains-O-S,Star Watchers,star-watchers,,Team,published,"Ancient beings and believed to be eldest children to the Primordial Ones, they are the embodiments of their respective galactic source including water, fire, etc.",Main Universe,Teams,,,,,
Eliteverse-Heroes-Villains-O-S,Luna Devro “The Wind Valkyrie”,luna-devro-the-wind-valkyrie,,Individual,published,"Luna Devro as she is called in our world took on her human form after hearing of the return of the Ho’zares, to prevent them from going rogue and destroying the planet. Luna became a watchful eye of the earth known as The Star Seer. In her own realm, Luna Devro watched over the skies, she could manipulate winds across realms and generated the power behind the Wind Gods and beings that controlled the forces of the wind. Her body armor in our universe, keeps a force of wind from destroying everything, it is said that the force while in the universe is strong as a blackhole’s power. In her own realm, her power equals that of others known as The Star Watchers.",Main Universe,Heroes,,,The Star Watchers; Star Watchers,,Galactic power over the wind
Eliteverse-Heroes-Villains-O-S,Vendoron Homru “The Heat Myster”,vendoron-homru-the-heat-myster,,Individual,published,"Vendoron Homru can control the forces of heat and fire throughout the universe. Prophecied to have the power given to him by The Ultimate Power, Vendoron mastered his abilities in his own realm and became a Star Watcher after being told of his legacy. He presented his gift to many including the Ho’zares, Domaedians, other beings of the universe and finally Earthlings. Along with Luna Devro, he takes homage in Universe 12.",Main Universe,Heroes,,,The Star Watchers; Star Watchers,,Galactic power over Fire
Eliteverse-Heroes-Villains-O-S,Kandaron “The Water Symbian”,kandaron-the-water-symbian,,Individual,published,"Kandaron was born from the creation of the first water supply in the universe. From his power came the creation of water that spilled into every realm and every known place in the universe. As a product of The Ultimate Power, his brethren The Star Watchers & the Ho’zares drunk from the liquiod that flowed from his body and became immortals. It is said that The Ultimate Power uses Kandaron’s water abilities to flourish the natural aspects of Helliholm “Heaven”. Kandaron takes residence in Universe 8.",Main Universe,Heroes,,,The Star Watchers; Star Watchers,,Galactic power over Water
Eliteverse-Heroes-Villains-O-S,Tiera Domain,tiera-domain,,Individual,published,"Born from the first star, Tiera Domain is credited as one of the most powerful elemental beings in existence. With little knowledge of the universe around her because of her secludiness in the Mystic Garden “place in Helliholm”, Tiera can control nature and cause earthquakes on a universal scale. It is believed that from her hair and skin flowes the grounds of every known place in the mulit-verse. She is probably the youngest and most naïve of the galactic beings. She is from Universe 9.",Main Universe,Heroes,,,The Star Watchers; Star Watchers,,Galactic power over the grounds
Eliteverse-Heroes-Villains-O-S,Grandi Voloman “The Elder Seer”,grandi-voloman-the-elder-seer,,Individual,published,"Grandi Voloman has the ability to control the minds of any living or dead creature in the universe. Cast as the first known telepath and prophet, he was the one that knew and fortold of Belckus’ betrayal. Because of his abilities, he is kept next to The Ultimate Power’s side for all eternity. However it is known in one story, that he left in a projected form and appeared to The Star Watchers as somewhat of a guide, however this form was much less powerful and had limited telepathic abilities. Although this form showcased stronger telepathic ability then any other being in the universe.  He is from Universe 5.",Main Universe,Heroes,,,The Star Watchers; Star Watchers,,Galactic power over all minds
Eliteverse-Heroes-Villains-O-S,The Wiseman,the-wiseman,,Individual,published,"The Wiseman has been sought out by many beings throughout existence, mostly because of his vast intelligence and ability to see any instance throughout any moment of time. With the ability to see throughout all existence, The Wiseman also can hear all, feel all emotions, read minds (however unable to control them), posses’ immortality, and is immune to infinite amount of abilities. He lives somewhere on the edge of Helliholm as a part of Universe 7 and serves as a Star Watcher.",Main Universe,Heroes,,,The Star Watchers; Star Watchers,,Can see through all realms
Eliteverse-Heroes-Villains-O-S,Street Deviants,street-deviants,,Team,published,"A vigilante group charged with their own sense of justice. Although often seen as heroes from their followers, this group of mostly teenagers and young adults are also killers. The group mostly take law into their own hand, killing or torturing those whom they believe deserve it.",Main Universe,Teams,,,,,
Eliteverse-Heroes-Villains-O-S,Dalton Creed,dalton-creed,The Bird,Individual,published,"The Bird is one of the most elite members of the Street Deviants, often considered their leader. His focus caused them to hunt down killers and hard criminals, often disobeying the law in the process. To pay the bills, he created the Street Deviants crime unit serving as an underground hit service. They often profit by billionaires to be hired as mercenaries.",Main Universe,Heroes,,,Street Deviants,20,Advance martial artistry
Eliteverse-Heroes-Villains-O-S,Visha,visha,Nightlight,Individual,published,"Age: appears 23 (200 years old)

Daughter of a Natayan that arrived at Earth almost five years ago looking for her lost brother. Contempt that she may never find him, El’Lauria vowed she would not return home without justice, spending years looking for what happened to him. She is often the love interest to both Maria De’vough and The Bird.",Main Universe,Heroes,,,Street Deviants,,Flight; Dark light like abilities; Energy barriers
Eliteverse-Heroes-Villains-O-S,Maria De’vough,maria-devough,Mistress of Voodoo,Individual,published,"After forming a thruple with The Bird and Nightlight, Maria De’vough joined the Street Deviants as their powerful master of magic. She uses advance voodoo magic to defeat her enemies who often are shadow creatures and masters of the dark arts themselves. She runs a shop where the Street Deviants often use as a base of operations.",Main Universe,Heroes,,,Street Deviants,20,Dark Magic
Eliteverse-Heroes-Villains-O-S,Alik Prince,alik-prince,Hell Spawn,Individual,published,"Son of the demon Behemoth, he once lived in Aurelia until his father was defeated by the Battle Guardians. He then came to Earth to leave his father’s shadow and become his own man. He fell in love with a young boy who together they fight a part of the Street Deviants.",Main Universe,Heroes,,,Street Deviants,15,Demonic abilities; Teleportation
Eliteverse-Heroes-Villains-O-S,Valiant Algreeves,valiant-algreeves,Valiant,Individual,published,"Son of a member of the Akuma Dae, half angel, half human. Valiant is a unique member of the group as he only wants to fight evil but not kill, he also sees himself marrying Alik although the two are only 15.",Main Universe,Heroes,,,Street Deviants,15,Angelic abilities; Teleportation; Limited flight
Eliteverse-Heroes-Villains-O-S,Rayden,rayden,Android 9,Individual,published,"An android that appears shortly after Lightning Stardust on Earth attempting to take her home. However, when Stardust wanted to remain on Earth to help fight the Akuma, the two argued and later fought. Upon loosing, Android 9 unable to return home joined the Street Deviants to strengthen his abilities to further fight Stardust again. He later enjoyed killing humans, regardless of their prior reasons, which usually causes a rift with his teammates.",Main Universe,Heroes,,,Street Deviants,,Lazer Beams from eyes; Hands; Flight; Enhanced intelligence; Super strength; Technokinesis; Shapeshifting
Eliteverse-Heroes-Villains-O-S,Linda Bowens,linda-bowens,Modify,Individual,published,"Using powerful magic, Modify can change her appearance into anything she wishes although initially she could only change into animals. In her other forms she can even mimic those forms natural or supernatural abilities. This ability makes her one of the most powerful members of the Street Deviants. Although, while in said form, she also inherits their weaknesses and can only maintain those forms for five minutes.",Main Universe,Heroes,,,Street Deviants,18,Can shapeshift into anything; Can its abilities; Weaknesses
Eliteverse-Heroes-Villains-O-S,Caleb Winehouse,caleb-winehouse,Earth Breaker,Individual,published,"Earth Breaker is a powerful and deadly strongman that uses his earth-based abilities to destroy anyone or anything that attempts to disturb nature. He once was an environmentalist and often leaves from the group at times to save forests, lakes, and other parts of the Earth’s natural resources. He is a virgin believing that his purity will allow him to protect the earth.",Main Universe,Heroes,,,Street Deviants,22,Earth-based abilities including superhuman strength; Rock like skin
Eliteverse-Heroes-Villains-O-S,Jessica Powers,jessica-powers,Artwork,Individual,published,"Capable of manipulating reality through her artwork, Jessica creates art that allows her to create a reality of her choosing. Although, she rarely knows the limit of this ability. It is believed by Valiant, Mistress Voodoo, and Hell Spawn that Jessica might be a Djiin.",Main Universe,Heroes,,,Street Deviants,22,Reality warping through artwork
Eliteverse-Heroes-Villains-O-S,Davisha Henderson,davisha-henderson,Red Archer,Individual,published,"A skilled archer, Davisha witnesses her family brutally murdered as a child and has since vowed to revenge them by hunting down and killing their killers. She developed a passion for archery because of her father’s similar passion for it when she was younger. She wears a red outfit made by her mother during one of their Halloween parties. It has since been enhanced and made bullet proof by Android 9 and magic proof by Mistress Voodoo.",Main Universe,Heroes,,,Street Deviants,21,Skilled archer; Enhanced suit protecting against bullets; Street-based weapons like swords; Guns; Etc; Magic
Eliteverse-Heroes-Villains-O-S,Cara Donnings,cara-donnings,Whisperer,Individual,published,"Abilities: Can control the minds of others through whispers

An absent member of the group that splits her time between being a call girl, avid video gamer, mother, and crime fighter. She says she loves all of her “gigs” and takes pride as a mother because of her own mother. She developed the ability to control people with her words after whispering a command during sex with a millionaire that she wanted more money and his private jet. The affects last as long as she is focused, once over the affected individual can’t remember what happened for almost two hours.",Main Universe,Heroes,,,Street Deviants,24,
Eliteverse-Heroes-Villains-O-S,Allen Crooks,allen-crooks,White Mask,Individual,published,"A skilled fighter, archer, and businessman, Allen Crooks became one of the youngest billionaires after inventing the invisibility machine which would later inspire invisibility machines in the future. He invented this by mistake when attempting to create a light based mirror, his invention caused the light to bend which caused invisibility.",Main Universe,Heroes,,,Street Deviants,23,Famed inventor; Businessman; Archer; Skilled fighter
Eliteverse-Heroes-Villains-O-S,Street Riders,street-riders,,Team,published,"Ninja like assassins whom primary reason for joining together is to fight and strengthen their skills. Unlike others like them, they have little alternative reasoning besides that.",Main Universe,Teams,,,,,
Eliteverse-Heroes-Villains-O-S,Seth Benji,seth-benji,,Individual,published,Seth was the last member of the Street Riders to join the rank. He found the Chain of Baldre during a moment of grieving over his mother that died a day before from a fight with a Street Rogue.,Main Universe,Heroes,,,Street Riders,23,Glowing chains that contains fire
Eliteverse-Heroes-Villains-O-S,Will Walback,will-walback,,Individual,published,"During a street fight in Australia, Will while visiting with his friends, found the fight interesting and thought of joining. Although he was defeated in his first fight, it didn’t stop him from finding the Stars of Kane allowing him to strengthening his skills and eventually joining the Street Riders.",Main Universe,Heroes,,,Street Riders,29,Explosive stars; Martial arts skills
Eliteverse-Heroes-Villains-O-S,Reef Gordan,reef-gordan,,Individual,published,Reef played varsity football in high school and has since been in the major league. His career came to a hault when he killed one of the players through anger. Little did anyone know that the believed killed player was alive and now a Shadow Haven member. Reef used his abilities to join the Street Riders to gain back the trust of people he knew.,Main Universe,Heroes,,,Street Riders,34,Enhanced Strength; Durability; Body can turn to stone
Eliteverse-Heroes-Villains-O-S,Kenneth Blade,kenneth-blade,,Individual,published,"During his initial battles in street fighting, Kenneth was a well self trained martial artist that used gifted styles. He was found by Kalle and was told that he was destined for greatness. During the moments of his trials, Kenneth found the Blades of the Street Gods and has since used them in many of his battles against the Shadow Haven.",Main Universe,Heroes,,,Street Riders,26,Martial Arts skills; Glowing blades which causes electricity
Eliteverse-Heroes-Villains-O-S,Mina Ambsott,mina-ambsott,,Individual,published,Mina joined the Street Riders after seeing Kalle and Marsha fight each other in an intense fight during a Street Rally. Mina found the Rings of Padur and has since used them to win many of her Street Fights. The Street Gods used her abilities to induct her into the Street Riders team.,Main Universe,Heroes,,,Street Riders,24,Glowing power rings around body; Martial arts skills
Eliteverse-Heroes-Villains-O-S,Lee Rivers,lee-rivers,,Individual,published,"Abilities: Symbols over body which can allow him power over water

Lee was train by one of the Street Gods named Gaven. The training tought Lee how to use powerful techniques to defend himself such as enhanced martial arts skills, the power to control the water through tattoos on his body, and the power of ice through mental control over the water he already could control.",Main Universe,Heroes,,,Street Riders,31,Ice
Eliteverse-Heroes-Villains-O-S,Monica Bades,monica-bades,,Individual,published,"Living in London, tought Monica how to defend herself with elequonce. Monica left home to train with her friends so they can fight in the Street Fights in her neighborhood. Monica because of her determination found the Power Chakras which would give her power and control over her fights.",Main Universe,Heroes,,,Street Riders,27,Power Chakras; Martial arts skills
Eliteverse-Heroes-Villains-O-S,Bishop Halwk,bishop-halwk,,Individual,published,"Bishop studied at the Loastasian School of Arts where he later graduated as a teacher at SAA. While teaching at SAA he met Kalle and would for a time be apart of the Street Riders. During his youth, Bishop could emit powerful blasts from his hands through absorption of energy sources while also using optic blasts from his hands while angered. Bishop’s unique abilities would be sought out by the Shadow Haven only to be found by Kalle first.",Main Universe,Heroes,,,Street Riders,33,Optic Blasts from eyes; Hands; Martial arts skills
Eliteverse-Heroes-Villains-O-S,Teran Midol,teran-midol,,Individual,published,"Found by Kalle while teaching at the Elitshian School of Arts, Teran was merely a boy when he learned of his abilities to transform his body into different forms and even objects. Using his abilities to prank everyone including Kalle. Kalle thought this to be a gift that would help win many Street Fights worldwide, thus inducting Teran as apart of the Street Riders. Teran became the first member of the group and often leads them.",Main Universe,Heroes,,,Street Riders,40,Body Manipulation; Martial arts skills
Eliteverse-Heroes-Villains-O-S,Sun Twins,sun-twins,,Team,published,"Possessing the powers of the sun, Solar Boy and Solar Flare are twins whom were born of the sun god Ohn. When the gods fell, it was left up to them to defend their kingdom on the sun from being overthrown by outside forces.",Main Universe,Teams,,,,,
Eliteverse-Heroes-Villains-O-S,Sean’aj Oloft,seanaj-oloft,Solar Boy,Individual,published,"With parents being the sun god, Ohn and goddess Mua, Sean’aj and his twin brother Ja’sean was very powerful having possess the power of the sun itself. He came to Earth with his brother to explore it and research human life to only fall in love with Earth. He would then remain on Earth with his brother to escape his royal duties back at the Sun Kingdom with his parents.",Main Universe,Heroes,,,Sun Twins,18,Radiance; Heat; Flight Ring
Eliteverse-Heroes-Villains-O-S,Ja’sean Oloft,jasean-oloft,Solar Flare,Individual,published,"With parents being the sun god, Ohn, and goddess Mua, Ja’sean and his twin brother Sean’aj was very powerful having possess the power of the sun itself. He came to Earth with his brother to explore it and research human life to only fall in love with Earth. He would then remain on Earth with his brother to be by his brother’s side as he adored him very much.",Main Universe,Heroes,,,Sun Twins,18,Harnesses the power of the sun; Projects fire; Heat
Eliteverse-Heroes-Villains-O-S,Supreme 5,supreme-5,,Team,published,"From different worlds, this team are a galactic creation that formed together in order to bring down the forces that threatens the outskirts of our galaxy.",Main Universe,Teams,,,,,
Eliteverse-Heroes-Villains-O-S,Simere Ibluisuikenszi,simere-ibluisuikenszi,Rage,Individual,published,"Born on a planet named Ilyon, Simere came to Earth in search of his long lost princess to only find out that she has since died in a tragic war that struck the world. His time on Earth found him immortal and given enhanced abilities due to the planet’s life energy, the sun, and the moon. Over a course of time, Simere would protect the planet while in the hopes to find a new queen to take back to his new world.",Main Universe,Heroes,,,Supreme 5,23,Strength; Lazer Eyes; X-Ray Vision; Speed
Eliteverse-Heroes-Villains-O-S,Brian Mont,brian-mont,Molecule,Individual,published,"Cousin to Sandy Reonalds, Brian Mont was born to a military father and house wife mother. He was an elite basketball star that was on his way to tryouts at a local college, when his arrival at his cousin’s lab caused him to experience weird molecular composition to his body and mind. Brian would be given the ability to blow things up with his mind directed through his hands and would dismiss the idea of getting a basketball scholarship to join his cousin, her husband, and their friend to form the Supreme 4.",Main Universe,Heroes,,,Supreme 5,28,Molecule Combustion
Eliteverse-Heroes-Villains-O-S,Jacob Darns,jacob-darns,Poseidon,Individual,published,"Believed to have been killed off the coast of the Mediterranean Sea by several pirates raiding his ship. Jacob Darns was revived by an unknown warlock of which granted him powers over the oceans, the earth, and the skies so that he could take vengeance on those that killed him. Over the course of a century, Jacob also known as Poseidon would search hard to find those that killed him while also joining The Elementals and the Supreme 4 making them the Supreme 5, assisting fighting in their battles. His cold heartiness toward his enemies however with a kind-heart toward his allies, makes Jacob one of the most beloved characters in Elite Comics.",Main Universe,Heroes,,,Supreme 5; The Elementals,100,Water; Earthquakes; Storms
Eliteverse-Heroes-Villains-O-S,Clark Reonalds,clark-reonalds,Stretch Man,Individual,published,"Clark Reonalds met with Simere on a mission in Antarctica where Simere was building a house out of ice. Unable to stay in the icy winds for long, Clark was invited into Simere’s new home. Here they discuss the dangers of the world and Clark wanted Simere to join him and several others in fighting the planet’s darkest foes. The two created the Supreme 4 which later would become the Supreme 5.",Main Universe,Heroes,,,Supreme 5,38,Strength; Flight; Stretch like Body
Eliteverse-Heroes-Villains-O-S,Sandy Reonalds,sandy-reonalds,Mirror Force,Individual,published,"Sandy, wife of Clark Reonalds, was born under the watchful eye of her father who taught her to be one of the world’s leading scientists. She helped created a liquid that if exposed to light could cause a chemical reaction in one’s body, given them strange mutated attributes. Unknowingly of the effects Sandy was going to destroy it until a lab accident caused her, Clark, and her cousin Brian to all be effected by its fumes. Sandy is cited as being responsible for giving the abilities of the Supreme 4.",Main Universe,Heroes,,,Supreme 5,30,Strength; Force Fields; Force Blasts
Eliteverse-Heroes-Villains-Solo-Characters,David Borne,david-borne,,Individual,published,"Since he was born, David experience massive amount of knowledge, some would say more than the greatest minds in history. He could solve problems without much thought and graduated from college at age 18. Now at age 20 he attends SAA in hopes to learn all the knowledge of the world. From time to time he assists Elite Force in their journeys.",Main Universe,Heroes,,,,20,Enhance Intelligence
Eliteverse-Heroes-Villains-Solo-Characters,Wilson Daymen,wilson-daymen,The Day Lord,Individual,published,"Wilson Daymen is considered one of the most powerful beings on the planet, channeling the power from the sun. Often during the day, Wilson can create a phoenix which is one of his most powerful attacks. Son of the god Re’, Wilson contains powers similar to that of a high level Abnormal.",Main Universe,Heroes,,,,27,Sun Beams
Eliteverse-Heroes-Villains-Solo-Characters,James Tolerman,james-tolerman,White Angel,Individual,published,"James Tolerman has always been a specimen of great beauty. He won many modeling competitions and has become one of the richest and sought people in America because of this. Once married to a princess, heiress, and supermodel, James is known as a playboy and rarely shows signs of caring for others. While on a photo-shoot in the jungles of Africa, James discovered his ability to fly with the help of giant wings. Unable to hide them, James left the limelight and went into hiding fearing of what the world would think of him. Over time, James became a part of SAA as a teacher after realizing it was one of his only ways to feel accepted. He teaches Beauty and Elegant amongst those less desirable.",Main Universe,Heroes,,,,27,Giant wings
Eliteverse-Heroes-Villains-Solo-Characters,Candace Zingerman,candace-zingerman,Lexington,Individual,published,"Daughter of a refugee who fought in World War 2, Candace Zingerman was one of the only children in her class that survived an open attack during the war. Candace while living by herself learned of her enhanced longevity and metal like nails while trying to protect her during an alley fight.",Main Universe,Heroes,,,,66,Metal Nails; Enhanced Longevity
Eliteverse-Heroes-Villains-Solo-Characters,Dr. Murdock Banes,dr-murdock-banes,Dr. Magesto,Individual,published,"Dr. Murdock Banes was one of the world’s most renowned surgeons until he died of a brain aneurism. During his afterlife, Murdock met a wizard named the Elder that brought him back to life after teaching him powerful spells. Now alive again in a new world, Dr. Banes became one of the world’s most powerful wizard.",Main Universe,Heroes,,,,40,Powerful Magic Spells; Immortality
Eliteverse-Heroes-Villains-Solo-Characters,Semaj Namrelot,semaj-namrelot,Dark Angel,Individual,published,"Semaj Namrelot is the evil twin from an alternate world of James Tolerman. Although noticeable differences of the two exists, Semaj hates the limelight and uses his abilities to stay hidden from almost everyone, he attends SAA as a teacher of combat and doesn’t meet James until the two assists in the fight for the school during Chapter 12. Although his name is Dark Angel, Semaj is a good guy with a pure heart unlike how James once was. However during a brief moment in time, Semaj serves under Armageddon’s plan to destroy the world under a dark spell by The Black Witch.",Main Universe,Heroes,,,,27,Giant Black Wings
Eliteverse-Heroes-Villains-Solo-Characters,Obessa Munroe,obessa-munroe,Ghost Woman,Individual,published,"Obessa Munroe is a great actress who is known for her beauty and nominated performances until she went missing. During her absence no one knew where she disappeared to or how she returned. Obessa returned to her family with red hair, blue eyes, and new attitude and more aggressive. During her reappearance, Obessa showcases the ability to move through the walls and goes by the name Ghost Woman.",Main Universe,Heroes,,,,26,Transparency
Eliteverse-Heroes-Villains-Solo-Characters,Casca Doug,casca-doug,Medusa,Individual,published,"Casca Doug is the descendant of Medusa and was the prospect of Medusa and a human teenager. Casca also called Medusa in honor of her ancestor because of similarities of abilities by the original Medusa. During her time in Paris, she created several sculptures and showed them off and is world renowned for her work.",Main Universe,Heroes,,,,34,Turning things to stone
Eliteverse-Heroes-Villains-Solo-Characters,Kinra Chapman,kinra-chapman,Shadow Keeper,Individual,published,"During her exile, Kinra Chapman has become one of the most wanted criminals in Africa. She used her abilities to capture many precious items across the country for her exclusive collection. Kinra would then go by the name the Shadow Keeper after finding out about her abilities to control the shadows.",Main Universe,Heroes,,,,33,Control over the Shadows
Eliteverse-Heroes-Villains-Solo-Characters,Wiley Maximillion,wiley-maximillion,Suit Man,Individual,published,"Wiley Maximillion was one of the creators of the 7 rings of Dealthrope. He gave each of them technically advance abilities that would later be used for darkness. Desperate to right the wrongs of his misdeeds, Wiley created a power armor that would increase his strength and grant him strength, higher intelligence, & speed. However the suit had its flaws as it would decrease his life span and run out of power after a major fight of which the wearer would have to take a week to recharge. Armor Boy also wore a similar suit in the future.",Main Universe,Heroes,,,,34,Powered suit that contains enhanced strength; Speed; Durability; Great intelligence
Eliteverse-Heroes-Villains-Solo-Characters,Jack Will,jack-will,Armor Boy & Armor Man (after the age of 30),Individual,published,"Born in the year 3000, Jack Will was one of the users of the power suit created by Wiley Maximillion also known as Suit Man. He fought hundreds of villians before his retirement. His abilities consisted of enhanced strength, speed, great knowledge, & immortality.",Main Universe,Heroes,,,,22,Powered suit with enhanced strength; Speed; Intelligence; Immortality
Eliteverse-Heroes-Villains-Solo-Characters,Steve Morman,steve-morman,Star Man X,Individual,published,"During the great war, Steve Morman was one of the only survivers that originally came from Earth. While recovering and trying to get his life back to normal, Steve came across a pod that made its way to Earth from the great war and later after researching it gave him back his abilities. Unable to watch the world suffer from the backlash of the war, Steve became Starman X. In his honor, Starman was created alongside Starwoman in the near future.",Main Universe,Heroes,,,,56,Star dust like beams from hands; Eyes
Eliteverse-Heroes-Villains-Solo-Characters,Castor Kawn,castor-kawn,Castor,Individual,published,"Founder of the Water Imbursement Society in order to restore water supplies to unfortunate homes in the U.S. Castor Kawn invented the Nauts a system that could quickly replicate massive amounts of water across the country. Duirng an explosion in the basement of the ship, part of Castor’s body was destroyed leaving liquid like substances to recreate most if not all of his body. After this moment, Castor contained the ability to become water and control it at times.",Main Universe,Heroes,,,,31,Aquatic Reimbursement of his body; Aquakinesis
Eliteverse-Heroes-Villains-Solo-Characters,Arnold Bakes,arnold-bakes,Shocker,Individual,published,"Arnold Bakes was just a little boy when he discovered his abilities. He was in the backyard of his house and was playing with his puppy near the pool and as the two got in the water, Arnold accidently caused a shockwave through the water killing his puppy. That same night without telling his mom, he brought his puppy back to life by reshocking it. This caused Arnold to grow up as the Shocker fighting crimes and sometimes causing them for his own purposes usually unknown to everyone else.",Main Universe,Heroes,,,,25,Electricity
Eliteverse-Heroes-Villains-Solo-Characters,Eileen Vixen,eileen-vixen,The Vixen,Individual,published,Ms. Eileen Vixen is probably one of the most recognizable teachers at SAA; she was born in a small town outside of Rome and has studied over 20 languages. When she was a teenager she found out about her feline attributes and being a descendant of the goddess Bast of Egyptian mythology.,Main Universe,Heroes,,,SAA,35,Feline Attributes
Eliteverse-Heroes-Villains-Solo-Characters,Girly Momen,girly-momen,Light Streaks & Flight,Individual,published,Girly Momen has always had a sunny personality with little anger. It was until her battle with the Belki that she was considered the happiest person on the planet at least known as by her friends and family. When Girly was a little girl she discovered her powers after having to save her younger brother from a fire created by a demon of Hell.,Main Universe,Heroes,,,,24,Celestia
Eliteverse-Heroes-Villains-Solo-Characters,Mike Davids,mike-davids,Stitch,Individual,published,"During his birth, Mike Davids’ mother almost died delivering him, until a spark of light healed her entire insides having the doctors believe it was a miracle done by god. Since that moment, Mike has always been adored and kept a secret by his mother. Working in her office one day, Mike’s mom didn’t know Mike was on one of his curiosity hunts for adventure causing him to wonder in the backyard and nearly killing him by a sharp object. Minutes later it was discovered that Mike’s healing ability can always keep him from harm and to allow his body to regenerate faster than light.",Main Universe,Heroes,,,,17,Body Restoration
Eliteverse-Heroes-Villains-Solo-Characters,Rina Page,rina-page,Succubus,Individual,published,"Rina Page grew up getting anything that she wanted by seducing the men in her life. She worked as a stripper, prostitute, and even a porn star for a while until she came across her abilities and realizes it wasn’t just on her looks. As time progress, Rina began moving upwards in the world by draining the energy of some of the most powerful men and even some women across Paris. She would then move across Europe getting richer and more powerful.",Main Universe,Heroes,,,,28,Energy Draining
Eliteverse-Heroes-Villains-Solo-Characters,Victor Raxen,victor-raxen,,Individual,published,"Victor Raxen was known from around the world as a unique florist. He could talk to plants and even heal them and control them at will, when he went global with his abilities he became the first Abnormal on the planet that showcased their abilities without a secret identity. Victor moved to Russia to further his abilities where he lived in a mansion and suited by hundreds of beautiful men and woman and the world’s largest garden as his backyard.",Main Universe,Heroes,,,,37,Talking to Plants; Healing of Nature
Eliteverse-Heroes-Villains-Solo-Characters,Jake Ride,jake-ride,Centaurus,Individual,published,"Jake Ride was born in a magical forest near fairyland. As a child he would come out to the land of mortals to view their habitats and play with little children that would eventually forget he existed. Now as a teenager he uses magical bow, arrows, & sword to defend little children and goes by the name Centaurus. While in his civilian form hes a normal 13 year old boy however in his normal form he is a centaur.",Main Universe,Heroes,,,,13,Magical bow; Arrow; Sword
Eliteverse-Heroes-Villains-Solo-Characters,Play Blowe,play-blowe,Spark Girl,Individual,published,Play Blowe has always been attractive to electronics and was thrill to know that she could control them by simply looking at them. Her ability known as Electric Technopathy allows her to speak to electronics through some form of telepathy. During the great war of Angels and demons her ancestors battled the demons with giant electronic masses which she would inherit.,Main Universe,Heroes,,,,21,Electric Technopathy
Eliteverse-Heroes-Villains-Solo-Characters,Zack Flow,zack-flow,Mirror Man,Individual,published,"Mr. Zack Flow was one of the most secretive men anyone could meet. He lived amongst trees in his giant mansion at the above of rocky mountains where no one knows of his existence. For the few people that have met him, they consider him the everyday scrooge. During his youth, Zack discovered that he could walk through mirrors or glass to go anywhere across the world which allow him to build worlds hidden from anyone else which also made it hard for his parents to find him.",Main Universe,Heroes,,,,44,Can Enter Mirrors or Glass
Eliteverse-Heroes-Villains-Solo-Characters,Brent Forman,brent-forman,Phase,Individual,published,"Brent Forman would escape his cell while living at an assisted living facility for mental diseases. After much debate of weather to stay trapped at this place, Brent became Phase and begun using his abilities to get things that he wanted and could normally get because of his mental illness. Admitted at a young age for schizophrenia, Brent as always been a wild character that most people find dangerous.",Main Universe,Heroes,,,,22,Transparency
Eliteverse-Heroes-Villains-Solo-Characters,Yonda Holmes,yonda-holmes,Curse,Individual,published,"Yonda Holmes was known for some time for her abilities to curse anyone she places her hands and eyes on. Sought out for her abilities, Yonda made a name for herself in the eastern parts of the world mostly in China, Japan, & London where her shops for its herbs and spell books became ultimately popular.",Main Universe,Heroes,,,,33,Cursing others
Eliteverse-Heroes-Villains-Solo-Characters,Pearl Davis,pearl-davis,Miss Pearl,Individual,published,"Called Miss Pearl, Pearl Davis could reflect anything with her glass like body and could use her abilities as a walking mirror for solid object. Some stories hint at how she was born, with many stories suggesting that she was born out of magic to be a human girl however she was cursed to never fall in love because she was so precious that the gods didn’t want her purity to be lost. However one day in her teens, she would go against this wish and fall in love, thus being turned to shards of glass. One day the shards would be collected and revived by magic and here stood a glass figured woman so beautiful that her body was priced at millions thus making her more precious than diamond.",Main Universe,Heroes,,,SAA,40,Reflective body; Reflect attacks
Eliteverse-Heroes-Villains-Solo-Characters,Mr. Carnell Mixen,mr-carnell-mixen,The Guest,Individual,published,Mr. Carnell Mixen left for SAA admittedly following a chemical reaction that left him with no face. At SAA he studied to see the world without eyes while all the time he would develop the ability to see through solid objects through a form of X-Ray Vision. In public he goes by The Guest and opposes as a vigilante.,Main Universe,Heroes,,,SAA,39,X-Ray Vision
Eliteverse-Heroes-Villains-Solo-Characters,Fye Blaunt,fye-blaunt,X-Runner,Individual,published,"Hailing from a long line of powerful men and women in the business world, Fye Blaunt grew up only knowing of the world as a contest to see who would conquer it first. Using his unlimited resources, Fye would inject himself with ultraviolet toxins to give him similar abilities. Now going by the name X-Runner, Fye would use his new abilities to take on the business world like no one has ever done before, with Abnormal powers.",Main Universe,Heroes,,,,28,Ultraviolet body; Beams; Rays
Eliteverse-Heroes-Villains-Solo-Characters,Don Cenners,don-cenners,Speedster,Individual,published,"Considered the fastest man in the world, Don Cenners became the well-known Irish hero Speedster during his early teens just short of leaving boarding school. He developed a sense of passion for speed and adopted many titles in his little town; however the term vigilante became his favorite yet. Risking his life to save others while getting everything he wanted was always a way for Don to live above everyone else.",Main Universe,Heroes,,,,26,Enhanced Speed
Eliteverse-Heroes-Villains-Solo-Characters,William Eamon Winchester,william-eamon-winchester,Weapon Master,Individual,published,"William Eamon Winchester often called W/E Winchester by his business associates. Have always been known as a party boy, using his resources to travel the world finding the hottest clubs and women. One day while visiting a club in Los Angeles, CA, W/E Winchester is attacked by mobsters who knowing of his abilities threaten his life, unknowingly to him, he is able to make a car drive over the mobsters killing them instantly. Finding out that he can control electronic objects through his mind, W/E Winchester would now go by the title Weapon Master.",Main Universe,Heroes,,,,34,Technopathy
Eliteverse-Heroes-Villains-Solo-Characters,Tracy Darts,tracy-darts,Tela,Individual,published,"Discovering her abilities at a young age, Tracy has always been secretive in her life due to not wanting people going after her for her abilities. While on a school lunching in the park, a group of thugs tried to attack a woman. Tracy with no other option used her abilities to throw the criminals across the park showcasing her to her entire study group. From that moment on ironically enough to her, Tracy was adored for her efforts and became somewhat a school idol and heroine.  In one story it spoke of how she became one of the Mentals however this was later dismissed because of her apparent lack of wanting to join any organization.",Main Universe,Heroes,,,,28,Psychokinesis
Eliteverse-Heroes-Villains-Solo-Characters,Zon Heart,zon-heart,Multrex,Individual,published,Zon Heart haves the ability to multiply him and objects he imagine. He was told by his grandmother that his ability could one day help the world. This never came to fruition as Zon was killed in 2014.,Main Universe,Heroes,,,,28,Multiplying himself; Objects
Eliteverse-Heroes-Villains-Solo-Characters,Dylan Page,dylan-page,Black Crow,Individual,published,"Dylan Page was regarded as a demon because of his black crow like wings. His claws like hands are made of the toughest alloy on the planet. Living in a temple near Timbuktu because of his mutation, Dylan became Black Crow and over time develops the power over black electric bolt from his hands.",Main Universe,Heroes,,,,28,Crow like wings; Metal claws; Black electric bolts from hands
Eliteverse-Heroes-Villains-Solo-Characters,Caleb Jenkins,caleb-jenkins,Night Man,Individual,published,"Caleb Jenkins was born poor with no real powers of his own. He would create an alter ego that would roam the city looking for crimes and even fighting opponents more powerful then themselves. He uses smoke bombs, a mask, cape, gun, and other weaponry to fight his opponents.",Main Universe,Heroes,,,,44,
Eliteverse-Heroes-Villains-Solo-Characters,Nix Armondi,nix-armondi,,Individual,published,Nix has always been able to read the newspapers in his household without looking at the pages through a form of telepathic reading. He would join SAA at the request of his believing he would be better off in a place where he could develop his abilities.,Main Universe,Heroes,,,SAA,15,Telepathic scanning
Eliteverse-Heroes-Villains-Solo-Characters,Jackson Vanus,jackson-vanus,Silver Ice,Individual,published,"Jackson Vanus grew up in suburban living with no knowledge of his true abilities. It wasn’t until he went ice skating with his girlfriend that he realized that he could control the ice around him. Scared to return back to school, Jackson left his parents a note stating that he was leaving for a boarding school to help understand what he has become. Going by the name Silver Ice, Jackson has been one of the quickest learning Descendants toward knowing more about his abilities.",Main Universe,Heroes,,,SAA,18,Power over Ice
Eliteverse-Heroes-Villains-Solo-Characters,Baron Silverman,baron-silverman,Dr. Frost,Individual,published,"Often arch nemesis to Silver Ice, Dr. Frost has been one of the evilest men alive since the early 1920s. To make sure he lived to see the development of his creation the Ice Titan, Baron Silverman trapped himself in a tomb of ice freezing his body. When he was revived by several researchers, Baron or Dr. Frost realized that he haves power over ice as well. Bent on to destroy his old city, Dr. Frost soon met face to face with Silver Ice of which would become his biggest foe.",Main Universe,Heroes,,,,103,Power over Ice
Eliteverse-Heroes-Villains-Solo-Characters,Ice Titan,ice-titan,Ice Titan,Individual,published,"A creature created by Dr. Frost, it is called the Ice Titan of which it adopted its name from Greek Mythology. Able to appear as a normal human, It was created in 1923 and would take about 40 years to be finished. Hoping to see his creature come to life, Dr. Frost froze himself in chemical ice to only awaken nearly 30 years too late. By this time, the Ice Titan was released from its lab tube and was released onto the Earth. It was defeated in the mid-1980s by the Generals.",Main Universe,Heroes,,,,91,Ice body; Power over ice
Eliteverse-Heroes-Villains-Solo-Characters,Nickolas,nickolas,Titum Comon,Individual,published,"A powerful wizard that practiced black magic so strong that it nearly destroyed the world. Fearing that his magic would go out of hand, the gods banished Nickolas into a dark dimension. However, Nickolas proved to be too powerful for even the gods as he returned now stronger than before and going by the name Titum Comon. Titum Comon became the villain of many hero stories even going as far as to destroy some worlds that he manage to come across. It was until his death by the hand of the Lazarons that Titum Comon became one of the strongest if not a High Level Abnormal.",Main Universe,Heroes,,,,854,Powerful dark magic
Eliteverse-Heroes-Villains-Solo-Characters,Momita Stanlus,momita-stanlus,Liore,Individual,published,Momita appeared at SAA unexpectedly with little knowledge of her past. Momita became known as Liore and contains the power to copy the psychical traits of anyone that she comes in contact with including just watching them do acts like kickboxing.,Main Universe,Heroes,,,SAA,12,Physical Mimicry
Eliteverse-Heroes-Villains-Solo-Characters,Fredrick Bowles,fredrick-bowles,The Ringleader,Individual,published,"Fredrick is a student at SAA that can control other’s bodies through a form of mimicking telekinesis. He was pictured as a minor character that assisted Elite Force defeat The Bob. Sometime in the future, Fredrick becomes The Ringleader.",Main Universe,Heroes,,,SAA,16,Hypersuasian
Eliteverse-Heroes-Villains-Solo-Characters,Kendriana Boke,kendriana-boke,Tala,Individual,published,"Kendriana has the ability to copy the voice of anyone she hears or comes in contact with. In chapter 16, her abilities grow to where she can learn other languages without knowing there meanings.",Main Universe,Heroes,,,SAA,14,Vocal Mimicry
Eliteverse-Heroes-Villains-Solo-Characters,Taylor Keith,taylor-keith,,Individual,published,"During his youth, Taylor Keith could always write without touching a pen. He got through writing papers by just thinking of the words. He wrote his first novel at the age of 20 and later would join SAA as a English Teacher who normally is dislike by his students because of his close age to them.",Main Universe,Heroes,,,SAA,21,Auto-Write
Eliteverse-Heroes-Villains-Solo-Characters,Belinda Mohave,belinda-mohave,,Individual,published,"One of the most talented musicians of her generation, Belinda Mohave has always had a powerful ability to soothe the hearts of many with flowing music that arises from her skin. She joined SAA as its music teacher at the age of 28.",Main Universe,Heroes,,,SAA,28,Soothing Music from her body
Eliteverse-Heroes-Villains-Solo-Characters,Sue Davis,sue-davis,,Individual,published,Sue Davis always wanted to be a chef because of her rare ability of Perception Tasting. Her abilities allow her taste anything and know its entire history and tell exactly what it is. Sue used her abilities to open up her own restaurant while moonlighting as a food critic.,Main Universe,Heroes,,,,35,Perception Tasting
Eliteverse-Heroes-Villains-Solo-Characters,Lolan Hillary,lolan-hillary,Laten,Individual,published,Lolan Hillary became a well advanced opera singer. His parents both worked in theater in Australia at the Sydney Opera Theatre. Lolan was transferred to SAA to become the school’s event planner and often voice speaker. His abilities consist of being able to explode things through singing.,Main Universe,Heroes,,,SAA,41,Explosive Vocals
Eliteverse-Heroes-Villains-Solo-Characters,Samantha Hillary,samantha-hillary,Siren,Individual,published,"Daughter to Lolan Hillary, Samantha Hillary was only 3 when she found out that through her voice, she could control others. Samantha would name herself Siren at the age 15 and became somewhat of a villain during her late teens. In most stories she joined forces with Poseidon in his efforts to gain throne over the gods.",Main Universe,Heroes,,,Allie with Poseidon,17,Vocal Telepathy
Eliteverse-Heroes-Villains-Solo-Characters,Selectus Ra’,selectus-ra,World Creator,Individual,published,"Age: 3 billion years old

Born with a twin, called the World Destroyer, Selectus who goes as the World Creator help keep the balance of the universe going without much knowledge of their own doings. When Selectus was born 3 billion years ago, he assisted in creating worlds under his own image and when the worlds would stop worshipping him or they grew to old to keep a nourished life, his brother would then destroy them. This constant change in the universal environment allowed such worlds as the Earth to come into creation. Although his stories are mixed with that of the gods creation stories, he is indeed the core responsible for such creation.",Main Universe,Heroes,,,,,Can create worlds; Realities
Eliteverse-Heroes-Villains-Solo-Characters,Daniel Zone,daniel-zone,Ravage,Individual,published,"Daniel use to work for a power plant that had exploded once exposing his mutant abilities. His new deformed state caused his body to morph into a lizard like creature with an overgrown head. He first showcased his abilities battling the Immortals in a fail attempt against finding a cure in their realm to turn him back to normal. How he got there was through the help of a deity he befriended in Chapter 88. Somewhat throughout his story, Daniel manages to become a doctor, receiving his PhD to learn more about the process of mutation, he then works on a way to reverse it or at least control its process. From his oversized brain, Daniel also called Ravage can release massive blasts of kinetic energy from his body.",Main Universe,Heroes,,,,21,Generate massive amounts of kinetic energy
Eliteverse-Heroes-Villains-Solo-Characters,Gallop Polch,gallop-polch,Holograph Man,Individual,published,"A scientist, Gallop Polch, dedicated his life on discovering a new world beyond planet Earth. Gallop worked for most of his adult life on a fuel that would grant him advance means of traveling through space, altering reality in the process and creating holographic imagery behind him. He later injected himself with the fuel thus turning him into a meta-human in the process. He would later go by the name Holograph Man and use his abilities to transfer himself and other objects into another plane where everything appears as a 3-D image. Over time, Holograph Man got stuck in this world and he could only come back to his own world in the form of a holograhm.",Main Universe,Heroes,,,,37,Capable of admitting 3-D like images; Projecting objects into 3-D like world
Eliteverse-Heroes-Villains-Solo-Characters,Obledius Amon,obledius-amon,World Destroyer,Individual,published,"Age: 3 billion years old

Obledius along with his twin Selectus created and destroyed worlds when they stopped worshipping them and/or when the worlds stop providing nourishment to the life on it. He rides with many followers who themselves were given cosmic powers known as The Cosmic Force.",Main Universe,Heroes,,,,,Can destroy worlds; Warp space
Eliteverse-Heroes-Villains-Solo-Characters,Mitia O’vare,mitia-ovare,,Individual,published,"Elitshians called her Mitia O’vare with her name meaning “the white lady” because of her bright pale skin, flawless skin, shooting stars for eyes, and appearance so benevolent that even gods can’t look upon her without burning. Only those that worship her or ask to see her can see her true form. Once looked upon, Mitia appears as a woman with fair skin, a vale made of stars, and a dress that flows endlessy across the universe. Not much is known of her history nor of her existence however most believe she is one of the first daughters of The Ultimate Power because of her constant referral to such an idea.",Main Universe,Heroes,,,,,Space Manipulation
Eliteverse-Heroes-Villains-Solo-Characters,Davis Broom,davis-broom,Molt,Individual,published,"During the period where his parents were killed in a bad car accident that rendered him partially paralyzed from the waist down. Davis, during puberty body reached levels of the Earth’s core, burning his flesh off, destroying his bones, and eating away everything but his heart and brain. He became Molt and has since fallen for a human girl name Jessica of whom he later protects on occasion from people wish to harm her to get to him.",Main Universe,Heroes,,,,29,Molten body; Lava bodied attacks
Eliteverse-Heroes-Villains-Solo-Characters,Seora Binjucki,seora-binjucki,Rain,Individual,published,"Age: 15 years old “later stories shows her being 22”

Born from the ashes of fallen Domeadians and Belki, Seora Binjucki has been predicted to bring down Sunshot in an attempt to end the Apocalypse from the destroying the world. Her attempts would come close to being unaccomplished by the Time Pirates in their hopes to dominate a new world. Seora since birth has been raised by a hidden African tribe. Her powers manifested during childbirth and have since reach High level status, tribes and myths around the world calls her true savior of our world. As of the arrival of Sunshot, she is solo and at one time saved the Elite Force.",Main Universe,Heroes,,,,,Unlimited control over Water; Water based substances; Time Manipulation; Bends light; Dimension Warping
Eliteverse-Heroes-Villains-Solo-Characters,Gaven Strong-Pumpelnickel,gaven-strong-pumpelnickel,Sunshot,Individual,published,"Abilities: Powers to control all substances of heat

Age: 8 “later stories shows him being 18”

At birth, psychics from around the world predicted his power and the wrath that it would bring. They fortold that his power would end the world unless a being of water could stop him. Gaven was born to Light Wing and Time Control and had power over all fire and heat like substances and was also a High Level Abnormal. His powers also shows him controlling both Time, warping dimensions, and bending light to do almost anything he wishes. He joined his parent’s team when he was 18 years old and has since destroyed most of the world. In one story he mostly kills most of the Elite Force until the gods intervened.",Main Universe,Heroes,,,Time Travelers,,Can manipulate the sun; Hot stars. Bends light; Time Manipulation; Dimension warping
Eliteverse-Heroes-Villains-Solo-Characters,Kenya Williams,kenya-williams,Pulse,Individual,published,"Abilities: Can release vibrating pulses throughout the air

Born to scientists, Kenya Williams has always been somewhat of an intelligent young woman learning how to build things at the age 9. Her enhanced intelligence is what led her to a deserted alien space pod in the desserts of New Elitshia. Once discovering it, she manage to find a way to open it and use it to unlock its secrets. Kenya would later learned that a powerful artificat that can control kinetic energy and release pulse vibrating energy throughout the air and throughout the body. She made an outfit and place the artifact on it, her curiosity led to her putting on the suit and later it bind to her body giving her the aforementioned abilities. She became Pulse and from this she became New Elitshia’s new anti-hero.",Main Universe,Heroes,,,,17,Releases Kinetic Energy; Controls; The body
Eliteverse-Heroes-Villains-Solo-Characters,Lamar Biding,lamar-biding,Trummisen,Individual,published,"When he was younger, Lamar practice many instruments in school and was one of the most prominent members of his band while in high school. From this, Lamar’s grandparents bought him a drumset that had symbols on it, which represented the Earth and Thunder in ancient Elitshian tribes. Unknowngst to him at the time, these instruments were given to him by his grandparents before their deaths as a way to release his dormant abilities. Because his abilities are normally released, he could only release them using a rod or instrument much like wizards with wands. The drums and other instruments over time would be his weapons against those that wish him and his friends/family harm. He became Trummisen “Swedish for Drummer” once he realize how powerful he has become while fighting evil.",Main Universe,Heroes,,,,23,Can produce powerful thunder; Earthquakes using instruments mostly his drums
Eliteverse-Heroes-Villains-Solo-Characters,Greg Robert Gogu,greg-robert-gogu,Inta,Individual,published,"Abilities: Can release acid like strings from his hair; Releases sparkling wave of energy from his body

Dancer, singer, hairstylist, and performer, Greg has been called many things throughout his early childhood, but untalented hasn’t been one of them. Greg traveled New Elitshia and most of the Eastern Hemisphere performing and appearing at numerous events. Once apart of a circus as an orphan hoping to cope with not having knowledge of his family. Greg became Inta “Swedish for dreds” after learning of his abilities which alone has attracted the most attention to the circus. He would then leave after feeling he was to famous to be a joint-star with his circus family. His first gig outside of the circus was working with several singers and other dancers in hopes to become a star. He now lives in Hollywood, CA where his dreams of becoming famous has since become a past dream as he now is a star and at every moment reminds those around him.",Main Universe,Heroes,,,,25,
Eliteverse-Heroes-Villains-Solo-Characters,Archie Pembroke,archie-pembroke,"Arkon, Death Bringer, Minister of Sleep",Individual,published,"Abilities: He can control how long the coma lasts for; Can use life energy to extend his own life span

Born in the early 1900s, Archie was born to a priest and gospel singer. His parents were strong believers in GOD and thus passsed on their beliefts to their children. Archie seeing the darkness in people’s hearts and the wars going on at the time, witness to much evil to believe in god and his abilities. So at the age of 5, Archie punished those unwillingly to his own knowledge at the time by placing them in a deep coma. He would appear in many societies as the death bringer or the Minister of Sleep depending on the time frame. All of which timeframes he takes on numerous forms.  Archie would go by Akron “the Elitshian word for, Coma”. Overtime, Akron abilities grew to allow him to control how long people could stay in comas and could use their energies to extend his own life.",Main Universe,Heroes,,,,99,Whatever he touches; He can send into a coma
Eliteverse-Heroes-Villains-Solo-Characters,Rina Bulford,rina-bulford,Mind Speak,Individual,published,"Abilities: Can control things by talking to it

Beautiful and outspoken, this subtle lady in black is often seen around rich older men, using her abilities which she learned of as a child to get her way and to keep her in high ranks. She lives in a palace overlooking a vast landscape with over 50 men half nude serving as her welcome servants. Because of her abilities she can also control women, however less frequently. She is often considered a Succubus however she doesn’t drain life energy only the will of others through speaking.",Main Universe,Heroes,,,,38,
Eliteverse-Heroes-Villains-Solo-Characters,Jain Wilcock,jain-wilcock,Great Madam Wilcock,Individual,published,"Born to a farmer and self-proclaim psychic, Jain always knew of her abilities through her mother who told her about her gifts before her death. Jain took this as a gift from her dying mother who she believed wanted her to use it to help others. As time progress, she realizes that people weren’t as welcomed to it in the new world and often considered her a freak. Keeping it a secret for most of her life, Jain eventually started to reach out to others that came to her for her assistance including the Elite Force team. She used her abilities for various reasons including locating missing individuals, talking to spirits, and telling if someone is lying.",Main Universe,Heroes,,,,58,Soul Reading
Eliteverse-Heroes-Villains-Solo-Characters,Sjack Amos,sjack-amos,Eagle Wing,Individual,published,"Sjack began his story as a young boy with a interests in birds. During his 10th grade science experiment, he used an Eagle’s egg and mixed it with a DNA enhancing chemical which would be used to help the egg become a eagle. The experiment went wrong and caused himself to grown eagle like features and abilities. He is able to speak to all birds and appears as a human like eagle with wings, claws, and sometimes a beak.",Main Universe,Heroes,,,,41,Can talk to any flying creature; Can grow; Retract wings; Can transform into a giant eagle
Eliteverse-Heroes-Villains-Solo-Characters,Bryson Eagleheart,bryson-eagleheart,Saurio,Individual,published,"Bryson began to mutate during his teen years, while in high school Bryson would think of a prehistoric creature at random and transform into the creature at will. At first he could only transform body parts or at least appear in full form and forget his actions while transformed. Now at the age of 17, he can now somewhat control his abilities however they are more limited now that he limits his transformations so that he won’t loose control.",Main Universe,Heroes,,,,17,Can turn into any prehistoric creature
Eliteverse-Heroes-Villains-Solo-Characters,Archor,archor,Archor,Individual,published,"During the late 1700s, Archor was created by giant frost Valkens whose experiment crashed on Earth and was slowly forgotten. The Archor body is made of harden ice and human skin, his strength is powered from his boulder like fist. During the early 21st century, Archor awoke and begun destroying the parts of Alaska before the gods and Elite Force intervene. Knowing once he is awakened, he could not be destroyed, the Elitshian Gods and Elite Force fought the creature until the gods could weild him back to Lium. It is said that the creature is trapped in a pocket dimension hidden somewhere in Lium. A prophet predicted that Archor would awake again along with his creators the Frost Valkens and try to place the world in ice.",Main Universe,Heroes,,,,348,Giant ice like body; Power over ice; Frozen water; Super strength; Slow aging
Eliteverse-Heroes-Villains-Solo-Characters,Anura,anura,The Great Sondred or The Supreme Sorcerer,Individual,published,"During her times as a traveling Sondred, Anura has since been known by her high level of magical abilities. She trained throughout the raids of the wizard Merlin and his many followers. She started teaching magic to others during the period of time called the Dark Magic Era to teach others how to defend themselves with the dark forces. Anura left for the Eastern Hemisphere where she discovered an island about the size of Australia hidden by fog. She enchanted it with tall pillars and enchanted everything from trees, plants, the grounds; she even created four dragons out of the four major elementals (Air, Fire, Water, & the Earth) to watch over the island. Over the next 1,000 years, she was confronted by six all powerful beings, a Witch, Warlock, Sondred, Wizard, Shapeshifter, & Fairy to create a school of magic on her new property. She agreed believing it a place to continue the growth of magic. She shortly disappeared shortly after, leaving strands of magic on the island named after her to protect it and allowing all residents and visitors to safe from dying.",Main Universe,Heroes,,,School of Anura,7383,Enhanced Magical Abilities; Protection items; Longevity
Eliteverse-Heroes-Villains-Solo-Characters,Behema Thorn,behema-thorn,Founder of the House of Thorns,Individual,published,"Age: 350 years old, Deceased

Behema Thorn was born into a family of nature loving witches and warlocks. She was green haired with big purple eyes, her skin was pale and she always was seen with some type of flowers and followed by animals of all species. It was believed that she had the power to communicate with animals and that she could control nature around her through the use of spells and enchantments. On her 200th birthday, along with five others, Behema help create a massive school for magical beings and she devoted a hall, known as the Chapter of Thorns to it. She decorated the hall with all types of plantlife even those that were considered to dangerous. She was friends with Wilma Oceen.",Main Universe,Heroes,,,Founders of Anura School,,Enhanced magical abilities; A witch; Specializes in magical plants
Eliteverse-Heroes-Villains-Solo-Characters,Seth Dragonsworth,seth-dragonsworth,Dragon Tamer,Individual,published,"Abilities: Can control dragons through a magical sword; Can place anyone to sleep with a magical flute. Limited magical abilities

Age: 325 years old, Deceased

Unlike his parents, Seth was limited when it came to magic but he often made up for it by learning to joust and tame dragons much to his mother’s approval. Often winning his father’s permission to enter in dragon riding championships, Seth was known around the world as a rider of dragons and tamer of the beasts of which his ancestors once tamed. It is said that along with five others, Seth founded the school of Anura and devoted a hall of it known as the Chapter of Drake, name of Dragons in Elitshia.",Main Universe,Heroes,,,Anura; Founders of Anura School,,
Eliteverse-Heroes-Villains-Solo-Characters,Regina Eyis,regina-eyis,Prophet Eyis,Individual,published,"Age: 800 years old, status unknown

World renowned for her premonitions, during her many years, Regina was sought out because of her talents, she often appears in the dreams and sometimes visions of other prophets and oracles including Kenya Lazaron in hopes to help the seer to understand their visions and to provide more in depth clues. She was the first to state that all visions are handed down from the High Council and prophets, seers, and oracles were beacons of the visions to the world. Along with five others, Regina founded the School of Anura and donated a hall to it called the Chapter of Eyis.",Main Universe,Heroes,,,Founders of School of Anura,,Premonitions; Magical abilities; Fairy
Eliteverse-Heroes-Villains-Solo-Characters,Daugus Shade,daugus-shade,Master of the Shadows,Individual,published,"Age: 430 years old, Deceased

Once friend to Regina Eyis and Seth Dragonsworth, Daugus grew tired of the two and their constant rightenousness. After assisting with creating the School of Anura and donating a hall to it known as the Chapter of Shade. Duagus became known as the Master of Shadows, he resented the school and what it became and the other five founders so much that he launched war among them to take the school over. This proves unsuccessful as they vanquished him or so they believed until his descendant appeared at the school and tried to destroy it. His descendant also failed and Daugus returned to the land of the living through his attempt and is believed to be somewhere hidden in the black Forest.  Duagus was the once holder to the Cloak of Shadows, which now has been given to the School of Anura.",Main Universe,Heroes,,,Founders of School of Anura,,Power to control the shadows; Use them as weapons; Enhanced magical abilities
Eliteverse-Heroes-Villains-Solo-Characters,Wilma Oceen,wilma-oceen,,Individual,published,"Wilma Oceen and her family lived somewhere in the middle of the Indian Ocean and her lifestyle was heavily influenced by the culture there. Her family was from Ancient India and from there they left behind 6,000 years of history. With her love of the ocean and its lifeforms, a fellow Sondred, her parents encouraged her to learn to communicate with the lifeforms so that she can get a true feel of the ocean culture that lived below. She did and for centuries, she learned the language and presented it to other lifeforms around the globe. Her and five others founded a school for magical beings like themselves and she donated a hall to the school called the Chapter of Oceen.",Main Universe,Heroes,,,Founders of School of Anura,375,Magical Abilities; Can talk to Aquatic lifeforms
Eliteverse-Heroes-Villains-Solo-Characters,Kenton Cusage,kenton-cusage,Soulman,Individual,published,"Kenton died almost 300 years ago and has since been chosen by Montum to deliver souls to the underworld much to his hatred of his job, Kenton does it in hopes that Montum will spare his wife’s soul. Because of his abilities of immortality and quick regeneration abilities, Montum figured that Kenton would be a good person to deliver souls back and forth to Onur. Kenton’s wife died while the two was boating through the Amazon River, but because of his regenerative abilities he was spared.",Main Universe,Heroes,,,,33,Immortality; Regeneration; Power staff
Eliteverse-Heroes-Villains-Solo-Characters,Sheila Bankman,sheila-bankman,Spirit Woman,Individual,published,"With no relation to Ghostman, Sheila Bankman began her journeys as Spirit Woman after she came across an alien spacecraft that provided her with supernatural abilities and nearly ghost like appearance and features. Her skin turned pale and she attracted powers similar to those of a ghost including Telekinesis, flight, transparency, intangibility, strength, agility, and mind control. She encountered the Elite Force and nearly defeated them all with one attack. When she is in her ghost form her heart stops and she becomes near death.",Main Universe,Heroes,,,,38,Telekinesis; Flight; Transparency; Intangibility; Strength; Agility; Mind control
Eliteverse-Heroes-Villains-Solo-Characters,Bonji Amanhi,bonji-amanhi,,Individual,published,"Bonji Amanhi was born in the dessert. Left there by his mother in an attempt to kill him by thieves who invaded the area often. However, the attempt was thrawted by the boy when he was able to stop the men by breaking their bones through his own mind. He appears like a boy with middle eastern descent and bone like fractures around his body.",Main Universe,Heroes,,,,7,Can bend; Manipulate bone fragments
Eliteverse-Heroes-Villains-Solo-Characters,Dethora Zanchis,dethora-zanchis,The Veil,Individual,published,A powerful psychic that went into hiding over 13 years prior. Since then the girl has had to find a way to pay for her expenses. Since her hiding she has paid her way to find secrecy. Her actual appearance is unknown and not even the E.L.I.T.E originization. She is believed to be one of the most powerful psychic recorded in over 20 years.,Main Universe,Heroes,,,,28,Telepath; Empathy; Psionic Abilities
Eliteverse-Heroes-Villains-Solo-Characters,The Vedendo,the-vedendo,The Vedendo,Individual,published,"Found in a white room somewhere in Oceania under 100ft of water. No one knows of its gender, name, age, or appearance. Some believe its existence is to keep a watch on the world and guide it through visions given to other psychics from its own mind. It believes that it was sent to Earth to provide information from its home to psychics on Earth.",Main Universe,Heroes,,,,,Clairvoyance; Can send visions to all psychics; Levitation; Psionic fields around body/perimeter
Eliteverse-Heroes-Villains-Solo-Characters,Sebastian Gage,sebastian-gage,Libraxus,Individual,published,"Abilities: A magical book that predict the future

Age: unknown (appears 16)

He thought he was like everyone else. Young, knowledgable about the things around him. He was outcast however, bullied, a loner. It wasn’t until his teen years when he begun to write stories about creatures and different worlds. Adding in heroes, gods, angels, and demons. He grew older and turned those stories into movies and great works of art. Sebastian didn’t know however was that everything he was writing was real or at least similar to actual things and events in reality. That he remembering something that was told to him long before he even knew who or what he was.",Main Universe,Heroes,,,,,Projection; Clairvoyance; Magical writing; Reincarnation; Skilled fighting; Healing
Eliteverse-Heroes-Villains-Solo-Characters,Villia Brooking,villia-brooking,Atomic Girl,Individual,published,"Villia was a young girl when she discovers her descendant gene. She would speak when angry and thus loud burst could level an entire city. She always wanted to be a scientist. Using her knowledge, she created a mask that could help her control her abilities and a suit which could help amplify her abilities at will. She gave herself the name Atomic Girl in honor of her love for science.",Main Universe,Heroes,,,,17,Creates atomic blasts from her screams
Eliteverse-Heroes-Villains-Solo-Characters,Grander Smith,grander-smith,Geist,Individual,published,"Abilities: Manipulates massive screeching soundswaves through technological gloves

Born in a time of great famine and war, Grander developed a high tolerance for pain and manipulation. His parents were killed in front of him and their ghosts haunted him until he hit puberty. He later came to assume he was destined for hardship. He whipped himself each night for obedience and to build his tolerance for pain and abuse. During his adolescent years he met a girl name Abbie, of whom he would marry and then kill out of insanity. In his adult years, he murdered their three children thinking they were demons, when his insanity continued he met a shaman from India which embowed him with immortality. This was to punish him for his wrongdoings. When he turned 90 still appearing in his 30s, he turned to death again only to be denied. He became Geist once he learned that his immortality came with other abilities thus calling himself the name of a spirit.",Main Universe,Heroes,,,,130,Transparency; Shadow controlling abilities
Eliteverse-Heroes-Villains-Solo-Characters,Ra-leef,ra-leef,,Individual,published,"Abilities: Power to create gateways to different worlds

Age: 59 (deceased, died over 700 years ago)

An ancient being that gave his suit down to the tribe of the Gamuga people. During his reign as their first king, he was endowed with the power to travel between dimensions by the gods. Believing that he was chosen because of his heritage as king. For a while he believed that he wasn’t worthy to carry it until he saved his village from a reign of bad guys that promised to destroy the crown. On his death bed, Ra-leef took to his local shaman to cast out his abilities into an object to be given to his people for protection and relief. The suit eventually made it to Distort.",Main Universe,Heroes,,,,,Times; Planes of existence; Enhanced fighting skills
Eliteverse-Heroes-Villains-Solo-Characters,Kintalia Days,kintalia-days,Atomic Spider,Individual,published,"Kintalia has always been in love with insects since she was a young girl. One day a science experiment caused her to actually get the power of a spider. Throughout the nights, she would use her newfound abilities to train and eventually become the Atomic Spider. Her suit consists of liquid acid to protect her from high and very low altitudes. Although she is unaware of it yet, her experiment was actually meant to happen.",Main Universe,Heroes,,,,23,Abilities of a spider; Creates webs from her body; Can see into the dark; Enhanced strength
Eliteverse-Heroes-Villains-Solo-Characters,Yamu Ohishuta,yamu-ohishuta,Distort,Individual,published,"Abilities: Suit that can be used as a gateway to different worlds

Yamu was visiting his home in the Gamuga, Africa where he discovered that he was enchanted by his local shaman to carry the suit of Ra-leef. With it he can use his body to transport anything anywhere including to different dimensions. It is believed that his suit contains a magical essence to serve as a gate to different worlds.",Main Universe,Heroes,,,Ra-leef,29,Dimensions; Different times
Eliteverse-Heroes-Villains-Solo-Characters,Camen Zuuts,camen-zuuts,Evolving Leech,Individual,published,"Born to very rich parents, Camen has always enjoyed the high life. Until one day his parents died leaving him without much options as all of their money was borrowed and he lost everything. He later grew up in an orphanage and disappeared later. Reappearing as the Evolving Leech a primary villain to the Atomic Spider.",Main Universe,Heroes,,,,48,Can absorb energy; Release it through his hands
Eliteverse-Heroes-Villains-Solo-Characters,Banyald Graye,banyald-graye,Shadow Enforcer,Individual,published,"Age: 64 years old (deceased, lived during the 1700s)

During the 1700s a group of bandits carried out a plan to take over a small town south of the Mississippi River. However, one man stood up to them and his name is Banyald Graye. Given a whip that is supernaturally charged by negative energy to rid the town of the bandits. Banyald made it his goal to defend his home and safeguard the secrets of the shadow like beings that provided him the whip from which the town holds their deepest secret.",Main Universe,Heroes,,,,,Supernaturally charged whip; Skilled weapons master
Eliteverse-Heroes-Villains-Solo-Characters,Alim Makayas,alim-makayas,Central Lord,Individual,published,"With no superpowers, Alim has taken over the Elite City Low Lands with his wealth and quick talking ways. Becoming a major villain in his own right, Alim has an entire army on his side.",Main Universe,Heroes,,,Low Land Fighters,45,
Eliteverse-Heroes-Villains-Solo-Characters,Low Land Fighters,low-land-fighters,Low Land Fighters,Individual,published,"Age: Varies

A group of skilled fighters who wear leather and metal suits. To join their legion, one must kill someone when asked by the Central Lord on command and show that he or she has the skill to fight off three of their future brethren.",Main Universe,Heroes,,,Central Lord,,Skilled fighters; Gunsmanship; Swordmanship
Eliteverse-Heroes-Villains-Solo-Characters,Michael Lendinhall,michael-lendinhall,American Man,Individual,published,"Age: 29 (died in the early 1700s after the war, deceased as of 2016)

Born in the 1700s, Michael Lendinhall was given an exterrestial suit to help defend America during the war. He was given instructions during the war with then President George Washington who instructed him to take on the mantle of a soldier to become less obvious to the opponents. The origins of where the suit came from remains a mystery to everyone.",Main Universe,Heroes,,,,,Super strength; Agility; Inpervious shield; Sword; Giant gun with perfect shot; Bullet proof suit
Eliteverse-Heroes-Villains-Solo-Characters,Dymos,dymos,Dimension Master,Individual,published,"Abilities: Has unlimited powers while in his own dimension

Age: Old as human creation

A mysterious being that can open doorways into an unnavigable realm. This place has been home to those that can move between worlds even for just a moment. This dimension is a place where every dimension meets although it has no open doorways. The being has since existed since the dawn of creation and its powers are said to have extended to allow others the ability to move through dimensions making him the reason behind many to be able to teleport.",Main Universe,Heroes,,,,,Can open doorways to different dimensions; Levitation of other objects
Eliteverse-Heroes-Villains-Solo-Characters,Kylur,kylur,The Craze,Individual,published,"Abilities: Can absorb time to direct it at a specific object or person

Age: Old as time itself

During the moment time was created, this creature was created to observe it. Shecknurd knew of its potential and gave it to the other gods as a peace offering to stop Mostibik. However, this failed, and Craze was sent to Oblivion still managing to continue its mission at observing time. From there it can manipulate others and different dimensions.",Main Universe,Heroes,,,Time Gods,,Omnipotent; Intangibility
Eliteverse-Heroes-Villains-Solo-Characters,Kerry Wilton,kerry-wilton,Skullface,Individual,published,"Age: 36 (deceased as of 2016)

Neglected by his sense of duty and cause for complete domination of anything and anyone that he considers a threat to him or his plans of dominance in taking over the world. Kerry took on the persona Skullface to continue his training under the evil organization.",Main Universe,Heroes,,,,,Enhanced fighting skills; Abnormal strength; Skilled gunsman
Eliteverse-Heroes-Villains-Solo-Characters,Dama Rhodes,dama-rhodes,Blonde Psycho,Individual,published,"Abilities: Ever growing hair that is sharp like a sword; Uses hair as a weapon. Screeching screams

A mischief maker in disguise, Dama took to her powers early on and created the persona Blonde Psycho in her attempt to disrupt the women’s movement in the early 1950s. Making numerous TV appearances and news headlines across the world, Dama became the first published superhero person in modern history since the 1800s.",Main Universe,Heroes,,,,17,
Eliteverse-Heroes-Villains-Solo-Characters,Zohait Misunkitahowke,zohait-misunkitahowke,Sparkler,Individual,published,"Age: 19 (died in late 1400s, deceased as of 2016)

An early superhero that was remembered because of dazzling appearance and powers with light. Zohait was born in Africa and came to Elite City in hopes to escape her poverish situation. During the late 1400s, Zohait manage to get a job in Elite City escaping the racist woes of other countries, something that wasn’t a major problem throughout Elite City.",Main Universe,Heroes,,,,,Omits light balls; Daggers; Other objects made of light
Eliteverse-Heroes-Villains-Solo-Characters,Jenla Canes,jenla-canes,Squirrel Woman,Individual,published,"Abilities: Has super strength. She also uses nut like bombs which she made

Age: 3 (appears as a 26-year-old)
Note: human name

A collection of squirrels that when combined can turn into one mischievous villain that uses her powers to scatter poisonous venom across Elite City. She appears like an anamorphic squirrel with human traits. Her history shows that she was several squirrels that were exposed to toxic that leaked into their home, causing them to be able to mutate together and become one being. How this happened is still a mystery as well as where the toxic came from.",Main Universe,Heroes,,,,,Squirrel like traits; Enhanced hearing; Sight; Agility. Can control other squirrels; Can eat through almost anything; Can climb; Releases from her belt
Eliteverse-Heroes-Villains-Solo-Characters,Billy Wysick,billy-wysick,Rattrap,Individual,published,"A pest control manager in Elite City, Billy was working a normal shift when he was exposed to a venomous rat that turned him into Rattrap. Since then he took on the mantle to become one of the newest villains to Elite City and frequent ally to Canine and others with similar animalistic personalities.",Main Universe,Heroes,,,,36,Enhanced strength; Rat like attributes; Night vision
Eliteverse-Heroes-Villains-Solo-Characters,Venule Strain,venule-strain,Canine,Individual,published,Venule placed on his first dog suit as a gimmick to be a goofy villain. He took on the mantle seriously after the Elite Force destroyed his home during one of their battles. He started by robbing a few banks just to get the Elite Force attention. Then it went mainstream after the Rainbow Squad made a personal attack on him because of his racist comments in recent media.,Main Universe,Heroes,,,,51,Advance weaponry on suit
Eliteverse-Heroes-Villains-Solo-Characters,Jacobi Smithson,jacobi-smithson,Tempirol,Individual,published,"Abilities: Can move time differently around him. Slowing time for his effects

Age: 38 (in the 1920s, deceased in the year 2016)

Once originally apart of Shecknurd’s elusive team of time gods. Jacobi turned to deity in an attempt rescue a mortal woman that he loved while back in time. Shecknurd declared it was too dangerous to tamper with history as it was told that she became a successful doctor that saved countless lives while being stranded in the past. When he attempted to travel back to the early 1920s to rescue her, Shecknurd blocked him from ever coming back through the gates of time. Feeling betrayed and unforgiving, Jacobi became a notable villain and often foe to many heroes. After the woman of his dreams died, he became a notorious hitman and constant con man.",Main Universe,Heroes,,,,,
Eliteverse-Heroes-Villains-Solo-Characters,Joe Mcintyre,joe-mcintyre,Alligator Man,Individual,published,"Age: 41 (in the 1860s, deceased in the year 2016)

During the early 1860’s a great academist name Joe Mcintyre proved his theory that he could manipulate animal DNA and produce an effect that can cause animals to speak human language. Also for animals to walk and act like humans. However, one day his experiment went wrong and his experiment mutated his body causing him to become the Alligator Man. One of the earliest mutated villains, he took this apparent moment to use his experiment to make others like himself producing a worldwide range of villains resembling animals.",Main Universe,Heroes,,,,,Super strength; Giant claws; Alligator like attributes; Acid from claws
Eliteverse-Heroes-Villains-Solo-Characters,Gamus Jones,gamus-jones,Jumping Marvel,Individual,published,"Age: 43 (in the 1870s, deceased in the year 2016)

Joining Joe Mcintyre while spending his time in America. Gamus used his scientific know how to produce his own variation of the serum that made Alligator Man into the Jumping Marvel. Over the years, he battled with the constant neglecting of his fellow peers turning him into what he became.",Main Universe,Heroes,,,,,Enhanced agility; Can jump really high; Can stick onto walls; Frog like attributes
Eliteverse-Heroes-Villains-Solo-Characters,Kyle Revins,kyle-revins,Sunburst,Individual,published,"Age: 70 (deceased as of 2016)

A born astronaught, Kyle Revins has been looking for the opportunity to go into space since he was a young boy seeing his first telegraphed space mission. Since then he worked hard in school and went into the space program in hopes to get to go to the moon. His dreams would come true, on his first mission to the moon, he became the first Elitshian person into space. While on the moon, he came across a weird glowing rock which when touched gave him powers from another galaxy. A mysterious symbiote attached to his body and he was granted alien powers. On his return, the citizens of Elitshia praised him and granted him with gifts and has since lived the life of a rich guy. While at night he became known as Sunburst a new superhero trying to learn more about his powers.",Main Universe,Heroes,,,,,Super strength; Suit that grants lazer beams; Ability to understand any language; Speed; Protective against psychic attacks
Eliteverse-Heroes-Villains-Solo-Characters,Son Chi,son-chi,Supernova,Individual,published,"Son grew up watching his favorite all time hero Sunburst, use his powers to become a staple of superheroes. Part of a distinct traditional family, he thought that he would never get to see his dreams come true as anything other being a dentist or a doctor was just a pipe dream. One day he came across a hurt Sunburst, eagered to help in anyway he could, Kyle Revins told him that the alien power needed to live on and couldn’t die with him, so he gave the power to Son and Son became known as Supernova in return. Continuing his heros dream and taking up the mantle. He continues to study hard during the day while becoming a hero at night.",Main Universe,Heroes,,,,16,Super strength; Suit that grants lazer beams; Ability to understand any language; Speed; Protective against psychic attacks
Eliteverse-Heroes-Villains-Solo-Characters,Salazar Bain,salazar-bain,Bain the Slayer,Individual,published,Salazar Bain best known as one of the creators of Hizirinth. Was one the direct competitor to the Founders of Tantirith as he wanted to be known as the greatest dragon slayer in history. He was eclipsed when the Dragon Tamer came about and fought him to a standstill. He disappeared shortly after that. His appearance was that of a tall brute man with spiky back hair and a whip that could control dragons.,Main Universe,Heroes,,,Founders of Hizirinth,3000,Whip that can control dragons; Omit fire from mouth
Eliteverse-Heroes-Villains-Solo-Characters,Gildred Du’Change,gildred-duchange,,Individual,published,Gildred Du’Change is one of the founders of Hizirinth. She was a cold woman that used her powerful black magic to place an entire village on ice. She specialized in ice magic and whenever she was confronted she would start a blizzard to increase her own magic while in battle. She disappeared shortly after Hizirinth was built.,Main Universe,Heroes,,,Founders of Hizirinth,2800,Ice magic
Eliteverse-Heroes-Villains-Solo-Characters,Malcom Bloodspell,malcom-bloodspell,Bloodspell,Individual,published,"Malcom Bloodspell was known for his use of deadly poisons that were banned from across Tier. He dislikes that his most prized animals were being hunted and killed although they were responsible for nearly 400 deaths during a 20 year time frame. For his play in raising and training the animals, he was placed to death by lethal injection of his own poison. He died smiling while stroking one of his creatures of which was buried with him.",Main Universe,Heroes,,,Founders of Hizirinth,1900,Creating poisonous potions
Eliteverse-Heroes-Villains-Solo-Characters,Countess Bruig Strife,countess-bruig-strife,Countess Strife,Individual,published,"Countess was a beautiful woman who was adored by many across her lovely reign. She always smiled but lied a dark secret beneath. She had over 15 abortions and only kept the most powerful child. She slept with numerous men and housed a place for women to sell their children for profit. She fell in love with only man, Daugus Shade. The two met at her house of abortions and she swayed Daugus to betray his friends and help build a school for delinquent magical beings, she was joined by others and founded Hizirinth.",Main Universe,Heroes,,,Founders of Hizirinth,2000,Subjective magic
Eliteverse-Heroes-Villains-Solo-Characters,Virginia Jones,virginia-jones,Guardian Soul,Individual,published,"Often a lone hero that was one of the few black superheroes during the 50s, 60s, and 70s. Never married, Virginia was mother to four children, one of which would birth The Electrician a great hero himself. Virginia died during a fight with Dr. Combustion while saving her daughter. She was 99 years of age at the time of her death, a memorial service and statue was made in her honor in Marion, South Carolina.",Main Universe,Heroes,,,,99,Lightning Manipulation
Eliteverse-Heroes-Villains-Solo-Characters,Clea Mainstay,clea-mainstay,Lightstorm,Individual,published,"Appearing temporary in the Elite Force, Lightstorm began doing missions on her own after saving a boy from a burning building after the larger team was too busy to notice him. This wanted Clea to want to take on missions that involved the community and not major battles that often ignored them.",Main Universe,Heroes,,,Elite Force,23,Light based abilities including absorbing light; Flight; Mild radiation blasts; Light shields; Immunity to radiation
Eliteverse-Heroes-Villains-Solo-Characters,As Shadowstorm,as-shadowstorm,,Individual,published,A vigilante that has the complete opposite powers to Lightstorm that appears during the attack on the city caused by the Akuma’s arrival. This version disappeared back to her own universe once the veil separating the realities began to be repaired.,Main Universe,Heroes,,,,,
Eliteverse-Heroes-Villains-Solo-Characters,Audilane Richards,audilane-richards,Bronx,Individual,published,"Bronx is the often villain to Lightstorm when she is fighting crimes on the streets. She is brute, strong, and has hard diamond skin. She is usually ordered by others to fight or steal.",Main Universe,Heroes,,,,29,Diamond skin; Enhanced strength
Eliteverse-Heroes-Villains-Solo-Characters,Ambrosius Riveton,ambrosius-riveton,Primordial Chaos Avatar,Individual,published,"Bullied since he was a child, Ambrosius possessed an incredible power that grew inside of him since his teenage years. Hiding his anger became less of an option in his 30s. When one day Ambrosius started to experience frequent dreams of a powerful being that once was born from the primordial darkness. Whispers filled his head with thoughts of destroying the world and its people after feeling abandoned and hated by them. It was later discovered by the Primordial Fighters that Ambrosius is one of the reincarnated forms of the Creation Chaos that was banished by GOD during the birth of the universe. Ambrosius succeeded with destroying the Earth until his own destruction by Elshack, when Ambrosius, now the new Chaos killed GOD and the Neither in their lesser forms. Elshack recreated GOD and the Neither and destroyed that universe where Ambrosius inhabited in hopes to stop the rise of other Chaos avatars from being born.",Main Universe,Heroes,,,Chaos,36,Primordial chaos; Omnipotence; Cosmic power; Power to destroy the Creation Trio
Eliteverse-Heroes-Villains-Solo-Characters,Chuck Samuel,chuck-samuel,Avatar of GOD,Individual,published,An avatar of GOD that appeared in Universe 908 as a figure that destroyed several realities before setting his attention on Universe 908. He was stopped by a powerful Nephilim and two hunters.,Main Universe,Heroes,,,GOD,,Powers of GOD; Omnipotence; Capable of destroying entire realities
Eliteverse-Heroes-Villains-Solo-Characters,Gregory Pines,gregory-pines,Owl Man,Individual,published,"Blind since birth, Gregory has always had keen senses, capable of moving as if he was able to see the world around him. Because of a red tint in his lower pupil, Gregory developed the ability to see the world in a red tint, with red the only color he can see. To disguise his red colored eyes, he often wears dark red tinted shades. Gregory adapted the title Owlman after stopping a gang of street thugs from attacking and raping a young woman in the alley by his job.",Main Universe,Heroes,,,,31,Adapted street fighting capabilities
Eliteverse-Heroes-Villains-Solo-Characters,Marshall Streets,marshall-streets,Master Streets,Individual,published,"Marshall Streets is a mob boss that lives in Elitshia and has since created a large following because of his ruthless business practices. Because of his large size weighing in at almost 500lbs, he is sometimes seen sitting in an electric chair. When he stands and fights, his strength is known to be more powerful than many superheroes and street level people. He has a cane that is also a gun, a cape that is bullet proof, and wears shades that can feed him information about a person and/or object. He is often the villain to Owl Man.",Main Universe,Heroes,,,,52,Enhanced human strength; High advance gadgets
Eliteverse-Heroes-Villains-Solo-Characters,Lana Kane,lana-kane,Lana Row,Individual,published,"A great martial artist trained at a Buddhist temple when she escaped from the world she knew. At the temple, Lana adopted the moniker Lana Row from her birth name Lana Kane to help stop criminals in mainland China. She returned to Elitshia when her mother and brother died in a gang related violence. She began protecting her neighborhood from street criminals and gang leaders.",Main Universe,Heroes,,,,29,Adapted martial artist capabilities
Eliteverse-Heroes-Villains-Solo-Characters,Itchira Cho,itchira-cho,Lady Scorpion,Individual,published,Lady Scorpion is a venomous person that developed a serum that allowed her to develop scorpion like abilities including venomous acid from her saliva and fingertips. She oversees a large gang of street thugs that terrorizes the neighborhood of Lana Row. She is the main villain of Lana Row.,Main Universe,Heroes,,,,34,Scorpion like abilities; Reflexes
Eliteverse-Heroes-Villains-Solo-Characters,James Wilderson,james-wilderson,J Hood,Individual,published,"After the Akuma was destroyed, James woke up with supernatural abilities to be able to astral project himself across great distance, he also gained super strength. With his development, James became the vigilante that fought the rich for the poor, thus adopting the title J Hood as a dialect of Robin Hood.",Main Universe,Heroes,,,,33,Super strength; Astral Projection
Eliteverse-Heroes-Villains-Solo-Characters,Ms. Janina Thompson,ms-janina-thompson,,Individual,published,Looking for powers of her own. Ms. Janina Thompson created a vast organization to gather superpowers and super powered individuals for her own purposes and profit. Janina is the main villain of J Hood and two often clash with their conflicting interests.,Main Universe,Heroes,,,,41,
Eliteverse-Heroes-Villains-T,Teen 8,teen-8,,Team,published,Teenagers with extraordinary powers. They formed to fight back evil doers in their home city.,Main Universe,Teams,,,,,
Eliteverse-Heroes-Villains-T,Solland Grocha,solland-grocha,Bi-polar,Individual,published,Solland Grocha was born a rogue as his parents died in a car crash. Since then Solland became known as Bi-polar and used his abilities of Light and Shadows to save others like himself. He joined Synthia (Lavagirl) to become Teen 8.,Main Universe,Heroes,,,Teen 8,15,Powers over Light; Shadows
Eliteverse-Heroes-Villains-T,Vince Jagins,vince-jagins,Zereck,Individual,published,Vince was apart of his bodybuilding club in school and could lift up to 100lbs making him the strongest teen in the world. He would then use his abilities to fight against the dark forces however unlike his friends; he would also attend college in attempt to appear normal and to finish his education.,Main Universe,Heroes,,,Teen 8,18,Muscle body w/glowing neon body; Super strength
Eliteverse-Heroes-Villains-T,Synthia Hedwick,synthia-hedwick,Lavagirl,Individual,published,"During one of the moments of the raid in Elite City, Synthia Hedwick was one of the many super-powered humans that were captured by The Enforcers for the Anti-power Act. During her late teens, Synthia became Lavagirl and would travel Elite City finding others that are sought out by the Enforcers.",Main Universe,Heroes,,,Teen 8,12,Power over Lava; Turn body to lava
Eliteverse-Heroes-Villains-T,Shae Shaman,shae-shaman,Sea Lad,Individual,published,"Born in Mermadia, Shae traveled to Elite City nearby one day while curious about the world above. Alongside several others, Shae was the only one not to return after being caught by The Enforcers. Rescued by Teen 8, Shae became known as Sea Lad and would be one of the only members of the group that leads the group while on mission dealing with water or traveling over seas.",Main Universe,Heroes,,,Teen 8,13,Ability to breath under water; Talk to sea creatures
Eliteverse-Heroes-Villains-T,Richa Rintenin,richa-rintenin,Shamarock,Individual,published,"Richa traveled around the globe with her parents, unable to stay in one spot because of her slowing aging process, Richa finally gave up traveling after meeting the Teen 8 and joining their ranks to help save others like herself. Her family supports the group with funds such as their very own tower erected on a mountain near Elite City.",Main Universe,Heroes,,,Teen 8,109,6 arms; Bulletproof armor; Teleportation
Eliteverse-Heroes-Villains-T,Glenda Ralph,glenda-ralph,Enhancetress,Individual,published,"Along with the other Teen 8 members, Glenda was cast out by the Enforcers who believe her to be a danger after she supercharged cannon on a ship to destroy their personal home base. She escapes their grasp and left to join Teen 8 in hopes to bring them to destruction.",Main Universe,Heroes,,,Teen 8,14,Enhances attacks; Shoot blasts from body
Eliteverse-Heroes-Villains-T,Teen Hero Squad,teen-hero-squad,,Team,published,"Products of an experiment by the Nexus Corp, these teenagers were given powers representing the elements. They were given secret identities and tasked with fighting the enemies to the Nexus Corp.",Main Universe,Teams,,,,,
Eliteverse-Heroes-Villains-T,Troy Ressin,troy-ressin,Lightning Boy,Individual,published,"Troy was captured by the doctors at Nexus Corp. at the age of 10 stolen from his parents who later stopped looking for him presuming he was dead. Since then Troy thought of ways to escape by using his ever growing abilities. Once a fellow teenager joined the doctors’ lab experiments, Troy assisted in their escape and shortly after returned to his family while also creating the group with Jasmine “Firecracker” known as the Teen Hero Squad and himself Lightning Boy because of his abilities over Lightning like beams.",Main Universe,Heroes,,,Teen Hero Squad,17,Lightning beams
Eliteverse-Heroes-Villains-T,Erica Danes,erica-danes,Bubble Girl,Individual,published,"Erica always wanted to be a hero; she even went to the lengths of leaving her parents camp grounds one summer to stop hunters from killing a deer. While in the forest, Erica came across a mysterious circular object which gave her the ability of water through the form of bubbles. Over time keeping it a secret, Erica by the name of Bubble Girl would fight crimes while going to high school. At one time in the near future, Bubble Girl joins the ranks of a group of fellow high schoolers with special abilities named the Teen Hero Squad.",Main Universe,Heroes,,,Teen Hero Squad,14,Bubble like abilities
Eliteverse-Heroes-Villains-T,Jasmine Olson,jasmine-olson,Firecracker,Individual,published,"Captured by several doctors who found out about her abilities, Jasmine learned how to fight for herself at the age of 12 and fought to return to her parents. While captured, Jasmine met with Troy who together helped her free herself and him from the doctor’s control. The doctors were found out to work for Nexus Corp creating the group’s first arch enemy. Later the two would become Firecracker & Lightning Boy.",Main Universe,Heroes,,,Teen Hero Squad,16,Firecracker like abilities
Eliteverse-Heroes-Villains-T,The Almighties,the-almighties,,Team,published,Called the Almighties because of their raging powers and deadly consequences of their actions have made them a threat to many on Earth and elsewhere.,Main Universe,Teams,,,,,
Eliteverse-Heroes-Villains-T,The Almighties,the-almighties-individual,The Almighties,Individual,published,"Age: Varies

High deities who are believed to have existed before the gods. They are considered one of the many children of the Ho’zares and siblings to the Domaedians. Their pale orange skin symbolizes their home world of Kree and its orange like structures and landforms. The Almighties as they are called by Elitshians are powerful monks that created the balance of good and evil and set forth the many laws of the universe and preset many rules that are followed by many beings of both good and evil. Of such stories it is said that they created the curse amongst vampires and werewolves or at least assisted in it. A vampire and werewolf are weak amongst the day while strong at night, however their weakness would be of each other as vampire blood can kill a werewolf and a werewolf’s claws and bite can kill a vampire. They live in a plane existing in Olerta’s ancient realm and watches over the realms by her side.",Main Universe,Heroes,,,The Almighties,,Advance knowledge of the universe; Star manipulation; Force fields; Mental blasts; Elemental control
Eliteverse-Heroes-Villains-T,Aerkelium,aerkelium,,Individual,published,"Working for the Almighties since ancient times, Aerkelium has been featured in many fan fiction across the world including inspiring ancient stories including the idea of Heracles in ancient Greek. His long hair is like iron and his skin is as tough as he is strong.",Main Universe,Heroes,,,The Almighties,5000,Super Strength; Invulnerability; Immunity to human diseases
Eliteverse-Heroes-Villains-T,The Ancient Circle,the-ancient-circle,,Team,published,Considered ancient benevolent descendants whose powers contain some of the darkest magic in existence.,Main Universe,Teams,,,,,
Eliteverse-Heroes-Villains-T,Asjan Rufhar,asjan-rufhar,The Ancient Word or Word King,Individual,published,"Abilities: Can make anything come true by writing it into a book

Chosen as a young child to protect his people, Asjan was given a magical book handed down from Bewithia that would grant his people the power to protect their homelands in return their loyality to the witch goddess. Asjan was given the book, with his people believing that he has magical abilities to make anything that he writes happen, something that usually of the direct descendants in the village of Bewithia held. After the last descendant died and no other was born, Asjan took the responsibility. He would later join The Ancient Circle that watch over all magic under the guidance to Bewithia. After the Ancient Circle started to abuse their abilities for evil, Asjan left and went to become a powerful wizard of his own right.",Main Universe,Heroes,,,The Ancient Circle,876,
Eliteverse-Heroes-Villains-T,Imtut Kunoman,imtut-kunoman,Imtut or God of the Dead,Individual,published,"Abilities: Magically bestowed aspects of mythological figures that include Abnormal strength

Born from the ashes of the human race that lived before our current existence. Imtut showcased strong power in both strength and magical attributes. With his many items in his arsenal, Imtut uses his abilities to control the dead in hopes to revive the dead, taking his once love, Nokosha as his bride. Together it is predicted that the two will rule over the new world and banish the old world underground. In an alternative timeline, Imtut is the God of the Dead while in another he is one of the few remaining members of the Ancient Circle.",Main Universe,Heroes,,,The Ancient Circle,3000,Speed; Stamina; Physical; Magical invulnerability; Flight; Fearlessness; Vast wisdom; Enhanced mental perception
Eliteverse-Heroes-Villains-T,The Archers,the-archers,,Team,published,,Main Universe,Teams,,,,,
Eliteverse-Heroes-Villains-T,Guy Gordon,guy-gordon,Silver Archer,Individual,published,Guy Gordon was born to a poet and a singer so being in the limelight was always something that he adored as a child. However growing up his moral changed and he begun wanting adventure so he help create several advance weaponry including a highly advance bow & arrow with a metal plated armor. He became the Silver Archer and joined the other Archers.,Main Universe,Heroes,,,The Archers,29,Highly advance armor w/bows; Gun; Arrows
Eliteverse-Heroes-Villains-T,Armen Howell,armen-howell,Golden Archer,Individual,published,"The Golden Archer has been one of the most talked about heroes in the late 1990s. With his highly advance technology, Armen Howell uses technology type bows, arrows, and armory to defend the city he grew up in. Over a course of time, Armen would go by the title Golden Archer along with several other recruits to form the Archers.",Main Universe,Heroes,,,The Archers,39,Highly advance armor w/bows; Arrows
Eliteverse-Heroes-Villains-T,Billa Banks,billa-banks,Black Archeress,Individual,published,"Billa Blanks worked for Armen Howell on a number of projects including the one with creating the highly advanced Archers. Billa would use that same technology for her own armor, bows, and arrows to help defend the city she and Armen grew up in.",Main Universe,Heroes,,,The Archers,36,Highly advance armor w/bows; Arrows
Eliteverse-Heroes-Villains-T,The Arrow League,the-arrow-league,,Team,published,,Main Universe,Teams,,,,,
Eliteverse-Heroes-Villains-T,Robert Imoff,robert-imoff,Black Arrow,Individual,published,"Abilities: Contains special arrows that can do various activities including exploding

During his teen years, Robert created his alter-ego Black Arrow while stealing things under the title. He would then create a small league of vigilantes who would still priceless artifacts all while under the appearances of the 901 year old Roven Holden “The Original Robin Hood” as he is called. Robert has two children and his wife is also one of the Arrow League members. His team is famiously called The Arrow.",Main Universe,Heroes,,,The Arrow League or The Arrow; The Arrow League,36,Electric shocking
Eliteverse-Heroes-Villains-T,Vile Pembrook,vile-pembrook,Shadow Hood,Individual,published,"Abilities: Part human with arrows coming from his hands with explosive mechanical enhancements

When he was 16, Vile was in a severe accident that almost cost him his life until a weird man saved him. He never saw the man once he awoke but it is believed that when he woke part of his body was destroyed and his parts replaced with robotic body parts and was done by the hands of the mysterious man. After years of traveling, he came across Robert and shortly after joined the Arrow as a theif.",Main Universe,Heroes,,,The Arrow League or The Arrow; The Arrow League,29,Part android
Eliteverse-Heroes-Villains-T,Crystal Dixon,crystal-dixon,"Imoff, Red Hood",Individual,published,"Abilities: Giant Arrows with several techniques including tracking

Although originally a soccer mom, when her husband Robert Imoff begun recruiting for a secret team of bandits for a get rich scheme. Crystal then thought it best to make ends meat and protect her family by collecting artifacts on her own. One mission she created her costume and went by Red Arrow in honor of her husband. Unknowngst to him at the time, Robert later found out after running into Crystal at a bank robbery.",Main Universe,Heroes,,,The Arrow League or The Arrow; The Arrow League,33,Exploding; Etc
Eliteverse-Heroes-Villains-T,Frank McGee,frank-mcgee,Yellow Bow,Individual,published,"Before joining the Arrow, Frank McGee was a skilled inventor often creating weapons for the rich or anyone that paid him a great amount of money. Frank was sought out for his skills and eventually becoming very wealthy for it. He was in and out of jail several times throughout his youth and often stole to finance for his inventions. Frank joined Robert mostly for the fun and excitement of traveling and robbing those that are often rich",Main Universe,Heroes,,,The Arrow League or The Arrow; The Arrow League,26,Long arrows with unbreakable steel; Explosive points on the tips
Eliteverse-Heroes-Villains-T,Roven Holden,roven-holden,Robin Hood,Individual,published,"At the age of 901 years old, Roven Holden first met his destiny at the hands of a witch which was later found to be Bewithia, who gave him his abilities. Roven Holden inspired the original Robin Hood stories created by William Langland and several others afterwards. For the next 800 and so years after he was given his abilities, Roven went by several names including Robin Hood, Robun Hood, etc all to disguise his true appearance and to disguise the fact that he doesn’t age. In the 21st century, he would inspire Robert Imoff to create the Arrow League. He often watches over them and guides them as he thinks they are exactly how he was during his years as a bandit for the poor however in a more modern twist.",Main Universe,Heroes,,,The Arrow League or The Arrow; The Arrow League,901,Slow Aging; Enhanced healing factor; Supernatural arrows
Eliteverse-Heroes-Villains-T,The Balancers,the-balancers,,Team,published,,Main Universe,Teams,,,,,
Eliteverse-Heroes-Villains-T,The Balancers,the-balancers-individual,,Individual,published,"Age: Varies

The balancers are powerful entities that live beyond time itself, they often travel to the realm of Olerta to assist in keeping balance with our current dimension. In some instances most believe that they spread out Olerta’s word across the galaxies and across timelines to insure that everything gets put into place so as if time is not disrupted. Neither is shown apart as they appear as beams of light that share one face. Many think that Secreta are one of them because of her unlimiting powers however it was discovered that she exist before them and beyond their realm.",Main Universe,Heroes,,,The Balancers,,
Eliteverse-Heroes-Villains-T,The Bounty Hunters,the-bounty-hunters,,Team,published,,Main Universe,Teams,,,,,
Eliteverse-Heroes-Villains-T,Smith Lee,smith-lee,The Gunsman,Individual,published,"Cousin to Victoria Lee, Smith like his cousin possess no abilities of his own however he has a gun called the Barrell which can shoot giant cannon ball like objects that once explode can destroy massive amounts of land at one time. The gun itself is about 10 feet tall and Is said to have been made by Valken. Smith created the Bounty Hunters in a mission to defeat his enemies feeling that he would never be able to stop them alone nor keep running.",Main Universe,Heroes,,,The Bounty Hunters,,
Eliteverse-Heroes-Villains-T,Victoria Lee,victoria-lee,The Shiguntu Fighter,Individual,published,"Victoria has always been known for her sex appeal, appearing in revealing outfits and long color changing hair, although she doesn’t possess abilities of her own, her skilled martial arts has been one of the reasons she was abducted as part of the Bounty Hunters. She carries the Shigunku Sphere which can cut through any man made object and pierce through demon skin. Her hair is sharp and contains a mineral that is harder than steel and is often used during her fights.",Main Universe,Heroes,,,The Bounty Hunters,28,
Eliteverse-Heroes-Villains-T,Jane Lurow,jane-lurow,The Winter Fighter,Individual,published,"Oldest of the group, she is also the wisest, believed to be descendant to Valken and Authora, Jane has the ability to create icy winds and blizzard like weather powers. Jane was last to join the bounty hunters and only joined to avenge her daughter whom was killed in their backyard by reptilian enemies of the bounty hunters.",Main Universe,Heroes,,,The Bounty Hunters,36,Icy Winds; Blizzard like Weather powers
Eliteverse-Heroes-Villains-T,Kenneth Ulridge,kenneth-ulridge,Kiromony,Individual,published,"Born to a fugitive and skilled swordswoman, Kenneth has been trained since birth as a skilled bounty hunter and the first member of the Bounty Hunters to be assigned. He is seen with long blonde hair with spiked edges and armor like robe. Like his mother, he carries the Bigusku Power Blade which can absorb attacks. He has healing factors that can also make him very hard to defeat in a battle.",Main Universe,Heroes,,,The Bounty Hunters,29,Healing Factor; Slowed aging; Bigusku Power Blade
Eliteverse-Heroes-Villains-T,Brad Dobson,brad-dobson,Cutthroat,Individual,published,"Known for his skilled gunsmanship, Brad can shoot anything within almost a 100 mile radius. He contains skin that is bulletproof and can also be used as armor itself. Called Cutthroat because of his aggressive nature and sharp tongue, he joined the Bounty Hunters in a route to kill those that killed his family when he was a kid.",Main Universe,Heroes,,,The Bounty Hunters,25,Bulletproof skin; Precise targeting
Eliteverse-Heroes-Villains-T,The Captains,the-captains,,Team,published,,Main Universe,Teams,,,,,
Eliteverse-Heroes-Villains-T,Jennie Ore’,jennie-ore,La Scarlet,Individual,published,"Cursed by a powerful magician, Jennie was born over a thousand years ago. Living most of her life as a Genie serving others, she joined The Captains in hopes to break the curse and one day to be free. Her powers range from magical spells to powerful acrobatic skills. In one vision by the Oracle, she was born to powerful royalty and lived her youth in peace until she fell for a black magician that placed this curse upon her.",Main Universe,Heroes,,,The Captains,1016,Magical Abilities; Wish Granting; Enhance acrobatics
Eliteverse-Heroes-Villains-T,The Dark Curse,the-dark-curse,,Team,published,,Main Universe,Teams,,,,,
Eliteverse-Heroes-Villains-T,Jaxun Fifth,jaxun-fifth,Beast King,Individual,published,"Abilities: Can gain the powers of any animal that exists or has existed on a planet

Similar to the Ancient Circle, The dark circle consists of Jaxun and several members that exist primarily to keep magic secret and balance between the realms. However the Dark Circle main attention is to steal the power of the Kenoxes and mix it with Secreta in order to take over all realms. If this happens, Jaxun and his Dark Circle would succeed in destroying everything in the universe today and start completely over in their image.",Main Universe,Heroes,,,The Dark Curse,31,
Eliteverse-Heroes-Villains-T,Blane Wilkinson,blane-wilkinson,Fire Blade,Individual,published,"Due to a freak accident, Blane’s body became hotter than the inner core of the sun. During his final sighting he nearly destroyed his sister’s home. After being found by several members of the Elite Force, Blane became Fire Blade and learned to control his abilities at SAA. However once he grew stronger and angrier at his accident, Blane decided to inflict the same terror on others joining the cause of the Dark Curse in the process.",Main Universe,Heroes,,,The Dark Curse; Elite Force,29,Ability to rearrange the atomic; Molecular structure of matter; Can alter the density of objects; Including his own body; Render them intangible; Can project bolts of nuclear energy; Flight; Absorb explosive force; Radiation in to his body harmlessly
Eliteverse-Heroes-Villains-T,Fredrick “Freddy” Prickson,fredrick-freddy-prickson,Grave King,Individual,published,Fredrick or Grave King main mission is to reshape the universe; he uses his power over the dead to help push his plan forward. He died centuries ago and was resurrected with powers given to him by an uknown figure which also created the power of the Dark Curse.,Main Universe,Heroes,,,The Dark Curse,441,Solid energy construct; Flight; Invisibility; Teleportation; Ability to heal; Reanimates the dead; Resurrection of the dead
Eliteverse-Heroes-Villains-T,The Demoys,the-demoys,,Team,published,,Main Universe,Teams,,,,,
Eliteverse-Heroes-Villains-T,The Demoys,the-demoys-individual,,Individual,published,"Age: Varies

The Demoys existed since the early 1100s and shown great power over the dead, from their reign they partially took over the Underworld and watched over the living. Protecting it from the dark forces that leaked from Hell. The Demoys appeared mostly as paled skinned men and women whom had symbols of ancient magic embroided onto their bodies. In the late 1900s, the last Demoy named Wilma met John Watson and the two gave birth to a daughter named Olivia Watson.",Main Universe,Heroes,,,The Demoys,,Transparency; Communicate with the dead; Various powers over the dead; Teleportation; Flight
Eliteverse-Heroes-Villains-T,Bishop Demoy,bishop-demoy,,Individual,published,,Main Universe,Heroes,,,The Demoys,,
Eliteverse-Heroes-Villains-T,Misty Demoy,misty-demoy,,Individual,published,,Main Universe,Heroes,,,The Demoys,,
Eliteverse-Heroes-Villains-T,Phillip Demoy,phillip-demoy,,Individual,published,,Main Universe,Heroes,,,The Demoys,,
Eliteverse-Heroes-Villains-T,Angelia Demoy,angelia-demoy,,Individual,published,,Main Universe,Heroes,,,The Demoys,,
Eliteverse-Heroes-Villains-T,Emma Demoy,emma-demoy,,Individual,published,,Main Universe,Heroes,,,The Demoys,,
Eliteverse-Heroes-Villains-T,Wilma Demoy,wilma-demoy,,Individual,published,,Main Universe,Heroes,,,The Demoys,,
Eliteverse-Heroes-Villains-T,The Drones,the-drones,,Team,published,,Main Universe,Teams,,,,,
Eliteverse-Heroes-Villains-T,Glinda Pennan,glinda-pennan,Dark Seer,Individual,published,"Glinda Pennan has always been on her own, her main focus was to live alone and die alone. That is until she came across an underground society known as Under City. Here many others with mutations and special abilities were outcast or ran away from their homes and met at this place where Glinda would one day lead it above ground. Destined to make sure the people don’t live in fear anymore, Glinda would soon go by the name Dark Seer because of her abilities to see through the dark and her athletic skills and take the people above ground to take back their cities.",Main Universe,Heroes,,,The Drones,34,See through the Dark
Eliteverse-Heroes-Villains-T,Blane Markus,blane-markus,Night Shifter,Individual,published,"Blane was one of the most popular people of his school before his mutation. Always wanting to return to his lifestyle, Blane now a part of the Drones because of his mutation and powers, travels through the upper city to watch over his old peers and family members.",Main Universe,Heroes,,,The Drones,34,Teleportation
Eliteverse-Heroes-Villains-T,Aine Mills,aine-mills,La Capture,Individual,published,"Abilities: Able to trap life forms into inanimate objects

With a unique ability, Aine who also goes by La Capture came from France in search of the Dark Seer to join her team. Knowing of her purpose in life, Aine knew of no other way in life but to fight against those that didn’t want her or others like her around.",Main Universe,Heroes,,,The Drones,16,
Eliteverse-Heroes-Villains-T,Deboie’ Hisani,deboie-hisani,Reginald Deboie’,Individual,published,"Deboie was one of the most deferred soldiers in the Soviet army. His brute strength granted him a place among Elite Force members of his group and could cause him to be placed among the first in fights. Once his mutation caused him to grow incredibly, Deboie left Russia in search of The Drones believing they could help him return to normal. However once at their location Deboie would quickly learn that he was stuck the way he was and that his only home was with the Drones.",Main Universe,Heroes,,,The Drones,38,Giant Muscled Body; Enhanced Strength
Eliteverse-Heroes-Villains-T,Yin Lo Chow,yin-lo-chow,Whisper,Individual,published,"Age: Uknown

Yin Lo Chow never knew life outside of the Under City however it didn’t stop him from researching the world. Yin Lo Chow since he was a child could always learn every language he heard and watched on TV.",Main Universe,Heroes,,,The Drones,,Can speak any language
Eliteverse-Heroes-Villains-T,Shira Dome,shira-dome,Silent Death,Individual,published,"Abilities: Releases an instant killing disease from her body

Unlike her fellow members of the Drones, Shira is very beautiful uses her looks to help get her brethren things like food, clothing, and other materials to make their lives comfortable. Because of her disease like powers, Shira doesn’t want to take the risk of hurting others unless it means protecting her family in the Under City.",Main Universe,Heroes,,,The Drones,28,
Eliteverse-Heroes-Villains-T,Mitchell Wu,mitchell-wu,,Individual,published,"Born in Under City, Mitchell Wu’s parents were killed when upper city bank robbers mistakenly killed them during a bank heist. Now at the age of 8, Mitchell has developed a unique appearance mostly making his body mud like appearance. His body is able to stretch like liquid and create cement like puddles under objects.",Main Universe,Heroes,,,The Drones,8,Mud like body; Mud like puddles
Eliteverse-Heroes-Villains-T,Armstrong,armstrong,Mr. Hyde,Individual,published,"Armstrong was a gentle scientist that hated being picked on and wanted to make a way to become stronger. He used several chemicals together to make a potion that would make him more powerful, faster, and smarter which in return would turn him into a giant creature with little human emotions. Although he got all of the compounds that he wanted to get, it caused a mutation that didn’t agree with Armstrong’s original plan of fitting in. He went into hiding joining the Drones in the process.",Main Universe,Heroes,,,The Drones,33,Transforms between brute giant muscled demon; Scientist
Eliteverse-Heroes-Villains-T,Genita Villub,genita-villub,Sion,Individual,published,Genita’s body is made of pure electrified neon that allows his body to glow intensely. Because of the negative energy that makes his body glow caused children in his school to get headaches. Genita was shipped to SAA by his parents however along his arrival the same thing happen there causing him to run away to Under City and become a part of The Drones.,Main Universe,Heroes,,,The Drones,29,Glowing body due to neon energy
Eliteverse-Heroes-Villains-T,Belkrow Ridge,belkrow-ridge,Sonic Wave,Individual,published,"Belkrow Ridge appears as a normal human with weird signs around his body until one day while angered at school. Belkrow released a wave of sonic energy that nearly killed all the students in his school. To stop himself, Belkrow left to the Under City where he became a part of The Drones.",Main Universe,Heroes,,,The Drones,28,Sonic Energy
Eliteverse-Heroes-Villains-T,Desdia Buggum,desdia-buggum,Spark,Individual,published,"Desdia has always been known in the Under City because of her special abilities. Her abilities are similar to fireworks and illuminating flashes in the sky. Her birthday is July 4th and during her birth, the sky lit up like a celebration.",Main Universe,Heroes,,,The Drones,19,Illuminating abilities; Firework like powers
Eliteverse-Heroes-Villains-T,Kindley Tetrum,kindley-tetrum,,Individual,published,"Always outcast because of his dinosaur like appearance, Kindley is a super powered human that has great agility and sharp claws.",Main Universe,Heroes,,,The Drones,7,Dinosaur appearance; Sharp claws
Eliteverse-Heroes-Villains-T,Cala Benjamin,cala-benjamin,Stalker,Individual,published,"Cala joined The Drones after looking around the world to only find out her mother, also a super-human died because of her appearance. Wishing to bring the world to justice, Cala knew her place was in Under City amongst others like herself. She became Stalker after she learned she could know where everyone was located just by knowing their face and name. As she grows older, her abilities allow her to sense things around her and even go to the lengths of blocking out mental attacks on her mind.",Main Universe,Heroes,,,The Drones,27,Hyper Sensing
Eliteverse-Heroes-Villains-T,Zayden Green,zayden-green,Beast Man,Individual,published,"Abilities: Giant bulky scaly beast like boy w/sonic blasts

Zayden was born in the Under City with no parents by his side, because of his look he has since only been in the Under City often going to the upper side of the world when the others need his strength and abilities to get food and fight battles. Because of his eyes, Zayden also called Beast Man only can appear at night.",Main Universe,Heroes,,,The Drones,16,
Eliteverse-Heroes-Villains-T,The Elementals,the-elementals,,Team,published,,Main Universe,Teams,,,,,
Eliteverse-Heroes-Villains-T,Tay Woods,tay-woods,Aqua Teen,Individual,published,Tay Woods was raised by creatures of the forest in Africa. No one knows much of where his parents are or how he came to come about the lifestyle he is in. Tay learned of his abilities after being approached by Ned & Vendra during one of their exhibitions searching for others capable of joining their team. He would then take on the name of Aqua Teen because of his water abilities.,Main Universe,Heroes,,,The Elementals,18,Power over water; Ability to talk to animals
Eliteverse-Heroes-Villains-T,Ned Cohen,ned-cohen,Earthshaker,Individual,published,"One of the Elementals, Ned Cohen has always been a brute individual whose personality has caused many to believe him to suffer from bi-polar disorder. To contain his abilities, he wears armor and calls himself Earthshaker.",Main Universe,Heroes,,,The Elementals,33,Power over the Earth
Eliteverse-Heroes-Villains-T,Vendra Poro,vendra-poro,Firestarter,Individual,published,"Vendra has always been angry, especially as a child, one cry would burn down her house. Vendra was then sent away where she learns how to control her abilities through the help of psychics. She joined the Elementals in hopes to take vengeance on her family for sending her away.",Main Universe,Heroes,,,The Elementals,23,Pyrokinesis
Eliteverse-Heroes-Villains-T,Christofer Maxendius,christofer-maxendius,Element Man,Individual,published,"Born on a distant planet near the Triton galaxy, Christofer Maxendius came to Earth looking for a magical jewel that could save his world from an invasion. However unable to find the jewel on his own, he enlisted several powerful Descendants and named them the Elementals with his own name Element Man.",Main Universe,Heroes,,,The Elementals,,Eye Beams; Enhanced Strength; Flight
Eliteverse-Heroes-Villains-T,The Entity,the-entity,,Team,published,"Siblings to the Star Watchers and children to the Primordial Ones, they are the personification of their respective titles such as Destiny, Death, Time, etc.",Main Universe,Teams,,,,,
Eliteverse-Heroes-Villains-T,Destiny,destiny,,Individual,published,Destiny represents the power that can create decisions based off of limitless actions. Destiny appearing as a woman covered in a flowing robe holding a libra scale. Possesses the unique abilities to no someone’s action before they take it without being thwarted by a sudden change in the person’s next or otherwise unplanned risk. She is one of the members of a family known as The Entity.,Main Universe,Heroes,,,The Entity,,Control over destinies
Eliteverse-Heroes-Villains-T,Death,death,,Individual,published,"Probably the most powerful being of her siblings. She made a remark that “after all is said and done, I will take even The Ultimate Power and his first children to their graves and only I will remain in existence”. With this bold statement, many believed that because of her title, she not only take beings to their respected afterlife but as well take exists during the first death and will be in existence until the last death. Although she can’t die, she can feel pain as seen in Chapter 14 while battling the demon Narxus. Her parent, like many of her siblings are unknown, probably because the only shared link to them is that she refers to The Ultimate Power as her sibling too while considering the other Entities as her siblings. The final chapter, Chapter 100 states she was born from nothing alongside The Ultimate Power, however because of the limitless creation stories of who created her could go on forever, it is often less implied.",Main Universe,Heroes,,,The Entity,,Control over Death
Eliteverse-Heroes-Villains-T,Mother Time,mother-time,,Individual,published,"Some what of a foreseer, Mother Time bare the resemblance of a hippy woman dressed in bells and sparkling crystals, while smoking what appears to be a firey comet. Her appearance is inspired by the fact that time is repetitive and shares culture with things that otherwise doesn’t exist in time itself. Although a powerful foe, her existence isn’t as enduring as her family. She is one of the youngest daughters of The Ultimate Power and wife to Father Creation.",Main Universe,Heroes,,,The Entity,,Power over Time
Eliteverse-Heroes-Villains-T,Life,life,,Individual,published,"His birth timeframe in the universe is unknown as he would have been born at the creation of his elder siblings Dark and Light or even The Ultimate Power itself. Life stated that he existed at the time of the Ultimate Power’s creation however this has been contradicted stating that his creator created him to give birth to the next creator. Which story is true, is unknown, however it is written and foretold that he along with Death are going to outlast even The Ultimate Power.",Main Universe,Heroes,,,The Entity,,Power over Life
Eliteverse-Heroes-Villains-T,Father Creation,father-creation,,Individual,published,"Believed to be one of the first 7 children of The Ultimate Power, Father Creation boasts the powers over all creation, everything within and outside of it is in his utter control. His main goal is to ensure that existence stays in tact. His main enemies are the direct children of Belckus and Belckus himself. When all in existence cease to be, Father Creation will be the remaining being, some believe that he and his siblings Death and Life will be the only three remaining even if the Ultimate Power dies.",Main Universe,Heroes,,,The Entity,,Power over Creation
Eliteverse-Heroes-Villains-T,Rêve,rêve,,Individual,published,"Existing long before mankind, Reve was created during the first imagination of the Ultimate Power. From his words, Reve came to life and was one of the 7 beings in existence. It is speculated that in his kingdom all dreamers go to, his castle lies above the Dreomede.",Main Universe,Heroes,,,The Entity,,Power over Dreams
Eliteverse-Heroes-Villains-T,The Generals,the-generals,,Team,published,,Main Universe,Teams,,,,,
Eliteverse-Heroes-Villains-T,Layton Brandon Sr,layton-brandon-sr,Earth General,Individual,published,"During the great Britain war, he was one of Elite Force generals that help protect Britain from its enemies. No one knew that he attempted this feat through superpowers. Before his final battle, Layton married and had a son name Layton Brandon Jr.",Main Universe,Heroes,,,The Generals,62,Power over the ground
Eliteverse-Heroes-Villains-T,Sindia Ogon,sindia-ogon,Air General,Individual,published,"Sindia was one of the only female Generals, brought up as a fighter and an army brat. Sindia became the Air General after discovering her unique abilities to control the winds.",Main Universe,Heroes,,,The Generals,66,Power over Wind
Eliteverse-Heroes-Villains-T,Asheed Balcom,asheed-balcom,Fire General,Individual,published,"Asheed was one of the most formable allies of the Generals, serving as one of them for years, Asheed retired during the early 70s. He continues to fight however not as much.",Main Universe,Heroes,,,The Generals,70,Power over fire
Eliteverse-Heroes-Villains-T,Calcum Totrum,calcum-totrum,Ocean General,Individual,published,"Calcum along with his allies, the Generals, fought to save the world after the great World War 2. After retiring at the age of 58, Calcum was known as the Ocean General among his peers.",Main Universe,Heroes,,,The Generals,59,Power over water
Eliteverse-Heroes-Villains-T,The God's Club,the-gods-club,,Team,published,,Main Universe,Teams,,,,,
Eliteverse-Heroes-Villains-T,Ambel Page,ambel-page,Roswin,Individual,published,"During the battle of the Elite City Union Force against Descendants in the city, Ambel was the first in command over a team called the Black Phoenix and from them he led them into battle against the government. He fought them until his final breath, through the use of black magic he was brought back to life to defend his cause yet again this time under the power of the God’s Club as Roswin.",Main Universe,Heroes,,,The God’s Club; The God's Club,42,Able to increase mass
Eliteverse-Heroes-Villains-T,Santel Rice,santel-rice,Sindet,Individual,published,"Santel was a great writer that spoke of an upcoming war in his books. He stated that the war would last for almost 3 years and many would die. For years many people thought it to be fiction and adored his work; however no one knew that he was channeling the mind of an oracle at a nearby mountain top known as Melphi. After the first battle against the Elite City Union Force, people begun thinking he was predicting the future or causing the events to happen.",Main Universe,Heroes,,,The God’s Club; The God's Club,35,Abnormal physical attributes Telepathy Telekinesis Animation; Powers
Eliteverse-Heroes-Villains-T,Synthia Silon,synthia-silon,Diamond Rage,Individual,published,"Abilities: Flawless diamond form impervious to destruction or emotion

Synthia shared the soul with two brothers named the Sun Twins through a cursed by Bewithia. The curse came about when she came across Bewithia torching her village for not worshipping her. Synthia used her powers to stop Bewithia but not without a price, to share her mind and soul with two others that denied Bewithia’s wrath in another city. Synthia joined The God’s Club in hopes to find a way to rid the curse and to stop the Elite City Union from imprisoning Descendants.",Main Universe,Heroes,,,The God’s Club; The God's Club,30,
Eliteverse-Heroes-Villains-T,The Hell's League,the-hells-league,,Team,published,,Main Universe,Teams,,,,,
Eliteverse-Heroes-Villains-T,Inga Old,inga-old,Screech,Individual,published,Inga was abducted at a young age to be apart of the Russian gang The Hell’s League. She found out that her ability to create high pitch and explosive sound blasts from her screams allowed her to be a formable foe. Inga would become Screech and as time progress would receive gray hair and a somewhat banshee like appearance mostly because of the sonic rays going through her body.,Main Universe,Heroes,,,The Hell’s League; The Hell's League,24,Sound Blasts
Eliteverse-Heroes-Villains-T,The Immortals,the-immortals,,Team,published,,Main Universe,Teams,,,,,
Eliteverse-Heroes-Villains-T,Jason Myers,jason-myers,Blue Omega,Individual,published,"Jason Myers died during the 18th century while robbing a house of lords. Because of his leadership, Jason was revived from the dead by Michael Onon hoping that he could continue his leadership over a new army. Michael endowed Jason with the abilities to shoot Energy Beams from his hands while also bearing immortality through a ring.",Main Universe,Heroes,,,The Immortals,358,Blue Energy Beams; Immortality
Eliteverse-Heroes-Villains-T,Michael Onon,michael-onon,Soul Master & King of Hell,Individual,published,"Michael Onon was one of the 7 demons that could come to the living once a year during the 31st of October to collect souls so that they can revive their father “Belckus”. During many attempts, Michael eventually got fed up with serving someone else so once Michael was on Earth on Halloween, he revived several powerful leaders and used their original souls to stay alive. In Chapter 12, Michael revived Oken the most powerful demon in Hell and used his abilities to become immortal and ruled the underworld.",Main Universe,Heroes,,,The Immortals,,Power Enhancing; Soul Controlling; Immortality
Eliteverse-Heroes-Villains-T,Nex Bixtrax,nex-bixtrax,The Black Scorpion,Individual,published,"While on her rampage throughout southern Europe and most of Africa, Nex was one of the most feared people in the world at that time, she was responsible for the death of several powerful leaders including King Tut. She ruled over thousands by taking over their kingdoms. She was ambushed by her followers and murdered; she was revived by Michael Onon in hopes to join his army. Once revived she was given the abilities to control the dead.",Main Universe,Heroes,,,The Immortals,1600,Power over the dead
Eliteverse-Heroes-Villains-T,Kevin Blackwell,kevin-blackwell,Night Killer,Individual,published,"In 1901, Kevin Blackwell was considered one of the worlds most feared serial killers, going through several names including Jack the Ripper in London. He was born to a hostel living and watched his father kill his mother and brother while killing himself. Kevin grew up knowing only how to kill and never to love and so he adopted the name Night Killer because of his tactics to kill throughout the night. Kevin killed several security guards while on watch and was later killed that same night in 1931 at the age 59. Michael revived Kevin and provided him with one of the most deadly abilities which was called the death touch, the ability to touch anything killing it instantly.",Main Universe,Heroes,,,The Immortals,110,Death Touch
Eliteverse-Heroes-Villains-T,Calsius Dines,calsius-dines,Slave Master,Individual,published,Calsius Dines was one of several slave owners who were killed during the 1800s raid that made headlines in Southern USA. His death brought much attention to ending slavery and providing equal opportunities to take place. Michael knew of Calsius’s ability to command others and thus gave him great power over Mind Control.,Main Universe,Heroes,,,The Immortals,2011,Mind Control; Limited Telepathy
Eliteverse-Heroes-Villains-T,Victor Pride,victor-pride,Acero,Individual,published,"Victor Pride was one of the most powerful people in the 1700 and before his death one of the most feared as well. It was believed that his troops discovered a great oil mine that could make him one of the richest men in the world however the mines collapsed on him and his troops. Michael found Victor’s corpse and revived him and gave him the ability to control metal & steel objects. In the year 2020, Victor became one of the most powerful Descendants alive and contained a army more powerful than Elite Force named the Almante.",Main Universe,Heroes,,,The Immortals; The Almante,346,Power over Metal; Steel; Flight; Limited Telepathic abilities
Eliteverse-Heroes-Villains-T,Disca Reeds,disca-reeds,Diamante,Individual,published,"Disca was the mistress of many leaders during her time, after killing each of them to gain control over their fortunes, Disca finally met her own fate by the hands of one of her step-children. Disca became the second person that was revived by Michael. Disca joined the Royal Family after the separation of the Immortals in hopes to continue her reign of power. At this point she took upon the Italian name, Diamante.",Main Universe,Heroes,,,The Immortals; Royal Family,648,Diamond structure body; Diamond shards
Eliteverse-Heroes-Villains-T,Jisabo Haynes,jisabo-haynes,Strong Man,Individual,published,"Jisabo was considered one of the strongest men alive, before his death, he could lift mountains if he wanted and was considered a Abnormal before the name was justified 200 years later. Jisabo was revived by Michael as the final piece of the Immortals and given immortality and enhancing his strength. In 2016, Jisabo now called Strong Man joined the Circus Family in hopes to live amongst others that care for him and leave the destructive life behind him.",Main Universe,Heroes,,,The Immortals; Circus Family,700,Enhanced Strength; Invincibility; Immortality
Eliteverse-Heroes-Villains-T,The Justice Knights,the-justice-knights,,Team,published,,Main Universe,Teams,,,,,
Eliteverse-Heroes-Villains-T,Baemen Sticks,baemen-sticks,Wonder Man,Individual,published,"Baemen Sticks was born in the mediaeval times and was killed in a violent war. Brought back to life by a powerful wizard that died shortly after to assist in the battle of the angels and demons, Baemen now known by his fans & peers as Wonder Man. Was given the Magical Sword & Shield of the gods to protect mankind and stand up against the dark forces that was challenging the world. He created and leads the Justice Knights.",Main Universe,Heroes,,,The Justice Knights,703,Magical Sword; Shield
Eliteverse-Heroes-Villains-T,Blur Rad,blur-rad,Diamond Boy,Individual,published,"Blur Rad was born in a small island off of the new Delphi. He was both highly intelligent and could turn his body into harden diamond. Known for awhile as the Man of Iron, Blur officially adopted the name of Diamond Boy when he was 16 and kept it since. He protects his village from harm and occasionally assists in fights with The Justice Knights.",Main Universe,Heroes,,,The Justice Knights,18,Diamond hard body
Eliteverse-Heroes-Villains-T,Sage Starter,sage-starter,Romen,Individual,published,"Sage Starter has been loyal to his country since the early 1400s. During his last battle he was killed and he was buried where now a church in his honor stands. Through a powerful wizard that is now dead, Sage came back to life now known as his hero name Romen and weilds the Magic Armor & magical weapons and is apart of the Justice Knights.",Main Universe,Heroes,,,The Justice Knights,611,Magical Armor; Magical Weapons
Eliteverse-Heroes-Villains-T,David Arnold,david-arnold,Light Racer,Individual,published,"David Arnold was one of the most athletic guys in his high school and even in college and most thought him to be abnormal. He would then join the national football league however was dispelled after word got out about his abilities over light which allows him to travel at speeds faster than anyone on the planet. After being cast out of society, David would become Light Racer and would join the Justice Knights where he felt he would be needed and no cast out.",Main Universe,Heroes,,,Justice Knights; The Justice Knights,20,Speed
Eliteverse-Heroes-Villains-T,Trance Lee,trance-lee,Golden Justice,Individual,published,"During the great war of North and South Korea, Trance Lee was one of the suspected spy of the opposing country. Outlawed and hunted down to be killed by both countries, Trance realizes he was framed and set out on a mission to find those responsible. On one of his missions he finds a magical artifact in Cairo, Egypt that granted him with a powered golden armor. With this armor he would be granted eternal youth, the gift of flight, and highly intelligent weaponry. In another mission he would go by the name Golden Justice and join the Justice Knights.",Main Universe,Heroes,,,Justice Knights; The Justice Knights,180,Golden Armor with enhanced intelligence; Flight; Weaponry; Eternal youth
Eliteverse-Heroes-Villains-T,Redge Arnamen,redge-arnamen,Fire Blade,Individual,published,"In the year 1621, Redge Arnamen fought bravely in the war against the demons that was plaguing his village. A year later he met his death by the hands of the demon army’s leader. In the year 2011, Redge was brought back to life and was tought about the new world and how to survive in it. For his bravery in 1600, Redge would be honored the Sword of Volcanoes and the indestructible armor of the gods. Later that same year the mysterious force that revived him brought him to meet several other knights called the Justice Knights.",Main Universe,Heroes,,,Justice Knights; The Justice Knights,501,Sword made of fire; Fire proof armor
Eliteverse-Heroes-Villains-T,Jane Vines,jane-vines,Rainbow Scarlet,Individual,published,"Born on the island of Invasia, Jane was born of great Invasian descent and bore favoritism from her gods. When her home world was overrun by an army of shadows. Jane invoke the help of the gods to provide her with the necessary means to defeat her opponents. She was given a magical lasso that could bind anything magical while a magical pole could extend to the heavens. Her cape protected her from attacks and her skin was bullet proof. Jane would meet with the Justice Knights and join their ranks as she felt she needed their assistance to defeat her opponents.",Main Universe,Heroes,,,Justice Knights; The Justice Knights,25,Extensible cape; Pole; Magical lasso
Eliteverse-Heroes-Villains-T,The Lights,the-lights,,Team,published,,Main Universe,Teams,,,,,
Eliteverse-Heroes-Villains-T,Misha Jones,misha-jones,Light Girl,Individual,published,"Running away from home at 12, Misha Jones would find herself coming into a battle with death. Several guys came in contact with Misha, raped her and burned her body to ashes. From that moment, Misha came back from the ashes with a burst of light and killed the men that killed her and would then use her abilities to protect other women in violent situations under the name of Light Girl.",Main Universe,Heroes,,,The Lights,31,Power over Light; Regeneration
Eliteverse-Heroes-Villains-T,Council of Light,council-of-light,The Lights,Individual,published,"Age: Older than time

Created from the gods before all else, The Lights are powerful metamorphic beings that rule over all time and would later take the place of the gods after the great war. Their first human which they use to defend their new world “Earth X” from dark forces was Misha Jones as Light Girl. They are often seen as beings of pure light with voices that can cause earthquakes.",Main Universe,Heroes,,,Light Girl; The Lights,,Power over Light; Life
Eliteverse-Heroes-Villains-T,Vondra Hikes,vondra-hikes,Mistress Von,Individual,published,"Serving as one of the many members of The Lights, Vondra Hikes until she came to Earth was a political figure amongst her race. Making decisions for mankind and deciding the future of billions. When she rebelled against the others because she believed the world below deserved to make their own decisions, she became a fighter against The Lights and for some time would join SAA.",Main Universe,Heroes,,,The Lights; SAA,,Power over Light
Eliteverse-Heroes-Villains-T,Arny Stage,arny-stage,The One,Individual,published,"Arny Stage has been for his entire life as the most sought out being on the planet because of his unique ability to cancel any ability on the planet. Dressed in all white with decorative symbols around his body, Arny also known as The One has since been considered the most powerful Abnormal reaching ranks pass that of a High Level being all at the age of 5 years old. For his protection, Arny has been sealed away in a locked dimension where no one knows of his existence.",Main Universe,Heroes,,,The Lights,5,Power Negation
Eliteverse-Heroes-Villains-T,The Lowers,the-lowers,,Team,published,,Main Universe,Teams,,,,,
Eliteverse-Heroes-Villains-T,Matt Lower,matt-lower,Dr. Frost,Individual,published,"Matt Lower and his family have been giving special powers through an experiment that would help them against a group of terrorists that wish them dead. In 1989, Matt and his family went on a journey in South Russia to visit several of his college peers. His children witness several men killing some exchange students and were seen by the men and were threaten. Running from these men ever since, the Lowers grew tired of running and Matt devised a plan to stop the men and anyone from threatening them. Matt and his lab partner begun using minerals to build a weapon that would give them a fighting chance. Unbeknownst to him, Matt would give his family super powers in the process.",Main Universe,Heroes,,,The Lowers,43,Ice Breath; Touch can turn anything into Ice
Eliteverse-Heroes-Villains-T,Lydia Lower,lydia-lower,Majestic Girl,Individual,published,"Wife of Matt Lower, Lydia Lower was given the unique ability to others abilities and use them as her own temporarily which came in handy when defended herself against stronger opponents. (read Matt Lower for more information on history)",Main Universe,Heroes,,,The Lowers,38,Body Mimicry
Eliteverse-Heroes-Villains-T,Dola Lower,dola-lower,Platinum,Individual,published,"Daughter of Matt Lower and Lydia Lower, Dola Lower could touch any steel object and control its substance; if the object was bigger she could get bigger and vice versa. She could enhance her strength, weight, height, and see through anything that was steel and sometimes metal. Unlike her family she doesn’t like their new life and wishes to return to her normal lifestyle with her friends and going to school instead of being homeschool and fighting crime.",Main Universe,Heroes,,,The Lowers,16,Absorb different forms of Steel
Eliteverse-Heroes-Villains-T,Stirn Lower,stirn-lower,The Phantom,Individual,published,"Considering his abilities and what his family does cool, Stirn Lower has had many faults in his life and was for a moment considered the loner of the family. Stirn also called The Phantom can levitate himself and the things around him using limited Focus Levitation. To some resources, his abilities are considered the strongest mostly because he practices more with his powers than his family does.",Main Universe,Heroes,,,The Lowers,15,Focus Levitation
Eliteverse-Heroes-Villains-T,The Mentals,the-mentals,,Team,published,,Main Universe,Teams,,,,,
Eliteverse-Heroes-Villains-T,Herbie Oshcock,herbie-oshcock,Mimic,Individual,published,"Herbie has always been a pushover to everyone that met him even while in school. However now that he has grown into his powers as a mimic telepath, Herbie is now more powerful and much feared amongst his peers. At one time in his life, Herbie was a member of The Mentals and used his abilities to create mindless soldiers. Later in life after the fall of the Army of Chaos, Herbie becomes a member of the Circus Family.",Main Universe,Heroes,,,The Mentals; The Immortals; Circus Family,43,Mimic Telekinesis
Eliteverse-Heroes-Villains-T,Kinda Jockae,kinda-jockae,Empath,Individual,published,"Kinda Jockae could always know when someone was hurt or was sad through the use of her Empathy. During her years as a social worker, Kinda discovered her abilities and started to go by the name Empath to help others in need of her assistance. She would then join The Mentals in hopes to further develop her talents and help out people on a wider scale.",Main Universe,Heroes,,,The Mentals,28,Empathy
Eliteverse-Heroes-Villains-T,Sondra Elitae’,sondra-elitae,Mesmerize,Individual,published,"Age: 91 (appears 26)

Sondra Elitae’ died during the early 1900s due to a head trauma caused by skiing. In the late 90s, Sondra was said to have been seen by a local school boy who described her as being dressed in white covered in what appeared to be clouds and floated across the ground like an angel. While in her induce coma like state, Sondra reached a mental level where she could transport her body to another plane known as Dreomede. There she met another mental that could bring dreams to reality and the two started The Mentals. With their combined efforts they returned to Earth only in spirit form trying to get enough dreams to become alive again.",Main Universe,Heroes,,,The Mentals,,Telepathy; Can control dreams
Eliteverse-Heroes-Villains-T,Dao Gow,dao-gow,Hypnos,Individual,published,"Age: 67 (appears 34)

Dao Gow was punished to a place of nightmares because of his dark magic. However he vowed that one day he would come back to the land of the living and place everyone into a coma state controlling them through their dreams. To cover up his plan he created The Mentals and made them appear as heroes protecting others while draining everyone they save of their dreams. This plan however was unknowingly to Empath & Minerva.",Main Universe,Heroes,,,The Mentals,,Turn dreams real
Eliteverse-Heroes-Villains-T,Sara Blink,sara-blink,Minerva,Individual,published,Often mistaken to be the descendent of the goddess of the same name. Sara Blink also known as Minerva has the ability to see into the future and predict it accurately which caused her to be sought out by some of the world’s most powerful forces. She would then hide away at SAA to only leave months after her arrival to a secluded location known as the new Delphi. Minerva joined The Mentals because of their similar abilities and was considered the replacement to Oracle.,Main Universe,Heroes,,,SAA; The Mentals,26,Foresight
Eliteverse-Heroes-Villains-T,The New Generals,the-new-generals,,Team,published,,Main Universe,Teams,,,,,
Eliteverse-Heroes-Villains-T,Layton Brandon Jr,layton-brandon-jr,General Earth,Individual,published,"Following in his father’s footsteps, Layton Jr. knew of his duty of leading the new age version of the Generals and making sure that Britain and most of Europe was being protected from outside threats. His daughter showcased similar attributes as he do.",Main Universe,Heroes,,,The New Generals,26,Power over the Ground
Eliteverse-Heroes-Villains-T,The New World,the-new-world,,Team,published,,Main Universe,Teams,,,,,
Eliteverse-Heroes-Villains-T,Amber Ildriegch,amber-ildriegch,Skirtingų,Individual,published,"Abilities: Blackouts of which she gets another personality that gives her superhuman strength

Amber Ildriegch was found next to her girlfriend’s dead body who was murdered the night before while they both were sleeping. Amber believes she was saved because she was the one that killed her girlfriend that night. She explained the story to the police and later to New World group and it was confirmed that it’s her abnormal abilities which causes her blackouts and the death of her girlfriend.",Main Universe,Heroes,,,The New World,29,Speed; Intelligence; Giant wings; Poisonous spit; Burning light
Eliteverse-Heroes-Villains-T,Sarah Coleman,sarah-coleman,Gėjų,Individual,published,"Sarah Coleman worked at a camp when her friend’s daughter died in a lake on her watch; she encountered Soulman taking the little girl’s soul to the afterlife when she started to attack it using her abilities. This made her realize that she has a unique ability and after failing to get the girl’s soul back, she made a promise to herself and others that she was going to protect others at all cost, as a openly accepted lesbian, she knew it mostly meant for her to protect others that were different believing they were in the most danger so she joined the New World group.",Main Universe,Heroes,,,The New World,35,Can shoot black; Blue lazer beams from her fists; Eyes; Superhuman strength
Eliteverse-Heroes-Villains-T,Jayden Humoge,jayden-humoge,Rей,Individual,published,"Abilities: Releases it as massive waves of attacks

During gay pride in Century City 04’ Jayden Humoge learned that during a fight he experienced his first abnormal outbreak. So freighten by his supernatural abilities, Jayden ran away from home and was founded by a guy who befriended him and the two became boyfriends. His friend told him that he was special and that there was a group of people just like him that he should joined. He would come across the New World group and join their ranks after seeing what they were capable of.",Main Universe,Heroes,,,The New World,18,Absorbs energy; Superhuman strength; Speed
Eliteverse-Heroes-Villains-T,Prenda Holmes,prenda-holmes,Olika,Individual,published,"Abilities: Releases black rubber like structure from her hands; Can use her body like a rubberband

Prenda Holmes is Litan’s right hand woman, a lesbian herself, she knows how her sexuality can cause hatred among others including her own family so she joined Litan on his mission to protect people who are usually hated and outlawed because of their sexualities.",Main Universe,Heroes,,,The New World,28,
Eliteverse-Heroes-Villains-T,Litan Armstrongham,litan-armstrongham,Ruzne’,Individual,published,"Leader of the New World group, Litan also known as Ruzne’ leads this group of gay vigilantes across the world protecting individuals whom have been attacked or cast out of their societies because their differences mostly sexualities. He formed the group in the late 90s and has since brought them to dominance in some countries including the U.S and the U.K. with several of their more prominent members being on most of their missions.",Main Universe,Heroes,,,The New World,33,High pitched screams; Sonic blasts
Eliteverse-Heroes-Villains-T,The Ninjas,the-ninjas,,Team,published,,Main Universe,Teams,,,,,
Eliteverse-Heroes-Villains-T,Alala Benjamin,alala-benjamin,Lady Ninja,Individual,published,"Alala is one of the most athletic girls in her school; she is the leader of the cheerleader squad, first girl to be in the football league, basketball champion, and class president. However one day she realizes that she haves natural acrobatic abilities that helps her to become Lady Ninja by 2020.",Main Universe,Heroes,,,The Ninjas,16,Enhanced Psychical skills
Eliteverse-Heroes-Villains-T,Bret Willis,bret-willis,Master Ninja,Individual,published,"Alongside Kitana, Bret was at the school under the training of a martial artist. He developed the unique ability to throw energy powered stars that would explode when it touches a solid object. Like Kitana he too grew up in a boring lifestyle and wanted more and left after high school to become a fellow ninja. He often leads the group The Ninjas.",Main Universe,Heroes,,,The Ninjas,22,Enhanced Acrobatics; Ninja Like skills; Longevity; Energy throwing stars
Eliteverse-Heroes-Villains-T,Kitana Arnold,kitana-arnold,Lady Kitana,Individual,published,Kitana was born in the late 1980s to a farmer and actress. She always knew that she was meant for more than just going to school and working on her dad’s farm. One day she ran away from home and left for New York where she met a skilled martial artist that taught her how to protect herself. While in NYC she came across a witch that cursed her with the abilities of a ninja.,Main Universe,Heroes,,,The Ninjas,21,Enhanced Acrobatics; Invisibility; Ninja like techniques
Eliteverse-Heroes-Villains-T,Danielle Jane,danielle-jane,Dapple,Individual,published,"Danielle Jane is a skilled martial artist, she has developed a high mental awareness of everything she comes in contact with her and for a while worked alongside The Ninjas. After discovering that she could become any known object by thinking of it, Danielle became known as Dapple and joined The Shifters to better improve her new gift while also working at times with the Ninjas.",Main Universe,Heroes,,,The Ninjas; The Shifters,27,Shapeshifting; Skilled martial arts
Eliteverse-Heroes-Villains-T,Bill Lender,bill-lender,Chi Master,Individual,published,"During his moments at Bel Air high, Bill Lender became confident in the fact that he has known to learn his abilities to sense someone’s chi and use it against them. After graduating, he went on a mission to train with the Ninjas and later join those fighting demons that escape Hell. In the future it has been foretell that Bill would become a powerful Chi Master that could destroy people by destroying their chi.",Main Universe,Heroes,,,The Ninjas,18,Sensing; Using Chi on others
Eliteverse-Heroes-Villains-T,The Originals,the-originals,,Team,published,,Main Universe,Teams,,,,,
Eliteverse-Heroes-Villains-T,MeMe Vasquez,meme-vasquez,Memiliki,Individual,published,"Abilities: Has the ability to take control of others bodies by making contact or being within proximity to them

Meme has been called a mischief her entire life and in her own words “just because I’m 40 doesn’t mean I have to stop having fun” uses her abilities to steal identities and shares some similarities to many comic villains in the fact that she appears sweet and innocent at first look until she finds an opportunity to take advantage of an situation. She was once part of the team The Originals until the team disbanded in 2011.",Main Universe,Heroes,,,The Originals,40,
Eliteverse-Heroes-Villains-T,Killip Hardrow,killip-hardrow,Haiwan,Individual,published,"Abilities: Has the ability to transform into humanoid versions of a bat; Or an amphibian of some kind. In these transformed states he is also able to take on the traits of these animals

Killip is a descendant of the Elitshians and uses one of their items called The Rishwod (a device that can detect special beings, including meta-humans) provided to him by his father before his death. Killip used this device to search for others like himself, thus finding the other members of his new team the Originals. However because of their differences, the group disbanded in 2011. Killip became Haiwan and worked as a teacher at SAA in the Transfiguration department. The item is kept in SAA library of Abnormal events.",Main Universe,Heroes,,,The Originals,39,A wolf; Such as flight; Enhanced smell
Eliteverse-Heroes-Villains-T,Minya Wavus,minya-wavus,Warp,Individual,published,"Abilities: Subconsciously chooses the best course of action for herself from these possibilities

Minya Wavus has been an agent of numerous teams including The Originals until their disbandment in 2011 and before the group she has been a part of The Immortals until their missions grew to dark for her and other groups including Elite Force 4.",Main Universe,Heroes,,,The Originals,38,Can psionically view multiple possible timelines
Eliteverse-Heroes-Villains-T,The Outcasts,the-outcasts,,Team,published,,Main Universe,Teams,,,,,
Eliteverse-Heroes-Villains-T,Bishop Onald,bishop-onald,Sacrum,Individual,published,"During his years as part of the Regenegade, Bishop was considered to always have been an outcast because of appearance and hatred toward mankind. Bishop became Sacrum and begun using his abilities to terrorize neighborhoods. He joined the Outcasts under the lead of Jorul.",Main Universe,Heroes,,,The Outcasts,31,Enhance Durability; Agility; Bone like spikes from body
Eliteverse-Heroes-Villains-T,Daniella Arnu,daniella-arnu,Magna,Individual,published,"Daniella was daughter of a priest and housewife and knew of nothing different than her religious upbringing. However one day while after school, Daniella notice a girl being beaten to death by several other girls. Mad at her god because of letting such things happen in the world, Daniella would soon go by Magna and joined Jorul as part of The Outcasts.",Main Universe,Heroes,,,The Outcasts,27,Absorbing of other Abilities; Releasing them back onto opponents
Eliteverse-Heroes-Villains-T,Tela Budrome,tela-budrome,Hitstreak,Individual,published,Tela Budrome was someone who always knew her place in the world as an asSAAsin; she worked for Lord Dupree who assigns her to kill the president in an effort for super-humans to take over. Tela serves as a part time member of The Outcasts.,Main Universe,Heroes,,,The Outcasts,29,Perfect target
Eliteverse-Heroes-Villains-T,Jorul Davidson,jorul-davidson,,Individual,published,Jorul created the Outcasts in effort to show mankind that super-humans are not to be in the background. He originally led a similar group of super-powered villians before they disbanded. Jorul first met Daniella and later Tela while on a mission through Elite City to stop the President from signing the Anti-power act of 1989.,Main Universe,Heroes,,,The Outcasts,39,Perfect Eyesight
Eliteverse-Heroes-Villains-T,Cory Bryans,cory-bryans,Ice Brigade,Individual,published,"Cory was always a hothead because he believes that he should be on top and not outcast like other super-humans. He joined Jorul during a rampage in Elite City of super-powered humans. During one of his most famous fights, Cory encountered Elite Force and at one time the Lazarons.",Main Universe,Heroes,,,The Outcasts,25,Ice
Eliteverse-Heroes-Villains-T,The Outsiders,the-outsiders,,Team,published,,Main Universe,Teams,,,,,
Eliteverse-Heroes-Villains-T,Tydarn Peterson,tydarn-peterson,Specks,Individual,published,"During his youth, Tyrell’s friends were killed while at school by a shoot out, when in rage he learns about his abilities which nearly destroy most of the school and the shooters. As one of the only few students alive, The Enforcers sent out to find him only to find no trace of his existence. At the age of 12, Tyrell now known as Specks (called at an early age by his siblings because of his unique glasses) attends SAA.",Main Universe,Heroes,,,The Outsiders,23,Eye Beams; X-Ray
Eliteverse-Heroes-Villains-T,Marvin McCoy,marvin-mccoy,Ghost Writer,Individual,published,"Pressured to finish his first book, Marvin discovered his ability to create anything from writing. Furthering his book’s inspiration and speedy release, Marvin enjoyed major success and with it the attraction of The Enforcers. Intrigued by his abilities, The Enforcers found Marvin at his hotel room on Central Island. The group tried to capture Marvin to no prevail, using his abilities to escape, Marvin traveled to SAA where he became a teacher in Computers and the Battle Room.",Main Universe,Heroes,,,The Outsiders,23,Projective Writing
Eliteverse-Heroes-Villains-T,Aliyah Grant,aliyah-grant,Motion,Individual,published,"Aliyah was a famous musician who attended the Elite City Music Academy to further her singing talents. At the time of her 2009 acceptance dinner, Aliyah was about to make her acceptance speech when a nervous breakdown caused her to give everyone  in the room a massive stroke through some form of psychic flashes to the brain. After years of hiding a way from the public eye, Aliyah returned as Motion and soon began her music career again.",Main Universe,Heroes,,,The Outsiders,29,Telepathic Speaking
Eliteverse-Heroes-Villains-T,Landon Bricks,landon-bricks,Frost Man,Individual,published,"Landon worked as a construction worker for years for his father until his father almost died from an accident. Landon used his ice abilities to rescue his father which caused him to be cast out of his family because of this. He kept in contact with his father though messages and received money from him through Western Union. For almost 7 years, Landon has since been called Frost Man and assisted with Elite Force.",Main Universe,Heroes,,,The Outsiders,29,Power over Ice
Eliteverse-Heroes-Villains-T,Lisa Black,lisa-black,Ms. Vision,Individual,published,"Lisa Black was once apart of an elite group of mentals that was watched over by Jonun & Authora. She was protected and kept a secret to be one day sent out into the battle to save mankind from the new war of the gods & supernaturals known as Mostibik. Inside of her lied the sleeping phoenix god, Viginarah and it is said with his power she would become the world’s most powerful super-human.",Main Universe,Heroes,,,The Outsiders,34,Intense Psychic Powers
Eliteverse-Heroes-Villains-T,Alexandra Hope,alexandra-hope,Sonic Wave,Individual,published,"Alexandra Hope was one of the most prominent members of her high school. She was in several clubs and on several sport teams, one day while training for soccer practice. Alexandra sprunge her leg and from the pain, she caused sonic waves to come from her hands which nearly destroyed the soccer field. From that day, Alexandra went by the name Sonic Wave from her peers. While Alexandra was hanging out with friends at a local juice bar in Elite City, she witnessed several people saving downtown from a terrible alien. She instantly knew she wanted to be a hero and so she traveled to the Tower of",Main Universe,Heroes,,,The Outsiders,20,Sonic waves from her body
Eliteverse-Heroes-Villains-T,The Recknoning,the-recknoning,,Team,published,,Main Universe,Teams,,,,,
Eliteverse-Heroes-Villains-T,Zachary Forcen,zachary-forcen,The Blackhole Demon/The Blackhole Wizard,Individual,published,"In 1967 a child in Detroit Michigan lost his parents to a mysterious phenomenon that resulted in them and several townspeople being sucked into a distant void that eclipsed the northern part of the sky. Zachary however, survived and was taken into custody with no one to believe it was him. Years later he was discovered by a secret society believed to help use him as a weapon against an opposing government society. It is believed however that Zachary can produce gaping blackholes causing the disapperances throughout most of his life including those of his family.",Main Universe,Heroes,,,The Reckoning; The Recknoning,45,Can open blackholes; Relinquish them onto numerous realities
Eliteverse-Heroes-Villains-T,The Reckoning,the-reckoning,The Reckoning,Individual,published,"Formed over hundred years ago by several masked men who have been on a hunt to find and replicate powerful objects from across the world. Some believed that they are servants to a demon. However, they each seem to act without rank and without a general command other than to find all known magical artifacts. Their base of operation is unknown but the inside is said to be a complete resemblance of the Elite Organization. They are often the enemies of most of the heroes within the Eliteverse including most importantly the E.L.I.T.E Originazation.",Main Universe,Heroes,,,The Recknoning,114,Mostly human with some Belki
Eliteverse-Heroes-Villains-T,Mandivole Henkings,mandivole-henkings,Venge,Individual,published,"A cyborg like man that was manipulated by the Reckoning as the ultimate weapon. His body was mostly damanged and was given highly advance alien tech to heal himself and provide him with enhanced strength, speed, and intelligence. He is considered an immortal because of his ability to withstands the effects of the Dugarda.",Main Universe,Heroes,,,The Reckoning; The Recknoning,54,Super strength; Longevity; Agility; Technological enhanced body parts
Eliteverse-Heroes-Villains-T,The Rifters,the-rifters,,Team,published,"United to judge those on Earth, these group of psychic teenagers were brought together by The Groners in an attempt to continue their legacy. The Rifters as called by those who know what they can do, live in a cavern surrounded by manipulated webs that serve as viewing fields for different dimensions.",Main Universe,Teams,,,,,
Eliteverse-Heroes-Villains-T,Garrick Talen,garrick-talen,Mystic Flare,Individual,published,"Abilities: Capable of seeing probabilities from different possible futures of the gods

Born in North Atlantis, the Groners took Garrick when he was a young boy because of his power to be able to see the many possible futures of immortal beings like the Gods, beings of both Heaven, Hell, and other forces beyond the mortal realm. The Groners calls him Mystic Flare because of his abilities.",Main Universe,Heroes,,,The Rifters,19,
Eliteverse-Heroes-Villains-T,Monis Broeman,monis-broeman,White Code,Individual,published,"Abilities: Capable of seeing probabilities from different possible futures in different realms

Capable of seeing different futures from across this realm. Many call him the White Code because of his white suits and going by the code.",Main Universe,Heroes,,,The Rifters,26,
Eliteverse-Heroes-Villains-T,Jonnae Milyen,jonnae-milyen,Madam Red,Individual,published,"Abilities: Capable of seeing probabilities from different possible futures

Token from her home in an alternate world. Jonnae was living in the life of luxury however couldn’t escape her powers so slowly her life became a constant temptation for others around her including her parents. She has the power to see the possible future of different dimensions and its citizens but not Earth. Jonnae goes by the name Madam Red because of her long red hair and proud nature.",Main Universe,Heroes,,,The Rifters,32,
Eliteverse-Heroes-Villains-T,The Shifters,the-shifters,,Team,published,,Main Universe,Teams,,,,,
Eliteverse-Heroes-Villains-T,John Wintwright,john-wintwright,Doppelganger & Master of Thieves,Individual,published,"Probably known as the greatest thief of all times, John Wintwright has been known as the master of thieves by newspapers across the world. John discovered his ability during his youth while away at boarding school. It is believed that he was once the leader of the Shifters alongside his girlfriend Seile.",Main Universe,Heroes,,,The Shifters,25,Shapeshifting
Eliteverse-Heroes-Villains-T,Kain Osmond,kain-osmond,Bara,Individual,published,"As leader of the Shifters, Kain Osmond had to always protect those he watched over even as a kid. Like many leaders of such groups, Kain wasn’t accepted amongst his family and peers and so he left home living a life of homelessness and poverty. Reverting to stealing and hiding away in gutters. After a while, Kain became stronger and used his appearance to cope with others like him, eventually creating the group Shifters.",Main Universe,Heroes,,,The Shifters,31,Enhanced strength; Agility; Bear like appearance
Eliteverse-Heroes-Villains-T,Amanda Debose’,amanda-debose,Bird Woman,Individual,published,"Amanda has always been a wild child. Since her birth, Amanda has run away from home numerous times even once to avoid escaping punishment by her parents. When she learns she could turn her arms into that of falcon wings and contained extraordinary hearing & flexibility, she used it to her advantage. One day while she was away in the city, she met Kain who introduced her to a life without rules and complete freedom of which she adored greatly.",Main Universe,Heroes,,,The Shifters,17,Extraordinary hearing; Flexibility; Falcon like wings; Legs; Agility
Eliteverse-Heroes-Villains-T,The Swordsman,the-swordsman,,Team,published,,Main Universe,Teams,,,,,
Eliteverse-Heroes-Villains-T,Marsha Ambeliangela,marsha-ambeliangela,Night Storm,Individual,published,"Believed to be one of their gods, Marsha is a powerful being with the true power to control virtually every aspect of the weather. On top of this, she can also go hand to hand in combat with other swordsmans, for a time she fought as part of the Swordsmans and proven to be a valiant foe. When her village was destroyed by dark forces, Marsha left persuing the dark forces thus meeting the other Nightwalkers whom each were affected by the similar forces.",Main Universe,Heroes,,,The Swordsmans; Nightwalkers; The Swordsman,25,Weather manipulation; Skilled swordsman
Eliteverse-Heroes-Villains-T,Ka-kishi,ka-kishi,The Lion Blade,Individual,published,"Born to the Chanuga Clan, Ka-kishi is a prowd member of the Lion Blade a group of members from her tribe. From her training with the group, she learns to master the power of the lion thus taking the spirit of the Lion into her body. This caused her to receive Lion like reflexes and several body similarities to that of a lion. Ka-kishi was found fighting a demon in the woods near her village and was invited to join the other Swordsmans in a attempt to defeat the Master Khan, a demonic swordsman.",Main Universe,Heroes,,,Chanuga Clan; The Swordsman,243,Lion like reflexes; Ninja like fighting; Skilled swordsman
Eliteverse-Heroes-Villains-T,Sam-hon,sam-hon,Spirit Blade,Individual,published,"Of the Minushi Clan, Sam-hon has been trained as a Spirit Shaman most of his life. His people devoted their life to protecting the well being of the planet through meditation and spirit guidance. Although of his origins he is a shaman, Sam-hon thought it best to find his own calling, thus becoming a skilled swordsman and using his training as a shaman as a mix of highly skilled combat. He can call on spirits to fight his opponents. He often rides the demon beast, Aurora Hound.",Main Universe,Heroes,,,Minushi Clan; The Swordsman,179,Spirit controlling; Skilled swordsman; Magical abilities
Eliteverse-Heroes-Villains-T,Honna,honna,Psychic Blade,Individual,published,"Known throughout the lands for her great psychic powers, Honna is a skilled swordsman and demon hunter. She has traveled to many places using her powers to fight demons and even spirits and performed many exorcisms. Honna is currently the only American and youngest member of the Swordsmans.",Main Universe,Heroes,,,The Swordsman,36,Skilled swordsman; Psychic abilities
Eliteverse-Heroes-Villains-T,Jakai,jakai,Pyro Swordsman,Individual,published,"Skilled at the art of fire throwing, Jakai mistakenly killed his entire tribe. This caused him to go into depression; to help him a wondering Dau-shin found the boy and tought him how to fight using a sword and his abilities. Jakai became the first member of the Swordsmans and has since grown greatly as a swordsman.",Main Universe,Heroes,,,The Pyro Tribe; The Swordsman,100,Fire Throwing; Skilled swordsman
Eliteverse-Heroes-Villains-T,Dau-shin,dau-shin,"Dau-shin, the Clansman",Individual,published,"Dau-shin grew up in the same village as his enemy Khan. He watched as his village perished in flames through the hands of Khan. This act of violence led him to collect a group of skilled swordsmans to fight Khan and defeat him. He created the rule that if you are defeated you must give your sword to the one who defeated you. This rule became known worldwide and even Khan, Belki, and beings of different worlds recognizes this rule. This rule became so popular that the gods of almost all realms implemented this and if the sword is not given, then the holder of the sword dies.",Main Universe,Heroes,,,The Swordsman,543,Skilled swordsman; Shapeshift
Eliteverse-Heroes-Villains-T,The Techno Defenders,the-techno-defenders,,Team,published,,Main Universe,Teams,,,,,
Eliteverse-Heroes-Villains-T,Marshall Maden,marshall-maden,Transformer,Individual,published,"Marshall was a loner, basically living in his room for most of his life; he was homeschooled and never left the house unless it was to go on errands with his mom. Because of his fear of the outside world, Marshall would create an alias under the title the Transformer because over time he has learned to transform into Technological objects. As he got older, and his mom no longer could watch over him, Marshall had no other choice but to venture out into the world, he would then create a team of vigilantes that did whatever they wanted to do under the title The Techno Defenders.",Main Universe,Heroes,,,The Techno Defenders,36,Shapeshifting into Technological objects
Eliteverse-Heroes-Villains-T,Tarnan Trell,tarnan-trell,Control,Individual,published,"When Tarnan was 4, most of his body was ripped to shreds and not to live life deformed. Tarnan using his highly advance intelligence to create a mechanical body similar to that of a cyborg. Under the name Control, Tarnan would join his neighbor Marshall in their new team The Techno Defenders.",Main Universe,Heroes,,,The Techno Defenders,14,Half cyborg like body; Enhanced digital intelligence
Eliteverse-Heroes-Villains-T,Brandon Soul,brandon-soul,Dominex,Individual,published,"Brandon Soul watched his parents get killed by several criminals of who attacked them for their money. After this, Brandon would train to become a well-trained soldier; he met with the members of the Techno Defenders and developed a bullet proof suit. He created a gun that could create sound speed bullets that would go unmatched.",Main Universe,Heroes,,,The Techno Defenders,41,Bullet Proof checker board suit w/gun
Eliteverse-Heroes-Villains-T,The Wakashi Clan,the-wakashi-clan,,Team,published,"The yang to the yin of the Kiakashi Clan, this group of super powered individuals are each from a respected clan that sole goal is to rid the world of the Kiakashi Clan after the two clans have been in war with one another for over 700 years.",Main Universe,Teams,,,,,
Eliteverse-Heroes-Villains-T,Lena Chou,lena-chou,Sybella,Individual,published,"On her death bed from a deadly plague, Lena Chou was given a second chance at living when visited by a demonic being called Spellbound. Seeing her potential, he turned her into a paper goddess, capable of using her body as a paper like weapon. Her new body was also lightweight and could easily move in the wind if she choses. She made a pledge that she would always follow Spellbound and protect him at all cause even if she in the future doesn’t like it.",Main Universe,Heroes,,,The Wakashi Clan,27,Body can turn to cloths; Used as extensive weapons
Eliteverse-Heroes-Villains-T,Ru Clannigan,ru-clannigan,Ice Shard,Individual,published,"One of the newest recruits to the Wakashi Clan, Ru became known as Ice Shard after coming across his abilities while fighting a demonic entity. Ru boasts the power to breathe ice and control the air around him to create powerful substances of ice. Ru met Solan while training at the Wakashi Temple at the edge of New Elitshia, there the two fought and Ru learn to control his abilities, thus causing Solan more reason to recruit him after their battle.",Main Universe,Heroes,,,The Wakashi Clan,32,Power Over Ice
Eliteverse-Heroes-Villains-T,Shadai Uh,shadai-uh,Red Phoenix,Individual,published,"Shadai Uh bares the symbols of the original ancestral Wakashi Clan that has since disappeared from existence after the fall of Elitshia. Going by the name Red Phoenix, Shadai knew she could control fire and heat around her, thus protecting herself throughout from danger. Her attacks are also known to appear in the form of a Phoenix that can cause fires when it flies above an object and/or area.",Main Universe,Heroes,,,The Wakashi Clan,22,Power over Fire; Creates Phoenix looking attacks
Eliteverse-Heroes-Villains-T,Seri Inch,seri-inch,Blanco,Individual,published,"During the trials of New Elitshia when scientists were working on an experiment to rid humans of the ADX Genes, Seri Inch offered himself as a lab rat to find a cure. Although with no proven abilities of his own, Seri had a long line of Descendants in his family, thus the genes were found in his body however not activated, in return giving him no abilities. However the experiment went wrong and his abilities were activated and his ADX genes were mutated causing his skin to turn red, his hair fibers to grow at great sizes, eyes turn black, and body to increase in muscle mass, this alerted the government officials, opting for the experiement to be shut down. From this, Seri now known as Blanco was to take his revenge out on all those that were involved in the experiment, this caused him to appear in and out of the Wakashi Clan stories as he was involved in his own solo stories.",Main Universe,Heroes,,,The Wakashi Clan,39,Spikey body; Enhanced strength
Eliteverse-Heroes-Villains-T,Solan Humbrick,solan-humbrick,Spellbound,Individual,published,"Abilities: Magical Spells through the use of spell cards

A powerful Sondred that uses his staff to cast spells, his many rings and charms around his body has since been cursed to forever be bound to his skin to protect his magic. He joined the Wakashi Clan to help fight the Angel Slayers and has since been a powerful force against any demonic army or allies. He is considered at times the leader of the Wakashi Clan.",Main Universe,Heroes,,,The Wakashi Clan,33,
Eliteverse-Heroes-Villains-T,Lodi Reeves,lodi-reeves,Vaticus,Individual,published,"Once a mystical eqomancer, Lodi reeves uses plants to communicate with objects around her and uses water to read the drinker’s mind. She is a powerful witch that uses her magical water abilities to appear 29 when in reality it is believed that she may be over 2,000 years old.",Main Universe,Heroes,,,The Wakashi Clan,29,Power over Water; Plants
Eliteverse-Heroes-Villains-T,The Watsons,the-watsons,,Team,published,"A family that has been known for them enhance magical power specializing in Spiritual Magic and power to raise the dead. Their powers are increased when they are near a lot of spirits. Like the Lazarons and the Demoys, they are pictured quite often within the Sanctuary Stories.",Main Universe,Teams,,,,,
Eliteverse-Heroes-Villains-T,The Watsons,the-watsons-individual,,Individual,published,"Age: Varies

The Watsons are a 700 year old race of meta-humans with a long and drawn out history of curses and mishapenings. In the year 1300, a young Misho Watson (the first of the clan) met a powerful witch named the Black Chrone, they fell in love until Misho betrayed their love and fell for his then wife, Berra. The two would produce a line of powerful meta-humans and from them each would share the legacy of a curse. As time progress, they were stricken of their immortality and died off because of the Black Chrone’s curse. The clan would eventually become down to one man named John would marry Wilma and they would produce the last member of the Watson & Demoy clan, Olivia “Ghost Girl”.",Main Universe,Heroes,,,The Watsons,,Transparency; Communicate with the dead; Various powers over the dead; Teleportation; Flight; Immortality; Telepathy amongst each other member
Eliteverse-Heroes-Villains-T,Misho Watson,misho-watson,,Individual,published,,Main Universe,Heroes,,,The Watsons,,
Eliteverse-Heroes-Villains-T,John Watson,john-watson,,Individual,published,,Main Universe,Heroes,,,The Watsons,,
Eliteverse-Heroes-Villains-T,Rebel Watson,rebel-watson,,Individual,published,,Main Universe,Heroes,,,The Watsons,,
Eliteverse-Heroes-Villains-T,The White Ring,the-white-ring,,Team,published,"Collectively a group of powered individuals given extreme control over the mystical power of the White Force. This power has been passed down by the elders of the universe, the Primordial Ones as their historical stamp. This power acts in retroactive against the Black Ring. The white rings are eight powerful beings that use positive white energy to move through realms and become stronger. Their home worlds had devastating things happen to them and the rings chose them to protect them after witnessing death.",Main Universe,Teams,,,,,
Eliteverse-Heroes-Villains-T,Sir Von Heights,sir-von-heights,Sir White Knight,Individual,published,"Abilities: Fueled by the emotional spectrum of willpower or the power of death; Both rings are able to create solid light constructs limited to imagination; Energy absorption. Both objects require periods of recharge

Sir Von Heights received his ring under the guise that he could use it to hunt down and kill the hunters that killed his family. Looking for his race’s unique healing scales, Sir Heights discovered the ring and used it to kill others. He became the first barrier of the Black Ring. However, once seeing the destruction he was causing, he reverted to become a part of the White Ring and wears a body suit with a cape both made of platinum bearing a ring on his chest.",Main Universe,Heroes,,,The White Ring,35,Power of positive white energy; Will; Flight
Eliteverse-Heroes-Villains-T,James M. Powell,james-m-powell,The Guardian,Individual,published,"Abilities: Fueled by the emotional spectrum of willpower or the power of death; Both rings are able to create solid light constructs limited to imagination; Energy absorption. Both objects require periods of recharge

James discovered his ring while trying to protect two children from a burning building. Although he was to late, he was awarded the ring for his bravery and was instructed to be prepared to unite with the other ring barriers when called upon. In the meantime James became The Guardian using his ring to create a shinning silver and white armor which also turns his skin bright and hair pure white. He now protects his homeworld.",Main Universe,Heroes,,,The White Ring,45,Power of positive white energy; Will; Flight
Eliteverse-Heroes-Villains-T,Reginald Holmes,reginald-holmes,The Masked Protector,Individual,published,"Abilities: Fueled by the emotional spectrum of willpower or the power of death; Both rings are able to create solid light constructs limited to imagination; Energy absorption. Both objects require periods of recharge. Power over light

Reginald discovered the ability to control light when he nearly died in a cave in while hiking with his friends. He was the only survivor and used his power of light to blast his way out of the cave. The ring appeared before him and he used it to become the Masked Protector wearing a white tuxedo like suit with short silver hair, a mask, and pure white eyes.",Main Universe,Heroes,,,The White Ring,31,Power of positive white energy; Will; Flight
Eliteverse-Heroes-Villains-T,Mista Wells,mista-wells,Silver Reign,Individual,published,"Abilities: Fueled by theemotional spectrum of willpower or the power ofdeath; Both rings are able to create solid light constructs limited to imagination; Energy absorption. Both objects require periods of recharge

Orphaned at birth, Mista was left for dead on the doorsteps of a nearby church. Taken away before her death by a mysterious wearer of the White Ring. It was given to Mista while an infant and since then she was given good luck and protection from bodily harm. She grew up to become Silver Reign and saved her homeworld from numerous outside threats. Although the youngest of her allies, she is the most experienced on the secrets of the rings.",Main Universe,Heroes,,,The White Ring,25,Power of positive white energy; Will; Flight
Eliteverse-Heroes-Villains-T,Roberta Highlandale,roberta-highlandale,White Wraith,Individual,published,"Abilities: Fueled by theemotional spectrum of willpower or the power ofdeath; Both rings are able to create solid light constructs limited to imagination; Energy absorption. Both objects require periods of recharge

Wearing a silver dress like armor. She can move fast as sound and steals light from nearby places. She gave up hope for living when she was near death due to her husband slitting her throat. The key appeared to her which she used unknowingly killing her husband. She key made her forget about that moment and she became a hero named the White Wraith for the ring saving her from unbeknown to her, death.",Main Universe,Heroes,,,The White Ring,29,Power of positive white energy; Will; Flight
Eliteverse-Heroes-Villains-T,Gerry Riverons,gerry-riverons,Lightrace,Individual,published,"Abilities: Fueled by theemotional spectrum of willpower or the power ofdeath; Both rings are able to create solid light constructs limited to imagination; Energy absorption. Both objects require periods of recharge

Using his ring to win races and various money laundering guises. Gerry’s ring was almost taken away from him unless he made up for the bad deads he committed. Saving the life of a young couple proved to be the right thing to get him on the right track. He became Lightrace after seeing the true power of the ring and what it could do to help heal his dying world.",Main Universe,Heroes,,,The White Ring,36,Power of positive white energy; Will; Flight
Eliteverse-Heroes-Villains-T,Sabrina Toasthell,sabrina-toasthell,,Individual,published,"Abilities: Fueled by theemotional spectrum of willpower or the power ofdeath; Both rings are able to create solid light constructs limited to imagination; Energy absorption. Both objects require periods of recharge

Age: Varies",Main Universe,Heroes,,,The White Ring,,Power of positive white energy; Will; Flight
Eliteverse-Heroes-Villains-T,The Youth Arch,the-youth-arch,,Team,published,"A group of young superheroes that respond to illegal activities found throughout Elite City, they are one of many youths inspired teams. They are usually a comical bunch with the life of being teenagers getting in the mix of saving the day. They are led by Zaden whom fights alongside them on the toughest missions, otherwise he acts as their guide from their base of operations his home at the edge of Elite City.",Main Universe,Teams,,,,,
Eliteverse-Heroes-Villains-T,Cynthia Arnos,cynthia-arnos,Dazelle,Individual,published,"Abilities: Hyper sensitive screams can make others dizzy

Born to a rich family in Richmond, NC, Cynthia has always been able to make use of her time. She could sing hypnotizing songs that could leave her listeners dizzy. She participated in a local talent show where she was sought out by a man named Gilian. From this moment he inducted her into his secret group of young heroes called The Youth Arch. She is now called Dazelle and wears a zig-zag costume with bubble like objects circling her body, the bubbles hover by the hyper sensitive sound patterns released from her body.",Main Universe,Heroes,,,The Youth Arch,14,
Eliteverse-Heroes-Villains-T,Zaden James,zaden-james,Draisen,Individual,published,"Zaden James, is a member of the original Youth Arch. He left to America to find others like himself to recruit to become a new Youth Arch. He first found Layden and then began creating the rest of the alliance. Zaden stated his goal is to find youngsters under the legal age of 18 because of their ability to act quickly, response to environmental changes, quick acceptance of their abilities, and their abundance of personality traits.",Main Universe,Heroes,,,The Youth Arch,41,Great speed; Durability
Eliteverse-Heroes-Villains-T,Graham Beleign,graham-beleign,Beleign,Individual,published,"Abilities: Can reflect energy back at opponents stronger than arrival upon him

Left as an orphan to die, Graham Beleign was born to mysterious farm folk who left him at a orphanage to be adopted however because of his mutant appearance, he was discarded by the orphanage in a river. Graham called Beleign because his name means “chosen” in Elitshian times by his teammates. It was later revealed that Beleign is one of the few remaining Elitshians left on Earth and that his people traveled to the now Americas after Elitshia was destroyed by the gods.",Main Universe,Heroes,,,The Youth Arch,10,Indurable skin; Longevity
Eliteverse-Heroes-Villains-T,Alyssa Page,alyssa-page,Nonage,Individual,published,"Alyssa Page is probably the most valuable member of the team, not because of her abilities but because of her stealth training as part of the X-Rogues when she was 11. Her parents were killed when she was 7 and since was sent to a school of young meta-humans (not SAA) that was later burned to the ground. Instead of being transferred to SAA like the other students. Alyssa became Nonage and left to join Zaden after hearing of his revival of The Youth Arch.",Main Universe,Heroes,,,The Youth Arch,15,Genius Level Intellect; Instant touch knowledge; Memory erasing
Eliteverse-Heroes-Villains-T,Layden Rivalri,layden-rivalri,Molecular,Individual,published,"Layden discovered at a very early age that his body was a virtual time ripple. When anything approaches him he can control it via a gravitational pull that allows him to control any instance of the object’s mass through molecule manipulation. This ability would then be use to allow him to travel through time for instances, until he was strong enough to go almost 60 years in the past. However once in the current time, he wasn’t able return home. He met Zaden of the Youth Arch in hopes to assist in the creation of the new alliance, knowing of their future existence. It is at sometime mentioned that Layden is related to an original member of the first set of Youth Arch somehow, however its unknown at the present time how.",Main Universe,Heroes,,,The Youth Arch,17,Limited Time travel; Molecule manipulation
Eliteverse-Heroes-Villains-T,Dyna Pane,dyna-pane,Diamonta,Individual,published,"Part of an elite group called Diamonte, a group of diamond skin bodied meta-humans; Dyna also called Diamonta is their most fierced member, often leading them onto many missions. Their goal is to defeat an ancient curse that has been plaguing each member’s family for centuries. Diamonte came across the demonic entity, Belckus for a brief moment after trying to find a way to stop her curse, however she was easily defeated. Knowing of the dark forces out there, she retreated and thus became apart of the Diamonte after learning of their shared legacy and similar abilities. During her teens, Dyna was once a part of the original Youth Arch, however after their final fight with the Godzilla creature of Japan, the group disbanded and never spoke to each other again.",Main Universe,Heroes,,,Diamonte; Youth Arch; The Youth Arch,38,Diamond-like structured body
Eliteverse-Heroes-Villains-T,Benjamin Rightworth,benjamin-rightworth,Merendah,Individual,published,"Benjamin Rightworth was a highly esteemed man who never let his pride get the best of him. Thus being called by many as Merendah, Malay for humble. Serving as the oldest member of the original Youth Arch, Benjamin gave up crime fighting in hopes to start a family and his own superhero museum. He started his museum known as the Chronicles of Descendants. His museum was so popular that it has even been visited by even the gods and alien races because of its vast records. The museum would also serve as a Abnormal library, containing nearly all recorded knowledge of the Abnormal events on Earth. His museum because of many attacks was moved to its own island and later to a new hall in SAA which became the world’s largest such library.",Main Universe,Heroes,,,Youth Arch; The Youth Arch,50,
Eliteverse-Heroes-Villains-T,Jerald Holse,jerald-holse,Icepick,Individual,published,"Abilities: Icepick can absorb heat from his surroundings; Creating ice. He can also emit absorbed heat as blasts of energy

Jerald could always manipulate the cold air around him, he could kill things by freezing it to death, and even reverting the cold effects thus heating things up as well (although very limited). Going by the name Icepick later in his teens, he formed a group of young super-heroes originally known as the Youth Arch back in the mid-1970s. The group protected parts of North America from their worse foes until their final mission and eventual defeat in the late 1980s. From this point of his group’s defeat, Jerald, fled to Europe where he attempted to create a new group call The Originals. However he was killed during one of their missions and his son took his reign as leader of the group by the early 2000s.",Main Universe,Heroes,,,Youth Arch; The Originals; The Youth Arch,36,Effectively freezing objects
Eliteverse-Heroes-Villains-T,Joan Rivera,joan-rivera,Emosi (emotion),Individual,published,"Abilities: Emosi has the ability to manipulate emotions or feelings of others. She also has strong telepathy

Joan was a tomboy that could sense the emotions of others, she knew from early on that she could use this to her advantage especially when in love with someone. She later that she couldn’t just feel other people’s emotions but also control their emotions and even listen to their thoughts and move objects with her mind. Being sought out by so many in her time, Joan joined Youth Arch as an escape of feeling lonely as she was because of her abilities to sense other’s emotions and their mind.",Main Universe,Heroes,,,Youth Arch; The Youth Arch,44,Being a trans-empath; Minor telekinesis
Eliteverse-Heroes-Villains-T,Thunder Riders,thunder-riders,,Team,published,"The Thunder Riders are a collection of members that are usually apart of another team or work solo from outside of the group. However, they are called together when Kanos, the Elitsyian God of Thunder needs their assistant with matters usually related to Eartlhy matters that because of his status as a deity, he himself cannot intrude. Such matters include the illegal shipping of the Golden Apples to Elite City via a dimension portal. The Golden Apples are food to the gods and if ate by a mortal could turn them immortal, something the gods forbidden.",Main Universe,Teams,,,,,
Eliteverse-Heroes-Villains-T,Cascade Blanch,cascade-blanch,Kaboom,Individual,published,"Abilities: Microwave radiation manipulation Flight Electromagnetic energy wavelength disruption

Cascade was one of the many people that was founded and saved by Kanos. Her story begun when she was 8 and was captured by the Enforcers for her superpowers. While experiementing on her, Kanos came through the room with whirling thunder and bright light expelling all those that wished harm on her. From that point, Cascade became Kaboom and joined the Thunder Riders in hopes to rescue other super-powered people in danger.",Main Universe,Heroes,,,Thunder Riders,26,
Eliteverse-Heroes-Villains-T,Lundrow Galds,lundrow-galds,Crackle,Individual,published,"Ambitious and to prove himself to Kanos. Lundrow thought the only way to do so is to steal the thunder deity’s thunderbolt and take down a band of demigods gone rogue. However, the thunderbolt accidentally  exploded because of improper use. Luckily no one was harmed. Worried that Kanos would punish him, Kanos instead greeted him with armor that can produce small amounts of electricity which grows stronger only if Lundrow learns how to wield it’s power. Promising to teach Lundrow now known as Crackle after the sound of thunder. To use a thunderbolt only if he learns how to control the power within the armor.",Main Universe,Heroes,,,Thunder Riders,21,Gauntlets; Helmet; Ring; Boots; Contacts that can produce electricity
Eliteverse-Heroes-Villains-T,Crystopher Hilmet,crystopher-hilmet,Nightspeed,Individual,published,"Crystopher Hilmet is a star athlete who witness both his parents being killed by a unknown creature that can produce electricity. Praying to the gods for help, Kanos met with Crystopher and granted him the speed of lightning to help catch the thing that killed his parents. He joined the Thunder Riders to help in his search of the creature.",Main Universe,Heroes,,,Thunder Riders,24,Super speed; Limited enhanced strength; Intelligence; Teleportation; Time travel if ran fast enough
Eliteverse-Heroes-Villains-T,Time Lords,time-lords,,Team,published,"A vicious group of war lords whom have used their powers and technology to manipulate time, causing much friction between many dimensions and timelines. One of their most diabolical missions was the greeting of Hitler and causing his rise to power. In the original storyline, Hitler never rose to power and was killed as a young boy during a freak accident.",Main Universe,Teams,,,,,
Eliteverse-Heroes-Villains-T,Dr. Non Chow,dr-non-chow,Tempus,Individual,published,"Dr. Non Chow scientist at the Dorman Labs. Found a way to move through time and space by constructing a machine that would allow him to produce magnetic fields strong enough to make ripples in time similar to black holes. During one of his procedures he attempted to test his machine by sending himself 5 minutes into the past, however it sent him almost 29 years in time where he discovered the lost city Trone. Shortly after he mastered the machine’s power, Dr. Chow created a suit with the machine’s technology and called himself Tempus. Tempus went as far as the past to rewrite stories calling himself a God of Time and eventually a powerful foe to anyone that stood in his way.",Main Universe,Heroes,,,The Time Lords; Time Lords,42,Time Traveling; Opening Space Warps
Eliteverse-Heroes-Villains-T,Deblin Helios,deblin-helios,Cronos,Individual,published,"Capable of growing to massive sizes, Deblin Helios, Deblin known as Cronos would use his sizes to conquer cities across time and with the use of his creation a time traveling ring he would become a god in many mythologies. During one of his riots, Cronos met Dial, Diaggler, Spot, & Tempus and they would become The Time Lords.",Main Universe,Heroes,,,The Time Lords; Time Lords,38,Changing sizes of his body; Time Traveling
Eliteverse-Heroes-Villains-T,Lidia Bankhead,lidia-bankhead,Diaggler,Individual,published,"Lidia Bankhead was a powerful inventor but even more creative artist. She would invent several objects however only one was considered her most prized possession, the helmet of time. Over a course of time, her traveling through time would cause mental issues which would result in multiple personalities. Some of which would take on their own forms. Throughout history she would be called many things even a queen by one account. She met Spot & Tempus while in Ancient Egypt and formed The Time Lords.",Main Universe,Heroes,,,The Time Lords; Time Lords,34,Time Traveling Helmet
Eliteverse-Heroes-Villains-T,Kline Koldel,kline-koldel,Spot,Individual,published,"Able to morph into inanimate objects, Kline Koldel would escape bullies and often hide by becoming small objects. While in his state he would sleep until awakening years later finding out that the world changed around him. It showed that because of his inanimate forms couldn’t age, while like this he could technically live forever. After meeting Tempus he became one of the first members of The Time Lords next to Tempus.",Main Universe,Heroes,,,The Time Lords; Time Lords,20,Inanimate
Eliteverse-Heroes-Villains-T,Jamie Stills,jamie-stills,Period,Individual,published,Jamie Stills began his active duty as a Time Lord shortly after Tempus was lost in the Ancient Egyptian age. Since then Jamie and his sister would soon develop a proud sense of their abilities and would soon leave to work alone. The two would go far through time to find ways to bring their parents back to life and even at some moments better their abilities.,Main Universe,Heroes,,,The Time Lords; Time Lords,20,Open Blackholes
Eliteverse-Heroes-Villains-T,Jamia Stills,jamia-stills,Seal,Individual,published,Jamia Stills began her active duty as a Time Lord shortly after Tempus was lost in the Ancient Egyptian age. Since then Jamia and her brother Jamie would soon develop a proud sense of their abilities and would soon leave to work alone. The two would go far through time to find ways to bring their parents back to life and even at some moments better their abilities.,Main Universe,Heroes,,,The Time Lords; Time Lords,20,Closes Blackholes
Eliteverse-Heroes-Villains-T,Time Pirates,time-pirates,,Team,published,"Similar to their mentors, the Time Lords. The Time Pirates main objective is to travel through time aboard the Time Roper their vessel that can transport them anywhere in time. It was built by the Time Lords in an effort to spread their influence across all time. At one point it was used by almost all major war lords throughout time including Alexander the Great, Ramses 2, and Hitler.",Main Universe,Teams,,,,,
Eliteverse-Heroes-Villains-T,Vanessa Strong,vanessa-strong,Light Wing,Individual,published,"Abilities: Can manipulate light to use as wind

One of the few Descendants that remembers her legacy as a direct descendant of angels. Vanessa’s memories has since made her a powerful ally as she can harnest the true potential of her mutant abilities through the Angel Mark on her arm. She created the group Time Pirates to discover others that bare the Angel Mark symbols to create a powerful team that would be able to take what they want, whenever they want. In the far future she marrys Dave Pumplenickel and the two have a son, one of the most powerful beings on the planet.",Main Universe,Heroes,,,Time Pirates,36,
Eliteverse-Heroes-Villains-T,Gary Rosen,gary-rosen,Multiply,Individual,published,"Knowing of his legacy as a direct descendant to angels, Gary cared little about his legacy and more about stealing powerful totems and/or artifacts to become stronger and richer. He uses his abilities for that exact reason and is one of the few Descendants that received their abilities under the age of 13.",Main Universe,Heroes,,,Time Pirates,34,Can multiply any object
Eliteverse-Heroes-Villains-T,Candace Wrightwood,candace-wrightwood,Strongarm,Individual,published,"Abilities: Giant arms that can absorb any material

While she was a teenager, Candace Wrightwood also called Candy, has always been a considered a tomboy. She competed in contest and championships with other basketball players, female bodybuilders, and even arm wrestling champions. When she discovered her abilities to control matter and reuse it, she has since used it to her advantage, taking things at will. She met the other Time Pirates while trying to steal a artifact that they were after, shortly after because of her strength, she was given a place amongst the team.",Main Universe,Heroes,,,Time Pirates,32,Use it as attacks
Eliteverse-Heroes-Villains-T,Dave Pumplenickel,dave-pumplenickel,Time Control,Individual,published,"With the other Time Pirates, Dave is the 2nd in command after Light Wing. He uses his abilities to steal artifacts from around the world and is consider the teams’ strongest member in use of abilities and one of the strongest in the world. Unlike the others, he is the direct descendant to Shecknurd the God of Time. In about 25 years, he and Light Wing haves a son that becomes the strongest being on the planet. When his abilities are used in conjunction with the Time Medallion, his powers allows him to travel through time, thus giving the group their name as the Time Pirates.",Main Universe,Heroes,,,Time Pirates,34,Manipulates Time
Eliteverse-Heroes-Villains-T,Vince Redwood,vince-redwood,Wind Blaze,Individual,published,"Vince was born in a small town outside of KanTantirith City and was found by Dave on one of the Time Pirate’s many missions, he was the youngest of the group and the most inexperience. Dave stated that the reason behind Vince becoming a member of the team was because he was powerful and would be useful in stealing artifacts without causing a scene. Vince was killed by mistake by the Elite Force when the team attacked the Time Pirates in one of their missions to stop the pirates from stealing a powerful totem. The Time Pirates used the Time Medallion to go back into time to save Vince, however it proved to be useless as time proved that Vince was meant to die and yet died by the hands of the Immortals instead in a new time stream.",Main Universe,Heroes,,,Time Pirates,28,Creates a blinding fog around him; Can control mist; The wind
Eliteverse-Heroes-Villains-U-Z,Unatamables,unatamables,,Team,published,"A group of mischiefs who friends long before they found out that they had powers. However, once they found out about their abilities, it took them no time to get into trouble. At school, on the playground, or even with local bullies. Because of their age and limited reach, they don’t fight crime outside their own neighborhood.",Main Universe,Teams,,,,,
Eliteverse-Heroes-Villains-U-Z,Jennings Craigens,jennings-craigens,Belch,Individual,published,"Joining the mischief group of deviants with the only mission to cause trouble. Jennings found out about her abilities when she was in school one day, thinking it was her menstrual cycle beginning. She ran to the bathroom, it was actually an upset stomach, when she felt the pain, a blast shot through her stall door and through the brick wall out of the bathroom coming from her stomach. She since ran from school and never returned home.",Main Universe,Heroes,,,Unatamables,16,Wave blasts from her gut
Eliteverse-Heroes-Villains-U-Z,Mack Goles,mack-goles,Bigfoot,Individual,published,"Abilities: Enlarged feet that allows him to walk great distances or used as massive attacks

He met Jennings when the two met near each other when she called for him to meet her at their hiding spot. She wanted to meet to tell him of her powers, little did she know that Mack had his own secret power that he wanted to tell her. He has the power to enlarge his feet to monstrous proportions which he uses in various attacks and to walk great distances very fast.",Main Universe,Heroes,,,Unatamables,16,
Eliteverse-Heroes-Villains-U-Z,Damison Mcquire,damison-mcquire,,Individual,published,"Jennings’ cousin met up with her at her hiding spot on accident, thinking that Mack was going to be there alone. Having a crush on Mack since the two met in 1st grade, Damison knew Mack may not like him like that but wanted to persue him anyways. Although its obvious that Mack has a crush on Jennings. Damison also holds a power to release massive screeching sound waves by clapping his hands or farting which he does by mistake. His powers however isn’t shown until Mack is in danger by the group’s first opponent.",Main Universe,Heroes,,,Unatamables,14,Releases soundwaves from clapping or farting
Eliteverse-Heroes-Villains-U-Z,Vampire Hunters,vampire-hunters,,Team,published,Very skilled individuals whom collectively came together in a mission to fight off the growing hoard of vampires that are spreading throughout the world. Their most prominent base is the vampire hideout in Elite City.,Main Universe,Teams,,,,,
Eliteverse-Heroes-Villains-U-Z,Sophia Winters,sophia-winters,Vampire Hunter,Individual,published,"Born of a powerful legion of monster killing slayers. Sophia was 18 years old when she came into her abilities and quickly destroys her first vampire while drunk. The next day her mother told her of her families history and how thousands of years of strength was past down through several families including their own. Each generation, a Vampire Hunter is born with key abilities and can take the form of any gender but only one of such great power can exist each generation.",Main Universe,Heroes,,,Vampire Hunters,22,Super Strength; Enhanced speed; Enhanced intelligence; Psychic visions; Can learn any language
Eliteverse-Heroes-Villains-U-Z,Dodona,dodona,Oracle Hunter,Individual,published,"Abilities: Can locate any known thing and/or item

Descendant of a powerful line of oracles who receive their visions from the High Council of Domaedians. Dodona is the current day version of the Oracle Hunters and is the 9th generation hunter which is located in her family. Dodona supports and guides Sophia throughout most of her journeys.",Main Universe,Heroes,,,Vampire Hunters,46,Visions of the future; Past
Eliteverse-Heroes-Villains-U-Z,Oracle Hunters,oracle-hunters,Oracle Hunters,Individual,published,"Abilities: Can locate any known thing and/or item

Age: Varies

Oracle Hunters are powerful oracles that once themselves were Vampire Hunters however over time have become more passive in fighting the forces of evil. Their visions are given to them by their parents the High Councils. Until the late 1700s, the Oracle Hunters were angelic like beings taken human form; afterwards they became humans whom contracted their abiltiies around their 16th birthday. At first their abilities are very painful, often resulting in bleeding and headaches, however as they grow older and have more visions, the pain disappears.",Main Universe,Heroes,,,Vampire Hunters,,Visions of the Past; Future; Present
Eliteverse-Heroes-Villains-U-Z,Vampire Hunters,vampire-hunters-individual,Vampire Hunters,Individual,published,"Age: Varies

A group of fighters that experience enhanced strength, speed, knowledge, psychic visions, advance longevity and are most appear in the forms of humans either as man or woman however never at the same time in the same generation. It is believe they are the direct descendants to the first Vampire Hunter.",Main Universe,Heroes,,,Vampire Hunters,,Enhance Strength; Intelligence; Speed; Enhance longevity; Durability; Extensive healing factor
Eliteverse-Heroes-Villains-U-Z,Alers,alers,The First Hunter,Individual,published,"Born with no specific gender, Alers was a powerful fighter with enhance speed, strength, extended knowledge, and enhance healing factor. Alers receive most of it abilities from the High Council and from them it was given an Oracle Hunter which would direct it across the world to fight demonic beings. After Alers was killed by a Demon of Hell, the High Council projected his soul and abilities into its children and from their soul and abilities were passed down. Alers, due to it having both genders of a male and female, gave birth to five children, each of which was given its unique abilities, however only one would survive their 15th birthday and that child became the second Vampire Hunter.",Main Universe,Heroes,,,Vampire Hunters,435,Enhance strength; Speed; Intelligence; Healing factor; Durability
Eliteverse-Heroes-Villains-U-Z,Veknahs,veknahs,,Team,published,,Main Universe,Teams,,,,,
Eliteverse-Heroes-Villains-U-Z,Aviratha “Avi” Ansari,aviratha-avi-ansari,Ms. Multiverse,Individual,published,"Powerful young girl capable of moving between the multiverses. Her abilities eventually will allow her to enter the larger Grand Scheme. Aviratha is descendant from powerful Djinns who are said to guard the veil that separated the multiverse. One day when Aviratha was in school, the Akuma’s wave started to break down the veil between the realities. This awoken her spiritual powers and she began waking up in different realities, unable to find her way home. In one of these realities, Aviratha met her older self which told her of what is going to happen to her if she can’t return to her own reality.",Main Universe,Heroes,,,Veknahs,15,Can travel through the multiverse; Dimensional bolts of energy
Eliteverse-Heroes-Villains-U-Z,Japnirantar Ansari,japnirantar-ansari,,Individual,published,"Abilities: Builds great inventions that Aviratha borrows to fight evil

Aviratha’s older brother who mocks her love for childish things mostly comics. He is secretly a fan of comics himself and self-declared super fan to the Elite Force. He is unaware of Aviratha or his family’s history as protectors.",Main Universe,Heroes,,,Ms. Multiverse; Veknahs,20,Human
Eliteverse-Heroes-Villains-U-Z,Shashwat Ansari,shashwat-ansari,,Individual,published,"Aviratha younger brother that likes to write his own story. In one reality, he is the only capable of seeing the creatures that haunt his world. It is hinted that, Shashwat will be able to see those same creatures in the Multiverse story. He is one of the only members of his family that knows of Avi’s abilities.",Main Universe,Heroes,,,Ms. Multiverse; Veknahs,10,Human
Eliteverse-Heroes-Villains-U-Z,Janeen Ansari,janeen-ansari,,Individual,published,Avi’s mother who is over enthusiastic and loves her family’s culture so much that she preaches it to anyone that will lend her an ear. She is a great cook and always excited about her children’s successes.,Main Universe,Heroes,,,Veknahs,43,
Eliteverse-Heroes-Villains-U-Z,Aaban Ansari,aaban-ansari,,Individual,published,"Avi’s father that runs a Rug store which he secretly gambles in the back with his friends. He is sarcastic, yet very sweet. He often talks about his time living in Pakistan and moving the family to America for a chance at a successful future.",Main Universe,Heroes,,,Veknahs,49,
Eliteverse-Heroes-Villains-U-Z,Constantina Zaidi,constantina-zaidi,Rizwana,Individual,published,Avi’s powerful grandmother that can move beyond the multiverse into the greater Grand Scheme. She is known about Avi’s abilities before Avi was born because of her interactions with various realities. She is the one that trains Avi with her abilities and codenames her Ms. Multiverse.,Main Universe,Heroes,,,Veknahs,65,Can travel; See between the multiverse
Eliteverse-Heroes-Villains-U-Z,Abhilesh Yazdani,abhilesh-yazdani,Multiversal,Individual,published,"Powerful Djin that came to Earth to steal the powers of Avi and her family. He disguises himself as a friendly shop owner that opened his shop next to Avi’s father when she was young. It is later discovered that, Abhilesh is the second Djiin ever born and child of a Domi Mage.",Main Universe,Heroes,,,Ho’zare; Veknahs,12000,Powerful magical energy; Can travel between the multiverse
Eliteverse-Heroes-Villains-U-Z,Dale Hedison,dale-hedison,,Individual,published,"Love interest to Avi, Dale is friendly and loves the multiverse. Next to Shashwat, he is the only one that knows of Avi’s abilities. He is serious and at times acts as a know it all, which Avi adores.",Main Universe,Heroes,,,Ms. Multiverse; Veknahs,15,Human
Eliteverse-Heroes-Villains-U-Z,Rendi Rowland,rendi-rowland,Aaseamah (also known as Protector),Individual,published,"Rendi is half African American and half Pakistani. She converted to Islam when she was four years old and often practices it to learn more about her culture and ancestors. She is Avi’s best friend and friend to Dale. When Avi first learned of her abilities, she wanted to tell Rendi but didn’t know how to. Unknowns to Avi, however, is that Rendi can see between realities and her family, like Avi are descendant from the Veknahs.",Main Universe,Heroes,,,Ms. Multiverse; Veknahs,15,Can see between the multiverse
Eliteverse-Heroes-Villains-U-Z,Villain Core,villain-core,,Team,published,,Main Universe,Teams,,,,,
Eliteverse-Heroes-Villains-U-Z,Jason Rhodes,jason-rhodes,Molecule Jr / Molecule II,Individual,published,"Abilities: Can manipulate his body into different shapes

Son of Molecule, Jason saw his father fight The Electrician and swore vengeance after the superhero severed his father disabled. He is the classmate and enemy of Kilo and Watts without knowing of their identity. While in school and unaware of Kilo and Watts true identities, he is their best friend often protecting them against others when they aren’t suited up.",Main Universe,Heroes,,,The Villain Core; Villain Core,15,
Eliteverse-Heroes-Villains-U-Z,Von D’juse,von-djuse,Dr. Combustion,Individual,published,"Abilities: Weapons that can discharge large amounts of explosive fireworks

Son of a general that worked alongside Adolf Hitler. Born to terrifying ideals, Von grew up destroying things and creating weapons of mass destruction. One day while in Berlin, Von removed his own arms and replaced them with guns that can shoot massive explosives as projectiles.",Main Universe,Heroes,,,The Villain Core; Villain Core,83,
Eliteverse-Heroes-Villains-U-Z,Michae’ Rhodes,michae-rhodes,Molecule,Individual,published,"Abilities: Weapon that can cause him to change his size

Michae’ is from France and is very immersed in his French upbringing. He married a model and together they had Jason, who would later take on his mantle as the new Molecule. While he had weapons to change his body size and the size of others. His son has developed the ability naturally through experiments he performed on his wife’s embryo. The experiment killed her while his son Jason survived. His attack on The Electrician caused the hero to leave the superhero business life after severing his right arm and almost causing him to bleed out. In the fight, Molecule lost the use of his legs and his left arm becoming disabled.",Main Universe,Heroes,,,The Villain Core; Villain Core,43,Size of others at will
Eliteverse-Heroes-Villains-U-Z,Sisica Amberethe,sisica-amberethe,Ice Queen,Individual,published,"Abilities: Can lower the temperature of almost anything including lava

Cold natured and has a strong dislike of children after losing her own during birth because of her low body temperature. Sisica came to Elitsyia to find a cure for her condition but was abducted into the Villain Core after killing a man because he spanked his child.",Main Universe,Heroes,,,Villain Core,42,Intense control over ice; Snow
Eliteverse-Heroes-Villains-U-Z,Julian French,julian-french,Mute,Individual,published,Fighting the New Society of Heroes pushed this previously calm man to becoming a villain on his own right. He can remove sound from any area and move through sound like dimensions where he see them as colors. This allows him to appear anywhere on Earth as long as sound is heard there.,Main Universe,Heroes,,,Villain Core,38,Steals sound; Can teleport through sound like dimensions
Eliteverse-Heroes-Villains-U-Z,Connor Anson,connor-anson,Lord Anson,Individual,published,"Archenemy of Elite Boy and his father Elite Man. He is a mad scientist that often can be seen creating gadgets that grants him a wide range of abilities. He is highly intelligent, often beating other heroes except Elite Boy and Elite Man much to his dismay. He is a billionaire and has labs, homes, and bases of operations around the world. He is the leader and financial benefactor behind the Villain Core.",Main Universe,Heroes,,,Villain Core,43,Human; Great inventor; Intelligence; Martial artist
Eliteverse-Heroes-Villains-U-Z,Wave of Chaos,wave-of-chaos,,Team,published,"As their name applies, this group of villains have spread across the globe causing everything from pety crimes to bringing down networks of money. From that they also have goals to unleash Hell on Earth with the help of Armageddon.",Main Universe,Teams,,,,,
Eliteverse-Heroes-Villains-U-Z,Davim,davim,The Knowledge One,Individual,published,"Davim is a demonic frog like creature that serves as active member of the Wave of Chaos, he can shapeshift and has a great passion for learning and history often seen stealing books from librarys and even protecting libraries. He serves all the lords and is ultimate slave to the Dark Lord.",Main Universe,Heroes,,,Wave of Chaos,169,Frog like abilities; Omnisense; Magical abilties
Eliteverse-Heroes-Villains-U-Z,Skolum,skolum,"Skolum, The Skulled Black Hat",Individual,published,"Skolum has been one of the dark figures often seen in the shadows of almost every battle or fight on earth. His main ability is to induce anger and fear in his subjects thus making one fight or appear helpless. His giant black hat is said to mask his decaying face. He carries a whip of wires and fire and can control his subjects if the whip touches them. He often is seen riding a giant beast creature called, Launny. He uses Launny to often freeze his enemies or to eat their souls.",Main Universe,Heroes,,,Wave of Chaos,,Induces Anger; Fear; Manipulate behavior; Can turn into crows
Eliteverse-Heroes-Villains-U-Z,Ambrosus,ambrosus,"Ambrosus, The Laughing Joker",Individual,published,Ambrosus is a jokster at heart and often finds himself not caring to fight however he is easily angered and adores the time he can make jokes on others even his own race of demons. It is believed that he inspired the first prankster and joking even amongst the gods. Some say that he and Loki are one of a kind and both are incarnations of each other because of their similar nature. Ambrosus uses several magic tricks to manipulate reality. He is youngest sibling to Umbrin.,Main Universe,Heroes,,,Wave of Chaos,,Manipulate Reality
Eliteverse-Heroes-Villains-U-Z,Vibraxus,vibraxus,"Vibraxus, The Black Eyed One",Individual,published,Vibraxus carries the scales of Libra and from them he can manipulate balance and often manipulate fate. His very body is a portal to Eternity and from his hands he can omit giant waves of dark energy. Vibraxus and is one of the most powerful and sought out demons in Hell. From his temple he watches over Belckus hoping one day his master is revived. He found Umbrin and the two wonders the globe finding souls strong enough to break the 7 temples however it has proven hard with the battle with the Nightwalkers.,Main Universe,Heroes,,,Wave of Chaos,,Scales of Libra; Dark Energy Waves
Eliteverse-Heroes-Villains-U-Z,Tetelia,tetelia,"Tetelia, The Scorned One",Individual,published,"Tetelia is a beautiful woman that was once scorned by a man that left bruses around her body and ultimately raped her. She returned the hatred by killing him, his wife, and three children in their sleep. Her rampage travelled through time and she found the lost soul of a witch. She took the soul into her and from here she used her abilities to kiss anyone killing them instantely, she can change her body into virtually anything and is a skilled weaponist (learning how to use virtually any weapon). From this moment she was sought out by Umbrin and led his army for most of the early human civilization.",Main Universe,Heroes,,,Wave of Chaos,,Skilled weaponist; Ninja like reflexes; Kiss of death; Body manipulation
Eliteverse-Heroes-Villains-U-Z,Umbrin,umbrin,"Umbrin, the Dark Lord",Individual,published,"Umbrin is one of the many sons to Belckus and made it his purpose to please his father by slowly opening the temples that guards his father’s prison. However to do this he needs the souls of powerful beings, thus him stealing Versah. He sent the Wave of Chaos out to destroy those that impose a threat to him and to collect souls of powerful beings and creatures alike from the world. So far he has open 1 out of 7 sealed temples. One of Umbrin’s sons is Caldrone & Lord Behemoth. His daughter Lady Deaththreat is one of his favorite children because of lack of emotions and constant victories. She was however defeated and he took her soul, her egg was reborn however in life.",Main Universe,Heroes,,,Wave of Chaos,,Manipulate souls; Use them as weapons
Eliteverse-Heroes-Villains-U-Z,Waveform,waveform,,Team,published,"This group of high strong heroines formed with the sole mission to liberate women rights and take over from the men who have been in charge for too long. Besides their causes, they also fight real supernatural crimes as well.",Main Universe,Teams,,,,,
Eliteverse-Heroes-Villains-U-Z,Kia Strong,kia-strong,Soundcage,Individual,published,"During her youth, Kia Strong was given her name Soundcage because of her unique abilities and often crying screams that can break almost any known structure. It is once thought by her father a scientist, that she created the sound barriers around her body to protect herself from the car crash that killed her mother when she was only 4 years old. Since then, her abilities have created ring like structures made of sound around her body, her suit was made by her father and since then she has been a hero fighting against experiments that her father’s company has since created.",Main Universe,Heroes,,,Waveform,39,Sound waves surrounding body; Released from body as attacks; Can break glass; The sound barrier
Eliteverse-Heroes-Villains-U-Z,Samantha Woo,samantha-woo,Lady Butterfly,Individual,published,"Abilities: Strink body to the size of an insect

Born in southern China, Samantha Woo, Samanthan or SW as her friends called her, has always been a fan of science and once created a body suit which gave her supernatural abilities to strink and grow at incredible sizes. She later found out that she also could take the form of a butterfly with the suit and received its features and abilities. With the suit she can also shoot beams and has acute hearing & enhanced speed. She traveled the world to find the renowned Atticus Strong believing she could become his assistant. However she would later join his daughter’s super-hero team where she became Lady Butterfly.",Main Universe,Heroes,,,Waveform,28,Butterfly like features; Lazer beams from hands; Enhanced agility; Can grow body
Eliteverse-Heroes-Villains-U-Z,Luka Seionus,luka-seionus,LaPanthra,Individual,published,"The first to join the all girl superhero group Waveform, she was recruited by Atticus Strong to help his daughter stop the destruction of Elite City by several evil experiments from his previous employer. She has inherited a belt from her ancestors that can give the person that wears it superhuman strength, speed, and cat like reflexes. Its believed that this belt was made and handed down to worshipers of the goddess The Cat. Luka’s personality is very reserved and often laidback with more fight than words in her. However it is seen that when she speaks, she talks in rhymes and selective tongue.",Main Universe,Heroes,,,Waveform,33,Cat like reflexes; Magical belt which can cause invisibility; Super strength; Enhanced agility
Eliteverse-Heroes-Villains-U-Z,Carla Tentress,carla-tentress,Muse,Individual,published,"Abilities: Can sing a song that hypnotizes anyone close by; Has since grown to blasts opponents with enhanced soundwaves

Carla Tentress is a beautiful model that was born in Russia on December 23rd, 1984. She shares a unique ability to her mother a Seefor which allows her to sing melodies that can control men and cause emotional unbalance in women. Her body is soft like cotton and her hair is unusually always wet, it is believed that she was born on the island of Seefors and her mother sent her away so that she could grow up and uses her abilities differently than her. Carla was once apart of Waveform before turning into a villain, believing that her abilities should be used differently than what the group originally wanted for her which was to lure evil men into being good.",Main Universe,Heroes,,,Waveform,28,
Eliteverse-Heroes-Villains-U-Z,Wild 4,wild-4,,Team,published,"This team may not want to be mascots for the public zoo, but they could. Each of them have abilities resembling a different type of animal. It could be how they look, the type of power, or their preferred outfit, this group takes pride in their appearances regardless of being also outcasts in the public.",Main Universe,Teams,,,,,
Eliteverse-Heroes-Villains-U-Z,Pedra Hopkens,pedra-hopkens,Tigria,Individual,published,"Born in England, Pedra Hopkens was sent off to SAA where she left shortly after to join the Circus Family and later the Wild 4. She has a tiger like body with fast reflexes and razor sharp claws. Like her fellow teammates she uses her unique appearance as a way to unite others like herself.",Main Universe,Heroes,,,SAA; The Circus Family; Wild 4,26,Tiger like appearance; Razor sharp claws
Eliteverse-Heroes-Villains-U-Z,Jesse Rince,jesse-rince,Falcos,Individual,published,Jesse Rince like his peers was immediately dispelled from his home as an infant and was forced to grow up alone. He quickly joined Wild 4 in hopes to be surrounded by his own kind and get back at his parents & society for outcasting him.,Main Universe,Heroes,,,Wild 4,24,Falcon like appearance; Razor sharp beak; Giant wings
Eliteverse-Heroes-Villains-U-Z,Fera Jogens,fera-jogens,Paladia,Individual,published,"Fera Jogens grew up unlike her teammates surrounded by love in an underwater palace south of Merlantia named Fushia. She was destined to be queen however because of her estranged marriage, she ran away from home. Fera now on the streets and known as Paladia uses her sonic hearing & fish like swimming abilities assist with the other members of Wild 4.",Main Universe,Heroes,,,Wild 4,212,Fish like swimming; Sonic hearing
Eliteverse-Heroes-Villains-U-Z,Peter Potor,peter-potor,Reptilius,Individual,published,"With unknown parents and even dismissed by his own kind, Peter saw hatred by everyone and admitted it back to everyone he encountered. However, once he met the other members of Wild 4, he quickly grew to call them family and begin to lead them in battles choosing neither good nor evil in their fights.",Main Universe,Heroes,,,Wild 4,25,Snake scaly skin; Venom
Eliteverse-Heroes-Villains-U-Z,Tony Stewart,tony-stewart,Night Wolf,Individual,published,"Tony was a part of an experiment that led him to his death. Here he was injected with blood of a wolf that allowed him to gain claws and beastly features at night. He was also injected a strange aloid that gave him indestructible claws, skin, and nearly immortality. Tony in the world as a new man now was able to fight those that experimented on him. He shortly after joined Elite Force and later the Wild 4 as their leader.",Main Universe,Heroes,,,Elite Force; Wild 4,36,Metallic Claws; Indestructible body
Eliteverse-Heroes-Villains-U-Z,Michael Nuculus,michael-nuculus,,Individual,published,"Abilities: Durability Genius level intelligence Accelerated healing factor Pheromone manipulation

No one knew better of the opposing sides of good and evil Descendants better than Michael Nuculus “Rampage”. He worked as a spy with the Wild 4 at one time, Elite Force, and later as a rogue. For a moment his knowledge of the several teams led him to gather knowledge of both sides to eventually creating his own super powered team to fight to end the war between the two sides called The Outsiders. During his early teens he was merely a strong human with monkey like reflexes until he sprouted fur and small horns that caused him to hide in the shadows. He met several others like himself and joined the Wild 4 and left their team to become a member of Elite Force, however after leaving their team, he became leader of his own team.",Main Universe,Heroes,,,Wild 4; Elite Force; The Outsiders,39,Animal-like physiology Abnormal strength; Speed; Stamina; Agility; Razor sharp claws; Teeth
Eliteverse-Heroes-Villains-U-Z,Witches Haven,witches-haven,,Team,published,"A coven of witches who specializes in the elements. Coming together after each one of them have experienced a loss, rather it’s a cheating husband or loss of a child. The Witches Haven is a spellbinding troupe of empowered women whom fights the forces of darkness each day.",Main Universe,Teams,,,,,
Eliteverse-Heroes-Villains-U-Z,Sabrina Falcon,sabrina-falcon,,Individual,published,"Sabrina is descendant of a group of witches that once were followers to Bewithia, the Witch Goddess. She helps create the Witch Haven as a way to help protect magic at all cost in the human world. Although it is later discovered that the Witch Haven has existed for almost 3,000 years and has started with some of the original followers of Bewithia.",Main Universe,Heroes,,,Witches Haven,49,Magical Abilities; Mostly over snow; Ice
Eliteverse-Heroes-Villains-U-Z,Brenda Elswood,brenda-elswood,,Individual,published,"Brenda is a descendant of a group of witches that followed and worshipped Bewithia the Witch goddess almost 3,000 years ago. Her ancestors practiced mostly in defensive magic and as time passed, her magic itself would become darker in terms of being able to control heat and fire. She joined the Witch Haven in hopes to protect magic and magical beings; she once attended Anura in her youth.",Main Universe,Heroes,,,Witches Haven,54,Magical Abilities; Mostly over fire; Heat
Eliteverse-Heroes-Villains-U-Z,Debra Heinsworth,debra-heinsworth,,Individual,published,Debra’s ancestors protected magic and followed the witch goddess Bewithia. They foretold of a school name Anura in which magic would call focus and here people would gather to learn more about magic and how to control their own. She would become a teacher at the school and often fighter amongst the Witches Haven as its eldest member. Her magic is strong and is often used in conjunction with wind and water to produce elemental attacks.,Main Universe,Heroes,,,Witches Haven,60,Magical Abilities; Extensive uses of water; Wind like elemental attacks
Eliteverse-Heroes-Villains-U-Z,World Pirates,world-pirates,,Team,published,"Just when you thought pirates were gone or lost amongst the seven seas, you are mistaken. General Boahmog somehow survived his mysterious disappearance 200 years ago when he fought Blackbeard to the death.",Main Universe,Teams,,,,,
Eliteverse-Heroes-Villains-U-Z,General Boahmog,general-boahmog,General Boahmog,Individual,published,"General Boahmog is one of the galaxy’s most ruthless villians. His body is bullet proof, he tumbles mountains with one punch, and can control the minds of others. With the help of his self-created titans, the World Pirates. General Boahmog travels the universe stealing the life forms of every planet and star they can reach allowing them to gain vast amount of strength and to live longer.",Main Universe,Heroes,,,World Pirates,1200,Brute strength; Mind Control
Eliteverse-Heroes-Villains-U-Z,World Pirates,world-pirates-individual,World Pirates,Individual,published,"Age: Hundreds of years old

Behemoth like statues that has no heart and uses the brain signal of their master to move and take on instructions. Like the titans of greek mythology, these giant creatures can also take on human like forms while also acting on their own with the help of magic. They are led by General Boahmog.",Main Universe,Heroes,,,World Pirates; General Boahmog,,Brute Strength; Indestructible armor
Eliteverse-Heroes-Villains-U-Z,X Team,x-team,,Team,published,"One of the few groups that was formed off of Earth and has no contact with it whatsoever. When Lynk met the boys, he didn’t think of creating a group but a bond was formed and the three lives out their lives as normal in a dimensional holding place.",Main Universe,Teams,,,,,
Eliteverse-Heroes-Villains-U-Z,Lynk,lynk,Lynk,Individual,published,"Abilities: Can close any gateway or dimensional access. Also can access any gateway or entrance

Age: 105 years old (appears 10)

A dimensional wrecker who goal is to abolish all travel throughout the dimensional gates that links the many different worlds. His appearance is like a suited boy with red and black streaks across his body. His razor sharp hair is sharper than glass.",Main Universe,Heroes,,,X Team,,
Eliteverse-Heroes-Villains-U-Z,Gera Holmes,gera-holmes,Boom,Individual,published,"Abilities: Physical pain from others that are nearby

His mutation caused him to feel the pain of others either physically or mentally. This is later translated into a very powerful burst of energy that can disrupt time and space if he releases it from his body. He was banished to another dimension in an attempt to prevent that very explosion. He meets up with Lynk and the two share a bond.",Main Universe,Heroes,,,X Tean; X Team,21,Takes in emotional; Releases it in an atomic blast
Eliteverse-Heroes-Villains-U-Z,Colnard Zuppa,colnard-zuppa,Scar,Individual,published,"Abilities: Can transfer pain from one being to another

Age: 14 (appearance)

Colnard was born without parents and almost exist to live alone in his entire dimension. How he got there or why is there is unknown. The only person that can see him is Lynk because of Lynk’s special power to access any gateway. His appearance is that of a frail boy with scars around his body. Lynk meets him and the two along with Boom (Gera Holmes) form a sort of brother ship which they call the X Team. Scars appears on his back whenever he uses his power, it could be taken into account that the amount of scars he has on his back may indicate that he was trapped here for using his powers on others.",Main Universe,Heroes,,,X Team,,
Eliteverse-Heroes-Villains-U-Z,Young Supreme,young-supreme,,Team,published,Gifted youngsters from around the world. United to serve as a super powered team that no one would expect to fight crime because of their innocent appearances and ages.,Main Universe,Teams,,,,,
Eliteverse-Heroes-Villains-U-Z,Jenna Colgastein,jenna-colgastein,Red Falcon,Individual,published,"Joining the Young Supreme at a young age, Jenna shows little sign of someone at her age because of her adult intelligence, behavior, and lazer eyes which causes her to wear sun shades to protect others from the radiation from her eyes. Jenna became the youngest member of any team across the world. In Young Supreme she represents Europe.",Main Universe,Heroes,,,Young Supreme,10,Lazer Eyes
Eliteverse-Heroes-Villains-U-Z,Vella Vummage,vella-vummage,Green Volt,Individual,published,"Vella was born in Russia to a Soviet leader and a barmaid. Since she was young, Vella had the power to shoot green volts of energy from her hands. She became Russia’s first superhero after joining Young Supreme. Vella represents Asia.",Main Universe,Heroes,,,Young Supreme,13,Green power beams
Eliteverse-Heroes-Villains-U-Z,Silar Onage,silar-onage,Day Rider,Individual,published,"Silar was one of the original members of the Young Supreme. After entering high school, Silar became the Day Rider and learned kung fu in order to beat his opponents. Day Rider later found several other members after using his sister’s computer to contact other special youths across the world. Each member represents a different continent. Silar represents North America.",Main Universe,Heroes,,,Young Supreme,15,
Eliteverse-Heroes-Villains-U-Z,Jet Rodgers,jet-rodgers,Switch,Individual,published,"Jet Rodgers is the goofy team member of Young Supreme, often using his wits and prehistoric transformations to get out of situations often seeming impossible to escape.  Jet has the unique abilities to transform into prehistoric and imaginary creatures using a magical pendant that he wears around his neck and a watch that he wears around his arm both impossible to remove even while showering.",Main Universe,Heroes,,,Young Supreme,14,Can transform into prehistoric; Imaginary creatures using a magical pendant; Watch
Eliteverse-Heroes-Villains-U-Z,Android X,android-x,Android X,Individual,published,"Android X was created years before the Englishmen swarmed North America. During the moments of their last years, the Indians created this robot out of magic and with the help of their gods believing that they needed a way if not to protect them then to carry on their knowledge to future generations. Android x was model after a female goddess that died protecting the Wachuci clan. It joined the Young Supreme after almost 200 years because it was reprogramed with a child’s personality by the Young Watchmen.",Main Universe,Heroes,,,Young Supreme,230,Advance robot
Eliteverse-Heroes-Villains-U-Z,Debroid,debroid,Young Watchman,Individual,published,"Debroid is the world’s smartest person; her intelligence can stretch to nearly god like as she grows older. She joined the Young Supreme after finding out about their vision to help save the world. She help reprogram Android X with the personality of a young child as believing that it would be more helpful and erased it’s memories of its previous existence with the Indians in hopes that it won’t seek vengeance. As of Chapter 13, Debroid becomes the Young Watchman and learns how to use a psychic blast from her head.",Main Universe,Heroes,,,Young Supreme,17,Mental Blasts; Advance knowledge
Eliteverse-Heroes-Villains-U-Z,Z-Team,z-team,,Team,published,An enforcer team sent out by various villain commanders to cause great havoc on unexpected heroes and normal citizens. This group has powers that range from bad to very bad.,Main Universe,Teams,,,,,
Eliteverse-Heroes-Villains-U-Z,Letis Gollard,letis-gollard,Mind Ray,Individual,published,Letis is one of the most powerful psychics known. He is able to use psychic blasts from his hands and with a direct hit; his abilities can drain someone’s body energy forcing them to surrender. At one moment he was part of the Z-Team,Main Universe,Heroes,,,Z-Team,27,Psychic Blasts; Limited Telepathy
Eliteverse-Heroes-Villains-U-Z,Asinta Arnoldia,asinta-arnoldia,Splinter,Individual,published,Asinta Arnoldia came to the Z-Team hoping to find answers of where her sister was taken. She has spikes erected from her body and can shoot it outward as rapid rates. At one moment in her life she was a residence and student at SAA.,Main Universe,Heroes,,,Z-Team; SAA,18,Body Spikes
Eliteverse-Heroes-Villains-U-Z,Gasby Wills,gasby-wills,Stone Girl,Individual,published,Gasby Wills is a prominent super-human of Z-Team as she has a unique ability to turn herself to pure stone. Her body then becomes stronger than diamond and gold together while also enhancing her strength and ability to maximum levels. Gasby is also called Stone Girl.,Main Universe,Heroes,,,Z-Team,22,Body of Stone; Enhance strength
Eliteverse-Heroes-Villains-U-Z,Galland Miphop,galland-miphop,Aluminum Man,Individual,published,"Galland can absorb any object’s structure pattern to match its body detail. In some cases, this ability can make Galland also called Aluminum Man stronger than his original form.",Main Universe,Heroes,,,Z-Team,26,Matter Absorption
Eliteverse-Heroes-Villains-U-Z,Mike Illian,mike-illian,Sector,Individual,published,Mike Illian is a mutant that cannot just teleport he but teleport others by simply thinking of them or the object in question. Mike is known as Sector and is a part of the Z-Team.,Main Universe,Heroes,,,Z-Team,28,Teleportation; Collective Teleportation
Eliteverse-Heroes-Villains-U-Z,Zeta 4,zeta-4,,Team,published,"Teenagers acting as vigilantes, with no code to live by. This group only acts on their own will and own code. Formed to do what they want and when they want it. Rather robbing a bank or saving the day.",Main Universe,Teams,,,,,
Eliteverse-Heroes-Villains-U-Z,Patrick Benworth,patrick-benworth,Sonic Wave,Individual,published,"Considering he team leader, Patrick discovered a hidden lab that was abandon mysteriously near his home town. It was believed to be where scientists were working on a way to create Descendants. Him and his crew of friends were playing around in the lab when an chemical accident gave them super powers. Although at times wild and out of control, they try their best to keep their abilities a secret in fear of someone finding out about them and making them into lab experiments.",Main Universe,Heroes,,,Zeta 4,17,Super human Strength; Flight; Super hearing; Super Speed; Sonic voice
Eliteverse-Heroes-Villains-U-Z,James Rhodes,james-rhodes,Earth Break,Individual,published,"James always wanted to be a teacher of Geology because of his love of the Earth and “in his words, Earth and its many wonders”. James with his friends found an abandoned lab which would be the location where they would get their abnormal like abilities.",Main Universe,Heroes,,,Zeta 4,17,Super human Strength; Flight; Super hearing; Super Speed; Earthquakes
Eliteverse-Heroes-Villains-U-Z,Dorian Redd,dorian-redd,Mindcore,Individual,published,"Constantly bullied in school, Dorian had a fascination with comics and its vivid outlook on heroes and how they are usually classified with kids like him before finding their true calling in life. When his friends found an abandon lab, Dorian became the one who wanted to propel their abilities to the next level, often causing destruction wherever he wanted. He killed those that bullied him through school and murder his family because of molestation when he was a child. He later revealed all this to the police before throwing them across a parking lot. He would become a villain of his own and often fighting the team he once was apart of.",Main Universe,Heroes,,,Zeta 4,18,Super human Strength; Flight; Super hearing; Super Speed; Telekinesis
Eliteverse-Heroes-Villains-U-Z,Connor Ambrosius,connor-ambrosius,Strike,Individual,published,"Considered to one who has his head on straight in the group. Connor Ambrosius received his abiltiies like his friends in a lab experiment during which he received the ability over lightning. Considered one of the most powerful of his group next to ex-member Dorian, Connor also called Strike found he leading the group at times and often battling Mindcore in similar battles. Connor’s past unlike his friends are a complete mystery with most of past surrounding his parents being scientist that were killed. It is believed that his parents were two of the scientist involved in the same experiments that gave the group their abilities.",Main Universe,Heroes,,,Zeta 4,17,Super human Strength; Flight; Super hearing; Super Speed; Lightning
