source,name,slug,alias,type,status,description,universe,categories,stories,places,affiliates,options
Chapter 13 (Monsters),Dr. Emilia Aresta,dr-emilia-aresta,,Individual,published,Partner: Suppatti → Ogguny,Main Universe,Aurelian Characters,,,Suppatti; Ogguny,
Chapter 13 (Monsters),Kendra Lucutti,kendra-lucutti,,Individual,published,Partner: Pluruppa → Seeda → Rose Fairy,Main Universe,Aurelian Characters,,,Pluruppa; Seeda; Rose Fairy,
Chapter 13 (Monsters),Debren,debren,,Individual,published,,Main Universe,Aurelian Characters,,,,
Chapter 13 (Monsters),Gia,gia,,Individual,published,,Main Universe,Aurelian Characters,,,,
Chapter 13 (Monsters),Eternal General Ralphiel,eternal-general-ralphiel,,Individual,published,He joins the Protectors as their chapter 2 guide often using books and technology to substitute for his lack of magical abilities.,Main Universe,Aurelian Characters,,,,
Chapter 13 (Monsters),Benjy Stone,benjy-stone,,Individual,published,"His ancestors were the original founders of the 25 Oracle Stones and their knowledge were passed down to him, although he lacks their magical abilities, he uses his knowledge of history to assist the Protectors throughout Chapters 1 & 2.",Main Universe,Aurelian Characters,,,,
Chapter 13 (Monsters),Jessie Pronen,jessie-pronen,,Individual,published,"During the beginning of the comics, Jessie was really Serjes in disguise sent to watch over Rizer and befriend him in hopes it would help protect him from danger. In the Manga, Jessie is an actual boy who befriends Rizer throughout Elementary school to high school. At the end of the manga, Jessie reveals his magical abilities and assists Rizer on some stand-alone missions against creatures of Aurelia.",Main Universe,Aurelian Characters,,,,
Chapter 13 (Monsters),Kenzie Adams,kenzie-adams,,Individual,published,"A little girl who is afraid of the dark forces so much that she has nightmares about them and draws them to perfection. Although she doesn’t show obvious magical talent, it is reveal that her visions might be similar to that of premonitions. She befriends Zara Collins as the two share similar abilities.",Main Universe,Aurelian Characters,,,,
Chapter 13 (Monsters),Nikel Rezen,nikel-rezen,,Individual,published,15 year old Nikel has appeared throughout the comics as a member of the Red Gang that terrorizes the students of Rizer’s high school including getting into several fights with Rizer himself. It is later revealed that he is son of a general who’s main goal is to hunt down Aurelians and control them.,Main Universe,Aurelian Characters,,,,
Chapter 13 (Monsters),General Hodges Rezen,general-hodges-rezen,,Individual,published,"Father of Nikel Rezen, he is a general whom in the comics hunts down Aurelians during chapter 3 in hopes to find out more about their world and destroy any plans they may have to take over the Earth. He hates creatures and sends several armies to evade Aurelia through mass portals and doorways created by technology. He is often considered chapter 3 villain however in the manga and later at the end of chapter 3 it is discovered that he is taken his orders from a little boy who appears to be Loki.",Main Universe,Aurelian Characters,,,,
Chapter 13 (Monsters),Water Made,water-made,,Monster,published,"Appearance: Aquatic bodied female w/pearl on chest

The Water Made uses moisture and liquid around it as attacks. The pearl on its chest is a gift from Crochen, the pearl can omit powerful forces of water that can defeat its enemies regardless of its type advantage.",Main Universe,Monsters,,,,Types: Aqua; Types: Death; Level: Enrage
Chapter 13 (Monsters),Sancktun,sancktun,,Monster,published,This mutant fish lives low near the oceans seabed; it dislikes sunlight and often glows brightly when entering into the sunlight.,Main Universe,Monsters,,,,Types: Aqua; Level: Ability
Chapter 13 (Monsters),Steel Fishock,steel-fishock,,Monster,published,"Created long ago by engineers, this steel covered fish’s true body is unknown and is said to be acidic.",Main Universe,Monsters,,,,Types: Aqua; Types: Metal; Level: Battle
Chapter 13 (Monsters),Triton,triton,,Monster,published,"Appearance of Triton, the greek god. When the original god Triton, left his post, he created a holographic image of himself. Overtime this image became real because of its exposure to the world, it replaced him and he became the God of the Seas. He is one of the eldest child to Crochen.",Main Universe,Monsters,,,,Types: Aqua; Types: Spell; Level: Enrage
Chapter 13 (Monsters),Kurcher,kurcher,,Monster,published,"Appearance: Kracken w/2 tails

A 100 foot demonic fish created by Crochen to protect and serve his kingdom. The creature grows a new body everytime it’s defeated however rarely. Its scales can produce acid like liquid that can melt anything it touches. It is said to destroy this creature, you must destroy its heart and brain, and however both are locked in its giant steel like rib cage.",Main Universe,Monsters,,,,Types: Aqua; Types: Shadow; Level: Battle
Chapter 13 (Monsters),Anailis,anailis,,Monster,published,"Giant Whale w/3 eyes. Large 1,000 ton whale that usually lives in large bodies of water, the pendants found on its chest and forehead, usually represent that these creatures are of royal bloodlines; however no proof has shown that they belong to a race of royal figures. Although their size usually means they can’t go many places, they are as fast as sound and can travel the world in matter of hours.",Main Universe,Monsters,,,,Types: Aqua; Types: Beast; Level: Battle
Chapter 13 (Monsters),Eganop,eganop,,Monster,published,"Small Fish w/7 eyes. This creepy little fish, shas a brain the size of humans however its other organs are as small as a peanut. Its body is small however its head is large and is known to possess high intelligence and usually live alone and migrates whenever others come near it.",Main Universe,Monsters,,,,Types: Aqua; Level: Ability
Chapter 13 (Monsters),Serpush,serpush,,Monster,published,Small Fish w/armor. This fish’s true body was given a shell like armor by scientist hundreds of years ago believing that its scales should be protected because of their useful nourishments.,Main Universe,Monsters,,,,Types: Aqua; Level: Ability
Chapter 13 (Monsters),De’ Fush,de-fush,,Monster,published,"Small Fish w/10 glowing tails. Able to be seen miles above the ocean’s surface, these glowing fish were guides to sailors and pirates in the early 13th century and has since been use as moving light towers to those that were lost in the Pacific Ocean. Their home once was near the bays of Lostasia.",Main Universe,Monsters,,,,Types: Aqua; Level: Ability
Chapter 13 (Monsters),Atlantian Pirates,atlantian-pirates,,Monster,published,"Appearance: Pirates w/weaponry

Pirates’ w/weaponry. Elfish like pirates with magical armor weaponry, and immortal like lifespan. Some believe that their great fighting and tracking skills is what makes them very useful allies. Mostly found near the bays of Ancient Lostasia, these pirates once were well known traders in the Pacific Channels.",Main Universe,Monsters,,,,Types: Aqua; Types: Soldier; Level: Battle
Chapter 13 (Monsters),Sapphire Fish,sapphire-fish,,Monster,published,"Gold fish w/jeweled armor. Living n near deserts, this golden fish has a jeweled incrusted body and can repel numerous of attacks.",Main Universe,Monsters,,,,Types: Aqua; Level: Ability
Chapter 13 (Monsters),Zemisite,zemisite,,Monster,published,"Evolves from: Sapphire Fish

Silver Fish w/armor & horns. Its giant horns are used as both weapons, shields, and listening instruments. It lives in packs and is the evolve form of Sapphire Fish.",Main Universe,Monsters,,,,Types: Aqua
Chapter 13 (Monsters),Parish,parish,,Monster,published,"Parana’ w/horns, mechanical parts. Parish is part robot and part fish, its horns can also transform into giant guns while the rest of its body is a protecting shield.",Main Universe,Monsters,,,,Types: Aqua; Level: Ability
Chapter 13 (Monsters),Lakark,lakark,,Monster,published,Shark w/hindu writing on its body. The hindu writing on its body is believed to be a spell that protects it from magical attacks.,Main Universe,Monsters,,,,Types: Aqua; Level: Battle
Chapter 13 (Monsters),La Seral,la-seral,,Monster,published,"Seal w/armor, small wings. This seal’s wings aren’t useful for flying however it can hop extremely high, usually to avoid attacks.",Main Universe,Monsters,,,,Types: Aqua; Level: Battle
Chapter 13 (Monsters),Leperas,leperas,,Monster,published,"Evolves from: La Seral

Walrus w/armor. The evolve form of La Seral, it lost its wings while evolving, but it is still able to hop at the same levels.",Main Universe,Monsters,,,,Types: Aqua
Chapter 13 (Monsters),Serprince,serprince,,Monster,published,"Serpent w/hair, spikes. Called the prince of the Atlantic Ocean, Serprince wears a crown like object around its head, representing its status over other aquatic type creatures.",Main Universe,Monsters,,,,Types: Aqua; Types: Prehistoric; Level: Ability
Chapter 13 (Monsters),"Oditon, Metal Serpent",oditon-metal-serpent,,Monster,published,"Evolves from: Serprince

Serpent w/hair, armor. Evolve form of Serprince, Obiton is a powerful controller of aquatic types. It uses the crown like object to control other aquatic types.",Main Universe,Monsters,,,,Types: Aqua; Types: Prehistoric
Chapter 13 (Monsters),"Kion, Ocean King",kion-ocean-king,,Monster,published,"Evolves from: Oditon, Metal Serpent

Serpent w/hair, armor, spikes, small wings, triton. Evolve form of Obiton, Kion possess the power to control water and aquatic creatures, it is about 50ft tall and has small wings that can lift its entire body. Unlike its previous forms, it can fly, although slowly.",Main Universe,Monsters,,,,Types: Aqua; Types: Prehistoric
Chapter 13 (Monsters),"Orgonos, Lord Of The Seas",orgonos-lord-of-the-seas,,Monster,published,"Evolves from: Kion, Ocean King

1000 ft Serpent w/triton, big wings, triton, spikes. Evolve form of Kion, standing at 1000 ft, Orgonos is one of the eldest sons to Crochen.",Main Universe,Monsters,,,,Types: Aqua; Types: Prehistoric
Chapter 13 (Monsters),Sand Eel,sand-eel,,Monster,published,"Eel w/rock skin, antennae. Unlike most eels, the Sand Eel’s body can produce massive amounts of sand and rock, its body is adjustable and can regenerate at will.",Main Universe,Monsters,,,,Types: Aqua; Types: Beast; Types: Geo; Level: Ability
Chapter 13 (Monsters),Giant Red Eel,giant-red-eel,,Monster,published,"Evolves from: Sand Eel

Giant Red Eel w/armor. Evolve form of Sand Eel, this giant red eel can produce massive sand storms. This creature can live for thousands of years by regenerating its body using the sand around it.",Main Universe,Monsters,,,,Types: Aqua; Types: Beast; Types: Geo
Chapter 13 (Monsters),Death Jellyfish,death-jellyfish,,Monster,published,"Jellyfish w/metal armor. With one touch of the electricity provided by the Death Jellyfish, it can cause immediate paralysis or even death.",Main Universe,Monsters,,,,Types: Aqua; Types: Beast; Types: Shock; Level: Ability
Chapter 13 (Monsters),The Seaquoich,the-seaquoich,,Monster,published,"Evolves from: Death Jellyfish

Giant Jellyfish w/thousands of eyes. Each of its eyes can see different points around it, the pupils on each eye can shoot at least 3,000 volts of electricity.",Main Universe,Monsters,,,,Types: Aqua; Types: Beast; Types: Shock
Chapter 13 (Monsters),Cannon Fish,cannon-fish,,Monster,published,"Fish w/cannons on back. The Cannon Fish has giant cannons on its back that can shoot massive amounts of bullets all generated from air, water, and fuel found in its body.",Main Universe,Monsters,,,,Types: Aqua; Types: Metal; Level: Battle
Chapter 13 (Monsters),"Kaos, Ancient Turtle",kaos-ancient-turtle,,Monster,published,"Level note: Guardian Of The Earth

Giant Tortoise w/trees and mt. from its back. This giant guardian protected the Earth almost 10,000 years ago and has since slept, mountains, cities, and forests has grown on its back, the cities has since been abandoned since it was awaken.",Main Universe,Monsters,,,,Types: Aqua; Types: Geo; Types: Leaf; Level: Extreme
Chapter 13 (Monsters),"Dihniuos, Blessed Dolphin",dihniuos-blessed-dolphin,,Monster,published,"Level note: Guardian Of The Seas

Giant Dolphin w/jewels on its back, wings, hair. Guardian of the Seas, the protector has a body made of smooth leather like fabric and the glowing jewels and crystals can omit light and beams of energy as attacks.",Main Universe,Monsters,,,,Types: Aqua; Types: Shock; Level: Extreme
Chapter 13 (Monsters),Harpoon Fish,harpoon-fish,,Monster,published,Salmon w/harpoons. These small creatures have harpoons on their sides that are used as weapons when being attacked by larger pray.,Main Universe,Monsters,,,,Types: Aqua; Types: Shock; Level: Battle
Chapter 13 (Monsters),Diggy,diggy,,Monster,published,"Duck w/armor, steel fist Diggy has giant steel fist that allows it to be a valuable fighter.",Main Universe,Monsters,,,,Types: Aqua; Types: Geo; Level: Ability
Chapter 13 (Monsters),Armored Shrimp,armored-shrimp,,Monster,published,"Shrimp w/armor, stingers. The Armored Shrimp is small but with its armor, it can almost reflect any attack.",Main Universe,Monsters,,,,Types: Aqua; Level: Ability
Chapter 13 (Monsters),Siren,siren,,Monster,published,"Half woman, half mermaid w/long dark hair, demonic claws. The siren is deadly maidens or spirits of the sea. Their cries can lure men into their traps and kill them. Only skilled women can get around their deadly songs.",Main Universe,Monsters,,,,Types: Aqua; Types: Shadow; Level: Extreme
Chapter 13 (Monsters),Mermadic Females,mermadic-females,,Monster,published,"Mermaids w/female features (sometimes have armors). Mermadic Females are mermaids that belong to Crochen’s kingdom and arehis daughters, there currently are over 10,000 mermaids living in the world, each resembles the next.",Main Universe,Monsters,,,,Types: Aqua; Level: Battle
Chapter 13 (Monsters),Mermadic Males,mermadic-males,,Monster,published,"Mermen w/different male features (sometimes w/armor). Opposites of the female mermadic kingdom, the Mermen are usually warriors or leaders in their households; some have warrior armor while others are servants to Crochen.",Main Universe,Monsters,,,,Types: Aqua; Level: Battle
Chapter 13 (Monsters),Mermaid Soldiers,mermaid-soldiers,,Monster,published,"----MERMADIC FEMALES or MERMADIC MALES

Female/Male Mermaids w/weapons & armor. Both male and female mermadic kingdom members, these soldiers possess the same physical attributes however with enhanced weaponry, once the armor and weapons are placed upon normal Mermadic members, they evolve into soldiers.",Main Universe,Monsters,,,,Types: Aqua; Types: Soldier
Chapter 13 (Monsters),"Sisho, Ocean Guard",sisho-ocean-guard,,Monster,published,"Giant Scissor Fish w/triton. Fast fish with scissor like claws and metal bodies, Sisho carries a triton that can unleash massive amounts of aquatic attacks.",Main Universe,Monsters,,,,Types: Aqua; Level: Battle
Chapter 13 (Monsters),The Clown Fish,the-clown-fish,,Monster,published,Small Rainbow Fish. The Clown Fish is covered in rainbow like patterns that once looked upon can make someone dizzy.,Main Universe,Monsters,,,,Types: Aqua; Level: Ability
Chapter 13 (Monsters),Niken,niken,,Monster,published,"Swordfish w/spikes. Niken is very fast fish with giant sword like objects around its body, if touched, Niken blade like scales will start cutting repeatedly until the foe is defeated.",Main Universe,Monsters,,,,Types: Aqua; Level: Ability
Chapter 13 (Monsters),Castle Dolphin,castle-dolphin,,Monster,published,"Dolphin w/steel twin fins. This dolphin carries a castle like structure on its back and a crown like object on its head. It is said that once upon a time, it belong to the royal family of Aurelia.",Main Universe,Monsters,,,,Types: Aqua; Level: Ability
Chapter 13 (Monsters),Castle Whale,castle-whale,,Monster,published,"3 million lbs whale w/castle on its back. The largest creature in  Aurelia, the Castle Whale can’t move very fast however when it does, it creates giant waves and earthquakes along the way. It’s Super Blast Beam can destroy cities with one blow.",Main Universe,Monsters,,,,Types: Aqua; Level: Extreme
Chapter 13 (Monsters),Devil Ray,devil-ray,,Monster,published,Stingray w/shock pads on its back. The Devil Ray has giant shock pads on its body that if touched can paralyse the toucher.,Main Universe,Monsters,,,,Types: Aqua; Types: Shock; Level: Battle
Chapter 13 (Monsters),Shark Tooth,shark-tooth,,Monster,published,"Giant Shark w/rusted rocky metal skin. Coated in hard metal, Shark Tooth’s body is believed to be the product of living in harsh surroundings in ancient times. It body now serves as a protective shield against attacks.",Main Universe,Monsters,,,,Types: Aqua; Types: Metal; Level: Battle
Chapter 13 (Monsters),Machine Fish,machine-fish,,Monster,published,"Half gold fish, mechanical parts, half submarine. Created about 600 years ago, this creature’s body is a submarine however its heart, upper body, and tail are that of different fishes.",Main Universe,Monsters,,,,Types: Aqua; Types: Metal; Level: Battle
Chapter 13 (Monsters),Shining Fish,shining-fish,,Monster,published,Neon Goldfish. A glowing fish that can blind foes with bright flashing lights.,Main Universe,Monsters,,,,Types: Aqua; Level: Battle
Chapter 13 (Monsters),Air Duckers,air-duckers,,Monster,published,"Half Duck, Half Robin. This hybrid duck can use  its giant wings to fly while using its fins to swim both at exteme rates.",Main Universe,Monsters,,,,Types: Aqua; Types: Aero; Level: Ability
Chapter 13 (Monsters),Element Of Water,element-of-water,,Monster,published,"Woman shape made up of water w/eyes, pearl on its chest. Beautiful, fast, and strong is what describes this spirit. In ancient times, the Element of Water protected the oceans, ponds, lakes, and rivers and could be called upon to grant magical properties such as healing and immortality.",Main Universe,Monsters,,,,Types: Aqua; Level: Battle
Chapter 13 (Monsters),Altarian Male,altarian-male,,Monster,published,"Centaur w/mermadic features. Stong and brute, this warrior lives deep below the waters and is able to swim at fast rrates. It appears to be the protector of Crochen’s kingdom.",Main Universe,Monsters,,,,Types: Aqua; Level: Battle
Chapter 13 (Monsters),Altarian Female,altarian-female,,Monster,published,"Female Centaur w/mermadic features. Although equally stong to her male counterpart, the Altarian Female wishes to better serve royal figures.",Main Universe,Monsters,,,,Types: Aqua; Level: Battle
Chapter 13 (Monsters),Altarian Hound,altarian-hound,,Monster,published,"Half Dog, Half Mermaid features. Protector of the people of the Mermadic Kingdom, the Altarian Hound has giant claws, fangs, and a mermaid like tail all used in attacks and to swim extremely fast.",Main Universe,Monsters,,,,Types: Aqua; Types: Beast; Level: Ability
Chapter 13 (Monsters),Delphine,delphine,,Monster,published,Beautiful dolphin w/smooth appearing skin & jewel on forehead,Main Universe,Monsters,,,,Types: Aqua; Level: Battle
Chapter 13 (Monsters),Jeserine,jeserine,,Monster,published,Beautiful cat like creature w/smooth appearing skin w/a diamond shape antennae,Main Universe,Monsters,,,,Types: Aqua; Level: Battle
Chapter 13 (Monsters),Saaolist,saaolist,,Monster,published,"Giant serpent like creature w/red antennas, green acidic body, morphed deformed coating",Main Universe,Monsters,,,,Types: Aqua; Types: Vermin; Types: Shadow; Level: Battle
Chapter 13 (Monsters),Ocean Titan,ocean-titan,,Monster,published,Giant female covered in water w/staff,Main Universe,Monsters,,,,Types: Aqua; Level: Extreme
Chapter 13 (Monsters),Mistress Of Water,mistress-of-water,,Monster,published,Liquid form female giant w/pearls and royal clothing w/staff & octopus lower half,Main Universe,Monsters,,,,Types: Aqua; Level: Extreme
Chapter 13 (Monsters),Mystic Dolphin,mystic-dolphin,,Monster,published,"Blue sparkling dolphins w/orbs on chest, tail, and fins",Main Universe,Monsters,,,,Types: Aqua; Level: Battle
Chapter 13 (Monsters),Talondish Rider,talondish-rider,,Monster,published,Teenage nixie on mystic dolphins w/long hair,Main Universe,Monsters,,,,Types: Aqua; Types: Soldier; Level: Battle
Chapter 13 (Monsters),Wolfshark,wolfshark,,Monster,published,"Half shark, half wolf like features w/long pulled back horns",Main Universe,Monsters,,,,Types: Aqua; Level: Battle
Chapter 13 (Monsters),Electrifish,electrifish,,Monster,published,Mouse fish w/electric patches on fins,Main Universe,Monsters,,,,Types: Aqua; Types: Shock; Level: Battle
Chapter 13 (Monsters),Electrieel,electrieel,,Monster,published,Eel w/rock hard armor,Main Universe,Monsters,,,,Types: Aqua; Types: Shock; Level: Ability
Chapter 13 (Monsters),Magnawhale,magnawhale,,Monster,published,3000 ton whale w/half rock/stone body,Main Universe,Monsters,,,,Types: Aqua; Level: Enrage
Chapter 13 (Monsters),Magnetiwhale,magnetiwhale,,Monster,published,7000 ton whale w/mechanical parts,Main Universe,Monsters,,,,Types: Aqua; Types: Metal; Level: Enrage
Chapter 13 (Monsters),Daemon Of The Sea,daemon-of-the-sea,,Monster,published,100 ton demon w/mix fish & aquatic life qualities,Main Universe,Monsters,,,,Types: Aqua; Types: Shadow; Level: Enrage
Chapter 13 (Monsters),Danity Pierce,danity-pierce,,Monster,published,Pirate w/long black spiky hair,Main Universe,Monsters,,,,Types: Aqua; Types: Soldier; Level: Ability
Chapter 13 (Monsters),Creshaw,creshaw,,Monster,published,Leviathan w/metal scales,Main Universe,Monsters,,,,Types: Aqua; Types: Shadow; Level: Enrage
Chapter 13 (Monsters),Aurora Hound,aurora-hound,,Monster,published,"Blue fox w/12 rainbow colored tails, wings, 11ft tall",Main Universe,Monsters,,,,Types: Aqua; Types: Aero; Level: Enrage
Chapter 13 (Monsters),Boreal Hunter,boreal-hunter,,Monster,published,"Evolves from: Aurora Hound

Aurora hound standing upright w/armor",Main Universe,Monsters,,,,Types: Aqua; Types: Soldier
Chapter 13 (Monsters),"Drift, Aqua Mage",drift-aqua-mage,,Monster,published,"Tall mysterious entity w/full length cloak, pale skin",Main Universe,Monsters,,,,Types: Aqua; Level: Enrage
Chapter 13 (Monsters),Ocean Crist,ocean-crist,,Monster,published,Female spirit made of water w/glowing white orbs on inside of body,Main Universe,Monsters,,,,Types: Aqua; Level: Enrage
Chapter 13 (Monsters),Sea Wing,sea-wing,,Monster,published,Giant half serpent w/upper female form,Main Universe,Monsters,,,,Types: Aqua; Types: Aero; Level: Enrage
Chapter 13 (Monsters),Aquatini,aquatini,,Monster,published,"Baby Walrus w/horn for a snout, blue/white skin",Main Universe,Monsters,,,,Types: Aqua; Level: Baby Form
Chapter 13 (Monsters),Aquasuar,aquasuar,,Monster,published,"Evolves from: Aquatini

Blue dinosaur boy w/horn as nose, sharp claws, spikes down back, spiked ears",Main Universe,Monsters,,,,Types: Aqua; Types: Prehistoric
Chapter 13 (Monsters),Vipaqantus,vipaqantus,,Monster,published,"Prehistoric type: Serpent
Evolves from: Aquasarus

Blue/white dragon serpent w/large scales & spikes on body, different colored jewels around body. Giant green & black sword",Main Universe,Monsters,,,,Types: Aqua; Types: Prehistoric
Chapter 13 (Monsters),Zantorus,zantorus,,Monster,published,"Prehistoric type: Dragon
Evolves from: Vipaqantus

Giant four legged dragon like wolf with spiky steel armor & giant fangs, horn like tail & sword like nose",Main Universe,Monsters,,,,Types: Aqua; Types: Prehistoric
Chapter 13 (Monsters),Isyluss,isyluss,,Monster,published,"Appearance: White/blue horse with ice sickles around body, blue eyes, long white hair, sparkling jewels on skin

Able to move on water at top speeds, Isyluss can freeze water at a temperature below -1000 degrees. It lives in icy terrain and controls the particles in the air to create ice attacks.",Main Universe,Monsters,,,,Types: Aqua; Types: Frozen; Level: Battle
Chapter 13 (Monsters),Cria,cria,,Monster,published,"Appearance: Seahorse like creature with black/blue/purple body, slimy skin, small wings, mermaid like tail

Beautiful spirit of the sea, this creature moves gently throughout the waters cam ouflaging itself with the waves, the orbs around its neck ca signal future threats to its environments.",Main Universe,Monsters,,,,Types: Aqua; Level: Ability
Chapter 13 (Monsters),Criatira,criatira,,Monster,published,"Evolves from: Cria

Appearance: Cria w/clouds as tails, hair, wings, & arising from hooves. White patches of glass around its body

One of the postal guardians to the Mermadic Kingdom, this creature uses its horn to blast anything it considers an enemy.",Main Universe,Monsters,,,,Types: Aqua; Types: Aero
Chapter 13 (Monsters),Startretta,startretta,,Monster,published,"Star fish with big eyes, crystal like body & glass like structure over body",Main Universe,Monsters,,,,Types: Aqua; Level: Ability
Chapter 13 (Monsters),Vokastar,vokastar,,Monster,published,"Evolves from: Startretta

Star fish like serpent w/starfish head & serpent body, giant spikes for wings, orbs circling its body",Main Universe,Monsters,,,,Types: Aqua
Chapter 13 (Monsters),Oceanbus,oceanbus,,Monster,published,"Giant wolf dog beast like creature w/upper coral reef like body, split tail, giant fangs & claws, long light blue hair",Main Universe,Monsters,,,,Types: Aqua; Level: Enrage
Chapter 13 (Monsters),Pleipras,pleipras,,Monster,published,White/black Futabasaurus w/heavy constructed rock bump on its back & patches of red marks on its underbelly,Main Universe,Monsters,,,,Types: Aqua; Types: Prehistoric; Level: Battle
Chapter 13 (Monsters),Nidhogga,nidhogga,,Monster,published,Similar to the appearance of Nidhogg of Norse Mythology w/giant reddish-white scales & thin clear wings,Main Universe,Monsters,,,,Types: Aqua; Types: Prehistoric; Level: Battle
Chapter 13 (Monsters),Tuca,tuca,,Monster,published,Baby toucan w/giant beak.,Main Universe,Monsters,,,,Types: Aqua; Types: Aero; Level: Baby Form
Chapter 13 (Monsters),Trudlamp,trudlamp,,Monster,published,"Evolves from: Tuca

Adult toucan w/giant beak, lamp like object on its under-belly, glowing eyes, electric sparks from its wings",Main Universe,Monsters,,,,Types: Aqua; Types: Shock; Types: Aero
Chapter 13 (Monsters),Brumpoplum,brumpoplum,,Monster,published,"Evolves from: Trudlamp

Giant hawk/toucan like creature w/glowing orbs on its body & reddish/white imprints around its wings & fur",Main Universe,Monsters,,,,Types: Aqua; Types: Shock; Types: Aero
Chapter 13 (Monsters),Duclam,duclam,,Monster,published,"Baby duck like creature with glowing orb as a tail, small claws",Main Universe,Monsters,,,,Types: Aqua; Types: Shock; Level: Baby Form
Chapter 13 (Monsters),Pishduck,pishduck,,Monster,published,"Evolves from: Duclam

Boy size duck w/big claws, long tail with attached orb, curly hair, orb on both knees & ponytail",Main Universe,Monsters,,,,Types: Aqua; Types: Shock
Chapter 13 (Monsters),Kanisduck,kanisduck,,Monster,published,"Evolves from: Pishduck

Man size duck w/giant claws, two tails with detached orb, curly hair, orb on forehead, jacket like material & baggy pants, giant knives",Main Universe,Monsters,,,,Types: Aqua; Types: Shock
Chapter 13 (Monsters),Dabreta,dabreta,,Monster,published,Lionfish w/long pulled back horns,Main Universe,Monsters,,,,Types: Aqua; Types: Metal; Level: Battle
Chapter 13 (Monsters),Bullshark,bullshark,,Monster,published,"Egg of a Bull-shark (animal) w/eyes, small hands & feet",Main Universe,Monsters,,,,Types: Aqua; Level: Ability
Chapter 13 (Monsters),Dunkledorf,dunkledorf,,Monster,published,Giant Dunkleosteus w/metal armor & small city on the tip of its tail,Main Universe,Monsters,,,,Types: Aqua; Types: Prehistoric; Types: Geo; Level: Battle
Chapter 13 (Monsters),Aquadog,aquadog,,Monster,published,Dog w/ mermadic features,Main Universe,Monsters,,,,Types: Aqua; Types: Beast; Level: Ability
Chapter 13 (Monsters),Gian,gian,,Monster,published,"Evolves from: Aquadog

Dog standing upright w/mermadic features & seaweed as fins",Main Universe,Monsters,,,,Types: Aqua; Types: Mind; Types: Beast
Chapter 13 (Monsters),Killer Of The Ocean,killer-of-the-ocean,,Monster,published,"Anglerfish w/large fangs, when on land it grows feet & giant claws, longer tail, & two antlers",Main Universe,Monsters,,,,Types: Aqua; Types: Shock; Level: Battle
Chapter 13 (Monsters),Obruckavalus,obruckavalus,,Monster,published,"Circular object w/overlapping circular body underneath, one giant eye & black/brown body made of unknown rock",Main Universe,Monsters,,,,Types: Aqua; Types: Mind
Chapter 13 (Monsters),RIN,rin,,Monster,published,Baby rhino standing upright w/boxing gloves on fist,Main Universe,Monsters,,,,Types: Aqua; Types: Geo; Level: Ability
Chapter 13 (Monsters),Rinatirusa,rinatirusa,,Monster,published,"Evolves from: RIN

Teenage rhino standing upright w/boxing gloves on fist & boxing glove on tail & fangs, claws, and star like rock chest plate",Main Universe,Monsters,,,,Types: Aqua; Types: Soldier
Chapter 13 (Monsters),Robustis,robustis,,Monster,published,"Evolves from: Rinatirusa

Adult version of RINATIRUSA w/claws coming from shoulders, arms, legs, & sides of face, long tail from back of its head",Main Universe,Monsters,,,,Types: Aqua; Types: Soldier; Types: Geo
Chapter 13 (Monsters),Pi-1,pi-1,,Monster,published,"Alien like creature w/part robotic body, giant eyes & smile, glowing orbs around neck, head floating above neck.  The PI-1 is a mysterious creature from an unknown world, so far only five have visited Aurelia and Earth and no studies has been done to determine their origins, powers, or special traits. However it has been known that it has aquatic and mechanical attributes.",Main Universe,Monsters,,,,Types: Aqua; Types: Machine; Level: Ability
Chapter 13 (Monsters),Akinus,akinus,,Monster,published,"Sea lion w/glowing scales & aquatic like fire coming from its back as hair. This beautiful creature contains fire like hair that if put out will kill it, luckily for it, only dry sand can put it out as it lives in water and is immune to it.",Main Universe,Monsters,,,,Types: Aqua; Level: Battle
Chapter 13 (Monsters),Drilldragon,drilldragon,,Monster,published,"Prehistoric type: Serpent

Shark w/drill as a nose, 10ft long body, & hard bodied shell. It has a drill like structure its forehead, that allows it to drill through hard surfaces.",Main Universe,Monsters,,,,Types: Aqua; Types: Prehistoric; Level: Battle
Chapter 13 (Monsters),Nodaprent,nodaprent,,Monster,published,"Prehistoric type: Serpent
Evolves from: Drilldragon

Giant swordfish w/glowing reddish & blue body. The evolve form of Drilldragon, this giant shark has four eyes and its sword like nose is used in a variety of fighting attacks.",Main Universe,Monsters,,,,Types: Aqua; Types: Prehistoric
Chapter 13 (Monsters),Shrintet,shrintet,,Monster,published,"Shrimp w/yellow & black bodied shrimp that haves patches of electricity around its body. This electric fish can produce massive amounts of electric charged pulses throughout its body. When it glows a bright red, it means it is about to discharge.",Main Universe,Monsters,,,,Types: Aqua; Types: Shock; Level: Ability
Chapter 13 (Monsters),Chiwen,chiwen,,Monster,published,Similar appearance to the Chiwen of Chinese mythology. Its body is made of mysterious form of gold & diamond. This mysterious creature travels the oceans in providing gold and diamonds to surrounding cities that worships it. Where it is from and what the limits of its powers are currently unknown.,Main Universe,Monsters,,,,Types: Aqua; Level: Ability
Chapter 13 (Monsters),Startrio,startrio,,Monster,published,"Appearance: Three star fishes attached to each other w/one eye from each & gold plated body

These three body fish appears as star fish and share one mind, their organs are constantly moving about within them to keep them alive. It is written that they bring good luck to those who can grab and hold on to them.",Main Universe,Monsters,,,,Types: Aqua; Types: Mind; Level: Battle
Chapter 13 (Monsters),Serpentina,serpentina,,Monster,published,"Prehistoric type: Serpent

Female serpent w/human features & long beautiful orange hair. Eldest daughter to Villa, she is next to claim the throne as Villa, Queen of the Serpents when she comes of age. Although she hates the crown, she flocks to men and orders them to do her bitting like a selfish queen.",Main Universe,Monsters,,,,Types: Aqua; Types: Prehistoric; Level: Battle
Chapter 13 (Monsters),"Villa, Queen Of The Serpents",villa-queen-of-the-serpents,,Monster,published,"Prehistoric type: Serpent
Evolves from: Serpentina

Serpentina w/armor, giant staff, long hair, upper human appearance, claws, split sparkling tail, & rings floating around lower body. Ruler of the eastern aquatic kingdom, Villa is direct foe to Crochen; some believe it is because he cheated on her with a young witch which bored many of his creatures. For vengenance she created the first tsunami, it destroyed Atlantis, his precious island.",Main Universe,Monsters,,,,Types: Aqua; Types: Prehistoric
Chapter 13 (Monsters),Imperial Ocean Beast,imperial-ocean-beast,,Monster,published,"Appearance: Giant sea beast w/body similar to dog & wolf. Hard shell armor on upper body,

Giant sea beast w/body similar to dog & wolf. Hard shell armor on upper body. Massive size beast, Imperial Ocean Beasts are lords of the oceans and its body is covered in electric patches and rock like skin hidden underneath to protect it.",Main Universe,Monsters,,,,Types: Aqua; Types: Geo; Types: Shock; Types: Beast; Level: Enrage
Chapter 13 (Monsters),Aquawolf,aquawolf,,Monster,published,"Liquid wolf w/rock like fangs & claws, & curled up tail. Fast speed, rocky like body, this creature can turn into water and move about the lands as fast as the wind.",Main Universe,Monsters,,,,Types: Aqua; Types: Beast; Level: Ability
Chapter 13 (Monsters),Water Phoenix,water-phoenix,,Monster,published,"Giant bird made of water & partial body armor. A giant bird made completely of water; it is the protector of Crochen’s kingdom. It has vast intelligence, great speed, super strength, and can produce giant balls of water as attacks.",Main Universe,Monsters,,,,Types: Aqua; Types: Aero; Level: Battle
Chapter 13 (Monsters),"Quarion, The Sea Beast",quarion-the-sea-beast,,Monster,published,"Lion beast w/gold plated rings around upper body, legs, & neck, giant rigged horn, long serpent like tail, long flowing hair. Master of the seas, Quarion possesses vast intelligence, great strength, speed, and power, it is the ruler of the North Sea in Aurelia.",Main Universe,Monsters,,,,Types: Aqua; Types: Beast; Level: Enrage
Chapter 13 (Monsters),Zimondale,zimondale,,Monster,published,"Otter standing upright w/pearls around neck, warrior attire on upper body, gloves, boots. Zimondale is a small fighting otter with weapons and giant pearls that can be used as aquatic attacks.",Main Universe,Monsters,,,,Types: Aqua; Types: Soldier; Level: Enrage
Chapter 13 (Monsters),Aquawhale,aquawhale,,Monster,published,"Appearance: Giant whale w/horns (largest creature of all creatures)

Giant whale w/horns. 2nd largest creature in Aurelia, the Aquawhale can use its body and the water around it as massive attacks. Its body is both partially furry and covered in a smooth leather like fabric.",Main Universe,Monsters,,,,Types: Aqua; Level: Battle
Chapter 13 (Monsters),Gangi-Kozo,gangi-kozo,,Monster,published,Sea creature w/thousands of antennae’s & fishing rod like object from arms. Gangi-Kozo is a sea creature that can hear and see everything within 100 miles from it with its thousand antennae like objects from its head. The fishing rod like object is used to control water around it.,Main Universe,Monsters,,,,Types: Aqua; Level: Enrage
Chapter 13 (Monsters),Ikuchi,ikuchi,,Monster,published,100ft serpent that curves dripping blood & oil from scales. Ikuchi is a deadly creature that can use its own blood as attacks and oil from its scales to poison its foes.,Main Universe,Monsters,,,,Types: Aqua; Types: Prehistoric; Level: Enrage
Chapter 13 (Monsters),Isonade,isonade,,Monster,published,"Fish like sea monster w/barb-covered tail. Isonade is a giant sea monster with barbed wired tail and a fence like structure around its body for protection, its giant body can be used as a weapon because it often throws itself using propellent like attacks.",Main Universe,Monsters,,,,Types: Aqua; Level: Enrage
Chapter 13 (Monsters),Cocodile,cocodile,,Monster,published,"Crocodile w/armor. Cocodile appears to be made partially of chocolate like fabric with armor bits around its body, when attacked, it hides in shallow waters using the waters as protective armor.",Main Universe,Monsters,,,,Types: Aqua; Level: Battle
Chapter 13 (Monsters),Caiman,caiman,,Monster,published,"Evolves from: Cocodile

Alligator standing upright w/cannons on shoulders, jetpack, & armor. A fierce warrior, Caiman battles opponents with giant cannons and giant fist. Its Cannon Rage attack continues until the opponent is defeated.",Main Universe,Monsters,,,,Types: Aqua; Types: Vermin
Chapter 13 (Monsters),Fire Made,fire-made,,Monster,published,Wizard covered in flames w/blue tail with black flames around attire,Main Universe,Monsters,,,,Types: Pyro; Types: Death; Level: Enrage
Chapter 13 (Monsters),Dinger,dinger,,Monster,published,"Fire blob w/eyes, mouth",Main Universe,Monsters,,,,Types: Pyro; Level: Baby Form
Chapter 13 (Monsters),Lizinger,lizinger,,Monster,published,"Evolves from: Dinger

Fire covered boy w/armor",Main Universe,Monsters,,,,Types: Pyro
Chapter 13 (Monsters),Salis,salis,,Monster,published,"Evolves from: Lizinger

Fire covered man w/armor, sword",Main Universe,Monsters,,,,Types: Pyro
Chapter 13 (Monsters),"Fire Sage, Mere",fire-sage-mere,,Monster,published,"Evolves from: Salis

Appearance: Fire covered bearded man w/staff, long flaming hair

The Fire Sage, Mere loses his fighting skills when it evolves however it gains powerful Spell based attacks and can summon other creatures to do its physical attacks.",Main Universe,Monsters,,,,Types: Pyro; Types: Spell
Chapter 13 (Monsters),"Xilieniueme, Guardian Troll",xilieniueme-guardian-troll,,Monster,published,"EXTREME (Guardian of Fire Lands, Spirit World)

Giant Troll covered in flames w/long hair",Main Universe,Monsters,,,,Types: Pyro; Types: Death
Chapter 13 (Monsters),Fire Lands Giants,fire-lands-giants,,Monster,published,Giant covered in flames w/club,Main Universe,Monsters,,,,Types: Pyro; Types: Beast; Level: Battle
Chapter 13 (Monsters),Pyro Kale,pyro-kale,,Monster,published,,Main Universe,Monsters,,,,Types: Pyro; Level: Ability
Chapter 13 (Monsters),Little boy covered in flames,little-boy-covered-in-flames,,Monster,published,,Main Universe,Monsters,,,,
Chapter 13 (Monsters),Pyro Kale 2,pyro-kale-2,,Monster,published,"Evolves from: Pyro Kale

Tall man w/metal chest plate, leather pants, boots, spikes, sword, long blue hair, body covered in flames",Main Universe,Monsters,,,,Types: Pyro
Chapter 13 (Monsters),Cyborg Puppy,cyborg-puppy,,Monster,published,"Metal type: Machine

Half black, brown puppy, half machine",Main Universe,Monsters,,,,Types: Pyro; Types: Shadow; Types: Metal; Level: Ability
Chapter 13 (Monsters),Cyborg Hound,cyborg-hound,,Monster,published,"Metal type: Machine
Evolves from: Cyborg Puppy",Main Universe,Monsters,,,,Types: Pyro; Types: Shadow; Types: Metal
Chapter 13 (Monsters),Mechanical dog,mechanical-dog,,Monster,published,,Main Universe,Monsters,,,,
Chapter 13 (Monsters),Cyborg Cerebus,cyborg-cerebus,,Monster,published,"Metal type: Machine
Evolves from: Cyborg Hound

Half machine, half Cerebus",Main Universe,Monsters,,,,Types: Pyro; Types: Shadow; Types: Metal
Chapter 13 (Monsters),Tilaken,tilaken,,Monster,published,"Boy covered in blue fire, big baggy pants",Main Universe,Monsters,,,,Types: Pyro; Types: Shadow; Level: Ability
Chapter 13 (Monsters),Element Of Fire,element-of-fire,,Monster,published,Giant fire sculpture made of rocks & lava,Main Universe,Monsters,,,,Types: Pyro; Level: Battle
Chapter 13 (Monsters),Pyro Heart,pyro-heart,,Monster,published,"Prehistoric type: Serpent

Giant heart covered in chains, w/voice, glowing flaming crystals around it",Main Universe,Monsters,,,,Types: Pyro; Types: Prehistoric; Level: Battle
Chapter 13 (Monsters),Pyro Soul,pyro-soul,,Monster,published,"Prehistoric type: Serpent
Evolves from: Pyro Heart

Giant Red Dragon w/zodiac signs on its body",Main Universe,Monsters,,,,Types: Pyro; Types: Prehistoric
Chapter 13 (Monsters),Fire Titan,fire-titan,,Monster,published,"Red giant covered in black iron, fur around body parts, spiky gray hair, crystal spikes down body, sword",Main Universe,Monsters,,,,Types: Pyro; Level: Enrage
Chapter 13 (Monsters),Blazing Angel,blazing-angel,,Monster,published,"Appearance: Male Angel w/wings of fire, short white hair

When the heavens broke apart after the war against Beelzebub, numerous angels fell to the earth. Some even fell to other lands. This was one of those angels.",Main Universe,Monsters,,,,Types: Pyro; Types: Light; Level: Battle
Chapter 13 (Monsters),Sun Angel,sun-angel,,Monster,published,"Evolves from: Blazing Angel

Appearance: Male Angel w/wings of white fire, long white hair, armor, floating orbs around neck, symbols around body

The evolve form of Blazing Angel, Sun Angel can move as fast as light, one of the few beings that can and uses its glowing wings to burn like the sun of which it lives.",Main Universe,Monsters,,,,Types: Pyro; Types: Light
Chapter 13 (Monsters),Master Of Fire,master-of-fire,,Monster,published,"Armored giant covered in flames and royal attire, bracelets that turn into fireballs",Main Universe,Monsters,,,,Types: Pyro; Level: Enrage
Chapter 13 (Monsters),Fireboyrne Phoenix,fireboyrne-phoenix,,Monster,published,Giant dark orange bird w/metal black beak,Main Universe,Monsters,,,,Types: Pyro; Types: Aero; Level: Battle
Chapter 13 (Monsters),Bhro,bhro,,Monster,published,"Dinosaur head w/black horn, fangs",Main Universe,Monsters,,,,Types: Pyro; Level: Baby Form
Chapter 13 (Monsters),Prosoro,prosoro,,Monster,published,"Evolves from: Bhro

Dinosaur boy w/black spikes down back, fangs, giant claws",Main Universe,Monsters,,,,Types: Pyro
Chapter 13 (Monsters),Anubis Talisman,anubis-talisman,,Monster,published,"Evolves from: Prosoro

Dinosaur man w/Egyptian pharaoh attire, spell book, jewelry around body, staff",Main Universe,Monsters,,,,Types: Pyro; Types: Spell
Chapter 13 (Monsters),"Anubis, God Of The Dead",anubis-god-of-the-dead,,Monster,published,"Evolves from: Anubis Talisman

Half Anubis like w/human features, dragon tail, & Anubis Talisman appearance",Main Universe,Monsters,,,,Types: Pyro; Types: Death
Chapter 13 (Monsters),Pyrus,pyrus,,Monster,published,"Boy like dinosaur w/happy appearance, giant smile, soft scales, molten rock body harden with short tail",Main Universe,Monsters,,,,Types: Pyro; Level: Baby Form
Chapter 13 (Monsters),Volcatoy,volcatoy,,Monster,published,"Evolves from: Pyrus

Adult version of Pyrus w/longer tail, spikes, giant fist, & horns",Main Universe,Monsters,,,,Types: Pyro
Chapter 13 (Monsters),Godrex,godrex,,Monster,published,"Evolves from: Volcatoy

Dragon like creature w/hard molten body, giant globes down its chest & stomach, wings, & volcanoes on its back",Main Universe,Monsters,,,,Types: Pyro
Chapter 13 (Monsters),Magmapup,magmapup,,Monster,published,Fox dog w/fire on its back & tail,Main Universe,Monsters,,,,Types: Pyro; Types: Beast; Level: Ability
Chapter 13 (Monsters),Magmalus,magmalus,,Monster,published,"Evolves from: Magmapup

Giant Magmapup w/hard rock body, giant fangs & claws, steel underbelly.",Main Universe,Monsters,,,,Types: Pyro; Types: Beast
Chapter 13 (Monsters),Volcano Watcher,volcano-watcher,,Monster,published,"Evolves from: Magmalus

Giant dog beast w/fur partially in flames, scarf made of crystals decorating its body, glowing eyes, sparkling hooves",Main Universe,Monsters,,,,Types: Pyro; Types: Beast
Chapter 13 (Monsters),Karura,karura,,Monster,published,Half human/eagle w/beak for a nose. Armor decorates its body & carries gun,Main Universe,Monsters,,,,Types: Pyro; Level: Enrage
Chapter 13 (Monsters),Pyrarmadillo,pyrarmadillo,,Monster,published,"Pink fairy armadillo w/most of its fur on fire, black metal skin & hard shell made of diamond",Main Universe,Monsters,,,,Types: Pyro; Types: Metal; Level: Ability
Chapter 13 (Monsters),Lisor,lisor,,Monster,published,Lizard boy standing upright w/brownish & reddish color,Main Universe,Monsters,,,,Types: Pyro; Level: Ability
Chapter 13 (Monsters),Ultra Lizar,ultra-lizar,,Monster,published,"Evolves from: Lisor

Adult Lisor w/chains around body, metal plates around body, twin daggers, & metal choker around neck",Main Universe,Monsters,,,,Types: Pyro; Types: Metal
Chapter 13 (Monsters),Imperor Lizar,imperor-lizar,,Monster,published,"Evolves from: Ultra Lizar

Adult Ultra Lizar w/two swords, jets on back & ankles, pendant on chest containing souls of people killed in flames it caused",Main Universe,Monsters,,,,Types: Pyro; Types: Metal
Chapter 13 (Monsters),Volcanahorse,volcanahorse,,Monster,published,"Appearance: Black/white horse w/fire for hair, horns from head, ankles, & tail

With a body made of molten lava, Volcanahorse can turn its body into indestructible armor that can protect it from any known heat level.",Main Universe,Monsters,,,,Types: Pyro; Types: Beast; Level: Battle
Chapter 13 (Monsters),Banscheecat,banscheecat,,Monster,published,"Persian cat w/star shaped whiskers, armor, thousands of tails, & at night it haves a ghostly appearance",Main Universe,Monsters,,,,Types: Pyro; Types: Spirit; Types: Beast; Level: Battle
Chapter 13 (Monsters),Mushflame,mushflame,,Monster,published,"Baby mushroom like shell w/flames sprouting from the holes around its shell, its true form is always hidden from sight",Main Universe,Monsters,,,,Types: Pyro; Types: Leaf; Level: Baby Form
Chapter 13 (Monsters),Fyro,fyro,,Monster,published,"Evolves from: Mushflame

The true form inside of MUSHFLAME, it’s a sticky glob of acid & lava. It contains hundreds of spores around its body and has eyes that comes out of its forehead when its ready to attack",Main Universe,Monsters,,,,Types: Pyro
Chapter 13 (Monsters),Vabruda,vabruda,,Monster,published,Red peacock w/its feathers appearing in flames & eyes on features made of ice.,Main Universe,Monsters,,,,Types: Pyro; Types: Aero; Level: Ability
Chapter 13 (Monsters),Dinoboy,dinoboy,,Monster,published,Dinosaur like boy w/big patches of yellow skin & gold rings around short tail,Main Universe,Monsters,,,,Types: Pyro; Level: Ability
Chapter 13 (Monsters),Dinoman,dinoman,,Monster,published,"Evolves from: Dinoboy

Adult version of DINOBOY w/giant rings around long serpent like tail",Main Universe,Monsters,,,,Types: Pyro
Chapter 13 (Monsters),Fire Larva,fire-larva,,Monster,published,Larvae w/giant eyes & fireballs for tail,Main Universe,Monsters,,,,Types: Pyro; Level: Baby Form
Chapter 13 (Monsters),Dinire,dinire,,Monster,published,"Evolves from: Fire Larva

Fire covered baby dragon w/floating rocks around body",Main Universe,Monsters,,,,Types: Pyro
Chapter 13 (Monsters),Pyro T-Rex,pyro-t-rex,,Monster,published,"Evolves from: Dinire

T-rex w/partially rock & lava covered body",Main Universe,Monsters,,,,Types: Pyro; Types: Prehistoric
Chapter 13 (Monsters),Studer,studer,,Monster,published,"Appearance: White/orange bunny w/giant ears made of fire & rock like leaves from head & as wings

This gun toting bunny can move at great speeds and it protects it’s area at all cost. It has attacks like Pyro Grenade and Sonic Rush that can defend itself in any situation.",Main Universe,Monsters,,,,Types: Pyro; Types: Beast; Level: Ability
Chapter 13 (Monsters),Lava Rabbit,lava-rabbit,,Monster,published,"Evolves from: Studer

Human sized rabbit w/short ears made of rocks & partially covered lava body",Main Universe,Monsters,,,,Types: Pyro; Types: Beast
Chapter 13 (Monsters),Blank Puppy,blank-puppy,,Monster,published,"Black puppy w/tail made of lava, giant eyes, & body covered in flames (can also teleport every time it barks)",Main Universe,Monsters,,,,Types: Pyro; Types: Beast; Level: Battle
Chapter 13 (Monsters),Smoke Demon,smoke-demon,,Monster,published,"Smoke like creature w/giant eyes, fangs, & horns",Main Universe,Monsters,,,,Types: Pyro; Types: Shadow; Level: Battle
Chapter 13 (Monsters),Bufalon,bufalon,,Monster,published,"Buffalo w/giant horns, fire on back & tail, long fiery hair",Main Universe,Monsters,,,,Types: Pyro; Types: Beast; Level: Battle
Chapter 13 (Monsters),Abura-Bo,abura-bo,,Monster,published,"Appearance: Fireball w/eyes, detached claws, fangs

Kid like ghost w/mask over face that stands in middle of roads & Japanese fuku’",Main Universe,Monsters,,,,Types: Death; Types: Leaf; Types: Geo; Types: Pyro; Level: Ability
Chapter 13 (Monsters),Basan,basan,,Monster,published,,Main Universe,Monsters,,,,Types: Pyro; Types: Beast; Level: Battle
Chapter 13 (Monsters),Large fire-breathing chicken monster,large-fire-breathing-chicken-monster,,Monster,published,,Main Universe,Monsters,,,,
Chapter 13 (Monsters),Gotokuneko,gotokuneko,,Monster,published,Giant overgrown cat w/giant fire-breathing bamboo horn,Main Universe,Monsters,,,,Types: Pyro; Types: Beast; Level: Battle
Chapter 13 (Monsters),"Vila, Eagle Of Vengeance",vila-eagle-of-vengeance,,Monster,published,"Giant eagle w/armor, black claws",Main Universe,Monsters,,,,Types: Aero; Types: Shadow; Level: Battle
Chapter 13 (Monsters),Air Made,air-made,,Monster,published,"Male spirit w/giant wings, blue eyes, made of wind",Main Universe,Monsters,,,,Types: Aero; Types: Soldier; Level: Enrage
Chapter 13 (Monsters),Storm Maiden,storm-maiden,,Monster,published,"Appearance: Female spirit w/golden dress, yellow eyes, staff, fairy wings, elf ears, sitting on storm cloud

Once one of the many goddesses of the skies, the Storm Maiden built her domain above the clouds in an effort to separate herself from the war that brought the end of the gods. Her most troubling attacks are Storm Voyage and Sky Blitz",Main Universe,Monsters,,,,Types: Aero; Types: Shock; Level: Enrage
Chapter 13 (Monsters),Pagel,pagel,,Monster,published,,Main Universe,Monsters,,,,Types: Aero; Types: Elemental; Level: Ability
Chapter 13 (Monsters),Rainbow Seagull,rainbow-seagull,,Monster,published,,Main Universe,Monsters,,,,
Chapter 13 (Monsters),Aeo Serpent,aeo-serpent,,Monster,published,"Prehistoric type: Serpent

Giant snake like dragon w/clouds as wings, tail, beard, & hair, blue scaly body",Main Universe,Monsters,,,,Types: Aero; Types: Prehistoric; Level: Battle
Chapter 13 (Monsters),Fie Serpent,fie-serpent,,Monster,published,"Prehistoric type: Serpent

Giant snake like dragon w/clouds made of fire circling its body, fire rings around its body, arising from a volcano",Main Universe,Monsters,,,,Types: Aero; Types: Prehistoric; Types: Pyro; Level: Battle
Chapter 13 (Monsters),Wa Serpent,wa-serpent,,Monster,published,"Prehistoric type: Serpent

Giant snake like dragon w/rings of water circling its body, sharp pointy tail,  arising from the sea",Main Universe,Monsters,,,,Types: Aero; Types: Prehistoric; Types: Pyro; Level: Battle
Chapter 13 (Monsters),Gaea Serpent,gaea-serpent,,Monster,published,"Prehistoric type: Serpent

Giant dragon w/crystals floating around its body, mountains on its back",Main Universe,Monsters,,,,Types: Aero; Types: Prehistoric; Types: Aqua; Level: Battle
Chapter 13 (Monsters),Element Of Air,element-of-air,,Monster,published,Giant Tornado w/eyes,Main Universe,Monsters,,,,Types: Aero; Level: Battle
Chapter 13 (Monsters),Itio Canary,itio-canary,,Monster,published,Golden black canary w/jewel on its forehead,Main Universe,Monsters,,,,Types: Aero; Level: Ability
Chapter 13 (Monsters),Neiti Swan,neiti-swan,,Monster,published,"Black swan w/orbs arounds its body, glowing with sprinkles, & giant wings",Main Universe,Monsters,,,,Types: Aero; Level: Battle
Chapter 13 (Monsters),Blood Bat,blood-bat,,Monster,published,"Bat covered in blood, giant fangs, one eye",Main Universe,Monsters,,,,Types: Aero; Types: Shadow; Level: Battle
Chapter 13 (Monsters),Dark Robin,dark-robin,,Monster,published,"Black robin w/red band around neck, wings, & ankles, giant pulled back horns, long tail",Main Universe,Monsters,,,,Types: Aero; Level: Ability
Chapter 13 (Monsters),Air Purifier,air-purifier,,Monster,published,Small silk skinned dino w/pale gray skin,Main Universe,Monsters,,,,Types: Aero; Types: Prehistoric; Level: Ability
Chapter 13 (Monsters),Air Purifier (Black Marble Version),air-purifier-black-marble-version,,Monster,published,"Air Purifier w/black marble like skin, chain around its neck with orb on it",Main Universe,Monsters,,,,Types: Aero; Types: Prehistoric; Level: Ability
Chapter 13 (Monsters),Fle’,fle,,Monster,published,Glowing farrows w/strings of cloths from their tails,Main Universe,Monsters,,,,Types: Aero; Level: Ability
Chapter 13 (Monsters),Black Songbird,black-songbird,,Monster,published,"Appearance: Parrot w/armor

Using its unnatural long hair, the Black Songbird can hear sounds from great distance and can detect bad weather before it starts. Many villages of old, used this creature as a beacon for oncoming danger.",Main Universe,Monsters,,,,Types: Aero; Level: Ability
Chapter 13 (Monsters),Sultan Of The Air,sultan-of-the-air,,Monster,published,"Light blue Giant w/wings, armory, & riding on giant horses",Main Universe,Monsters,,,,Types: Aero; Types: Shock; Level: Enrage
Chapter 13 (Monsters),Sky Guardian,sky-guardian,,Monster,published,Giant falcon like creature w/helmet & metal wings,Main Universe,Monsters,,,,Types: Aero; Level: Battle
Chapter 13 (Monsters),Scarlet Robin,scarlet-robin,,Monster,published,Scarlet Robin (actual bird) w/giant beak,Main Universe,Monsters,,,,Types: Aero; Level: Baby Form
Chapter 13 (Monsters),Ribbon Robin,ribbon-robin,,Monster,published,"Evolves from: Scarlet Robin

Giant SCARLET ROBIN w/pulled back horns",Main Universe,Monsters,,,,Types: Aero
Chapter 13 (Monsters),Retro Robin,retro-robin,,Monster,published,"Evolves from: Ribbon Robin

RIBBON ROBIN standing upright w/warrior attire & weaponry",Main Universe,Monsters,,,,Types: Aero; Types: Soldier
Chapter 13 (Monsters),Aelin,aelin,,Monster,published,"Prehistoric type: Serpent

Serpent like creature w/white/red/purple/blue skin & beak, wings, & claws",Main Universe,Monsters,,,,Types: Aero; Types: Prehistoric; Level: Ability
Chapter 13 (Monsters),Cloud Monster,cloud-monster,,Monster,published,"Small cloud w/eyes & horn, shaped like a bird",Main Universe,Monsters,,,,Types: Aero; Level: Ability
Chapter 13 (Monsters),Winged Flyer,winged-flyer,,Monster,published,"Evolves from: Cloud Monster

Cockatoo w/cloud like feathers & wings, colorful body, & steel claws",Main Universe,Monsters,,,,Types: Aero
Chapter 13 (Monsters),Armingo,armingo,,Monster,published,Flamingo w/armor,Main Universe,Monsters,,,,Types: Aero; Types: Metal; Level: Battle
Chapter 13 (Monsters),Regibird,regibird,,Monster,published,Raggiana bird of paradise w/partial armor & colorful feathers,Main Universe,Monsters,,,,Types: Aero; Types: Elemental; Level: Battle
Chapter 13 (Monsters),Aurelian Condor,aurelian-condor,,Monster,published,California condor w/armor & pulled back horns,Main Universe,Monsters,,,,Types: Aero; Level: Battle
Chapter 13 (Monsters),Earth Made,earth-made,,Monster,published,"Giant rock beast arising from the ground w/fangs & claws made of diamond, no eyes",Main Universe,Monsters,,,,Types: Geo; Types: Spirit; Level: Extreme
Chapter 13 (Monsters),Battle Ox,battle-ox,,Monster,published,"Ox w/armor & 4 horns, 3 tails",Main Universe,Monsters,,,,Types: Geo; Level: Battle
Chapter 13 (Monsters),Dust Monster,dust-monster,,Monster,published,Giant dust monster with claws made of rock & eyes that are blackholes,Main Universe,Monsters,,,,Types: Geo; Level: Battle
Chapter 13 (Monsters),Lightning Mole,lightning-mole,,Monster,published,"Mole w/patches of electricity around its body, body partially made of rock",Main Universe,Monsters,,,,Types: Geo; Types: Shock; Level: Battle
Chapter 13 (Monsters),Rust Drainer,rust-drainer,,Monster,published,Ant/cockroach w/rock hard bodied,Main Universe,Monsters,,,,Types: Geo; Level: Battle
Chapter 13 (Monsters),Suppatti,suppatti,,Monster,published,Small bunny like creature w/long ears which it uses to sit & walk with,Main Universe,Monsters,,,,Types: Geo; Level: Baby Form
Chapter 13 (Monsters),Oggunny,oggunny,,Monster,published,"Evolves from: Suppatti

Lady like bunny w/large black/brown ears, nurse like decor, & large egg like object in its pouch",Main Universe,Monsters,,,,Types: Geo; Types: Beast
Chapter 13 (Monsters),Dust Worm,dust-worm,,Monster,published,Brown worm made of rock & spikes,Main Universe,Monsters,,,,Types: Geo; Types: Vermin; Level: Ability
Chapter 13 (Monsters),Sandstorm Worm,sandstorm-worm,,Monster,published,"Evolves from: Dust Worm

Giant worm made of sand, rocks, tentacles of iron, glowing grass patches around body, bug like features",Main Universe,Monsters,,,,Types: Geo; Types: Vermin
Chapter 13 (Monsters),Earth Catcher,earth-catcher,,Monster,published,Vampiric short baseball player w/giant rock like mitt,Main Universe,Monsters,,,,Types: Geo; Level: Ability
Chapter 13 (Monsters),Element Of Earth,element-of-earth,,Monster,published,"Giant bolder like beast w/circular rings imprinted into its body, giant fangs, & patches of crystals on underbelly",Main Universe,Monsters,,,,Types: Geo; Level: Battle
Chapter 13 (Monsters),Sand Rabbit,sand-rabbit,,Monster,published,"Rabbit made of sand & rocks, long floppy ears w/patches of ice & fur. Crystals for claws & toenails",Main Universe,Monsters,,,,Types: Geo; Types: Beast; Level: Ability
Chapter 13 (Monsters),Rhinestone Turtle,rhinestone-turtle,,Monster,published,Giant tortoise w/giant mountains on its back with rhinestones around its body,Main Universe,Monsters,,,,Types: Geo; Types: Beast; Level: Ability
Chapter 13 (Monsters),Sandstorm Turtle,sandstorm-turtle,,Monster,published,"Evolves from: Rhinestone Turtle

Giant tortoise w/giant patches of trees around its back & armor",Main Universe,Monsters,,,,Types: Geo; Types: Beast
Chapter 13 (Monsters),Dessert Demon,dessert-demon,,Monster,published,"Giant demonic beast made of sand, boulders, crystal patches around under skin, giant claws made of mountains on its risk",Main Universe,Monsters,,,,Types: Geo; Types: Demon; Level: Enrage
Chapter 13 (Monsters),Ziyikonti,ziyikonti,,Monster,published,"Tall elfish warrior w/long wire like hair, sword, torn clothing w/symbols on them, jewels around his body, bounty hunter like features",Main Universe,Monsters,,,,Types: Geo; Types: Soldier; Level: Enrage
Chapter 13 (Monsters),Ashanti,ashanti,,Monster,published,Tall bluish/purple woman in gypsy clothing w/warrior attire & sword,Main Universe,Monsters,,,,Types: Geo; Types: Soldier; Level: Enrage
Chapter 13 (Monsters),Ground Bishop,ground-bishop,,Monster,published,Rock giant w/royal like attire,Main Universe,Monsters,,,,Types: Geo; Level: Extreme
Chapter 13 (Monsters),Nilex,nilex,,Monster,published,Boy made of rocks w/hair of grass & flower like patches around body,Main Universe,Monsters,,,,Types: Geo; Level: Ability
Chapter 13 (Monsters),Earth Owl,earth-owl,,Monster,published,,Main Universe,Monsters,,,,Types: Geo; Types: Aero; Types: Shock; Level: Battle
Chapter 13 (Monsters),Owl made of rock & stone,owl-made-of-rock-stone,,Monster,published,,Main Universe,Monsters,,,,
Chapter 13 (Monsters),Diamond Bear,diamond-bear,,Monster,published,"Pink & white bear w/giant patches of diamond on tail, stomach & palms",Main Universe,Monsters,,,,Types: Geo; Level: Ability
Chapter 13 (Monsters),Kongarock,kongarock,,Monster,published,"Baby kangaroo w/boxing gloves & rings around its eyes, purple/orange body",Main Universe,Monsters,,,,Types: Geo; Level: Ability
Chapter 13 (Monsters),Primaroo,primaroo,,Monster,published,"Evolves from: Kongarock

Adult KONGAROCK w/spiky iron tail & spikes down its back, shoulders, & arms",Main Universe,Monsters,,,,Types: Geo
Chapter 13 (Monsters),Spikasaur,spikasaur,,Monster,published,Small spikeball w/giant black eyes,Main Universe,Monsters,,,,Types: Geo; Types: Prehistoric; Level: Ability
Chapter 13 (Monsters),Kumas,kumas,,Monster,published,Baby elephant w/small iron shell on its back & horns,Main Universe,Monsters,,,,Types: Geo; Level: Baby Form
Chapter 13 (Monsters),Muga-Kumas,muga-kumas,,Monster,published,"Evolves from: Kumas

Teenage elephant w/giant iron shell, giant tusk, diamond incrusted eyes, one giant steel husky tail",Main Universe,Monsters,,,,Types: Geo
Chapter 13 (Monsters),Duma-Koni-Kumas,duma-koni-kumas,,Monster,published,"Evolves from: Muga-Kumas

Mammoth w/giant iron shell & one giant flat iron tail",Main Universe,Monsters,,,,Types: Geo
Chapter 13 (Monsters),Sartipole,sartipole,,Monster,published,"Rock/steel like totem pole w/giant nose & eyes, stick like figure",Main Universe,Monsters,,,,Types: Geo; Level: Ability
Chapter 13 (Monsters),Gimonstrious,gimonstrious,,Monster,published,"Evolves from: Sartipole

Giant boulder like creature w/Sartipole similarities, mask decorates body",Main Universe,Monsters,,,,Types: Geo
Chapter 13 (Monsters),Garceon,garceon,,Monster,published,"Brown cat w/small pint sized rocks as a necklace, fur made of harden dust",Main Universe,Monsters,,,,Types: Geo; Types: Beast; Level: Ability
Chapter 13 (Monsters),Gilaceon,gilaceon,,Monster,published,"Evolves from: Garceon

Persian version of Garceon w/long twin tails & brown/white fur",Main Universe,Monsters,,,,Types: Geo; Types: Beast
Chapter 13 (Monsters),Muffatar,muffatar,,Monster,published,"Giant tortoise like creature w/shell made of rocks, plants, & diamond like structure as skin, patches of grass around skin",Main Universe,Monsters,,,,Types: Geo; Types: Leaf; Types: Beast; Level: Battle
Chapter 13 (Monsters),Geruptptatine,geruptptatine,,Monster,published,"Rock like serpent w/scales of hard brown iron, giant claws, no legs, & giant fangs",Main Universe,Monsters,,,,Types: Geo; Level: Battle
Chapter 13 (Monsters),Eruptus,eruptus,,Monster,published,"Evolves from: Geruptptatine

Giant GERUPTPTATINE w/pockets down its front side & eggs in all of them (each egg has a different special attack)",Main Universe,Monsters,,,,Types: Geo
Chapter 13 (Monsters),Shell Dinosaur,shell-dinosaur,,Monster,published,Baby Edmontonia (dinosaur) w/green & beige scales,Main Universe,Monsters,,,,Types: Geo; Types: Prehistoric; Level: Ability
Chapter 13 (Monsters),Edmontus,edmontus,,Monster,published,"Evolves from: Shell Dinosaur

Larger version of SHELL DINOSAUR standing upright w/black globe on stomach",Main Universe,Monsters,,,,Types: Geo; Types: Prehistoric
Chapter 13 (Monsters),Edongrikus,edongrikus,,Monster,published,"Evolves from: Edmontus

Bigger EDMONTUS w/flat iron tail, two giant horns from its neck",Main Universe,Monsters,,,,Types: Geo; Types: Prehistoric
Chapter 13 (Monsters),Grasibear,grasibear,,Monster,published,Baby teddy bear w/giant leaves arising from its back wrapping around its shoulders & head,Main Universe,Monsters,,,,Types: Leaf; Level: Baby Form
Chapter 13 (Monsters),Vinagibear,vinagibear,,Monster,published,"Evolves from: Grasibear

Green teddy bear w/giant patches of grass around body, giant leaves as tails, acorns as ears",Main Universe,Monsters,,,,Types: Leaf
Chapter 13 (Monsters),Zygabear,zygabear,,Monster,published,"Evolves from: Vinagibear

Adult version of VINAGIBEAR w/red acorns as ears, giant patches of rock around body",Main Universe,Monsters,,,,Types: Leaf
Chapter 13 (Monsters),Forest Scorpion,forest-scorpion,,Monster,published,Giant scorpion w/patches of jewels & grass around its body,Main Universe,Monsters,,,,Types: Leaf; Types: Vermin; Level: Enrage
Chapter 13 (Monsters),Appeppend,appeppend,,Monster,published,Giant sleeping cat w/armor strips around its body,Main Universe,Monsters,,,,Types: Leaf; Level: Battle
Chapter 13 (Monsters),Savage Garden,savage-garden,,Monster,published,"Giant grass, rock covered beast w/tentacles",Main Universe,Monsters,,,,Types: Leaf; Types: Shadow; Level: Battle
Chapter 13 (Monsters),Dogen Elves,dogen-elves,,Monster,published,Elf w/long black hair & elfish attire,Main Universe,Monsters,,,,Types: Leaf; Level: Ability
Chapter 13 (Monsters),"Ea, Goddess Of Nature",ea-goddess-of-nature,,Monster,published,"Appearance: Woman robed in a dress made of flowers, plants, leaves, patches of grass around skin, hair made of weeds

Unified by the power of nature, Ea uses blankets of nature like abilities to heal, create, and modify her surroundings.",Main Universe,Monsters,,,,Types: Leaf; Level: Enrage
Chapter 13 (Monsters),Lady Vina,lady-vina,,Monster,published,"Nude female w/elfish appearance & vines wrapping around her body, weeds as hair decorated with flowers",Main Universe,Monsters,,,,Types: Leaf; Level: Battle
Chapter 13 (Monsters),Pluruppa,pluruppa,,Monster,published,"Appearance: Floating yellow seed w/giant leaf from its forehead

With the giant leaf on its head, it absorbs sunlight to plant beautiful flowers around itself and releases oxygen.",Main Universe,Monsters,,,,Types: Leaf; Level: Baby Form
Chapter 13 (Monsters),Seeda,seeda,,Monster,published,"Evolves from: Pluruppa

Appearance: Floating red seed w/four smaller heads & flowers from its body

Containing the power to absorb life from nature, Seeda can use that energy to create massive landforms at a time. Even in desolated places where nature doesn’t grow.",Main Universe,Monsters,,,,Types: Leaf
Chapter 13 (Monsters),Rose Fairy,rose-fairy,,Monster,published,"Evolves from: Seeda

Appearance: Red fairy like creature w/seeds dangling from its body, giant rose as its head, & giant roses as feet & hands

Considered the creator of flowers, the Rose Fairy uses gentle scents to lure enemies in and uses her Petal Massacre to cut down any opponent.",Main Universe,Monsters,,,,Types: Leaf; Types: Spell
Chapter 13 (Monsters),Shni Shni,shni-shni,,Monster,published,Fairy girl w/flowers decorating its body & rings of vines hovering its arms,Main Universe,Monsters,,,,Types: Leaf; Level: Ability
Chapter 13 (Monsters),Janee’,janee,,Monster,published,"Appearance: Plum like creature w/leaves attached to its back & beak

This beautiful creature can use its divine steel like leaves to reflect numerous attacks.",Main Universe,Monsters,,,,Types: Leaf; Level: Ability
Chapter 13 (Monsters),Glambell,glambell,,Monster,published,"Evolves from: Janee’

Appearance: Little girl w/Crateva religiosa plant as her outfit & around her head

A crafty fairy maiden that moves through the wind using its elegant wings. In return it can also move through dimensions.",Main Universe,Monsters,,,,Types: Leaf
Chapter 13 (Monsters),Soloribee,soloribee,,Monster,published,"Evolves from: Glambell

Appearance: White fairy w/St. Bernard’s Lily on its back & bee stinger as a tail

The special kind of wings Soloribee has can pierce through almost anything. It uses the many sharp like structures on its body to shield itself from attacks.",Main Universe,Monsters,,,,Types: Leaf; Types: Vermin
Chapter 13 (Monsters),Shanee’,shanee,,Monster,published,"Evolves from: Soloribee

Appearance: When Shanee’ evolved from Soloribee, it gained the power to abstract powers from others and repelled them back stronger.

Tall woman w/upper form similar to a White Fairy and lower form of a bee, giant wings similar to the St. Bernard’s Lily erects from her back",Main Universe,Monsters,,,,Types: Leaf; Types: Vermin
Chapter 13 (Monsters),Knowledge Tree,knowledge-tree,,Monster,published,"Appearance: Giant tree w/chains from its branches, orbs hovering around its neck

The all-knowing and wise wizard that was trapped inside a tree for eternity.  With no way out, the wizard took to his fate and instead used his knowledge to spread his vast and unmatched knowledge throughout the world.",Main Universe,Monsters,,,,Types: Leaf; Level: Battle
Chapter 13 (Monsters),Kacti,kacti,,Monster,published,,Main Universe,Monsters,,,,
Chapter 13 (Monsters),Leaf,leaf,,Monster,published,,Main Universe,Monsters,,,,
Chapter 13 (Monsters),Ability,ability,,Monster,published,"Appearance: Cactus like boy w/pearl black eyes; Leprechaun w/book; Short dough boy like creature w/giant floppy ears & pearls as buttons; Black version of SioS w/demonic features & horns; White short version of TRABU holding a whistle; Baby like elephants dressed in hindu inspired clothing, short bunny like ears, with jewel on forehead; TV w/hands, feet, eyes; Mechanical bug like creatures with big wings & camera like objects throughout their bodies

Mechanical bug like creatures with hard shells and giant bodies, camera like objects throughout bodies",Main Universe,Monsters,,,,
Chapter 13 (Monsters),Crock,crock,,Monster,published,"Appearance: Tree Stump w/wires from its roots, eyes, mouth, & ears

A tree stump brought to life when magic entered the world. Its scary demeanor is often a mistaken misconception as Crock are known to be very loving creatures.",Main Universe,Monsters,,,,Types: Leaf; Level: Ability
Chapter 13 (Monsters),Tree Elf,tree-elf,,Monster,published,Elf like people w/elfish clothing & glowing tails,Main Universe,Monsters,,,,Types: Leaf; Level: Battle
Chapter 13 (Monsters),Leefa,leefa,,Monster,published,Green head w/leaf on its forehead,Main Universe,Monsters,,,,Types: Leaf; Level: Baby Form
Chapter 13 (Monsters),Elelefha,elelefha,,Monster,published,"Evolves from: Leefa

Green girl w/leaves as a skirt & diamonds around neck",Main Universe,Monsters,,,,Types: Leaf
Chapter 13 (Monsters),Gailva,gailva,,Monster,published,"Evolves from: Elelefha

Green woman w/cape, skin tight outfit, sword (with rose tip), long hair of white grass, & patches of rock on skin",Main Universe,Monsters,,,,Types: Leaf
Chapter 13 (Monsters),Kesebell,kesebell,,Monster,published,"Evolves from: Gailva

Woman made of rock & grass w/bell shaped dress made of a shell",Main Universe,Monsters,,,,Types: Leaf
Chapter 13 (Monsters),"Ceres, Goddess Of The Harvest",ceres-goddess-of-the-harvest,,Monster,published,"Evolves from: Kesebell

Similarities to Ceres, Greek goddess of the same name w/bowl of fruit & vegetables as a hat",Main Universe,Monsters,,,,Types: Leaf
Chapter 13 (Monsters),Devorou,devorou,,Monster,published,Rainbow colored Venus flytrap w/eyes,Main Universe,Monsters,,,,Types: Leaf; Types: Vermin; Level: Battle
Chapter 13 (Monsters),Gynus,gynus,,Monster,published,"Evolves from: Devorou

Giant Venus Flytrap w/wings (can’t fly) & tentacles from head",Main Universe,Monsters,,,,Types: Leaf; Types: Vermin
Chapter 13 (Monsters),The Belize Soldier,the-belize-soldier,,Monster,published,"Elf like soldier w/patches of grass & weeds around its armor (brown, blue, & yellow armor)",Main Universe,Monsters,,,,Types: Leaf; Types: Soldier; Level: Battle
Chapter 13 (Monsters),Leafia,leafia,,Monster,published,Baby girafee w/patches of grass around its body & sharp leaf like tail,Main Universe,Monsters,,,,Types: Leaf; Level: Ability
Chapter 13 (Monsters),Trestormarig,trestormarig,,Monster,published,"Evolves from: Leafia

Adult LEAFIA w/clouds as hair & seeds as a necklace",Main Universe,Monsters,,,,Types: Leaf
Chapter 13 (Monsters),Gragon,gragon,,Monster,published,Baby dragon w/giant leaves sprouting from its body,Main Universe,Monsters,,,,Types: Leaf; Types: Prehistoric; Level: Baby Form
Chapter 13 (Monsters),Gragereon,gragereon,,Monster,published,"Evolves from: Gragon

Teenage dragon w/reptilian features & patches of armor around body",Main Universe,Monsters,,,,Types: Leaf; Types: Prehistoric
Chapter 13 (Monsters),Reckteleion,reckteleion,,Monster,published,"Evolves from: Gragereon

Adult dragon w/patches of ice around its lower body, standing upright on hind legs",Main Universe,Monsters,,,,Types: Leaf; Types: Prehistoric
Chapter 13 (Monsters),Blossa,blossa,,Monster,published,Onion head w/miniature tree erecting from head,Main Universe,Monsters,,,,Types: Leaf; Level: Baby Form
Chapter 13 (Monsters),Whistlebell,whistlebell,,Monster,published,"Evolves from: Blossa

Onion w/bigger tree on head, grass on lower body",Main Universe,Monsters,,,,Types: Leaf
Chapter 13 (Monsters),Lovada,lovada,,Monster,published,"Evolves from: Whistlebell

Onion w/giant blossom on head, puffy balloon like structure around waist, & glowing egg on its chest",Main Universe,Monsters,,,,Types: Leaf
Chapter 13 (Monsters),Grassarot,grassarot,,Monster,published,"Green parrot w/patches of grass & wood around its body, leaf for a tail & hair",Main Universe,Monsters,,,,Types: Leaf; Level: Ability
Chapter 13 (Monsters),Bangelot,bangelot,,Monster,published,"Evolves from: Grassarot

Giant green parrot w/two heads, grass patches around body, flowers for hair & wings",Main Universe,Monsters,,,,Types: Leaf
Chapter 13 (Monsters),Babi,babi,,Monster,published,Plum like creature w/a verbascum plant rising from its head,Main Universe,Monsters,,,,Types: Leaf; Types: Neutral; Level: Baby Form
Chapter 13 (Monsters),Vebrom,vebrom,,Monster,published,"Evolves from: Babi

Singing plant w/daisy like hair & rose petals for a skirt",Main Universe,Monsters,,,,Types: Leaf; Types: Neutral
Chapter 13 (Monsters),Lalily,lalily,,Monster,published,"Evolves from: Verom

Beautiful fairy w/calla lily for its dress & crystal like body",Main Universe,Monsters,,,,Types: Leaf
Chapter 13 (Monsters),Queen Foresta,queen-foresta,,Monster,published,"Evolves from: Lalily

White fairy w/jewelry & Oleanber plant as her dress",Main Universe,Monsters,,,,Types: Leaf; Types: Spell
Chapter 13 (Monsters),Commallow,commallow,,Monster,published,Purple fairy w/common mallow plant as a dress,Main Universe,Monsters,,,,Types: Leaf; Level: Battle
Chapter 13 (Monsters),Lantana,lantana,,Monster,published,Lantana plant w/eyes on each stem & fairy in the center,Main Universe,Monsters,,,,Types: Leaf; Level: Battle
Chapter 13 (Monsters),Storkhound,storkhound,,Monster,published,Dog beast w/Stork’s bill plant as its shell & patches of red grass on its body,Main Universe,Monsters,,,,Types: Leaf; Types: Beast; Level: Battle
Chapter 13 (Monsters),Gligum,gligum,,Monster,published,"Rhino w/Spanish Oyster plant as its shell on its back, standing upright, & horns from its helmet",Main Universe,Monsters,,,,Types: Leaf; Types: Shock; Level: Battle
Chapter 13 (Monsters),The Pimpernel Witch,the-pimpernel-witch,,Monster,published,Witch w/Scarlet Pimpernel plant as its lower body & similar flower around its risk & neck (red & yellow in these areas),Main Universe,Monsters,,,,Types: Leaf; Types: Spell; Level: Battle
Chapter 13 (Monsters),Buttercup Fairy,buttercup-fairy,,Monster,published,Yellow Fairy w/Bermuda Buttercup plant on its back,Main Universe,Monsters,,,,Types: Leaf; Types: Spell; Level: Ability
Chapter 13 (Monsters),Bindweeda,bindweeda,,Monster,published,Green & Blue pixie arising from a bindweed plant,Main Universe,Monsters,,,,Types: Leaf; Level: Ability
Chapter 13 (Monsters),Yokai,yokai,,Monster,published,"Ogre like beast w/patches of weeds & grass around body, hard steel body, & mechanical parts similar to a robot",Main Universe,Monsters,,,,Types: Leaf; Types: Spirit; Level: Battle
Chapter 13 (Monsters),The Blue Gem Slug,the-blue-gem-slug,,Monster,published,Gold slug w/Blue Gem plant on its tail & hard rock shell on its back made of pure diamond,Main Universe,Monsters,,,,Types: Leaf; Types: Vermin; Level: Battle
Chapter 13 (Monsters),Monkigrass,monkigrass,,Monster,published,"Monkeys w/flowers around body, grass patches, & antennae from head & shoulders",Main Universe,Monsters,,,,Types: Leaf; Level: Battle
Chapter 13 (Monsters),Solarseed,solarseed,,Monster,published,Seed w/Daisy on its antennae & giant plum shape object as a tail,Main Universe,Monsters,,,,Types: Leaf; Level: Baby Form
Chapter 13 (Monsters),Venus Horse,venus-horse,,Monster,published,"Evolves from: Solarseed

Horse like creature w/plants, flowers, patches of grass, diamond hooves, & leaves around body",Main Universe,Monsters,,,,Types: Leaf; Types: Beast
Chapter 13 (Monsters),Lichonchose,lichonchose,,Monster,published,"Evolves from: Venus Horse

Green/white horse w/kadsura plant as a tail & roses on the tip of its antennae",Main Universe,Monsters,,,,Types: Leaf; Types: Beast; Types: Shock
Chapter 13 (Monsters),Olympiahorse,olympiahorse,,Monster,published,"Evolves from: Lichonchose

Green & gold Pegasus w/leaves as wings, roses around neck, & giant diamond from forehead",Main Universe,Monsters,,,,Types: Leaf; Types: Beast; Types: Aero
Chapter 13 (Monsters),Violet Dancer,violet-dancer,,Monster,published,Elf boy w/giant pointy hat & decorative branches around body and outfit,Main Universe,Monsters,,,,Types: Leaf; Level: Ability
Chapter 13 (Monsters),Violet Dancer (Teenager Form),violet-dancer-teenager-form,,Monster,published,"Evolves from: Violet Dancer

Elf teenager w/giant moss around body & fern for a head",Main Universe,Monsters,,,,Types: Leaf
Chapter 13 (Monsters),Violet Dancer (Ultra Form),violet-dancer-ultra-form,,Monster,published,"Evolves from: Violet Dancer (Teenager Form)

Adult elf w/mostly covered body by grass & leaves, branches as armor",Main Universe,Monsters,,,,Types: Leaf
Chapter 13 (Monsters),Blossom Fairy,blossom-fairy,,Monster,published,Dancing fairy w/giant wings with vines around feathers,Main Universe,Monsters,,,,Types: Leaf; Level: Ability
Chapter 13 (Monsters),Singing Lotus Fairy,singing-lotus-fairy,,Monster,published,"Evolves from: Blossom Fairy

Dancing fairy w/giant overlapping wings with giant leaves as hands & legs",Main Universe,Monsters,,,,Types: Leaf
Chapter 13 (Monsters),Vegus,vegus,,Monster,published,Dancing Seed w/large branch wrapped around its body,Main Universe,Monsters,,,,Types: Leaf; Level: Baby Form
Chapter 13 (Monsters),Forest Stingray,forest-stingray,,Monster,published,Stingray covered in fungus & decaying flowers,Main Universe,Monsters,,,,Types: Leaf; Types: Aqua; Level: Ability
Chapter 13 (Monsters),Forest Salamander,forest-salamander,,Monster,published,"Salamander covered in fungus & decaying flowers

The Forest Salamander is slow moving creature, so to protect itself from predators it releases poisonous spores which overtime caused the beautiful flowers around its body and home to decay.",Main Universe,Monsters,,,,Types: Leaf; Types: Vermin; Level: Ability
Chapter 13 (Monsters),Cotton Seed,cotton-seed,,Monster,published,"Seed with puffy outer layer, eyes, giant mushroom on head",Main Universe,Monsters,,,,Types: Leaf; Level: Baby Form
Chapter 13 (Monsters),"Beluna, Cotton Seed",beluna-cotton-seed,,Monster,published,"Evolves from: Cotton Seed

Little girl w/mushroom on head, long dress like lower body made of wet wrapped leaves, hands, eyes, arms, & small leave like wings",Main Universe,Monsters,,,,Types: Leaf
Chapter 13 (Monsters),"Vilvuna, Cotton Seed",vilvuna-cotton-seed,,Monster,published,"Evolves from: Beluna, Cotton Seed

Adult version of BELUNA, COTTON SEED",Main Universe,Monsters,,,,Types: Leaf; Types: Vermin
Chapter 13 (Monsters),Rose Queen,rose-queen,,Monster,published,"Evolves from: Vilvuna, Cotton Seed

Woman w/rose sprouting from forehead, skin tight outfit w/leaf like wings, sword, white jacket like structure coming from back",Main Universe,Monsters,,,,Types: Leaf; Types: Vermin
Chapter 13 (Monsters),Forest Serpent,forest-serpent,,Monster,published,"Prehistoric type: Serpent

Green & white serpent w/cat like features, leaves around body, pearls around neck, arms, golden antlers arising from shoulders",Main Universe,Monsters,,,,Types: Leaf; Types: Prehistoric; Level: Enrage
Chapter 13 (Monsters),Aurelian Nymphs,aurelian-nymphs,,Monster,published,"Leaf (Mostly Leaf, some have abilities to control Fire, Water, Earth, & Wind)",Main Universe,Monsters,,,,
Chapter 13 (Monsters),Battle,battle,,Monster,published,"Female spirits decorated with flowers, leaves, vines, flowing green hair & dresses, (mostly identical with small different features on outfit and sometimes hairstyles)",Main Universe,Monsters,,,,
Chapter 13 (Monsters),Genbu,genbu,,Monster,published,"Giant black tortoise covered in rocks, trees, mountains, & leaves",Main Universe,Monsters,,,,Types: Leaf; Types: Beast; Level: Extreme
Chapter 13 (Monsters),Battle Angel,battle-angel,,Monster,published,"Man w/angelic wings, armor, sword, steel patches around skin",Main Universe,Monsters,,,,Types: Light; Types: Soldier; Level: Battle
Chapter 13 (Monsters),Messenger Angel,messenger-angel,,Monster,published,"Man/females w/small angelic wings, usually short in height, partially armored",Main Universe,Monsters,,,,Types: Light; Level: Battle
Chapter 13 (Monsters),Singing Angel,singing-angel,,Monster,published,"Male/female angels w/long cloaks, music notes on skin, carrying a musical instrument, & big wings",Main Universe,Monsters,,,,Types: Light; Level: Ability
Chapter 13 (Monsters),Protector Arch Angel,protector-arch-angel,,Monster,published,"Fox like angels w/giant swords, armory, patches of glass around fur/skin, blue eyes",Main Universe,Monsters,,,,Types: Light; Types: Soldier; Level: Battle
Chapter 13 (Monsters),Golden Seraph,golden-seraph,,Monster,published,"Evolves from: Protector Arch Angel

Tall glowing angels w/12 wings, staff, white eyes, partially cloaked/armored, flowing hair & cloths wrapping around body",Main Universe,Monsters,,,,Types: Light; Types: Soldier
Chapter 13 (Monsters),Whispering Cupid,whispering-cupid,,Monster,published,"Small furball like creature w/eyes, wings, staff (with heart on tip), boots (with wings on them), & tails",Main Universe,Monsters,,,,Types: Light; Level: Ability
Chapter 13 (Monsters),Cazhintia,cazhintia,,Monster,published,"White skin elf woman w/giant black wings, staff, long flowing dress, fangs, wings on ears, jewelry, & glowing orbs around her",Main Universe,Monsters,,,,Types: Light; Types: Spell; Level: Extreme
Chapter 13 (Monsters),The Celestials,the-celestials,,Monster,published,"Male seraph w/white warrior attire, sword, long white hair",Main Universe,Monsters,,,,Types: Light; Level: Extreme
Chapter 13 (Monsters),Ardanian Seraph,ardanian-seraph,,Monster,published,"Female seraph w/short white hair, warrior attire with dress, sword (all seeing orb on tip)",Main Universe,Monsters,,,,Types: Light; Level: Extreme
Chapter 13 (Monsters),Barastian Celestial,barastian-celestial,,Monster,published,"Appearance: Cat like angel w/seraph features & 14 wings, rides on glowing orb & pearls around body

This high angel descended from the heavens during the great war. It provided mankind with the gift of armory and taught them how to talk to the spirits.",Main Universe,Monsters,,,,Types: Light; Types: Soldier; Level: Extreme
Chapter 13 (Monsters),The Second Blessed,the-second-blessed,,Monster,published,Male elf like baby w/long cloths around its body & floating on giant pearl,Main Universe,Monsters,,,,Types: Light; Level: Enrage
Chapter 13 (Monsters),Light Praiser,light-praiser,,Monster,published,"Blue pale female warrior w/amazon attire & sword, bald head, jewels on outer robe",Main Universe,Monsters,,,,Types: Light; Level: Battle
Chapter 13 (Monsters),Dark Praiser,dark-praiser,,Monster,published,"Red pale male w/bald head & pearl on forehead, warrior attire with robe underneath",Main Universe,Monsters,,,,Types: Light; Types: Shadow; Level: Battle
Chapter 13 (Monsters),Warrior Angel,warrior-angel,,Monster,published,"Male angel w/armor, cloths around its body, & wings on its ears",Main Universe,Monsters,,,,Types: Light; Types: Soldier; Level: Battle
Chapter 13 (Monsters),Sapphire Angel,sapphire-angel,,Monster,published,"Angel w/giant blue wings, horns, & sapphires around its skin, partial armor",Main Universe,Monsters,,,,Types: Light; Level: Battle
Chapter 13 (Monsters),Sprite Angel,sprite-angel,,Monster,published,Fairy like angel w/body made of water & giant pearl on its chest & tail,Main Universe,Monsters,,,,Types: Light; Types: Aqua; Level: Battle
Chapter 13 (Monsters),Cast Of Light,cast-of-light,,Monster,published,Giant orb of light w/troll inside of it (with giant black wings & horns),Main Universe,Monsters,,,,Types: Light; Level: Extreme
Chapter 13 (Monsters),Missionary Of Good,missionary-of-good,,Monster,published,"Male warrior w/gold, black, blue, green armor, long spiky hair, giant gun, & elfish ears",Main Universe,Monsters,,,,Types: Light; Types: Soldier; Level: Battle
Chapter 13 (Monsters),Demon Eater,demon-eater,,Monster,published,"Giant troll like creature w/wires from fur, giant eyes, fangs, claws, giant spiky tail, giant cat like ears, computer screen on its back",Main Universe,Monsters,,,,Types: Light; Types: Virus; Level: Battle
Chapter 13 (Monsters),The Chosen One,the-chosen-one,,Monster,published,"ABILITY (Have the ability to become any level/type of opposing creature)

Short white haired boy w/long cloaked, elfish ears, fangs, black eyes, & tail",Main Universe,Monsters,,,,Types: Light
Chapter 13 (Monsters),The Cloak Minister,the-cloak-minister,,Monster,published,"Evolves from: The Chosen One

Adult version of THE CHOSEN ONE w/book of spells, light straps wrapped around body, spiky white hair",Main Universe,Monsters,,,,Types: Light
Chapter 13 (Monsters),Child Of Destiny (Past),child-of-destiny-past,,Monster,published,"Short boy w/wings on elbows, risk, neck, ears, & ankles, cloths around waist",Main Universe,Monsters,,,,Types: Light; Level: Enrage
Chapter 13 (Monsters),Child Of Destiny (Present),child-of-destiny-present,,Monster,published,"Fat man sitting on flying carpet w/long colorful cloak, bushy hair (with food decorating it), staff (with flame on tip)",Main Universe,Monsters,,,,Types: Light; Level: Enrage
Chapter 13 (Monsters),Child Of Destiny (Future),child-of-destiny-future,,Monster,published,Cloaked demon like grim reaper creature w/sickle & giant claws,Main Universe,Monsters,,,,Types: Light; Level: Enrage
Chapter 13 (Monsters),Blade Of Hope,blade-of-hope,,Monster,published,"Giant glowing transparent creature w/giant fangs, long tail, claws wrapped around a giant sword",Main Universe,Monsters,,,,Types: Light; Level: Battle
Chapter 13 (Monsters),Dream Sprites,dream-sprites,,Monster,published,"Pig like creature glowing when its night & shining when its day, fairy wings, cloths around its body, antennae from forehead",Main Universe,Monsters,,,,Types: Light; Level: Baby Form
Chapter 13 (Monsters),Dream Catcher,dream-catcher,,Monster,published,"Evolves from: Dream Sprites

Giant version of DREAM SPRITES standing upright without cloths",Main Universe,Monsters,,,,Types: Light
Chapter 13 (Monsters),Morpheus Avatar,morpheus-avatar,,Monster,published,Similar to Morpheus w/short boy appearance & giant orb showcasing the dreams of every being,Main Universe,Monsters,,,,Types: Light; Level: Enrage
Chapter 13 (Monsters),Puratos (Creator Of Pure Types),puratos-creator-of-pure-types,,Monster,published,"Glowing male w/white light surrounding him, long cloak, white hair, beard, elderly, ancient attire",Main Universe,Monsters,,,,Types: Light; Level: Extreme
Chapter 13 (Monsters),Carebe,carebe,,Monster,published,White/pink bear w/giant heart shape design on its stomach & giant floppy ears,Main Universe,Monsters,,,,Types: Light; Types: Beast; Level: Ability
Chapter 13 (Monsters),Dishion,dishion,,Monster,published,Sarcophagus w/giant claws reaching out of it,Main Universe,Monsters,,,,Types: Light; Level: Battle
Chapter 13 (Monsters),Sedane,sedane,,Monster,published,"Female w/long orange cloak, short hair, wand, elfish ears, markings around skin, glowing skin",Main Universe,Monsters,,,,Types: Light; Types: Spell; Level: Battle
Chapter 13 (Monsters),Ambo Celestial,ambo-celestial,,Monster,published,,Main Universe,Monsters,,,,Types: Light; Level: Ability
Chapter 13 (Monsters),Orb surrounded by white light,orb-surrounded-by-white-light,,Monster,published,,Main Universe,Monsters,,,,
Chapter 13 (Monsters),Charon Celestial,charon-celestial,,Monster,published,"Half wolf, half warrior w/sword & 12 giant wings",Main Universe,Monsters,,,,Types: Light; Types: Soldier; Level: Battle
Chapter 13 (Monsters),Memenia Celestial,memenia-celestial,,Monster,published,"Male human w/warrior attire, sword, angelic features (wings, glowing orbs around neck)",Main Universe,Monsters,,,,Types: Light; Types: Soldier; Level: Extreme
Chapter 13 (Monsters),Ti-An Celestial,ti-an-celestial,,Monster,published,"Male w/long blue/white cloak, long beard, bald head, seraph wings, wizard hat, wand, & elfish features",Main Universe,Monsters,,,,Types: Light; Types: Spell; Level: Extreme
Chapter 13 (Monsters),Crystal Demon,crystal-demon,,Monster,published,"Small dinosaur boy w/smooth body of white pearl like structure, locked inside a prism like structure",Main Universe,Monsters,,,,Types: Light; Level: Ability
Chapter 13 (Monsters),Anectix,anectix,,Monster,published,Giant white phoenix w/colorful tails,Main Universe,Monsters,,,,Types: Light; Level: Extreme
Chapter 13 (Monsters),Nitori,nitori,,Monster,published,Floating child like being w/long ears & twin tails,Main Universe,Monsters,,,,Types: Light; Level: Ability
Chapter 13 (Monsters),Ballad Cupid,ballad-cupid,,Monster,published,White/pink stripped cupid like creature,Main Universe,Monsters,,,,Types: Light; Types: Neutral; Level: Ability
Chapter 13 (Monsters),Aldifa,aldifa,,Monster,published,White pixy w/flower like white dress & pink strips of electricity around skin,Main Universe,Monsters,,,,Types: Light; Level: Battle
Chapter 13 (Monsters),Sleeping Mormuckenti,sleeping-mormuckenti,,Monster,published,Pale woman w/diamond incrusted skin & skin tight marble suit,Main Universe,Monsters,,,,Types: Light
Chapter 13 (Monsters),Vilshire,vilshire,,Monster,published,Glow beetle like creature w/blue & gold armor,Main Universe,Monsters,,,,Types: Light; Types: Vermin; Level: Ability
Chapter 13 (Monsters),Warlow,warlow,,Monster,published,"Evolves from: Vilshire

Glow beetle like creature w/spiky breast plate, giant wings, 7 antennae (with orb on tip), twin tails",Main Universe,Monsters,,,,Types: Light; Types: Vermin
Chapter 13 (Monsters),Jigetta,jigetta,,Monster,published,"Cat like creature w/glowing pendants around body, W like structure on head (with eyes on tips), long spiky tail, & harp shaped arch on back",Main Universe,Monsters,,,,Types: Light; Types: Beast; Level: Battle
Chapter 13 (Monsters),Battle Spirit,battle-spirit,,Monster,published,"Peacock like creature w/clouds on back instead of feathers, no arms, & clouds as whiskers",Main Universe,Monsters,,,,Types: Light; Types: Aero; Level: Battle
Chapter 13 (Monsters),Aratron,aratron,,Monster,published,"Male angel w/body armor, staff, spell book, helmet, & patch on chest containing 16 million 600 souls.",Main Universe,Monsters,,,,Types: Light; Types: Spell; Level: Enrage
Chapter 13 (Monsters),Bethor,bethor,,Monster,published,"Appearance: Dog like angel w/body armor & seven swords around its body, slain warriors are pictured around his skin

A hound of heaven, Bethor uses its powerful sun based attacks to propel the shadows of Hell. It is leader of the ancient beast like army that protects the citizens of Heaven from attacks from Loki’s demonic army.",Main Universe,Monsters,,,,Types: Light; Level: Enrage
Chapter 13 (Monsters),Phaleg,phaleg,,Monster,published,"Hog like angel w/body armor, tusk, giant wings, & giant blade",Main Universe,Monsters,,,,Types: Light; Level: Enrage
Chapter 13 (Monsters),OCH,och,,Monster,published,"Falcon like angel w/body armor, hundreds of angelic symbols around armor",Main Universe,Monsters,,,,Types: Light; Level: Enrage
Chapter 13 (Monsters),Hagith,hagith,,Monster,published,"Old hag like woman w/body armor, dress, sword, spell book, & seaweed around armor",Main Universe,Monsters,,,,Types: Light; Types: Spell; Level: Enrage
Chapter 13 (Monsters),Ophiel,ophiel,,Monster,published,"Old man like angel w/armor, weaponry, surrounded by ghostly spirits, & giant staff",Main Universe,Monsters,,,,Types: Light; Level: Enrage
Chapter 13 (Monsters),Phul,phul,,Monster,published,"Aquatic triton like angel w/sword, moon/sun symbols around forehead, long orange hair, partial helmet",Main Universe,Monsters,,,,Types: Light; Level: Enrage
Chapter 13 (Monsters),Beings Of Light,beings-of-light,,Monster,published,"Ghostly like creatures resembling elfish humans w/no mouths only eyes, claws, & long cloaks",Main Universe,Monsters,,,,Types: Light; Types: Spirit; Level: Ability
Chapter 13 (Monsters),Peri,peri,,Monster,published,Angelic fairies w/giant fairy wings & glowing forms with partial battle armor & weapons,Main Universe,Monsters,,,,Types: Light; Level: Battle
Chapter 13 (Monsters),Shadow Phoenix,shadow-phoenix,,Monster,published,Black phoenix w/white strips of paint decorating its body,Main Universe,Monsters,,,,Types: Shadow; Level: Battle
Chapter 13 (Monsters),Loki,loki,,Monster,published,"Male w/green body suit, antennae, sword, claws, fangs, & horns",Main Universe,Monsters,,,,Types: Shadow; Level: Extreme
Chapter 13 (Monsters),"Zar, Loki Beast Mode",zar-loki-beast-mode,,Monster,published,"----LOKI (through Black Emerald)

Giant furry beast w/giant black orb on its tail, souls trapped in the glass structure on its stomach, giant floppy ears, claws, fangs, & giant black/white wings w/horns",Main Universe,Monsters,,,,Types: Shadow; Types: Beast
Chapter 13 (Monsters),Misery,misery,,Monster,published,"Imp like creature w/fangs, claws, blue body suit, & red eyes, short black wings",Main Universe,Monsters,,,,Types: Shadow; Level: Enrage
Chapter 13 (Monsters),Traith,traith,,Monster,published,"Imp like creature w/fangs, claws, black body suit, blue eyes, blood dripping from fangs, & short green wings (with horns)",Main Universe,Monsters,,,,Types: Shadow; Types: Spell; Level: Ability
Chapter 13 (Monsters),Wall Predator,wall-predator,,Monster,published,"Giant sting beetle like creature w/rock incrusted patches around armor, long split tail",Main Universe,Monsters,,,,Types: Shadow; Level: Ability
Chapter 13 (Monsters),Frareck,frareck,,Monster,published,"Skeleton like canine w/fangs, claws, giant black eyes, and golden armor",Main Universe,Monsters,,,,Types: Shadow; Types: Beast; Level: Enrage
Chapter 13 (Monsters),Zireck,zireck,,Monster,published,"Skeleton like cat w/fangs, claws, giant green eyes, & bluish armor",Main Universe,Monsters,,,,Types: Shadow; Types: Beast; Level: Enrage
Chapter 13 (Monsters),Bireck,bireck,,Monster,published,"Skeleton like bird w/bat like features, fangs, claws, red eyes, & reddish armor",Main Universe,Monsters,,,,Types: Shadow; Types: Beast; Types: Aero; Level: Enrage
Chapter 13 (Monsters),Sixes (Robber),sixes-robber,,Monster,published,"Female elf w/long spiky hair, torn clothing, claws, vampiric like features, & markings about death of the 7 sins around body",Main Universe,Monsters,,,,Types: Shadow; Level: Enrage
Chapter 13 (Monsters),Sixes (Suicide),sixes-suicide,,Monster,published,"Female elf w/short spiky hair, torn clothing, claws, vampiric like features, & markings of death around body",Main Universe,Monsters,,,,Types: Shadow; Level: Enrage
Chapter 13 (Monsters),Sixes (Homicide),sixes-homicide,,Monster,published,"Female elf bald head, warrior attire w/torn cloths dripping from skin, vampiric like features, & markings of war around body",Main Universe,Monsters,,,,Types: Shadow; Level: Enrage
Chapter 13 (Monsters),Blade Of Pain,blade-of-pain,,Monster,published,Giant imp like creature w/giant red wings (with horns on tip) around giant reddish/black sword,Main Universe,Monsters,,,,Types: Shadow; Types: Soldier; Level: Battle
Chapter 13 (Monsters),The Unborn Child,the-unborn-child,,Monster,published,Big fat baby w/horns,Main Universe,Monsters,,,,Types: Shadow; Level: Enrage
Chapter 13 (Monsters),The Forgiving Mother,the-forgiving-mother,,Monster,published,"Lady in White w/blood from her head, horns",Main Universe,Monsters,,,,Types: Shadow; Level: Enrage
Chapter 13 (Monsters),The Jackal,the-jackal,,Monster,published,Giant husky man w/cage around his head,Main Universe,Monsters,,,,Types: Shadow; Level: Enrage
Chapter 13 (Monsters),The Killer Twins 1,the-killer-twins-1,,Monster,published,"Boy w/warrior attire, Axe, black eyes",Main Universe,Monsters,,,,Types: Shadow; Level: Enrage
Chapter 13 (Monsters),The Killer Twins 2,the-killer-twins-2,,Monster,published,"Boy w/warrior attire, hammer, white eyes",Main Universe,Monsters,,,,Types: Shadow; Level: Enrage
Chapter 13 (Monsters),The Headless Woman,the-headless-woman,,Monster,published,"Woman in black w/cut off head, long black hair",Main Universe,Monsters,,,,Types: Shadow; Level: Enrage
Chapter 13 (Monsters),Pin Stone,pin-stone,,Monster,published,"Tall Man w/pins in his body, long straight black jacket",Main Universe,Monsters,,,,Types: Shadow; Level: Enrage
Chapter 13 (Monsters),The Daunting Sister,the-daunting-sister,,Monster,published,"Girl w/drooling make-up, long ripped white dress, long gray hair",Main Universe,Monsters,,,,Types: Shadow; Level: Enrage
Chapter 13 (Monsters),The Suicide Brother,the-suicide-brother,,Monster,published,"Boy w/weapons, pants, shirt, short black hair",Main Universe,Monsters,,,,Types: Shadow; Level: Enrage
Chapter 13 (Monsters),The Psychic Robber,the-psychic-robber,,Monster,published,"Tall man w/long overcoat, long black hair, big black hat",Main Universe,Monsters,,,,Types: Shadow; Level: Enrage
Chapter 13 (Monsters),The Weeping Father,the-weeping-father,,Monster,published,"Tall man w/black tears from his eyes, short gray hair, knife in his head",Main Universe,Monsters,,,,Types: Shadow; Level: Enrage
Chapter 13 (Monsters),The Hell Child,the-hell-child,,Monster,published,"Short boy w/devil like features, black wings",Main Universe,Monsters,,,,Types: Shadow; Level: Enrage
Chapter 13 (Monsters),The Crying Minister,the-crying-minister,,Monster,published,Skeleton Minister w/long gray hair,Main Universe,Monsters,,,,Types: Shadow; Level: Enrage
Chapter 13 (Monsters),Dark Avenger,dark-avenger,,Monster,published,"Appearance: Giant mouth w/tentacles for arms, legs, giant black eyes, & furball like body

Creatures that once its master has a vendetta on something, it will never stop trying to subdue the object. The creature’s tentacles are poisonous and its tongue can release lethal toxins.",Main Universe,Monsters,,,,Types: Shadow; Level: Battle
Chapter 13 (Monsters),Skyer,skyer,,Monster,published,"Giant squirrel w/giant fangs, claws, & spikes",Main Universe,Monsters,,,,Types: Shadow; Level: Battle
Chapter 13 (Monsters),Awry,awry,,Monster,published,"Small horned, spiked, cat/dog mix that on other shapes",Main Universe,Monsters,,,,Types: Shadow; Types: Beast; Level: Ability
Chapter 13 (Monsters),Diamond Phantom,diamond-phantom,,Monster,published,"Grim reaper w/diamond incrusted mask, sickle made of crystals, & metal plates armor, cape",Main Universe,Monsters,,,,Types: Shadow; Level: Enrage
Chapter 13 (Monsters),"Ogon, Slave King",ogon-slave-king,,Monster,published,Dark wizard like man w/armor & giant pole (used for attacks & jumping over things),Main Universe,Monsters,,,,Types: Shadow; Level: Extreme
Chapter 13 (Monsters),Dark Vulture,dark-vulture,,Monster,published,Vulture w/armor & wires arising from skin,Main Universe,Monsters,,,,Types: Shadow; Types: Aero; Level: Battle
Chapter 13 (Monsters),Magic Dominae,magic-dominae,,Monster,published,Short imp w/gin like features arising from book,Main Universe,Monsters,,,,Types: Shadow; Types: Spell; Level: Ability
Chapter 13 (Monsters),Dark Fairy,dark-fairy,,Monster,published,Black marble skin fairy w/white transparent wings & rainbow colored hair,Main Universe,Monsters,,,,Types: Shadow; Types: Spell; Level: Ability
Chapter 13 (Monsters),Skeptor,skeptor,,Monster,published,Skeleton warrior w/black plated armor & long wired hair & staff,Main Universe,Monsters,,,,Types: Shadow; Level: Enrage
Chapter 13 (Monsters),Death Breeder,death-breeder,,Monster,published,Giant mole rat beast w/tentacles from body & giant egg in pouch on its stomach,Main Universe,Monsters,,,,Types: Shadow; Level: Enrage
Chapter 13 (Monsters),Caldrone,caldrone,,Monster,published,"Boy with pale skin, black & red suit, cape, short green hair, elfish features, & giant black horned wings",Main Universe,Monsters,,,,Types: Shadow; Level: Enrage
Chapter 13 (Monsters),Caldrone (Hell Mode),caldrone-hell-mode,,Monster,published,"Evolves from: Caldrone

Adult version of CALDRONE w/giant claws, fangs, wings, & fur",Main Universe,Monsters,,,,Types: Shadow
Chapter 13 (Monsters),Caldrone (Destroyer Mode),caldrone-destroyer-mode,,Monster,published,"Evolves from: Caldrone

CALDRONE (HELL MODE) w/mechanical armor & bionic like features",Main Universe,Monsters,,,,Types: Shadow
Chapter 13 (Monsters),Caldrone (Final Mode),caldrone-final-mode,,Monster,published,"Evolves from: Caldrone

Giant beast like creature sitting on dark globe w/gates to hell incrusted on its chest & elemental orbs floating around neck",Main Universe,Monsters,,,,Types: Shadow
Chapter 13 (Monsters),Devil’S Spawn (Dark Level),devils-spawn-dark-level,,Monster,published,Giant black heart w/several demons around it,Main Universe,Monsters,,,,Types: Shadow; Level: Ability
Chapter 13 (Monsters),Devil’S Witch,devils-witch,,Monster,published,Female witch w/black Sabbath witch like outfit,Main Universe,Monsters,,,,Types: Shadow; Types: Spell; Level: Enrage
Chapter 13 (Monsters),Atumbra,atumbra,,Monster,published,Mummy w/demonic features,Main Universe,Monsters,,,,Types: Shadow; Types: Death; Level: Ability
Chapter 13 (Monsters),Lord Behemoth,lord-behemoth,,Monster,published,"Tall man w/demonic features, black & white suit, long hair, cape, fangs, claws, sword, & tail",Main Universe,Monsters,,,,Types: Shadow; Level: Godly Level
Chapter 13 (Monsters),Lady Deaththreat,lady-deaththreat,,Monster,published,"Demonic woman w/fangs, black body suit, gun, extendable claws",Main Universe,Monsters,,,,Types: Shadow; Types: Soldier; Level: Extreme
Chapter 13 (Monsters),Triad,triad,,Monster,published,"Three headed demon w/heads of a jackal, scorpion, & imp with long cloak & giant claws",Main Universe,Monsters,,,,Types: Shadow; Level: Extreme
Chapter 13 (Monsters),Vampire King,vampire-king,,Monster,published,"Man w/black & red suit, fangs, sharp nails, short black hair, sword",Main Universe,Monsters,,,,Types: Shadow; Level: Enrage
Chapter 13 (Monsters),Vampire Queen,vampire-queen,,Monster,published,"Woman w/black dress, fangs, sharp nails, long black hair, markings around skin",Main Universe,Monsters,,,,Types: Shadow; Level: Enrage
Chapter 13 (Monsters),The Vampire Prince,the-vampire-prince,,Monster,published,Younger version of VAMPIRE KING w/battle armor & gun,Main Universe,Monsters,,,,Types: Shadow; Level: Battle
Chapter 13 (Monsters),Drawgan,drawgan,,Monster,published,Shadow phantom  w/claws & red eyes,Main Universe,Monsters,,,,Types: Shadow; Level: Battle
Chapter 13 (Monsters),Balkanita,balkanita,,Monster,published,Dark version of CAZHINTIA w/spiraling  metal prongs around her dress & arms,Main Universe,Monsters,,,,Types: Shadow; Types: Spell; Level: Extreme
Chapter 13 (Monsters),Horsemen Of Pestilence,horsemen-of-pestilence,,Monster,published,"Black skin horsemen w/skull face, arrow, & bow",Main Universe,Monsters,,,,Types: Shadow; Types: Soldier; Level: Enrage
Chapter 13 (Monsters),Horsemen Of War,horsemen-of-war,,Monster,published,"Black skin horseman w/skull face, sword, & helmet",Main Universe,Monsters,,,,Types: Shadow; Types: Soldier; Level: Enrage
Chapter 13 (Monsters),Horsemen Of Famine,horsemen-of-famine,,Monster,published,"Black skin horsemen w/skull face, staff, long black hair (made of weeds), spikes on arms",Main Universe,Monsters,,,,Types: Shadow; Types: Soldier; Level: Enrage
Chapter 13 (Monsters),Horsemen Of Death,horsemen-of-death,,Monster,published,"Gray skin horsemen w/skull face, covered partially in cloak, giant claws",Main Universe,Monsters,,,,Types: Shadow; Types: Spirit; Level: Enrage
Chapter 13 (Monsters),Thanatos Avatar,thanatos-avatar,,Monster,published,,Main Universe,Monsters,,,,Types: Shadow; Level: Enrage
Chapter 13 (Monsters),Similarities to the Greek God Thanatos,similarities-to-the-greek-god-thanatos,,Monster,published,,Main Universe,Monsters,,,,
Chapter 13 (Monsters),Shadow Fiend,shadow-fiend,,Monster,published,"Black marble skinned giant w/giant wings, claws, fangs, wings, glowing white orb floating around waist",Main Universe,Monsters,,,,Types: Shadow; Level: Battle
Chapter 13 (Monsters),Face Stealer,face-stealer,,Monster,published,"No face demonic beast w/hundreds of faces around body & giant claws, fangs",Main Universe,Monsters,,,,Types: Shadow; Level: Battle
Chapter 13 (Monsters),Emery,emery,,Monster,published,"Beautiful woman w/warrior attire, sword, long black hair, one eye",Main Universe,Monsters,,,,Types: Shadow; Types: Spell; Level: Battle
Chapter 13 (Monsters),Master Of The Dark,master-of-the-dark,,Monster,published,"Slimy shadow like man w/extendable claws, marble body suit, & giant fanged mouth",Main Universe,Monsters,,,,Types: Shadow; Level: Extreme
Chapter 13 (Monsters),Dark Cupid,dark-cupid,,Monster,published,Black/white stripped cupid w/giant floppy ears,Main Universe,Monsters,,,,Types: Shadow; Level: Ability
Chapter 13 (Monsters),Harpy Mistress,harpy-mistress,,Monster,published,"Female demon w/claws, fangs, giant wings, long tail",Main Universe,Monsters,,,,Types: Shadow; Level: Enrage
Chapter 13 (Monsters),Harpy Soldiers,harpy-soldiers,,Monster,published,"Female demon w/claws, metal plated armor, fangs, wings, short tails",Main Universe,Monsters,,,,Types: Shadow; Types: Soldier; Level: Battle
Chapter 13 (Monsters),Seprix,seprix,,Monster,published,Demonic greyhound like creature w/large claws & rock like armor,Main Universe,Monsters,,,,Types: Shadow; Level: Ability
Chapter 13 (Monsters),Shian Cerberus,shian-cerberus,,Monster,published,"Cerberus w/reddish & gold armor, long tail",Main Universe,Monsters,,,,Types: Shadow; Level: Enrage
Chapter 13 (Monsters),Demon Mouth,demon-mouth,,Monster,published,"Giant rock like beast w/giant mouth, fangs, antennae arising from ears",Main Universe,Monsters,,,,Types: Shadow; Types: Vermin; Level: Battle
Chapter 13 (Monsters),Mirror Demon,mirror-demon,,Monster,published,Giant mirror w/trapped imp inside of it,Main Universe,Monsters,,,,Types: Shadow; Level: Ability
Chapter 13 (Monsters),The Prosecutor,the-prosecutor,,Monster,published,"Muscled man w/armor, sickle, axe, hammer",Main Universe,Monsters,,,,Types: Shadow; Level: Enrage
Chapter 13 (Monsters),Krept,krept,,Monster,published,Giant moss w/spikes,Main Universe,Monsters,,,,Types: Shadow; Types: Vermin; Level: Battle
Chapter 13 (Monsters),Devil’S Son,devils-son,,Monster,published,Small red boy w/demonic features & small wings on hind legs,Main Universe,Monsters,,,,Types: Shadow; Level: Ability
Chapter 13 (Monsters),Devil’S Son (Complete Form),devils-son-complete-form,,Monster,published,"Evolves from: Devil’S Son

Adult version of DEVIL’S SON w/giant wings",Main Universe,Monsters,,,,Types: Shadow
Chapter 13 (Monsters),Halken,halken,,Monster,published,"Evolves from: Devil’S Son

DEVIL’S SON (COMPLETE FORM) w/moss like structure on its back (with giant claws attached to it) & partial armor",Main Universe,Monsters,,,,Types: Shadow
Chapter 13 (Monsters),Mironck,mironck,,Monster,published,"Dog with ripped skin w/one eye, acid blood dripping from its exposed bones",Main Universe,Monsters,,,,Types: Shadow; Level: Battle
Chapter 13 (Monsters),Debolinx,debolinx,,Monster,published,"Small demonic puppy w/blackhole attached to its mouth, orb on its forehead",Main Universe,Monsters,,,,Types: Shadow; Types: Beast; Level: Enrage
Chapter 13 (Monsters),Hall Abyss,hall-abyss,,Monster,published,Giant blackhole like creature w/one giant white eye,Main Universe,Monsters,,,,Types: Shadow; Level: Enrage
Chapter 13 (Monsters),Client Demon,client-demon,,Monster,published,Demonic doctor w/tail,Main Universe,Monsters,,,,Types: Shadow; Level: Enrage
Chapter 13 (Monsters),Mirror Stalker,mirror-stalker,,Monster,published,Giant spirit like shadow which appears as those that looks upon it,Main Universe,Monsters,,,,Types: Shadow; Level: Enrage
Chapter 13 (Monsters),Bargeus,bargeus,,Monster,published,"Giant scaly demon w/dragon like tail, long ears, reddish body, cape",Main Universe,Monsters,,,,Types: Shadow; Level: Enrage
Chapter 13 (Monsters),Somora,somora,,Monster,published,"Female harpy w/cape, sword, red eyes, blue hair, sharp scaly hands",Main Universe,Monsters,,,,Types: Shadow; Level: Enrage
Chapter 13 (Monsters),Dionus,dionus,,Monster,published,"Short dwarf like demon w/giant hammer, scaly body, sharp ears, hands",Main Universe,Monsters,,,,Types: Shadow; Level: Enrage
Chapter 13 (Monsters),Binjy,binjy,,Monster,published,Short pudgy elf w/impish features,Main Universe,Monsters,,,,Types: Shadow; Level: Ability
Chapter 13 (Monsters),Krunger,krunger,,Monster,published,"Evolves from: Binjy

Big fat elf w/impish features",Main Universe,Monsters,,,,Types: Shadow
Chapter 13 (Monsters),Sigun,sigun,,Monster,published,"Evolves from: Krunger

Tall skinny elf w/impish features",Main Universe,Monsters,,,,Types: Shadow
Chapter 13 (Monsters),"Lila, The Lady Imp",lila-the-lady-imp,,Monster,published,Tall woman w/impish features,Main Universe,Monsters,,,,Types: Shadow; Level: Battle
Chapter 13 (Monsters),IMP,imp,,Monster,published,"Boyish creature w/wings (horns on the tips), sharp claws, fangs (not all imps), horns (on forehead, not all imps), giant hands (with claws), spikes down backs (not all imps)",Main Universe,Monsters,,,,Types: Shadow; Level: Ability
Chapter 13 (Monsters),Ocean Demon,ocean-demon,,Monster,published,"Giant furry demonic creature w/giant orbs incrusted on its body, long seaweed like tail/hair",Main Universe,Monsters,,,,Types: Shadow; Types: Aqua; Level: Battle
Chapter 13 (Monsters),Blood Serrus,blood-serrus,,Monster,published,"Giant demonic creature covered in blood w/spikes, no visible face, staff, devil like tail, small wings",Main Universe,Monsters,,,,Types: Shadow; Level: Battle
Chapter 13 (Monsters),Baikiutritretrirous,baikiutritretrirous,,Monster,published,Giant man w/dragons rising from its back,Main Universe,Monsters,,,,Types: Shadow; Level: Enrage
Chapter 13 (Monsters),Prince Of Souls,prince-of-souls,,Monster,published,"Man w/lower Japanese fuku pants, sword, necklace of souls",Main Universe,Monsters,,,,Types: Shadow; Level: Extreme
Chapter 13 (Monsters),Prince Of Souls (Hell Mode),prince-of-souls-hell-mode,,Monster,published,"PRINCE OF SOULS (evolves by Necklace of Anubis)

Giant beast version of PRINCE OF SOULS",Main Universe,Monsters,,,,Types: Shadow
Chapter 13 (Monsters),Daewan,daewan,,Monster,published,"Demonic like children w/fangs, claws, skin tight harden blood",Main Universe,Monsters,,,,Types: Shadow; Level: Battle
Chapter 13 (Monsters),Asmodai,asmodai,,Monster,published,"Man w/demonic features, suit, cape, staff, partial fur, & wings",Main Universe,Monsters,,,,Types: Shadow; Level: Extreme
Chapter 13 (Monsters),Azazel,azazel,,Monster,published,Half man Half goat giant w/armor & horn,Main Universe,Monsters,,,,Types: Shadow; Types: Beast; Level: Battle
Chapter 13 (Monsters),Pain Breather,pain-breather,,Monster,published,Demonic human w/extendible arms & claws,Main Universe,Monsters,,,,Types: Shadow; Level: Enrage
Chapter 13 (Monsters),Devil King,devil-king,,Monster,published,"Vampire like man w/fur like suit, chain of skulls, giant sword, partially armored, & long shadow like cape",Main Universe,Monsters,,,,Types: Shadow; Level: Extreme
Chapter 13 (Monsters),Chubacahbra,chubacahbra,,Monster,published,"Partial hyena, partial skeleton w/armor",Main Universe,Monsters,,,,Types: Shadow; Types: Beast; Level: Ability
Chapter 13 (Monsters),Mask Minister,mask-minister,,Monster,published,Minister like creature w/vampiric features,Main Universe,Monsters,,,,Types: Shadow; Level: Battle
Chapter 13 (Monsters),Dark Hollow,dark-hollow,,Monster,published,Smoke like creature (contains millions of small fly like creatures making up its body),Main Universe,Monsters,,,,Types: Shadow; Level: Battle
Chapter 13 (Monsters),"Fornos, Demon Of Egypt",fornos-demon-of-egypt,,Monster,published,Sphinx like creature w/pyramid on back & horns,Main Universe,Monsters,,,,Types: Shadow; Level: Battle
Chapter 13 (Monsters),Oftnit,oftnit,,Monster,published,"Demonic male w/horns on the outside of its black/red suit, long white hair",Main Universe,Monsters,,,,Types: Shadow; Level: Battle
Chapter 13 (Monsters),Oftnit (Female Version),oftnit-female-version,,Monster,published,,Main Universe,Monsters,,,,Types: Shadow; Level: Battle
Chapter 13 (Monsters),Female version of Oftnit,female-version-of-oftnit,,Monster,published,,Main Universe,Monsters,,,,
Chapter 13 (Monsters),Hell’S Giant,hells-giant,,Monster,published,"Male giant covered in horns & partial covered by fur, skulls around neck & as a belt, wings, & staff",Main Universe,Monsters,,,,Types: Shadow; Types: Death; Level: Extreme
Chapter 13 (Monsters),MOR,mor,,Monster,published,Small demon w/several signs of the black zodiac on its body,Main Universe,Monsters,,,,Types: Shadow; Level: Ability
Chapter 13 (Monsters),Demon Rider,demon-rider,,Monster,published,Centaur w/black & gold armor & partially metal tail,Main Universe,Monsters,,,,Types: Shadow; Types: Soldier; Level: Battle
Chapter 13 (Monsters),"Demon King, Balckoni",demon-king-balckoni,,Monster,published,"Black/red/gold armored man w/giant sword, long glowing red hair, & white metal horse",Main Universe,Monsters,,,,Types: Shadow; Level: Battle
Chapter 13 (Monsters),Babylonia,babylonia,,Monster,published,"Planet sized ship w/computer-human intelligence, digital demonic imps on board",Main Universe,Monsters,,,,Types: Shadow; Types: Soldier; Level: Enrage
Chapter 13 (Monsters),Dark World Demon,dark-world-demon,,Monster,published,"Human like creatures w/molten hot skin, claws, fangs, wings (some demons), frail skeleton like beings",Main Universe,Monsters,,,,Types: Shadow; Level: Ability
Chapter 13 (Monsters),Silent Hound,silent-hound,,Monster,published,"Brown/purple puppy w/helmet, armor, small wings, & choker",Main Universe,Monsters,,,,Types: Shadow; Types: Beast; Level: Ability
Chapter 13 (Monsters),Borus Cerebus,borus-cerebus,,Monster,published,"Evolves from: Silent Hound

3 headed dog w/armor, giant skeletal wings, choker",Main Universe,Monsters,,,,Types: Shadow; Types: Beast
Chapter 13 (Monsters),Dobrian Cat,dobrian-cat,,Monster,published,Bluish/black cat w/partially covered marble plate armor,Main Universe,Monsters,,,,Types: Shadow; Types: Beast; Level: Ability
Chapter 13 (Monsters),Pumpkin Prince,pumpkin-prince,,Monster,published,"Scarecrow like boy w/wooden arms/legs, & pumpkin like head",Main Universe,Monsters,,,,Types: Shadow; Level: Ability
Chapter 13 (Monsters),Pumpkin King,pumpkin-king,,Monster,published,"Evolves from: Pumpkin Prince

Scarecrow like man w/pumpkin head, wrinkled suit, straw body",Main Universe,Monsters,,,,Types: Shadow
Chapter 13 (Monsters),Taurkinan,taurkinan,,Monster,published,"Baby ceratosaurus mixed w/dog, antennae coming from different part of body, & stingray like creature attached to back",Main Universe,Monsters,,,,Types: Shadow; Level: Battle
Chapter 13 (Monsters),Snakidane,snakidane,,Monster,published,"Brown, gold, & white deer w/giant gold wooden antlers (with crystal pieces on them), snake for a tail",Main Universe,Monsters,,,,Types: Shadow; Types: Beast; Level: Battle
Chapter 13 (Monsters),Kavunku,kavunku,,Monster,published,Aztec mask like spirit w/ghostly like figure & giant smile,Main Universe,Monsters,,,,Types: Shadow; Types: Death; Level: Battle
Chapter 13 (Monsters),Avanka,avanka,,Monster,published,Aztec mask like beast w/ghostly form & giant steel horns and partial armor around back and tail,Main Universe,Monsters,,,,Types: Shadow; Types: Beast; Level: Battle
Chapter 13 (Monsters),Cauld Lad Of Hylton,cauld-lad-of-hylton,,Monster,published,"Beastly elf boy like creature w/bat wings, horns, fangs, & claws",Main Universe,Monsters,,,,Types: Shadow; Types: Spell; Level: Battle
Chapter 13 (Monsters),Divs,divs,,Monster,published,Demonic fairies w/bat like wings & opposites of PERI.,Main Universe,Monsters,,,,Types: Shadow; Level: Battle
Chapter 13 (Monsters),Dark World Goblin,dark-world-goblin,,Monster,published,"Morphed boyish creature w/claws, fangs, bumpy skin, Scandinavian clothing, & hammer",Main Universe,Monsters,,,,Types: Shadow; Level: Battle
Chapter 13 (Monsters),Hobgoblin,hobgoblin,,Monster,published,"Evolves from: Dark World Goblin

Bigger forms of DARK WORLD GOBLINS w/two hammers & different colored attire",Main Universe,Monsters,,,,Types: Shadow
Chapter 13 (Monsters),Akuma,akuma,,Monster,published,Evil spirit like creature w/dark vale over face & scaly body under monk like attire,Main Universe,Monsters,,,,Types: Shadow; Level: Ability
Chapter 13 (Monsters),Amaburakosagi,amaburakosagi,,Monster,published,Blue demon w/symbol of death on forehead,Main Universe,Monsters,,,,Types: Shadow; Level: Battle
Chapter 13 (Monsters),Amamehagi,amamehagi,,Monster,published,Red demon w/symbol of suicide on chest,Main Universe,Monsters,,,,Types: Shadow; Level: Battle
Chapter 13 (Monsters),Amanojaku,amanojaku,,Monster,published,Demonic boy w/giant claws & one large fang,Main Universe,Monsters,,,,Types: Shadow; Level: Ability
Chapter 13 (Monsters),Amanozako,amanozako,,Monster,published,Beautiful woman w/demonic features & giant black bat like wings,Main Universe,Monsters,,,,Types: Shadow; Level: Godly Level
Chapter 13 (Monsters),Amazake-Babaa,amazake-babaa,,Monster,published,Hag like creature w/claws & old rags around body,Main Universe,Monsters,,,,Types: Shadow; Types: Spell; Level: Enrage
Chapter 13 (Monsters),Anmo,anmo,,Monster,published,Green demon w/symbol of insanity on arms,Main Universe,Monsters,,,,Types: Shadow; Level: Battle
Chapter 13 (Monsters),Ashinagatenaga,ashinagatenaga,,Monster,published,"Morphed human like imps w/either long arms, legs, or necks",Main Universe,Monsters,,,,Types: Shadow; Level: Ability
Chapter 13 (Monsters),Ashimagari,ashimagari,,Monster,published,Children like sprites w/long tangled hair & red eyes,Main Universe,Monsters,,,,Types: Shadow; Level: Ability
Chapter 13 (Monsters),Aobuzu,aobuzu,,Monster,published,Monk like demon w/giant bag,Main Universe,Monsters,,,,Types: Shadow; Level: Battle
Chapter 13 (Monsters),Hakutaku,hakutaku,,Monster,published,Baby monkey like creature w/big mouth & reporter’s look,Main Universe,Monsters,,,,Types: Shadow; Level: Ability
Chapter 13 (Monsters),Harionago,harionago,,Monster,published,Female monster w/deadly barbed hair,Main Universe,Monsters,,,,Types: Shadow; Level: Battle
Chapter 13 (Monsters),Hinoenma,hinoenma,,Monster,published,Succubus w/torn clothing,Main Universe,Monsters,,,,Types: Shadow; Level: Battle
Chapter 13 (Monsters),Bargebist,bargebist,,Monster,published,,Main Universe,Monsters,,,,
Chapter 13 (Monsters),Shadow,shadow,,Monster,published,Beast,Main Universe,Monsters,,,,
Chapter 13 (Monsters),Enrage,enrage,,Monster,published,"Appearance: Small casper ghost w/3 eyes; Tall male Fairy w/short spiky hair, suit like attire, big fairy wings, crown, jewels decorating outfit; Female fairy w/glowing skin & sparkling wings, long flowing dress, sparkles around body (like most female fairies)

Giant creature with tentacles, horns, spikes from body, diamond covered skin, giant fangs, can feed on energy and life essense, most notable dinner are the Zon Vi Tow.",Main Universe,Monsters,,,,
Chapter 13 (Monsters),Armored Skeleton,armored-skeleton,,Monster,published,"Skeleton w/armor, helmet, & sword",Main Universe,Monsters,,,,Types: Death; Level: Ability
Chapter 13 (Monsters),Guardian Of The Tomb,guardian-of-the-tomb,,Monster,published,"Evolves from: Armored Skeleton

Bulky skeleton w/tomb like armored plated around body, weaponry",Main Universe,Monsters,,,,Types: Death
Chapter 13 (Monsters),Giant Skeleton Mammoth,giant-skeleton-mammoth,,Monster,published,Skeleton mammoth w/iron tusk & armor,Main Universe,Monsters,,,,Types: Death; Types: Beast; Types: Prehistoric; Level: Battle
Chapter 13 (Monsters),Schar Ghoul,schar-ghoul,,Monster,published,"Zombie like human w/fangs, partial armor, sword, helmet, & black plated like skin",Main Universe,Monsters,,,,Types: Death; Level: Ability
Chapter 13 (Monsters),"Sith, Demon Phantom",sith-demon-phantom,,Monster,published,"Skeleton covered in a cloak, red eyes, sickle, & partial steel bones",Main Universe,Monsters,,,,Types: Death; Types: Shadow; Level: Battle
Chapter 13 (Monsters),Lady Of Death,lady-of-death,,Monster,published,Pale skinned woman covered in white cloak/dress holding a candle,Main Universe,Monsters,,,,Types: Death
Chapter 13 (Monsters),Blood Skeleton,blood-skeleton,,Monster,published,Skeleton covered in acid like blood (harden blood turned into armor),Main Universe,Monsters,,,,Types: Death; Level: Battle
Chapter 13 (Monsters),Blood Slime,blood-slime,,Monster,published,Reddish green blob w/skeleton body parts coming from it,Main Universe,Monsters,,,,Types: Death; Types: Vermin; Level: Battle
Chapter 13 (Monsters),"Mummy Queen, Abyssa",mummy-queen-abyssa,,Monster,published,"Female mummy w/pharaoh attire, dress, staff",Main Universe,Monsters,,,,Types: Death; Level: Enrage
Chapter 13 (Monsters),Phantom Mummy,phantom-mummy,,Monster,published,"Mummy w/armor, gun",Main Universe,Monsters,,,,Types: Death; Level: Enrage
Chapter 13 (Monsters),Corps Queen,corps-queen,,Monster,published,Zombie like woman w/royal cloths,Main Universe,Monsters,,,,Types: Death; Level: Enrage
Chapter 13 (Monsters),Dread,dread,,Monster,published,,Main Universe,Monsters,,,,Types: Death; Level: Battle
Chapter 13 (Monsters),Ghost wearing a cloak,ghost-wearing-a-cloak,,Monster,published,,Main Universe,Monsters,,,,
Chapter 13 (Monsters),Ghost Of The King,ghost-of-the-king,,Monster,published,Ghostly king w/fangs & elfish features,Main Universe,Monsters,,,,Types: Death; Level: Battle
Chapter 13 (Monsters),Spirit Cat,spirit-cat,,Monster,published,Ghostly cat w/non-transparent armor & partially transparent tail,Main Universe,Monsters,,,,Types: Death; Types: Beast; Level: Battle
Chapter 13 (Monsters),Spirit Of The Past,spirit-of-the-past,,Monster,published,"Female spirit w/long dress, long hair, & wand",Main Universe,Monsters,,,,Types: Death; Level: Battle
Chapter 13 (Monsters),Spirit Of The Present,spirit-of-the-present,,Monster,published,"Male spirit w/short hair, chariot, & sword",Main Universe,Monsters,,,,Types: Death; Level: Battle
Chapter 13 (Monsters),Spirit Of The Future,spirit-of-the-future,,Monster,published,Old man w/staff (with eyeball on tip),Main Universe,Monsters,,,,Types: Death; Level: Battle
Chapter 13 (Monsters),The Haunting Mistress,the-haunting-mistress,,Monster,published,"Elf like female ghost w/long gray hair, white dress, floating orbs around neck",Main Universe,Monsters,,,,Types: Death; Level: Battle
Chapter 13 (Monsters),The Headless Horsemen,the-headless-horsemen,,Monster,published,Cloaked man w/partial armor riding a black steel horse & no head,Main Universe,Monsters,,,,Types: Death; Level: Battle
Chapter 13 (Monsters),The Hauntress,the-hauntress,,Monster,published,Pale woman covered in white cloths w/glowing helmet & elfish appearance,Main Universe,Monsters,,,,Types: Death; Level: Battle
Chapter 13 (Monsters),Bloody Mary,bloody-mary,,Monster,published,Pale girl w/partially black dress & harden blood like armor,Main Universe,Monsters,,,,Types: Death; Types: Shadow; Level: Battle
Chapter 13 (Monsters),Soul Stealer,soul-stealer,,Monster,published,"Black, gold, blue man w/armor, long black hair, wings, sword, & orb containing souls",Main Universe,Monsters,,,,Types: Death; Types: Soldier; Level: Battle
Chapter 13 (Monsters),Shine De Font,shine-de-font,,Monster,published,Shaman w/partially armored dreds,Main Universe,Monsters,,,,Types: Death; Types: Spell; Level: Enrage
Chapter 13 (Monsters),Spirtex,spirtex,,Monster,published,,Main Universe,Monsters,,,,Types: Death; Level: Ability
Chapter 13 (Monsters),Gypsy head in globe,gypsy-head-in-globe,,Monster,published,SOUL~e,Main Universe,Monsters,,,,
Chapter 13 (Monsters),Death,death,,Monster,published,"-----

Floating glowing orbs (powerful enough to defeat Enrage types)",Main Universe,Monsters,,,,
Chapter 13 (Monsters),Berost,berost,,Monster,published,"Partially transparent bear w/giant ears (golden rings around them), floating orbs around neck & ankles, cloud like tail, frozen patches around fur",Main Universe,Monsters,,,,Types: Death; Types: Beast; Types: Frozen; Level: Ability
Chapter 13 (Monsters),Bearian,bearian,,Monster,published,"Evolves from: Berost

Adult sized BEROST w/closed eye on stomach & long cricket like legs",Main Universe,Monsters,,,,Types: Death; Types: Beast; Types: Frozen
Chapter 13 (Monsters),Berburg,berburg,,Monster,published,"Evolves from: Bearian

Fat sized BEARIAN w/several eyes around body, giant cat like ears, & dragon tail",Main Universe,Monsters,,,,Types: Death; Types: Beast; Types: Frozen
Chapter 13 (Monsters),Smari,smari,,Monster,published,Bobcat like creature w/stones around body & gas like structures making up its fur,Main Universe,Monsters,,,,Types: Death; Types: Beast; Level: Ability
Chapter 13 (Monsters),Pupost,pupost,,Monster,published,Puppet like ghost w/black hole on chest & big eyes,Main Universe,Monsters,,,,Types: Death; Level: Ability
Chapter 13 (Monsters),Purpet,purpet,,Monster,published,Female Casper like ghost w/antennas from neck & gas coming from its where its feet are supposed to be,Main Universe,Monsters,,,,Types: Death; Level: Ability
Chapter 13 (Monsters),Pennae,pennae,,Monster,published,"Big Casper like ghost w/antennas from its neck & forehead, gas coming from its bottom & flowing dress like body",Main Universe,Monsters,,,,Types: Death; Types: Shadow; Level: Battle
Chapter 13 (Monsters),The Alpha,the-alpha,,Monster,published,"Ghostly creature w/giant witch like hat, shinning cloud like arms, & witch like clothing",Main Universe,Monsters,,,,Types: Death; Types: Shadow; Level: Enrage
Chapter 13 (Monsters),The Beta,the-beta,,Monster,published,"Ghostly creature w/lion like body, sparkling orbs incrusted on body, partial armor, cloud like hair, & thunderbolt like tail",Main Universe,Monsters,,,,Types: Death; Types: Light; Level: Enrage
Chapter 13 (Monsters),The Delta,the-delta,,Monster,published,"Ghostly creature w/orb like structure around body, giant eyes, small hands & feet, small wings, and patches of metal around body",Main Universe,Monsters,,,,Types: Death; Types: Elemental; Level: Enrage
Chapter 13 (Monsters),Night Banshee,night-banshee,,Monster,published,"Ghostly woman w/long white hair & dress, breastplate, and claws",Main Universe,Monsters,,,,Types: Death; Types: Night; Level: Enrage
Chapter 13 (Monsters),Will-O-Wisp,will-o-wisp,,Monster,published,,Main Universe,Monsters,,,,
Chapter 13 (Monsters),Abura-Akago,abura-akago,,Monster,published,Infant ghost w/mouse like features that licks oil from lamps,Main Universe,Monsters,,,,Types: Death; Level: Ability
Chapter 13 (Monsters),Akaname,akaname,,Monster,published,Dwarf like spirit with robe that licks dirty rooms,Main Universe,Monsters,,,,Types: Death; Level: Ability
Chapter 13 (Monsters),Akanbei,akanbei,,Monster,published,Human like boy w/one giant eye that’s always dripping of fluid,Main Universe,Monsters,,,,Types: Death; Level: Ability
Chapter 13 (Monsters),Yagyo-San,yagyo-san,,Monster,published,Demonic creature riding on a black headless horse,Main Universe,Monsters,,,,Types: Death; Level: Battle
Chapter 13 (Monsters),Rokurokubi,rokurokubi,,Monster,published,Spirit with a stretching neck & weed like hair,Main Universe,Monsters,,,,Types: Death; Level: Battle
Chapter 13 (Monsters),Sakabashira,sakabashira,,Monster,published,Pillar looking creature w/no eyes installed upside-down,Main Universe,Monsters,,,,Types: Death; Level: Ability
Chapter 13 (Monsters),Sagari,sagari,,Monster,published,Horse head dangling upside down from trees,Main Universe,Monsters,,,,Types: Death; Types: Beast; Level: Ability
Chapter 13 (Monsters),Amefurikozo,amefurikozo,,Monster,published,Spirit like boy w/raindrops circling around body,Main Universe,Monsters,,,,Types: Death; Level: Ability
Chapter 13 (Monsters),Amikiri,amikiri,,Monster,published,Nymph w/ghostly appearance with net-cutting abilities,Main Universe,Monsters,,,,Types: Death; Level: Ability
Chapter 13 (Monsters),Aoandon,aoandon,,Monster,published,Blue paper spirit w/lantern,Main Universe,Monsters,,,,Types: Death; Level: Battle
Chapter 13 (Monsters),Betobeto-San,betobeto-san,,Monster,published,Shadow like spirits appearing as children w/giant red eyes,Main Universe,Monsters,,,,Types: Death; Level: Ability
Chapter 13 (Monsters),Chochinobake,chochinobake,,Monster,published,Paper lantern w/UNKNOWN SPIRITS seen around it,Main Universe,Monsters,,,,Types: Death; Level: Ability
Chapter 13 (Monsters),Chokozetsu,chokozetsu,,Monster,published,Giant w/giant tongue that sticks out of his mouth,Main Universe,Monsters,,,,Types: Death; Level: Battle
Chapter 13 (Monsters),Bake-Kujira,bake-kujira,,Monster,published,,Main Universe,Monsters,,,,Types: Death; Types: Aqua; Types: Beast; Level: Battle
Chapter 13 (Monsters),Giant ghostly skeleton whale,giant-ghostly-skeleton-whale,,Monster,published,,Main Universe,Monsters,,,,
Chapter 13 (Monsters),Bakezori,bakezori,,Monster,published,Children like spirits w/giant sandals,Main Universe,Monsters,,,,Types: Death; Level: Ability
Chapter 13 (Monsters),Baku,baku,,Monster,published,,Main Universe,Monsters,,,,Types: Death; Types: Beast; Level: Battle
Chapter 13 (Monsters),Giant furry beast that eats nightmares,giant-furry-beast-that-eats-nightmares,,Monster,published,,Main Universe,Monsters,,,,
Chapter 13 (Monsters),Dodomeki,dodomeki,,Monster,published,Old haggish woman covered in torn clothing of the dead w/hands covered in eyes,Main Universe,Monsters,,,,Types: Death; Level: Battle
Chapter 13 (Monsters),Fukuko,fukuko,,Monster,published,,Main Universe,Monsters,,,,Types: Death; Level: Ability
Chapter 13 (Monsters),Spirit creature that brings good luck,spirit-creature-that-brings-good-luck,,Monster,published,,Main Universe,Monsters,,,,
Chapter 13 (Monsters),Funayurei,funayurei,,Monster,published,Skeletal spirits covered in items from their life w/patches of fur around body,Main Universe,Monsters,,,,Types: Death; Level: Ability
Chapter 13 (Monsters),Futakuchi-Onna,futakuchi-onna,,Monster,published,"Two mouthed woman covered in bones, skulls, and flames",Main Universe,Monsters,,,,Types: Death; Level: Battle
Chapter 13 (Monsters),Gaki,gaki,,Monster,published,Expanding mouth creatures made of furballs & rotten fruit,Main Universe,Monsters,,,,Types: Death; Level: Ability
Chapter 13 (Monsters),"Serjes, Book Guardian",serjes-book-guardian,,Monster,published,"Koala like creature w/wings, glowing symbol on stomach, helmet, & carrying the book of knowledge",Main Universe,Monsters,,,,Types: Mind; Level: Ability
Chapter 13 (Monsters),"Felgius, The Librarian",felgius-the-librarian,,Monster,published,"Evolves from: Serjes, Book Guardian

Man w/glowing white skin, shining white robe, orb on forehead, wings, staff, carrying book of knowledge, & long beard",Main Universe,Monsters,,,,Types: Mind
Chapter 13 (Monsters),"Knarla, Judge Of Good",knarla-judge-of-good,,Monster,published,Bearded man w/wizard attire & long purple hair,Main Universe,Monsters,,,,Types: Mind; Types: Spell; Level: Extreme
Chapter 13 (Monsters),"Nutrelis, Neutral Judge",nutrelis-neutral-judge,,Monster,published,Bald headed bearded man w/armor & sword,Main Universe,Monsters,,,,Types: Mind; Types: Soldier; Level: Extreme
Chapter 13 (Monsters),"Tetrises, Judge Of Evil",tetrises-judge-of-evil,,Monster,published,Bearded old man w/black marble skin & torn robes,Main Universe,Monsters,,,,Types: Mind; Types: Shadow; Level: Extreme
Chapter 13 (Monsters),Oracle,oracle,,Monster,published,"Bald headed woman w/glowing Chinese symbol of the mind on forehead, glowing white cloak",Main Universe,Monsters,,,,Types: Mind; Level: Extreme
Chapter 13 (Monsters),Oracle (Warrior Form),oracle-warrior-form,,Monster,published,"Evolves from: Oracle (Evolves By The Warrior Spell)

Bald headed woman w/glowing Chinese symbol of the mind on the forehead, & warrior attire",Main Universe,Monsters,,,,Types: Mind; Types: Soldier
Chapter 13 (Monsters),Vision Of Solaris,vision-of-solaris,,Monster,published,"Appearance: Giant eyeball w/dreds

Using the EMT fields running throughout the world, Vision of Solaris can omit powerful psionic waves that can rupture any electronic device. Its attack Digital Mindwave can stop any computerized device from operating.",Main Universe,Monsters,,,,Types: Mind; Level: Extreme
Chapter 13 (Monsters),Puppet Prince,puppet-prince,,Monster,published,"Puppet like boy w/blue shirt, red pants, & cape",Main Universe,Monsters,,,,Types: Mind; Types: Toy; Level: Ability
Chapter 13 (Monsters),Puppet King,puppet-king,,Monster,published,"Evolves from: Puppet Prince

Puppet like man w/royal robes & wooden sword",Main Universe,Monsters,,,,Types: Mind; Types: Toy
Chapter 13 (Monsters),Delly Doll,delly-doll,,Monster,published,Female doll w/cowgirl attire,Main Universe,Monsters,,,,Types: Mind; Types: Toy; Level: Ability
Chapter 13 (Monsters),"Lagia, Queen Of The Dolls",lagia-queen-of-the-dolls,,Monster,published,"Evolves from: Delly Doll

Adult version of DELLY DOLL w/long dress & cowgirl boots",Main Universe,Monsters,,,,Types: Mind; Types: Toy
Chapter 13 (Monsters),"Pinja, The Mannequin",pinja-the-mannequin,,Monster,published,Mannequin boy w/sword,Main Universe,Monsters,,,,Types: Mind; Types: Toy; Level: Ability
Chapter 13 (Monsters),"Dilly, The Mannequin",dilly-the-mannequin,,Monster,published,"Evolves from: Pinja, The Mannequin

Mannequin man w/body armor & daggers",Main Universe,Monsters,,,,Types: Mind; Types: Toy
Chapter 13 (Monsters),Rani,rani,,Monster,published,White furless mouse w/4 split sparkling tails & big eyes,Main Universe,Monsters,,,,Types: Mind; Types: Light; Level: Enrage
Chapter 13 (Monsters),Rani 2,rani-2,,Monster,published,"Human sized furless mouse w/sharp sickle like tail, golden/white armor, long pulled back horns",Main Universe,Monsters,,,,Types: Mind; Types: Light; Level: Enrage
Chapter 13 (Monsters),Rani 3,rani-3,,Monster,published,"Furless fox w/7 tails (each a different color), small wings, big eyes",Main Universe,Monsters,,,,Types: Mind; Types: Light; Level: Enrage
Chapter 13 (Monsters),"Barokus ‘E, Miote",barokus-e-miote,,Monster,published,Detective like warrior w/magical bag,Main Universe,Monsters,,,,Types: Mind; Level: Extreme
Chapter 13 (Monsters),Mooches,mooches,,Monster,published,"Big lip, dark skinned girl w/amazon attire",Main Universe,Monsters,,,,Types: Mind; Types: Vermin; Level: Ability
Chapter 13 (Monsters),Andrita,andrita,,Monster,published,"Evolves from: Mooches

Adult version of MOOCHES w/jewelry",Main Universe,Monsters,,,,Types: Mind; Types: Vermin
Chapter 13 (Monsters),Lady Mime,lady-mime,,Monster,published,"White pale woman w/skin tight white/red/purple outfit, giant pointy cat like ears, tail, & glowing blue eyes",Main Universe,Monsters,,,,Types: Mind; Level: Ability
Chapter 13 (Monsters),Psychic Mother,psychic-mother,,Monster,published,"Evolves from: Lady Mime

LADY MIME w/white ballerina like dress & gold rings floating around arms & legs",Main Universe,Monsters,,,,Types: Mind
Chapter 13 (Monsters),Psicat,psicat,,Monster,published,White/blue house kitten w/shinning gold collar & red orb on tip of tail,Main Universe,Monsters,,,,Types: Mind; Types: Beast; Level: Ability
Chapter 13 (Monsters),Valexian Feline,valexian-feline,,Monster,published,"Evolves from: Psicat

Adult sized Persian w/floating ring around its neck, split tail (both with orbs on tips), & giant ears",Main Universe,Monsters,,,,Types: Mind; Types: Beast
Chapter 13 (Monsters),Psychic Plant Of Darmosa,psychic-plant-of-darmosa,,Monster,published,"Human sized plant w/8 different types of flowers around its body, pearls around its head, & 2 giant eyes",Main Universe,Monsters,,,,Types: Mind; Types: Leaf; Level: Battle
Chapter 13 (Monsters),Brenta,brenta,,Monster,published,"Persian like creature standing upright w/gloves, boot like feet, & rings around risk, neck, and ankles, star shaped hair (on head), & star like object on back",Main Universe,Monsters,,,,Types: Mind; Types: Shadow; Level: Battle
Chapter 13 (Monsters),Murdlock,murdlock,,Monster,published,"Moose like creature w/diamond structures around body, giant like wooden structures around arms & neck, long split tail (with orb on tip of both)",Main Universe,Monsters,,,,Types: Mind; Types: Beast; Level: Enrage
Chapter 13 (Monsters),Psychic Behemoth,psychic-behemoth,,Monster,published,"Deer like creature with beastly features, glowing crystals around body, giant orb like structure from forehead, & giant wings",Main Universe,Monsters,,,,Types: Mind; Level: Extreme
Chapter 13 (Monsters),Barkus,barkus,,Monster,published,"Appearance: Purple/red Puppy w/giant eyes & spiral tail

A kind puppy like creature that is one of the most popular creatures throughout Aurelia. At one point of time in recent years, Barkus was found in nearly every household.",Main Universe,Monsters,,,,Types: Mind; Types: Beast; Level: Ability
Chapter 13 (Monsters),Sombrus,sombrus,,Monster,published,"Evolves from: Barkus

Appearance: Dog w/helmet, armor, giant wing like structure, & long tail (with diamond like structure on end)

When it evolved from Barkus, it learned how to move faster and to control its Panic Bark attack which can scare away almost any opponent.",Main Universe,Monsters,,,,Types: Mind; Types: Beast
Chapter 13 (Monsters),Doubt,doubt,,Monster,published,"Appearance: Symbolic like structures w/giant eye in the center

A powerful creature that existed as part of the original gods over Aurelia. It existed soley as the mind to the other gods. When they disappeared, Doubt went into the mind of every living being.",Main Universe,Monsters,,,,Types: Mind
Chapter 13 (Monsters),Oninom,oninom,,Monster,published,"Floating like cat creature w/no arms or mouth, giant ears, flag like tail, & giant eyes",Main Universe,Monsters,,,,Types: Mind
Chapter 13 (Monsters),Drafribawn,drafribawn,,Monster,published,"Dragon like baby w/metal shell armor, short golden rod from neck",Main Universe,Monsters,,,,Types: Mind; Types: Prehistoric; Level: Battle
Chapter 13 (Monsters),Mimute,mimute,,Monster,published,"Big head doll like creature w/fairy wings, two antennae, changes color based off chapters, & floating crystals around body",Main Universe,Monsters,,,,Types: Mind; Level: Extreme
Chapter 13 (Monsters),Strajaelf,strajaelf,,Monster,published,"5’11 elf wrapped up in a strait jacket. On its forehead is a jewel and cuffs are around its ankles.

A creature with incredible psychic energy. It was contained because of it’s heighten abilities centuries ago. Because of this it has since gone insane. It has one of the highest psychic energy ratings in Aurelia.",Main Universe,Monsters,,,,Types: Mind; Level: Battle
Chapter 13 (Monsters),The Lost Sculptor,the-lost-sculptor,,Monster,published,Cat like painter w/paintbrush like tail,Main Universe,Monsters,,,,Types: Spell; Level: Ability
Chapter 13 (Monsters),"Elkan, The Grand",elkan-the-grand,,Monster,published,"Long white hair man w/long glowing white robe, seraph wings, & staff",Main Universe,Monsters,,,,Types: Spell; Level: Enrage
Chapter 13 (Monsters),Elkan (Warrior Form),elkan-warrior-form,,Monster,published,"Evolves from: Elkan, The Grand (Evolves By Spell)

ELKAN w/warrior attire & staff",Main Universe,Monsters,,,,Types: Spell; Types: Soldier
Chapter 13 (Monsters),Elkan (Sage Mode),elkan-sage-mode,,Monster,published,"Evolves from: Elkan, The Grand (Evolves By Highest Mental Status)

Wizard like man w/long white beard, sitting on floating orb, markings on skin, long bluish/white robe, staff",Main Universe,Monsters,,,,Types: Spell
Chapter 13 (Monsters),Lord Ditus,lord-ditus,,Monster,published,"Old man with bald head, wizard robe (with moving galaxy like pictures on it), staff",Main Universe,Monsters,,,,Types: Spell; Level: Battle
Chapter 13 (Monsters),Spirit Magician,spirit-magician,,Monster,published,"Ghostly man w/hat, black/white/red suit & cape",Main Universe,Monsters,,,,Types: Spell; Types: Death; Level: Battle
Chapter 13 (Monsters),Kondor,kondor,,Monster,published,Blue gin w/a triton,Main Universe,Monsters,,,,Types: Spell; Level: Battle
Chapter 13 (Monsters),ALI,ali,,Monster,published,"Blue wizard w/warrior attire, sword",Main Universe,Monsters,,,,Types: Spell; Types: Soldier; Level: Battle
Chapter 13 (Monsters),KOI,koi,,Monster,published,Green fox standing upright w/wizard hat & warrior attire,Main Universe,Monsters,,,,Types: Spell; Types: Soldier; Level: Battle
Chapter 13 (Monsters),Moredweva,moredweva,,Monster,published,"Half witch, rattlesnake",Main Universe,Monsters,,,,Types: Spell; Types: Vermin; Level: Battle
Chapter 13 (Monsters),Soul Singer,soul-singer,,Monster,published,Female elf w/golden dress & steel microphone,Main Universe,Monsters,,,,Types: Spell; Types: Neutral; Level: Battle
Chapter 13 (Monsters),Hebe,hebe,,Monster,published,Imp w/torn cloths,Main Universe,Monsters,,,,Types: Spell; Level: Ability
Chapter 13 (Monsters),Dusk Chrome,dusk-chrome,,Monster,published,"Evolves from: Hebe

Hag like woman w/seaweed hair, one eye, & staff (orb on tip)",Main Universe,Monsters,,,,Types: Spell; Types: Geo
Chapter 13 (Monsters),Morenda,morenda,,Monster,published,"Elf female w/long orange & black dress, staff & long red hair",Main Universe,Monsters,,,,Types: Spell; Level: Battle
Chapter 13 (Monsters),Colazar,colazar,,Monster,published,"Elf male w/short blue hair, sword, long blue & green robe",Main Universe,Monsters,,,,Types: Spell; Level: Battle
Chapter 13 (Monsters),Damanh,damanh,,Monster,published,"Appearance: Young elf man w/long beard, orb on forehead, gun

Sprite like creature that hovers above a giant flower. The flower protects it from attacks and uses to attacks as powerful spells toward the opponent. When the flower dies so does the Damanh.",Main Universe,Monsters,,,,Types: Spell; Level: Battle
Chapter 13 (Monsters),Illusionist,illusionist,,Monster,published,"Clown w/long hair, sickle",Main Universe,Monsters,,,,Types: Spell; Level: Ability
Chapter 13 (Monsters),Battle Illusionist,battle-illusionist,,Monster,published,"Evolves from: Illusionist

Clown w/warrior attire, long hair, sickle",Main Universe,Monsters,,,,Types: Spell; Types: Soldier
Chapter 13 (Monsters),Illusionist Mage,illusionist-mage,,Monster,published,"Evolves from: Battle Illusionist

Clown w/wizard attire, sickle, & short hair, sitting on glowing carpet",Main Universe,Monsters,,,,Types: Spell
Chapter 13 (Monsters),Oon,oon,,Monster,published,,Main Universe,Monsters,,,,
Chapter 13 (Monsters),Spell,spell,,Monster,published,,Main Universe,Monsters,,,,
Chapter 13 (Monsters),JEN,jen,,Monster,published,Male sprite w/sword,Main Universe,Monsters,,,,Types: Spell; Level: Ability
Chapter 13 (Monsters),KOL,kol,,Monster,published,Female sprite w/wand,Main Universe,Monsters,,,,Types: Spell; Level: Ability
Chapter 13 (Monsters),DEI,dei,,Monster,published,Brownie w/magic broom,Main Universe,Monsters,,,,Types: Spell; Level: Ability
Chapter 13 (Monsters),Threi,threi,,Monster,published,,Main Universe,Monsters,,,,Types: Spell; Level: Ability
Chapter 13 (Monsters),Demonic fairy,demonic-fairy,,Monster,published,,Main Universe,Monsters,,,,
Chapter 13 (Monsters),Lord Of The Imps,lord-of-the-imps,,Monster,published,Giant imp w/armor,Main Universe,Monsters,,,,Types: Spell; Types: Shadow; Level: Battle
Chapter 13 (Monsters),Baustilick,baustilick,,Monster,published,"Giant imp, lizard, basilisk, dog creature",Main Universe,Monsters,,,,Types: Spell; Types: Shadow; Level: Battle
Chapter 13 (Monsters),Dark Clown,dark-clown,,Monster,published,Clown w/demonic features,Main Universe,Monsters,,,,Types: Spell; Types: Shadow; Level: Battle
Chapter 13 (Monsters),Ice Fairy,ice-fairy,,Monster,published,Blue fairy w/icy patches & ice sickles around body,Main Universe,Monsters,,,,Types: Spell; Types: Frozen; Level: Battle
Chapter 13 (Monsters),Fire Fairy,fire-fairy,,Monster,published,"Appearance: Fairy covered partially in flames & rock patches around body and wings

Usually found near volcanos set to erupt, Fire Fairies are devious foes with their ferocious attack Fire Wisk.",Main Universe,Monsters,,,,Types: Spell; Types: Pyro; Level: Battle
Chapter 13 (Monsters),Impersonators,impersonators,,Monster,published,"(take the level of its opponent)

Shadow ghost that have no original shape or forms but eyes, hands",Main Universe,Monsters,,,,Types: Spell; Types: Shadow
Chapter 13 (Monsters),The Songstress,the-songstress,,Monster,published,"Female wizard w/long golden hair, staff, horn",Main Universe,Monsters,,,,Types: Spell; Level: Enrage
Chapter 13 (Monsters),Mirror Dijin,mirror-dijin,,Monster,published,Gin w/body armor inside of a mirror,Main Universe,Monsters,,,,Types: Spell; Level: Battle
Chapter 13 (Monsters),Mirror Bajin,mirror-bajin,,Monster,published,"Evolves from: Mirror Dijin

Giant black gin w/demonic features inside of a mirror",Main Universe,Monsters,,,,Types: Spell; Types: Shadow
Chapter 13 (Monsters),Bajin,bajin,,Monster,published,Evolves from: Mirror Bajin,Main Universe,Monsters,,,,Types: Spell; Types: Shadow
Chapter 13 (Monsters),MIRROR BAJIN without the mirror,mirror-bajin-without-the-mirror,,Monster,published,,Main Universe,Monsters,,,,
Chapter 13 (Monsters),Kae Bajin,kae-bajin,,Monster,published,"Evolves from: Bajin

Giant black BAJIN w/long white hair",Main Universe,Monsters,,,,Types: Spell; Types: Shadow
Chapter 13 (Monsters),Storm Witch,storm-witch,,Monster,published,"Female witch w/golden & white attire, long silver hair riding on a cloud",Main Universe,Monsters,,,,Types: Spell; Types: Aero; Types: Shock; Level: Battle
Chapter 13 (Monsters),SioS,sios,,Monster,published,,Main Universe,Monsters,,,,
Chapter 13 (Monsters),KioS,kios,,Monster,published,,Main Universe,Monsters,,,,
Chapter 13 (Monsters),Wish Maker,wish-maker,,Monster,published,Giant blue wizard w/demonic features,Main Universe,Monsters,,,,Types: Spell; Level: Battle
Chapter 13 (Monsters),Trabu,trabu,,Monster,published,"Black skinned man w/turban, big diaper like robe around waist, holding a pot",Main Universe,Monsters,,,,Types: Spell; Level: Battle
Chapter 13 (Monsters),TaTANI,tatani,,Monster,published,,Main Universe,Monsters,,,,
Chapter 13 (Monsters),Tandi,tandi,,Monster,published,Fat version of TRABU w/magic carpet,Main Universe,Monsters,,,,Types: Spell; Level: Battle
Chapter 13 (Monsters),Ginx Gypsy,ginx-gypsy,,Monster,published,"Nymph like gypsy woman w/ripped clothing, long blond hair",Main Universe,Monsters,,,,Types: Spell; Level: Battle
Chapter 13 (Monsters),Sitch,sitch,,Monster,published,"Skeleton wizard w/hanging skin, wizard attire, staff (with orb on it)",Main Universe,Monsters,,,,Types: Spell; Types: Shadow; Level: Enrage
Chapter 13 (Monsters),Card Master,card-master,,Monster,published,Magician like clown w/a box & floating cards around his body,Main Universe,Monsters,,,,Types: Spell; Level: Battle
Chapter 13 (Monsters),Baelith,baelith,,Monster,published,"Elf/fairy mixed girl w/dark red hair, eyes, green/brown elf outfit, sharp fingers & toes",Main Universe,Monsters,,,,Types: Spell; Types: Shadow; Level: Battle
Chapter 13 (Monsters),Sand Wizard,sand-wizard,,Monster,published,Wizard like man made of sand & pale brown skin,Main Universe,Monsters,,,,Types: Spell; Types: Geo; Level: Enrage
Chapter 13 (Monsters),Magic Sovereign,magic-sovereign,,Monster,published,"Black giant w/royal clothing, jewelry, staff",Main Universe,Monsters,,,,Types: Spell; Level: Extreme
Chapter 13 (Monsters),Mystic Hydra,mystic-hydra,,Monster,published,"Prehistoric type: Serpent

5 headed hydra w/magician cloak",Main Universe,Monsters,,,,Types: Spell; Types: Prehistoric; Level: Extreme
Chapter 13 (Monsters),Mystic Hydra +2,mystic-hydra-2,,Monster,published,"Prehistoric type: Serpent
Level: Mystic Hydra (Evolves Through Digitial Hype)

3 headed hydra w/different colored heads",Main Universe,Monsters,,,,Types: Spell; Types: Prehistoric
Chapter 13 (Monsters),Akari Gypsy,akari-gypsy,,Monster,published,Woman w/skulls laced around her purple dress,Main Universe,Monsters,,,,Types: Spell; Types: Night; Level: Battle
Chapter 13 (Monsters),Agari Fairy,agari-fairy,,Monster,published,Pink fairy w/giant wings & partial armor,Main Universe,Monsters,,,,Types: Spell; Level: Battle
Chapter 13 (Monsters),Lightning Witch,lightning-witch,,Monster,published,"Elf woman w/lightning marks on her dress & witch like features, riding on thunderbolt",Main Universe,Monsters,,,,Types: Spell; Types: Aero; Level: Battle
Chapter 13 (Monsters),Nixie,nixie,,Monster,published,Small children like pixie w/rainbow colored wings & outfits,Main Universe,Monsters,,,,Types: Spell; Level: Ability
Chapter 13 (Monsters),Danguron,danguron,,Monster,published,"Evolves from: Nixie

Adult/teenage like pixie w/rainbow colored wings & metallic armor",Main Universe,Monsters,,,,Types: Spell
Chapter 13 (Monsters),Dragixz,dragixz,,Monster,published,"Chubby child w/rock skin, torn armor, elfish features",Main Universe,Monsters,,,,Types: Spell; Types: Geo; Level: Battle
Chapter 13 (Monsters),Hojen,hojen,,Monster,published,,Main Universe,Monsters,,,,Types: Spell; Level: Baby Form
Chapter 13 (Monsters),Indian like parrot head,indian-like-parrot-head,,Monster,published,,Main Universe,Monsters,,,,
Chapter 13 (Monsters),Sori,sori,,Monster,published,"Evolves from: Hojen

Little Indian girl w/parrot head & wand",Main Universe,Monsters,,,,Types: Spell
Chapter 13 (Monsters),Labraxus,labraxus,,Monster,published,"Evolves from: Sori

Woman w/totem pole like body & staff",Main Universe,Monsters,,,,Types: Spell
Chapter 13 (Monsters),"Cronus, God Of Time",cronus-god-of-time,,Monster,published,"Evolves from: Labraxus

Half parrot & w/Cronus similarities",Main Universe,Monsters,,,,Types: Spell
Chapter 13 (Monsters),Mistress Sent,mistress-sent,,Monster,published,Human sized mannequin w/weaponry,Main Universe,Monsters,,,,Types: Spell; Level: Enrage
Chapter 13 (Monsters),Eleania,eleania,,Monster,published,"Small boy like being w/warrior attire, short white cloak, short white hair, pearl on a necklace",Main Universe,Monsters,,,,Types: Spell; Level: Enrage
Chapter 13 (Monsters),Death Witch,death-witch,,Monster,published,Witch w/haggish features,Main Universe,Monsters,,,,Types: Spell; Types: Shadow; Level: Enrage
Chapter 13 (Monsters),Spell Charmer,spell-charmer,,Monster,published,Bald headed man w/warrior attire & staff,Main Universe,Monsters,,,,Types: Spell; Level: Enrage
Chapter 13 (Monsters),Fairest Mage,fairest-mage,,Monster,published,Bald headed man w/wizard attire & hieroglyphics around body,Main Universe,Monsters,,,,Types: Spell; Level: Enrage
Chapter 13 (Monsters),Soulmaster,soulmaster,,Monster,published,"Man w/reddish & brown skin, long cloak, staff,",Main Universe,Monsters,,,,Types: Spell; Level: Battle
Chapter 13 (Monsters),Obraxus,obraxus,,Monster,published,"Evolves from: Soulmaster

Man w/horns around body, cape, sword, spell book, suit like attire with partial armor",Main Universe,Monsters,,,,Types: Spell
Chapter 13 (Monsters),Millennium Wizard,millennium-wizard,,Monster,published,"Wizard like elf w/giant staff (with glowing orb on tip), giant wings, glowing symbols of apocalypse around outfit, armor like plates around skin & face",Main Universe,Monsters,,,,Types: Spell; Level: Enrage
Chapter 13 (Monsters),Water Fairy,water-fairy,,Monster,published,"Fairy w/blue hair, decorated jewels around body, & water drops like dress",Main Universe,Monsters,,,,Types: Spell; Types: Aqua; Level: Battle
Chapter 13 (Monsters),Earth Fairy,earth-fairy,,Monster,published,"Fairy w/different colored dark orange, reddish hair, leaves for an outfit, & walnut like pieces around shoulders",Main Universe,Monsters,,,,Types: Spell; Types: Geo; Level: Battle
Chapter 13 (Monsters),Weather Fairy,weather-fairy,,Monster,published,"Fairy w/clouds around outfit, electric covered hair, thunderbolt like weapons",Main Universe,Monsters,,,,Types: Spell; Types: Aero; Level: Enrage
Chapter 13 (Monsters),Worker Fairy,worker-fairy,,Monster,published,"Fairy w/plain brownish, part green outfit, satchel, metal like pieces around skin",Main Universe,Monsters,,,,Types: Spell; Types: Metal; Level: Battle
Chapter 13 (Monsters),Portal Fairy,portal-fairy,,Monster,published,"Fairy covered in black like attire & reflective wings, long white/black hair and glowing pearls around neck",Main Universe,Monsters,,,,Types: Spell; Level: Ability
Chapter 13 (Monsters),Aurelian Fairy,aurelian-fairy,,Monster,published,"Level: Different Levels (Depending On Age, Stats, & Abilities)

Miniature people w/transparent wings, elfish features, (different outfits based off of environments and personal preferences), & are male/female (All fairies have similar features as an Aurelian Fairy)",Main Universe,Monsters,,,,Types: Spell
Chapter 13 (Monsters),King of the Fairies,king-of-the-fairies,,Monster,published,,Main Universe,Monsters,,,,
Chapter 13 (Monsters),Queen of the Fairies,queen-of-the-fairies,,Monster,published,,Main Universe,Monsters,,,,
Chapter 13 (Monsters),Changelings,changelings,,Monster,published,"Human like imps w/scaly skin, giant ears, claws, fangs, hooves, & can change to anything at will.",Main Universe,Monsters,,,,Types: Spell; Level: Ability
Chapter 13 (Monsters),Aspara,aspara,,Monster,published,Hindu fairies with Hindu & Indian attire,Main Universe,Monsters,,,,Types: Spell; Level: Battle
Chapter 13 (Monsters),Houri,houri,,Monster,published,Hindu like dwarves w/decorated attire,Main Universe,Monsters,,,,Types: Spell; Level: Ability
Chapter 13 (Monsters),Jannah,jannah,,Monster,published,Hindu like nymphs w/long flowing dresses decorated with jewels & flowers,Main Universe,Monsters,,,,Types: Spell; Level: Ability
Chapter 13 (Monsters),Yosei,yosei,,Monster,published,Old man like fairy w/cane (can bring the dead back to life),Main Universe,Monsters,,,,Types: Spell; Types: Death; Level: Ability
Chapter 13 (Monsters),Chelling,chelling,,Monster,published,"Eggplant w/antennae, feet, hands, & big eyes",Main Universe,Monsters,,,,Types: Shock; Level: Ability
Chapter 13 (Monsters),Baby Thundoro,baby-thundoro,,Monster,published,"Bomb w/lightning bolt as hands, feet, & hair",Main Universe,Monsters,,,,Types: Shock; Level: Ability
Chapter 13 (Monsters),Jundoro,jundoro,,Monster,published,Evolves from: Baby Thundoro,Main Universe,Monsters,,,,Types: Shock
Chapter 13 (Monsters),Giant version of BABY THUNDORO,giant-version-of-baby-thundoro,,Monster,published,,Main Universe,Monsters,,,,
Chapter 13 (Monsters),Electrirat,electrirat,,Monster,published,Field rat w/shock pads on its 2 tails,Main Universe,Monsters,,,,Types: Shock; Types: Vermin; Types: Beast; Level: Ability
Chapter 13 (Monsters),Electrifox,electrifox,,Monster,published,Fox w/sockets for a tail,Main Universe,Monsters,,,,Types: Shock; Types: Beast; Level: Ability
Chapter 13 (Monsters),Meganox,meganox,,Monster,published,"Golem w/sockets for ears, hands, & feet",Main Universe,Monsters,,,,Types: Shock; Types: Geo; Level: Battle
Chapter 13 (Monsters),Lightning Boy,lightning-boy,,Monster,published,"Boy like w/sockets for hands, electricity around his body, long spiky blond hair, tail",Main Universe,Monsters,,,,Types: Shock; Types: Soldier; Level: Ability
Chapter 13 (Monsters),Lightning Boy (Black),lightning-boy-black,,Monster,published,,Main Universe,Monsters,,,,Types: Shock; Types: Soldier; Types: Shadow; Level: Ability
Chapter 13 (Monsters),Black marble version of LIGHTNING BOY,black-marble-version-of-lightning-boy,,Monster,published,,Main Universe,Monsters,,,,
Chapter 13 (Monsters),Lightning Boy (Red),lightning-boy-red,,Monster,published,,Main Universe,Monsters,,,,Types: Shock; Types: Soldier; Types: Pyro; Level: Ability
Chapter 13 (Monsters),Red version of LIGHTNING BOY,red-version-of-lightning-boy,,Monster,published,,Main Universe,Monsters,,,,
Chapter 13 (Monsters),Beethra,beethra,,Monster,published,,Main Universe,Monsters,,,,Types: Shock; Types: Vermin; Types: Aero; Level: Baby Form
Chapter 13 (Monsters),Baby falcon,baby-falcon,,Monster,published,,Main Universe,Monsters,,,,
Chapter 13 (Monsters),Chinja,chinja,,Monster,published,"Evolves from: Beethra

Half girl w/falcon head & giant wings",Main Universe,Monsters,,,,Types: Shock; Types: Aero
Chapter 13 (Monsters),"Shah, Air Ninja",shah-air-ninja,,Monster,published,"Evolves from: Chinja

Half girl w/falcon head, giant wings, & ninja mask and outfit",Main Universe,Monsters,,,,Types: Shock; Types: Aero
Chapter 13 (Monsters),Glide Mage,glide-mage,,Monster,published,"Evolves from: Shah, Air Ninja

Tall woman w/hawk head, wings, komodo outfit",Main Universe,Monsters,,,,Types: Shock; Types: Aero
Chapter 13 (Monsters),"Vishnu, Goddess Of Destruction",vishnu-goddess-of-destruction,,Monster,published,"Evolves from: Glide Mage

Pale blue woman w/Hindu attire, 4 arms, crown of gold, & wings (appears only in flight) and appears (sometimes) as a giant",Main Universe,Monsters,,,,Types: Shock; Types: Elemental
Chapter 13 (Monsters),Lady Kivah,lady-kivah,,Monster,published,"Evolves from: Glide Made (Air Form)

Giant woman w/multiple designs on skin tight outfit & wings",Main Universe,Monsters,,,,Types: Shock; Types: Elemental
Chapter 13 (Monsters),Somage,somage,,Monster,published,Bird w/airplane like body,Main Universe,Monsters,,,,Types: Shock; Types: Metal; Level: Battle
Chapter 13 (Monsters),Electrimole,electrimole,,Monster,published,"Mole like creature w/partial armor, electric patches around body, & hole in ears, tale, & feet",Main Universe,Monsters,,,,Types: Shock; Types: Beast; Level: Battle
Chapter 13 (Monsters),Dompatch,dompatch,,Monster,published,"Furball w/electric markings around body, big eyes",Main Universe,Monsters,,,,Types: Shock; Level: Baby Form
Chapter 13 (Monsters),Thundbear,thundbear,,Monster,published,"Evolves from: Dompatch

Teddy bear w/electric symbols around body, big eyes, rings around ears, tail, & legs",Main Universe,Monsters,,,,Types: Shock; Types: Beast
Chapter 13 (Monsters),Thundgrizzly,thundgrizzly,,Monster,published,"Evolves from: Thundbear

Grizzly bear w/socket for tail, wiry like hands & feet, & electric markings around body",Main Universe,Monsters,,,,Types: Shock; Types: Beast
Chapter 13 (Monsters),Cannon Dino,cannon-dino,,Monster,published,Baby T-rex w/cannon for arms & long tail (with electric markings on it),Main Universe,Monsters,,,,Types: Shock; Types: Prehistoric; Level: Ability
Chapter 13 (Monsters),Cannon Dragon,cannon-dragon,,Monster,published,"Prehistoric type: Serpent
Evolves from: Cannon Dino

T-rex w/cannon for arms & short tail (with electric markings on it)",Main Universe,Monsters,,,,Types: Shock; Types: Prehistoric
Chapter 13 (Monsters),Electriwolf,electriwolf,,Monster,published,Baby wolf w/sparks around body & golden bands around body,Main Universe,Monsters,,,,Types: Shock; Types: Beast; Level: Ability
Chapter 13 (Monsters),Electrinine,electrinine,,Monster,published,"Evolves from: Electriwolf

Adult wolf w/9 tails, partial armor, & golden bands around body",Main Universe,Monsters,,,,Types: Shock; Types: Beast
Chapter 13 (Monsters),Sockoy,sockoy,,Monster,published,"Socket like creature w/eyes, hands, feet, & socket for tail",Main Universe,Monsters,,,,Types: Shock; Level: Ability
Chapter 13 (Monsters),Sockult,sockult,,Monster,published,"Evolves from: Sockoy

Adult version of SOCKOY w/fur bands around body",Main Universe,Monsters,,,,Types: Shock
Chapter 13 (Monsters),Redence,redence,,Monster,published,Baby T-Rex w/shock patches around body & lightning bolt for a tail & thunderbolt for arms,Main Universe,Monsters,,,,Types: Shock; Level: Battle
Chapter 13 (Monsters),Holy Unicorn,holy-unicorn,,Monster,published,"White unicorn w/electric markings around body, long tail (made of clouds), floating orbs around body, giant wings, & partially armored",Main Universe,Monsters,,,,Types: Shock; Types: Beast; Types: Aero; Level: Enrage
Chapter 13 (Monsters),Chast Of Night,chast-of-night,,Monster,published,"Elf man w/green & gold warrior attire, helmet, and long spiky greenish white hair",Main Universe,Monsters,,,,Types: Soldier; Types: Night; Level: Battle
Chapter 13 (Monsters),Chast Of Day,chast-of-day,,Monster,published,"Elf man w/gold & red warrior attire, helmet, and short green hair",Main Universe,Monsters,,,,Types: Soldier; Types: Day; Level: Battle
Chapter 13 (Monsters),"Solger, Fortress Protector",solger-fortress-protector,,Monster,published,"Elf w/white armor, cape, sword, & castle like structure erecting from shoulders",Main Universe,Monsters,,,,Types: Soldier; Level: Battle
Chapter 13 (Monsters),"Zili, Mt. Warrior",zili-mt-warrior,,Monster,published,"Male elf warrior w/leaves, steel, branches around armor",Main Universe,Monsters,,,,Types: Soldier; Types: Leaf; Level: Battle
Chapter 13 (Monsters),Castle Guard,castle-guard,,Monster,published,,Main Universe,Monsters,,,,Types: Soldier; Types: Shock; Types: Aero; Level: Battle
Chapter 13 (Monsters),Male elf warrior sitting on cloud,male-elf-warrior-sitting-on-cloud,,Monster,published,,Main Universe,Monsters,,,,
Chapter 13 (Monsters),Doemenitian,doemenitian,,Monster,published,Robotic beast warrior w/partially exposed wires,Main Universe,Monsters,,,,Types: Soldier; Types: Metal; Level: Battle
Chapter 13 (Monsters),Stature Barbarian,stature-barbarian,,Monster,published,,Main Universe,Monsters,,,,Types: Soldier; Level: Battle
Chapter 13 (Monsters),Rock bodied beast like man,rock-bodied-beast-like-man,,Monster,published,,Main Universe,Monsters,,,,
Chapter 13 (Monsters),Statue Amazon,statue-amazon,,Monster,published,,Main Universe,Monsters,,,,Types: Soldier; Types: Leaf; Level: Battle
Chapter 13 (Monsters),Rock bodied amazon,rock-bodied-amazon,,Monster,published,,Main Universe,Monsters,,,,
Chapter 13 (Monsters),Statue Sphinx,statue-sphinx,,Monster,published,Rock sphinx like creature standing upright w/partial golden armor & sword,Main Universe,Monsters,,,,Types: Soldier; Types: Beast; Level: Battle
Chapter 13 (Monsters),Arcadia Ninjas,arcadia-ninjas,,Monster,published,Black dressed female ninjas w/markings around skin,Main Universe,Monsters,,,,Types: Soldier; Level: Battle
Chapter 13 (Monsters),Cape Descender,cape-descender,,Monster,published,Elf like warrior w/cape & partially armored pole,Main Universe,Monsters,,,,Types: Soldier; Level: Battle
Chapter 13 (Monsters),Zerro,zerro,,Monster,published,Masked man w/steel bands around white/black suit,Main Universe,Monsters,,,,Types: Soldier; Level: Battle
Chapter 13 (Monsters),"Kynuros, The Dark Knight",kynuros-the-dark-knight,,Monster,published,"Evolves from: Zerro (Evolves From Moon Stone)

ZERRO riding on BLACK DIAMOND STALLION w/bigger muscles",Main Universe,Monsters,,,,Types: Soldier
Chapter 13 (Monsters),Jetsu,jetsu,,Monster,published,Dog standing upright w/Asian fuku,Main Universe,Monsters,,,,Types: Soldier; Types: Spell; Level: Battle
Chapter 13 (Monsters),Ki Jetsu,ki-jetsu,,Monster,published,"Evolves from: Jetsu

JETSU w/mechanical parts & machine wings",Main Universe,Monsters,,,,Types: Soldier; Types: Spell
Chapter 13 (Monsters),Maxis,maxis,,Monster,published,"Blue elf w/white & red hair, armor, weaponry, sickle",Main Universe,Monsters,,,,Types: Soldier; Level: Battle
Chapter 13 (Monsters),"Maxis, Dragon Rider",maxis-dragon-rider,,Monster,published,"Prehistoric type: Serpent
Evolves from: Merge Of Lightning Dragonfly & Maxis

MAXIS riding on LIGHTNING DRAGONFLY w/longer gold hair",Main Universe,Monsters,,,,Types: Soldier; Types: Prehistoric
Chapter 13 (Monsters),Nikis,nikis,,Monster,published,Bull fighter w/swords,Main Universe,Monsters,,,,Types: Soldier; Level: Battle
Chapter 13 (Monsters),"Lectosis, Bull Rider",lectosis-bull-rider,,Monster,published,Evolves from: Nikis,Main Universe,Monsters,,,,Types: Soldier; Types: Beast
Chapter 13 (Monsters),NIKIS riding on ASHJAN,nikis-riding-on-ashjan,,Monster,published,,Main Universe,Monsters,,,,
Chapter 13 (Monsters),"Lectosis, Flying Bull Rider",lectosis-flying-bull-rider,,Monster,published,"Evolves from: Lectosis, Bull Rider

LECTOSIS, BULL RIDER w/giant dragonfly like wings",Main Universe,Monsters,,,,Types: Soldier; Types: Beast; Types: Aero
Chapter 13 (Monsters),Dino Warrior,dino-warrior,,Monster,published,"Dinosaur boy w/warrior attire, sword",Main Universe,Monsters,,,,Types: Soldier; Types: Prehistoric; Level: Battle
Chapter 13 (Monsters),Mega Dino Warrior,mega-dino-warrior,,Monster,published,"Evolves from: Dino Warrior

Dinosaur man w/warrior attire, sword, long blue hair, & giant white x on stomach",Main Universe,Monsters,,,,Types: Soldier; Types: Prehistoric
Chapter 13 (Monsters),Dino Warrior X,dino-warrior-x,,Monster,published,"Evolves from: Dino Warrior (Evolves By X-Diamond)

DINO WARRIOR w/black & silver armor, short silver hair, twin swords, & markings around armor",Main Universe,Monsters,,,,Types: Soldier; Types: Prehistoric
Chapter 13 (Monsters),Lathrs,lathrs,,Monster,published,"Centaur w/bow, arrows, & partial body armor",Main Universe,Monsters,,,,Types: Soldier; Level: Battle
Chapter 13 (Monsters),Sirenthians,sirenthians,,Monster,published,"Centaur w/sword, bow & arrows, & wings",Main Universe,Monsters,,,,Types: Soldier; Level: Battle
Chapter 13 (Monsters),Armor Sumo Buddha,armor-sumo-buddha,,Monster,published,"Armored sumo wrestler w/daggers, long ponytail",Main Universe,Monsters,,,,Types: Soldier; Level: Battle
Chapter 13 (Monsters),Dioteh,dioteh,,Monster,published,Samurai w/twin swords,Main Universe,Monsters,,,,Types: Soldier; Level: Battle
Chapter 13 (Monsters),"Mondra, The Great",mondra-the-great,,Monster,published,Elf like warrior w/vines around its armor,Main Universe,Monsters,,,,Types: Soldier; Types: Leaf; Level: Battle
Chapter 13 (Monsters),"Ani, The Flying Horseman",ani-the-flying-horseman,,Monster,published,Ancient horseman w/armor decorated in jewels & spikes,Main Universe,Monsters,,,,Types: Soldier; Types: Aero; Level: Battle
Chapter 13 (Monsters),Pillar Dancer,pillar-dancer,,Monster,published,Ninja spinning on its pointy hat (spinning tops),Main Universe,Monsters,,,,Types: Soldier; Level: Battle
Chapter 13 (Monsters),The Barbarian Huntress,the-barbarian-huntress,,Monster,published,"Muscled woman in armor, long ponytail, & giant sword",Main Universe,Monsters,,,,Types: Soldier; Level: Battle
Chapter 13 (Monsters),Orange Soldier,orange-soldier,,Monster,published,"Giant armored orange w/daggers, shades, & goatee",Main Universe,Monsters,,,,Types: Soldier; Types: Leaf; Level: Ability
Chapter 13 (Monsters),Flasher,flasher,,Monster,published,"Elf like man w/body tight armor (red & gold bands around suit), spiky lightning shaped green hair, shades, spiked boots & gloves",Main Universe,Monsters,,,,Types: Soldier; Level: Battle
Chapter 13 (Monsters),Blink Vampire Feline,blink-vampire-feline,,Monster,published,"Black cat w/25ft tail, vampire fangs, claws, purple glow, & giant pointy ears (diamond shaped)",Main Universe,Monsters,,,,Types: Soldier; Types: Shadow; Level: Battle
Chapter 13 (Monsters),The Banished Prisoner,the-banished-prisoner,,Monster,published,"Giant w/brown, gold, white, black armor, long spiky hair, silver bands around fist & legs, chains around neck, arms, & legs, giant wings, hieroglyphics around body",Main Universe,Monsters,,,,Types: Soldier; Types: Elemental; Level: Extreme
Chapter 13 (Monsters),Guardian Of Truth,guardian-of-truth,,Monster,published,"Pale white boy w/white eyes, black fist & boot like feet, one long earring on right ear, skin tight body suit, mouth sewn shut",Main Universe,Monsters,,,,Types: Soldier; Level: Enrage
Chapter 13 (Monsters),The Archer,the-archer,,Monster,published,"Elf like man w/robin hood like attire, bow & arrows, metal bands around skin",Main Universe,Monsters,,,,Types: Soldier; Level: Battle
Chapter 13 (Monsters),"Jigen, King Of Warriors",jigen-king-of-warriors,,Monster,published,Elf warrior w/giant blade,Main Universe,Monsters,,,,Types: Soldier; Level: Extreme
Chapter 13 (Monsters),Antrea,antrea,,Monster,published,Teenage boy elf w/partial warrior attire,Main Universe,Monsters,,,,Types: Soldier; Level: Battle
Chapter 13 (Monsters),Hyson Valkyrie,hyson-valkyrie,,Monster,published,"Female warrior w/giant wings, floating orbs around neck (as necklace), giant sword, silver & white metal armor",Main Universe,Monsters,,,,Types: Soldier; Types: Elemental; Level: Enrage
Chapter 13 (Monsters),Anakaren,anakaren,,Monster,published,"Female warrior w/white, silver, blue, green, red designs on her body",Main Universe,Monsters,,,,Types: Soldier; Types: Shadow; Level: Battle
Chapter 13 (Monsters),Battle Guardian,battle-guardian,,Monster,published,"Male elf w/warrior attire, bald head, glowing patches of golden dust around armor",Main Universe,Monsters,,,,Types: Soldier; Level: Battle
Chapter 13 (Monsters),Koala Guard,koala-guard,,Monster,published,"Golden/silver koala w/long hind legs, pointy tail, & helmet",Main Universe,Monsters,,,,Types: Soldier; Types: Beast; Level: Ability
Chapter 13 (Monsters),Kongapunch,kongapunch,,Monster,published,"Boy like creature w/giant fist, wooden bands around risk, giant horn from back",Main Universe,Monsters,,,,Types: Soldier; Types: Beast; Level: Battle
Chapter 13 (Monsters),Kongajult,kongajult,,Monster,published,Evolves from: Kongapunch,Main Universe,Monsters,,,,Types: Soldier; Types: Beast
Chapter 13 (Monsters),Adult version of KONGAPUNCH,adult-version-of-kongapunch,,Monster,published,,Main Universe,Monsters,,,,
Chapter 13 (Monsters),Kongamaster,kongamaster,,Monster,published,"Evolves from: Kongajult

KONGAJULT w/ninja like attire & triple swords like structure from back (glows when attacking)",Main Universe,Monsters,,,,Types: Soldier; Types: Beast
Chapter 13 (Monsters),Prehistoric Kangaroo,prehistoric-kangaroo,,Monster,published,Dinosaur like kangaroo w/giant flat tail (with eye in center),Main Universe,Monsters,,,,Types: Soldier; Types: Prehistoric; Level: Ability
Chapter 13 (Monsters),Prehistoric Kangaroo X2,prehistoric-kangaroo-x2,,Monster,published,"Evolves from: Prehistoric Kangaroo

PREHISTORIC KANGAROO w/giant star shaped plate on front part of body & longer tail (with eye in center)",Main Universe,Monsters,,,,Types: Soldier; Types: Prehistoric
Chapter 13 (Monsters),Lasega,lasega,,Monster,published,Pointy head like creature w/ballerina like dress,Main Universe,Monsters,,,,Types: Soldier; Level: Baby Form
Chapter 13 (Monsters),Sagasega,sagasega,,Monster,published,"Evolves from: Lasega

Girl like creature w/boxing gloves  & pointy feet, ballerina style dress",Main Universe,Monsters,,,,Types: Soldier
Chapter 13 (Monsters),Sunasega,sunasega,,Monster,published,"Evolves from: Sagasega

Woman like creature w/boxing gloves & pointy feet, skin tight pants (harden plate around knees)",Main Universe,Monsters,,,,Types: Soldier
Chapter 13 (Monsters),Flufetta,flufetta,,Monster,published,"Fluffy like creature w/big bunny like feet, floppy ears, & gold band around stomach",Main Universe,Monsters,,,,Types: Soldier; Level: Ability
Chapter 13 (Monsters),Curet,curet,,Monster,published,"Evolves from: Flufetta

Bigger version of FLUFETTA w/4 overlapping ears",Main Universe,Monsters,,,,Types: Soldier
Chapter 13 (Monsters),Jousting Knight,jousting-knight,,Monster,published,"Elf like warrior w/armor, giant sword, & long green spiky hair",Main Universe,Monsters,,,,Types: Soldier; Level: Battle
Chapter 13 (Monsters),Stighter,stighter,,Monster,published,"Little rock like boy w/cloud like body armor & big eyes, partial muscles",Main Universe,Monsters,,,,Types: Soldier; Level: Ability
Chapter 13 (Monsters),Pumpiter,pumpiter,,Monster,published,"Evolves from: Stighter

Teenage version of STIGHTER w/bigger muscles, hat like head, & cape like structure on back",Main Universe,Monsters,,,,Types: Soldier
Chapter 13 (Monsters),Magnafighter,magnafighter,,Monster,published,"Evolves from: Pumpiter

Adult version of PUMPITER w/big muscles, horn like structure on head, cape like structure, & red body like armor",Main Universe,Monsters,,,,Types: Soldier
Chapter 13 (Monsters),Per De Lur,per-de-lur,,Monster,published,"Short dinosaur girl w/burette, spikes on tail, gloves, black rocker jacket",Main Universe,Monsters,,,,Types: Prehistoric; Level: Ability
Chapter 13 (Monsters),Pino Dino,pino-dino,,Monster,published,Dinosaur woman w/big shoes & kangaroo like figure,Main Universe,Monsters,,,,Types: Prehistoric; Level: Ability
Chapter 13 (Monsters),Peroposur,peroposur,,Monster,published,Baby blue dinosaur w/giant white wings,Main Universe,Monsters,,,,Types: Prehistoric; Level: Baby Form
Chapter 13 (Monsters),"Morges, Dragon Of Life",morges-dragon-of-life,,Monster,published,Silver dragon w/cape & white pulled back horn,Main Universe,Monsters,,,,Types: Prehistoric; Level: Enrage
Chapter 13 (Monsters),"Zkola, Dragon Of Fire",zkola-dragon-of-fire,,Monster,published,Red dragon w/fire on tail & back parts of arms & legs,Main Universe,Monsters,,,,Types: Prehistoric; Types: Pyro; Level: Battle
Chapter 13 (Monsters),"Pentius, Dragon Of Water",pentius-dragon-of-water,,Monster,published,Blue dragon w/pearl on chest & white markings around body,Main Universe,Monsters,,,,Types: Prehistoric; Types: Aqua; Level: Battle
Chapter 13 (Monsters),"Mooundor, Dragon Of Storms",mooundor-dragon-of-storms,,Monster,published,Golden dragon w/thunderbolts around body & silver bands around body,Main Universe,Monsters,,,,Types: Prehistoric; Types: Aero; Types: Shock; Level: Battle
Chapter 13 (Monsters),"Titha, Dragon Of Heart",titha-dragon-of-heart,,Monster,published,"Pink dragon w/white bands around body, heart shaped design on chest",Main Universe,Monsters,,,,Types: Prehistoric; Types: Light; Level: Enrage
Chapter 13 (Monsters),The Mayan Hydra,the-mayan-hydra,,Monster,published,"10 headed dragon w/rock & stone like body, mountain like structure on back & different markings on each head’s forehead",Main Universe,Monsters,,,,Types: Prehistoric; Types: Elemental; Level: Enrage
Chapter 13 (Monsters),Baby Dragon,baby-dragon,,Monster,published,Black baby dragon w/giant claws & fangs,Main Universe,Monsters,,,,Types: Prehistoric; Level: Ability
Chapter 13 (Monsters),Baby Dragon (Silver Form),baby-dragon-silver-form,,Monster,published,,Main Universe,Monsters,,,,Types: Prehistoric; Level: Ability
Chapter 13 (Monsters),Silver version of BABY DRAGON,silver-version-of-baby-dragon,,Monster,published,,Main Universe,Monsters,,,,
Chapter 13 (Monsters),Sypher Draco,sypher-draco,,Monster,published,Green dragon w/7 eyes,Main Universe,Monsters,,,,Types: Prehistoric; Level: Battle
Chapter 13 (Monsters),Mach Dragon,mach-dragon,,Monster,published,,Main Universe,Monsters,,,,Types: Prehistoric; Types: Metal; Level: Enrage
Chapter 13 (Monsters),Mechanical dragon,mechanical-dragon,,Monster,published,,Main Universe,Monsters,,,,
Chapter 13 (Monsters),Dinorok,dinorok,,Monster,published,Baby T-rex w/armor,Main Universe,Monsters,,,,Types: Prehistoric; Level: Ability
Chapter 13 (Monsters),Sebrorock,sebrorock,,Monster,published,"Evolves from: Dinorok

Human sized T-Rex w/armor",Main Universe,Monsters,,,,Types: Prehistoric
Chapter 13 (Monsters),Arborok,arborok,,Monster,published,"Evolves from: Sebrorock

T-Rex w/machine weaponry",Main Universe,Monsters,,,,Types: Prehistoric
Chapter 13 (Monsters),Tyrannaurusorus,tyrannaurusorus,,Monster,published,"Evolves from: Arborok

T-Rex w/wings, mechanical body parts, & gloves",Main Universe,Monsters,,,,Types: Prehistoric
Chapter 13 (Monsters),X-Ptera,x-ptera,,Monster,published,Pternasaurus w/armor,Main Universe,Monsters,,,,Types: Prehistoric; Types: Aero; Level: Battle
Chapter 13 (Monsters),Flatosaur,flatosaur,,Monster,published,Brontosaur w/metal armor,Main Universe,Monsters,,,,Types: Prehistoric; Level: Battle
Chapter 13 (Monsters),Gigantasuar,gigantasuar,,Monster,published,Stegosaurus w/black armor,Main Universe,Monsters,,,,Types: Prehistoric; Level: Battle
Chapter 13 (Monsters),Trigosaur,trigosaur,,Monster,published,Platypus w/spikes,Main Universe,Monsters,,,,Types: Prehistoric; Level: Battle
Chapter 13 (Monsters),Millennium Dragon,millennium-dragon,,Monster,published,"Level note: Guardian Of The Skies

Multi-colored dragon w/steel tail & long white hair",Main Universe,Monsters,,,,Types: Prehistoric; Types: Elemental; Level: Extreme
Chapter 13 (Monsters),The Lazarus Dragon,the-lazarus-dragon,,Monster,published,50ft orange & red dragon w/spikes & horns,Main Universe,Monsters,,,,Types: Prehistoric; Level: Battle
Chapter 13 (Monsters),Dragon Feeder,dragon-feeder,,Monster,published,"Lizard like man w/partial dinosaur features (tail, claws, feet, & teeth)",Main Universe,Monsters,,,,Types: Prehistoric; Level: Battle
Chapter 13 (Monsters),Slifus,slifus,,Monster,published,"700ft dragon w/wings, glowing white light around body",Main Universe,Monsters,,,,Types: Prehistoric; Types: Light; Level: Enrage
Chapter 13 (Monsters),The 4 Dragons Of Purity,the-4-dragons-of-purity,,Monster,published,4 serpent like dragons coming from light,Main Universe,Monsters,,,,Types: Prehistoric; Types: Elemental; Level: Enrage
Chapter 13 (Monsters),V-Dragon,v-dragon,,Monster,published,Green dragon standing upright w/body armor & gun,Main Universe,Monsters,,,,Types: Prehistoric; Types: Soldier; Level: Battle
Chapter 13 (Monsters),"Gilian, Dragon Knight",gilian-dragon-knight,,Monster,published,"Human like warrior w/dragon features, golden white armor, wings, centaur like figure",Main Universe,Monsters,,,,Types: Prehistoric; Types: Soldier; Level: Battle
Chapter 13 (Monsters),Helios Dragon,helios-dragon,,Monster,published,"Golden/white dragon w/armor, wings, & spikes",Main Universe,Monsters,,,,Types: Prehistoric; Types: Pyro; Types: Aero; Level: Enrage
Chapter 13 (Monsters),Popper Dragon,popper-dragon,,Monster,published,Small green dragon w/steel scales,Main Universe,Monsters,,,,Types: Prehistoric; Level: Ability
Chapter 13 (Monsters),Kendred Dragon,kendred-dragon,,Monster,published,Evolves from: Popper Dragon,Main Universe,Monsters,,,,Types: Prehistoric; Types: Aero; Types: Shock
Chapter 13 (Monsters),Giant purple & black dragon,giant-purple-black-dragon,,Monster,published,,Main Universe,Monsters,,,,
Chapter 13 (Monsters),Firebolt Dragon,firebolt-dragon,,Monster,published,"Evolves from: Kendred Dragon

Giant black dragon standing upright w/warrior attire",Main Universe,Monsters,,,,Types: Prehistoric; Types: Pyro; Types: Aero
Chapter 13 (Monsters),"Diagus, Dragon Lord",diagus-dragon-lord,,Monster,published,"Evolves from: Firebolt Dragon

Giant dragon like man w/black warrior attire",Main Universe,Monsters,,,,Types: Prehistoric; Types: Shadow
Chapter 13 (Monsters),Tophuron,tophuron,,Monster,published,Green sparkling & bluish dragon w/3 tails,Main Universe,Monsters,,,,Types: Prehistoric; Types: Leaf; Level: Enrage
Chapter 13 (Monsters),NYU,nyu,,Monster,published,Small dino head w/patches of ice,Main Universe,Monsters,,,,Types: Prehistoric; Level: Baby Form
Chapter 13 (Monsters),Nonyu,nonyu,,Monster,published,"Evolves from: NYU

Boy size dinosaur w/patches of ice on body",Main Universe,Monsters,,,,Types: Prehistoric
Chapter 13 (Monsters),Repta-Nonyu,repta-nonyu,,Monster,published,"Evolves from: Nonyu

Giant reptor w/ice sickles on shoulders & legs",Main Universe,Monsters,,,,Types: Prehistoric
Chapter 13 (Monsters),Arctic Reptus,arctic-reptus,,Monster,published,"Evolves from: Repta Nonyu

Giant reptor w/sickles of ice around body & armor",Main Universe,Monsters,,,,Types: Prehistoric; Types: Frozen
Chapter 13 (Monsters),Dragon Lion,dragon-lion,,Monster,published,Lion like dragon w/partial body armor & body color changes each chapter,Main Universe,Monsters,,,,Types: Prehistoric; Types: Elemental; Level: Enrage
Chapter 13 (Monsters),Euhelophia,euhelophia,,Monster,published,Baby Euhelopus w/patches of grass around body & ancient symbols around tail,Main Universe,Monsters,,,,Types: Prehistoric; Level: Ability
Chapter 13 (Monsters),Aelentina,aelentina,,Monster,published,"Prehistoric type: Serpent

10ft serpent like creature w/female like attributes, long cloud like hair, claws, fangs, & one eye",Main Universe,Monsters,,,,Types: Prehistoric; Level: Battle
Chapter 13 (Monsters),Gongon,gongon,,Monster,published,"Dinosaur like creature w/helmet like shell that wraps around entire body & legs, short floppy ears made of diamond like structure",Main Universe,Monsters,,,,Types: Prehistoric; Level: Ability
Chapter 13 (Monsters),Birdduck,birdduck,,Monster,published,Bird like duck dinosaur creature w/small wings (can’t fly),Main Universe,Monsters,,,,Types: Prehistoric; Types: Aqua; Level: Ability
Chapter 13 (Monsters),Falconsaur,falconsaur,,Monster,published,"Evolves from: Birdduck

Dragon w/bird like features, duck beak, partial metal patches around body",Main Universe,Monsters,,,,Types: Prehistoric; Types: Aero
Chapter 13 (Monsters),Adrexus,adrexus,,Monster,published,Blue/white dinosaur boy w/giant gem on forehead & giant claws & fangs,Main Universe,Monsters,,,,Types: Prehistoric; Types: Pyro; Level: Ability
Chapter 13 (Monsters),Kenogra,kenogra,,Monster,published,"Evolves from: Adrexus

Adult version of ADREXUS w/small wings",Main Universe,Monsters,,,,Types: Prehistoric; Types: Pyro; Types: Soldier
Chapter 13 (Monsters),"Tornardius, Master Of Illusions",tornardius-master-of-illusions,,Monster,published,"Evolves from: Kenogra

Dinosaur like man w/magician attire, floating orbs around body, staff, & mask",Main Universe,Monsters,,,,Types: Prehistoric; Types: Pyro; Types: Spell
Chapter 13 (Monsters),Cypress Dragon,cypress-dragon,,Monster,published,"Prehistoric type: Serpent

White & blue dragon w/sharp fangs, claws, pulled back horns, symbols of the apocalypse around its body, minor body armor, glowing chest/stomach plate, blue eyes",Main Universe,Monsters,,,,Types: Prehistoric; Level: Enrage
Chapter 13 (Monsters),Paramus Draken,paramus-draken,,Monster,published,Dragonfly like dragon w/giant wings & different colored bodies (depends on its environment),Main Universe,Monsters,,,,Types: Prehistoric; Level: Battle
Chapter 13 (Monsters),Silene,silene,,Monster,published,"Woman w/long white hair, staff, arrows, long golden dress, crescent moon symbol around skin",Main Universe,Monsters,,,,Types: Night; Level: Enrage
Chapter 13 (Monsters),Silent Whistler,silent-whistler,,Monster,published,Giant ghostly wizard like creature w/glowing solid light in its chest,Main Universe,Monsters,,,,Types: Night; Types: Death
Chapter 13 (Monsters),Moon Angel,moon-angel,,Monster,published,"Male angel w/black skin tight armor, giant black/white wings, giant sword",Main Universe,Monsters,,,,Types: Night; Types: Light; Level: Battle
Chapter 13 (Monsters),Guardian Of Eve,guardian-of-eve,,Monster,published,"Female elf w/fairy wings on lower back, sword, short blonde hair, breast plate like structure on chest",Main Universe,Monsters,,,,Types: Night; Types: Soldier; Level: Extreme
Chapter 13 (Monsters),Nightkelf Owl,nightkelf-owl,,Monster,published,Owl w/armor,Main Universe,Monsters,,,,Types: Night; Types: Aero; Level: Battle
Chapter 13 (Monsters),Starlets,starlets,,Monster,published,White fluffy like creatures glowing with white light w/small wings,Main Universe,Monsters,,,,Types: Night; Level: Baby Form
Chapter 13 (Monsters),Moon Star,moon-star,,Monster,published,Elf w/warrior attire & long shinning tail (star on tip),Main Universe,Monsters,,,,Types: Night; Level: Battle
Chapter 13 (Monsters),Ainote,ainote,,Monster,published,,Main Universe,Monsters,,,,Types: Night; Types: Day; Types: Soldier; Level: Battle
Chapter 13 (Monsters),Indian like warrior,indian-like-warrior,,Monster,published,,Main Universe,Monsters,,,,
Chapter 13 (Monsters),"Nia, Goddess Of The Night",nia-goddess-of-the-night,,Monster,published,"Woman w/cat like features, long robe in all black & warrior attire",Main Universe,Monsters,,,,Types: Night; Level: Godly Level
Chapter 13 (Monsters),"Dhya, God Of Day",dhya-god-of-day,,Monster,published,"Appearance: Man w/sun like structure around head, armor, staff, giant griffin like wings, lower part of body of a lion standing upright

A ruthless deity that once was worshipped by over 10,000 sun creatures, however as his reign fell, so did his list of followers. Today only a few Day Types remain becoming the rarest of types and with it his power from worship has weakened greatly. However, he is still able to easily defeat even a Enrage Level creature.",Main Universe,Monsters,,,,Types: Day; Level: Godly Level
Chapter 13 (Monsters),Guardian Of Adam,guardian-of-adam,,Monster,published,"Appearance: Half nude elf w/bow & arrow, crown

The once famous guardian of the first man. The Guardian of Adam as he is called by everyone, was one of the first warriors. It uses magical arrows crafted in the Garden of Eden to bestow everything from poison to healing remedies onto others.",Main Universe,Monsters,,,,Types: Day; Types: Soldier; Level: Extreme
Chapter 13 (Monsters),Starlets (Dark Form),starlets-dark-form,,Monster,published,,Main Universe,Monsters,,,,Types: Day; Level: Baby Form
Chapter 13 (Monsters),Black versions of STARLETS,black-versions-of-starlets,,Monster,published,,Main Universe,Monsters,,,,
Chapter 13 (Monsters),"Timius, God Of Time",timius-god-of-time,,Monster,published,Old bearded man w/clock like staff & clock like head,Main Universe,Monsters,,,,Types: Time; Level: Godly Level
Chapter 13 (Monsters),Clock Daemon,clock-daemon,,Monster,published,Short boy w/clocks & armor,Main Universe,Monsters,,,,Types: Time; Level: Ability
Chapter 13 (Monsters),Clock Smith,clock-smith,,Monster,published,,Main Universe,Monsters,,,,Types: Time; Level: Enrage
Chapter 13 (Monsters),Old man made up of clocks,old-man-made-up-of-clocks,,Monster,published,,Main Universe,Monsters,,,,
Chapter 13 (Monsters),Anitius,anitius,,Monster,published,Lion w/diamond shards incrusted in its fur,Main Universe,Monsters,,,,Types: Time; Types: Beast; Level: Ability
Chapter 13 (Monsters),Andhross,andhross,,Monster,published,Lion w/warrior attire & diamond patches around armor & fur,Main Universe,Monsters,,,,Types: Time; Types: Soldier; Level: Battle
Chapter 13 (Monsters),"Tempus, The Lion Beast",tempus-the-lion-beast,,Monster,published,Lion like creature w/clocks embedded into fur & partial armor w/long tail (watch on tip of tail),Main Universe,Monsters,,,,Types: Time; Types: Beast; Level: Extreme
Chapter 13 (Monsters),Clock Mage,clock-mage,,Monster,published,Wizard w/clocks dangling from attire (oversees all history),Main Universe,Monsters,,,,Types: Time; Types: Spell; Level: Enrage
Chapter 13 (Monsters),Time Witch,time-witch,,Monster,published,"Beautiful witch w/long flowing white hair, staff (with giant clock on tip), small clocks around dress (oversees the future)",Main Universe,Monsters,,,,Types: Time; Types: Spell; Level: Enrage
Chapter 13 (Monsters),Daksha,daksha,,Monster,published,"Red man w/Hindu attire, 4 arms, sword, ancient bell, appears similar to Creator God in Hindu Myths, Daksha",Main Universe,Monsters,,,,Types: Time; Level: Godly Level
Chapter 13 (Monsters),Dark Lion,dark-lion,,Monster,published,Black lion w/armor & long pointy tail with partial armor on tip,Main Universe,Monsters,,,,Types: Beast; Types: Shadow; Level: Battle
Chapter 13 (Monsters),"Ski Ah, Lion Warrior",ski-ah-lion-warrior,,Monster,published,"Lion standing upright w/warrior attire, sword, & wings",Main Universe,Monsters,,,,Types: Beast; Types: Soldier; Level: Battle
Chapter 13 (Monsters),"Niagara, Night Wolf",niagara-night-wolf,,Monster,published,"Black wolf w/white & blue armor, giant white wings, & long split tail",Main Universe,Monsters,,,,Types: Beast; Types: Night; Level: Battle
Chapter 13 (Monsters),Dodi,dodi,,Monster,published,Ostrich w/beastly features & partial armor,Main Universe,Monsters,,,,Types: Beast; Types: Aero; Level: Ability
Chapter 13 (Monsters),Jurdon,jurdon,,Monster,published,Beast man w/body of fire,Main Universe,Monsters,,,,Types: Beast; Types: Pyro; Level: Battle
Chapter 13 (Monsters),"Drandon, Beast King",drandon-beast-king,,Monster,published,Human like beast w/cloak,Main Universe,Monsters,,,,Types: Beast; Types: Soldier; Level: Enrage
Chapter 13 (Monsters),Lacuma,lacuma,,Monster,published,Gargoyle like creature w/giant horns & partial steel/rock body,Main Universe,Monsters,,,,Types: Beast; Types: Shadow; Level: Enrage
Chapter 13 (Monsters),Tezerize,tezerize,,Monster,published,"Metal type: Virus

Black Troll w/4 eyes",Main Universe,Monsters,,,,Types: Beast; Types: Metal; Level: Battle
Chapter 13 (Monsters),The Kilwmar Giants,the-kilwmar-giants,,Monster,published,Grass covered green giants w/giant club & kilt,Main Universe,Monsters,,,,Types: Beast; Level: Battle
Chapter 13 (Monsters),Forest Giants,forest-giants,,Monster,published,Green giants w/trees arising from shoulders & kilt,Main Universe,Monsters,,,,Types: Beast; Level: Battle
Chapter 13 (Monsters),Ice Giant,ice-giant,,Monster,published,"Giant man w/blue like fur around body & ice like kilt, giant ice sickle club, ice sickle like horns from body",Main Universe,Monsters,,,,Types: Beast; Types: Frozen; Level: Battle
Chapter 13 (Monsters),Ki Totura,ki-totura,,Monster,published,"Asian deer like warrior standing upright w/human hands & features, body armor, & giant stick",Main Universe,Monsters,,,,Types: Beast; Types: Soldier; Level: Battle
Chapter 13 (Monsters),The Giant Ross,the-giant-ross,,Monster,published,Giant w/armor & weaponry,Main Universe,Monsters,,,,Types: Beast; Level: Battle
Chapter 13 (Monsters),Invisible Predator,invisible-predator,,Monster,published,Beastly giant scorpion like demon w/spikes,Main Universe,Monsters,,,,Types: Beast; Level: Battle
Chapter 13 (Monsters),Spiker,spiker,,Monster,published,"Tentacle like creature w/spikes around body, giant mouth, one eye & fangs",Main Universe,Monsters,,,,Types: Beast; Level: Battle
Chapter 13 (Monsters),Morphed Being,morphed-being,,Monster,published,"Giant bulky creature w/demonic lims, bloody skin, 3 eyes, 7 arms, heads growing from skin, teeth on its fist & shoes, armor",Main Universe,Monsters,,,,Types: Beast; Level: Battle
Chapter 13 (Monsters),Creature Queen,creature-queen,,Monster,published,"Beautiful half dragon woman w/long black hair, 4 eyes, staff, sword, dragon tail, & 6 arms",Main Universe,Monsters,,,,Types: Beast; Level: Enrage
Chapter 13 (Monsters),Cave Sleeper,cave-sleeper,,Monster,published,Giant creature w/Ying yang like mask on extendible like neck connected to a deformed blob like body paste on usually a wall,Main Universe,Monsters,,,,Types: Beast; Level: Battle
Chapter 13 (Monsters),Hommon Troll,hommon-troll,,Monster,published,Giant troll w/7 arms,Main Universe,Monsters,,,,Types: Beast; Level: Battle
Chapter 13 (Monsters),Serophant,serophant,,Monster,published,"Half man, elephant w/wings around ears, crown, two tails, pearl on chest",Main Universe,Monsters,,,,Types: Beast; Types: Light; Level: Extreme
Chapter 13 (Monsters),Ghost Lion,ghost-lion,,Monster,published,"Lion w/magical armor, seraph wings, transparent appearance",Main Universe,Monsters,,,,Types: Beast; Types: Death; Level: Extreme
Chapter 13 (Monsters),Diamond Kat,diamond-kat,,Monster,published,Diamond tiger w/armored bands around tail,Main Universe,Monsters,,,,Types: Beast; Types: Geo; Level: Ability
Chapter 13 (Monsters),Jammiraff,jammiraff,,Monster,published,Giraffe w/little mechanic parts,Main Universe,Monsters,,,,Types: Beast; Types: Shock; Level: Ability
Chapter 13 (Monsters),Machineraff,machineraff,,Monster,published,"Evolves from: Jammiraff

Mechanical giraffe w/extendible wire like tail",Main Universe,Monsters,,,,Types: Beast; Types: Metal
Chapter 13 (Monsters),Copote’,copote,,Monster,published,Goat w/armor,Main Universe,Monsters,,,,Types: Beast; Level: Battle
Chapter 13 (Monsters),Yote,yote,,Monster,published,Coyote w/armor,Main Universe,Monsters,,,,Types: Beast; Level: Battle
Chapter 13 (Monsters),Metal Eagle,metal-eagle,,Monster,published,,Main Universe,Monsters,,,,Types: Beast; Types: Metal; Level: Battle
Chapter 13 (Monsters),Strommen,strommen,,Monster,published,"Deer w/antlers, hard body, black bodied, Egyptian markings",Main Universe,Monsters,,,,Types: Beast; Types: Elemental; Level: Enrage
Chapter 13 (Monsters),Iknoose,iknoose,,Monster,published,"Moose w/lightning markings, Arabic words written on its body",Main Universe,Monsters,,,,Types: Beast; Types: Elemental; Level: Enrage
Chapter 13 (Monsters),Ederos,ederos,,Monster,published,Winged white horse w/orbs floating around its neck,Main Universe,Monsters,,,,Types: Beast; Types: Elemental; Level: Enrage
Chapter 13 (Monsters),Fexifex,fexifex,,Monster,published,,Main Universe,Monsters,,,,Types: Beast; Types: Frozen; Level: Ability
Chapter 13 (Monsters),Blue fox girl,blue-fox-girl,,Monster,published,,Main Universe,Monsters,,,,
Chapter 13 (Monsters),Alomex (Pure Mode),alomex-pure-mode,,Monster,published,"Evolves from: Fexifex

Bluish green fox woman w/Asian fuku",Main Universe,Monsters,,,,Types: Beast; Types: Frozen
Chapter 13 (Monsters),Alomex (Battle Mode),alomex-battle-mode,,Monster,published,"Evolves from: Fexifex

ALOMEX w/armor",Main Universe,Monsters,,,,Types: Beast; Types: Frozen; Types: Soldier
Chapter 13 (Monsters),Sacred Jackal,sacred-jackal,,Monster,published,Black jackal w/jewels around body,Main Universe,Monsters,,,,Types: Beast; Types: Pyro; Types: Shadow; Level: Ability
Chapter 13 (Monsters),Crazy Baboon,crazy-baboon,,Monster,published,Baboon w/armor & cannon on arms,Main Universe,Monsters,,,,Types: Beast; Level: Battle
Chapter 13 (Monsters),Protector Anteater,protector-anteater,,Monster,published,Anteater w/armor,Main Universe,Monsters,,,,Types: Beast; Level: Ability
Chapter 13 (Monsters),Permuue,permuue,,Monster,published,Giant furry blob w/cat ears & eyes,Main Universe,Monsters,,,,Types: Beast; Types: Vermin; Level: Battle
Chapter 13 (Monsters),Black Diamond Stallion,black-diamond-stallion,,Monster,published,Black horse w/fire hair,Main Universe,Monsters,,,,Types: Beast; Types: Pyro; Level: Battle
Chapter 13 (Monsters),Solzununk,solzununk,,Monster,published,Black & white skunk w/partial armor,Main Universe,Monsters,,,,Types: Beast; Level: Ability
Chapter 13 (Monsters),Tribber,tribber,,Monster,published,Possum w/armor,Main Universe,Monsters,,,,Types: Beast; Level: Ability
Chapter 13 (Monsters),Desmole,desmole,,Monster,published,Mole w/armor,Main Universe,Monsters,,,,Types: Beast; Level: Ability
Chapter 13 (Monsters),Dasher,dasher,,Monster,published,Cheetah w/armor,Main Universe,Monsters,,,,Types: Beast; Level: Ability
Chapter 13 (Monsters),Jetstar,jetstar,,Monster,published,"Evolves from: Dasher

DASHER standing upright w/cannon arms & metal wings (with jets on them)",Main Universe,Monsters,,,,Types: Beast
Chapter 13 (Monsters),Lord Cheetizar,lord-cheetizar,,Monster,published,"Evolves from: Jetstar

JETSTAR w/robes, crown, staff, & longer tail",Main Universe,Monsters,,,,Types: Beast; Types: Soldier
Chapter 13 (Monsters),Baby Uni,baby-uni,,Monster,published,Baby pony w/unicorn horn,Main Universe,Monsters,,,,Types: Beast; Level: Baby Form
Chapter 13 (Monsters),Unisos,unisos,,Monster,published,"Evolves from: Baby Uni

Pony w/metal plates around body & unicorn horn",Main Universe,Monsters,,,,Types: Beast
Chapter 13 (Monsters),Pegasus,pegasus,,Monster,published,"Evolves from: Unisos

Winged horse w/wings & partial armor",Main Universe,Monsters,,,,Types: Beast
Chapter 13 (Monsters),Dark Pegasus,dark-pegasus,,Monster,published,"Evolves from: Unisos (Dark Evolution)

Black version of PEGASUS w/body armor",Main Universe,Monsters,,,,Types: Beast; Types: Shadow
Chapter 13 (Monsters),Tijera,tijera,,Monster,published,Tiger w/body armor & helmet,Main Universe,Monsters,,,,Types: Beast; Level: Battle
Chapter 13 (Monsters),Battle Armadillo,battle-armadillo,,Monster,published,Armadillo w/body armor like shell & giant horn,Main Universe,Monsters,,,,Types: Beast; Types: Metal; Level: Battle
Chapter 13 (Monsters),Ashjan,ashjan,,Monster,published,Panther standing upright w/warrior attire & giant sword,Main Universe,Monsters,,,,Types: Beast; Level: Battle
Chapter 13 (Monsters),Arabian Owl,arabian-owl,,Monster,published,Brown owl w/armor,Main Universe,Monsters,,,,Types: Beast; Level: Ability
Chapter 13 (Monsters),Daiowl,daiowl,,Monster,published,"Evolves from: Arabian Owl

Black owl w/armor",Main Universe,Monsters,,,,Types: Beast; Types: Day
Chapter 13 (Monsters),Kaowl,kaowl,,Monster,published,"Evolves from: Daiowl

Owl w/mechanical parts",Main Universe,Monsters,,,,Types: Beast; Types: Metal
Chapter 13 (Monsters),Kersian,kersian,,Monster,published,Persian cat made of ice w/partial rock armor,Main Universe,Monsters,,,,Types: Beast; Types: Frozen; Level: Ability
Chapter 13 (Monsters),Jare,jare,,Monster,published,Koala bear w/armor,Main Universe,Monsters,,,,Types: Beast; Level: Ability
Chapter 13 (Monsters),Cannon Jare,cannon-jare,,Monster,published,"Evolves from: Jare

Big version of JARE w/cannon for arms & jet like feet",Main Universe,Monsters,,,,Types: Beast; Types: Metal
Chapter 13 (Monsters),Decka,decka,,Monster,published,Teddy bear w/giant magical red ribbon bow around neck,Main Universe,Monsters,,,,Types: Beast; Level: Ability
Chapter 13 (Monsters),Super Deckka,super-deckka,,Monster,published,"Evolves from: Decka

Giant version of DECKA w/sword for left arm",Main Universe,Monsters,,,,Types: Beast
Chapter 13 (Monsters),Dark Feline,dark-feline,,Monster,published,Black house cat w/metal claws,Main Universe,Monsters,,,,Types: Beast; Types: Night; Level: Ability
Chapter 13 (Monsters),Panthra,panthra,,Monster,published,"Evolves from: Dark Feline

Big panther w/armor",Main Universe,Monsters,,,,Types: Beast; Types: Night
Chapter 13 (Monsters),Panthra (Battle Mode),panthra-battle-mode,,Monster,published,"Evolves from: Panthra

PANTHRA standing upright w/body armor & sword",Main Universe,Monsters,,,,Types: Beast; Types: Night; Types: Soldier
Chapter 13 (Monsters),Spirit Gouses,spirit-gouses,,Monster,published,"Gray horse w/armor, black eyes, & flaming tail",Main Universe,Monsters,,,,Types: Beast; Types: Death; Level: Battle
Chapter 13 (Monsters),Jetgaroo,jetgaroo,,Monster,published,Kangaroo w/mechanical body parts,Main Universe,Monsters,,,,Types: Beast; Types: Metal; Level: Battle
Chapter 13 (Monsters),Ponxin,ponxin,,Monster,published,Porcupine w/mechanical body parts,Main Universe,Monsters,,,,Types: Beast; Types: Metal; Level: Battle
Chapter 13 (Monsters),I-Neep,i-neep,,Monster,published,Sheep w/mechanical body parts,Main Universe,Monsters,,,,Types: Beast; Types: Metal; Level: Battle
Chapter 13 (Monsters),Phantom Hound,phantom-hound,,Monster,published,"Brown furless dog w/2 horns, one eye, 6 tails",Main Universe,Monsters,,,,Types: Beast; Types: Death; Types: Shadow; Level: Battle
Chapter 13 (Monsters),Gummi,gummi,,Monster,published,Gummy bear w/pearl for a nose,Main Universe,Monsters,,,,Types: Beast; Level: Baby Form
Chapter 13 (Monsters),Jaunti,jaunti,,Monster,published,"Evolves from: Gummi

Giant gummy bear w/pearl for buttons",Main Universe,Monsters,,,,Types: Beast
Chapter 13 (Monsters),Zink,zink,,Monster,published,Baby leopard w/diamond shape object on forehead,Main Universe,Monsters,,,,Types: Beast; Level: Baby Form
Chapter 13 (Monsters),Zinutta,zinutta,,Monster,published,"Evolves from: Zink

Leopard cub w/partial body armor",Main Universe,Monsters,,,,Types: Beast
Chapter 13 (Monsters),Angreis,angreis,,Monster,published,"Evolves from: Zinutta

Leopard w/armor",Main Universe,Monsters,,,,Types: Beast
Chapter 13 (Monsters),King Leopard,king-leopard,,Monster,published,"Evolves from: Angreis

ANGREIS w/royal robe, cannon arms, wings",Main Universe,Monsters,,,,Types: Beast; Types: Soldier
Chapter 13 (Monsters),Dae-Lord Leopardis,dae-lord-leopardis,,Monster,published,"Evolves from: King Leopard

KING LEOPARD w/half mechanical body, long spiky black hair",Main Universe,Monsters,,,,Types: Beast; Types: Soldier
Chapter 13 (Monsters),La Skope,la-skope,,Monster,published,"Puppy standing upright w/cape, glasses, stick, scope on left eye",Main Universe,Monsters,,,,Types: Beast; Types: Metal; Level: Ability
Chapter 13 (Monsters),Domini Elephant,domini-elephant,,Monster,published,Baby white & black elephant w/armor,Main Universe,Monsters,,,,Types: Beast; Types: Shock; Level: Ability
Chapter 13 (Monsters),Domini Mammoth,domini-mammoth,,Monster,published,"Evolves from: Domini Elephant

Mammoth w/armor",Main Universe,Monsters,,,,Types: Beast; Types: Prehistoric; Types: Shock
Chapter 13 (Monsters),Domini Tiger,domini-tiger,,Monster,published,Baby tiger w/armor,Main Universe,Monsters,,,,Types: Beast; Types: Frozen; Level: Ability
Chapter 13 (Monsters),Domini Sabertooth,domini-sabertooth,,Monster,published,"Evolves from: Domini Tiger

Sabertooth tiger w/armor & 4 tails",Main Universe,Monsters,,,,Types: Beast; Types: Frozen; Types: Prehistoric
Chapter 13 (Monsters),Tondi Ki,tondi-ki,,Monster,published,Skeleton pony w/armor,Main Universe,Monsters,,,,Types: Beast; Types: Death; Level: Battle
Chapter 13 (Monsters),"Trion, The Stallion",trion-the-stallion,,Monster,published,"Evolves from: Tondi Ki

Skeleton horse w/ghostly features",Main Universe,Monsters,,,,Types: Beast; Types: Death
Chapter 13 (Monsters),Werecat,werecat,,Monster,published,Giant cat w/werewolf like qualities,Main Universe,Monsters,,,,Types: Beast; Level: Battle
Chapter 13 (Monsters),Crameen,crameen,,Monster,published,"Camel w/horns, flat tail",Main Universe,Monsters,,,,Types: Beast; Level: Ability
Chapter 13 (Monsters),Rell Rhino,rell-rhino,,Monster,published,Rhino standing upright w/giant horns & mechanical body parts,Main Universe,Monsters,,,,Types: Beast; Types: Metal; Level: Battle
Chapter 13 (Monsters),Enter,enter,,Monster,published,Turtle standing upright w/glowing shell & giant horn on forehead,Main Universe,Monsters,,,,Types: Beast; Types: Light; Level: Ability
Chapter 13 (Monsters),Helios Horse,helios-horse,,Monster,published,Golden/white horse w/armor & wings,Main Universe,Monsters,,,,Types: Beast; Types: Pyro; Types: Aero; Level: Enrage
Chapter 13 (Monsters),Apollo Horse,apollo-horse,,Monster,published,"Golden/brown horse w/wings, armor, long white hair",Main Universe,Monsters,,,,Types: Beast; Types: Aero; Level: Battle
Chapter 13 (Monsters),Poseidon Horse,poseidon-horse,,Monster,published,Blue horse made of water w/pendant around neck & wings,Main Universe,Monsters,,,,Types: Beast; Types: Aqua; Types: Aero; Level: Battle
Chapter 13 (Monsters),Zeus Horse,zeus-horse,,Monster,published,Silver horse w/black pearl armor,Main Universe,Monsters,,,,Types: Beast; Types: Aero; Level: Battle
Chapter 13 (Monsters),The Lyrian Bison,the-lyrian-bison,,Monster,published,"Dark purple & white bison w/3 giant horns, long hard tail, & spiky fur around neck",Main Universe,Monsters,,,,Types: Beast; Level: Battle
Chapter 13 (Monsters),Kiros Lamb,kiros-lamb,,Monster,published,"White, blue, pink, white lamb w/partial armor",Main Universe,Monsters,,,,Types: Beast; Level: Ability
Chapter 13 (Monsters),Santdeer,santdeer,,Monster,published,"Baby reindeer w/small horns & brown, black, & red skin (hard as rock)",Main Universe,Monsters,,,,Types: Beast; Level: Ability
Chapter 13 (Monsters),Stalliondeer,stalliondeer,,Monster,published,"Evolves from: Santdeer

Adult reindeer w/giant horns (orb floating in center of the two horns), partial cloud like armor, & stone hooves",Main Universe,Monsters,,,,Types: Beast
Chapter 13 (Monsters),Lataxion,lataxion,,Monster,published,"Bunny like creature w/fluffy skin, no arms, wing like feet, fluffy armor tail, curly ears, pocket like rubies around skin",Main Universe,Monsters,,,,Types: Beast; Level: Ability
Chapter 13 (Monsters),Volveyon,volveyon,,Monster,published,Fox like creature w/partial body armor & long tail,Main Universe,Monsters,,,,Types: Beast; Level: Ability
Chapter 13 (Monsters),Blazeyon,blazeyon,,Monster,published,"Evolves from: Volveyon (Fire Spell)

Fox like creature w/flames on tail, fire rings around body, & fire stone on chest",Main Universe,Monsters,,,,Types: Beast; Types: Pyro
Chapter 13 (Monsters),Breeziyon,breeziyon,,Monster,published,"Evolves from: Volveyon (Ice Spell)

Fox like creature w/ice sickles around body, stone like fur, ice stone on chest, & long tail",Main Universe,Monsters,,,,Types: Beast; Types: Frozen
Chapter 13 (Monsters),Empathiyon,empathiyon,,Monster,published,"Evolves from: Volveyon (Knowledge Spell)

Fox like creature w/long white/purple hair, long fluffy tail, knowledge stone on chest, small wings, & long ears",Main Universe,Monsters,,,,Types: Beast; Types: Mind
Chapter 13 (Monsters),Shayon,shayon,,Monster,published,"Evolves from: Volveyon (Shadow Spell)

Black fox like creature w/long white tail & white bands around body and shadow stone on chest",Main Universe,Monsters,,,,Types: Beast; Types: Shadow
Chapter 13 (Monsters),Aquayon,aquayon,,Monster,published,"Evolves from: Volveyon (Aquatic Spell)

Blue fox like creature w/aquatic body, giant wings made of water, & Water stone on chest",Main Universe,Monsters,,,,Types: Beast; Types: Aqua
Chapter 13 (Monsters),Skiyon,skiyon,,Monster,published,"Evolves from: Volveyon (Air Spell)

Light gray fox like creature w/wings & unicorn horn and Air stone on chest",Main Universe,Monsters,,,,Types: Beast; Types: Aero
Chapter 13 (Monsters),Grassiyon,grassiyon,,Monster,published,"Evolves from: Volveyon (Forest Spell)

Fox like creature w/patches of grass around body, leaves for a tail & around neck, giant leaf from forehead",Main Universe,Monsters,,,,Types: Beast; Types: Leaf
Chapter 13 (Monsters),Electriyon,electriyon,,Monster,published,"Evolves from: Volveyon (Thunder Spell)

Yellow fox like creature w/thunderbolt like symbols around skin, thunderbolt like tail, & electric sparks around body",Main Universe,Monsters,,,,Types: Beast; Types: Shock
Chapter 13 (Monsters),Steeliyon,steeliyon,,Monster,published,"Evolves from: Volveyon (Cyber Spell)

Gray steel fox like creature w/rubber like bands around neck, ears, tail, & ankles",Main Universe,Monsters,,,,Types: Beast; Types: Metal
Chapter 13 (Monsters),Insectiyon,insectiyon,,Monster,published,"Evolves from: Volveyon (Jungle Spell)

Fox like creature w/scorpion like tail, insect wings, antennae, & insect teeth",Main Universe,Monsters,,,,Types: Beast; Types: Vermin
Chapter 13 (Monsters),Rockiyon,rockiyon,,Monster,published,"Evolves from: Volveyon (Rock Spell)

Fox like creature w/rock like necklace, rock bands around legs & tail",Main Universe,Monsters,,,,Types: Beast; Types: Geo
Chapter 13 (Monsters),Legiyon,legiyon,,Monster,published,"Evolves from: Volveyon (Toy Spell)

Toy fox like creature w/lego design body",Main Universe,Monsters,,,,Types: Beast; Types: Toy
Chapter 13 (Monsters),Serpentiyon,serpentiyon,,Monster,published,"Prehistoric type: Serpent
Evolves from: Volveyon (Ancient Spell)",Main Universe,Monsters,,,,Types: Beast; Types: Prehistoric
Chapter 13 (Monsters),Fox like creature w,fox-like-creature-w,"serpent’s tail, partial body armor, tentacles from mouth, dragon ears",Monster,published,"Tail – scales, dragon claws",Main Universe,Monsters,,,,
Chapter 13 (Monsters),Spirixon,spirixon,,Monster,published,"Evolves from: Volveyon (Spirit World Spell)

Fox like creature w/gas like tail & hair, partial body armor",Main Universe,Monsters,,,,Types: Beast; Types: Death
Chapter 13 (Monsters),Dustiyon,dustiyon,,Monster,published,"Evolves from: Volveyon (Sand Spell)

Fox like creature w/spiked hammer tail, sand like hair & partial rock/steel armor",Main Universe,Monsters,,,,Types: Beast; Types: Neutral
Chapter 13 (Monsters),Bowiyon,bowiyon,,Monster,published,"Evolves from: Volveyon

Giant fox like creature w/gem like eyes, gas like tail & hair, golden horns like object from back, tissue like bands on legs, & long pointy like ears (with crystal like structure on tip of ears)",Main Universe,Monsters,,,,Types: Beast; Types: Elemental
Chapter 13 (Monsters),Angeliyon,angeliyon,,Monster,published,"Evolves from: Bowiyon

White fox like creature w/halo symbol on forehead, wings, ghostly like hair & tail, pearl like objects around body, & pharaoh like helmet",Main Universe,Monsters,,,,Types: Beast; Types: Light
Chapter 13 (Monsters),Eriptia,eriptia,,Monster,published,"Giant black panther w/bluish green emerald on chest, orange underbelly",Main Universe,Monsters,,,,Types: Beast; Types: Shadow; Types: Pyro; Level: Battle
Chapter 13 (Monsters),Jinxpup,jinxpup,,Monster,published,Bulldog w/partial armor,Main Universe,Monsters,,,,Types: Beast; Types: Pyro; Level: Ability
Chapter 13 (Monsters),Houndlord,houndlord,,Monster,published,"Evolves from: Jinxpup

Big bulldog w/black & silver armor, helmet, long curly tail (with drill on tip)",Main Universe,Monsters,,,,Types: Beast; Types: Pyro
Chapter 13 (Monsters),King Cerberus,king-cerberus,,Monster,published,"Evolves from: Houndlord

Giant black three headed bulldog w/long serpent like tail, & dragon claws & fangs",Main Universe,Monsters,,,,Types: Beast; Types: Shadow; Types: Pyro
Chapter 13 (Monsters),Servalus,servalus,,Monster,published,"Serval cat w/shock panels around tail, spiked golden rods around face & shoulders, giant spike ball around ankles",Main Universe,Monsters,,,,Types: Beast; Types: Shock; Level: Battle
Chapter 13 (Monsters),Ocelot,ocelot,,Monster,published,"Ocelot cat w/giant spiked leaves around body, giant leaf like tail",Main Universe,Monsters,,,,Types: Beast; Types: Leaf; Level: Battle
Chapter 13 (Monsters),Oncilla,oncilla,,Monster,published,"Oncilla cat w/flames around ankles, neck, & tail with three orbs on tip",Main Universe,Monsters,,,,Types: Beast; Types: Pyro; Level: Battle
Chapter 13 (Monsters),Zebruki,zebruki,,Monster,published,Zebra w/armor & lightning like structured hair,Main Universe,Monsters,,,,Types: Beast; Level: Battle
Chapter 13 (Monsters),Felina,felina,,Monster,published,Persian cat w/whip like tail & black markings around body,Main Universe,Monsters,,,,Types: Beast; Level: Battle
Chapter 13 (Monsters),Catlina,catlina,,Monster,published,"Evolves from: Felina

Persian cat w/whip like tail (with sharp knife on tip), black steel markings around body, giant whiskers & giant pointy ears",Main Universe,Monsters,,,,Types: Beast
Chapter 13 (Monsters),Silan Griffin,silan-griffin,,Monster,published,Griffin w/metal wings & orb like structure on forehead,Main Universe,Monsters,,,,Types: Beast; Types: Aero; Level: Battle
Chapter 13 (Monsters),Sabraus,sabraus,,Monster,published,White horse w/serpent tail for lower form & giant horn from forehead,Main Universe,Monsters,,,,Types: Beast; Types: Aqua; Level: Battle
Chapter 13 (Monsters),Black Dog,black-dog,,Monster,published,"Giant dog w/fangs, giant claws, & glowing eyes",Main Universe,Monsters,,,,Types: Beast; Types: Shadow; Level: Enrage
Chapter 13 (Monsters),Kelpie,kelpie,,Monster,published,"Glowing white horse (can change appearance to anything at will) with curved tail, dripping wet mane, glowing eyes",Main Universe,Monsters,,,,Types: Beast; Level: Battle
Chapter 13 (Monsters),Kumiho,kumiho,,Monster,published,Baby fox w/nine colored tails curved up & glowing cloud like fur around neck,Main Universe,Monsters,,,,Types: Beast; Level: Ability
Chapter 13 (Monsters),Huli-Jing,huli-jing,,Monster,published,"Evolves from: Kumiho

Giant floating fox w/nine colored tails & glowing cloud like structure around body",Main Universe,Monsters,,,,Types: Beast
Chapter 13 (Monsters),Selkie,selkie,,Monster,published,Seals that can shed their forms to become human like elves and return by placing seal clothing back on,Main Universe,Monsters,,,,Types: Beast; Types: Aqua; Level: Battle
Chapter 13 (Monsters),Tanuki,tanuki,,Monster,published,,Main Universe,Monsters,,,,Types: Beast; Level: Battle
Chapter 13 (Monsters),Half Racoon & Dog,half-racoon-dog,,Monster,published,,Main Universe,Monsters,,,,
Chapter 13 (Monsters),Hebi,hebi,,Monster,published,"Appearance: Overgrown snakes w/jewels decorating body & Japanese patterns around back

Once living under ground, the Hebi rose to the surface and dominated various lands before settling on the jungle regions.",Main Universe,Monsters,,,,Types: Beast; Level: Battle
Chapter 13 (Monsters),Mujini,mujini,,Monster,published,Badgers w/morphed shapes around body & partial skinless patterns,Main Universe,Monsters,,,,Types: Beast; Level: Battle
Chapter 13 (Monsters),Bakeneko,bakeneko,,Monster,published,Cats w/Japanese symbol of power on its forehead & curly tail,Main Universe,Monsters,,,,Types: Beast; Level: Battle
Chapter 13 (Monsters),Okami,okami,,Monster,published,Wolf w/Japanese symbol of Strength on its forehead & standing upright,Main Universe,Monsters,,,,Types: Beast; Level: Battle
Chapter 13 (Monsters),Tsuchimgumo,tsuchimgumo,,Monster,published,Spider w/Japanese symbols of death around body & scorpion tail,Main Universe,Monsters,,,,Types: Beast; Types: Vermin; Level: Battle
Chapter 13 (Monsters),Jorogumo,jorogumo,,Monster,published,"Evolves from: Tsuchimgumo

Giant spiders w/two scorpion tails & rat ears with body paint like patterns on body",Main Universe,Monsters,,,,Types: Beast; Types: Vermin
Chapter 13 (Monsters),Inugami,inugami,,Monster,published,Dog like creature w/body armor & standing upright,Main Universe,Monsters,,,,Types: Beast; Level: Battle
Chapter 13 (Monsters),ONI,oni,,Monster,published,Ogre w/giant sword or hammer & lightning patterns around arms & Japanese symbol of courage on chest,Main Universe,Monsters,,,,Types: Beast; Level: Enrage
Chapter 13 (Monsters),Bugbear,bugbear,,Monster,published,Human like creature w/bear fur & bug wings,Main Universe,Monsters,,,,Types: Beast; Level: Battle
Chapter 13 (Monsters),Obake,obake,,Monster,published,"Giant ogre w/cat ears, snake tail, bear like fur, wolf claws, fangs, & bat wings",Main Universe,Monsters,,,,Types: Beast; Level: Enrage
Chapter 13 (Monsters),Kawatoro,kawatoro,,Monster,published,Giant turtle w/kappa like appearance,Main Universe,Monsters,,,,Types: Beast; Types: Aqua; Level: Enrage
Chapter 13 (Monsters),Abumi-Guchi,abumi-guchi,,Monster,published,Furry creature w/military attire & cloth like arms & feet,Main Universe,Monsters,,,,Types: Beast; Level: Ability
Chapter 13 (Monsters),Akabeko,akabeko,,Monster,published,Red cow w/body paintings around body,Main Universe,Monsters,,,,Types: Beast; Level: Battle
Chapter 13 (Monsters),Akamataa,akamataa,,Monster,published,Giant serpent like snake w/partial armor & giant claws,Main Universe,Monsters,,,,Types: Beast; Types: Vermin; Level: Battle
Chapter 13 (Monsters),Akashita,akashita,,Monster,published,Creature like hiding in black thunder cloud,Main Universe,Monsters,,,,Types: Beast; Types: Aero; Level: Battle
Chapter 13 (Monsters),Akateko,akateko,,Monster,published,Giant red claw that comes from a tree (no body is ever seen),Main Universe,Monsters,,,,Types: Beast
Chapter 13 (Monsters),Akkorokamui,akkorokamui,,Monster,published,Octopus like beast that lives deep under water w/glowing red eyes,Main Universe,Monsters,,,,Types: Beast; Types: Aqua; Types: Vermin; Level: Battle
Chapter 13 (Monsters),Yatagarasu,yatagarasu,,Monster,published,Three legged cow w/glowing blue eyes & 7 tails,Main Universe,Monsters,,,,Types: Beast; Level: Battle
Chapter 13 (Monsters),Yama-Biko,yama-biko,,Monster,published,Impish creature w/horn like mouth that creates echoes,Main Universe,Monsters,,,,Types: Beast; Types: Shadow; Level: Ability
Chapter 13 (Monsters),Byakko,byakko,,Monster,published,White tiger w/glowing strips representing the elements,Main Universe,Monsters,,,,Types: Beast; Level: Battle
Chapter 13 (Monsters),Vaktare (Fairy Beast),vaktare-fairy-beast,,Monster,published,Beast like dog w/giant fairy wings & glowing tail,Main Universe,Monsters,,,,Types: Beast; Level: Battle
Chapter 13 (Monsters),Doji,doji,,Monster,published,"Beast like creature w/antler like structure on head, giant white wings",Main Universe,Monsters,,,,Types: Beast; Types: Death; Types: Aero; Level: Battle
Chapter 13 (Monsters),Hihi,hihi,,Monster,published,Baboon monster w/heart like structure hanging from its chest,Main Universe,Monsters,,,,Types: Beast; Level: Battle
Chapter 13 (Monsters),Hoko,hoko,,Monster,published,Dog w/leaves around body & tree structure for a tail,Main Universe,Monsters,,,,Types: Beast; Types: Leaf; Level: Battle
Chapter 13 (Monsters),Hyakume,hyakume,,Monster,published,Creature w/hundred eyes,Main Universe,Monsters,,,,Types: Beast; Level: Battle
Chapter 13 (Monsters),Ho-O,ho-o,,Monster,published,Thousand tailed falcon w/curled bane & sparkling stripes of rainbow colored around wings,Main Universe,Monsters,,,,Types: Beast; Types: Aero; Level: Enrage
Chapter 13 (Monsters),Itsumaden,itsumaden,,Monster,published,Monstrous bird that appeared during nightmares wearing blood covered cloths,Main Universe,Monsters,,,,Types: Beast; Types: Aero; Level: Battle
Chapter 13 (Monsters),Koala Fairy,koala-fairy,,Monster,published,"Koala bear w/glasses, pants, & fairy wings",Main Universe,Monsters,,,,Types: Beast; Level: Ability
Chapter 13 (Monsters),Istrice,istrice,,Monster,published,Porcupine w/fairy wings,Main Universe,Monsters,,,,Types: Beast; Level: Ability
Chapter 13 (Monsters),Lucertera,lucertera,,Monster,published,Lizard w/fairy wings & strips made of sprinkles,Main Universe,Monsters,,,,Types: Beast; Types: Vermin; Level: Ability
Chapter 13 (Monsters),Spalvrum,spalvrum,,Monster,published,,Main Universe,Monsters,,,,Types: Beast; Level: Ability
Chapter 13 (Monsters),Half Fox & half squirrel,half-fox-half-squirrel,,Monster,published,,Main Universe,Monsters,,,,
Chapter 13 (Monsters),Forest Talisman,forest-talisman,,Monster,published,"Evolves from: Spalvrum

Half Fox/Squirrel standing upright w/orb like object as shoulder pads",Main Universe,Monsters,,,,Types: Beast; Types: Spell
Chapter 13 (Monsters),Esfringe,esfringe,,Monster,published,"Sphinx standing upright w/harden snake like arms & hands, snake like tail and giant bat like wings",Main Universe,Monsters,,,,Types: Beast; Types: Aero; Types: Pyro; Level: Enrage
Chapter 13 (Monsters),La Cranger,la-cranger,,Monster,published,Baby rhino w/giant horns & rock hard armor,Main Universe,Monsters,,,,Types: Beast; Level: Ability
Chapter 13 (Monsters),Batteldon,batteldon,,Monster,published,"Evolves from: La Cranger

Bigger LA CRANGER w/power armor & black marble jewels around back of armor",Main Universe,Monsters,,,,Types: Beast
Chapter 13 (Monsters),Masterdon,masterdon,,Monster,published,"Evolves from: Batteldon

Giant BATTELDON w/silver plated armor & giant cloth like structures wrapped around body",Main Universe,Monsters,,,,Types: Beast
Chapter 13 (Monsters),Popuraa,popuraa,,Monster,published,Mirror like body w/giant floppy ears & golden streaks around body & fairy like wings,Main Universe,Monsters,,,,Types: Beast; Level: Ability
Chapter 13 (Monsters),Enbura,enbura,,Monster,published,,Main Universe,Monsters,,,,
Chapter 13 (Monsters),Beast,beast,,Monster,published,Mind,Main Universe,Monsters,,,,
Chapter 13 (Monsters),Elephantaro,elephantaro,,Monster,published,,Main Universe,Monsters,,,,
Chapter 13 (Monsters),Sitanta,sitanta,,Monster,published,,Main Universe,Monsters,,,,Types: Frozen; Level: Battle
Chapter 13 (Monsters),Santa claus like creature,santa-claus-like-creature,,Monster,published,,Main Universe,Monsters,,,,
Chapter 13 (Monsters),Dr. Freeze,dr-freeze,,Monster,published,"Appearance: Human sized blue imp w/lab coat & elfish features

A scientist that used a self-made monster creating formula that could change his form at will. However, one day the monster took over and destroyed its humanity, thus Dr. Freeze was created.",Main Universe,Monsters,,,,Types: Frozen; Level: Battle
Chapter 13 (Monsters),Jetsoo Ice,jetsoo-ice,,Monster,published,"Appearance: Half boy, half polar bear w/armor

A seemly harmless bear, Jetsoo Ice loves to engage in battling even if its opponent is larger and obviously stronger. It uses it’s hammer like hand to hit opponents and drags them back to its cave to battle once they awake.",Main Universe,Monsters,,,,Types: Frozen; Level: Ability
Chapter 13 (Monsters),Mega Jetsoo,mega-jetsoo,,Monster,published,"Evolves from: Jetsoo Ice

Appearance: Half man, half polar bear w/mechanical armor

Using its great strength, Mega Jetsoo enjoys fighting and its often mistaken nice appearance when it is calm is how it lures others into fighting.",Main Universe,Monsters,,,,Types: Frozen
Chapter 13 (Monsters),Flattu,flattu,,Monster,published,White furball w/long fluffy ears & ice patches around fur,Main Universe,Monsters,,,,Types: Frozen; Level: Baby Form
Chapter 13 (Monsters),Launny,launny,,Monster,published,"Evolves from: Flattu

Giant beast like bunny w/ice patches around body & body armor",Main Universe,Monsters,,,,Types: Frozen; Types: Beast
Chapter 13 (Monsters),Jidi Di Tie,jidi-di-tie,,Monster,published,Blue lizard boy w/armor,Main Universe,Monsters,,,,Types: Frozen; Types: Vermin; Level: Ability
Chapter 13 (Monsters),Spirit Of Ice,spirit-of-ice,,Monster,published,"Blue woman w/long sparkling white hair, ghostly features, covered in cloths",Main Universe,Monsters,,,,Types: Frozen; Types: Death; Level: Battle
Chapter 13 (Monsters),Ice Titan,ice-titan,,Monster,published,"Ice giant w/ice sickles hanging from arms, giant ice club",Main Universe,Monsters,,,,Types: Frozen; Level: Extreme
Chapter 13 (Monsters),Ice Angel,ice-angel,,Monster,published,Male angel covered in ice sickle like structure,Main Universe,Monsters,,,,Types: Frozen; Types: Light; Level: Battle
Chapter 13 (Monsters),Snowti,snowti,,Monster,published,Snowball shaped creature w/eyes & bear like appearance,Main Universe,Monsters,,,,Types: Frozen; Level: Baby Form
Chapter 13 (Monsters),Snow Boy,snow-boy,,Monster,published,"Evolves from: Snowti

Snow covered bear w/marbles for buttons, eyes",Main Universe,Monsters,,,,Types: Frozen
Chapter 13 (Monsters),Arcadian Snowman,arcadian-snowman,,Monster,published,"Evolves from: Snow Boy

Bigger version of Snow Boy w/partial rock armor wrapped around body & punching gloves on hands",Main Universe,Monsters,,,,Types: Frozen
Chapter 13 (Monsters),Arcadian Yeti,arcadian-yeti,,Monster,published,"Evolves from: Arcadian Snowman

Yeti like creature w/leaf like material & armor wrapped around body, partial similar appearance of Yeti of legends.",Main Universe,Monsters,,,,Types: Frozen
Chapter 13 (Monsters),"Klina, The Ice Princess",klina-the-ice-princess,,Monster,published,Little pale white girl w/Japanese fuku & diamond shaped structure on head,Main Universe,Monsters,,,,Types: Frozen; Level: Ability
Chapter 13 (Monsters),"Shidara, The Ice Queen",shidara-the-ice-queen,,Monster,published,"Evolves from: Klina, The Ice Princess

Adult version of KLINA w/triangular shaped object made of ice on head",Main Universe,Monsters,,,,Types: Frozen
Chapter 13 (Monsters),"Lakonnia, Goddess Of Ice",lakonnia-goddess-of-ice,,Monster,published,"Evolves from: Shidara, The Ice Queen

Beautiful white haired woman w/ice sickle earrings, long white dress, steel marking like structures around arms, ice sickle sword",Main Universe,Monsters,,,,Types: Frozen
Chapter 13 (Monsters),"Frysta, The Ice Beast",frysta-the-ice-beast,,Monster,published,"Ice like beast w/iron antlers, spiked object around neck, & rock hard metal tail",Main Universe,Monsters,,,,Types: Frozen; Types: Beast; Level: Battle
Chapter 13 (Monsters),Domini Matix,domini-matix,,Monster,published,"Metal type: Virus

Smoky virus w/face",Main Universe,Monsters,,,,Types: Metal; Level: Ability
Chapter 13 (Monsters),Matrix Warrior,matrix-warrior,,Monster,published,"Metal type: Virus

Elf like warrior w/matrix skin tight attire",Main Universe,Monsters,,,,Types: Metal; Types: Soldier; Level: Battle
Chapter 13 (Monsters),Rail Spirit,rail-spirit,,Monster,published,"Metal type: Machine

Train w/animal like features",Main Universe,Monsters,,,,Types: Metal; Level: Battle
Chapter 13 (Monsters),Machine Queen,machine-queen,,Monster,published,"Metal type: Machine

Giant woman made of machines & female structure face",Main Universe,Monsters,,,,Types: Metal; Level: Extreme
Chapter 13 (Monsters),Sknetic,sknetic,,Monster,published,"Metal type: Machine

Floating disk w/eyes",Main Universe,Monsters,,,,Types: Metal; Level: Ability
Chapter 13 (Monsters),Hard Bolt,hard-bolt,,Monster,published,"Metal type: Machine

Elf made of steel and mechanic parts",Main Universe,Monsters,,,,Types: Metal; Level: Ability
Chapter 13 (Monsters),Technic,technic,,Monster,published,"Metal type: Machine

Metal boy w/white skin tight suit",Main Universe,Monsters,,,,Types: Metal; Level: Ability
Chapter 13 (Monsters),Todial,todial,,Monster,published,"Metal type: Machine

Machine girl w/telephone structured head",Main Universe,Monsters,,,,Types: Metal; Level: Ability
Chapter 13 (Monsters),Mochi Mochi,mochi-mochi,,Monster,published,"Metal type: Machine

Monkey w/mechanical body parts",Main Universe,Monsters,,,,Types: Metal; Level: Battle
Chapter 13 (Monsters),Trigga,trigga,,Monster,published,"Metal type: Machine

Cannon w/face, hat, boots, arms, lower body",Main Universe,Monsters,,,,Types: Metal; Level: Battle
Chapter 13 (Monsters),Titan Monocle,titan-monocle,,Monster,published,"Metal type: Machine

Titanic ship w/giant eyes",Main Universe,Monsters,,,,Types: Metal; Level: Enrage
Chapter 13 (Monsters),NeVe,neve,,Monster,published,,Main Universe,Monsters,,,,
Chapter 13 (Monsters),Metal,metal,,Monster,published,"Note: MACHINE

Appearance: AERO

VERMIN",Main Universe,Monsters,,,,
Chapter 13 (Monsters),Meccanorah,meccanorah,,Monster,published,"Metal type: Machine

Monster w/appliances wrapped around its tentacles",Main Universe,Monsters,,,,Types: Metal; Level: Battle
Chapter 13 (Monsters),Computer Daemon,computer-daemon,,Monster,published,"Metal type: Machine

Eyes w/fog on a computer screen",Main Universe,Monsters,,,,Types: Metal; Level: Baby Form
Chapter 13 (Monsters),Yunchinekex,yunchinekex,,Monster,published,"Metal type: Machine

Cyborg Golem w/spikes around face & down arms",Main Universe,Monsters,,,,Types: Metal; Level: Battle
Chapter 13 (Monsters),The Updater,the-updater,,Monster,published,"Metal type: Machine

Little robot boy w/pointy ears & drill like hands with computer like screen on chest",Main Universe,Monsters,,,,Types: Metal; Level: Ability
Chapter 13 (Monsters),Computriss,computriss,,Monster,published,"Metal type: Machine

Robot girl w/wheels as feet",Main Universe,Monsters,,,,Types: Metal; Level: Battle
Chapter 13 (Monsters),Roboticka,roboticka,,Monster,published,"Metal type: Machine

Robot boy w/gadget jacket",Main Universe,Monsters,,,,Types: Metal; Level: Battle
Chapter 13 (Monsters),Moonis,moonis,,Monster,published,Moon looking creature w/star like object around body & crystal cage like structure connecting to back,Main Universe,Monsters,,,,Types: Metal; Types: Night; Level: Enrage
Chapter 13 (Monsters),Sunnis,sunnis,,Monster,published,Sun looking creature w/sun ray like object around head & diamond arch coming from back,Main Universe,Monsters,,,,Types: Metal; Types: Day; Level: Enrage
Chapter 13 (Monsters),Prajapati,prajapati,,Monster,published,"4 armed blue man with Hindu attire, ancient flute, & glowing eyes (represents Matter",Main Universe,Monsters,,,,Types: Metal; Level: Godly Level
Chapter 13 (Monsters),Robot Bug,robot-bug,,Monster,published,Note: Flying; Walking,Main Universe,Monsters,,,,
Chapter 13 (Monsters),Tap Tap,tap-tap,,Monster,published,Young boy w/tail,Main Universe,Monsters,,,,Types: Neutral; Level: Ability
Chapter 13 (Monsters),Kiss Kyss,kiss-kyss,,Monster,published,Adult female w/ballerina attire,Main Universe,Monsters,,,,Types: Neutral; Level: Ability
Chapter 13 (Monsters),Stina Stue,stina-stue,,Monster,published,Female ballerina w/tail,Main Universe,Monsters,,,,Types: Neutral; Level: Ability
Chapter 13 (Monsters),Key Merchant,key-merchant,,Monster,published,Old man w/keys,Main Universe,Monsters,,,,Types: Neutral; Level: Battle
Chapter 13 (Monsters),Sound Dornkop,sound-dornkop,,Monster,published,Little blue kid w/horn,Main Universe,Monsters,,,,Types: Neutral; Level: Ability
Chapter 13 (Monsters),Rogue Guitarist,rogue-guitarist,,Monster,published,"Dark skinned man w/Jamaican style outfit, guitar like weapon",Main Universe,Monsters,,,,Types: Neutral; Level: Battle
Chapter 13 (Monsters),The Chancellor,the-chancellor,,Monster,published,Old bearded man w/cane & floating orb,Main Universe,Monsters,,,,Types: Neutral; Level: Battle
Chapter 13 (Monsters),"Decatius, The Artist",decatius-the-artist,,Monster,published,Male painter w/paintbrush,Main Universe,Monsters,,,,Types: Neutral; Types: Spell; Level: Battle
Chapter 13 (Monsters),Day Messenger,day-messenger,,Monster,published,"Winged elf boy w/wings on sandals, elbows, & kilt, staff",Main Universe,Monsters,,,,Types: Neutral; Level: Ability
Chapter 13 (Monsters),Night Messenger,night-messenger,,Monster,published,,Main Universe,Monsters,,,,Types: Neutral; Level: Ability
Chapter 13 (Monsters),Female version of DAY MESSENGER,female-version-of-day-messenger,,Monster,published,,Main Universe,Monsters,,,,
Chapter 13 (Monsters),Fazik,fazik,,Monster,published,Giant blue face w/tube around it,Main Universe,Monsters,,,,Types: Neutral; Level: Ability
Chapter 13 (Monsters),Dot Dot,dot-dot,,Monster,published,Elf girl w/white & black skin tight outfit,Main Universe,Monsters,,,,Types: Neutral; Level: Ability
Chapter 13 (Monsters),Sumo Chii,sumo-chii,,Monster,published,,Main Universe,Monsters,,,,Types: Neutral; Level: Battle
Chapter 13 (Monsters),Metal sumo wrestler,metal-sumo-wrestler,,Monster,published,,Main Universe,Monsters,,,,
Chapter 13 (Monsters),Music Adollah,music-adollah,,Monster,published,Furball w/horn & earmuffs,Main Universe,Monsters,,,,Types: Neutral; Level: Baby Form
Chapter 13 (Monsters),Dancing Courier,dancing-courier,,Monster,published,"Dinosaur w/shirt, boxing gloves & boots",Main Universe,Monsters,,,,Types: Neutral; Types: Prehistoric; Level: Ability
Chapter 13 (Monsters),Bouncy,bouncy,,Monster,published,"Level: Takes The Form Of Opponents

Ball like creature w/giant mouth",Main Universe,Monsters,,,,Types: Neutral
Chapter 13 (Monsters),"Denro, Power Enhancer",denro-power-enhancer,,Monster,published,Pale Buddhist w/staff,Main Universe,Monsters,,,,Types: Neutral; Level: Ability
Chapter 13 (Monsters),Sibuitootoitkoni (The Singing Monster),sibuitootoitkoni-the-singing-monster,,Monster,published,"Pink female sumo w/giant mouth, spikes on her back, long claws",Main Universe,Monsters,,,,Types: Neutral; Level: Battle
Chapter 13 (Monsters),Koitisukiviokie (The Singing Monster),koitisukiviokie-the-singing-monster,,Monster,published,,Main Universe,Monsters,,,,Types: Neutral; Level: Battle
Chapter 13 (Monsters),Black male version of SIBUITOOTOITKONI,black-male-version-of-sibuitootoitkoni,,Monster,published,,Main Universe,Monsters,,,,
Chapter 13 (Monsters),Jestur,jestur,,Monster,published,Joker w/long green hair,Main Universe,Monsters,,,,Types: Neutral; Level: Battle
Chapter 13 (Monsters),Juggler,juggler,,Monster,published,,Main Universe,Monsters,,,,Types: Neutral; Level: Battle
Chapter 13 (Monsters),Clownish juggler,clownish-juggler,,Monster,published,,Main Universe,Monsters,,,,
Chapter 13 (Monsters),Tight Rope Clowns,tight-rope-clowns,,Monster,published,,Main Universe,Monsters,,,,Types: Neutral; Level: Battle
Chapter 13 (Monsters),Rainbow colored clown,rainbow-colored-clown,,Monster,published,,Main Universe,Monsters,,,,
Chapter 13 (Monsters),Strinker,strinker,,Monster,published,Short male w/giant shrink gun,Main Universe,Monsters,,,,Types: Neutral; Level: Ability
Chapter 13 (Monsters),Pumario,pumario,,Monster,published,Short chubby male w/red & white body suit,Main Universe,Monsters,,,,Types: Neutral; Level: Ability
Chapter 13 (Monsters),Pwaigi,pwaigi,,Monster,published,Tall skinny male w/green & white suit,Main Universe,Monsters,,,,Types: Neutral; Level: Ability
Chapter 13 (Monsters),Doom Racer,doom-racer,,Monster,published,"Male w/black, red, & white body suit & racer attire, helmet, gloves, & boots",Main Universe,Monsters,,,,Types: Neutral; Level: Battle
Chapter 13 (Monsters),Aries (Zodiac),aries-zodiac,,Monster,published,Ram w/armor & Aries zodiac sign on chest,Main Universe,Monsters,,,,Types: Neutral; Level: Enrage
Chapter 13 (Monsters),Aquarius (Zodiac),aquarius-zodiac,,Monster,published,Elf woman w/white dress & jar (filled with healing water) and Aquarius zodiac sign on stomach,Main Universe,Monsters,,,,Types: Neutral; Level: Enrage
Chapter 13 (Monsters),Capricorn (Zodiac),capricorn-zodiac,,Monster,published,Horned goat w/armor & Capricorn zodiac sign on horns,Main Universe,Monsters,,,,Types: Neutral; Level: Enrage
Chapter 13 (Monsters),Cancer (Zodiac),cancer-zodiac,,Monster,published,Crab w/body armor & Cancer zodiac sign on claws,Main Universe,Monsters,,,,Types: Neutral; Level: Enrage
Chapter 13 (Monsters),Libra (Zodiac),libra-zodiac,,Monster,published,"Floating scales w/golden & silver armor, Libra zodiac sign tip of scale",Main Universe,Monsters,,,,Types: Neutral; Level: Enrage
Chapter 13 (Monsters),Sagittarius (Zodiac),sagittarius-zodiac,,Monster,published,"Centaur w/bow & arrow, partial body armor, split tails, Sagittarius zodiac sign on forehead",Main Universe,Monsters,,,,Types: Neutral; Level: Enrage
Chapter 13 (Monsters),Scorpio (Zodiac),scorpio-zodiac,,Monster,published,"Scorpion w/body armor & triple tails, Scorpio zodiac sign on back",Main Universe,Monsters,,,,Types: Neutral; Level: Enrage
Chapter 13 (Monsters),Taurus (Zodiac),taurus-zodiac,,Monster,published,"Bull w/body armor & long fluffy tail, Taurus zodiac sign on tail",Main Universe,Monsters,,,,Types: Neutral; Level: Enrage
Chapter 13 (Monsters),Leo (Zodiac),leo-zodiac,,Monster,published,Lion w/body armor & Leo zodiac sign between eyes,Main Universe,Monsters,,,,Types: Neutral; Level: Enrage
Chapter 13 (Monsters),Gemini (Zodiac),gemini-zodiac,,Monster,published,Two headed woman w/long glowing white dress & Gemini zodiac sign floating around body,Main Universe,Monsters,,,,Types: Neutral; Level: Enrage
Chapter 13 (Monsters),Virgo (Zodiac),virgo-zodiac,,Monster,published,"Little elf girl w/long green hair & bright green eyes, Virgo zodiac sign earrings",Main Universe,Monsters,,,,Types: Neutral; Level: Enrage
Chapter 13 (Monsters),Pisces (Zodiac),pisces-zodiac,,Monster,published,Goldfish w/partial armor & Pisces zodiac symbol on belly,Main Universe,Monsters,,,,Types: Neutral; Level: Enrage
Chapter 13 (Monsters),The Mixer,the-mixer,,Monster,published,DJ like creature w/body length dreads (metal claw like structure on tips of dreads) & body armor,Main Universe,Monsters,,,,Types: Neutral; Level: Battle
Chapter 13 (Monsters),Zodiac Wizard,zodiac-wizard,,Monster,published,"Wizard like creature w/giant elf ears & zodiac signs on robe, staff",Main Universe,Monsters,,,,Types: Neutral; Types: Spell; Level: Enrage
Chapter 13 (Monsters),The Song Chief,the-song-chief,,Monster,published,Satyr w/flute like pipe,Main Universe,Monsters,,,,Types: Neutral; Level: Battle
Chapter 13 (Monsters),The Nomad,the-nomad,,Monster,published,Elf w/harden rocks and leaves on armor and weapons,Main Universe,Monsters,,,,Types: Neutral; Level: Extreme
Chapter 13 (Monsters),Pylon,pylon,,Monster,published,Boy w/rainbow colored armor & weaponry,Main Universe,Monsters,,,,Types: Neutral; Level: Ability
Chapter 13 (Monsters),Shouldy,shouldy,,Monster,published,Small white bulb w/sensors,Main Universe,Monsters,,,,Types: Neutral; Level: Baby Form
Chapter 13 (Monsters),Pur Pur Pur,pur-pur-pur,,Monster,published,"Small boy like cat w/warrior attire, short white cloak, short white hair, pearl on a necklace",Main Universe,Monsters,,,,Types: Neutral; Level: Ability
Chapter 13 (Monsters),Gallant Racer,gallant-racer,,Monster,published,Male w/racer like suit & black marble skin,Main Universe,Monsters,,,,Types: Neutral; Level: Battle
Chapter 13 (Monsters),Unknown Spirits,unknown-spirits,,Monster,published,Human like spirits without mouths & ghostly features,Main Universe,Monsters,,,,Types: Neutral; Types: Death; Level: Battle
Chapter 13 (Monsters),Unonta,unonta,,Monster,published,"Skinless mouse like creature w/no arms, giant floppy ears, floating in air, giant long tail with glowing symbols wrapped around it, big white glowing eyes",Main Universe,Monsters,,,,Types: Neutral
Chapter 13 (Monsters),Septis,septis,,Monster,published,Elf like man w/legs & feet of snakes & patches of scales around body with horns from forehead,Main Universe,Monsters,,,,Types: Neutral; Types: Vermin; Level: Battle
Chapter 13 (Monsters),Valkerus,valkerus,,Monster,published,"Woman w/snake tail (lower form), hard wings, holding a flute, small horns from forehead, fangs, & claws",Main Universe,Monsters,,,,Types: Neutral; Types: Vermin; Level: Battle
Chapter 13 (Monsters),Vichitra,vichitra,,Monster,published,Beautiful woman w/pink Hindu attire surrounded by floating flower petals,Main Universe,Monsters,,,,Types: Neutral; Level: Enrage
Chapter 13 (Monsters),Vibhrama,vibhrama,,Monster,published,Young girl w/hearts falling around her,Main Universe,Monsters,,,,Types: Neutral; Level: Enrage
Chapter 13 (Monsters),Hamsi,hamsi,,Monster,published,Woman w/swan like body & bird wings,Main Universe,Monsters,,,,Types: Neutral; Level: Enrage
Chapter 13 (Monsters),Bhishani,bhishani,,Monster,published,Woman w/two faces (anger & laughter) & no arms,Main Universe,Monsters,,,,Types: Neutral; Level: Enrage
Chapter 13 (Monsters),Janaranjika,janaranjika,,Monster,published,Man w/giant smile & armor,Main Universe,Monsters,,,,Types: Neutral; Level: Enrage
Chapter 13 (Monsters),Madana,madana,,Monster,published,Seductive woman w/exposed body & cloths covering private areas,Main Universe,Monsters,,,,Types: Neutral; Level: Enrage
Chapter 13 (Monsters),Vishala,vishala,,Monster,published,Giant eyed woman w/Hindu tattoos,Main Universe,Monsters,,,,Types: Neutral; Level: Enrage
Chapter 13 (Monsters),Ghanta,ghanta,,Monster,published,Woman w/manly features holding a giant bell,Main Universe,Monsters,,,,Types: Neutral; Level: Enrage
Chapter 13 (Monsters),Kalakarni,kalakarni,,Monster,published,Man w/giant floppy ears & Hindu attire,Main Universe,Monsters,,,,Types: Neutral; Level: Enrage
Chapter 13 (Monsters),Mahabhaya,mahabhaya,,Monster,published,Man w/samurai outfit,Main Universe,Monsters,,,,Types: Neutral; Level: Enrage
Chapter 13 (Monsters),Mahendri,mahendri,,Monster,published,Man w/warrior attire & Hindu/Japanese fuku,Main Universe,Monsters,,,,Types: Neutral; Level: Enrage
Chapter 13 (Monsters),Shankhini,shankhini,,Monster,published,Little elf girl w/paintings drown on gown,Main Universe,Monsters,,,,Types: Neutral; Level: Enrage
Chapter 13 (Monsters),Chandri,chandri,,Monster,published,Girl w/crescent moon on forehead & sailor outfit with wand,Main Universe,Monsters,,,,Types: Neutral; Types: Night; Level: Enrage
Chapter 13 (Monsters),Shmashana,shmashana,,Monster,published,Girl w/lower half of body in rock & hands made of rock and ash,Main Universe,Monsters,,,,Types: Neutral; Level: Enrage
Chapter 13 (Monsters),Vatayakshini,vatayakshini,,Monster,published,Beautiful monkey woman w/long tail wrapped around body covering private areas,Main Universe,Monsters,,,,Types: Neutral; Level: Enrage
Chapter 13 (Monsters),Vikala,vikala,,Monster,published,Fat man covered in leaves and coins,Main Universe,Monsters,,,,Types: Neutral; Level: Enrage
Chapter 13 (Monsters),Malini,malini,,Monster,published,Little girl covered in flowers with Hindu attire,Main Universe,Monsters,,,,Types: Neutral; Types: Leaf; Level: Enrage
Chapter 13 (Monsters),Shatapatrika,shatapatrika,,Monster,published,Dancing flower like girl w/bird bath like structure like dress,Main Universe,Monsters,,,,Types: Neutral; Level: Enrage
Chapter 13 (Monsters),Sulochana,sulochana,,Monster,published,Four eyed girl w/ballerina gown,Main Universe,Monsters,,,,Types: Neutral; Level: Enrage
Chapter 13 (Monsters),Shobha,shobha,,Monster,published,Chandelier w/lower half of a little girl with ballerina gown,Main Universe,Monsters,,,,Types: Neutral; Level: Enrage
Chapter 13 (Monsters),Kapalini,kapalini,,Monster,published,Girl w/skull head & metal straps around body covering private parts,Main Universe,Monsters,,,,Types: Neutral; Level: Enrage
Chapter 13 (Monsters),Varayakshini,varayakshini,,Monster,published,3 headed woman w/one giant hand & one normal size hand holding a Libra scale,Main Universe,Monsters,,,,Types: Neutral; Level: Enrage
Chapter 13 (Monsters),Nati,nati,,Monster,published,Blind folded woman w/long black dress & spiky hair,Main Universe,Monsters,,,,Types: Neutral; Level: Enrage
Chapter 13 (Monsters),Kameshvari,kameshvari,,Monster,published,Dog faced man w/pole & Hindu attire,Main Universe,Monsters,,,,Types: Neutral; Level: Enrage
Chapter 13 (Monsters),Manohara,manohara,,Monster,published,7 armed woman w/beard & Hindu fuku,Main Universe,Monsters,,,,Types: Neutral; Level: Enrage
Chapter 13 (Monsters),Pramoda,pramoda,,Monster,published,Glass spirit w/body of a woman & man,Main Universe,Monsters,,,,Types: Neutral; Level: Enrage
Chapter 13 (Monsters),Anuragini,anuragini,,Monster,published,Beautiful boy w/spiked attire,Main Universe,Monsters,,,,Types: Neutral; Level: Enrage
Chapter 13 (Monsters),Nakhakeshi,nakhakeshi,,Monster,published,Man covered in lightning and UNKOWN SPIRITS,Main Universe,Monsters,,,,Types: Neutral; Level: Enrage
Chapter 13 (Monsters),Bhamini,bhamini,,Monster,published,Beast covered in ice flower petals & skulls around waist,Main Universe,Monsters,,,,Types: Neutral; Level: Enrage
Chapter 13 (Monsters),Padmini,padmini,,Monster,published,Doll like mime w/markings around neck & floating flower petals around waist,Main Universe,Monsters,,,,Types: Neutral; Level: Enrage
Chapter 13 (Monsters),Svarnavati,svarnavati,,Monster,published,Duck like man w/Hindu attire & 6 arms,Main Universe,Monsters,,,,Types: Neutral; Level: Enrage
Chapter 13 (Monsters),Ratipriya,ratipriya,,Monster,published,Glowing figure w/wings,Main Universe,Monsters,,,,Types: Neutral; Level: Enrage
Chapter 13 (Monsters),Yakshi,yakshi,,Monster,published,"Evolves from: Evolve From All 32 Combined Spirits Listed Above

Woman/Man (depending on attacks) w/Hindu attire & giant disk attached to back with 4 arms & 4 giant swords",Main Universe,Monsters,,,,Types: Neutral
Chapter 13 (Monsters),Kashyap,kashyap,,Monster,published,Fat man w/glowing sphere around head & pants (represents Space),Main Universe,Monsters,,,,Types: Neutral; Level: Godly Level
Chapter 13 (Monsters),Toy King,toy-king,,Monster,published,"Toy king w/royal robes, staff",Main Universe,Monsters,,,,Types: Toy; Level: Enrage
Chapter 13 (Monsters),Toy Dragon,toy-dragon,,Monster,published,"Prehistoric type: Serpent

Dragon like toy made of Lego like pieces",Main Universe,Monsters,,,,Types: Toy; Types: Prehistoric; Level: Battle
Chapter 13 (Monsters),Toy Lord,toy-lord,,Monster,published,Giant toy robot w/royal clothing & partial human skin,Main Universe,Monsters,,,,Types: Toy; Level: Extreme
Chapter 13 (Monsters),Turpurat,turpurat,,Monster,published,,Main Universe,Monsters,,,,Types: Vermin; Level: Ability
Chapter 13 (Monsters),Armored rat beast,armored-rat-beast,,Monster,published,,Main Universe,Monsters,,,,
Chapter 13 (Monsters),"Tetchula, Spider Queen",tetchula-spider-queen,,Monster,published,Spider woman w/armor,Main Universe,Monsters,,,,Types: Vermin; Level: Battle
Chapter 13 (Monsters),The Liker,the-liker,,Monster,published,Giant python w/jewels on its body,Main Universe,Monsters,,,,Types: Vermin; Level: Battle
Chapter 13 (Monsters),Maxima Dragonfly,maxima-dragonfly,,Monster,published,"Prehistoric type: Serpent

Dragonfly w/armor",Main Universe,Monsters,,,,Types: Vermin; Types: Prehistoric; Level: Battle
Chapter 13 (Monsters),IMI,imi,,Monster,published,Small fly w/one eye,Main Universe,Monsters,,,,Types: Vermin; Level: Baby Form
Chapter 13 (Monsters),Immitt,immitt,,Monster,published,"Evolves from: IMI

Mosquito w/horns",Main Universe,Monsters,,,,Types: Vermin
Chapter 13 (Monsters),Immutt,immutt,,Monster,published,"Evolves from: Immitt

Mathis w/4 eyes, horns",Main Universe,Monsters,,,,Types: Vermin
Chapter 13 (Monsters),Uimmuitt,uimmuitt,,Monster,published,"Metal type: Machine
Evolves from: Immutt

Moth w/horns & jeweled body",Main Universe,Monsters,,,,Types: Vermin; Types: Metal
Chapter 13 (Monsters),Solarbee,solarbee,,Monster,published,Bee w/armor,Main Universe,Monsters,,,,Types: Vermin; Level: Ability
Chapter 13 (Monsters),Roshel,roshel,,Monster,published,Roach w/armor,Main Universe,Monsters,,,,Types: Vermin; Level: Ability
Chapter 13 (Monsters),Coach Ant,coach-ant,,Monster,published,Ant w/armor,Main Universe,Monsters,,,,Types: Vermin; Level: Ability
Chapter 13 (Monsters),Saausaamas,saausaamas,,Monster,published,Plasm w/spikes,Main Universe,Monsters,,,,Types: Vermin; Level: Ability
Chapter 13 (Monsters),Lightning Dragonfly,lightning-dragonfly,,Monster,published,"Prehistoric type: Serpent

Dragonfly w/electricity around its armored body",Main Universe,Monsters,,,,Types: Vermin; Types: Prehistoric; Types: Aero; Level: Battle
Chapter 13 (Monsters),Plobban,plobban,,Monster,published,"Giant blob w/spikes, glowing dark orb in its body, giant teeth",Main Universe,Monsters,,,,Types: Vermin; Level: Battle
Chapter 13 (Monsters),Stredo,stredo,,Monster,published,"Giant jelly w/weeds as tentacles, horns, spikes",Main Universe,Monsters,,,,Types: Vermin; Types: Shadow; Level: Battle
Chapter 13 (Monsters),Muk Worm,muk-worm,,Monster,published,"Small worm w/rock hard body, spikes",Main Universe,Monsters,,,,Types: Vermin; Level: Battle
Chapter 13 (Monsters),Carpet Tice,carpet-tice,,Monster,published,"Giant worm w/metal spikes, hard rock body",Main Universe,Monsters,,,,Types: Vermin; Level: Ability
Chapter 13 (Monsters),Komi,komi,,Monster,published,Acid blob w/eyes,Main Universe,Monsters,,,,Types: Vermin; Level: Baby Form
Chapter 13 (Monsters),Aoside,aoside,,Monster,published,"Evolves from: Komi

Small boy covered in slim w/no face",Main Universe,Monsters,,,,Types: Vermin
Chapter 13 (Monsters),Kiyontei,kiyontei,,Monster,published,"Evolves from: Aoside

Taller AOSIDE w/white glowing eyes",Main Universe,Monsters,,,,Types: Vermin
Chapter 13 (Monsters),Tritonok,tritonok,,Monster,published,"Evolves from: Kiyontei

KIYONTEI w/skull face",Main Universe,Monsters,,,,Types: Vermin
Chapter 13 (Monsters),Komi Kon,komi-kon,,Monster,published,"Evolves from: Tritonok

TRITONOK w/armor, skull horse, floating orbs around it",Main Universe,Monsters,,,,Types: Vermin; Types: Soldier
Chapter 13 (Monsters),Jewel Scorpion,jewel-scorpion,,Monster,published,Scorpion w/jeweled armored body,Main Universe,Monsters,,,,Types: Vermin; Types: Geo; Level: Ability
Chapter 13 (Monsters),Burban Scorpion,burban-scorpion,,Monster,published,"Evolves from: Jewel Scorpion

Giant marble scorpion w/glowing tail",Main Universe,Monsters,,,,Types: Vermin; Types: Geo
Chapter 13 (Monsters),Sabor,sabor,,Monster,published,"Lizard w/armor, spikes",Main Universe,Monsters,,,,Types: Vermin; Level: Ability
Chapter 13 (Monsters),Devil Snake,devil-snake,,Monster,published,Giant jeweled red rattlesnake w/horns,Main Universe,Monsters,,,,Types: Vermin; Types: Pyro; Level: Battle
Chapter 13 (Monsters),Kilmo,kilmo,,Monster,published,Giant amoeba like creature made up of blood,Main Universe,Monsters,,,,Types: Vermin; Level: Ability
Chapter 13 (Monsters),Argani,argani,,Monster,published,"Bat w/giant wings, giant mouth, fangs, one eye",Main Universe,Monsters,,,,Types: Vermin; Types: Shadow; Types: Aero; Level: Battle
Chapter 13 (Monsters),Smetatur,smetatur,,Monster,published,"Armadillo w/axe horn, smooth skin under armor",Main Universe,Monsters,,,,Types: Vermin; Types: Geo; Level: Battle
Chapter 13 (Monsters),Smick,smick,,Monster,published,,Main Universe,Monsters,,,,Types: Vermin; Level: Ability
Chapter 13 (Monsters),Red lizard like,red-lizard-like,,Monster,published,,Main Universe,Monsters,,,,
Chapter 13 (Monsters),Smack,smack,,Monster,published,,Main Universe,Monsters,,,,Types: Vermin; Level: Ability
Chapter 13 (Monsters),Blue lizard like,blue-lizard-like,,Monster,published,,Main Universe,Monsters,,,,
Chapter 13 (Monsters),Smuck,smuck,,Monster,published,,Main Universe,Monsters,,,,Types: Vermin; Level: Ability
Chapter 13 (Monsters),Yellow lizard like,yellow-lizard-like,,Monster,published,,Main Universe,Monsters,,,,
Chapter 13 (Monsters),Smock,smock,,Monster,published,Black/gray lizard like,Main Universe,Monsters,,,,Types: Vermin; Types: Shadow; Level: Ability
Chapter 13 (Monsters),Gas Mouth,gas-mouth,,Monster,published,"Crystal ball w/eyes, smog around it",Main Universe,Monsters,,,,Types: Vermin; Level: Ability
Chapter 13 (Monsters),Javalench,javalench,,Monster,published,Black viper w/sheet rock skin,Main Universe,Monsters,,,,Types: Vermin; Level: Ability
Chapter 13 (Monsters),Scour,scour,,Monster,published,"Bat w/9 wings, tails, 4 eyes",Main Universe,Monsters,,,,Types: Vermin; Level: Ability
Chapter 13 (Monsters),Dragon Snake,dragon-snake,,Monster,published,"Prehistoric type: Serpent

Half dragon, half snake",Main Universe,Monsters,,,,Types: Vermin; Types: Prehistoric; Level: Battle
Chapter 13 (Monsters),Ocean Doppleganger,ocean-doppleganger,,Monster,published,"Tentacle like creature w/giant armored head (with pearl on center), small wings on back",Main Universe,Monsters,,,,Types: Vermin; Types: Aqua; Level: Battle
Chapter 13 (Monsters),Bulb Fly,bulb-fly,,Monster,published,"Light bulb like creature w/firefly like form, giant eyes, smiley face like, bumblebee like wings",Main Universe,Monsters,,,,Types: Vermin; Types: Shock; Level: Baby Form
Chapter 13 (Monsters),Shellbulb,shellbulb,,Monster,published,"Evolves from: Bulb Fly

Rock like creature w/eyes & partial armor",Main Universe,Monsters,,,,Types: Vermin; Types: Shock; Types: Geo
Chapter 13 (Monsters),Vessesselia,vessesselia,,Monster,published,"Evolves from: Shellbulb

Bumble Bee like woman w/human like features, giant fairy wings, giant structure on head with flowing grass like hair, & partial armor",Main Universe,Monsters,,,,Types: Vermin; Types: Aero
Chapter 13 (Monsters),Vuluim,vuluim,,Monster,published,"Evolves from: Vessesselia

Bumble Bee queen like woman w/human like features, giant fairy wings, huge structure on head & back, partial armor, hand like creatures arising from dress like body",Main Universe,Monsters,,,,Types: Vermin; Types: Aero; Types: Shock
Chapter 13 (Monsters),Hoad,hoad,,Monster,published,"Caterpillar like creature w/hard shell, giant eyes, giant antler like structure arising from sides of face, & mountain like structure on its back",Main Universe,Monsters,,,,Types: Vermin; Level: Battle
Chapter 13 (Monsters),Hoen,hoen,,Monster,published,Crab like creature w/giant poisonous flower & giant sea shell on its tail,Main Universe,Monsters,,,,Types: Vermin; Level: Battle
Chapter 13 (Monsters),Enenra,enenra,,Monster,published,Giant creature made of smoke w/fangs & rock like claws,Main Universe,Monsters,,,,Types: Vermin; Level: Ability
Chapter 13 (Monsters),Gojunoto,gojunoto,,Monster,published,Female geisha like creature w/5 tier pagoda on head (serves as an attached hat),Main Universe,Monsters,,,,Types: Elemental; Level: Enrage
Chapter 13 (Monsters),Horyu-Ji,horyu-ji,,Monster,published,"Evolves from: Gojunoto

Female geisha like creature w/10 tier pagoda on head (serves as an attached hat)",Main Universe,Monsters,,,,Types: Elemental
Chapter 13 (Monsters),Gorinto,gorinto,,Monster,published,Boy like stone creature w/body shaped like a gorinto,Main Universe,Monsters,,,,Types: Elemental; Level: Enrage
Chapter 13 (Monsters),Omni Dragon,omni-dragon,,Monster,published,"Prehistoric type: Serpent

Rainbow scaled dragon w/giant white scales & giant seraph like wings",Main Universe,Monsters,,,,Types: Elemental; Types: Prehistoric; Level: Enrage
Chapter 13 (Monsters),Spirit Of The Book Of Five Rings,spirit-of-the-book-of-five-rings,,Monster,published,Female spirit w/komodo dress & holds the book of five rings which controls the five elements,Main Universe,Monsters,,,,Types: Elemental; Types: Death; Level: Enrage
Chapter 13 (Monsters),"Instrument Player, Obi",instrument-player-obi,,Monster,published,"Male Jin w/drums (earth), piano (water), guitar (wind), & horn (fire) and metal kilt",Main Universe,Monsters,,,,Types: Elemental; Level: Battle
Chapter 13 (Monsters),"Buu Boo, The Clown",buu-boo-the-clown,,Monster,published,"Short clown w/big feet, big hands",Main Universe,Monsters,,,,Types: Elemental; Level: Ability
Chapter 13 (Monsters),"Guu Go-Go, The Clown",guu-go-go-the-clown,,Monster,published,"Evolves from: Buu Boo, The Clown

Tall clown w/big feet, big hands, & cape",Main Universe,Monsters,,,,Types: Elemental
Chapter 13 (Monsters),Syclone Hydra,syclone-hydra,,Monster,published,5 headed hydra w/different color heads & 10 tails,Main Universe,Monsters,,,,Types: Elemental; Types: Shadow; Level: Extreme
Chapter 13 (Monsters),Draexone,draexone,,Monster,published,Colorful phoenix w/7 mystical glowing tails that can place a curse on anything,Main Universe,Monsters,,,,Types: Elemental; Types: Aero; Level: Extreme
Chapter 13 (Monsters),The Creator,the-creator,,Monster,published,"Giant multi-colored creature w/giant horn, giant claws, caterpillar like body, giant wings, closed eyes. (this creature gave birth to Aero, Pyro, Metal, Beast, Leaf, Aqua, Light, & Shadow creatures)",Main Universe,Monsters,,,,Types: Elemental; Level: Godly Level
Chapter 13 (Monsters),The Destoyer,the-destoyer,,Monster,published,"Giant black marble soldier w/long white spiky hair, red eyes, brick like armor, giant sword (made of diamond), elemental symbols around skin, spikes out of skin, giant black & red wings, and tail",Main Universe,Monsters,,,,Types: Elemental; Level: Godly Level
Chapter 13 (Monsters),Zeus,zeus,,Monster,published,Class: Godly,Main Universe,Monsters,,,,Level: Godly Level
Chapter 13 (Monsters),Similar to Zeus,similar-to-zeus,,Monster,published,,Main Universe,Monsters,,,,
Chapter 13 (Monsters),Hera,hera,,Monster,published,Class: Godly,Main Universe,Monsters,,,,Level: Godly Level
Chapter 13 (Monsters),Similar to Hera,similar-to-hera,,Monster,published,,Main Universe,Monsters,,,,
Chapter 13 (Monsters),Aphrodite,aphrodite,,Monster,published,Class: Godly,Main Universe,Monsters,,,,Level: Godly Level
Chapter 13 (Monsters),Similar to Aphrodite,similar-to-aphrodite,,Monster,published,,Main Universe,Monsters,,,,
Chapter 13 (Monsters),Mars,mars,,Monster,published,Class: Godly,Main Universe,Monsters,,,,Level: Godly Level
Chapter 13 (Monsters),Similar to Aries,similar-to-aries,,Monster,published,Note: God,Main Universe,Monsters,,,,
Chapter 13 (Monsters),Apollo,apollo,,Monster,published,Class: Godly,Main Universe,Monsters,,,,Level: Godly Level
Chapter 13 (Monsters),Similar to Apollo,similar-to-apollo,,Monster,published,,Main Universe,Monsters,,,,
Chapter 13 (Monsters),Demeter,demeter,,Monster,published,Class: Godly,Main Universe,Monsters,,,,Level: Godly Level
Chapter 13 (Monsters),Similar to Demeter,similar-to-demeter,,Monster,published,,Main Universe,Monsters,,,,
Chapter 13 (Monsters),Hades,hades,,Monster,published,"Class: Godly

Similar to Hades\Pluto",Main Universe,Monsters,,,,Level: Godly Level
Chapter 13 (Monsters),Hermes,hermes,,Monster,published,Class: Godly,Main Universe,Monsters,,,,Level: Godly Level
Chapter 13 (Monsters),Similar to Hermes,similar-to-hermes,,Monster,published,,Main Universe,Monsters,,,,
Chapter 13 (Monsters),Odin,odin,,Monster,published,Class: Godly,Main Universe,Monsters,,,,Level: Godly Level
Chapter 13 (Monsters),Similar to Odin,similar-to-odin,,Monster,published,,Main Universe,Monsters,,,,
Chapter 13 (Monsters),Thor,thor,,Monster,published,Class: Godly,Main Universe,Monsters,,,,Level: Godly Level
Chapter 13 (Monsters),Similar to Thor,similar-to-thor,,Monster,published,,Main Universe,Monsters,,,,
Chapter 13 (Monsters),Frig,frig,,Monster,published,Class: Godly,Main Universe,Monsters,,,,Level: Godly Level
Chapter 13 (Monsters),Similar to Frig,similar-to-frig,,Monster,published,,Main Universe,Monsters,,,,
Chapter 13 (Monsters),Frigga,frigga,,Monster,published,Class: Godly,Main Universe,Monsters,,,,Level: Godly Level
Chapter 13 (Monsters),Similar to Frigga,similar-to-frigga,,Monster,published,,Main Universe,Monsters,,,,
Chapter 13 (Monsters),Poseidon,poseidon,,Monster,published,Class: Godly,Main Universe,Monsters,,,,Level: Godly Level
Chapter 13 (Monsters),Similar to Poseidon,similar-to-poseidon,,Monster,published,,Main Universe,Monsters,,,,
Chapter 13 (Monsters),Hephaestus,hephaestus,,Monster,published,Class: Godly,Main Universe,Monsters,,,,Level: Godly Level
Chapter 13 (Monsters),Similar to Hephaestus,similar-to-hephaestus,,Monster,published,,Main Universe,Monsters,,,,
Chapter 13 (Monsters),Hecate,hecate,,Monster,published,Class: Godly,Main Universe,Monsters,,,,Level: Godly Level
Chapter 13 (Monsters),Similar to Hecate,similar-to-hecate,,Monster,published,,Main Universe,Monsters,,,,
Chapter 13 (Monsters),Helios,helios,,Monster,published,Class: Godly,Main Universe,Monsters,,,,Level: Godly Level
Chapter 13 (Monsters),Similar to Helios,similar-to-helios,,Monster,published,,Main Universe,Monsters,,,,
Chapter 13 (Monsters),Eros,eros,,Monster,published,Class: Godly,Main Universe,Monsters,,,,Level: Godly Level
Chapter 13 (Monsters),Similar to Eros,similar-to-eros,,Monster,published,,Main Universe,Monsters,,,,
Chapter 13 (Monsters),RA’,ra,,Monster,published,Class: Godly,Main Universe,Monsters,,,,Level: Godly Level
Chapter 13 (Monsters),Similar to Ra’,similar-to-ra,,Monster,published,,Main Universe,Monsters,,,,
Chapter 13 (Monsters),Amon,amon,,Monster,published,Class: Godly,Main Universe,Monsters,,,,Level: Godly Level
Chapter 13 (Monsters),Similar to Amon,similar-to-amon,,Monster,published,,Main Universe,Monsters,,,,
Chapter 13 (Monsters),Amon Ra’,amon-ra,,Monster,published,Evolves from: Amon\Ra’ Merged,Main Universe,Monsters,,,,
Chapter 13 (Monsters),Similar to Amon Ra’,similar-to-amon-ra,,Monster,published,,Main Universe,Monsters,,,,
Chapter 13 (Monsters),Osiris,osiris,,Monster,published,Class: Godly,Main Universe,Monsters,,,,Level: Godly Level
Chapter 13 (Monsters),Similar to Osiris,similar-to-osiris,,Monster,published,,Main Universe,Monsters,,,,
Chapter 13 (Monsters),Hathor,hathor,,Monster,published,Class: Godly,Main Universe,Monsters,,,,Level: Godly Level
Chapter 13 (Monsters),Similar to Hathor,similar-to-hathor,,Monster,published,,Main Universe,Monsters,,,,
Chapter 13 (Monsters),Isis,isis,,Monster,published,Class: Godly,Main Universe,Monsters,,,,Level: Godly Level
Chapter 13 (Monsters),Similar to Isis,similar-to-isis,,Monster,published,,Main Universe,Monsters,,,,
Chapter 13 (Monsters),Fujin,fujin,,Monster,published,"Class: Godly

Demonic man covered in thunderbolts & clouds",Main Universe,Monsters,,,,Level: Godly Level
Chapter 13 (Monsters),Hiderigami,hiderigami,,Monster,published,"Class: Godly

Water like creature w/rain clouds around body & floating in mid-air",Main Universe,Monsters,,,,Level: Godly Level
Chapter 13 (Monsters),Saraswati,saraswati,,Monster,published,"Note: Wife of BHRAMA

-----",Main Universe,Monsters,,,,
Chapter 13 (Monsters),Godly,godly,,Monster,published,Woman in Hindu dress attire & 4 arms with a banjo like object,Main Universe,Monsters,,,,
Chapter 13 (Monsters),Capitol Zion,capitol-zion,,Monster,published,"Class: Battle

Shapeless creatures w/symbols of ancient alphabet & numeric signs around forms, no mouths & closed eyes",Main Universe,Monsters,,,,Level: Battle
Chapter 13 (Monsters),King Pinuken,king-pinuken,,Monster,published,"Class: Extreme

Elf like man w/business suit, long red cape, helmet, partial armor, sword",Main Universe,Monsters,,,,Level: Extreme
Chapter 13 (Monsters),Queen Matyiunna,queen-matyiunna,,Monster,published,"Class: Extreme

Elf like woman w/long  white dress, wand, long green hair, pearls, glowing floating orbs around risk",Main Universe,Monsters,,,,Level: Extreme
Chapter 13 (Monsters),Prince Orion,prince-orion,,Monster,published,"Class: Extreme

Elf like boy w/warrior attire, partial robe, giant sword, short spiky hair, white eyes",Main Universe,Monsters,,,,Level: Extreme
Chapter 13 (Monsters),Princess Sarlia,princess-sarlia,,Monster,published,"Class: Extreme

Elf girl w/black & pink short dress, two daggers, vampire like features, umbrella, & ancient markings around skin",Main Universe,Monsters,,,,Level: Extreme
Chapter 13 (Monsters),The Deva (Her),the-deva-her,,Monster,published,"Class: Extreme

Pale elf like girl (sometimes woman) w/long white locking dreads, white eyes, white cloths, earrings, wings, flowing 20ft white glowing dress (sometimes warrior attire)",Main Universe,Monsters,,,,Level: Extreme
Chapter 13 (Monsters),Guardian Of The Heart,guardian-of-the-heart,,Monster,published,Giant heart w/chains around it (surrounded by several UNKNOWN SPIRITS),Main Universe,Monsters,,,,
Chapter 13 (Monsters),Celestial Phoenix,celestial-phoenix,,Monster,published,"Class: Extreme

Giant white phoenix w/rainbow features & golden beak",Main Universe,Monsters,,,,Level: Extreme
Chapter 13 (Monsters),Obbe,obbe,,Monster,published,"Class: Baby Form

Furball w/colorful spiked fur",Main Universe,Monsters,,,,Level: Baby Form
Chapter 13 (Monsters),Stedaye’,stedaye,,Monster,published,"Class: Baby Form

Many colored jelly like creatures (sometimes w/animal like features)",Main Universe,Monsters,,,,Level: Baby Form
Chapter 13 (Monsters),Briyi,briyi,,Monster,published,"Class: Baby Form

Different colored little chickens w/pieces of armor around body",Main Universe,Monsters,,,,Level: Baby Form
Chapter 13 (Monsters),Bhrama (Creator Of All Things),bhrama-creator-of-all-things,,Monster,published,Appears in similarities with the Hindu creator god Brahma,Main Universe,Monsters,,,,
Chapter 13 (Monsters),Shiva,shiva,,Monster,published,"Appears in similarities with the Hindu god of destruction, Shiva",Main Universe,Monsters,,,,
Chapter 13 (Monsters),Marichi,marichi,,Monster,published,"One of the 7 Mages responsible for creating the cosmos (stars, galaxies, and worlds)",Main Universe,Monsters,,,,
Chapter 13 (Monsters),Attri,attri,,Monster,published,One of the 7 Mages responsible for creating mankind of all worlds and giving them wisdom of which ATHENA oversees,Main Universe,Monsters,,,,
Chapter 13 (Monsters),Angirasa,angirasa,,Monster,published,One of the 7 Mages responsible for watching over life (some accounts responsible for giving immortality to gods and several creatures),Main Universe,Monsters,,,,
Chapter 13 (Monsters),Pulaha,pulaha,,Monster,published,"One of the 4 original Mages responsible for protecting the worlds from alongside (along with PULASTHYA, KRATHU, & VASISHTA)",Main Universe,Monsters,,,,
Chapter 13 (Monsters),Pulasthya,pulasthya,,Monster,published,"One of the 4 original Mages responsible for protecting the worlds alongside (KRATHU, PULAHA, & VASISHTA)",Main Universe,Monsters,,,,
Chapter 13 (Monsters),Krathu,krathu,,Monster,published,"One of the 4 original Mages responsible for protecting the worlds alongside (PULAHA, VASISHTA, & PULASTHYA)",Main Universe,Monsters,,,,
Chapter 13 (Monsters),Vasishta,vasishta,,Monster,published,"One of the 4 original Mages responsible for protecting the worlds alongside (PULAHA, KRATHU, & PULASTHYA)",Main Universe,Monsters,,,,
Chapter 13 (Monsters),Prachethasa,prachethasa,,Monster,published,"One of the 7 Mages that created the lands from the skin of THE CREATOR, the river from its blood, trees & flowers from its hair, & sun and moon from its eyes after its death",Main Universe,Monsters,,,,
Chapter 13 (Monsters),Bhrigu,bhrigu,,Monster,published,One of the 7 Mages that from her came the first creature and the first spoken word,Main Universe,Monsters,,,,
Chapter 13 (Monsters),Narada,narada,,Monster,published,"One of the 7 mages that created Time, Space, & Matter",Main Universe,Monsters,,,,
Chapter 13 (Monsters),Anarkti,anarkti,,Monster,published,"-------

-----

Giant lion like creature with a long snake like tail. Its body glows up with rings around it and with giant orb like objects floating around its body",Main Universe,Monsters,,,,
Chapter 13 (Monsters),Millennium Beast,millennium-beast,,Monster,published,"------

------

Giant falcon like creature with red and black wings. Glowing reddish body with giant rings around its long serpent like tail. It has long spiky purple like hair",Main Universe,Monsters,,,,
Chapter 13 (Monsters),Biodoctrix,biodoctrix,,Monster,published,"Doctor like scientist w/face shaved off, wires from around head, goggle like structure around eyes, lab coat, human shaped body",Main Universe,Monsters,,,,Types: Mind; Level: Enrage
Chapter 13 (Monsters),Cyber Hydra,cyber-hydra,,Monster,published,"Prehistoric type: Serpent

Bionic hydra like creature w/partial mechanical bodies",Main Universe,Monsters,,,,Types: Prehistoric; Level: Enrage
Chapter 13 (Monsters),Bioptera,bioptera,,Monster,published,Part mechanical Pterosaurs w/20ft whip like tail,Main Universe,Monsters,,,,Types: Prehistoric; Types: Metal; Level: Battle
Chapter 13 (Monsters),"Legendary Dragon, Umptoptus",legendary-dragon-umptoptus,,Monster,published,Mechanical dragon w/serpent like lower body & helmet,Main Universe,Monsters,,,,Types: Prehistoric; Types: Metal; Level: Enrage
Chapter 13 (Monsters),Stardus,stardus,,Monster,published,Star like boy w/staff (with star on tip),Main Universe,Monsters,,,,Types: Neutral; Level: Battle
Chapter 13 (Monsters),Jagged Racer,jagged-racer,,Monster,published,Black marble suited man w/motorcycle & giant gun,Main Universe,Monsters,,,,Types: Neutral; Level: Battle
Chapter 13 (Monsters),Vallant,vallant,,Monster,published,White marble skintight outfit w/cloth like structure dangling from eyes,Main Universe,Monsters,,,,Types: Neutral; Level: Battle
Chapter 13 (Monsters),Malik Elf,malik-elf,,Monster,published,Elf like woman w/male like features & leaf like structure outfit,Main Universe,Monsters,,,,Types: Leaf; Types: Soldier; Types: Spell; Level: Battle
Chapter 13 (Monsters),Jigalent Knight,jigalent-knight,,Monster,published,Powerful metal machine like knight with human appearance & golden rods from back,Main Universe,Monsters,,,,Types: Soldier; Level: Enrage
Chapter 13 (Monsters),Soligon Knight,soligon-knight,,Monster,published,Blue metal machine like knight w/human appearance & silver structures from around neck & waist,Main Universe,Monsters,,,,Types: Soldier; Level: Enrage
Chapter 13 (Monsters),The Boburon Wolf,the-boburon-wolf,,Monster,published,Giant silver/white/golden wolf w/giant wing like metal structures from back & armor,Main Universe,Monsters,,,,Types: Beast; Level: Enrage
Chapter 13 (Monsters),Neon Ogre,neon-ogre,,Monster,published,A neon bodied ogre w/body armor & giant antler like horns,Main Universe,Monsters,,,,Types: Beast; Types: Soldier; Level: Battle
Chapter 13 (Monsters),Muscki,muscki,,Monster,published,Hamster w/wires & nails erected from back,Main Universe,Monsters,,,,Types: Beast; Level: Ability
Chapter 13 (Monsters),Dedula,dedula,,Monster,published,Alien like creature w/removable parts & alien writing around body,Main Universe,Monsters,,,,Types: Neutral; Level: Enrage
Chapter 13 (Monsters),Pinshun,pinshun,,Monster,published,"Wrinkled old man w/suit & giant sword and giant gun, with long spiky hair & giant fists",Main Universe,Monsters,,,,Types: Death; Level: Battle
Chapter 13 (Monsters),Banchuka,banchuka,,Monster,published,Giant dog like beast w/giant guns attached to back & metal claws,Main Universe,Monsters,,,,Types: Beast; Level: Battle
Chapter 13 (Monsters),Millenium Dauda,millenium-dauda,,Monster,published,"Hell type: While Still A Knight Of Purgatory
Level: Light (While Still A Knight Of Heaven)",Main Universe,Monsters,,,,Types: Hell
Chapter 13 (Monsters),Extreme,extreme,,Monster,published,"10ft tall woman with large wings. Her helmet like her armor is gold, white, and blue. Her long hair can be used as a whip as it is hard and white.

Once one of the holders of the three books of knowledge, time, and life. She recorded all events within the book of time. As a Knight of Purgatory, she now holds a similar responsibility as the holder of the Book of the Dead. She records the deaths of all things and watches them while they are in the afterlife. She can see everywhere at once.

Large golem like creature with red, yellow, and black armor. Matching helmet and sword with golden blade. Stands about 50ft tall.

This creature was once one of the protectors of Heaven. Sent to a faraway land to recover from its battle with Beelzebub. This creature became a prisoner and later soldier to Beelzebub after his children bound this creature.",Main Universe,Monsters,,,,
Chapter 13 (Monsters),Lady Bastowa,lady-bastowa,,Monster,published,"Hell type: While Still A Knight Of Purgatory
Level: Light (While Still A Knight Of Heaven)",Main Universe,Monsters,,,,Types: Hell
Chapter 13 (Monsters),Aura Beasts,aura-beasts,,Monster,published,"When the Domi Mages created Aurelia, they knew that the leftover energy would destroy the world because it was too intense so they created a parallel world with everything having a polar opposite. The polar opposites have glowing patches of aura around their bodies and markings of the Domi Mages on their bodies and/or armors. The Domi Mages sealed this world away from existence with many creatures leaking to the real world. Overtime as the Domi Mages disappeared, their magic weakened and this world now appears in night sky of Aurelia. Most Aurelians think this world to be another moon or Earth because of its similarities in look.

These creatures are known as Aura Beasts and appear similar to the original Aurelian creatures found above; each creature has an Aura counterpart with major differences. The differences are that there are glowing patches of aura found around their bodies, markings on their bodies and/or armor, they have opposite personalities as their above counterparts, and they are usually stronger than their counterparts.",Main Universe,Monsters,,,,
Chapter 13 (Monsters),Morphed 7 tailed fish,morphed-7-tailed-fish,,Monster,published,,Main Universe,Monsters,,,,
Chapter 13 (Monsters),Mechanic Stingray,mechanic-stingray,,Monster,published,,Main Universe,Monsters,,,,
Chapter 13 (Monsters),Small Rainbow Fish,small-rainbow-fish,,Monster,published,,Main Universe,Monsters,,,,
Chapter 13 (Monsters),Neon Goldfish,neon-goldfish,,Monster,published,,Main Universe,Monsters,,,,
Chapter 13 (Monsters),Domi Mage,domi-mage,,Monster,published,"Appearance: -----

------

One of the 7 Mages responsible for creating the cosmos (stars, galaxies, and worlds); ----

------

One of the 7 Mages responsible for creating mankind of all worlds and giving them wisdom of which ATHENA oversees; ------

------

One of the 7 Mages responsible for watching over life (some accounts responsible for giving immortality to gods and several creatures); -----

-----

One of the 4 original Mages responsible for protecting the worlds from alongside (along with PULASTHYA, KRATHU, & VASISHTA); ------

------

One of the 4 original Mages responsible for protecting the worlds alongside (KRATHU, PULAHA, & VASISHTA); -------

------

One of the 4 original Mages responsible for protecting the worlds alongside (PULAHA, VASISHTA, & PULASTHYA); ------

-----

One of the 4 original Mages responsible for protecting the worlds alongside (PULAHA, KRATHU, & PULASTHYA); ------

------

One of the 7 Mages that from her came the first creature and the first spoken word; ------

-----

One of the 7 mages that created Time, Space, & Matter

------

------

One of the 7 Mages that created the lands from the skin of THE CREATOR, the river from its blood, trees & flowers from its hair, & sun and moon from its eyes after its death",Main Universe,Monsters,,,,
Chapter 13 (Monsters),Aura Guardian Beast,aura-guardian-beast,,Monster,published,"------

-------

The Domi Mages created this beast to protect and watch over Aru, it appeared as a giant beast with glowing markings and patches of light around its body, it was nor good nor evil, its giant horns were powerful and could lift mountains. It has giant wings that can disappear at will, its giant hooves and claws could shoot lightning, it had fangs and its body was the size of current New York City.",Main Universe,Monsters,,,,
Chapter Monsters 13.5 Extended,Abyssinian,abyssinian,,Monster,published,This smart talking feline uses its charm to latch onto anyone and then releases spores from its hard fur to control enemies with its seductive tone. It is fast and can camouflage itself to blend with any surface.,Main Universe,Monsters,,,,
Chapter Monsters 13.5 Extended,Adeliguin,adeliguin,,Monster,published,"Adelie Penguin, its smooth body can protect it against harsh climates up in the highest mountains of Aurelia. It uses the ice around it to launch fierce Frozen Type attacks.",Main Universe,Monsters,,,,
Chapter Monsters 13.5 Extended,Affenpinscher,affenpinscher,,Monster,published,Small dog like creatures that uses its thick fur to protect it and other from attacks. Its dark eyes can see deep into the darkness.,Main Universe,Monsters,,,,
Chapter Monsters 13.5 Extended,Akbash,akbash,,Monster,published,Loyal creatures that are found in almost all cities and towns throughout Aurelia. They are by far the largest breed of any Anirelian.,Main Universe,Monsters,,,,
Chapter Monsters 13.5 Extended,Akita,akita,,Monster,published,,Main Universe,Monsters,,,,
Chapter Monsters 13.5 Extended,Alamalamute,alamalamute,,Monster,published,Alaskan Malamute,Main Universe,Monsters,,,,
Chapter Monsters 13.5 Extended,Albatross,albatross,,Monster,published,,Main Universe,Monsters,,,,
Chapter Monsters 13.5 Extended,Aldatoise,aldatoise,,Monster,published,Aldabra Giant Tortoise,Main Universe,Monsters,,,,
Chapter Monsters 13.5 Extended,Gatorwamp,gatorwamp,,Monster,published,Alligator,Main Universe,Monsters,,,,
Chapter Monsters 13.5 Extended,Albracke,albracke,,Monster,published,Alpine Dachsbracke,Main Universe,Monsters,,,,
Chapter Monsters 13.5 Extended,American Bulldog,american-bulldog,,Monster,published,,Main Universe,Monsters,,,,
Chapter Monsters 13.5 Extended,American Cocker Spaniel,american-cocker-spaniel,,Monster,published,,Main Universe,Monsters,,,,
Chapter Monsters 13.5 Extended,American Coonhound,american-coonhound,,Monster,published,,Main Universe,Monsters,,,,
Chapter Monsters 13.5 Extended,American Eskimo Dog,american-eskimo-dog,,Monster,published,,Main Universe,Monsters,,,,
Chapter Monsters 13.5 Extended,American Foxhound,american-foxhound,,Monster,published,,Main Universe,Monsters,,,,
Chapter Monsters 13.5 Extended,American Staffordshire Terrier,american-staffordshire-terrier,,Monster,published,,Main Universe,Monsters,,,,
Chapter Monsters 13.5 Extended,American Water Spaniel,american-water-spaniel,,Monster,published,,Main Universe,Monsters,,,,
Chapter Monsters 13.5 Extended,Anatolian Shepherd Dog,anatolian-shepherd-dog,,Monster,published,,Main Universe,Monsters,,,,
Chapter Monsters 13.5 Extended,Angelfish,angelfish,,Monster,published,,Main Universe,Monsters,,,,
Chapter Monsters 13.5 Extended,Ant,ant,,Monster,published,,Main Universe,Monsters,,,,
Chapter Monsters 13.5 Extended,Anteater,anteater,,Monster,published,,Main Universe,Monsters,,,,
Chapter Monsters 13.5 Extended,Antelope,antelope,,Monster,published,,Main Universe,Monsters,,,,
Chapter Monsters 13.5 Extended,Anu,anu,,Monster,published,Ainu Dog,Main Universe,Monsters,,,,
Chapter Monsters 13.5 Extended,Appenzeller Dog,appenzeller-dog,,Monster,published,,Main Universe,Monsters,,,,
Chapter Monsters 13.5 Extended,Arctic Fox,arctic-fox,,Monster,published,,Main Universe,Monsters,,,,
Chapter Monsters 13.5 Extended,Arctic Hare,arctic-hare,,Monster,published,,Main Universe,Monsters,,,,
Chapter Monsters 13.5 Extended,Arctic Wolf,arctic-wolf,,Monster,published,,Main Universe,Monsters,,,,
Chapter Monsters 13.5 Extended,Armadillo,armadillo,,Monster,published,,Main Universe,Monsters,,,,
Chapter Monsters 13.5 Extended,Asian Elephant,asian-elephant,,Monster,published,,Main Universe,Monsters,,,,
Chapter Monsters 13.5 Extended,Asian Giant Hornet,asian-giant-hornet,,Monster,published,,Main Universe,Monsters,,,,
Chapter Monsters 13.5 Extended,Asian Palm Civet,asian-palm-civet,,Monster,published,,Main Universe,Monsters,,,,
Chapter Monsters 13.5 Extended,Asiatic Black Bear,asiatic-black-bear,,Monster,published,,Main Universe,Monsters,,,,
Chapter Monsters 13.5 Extended,Australian Cattle Dog,australian-cattle-dog,,Monster,published,,Main Universe,Monsters,,,,
Chapter Monsters 13.5 Extended,Australian Kelpie Dog,australian-kelpie-dog,,Monster,published,,Main Universe,Monsters,,,,
Chapter Monsters 13.5 Extended,Australian Mist,australian-mist,,Monster,published,,Main Universe,Monsters,,,,
Chapter Monsters 13.5 Extended,Australian Shepherd,australian-shepherd,,Monster,published,,Main Universe,Monsters,,,,
Chapter Monsters 13.5 Extended,Australian Terrier,australian-terrier,,Monster,published,,Main Universe,Monsters,,,,
Chapter Monsters 13.5 Extended,Avocet,avocet,,Monster,published,,Main Universe,Monsters,,,,
Chapter Monsters 13.5 Extended,Axolotl,axolotl,,Monster,published,,Main Universe,Monsters,,,,
Chapter Monsters 13.5 Extended,Aye Aye,aye-aye,,Monster,published,,Main Universe,Monsters,,,,
Chapter Monsters 13.5 Extended,B,b,,Monster,published,,Main Universe,Monsters,,,,
Chapter Monsters 13.5 Extended,Baboon,baboon,,Monster,published,,Main Universe,Monsters,,,,
Chapter Monsters 13.5 Extended,Bactrian Camel,bactrian-camel,,Monster,published,,Main Universe,Monsters,,,,
Chapter Monsters 13.5 Extended,Badger,badger,,Monster,published,,Main Universe,Monsters,,,,
Chapter Monsters 13.5 Extended,Balinese,balinese,,Monster,published,,Main Universe,Monsters,,,,
Chapter Monsters 13.5 Extended,Banded Palm Civet,banded-palm-civet,,Monster,published,,Main Universe,Monsters,,,,
Chapter Monsters 13.5 Extended,Bandicoot,bandicoot,,Monster,published,,Main Universe,Monsters,,,,
Chapter Monsters 13.5 Extended,Barb,barb,,Monster,published,,Main Universe,Monsters,,,,
Chapter Monsters 13.5 Extended,Barn Owl,barn-owl,,Monster,published,,Main Universe,Monsters,,,,
Chapter Monsters 13.5 Extended,Barnacle,barnacle,,Monster,published,,Main Universe,Monsters,,,,
Chapter Monsters 13.5 Extended,Barracuda,barracuda,,Monster,published,,Main Universe,Monsters,,,,
Chapter Monsters 13.5 Extended,Basenji Dog,basenji-dog,,Monster,published,,Main Universe,Monsters,,,,
Chapter Monsters 13.5 Extended,Basking Shark,basking-shark,,Monster,published,,Main Universe,Monsters,,,,
Chapter Monsters 13.5 Extended,Basset Hound,basset-hound,,Monster,published,,Main Universe,Monsters,,,,
Chapter Monsters 13.5 Extended,Bat,bat,,Monster,published,,Main Universe,Monsters,,,,
Chapter Monsters 13.5 Extended,Bavarian Mountain Hound,bavarian-mountain-hound,,Monster,published,,Main Universe,Monsters,,,,
Chapter Monsters 13.5 Extended,Beagle,beagle,,Monster,published,,Main Universe,Monsters,,,,
Chapter Monsters 13.5 Extended,Bear,bear,,Monster,published,,Main Universe,Monsters,,,,
Chapter Monsters 13.5 Extended,Bearded Collie,bearded-collie,,Monster,published,,Main Universe,Monsters,,,,
Chapter Monsters 13.5 Extended,Bearded Dragon,bearded-dragon,,Monster,published,,Main Universe,Monsters,,,,
Chapter Monsters 13.5 Extended,Beaver,beaver,,Monster,published,,Main Universe,Monsters,,,,
Chapter Monsters 13.5 Extended,Bedlington Terrier,bedlington-terrier,,Monster,published,,Main Universe,Monsters,,,,
Chapter Monsters 13.5 Extended,Beetle,beetle,,Monster,published,,Main Universe,Monsters,,,,
Chapter Monsters 13.5 Extended,Bengal Tiger,bengal-tiger,,Monster,published,,Main Universe,Monsters,,,,
Chapter Monsters 13.5 Extended,Bernese Mountain Dog,bernese-mountain-dog,,Monster,published,,Main Universe,Monsters,,,,
Chapter Monsters 13.5 Extended,Bichon Frise,bichon-frise,,Monster,published,,Main Universe,Monsters,,,,
Chapter Monsters 13.5 Extended,Binturong,binturong,,Monster,published,,Main Universe,Monsters,,,,
Chapter Monsters 13.5 Extended,Bird,bird,,Monster,published,,Main Universe,Monsters,,,,
Chapter Monsters 13.5 Extended,Birds Of Paradise,birds-of-paradise,,Monster,published,,Main Universe,Monsters,,,,
Chapter Monsters 13.5 Extended,Birman,birman,,Monster,published,,Main Universe,Monsters,,,,
Chapter Monsters 13.5 Extended,Bison,bison,,Monster,published,,Main Universe,Monsters,,,,
Chapter Monsters 13.5 Extended,Black Bear,black-bear,,Monster,published,,Main Universe,Monsters,,,,
Chapter Monsters 13.5 Extended,Black Rhinoceros,black-rhinoceros,,Monster,published,,Main Universe,Monsters,,,,
Chapter Monsters 13.5 Extended,Black Russian Terrier,black-russian-terrier,,Monster,published,,Main Universe,Monsters,,,,
Chapter Monsters 13.5 Extended,Black Widow Spider,black-widow-spider,,Monster,published,,Main Universe,Monsters,,,,
Chapter Monsters 13.5 Extended,Bloodhound,bloodhound,,Monster,published,,Main Universe,Monsters,,,,
Chapter Monsters 13.5 Extended,Blue Lacy Dog,blue-lacy-dog,,Monster,published,,Main Universe,Monsters,,,,
Chapter Monsters 13.5 Extended,Blue Whale,blue-whale,,Monster,published,,Main Universe,Monsters,,,,
Chapter Monsters 13.5 Extended,Bluetick Coonhound,bluetick-coonhound,,Monster,published,,Main Universe,Monsters,,,,
Chapter Monsters 13.5 Extended,Bobcat,bobcat,,Monster,published,,Main Universe,Monsters,,,,
Chapter Monsters 13.5 Extended,Bolognese Dog,bolognese-dog,,Monster,published,,Main Universe,Monsters,,,,
Chapter Monsters 13.5 Extended,Bombay,bombay,,Monster,published,,Main Universe,Monsters,,,,
Chapter Monsters 13.5 Extended,Bongo,bongo,,Monster,published,,Main Universe,Monsters,,,,
Chapter Monsters 13.5 Extended,Bonobo,bonobo,,Monster,published,,Main Universe,Monsters,,,,
Chapter Monsters 13.5 Extended,Booby,booby,,Monster,published,,Main Universe,Monsters,,,,
Chapter Monsters 13.5 Extended,Border Collie,border-collie,,Monster,published,,Main Universe,Monsters,,,,
Chapter Monsters 13.5 Extended,Border Terrier,border-terrier,,Monster,published,,Main Universe,Monsters,,,,
Chapter Monsters 13.5 Extended,Bornean Orang-utan,bornean-orang-utan,,Monster,published,,Main Universe,Monsters,,,,
Chapter Monsters 13.5 Extended,Borneo Elephant,borneo-elephant,,Monster,published,,Main Universe,Monsters,,,,
Chapter Monsters 13.5 Extended,Boston Terrier,boston-terrier,,Monster,published,,Main Universe,Monsters,,,,
Chapter Monsters 13.5 Extended,Bottle Nosed Dolphin,bottle-nosed-dolphin,,Monster,published,,Main Universe,Monsters,,,,
Chapter Monsters 13.5 Extended,Boxer Dog,boxer-dog,,Monster,published,,Main Universe,Monsters,,,,
Chapter Monsters 13.5 Extended,Boykin Spaniel,boykin-spaniel,,Monster,published,,Main Universe,Monsters,,,,
Chapter Monsters 13.5 Extended,Brazilian Terrier,brazilian-terrier,,Monster,published,,Main Universe,Monsters,,,,
Chapter Monsters 13.5 Extended,Brown Bear,brown-bear,,Monster,published,,Main Universe,Monsters,,,,
Chapter Monsters 13.5 Extended,Budgerigar,budgerigar,,Monster,published,,Main Universe,Monsters,,,,
Chapter Monsters 13.5 Extended,Buffalo,buffalo,,Monster,published,,Main Universe,Monsters,,,,
Chapter Monsters 13.5 Extended,Bull Mastiff,bull-mastiff,,Monster,published,,Main Universe,Monsters,,,,
Chapter Monsters 13.5 Extended,Bull Terrier,bull-terrier,,Monster,published,,Main Universe,Monsters,,,,
Chapter Monsters 13.5 Extended,Bulldog,bulldog,,Monster,published,,Main Universe,Monsters,,,,
Chapter Monsters 13.5 Extended,Bullfrog,bullfrog,,Monster,published,,Main Universe,Monsters,,,,
Chapter Monsters 13.5 Extended,Bumble Bee,bumble-bee,,Monster,published,,Main Universe,Monsters,,,,
Chapter Monsters 13.5 Extended,Buphant,buphant,,Monster,published,African Bush Elephant,Main Universe,Monsters,,,,
Chapter Monsters 13.5 Extended,Burmese,burmese,,Monster,published,,Main Universe,Monsters,,,,
Chapter Monsters 13.5 Extended,Burrowing Frog,burrowing-frog,,Monster,published,,Main Universe,Monsters,,,,
Chapter Monsters 13.5 Extended,Bastelifly,bastelifly,,Monster,published,"Butterfly, sweet and harmless looking butterfly that releases spores when touched that can kill or paralyze opponents instantly.",Main Universe,Monsters,,,,
Chapter Monsters 13.5 Extended,Buttish,buttish,,Monster,published,"Butterfly Fish, small harmless fish that has wings of a butterfly and glows with rainbow like strings wrapped around its body. It uses stingers attached to its lower wings to catch preys.",Main Universe,Monsters,,,,
Chapter Monsters 13.5 Extended,C,c,,Monster,published,,Main Universe,Monsters,,,,
Chapter Monsters 13.5 Extended,Caiman Lizard,caiman-lizard,,Monster,published,,Main Universe,Monsters,,,,
Chapter Monsters 13.5 Extended,Cairn Terrier,cairn-terrier,,Monster,published,,Main Universe,Monsters,,,,
Chapter Monsters 13.5 Extended,Camel,camel,,Monster,published,,Main Universe,Monsters,,,,
Chapter Monsters 13.5 Extended,Canaan Dog,canaan-dog,,Monster,published,,Main Universe,Monsters,,,,
Chapter Monsters 13.5 Extended,Canvet,canvet,,Monster,published,African Civet,Main Universe,Monsters,,,,
Chapter Monsters 13.5 Extended,Capybara,capybara,,Monster,published,,Main Universe,Monsters,,,,
Chapter Monsters 13.5 Extended,Caracal,caracal,,Monster,published,,Main Universe,Monsters,,,,
Chapter Monsters 13.5 Extended,Carolina Dog,carolina-dog,,Monster,published,,Main Universe,Monsters,,,,
Chapter Monsters 13.5 Extended,Cassowary,cassowary,,Monster,published,,Main Universe,Monsters,,,,
Chapter Monsters 13.5 Extended,Cat,cat,,Monster,published,,Main Universe,Monsters,,,,
Chapter Monsters 13.5 Extended,Caterpillar,caterpillar,,Monster,published,,Main Universe,Monsters,,,,
Chapter Monsters 13.5 Extended,Catfish,catfish,,Monster,published,,Main Universe,Monsters,,,,
Chapter Monsters 13.5 Extended,Cavalier King Charles Spaniel,cavalier-king-charles-spaniel,,Monster,published,,Main Universe,Monsters,,,,
Chapter Monsters 13.5 Extended,Centipede,centipede,,Monster,published,,Main Universe,Monsters,,,,
Chapter Monsters 13.5 Extended,Cesky Fousek,cesky-fousek,,Monster,published,,Main Universe,Monsters,,,,
Chapter Monsters 13.5 Extended,Chameleon,chameleon,,Monster,published,,Main Universe,Monsters,,,,
Chapter Monsters 13.5 Extended,Chamois,chamois,,Monster,published,,Main Universe,Monsters,,,,
Chapter Monsters 13.5 Extended,Cheetah,cheetah,,Monster,published,,Main Universe,Monsters,,,,
Chapter Monsters 13.5 Extended,Chesapeake Bay Retriever,chesapeake-bay-retriever,,Monster,published,,Main Universe,Monsters,,,,
Chapter Monsters 13.5 Extended,Chicken,chicken,,Monster,published,,Main Universe,Monsters,,,,
Chapter Monsters 13.5 Extended,Chihuahua,chihuahua,,Monster,published,,Main Universe,Monsters,,,,
Chapter Monsters 13.5 Extended,Chimpanzee,chimpanzee,,Monster,published,,Main Universe,Monsters,,,,
Chapter Monsters 13.5 Extended,Chinchilla,chinchilla,,Monster,published,,Main Universe,Monsters,,,,
Chapter Monsters 13.5 Extended,Chinese Crested Dog,chinese-crested-dog,,Monster,published,,Main Universe,Monsters,,,,
Chapter Monsters 13.5 Extended,Chinook,chinook,,Monster,published,,Main Universe,Monsters,,,,
Chapter Monsters 13.5 Extended,Chinstrap Penguin,chinstrap-penguin,,Monster,published,,Main Universe,Monsters,,,,
Chapter Monsters 13.5 Extended,Chipmunk,chipmunk,,Monster,published,,Main Universe,Monsters,,,,
Chapter Monsters 13.5 Extended,Chow Chow,chow-chow,,Monster,published,,Main Universe,Monsters,,,,
Chapter Monsters 13.5 Extended,Cichlid,cichlid,,Monster,published,,Main Universe,Monsters,,,,
Chapter Monsters 13.5 Extended,Clawedrog,clawedrog,,Monster,published,African Clawed Frog,Main Universe,Monsters,,,,
Chapter Monsters 13.5 Extended,Clouded Leopard,clouded-leopard,,Monster,published,,Main Universe,Monsters,,,,
Chapter Monsters 13.5 Extended,Clown Fish,clown-fish,,Monster,published,,Main Universe,Monsters,,,,
Chapter Monsters 13.5 Extended,Clumber Spaniel,clumber-spaniel,,Monster,published,,Main Universe,Monsters,,,,
Chapter Monsters 13.5 Extended,Coati,coati,,Monster,published,,Main Universe,Monsters,,,,
Chapter Monsters 13.5 Extended,Cockroach,cockroach,,Monster,published,,Main Universe,Monsters,,,,
Chapter Monsters 13.5 Extended,Collared Peccary,collared-peccary,,Monster,published,,Main Universe,Monsters,,,,
Chapter Monsters 13.5 Extended,Collie,collie,,Monster,published,,Main Universe,Monsters,,,,
Chapter Monsters 13.5 Extended,Common Buzzard,common-buzzard,,Monster,published,,Main Universe,Monsters,,,,
Chapter Monsters 13.5 Extended,Common Frog,common-frog,,Monster,published,,Main Universe,Monsters,,,,
Chapter Monsters 13.5 Extended,Common Loon,common-loon,,Monster,published,,Main Universe,Monsters,,,,
Chapter Monsters 13.5 Extended,Common Toad,common-toad,,Monster,published,,Main Universe,Monsters,,,,
Chapter Monsters 13.5 Extended,Coral,coral,,Monster,published,,Main Universe,Monsters,,,,
Chapter Monsters 13.5 Extended,Cottontop Tamarin,cottontop-tamarin,,Monster,published,,Main Universe,Monsters,,,,
Chapter Monsters 13.5 Extended,Cougar,cougar,,Monster,published,,Main Universe,Monsters,,,,
Chapter Monsters 13.5 Extended,Cow,cow,,Monster,published,,Main Universe,Monsters,,,,
Chapter Monsters 13.5 Extended,Coyote,coyote,,Monster,published,,Main Universe,Monsters,,,,
Chapter Monsters 13.5 Extended,Crab,crab,,Monster,published,,Main Universe,Monsters,,,,
Chapter Monsters 13.5 Extended,Crab-Eating Macaque,crab-eating-macaque,,Monster,published,,Main Universe,Monsters,,,,
Chapter Monsters 13.5 Extended,Crane,crane,,Monster,published,,Main Universe,Monsters,,,,
Chapter Monsters 13.5 Extended,Crested Penguin,crested-penguin,,Monster,published,,Main Universe,Monsters,,,,
Chapter Monsters 13.5 Extended,Crocodile,crocodile,,Monster,published,,Main Universe,Monsters,,,,
Chapter Monsters 13.5 Extended,Cross River Gorilla,cross-river-gorilla,,Monster,published,,Main Universe,Monsters,,,,
Chapter Monsters 13.5 Extended,Curly Coated Retriever,curly-coated-retriever,,Monster,published,,Main Universe,Monsters,,,,
Chapter Monsters 13.5 Extended,Cuscus,cuscus,,Monster,published,,Main Universe,Monsters,,,,
Chapter Monsters 13.5 Extended,Cuttlefish,cuttlefish,,Monster,published,,Main Universe,Monsters,,,,
Chapter Monsters 13.5 Extended,D,d,,Monster,published,,Main Universe,Monsters,,,,
Chapter Monsters 13.5 Extended,Dachshund,dachshund,,Monster,published,,Main Universe,Monsters,,,,
Chapter Monsters 13.5 Extended,Dalmatian,dalmatian,,Monster,published,,Main Universe,Monsters,,,,
Chapter Monsters 13.5 Extended,Darwin's Frog,darwins-frog,,Monster,published,,Main Universe,Monsters,,,,
Chapter Monsters 13.5 Extended,Deer,deer,,Monster,published,,Main Universe,Monsters,,,,
Chapter Monsters 13.5 Extended,Desert Tortoise,desert-tortoise,,Monster,published,,Main Universe,Monsters,,,,
Chapter Monsters 13.5 Extended,Deutsche Bracke,deutsche-bracke,,Monster,published,,Main Universe,Monsters,,,,
Chapter Monsters 13.5 Extended,Dhole,dhole,,Monster,published,,Main Universe,Monsters,,,,
Chapter Monsters 13.5 Extended,Dingo,dingo,,Monster,published,,Main Universe,Monsters,,,,
Chapter Monsters 13.5 Extended,Discus,discus,,Monster,published,,Main Universe,Monsters,,,,
Chapter Monsters 13.5 Extended,Doberman Pinscher,doberman-pinscher,,Monster,published,,Main Universe,Monsters,,,,
Chapter Monsters 13.5 Extended,Dodabare,dodabare,,Monster,published,"A dodo bird whose body is hidden underground. Its long neck and beak can be used to grab things high from trees. Very few people have ever seen its lower body, because of this it is usually pictured as just a neck with a head and connected feathers from its head.",Main Universe,Monsters,,,,
Chapter Monsters 13.5 Extended,Doglidare,doglidare,,Monster,published,A loyal hound that will connect with its battler from birth and remain with him until death. It uses its long tail to wrap around objects it cares about.,Main Universe,Monsters,,,,
Chapter Monsters 13.5 Extended,Dogo Argentino,dogo-argentino,,Monster,published,,Main Universe,Monsters,,,,
Chapter Monsters 13.5 Extended,Dogue De Bordeaux,dogue-de-bordeaux,,Monster,published,,Main Universe,Monsters,,,,
Chapter Monsters 13.5 Extended,Dolphin,dolphin,,Monster,published,,Main Universe,Monsters,,,,
Chapter Monsters 13.5 Extended,Donkey,donkey,,Monster,published,,Main Universe,Monsters,,,,
Chapter Monsters 13.5 Extended,Dormouse,dormouse,,Monster,published,,Main Universe,Monsters,,,,
Chapter Monsters 13.5 Extended,Dragonfly,dragonfly,,Monster,published,,Main Universe,Monsters,,,,
Chapter Monsters 13.5 Extended,Drever,drever,,Monster,published,,Main Universe,Monsters,,,,
Chapter Monsters 13.5 Extended,Duck,duck,,Monster,published,,Main Universe,Monsters,,,,
Chapter Monsters 13.5 Extended,Dugong,dugong,,Monster,published,,Main Universe,Monsters,,,,
Chapter Monsters 13.5 Extended,Dunker,dunker,,Monster,published,,Main Universe,Monsters,,,,
Chapter Monsters 13.5 Extended,Dusky Dolphin,dusky-dolphin,,Monster,published,,Main Universe,Monsters,,,,
Chapter Monsters 13.5 Extended,Dwarf Crocodile,dwarf-crocodile,,Monster,published,,Main Universe,Monsters,,,,
Chapter Monsters 13.5 Extended,E,e,,Monster,published,,Main Universe,Monsters,,,,
Chapter Monsters 13.5 Extended,Eagle,eagle,,Monster,published,,Main Universe,Monsters,,,,
Chapter Monsters 13.5 Extended,Earwig,earwig,,Monster,published,,Main Universe,Monsters,,,,
Chapter Monsters 13.5 Extended,Eastern Gorilla,eastern-gorilla,,Monster,published,,Main Universe,Monsters,,,,
Chapter Monsters 13.5 Extended,Eastern Lowland Gorilla,eastern-lowland-gorilla,,Monster,published,,Main Universe,Monsters,,,,
Chapter Monsters 13.5 Extended,Echidna,echidna,,Monster,published,,Main Universe,Monsters,,,,
Chapter Monsters 13.5 Extended,Edible Frog,edible-frog,,Monster,published,,Main Universe,Monsters,,,,
Chapter Monsters 13.5 Extended,Egyptian Mau,egyptian-mau,,Monster,published,,Main Universe,Monsters,,,,
Chapter Monsters 13.5 Extended,Electric Eel,electric-eel,,Monster,published,,Main Universe,Monsters,,,,
Chapter Monsters 13.5 Extended,Elephant,elephant,,Monster,published,,Main Universe,Monsters,,,,
Chapter Monsters 13.5 Extended,Elephant Seal,elephant-seal,,Monster,published,,Main Universe,Monsters,,,,
Chapter Monsters 13.5 Extended,Elephant Shrew,elephant-shrew,,Monster,published,,Main Universe,Monsters,,,,
Chapter Monsters 13.5 Extended,Emperor Penguin,emperor-penguin,,Monster,published,,Main Universe,Monsters,,,,
Chapter Monsters 13.5 Extended,Emperor Tamarin,emperor-tamarin,,Monster,published,,Main Universe,Monsters,,,,
Chapter Monsters 13.5 Extended,Emu,emu,,Monster,published,,Main Universe,Monsters,,,,
Chapter Monsters 13.5 Extended,English Cocker Spaniel,english-cocker-spaniel,,Monster,published,,Main Universe,Monsters,,,,
Chapter Monsters 13.5 Extended,English Shepherd,english-shepherd,,Monster,published,,Main Universe,Monsters,,,,
Chapter Monsters 13.5 Extended,English Springer Spaniel,english-springer-spaniel,,Monster,published,,Main Universe,Monsters,,,,
Chapter Monsters 13.5 Extended,Entlebucher Mountain Dog,entlebucher-mountain-dog,,Monster,published,,Main Universe,Monsters,,,,
Chapter Monsters 13.5 Extended,Epagneul Pont Audemer,epagneul-pont-audemer,,Monster,published,,Main Universe,Monsters,,,,
Chapter Monsters 13.5 Extended,Eskimo Dog,eskimo-dog,,Monster,published,,Main Universe,Monsters,,,,
Chapter Monsters 13.5 Extended,Estrela Mountain Dog,estrela-mountain-dog,,Monster,published,,Main Universe,Monsters,,,,
Chapter Monsters 13.5 Extended,F,f,,Monster,published,,Main Universe,Monsters,,,,
Chapter Monsters 13.5 Extended,Falcon,falcon,,Monster,published,,Main Universe,Monsters,,,,
Chapter Monsters 13.5 Extended,Fennec Fox,fennec-fox,,Monster,published,,Main Universe,Monsters,,,,
Chapter Monsters 13.5 Extended,Ferret,ferret,,Monster,published,,Main Universe,Monsters,,,,
Chapter Monsters 13.5 Extended,Field Spaniel,field-spaniel,,Monster,published,,Main Universe,Monsters,,,,
Chapter Monsters 13.5 Extended,Fin Whale,fin-whale,,Monster,published,,Main Universe,Monsters,,,,
Chapter Monsters 13.5 Extended,Finnish Spitz,finnish-spitz,,Monster,published,,Main Universe,Monsters,,,,
Chapter Monsters 13.5 Extended,Fire-Bellied Toad,fire-bellied-toad,,Monster,published,,Main Universe,Monsters,,,,
Chapter Monsters 13.5 Extended,Fish,fish,,Monster,published,,Main Universe,Monsters,,,,
Chapter Monsters 13.5 Extended,Fishing Cat,fishing-cat,,Monster,published,,Main Universe,Monsters,,,,
Chapter Monsters 13.5 Extended,Flamingo,flamingo,,Monster,published,,Main Universe,Monsters,,,,
Chapter Monsters 13.5 Extended,Flat Coat Retriever,flat-coat-retriever,,Monster,published,,Main Universe,Monsters,,,,
Chapter Monsters 13.5 Extended,Flounder,flounder,,Monster,published,,Main Universe,Monsters,,,,
Chapter Monsters 13.5 Extended,Fly,fly,,Monster,published,,Main Universe,Monsters,,,,
Chapter Monsters 13.5 Extended,Flying Squirrel,flying-squirrel,,Monster,published,,Main Universe,Monsters,,,,
Chapter Monsters 13.5 Extended,Forest Elephant,forest-elephant,,Monster,published,African Forest Elephant,Main Universe,Monsters,,,,
Chapter Monsters 13.5 Extended,Fossa,fossa,,Monster,published,,Main Universe,Monsters,,,,
Chapter Monsters 13.5 Extended,Fox,fox,,Monster,published,,Main Universe,Monsters,,,,
Chapter Monsters 13.5 Extended,Fox Terrier,fox-terrier,,Monster,published,,Main Universe,Monsters,,,,
Chapter Monsters 13.5 Extended,French Bulldog,french-bulldog,,Monster,published,,Main Universe,Monsters,,,,
Chapter Monsters 13.5 Extended,Frigatebird,frigatebird,,Monster,published,,Main Universe,Monsters,,,,
Chapter Monsters 13.5 Extended,Frilled Lizard,frilled-lizard,,Monster,published,,Main Universe,Monsters,,,,
Chapter Monsters 13.5 Extended,Frog,frog,,Monster,published,,Main Universe,Monsters,,,,
Chapter Monsters 13.5 Extended,Fur Seal,fur-seal,,Monster,published,,Main Universe,Monsters,,,,
Chapter Monsters 13.5 Extended,G,g,,Monster,published,,Main Universe,Monsters,,,,
Chapter Monsters 13.5 Extended,Galapagos Penguin,galapagos-penguin,,Monster,published,,Main Universe,Monsters,,,,
Chapter Monsters 13.5 Extended,Galapagos Tortoise,galapagos-tortoise,,Monster,published,,Main Universe,Monsters,,,,
Chapter Monsters 13.5 Extended,Gar,gar,,Monster,published,,Main Universe,Monsters,,,,
Chapter Monsters 13.5 Extended,Gecko,gecko,,Monster,published,,Main Universe,Monsters,,,,
Chapter Monsters 13.5 Extended,Gentoo Penguin,gentoo-penguin,,Monster,published,,Main Universe,Monsters,,,,
Chapter Monsters 13.5 Extended,Geoffroys Tamarin,geoffroys-tamarin,,Monster,published,,Main Universe,Monsters,,,,
Chapter Monsters 13.5 Extended,Guboriloo,guboriloo,,Monster,published,"Gerbil, its small body can conduct about a power plant worth of electricity each time it rubs its tail against a static like surface.",Main Universe,Monsters,,,,
Chapter Monsters 13.5 Extended,German Pinscher,german-pinscher,,Monster,published,,Main Universe,Monsters,,,,
Chapter Monsters 13.5 Extended,German Shepherd,german-shepherd,,Monster,published,,Main Universe,Monsters,,,,
Chapter Monsters 13.5 Extended,Gharial,gharial,,Monster,published,,Main Universe,Monsters,,,,
Chapter Monsters 13.5 Extended,Giant African Land Snail,giant-african-land-snail,,Monster,published,,Main Universe,Monsters,,,,
Chapter Monsters 13.5 Extended,Jigantaclam,jigantaclam,,Monster,published,"Giant Clam, its large clam like body produces light that light sailors across the dark sea. Its small orb like body glows bright when it is ready to attack.",Main Universe,Monsters,,,,
Chapter Monsters 13.5 Extended,Giant Panda Bear,giant-panda-bear,,Monster,published,,Main Universe,Monsters,,,,
Chapter Monsters 13.5 Extended,Giant Schnauzer,giant-schnauzer,,Monster,published,,Main Universe,Monsters,,,,
Chapter Monsters 13.5 Extended,Gibbon,gibbon,,Monster,published,,Main Universe,Monsters,,,,
Chapter Monsters 13.5 Extended,Gila Monster,gila-monster,,Monster,published,,Main Universe,Monsters,,,,
Chapter Monsters 13.5 Extended,Nightmarig,nightmarig,,Monster,published,"Giraffe, using its piercing deep eyes, it can use the lines around its body to hypnotize others and even control their dreams with its tail using the face like object that smiles when it is in someone’s dreams and frowns when it is in someone’s nightmares.",Main Universe,Monsters,,,,
Chapter Monsters 13.5 Extended,Glassizard,glassizard,,Monster,published,"Glass Lizard, a lizard made up of glass that can reflect any type of attack. Its large flat tail is used to repel poison and its large glowing eyes can block mental attacks.",Main Universe,Monsters,,,,
Chapter Monsters 13.5 Extended,Glerm,glerm,,Monster,published,"Glow Worm, intelligent glowing worms that holds the knowledge of almost any region, however they live under the ground and dig cities beneath cities. Using their intelligence they have been known to be assistance to many leaders throughout the world.",Main Universe,Monsters,,,,
Chapter Monsters 13.5 Extended,Summarohn,summarohn,,Monster,published,"Goat, its golden pulled back horns were once used to make gold across Aurelia. Its large hooves can stomp through a hard force with ease.",Main Universe,Monsters,,,,
Chapter Monsters 13.5 Extended,Golden Lion Tamarin,golden-lion-tamarin,,Monster,published,,Main Universe,Monsters,,,,
Chapter Monsters 13.5 Extended,Golden Oriole,golden-oriole,,Monster,published,,Main Universe,Monsters,,,,
Chapter Monsters 13.5 Extended,Localus,localus,,Monster,published,"Golden Retriever, one of the most common creatures throughout Aurelia. Usually found rounding up numerous wild creatures in the plains of Aurelia. Loyal to their deaths, they can locate anything anywhere and at anytime with little to no scent. Using the charms around its neck it is protected against all known spells.",Main Universe,Monsters,,,,
Chapter Monsters 13.5 Extended,Luckiloose,luckiloose,,Monster,published,"Goose, considered luckily because of its shedding fur coats that light up like a rainbow when it gets wet. This creature are found in hoards and can usually seen singing sweet lullabies to smaller creatures near it.",Main Universe,Monsters,,,,
Chapter Monsters 13.5 Extended,Littel,littel,,Monster,published,"Gopher, these small creatures aren’t very powerful and only know one attack “Earth Smear” but they are found in groups of thousands ranging from different sizes, shapes, and colors. They sometimes can even speak normal language if taught.",Main Universe,Monsters,,,,
Chapter Monsters 13.5 Extended,Jungalape,jungalape,,Monster,published,"Primeape, smaller versions of Kingolus that move and act to its every command. They worship their king to the point of doing anything it wants. They grown in size when angered and is shielded by armor made from the earth. Their brisk bodies can also shrink in size to multiply themselves when under attack.",Main Universe,Monsters,,,,
Chapter Monsters 13.5 Extended,Kingolus,kingolus,,Monster,published,"Gorilla, massive in size, it wears a crown made up of crystal and hard mud. Its body is rough and hard as a diamond shell. Once a ruler of the primal jungles of Aurelia, Kingolus lost most of its power when new cities threatened its kingdom.",Main Universe,Monsters,,,,
Chapter Monsters 13.5 Extended,Grasshopper,grasshopper,,Monster,published,,Main Universe,Monsters,,,,
Chapter Monsters 13.5 Extended,Great Dane,great-dane,,Monster,published,,Main Universe,Monsters,,,,
Chapter Monsters 13.5 Extended,Great White Shark,great-white-shark,,Monster,published,,Main Universe,Monsters,,,,
Chapter Monsters 13.5 Extended,Greater Swiss Mountain Dog,greater-swiss-mountain-dog,,Monster,published,,Main Universe,Monsters,,,,
Chapter Monsters 13.5 Extended,Green Bee-Eater,green-bee-eater,,Monster,published,,Main Universe,Monsters,,,,
Chapter Monsters 13.5 Extended,Greenland Dog,greenland-dog,,Monster,published,,Main Universe,Monsters,,,,
Chapter Monsters 13.5 Extended,Grey Mouse Lemur,grey-mouse-lemur,,Monster,published,,Main Universe,Monsters,,,,
Chapter Monsters 13.5 Extended,Grey Reef Shark,grey-reef-shark,,Monster,published,,Main Universe,Monsters,,,,
Chapter Monsters 13.5 Extended,Grey Seal,grey-seal,,Monster,published,,Main Universe,Monsters,,,,
Chapter Monsters 13.5 Extended,Greyhound,greyhound,,Monster,published,,Main Universe,Monsters,,,,
Chapter Monsters 13.5 Extended,Grizzly Bear,grizzly-bear,,Monster,published,,Main Universe,Monsters,,,,
Chapter Monsters 13.5 Extended,Grouse,grouse,,Monster,published,,Main Universe,Monsters,,,,
Chapter Monsters 13.5 Extended,Guinea Fowl,guinea-fowl,,Monster,published,,Main Universe,Monsters,,,,
Chapter Monsters 13.5 Extended,Guinea Pig,guinea-pig,,Monster,published,,Main Universe,Monsters,,,,
Chapter Monsters 13.5 Extended,Guppy,guppy,,Monster,published,,Main Universe,Monsters,,,,
Chapter Monsters 13.5 Extended,H,h,,Monster,published,,Main Universe,Monsters,,,,
Chapter Monsters 13.5 Extended,Hammerhead Shark,hammerhead-shark,,Monster,published,,Main Universe,Monsters,,,,
Chapter Monsters 13.5 Extended,Hamster,hamster,,Monster,published,,Main Universe,Monsters,,,,
Chapter Monsters 13.5 Extended,Hanhound,hanhound,,Monster,published,Afghan Hound,Main Universe,Monsters,,,,
Chapter Monsters 13.5 Extended,Hare,hare,,Monster,published,,Main Universe,Monsters,,,,
Chapter Monsters 13.5 Extended,Harrier,harrier,,Monster,published,,Main Universe,Monsters,,,,
Chapter Monsters 13.5 Extended,Havanese,havanese,,Monster,published,,Main Universe,Monsters,,,,
Chapter Monsters 13.5 Extended,Hedgehog,hedgehog,,Monster,published,,Main Universe,Monsters,,,,
Chapter Monsters 13.5 Extended,Hercules Beetle,hercules-beetle,,Monster,published,,Main Universe,Monsters,,,,
Chapter Monsters 13.5 Extended,Hermit Crab,hermit-crab,,Monster,published,,Main Universe,Monsters,,,,
Chapter Monsters 13.5 Extended,Heron,heron,,Monster,published,,Main Universe,Monsters,,,,
Chapter Monsters 13.5 Extended,Highland Cattle,highland-cattle,,Monster,published,,Main Universe,Monsters,,,,
Chapter Monsters 13.5 Extended,Himalayan,himalayan,,Monster,published,,Main Universe,Monsters,,,,
Chapter Monsters 13.5 Extended,Hippopotamus,hippopotamus,,Monster,published,,Main Universe,Monsters,,,,
Chapter Monsters 13.5 Extended,Honey Bee,honey-bee,,Monster,published,,Main Universe,Monsters,,,,
Chapter Monsters 13.5 Extended,Horn Shark,horn-shark,,Monster,published,,Main Universe,Monsters,,,,
Chapter Monsters 13.5 Extended,Horned Frog,horned-frog,,Monster,published,,Main Universe,Monsters,,,,
Chapter Monsters 13.5 Extended,Horse,horse,,Monster,published,,Main Universe,Monsters,,,,
Chapter Monsters 13.5 Extended,Horseshoe Crab,horseshoe-crab,,Monster,published,,Main Universe,Monsters,,,,
Chapter Monsters 13.5 Extended,Howler Monkey,howler-monkey,,Monster,published,,Main Universe,Monsters,,,,
Chapter Monsters 13.5 Extended,Human,human,,Monster,published,,Main Universe,Monsters,,,,
Chapter Monsters 13.5 Extended,Humboldt Penguin,humboldt-penguin,,Monster,published,,Main Universe,Monsters,,,,
Chapter Monsters 13.5 Extended,Hummingbird,hummingbird,,Monster,published,,Main Universe,Monsters,,,,
Chapter Monsters 13.5 Extended,Humpback Whale,humpback-whale,,Monster,published,,Main Universe,Monsters,,,,
Chapter Monsters 13.5 Extended,Hyena,hyena,,Monster,published,,Main Universe,Monsters,,,,
Chapter Monsters 13.5 Extended,I,i,,Monster,published,,Main Universe,Monsters,,,,
Chapter Monsters 13.5 Extended,Ibis,ibis,,Monster,published,,Main Universe,Monsters,,,,
Chapter Monsters 13.5 Extended,Ibizan Hound,ibizan-hound,,Monster,published,,Main Universe,Monsters,,,,
Chapter Monsters 13.5 Extended,Iguana,iguana,,Monster,published,,Main Universe,Monsters,,,,
Chapter Monsters 13.5 Extended,Impala,impala,,Monster,published,,Main Universe,Monsters,,,,
Chapter Monsters 13.5 Extended,Indian Elephant,indian-elephant,,Monster,published,,Main Universe,Monsters,,,,
Chapter Monsters 13.5 Extended,Indian Palm Squirrel,indian-palm-squirrel,,Monster,published,,Main Universe,Monsters,,,,
Chapter Monsters 13.5 Extended,Indian Rhinoceros,indian-rhinoceros,,Monster,published,,Main Universe,Monsters,,,,
Chapter Monsters 13.5 Extended,Indian Star Tortoise,indian-star-tortoise,,Monster,published,,Main Universe,Monsters,,,,
Chapter Monsters 13.5 Extended,Indochinese Tiger,indochinese-tiger,,Monster,published,,Main Universe,Monsters,,,,
Chapter Monsters 13.5 Extended,Indri,indri,,Monster,published,,Main Universe,Monsters,,,,
Chapter Monsters 13.5 Extended,Insect,insect,,Monster,published,,Main Universe,Monsters,,,,
Chapter Monsters 13.5 Extended,Irish Setter,irish-setter,,Monster,published,,Main Universe,Monsters,,,,
Chapter Monsters 13.5 Extended,Irish WolfHound,irish-wolfhound,,Monster,published,,Main Universe,Monsters,,,,
Chapter Monsters 13.5 Extended,J,j,,Monster,published,,Main Universe,Monsters,,,,
Chapter Monsters 13.5 Extended,Jack Russel,jack-russel,,Monster,published,,Main Universe,Monsters,,,,
Chapter Monsters 13.5 Extended,Jackal,jackal,,Monster,published,,Main Universe,Monsters,,,,
Chapter Monsters 13.5 Extended,Jaguar,jaguar,,Monster,published,,Main Universe,Monsters,,,,
Chapter Monsters 13.5 Extended,Japanese Chin,japanese-chin,,Monster,published,,Main Universe,Monsters,,,,
Chapter Monsters 13.5 Extended,Japanese Macaque,japanese-macaque,,Monster,published,,Main Universe,Monsters,,,,
Chapter Monsters 13.5 Extended,Javan Rhinoceros,javan-rhinoceros,,Monster,published,,Main Universe,Monsters,,,,
Chapter Monsters 13.5 Extended,Javanese,javanese,,Monster,published,,Main Universe,Monsters,,,,
Chapter Monsters 13.5 Extended,Jellyfish,jellyfish,,Monster,published,,Main Universe,Monsters,,,,
Chapter Monsters 13.5 Extended,K,k,,Monster,published,,Main Universe,Monsters,,,,
Chapter Monsters 13.5 Extended,Kakapo,kakapo,,Monster,published,,Main Universe,Monsters,,,,
Chapter Monsters 13.5 Extended,Kangaroo,kangaroo,,Monster,published,,Main Universe,Monsters,,,,
Chapter Monsters 13.5 Extended,Keel Billed Toucan,keel-billed-toucan,,Monster,published,,Main Universe,Monsters,,,,
Chapter Monsters 13.5 Extended,Killer Whale,killer-whale,,Monster,published,,Main Universe,Monsters,,,,
Chapter Monsters 13.5 Extended,King Crab,king-crab,,Monster,published,,Main Universe,Monsters,,,,
Chapter Monsters 13.5 Extended,King Penguin,king-penguin,,Monster,published,,Main Universe,Monsters,,,,
Chapter Monsters 13.5 Extended,Kingfisher,kingfisher,,Monster,published,,Main Universe,Monsters,,,,
Chapter Monsters 13.5 Extended,Kiwi,kiwi,,Monster,published,,Main Universe,Monsters,,,,
Chapter Monsters 13.5 Extended,Koala,koala,,Monster,published,,Main Universe,Monsters,,,,
Chapter Monsters 13.5 Extended,Komodo Dragon,komodo-dragon,,Monster,published,,Main Universe,Monsters,,,,
Chapter Monsters 13.5 Extended,Kudu,kudu,,Monster,published,,Main Universe,Monsters,,,,
Chapter Monsters 13.5 Extended,L,l,,Monster,published,,Main Universe,Monsters,,,,
Chapter Monsters 13.5 Extended,Labradoodle,labradoodle,,Monster,published,,Main Universe,Monsters,,,,
Chapter Monsters 13.5 Extended,Labrador Retriever,labrador-retriever,,Monster,published,,Main Universe,Monsters,,,,
Chapter Monsters 13.5 Extended,Ladybird,ladybird,,Monster,published,,Main Universe,Monsters,,,,
Chapter Monsters 13.5 Extended,Leaf-Tailed Gecko,leaf-tailed-gecko,,Monster,published,,Main Universe,Monsters,,,,
Chapter Monsters 13.5 Extended,Lemming,lemming,,Monster,published,,Main Universe,Monsters,,,,
Chapter Monsters 13.5 Extended,Lemur,lemur,,Monster,published,,Main Universe,Monsters,,,,
Chapter Monsters 13.5 Extended,Leopard,leopard,,Monster,published,,Main Universe,Monsters,,,,
Chapter Monsters 13.5 Extended,Leopard Cat,leopard-cat,,Monster,published,,Main Universe,Monsters,,,,
Chapter Monsters 13.5 Extended,Leopard Seal,leopard-seal,,Monster,published,,Main Universe,Monsters,,,,
Chapter Monsters 13.5 Extended,Leopard Tortoise,leopard-tortoise,,Monster,published,,Main Universe,Monsters,,,,
Chapter Monsters 13.5 Extended,Liger,liger,,Monster,published,,Main Universe,Monsters,,,,
Chapter Monsters 13.5 Extended,Lion,lion,,Monster,published,,Main Universe,Monsters,,,,
Chapter Monsters 13.5 Extended,Lionfish,lionfish,,Monster,published,,Main Universe,Monsters,,,,
Chapter Monsters 13.5 Extended,Little Penguin,little-penguin,,Monster,published,,Main Universe,Monsters,,,,
Chapter Monsters 13.5 Extended,Lizard,lizard,,Monster,published,,Main Universe,Monsters,,,,
Chapter Monsters 13.5 Extended,Llama,llama,,Monster,published,,Main Universe,Monsters,,,,
Chapter Monsters 13.5 Extended,Lobster,lobster,,Monster,published,,Main Universe,Monsters,,,,
Chapter Monsters 13.5 Extended,Long-Eared Owl,long-eared-owl,,Monster,published,,Main Universe,Monsters,,,,
Chapter Monsters 13.5 Extended,Lynx,lynx,,Monster,published,,Main Universe,Monsters,,,,
Chapter Monsters 13.5 Extended,M,m,,Monster,published,,Main Universe,Monsters,,,,
Chapter Monsters 13.5 Extended,Macaroni Penguin,macaroni-penguin,,Monster,published,,Main Universe,Monsters,,,,
Chapter Monsters 13.5 Extended,Macaw,macaw,,Monster,published,,Main Universe,Monsters,,,,
Chapter Monsters 13.5 Extended,Magellanic Penguin,magellanic-penguin,,Monster,published,,Main Universe,Monsters,,,,
Chapter Monsters 13.5 Extended,Magpie,magpie,,Monster,published,,Main Universe,Monsters,,,,
Chapter Monsters 13.5 Extended,Maine Coon,maine-coon,,Monster,published,,Main Universe,Monsters,,,,
Chapter Monsters 13.5 Extended,Malayan Civet,malayan-civet,,Monster,published,,Main Universe,Monsters,,,,
Chapter Monsters 13.5 Extended,Malayan Tiger,malayan-tiger,,Monster,published,,Main Universe,Monsters,,,,
Chapter Monsters 13.5 Extended,Maltese,maltese,,Monster,published,,Main Universe,Monsters,,,,
Chapter Monsters 13.5 Extended,Manatee,manatee,,Monster,published,,Main Universe,Monsters,,,,
Chapter Monsters 13.5 Extended,Mandrill,mandrill,,Monster,published,,Main Universe,Monsters,,,,
Chapter Monsters 13.5 Extended,Manta Ray,manta-ray,,Monster,published,,Main Universe,Monsters,,,,
Chapter Monsters 13.5 Extended,Marine Toad,marine-toad,,Monster,published,,Main Universe,Monsters,,,,
Chapter Monsters 13.5 Extended,Markhor,markhor,,Monster,published,,Main Universe,Monsters,,,,
Chapter Monsters 13.5 Extended,Marsh Frog,marsh-frog,,Monster,published,,Main Universe,Monsters,,,,
Chapter Monsters 13.5 Extended,Masked Palm Civet,masked-palm-civet,,Monster,published,,Main Universe,Monsters,,,,
Chapter Monsters 13.5 Extended,Mastiff,mastiff,,Monster,published,,Main Universe,Monsters,,,,
Chapter Monsters 13.5 Extended,Mayfly,mayfly,,Monster,published,,Main Universe,Monsters,,,,
Chapter Monsters 13.5 Extended,Meerkat,meerkat,,Monster,published,,Main Universe,Monsters,,,,
Chapter Monsters 13.5 Extended,Millipede,millipede,,Monster,published,,Main Universe,Monsters,,,,
Chapter Monsters 13.5 Extended,Minke Whale,minke-whale,,Monster,published,,Main Universe,Monsters,,,,
Chapter Monsters 13.5 Extended,Mole,mole,,Monster,published,,Main Universe,Monsters,,,,
Chapter Monsters 13.5 Extended,Molly,molly,,Monster,published,,Main Universe,Monsters,,,,
Chapter Monsters 13.5 Extended,Mongoose,mongoose,,Monster,published,,Main Universe,Monsters,,,,
Chapter Monsters 13.5 Extended,Mongrel,mongrel,,Monster,published,,Main Universe,Monsters,,,,
Chapter Monsters 13.5 Extended,Monitor Lizard,monitor-lizard,,Monster,published,,Main Universe,Monsters,,,,
Chapter Monsters 13.5 Extended,Monkey,monkey,,Monster,published,,Main Universe,Monsters,,,,
Chapter Monsters 13.5 Extended,Monte Iberia Eleuth,monte-iberia-eleuth,,Monster,published,,Main Universe,Monsters,,,,
Chapter Monsters 13.5 Extended,Moorhen,moorhen,,Monster,published,,Main Universe,Monsters,,,,
Chapter Monsters 13.5 Extended,Moose,moose,,Monster,published,,Main Universe,Monsters,,,,
Chapter Monsters 13.5 Extended,Moray Eel,moray-eel,,Monster,published,,Main Universe,Monsters,,,,
Chapter Monsters 13.5 Extended,Moth,moth,,Monster,published,,Main Universe,Monsters,,,,
Chapter Monsters 13.5 Extended,Mountain Gorilla,mountain-gorilla,,Monster,published,,Main Universe,Monsters,,,,
Chapter Monsters 13.5 Extended,Mountain Lion,mountain-lion,,Monster,published,,Main Universe,Monsters,,,,
Chapter Monsters 13.5 Extended,Mouse,mouse,,Monster,published,,Main Universe,Monsters,,,,
Chapter Monsters 13.5 Extended,Mule,mule,,Monster,published,,Main Universe,Monsters,,,,
Chapter Monsters 13.5 Extended,N,n,,Monster,published,,Main Universe,Monsters,,,,
Chapter Monsters 13.5 Extended,Neanderthal,neanderthal,,Monster,published,,Main Universe,Monsters,,,,
Chapter Monsters 13.5 Extended,Neapolitan Mastiff,neapolitan-mastiff,,Monster,published,,Main Universe,Monsters,,,,
Chapter Monsters 13.5 Extended,Newfoundland,newfoundland,,Monster,published,,Main Universe,Monsters,,,,
Chapter Monsters 13.5 Extended,Newt,newt,,Monster,published,,Main Universe,Monsters,,,,
Chapter Monsters 13.5 Extended,Nightingale,nightingale,,Monster,published,,Main Universe,Monsters,,,,
Chapter Monsters 13.5 Extended,Norfolk Terrier,norfolk-terrier,,Monster,published,,Main Universe,Monsters,,,,
Chapter Monsters 13.5 Extended,Norwegian Forest,norwegian-forest,,Monster,published,,Main Universe,Monsters,,,,
Chapter Monsters 13.5 Extended,Numbat,numbat,,Monster,published,,Main Universe,Monsters,,,,
Chapter Monsters 13.5 Extended,Nurse Shark,nurse-shark,,Monster,published,,Main Universe,Monsters,,,,
Chapter Monsters 13.5 Extended,O,o,,Monster,published,,Main Universe,Monsters,,,,
Chapter Monsters 13.5 Extended,Octopus,octopus,,Monster,published,,Main Universe,Monsters,,,,
Chapter Monsters 13.5 Extended,Okapi,okapi,,Monster,published,,Main Universe,Monsters,,,,
Chapter Monsters 13.5 Extended,Old English Sheepdog,old-english-sheepdog,,Monster,published,,Main Universe,Monsters,,,,
Chapter Monsters 13.5 Extended,Olm,olm,,Monster,published,,Main Universe,Monsters,,,,
Chapter Monsters 13.5 Extended,Opossum,opossum,,Monster,published,,Main Universe,Monsters,,,,
Chapter Monsters 13.5 Extended,Orang-utan,orang-utan,,Monster,published,,Main Universe,Monsters,,,,
Chapter Monsters 13.5 Extended,Ostrich,ostrich,,Monster,published,,Main Universe,Monsters,,,,
Chapter Monsters 13.5 Extended,Otter,otter,,Monster,published,,Main Universe,Monsters,,,,
Chapter Monsters 13.5 Extended,Oyster,oyster,,Monster,published,,Main Universe,Monsters,,,,
Chapter Monsters 13.5 Extended,Pacanvet,pacanvet,,Monster,published,African Palm Civet,Main Universe,Monsters,,,,
Chapter Monsters 13.5 Extended,Pademelon,pademelon,,Monster,published,,Main Universe,Monsters,,,,
Chapter Monsters 13.5 Extended,Oletero,oletero,,Monster,published,"Panther, a golden panther capable of commanding the mightiest of creatures with its roaring screams. It lives deep within the Black Forest and serves as its guardian during times of great distress.",Main Universe,Monsters,,,,
Chapter Monsters 13.5 Extended,Master Parrotos,master-parrotos,,Monster,published,"A giant multicolored parrot that although quite large, can fly faster than the wind and produce great loads of wind behind it. In ancient times, it kept the Sky Kingdom afloat on its back.",Main Universe,Monsters,,,,
Chapter Monsters 13.5 Extended,Patas Monkey,patas-monkey,,Monster,published,,Main Universe,Monsters,,,,
Chapter Monsters 13.5 Extended,Prina the Peacock,prina-the-peacock,,Monster,published,"Using the different eyes on its tails, it can see deep within the world in all directions. Its two main eyes are always looking into the future, using the eyes on its feathers to see its opponents and all around itself.",Main Universe,Monsters,,,,
Chapter Monsters 13.5 Extended,Pekingese,pekingese,,Monster,published,,Main Universe,Monsters,,,,
Chapter Monsters 13.5 Extended,Pelican,pelican,,Monster,published,,Main Universe,Monsters,,,,
Chapter Monsters 13.5 Extended,Penguin,penguin,,Monster,published,,Main Universe,Monsters,,,,
Chapter Monsters 13.5 Extended,Persian,persian,,Monster,published,,Main Universe,Monsters,,,,
Chapter Monsters 13.5 Extended,Pheasant,pheasant,,Monster,published,,Main Universe,Monsters,,,,
Chapter Monsters 13.5 Extended,Pied Tamarin,pied-tamarin,,Monster,published,,Main Universe,Monsters,,,,
Chapter Monsters 13.5 Extended,Pig,pig,,Monster,published,,Main Universe,Monsters,,,,
Chapter Monsters 13.5 Extended,Pika,pika,,Monster,published,,Main Universe,Monsters,,,,
Chapter Monsters 13.5 Extended,Pike,pike,,Monster,published,,Main Universe,Monsters,,,,
Chapter Monsters 13.5 Extended,Pink Fairy Armadillo,pink-fairy-armadillo,,Monster,published,,Main Universe,Monsters,,,,
Chapter Monsters 13.5 Extended,Piranha,piranha,,Monster,published,,Main Universe,Monsters,,,,
Chapter Monsters 13.5 Extended,Platinine,platinine,,Monster,published,"Platypus, a platypus with nine longated tails and a fiery temper, it can move very quickly in the water and gain the power to move the earth while on land.",Main Universe,Monsters,,,,
Chapter Monsters 13.5 Extended,Snuffels,snuffels,,Monster,published,"Pitbull, this little guy may appear weak and its attacks are not as strong but it takes a liking to fighting early on. Constantly bullied by its older forms at times, it can evolve into royalty of its kind.",Main Universe,Monsters,,,,
Chapter Monsters 13.5 Extended,Prinbull,prinbull,,Monster,published,"Pitbull, gaining massive strength and a mean attitude, this loyal pitbull gains strength in its physical attacks and the Royal Arm ability allowing it to control others will at various moments in battle.",Main Universe,Monsters,,,,
Chapter Monsters 13.5 Extended,Kinbull,kinbull,,Monster,published,"Pitbull, the crown like object on its head resembles a sense of power, however it really holds its energy that it can release during battle to knock out an opponent.",Main Universe,Monsters,,,,
Chapter Monsters 13.5 Extended,Abyssimolbull,abyssimolbull,,Monster,published,"Pitbull, standing upright with armor and decorated with a royal like appearance, this massive strength that it gains holds all the courage that it gained since its first form Snuffels.",Main Universe,Monsters,,,,
Chapter Monsters 13.5 Extended,Pointer,pointer,,Monster,published,,Main Universe,Monsters,,,,
Chapter Monsters 13.5 Extended,Poison Dart Frog,poison-dart-frog,,Monster,published,,Main Universe,Monsters,,,,
Chapter Monsters 13.5 Extended,Polar Bear,polar-bear,,Monster,published,,Main Universe,Monsters,,,,
Chapter Monsters 13.5 Extended,Pond Skater,pond-skater,,Monster,published,,Main Universe,Monsters,,,,
Chapter Monsters 13.5 Extended,Poodle,poodle,,Monster,published,,Main Universe,Monsters,,,,
Chapter Monsters 13.5 Extended,Pool Frog,pool-frog,,Monster,published,,Main Universe,Monsters,,,,
Chapter Monsters 13.5 Extended,Spindle,spindle,,Monster,published,"Porcupine, with sharp pointy blades coming from its body, this creature is a thing of habit by releasing his blades to latch onto objects and then drain them of their energy with the same spikes.",Main Universe,Monsters,,,,
Chapter Monsters 13.5 Extended,Possum,possum,,Monster,published,,Main Universe,Monsters,,,,
Chapter Monsters 13.5 Extended,Prawn,prawn,,Monster,published,,Main Universe,Monsters,,,,
Chapter Monsters 13.5 Extended,Proboscis Monkey,proboscis-monkey,,Monster,published,,Main Universe,Monsters,,,,
Chapter Monsters 13.5 Extended,Puffer Fish,puffer-fish,,Monster,published,,Main Universe,Monsters,,,,
Chapter Monsters 13.5 Extended,Puffin,puffin,,Monster,published,,Main Universe,Monsters,,,,
Chapter Monsters 13.5 Extended,Pug,pug,,Monster,published,,Main Universe,Monsters,,,,
Chapter Monsters 13.5 Extended,Puma,puma,,Monster,published,,Main Universe,Monsters,,,,
Chapter Monsters 13.5 Extended,Purple Emperor,purple-emperor,,Monster,published,,Main Universe,Monsters,,,,
Chapter Monsters 13.5 Extended,Puss Moth,puss-moth,,Monster,published,,Main Universe,Monsters,,,,
Chapter Monsters 13.5 Extended,Pygmy Hippopotamus,pygmy-hippopotamus,,Monster,published,,Main Universe,Monsters,,,,
Chapter Monsters 13.5 Extended,Pygmy Marmoset,pygmy-marmoset,,Monster,published,,Main Universe,Monsters,,,,
Chapter Monsters 13.5 Extended,Quail,quail,,Monster,published,,Main Universe,Monsters,,,,
Chapter Monsters 13.5 Extended,Quetzal,quetzal,,Monster,published,,Main Universe,Monsters,,,,
Chapter Monsters 13.5 Extended,Quokka,quokka,,Monster,published,,Main Universe,Monsters,,,,
Chapter Monsters 13.5 Extended,Quoll,quoll,,Monster,published,,Main Universe,Monsters,,,,
Chapter Monsters 13.5 Extended,Rabbit King,rabbit-king,,Monster,published,"Wearing a big crown, a staff, and royal attire, this creature is the controlling entity to all bunny and rabbit creatures in Aurelia. It uses this position to maintain order throughout the southern Anirelian Court.",Main Universe,Monsters,,,,
Chapter Monsters 13.5 Extended,Raccoon,raccoon,,Monster,published,,Main Universe,Monsters,,,,
Chapter Monsters 13.5 Extended,Raccoon Dog,raccoon-dog,,Monster,published,,Main Universe,Monsters,,,,
Chapter Monsters 13.5 Extended,Radiated Tortoise,radiated-tortoise,,Monster,published,,Main Universe,Monsters,,,,
Chapter Monsters 13.5 Extended,Ragdoll,ragdoll,,Monster,published,,Main Universe,Monsters,,,,
Chapter Monsters 13.5 Extended,Rat,rat,,Monster,published,,Main Universe,Monsters,,,,
Chapter Monsters 13.5 Extended,Rattlesnake,rattlesnake,,Monster,published,,Main Universe,Monsters,,,,
Chapter Monsters 13.5 Extended,Red Knee Tarantula,red-knee-tarantula,,Monster,published,,Main Universe,Monsters,,,,
Chapter Monsters 13.5 Extended,Red Panda,red-panda,,Monster,published,,Main Universe,Monsters,,,,
Chapter Monsters 13.5 Extended,Red Wolf,red-wolf,,Monster,published,,Main Universe,Monsters,,,,
Chapter Monsters 13.5 Extended,Red-handed Tamarin,red-handed-tamarin,,Monster,published,,Main Universe,Monsters,,,,
Chapter Monsters 13.5 Extended,Reindeer,reindeer,,Monster,published,,Main Universe,Monsters,,,,
Chapter Monsters 13.5 Extended,Rhinoceros,rhinoceros,,Monster,published,,Main Universe,Monsters,,,,
Chapter Monsters 13.5 Extended,River Dolphin,river-dolphin,,Monster,published,,Main Universe,Monsters,,,,
Chapter Monsters 13.5 Extended,River Turtle,river-turtle,,Monster,published,,Main Universe,Monsters,,,,
Chapter Monsters 13.5 Extended,Robin,robin,,Monster,published,,Main Universe,Monsters,,,,
Chapter Monsters 13.5 Extended,Rock Hyrax,rock-hyrax,,Monster,published,,Main Universe,Monsters,,,,
Chapter Monsters 13.5 Extended,Rockhopper Penguin,rockhopper-penguin,,Monster,published,,Main Universe,Monsters,,,,
Chapter Monsters 13.5 Extended,Roseate Spoonbill,roseate-spoonbill,,Monster,published,,Main Universe,Monsters,,,,
Chapter Monsters 13.5 Extended,Rottweiler,rottweiler,,Monster,published,,Main Universe,Monsters,,,,
Chapter Monsters 13.5 Extended,Royal Penguin,royal-penguin,,Monster,published,,Main Universe,Monsters,,,,
Chapter Monsters 13.5 Extended,Russian Blue,russian-blue,,Monster,published,,Main Universe,Monsters,,,,
Chapter Monsters 13.5 Extended,S,s,,Monster,published,,Main Universe,Monsters,,,,
Chapter Monsters 13.5 Extended,Sabre-Toothed Tiger,sabre-toothed-tiger,,Monster,published,,Main Universe,Monsters,,,,
Chapter Monsters 13.5 Extended,Safariguin,safariguin,,Monster,published,African Penguin,Main Universe,Monsters,,,,
Chapter Monsters 13.5 Extended,Saint Bernard,saint-bernard,,Monster,published,,Main Universe,Monsters,,,,
Chapter Monsters 13.5 Extended,Salamander,salamander,,Monster,published,,Main Universe,Monsters,,,,
Chapter Monsters 13.5 Extended,Sand Lizard,sand-lizard,,Monster,published,,Main Universe,Monsters,,,,
Chapter Monsters 13.5 Extended,Saola,saola,,Monster,published,,Main Universe,Monsters,,,,
Chapter Monsters 13.5 Extended,Scorpion,scorpion,,Monster,published,,Main Universe,Monsters,,,,
Chapter Monsters 13.5 Extended,Scorpion Fish,scorpion-fish,,Monster,published,,Main Universe,Monsters,,,,
Chapter Monsters 13.5 Extended,Sea Dragon,sea-dragon,,Monster,published,,Main Universe,Monsters,,,,
Chapter Monsters 13.5 Extended,Sea Lion,sea-lion,,Monster,published,,Main Universe,Monsters,,,,
Chapter Monsters 13.5 Extended,Sea Otter,sea-otter,,Monster,published,,Main Universe,Monsters,,,,
Chapter Monsters 13.5 Extended,Sea Slug,sea-slug,,Monster,published,,Main Universe,Monsters,,,,
Chapter Monsters 13.5 Extended,Sea Squirt,sea-squirt,,Monster,published,,Main Universe,Monsters,,,,
Chapter Monsters 13.5 Extended,Sea Turtle,sea-turtle,,Monster,published,,Main Universe,Monsters,,,,
Chapter Monsters 13.5 Extended,Sea Urchin,sea-urchin,,Monster,published,,Main Universe,Monsters,,,,
Chapter Monsters 13.5 Extended,Seahorse,seahorse,,Monster,published,,Main Universe,Monsters,,,,
Chapter Monsters 13.5 Extended,Seal,seal,,Monster,published,,Main Universe,Monsters,,,,
Chapter Monsters 13.5 Extended,Serval,serval,,Monster,published,,Main Universe,Monsters,,,,
Chapter Monsters 13.5 Extended,Sheep,sheep,,Monster,published,,Main Universe,Monsters,,,,
Chapter Monsters 13.5 Extended,Shih Tzu,shih-tzu,,Monster,published,,Main Universe,Monsters,,,,
Chapter Monsters 13.5 Extended,Shrimp,shrimp,,Monster,published,,Main Universe,Monsters,,,,
Chapter Monsters 13.5 Extended,Siamese,siamese,,Monster,published,,Main Universe,Monsters,,,,
Chapter Monsters 13.5 Extended,Siamese Fighting Fish,siamese-fighting-fish,,Monster,published,,Main Universe,Monsters,,,,
Chapter Monsters 13.5 Extended,Siberian,siberian,,Monster,published,,Main Universe,Monsters,,,,
Chapter Monsters 13.5 Extended,Siberian Husky,siberian-husky,,Monster,published,,Main Universe,Monsters,,,,
Chapter Monsters 13.5 Extended,Siberian Tiger,siberian-tiger,,Monster,published,,Main Universe,Monsters,,,,
Chapter Monsters 13.5 Extended,Silver Dollar,silver-dollar,,Monster,published,,Main Universe,Monsters,,,,
Chapter Monsters 13.5 Extended,Skunk,skunk,,Monster,published,,Main Universe,Monsters,,,,
Chapter Monsters 13.5 Extended,Sloth,sloth,,Monster,published,,Main Universe,Monsters,,,,
Chapter Monsters 13.5 Extended,Slow Worm,slow-worm,,Monster,published,,Main Universe,Monsters,,,,
Chapter Monsters 13.5 Extended,Snail,snail,,Monster,published,,Main Universe,Monsters,,,,
Chapter Monsters 13.5 Extended,Snake,snake,,Monster,published,,Main Universe,Monsters,,,,
Chapter Monsters 13.5 Extended,Snapping Turtle,snapping-turtle,,Monster,published,,Main Universe,Monsters,,,,
Chapter Monsters 13.5 Extended,Snowshoe,snowshoe,,Monster,published,,Main Universe,Monsters,,,,
Chapter Monsters 13.5 Extended,Snowy Owl,snowy-owl,,Monster,published,,Main Universe,Monsters,,,,
Chapter Monsters 13.5 Extended,Somali,somali,,Monster,published,,Main Universe,Monsters,,,,
Chapter Monsters 13.5 Extended,South China Tiger,south-china-tiger,,Monster,published,,Main Universe,Monsters,,,,
Chapter Monsters 13.5 Extended,Spadefoot Toad,spadefoot-toad,,Monster,published,,Main Universe,Monsters,,,,
Chapter Monsters 13.5 Extended,Sparrow,sparrow,,Monster,published,,Main Universe,Monsters,,,,
Chapter Monsters 13.5 Extended,Spectacled Bear,spectacled-bear,,Monster,published,,Main Universe,Monsters,,,,
Chapter Monsters 13.5 Extended,Sperm Whale,sperm-whale,,Monster,published,,Main Universe,Monsters,,,,
Chapter Monsters 13.5 Extended,Spider Monkey,spider-monkey,,Monster,published,,Main Universe,Monsters,,,,
Chapter Monsters 13.5 Extended,Spiny Dogfish,spiny-dogfish,,Monster,published,,Main Universe,Monsters,,,,
Chapter Monsters 13.5 Extended,Sponge,sponge,,Monster,published,,Main Universe,Monsters,,,,
Chapter Monsters 13.5 Extended,Squid,squid,,Monster,published,,Main Universe,Monsters,,,,
Chapter Monsters 13.5 Extended,Squirrel,squirrel,,Monster,published,,Main Universe,Monsters,,,,
Chapter Monsters 13.5 Extended,Squirrel Monkey,squirrel-monkey,,Monster,published,,Main Universe,Monsters,,,,
Chapter Monsters 13.5 Extended,Sri Lankan Elephant,sri-lankan-elephant,,Monster,published,,Main Universe,Monsters,,,,
Chapter Monsters 13.5 Extended,Staffordshire Bull Terrier,staffordshire-bull-terrier,,Monster,published,,Main Universe,Monsters,,,,
Chapter Monsters 13.5 Extended,Stag Beetle,stag-beetle,,Monster,published,,Main Universe,Monsters,,,,
Chapter Monsters 13.5 Extended,Starfish,starfish,,Monster,published,,Main Universe,Monsters,,,,
Chapter Monsters 13.5 Extended,Stellers Sea Cow,stellers-sea-cow,,Monster,published,,Main Universe,Monsters,,,,
Chapter Monsters 13.5 Extended,Stick Insect,stick-insect,,Monster,published,,Main Universe,Monsters,,,,
Chapter Monsters 13.5 Extended,Stingray,stingray,,Monster,published,,Main Universe,Monsters,,,,
Chapter Monsters 13.5 Extended,Stoat,stoat,,Monster,published,,Main Universe,Monsters,,,,
Chapter Monsters 13.5 Extended,Striped Rocket Frog,striped-rocket-frog,,Monster,published,,Main Universe,Monsters,,,,
Chapter Monsters 13.5 Extended,Sumatran Elephant,sumatran-elephant,,Monster,published,,Main Universe,Monsters,,,,
Chapter Monsters 13.5 Extended,Sumatran Orang-utan,sumatran-orang-utan,,Monster,published,,Main Universe,Monsters,,,,
Chapter Monsters 13.5 Extended,Sumatran Rhinoceros,sumatran-rhinoceros,,Monster,published,,Main Universe,Monsters,,,,
Chapter Monsters 13.5 Extended,Sumatran Tiger,sumatran-tiger,,Monster,published,,Main Universe,Monsters,,,,
Chapter Monsters 13.5 Extended,Sun Bear,sun-bear,,Monster,published,,Main Universe,Monsters,,,,
Chapter Monsters 13.5 Extended,Swan,swan,,Monster,published,,Main Universe,Monsters,,,,
Chapter Monsters 13.5 Extended,T,t,,Monster,published,,Main Universe,Monsters,,,,
Chapter Monsters 13.5 Extended,Tang,tang,,Monster,published,,Main Universe,Monsters,,,,
Chapter Monsters 13.5 Extended,Tapir,tapir,,Monster,published,,Main Universe,Monsters,,,,
Chapter Monsters 13.5 Extended,Tarsier,tarsier,,Monster,published,,Main Universe,Monsters,,,,
Chapter Monsters 13.5 Extended,Tasmanian Devil,tasmanian-devil,,Monster,published,,Main Universe,Monsters,,,,
Chapter Monsters 13.5 Extended,Tawny Owl,tawny-owl,,Monster,published,,Main Universe,Monsters,,,,
Chapter Monsters 13.5 Extended,Termite,termite,,Monster,published,,Main Universe,Monsters,,,,
Chapter Monsters 13.5 Extended,Tetra,tetra,,Monster,published,,Main Universe,Monsters,,,,
Chapter Monsters 13.5 Extended,Thorny Devil,thorny-devil,,Monster,published,,Main Universe,Monsters,,,,
Chapter Monsters 13.5 Extended,Tibetan Mastiff,tibetan-mastiff,,Monster,published,,Main Universe,Monsters,,,,
Chapter Monsters 13.5 Extended,Tiffany,tiffany,,Monster,published,,Main Universe,Monsters,,,,
Chapter Monsters 13.5 Extended,Tiger,tiger,,Monster,published,,Main Universe,Monsters,,,,
Chapter Monsters 13.5 Extended,Tiger Salamander,tiger-salamander,,Monster,published,,Main Universe,Monsters,,,,
Chapter Monsters 13.5 Extended,Tiger Shark,tiger-shark,,Monster,published,,Main Universe,Monsters,,,,
Chapter Monsters 13.5 Extended,Tortoise,tortoise,,Monster,published,,Main Universe,Monsters,,,,
Chapter Monsters 13.5 Extended,Toucan,toucan,,Monster,published,,Main Universe,Monsters,,,,
Chapter Monsters 13.5 Extended,Tree Frog,tree-frog,,Monster,published,,Main Universe,Monsters,,,,
Chapter Monsters 13.5 Extended,Tropicbird,tropicbird,,Monster,published,,Main Universe,Monsters,,,,
Chapter Monsters 13.5 Extended,Tropper,tropper,,Monster,published,African Tree Toad,Main Universe,Monsters,,,,
Chapter Monsters 13.5 Extended,Tuatara,tuatara,,Monster,published,,Main Universe,Monsters,,,,
Chapter Monsters 13.5 Extended,Turkey,turkey,,Monster,published,,Main Universe,Monsters,,,,
Chapter Monsters 13.5 Extended,Turkish Angora,turkish-angora,,Monster,published,,Main Universe,Monsters,,,,
Chapter Monsters 13.5 Extended,U,u,,Monster,published,,Main Universe,Monsters,,,,
Chapter Monsters 13.5 Extended,Uakari,uakari,,Monster,published,,Main Universe,Monsters,,,,
Chapter Monsters 13.5 Extended,Uguisu,uguisu,,Monster,published,,Main Universe,Monsters,,,,
Chapter Monsters 13.5 Extended,Umbrellabird,umbrellabird,,Monster,published,,Main Universe,Monsters,,,,
Chapter Monsters 13.5 Extended,V,v,,Monster,published,,Main Universe,Monsters,,,,
Chapter Monsters 13.5 Extended,Vampire Bat,vampire-bat,,Monster,published,,Main Universe,Monsters,,,,
Chapter Monsters 13.5 Extended,Vervet Monkey,vervet-monkey,,Monster,published,,Main Universe,Monsters,,,,
Chapter Monsters 13.5 Extended,Vulture,vulture,,Monster,published,,Main Universe,Monsters,,,,
Chapter Monsters 13.5 Extended,W,w,,Monster,published,,Main Universe,Monsters,,,,
Chapter Monsters 13.5 Extended,Wallaby,wallaby,,Monster,published,,Main Universe,Monsters,,,,
Chapter Monsters 13.5 Extended,Walrus,walrus,,Monster,published,,Main Universe,Monsters,,,,
Chapter Monsters 13.5 Extended,Warthog,warthog,,Monster,published,,Main Universe,Monsters,,,,
Chapter Monsters 13.5 Extended,Wasp,wasp,,Monster,published,,Main Universe,Monsters,,,,
Chapter Monsters 13.5 Extended,Water Buffalo,water-buffalo,,Monster,published,,Main Universe,Monsters,,,,
Chapter Monsters 13.5 Extended,Water Dragon,water-dragon,,Monster,published,,Main Universe,Monsters,,,,
Chapter Monsters 13.5 Extended,Water Vole,water-vole,,Monster,published,,Main Universe,Monsters,,,,
Chapter Monsters 13.5 Extended,Weasel,weasel,,Monster,published,,Main Universe,Monsters,,,,
Chapter Monsters 13.5 Extended,Welsh Corgi,welsh-corgi,,Monster,published,,Main Universe,Monsters,,,,
Chapter Monsters 13.5 Extended,West Highland Terrier,west-highland-terrier,,Monster,published,,Main Universe,Monsters,,,,
Chapter Monsters 13.5 Extended,Western Gorilla,western-gorilla,,Monster,published,,Main Universe,Monsters,,,,
Chapter Monsters 13.5 Extended,Western Lowland Gorilla,western-lowland-gorilla,,Monster,published,,Main Universe,Monsters,,,,
Chapter Monsters 13.5 Extended,Whale Shark,whale-shark,,Monster,published,,Main Universe,Monsters,,,,
Chapter Monsters 13.5 Extended,Whippet,whippet,,Monster,published,,Main Universe,Monsters,,,,
Chapter Monsters 13.5 Extended,White Faced Capuchin,white-faced-capuchin,,Monster,published,,Main Universe,Monsters,,,,
Chapter Monsters 13.5 Extended,White Rhinoceros,white-rhinoceros,,Monster,published,,Main Universe,Monsters,,,,
Chapter Monsters 13.5 Extended,White Tiger,white-tiger,,Monster,published,,Main Universe,Monsters,,,,
Chapter Monsters 13.5 Extended,Wilbark,wilbark,,Monster,published,African Wild Dog,Main Universe,Monsters,,,,
Chapter Monsters 13.5 Extended,Wild Boar,wild-boar,,Monster,published,,Main Universe,Monsters,,,,
Chapter Monsters 13.5 Extended,Wildebeest,wildebeest,,Monster,published,,Main Universe,Monsters,,,,
Chapter Monsters 13.5 Extended,Wingerrier,wingerrier,,Monster,published,Airedale Terrier,Main Universe,Monsters,,,,
Chapter Monsters 13.5 Extended,Wolf,wolf,,Monster,published,,Main Universe,Monsters,,,,
Chapter Monsters 13.5 Extended,Wolverine,wolverine,,Monster,published,,Main Universe,Monsters,,,,
Chapter Monsters 13.5 Extended,Wombat,wombat,,Monster,published,,Main Universe,Monsters,,,,
Chapter Monsters 13.5 Extended,Woodlouse,woodlouse,,Monster,published,,Main Universe,Monsters,,,,
Chapter Monsters 13.5 Extended,Woodpecker,woodpecker,,Monster,published,,Main Universe,Monsters,,,,
Chapter Monsters 13.5 Extended,Wolmoth,wolmoth,,Monster,published,"Woolly Mammoth, a large tusk mammoth that moves slowly but has a fur like shield strong enough to protect it against any foe. It is usually seen in a pack, if one strays away, it can become dependent on the first thing it sees.",Main Universe,Monsters,,,,
Chapter Monsters 13.5 Extended,Wolking,wolking,,Monster,published,"Woolly Monkey, its large fists and small feet are a matter of being able to move very fast on land and able to wrestle even mountain size predators to the ground.",Main Universe,Monsters,,,,
Chapter Monsters 13.5 Extended,Labridasse,labridasse,,Monster,published,"Wrasse, a large collection of rainbow colored fish that act as one body. Each fish glow in decorated designs and colors to help keep its predator in a glance. They move and act as one and thus are considered one fish. It is said that they are usually a school of 300 clustered together. If necessary, they can omit a light that makes it appear as one fish.",Main Universe,Monsters,,,,
Chapter Monsters 13.5 Extended,Prisra,prisra,,Monster,published,"X-Ray Tetra, this small fish’s body is so transparent that it is often called the ghost of the water. Its body releases bioenergy that is used to see through objects, also known as X-rays.",Main Universe,Monsters,,,,
Chapter Monsters 13.5 Extended,Yakityak,yakityak,,Monster,published,"Yak, a constantly moving beasts that can carry a ton on its back or up to 5 tons by pulling it. Long ago, this creature was used by thousands across the mountains for its strength. One headbutt and this creature and KO any known fighter.",Main Universe,Monsters,,,,
Chapter Monsters 13.5 Extended,Yellguin,yellguin,,Monster,published,"Yellow-Eyed Penguin, a loud mouth penguin that uses its large mouth to make the ground burst into pits of rage. Its glowing yellow eyes are said to have become this color by absorbing to much negative energy.",Main Universe,Monsters,,,,
Chapter Monsters 13.5 Extended,Shirerrier,shirerrier,,Monster,published,"Yorkshire Terrier, small but proud, Shirerrier are known as loyal creatures until they are betrayed and at this moment they become obsessed with revenge.",Main Universe,Monsters,,,,
Chapter Monsters 13.5 Extended,Zetaborg,zetaborg,,Monster,published,A robotic ark like creature capable of carrying a vast population within it.,Main Universe,Monsters,,,,
Chapter Monsters 13.5 Extended,Zebrock,zebrock,,Monster,published,"Zebra Shark, a fast moving predator that uses the ocean floor to attack prey from below. Its body is smooth enough to allow it to squeeze through almost any surface.",Main Universe,Monsters,,,,
Chapter Monsters 13.5 Extended,Zotal the Zebu,zotal-the-zebu,,Monster,published,"Controller of the Aurelian Plains, this massive creature has a scarf like pouch around its neck that can release massive amounts of energy strong enough to blasts through a mountain.",Main Universe,Monsters,,,,
Chapter Monsters 13.5 Extended,Zonkata,zonkata,,Monster,published,"Zonkey, this creature moves very slowly despite its zebra and donkey mixbreed. It’s body is composed up of gases that can be used to clean dirty air.",Main Universe,Monsters,,,,
Chapter Monsters 13.5 Extended,Zorfelix,zorfelix,,Monster,published,"Zorse, a zebra and horse hybrid that can disappear when light hits its body. Its long mane can be used to blind opponents by becoming a dense fog like substance.",Main Universe,Monsters,,,,
