source,name,slug,alias,type,status,description,universe,categories,stories,places,affiliates,abilities
CreationMyths,Yonrohs,yonrohs,,Mythology,published,"Rank: Father of the Gods

Yonrohs was unlike his counterparts Cronus & Odin as he didn't want to be king but the opposite; he wanted to be a child that could play forever in his grandfather's palace as he called it. Yonrohs was tall, muscular, and intelligent as most deities were, very strong, and very adventurous. While with his siblings he served as their servant and assistant. Although he was the most powerful in strength he was the weakest in power. Like many Elitsyian Gods he had mystical powers that could grant him anything he wished but youth wasn't one of them. As for those times immortality wasn't possible and anything that would die would just return moments later as them wasn't yet an afterlife nor any beginnings. So in the meantime while the idea wonders the universe, Yonrohs played in a garden known simply as Gardenia a place where him and his siblings sat and balanced the universe in the day and where he played a night. Gardenia was beautiful and every galaxy, moon, sun, and planet could be seen just by standing on its lowest point. But like most children, Yonrohs grew bored of his siblings not playing with him so he created a playmate out of stardust or as called by the Elitsyians as a feather from a Domaedian.",Main Universe,Mythology; Gods and Goddesses,,,Elitsyian Gods,Creation
CreationMyths,Elshack,elshack,,Mythology,published,"Rank: Creator of Light, Chaos, Creation, Balance, and Cosmic Energy

When there was complete darkness and only Anka, Elshack was the first light to appear. Spreading across the vast void that Anka occupied. Elshack would then give birth to the Misokune Egg which birthed Chaos, Creation, Balance, and Cosmic Energy. While these forces grew, Elshack watched over them, providing guidance albeit without their knowledge. Elshack taught them the first words, the meaning and purpose of thought, how to utilize their powers, and how to turn the light that it created to their advantage. Only Balance or The Neither had the ability to see Elshack and to hear and know of Anka’s presence.",Main Universe,Mythology; Gods and Goddesses,,,Elitsyian Gods,Creation
CreationMyths,Anka,anka,,Mythology,published,"Rank: Creator of Dark Matter and the First One

Anka is a powerful being that was born from nothing and appear as a large dark void that makes up the dark matter throughout all things. When it started to ponder its own existence and why it was alone in silence and in darkness, Elshack was born as the first spark of light. Although Anka is all knowing and powerful, only Elshack and The Neither knows of its existence. It can appear in all places at once and from its body grew Eden the first Realm.",Main Universe,Mythology; Gods and Goddesses,,,,Creation
CreationMyths,Belckus,belckus,,Mythology,published,"Rank: King of Hell

Serving as the youngest of the Ho’zares, Belckus was intelligent, a giant, powerful, and the strongest of his brethren. One day as Creation was creating the Primordial Ones and thus the birth of Heaven, Belckus grew highly upset that his parent was creating what appeared as more loving and beautiful creatures. One day to showcase his powers, Belckus created the Belki from his sperm and granted them the power to rival the Primordial Ones. Believing destroying the Primordial Ones would get the love and respect he demanded. Belckus went to war against the Primordial Ones and Heaven. Angered by these actions, Creation banished Belckus and the Belki to the lowest part of all things alongside Chaos and the Leviathans. It is believed that at the end of all time, Belckus would rise alongside Chaos and devour all creation.",Main Universe,Mythology; Gods and Goddesses,,,Underworld Gods,
CreationMyths,The Ultimate Power,the-ultimate-power,,Mythology,published,"Rank: Elitsyian version of GOD
Note: GOD, Creation, Allah, etc

The Ultimate Power in Elitsyian Mythology is a powerful being that is nor angel, demon, god, goddesses, or a living and or dead entity. Born at the same time as Chaos and Balance. The Ultimate Power desired creation amid the darkness surrounding them. So with a plan, they created Heaven at the 12th pillar in Eden. Filled with beautiful large towers, cities of angels, and its Ho’zares sat at the foot of their thrown. Throughout the earliest times, The Ultimate Power had several conflicts with its “family” members including Chaos in a fight that was the first betrayal, first war, and first banishment which resulted in Chaos and their creations the Leviathans being banished into eternal darkness. Later, Belckus their son an Ho’zare betrayed them and was too banished, followed by Lucifer, and later others including humans and gods.",Main Universe,Mythology; Gods and Goddesses,,,Elitsyian Gods,
CreationMyths,Misokune Egg,misokune-egg,,Mythology,published,"Rank: Creator of the New Earth

Powerful structure resembling an egg, many believed that the Misokune Egg was an object sent to a new time to birth all things again after the previous reality came to an end. Many others believe that the egg was the product of Elshack to birth Balance, Creation, and Chaos for life to be born. Once Balance, Creation, Chaos, and cosmic energy was  born from the egg, the egg disappeared with its shell pieces serving as the tallest mountains of Eden.",Main Universe,Mythology; Gods and Goddesses,,,Elitsyian Gods,
CreationMyths,Chaos,chaos,,Mythology,published,"Rank: Elitsyian embodiment of all evil

Originally a peaceful and mild-mannered being, Chaos grew to dislike The Ultimate Power’s constant noise and creations that interrupted its silence and peace. Pleading for peace and silence, Chaos was unheard, feeling as if they had no other option, Chaos created the Leviathans to destroy creation. After an all out war, Chaos and the Leviathans lost the battle against Creation, the Ho’zares, and the Akuma and was banished to eternal sleep at the lowest peak of Eden.",Main Universe,Mythology; Gods and Goddesses,,,Elitsyian Gods,
CreationMyths,The Neither,the-neither,Balance,Mythology,published,"Rank: Elitsyian embodiment of all balance

The only one of the Creation Trio that were always mentioned as a woman. The Neither was a powerful figure and at times considered more powerful than the other Creation Trio Chaos and The Ultimate Power. Often staying away from the rest of existence, instead taking a more indirect approach. The Neither carries a large staff with a libra scale. She serves as the mother to Shecknurd, the god of time, Olerta, the goddess of beginnings and gates, the guardians of Fate, Angels of Destiny, Granjun, and many other important figures throughout history. The Neither is the only one of the Creation Trio that can speak and see Elshack and to be able to hear Anka. She also is the only being outside of Anka that knows of the times before and after their current existence. It is believed that when all things come to an end, even when Elshack is no more, that The Neither will become the new Anka and birth the void for a new existence.",Main Universe,Mythology; Gods and Goddesses,,,Elitsyian Gods,
DreamNightmareGods,Ananaka,ananaka,,Mythology,published,"Rank: Creator of Dreomede

Ananaka was creator of Dreomede and worshiped around the world as deity over the other gods that ruled there. With his many faces he was also a great wizard and gave the world their first taste at practical magic. His mother was Bewithia. Pictured fully clothed in all white and orange Ananaka stood high on his giant white elephant. Later after created the lands of dreams, Ananaka gave food to the sleeping and masked the real world so that those entering could sleep easier without waking. Every where he turned, Ananaka spit out food which humans later took back to their waking world, of which came golden fish, rice, pudding, cakes, and fruit cake. Of these the fruit cake and rice was his sacred meals, if those who wanted good dreams wanted to sleep easily would leave these special meals at their bedsides. Ananaka would then collect them as the person slept.",Main Universe,Mythology; Gods and Goddesses,,,Dream Gods,
DreamNightmareGods,Myonar,myonar,,Mythology,published,"Rank: Creator of Illusions & lands of Dreomede

Myonar created his children, the gods of Dreomede out of childhood imaginations and gave them immortality after seeing how the shared idea of special guardians of dreams with mortal children. In honor of children everywhere, Myonar developed cities of ice, rivers of peach water, mountains of rainbow rocks, towers of glass, and playful gardens feel with magical entities. After Myonar's father, Ananaka created Dreomede, he would build its wonderful environments along with create the gods and goddesses that controls it. Myonar played an important role in Elitsyians Myths and gave many mortals gifts if they honored him while awake. He honored them with sweet dreams and they honored him with food and jewelry which were left by rivers or windows as both were open gateways to Dreomede. Myonar created the Imaginarium and its connecting bridges to Dreomede and Nigerikarte.",Main Universe,Mythology; Gods and Goddesses,,,Dream Gods,
DreamNightmareGods,Onarosh,onarosh,,Mythology,published,"Rank: God of Sleep

Onarosh at night covers the world with a blanket of night and shining stars. With his magical viewing globe, he can spy on the dreams of others and control them. He created the Sand People servants to his sister, Vena to help her guide innocent mortals through Dreomede. His appearance was that of a wiseman covered in magical chains which represented how a dream sometimes bounds us even when we're awake. He was God of Sleep and during the time when people are awake he plays with their minds by giving them what the Elitsyians called Day Spells or the common Daydreams.",Main Universe,Mythology; Gods and Goddesses,,,Dream Gods,
DreamNightmareGods,Ogede,ogede,,Mythology,published,"Rank: Spirit of Dreams & River of Dreams

Ogede was the river that flowed gently into Dreomede and separated it from life and death and on its boundary was Nigerikarte “land of nightmares”. Ogede was represented by the spirit that disguised himself as a beautiful swan with magical powers that could heal those that are harm in their sleep. Ogede was product of Ananaka.",Main Universe,Mythology; Gods and Goddesses,,,Dream Gods,
DreamNightmareGods,Croptes,croptes,,Mythology,published,"Rank: Spirits of Sleep & Guides throughout Dreams

Croptes or the Sand People were mystical beings that graced human dreams. Their name meant “dream people” and from them came knowledge of the dreamlands which helped people get around this mysterious world. They were servants to Vena and children of Onarosh. Individually they protected a human or animal and guided them through Dreomede. In some parts of the world, they are represented as spirits in the forms of dolls that whatever happened to the doll happened to the person the doll was modeled after.",Main Universe,Mythology; Gods and Goddesses,,,Dream Gods,
DreamNightmareGods,Tonik,tonik,,Mythology,published,"Rank: King of Nightmares & God of Illusions

Tonik was King of Nigerikarte and guided demons or demonic spirits into the waking world to taunt people. These spirits were called human nerves and were responsible for headaches and migraines. Tonik was God of Nightmares and often played cruel jokes on his twin brother, Onarosh. His realm was considered a prison to those who didn't know of its true nature and that it was mere illusions constructed of mortal thoughts. Tonik was also considered God of Illusions and to the people of the Islands of Lostasia he was a destructive deity that hated all things and cast onto them haunting images. Until the day they would find out that his tricks couldn't hurt them, the people of the Islands of Lostasia feared the deity and sacrificed their children for their safety.",Main Universe,Mythology; Gods and Goddesses,,,Dream Gods,
DreamNightmareGods,Deptoose,deptoose,,Mythology,published,"Rank: God of Sleeping Thoughts

Deptoose was God of Sleeping Thoughts, like his siblings he managed to interact with mankind by giving them pleasant but sometimes dangerous thoughts. This was to help make life easier although sometimes made things in the real world harder. Images formed in the dreaming state were his magic at work.",Main Universe,Mythology; Gods and Goddesses,,,Dream Gods,
DreamNightmareGods,Mok’itu,mokitu,,Mythology,published,"Rank: Guides souls into Eternity

Mok'itu guides the souls of the underworld into Eternity, together they bring the end of suffering for those who are dying and or are in battle. During the Mostibik they were one of the several deities that came together to protect mankind and help restore balance to life.",Main Universe,Mythology; Gods and Goddesses,,,Dream Gods,
DreamNightmareGods,Arcalites,arcalites,,Mythology,published,"Rank: Female Warriors

Arcalites were several beautiful female warriors that seduced dying men to ease their pain, afterwards they guided their souls to Misearth a place where dead warriors who died from a great battle. They were similar to the Norse Valkyries. They had white shining armors that lit up the skies and flew on magical white and golden armored horses. Their swords could kill demons and their magical pendants could open doorways or gateways into several magical realms. Of all, Arilla was the most famous more so because she once was a Lazaron.",Main Universe,Mythology; Gods and Goddesses,,,Dream Gods,
DreamNightmareGods,Arilla,arilla,,Mythology,published,,Main Universe,Mythology; Gods and Goddesses,,,,
DreamNightmareGods,Jacko,jacko,,Mythology,published,"Rank: Shadow Creature

The Jacko is mischievous creature that taunts children at night and steals their souls if their presence is revealed.",Main Universe,Mythology; Gods and Goddesses,,,Shadow Realm,
DreamNightmareGods,Hellsmiths,hellsmiths,,Mythology,published,"Rank: Shadow Creatures

Creatures that live under rocks and will take anyone nearby to their realm if caught without blessing from a pure hearted individual. They are usually only found in non-religious regions.",Main Universe,Mythology; Gods and Goddesses,,,Shadow Realm,
DreamNightmareGods,Shadows,shadows,,Mythology,published,"Rank: Shadow Creatures

Shadows are similar in appearance to those they imitate although they believe that their existence was before those that they imitate. The true origin of the shadows has long been debated by people living in the Shadow Realm.",Main Universe,Mythology; Gods and Goddesses,,,Shadow Realm,
DreamNightmareGods,Shadow Demon,shadow-demon,Boogeyman,Mythology,published,"Rank: Shadow Creature

Often called the Boogeyman, this creature appears as dark smoke that has a sinister voice and will steal the voices and life force of those that aren’t able to resists its angry urges.",Main Universe,Mythology; Gods and Goddesses,,,Shadow Realm,
DreamNightmareGods,Shadow Dolls,shadow-dolls,,Mythology,published,"Rank: Shadow Residents

Dolls that appear to be almost human in appearance and take on similar personality traits. These beings are varied in their personalities and are often not as evil as other shadow creatures in the Shadow Realm. They are almost hollow in appearance and has small sparks of life that appears almost entirely to keep them alive indefinitely unless they are broken. The Mirror King created replicas called the Porcelain People for his Mirror Realm.",Main Universe,Mythology; Gods and Goddesses,,,Shadow Realm,
DreamNightmareGods,Derrick the Christmas Killer,derrick-the-christmas-killer,,Mythology,published,"Rank: Shadow Residents

Derrick was a serial killer that killed nearly 100 people in his life. When he died, he was supposed to go to Hell, instead his soul entered the Shadow Realm as directed by Tonik. When the Akuma opened doors between the various realms and universes, Tonik sent Derrick to another universe to continue his deadly killing spree. He is the murder for the Christmas series of stories.",Main Universe,Mythology; Gods and Goddesses,,,Shadow Realm; Universe 60,
DreamNightmareGods,Micha Ryland,micha-ryland,,Mythology,published,"Rank: Shadow Residents
Note: the Dream Killer

A serial killer that haunts peoples dreams after learning how to enter Dreomede and Nigerakarte. Although, her presence is known by Tonik, the residents of Dreomede including Onarosh goes unknown.",Main Universe,Mythology; Gods and Goddesses,,,Shadow Realm; Universe 61,
DreamNightmareGods,Hellshadow,hellshadow,,Mythology,published,"Rank: Shadow Residents

Often seen as Tonik’s most loyal shadow resident, this creature has an almost human appearance. The pins that come out of its body has connections to all its victims. Each pin contains the energy drained from its victims allowing Hellshadow to grow almost godlike in power. He has since taken control over the lower kingdom of Nigerakarte and was sent to Universe 62 to steal more souls.",Main Universe,Mythology; Gods and Goddesses,,,Shadow Realm; Universe 62,
DreamNightmareGods,Ginji,ginji,,Mythology,published,"Rank: Shadow Creatures

Demonic creatures that appear like fairies, with their dark broken wings, deadly acidic blood, and dark natured attitudes. They are fast and appears in almost every bedtime story to scare children into obedience. Once a part of the Black Forest, these creatures were banished to the Shadow Realm by the first fairy because they killed hundreds of fairies for their fairydust.",Main Universe,Mythology; Gods and Goddesses,,,Shadow Realms,
DreamNightmareGods,Inorog,inorog,,Mythology,published,"Rank: Shadow Creatures

A black horse seen with a hundred dark fired tails engulfed in a potent acid. If touched this creature could drain the energy of anyone including gods and send their souls to Hell. This creature was created by Tonik to control and govern the residents of Shadow Realm.",Main Universe,Mythology; Gods and Goddesses,,,Shadow Realms,
DreamNightmareGods,Skin Demon,skin-demon,,Mythology,published,"Rank: Shadow Residents

A convicted killer that wears the skin of his victims. Brian Willworth was a socialite that went insane when he was outed by his parents. His money was stolen by his friends, and his best friend was killed by his boyfriend. His life was destroyed and no one to turn to, except the devil. He gained the ability to steal the skin of his victims and murdered almost everyone in his life. After his initial mission was over, he was killed and sent to Hell. Here his soul was taken by Tonik to become a Shadow Resident. He was later sent to Universe 64 to murder that universe’s version of his family and friends to gain more power.",Main Universe,Mythology; Gods and Goddesses,,,Shadow Realms,
DreamNightmareGods,Truth Stealer,truth-stealer,,Mythology,published,"Rank: Shadow Residents

The Truth Stealer feeds on lies, in Universe 65, he stole everyone’s lies except for a few residents of that universe’s Earth. In fear of his return, the residents of this Earth live in a perpetual state of truth and cannot lie even if they wanted to. One day a man changes that by telling a lie, when the Truth Stealer appeared to him, the man killed the demon and banished him back to the Shadow Realm. Here Tonik made the Truth Stealer one of his Shadow Guards.",Main Universe,Mythology; Gods and Goddesses,,,Shadow Realm; Universe 65; Shadow Guard,
DreamNightmareGods,Shadow Guard,shadow-guard,,Mythology,published,"Rank: Shadow Residents

A group of elite warriors capable of creating dimensional gateways to many parts of the Shadow Realm. A feat previously only capable of by Tonik himself. This power allows the guards to watch and intervene in illegal activities in the Shadow Realm. These guards are bestowed incredible power and are stronger than any other Shadow Resident and Shadow Creature.",Main Universe,Mythology; Gods and Goddesses,,,Shadow Guard; Tonik; Shadow Realm,
DreamNightmareGods,Hell Dolls,hell-dolls,,Mythology,published,"Rank: Shadow Residents

Deadly dolls that contain the souls of previously deceased murderers. Each of these dolls appear almost animated until they are defeated by someone pure of heart. So far collectively these dolls have murdered over 500 people of Earth in Universe 67.",Main Universe,Mythology; Gods and Goddesses,,,Shadow Realm,
DreamNightmareGods,Shadow Realm Ferryman,shadow-realm-ferryman,,Mythology,published,"Rank: Shadow Resident

The ferryman that transports souls between the Shadow Realm and Hell. Because the two realms appear almost side by side of each other, separated by a large black river. The ferryman can freely go between both. On one end, there is fire with cities made up of bones and the other a place of shadows although appearing almost like our own Earth. The ferryman often stays in the Shadow Realm because its more appeasing appearance. The ferryman is the sibling to the ferrymen of Eternity and Onur “the Underworld”.",Main Universe,Mythology; Gods and Goddesses,,,Shadow Realm,
DreamNightmareGods,Gate Watchers,gate-watchers,,Mythology,published,"Rank: Shadow Residents

Gate Watchers are large golem like creatures with almost impenetrable armor. Their only function is to protect the Shadow Realm from invaders from either of its eight entry points. Also, their objectives are to stop those from freely escaping the Shadow Realm without Tonik’s permission.",Main Universe,Mythology; Gods and Goddesses,,,Shadow Realm; Tonik,
DreamNightmareGods,Fear Demons,fear-demons,,Mythology,published,"Rank: Shadow Creatures

A scarecrow like creature that eats bats and humans. Originally a creature of Hell, Tonik convinced these creatures to take residents in the Shadow Realm of which they agreed unanimously.",Main Universe,Mythology; Gods and Goddesses,,,Shadow Realm,
DreamNightmareGods,Arminoids,arminoids,,Mythology,published,"Rank: Shadow Creatures

Half demon, half insect, half human parts. These creatures are powerful and varied in appearance and personalities. Some remember their previous lives, while others don’t allow them to become even more dangerous. They are children to Jegeru and Tonik.",Main Universe,Mythology; Gods and Goddesses,,,Shadow Realm; Tonik; Jegeru,
DreamNightmareGods,Vomir,vomir,,Mythology,published,"Rank: God of Prayer & Silence

A silent god of the Shadow Realm that watches over its residents. It keeps their prayers and deliver them appropriately to their god of worship. Although he barely speaks, his whispers are translated as words to the god Tonik providing council to the deity.",Main Universe,Mythology; Gods and Goddesses,,,Shadow Realm; Tonik,
EarthGods,Tur’,tur,,Mythology,published,"Rank: God of the Earth

Tur' God of the Earth took shape under his mother Santiyline's dress as a trembling boy who could make flowers grow and glow with just a touch. As he grew older his roots burned off and he then took his first step on the grounds that he nourished for hundreds of years before. Now out and about onto the world, Tur' made his contributions first he gave the uninhabitable Earth sweet green grass and beautiful flowers plucked from his hair. Then he spit onto the ground and out came lakes and ponds. From his tears came the nature spirits the Nareids or Earth Maidens. With his fingernails broke off the first magical creature the unicorn. From his sperm came a legion of magical creatures. Now with a world of magical creatures he created them a home separate of the Earth but in its exact image and named it the Other World. Tur' then with his daughters the Nareids gave birth to the satyrs, centaurs, camel, frogs, crocodiles, alligators, and the elephant. For Tur' love life he fell in love with his aunt Adv and when her love was returned the two committed in intercourse. But because his mother Santiyline thought that her sister was taking advantage of her son, she pulled the two apart and placed Adv in the sky and Tur' as the ground of the Earth. But Adv was falling in love and so was her body the sky with her, so to make sure the sky wouldn't collapse on the ground below.",Main Universe,Mythology; Gods and Goddesses,,,Earth Gods,
EarthGods,As a guide on Earth,as-a-guide-on-earth,,Mythology,published,"During the battle in Mostibik, Tur lost most of his powers. Sent to Earth for protection by his mother, Santiyline. He built a robot named Beta 6 and the two created a base under the Earth to create and guide numerous super powered individuals on Earth against the rising demonic forces. He took the powers of his fellow gods and placed them inside of crystals calling the Earth Crystals and scattered them across the world. He collected them again when he needed to form the Earth Raiders, a team of young individuals who will save the world from the oncoming rise of Santaniel.",Main Universe,Mythology; Gods and Goddesses,,,,
EarthGods,Losia,losia,,Mythology,published,"Rank: Creator of Lostasia

Losia was founder and sometimes referred to as the creator of Lostasia. He was the first man but when he became to smart, the gods took him to the heavens and made him a god. From there he watches over Lostasia and serves as their protector.",Main Universe,Mythology; Gods and Goddesses,,,Earth Gods,
EarthGods,Ku’,ku,,Mythology,published,"Ku' Flame eared snake headed deity that never reveals himself to anyone not even the gods unless they threaten nature. Sent to Earth by Santiyline, this deity uses its ears to listen out for intruders and hides in the deep woods with its ears covered by grass.",Main Universe,Mythology; Gods and Goddesses,,,Elitsyian Gods,
EarthGods,Cresha,cresha,,Mythology,published,"Rank: Goddess of the Sacred Gardens

In the sacred garden demons and spirits could not enter, as for gods they had to have permission by the Elitsyians and Cresha before entering. Cresha protected the lands until the final day when the mysterious but beautiful garden disappeared. In Christian Mythology this garden is called the Garden of Eden.",Main Universe,Mythology; Gods and Goddesses,,,Earth Gods,
EarthGods,Den Vao,den-vao,,Mythology,published,"Rank: Gods of Doors & Entrances

Den Vao was Door Protectors and Land Gods. Protective spirits, the Den Vao live inside doorways and come out at midnights. Their true forms are similar to thousands of shape shifting little creatures both half dwarf and half gremlin. Sometimes very sneaky and pranksters they were also very loving guardians of families and young children. The only ones to see them are those they protect and magical deities.",Main Universe,Mythology; Gods and Goddesses,,,Earth Gods,
EarthGods,The Dog,the-dog,,Mythology,published,"Rank: Godly Warriors

The Dog is the most powerful deity to the upper North Lostasia and he contains the head of a dog, paws, a tail, and human body. The Dog separated himself early on from other myths because he believed that his importance should stay in secret. His goal is to protect humanity and is consider high priest over all other Earthly warriors and while in the afterlife, spirits of dead warriors slain in battle go to his kingdom, Kinvalla, where they eat and celebrate their deaths for eternity. Here the Dog live in honor and peace, where he also watches over war battles and judge those slain in them. Those worthy enough go to his kingdom to rest in peace for eternity and those not worthy go to his Field of War, Copria, where they train for the Final Battle.",Main Universe,Mythology; Gods and Goddesses,,,Earth Gods,
EarthGods,The Cat,the-cat,,Mythology,published,"Rank: Goddess of Balance & Order

The Cat Goddess of Balance and Order is cat headed and have feline attributes. Opposite to The Dog, she uses her magical powers to keep balance, order, and peace in the world. The stars sit at her footsteps and at the end of her magical halls in her kingdom, Polltotum, lay very giants cats that gave birth to the cosmos and its many wonders. She was worshiped only in Upper Lostasia where she was more powerful of all else and is consider Queen of All Things as for Crienta is celebrated elsewhere. Even though she argued constantly with Dog she created the Field of War for him so that fallen warriors could prepare for the final battle.",Main Universe,Mythology; Gods and Goddesses,,,Earth Gods,
EarthGods,Sayr,sayr,,Mythology,published,"Rank: God of Agriculture & Farming

Sayr the God of Agriculture and Farming. Sayr is product of Sonos and the Nymph, Smu. Whenever he was sad he planted hundreds of fruits and vegetables at a time. His home was the first barn and from clay he made the first sheep, boars, crow, beaver, and owl. He had the lower torso of a chicken and the upper body of a teenage boy. His daughters and often companions are the Dynameids.",Main Universe,Mythology; Gods and Goddesses,,,Earth Gods,
EarthGods,Elexan,elexan,,Mythology,published,"Rank: God of Travel & Roads

Elexan concord of thieves and God of Travel and Roads created the first road and village to help trade secrets back into the rest of the world. Although a trickster and the counterpart to the Norse god Loki he had no decent chain of story. His child was the first thief and the first pirate and like Crochen he had a concord of thieves and pirates who roamed the world searching for priceless items. In the war against Atlantis, Elexan led the war and nearly conquered the island if not for his own greed to still its treasure and technology. This act caused him his life and major damage to Lostasia's eastern and southern coast.",Main Universe,Mythology; Gods and Goddesses,,,Earth Gods,
EarthGods,Smod,smod,,Mythology,published,"Rank: Goddess of Harvest

Smod Goddess of the Harvest is the most beloved Goddess in all of Elitsyian Myths. Because of mankind's love for her she was granted a position with the Royal Circa deities but denied it to remain among mortals. Temples, ritual sites, cities, and festivals were built in her honor. Festivals are thrown in her honor across Lostasia and she attends each and when hearths above fireplaces are lit in her honor she grants the household safety through the night. With her blessings the home is protected from demonic spirits that plague the homes of newborn children.",Main Universe,Mythology; Gods and Goddesses,,,Earth Gods,
EarthGods,Onys,onys,,Mythology,published,"Rank: God of Wine & Festivals

Onys is God of Wine and Festivals and son to Smod, unlike his counterparts from other myths he is very polite but with more than often lazy behavior. In his many forms he took various other acts such as huntsman, Omire God of Hunting and Fishing. In this form he gave the world fish and the sport of hunting, but when he was angered by a tribe he gave the tasty and beautiful fish scales and bones. In his original form he honors his mother by playing instruments at festivals, he is responsible for magical beer that can cause the drinker to become intoxicated. From his sacred garden he mixes grapes and other fruits with water to make his beverages that hes known for. His creations are the grape, beer, wine, and festivals.",Main Universe,Mythology; Gods and Goddesses,,,Earth Gods,
EarthGods,Illara,illara,,Mythology,published,"Rank: Goddess of Hunting, Animals, & Archery

Illara goddess of Hunting, Animals, and Archery is daughter to Omire, but like her father she is only worshiped in Western, Northern, and Central Lostasia. With the absence of hunting in the other parts of Lostasia, the Elitsyians gave her a counterpart and named her Aralli which is Illara backwards. Unlike Illara, Aralli was evil although she protected animals and hunters, she had little to care about anyone else. Illara founded Archery and presented it to the Indians and Aztecs in honor of her husband Well. Together they gave birth to Morch.",Main Universe,Mythology; Gods and Goddesses,,,Earth Gods,
EarthGods,Jakilen,jakilen,,Mythology,published,"Rank: Volcano & Mountain God

Jakilen is the Volcano and Mountain God and eldest son to Siphnu. His older brother is Volkanos in which the word volcano derives from. He is one of avatars to Khani and after Khani being banished to HELL, Jakilen was born from rock and fire to curse the world with erupting mountains. His kinder brother Volkanos hated his brother's temper so much that he sealed him beneath the earth forever. Whenever he sneezes or laughs volcanoes erupts.",Main Universe,Mythology; Gods and Goddesses,,,Earth; Fire Gods,
EarthGods,Xesir,xesir,,Mythology,published,"Rank: God of Construction

Xesir son to Volkanos, he was born of steel and dead skin. Xesir provided the first steel structure and erected the first mountain. His main worship is in Mountainville and is the God of Construction. Golems were his children and gremlins were his guardians all made of rock and crystal.",Main Universe,Mythology; Gods and Goddesses,,,Earth Gods,
EarthGods,Sesir,sesir,,Mythology,published,"Rank: Goddess of Statues

Sesir daughter to Xesir and Frisk. Sesir is Goddess of Statues and would serve later on as mother to other deities such as Tolen and Sole the first shaman. She built the first statues in honor of the gods and erected them high above all else.",Main Universe,Mythology; Gods and Goddesses,,,Earth Gods,
EarthGods,Tolen,tolen,,Mythology,published,"Rank: God of Cities, township, & industries

Tolen god of cities, township, and industries is the proud son to Sesir. Born from her left nipple he is also considered a warrior of the city he is worship, Mountainville. Following in his grandfather's footsteps, Tolen built the first city and town in honor of Xesir. In every new city a pile of rocks were found at the entrance and with this offering, the newborn city will experience long wealth and protection.",Main Universe,Mythology; Gods and Goddesses,,,Earth Gods,
EarthGods,Li,li,,Mythology,published,"Rank: God of Earthquakes

Li is God of Earthquakes and father to the Serpent and Hydra. With his children, Li travels the underworld torturing the living world above. Seen as half bull and half cyclops, Li is very powerful and with the help of his wife, Jegeru they dominate parts of the underworld and occasionally protects the Gates of HELL. His creations are the serpent, hydra, bull, and the Kraken.",Main Universe,Mythology; Gods and Goddesses,,,Earth Gods,
EarthGods,Bornude,bornude,,Mythology,published,"Rank: God of Corn

Bornude god of corn is a minor Earth god that only his protection of corn made him somewhat of a legend in Lostasia. His father is Tur' and his mother is the nymph Kos.",Main Universe,Mythology; Gods and Goddesses,,,Earth Gods,
EarthGods,Nusuwaka,nusuwaka,,Mythology,published,"Rank: Earth Goddess

Nusuwaka originally worshiped as a water goddess because of her association with a magical fountain that from it came the rich honey of the immortals. Found near the sacred garden of Santiyline this deity came along way from a water deity into a mature Earth Goddess. Nusuwaka was born from the waters of the biggest blossom tree in Lostasia. Along with her brother Hoshiume she dances among the gods and grants them with chalices that hold the golden honey.",Main Universe,Mythology; Gods and Goddesses,,,Water Gods; Earth Gods,
EarthGods,Hoshiume,hoshiume,,Mythology,published,"Rank: Earth God

Hoshiume originally worshiped as a water god because of his association with a magical spring and wishing well. From the wishing well was the golden honey which collapsed into the magical spring that flowed quietly into the Sea of Time. Hoshiume gave important notice that he was an Earth God with his contribution of the first well, waterfall, forest, and he created the valley. Molded out of a blossom tree's magical river, Hoshiume was brother to Nusuwaka.",Main Universe,Mythology; Gods and Goddesses,,,Earth Gods,
EarthGods,Red Grape,red-grape,,Mythology,published,"Rank: None

Red Grape was given his name because of his red face and grape shaped head. Worshiped primarily in Western Lostasia and on the Islands of Lostasia where he also was believed to create the islands from the seeds of giant grapes that fell from the Heavens. When the lands became harden, he gave them the first fruit trees and animals to enjoy them. In his sacred garden hidden far away from all else in the now Antarctic Ocean he enjoyed playing an ancient form of soccer and planting.",Main Universe,Mythology; Gods and Goddesses,,,Earth Gods,
EarthGods,White Maiden,white-maiden,,Mythology,published,"Rank: Supreme Goddess

White Maiden was worshiped on the Islands of Lostasia as their sacred supreme goddess. She made men and women and gave them the gift of fire and grew plants for them to eat. Their homes she made straw and stones to protect them from harsh weathers. Although she was always seen happy and very loving, this deity also was associated with war and death. When angered by those who dare hurt animals or her many wonders of nature, she would bring war to their homes or cities. After the death of someone she would carry their souls to a temple where she burned them so they could be reborn. Fires are lit along with burning the bodies of the dead so that those who die could be reborn. Once reborn children are given the names of those once passed away to not just honor them but to give them similar traits that they had. Her real name is unknown but because of drawings on wet sap paper caused her to become the now name White Maiden.",Main Universe,Mythology; Gods and Goddesses,,,Earth Gods,
EarthGods,Shiannona Noon,shiannona-noon,,Mythology,published,"Rank: Earth Goddess of Grain & the Unicorn

Shiannona Noon was a minor Earth Goddess of the Grain and Unicorn. Represented as avatar to Shiannona, Shiannona Noon had a magical horse name Will adopted from Elitsyian Mythology which showed their brief connection. While on Will, Shiannona Noon gave good fortune to those who left her pastures of corn and wheat both which were sacred to her. Goddess of Grain, Harvest, Wheat, and the Unicorn, Shiannona Noon was a beautiful, middle age, and old woman throughout the day and was reborn to youth in the morning to show the respected turning of nature. Shiannona Noon wore robes of gold and silver leaves hanging from her belt made up of wheat.",Main Universe,Mythology; Gods and Goddesses,,,Earth Gods,
EarthGods,Ooh,ooh,,Mythology,published,"Rank: God of the island Mo

Ooh meant “hurt” to the Elitsyians and from this name they created the idea of the great force that sunk their once capital city, Mo. Ooh was God of this island and when the city refuse to worship him one day, he sunk it in retaliation. After this he would go unworshiped and slowly disappear from further stories.",Main Universe,Mythology; Gods and Goddesses,,,Elitsyian Gods; Earth Gods; Water Gods,
EarthGods,Castle Gods,castle-gods,,Mythology,published,"Rank: Earth Gods of Kite Island

Castle Gods were rock and Earth Gods that made castles for royalty. Their works were imported into several surrounding islands including Lostasia. They help make the home to the Elitsyian Royal Circa Gods. Often seen as bulky and loud men with rude attitudes always laughing and playing, the Castle Gods are rarely told apart as they felt like brothers and remain as such in their followings.",Main Universe,Mythology; Gods and Goddesses,,,Kite Island Gods,
EarthGods,Gardena,gardena,,Mythology,published,"Rank: Goddess of Flowery Pastures and patron of gardens

A beautiful maiden of Santiyline who planted beautiful gardens across Lium for her. She never interacted with humans however her gardens have been much subject by them. Believing that they were so beautiful as told by a passenger saying he had saw them. The residents of Elitsyia created replica gardens and dedicated statues to the deity.",Main Universe,Mythology; Gods and Goddesses,,,Earth Gods,
EternityLifeTimeGods,Sontarti,sontarti,,Mythology,published,"Rank: Balancer of Life

Sontarti balanced life with his glowing orbs. Instead of arms and hands, Sontari had magical crystal globes floating where his arms should be. To balance life, his globes would stay at equal length, but at the end of time at the battle of Mostibik they fell and time stopped.",Main Universe,Mythology; Gods and Goddesses,,,Elitsyian Gods,
EternityLifeTimeGods,Malkit,malkit,,Mythology,published,"Rank: Guardian of the Gates of Life

Malkit is the lion like god that guards the gates of Life. His name is invoke on whenever someone nears death. His magic and a sacrifice can promise the spirit a safe journey through the dangerous underworld.",Main Universe,Mythology; Gods and Goddesses,,,Elitsyian Gods,
EternityLifeTimeGods,Titani,titani,,Mythology,published,"Rank: Guardian of Heaven

Titani is the frog headed god that guarded the heavens. He was rarely seen on earth and when he was he moved so fast jumping from mile to mile that many couldn't remember how he looked. Seen as a deity that only was seen in his own domain he wasn't worshiped much and the mystery of why he was included at all in Elitsyian Myths is unknown, so his actual role in the myths is still unsolved.",Main Universe,Mythology; Gods and Goddesses,,,Elitsyian Gods,
EternityLifeTimeGods,Selbi,selbi,,Mythology,published,"Rank: Spiritual Guide of Creation

Caped in wires of plants and metal, this goddess used her magical lantern in creation to guide spirits into the land of the living so they can be born. She also assists in childbirth and protects mothers and wives. Her name is called on by women to become pregnant when in other ways they cannot.",Main Universe,Mythology; Gods and Goddesses,,,Elitsyian Gods,
EternityLifeTimeGods,The Names,the-names,,Mythology,published,"Rank: Watchers over Eternity

The Names are deities that keep watch over Eternity. From their realm hidden away from all else they were created by Elshack to tend to the future. Before and after the Final Battle they existed and to the response of the High Council, they reset time and created a new world, with more exciting things for mankind. They took powder from fallen stars and sealed away all living things in it and then they restore all else and placed mankind in the new world. Here mankind learn to live with the help of gods and had no memory of their lives before.",Main Universe,Mythology; Gods and Goddesses,,,Elitsyian Gods,
EternityLifeTimeGods,Santare’,santare,,Mythology,published,"Rank: Caretaker of Heaven

Santare' took precious care of the gardens of Helliholm “heaven”. Around it laid several beautiful gardens that were not to be harmed or ever tarnished by evil. She grew giant trees and from their limbs were giant fruit. This process took 10,000 years and in that time, Santare' tended to the gardens like they were her children and so the Elitsyians called her Mother Nature before they created Santiyline. Once the fruit were ripe, Santare' held massive parties for the gods and goddesses of Elitsyian Mythology and they ate the fruits which allowed them eternal youth and great strength for another 10,000 years.",Main Universe,Mythology; Gods and Goddesses,,,,
EternityLifeTimeGods,Barwick,barwick,,Mythology,published,"Rank: Creator of the Book of Life

Barwick made a book from wood and called it the all knowing book of the people. It read all things and from its contents he learned how to create the milky way in which the gods also bathe in to remain immortal. He created the Book of Life of which the Lazarons uses to fight against dark forces.",Main Universe,Mythology; Gods and Goddesses,,,,
EternityLifeTimeGods,Shiannona,shiannona,,Mythology,published,"Rank: Queen of Eternity

Shiannona was Queen of Eternity, her presence with the Islandia Elitsyians were even greater than Crienta. She existed above all else and had no use for immortality and thus lived with humans. But one day a wrath of demons fled the Earth looking for immortality and her power was needed so she swept to the skies and become the deity that she is today. With the Jonireres she is worshiped as their version of the Creation Mother a deity in mythology that created all things. From her necklaces carried many things, four jewels that represented the moon, sun, Earth, and the Underworld and wrapped around it was a iron disk that was the universe. Her hair was golden and came the roots of the Earth. Her skin was the milky way. Her home was on top of a giant phoenix that flames bought heat to the gods while the sun brought heat to the humans. Her wings blew wind down to earth. The Jonireres thought that Shiannona laid 4 eggs. When they hatched the heavens were made from the yolk, from the white milk around the yolk was the milky way, and the whites became the stars. The liquid from the yolk was the rivers of the world. From her tears came the first man and woman. Like an animal, Shiannona could shed her skin like fur and came the grounds of the Earth. To show her cultured around the world, her chariot was led by Sphinx from Egypt. In her giant palace stood hundreds of halls, in each lied different worlds that offered valuable things. At one of the main hall, lied the sun and the other end the moon. In its center lied the Earth floating above rocks representing the underworld. She brought the sun across the hall over the Earth and set it next to the moon. Then she took the moon across to the other side and back across to the other side at dawn. At the end of time, the Jonireres knew Shiannona would grow angry at them and throw the world into the rocks killing all things. So to make Shiannona happy they merged her with Crienta in stories to widen her worship. In the New World Order which was set after the prophesied Mostibik, Shiannona would rule all things.",Main Universe,Mythology; Gods and Goddesses,,,Elitsyian Gods,
EternityLifeTimeGods,Ferryman of Eternity,ferryman-of-eternity,,Mythology,published,"Along with the Ferrymans of the Underworld and Ferryman of the Shadow Realm, the Ferryman of Eternity is a spirit that takes souls to a different realm. It appears in the form of a woman with a long veil and skeletal face. She can easily move between Oblivion transporting once immortal souls to their afterlife and can appear also in Heaven, Hell, the Underworld and is the oldest of her siblings existing before even Shecknurd and Death (Time and Death).",Main Universe,Mythology; Gods and Goddesses,,,Eternity; Life,
EternityLifeTimeGods,Ikna’ra,iknara,,Mythology,published,"Rank: Primordial of Eternal Death

A powerful entity that appears before all gods before they die. Like the Primordial One Death. This being is a large, cloaked figure with long flowing red hair and sharp nails. When waiting for death, she appears in her plane alongside Olerta and is an often accomplice.",Main Universe,Mythology; Gods and Goddesses,,,Eternity; Life,
EternityLifeTimeGods,North Star,north-star,,Mythology,published,"Rank: Goddess of the Northern Lights

A cosmic star that can appear almost human and was once considered the Northern Light. A passing deity that can glide across the night sky blessing the children of those that worships her.",Main Universe,Mythology; Gods and Goddesses,,,,
EternityLifeTimeGods,Jesus,jesus,,Mythology,published,"Rank: Messenger of GOD

A human that was blessed by GOD before their birth. On the night of Jesus’ birth, three angels came to visit her, on that night they foretold of Jesus power, mission, and for the sake of humanity told the mother that he would unite the world. Jesus’ power consists of Transmutation which allows him to turn items into another form. After death, Jesus’ ascended to Heaven where he became an angel that sits next to GOD in Araboth.",Main Universe,Mythology; Gods and Goddesses,,,GOD,
EternityLifeTimeGods,Arcota,arcota,,Mythology,published,"Rank: Spirits of Time

Arcota are gentle spirits of time that live in Andvom a place existing out of space and time. From here all things are recorded and the Arcota keep the records up to date. Because there are so many no one Arcota is described separately. They are pictured as white maidens with long hair and sharp fingers. There screams are so loud that when heard on earth it can shatter glass and crumble mountains. They come before someone that is near death and they write down the person or animals history.",Main Universe,Mythology; Gods and Goddesses,,,Elitsyian Gods,
EternityLifeTimeGods,Timpo,timpo,,Mythology,published,"Rank: God of Time

Timpo was the elephant God of Time, lower body of an elephant and upper body of a man, Timpo could see in the dark and predict the future. His name was translated into Time.",Main Universe,Mythology; Gods and Goddesses,,,Elitsyian Gods,
EternityLifeTimeGods,Postia,postia,,Mythology,published,"Rank: Goddess of the Past and Reincarnation

The goddess of the past, she was mother to the Arcota and with her and Shecknurd, they birth the cosmic balance that represented past lives and reincarnation. She was highly worshipped in the northern and eastern parts of Elistia.",Main Universe,Mythology; Gods and Goddesses,,,Elitsyian Gods,
EternityLifeTimeGods,Dedilus,dedilus,,Mythology,published,"Rank: God of the Future and Prophecies

Representing the future, Dedilus was a disfigured deity that was once human until Shecknurd shocked of the man’s will to live and extensive knowledge granted him immortality and the post to guard the Gates of Time. It is believed that the Greeks created the god Chronos after him.",Main Universe,Mythology; Gods and Goddesses,,,Elitsyian Gods,
FireGods,Volkanos,volkanos,,Mythology,published,"Rank: God of the Forge, Fire, & Blacksmith of the Gods

Born deform his father Born' banished him from the Heavens. While wondering the Earth, he came across Jakilen and the two befriended each other and Volkanos built hundreds of weapons to battle against the other gods. But once Volkanos found out about Jakilen's true plan to destroy the world to free his true form Khani, Volkanos sealed Jakilen beneath the Earth and left for the Heavens again. This time awaiting him was the gods and they granted him place among them for his efforts. While in the Heavens he makes magical and indestructible weapons for the gods and sometimes for other entities. In the final battle, Volkanos made the Key of Humanity and gave it to Kanos to protect the world from the Final Battle.",Main Universe,Mythology; Gods and Goddesses,,,Elitsyian Gods,
FireGods,Akudrum,akudrum,,Mythology,published,"Rank: God of Smoke

Akudrum was the fire headed god of smoke. Although he played no major role in Elitsyian Mythology he was however worshiped at camp fires for protection of campers. It was believed that his smoke from fires could guide those lost in the darkness or in the forests.",Main Universe,Mythology; Gods and Goddesses,,,Elitsyian Gods,
FireGods,Jagnur,jagnur,,Mythology,published,"Rank: Iron God & Blacksmith

Jagnur was Iron God and Blacksmith of armor and weaponry. A minor earth and fire deity, Jagnur was a wolf with armor and vast knowledge. He watched over the forest and howl when intruders threaten it. His tears could heal and his fangs could kill immortals, with his fur could make someone or something indestructible. His eyes were the moon and suns of the magical world and he protected it with all his power. He was assistant to Volkanos and created weapons for mortal kings and magical armies for cities whom made peace offerings to him.",Main Universe,Mythology; Gods and Goddesses,,,Elitsyian Gods,
FireGods,Muda,muda,,Mythology,published,"Rank: Wife to Con

Muda took precious jewels from the Earth and carved them into 5 beautiful goddesses. While they grew and sprouted into the 5 goddesses, Muda left their side and rode off into the winds. Here she would come across the god of Light, Con and the two caught each other's attention so much that love was shared. Con instantly married the goddess and brought her to his kingdom hidden deep in the sun. Marrying them off was the Sun God, Ohn, but he too adored the deity and thus he challenged, Con to battle for her love. Con not one to fight gave into the proposal of which Ohn won. Muda who didn't agree with this denied but offered one of her daughters, Mua, Goddess of Fire to Ohn instead which Ohn accepted. Muda return to her daughters with Con and Con named them the elements and of which they also protected. On the islands of Lostasia women worship her for standing up against the powerful god, Ohn and to this day many women pray to her for inner and physical strength.",Main Universe,Mythology; Gods and Goddesses,,,Fire Gods; Sun Gods,
FireGods,Mua,mua,,Mythology,published,"Rank: Volcano Goddess of Fire

Mua was the Volcano Goddess of Fire that sent lava to harden into the many islands of Lostasia. Of the 17 islands she is greatly worshiped on 16 of them as the creator goddess. She was daughter to Muda and was married off to Ohn as a present to the Sun God. Her anger was often and she wanted all things as part of her domain, to get what she wished she sent flames down to villages and threaten to destroy all. As presents, villages sent baskets of jewelry and food to her temples of those she visited often. Her breasts were the volcanoes, her heart the Earth's core, and her hair was the lava that rested on her breasts and flowed onto the grounds of her once husband Tur'. Story of Tur' and Mua lasted only one chapter and stated that the two gods loved each other so much that they made the Earth and gave it wondrous features. But because of her temper, the earth god Tur' fell out of love from her and the two went their ways. To punish him, Mua threw thick flames onto Tur' and burned his wondrous fields and precious forests.",Main Universe,Mythology; Gods and Goddesses,,,Fire Gods; Sun Gods,
FireGods,Antient,antient,,Mythology,published,"Rank: God of Fire

Antient held as one of the 20 forms of Si'unduru,opruma was God of Fire and brought it to mankind to light their way into life. Antient grew so old after revealing his secret that he turned to ashes and from those ashes he was reborn as the Sun God.",Main Universe,Mythology; Gods and Goddesses,,,,
FireGods,Fire Spirit,fire-spirit,,Mythology,published,"Rank: God of the Forge

Fire was God of the Forge; this spirit gave light to humans and taught them how to build objects. Also the God of Light and Inventions, Fire was probably the most well known god on Memorai. Fire was blacksmith of the other gods and with his muscular appearance he was adored by all goddesses and women alike. With long hair of molten lava and broad shoulders that were the mountains of the earth and teeth that protected the underworld, he was of massive size but had the heart to match. Although appearing sometimes as an angry giant, Fire was gentle and often clumsy setting things ablaze.",Main Universe,Mythology; Gods and Goddesses,,,,
IslandiaMyths,The Dentehigh,the-dentehigh,,Mythology,published,"Rank: Gods of Nomodia Isle

The Dentehigh were a significant race of supreme deities, almost a thousand in counting these gods were both male and female and brought the human race to share their wisdom with and pass down their many beliefs. But unlike most deities, the Dentehigh were no more immortals than the mortals they created, they were ascended race of humans that lived before the creation of our current world. When they came back to Earth they created Nomodia Isle to be their home. Some of the prime figures were Nute, Chit, Repere, Conni, Spare, and Dow who all created the world. Denmore, Lost, History, Unova, Jinger, and Weeze all created the universe and were very wise. Donmore and Xstrophe created eternity and the heavens. Doshi was evil and he created Hell and the underworld for evil spirits to roam. To the Nomadians belief system, the Dentehigh made a powerful spark of light that would create all things and with the help of their powers man would create everything that was needed for life on Earth. Overtime the world formed and new things came to life and men grew wiser to their surroundings.",Main Universe,Mythology; Other Myths,,,Nomodia Isle Gods,
IslandiaMyths,Denmore,denmore,,Mythology,published,"King of the Gods, God of Carpentry & Crafts",Main Universe,Mythology; Other Myths,,,,
IslandiaMyths,Lost,lost,,Mythology,published,"Queen of the Gods, Goddess of Toys, Cuttery, and Blessings",Main Universe,Mythology; Other Myths,,,,
IslandiaMyths,History,history,,Mythology,published,"God of the Past, Recordings, and Lectures",Main Universe,Mythology; Other Myths,,,,
IslandiaMyths,Wicked,wicked,,Mythology,published,"Note: Deaf, Lazy, & Blind

Personifications of Wicked, Lazy, Deaf, and Blind",Main Universe,Mythology; Other Myths,,,,
IslandiaMyths,Wicked,wicked-mythology,,Mythology,published,,Main Universe,Mythology; Other Myths,,,The Dentehigh,
IslandiaMyths,Deaf,deaf,,Mythology,published,,Main Universe,Mythology; Other Myths,,,The Dentehigh,
IslandiaMyths,Lazy,lazy,,Mythology,published,,Main Universe,Mythology; Other Myths,,,The Dentehigh,
IslandiaMyths,The Blind,the-blind,,Mythology,published,,Main Universe,Mythology; Other Myths,,,The Dentehigh,
IslandiaMyths,Unova,unova,,Mythology,published,Goddess of the elements,Main Universe,Mythology; Other Myths,,,,
IslandiaMyths,Jinger,jinger,,Mythology,published,"Blacksmith of the gods, God of Strength, Courage, and Wisdom",Main Universe,Mythology; Other Myths,,,,
IslandiaMyths,Weeze,weeze,,Mythology,published,"God of War, Sacrifice, and Disorder",Main Universe,Mythology; Other Myths,,,,
IslandiaMyths,Donmore,donmore,,Mythology,published,God of Eternity and Death,Main Universe,Mythology; Other Myths,,,,
IslandiaMyths,Xstrophe,xstrophe,,Mythology,published,Goddess of the Heavens,Main Universe,Mythology; Other Myths,,,,
IslandiaMyths,Doshi,doshi,,Mythology,published,Creator of Hell and the Underworld,Main Universe,Mythology; Other Myths,,,,
IslandiaMyths,The Unvin,the-unvin,,Mythology,published,"Rank: Spirits of the Underworld

The Unvin are a creative collective that roam the underworld in black sheep skinned cloths. Unseen by anyone these beings once lived on Earth until members of the Dentehigh banished them beneath the ground. Because of their beliefs, many Nomadians refuse to believe that these beings were the first race of humans, although many other societies state that they were. These creatures guarded dreams, protected the underworld, guided and tortured the dead, the Unvin also help spirits travel to Eternity for peace.",Main Universe,Mythology; Other Myths,,,Nomodia Isle Gods,
IslandiaMyths,Dontings,dontings,,Mythology,published,"Rank: Shape shifters

Residents of Kite Island believed in house spirits known as Dontings, shape shifters that were usually harmless unless angered because they were not left presents. Not liking to be seen, the Dontings wore long robes and covered their faces with their long hair, very fast they were also great cooks and even greater shoe makers.",Main Universe,Mythology; Other Myths,,,Kite Island Gods,
IslandiaMyths,Mirror Spirits,mirror-spirits,,Mythology,published,"Rank: Creators of the Reflection

Mirror Spirits were creators of the reflection and unlike other deities; they were spirits of tense light and could burn the pupils of anyone that’s not an immortal. They took many forms and could control the dreams of the sleeping.",Main Universe,Mythology; Other Myths,,,Kite Island Gods,
IslandiaMyths,The Tikes,the-tikes,,Mythology,published,"Rank: Fertility Gods

The Tikes were fertility gods rarely seen and written about, the Tikes were less worshiped then their brethren the War Gods, Tionide. The Tikes were numbered in the hundreds and each human person including animals had their own Tike which blessed them with reproduction, good wealth, and sense of direction, knowledge, great sight, and good luck. Also the Tikes were love gods and helpful servants to Jessana of Elitsyian Mythology.",Main Universe,Mythology; Other Myths,,,Kite Island Gods,
IslandiaMyths,The Tionide,the-tionide,,Mythology,published,"Rank: War Deities

The Tionide were powerful war deities, seen in numbers of thousands, these sometimes giant gods all sat around a magical spinning round table. At its center was the world and together they split the world up so they could rule. In each part of the world, the Tionides created wars to conquer other nations and build their own. Then they made languages and taught stories, poetry, art, battling, and magic to their new followers. The Tionide also was known to mostly men with the exception of the female goddess, Bolgride.",Main Universe,Mythology; Other Myths,,,Kite Island Gods,
IslandiaMyths,Bolgride,bolgride,,Mythology,published,"Bolgride was so beautiful that her brothers protected her at all cost. At the end of time, Bolgride was killed by a dart shot from across the oceans, and the Tionide raged war against the Earth destroying all things even themselves.",Main Universe,Mythology; Other Myths,,,,
IslandiaMyths,Enkidia,enkidia,,Mythology,published,"Rank: Love, Peace, & War God/Goddess

Enkidia was a love, peace, and war deity. He was both a male and female and shared consorts for both forms. In his male form he was the Love God, Enchris and as a woman he was the War and Peace Goddess, Enkidi. The two forms met under the tallest apple tree, once here they met and kissed. The kiss brought love to human hearts, war to their minds, and peace to their lives. The consort of love and war was shared in cultures around the world as the two was constant lovers. Enkidia was then formed out of their love making and the gods merged them together.",Main Universe,Mythology; Other Myths,,,Kite Island Gods,
IslandiaMyths,Enchris,enchris,,Mythology,published,"Rank: God of Love

Enchris was the handsome God of Love and Fertility. His heart was shared as the first heart of the first man. With his skin came their clothing and pieces of his hair came their weapons to hunt. All of these things were associated with him and he was classified as God of Hunting and Fashion. So captivating by the goddess, Enkidi that the two later fell in love and mated given birth to the first man and woman. They were so passionate that the gods merged them together.",Main Universe,Mythology; Other Myths,,,Kite Island Gods,
IslandiaMyths,Arte-Mode,arte-mode,,Mythology,published,"Rank: Ancient Creator Gods

The Jonir Gods are a legion of great deities worshiped mainly on the Islands of Lostasia. Each island believed in these 12 deities as their creators and protectors. One in particular created all evil and unleashed onto the world. From the darkness came the universe and with the stars were born the gods. The eternal light from each star gave the gods their immortality and ultimate powers. The Jonir Gods made their home, Jonira from ice and rock made by the once cold sun. Jonira had many temples, cities, forests, and beautiful land features that made all that saw it want to live there. The gods sat in their meeting hall high above all else. In this sacred place all fates were decided by ancient spirits. Arte-Moda were so ancient that they were first created from the darkness. With exceptional knowledge these deities reigned over all as wise angels. They drunk from the milky way believing that it could give immortality. High above the Heavens they sat and sung heavenly songs that could control the minds of all even the gods. They were supreme gods that were associated with rain, thunder and lightning, Earth and its landforms, nature, great cities of rock and metal, and the waters of the world. Although, rarely associated separately these deities existed as 15 high ranking gods and goddesses.",Main Universe,Mythology; Other Myths,,,Kite Island Gods,
IslandiaMyths,Lthrenta,lthrenta,,Mythology,published,"Rank: Supreme Creator God

Lthrenta was supreme creator god and was associated with War and Death; he created the underworld from shattered rocks brought to Earth after its creation. He then constructed a war plan to take over his sibling’s kingdom and rule over all creation. Lthrenta was old and very wise and the people from the Islands of Lostasia associated him with Wisdom and Power. His left eye was cut out by a warrior wolf demon that he would later slay and placed him into the sky as the moon. His hammer, Omptguild was so fierce that when stroked on the ground caused earthquakes, when he spiked the clouds rain spilled out, and he then threw thunderbolts from the sky. In all, Lthrenta was referred to as God of Thunder, War, Death, Wisdom, and Power. In his room he held the book of all knowledge and from it came the wisdom of humanity. Lthrenta was the all powerful and one of the strongest Jonir Gods that also carried the dead off into his second home the underworld.",Main Universe,Mythology; Other Myths,,,Kite Island Gods,
IslandiaMyths,Umetrah,umetrah,,Mythology,published,"Rank: Supreme Goddess

Umetrah supreme goddess made grain and rice from the rain. She planted them on earth to grow vegetables, fruits, and several trees. Although all powerful, this deity was only seen when the Earth cried for her and even at that moment she would appear more as a whisper in the winds.",Main Universe,Mythology; Other Myths,,,Kite Island Gods,
IslandiaMyths,Rem,rem,,Mythology,published,"Rank: God of the Sky & Sea

Rem doubted that he would ever become king after the Arte-Moda gave the throne to his brother Lthrenta, so he took the skies instead. He gave man gracious winds and he controlled the seas. His daughters the Nu were several maidens that pushed the waters of the sea to make waves. Rem was the elder God of the Sky and Sea.",Main Universe,Mythology; Other Myths,,,Kite Island Gods,
IslandiaMyths,Nu,nu,,Mythology,published,"Rank: Parents of lakes, rivers, streams, waterfalls, & the oceans

Nu was 5 elegant maidens who moved the waters and gave birth to lakes, rivers, streams, waterfalls, and the oceans. They were fathered by Rem who constructed them out of icy rain called snow. Seen as warriors made of water these beautiful goddesses rode on chariots pulled by ice and fire horses.",Main Universe,Mythology; Other Myths,,,Kite Island Gods,
IslandiaMyths,Deam,deam,,Mythology,published,"Rank: God of Magic & Protection

Deam body was covered in white ash with skin of blue and white metal. Deam was so powerful that the other gods banished him behind giant doors made of golden rock and steel. Deam at one time was God of Magic and Protection, but while in his tomb, Deam sends his soul to the Heavens to carry the sun across the sky at dawn and the moon across after he settles the sun in the ocean. Deam does this deed to hopefully be freed, with a hidden agenda to rule over all things.",Main Universe,Mythology; Other Myths,,,Kite Island Gods,
IslandiaMyths,Pinikuhwa,pinikuhwa,,Mythology,published,"Rank: Supreme Goddess & Goddess of the Sun

Pinikuhwa was Mother Sun, she was so powerful and beautiful that the gods granted her with a shining crown. She ruled the heavens with Lthrenta and mothered his children but not all of them. From her crown shined bright light that was the sun's rays. Pinikuhwa sat on her throne the sun and like a queen she rode it while Deam carried it around the Earth.",Main Universe,Mythology; Other Myths,,,Kite Island Gods,
IslandiaMyths,Manetfyre,manetfyre,,Mythology,published,"Rank: Giants that ruled Maye Island

The Maye Island was controlled by several kings and queens and each took portions of this fairly big size island and made into Lostasia's capital. When the Elitsyians begun to move from this island to a bigger and better environment, they left behind stories of giants, gods, great battles, and creatures that wondered their world. They believed that the world was flat and giants ruled them. These giants were called the Divine Creators or Manetfyre. Manetfyre were powerful giants that roamed the world in their chariots pulled by the 5 elements. Jontihilm was king of the Manetfyre and he ruled over the Earth and its precious minerals. Knowing nothing of his creators and where he came from, Jontihilm created the other giants and seized the world as his kingdom. Montihorah was queen of the giants, ugly and rude was her description. She had control over all waters of the world and from them came the first people of the world. Since the people of Maye Island believed that they came from the sea, they credited Montihorah as their creator mother. Jepsipere, was high ruler over the skies. His tears became the rain and from it came the flowers and trees. Then from his sweat after making the sky out of rocks and water, he made grain and gave the world the first animal. Jepsipere also is responsible for giving authority to hunting and sports. Ontiheilm was the support giant that built weapons for his families and mankind out of fire and steel. He built the world, the heavens, the underworld, and home to the giants out of stardust. He then took ownership over the dead believing them to be quieter than his family and mankind. He was God of Fire, Metal, and the Underworld. During the 31 day of October believe to be sacred to the dead, skeleton bones and mummies dance and sung songs of ancient times to amuse the living. At the daybreak of November 1st the dead went back to rest. Ambriham was the wisest, from his fort he predicted the future and wrote down stories of the past in his book. His book had all knowledge of the world and with he destroyed his siblings and took control over Heaven. From his magic he created the new race of giants more powerful than the last and named them the Hoshtars.",Main Universe,Mythology; Other Myths,,,Maye Island Legends,
IslandiaMyths,Jontihilm,jontihilm,,Mythology,published,,Main Universe,Mythology; Other Myths,,,Manetfyre,
IslandiaMyths,Montihorah,montihorah,,Mythology,published,,Main Universe,Mythology; Other Myths,,,Manetfyre,
IslandiaMyths,Jepsipere,jepsipere,,Mythology,published,,Main Universe,Mythology; Other Myths,,,Manetfyre,
IslandiaMyths,Ontiheilm,ontiheilm,,Mythology,published,,Main Universe,Mythology; Other Myths,,,Manetfyre,
IslandiaMyths,Ambriham,ambriham,,Mythology,published,,Main Universe,Mythology; Other Myths,,,Manetfyre,
IslandiaMyths,Hoshtars,hoshtars,,Mythology,published,"Rank: 6 Giants that ruled Maye Island

Hoshtars are 6 giants that took control after the fall of the Manetfyre. Out of their ashes, Ontiheilm ruled over all, he was associated as the God of Wisdom and all Creation. The Join were the three siblings that took control over destiny and fate. Issuril watched over all beings while in heaven and brought them to the living to be born. Yobusubit was seen as a young girl that made and threads the weave of all life, she often cut individual threads to end life. Xhanticolm was old and could see the future, hidden away from all else, she was seer of the Inevitable. KimKim was the two headed watchmen that patiently watched over the world and its people. The Nox was the protective one eyed, six armed watch guard that stood at the gates of the underworld. La Bere had no children unlike many other giants, taking over the sky, earth, oceans, and all plant life, La Bere was wife to Ambriham.",Main Universe,Mythology; Other Myths,,,Maye Island Legends,
IslandiaMyths,Issuril,issuril,,Mythology,published,,Main Universe,Mythology; Other Myths,,,Hoshtars,
IslandiaMyths,Yobusubit,yobusubit,,Mythology,published,,Main Universe,Mythology; Other Myths,,,Hoshtars,
IslandiaMyths,Xhanticolm,xhanticolm,,Mythology,published,,Main Universe,Mythology; Other Myths,,,Hoshtars,
IslandiaMyths,The Nox,the-nox,,Mythology,published,,Main Universe,Mythology; Other Myths,,,Hoshtars,
IslandiaMyths,La Bere,la-bere,,Mythology,published,,Main Universe,Mythology; Other Myths,,,Hoshtars,
IslandiaMyths,Deities of Island of the Peon People,deities-of-island-of-the-peon-people,,Mythology,published,"Rank: None

Hares, the Peons, & Caole, the Hares protect the household and its surrounding lands, if threatened they could become very dangerous. The Peons named after the people who worshiped them, looked after the house storeroom and food supply. They were honored food and baskets of flowers, if not then they would mess up the home and rot the food. Caole were spirits that existed in all things inanimate and living things, when the living thing dies or the inanimate object is destroyed the spirits enters new host. In living things, the Caole lived in humans as their souls, guided them, watch over them, and recorded their history. All of these spirits were honored at temples around the island of the Peon People. The Hares, Peons, and Caole also were worshiped on the mainlands in Lostasia and with each individual task they were grouped together and called Gentiies. The Gentiies were named after similar spirits of Roman Mythology.",Main Universe,Mythology; Other Myths,,,Island of the Peon People Legends,
IslandiaMyths,The Hares,the-hares,,Mythology,published,,Main Universe,Mythology; Other Myths,,,Deities of Island of the Peon People,
IslandiaMyths,The Peons,the-peons,,Mythology,published,,Main Universe,Mythology; Other Myths,,,Deities of Island of the Peon People,
IslandiaMyths,Caole,caole,,Mythology,published,,Main Universe,Mythology; Other Myths,,,Deities of Island of the Peon People,
IslandiaMyths,The Gentiies,the-gentiies,,Mythology,published,,Main Universe,Mythology; Other Myths,,,Deities of Island of the Peon People,
IslandiaMyths,Nicolih Natale,nicolih-natale,,Mythology,published,"Spirit of Wrongdoing, spitefulness, trickery, and the night",Main Universe,Mythology; Other Myths,,,,
IslandiaMyths,Es,es,,Mythology,published,"Rank: Supreme God over the North Island

Es was supreme deity over the North Island; his troops made of stone were his constant bodyguards. He created angels and demons to control the fates of good and evil and create balance in the world. He grew from the sea and with the help of his talking pigeon he became the Supreme God.",Main Universe,Mythology; Other Myths,,,The Four Corner Gods,
IslandiaMyths,Moose,moose,,Mythology,published,"Rank: Supreme Father God of the Indians

Moose was sacred to the Indians and the Africans because he was their supreme father. But when Moose sold their lands to other supreme deities for immortality, he was banished to the West Island of the Four Corners. He then made the lands, waters, sky, and invented fire from rocks so he could have a home to rule.",Main Universe,Mythology; Other Myths,,,The Four Corner Gods,
IslandiaMyths,Aa,aa,,Mythology,published,"Rank: Wisdom Goddess

Aa was sister and wife to Es. Born at the same time from the universe, Aa and her brother split of two islands, North and South and pushed them far from each other so they could rule over them. Aa was divine and gave order and great wisdom. She created man and from her breasts came food and rain.",Main Universe,Mythology; Other Myths,,,The Four Corner Gods,
IslandiaMyths,Tear,tear,,Mythology,published,"Rank: Crying Goddess

Tear was the crying goddess bound to a tree because the other gods couldn't bear her loud crying in the heavens. Once the goddess was visited by a young girl who was then turned to stone by the sound of the goddess' cries. A dog later became immune to the crying because of its acute hearing; it release the goddess by biting at her chains. For his reward, Tear gave animals voices although heard from humans are just whimpering sounds similar to the goddess’ cries. Tear would then take the dog and give him immortality and since then Tear is pictured as a beautiful woman that stood next to a dog.",Main Universe,Mythology; Other Myths,,,The Four Corner Gods,
IslandiaMyths,Senda,senda,,Mythology,published,"Rank: Warrior of the Four Corners

Senda had no fears and was worshiped as the great warrior of the Four Corners. He was high in power and worship that he was given the title of supreme god. He gave the world animals and built cities for mankind. Senda ruled over the East island.",Main Universe,Mythology; Other Myths,,,The Four Corner Gods,
IslandiaMyths,Ware,ware,,Mythology,published,"Rank: Three War Gods

Ware was three War Gods of the north and south islands. One planned and directed war, the other decided the outcome, and the third took control over the dead warriors trained them and sent them to his sacred halls in heaven to feasts.",Main Universe,Mythology; Other Myths,,,The Four Corner Gods,
IslandiaMyths,Aero Optus’,aero-optus,,Mythology,published,"Rank: Man made Gods

Aero Optus' were several gods made by man from stone and plants. From the rivers of Immortality which flowed freely throughout the Eastern Island, man gave these statues immortality and they came to life. For their lives, these collections of deities made the chariot, mirror, beer, and brought peace to the islands.",Main Universe,Mythology; Other Myths,,,The Four Corner Gods,
IslandiaMyths,Nuni,nuni,,Mythology,published,"Rank: Member of the Ware

Nuni warlord that was granted immortality from the Ware for saving them from the Neckless Serpent. Nuni is described to being a tyrant that rode across the sky with thunder being made from his laughter and rain from the sparks of his chariot's wheels. Nuni would later be inducted into the Ware and made their third deity, but of the other two, Nuni is still worshiped separately.",Main Universe,Mythology; Other Myths,,,The Four Corner Gods; Ware,
IslandiaMyths,Neckless Serpent,neckless-serpent,,Mythology,published,"Rank: None

Neckless Serpent was seen across the world in various forms, the Elitsyians called it the Black Brocken that could eat ships and rip apart islands. This serpent was so long that its dead skin made the oceans floors. Nuni killed it and used its teeth to protect the world from the demons of Es; its skin was turned into the veil that separated the heavens, hell, and Earth. From its blood drew the rivers, oceans, streams, and lakes.",Main Universe,Mythology; Other Myths,,,The Four Corner Gods,
IslandiaMyths,Si’unduru,siunduru,,Mythology,published,"Rank: Creator Deity
Note: opruma

Si'unduru, opruma was the unified all powerful deity that created all things, it founded Elitsyian Mythology and was spoken of by the Islands of Lostasia and with the Elitsyians as the original force that existed before even Anka. It was the nothingness and throughout time it would take 20 different forms in the shape of male and female gods. Si'unduru, opruma means “all important fathers of all” and its name was given by the first original settlers that founded Lostasia and later the Islands of Lostasia. These people were believed to have been uncivilized cavemen.",Main Universe,Mythology; Other Myths,,,The Four Corner Gods,
IslandiaMyths,Anthrita,anthrita,,Mythology,published,"Rank: Goddess of Childbirth, Motherhood, & Fertility

Anthrita was a spider looking goddess and one of the 20 forms of Si'unduru, opruma that married Nuni and gave guided mothers into childbirth and protected spiders and all insects.",Main Universe,Mythology; Other Myths,,,The Four Corner Gods,
IslandiaMyths,Apushra,apushra,,Mythology,published,"Rank: Goddess and Commander over Water

Apushra had over 100 arms and in each held the stars. She was also a water god after assisting, Nuni in killing the Neckless Serpent by building his mighty sword. From this Apushra took over the oceans and seas and named Goddess and Commander over water. She hid in the Indian Ocean and took home in the many seas, lakes, and rivers of the world.",Main Universe,Mythology; Other Myths,,,The Four Corner Gods,
IslandiaMyths,Barwata,barwata,,Mythology,published,"Rank: Mortal King of West Island

Barwata the 15th form of Si'unduru,opruma appeared in the book, The Lost Adventures as somewhat of a naive king from the West Island. The book said that once the king fell in love with a beautiful maiden and after knowing the maiden was a snake witch in disguised, he still remain in love. The snake witch bit him and he died of poison. His spirit cast to Hell for his ignorance. This was one of the only mortal forms of Si'unduru,opruma.",Main Universe,Mythology; Other Myths,,,The Four Corner Gods,
IslandiaMyths,Casa,casa,,Mythology,published,"Rank: Chief commander of the Rosh Empire

Casa was the form of Si'unduru,opruma and served as Chief commander of the Rosh Empire, a group of farmers who tried to take over the kingdom of the Western Island. When the farmers took control they appointed Casa with the vile of immortality and she shared it with her farmers transforming them into immortal gods. Casa sits on a white sea surrounded by floating orbs, she could pass through realms at ease, and she is recognized as a Warrior Goddess.",Main Universe,Mythology; Other Myths,,,The Four Corner Gods,
IslandiaMyths,Vaginarah,vaginarah,,Mythology,published,"Rank: Supreme Deity

Viginarah the half phoenix and half man were godly enough to be called supreme deity. Depicted as to have 8 wings and 7 tails that are the rainbow, Viginarah another form of Si'unduru, opruma could heal, speak in all languages, and carried the spirits of his other forms on his back so they can all become one at the top of the tallest mountain. Viginarah was associated with great wisdom and incredible strength.",Main Universe,Mythology; Other Myths,,,The Four Corner Gods,
IslandiaMyths,Juatamumu,juatamumu,,Mythology,published,"Rank: Prince of the Northern Island

Juatamumu was prince of the Northern Island; he learned of his peoples suffering from being poor and granted them safe passage to a mysterious city just beyond the walls that sheltered the island from intruders. In this city was the treasure of the world and food for the immortals. Juatamumu was one of two only mortal forms of Si'unduru,opruma.",Main Universe,Mythology; Other Myths,,,The Four Corner Gods,
IslandiaMyths,Monk,monk,,Mythology,published,"Rank: Father of the Monks

Monk gave birth to the first monk that took his name; he was the 10th form of Si'unduru, opruma and would invent religion and sacrifice. His first priority was to save his children the monks from an evil reign of demons that took mortal forms. Staggering over the lost of some of his children, Monk created eternity and allowed his children safe passage to enjoy the afterlife; he gave them loads of food, beautiful gardens, and built temples for them to sleep.",Main Universe,Mythology; Other Myths,,,The Four Corner Gods,
IslandiaMyths,Hindum,hindum,,Mythology,published,"Rank: Supreme God

Hindum was the original supreme god who became a fish so he could sleep in peace beneath the waters. He was once God of battle, storms, all sea life, and the Sun. One of the less important forms of Si'unduru,opruma.",Main Universe,Mythology; Other Myths,,,The Four Corner Gods,
IslandiaMyths,Foe,foe,,Mythology,published,"Rank: War God of the Southern Islands & Father of the Ware

Foe could not resist a fight; he fought trees, plants, other gods, animals, air itself, and humans. Although fare and shed his abilities to make equal fights out of his opponents, Foe was not very sensible. It would be at once that Si'unduru,opruma swallowed him in hopes give birth to a more pleasant boy. But like all instances, he returned the same this an immortal and form of Si'unduru,opruma so he also had mounts of his powers. Foe was closely and in almost all expects the War God to the people of the Southern Islands. His children were the Ware.",Main Universe,Mythology; Other Myths,,,The Four Corner Gods; Ware,
IslandiaMyths,Title,title,,Mythology,published,"Rank: Chariot driver of the Gods

Title was chariot driver of the gods and from his temple found on the Eastern Island, he built many weapons and constructed armor for his brethren. He was another form to Si'unduru,opruma and when ask why the mighty deity took this such unimportant form, Title replied “it was not my choice that I appear this way, my original state decided to come back to this world lesser than before to learn of the ways of the people who he rule”. This was token from a page found in the Black Fire Scriptures, a book that told of the many forms of Si'unduru,opruma and their adventures. He was the 7th form to appear on Earth.",Main Universe,Mythology; Other Myths,,,The Four Corner Gods,
IslandiaMyths,Karuts,karuts,,Mythology,published,"Rank: Creator of Storms

Karuts were children that played so loudly in the heavens that they made rain and brought crackling thunderstorms. Their laughter can be heard in the dreams of children and mothers.",Main Universe,Mythology; Other Myths,,,The Four Corners Gods,
IslandiaMyths,Tequinique,tequinique,,Mythology,published,"Rank: Goddess of Good Luck, Abundance, Beauty, & Honor

Tequinique goddess of good luck, abundance, beauty, and honor ship graced the world with books of love called the Irontones. These books were so big that it took years to read only one page. One of the final pages told of how Tequinique would reveal a sacred valley feel with beautiful terrains, love, and rivers of pure water. People throughout history had read the books and past down what they read to their children and so forth so that one day a generation would finally find this place. Tequinique was the first writer and author, her book the Irontones was rewritten by human hands and appeared in museums as the first class of history books.",Main Universe,Mythology; Other Myths,,,The Four Corners Gods,
IslandiaMyths,Shacloom,shacloom,,Mythology,published,"Rank: None

Shacloom took the form of a golden swan to interests the army of the castle that guards the Western Island. When she returned to her normal states she slain the army and destroyed the castle. In the ashes grew serpents and snakes of which she later ruled.",Main Universe,Mythology; Other Myths,,,The Four Corners Gods,
IslandiaMyths,Il,il,,Mythology,published,"Rank: Personification of Death & Healer

Il had two faces, one looked ahead of him and the other saddened looked behind him. He had a monkey like appearance and great physical attributes. Il brought disease, sickness and would later bring happiness and wealth. He was both a healer and the personification of Death. Because of his two faces many tribes told of how he also had two personalities. In one form he took as a bull and later killed the king of the Western Island where he later returning to his true form claiming the thrown. In another form he guides travelers on their journeys, guards roads and castles. In his last form he is a pottery maker and with his often cruel remarks he would get in fights often. He was the 4th form of Si'unduru,opruma and only appeared to mock humanity for their shifting personalities.",Main Universe,Mythology; Other Myths,,,The Four Corner Gods,
IslandiaMyths,Swariviti,swariviti,,Mythology,published,"Rank: Guardian of the Universe

Swariviti came to Earth to save it from her true form, Si'unduru,opruma after finding out that he would destroy it because of his dissatisfaction at how the world became. So she instructed the gods to build a boat big enough to fit two humans and the animals of the world. Swariviti held enormous powers and was considered guardian of the universe from her more stronger form Si'unduru,opruma. So beautiful, Swariviti rides a black swan across the milky way waiting for Si'unduru,opruma to come to Earth.",Main Universe,Mythology; Other Myths,,,The Four Corner Gods,
IslandiaMyths,Robabababa,robabababa,,Mythology,published,"Rank: Creator of Parallel Universe

Rababababa the thousand headed, two hearted, million armed, 7 legged demon was as big as the Earth and to insure mankind's death it swallowed the planet whole. Swariviti threatened the demon with death if it didn't return the Earth. Swariviti knew that Rababababa was a warning sign from Si'unduru,opruma so she built multiple universes each with a different  conflict. Scientists called this theory, Parallel Universes. So confused at to which Earth was the one he was sent to destroy, Rababababa declared war on all but after going to one world, he was slain by the humans who were all warriors that worked together, something that surprised the giant demon.",Main Universe,Mythology; Other Myths,,,The Four Corner Gods,
IslandiaMyths,Bones,bones,,Mythology,published,"Rank: Leader of the Undead Soldiers

Bones is a powerful soldier that used his skeleton soldiers and mummies to hold up the sky. His place is unknown but one written line was that hes the final stage of Si'unduru,opruma. Swariviti would destroy him and enslave his minions. This caused Swariviti to be the only form of Si'unduru,opruma to remain on Earth. In Lostasia bones meant “death”.",Main Universe,Mythology; Other Myths,,,The Four Corner Gods,
IslandiaMyths,The 7 Goddesses of Izunukepe,the-7-goddesses-of-izunukepe,,Mythology,published,"Rank: Wives of Kings of the Four Corner Gods

The Seven Goddesses of Izunukepe were beautiful wives of kings. In almost all stories they were the wives of the many male forms of Si'unduru,opruma. In one special story they reunited after a thousand years to guard the temple of Izunukepe until their father, Si'unduru,opruma came forth and reclaimed the world. Akekeke was wife to Rababababa and when he was killed by Swariviti she threw herself into the fires from his bones. Bunquisha was wife to Bones and through magic they gave birth to his undead army. My was so self involved with her own image that her husband, Title turned her into a spirit that lied at the bottom of the now known Nile River. Nele'pupu could speak in all languages and married Monk and gave birth to the first civilization. Ninirara was sun goddess that ruled the Earth before all else was born. From her home came her daughters, Shade, Dawn, and Cool. She was wife to Il. Tiran danced to amuse her husband Foe and to take his attention from fighting. But when it failed she threw herself into a fire. Unka was Goddess of the North Star, she guided travels to their destination and was wife to Hindum. She was worshiped on all the islands of Lostasia and in Lostasia. Although not much an important figure, Unka was very beautiful and married several great rulers of Lostasia.",Main Universe,Mythology; Other Myths,,,The Four Corner Gods,
IslandiaMyths,Akekeke,akekeke,,Mythology,published,,Main Universe,Mythology; Other Myths,,,The 7 Goddesses of Izunukepe,
IslandiaMyths,Bunquisha,bunquisha,,Mythology,published,,Main Universe,Mythology; Other Myths,,,The 7 Goddesses of Izunukepe,
IslandiaMyths,Nele’puru,nelepuru,,Mythology,published,,Main Universe,Mythology; Other Myths,,,The 7 Goddesses of Izunukepe,
IslandiaMyths,My,my,,Mythology,published,,Main Universe,Mythology; Other Myths,,,The 7 Goddesses of Izunukepe,
IslandiaMyths,Ninirara,ninirara,,Mythology,published,,Main Universe,Mythology; Other Myths,,,The 7 Goddesses of Izunukepe,
IslandiaMyths,Tiran,tiran,,Mythology,published,,Main Universe,Mythology; Other Myths,,,The 7 Goddesses of Izunukepe,
IslandiaMyths,Unka,unka,,Mythology,published,,Main Universe,Mythology; Other Myths,,,The 7 Goddesses of Izunukepe,
IslandiaMyths,Huan Chow,huan-chow,,Mythology,published,"Rank: City Gods

To start off the Huan Chow were City Gods who were normal guards of Emperor Chung, but once entering the underworld Chow's dead daughter who became mistress of the underworld asked them if they wanted to protect their wonderful cities and they accepted. From the heavens these gods protect, watches over, and create the cities of Chung Island. Chung Island sat somewhere northeast of Lostasia and took the image of a bluish serpent.",Main Universe,Mythology; Other Myths,,,Chung Island Legends,
IslandiaMyths,Chi Fow Chung,chi-fow-chung,,Mythology,published,"Rank: Princess of Chung Island

Speaking of Low Chung's daughter, she was once young, cheerful, and very curious. Her intelligence was limited outside her kingdom so her curiosity easily got the best of her. One dark day, Chi Fow Chung traveled outside of the forbidden gates of her kingdom and sat north on discovery to finding out what lied beyond her captivity. Worried about his daughter, Emperor Chung sent over 100 warriors to find her, years later the warriors return with the dead body of his daughter. Crying with grief, Emperor Chung used his wiseman to contact the spirits of the afterlife, the Doa qua. To bring his daughter back from the dead. But when they denied his request, he offered them his kingdom for her safety in the afterlife. One Doa qua told Emperor Chung that if he offered his riches along with his kingdom, that they would make his daughter immortal and their queen over the underworld for a thousand years. Emperor Chung accepted and Chi Chung became empress of the underworld. Stories tell of how, Chi Chung greeted her father in his sleep to tell him of all her wonderful journeys in the afterlife and the many places that existed. Emperor Chung later told his daughter's stories of surrounding cities inspiring the first belief system of most part of Asia.",Main Universe,Mythology; Other Myths,,,Chung Island Legends,
IslandiaMyths,Doa qua,doa-qua,,Mythology,published,"Rank: Ancient Spirits

Doa qua are ancient spirits that existed before all else, they created 7 levels of existence, the Heavens, Earth and its wonders, the underworld, the Other World where spirits dwell, Hell, Kuan the home of the gods and ancient entities, and the Emperor's palace where all the emperor and his followers lived. They were eight immortals with legendary status among the Asians. When Emperor Chung came to Lostasia, his work went uninspired as the Elitsyians already had their gods and idea of the afterlife. So Emperor Chung left for the islands where he took control over one of the islands and injected his beliefs into the people that lived there. The Doa qua had great powers, they could walk across water, and they represented the many conditions of life: masculinity, femininity, age, youth, poverty, wealth, nobility, and commonness. Parts of Chung Island stated how the Doa qua while on Earth protected the Emperor hence his persuasion over them and they were protective door spirits.",Main Universe,Mythology; Other Myths,,,Chung Island Legends,
IslandiaMyths,Emperor Low un Chung,emperor-low-un-chung,,Mythology,published,"Rank: King of Chung Island

Emperor Low un Chung was the king of most of Asia before the Asians broke apart and formed several smaller groups. From then on, Emperor Chung went unimportant and so he left in search of some enlightenment and understanding. While somewhere in the lower parts of the Indian Ocean near present day Australia, Emperor Chung came across the Elitsyians. He instantly tried to spread his old worship and myths onto them but the Elitsyians denied it as they already had their own belief system. Again Chung left to finally settle on one of the islands found around Lostasia. Here he conquered the island and became Emperor, he sent message to some of his old followers now living in China. The followers came to his new home presented him with gifts and stories of his beliefs to influence his new kingdom. From that moment, his followers told stories of gods, creation, the many wonderful creatures, life, and death. At the center of these myths, Emperor Chung made himself the powerful Emperor that was immortal and high supreme God that created all existence. Influence by his story, the people of the island followed him and built numerous temples, palaces, chariots, and even sacrificed to him to spare their families, lands, and to give them rain. In these stories, Emperor Chung was the God of War and patron of literature, he was born of mortal decent and became a famous warrior figure that had a red face. This story spoke of how, Chung fought numerous beasts and how he married his wife that was a demonic empress all to save his kingdom. Another story spoke of how Chung was also God of the northern star and how he guided his army to victory against the Japanese empire. Becoming more and more influenced, his people begun writing their own ideas of how the Emperor was all powerful and matched the equal status of the Chinese Jade Emperor of Chinese Mythology. Emperor Chung had several children from several mortal women and once by a man in disguise. One of his most important children, Bow Dun overthrew him and became emperor and the first Lord of Heaven. This story was so important that his people started to relate it with how Emperor Chung no longer needed by his people left in search of a new home and enlightenment. Another one of his children was Chi Chung, Mistress of the Underworld “see Chi Chung”.",Main Universe,Mythology; Other Myths,,,Chung Island Legends,
IslandiaMyths,Bow Dun,bow-dun,,Mythology,published,"Rank: Prince of Chung Island

Bow Dun the eldest son to Emperor Chung overthrew his father and took over his kingdom. He then sat out on enlightenment to better rule his people; in one of the Himalayan Mountain tops he found a Buddha and the two shared stories and secrets. Here the Buddha offered him the plum of immortality of which Bow Dun eagerly accepted and became the first Lord of the Heavens and ruler over the angels and gods.",Main Universe,Mythology; Other Myths,,,Chung Island Legends,
IslandiaMyths,Len Fuma,len-fuma,,Mythology,published,"Rank: God of All Knowing Wisdom

Len Fuma was one of the most famous philosophers of Elitsyian History. His stories however started with Chung Island and he wrote down the stories of Emperor Chung in great detail. He works were so loved by Chung's people, that they demanded more until he would write thousands of stories about history, fantasies, the gods, and the afterlife. He preached the code of ethical behavior for public and private life. He was a local officer and administers the first prime moral integrity of the district of his emperor. Len Fuma died 15 years after his most important work was discovered and later made immortal. He became God of All Knowing Wisdom and taught that people should live simple lives in harmony with nature.",Main Universe,Mythology; Other Myths,,,Chung Island Legends,
IslandiaMyths,San Kowa,san-kowa,,Mythology,published,"Rank: Ruler of the Sun

Of all of Emperor Chung's children, San Kowa was the most beautiful. He was ruler of the sun and granted wealth onto his father's people. He had gray and blond hair that lit up the day and night skies. He plucked his gray hair and balled the strands up to make the moon where he lived at night. His blond hair started to shed toward the end of the night and came forth the sun where the strands fell. San Kowa then became the “ball headed god with three eyes” because under his hair laid his third eye which could predict the future and read the auras of people. He was advisor to the gods and from the waist down he was a dragon. His mother was the dragon queen, Don Luan Mi.",Main Universe,Mythology; Other Myths,,,Chung Island Legends,
IslandiaMyths,Don Luan Mi,don-luan-mi,,Mythology,published,"Rank: Dragon Queen

Don Luan Mi was dragon queen. One night while in heat, she invited Emperor Chung to her palace disguised as a beautiful spirit. Don Luan Mi seduced the emperor and that night after the two made love, she gave birth to the first dragon and serpents. Her dragon sun pulled the sun and her serpent daughter created and watched the waters. Her other children were San Kowa, God of the Day and Night, and Chi Chung, Goddess and Queen of the Underworld. So disgusted for her children the dragons and serpents, Emperor Chung sent his army to destroy her children, but Don Luan Mi fought back slaying the entire army in a single moment. From this moment the vicious but loving creatures, the dragon, begun hating all humans and was intent to destroy all of mankind. Their stories shed so far west that cultures around the world started speaking of mythical dragons and serpents.",Main Universe,Mythology; Other Myths,,,Chung Island Legends,
IslandiaMyths,U Owan,u-owan,,Mythology,published,"Rank: God of Light

U Owon was the dragon son to Don Luan Mi; he pulled the sun across the sky and was to many the God of Light and bringer of the Sun. His brother San Kowa was the God of the Sun, Moon, Day, and Night. Don Luan Mi lays eggs of magical creatures mostly dragons every winter and they hatch every summer around the time of the Chinese New Year where they are celebrated.",Main Universe,Mythology; Other Myths,,,Chung Island Legends,
IslandiaMyths,Jow hung Fat,jow-hung-fat,,Mythology,published,"Rank: King of Hell

Jow hung Fat was King of Hell and unjust king of the Chung Island. Before Emperor Chung took control over the island, King Jow ruled. His word was so unjust that when Emperor Chung overthrew him, Jow's people followed easily and banished Jow. Jow so furious at his people and Emperor Chung fell from mortality to Hell where he ruled over its 7 levels. At his new thrown, Jow hung Fat split himself into 7 lords over Hell in which each would decide the punishments of those that came to their respected levels. It is said that Jow hung Fat himself sat the doors of Hell where he examined the register of recorded human deeds and sent their souls to either Heaven or one of the 7 levels of Hell depending on how they behaved in lives. Other stories circle around Jow hung Fat and how each ruler of Hell was indeed the several gods of Hell from the islands of Lostasia and Lostasia with Montum and Belckus being two.",Main Universe,Mythology; Other Myths,,,Chung Island Legends,
IslandiaMyths,Kwu Ku,kwu-ku,,Mythology,published,"Rank: Father of the Cosmos

Kwu Ku made the universe after being bored living alone in the darkness that surrounded him. For thousands of years, Kwu Ku wondered how he came about until one day he stopped wondering and thought it best to create a place where he could share with other beings. With so many ideas in his mind, Kwu Ku cough up an egg known as the Divine Order or Creator of the Universe and from it burst out dark and light. From the light came the Heavens, Stars, and the sky. From the dark came Earth, Hell, and the grounds. He created the gods from the egg shells and molded time from its yolk. Kwu Ku became so tired from creating the universe that he fell into an eternal sleep. From what they thought was his dead body, the gods made the sun, the moon, and many of the Earth's wonders. It was stated that Emperor Chung is the direct reincarnation of Kwu Ku and or his first child.",Main Universe,Mythology; Other Myths,,,Chung Island,
IslandiaMyths,The Tang Dynasty,the-tang-dynasty,,Mythology,published,"Rank: 9 All Knowing & Powerful Deities

The Tang Dynasty were 9 all knowing, incredibly strong, and all powerful deities that ruled the Heavens after Emperor Chung left to rule over mortals. Once his councilmen, these generals sought out greater intelligence and enlightenment, this would result in them becoming immortals.",Main Universe,Mythology; Other Myths,,,Chung Island Legends,
IslandiaMyths,Hu Mama,hu-mama,,Mythology,published,"Hu Mama was Goddess of Mercy and patron of children. She guarded children and guided mothers before, through, and after childbirth. She brings children into life from eternity.",Main Universe,Mythology; Other Myths,,,,
IslandiaMyths,Niki Ho,niki-ho,,Mythology,published,Niki Ho was a strange heroic warrior that existed before 10 b.c.e where he defeated the dragon army of U Own. From his heroic efforts he was bestowed immortality and became the God of war and patron of literature. His manuscripts told of great wars to come and how mankind would go through obstacles and overcome them in the end. This inspired humanity so much that their center ideas took over their fears.,Main Universe,Mythology; Other Myths,,,,
IslandiaMyths,Twon Emperor,twon-emperor,,Mythology,published,"Twon Emperor was a lesser known emperor that was always witnessed drunk and lazy. But whenever his people were in danger or sought his wisdom, he presented to them miracles and gave great wisdom. From his works he became immortal and one of the 9 members of the Tang Dynasty.",Main Universe,Mythology; Other Myths,,,,
IslandiaMyths,Bushuitiwontha Kiwuodabuddha,bushuitiwontha-kiwuodabuddha,,Mythology,published,"Bushuitiwontha Kiwuodabuddha was a skilled warrior, she was so brave that her feats in her life granted her immortality after death. Once an immortal she would guard the 7 courts of Hell, here she helps the needy and suffering of the world and lead souls from the underworld to Heaven.",Main Universe,Mythology; Other Myths,,,,
IslandiaMyths,Shen How and,shen-how-and,,Mythology,published,,Main Universe,Mythology; Other Myths,,,The Tang Dynasty,
IslandiaMyths,Doman Hu,doman-hu,,Mythology,published,Doman Hu were twins one represented the evil and good of the world. One could remember how Shen How stole the plums of heaven which he later return but not before turning himself into an immortal. His brother Doman Hu however was an avid reader and stayed at home in their shed in the forests. He read of enlightenment which he gained after forty years of praying and meditating.,Main Universe,Mythology; Other Myths,,,,
IslandiaMyths,Anatisu,anatisu,,Mythology,published,"Rank: Sun, Moon, & Earth God

Anatisu was the eldest and most powerful of the rest. He was always born immortal to mortal parents who were nonetheless farmers. He was a great warrior that saved the world from the sun falling burning everything by punching it back into the skies and then with his magical lasso placing it along with the moon and stars into their positions in the sky. He was Sun, Moon, and Earth God, from his home he spanned a will that he created from soil and worm intestines that told, created, and ended the lives of all living things. He had several animal body parts and guarded each respected animal. He was God of the Sea as well building the seas and forming into what they are today. He could heal and was considered a powerful Buddha as he could heal anyone and anything from the brink of sickness and death. As well, Anatisu was a popular God of Wealth, Prosperity, and Happiness that gave good fortune to those that believed and followed him. He was worshiped as God of Work, labor, and wisdom, he invented archery, hunting, and inspired teachers and priests. From his home he also made hills, mountains, the fox, and the first winged animal and sat them loose on the world. He was supreme god that in other cultures like Japan and China he took various forms and was called by many names. The Elitsyians didn't just worship him on his home of Chung Island but as well in almost every place in Lostasia. Anatisu always was cheerful and known as the laughing Buddha and whenever he was not he slept with his dreams shared with mankind as visions. God of Agriculture and rice Anatisu gave the world many wonders but wasn't always worshiped or even seen as a good deity. One and only one story spoke out of Anatisu becoming a demonic spirit every several hundred years and when in his good state he made up for his terrific behavior he gave the world all most noticeable wonders. As a demon, it spoke that Anatisu bathe in a river and from his clothings that he placed on the ground as he bathed came the evil gods, demons, and evil of the world. While he bathe he sung songs which the lyrics gave birth to gods and mythology. His home was centered in the Heavens and one side lied Heaven and the other was Hell. His home stood as the gateway that separate living from Heaven and Hell and from it he chose where souls were to go while in the afterlife. He was also worshiped mostly again as a Buddha that protected all those that have sinned and suffers pain by cleansing their souls in a practice very much similar to Baptism. Anatisu from his pool of thought hidden in his backyard gave the gods and several other creatures immortality and gave mankind long life if they prayed to him as their only god. He was also invoked upon to protect sailors at sea and was drawn by them in ancient parts of Asia as a man seen riding on the backs of sharks and whales. The dolphin was his secretary and wrote down the history of the world on the ocean floors. To finish off his great legacy the people of Chung Island made him ultimate emperor and merged him with the idea of Emperor Chung. Finally before his ascension to the Heavens for eternity which stated the end of all things. Anatisu was God of Medicine, Food, Storms, Mt. Punukien, and Self Reflected Images. So appeased with his own image, Anatisu made mankind from his body parts, man from his penis and women from his breast and gave them the mirror to look upon their great images. He brought great storms both terrific and others brought great tragedy to pirates and sailors. To make up for the bad storms, Anatisu gave the first sailors medicine of which they passed on to cities they visited. Anatisu was worshiped greatly and to present his power, the people of Lostasia placed him high above all else and built him a palace that sat at the top of Mt. Punukien their tallest mountain that could see as far as Europe. Some say that he was King Barbus in mortal form and in this state sent hundreds to thousands of soldiers in search of food which he planted in his immortal status. The soldiers brought back food and scattered it across the world to feed world hunger. Anatisu was very beloved and in his own right could do many things and was near perfect if not for his thousand year inner sleeping demon.",Main Universe,Mythology; Other Myths,,,Chung Island Legends,
IslandiaMyths,Forms of Azu Atif,forms-of-azu-atif,,Mythology,published,"Rank: None

Of the nine deities that make up Tang Dynasty, Azu Atif was creator of religions and a great warrior god. In his many forms he both protected and sometimes taunted the waking world. One form after another will be described here starting with Twan Du. Twan Du disguised as a dragon saved the world from demons, in honor his image was placed on the handles of all swords in Lostasia. Kru Dwane was worshiped also as a hero that rode on the sun with his magical lance and created the light for the once dark world. Bu was a fat god that created the Islands of Lostasia by cutting off pieces of his fat and he harden it with lavas from the Earth. Ju Ju Rath was a jaguar God that had the head of a Jaguar and a lower body of a man, he taught men how to grow rice, wear clothes, archery, hunting, and how to make fire. Sin Lac Hwa Wa was a great blacksmith that was killed by a evil huntsman, in his honor homes hold up candy skulls and at the eve of night, his spirit returns eating the skull and building gifts for the home. Riptin Aga was a nasty form represented as a serpent that brought men civilized behavior but also would eat them at the end of time if they did not follow with these behavior conducts. Kroagers are neutral spirits that the Elitsyians and the people of Chung Island believed in the sea, air, humans both alive and dead, the heavens, Hell, the underworld, and roamed the lands. They were the souls of people who were sacrificed and died violent deaths. Forms of Azu Atif, the Kroagers could appear human, animal, inanimate objects, or various things depending on their lives, their true purpose were unknown but some people believe that they could protect or destroy depending on what the person or persons do in their lives. Azu Atif was also a wizard that could do almost anything, he was considered counterpart to wizards like Merlin of Celtic Mythology and Pawang Pukat of Malayan Mythology. Azu Atif also was patron of Black Magic and Sacrificial Practices, along with having several female forms to trick the other gods. His form Dunga Ada was a evil witch that used black magic to pay off her debts and kill her family to sacrifice them to the gods for good fortune and immortality. Ru-set was a farmer who killed her husband in attempts to sell their animals to buy a boat. On this boat she would find half of the Western World including Central, South, and North America. Onru Hepth was a she demon who 3 heads spoke of Justice, War, and Lies. Each head represented their spoken diaries and each told the world of their many stories. Not to forget, Azu Atif was a wonderful world that was sent by the other gods to battle the demonic serpent, Jshu Tang to make the Earth safe again. He fought Montum in the final Battle and won and was one of the 10 gods that remained to recreate the Universe. In his remaining years now with immortality, Azu Atif would live out his days building picture like statues that told stories of the deceased members of a family. His work was so inspired that tribes begun creating similar portraits to tell the stories of the dead family members. These portraits were hung high in sight of all.",Main Universe,Mythology; Other Myths,,,Chung Island Legends,
IslandiaMyths,Twan Du,twan-du,,Mythology,published,,Main Universe,Mythology; Other Myths,,,Forms of Azu Atif,
IslandiaMyths,Kru Dwane,kru-dwane,,Mythology,published,,Main Universe,Mythology; Other Myths,,,Forms of Azu Atif,
IslandiaMyths,Bu,bu,,Mythology,published,,Main Universe,Mythology; Other Myths,,,Forms of Azu Atif,
IslandiaMyths,Ju Ju Rath,ju-ju-rath,,Mythology,published,,Main Universe,Mythology; Other Myths,,,Forms of Azu Atif,
IslandiaMyths,Sin Lac Hwa Wa,sin-lac-hwa-wa,,Mythology,published,,Main Universe,Mythology; Other Myths,,,Forms of Azu Atif,
IslandiaMyths,Riptin Aga,riptin-aga,,Mythology,published,,Main Universe,Mythology; Other Myths,,,Forms of Azu Atif,
IslandiaMyths,Kroagers,kroagers,,Mythology,published,,Main Universe,Mythology; Other Myths,,,Forms of Azu Atif,
IslandiaMyths,Dunga Ada,dunga-ada,,Mythology,published,,Main Universe,Mythology; Other Myths,,,Forms of Azu Atif,
IslandiaMyths,Ru-set,ru-set,,Mythology,published,,Main Universe,Mythology; Other Myths,,,Forms of Azu Atif,
IslandiaMyths,Onru Hepth,onru-hepth,,Mythology,published,,Main Universe,Mythology; Other Myths,,,Forms of Azu Atif,
IslandiaMyths,Jshu Tang,jshu-tang,,Mythology,published,"Rank: None

Jshu Tang was the original tenth member of the Tang Dynasty but with his dark magic and evil ways he was banished to the underworld. Jshu Tang was sculpted with body parts of several animals, head of snakes, tails of dragon heads, body of a elephant, claws of a lion, fangs of a wolf, ears of a peacock, and wings of a vulture. From his blood grew poison which he placed in several animals and insects for revenge of his banishing. So powerful that the gods couldn't defeat him and so when Jshu Tang returned they fought against him in the Final Battle, Mostibik.",Main Universe,Mythology; Other Myths,,,Chung Island Legends,
IslandiaMyths,The Central Council,the-central-council,,Mythology,published,"Rank: Supreme Deities

The Central Council called by another name back then were several supreme deities who wrote down Anka's words and spread them throughout time. They looked over the rivers, suns, moons, stars, lands, and all living things. They gave birth to the Heavens and the many Hells. There were no underworlds and all living things almost never died as the Phillinias believed that all creatures had immortality. The Central Council each had heads of animals; there were 7 in all Jaguar, Lion, Tigress, Frog, Falcon, and Snake. The Snake took over the many Hells, Jaguar was the Moon God, Lion was the Sun God, Tigress was the Goddess of Wisdom, Hunting, Prosperity, Civilization, and Life, Frog was the Sea God, and Falcon ruled the skies.",Main Universe,Mythology; Other Myths,,,Darqua Island Legends,
IslandiaMyths,Jaguar,jaguar,,Mythology,published,,Main Universe,Mythology; Other Myths,,,The Central Council,
IslandiaMyths,Snake,snake,,Mythology,published,,Main Universe,Mythology; Other Myths,,,The Central Council,
IslandiaMyths,Lion,lion,,Mythology,published,,Main Universe,Mythology; Other Myths,,,The Central Council,
IslandiaMyths,Falcon,falcon,,Mythology,published,,Main Universe,Mythology; Other Myths,,,The Central Council,
IslandiaMyths,Frog,frog,,Mythology,published,,Main Universe,Mythology; Other Myths,,,The Central Council,
IslandiaMyths,Tigress,tigress,,Mythology,published,,Main Universe,Mythology; Other Myths,,,The Central Council,
IslandiaMyths,Demons of Darqua Island,demons-of-darqua-island,,Mythology,published,"Rank: Underworld creatures of Darqua Island

In the midst of everything several creatures taunted mankind. The Cublicon was a mountain giant that once swallowed the suns putting the world in complete darkness, he was slain by Jaguar and the suns returned. Hodrinix was a bat with female human features, she was afraid of the light and stayed in Hell where she sent her half human half bat children “vampires” above ground to bring back food “any living thing”. The Phillinias thought of a way to stop her children by creating several weapons and placing them on their weak points “their hearts”. Umon hated all things and fearful of his black magic, the Phillinias made gold spears and placed them on their doors before midnight which was his strongest hour. Umon was a patron of War, Famine, Destruction, and creator of storms. A God of all these things, Umon went unmatched and would later rule over all the gods. Dugawugawugawu had a thousand faces and millions of arms and over hundred brains. It was so smart that not even the gods could outwit it, it lived deep in the caverns of Humla Mountain where it created the aged old book of Prophecies. Dugawugawugawu was a blood thirsty demon that arose from heaven and gave birth to all monsters, one fateful day, Lion slain the beasts and turned its many heads into the lands, its arms were bridges connecting them all, and its brains given to humans as their brains.",Main Universe,Mythology; Other Myths,,,Darqua Island Legends,
IslandiaMyths,Cublicon,cublicon,,Mythology,published,,Main Universe,Mythology; Other Myths,,,Demons of Darqua Island,
IslandiaMyths,Hodrinix,hodrinix,,Mythology,published,,Main Universe,Mythology; Other Myths,,,Demons of Darqua Island,
IslandiaMyths,Umon,umon,,Mythology,published,,Main Universe,Mythology; Other Myths,,,Demons of Darqua Island,
IslandiaMyths,Dugawugawugawu,dugawugawugawu,,Mythology,published,,Main Universe,Mythology; Other Myths,,,Demons of Darqua Island,
IslandiaMyths,Hosempta-anus,hosempta-anus,,Mythology,published,"Rank: 4 Gods of the Dead

Hosempta-anus was several patrons of the dead and war. Over a thousand in all the most important were the 4 Gods of the dead and the Underworld. Ucha was a evil hag that controlled the dark forces and wore a dress made of snakes with a tail of a serpent, she ruled over the dead and taunt them every night. Munka was a deadly but very king giant that laughter caused earthquakes and deadly storms. Munka was the forefather of the Hosempta-anus and loved to play sports which he taught to mankind. Unjsha was the Time God who restored the world after it was ate by Dugawugawugawu. Unjsha had a wife, Dinga who together ruled over the center of the Earth. Frits were spirits that played tricks on the gods, in punishment, the Frits were banished to Hell were they became the first demons. Dinga was parent of the Frits and wife to Unjsha, she brought light to the world in efforts to gain peace her family and the gods after her children were banished.",Main Universe,Mythology; Other Myths,,,Darqua Island Legends,
IslandiaMyths,Ucha,ucha,,Mythology,published,,Main Universe,Mythology; Other Myths,,,Hosempta-anus,
IslandiaMyths,Munka,munka,,Mythology,published,,Main Universe,Mythology; Other Myths,,,Hosempta-anus,
IslandiaMyths,Unjsha,unjsha,,Mythology,published,,Main Universe,Mythology; Other Myths,,,Hosempta-anus,
IslandiaMyths,Frits,frits,,Mythology,published,,Main Universe,Mythology; Other Myths,,,Hosempta-anus,
IslandiaMyths,Dinga,dinga,,Mythology,published,,Main Universe,Mythology; Other Myths,,,Hosempta-anus,
IslandiaMyths,Ellardia,ellardia,,Mythology,published,"Rank: Mother of the Hydra & Serpent

Ellardia was the Mother of the Hydra and Serpent. She had the lower body of a poisonous serpent and the upper body of a beautiful woman with 8 heads each a different animal. Each animal she depicted she gave birth to and from them came 8 civilizations of humans. Each civilization was given a piece of land and each land was a different continent with the 8th one being Lostasia and its surrounding islands. To protect her civilizations, Ellardia threw a sword into the sea and out swum 2,400 heroes.",Main Universe,Mythology; Other Myths,,,Muonch Pacific Island Legends,
IslandiaMyths,Asteta,asteta,,Mythology,published,"Rank: Ancient Spirit of the Future

Asteta was the most ancient of ancient spirits and she existed so far in the future that she saw the destruction of the world. Asteta came to the past to warn the world of its impending future. Asteta was dressed in fine leather and had metal placements around the edges of her body. Her bodyguards were made of metal and futuristic gadgets. Some believe that her knowledge of the future and its gifts inspired the people of Atlantis to build their magnificent technological devices and buildings.",Main Universe,Mythology; Other Myths,,,Muonch Pacific Island Legends,
IslandiaMyths,Apuphu & Tresseru,apuphu-tresseru,,Mythology,published,"Rank: Creator of all living things

Apuphu along with Tresseru created all living things although it took those about 30,000 years to complete. Apuphu and Tresseru both protected the Sun and the Moon and created them from the sea and the Earth. They were also the God of Pleasure, Sin, Rain Gods, and supreme protectors of the paradises found in Heaven. Supreme deities, Apuphu and Tresseru were so powerful that they created Fenrita “a place for slain warriors in battle and women who died in childbirth” and placed it in the center of Heaven.",Main Universe,Mythology; Other Myths,,,Muonch Pacific Island Legends,
IslandiaMyths,Apuphu,apuphu,,Mythology,published,,Main Universe,Mythology; Other Myths,,,Apuphu & Tresseru,
IslandiaMyths,Tresseru,tresseru,,Mythology,published,,Main Universe,Mythology; Other Myths,,,Apuphu & Tresseru,
IslandiaMyths,J & Aspol,j-aspol,,Mythology,published,"Rank: God/Goddess of the Four Chapters, Fire, Time, & Fertility

J and Aspol were both Gods and Goddesses of the Four Chapters, Fire, Time, and Fertility. They are aspects of the creator warriors, Trickamutu and Frunrock and were placed at the center of the world forever watching over it and controlling the elements through the trees and the wind.",Main Universe,Mythology; Other Myths,,,Muonch Pacific Island Legends,
IslandiaMyths,J,j,,Mythology,published,,Main Universe,Mythology; Other Myths,,,J & Aspol,
IslandiaMyths,Aspol,aspol,,Mythology,published,,Main Universe,Mythology; Other Myths,,,J & Aspol,
IslandiaMyths,Deitus,deitus,,Mythology,published,"Rank: Devourer of Worlds

Deitus was a monster bird that devoured the world at the end of time and from its stomach came the warriors, Trickamutu and Frunrock who killed the beast and recreated the world.",Main Universe,Mythology; Other Myths,,,Muonch Pacific Island Legends,
IslandiaMyths,Trickamutu & Frunrock,trickamutu-frunrock,,Mythology,published,"Rank: Two Heroes of the last Earth

Trickamutu and Frunrock were two heroes of the last Earth that was swallowed by the bird Deitus. From the inside they built the mighty Kumlah Sword “it can kill immortals and demons” and killed Deitus. From its caucus they recreated the world.",Main Universe,Mythology; Other Myths,,,Muonch Pacific Island Legends,
IslandiaMyths,Trickamutu,trickamutu,,Mythology,published,,Main Universe,Mythology; Other Myths,,,Trickamutu & Frunrock,
IslandiaMyths,Frunrock,frunrock,,Mythology,published,,Main Universe,Mythology; Other Myths,,,Trickamutu & Frunrock,
IslandiaMyths,Aspel,aspel,,Mythology,published,"Rank: Goddess of Flowers, Beauty, & Physical Love

Aspel was Aspol's wife and daughter. She was Goddess of Flowers, Beauty, and Physical Love. She is patron of silversmiths, sculptors, painters, and fishermen. She had the head of a cat. Every 100 years the Muonch People revives their time cycle by sacrificing a virgin and placing a sacred bowl of snake's skin and lit with the fire brought from the god’s ages ago. Aspel is worshiped at this ceremony.",Main Universe,Mythology; Other Myths,,,Muonch Pacific Legends,
IslandiaMyths,Daughta,daughta,,Mythology,published,"Rank: Mother of All

Daughta was the daughter and mother of all. She was a dog shaped goddess with a big black nose that was considered the forever spinning black hole. She was Goddess of the Merchants, she was killed by one of her merchants which stabbed her with a rock from the sea. The rocks from the sea are said to be lethal to the gods of the land. Born a mortal from sea fairing people, she died at sea after drowning. She was then reborn after her parents sacrificed their lives to the seas for her safe return. From this Daughta flooded the world and remade the lands from rocks allowing the spirits and gods to not step foot upon it and then remade man kind from melted clay.",Main Universe,Mythology; Other Myths,,,Muonch Pacific Legends,
IslandiaMyths,Whurashain Gods,whurashain-gods,,Mythology,published,"Rank: Gods of Whurasha

There were several warriors who were either treated like gods, spirits, or great warriors that saved the world. They were apart of the Nardian Kingdom. To start Arvata was a great leader and led his Tibetchian army against the great Lions and Vultures. Arvata was later killed and his spirit founded the underworld and from their he released the spirits of great warriors and led his army once again against the Great Lions and Vultures where they then defeated the Lions and Vultures. The Lions and Vultures while in the underworld enslaved all things there and took control over various parts. They became the high rulers over the Underworld and Hell. Arvata then became ruler over the Nardaians. Arboth and Emenson were two magicians who magic felled them often. A team who performed for armies of both the dead and the living. Their magic created the people of today by reviving their ancestors from the dead and reshaping their bodies into current appearances. The Wareins (Amazons) were highly worshiped in Nardia. They were skilled women who were either great fighters or spirits who protected women and children. Amazon warriors were powerful enough to overthrow the gods, a feat that drove the immortals underground forever. The Amazon spirits were spirits that protected, guided, and fought alongside women and children.  Tilaneid was the first man and ruled all things, but when the first woman was born she stole his power and killed him after giving her a child. From his bones, she used magical tricks to create the first civilization. Tawatcha “birth mother” was the first woman. She was the hero of the Nardaians, she brought her people the fires and sacred waters from Heaven to Earth. She taught animals how to survive believing them to one day become her protectors. Himtowa was a gifted warrior who killed the powerful Frog spirit and stole daylight and nighttime from the spirit and gave it to people. Silidie, Cromich, Alligator, and Who Who were all spirits of people who died at one time, they were brought back to life to still the sun, moon, and stars from the gods and gave it to the world. These four warriors used magical tricks to make the Earth, sky, and animals. They built communities everywhere they went and told mankind how to worship the spirits and to survive. They made clothing, temples, and they brought rain when ever angered or sleepy.",Main Universe,Mythology; Other Myths,,,Whurashia Legends,
IslandiaMyths,Arvata,arvata,,Mythology,published,,Main Universe,Mythology; Other Myths,,,Whurashain Gods,
IslandiaMyths,Lions,lions,,Mythology,published,,Main Universe,Mythology; Other Myths,,,Whurashain Gods,
IslandiaMyths,Vultures,vultures,,Mythology,published,,Main Universe,Mythology; Other Myths,,,Whurashain Gods,
IslandiaMyths,Arboth,arboth,,Mythology,published,,Main Universe,Mythology; Other Myths,,,Whurashain Gods,
IslandiaMyths,Emenson,emenson,,Mythology,published,,Main Universe,Mythology; Other Myths,,,Whurashain Gods,
IslandiaMyths,The Wareins,the-wareins,,Mythology,published,Note: Amazons,Main Universe,Mythology; Other Myths,,,Whurashain Gods,
IslandiaMyths,Tilaneid,tilaneid,,Mythology,published,,Main Universe,Mythology; Other Myths,,,Whurashain Gods,
IslandiaMyths,Tawatcha,tawatcha,,Mythology,published,,Main Universe,Mythology; Other Myths,,,Whurashain Gods,
IslandiaMyths,HImtowa,himtowa,,Mythology,published,,Main Universe,Mythology; Other Myths,,,Whurashain Gods,
IslandiaMyths,Cromich,cromich,,Mythology,published,,Main Universe,Mythology; Other Myths,,,Whurashain Gods,
IslandiaMyths,Alligator,alligator,,Mythology,published,,Main Universe,Mythology; Other Myths,,,Whurashain Gods,
IslandiaMyths,Who Who,who-who,,Mythology,published,,Main Universe,Mythology; Other Myths,,,Whurashain Gods,
IslandiaMyths,Silidie,silidie,,Mythology,published,,Main Universe,Mythology; Other Myths,,,Whurashain Gods,
IslandiaMyths,Chinbuca & Dachue,chinbuca-dachue,,Mythology,published,"Rank: God of Laborers & Merchants and Protector of Crops

Laborers built stone spears and placed them in a pattern that if seen from the sky would resemble crop circles. They then invoke the assistance of the gods, one in particular was the god, Chinbuca, the God of Laborers and Merchants. Chinbuca assisted in the formation of most of the island of Whurasha. Dachue was the mother imp, a goddess worshiped on by those who followed her teachings of witchcraft. Dachue was protector of crops, guide to the Atlantians, protector, and she created their new beautiful world for them. When the the gods from Elitsyian Mythology started to take away their law over the island, Dachue gave birth to several new deities.",Main Universe,Mythology; Other Myths,,,Whurashia Legends,
IslandiaMyths,Chinbuca,chinbuca,,Mythology,published,,Main Universe,Mythology; Other Myths,,,Chinbuca & Dachue,
IslandiaMyths,Dachue,dachue,,Mythology,published,,Main Universe,Mythology; Other Myths,,,Chinbuca & Dachue,
IslandiaMyths,Nerekka,nerekka,,Mythology,published,"Rank: Creator God

Nerekko was the creator god who's body was made entirely of crystals and iron. His brain was the world and it lied the 7 chambers in which civilizations were built on. Whenever angered rainstorms came and from his mind he constructed the other gods and mankind from his bones. He filled the world with his blood to make the rivers, streams, seas, and oceans. He made the plants and told his sons to name them and tell mankind which ones to eat, use for medicine, and for other reasons.",Main Universe,Mythology; Other Myths,,,Whurashia Legends,
IslandiaMyths,Dail & Uko Dail,dail-uko-dail,,Mythology,published,"Rank: Twin Farmers

Dail and Uko Dail were twins who each took the high lands and the low lands spreading word to mankind of which plants were to be used for what. They named all things, from the mountains, hills, plants, humans, and animals. He brought the names of men to them when they were born.",Main Universe,Mythology; Other Myths,,,Whurashia Legends,
IslandiaMyths,Dail,dail,,Mythology,published,,Main Universe,Mythology; Other Myths,,,Dail & Uko Dail,
IslandiaMyths,Uko Dail,uko-dail,,Mythology,published,,Main Universe,Mythology; Other Myths,,,Dail & Uko Dail,
IslandiaMyths,Supreme Gods of the Islands of Lostazia,supreme-gods-of-the-islands-of-lostazia,,Mythology,published,"Rank: Supreme Gods

The many supreme gods worshiped on the Islands of Lostasia varies with importance and some predate others. But none were less important that the Atlantians belief of their creators. Because you see, the Atlantians were scientists so they didn't really need an explanation of gods and creation through myths as they studied rocks and the way the world moves to determine how things were created. But of the most skeptic, a few gods were imagined. They were Taki and Tumone who were two chieftains who persuaded the land animals who were called the Onduris to give up their lands. The Onduris conquered Taki and Tumone and enslaved them both. Taki and Tumone escaped and later founded three tribes, the Uchawatis, the Ics, and the Resumes. Of these three came three other supreme deities after Taki and Tumone left in search of other lands. Mucaramdan was supreme deity that created the lands of the Uchawatis and with their help he made grain, animals, and invented magic to guard them. Omedian was supreme deity of the Ics and one day when Omedian thought his people deserved a better life than living under stars for eternity in silence. He created from the seas, the sun, moon, and stars. He then created rock like people and placed them around the Ics to make multiple civilizations. He brought the rock people to life and ordered them to worship him as their first and only supreme deity. Cipia, Doward, and Dug were the three sisters who settled in the city of the Resumes and later overruled them. Through their magic they became supreme deities and founded over 10 cities found in Whurasha. Doward found no luck in finding a new city to make just her own so she made one out of children toys which in return was made of rock, clay, and straw. She used the fallen straws to make the people and then ruled over these small people and their toy city of clay and rock. Cipia founded three cities, Uta, Howae', and Mune. Of the three Cipia gave birth to two warriors, the Patheons of which saved the world over and over from demonic animal spirits. The Patheons later founded the city of the Mukkukku People called Sune. Dug was also lucky and founded the city Hisar and from this city she ruled in supreme but she was very arrogant and her people banished her with spells and charms inside a mountain to spend eternity in stone. OF all these supreme deities, Ramadan, Culan, Siki, and Oprid founded several cities of which they served as the storm gods who protested against damaging the lands, love gods who talked against adultery, they taught of civilized arts and gave them to man, and they represented the moon and the sun. Ramadan was a prince given immortality by animal spirits to walk among man as their teacher and historian. Culan traveled all over claiming unnamed tribes as his own and served as their supreme deity and sometimes their sun god as the sun was his home. Siki was a snow and storm god that was so angry at the cities he founded because of their damage to nearby forests that he flooded all of them and from hidden holes in the grounds that had latched doors on tops the people were saved. From the rebirth of their cities came unusual plants and fruit that granted magical abilities, the ability to heal, and the mysterious bread that stopped all hunger, pain, and sorrow. Oprid the final deity to claim the final five cities of the Atlantians. He wasn't very smart and wore dresses of reflective metals and sequence diamonds. From his dress the sun shined its rays on him and he was quickly worshiped as son to the Sun. In other stories he was a legendary hero that protected cities from evil animal spirits and the crystal people of Tuna.",Main Universe,Mythology; Other Myths,,,Whurashia; Surrounding Islands of Lostazia,
IslandiaMyths,Taki,taki,,Mythology,published,,Main Universe,Mythology; Other Myths,,,Supreme Gods of the Islands of Lostazia,
IslandiaMyths,Tumone,tumone,,Mythology,published,,Main Universe,Mythology; Other Myths,,,Supreme Gods of the Islands of Lostazia,
IslandiaMyths,The Onduris,the-onduris,,Mythology,published,,Main Universe,Mythology; Other Myths,,,Supreme Gods of the Islands of Lostazia,
IslandiaMyths,Mucaramdan,mucaramdan,,Mythology,published,,Main Universe,Mythology; Other Myths,,,Supreme Gods of the Islands of Lostazia,
IslandiaMyths,Omedian,omedian,,Mythology,published,,Main Universe,Mythology; Other Myths,,,Supreme Gods of the Islands of Lostazia,
IslandiaMyths,Cipia,cipia,,Mythology,published,,Main Universe,Mythology; Other Myths,,,Supreme Gods of the Islands of Lostazia,
IslandiaMyths,Doward,doward,,Mythology,published,,Main Universe,Mythology; Other Myths,,,Supreme Gods of the Islands of Lostazia,
IslandiaMyths,Dug,dug,,Mythology,published,,Main Universe,Mythology; Other Myths,,,Supreme Gods of the Islands of Lostazia,
IslandiaMyths,Patheons,patheons,,Mythology,published,,Main Universe,Mythology; Other Myths,,,Supreme Gods of the Islands of Lostazia,
IslandiaMyths,Ramadan,ramadan,,Mythology,published,,Main Universe,Mythology; Other Myths,,,Supreme Gods of the Islands of Lostazia,
IslandiaMyths,Culan,culan,,Mythology,published,,Main Universe,Mythology; Other Myths,,,Supreme Gods of the Islands of Lostazia,
IslandiaMyths,Siki,siki,,Mythology,published,,Main Universe,Mythology; Other Myths,,,Supreme Gods of the Islands of Lostazia,
IslandiaMyths,Oprid,oprid,,Mythology,published,,Main Universe,Mythology; Other Myths,,,Supreme Gods of the Islands of Lostazia,
IslandiaMyths,Tuna,tuna,,Mythology,published,"Rank: Crystal People

Tuna were crystal people who ran to the undergrounds to hide from the world being flooded. When they arrive above ground they were so furious that they learned the first teachings of black magic and became the evil animal spirits. Their children became both good and evil animal spirits of Whurasha legend. These people in their previous lives invented many plants that the gods never knew about and flooded the world in hopes to hide their precious secrets. The gods in return were so angry that they ran the crystal people underground where they lived for centuries.",Main Universe,Mythology; Other Myths,,,Whurashia Legends,
IslandiaMyths,The Suderians,the-suderians,,Mythology,published,"Rank: High Deities

The Suderians were high deities that used weapons made of rock and wood to rule the heavens. They were sun, moon, and creator gods that gave life and energy to all things in the universe. The Suderians were also thunder and rain gods.",Main Universe,Mythology; Other Myths,,,Whurashia Legends,
IslandiaMyths,The Imprees,the-imprees,,Mythology,published,"Rank: Sky Warriors

The Imprees were several warriors sent from the skies and grounds and had power over the elements. They were sent from the Heavens and from there they brought the first people from the Heavens and with them came the trickster that had all power and from the first tree trunk came the many people that associates with nature.",Main Universe,Mythology; Other Myths,,,Whurashia Legends,
JonirGods,Untguard,untguard,,Mythology,published,"Rank: Supreme God

Untguard was supreme god, he was as old as time itself and from nothingness this deity rose up and everywhere he turned came the stars and planets. From his sweat and tears of building the universe came the first man and woman. With his new creations, he gave them a brain made of mud and organs made of roots from trees and soft rocks. Untguard ruled over all things, his body was the ground, his urine the rivers, oceans, and seas, and his liver the Earth's core. His heart was home to his children and from his hair the sky. His eyebrows were the protective gates that guarded the Earth from demonic creatures that spawned from his sperm. His anus was tunnel to the underworld and from his fingernails lied 10 realms in which formed the universe. Shortly after creating the Earth and the first man and woman, Untguard started to create the gods to watch and guide over his children. He built a house made of straw, bricks, and wood all carved from his world to produce the kingdom in which the gods lived. He then named this place Guardia.",Main Universe,Mythology; Gods and Goddesses,,,Jonir Gods,
JonirGods,Inka,inka,,Mythology,published,"Rank: Mother of All Animals

Inka was supreme Mother of All Animals, every time she spit a new animal came to the Earth. On the rivers of the Earth she made home for each animal until animals learn how to walk on land of then she gave them temples made of rock and trees. Inka was beloved creator and animals preyed to her for protection and guidance.",Main Universe,Mythology; Gods and Goddesses,,,Jonir Gods,
JonirGods,Arcalite,arcalite,,Mythology,published,"Rank: Mother of the Wareins (Amazons), Goddess of Concord, Dispute, Inner Strength, & Harmony

Arcalite was mother to the Arcalites, from her name came theirs as a group. She was strong and also the mother to the Wareins (Amazons). Upon her birth, Born' adored her so much he granted the once mortal baby immortality and gave her a place in silence next to him. But knowing her place was with humans, she left and disguised herself with magical armor that shielded her from Born's sight. Arcalite then used her immortality to give birth to the Arcalites and create a place called Misearth to train warriors who were killed in battle for the Final Battle. Until Mostibik, warriors drunk, sing, dance, and have a good time while battling at the break of dawn. Arcalite was honored by warriors everywhere and called upon whenever someone requested inner and outer strength. She was the warrior's voice and guided them into and out of battle safely. Once wife to Nextis, the Elitsyians associated her with war and dispute. Arcalite was Goddess of Warriors, Dispute, and Warfare. While in the underworld looking for the Key of Humanity to save mankind at Mostibik, Arcalite met Montum and the two consorted and gave birth to the first phoenix. Shortly after, she left the underworld unbound by its law, and rejoined her children in Misearth.",Main Universe,Mythology; Gods and Goddesses,,,Jonir Gods,
JonirGods,Ashitori,ashitori,,Mythology,published,"Rank: Animal Spirits

Ashitori or Animal Spirits were watchful spirits that roam the world. When Untguard flooded the world in hopes to cleanse his creation from evil, the animals built a temple beneath the ground to shield themselves. It would then take two of each animal to repopulate the world. From their furs and shedding skins came the new human race.",Main Universe,Mythology; Gods and Goddesses,,,Jonir Gods,
JonirGods,Giranton,giranton,,Mythology,published,"Rank: None

Giranton was eldest son to Untguard next to the first man. Giranton was born full grown from Untguard's stomach and with him carrying the sword of a thousand demons. With this sword he slew a thousand demons that threaten the safety of Earth. He watches over all plant life and from his body hair he grew the first farmers and insects.",Main Universe,Mythology; Gods and Goddesses,,,Jonir Gods,
JonirGods,Elements of Marnia,elements-of-marnia,,Mythology,published,"Rank: Spirits of the Elements

The Elements of Marnia were several spirits that represented the elements. Earth, Fire, Water, Air, Wood, Metal, and Space are all children of Giranton formed from the ground to help balance the world. Seen as beautiful women and men with several features that connected to their own respective elements.

Air was youngest of all and with his winged chariot that was pulled by two wind spirits; he carried the Sun across at dawn and the moon across at night. He was both Sun and Moon God and had a crown with jewels that were the sun and moon atop his forehead. From his navel he sat the sun and moon to rest when the day and or night was over. Air was husband to Siguntha and son to Giranton.",Main Universe,Mythology; Gods and Goddesses,,,Jonir Gods,
JonirGods,Earth Spirit,earth-spirit,,Mythology,published,"Rank: War Goddess

Earth sprouted from the ground fully armored and given the title as War Goddess because of her anger. Always brute and disruptive, Earth also called Terra by many cultures even the Greeks, is very war minded usually seen planning strategical war plans. Earth or Terra had a chariot made of rock and diamond led by two hound dogs with wings made of ice.",Main Universe,Mythology; Gods and Goddesses,,,Jonir Gods,
JonirGods,Water Spirit,water-spirit,,Mythology,published,"Rank: Mother of the Seas

Water was Mother of the Seas and all sea life. Her kingdom floated above her sacred lake “the only lake on Memorai Island” and it watched in secret over all things. She was second to Untguard and for many years served as his wife.",Main Universe,Mythology; Gods and Goddesses,,,Jonir Gods,
JonirGods,Kiuntiwon,kiuntiwon,,Mythology,published,"Rank: Weapon Makers for the Gods
Note: Puath, & Georgh

The Changing Kings were three drunken priests who were worshiped on the mainlands of Lostasia as the gods who made weapons for the Royal Circa. But because of their tarnished behaviors, these deities were driving off the main island into the forests of Ice Island where they became three sorcerers. Their black magic are so powerful that together lifted Ice Island from its place and sent it towards the icy tundra of Antarctica in rebellion of its people revolting them like the Elitsyians. The kings were Kiuntiwon, Puath, and Georgh and each would later rule over separate domains of the Black Forests.",Main Universe,Mythology; Gods and Goddesses,,,The Changing Kings,
JonirGods,Kiuntiwan,kiuntiwan,,Mythology,published,,Main Universe,Mythology; Gods and Goddesses,,,,
JonirGods,Puath,puath,,Mythology,published,,Main Universe,Mythology; Gods and Goddesses,,,,
JonirGods,Georgh,georgh,,Mythology,published,,Main Universe,Mythology; Gods and Goddesses,,,,
JonirGods,Neiflife,neiflife,,Mythology,published,"Rank: Sacred Moon Beast

Neiflife was the sacred Moon beast that swallowed the moon during the day and spit it up when the sun went down. From its urine came chunks of the Sun which it pasted back together with its saliva making it brighter than before. The sun is then carried off across the dark sky to bring daytime.",Main Universe,Mythology; Gods and Goddesses,,,Black Forest,
JonirGods,Metal Spirit,metal-spirit,,Mythology,published,"Rank: God of Wisdom

Metal was hardworking and thus carried such the title in the Heavens. He was God of Wisdom and from his book of Life upon came the Heavens and Hell and the angels and demons. To balance all things, Metal sleeps in the middle of life and death which both sleep at both ends of his kingdom, Eternity. Metal was eldest of the other spirits and was to the Memorains the God of Wisdom, the Crafts, Metal, Labor, and Justice.",Main Universe,Mythology; Gods and Goddesses,,,Jonir Gods,
JonirGods,Medruka,medruka,,Mythology,published,"Rank: Dark Queen of Magic

Medruka is the Dark Queen of Magic; she brought forth sacred creatures from the underworld and ruled over them. She sight on controlling the Black Forests with them. Stories were sung since her arrival of how her 5 sons would overthrow her and her 5 daughters would remain by her side to help her remain in control. The battle of good and evil would later be destroyed when Medruka went to the dark side so she could be strong enough to overthrow her sons.",Main Universe,Mythology; Gods and Goddesses,,,Black Forest,
JonirGods,Fennious,fennious,,Mythology,published,"Rank: Father of the Shadows & Demons

Fennious is Father of the Shadows and Demons, his mother is Medruka and with his goal to overthrow her he sends his many children from his kingdom “the underworld” to attack her. But because of her powerful magic his plans are ruined and he is banished to Hell. Now his children lurk through the darkness spying on ways to revive their father.",Main Universe,Mythology; Gods and Goddesses,,,Jonir Gods,
JonirGods,Harnia,harnia,,Mythology,published,"Rank: Fairy Godmother

Harnia is a fairy godmother and from her comes to magic of many fairies. She was the first Fairy godmother and daughter of the first fairy. With grace and magic this enchanting creature takes shape among mortals only if they have the power to assist her with stopping her brothers and mother. Under her guidance she led the Elysian Fairies into many of their journeys and from her came their magical powers. She is headmistress of Purnog.",Main Universe,Mythology; Gods and Goddesses,,,Jonir Gods; Elysian Fairies,
JonirGods,Gartenhielm,gartenhielm,,Mythology,published,"Rank: Father of the Giants

Gartenhielm was father of the giants that ruled over parts of the Black Forest. He would marry a giant made of stone, Frenria and together they would house 20 powerful giants that roam the black forests.",Main Universe,Mythology; Gods and Goddesses,,,Jonir Gods,
JonirGods,Gypsy,gypsy,,Mythology,published,"Rank: Magical Maidens

Gypsy is magical women who control the powers over the Earth. Maidens who gave their hearts to the gods, Gypsies are both evil and good and from their homes they tend to nature and planted magical herbs.",Main Universe,Mythology; Gods and Goddesses,,,Jonir Gods,
JonirGods,20 Giants of the Black Forest,20-giants-of-the-black-forest,,Mythology,published,"Rank: None

The 20 Giants of the Black Forest was Roe “fire giant”, Ova “water giant”, Sat “wind giant”, Shubu “rock giant”, Dondon “snake giant that wrapped around the world”, and Tin “cloud giant”. Tin made the clouds that floated over Ice Island and Ova lived deep within the waters protecting sailors. Shubu gave birth to rocks and stones and Dondon wrapped around the world and was destined to destroy it at the end of time.  Noticluheilm “eldest of all else, wiseman, prophet”, Zacomiam “ice giant”, Guglum “sand giant”, Holom “forest giant”, Lokin “trickster and prankster giant”, and Lunus “moon giant”. Lunus carried the sun across the sky and swallowed it each night so that her brother could carry the sun across the sky in the daytime. Zacomiam was faithful to his mother but hated all else and Noticluheilm foresaw the destruction of the world so he raced to conquer all before all is destroyed. Humore “sun giant”, Deper “music giant”, Evil “shadow giant”, Mix “shape shifting giant”, Prodicktare “metal giant”, Runt “giant troll”, and Dinomere “giant bear like creature”. Humore brought the sun across the sky after his sister took the moon and Deper sung songs of warriors slain in war. Evil existed before all else and created the Black Forests to house his family. Dinomere was a bear like creature that roamed the Black Forests eating the skin of other living beings. Mix could take any form and Runt was Father of Trolls. The final three giants were the mischievous triplets that guarded the Grail of Fate. The magical grail could see into the future and with it the holder could control other's destinies. Given to the Ratifikies, the grail with the blood of Noticluheilm could also decide the beginning and end of the life of individuals.",Main Universe,Mythology; Gods and Goddesses,,,Jonir Gods,
JonirGods,Roe,roe,,Mythology,published,,Main Universe,Mythology; Gods and Goddesses,,,20 Giants of the Black Forest,
JonirGods,Ova,ova,,Mythology,published,,Main Universe,Mythology; Gods and Goddesses,,,20 Giants of the Black Forest,
JonirGods,Sat,sat,,Mythology,published,,Main Universe,Mythology; Gods and Goddesses,,,20 Giants of the Black Forest,
JonirGods,Shubu,shubu,,Mythology,published,,Main Universe,Mythology; Gods and Goddesses,,,20 Giants of the Black Forest,
JonirGods,Dondon,dondon,,Mythology,published,,Main Universe,Mythology; Gods and Goddesses,,,20 Giants of the Black Forest,
JonirGods,Tin,tin,,Mythology,published,,Main Universe,Mythology; Gods and Goddesses,,,20 Giants of the Black Forest,
JonirGods,Zacomian,zacomian,,Mythology,published,,Main Universe,Mythology; Gods and Goddesses,,,20 Giants of the Black Forest,
JonirGods,Tonicluheilm,tonicluheilm,,Mythology,published,,Main Universe,Mythology; Gods and Goddesses,,,20 Giants of the Black Forest,
JonirGods,Zacomiam,zacomiam,,Mythology,published,,Main Universe,Mythology; Gods and Goddesses,,,20 Giants of the Black Forest,
JonirGods,Guglum,guglum,,Mythology,published,,Main Universe,Mythology; Gods and Goddesses,,,20 Giants of the Black Forest,
JonirGods,Holom,holom,,Mythology,published,,Main Universe,Mythology; Gods and Goddesses,,,20 Giants of the Black Forest,
JonirGods,Lokin,lokin,,Mythology,published,,Main Universe,Mythology; Gods and Goddesses,,,20 Giants of the Black Forest,
JonirGods,Evil,evil,,Mythology,published,,Main Universe,Mythology; Gods and Goddesses,,,20 Giants of the Black Forest,
JonirGods,Mix,mix,,Mythology,published,,Main Universe,Mythology; Gods and Goddesses,,,20 Giants of the Black Forest,
JonirGods,Humore,humore,,Mythology,published,,Main Universe,Mythology; Gods and Goddesses,,,20 Giants of the Black Forest,
JonirGods,Prodicktare,prodicktare,,Mythology,published,,Main Universe,Mythology; Gods and Goddesses,,,20 Giants of the Black Forest,
JonirGods,Dinomere,dinomere,,Mythology,published,,Main Universe,Mythology; Gods and Goddesses,,,20 Giants of the Black Forest,
JonirGods,Runt,runt,,Mythology,published,,Main Universe,Mythology; Gods and Goddesses,,,20 Giants of the Black Forest,
JonirGods,Deper,deper,,Mythology,published,,Main Universe,Mythology; Gods and Goddesses,,,20 Giants of the Black Forest,
JonirGods,Waywards,waywards,,Mythology,published,"Rank: Ancient wolves

Waywards are ancient wolves that the Iku legends described as mischievous and even demonic creatures of the underworld. Never to hunt in packs like wolves of modern age, the Wawywards only came together at battle or feasting. Originally warriors cursed by the blood of the first werewolf, these demonic spirits take corporal form when hungry or the full moon.",Main Universe,Mythology; Gods and Goddesses,,,Jonir Gods,
JonirGods,Sintos,sintos,,Mythology,published,"Rank: King of the Dwarves

Sintos was King of the Dwarves, from his beard sprout forth the first legion of dwarves fully clothed building armory. Like his children he builds great and sometimes magical treasures. Usually taller than the average dwarf, Sintos was by far more powerful as his skin was like unbreakable marble. Sintos lived deep in the northern part of the Black Forest.",Main Universe,Mythology; Gods and Goddesses,,,Jonir Gods,
JonirGods,Kinduwa,kinduwa,,Mythology,published,"Rank: Elysian version of Dwarves

Ancient beings of various heights but similar appearances, they are usually hardworking individuals with a traditional lifestyle. With their prescense in the Elysian myths they are for the most part servants to kings and or the gods. They are usually the enemies to the Fairfolk “fairies”.",Main Universe,Mythology; Gods and Goddesses,,,Jonir Gods,
JonirGods,The Nomael,the-nomael,,Mythology,published,"Rank: Collective Deities of the Black Forests

The NomaeI were a collective all known and well respected beings. Worshiped by good and bad creatures in the Black Forests, the NomaeI existed before all else and brought forth the Black Forests so the magical creatures could exist in silence away from mankind. But when the magical veil that protected the two worlds failed, the NomaeI retreated to the Heavens to go unseen by mortals.",Main Universe,Mythology; Gods and Goddesses,,,Jonir Gods,
JonirGods,The White Parrot,the-white-parrot,,Mythology,published,"Rank: Father to all bird creatures

The White Parrot was father to all bird creatures, he made wings from dead leaves, his magical spells is sought out throughout all of Black Forest. His memory is worthy of that of a god, he grants immortality to those who can predict his next move which is never anything twice and upon the decease tombs he lays magical eggs. Only to those who were warriors or royalty in life would receive magical eggs to give them luck in the afterlife.",Main Universe,Mythology; Gods and Goddesses,,,Jonir Gods,
JonirGods,The Dofties,the-dofties,,Mythology,published,"Rank: Demonic Spirits

The Dofties were demonic spirits that ate spirits and stole daylight.  Often referred to as Bad Luck wherever these creatures went bad luck followed. They taunt humans and live throughout the world as various creatures appearing almost never to anyone but themselves and residents of the Black Forests.",Main Universe,Mythology; Gods and Goddesses,,,Jonir Gods,
JonirGods,Daowine,daowine,,Mythology,published,"Rank: Underworld God

Daowine is the Wolf that rules over the underworld in Iku Mythology. Whenever he arrives upon the Earth, the Sun and the Moon retreat suspending everything into total darkness. Daowine brought complete drought and disease to the Black Forest killing several creatures.",Main Universe,Mythology; Gods and Goddesses,,,Jonir Gods,
JonirGods,Deruvian Angel,deruvian-angel,,Mythology,published,"Rank: Ascended Elf

Once an elf ascends to Helliholm, it becomes a Deruvian Angel. A being capable of immortality, enhanced speed and strength, and powers over light and nature. The Deruvian Angel has long hair that can be used as attacks and protectant shields, its armor is a mark of its honorable past life, and its weapons are big and often indestructible. The Deruvian Angel is a collection of hundreds of elfish angels that often hide in old trees and caves.",Main Universe,Mythology; Gods and Goddesses,,,Elitsyian Gods; Nature Gods,
JonirGods,Fairfolk,fairfolk,Fae,Mythology,published,"Rank: Elysian version of fairies

Thousands of small creatures of various sizes and appearances. Usually seen with wings, these creatures tend to everything including nature, dreams, fixing things “although not to the extreme as the Brukas” and they are often caretakers of animals and small children. It is believing that they were the first residents of the Black Forests and their kingdom lies on the far south near the River of Magic.",Main Universe,Mythology; Gods and Goddesses,,,Jonir Gods,
JonirGods,Lufh Bergog,lufh-bergog,,Mythology,published,"A knight of the Fairfolk belongs to the Knights of the Triangle which devotes his life to protecting the fairy kingdom, Sertog.",Main Universe,Mythology; Gods and Goddesses,,,,
JonirGods,Kindra,kindra,,Mythology,published,"The fairy princess and next in line to inherit the fairy kingdom, Sertog. She is over 1,000 years old and haves a powerful amulet that was given to her by the Deruvian Angel.",Main Universe,Mythology; Gods and Goddesses,,,,
JonirGods,Sordidad,sordidad,,Mythology,published,"The blacksmith of the fiary kingdom, Sertog. He is very tall and muscular; he contains a powerful hammer that causes earthquakes.",Main Universe,Mythology; Gods and Goddesses,,,,
JonirGods,Gorgig,gorgig,,Mythology,published,"Archer of the fairies and loyal friend to Lufh. Goofy and sometimes arrogant, this playboy often uses his arrows to produce thunder.",Main Universe,Mythology; Gods and Goddesses,,,,
JonirGods,Gilda,gilda,,Mythology,published,"A fairy that provides Talent to the animals and humans of the world, she is close friend to the Selenes.",Main Universe,Mythology; Gods and Goddesses,,,,
JonirGods,Crow Fairies,crow-fairies,,Mythology,published,Warrior like archers that protect different fairy villages.,Main Universe,Mythology; Gods and Goddesses,,,,
JonirGods,Carlu,carlu,,Mythology,published,Magical animals with fairy blood. They assist in various tasks for the Fairfolk. Because of their beloved natures they appear near or in almost all fairy homes.,Main Universe,Mythology; Gods and Goddesses,,,,
JonirGods,Jinks,jinks,,Mythology,published,"Knowledge fairies, they are authority over all knowledge to the fairfolk. They run the magical library in Tantirith.",Main Universe,Mythology; Gods and Goddesses,,,,
JonirGods,Solution Fairies,solution-fairies,,Mythology,published,Tall fairies that produce the first sign of science throughout the fairy world. They are the makers of fairy dust and provide guidance on numerous non-magical related tasks that other fairies may not know about.,Main Universe,Mythology; Gods and Goddesses,,,,
JonirGods,Nature Fairies,nature-fairies,,Mythology,published,Caretakers of the nature of the world. They are direct caretakers to the black trees in the Black Forests. They are dressed with leaves and wear crystals that omits magic to help in their tasks.,Main Universe,Mythology; Gods and Goddesses,,,,
JonirGods,Water Fairies,water-fairies,,Mythology,published,Fairies that keeps the waters of the realms pure. They are fast and can camuflouge with water to disguise themselves. Waterdrops are their weapons as they can make them sharp or encase someone in one.,Main Universe,Mythology; Gods and Goddesses,,,,
JonirGods,Fire Fairies,fire-fairies,,Mythology,published,Brute and sometimes evil fairies. They provided fire to the gods and from them came the first volcanic eruption.,Main Universe,Mythology; Gods and Goddesses,,,,
JonirGods,Rock Fairies,rock-fairies,,Mythology,published,Caretakers of the grounds and rocks. They are decorated in rock like attire and are usually stubborn. They are very strong although lacks speed.,Main Universe,Mythology; Gods and Goddesses,,,,
JonirGods,Mind Fairies,mind-fairies,,Mythology,published,Powerful fairies and a dying breed. Assistance to seers and other physic entities. They are powerful enough to protect their minds against the gods.,Main Universe,Mythology; Gods and Goddesses,,,,
JonirGods,Wispers,wispers,,Mythology,published,Silent non spoken fairies that watch guard over the Black Forest. They are incredibly fast and controls the winds. Their bodies are covered in ash and their hair are that of clouds. They produce the clouds in the sky.,Main Universe,Mythology; Gods and Goddesses,,,,
JonirGods,Flower Fairies,flower-fairies,,Mythology,published,They make flowers grow and keep nature in tact. They are the siblings and children at times to the Nature Fairies. When a flower is born so is one of these fairies.,Main Universe,Mythology; Gods and Goddesses,,,,
JonirGods,Weather Fairies,weather-fairies,,Mythology,published,Powerful fairies that produces storms across the realms. They are ill tempered but not evil. They dislike disruption and are children to Adv and Lo.,Main Universe,Mythology; Gods and Goddesses,,,,
JonirGods,The Overseers,the-overseers,,Mythology,published,Elderly fairies that surpases great talents and age. They oversee different groups of fairies at a time. Often when needed they are mediators to the fairy world.,Main Universe,Mythology; Gods and Goddesses,,,,
JonirGods,Shadow Fairies,shadow-fairies,,Mythology,published,The most popular being Griswalda. They are maleviolent fairies that produces shadows. They are tricksters and can move between worlds through shadows.,Main Universe,Mythology; Gods and Goddesses,,,,
JonirGods,Flash Fairies,flash-fairies,,Mythology,published,"Or Light Fairies are highly worshipped fairies and enemies to the Shadow Fairies. They are kind and always smiles. With help from Con, they bring light to the world. They are his and Muda children.",Main Universe,Mythology; Gods and Goddesses,,,,
JonirGods,Bishop Fairies,bishop-fairies,,Mythology,published,"Or Ice Fairies, they are led by Golden Eil and with his guidance they are very strong and fast fairies. Carrying weapons made of ice, they are guardians of the outer Black Forest.",Main Universe,Mythology; Gods and Goddesses,,,,
JonirGods,Summoning Fairies,summoning-fairies,,Mythology,published,"Capable of summoning anything from almost anywhere, they are restricted by the laws of the Black Forest, however many have been able to overcome this law with concentration.",Main Universe,Mythology; Gods and Goddesses,,,,
JonirGods,Law Fairies,law-fairies,,Mythology,published,Lawkeepers of the Black Forest and talented fairies that knows every law of every world.,Main Universe,Mythology; Gods and Goddesses,,,,
JonirGods,Construction Fairies,construction-fairies,,Mythology,published,Builders of the Fairfolk. They often build houses and cities with ease and in great speeds.,Main Universe,Mythology; Gods and Goddesses,,,,
JonirGods,Guard Fairies,guard-fairies,,Mythology,published,"Guardians and warriors of the Fairfolk. Mostly women, they are fast, strong, and are always on the defensive.",Main Universe,Mythology; Gods and Goddesses,,,,
JonirGods,Wand Makers,wand-makers,,Mythology,published,"Fairies that makes wands for magical beings, they created the first wand with the help of Prum, their eldest leader.",Main Universe,Mythology; Gods and Goddesses,,,,
JonirGods,Auma,auma,,Mythology,published,"The dragon fairy, she is powerful and can create a flame so strong it can burn through anything. While very young, she gets into may misheif and tries to make up for it in the end. Although very powerful, she has yet to master her powers. She is outcast to the Volcano Islands of the Black Forest where she is visited by other fairies for friendship.",Main Universe,Mythology; Gods and Goddesses,,,,
JonirGods,Seibels,seibels,,Mythology,published,"Rank: Elysian version of Sprites

Small shiny creatures with glowing tails and long hair. They are a younger species than the Fairfolk but share many similarities in that they tend to task normally thought to be produced by humans. They unlike the Brukas “brownies” doesn’t build things, they instead tend to more natural substances like healing and the human body.",Main Universe,Mythology; Gods and Goddesses,,,Jonir Gods,
JonirGods,Leprechauns,leprechauns,,Mythology,published,"Rank: Similar to their Irish versions

Similar to their Irish counterparts in the only exception that they are usually not associated with rainbows nor gold. They mine silver and can be spotted near massive amounts of silver. It is believed that their homelands are made of pure silver with diamond encrusted bridges leading to other worlds which they can access with their spiral like weapons. Although not fighters, these fast creatures appear as men with armor.",Main Universe,Mythology; Gods and Goddesses,,,Jonir Gods,
JonirGods,Brukas,brukas,,Mythology,published,"Rank: Elysian version of Brownies

Small creatures covered in fur, has pointy hats, and large flat shoes. They assist in homes and prefers to go unseen by human eyes. They talk amongst each other and only ask from those they assist to leave food for their work. In ancient times, these creatures can clean a space in what appears to be a blink of an eye.",Main Universe,Mythology; Gods and Goddesses,,,Jonir Gods,
JonirGods,Jack O’ Lantern,jack-o-lantern,,Mythology,published,"Rank: God of Halloween and Sweet Treats

Born from a pumpkin during the 31st of October, this deity uses his flashing staff to play pranks on others and his laughter can be heard during the dreams of those he taunts. Although not evil, Jack possesses many evilish characteristics that can be described as a maloviolent spirit. He appears in a youthful form with a black and white outfit with pumpkin like faces decorating it. His hair is silver and spikey containing pixie dust. He is half pixie and has traces of possibily being a adult pixie.",Main Universe,Mythology; Gods and Goddesses,,,Jonir Gods,
JonirGods,Pixie,pixie,,Mythology,published,"Rank: Youthful spirits that entertain children

Popular amongst young girls and sometimes boys. These spirits appear during the youth of a child that once appeared to them as sad and neglected. Always youthful and joyish, these creatures influence causes children to become happier in youth and to grow into fine adults. Once someone grows up, they are no longer able to see these beings. The main power of the Pixies is to keep balance in someone’s life. Doing so with pixiedust which was granted to them by the Fairfolk.",Main Universe,Mythology; Gods and Goddesses,,,Jonir Gods,
JonirGods,Sguise,sguise,,Mythology,published,"Rank: Elysian version of a Tooth Fairy

Usually seen as women, few male Squise have also been seen.  Worshipped by the ancient Elitsyians believing them to come at night to take mortal teeth as a present for themselves, while leaving behind coins or jewelry. Teeth have been rumored to be of great substance to them, even providing them with power stronger than many fairies.",Main Universe,Mythology; Gods and Goddesses,,,Jonir Gods,
JonirGods,Kookoo Cree,kookoo-cree,,Mythology,published,"Rank: Elysian version of a Bugbear

A weird creature that uses its long antennae to create illusions across vast lands. Its appearance is different than its counterpart however its fable is similar that it scared disobedient children and ate them if they didn’t listen to their parents by their 10th birthday.",Main Universe,Mythology; Gods and Goddesses,,,Jonir Gods,
JonirGods,Elysian Goblin,elysian-goblin,,Mythology,published,"Rank: Elysian version of the hobgoblin

Greenish orange creatures with scary faces and loud screechy voices. They are so intimidating that people-built statues to honor them just to keep them pleased. When it didn’t work, they left traps for them in the appearance of a cat which the creatures loved to eat.",Main Universe,Mythology; Gods and Goddesses,,,Jonir Gods,
JonirGods,Elysian Elves,elysian-elves,,Mythology,published,"Rank: Elysian version of the elves

Elves are a race of millions that spans across numerous realms. So far that they have managed to live for thousands of years and fought numerous battles including against their enemies the Kinduwa. With limited magical powers given to them from the gods over the Black Forest, they have been blessed with protective armor, magical weapons, and great intelligence for their constant fight on the side of the High Council against demons. Elves are seen as tall beings that are protective against magic and they live high in the mountains away from others and take a royal figure over the Black Forest, so much that others fear them. During the Great War, many elves were transformed into Spell Creatures and their memories of anything other than their current nature has been removed. They since took on various names, types, and abilities.",Main Universe,Mythology; Gods and Goddesses,,,Jonir Gods,
JonirGods,Persung,persung,,Mythology,published,"Rank: Elitsyian version of the Persi

The Elitsyian version of the Persian Persi. They are beautiful half humanoid, half angel. When the first humans interacted with fallen angels, several humans mated with them, thus giving birth to the Persi. Their kind disappeared into the Black Forest where they now serve as mythological angels and guides to the fairies.",Main Universe,Mythology; Gods and Goddesses,,,Jonir Gods,
MagicalBeings,Tier Authority Unit,tier-authority-unit,,Mythology,published,"Rank: Highest Authority of Tier under the Royal Family
Note: TAU",Main Universe,Mythology; Other Myths,,,Royal Family,
MagicalBeings,Tier Authority Unit or TAU,tier-authority-unit-or-tau,,Mythology,published,"Are a collection of authority figures that govern the actions of various laws throughout Tier. Started by the Domi Mages, they are high officials who respond to the orders of the High Council. Mostly considered policemen. They can vary between office clerks, detectives, school officials, flight governors, and Detectors.",Main Universe,Mythology; Other Myths,,,,
MagicalBeings,Sea Guards,sea-guards,,Mythology,published,"Rank: Varies

Skilled elf like warriors tasked with protecting Tier’s seas from disasters and threats. Each country of Tier and throughout the Magical Community has their own version of the Sea Guard.",Main Universe,Mythology; Other Myths,,,TAU,
MagicalBeings,Ocean Task Force,ocean-task-force,,Mythology,published,"Rank: Varies
Note: OTF

Hard attitude warriors with a varied ability. They exists to protect the magical communities’ oceans from threats and disasters. A subdivision was created three hundred years after their first organization was created called the Sea Guards. They can be seen with blue and golden armor with fin like weapons and powers given to them by the god, Chrochen.",Main Universe,Mythology; Other Myths,,,TAU,
MagicalBeings,Land Runners,land-runners,,Mythology,published,"Rank: Varies

Protectors of the lands of Tier, they have various subdivisions for protecting different aspects of the world. So much so, it is hard to pinpoint a central chain of command other than TAU. Each country in Tier, has their own task force for the purpose of protecting their landforms.",Main Universe,Mythology; Other Myths,,,TAU,
MagicalBeings,House Pets,house-pets,,Mythology,published,"Rank: None

Numerous creatures that can be tamed easily or by spells. Some pets can talk and even change shape.",Main Universe,Mythology; Other Myths,,,Mages,
MagicalBeings,Flight Governors,flight-governors,,Mythology,published,"Rank: 2nd Rank

Under the official Governors, they are weird looking creatures who have big hands. The rings on their fingers can detect teleportation regardless of who is doing it. They received their rings directly from the High Council. Each FG has their section.",Main Universe,Mythology; Other Myths,,,Governors,
MagicalBeings,Peacekeepers,peacekeepers,,Mythology,published,"Rank: 1st Rank

Law makers and advance policemen. Hated by such, they abide by the law at all costs. They are rarely seen unless when a great tragedy is made.",Main Universe,Mythology; Other Myths,,,,
MagicalBeings,Detectives,detectives,,Mythology,published,"Rank: 3rd Rank

Detectives are just like their human counterparts. They are direct descendants to the original Peacekeepers who guarded Tier. They are blue creatures who are built like statues. They are smart, fast, and can see through the dark. Their skin light up when they are closed to something they are looking for.",Main Universe,Mythology; Other Myths,,,Peacekeepers,
MagicalBeings,Office Clerks,office-clerks,,Mythology,published,"Rank: None

Office Clerks can be found in numerous places. They come in different sizes and are usually human like beings",Main Universe,Mythology; Other Myths,,,,
MagicalBeings,Lawyers,lawyers,,Mythology,published,"Rank: 5th Rank

Just like their human counterpart, these usually elf and dwarf creatures are smart and fast. Greedy things that only care about winning their case at any cost.",Main Universe,Mythology; Other Myths,,,,
MagicalBeings,Governors,governors,,Mythology,published,"Rank: 1st Rank

Powerful judges who make official law commands in the name of the High Council. They are higher than lawyers and can directly challenge even the Grand Professor’s ruling on matters. They oversee numerous specialized cases.",Main Universe,Mythology; Other Myths,,,Flight Governors,
MagicalBeings,Detectors,detectors,,Mythology,published,"Rank: None

Are cloaked creatures that can detect those teleporting. Thought to be tamed demons, these creatures are fast and cross through dimensions. First seen in The Lazarons Book 2. Unlike the Flight Governors, they act more like hunt dogs instead of their own separate unit of law enforcement.",Main Universe,Mythology; Other Myths,,,Flight Governors,
MagicalBeings,Tier Police Squad,tier-police-squad,,Mythology,published,Rank: 7th Rank,Main Universe,Mythology; Other Myths,,,Governors; Lawyers; Land Runners,
MagicalBeings,Tier Police Squad or TPS,tier-police-squad-or-tps,,Mythology,published,Are policemen and women who have specialized objects to govern the law. They wear dark blue uniforms with glowing badges. Their eyes are blue colored and their skin are marked with laws.,Main Universe,Mythology; Other Myths,,,,
MagicalBeings,Air Guards,air-guards,,Mythology,published,"Rank: 2nd Rank

Extremely fast mages tasked with protecting the skies at all costs. They were gifted with powers by Adv the goddess of the Skies. With their gift, the TAU created a specific unit for them, others later joined through specialized training. Their abilities include flight, enhanced speed, bird like physical armor features, enhanced sight, strength, and echo hearing.",Main Universe,Mythology; Other Myths,,,Land Runners; Sea Guards; Ocean Guards; Adv,
MagicalBeings,The Forcers,the-forcers,,Mythology,published,"Rank: 4th Rank

The Forcers are a protect unit that erects barriers around popular places. It was their initial magic, that erected the barrier around the schools of Tier including Tantirith, Purnog, and Hizirinth. Kayla Lazaron joined them briefly after her graduation from Tantirith in Book 5.",Main Universe,Mythology; Other Myths,,,TAU,
MagicalBeings,The Cloths,the-cloths,,Mythology,published,"Rank: 5th Rank

The Cloths are an unknown force with purposes shrouded in secrecy. A task force amongst the shadow government within TAU. They are cloaked figures that have abducted infants with near death experiences believing the child would have powerful and influential magic.",Main Universe,Mythology; Other Myths,,,Sgtau,
MagicalBeings,Shadow Government of TAU,shadow-government-of-tau,,Mythology,published,"Rank: 1st Rank
Note: SGTAU

The Shadow Government of TAU is a separate entity that operates sometimes illegal missions. They were once created to stop the rise of Belckus army and Tonik’s shadow army on Earth. Once their missions were successful, they were called back to Tier to protect the government from outside threats. This allowed them to affectively serve as bodyguards to TAU.",Main Universe,Mythology; Other Myths,,,TAU,
MagicalBeings,Witches Council,witches-council,,Mythology,published,"Rank: 3rd Rank

Witches Council are a group of powerful witches and warlocks that govern the rules and punishments over witches, warlocks, and their familiars. Their headquarters is in the south hall of Coldren.",Main Universe,Mythology; Other Myths,,,Witches and Warlocks,
MagicalBeings,Fairy Council,fairy-council,,Mythology,published,"Rank: 3rd Rank

Fairy Council are a magical force put together by the first fairy in an attempt to secure the laws and pass on authority to Fairies, Dwarves, Elves, Brownies, Sylkies, and other Fairfolk. They are located at the south hall of the Coldren.",Main Universe,Mythology; Other Myths,,,Fairfolk,
MagicalBeings,Shadow Council,shadow-council,,Mythology,published,"Rank: 3rd Rank (1st Rank in the Shadow Realm)

The Shadow Council are a mischievous group of shadow creatures and dark magic users. They exists solely for their own purposes and to create a trade system for the Shadow Realm and other realms. They at times have shown to care for shadow creatures such as creating laws, fair trade system, starting the first city in the Shadow Realm, and even protecting the realm at numerous costs. They initially were created by Tonik before removing him for fear that they would never grow from their initial reason of creation.",Main Universe,Mythology; Other Myths,,,Shadow Creatures; Tonik,
MagicalBeings,Council of Reality,council-of-reality,,Mythology,published,"Rank: 1st Rank
Note: CR

The Council of Reality is one of the most powerful sections of government next to the High Council and the Tier Authority Unit. Consisting of Gins, often called the CR, the Council of Reality are tasked with protecting reality at all costs and with a similar purpose as the First Ones, they are often linked directly with the First Ones. Their laws grant the existence of everyone to continue without outside disturbance, however they care not of inside turmoil and allow the realities to happen as they should. They created the Dimensional Guards to protect the dimensions.",Main Universe,Mythology; Other Myths,,,High Council; Gin; First Ones; TAU,
MagicalBeings,Dimensional Guard,dimensional-guard,,Mythology,published,"Rank: 6th Rank

Suited with indestructible armor, these warrior type creatures appear humanoid, but lack personality and thoughts of their own. Created by the Council of Reality, they have, since the first dimension was created eons ago, drafted to protect all dimensions. Regardless of the infinite number of dimensional spaces created, a Dimensional Guard will appear to protect it from anyone outside of the creator of said dimension.",Main Universe,Mythology; Other Myths,,,Council of Reality,
MagicalBeings,First Ones,first-ones,,Mythology,published,"Rank: 1st Rank

First Ones are some of the most powerful and most influential figures throughout the magical community. Often called the Ancient Ones or the First Bringers, the First Ones are animorphic beings that can shapeshift to appear as innocent animals. Found at the edge of Eternity along with Olerta, they guard reality and presents it rules, laws, and ordinances. They provided the power to manipulate reality to originally lower powered mages known as Gins, thus making the Gins the most powerful race of mages.",Main Universe,Mythology; Other Myths,,,Gins; Olerta,
MagicalBeings,Bank Elves,bank-elves,,Mythology,published,"Rank: None

Snobby creatures with dark green eyes. They are fast and has various magical powers. They can travel through objects and are known to only exist within the confines of banks throughout Tier. They can disguise themselves as anything to work inside of a bank. Including humans in a human bank. They love money but not in the greedy sense but in the sense that they feel a connection to it.",Main Universe,Mythology; Other Myths,,,,
MagicalBeings,Veknahs,veknahs,,Mythology,published,"Rank: None

Powerful Djiins that lives within their own dimensional space. They are a set of Djiins that were protected by the First Djinn to protect their flow of magic from those that wished to have their reality bending abilities for themselves.",Main Universe,Mythology; Other Myths,,,,
MagicalBeings,Witch,witch,,Mythology,published,"Rank: None

Mages that can manipulate magic to a degree of creating anything from thought. While abilities vary, Witches are women, while Warlocks are men and Wicklings are half warlock and half werewolf under the protection of Bewithia.",Main Universe,Mythology; Other Myths,,,,
MagicalBeings,Shadow Fiend,shadow-fiend,,Mythology,published,"Rank: Shadow Creature

Shadow Fiend are powerful and dangerous beings that can control shadows and manipulate magic through thought. Once banished because of their assistance with the original Shadow Fiend, Tonik. They are known to be fast and can teleport across great distances.",Main Universe,Mythology; Other Myths,,,,
MagicalBeings,Leviathans,leviathans,,Mythology,published,"Rank: None

Large reality spanning serpents that appear grand even amongst the gods. Leviathans were creations of Chaos and were used to battle GOD and the Ho’zares.",Main Universe,Mythology; Other Myths,,,Chaos,
MagicalBeings,Inir,inir,,Mythology,published,"Rank: Avatar of Elshack

The last avatar of the Creation Celestials. Inir’s family was murdered by a demonic disease, when attempting to bring them back to life. His request was denied by all gods and celestial powers. In his request to revive his family, Inir began to cipher the energy that flowed throughout creation alerting the attention of every magical and supernatural being in existence. This presence also started to destroy reality, causing GOD, the Neither, and their armies to act. Called upon by Elshack and told that Inir is it’s avatar.",Main Universe,Mythology; Other Myths,,,Elshack,
MagicalBeings,Odlem,odlem,,Mythology,published,"Rank: Avatar of Anka

A being of immense power that formed Eden at Anka’s request to birth and house all of creation. This being appears in the highest rank next to Anka and Elshack. It appears as both a man and a woman always appearing almost across Eden watching over its precious lands, secrets, and creation that sits within its borders. It is the only avatar of Anka.",Main Universe,Mythology; Other Myths,,,Anka,
MagicalBeings,Behaviors,behaviors,,Mythology,published,"Rank: None

Horse like creatures that live and roam within the boundaries of the Imaginarium. They appear graceful and has long manes sprinkled with golden ash and they leave behind scent of honey. Behaviors take on the emotion of whomever they represent from the waking world.",Main Universe,Mythology; Other Myths,,,,
MagicalBeings,Wizards,wizards,,Mythology,published,"Rank: None

Descendants of Witches. Wizards have magic known as berserk magic, which means they are naturally unable to control their abilities. To control their power, Wizards have constructed items such as wands. 75% of the wizard race lives in the Wizarding World.",Main Universe,Mythology; Other Myths,,,,
MagicalBeings,Serene,serene,,Mythology,published,"Rank: First Witch

The first witch, Serene was a powerful witch almost deity like amongst her followers. Serene’s first two children Bewithia and Xshaun are the gods of witchcraft and founders of the wiccan belief. Thanks to them they gave birth to witches, covens, warlocks, and the first spellbook.",Main Universe,Mythology; Other Myths,,,Domi Mage,
MagicalBeings,Alvinda,alvinda,,Mythology,published,"Rank: First Fairy

Powerful and beautiful. Alvinda was seen gliding often above the ground with small angelic wings from her back. Her long gown consists of flowers, petals, and grass that when it touches nature can restore it. Mother of the fairyfolk or fey, Alvinda created the entire world of the “Black Forest” to house magical creatures. With several deities and most importantly Crochen, Alvinda birthed the first mermaid and merman which together they became the earliest ancestors to the Mermadic Kingdom.",Main Universe,Mythology; Other Myths,,,Domi Mage,
MagicalBeings,Varus,varus,,Mythology,published,"Rank: First Hunter

Strong, agile, and strategic, Varus the first hunter was also the first soldier outside of the Archangels. His demeanor was known to be brute and yet quiet, always thinking of battles and wartime. His name is often called on during a hunter’s battle and he is preyed on during their funeral. He had a father son type relationship with the God of War Nextis shortly after the deity was born.",Main Universe,Mythology; Other Myths,,,Domi Mage,
MagicalBeings,Lyus,lyus,,Mythology,published,"Rank: First Sorcerer

Capable of controlling all the elements, Lyus was the first Sorcerer and from him came the first sorcerer and the elements of the world were his seven children. From his involvement with a nymph, the first elemental was born. From his love with Serene, their union gave birth to Bewithia and Xshaun.",Main Universe,Mythology; Other Myths,,,Domi Mage,
MagicalBeings,Yeb,yeb,,Mythology,published,"Rank: First Druid
Note: the Silent

The first healer and medicine man, Yeb travelled the cosmos providing healing to others. He was called upon to grant healing miracles to his brethren when the Domi Mages went to war with Tonik. From Yeb, came the druids, later shamans, and oracles.",Main Universe,Mythology; Other Myths,,,Domi Mage,
MagicalBeings,Runnith,runnith,,Mythology,published,"Rank: First Djinn

An extremely powerful being with magic that could rival those of a god. Runnith has two forms including a male and female form with two distinct personalities. The reasoning was explained by Runnith themselves that they are two souls in one body which is the reasoning behind their powerful magic. Because of their power, Runnith’s descendants were banished, and some were trapped because of their power. The Djinn war saw the magical community turn against the Djinns which also resulted in Runnith’s death.",Main Universe,Mythology; Other Myths,,,Domi Mage,
MagicalBeings,Olsinius,olsinius,,Mythology,published,"Rank: Archimage

A powerful servant of the Domi Mages that help to create their home. He appears tall, beautiful, and has long silver hair. He takes numerous forms throughout his assistance to the Domi Mages. After their disappearance, Olsinius continues to watch over the Domi Mages’ home and attempts to bring them back to the Realm of the Living.",Main Universe,Mythology; Other Myths,,,Domi Mage,
MagicalBeings,Olsinia,olsinia,,Mythology,published,"Rank: Archimage

A young golden hair girl with galaxy altering abilities. Olsinia was commanded to create the magical community to house the descendants of the Domi Mages. She created the worlds, stars, and cloaked the solar system from our own by shrouding it in darkness.",Main Universe,Mythology; Other Myths,,,Domi Mage,
MagicalBeings,Imps,imps,,Mythology,published,"Rank: None

Originally small creatures seen with batwings, large fangs, high pitch screams, and mischievous personalities. Sometime before the Djiins were banished to the 5th dimensional plane, the High Imp Queen seduced a Djiin. From their forbidden affair, the queen birth an imp capable of similar reality warping abilities as a Djiin. Imps would later cause destruction across the Magical Communities, causing them to be banished to the 5th dimensional plane.",Main Universe,Mythology; Other Myths,,,Fae; Djiin,
MagicalBeings,Kusha,kusha,,Mythology,published,"Rank: Queen of Imps
Note: Imp Queen

A high imp queen that grew tired of the mistreatment of her fellow imps. To fix this issue, she seduced a high djiin that together with him birth a powerful imp child. From her child, came the new race of imps that could warp reality. Her second child became the first Changling and its child became the first Shapeshifter. Her memory is seen in books and on memorials throughout the Imp Kingdom within the 5th dimensional plane.",Main Universe,Mythology; Other Myths,,,Imps,
MagicalBeings,Changelings,changelings,,Mythology,published,"Rank: None

Changelings are shapeshifters that can change into any animal or magical creature.

Shapeshifters are a type of Changeling that can only change their appearance to any known humanoid.

Burnum are Changeling that can take the shape of any inanimate object that they have seen.",Main Universe,Mythology; Other Myths,,,Imps; Kusha Imp Queen,
MagicalBeings,Seer,seer,,Mythology,published,"Rank: None

Seers are psychics that can sense, and more powerful ones can see auras around others. In old times, Seers were often found around an Oracle at her temple. Seers like the more powerful Oracle are descendants of the Druids.",Main Universe,Mythology; Other Myths,,,Oracle,
MagicalBeings,Oracle,oracle,,Mythology,published,"Rank: None

Child to the Druid, Oracles are the most powerful psychics and have direct links to the gods. In ancient times, temples and altars were erected in their honor. The most prominent Oracle was the Oracle at the Temple of Melphi which the Greeks translated to the Temple of Delphi.",Main Universe,Mythology; Other Myths,,,Druids,
MagicalBeings,Agaers,agaers,,Mythology,published,"Rank: None

Agaers are winged children seen dressed in Christmas garments. They appear around festive holidays and are believed to be spirits that secretly accompanies Santa Claus on his journeys around the world. Although they are rarely seen by anyone that isn’t a Holiday spirit, they are heard laughing and singing when near the north pole.",Main Universe,Mythology; Other Myths,,,Santa Claus,
MagicalBeings,Dennies,dennies,,Mythology,published,"Rank: None

Half dolphin, half child, these creatures are sweet with big eyes and long garments that covers their silk bodies. They are fast and are many to be found near the entrance of the Mermadic Kingdom. Their loud and earth-shattering cries can alert the kingdom when intruders are approaching.",Main Universe,Mythology; Other Myths,,,Mermadic Kingdom,
MagicalBeings,Gypsy,gypsy-mythology,,Mythology,published,"Rank: None

Traveling witches, Gypsies although not as powerful as their magical cousins, these individuals are often seen as beautiful humans that uses a variety of jewels and items to perform their magic. Like their cousins the Wizards, they have a form of berserk magic that causes their magic to become out of control unless sealed away. This effect causes them to be cautious of using their full magical potential.",Main Universe,Mythology; Other Myths,,,Witches,
MagicalBeings,Romanus Housenspell,romanus-housenspell,,Mythology,published,"Class: Headmaster of Entire School
Hall of: Entire School",Main Universe,Mythology; Other Myths,,,,
MagicalBeings,Grand Professor Romanus Housenspell,grand-professor-romanus-housenspell,,Mythology,published,"Commonly known as Grand Professor Ramanus Housenspell, he is over 600 years old and scouts for new talents to attend his school. He was once a teacher at Tantirith until he rose to become its headmaster 200 years prior. He has been in numerous wars and has assisted in numerous creations of certain spells. With his longevity he has also experience loss that many others have never imagine. Something he writes in the very coveted best selling novel. Soul Release, a 438 year old book.",Main Universe,Mythology; Other Myths,,,,
MagicalBeings,Simon Coldstone,simon-coldstone,,Mythology,published,"Class: Alchemy and Science
Hall of: Chapter of Drake",Main Universe,Mythology; Other Myths,,,,
MagicalBeings,Professor Simon Coldstone,professor-simon-coldstone,,Mythology,published,A dwarf and teacher of Alchemy and Science to freshmen and sophomore. He teaches Advance Science and Potion Mastery to juniors and seniors. His classroom is similar to a cave although it is located one of the highest arches throughout Tantirith.,Main Universe,Mythology; Other Myths,,,,
MagicalBeings,Thomas Frandrick,thomas-frandrick,,Mythology,published,Class: School’s Pet Yard or Zoo,Main Universe,Mythology; Other Myths,,,,
MagicalBeings,Mr. Thomas Frandrick,mr-thomas-frandrick,,Mythology,published,The school’s pet tamer. He keeps an eye on Tantirith’s wide assortment of pets.,Main Universe,Mythology; Other Myths,,,,
MagicalBeings,Ms. Donna Doublestack,ms-donna-doublestack,,Mythology,published,The school’s cafeteria lady. She lost most of her powers during the Great Plague of Black Magic as told in Chapter 10 of The Lazarons. Although she appears in every book of the four book series. She rarely is seen using magic aside from making lunch.,Main Universe,Mythology; Other Myths,,,,
MagicalBeings,Allegra Mooseriver,allegra-mooseriver,,Mythology,published,"Math teacher at Tantirith. Her magic isn’t mentioned in the books. However, she appears with giant horns and long Greek inspired dress. Her room is also inspired by the Greek Pathenon for its massive stone structures and pillars. At the end of the room is her desk where she sits like a giant over her students. She is about 20ft tall and is only ever seen in her classroom. She is said to live across the mountains from the school in a village made up of giants and resembles the Greek city of Athens.",Main Universe,Mythology; Other Myths,,,,
MagicalBeings,Amedeo Rvege,amedeo-rvege,,Mythology,published,Science teacher at Tantirith. He looks like a mix between man and a snake. His appearance has given him a distinct attribution to the school. He teaches mostly to Chapter of Shade students.,Main Universe,Mythology; Other Myths,,,,
MagicalBeings,Anais Dynos,anais-dynos,,Mythology,published,A Greek Centaur that became teacher at Tantirith. He lacks magic and was infected by the Lake Disease in the first book. He teaches Hunting & Creature Study Classes to 2nd and higher class students. He appears briefly in the first book. Major role in the second book where he falls for a female centaur teacher from Purnog after the school’s merge.,Main Universe,Mythology; Other Myths,,,,
MagicalBeings,Calliope Morningrise,calliope-morningrise,,Mythology,published,One of the main coordinators at Tantirith. She oversees the Tower of Drake and is one of five coordinators. She attended the school when she was a teen and left to pursue a career in Magic Compulsion before returning to teach. She is renowned for her powerful spells and instant explosion magic. At times she teaches Magic Compulsion but only to those who can use this rare form of magic like Kane.,Main Universe,Mythology; Other Myths,,,,
MagicalBeings,Cerulean Houseriver,cerulean-houseriver,,Mythology,published,"A nymph whose lower body seems like it is connected to whatever she hovers above. Rather it is the grass, water, fire, wood, etc. she can control limit powers over nature and teaches Nature Healing & World Course Study. She is mostly seen teaching to the Chapter of Eden.",Main Universe,Mythology; Other Myths,,,,
MagicalBeings,Djuna Deveros,djuna-deveros,,Mythology,published,A djinn that teaches Battle Spells & Defensive Techniques to 3rd year students and higher. He is snarky and once served over 450 masters before he was let free by his last master the Grand Professor. His story is told and he appears in the 2nd Lazarons Book.,Main Universe,Mythology; Other Myths,,,,
MagicalBeings,Dmitri Rivers,dmitri-rivers,,Mythology,published,A tall African teacher with a distinct African accent. He appears in the 2nd book where he teaches Manipulation of the Arts class. He helps in protecting the school from the 2nd horseman at the end of the book.,Main Universe,Mythology; Other Myths,,,,
MagicalBeings,Electra Eddrick,electra-eddrick,,Mythology,published,"Fast talking gypsy who moved to Tantirith on a course to London. She is the longest remaining gypsy to ever come to Tantirith. She gave up her gypsy birthright to remain to teach. She teaches to fourth year students. She appears briefly in the 2nd, 3rd, and 4th books. She teaches World Influence Studies and befriends Kara.",Main Universe,Mythology; Other Myths,,,,
MagicalBeings,Melissa Eldridge,melissa-eldridge,,Mythology,published,A teacher at the Chapter of Eyis. She appeared during Book 1 but was killed by the horseman of Pestilence because of her constant questions about the use of Kendo. Her name isn’t mentioned until she returns as a specter enraged by her death. She kills Ms. Mindwaker. The two spirits become the first ghosts of Tower of Eyis.,Main Universe,Mythology; Other Myths,,,,
MagicalBeings,Elia Hilton,elia-hilton,,Mythology,published,Teacher apart of the Chapter of Eyis. She has strong telepathic abilities. She teaches numerous courses on Mind Reading and How to Perfect it. She named her book after her course. It has sold over 3 million copies to mind readers and others.,Main Universe,Mythology; Other Myths,,,,
MagicalBeings,Gaia Roven,gaia-roven,,Mythology,published,Leading Professor of the Chapter of Eden. She is a large plump woman with grass like hair and oily skin. Her frame has been subject for many jokes by students. She speaks with an English tongue and talks like she is the queen. Her middle name is Elizabeth named in honor of the queen of England of which she looks up to in high regard. She appears during the third book introducing the Garden Maze Course. She appears briefly again to monitor the halls of the school during Book Four.,Main Universe,Mythology; Other Myths,,,,
MagicalBeings,Gulliver Albertons,gulliver-albertons,,Mythology,published,"A teacher of Languages at Tantirith. He is an invisible man that wraps himself up like a mummy to be seen. He was cursed by an evil sorceress in the early 18th century to never be seen by another woman. For cheating on her. He came to Tantirith with hopes to find a way to turn himself back to his normal form. He is over 300 years old and uses transformation magic throughout Book 2, 3, and the final book 4. He is a fan favorite to Kara in Book 4. He speaks with a Persian accent and is revealed in Book 2 to be a once powerful sorcerer who lost most of his magic due to his invisibility curse.",Main Universe,Mythology; Other Myths,,,,
MagicalBeings,Ianthe Sunny,ianthe-sunny,,Mythology,published,A meditation specialist at Tantirith. Mostly visited by third year students and higher. He can help ease any pain using various techniques.,Main Universe,Mythology; Other Myths,,,,
MagicalBeings,Isadora Musica,isadora-musica,,Mythology,published,"The school’s music teacher of freshmen and sophomores. She is tall, wears a wide skirt in resemblance to a giant violin and her hair is big and blonde resembling an oddly shaped guitar.",Main Universe,Mythology; Other Myths,,,,
MagicalBeings,Professor Barburus Hofferstack,professor-barburus-hofferstack,,Mythology,published,Known for his bleak expressions and sarcastic undertones. He has a long black beard and wears an equally tall black wizard’s hat. One that he stole from a wizard that he calls Merl. With many believing to have been the famous wizard named Merlin. He created many dark spells that are forbidden with such he was banished at one point. Before returning saving innocent lives during the Black Plague mentioned in Book 3 using one of those very dark spells. He teaches Black Arts and Ritual Magic mostly to students at the Chapter of Shade. Rarely does anyone call him Barburus instead his brother and sister refer him to simply as BH as though many of his collegues. He along with his sister and brother speaks in a strong Russian accent.,Main Universe,Mythology; Other Myths,,,,
MagicalBeings,Candace Hofferstack,candace-hofferstack,,Mythology,published,Sister to Professor Hofferstack. Unlike her brother she is mostly celebrated for her teachings of White Magic. She is part of the coven of Moving Spell Casters. A group of puritans that are considered to be the worshipped group of magical beings in modern times. They have existed for nearly 700 years long before Candace joined and have went through over 840 different group changes. Candace for only Books 2 has taught White Magic. It was discovered that she was sent to Tantirith to see if her brother was behind the attacks at the school. She left knowing that it wasn’t and returned briefly in Book 4 to avenge her brother’s death by helping to vanquish the horseman of Death.,Main Universe,Mythology; Other Myths,,,,
MagicalBeings,Daniel Hofferstack,daniel-hofferstack,,Mythology,published,"Older brother to Professor Hofferstack and Candace. He is the slacker brother who once lived on top of the tallest mountain in Tier. He experiments with Ghost Magic and teaches it at Tantirith. Although the course is very hard to get in mostly because it feels up quickly. He mentions to each class that Ghost Magic is dangerous because it has few limits and can put a strain on anyone other than, well, a ghost.",Main Universe,Mythology; Other Myths,,,,
MagicalBeings,Poe Lessondale,poe-lessondale,,Mythology,published,A teacher that is a skeleton. He often makes stupid jokes and cries at the sound of a dog bark. Students makes fun of him which he isn’t aware of and usually teaches from his cold and usually wet room in the dungeon of the school. He teaches Ancient History.,Main Universe,Mythology; Other Myths,,,,
MagicalBeings,Xan Zenboo,xan-zenboo,,Mythology,published,"Coach at Tantirith. He teaches the supernatural version of Physical Education called Battle Grounds Arcade. He is a satyr and son to a Nymph and a God. His magic of choice is defensive magic. Although he is known also for his limited telekinetic abilities. He teaches nearly all students at once who attends Tantirith how to perform what the magical world knows as Fighting Magic. Such magic consists of Lightning Throwing, Fireballs, mind blasts, and limited telekinetic abilities. Also Magic Blocking using the elbows is taught nearly too all ages at one point. He is one of the most sought out teachers in the world and one of the only satyrs in the world capable of using such powerful magic.",Main Universe,Mythology; Other Myths,,,,
MagicalBeings,Kaatje Lazaron,kaatje-lazaron,,Mythology,published,"Once a teacher at Tantirith. She originally taught Spells and Incantations. She is ancestor to Kayla, Kendo, and Kain.",Main Universe,Mythology; Other Myths,,,,
MagicalBeings,Benny Uldridge,benny-uldridge,,Mythology,published,One of the original students to Tantirith. He was large about 300 pounds. He specialized in Creation Magic. Mostly to summon food. His painting hovers above the Chapter of Eden’s doorway.,Main Universe,Mythology; Other Myths,,,,
MagicalBeings,Lisa Uldridge,lisa-uldridge,,Mythology,published,One of the 1st teachers at Tantirith. A plump woman with large eyes and short hair. She was strong minded and very opinionated. She was very nice and moved to Tantirith when she was kicked out of her house for unknown means. She died in the school’s fifth year by the Lake Disease.,Main Universe,Mythology; Other Myths,,,,
MagicalBeings,Kendrick Hines,kendrick-hines,,Mythology,published,"Although known to many. Mr Hines is 1,000 years old and help build Tantirith. Throughout his years he has seen many things. Which is the reason he remains at Tantirith as one of the school’s protectors and librarian. Although he is terrible at being the latter. He befriends Kayla, Kain, and Kendo. He often thinks of them as his own children because of his close friendship with their parents.",Main Universe,Mythology; Other Myths,,,,
MagicalBeings,Giundo,giundo,,Mythology,published,"Various magical beings known for their enhance speed, longevity, strength, flying abilities, intelligence, and teleportation. They come in different sizes and shapes. Some are guides, while others are just watchers. They rarely speak and glows when danger is nearby. They are found at each of the five major schools of Tier.",Main Universe,Mythology; Other Myths,,,,
MagicalBeings,Malaysia Anne Wilson,malaysia-anne-wilson,,Mythology,published,Able to control others with her voice. She was once a student at Tantirith. Now she is one of the school’s five coordinators. She is the coordinator to the Chapter of Eyis. Her mental abilities is widely feared across Tantirith. She shares her abilities and name with her ancestor the once Queen of Africa known as Voix. It is believed that she is the reincarnation of her ancestor through a curse cast upon her ancestor and children.,Main Universe,Mythology; Other Myths,,,,
MagicalBeings,Professor Luis Prockintaire,professor-luis-prockintaire,,Mythology,published,Latin wizard with long nails and beard. He teaches Spell Writing to First Year students at Tantirith.,Main Universe,Mythology; Other Myths,,,,
MagicalBeings,Stanley Woodenver,stanley-woodenver,,Mythology,published,"One of the school’s janitors and alumni of Purnog. Once a skilled warrior he lost all of his magical abilities. However, he retain his healing factor and is over two hundred years old. He works at Tantirith during the week and at Purnog during the Winter and Summer months.",Main Universe,Mythology; Other Myths,,,,
MagicalBeings,Tessa Moonshine,tessa-moonshine,,Mythology,published,"A sprite that works in the auditorium. She is proud of her job and is said to live there. She speaks squeaky and hates being ignored. She is considered the coordinator to events, contests, and anything related in the auditorium. She appears during the 2nd book.",Main Universe,Mythology; Other Myths,,,,
MagicalBeings,Thisbe Pickledale,thisbe-pickledale,,Mythology,published,A helper nurse in the Care Tower. She is an inspiring doctor much like Zandra her close friend. She attends the Tower of Eden and is seen throughout Book 2.,Main Universe,Mythology; Other Myths,,,,
MagicalBeings,Abra Housestacker,abra-housestacker,,Mythology,published,"The school’s local housewoman. She is never shown using magic except with magical items like a moving broom, mop, and several ghosts helpers.",Main Universe,Mythology; Other Myths,,,,
MagicalBeings,Delbert Broomstock,delbert-broomstock,,Mythology,published,"The school’s local houseman, he uses magical household items and can be seen talking about anyone and everyone behind their backs. He often cohorts with drinking on the job with the school’s local gardener.",Main Universe,Mythology; Other Myths,,,,
MagicalBeings,Gole Shoegreen,gole-shoegreen,,Mythology,published,The school’s local gardener that uses practicing nature magic to keep attention to the school’s local gardens and anything nature specific. He can be seen at times drinking on the job with Delbert Broomstock.,Main Universe,Mythology; Other Myths,,,,
MagicalBeings,Albert Withermyster,albert-withermyster,,Mythology,published,"Seen as a librarian. Albert is also the school’s advisor and officially the welcoming teacher to Tantirith for anyone that has come from anywhere other than Tier during their first year. His class is found in a narrow staircase found high in the archway of the school. His class has maps from all over the 13 realms and is often called upon to educate on various realms. He can be seen teaching the Lazaron siblings on the history of Tier, Tantirith, and magic.",Main Universe,Mythology; Other Myths,,,,
MagicalBeings,Headmistress Gavana,headmistress-gavana,,Mythology,published,"A incredibly powerful witch that practiced very strong defensive magic during the early 1600s. In the late 1700s, a demi-god named Arcarath nearly destroyed the world to get back at those who shunned him. She was killed during the Dark War and a plaque in her honor was hung up at the entrance of Tantirith. Her statue was mounted in the hall of Leaders in Tantirith.",Main Universe,Mythology; Other Myths,,,,
MagicalBeings,Arcarath,arcarath,,Mythology,published,"A powerful demi-god half god son to Volkanos and a witch named Grezilda. He was sent to Earth by Volkanos after he accidently killed his mother during his childhood. After being expelled from Tantirth during the late 1700s for killing a student, Arcarath destroyed most of the school and started the famed Dark War which led to hunters overthrowing him because of his dark magic. This in return convinced the Hunter’s Room that mages were dangerous and needed to be killed.",Main Universe,Mythology; Other Myths,,,,
MagicalBeings,Majicksend Rolowen,majicksend-rolowen,,Mythology,published,A snobby rich warlock that was killed by Arcarath after bullying him during his first few months at Tantirith. His parents went on to lead a tirade against Arcarath.,Main Universe,Mythology; Other Myths,,,,
MagicalBeings,Damien Rolowen,damien-rolowen,,Mythology,published,"Father of Majicksend. After his son died by Arcarath, he and his wife led the army which would be later known as the Dark War against Arcarath.",Main Universe,Mythology; Other Myths,,,,
MagicalBeings,Linda Rolowen,linda-rolowen,,Mythology,published,Wife of Damien and mother of Majicksend. Along with her husband she led the war later known as the Dark War against Arcarath.,Main Universe,Mythology; Other Myths,,,,
MagicalBeings,Cahtia Reportin,cahtia-reportin,,Mythology,published,A student that attends the Tower of Drake at Tantirith. She appears as one of the smartest students at Tantirith. She has short white hair and is originally a bubbly yet stern girl. She is revealed to be a part of the Tier Authority and is investigating the weird happenings at the school. She is poisoned by the Lake Disease and dies. Her friends remember her as an honorable person as their memories are erase of who she really was.,Main Universe,Mythology; Other Myths,,,,
MagicalBeings,Gary Stattershock,gary-stattershock,,Mythology,published,One of the friends to Kain along with Cahtia before her death. He is also one of the five smartest students at Tantirith. Often timid and afraid to dive into sports related courses. He is shown to contradict his timid nature during battle. Where for unknown reasons he fights like a warrior and charges ahead of his friends when needed. It is slightly revealed in Book 3 that he is possessed by a powerful warrior who uses Gary to relive his life and take control over Tantirith. The spell is banished and Gary returns not able to remember anything that has happened throughout his stay at Tantirith. He leaves in Book 3 leaving Kain by himself. He is featured alongside Angela Broomwitch in the Adventures of Kain as imaginary detectives along with Kain.,Main Universe,Mythology; Other Myths,,,,
MagicalBeings,Angela Broomwitch,angela-broomwitch,,Mythology,published,Student at Tantirith. She is a student of Chapter of Drake. Her family owns the Broomshack. A local pub for teenagers that sell magical drinks that has no alcohol.,Main Universe,Mythology; Other Myths,,,,
MagicalBeings,Serodge Huffintails,serodge-huffintails,,Mythology,published,A tall slim Indian boy who can summon spirit guides to assist him. He is a shaman and can heal any wombs. It has been stated that like his ancestors he might be able to live for nearly 200 years.,Main Universe,Mythology; Other Myths,,,,
MagicalBeings,Lera Ayayua,lera-ayayua,,Mythology,published,A Greek statue brought to life by a magician. Like all statues of the world. She is link to them believing them to be family. Given a brain and heart. Lera develops a crush on Kain. Although it is forbidden for her kind to love outside of her Statue Race.,Main Universe,Mythology; Other Myths,,,,
MagicalBeings,Merina Goodflood,merina-goodflood,,Mythology,published,A gypsy. She leaves after the first year at Tantirith as tradition for her family to move every year. During her time she is often seen proving that she has more magic then her family normally possess. Her skill of choice is levitation. A skill not normally learned by gypsies.,Main Universe,Mythology; Other Myths,,,,
MagicalBeings,Samantha Reed,samantha-reed,,Mythology,published,Student at Tantirith. She arrives at the school from a mysterious place. She is widely known for having powers over the elements. She is part of the New Alliance and knows a lot about the future. She befriends Kayla although the two often butt heads.,Main Universe,Mythology; Other Myths,,,,
MagicalBeings,Owen Pents,owen-pents,,Mythology,published,He has a strong liking for Kayla Lazaron. As the two fall in love at the end of book two. Causing Kayla to break up with the Mage of Fire at the School’s first Continual Ball. He practices very powerful weather magic. He is abandoned by his parents to save him from a threat. For reasons unknown he is attached to Wendy.,Main Universe,Mythology; Other Myths,,,,
MagicalBeings,Bronte Billioq,bronte-billioq,,Mythology,published,"Student at Tantirith, fond of novels and fairytales. He is the go-to guy for anything related to Tantirith and the land of Tier as he has studied it fearsly.",Main Universe,Mythology; Other Myths,,,,
MagicalBeings,Darius Debbins,darius-debbins,,Mythology,published,A tall black guy that often makes mistakes in almost everything. To only find out that he has the best luck at healing magic. He develops a small crush on Kayla but it fades when he realizes what she can do.,Main Universe,Mythology; Other Myths,,,,
MagicalBeings,Jasper Astronima,jasper-astronima,,Mythology,published,He is a jock like his friend Joss Magix and Magritte Creen his on and off again girlfriend. Inspiring to be a Skyball Star. He has won Tantirith its championships two years in a row. He belongs to the Chapter of Shade with his two friends.,Main Universe,Mythology; Other Myths,,,,
MagicalBeings,Joss Magix,joss-magix,,Mythology,published,Enemy to Kendo and his bully. Along with Jasper Astronima and Magritte Creen. He is the school’s jock. Capable of using powerful defensive magic like his father.,Main Universe,Mythology; Other Myths,,,,
MagicalBeings,Magritte Creen,magritte-creen,,Mythology,published,"Inspiring to be a lawyer at Magical Properties and Company. She is cunning, devious, and belongs to the Chapter of Shade. Along with Joss Magix and Jasper Astronima, she is the Tantirith’s three bullies and head cheerleader.",Main Universe,Mythology; Other Myths,,,,
MagicalBeings,Max Tutterfairy,max-tutterfairy,,Mythology,published,Sent to Tantirith to earn his fairy wings. He is a fairy and only reveals such in the second book before kissing Merce Dymond.,Main Universe,Mythology; Other Myths,,,,
MagicalBeings,Merce Dymond,merce-dymond,,Mythology,published,"A fairy and drawn to Max. She is levelheaded and uses Powder Dust Magic to make things grow. Unlike Max, she has already gained her wings however not her full powers yet. She attends Chapter of Eden.",Main Universe,Mythology; Other Myths,,,,
MagicalBeings,Mila Basteet,mila-basteet,,Mythology,published,Descendant of the goddess Bastet of Egyptian Mythology. Her grandmother was responsible for ending the Cat and Dog wars of Tier legend. She loves reading up on animals and how to train mythical beasts. She is a first year student at Tantirith.,Main Universe,Mythology; Other Myths,,,,
MagicalBeings,Misha Base,misha-base,,Mythology,published,"A statue student and friend to Lera Ayayua. He often uses stone magic as a way to make the school’s gargoyles his pets although its forbidden to interact with them as they must stay attentive and ward off evil. He can turn himself into a statue at will and revert back again. He is one of the 3,000 statues throughout history that was given life. As a resort he has no official parents although two statues which were sculpted depicted as his parents became his parents when they too was presented life.",Main Universe,Mythology; Other Myths,,,,
MagicalBeings,Musetta Teller,musetta-teller,,Mythology,published,Fourth year student. She is daughter to an Opera singer. She has musically enhanced powers and has been seen using a violin to cause sonic noises.,Main Universe,Mythology; Other Myths,,,,
MagicalBeings,Ocean Willowwish,ocean-willowwish,,Mythology,published,Like her mother Sabrina. She is a talent singer and is one of Tier’s most prominent singers. She has sold out arenas across the realms.,Main Universe,Mythology; Other Myths,,,,
MagicalBeings,Orion Starship,orion-starship,,Mythology,published,An alien boy from space. Although his planet is never mentioned it is hinted to be big and red. Although how he got to Tier is unknown. It is believe that the UFO sightings found across history is actually his people looking for him. He is green and red with oily skin wearing a large helmet. He appears throughout the third book and attends Hizirinth.,Main Universe,Mythology; Other Myths,,,,
MagicalBeings,Sabrina Willowwish,sabrina-willowwish,,Mythology,published,Once a student at Tantirith. Today she is the Orchestra Director to the Chapter of Drake. She is mother to Ocean Willowwish. She is also a talented singer and inspiring singer/actor.,Main Universe,Mythology; Other Myths,,,,
MagicalBeings,Sam Stonegruff,sam-stonegruff,,Mythology,published,Student at Tantirith. Student of Chapter of Drake. He is a inspiring novelist. He is indian descent and uses his culture through his magic.,Main Universe,Mythology; Other Myths,,,,
MagicalBeings,Story Brighthouse,story-brighthouse,,Mythology,published,Reporter and student of Tantirith. She is bright and has a high self esteem. With long dread locks and her often wild style. She resports the latest of Tantirith. Her dream job is to work at Tier Associations as a newscaster.,Main Universe,Mythology; Other Myths,,,,
MagicalBeings,Thea Colandale,thea-colandale,,Mythology,published,A ghost that attends school at Hizirinth in order to move onto the afterlife. If she graduates that is. She is very cheerful but turns a fiery flame if something bothers her. She has no magical powers however shows great ghostly powers that rival those with magic. She is nearly vanquished from existence when confronted by the Horseman of War. She is saved by Kain whom falls for her until she is granted her door at the end of the 2nd book.,Main Universe,Mythology; Other Myths,,,,
MagicalBeings,Zandra Goldenhoof,zandra-goldenhoof,,Mythology,published,Zandra is a short stubby girl with short black hair and is often seen reading a book or two. Her long robes are a gift from her father. A doctor. Someone who she wishes to be when is an adult. Because of this she specializes in healing magic.,Main Universe,Mythology; Other Myths,,,,
MagicalBeings,Zeno Dragonstail,zeno-dragonstail,,Mythology,published,"An teenage dragon boy that can breathe blue flames. He is constantly bullied and befriends Kain, Gary, and partially Cahtia during the 3rd book and the Adventures of Kain. In the Adventures of Kain his powers are finally revealed. He is mentioned to have powers connected to the five dragons that guard Tantirith.",Main Universe,Mythology; Other Myths,,,,
MagicalBeings,Devero Shorthouse,devero-shorthouse,,Mythology,published,One of the champions from book 3 that appears to have a problem with Kendo. He has massive amounts of powers believed to be given to him by Kendo’s grandfather in hopes to stop Kendo from vanquishing the remaining horsemen. Although instructed not to kill Kendo. He attempts too many times with no avail. He disappears through black smoke and is never heard of again after book 3.,Main Universe,Mythology; Other Myths,,,,
MagicalBeings,Honse Backwell,honse-backwell,,Mythology,published,A tall slinky blonde boy who befriends Kendo and is a part of the Chapter of Drake. He met Kendo and Zandra during a magical chess match and became instant friends of theirs.,Main Universe,Mythology; Other Myths,,,,
MagicalBeings,Edrick Devins,edrick-devins,,Mythology,published,One of the members of Tantirith’s Sky Ball Team. He is often the lead Thrower. Although he has shown great skills in being a Kicker.,Main Universe,Mythology; Other Myths,,,,
MagicalBeings,Veronica Spellshade,veronica-spellshade,,Mythology,published,A talkative girl with long purple hair. She can see into different realms. A gift she shares with Kayla Lazaron and they are the only two that can do this in the last four centuries. Her parents died when she was 2 and was raised by cloaked wisemen. She is almost always a conversation starter amongst her group of friends. She belongs to the Chapter of Drake at Tantirith.,Main Universe,Mythology; Other Myths,,,,
MagicalBeings,Miles Rockinburg,miles-rockinburg,,Mythology,published,"A Scout Elf. His pointy ears are used to hear long distances and his tail can detect motion around him. With his nature, he is able to always find something. Rather its information or a particular item. He is seen throughout the first Lazarons Book. However, his character becomes more minor throughout Books two and Three. He returns to his major status in Book four as a Guardian at the Tower of Drake.",Main Universe,Mythology; Other Myths,,,,
MagicalBeings,Raffaela,raffaela,,Mythology,published,Member to the Chapter of Eyis. She develops a slight crush on Kendo. Unaware of his love for Hoj. She has long black hair that nearly touches the floor. Her developed form is the process of her mental powers. She is a strong psychic and is in her third year at Tantirith. At the end of Book 2 she is in love with the Mage of Nature.,Main Universe,Mythology; Other Myths,,,,
MagicalBeings,Ralph Nuronis,ralph-nuronis,,Mythology,published,"A powerful seeker part of the Skyball team, although a jock he is often quiet preferring to stay to himself unless he is at a game. He likes to read, dance, sing, and is inspiring to become an actor. He is seen briefly throughout Book 2, 3, and lastly in Book 4 when he graduates Tantirith. His first official acting job came as the lead ghoul in the Ghoul That Can Dance.",Main Universe,Mythology; Other Myths,,,,
MagicalBeings,Raphaela,raphaela,,Mythology,published,Unknown twin sister to Raffaela. The similar names are subject for debate as many consider them to close in similarities. Many call her simply Phaela to avoid confusion. She is in her third year and has something to do with the second horsemen from entering the school in Book 2. She is seen briefly at the end of Book 1 with several other students.,Main Universe,Mythology; Other Myths,,,,
MagicalBeings,Raymond Oftemyor,raymond-oftemyor,,Mythology,published,A strong man with the head of a bull. His loud voice is his most distinctive form. He attended Purnog before the school’s merged and he now attends Tantirith at the beginning of Book 2 of The Lazarons. He is placed in the Chapter of Eden because of his history with nature.,Main Universe,Mythology; Other Myths,,,,
MagicalBeings,Remus Dolvinmorf,remus-dolvinmorf,,Mythology,published,A sweet boy with a not so sweet past. He moves his body like a snake and has no bones. His true appearance is shrouded by a spell. He confronts who he really is although briefly to Zandra at the end of Book 2. He is a shapeshifter from Purnog and belongs now to the Chapter of Eden before he leaves the school.,Main Universe,Mythology; Other Myths,,,,
MagicalBeings,Rex Devilsnap,rex-devilsnap,,Mythology,published,A dark figured guy with muscles. He is a follower to Romulus and worships the Ogliverion family. The men of his family have been followers to the Ogliverions for centuries and are considered their often strength. Like he is to Romulus throughout their time at Tantirith. He has a liking to Septima although he never admits it. He is nearly killed during the battle with the return of Montum. He gives up evil doings and disappears. It is revealed that he moves to Russia where he has two children with Seneca Hams.,Main Universe,Mythology; Other Myths,,,,
MagicalBeings,Rocco,rocco,,Mythology,published,A dog boy that hangs with Roman. He is short and orange. Although carrying dog like habits. He is very intelligent and is fond of technology. He befriends Gary during Book 2.,Main Universe,Mythology; Other Myths,,,,
MagicalBeings,Roman,roman,,Mythology,published,A blue dog boy and friend to Cahtia and Rocco. His parents are said to be governors to his people. Although his people are never mentioned. Cahtia likes him because of his knowledge about the Black Forest. Something that she finds very enchanting. He mostly appears throughout the Adventures of Kain and has an entire story around him in Roman and Rocco: The Short Short Dog Tail.,Main Universe,Mythology; Other Myths,,,,
MagicalBeings,Romeo,romeo,,Mythology,published,A ghost and lover to Juliet. He attends Hizirinth in an attempt to figure out why he is reliving his shakespering death. Once he graduates he will receive his door. He is seen briefly in the 2nd book only to reveal his love to Juliet and explain his story.,Main Universe,Mythology; Other Myths,,,,
MagicalBeings,Romulus Ogliverion,romulus-ogliverion,,Mythology,published,"A foul student who pressures Kane, Gary, and Cindy and is often their bully. His family belongs to a very long line of powerful Black Sorcerers and with them controls the northern part of the magical community through trades, taxing, and delivering of powerful black forbidden spells.",Main Universe,Mythology; Other Myths,,,,
MagicalBeings,Rufina Redwood,rufina-redwood,,Mythology,published,"A wizard that believes her people are the greatest of magical beings. She formed a club of other wizards at Tantirith that has since become the school bullies. Although not her plan at first, she later pushes this to get her referendums passed at the school council.",Main Universe,Mythology; Other Myths,,,,
MagicalBeings,Rufus Domagus,rufus-domagus,,Mythology,published,"A sondred that was cursed as a teenager for eternity. Having seen the world for nearly 8,000 years, Rufus was born in North Africa and help build the pyramids of Egypt. With his family dying thousands of years ago, Rufus collected their bodies and placed them in a spell. This disrupted the natural balance of his people and caused chaos. For punishment he was turned to a teenager for eternity and visits the school often. Attracting attention from almost anyone because of his old age ways and language.",Main Universe,Mythology; Other Myths,,,,
MagicalBeings,Sabina Spellway,sabina-spellway,,Mythology,published,A witch who defies her magic and only came to Tantirith in hopes to learn to control it or even get rid of it. Her parents were mortal but her grandparents were witches (warlock for grandfather). She has a liking for Rufus mostly because of his old world knowledge and attitude which she calls different then all the other boys at the school.,Main Universe,Mythology; Other Myths,,,,
MagicalBeings,Savannah Wedgemaker,savannah-wedgemaker,,Mythology,published,"Descendant from a long line of blacksmiths, Savannah has always wanted to do something outside of her family’s legacy. It is said she is descendant from the first blacksmith from the first civilization although her family’s nomadic nature looking for jobs is hard to prove this. She specializes in turning inanimate objects to life.",Main Universe,Mythology; Other Myths,,,,
MagicalBeings,Scarlett Nigh,scarlett-nigh,,Mythology,published,"All around her are shadows that holds onto her body always attempting to pull her into the Shadow World, one of the 12 Realms of Existence in which only darkness lives. At a young age, she was killed by a demon. In order for them to save their little girl, her family sacrificed their magic and made a deal with Montum to bring her back. As punishment she can only exists with one of the shards of the Pearl of Indomina. Some say she has befriended the shadows around her to the point where they don’t threaten her anymore and protects her. Many believe it is because of the pearl’s influence over the dead.",Main Universe,Mythology; Other Myths,,,,
MagicalBeings,Seneca Hams,seneca-hams,,Mythology,published,The future wife to Rex Devilsnap. She is a witch who appears briefly at Tantirith during the 10th chapter of the Adventures of Kain. She goes to Tantirith and is one of the few students who knows the Premium Dawn Spell.,Main Universe,Mythology; Other Myths,,,,
MagicalBeings,Septima Googlsnouf,septima-googlsnouf,,Mythology,published,Follower to Romulus throughout their times in Tantirith. She is fond of forbidden herbs and has a dream of opening her own Forbidden Herb shop which is stated in a vision that she will. However in the final chapter of the Adventures of Kain she is killed during the return of Montum.,Main Universe,Mythology; Other Myths,,,,
MagicalBeings,Septimus Moonwater,septimus-moonwater,,Mythology,published,Seraphina’s boyfriend and student at Tantirith. He attends the Tower of Oceen and is a merman. He is tall and slinky and has spikes as fins and hair. His mermaid tail is very long and he is believed to be one of the descendants to the nymph Aqua.,Main Universe,Mythology; Other Myths,,,,
MagicalBeings,Seraphina Goodwill,seraphina-goodwill,,Mythology,published,"Student at Tantirith. She attends the Tower of Oceen. She has wings and is only ever seen in the water. Because most of her classes has water, it believe that she is one of the few mermaids at the school. Although her tail is never mentioned.",Main Universe,Mythology; Other Myths,,,,
MagicalBeings,Sergia Gravebroke,sergia-gravebroke,,Mythology,published,A zombie girl that befriends Melia a ghost who was around during her time as a human. She uses makeup to disguise her deformed look. Unlike her parents she is ashamed of her zombie heritage. She also speaks and move very slowly. So slowly that only her closes friends have learned her zombie language.,Main Universe,Mythology; Other Myths,,,,
MagicalBeings,Severina Snakehead,severina-snakehead,,Mythology,published,Descendant to Medusa. She uses powerful rays of stone omitting beams to turn anything to stone and with help she can later turn things to gold. She is distant relative to King Mitos of Greek Legend.,Main Universe,Mythology; Other Myths,,,,
MagicalBeings,Severus Sungood,severus-sungood,,Mythology,published,A bright cheery guy that appears briefly during the third book. He is mentioned to be one of the few happy students at Hizirinth. He appears in the coliseum sitting and talking calmly to Zondra about the Sun Trials.,Main Universe,Mythology; Other Myths,,,,
MagicalBeings,Seymour Gray,seymour-gray,,Mythology,published,Winner of the Sun Trials where participants must compete to win the powerful sun dial of legend that can control the powers of the sun. He uses the sun dial to bring solice to his war torn people which are never seen in the books.,Main Universe,Mythology; Other Myths,,,,
MagicalBeings,Sidney Redroof,sidney-redroof,,Mythology,published,A carpenter and a proud student at Tantirith. Capable of building powerful charms. He has long been seen as the informant to those wishing to build charms and other magical items. His family created numerous magical items found throughout Tier.,Main Universe,Mythology; Other Myths,,,,
MagicalBeings,Silvia Collinrogue,silvia-collinrogue,,Mythology,published,"A spirit that attends Purnog. She lacks much human speaks and because she has been dead for so long, she forgot many of their ways and customs. She often shows this by trying to fit in at school.",Main Universe,Mythology; Other Myths,,,,
MagicalBeings,Skela Bonebroth,skela-bonebroth,,Mythology,published,"An undead girl that transfers from Hizirinth during Book 2. Although during her life she attended Tantirith and protected the Tower of Eyis as an oath given upon her family from the original Grand Professor. After her return to the school she continues to honor her oath although as mentioned by the Grand Professor that she no longer is bound to it because of her passing. She is a walking skeleton with a bob cut black hair, pink glasses, and a 1960’s poodle dress. She always carries a sword made up of bones. She never leaves her post at the doors to the Tower of Eyis.",Main Universe,Mythology; Other Myths,,,,
MagicalBeings,Slade Mumae’,slade-mumae,,Mythology,published,A mummy like mutant with an ability to heal and summon skeleton warriors at will. His abilities are rare and thus very little knowledge of how to control them. He was once an Egyptian prince with a different name until he was killed and was reborn as Slade. His parents adopted him and sent him to Tantirith to fit in with others like him.,Main Universe,Mythology; Other Myths,,,,
MagicalBeings,Sonny Bluebell,sonny-bluebell,,Mythology,published,Student at the Tower of Eden. He is a short boy with short white hair and big lips. He talks very fast and can control plants.,Main Universe,Mythology; Other Myths,,,,
MagicalBeings,Stephanus Glowridge,stephanus-glowridge,,Mythology,published,His family are magical wand sellers and thus is thrust into the world of mostly magicians and wizards. He uses several wizard like customs to blend it with the wizard students at Tantirith.,Main Universe,Mythology; Other Myths,,,,
MagicalBeings,Stone Surrough,stone-surrough,,Mythology,published,A typical dumb jock at Purnog that places in first or second in each tournament of the Golden Disk Throw.,Main Universe,Mythology; Other Myths,,,,
MagicalBeings,Susannah Wolfentein,susannah-wolfentein,,Mythology,published,"Half cat half wolf girl that is descendant from the goddess, Cat. She is strong and very quick, like her sister Tertia, she can detect almost anything with a smell. She is proud and possesses courage beyond her peers.",Main Universe,Mythology; Other Myths,,,,
MagicalBeings,Tanaquil Webbis,tanaquil-webbis,,Mythology,published,A spider boy or spider dude as he calls himself. He is a self proclaimed lady’s man and usually is seen trying to pick girls. He can create sticky webs to hang from. He attends Purnog.,Main Universe,Mythology; Other Myths,,,,
MagicalBeings,Tarquin Webroot,tarquin-webroot,,Mythology,published,A spider boy that lives deep within the shadows of Purnog. He transfers to Hizirinth during his 3rd year in an attempt to control his powers better.,Main Universe,Mythology; Other Myths,,,,
MagicalBeings,Tatiana Statuwess,tatiana-statuwess,,Mythology,published,"One of the 3,000 stone figures brought to life. She uses powerful stone magic to carve and turn others like her to life. For this she is considered their queen and thus she acts like a spoil princess. She attends Hizirinth.",Main Universe,Mythology; Other Myths,,,,
MagicalBeings,Tauria Panmaker,tauria-panmaker,,Mythology,published,Hizirinth’s student baker. She bakes often disgusting cakes and sour candies that only the students of Hizirinth can tolerate. Her goal is to open her own bistro featuring her foods.,Main Universe,Mythology; Other Myths,,,,
MagicalBeings,Tertia Wolfentein,tertia-wolfentein,,Mythology,published,"A great singer, she is sister to Susannah, she is fast and speaks very quickly. She adores her friends and goes to Tantirith to learn how to control her feline attributes which went out of control during her puberty.",Main Universe,Mythology; Other Myths,,,,
MagicalBeings,Theodore Wellwonder,theodore-wellwonder,,Mythology,published,His family lives at the bottom of the famous wishing well. There they can travel to any part of the 12 Realms of Existence. He attends Purnog.,Main Universe,Mythology; Other Myths,,,,
MagicalBeings,Theon Capturon,theon-capturon,,Mythology,published,A centaur that uses his arrows to cast love spells. He attends Purnog.,Main Universe,Mythology; Other Myths,,,,
MagicalBeings,Tiberius LakeLake,tiberius-lakelake,,Mythology,published,An asian descent wizard that has a fond of using transformative magic. He attends Tantirith during Book 3.,Main Universe,Mythology; Other Myths,,,,
MagicalBeings,Titiana Shipwreck,titiana-shipwreck,,Mythology,published,A ghost and daughter to a once prominent billionaire. She died on the Titantic and still lives on it with her family who haunts it at the bottom of the sea. She attends Purnog.,Main Universe,Mythology; Other Myths,,,,
MagicalBeings,Titus Gromp,titus-gromp,,Mythology,published,An elf with a muscular body. He is often seen naked and is rarely mentioned during the Purnog series. His only mention is when students talk about his often nude appearance.,Main Universe,Mythology; Other Myths,,,,
MagicalBeings,Tony Thunderstorm,tony-thunderstorm,,Mythology,published,"Brother to Trey Thunderstorm, they are known as the Thunder Brothers because of their history of creating some of the world’s worse storms in the last 100 years.",Main Universe,Mythology; Other Myths,,,,
MagicalBeings,Tullia Flowersnap,tullia-flowersnap,,Mythology,published,"A young girl that is always known to wear flower dresses. Although she appears to be only around seven years of age. She is indeed several hundred years old. However, do to her inexperience she attends Tantirith at the Tower of Eden. She has incredible plant based powers. During Book 2 she causes nearly all plantlife at Tantirith to come alive. She is partially used by the Horseman of War to cause havoc across Tantirith.",Main Universe,Mythology; Other Myths,,,,
MagicalBeings,Turia Misenfloor,turia-misenfloor,,Mythology,published,A mermaid that was magically granted legs while attending Tantirith. She is seen at the beginning of the first book while again later when her Tower gets sick with the Lake Disease. She helps develop a cure from plants found at the bottom of the Black Lake.,Main Universe,Mythology; Other Myths,,,,
MagicalBeings,Urban Izuro,urban-izuro,,Mythology,published,A Chinese dragon that was given a human form by an ancient wizard. Only if he promised to never use his power for harm. He has strong powers over the mind. During the third book he abuses his powers and is turned back into a dragon and is expelled from Tantirith because of controlling several students. He strikes vengeance when he returns in book four. He is killed toward the end of book four by Kenia Lazaron.,Main Universe,Mythology; Other Myths,,,,
MagicalBeings,Urbana Milstone,urbana-milstone,,Mythology,published,"A powerful seer that can see into someone’s or something’s distant past. She developed her powers from her grandmother as her parents were both mortals. Her aunt, a member of the Fairfolk, created a pair of glasses out of science and magic that gave her more control over her psychic abilities.",Main Universe,Mythology; Other Myths,,,,
MagicalBeings,Valentina Danes,valentina-danes,,Mythology,published,A girl that resembles a vampire that drains blood from animals to stay alive and possesses magical abilities on the level of a witch. Her bestfriend is Vincent Lovechild.,Main Universe,Mythology; Other Myths,,,,
MagicalBeings,Valeria Witchbroom,valeria-witchbroom,,Mythology,published,"A witch whose innate magic caused a great rift at Purnog because they proved to become too dangerous, so she transferred to Hizirinth in her final year of school to hone her ability.",Main Universe,Mythology; Other Myths,,,,
MagicalBeings,Varinia Frankenhein,varinia-frankenhein,,Mythology,published,A manmade girl which resembles the Frankenstein monster. She is very intelligent and has sparks that goes off under excitement. She befriends almost anyone and possesses an ability to cause electric fuses to explode. She also has minor electric abilities.,Main Universe,Mythology; Other Myths,,,,
MagicalBeings,Verina Moonshine,verina-moonshine,,Mythology,published,A celestial being appearing as a young girl. She appears before someone preys to the moon goddess which is her mother. She grants them their prayers if their hearts are pure. She attends Purnog in hopes to inspire the students during its rebuilt.,Main Universe,Mythology; Other Myths,,,,
MagicalBeings,Victor Vanhigle,victor-vanhigle,,Mythology,published,A vampire hunter with enhanced strength. He has come to Tantirith in order to learn how to subdue vampires. At his current strength he has only manage to spar with a vampire child. His ancestry is some of the oldest and well known vampires of any age. He is descendant of the Vanhelsing family.,Main Universe,Mythology; Other Myths,,,,
MagicalBeings,Vincent Lovechild,vincent-lovechild,,Mythology,published,A smart yet naïve playboy that tries his best at getting every girl and on some accounts guys to fall deeply in love with him. He is the descendant of the Sport’ deities and his parents were embowed with arrows that can restore love in anyone’s heart.,Main Universe,Mythology; Other Myths,,,,
MagicalBeings,Violetta Violet,violetta-violet,,Mythology,published,A purple skin girl that has poison slipping from her skin. She has never been touched and yearns to be touched by a boy. She attends Hizirinth.,Main Universe,Mythology; Other Myths,,,,
MagicalBeings,Walter Primestock,walter-primestock,,Mythology,published,The achieved golden boy that killed numerous witches as a hunter. His family are a line of strong supernatural hunters. His family is featured in Lifestyle series of short novels. He attends Hizirinth because of its extensive Hunting Course.,Main Universe,Mythology; Other Myths,,,,
MagicalBeings,Wendy Winterstorm,wendy-winterstorm,,Mythology,published,"Student and future teacher at Tantirith, she is purpled headed and her family was responsible to the Ice Age during the Great Conflict. Because of her southern accent and proper tone, she is admired and referred to by Kayla as a southern bell. Something she finds intriguing. She is in love with boys and girlish things like fashion and doing her nails. Although a proper girl, she is willing to fight without warning and uses advance Ice Magic to defend herself and those she care about. She is a main character in The Lazarons stories.",Main Universe,Mythology; Other Myths,,,,
MagicalBeings,Wilbur Zigglebat,wilbur-zigglebat,,Mythology,published,A lover of bats of any species. Treated as an outcast because of adoration. Wilbur uses what he calls “bat magic” because it allows him to manipulate the characteristics of a bat or vampire as seen by his peers. His love grew because of his father’s similar adoration for all things vampires. His close friend as a child was a vampire that his parents adopted until the vampire kid was sent off to Purnog for studies. The two hasn’t seen each other in over 10 years.,Main Universe,Mythology; Other Myths,,,,
MagicalBeings,Xama Thunderstroke,xama-thunderstroke,,Mythology,published,"A member of the Sky Tribe of Thunder Spirits. Brought to Tantirith to learn about her heritage and how to use her powers over thunder. She has since been trained exclusively in martial arts. She is a student at Tantirith as part of the Chapter of Shade. Over time she develops a tough love crush on Honse. Who she treats as a slave and sometimes pet. She is dressed in a dark leather outfit fitted with knives, throwing knives, and other weapons.",Main Universe,Mythology; Other Myths,,,,
MagicalBeings,Zandra,zandra,,Mythology,published,Is a student throughout Book 1. She classifies as one of the smartest students at Tantirith. Her names gets mixed up often with another student Zondra. She is only seen throughout Book 1 before it’s revealed that she is a member of the Tier Authority to investigate the strange happenings throughout Tantirith and to dispel the authority of the Grand Professor. After the school is saved and returns to normal she leaves and with the help of Cahtia she erases the memories of all faculty and students.,Main Universe,Mythology; Other Myths,,,,
MagicalBeings,Dharma Hiltridge,dharma-hiltridge,,Mythology,published,One of the ghost who died at Tantirith when she was a teacher. As a teacher she often slept in the Chapter of Drake. One night legend states that she fell asleep next to the fireplace to only awake as a ghost. Her body was burned alive but nothing else was. It has been one of the biggest mysteries of the school since its opening.,Main Universe,Mythology; Other Myths,,,,
MagicalBeings,Sir Charles Everwood Mulls,sir-charles-everwood-mulls,,Mythology,published,Was a ghost that died in battle during the mid-1700s. He has since rode through the night at Shepard’s Bush in London. His most recent appearance was at Tantirith of which he appeared during unknown reasons. He is seen during the Adventures of Kain and briefly through the first Lazarons Book. He is destroyed during the first book of the series.,Main Universe,Mythology; Other Myths,,,,
MagicalBeings,The Lonely Maiden,the-lonely-maiden,,Mythology,published,No one knows of her past except that it was very violent. She cries so often that her real name was lost centuries ago and has since been given the title The Lonely Maiden. She doesn’t speak in any known language except a few words in Old English.,Main Universe,Mythology; Other Myths,,,,
MagicalBeings,Enchantis Mullard,enchantis-mullard,,Mythology,published,"A young boy who died sometime in the 1800s due to the plague in London. On his way to the afterlife, his soul was snatched from the gates and thrown back into this plane. He was brought to Tantirith by other ghosts to learn why he couldn’t move on.",Main Universe,Mythology; Other Myths,,,,
MagicalBeings,The Dark Fiend,the-dark-fiend,,Mythology,published,"An evil spirit that possessed a centaur and since was trapped inside of its body. It became closely associated with the four horsemen of lore and it somehow knows when and where they will strike again. To keep close eye on its behavior, the Dark Fiend was concealed in a box until it was unleashed in Book 2 and taunted the other ghosts of the school.",Main Universe,Mythology; Other Myths,,,,
MagicalBeings,The Gender Bending Woman,the-gender-bending-woman,,Mythology,published,"Born into poor family. The woman brought on money by pretending to be a man. So convincing of her appearance. She met a woman who practiced in black magic. The woman fell in love with her, and she has since wanted to marry her, however when she found out of the bending woman’s true nature, she cursed her to die as both a man and a woman in the same body. So broken by what happened, her condition pushed her into insanity. She killed herself and since in death found humor in the situation turning herself into a man or woman at will to confuse others.",Main Universe,Mythology; Other Myths,,,,
MagicalBeings,Warlock God,warlock-god,,Mythology,published,"During the time when Xshaun was in his youth, he created a coven of young warlocks and trained them in the use of witchcraft. After thousands of years, the powers that gathered from the now hundreds of covens converged into one being known as the Warlock God. This entity is so extremely powerful that witches from around the world attempted to vanquish him to no avail. To defeat him, they split his essence into halves, the Warlock God of Light Magic and the Warlock God of Dark Magic.  The Warlock God of Light Magic was reincarnated within a witch family of good witches and a druid. The Warlock God of Dark Magic was reincarnated eventually into a family of good witches but was influenced through negative actions to enact on his dark magic.",Main Universe,Mythology; Other Myths,,,,
MagicalBeings,Authority of Magical Learning,authority-of-magical-learning,,Mythology,published,"An entity throughout Tier that houses many figures responsible for awarding and maintaining the studies of magical beings throughout Tier and its magical communities in other dimensions. Any magical child is under their direct influence and care. Their biggest influence lies with the three schools representing the Triangle of Knowledge, Purnog, Tantirith, and Hizirinth. However, there are over 300 different schools for various studies across Tier.",Main Universe,Mythology; Other Myths,,,,
MagicalBeings,The Naked One,the-naked-one,,Mythology,published,"A young student that haunts and often attempts to seduce boys in the boy’s bath hall. He died under water while performing sexual acts on two teenage warlocks. Unknowgst until some time later that he was dead, he would often partake more acts on other ghosts of which he initially thought were alive. Knowing of his ghostly status now, the unnamed ghost often likes to taunt other male students never revealing his name and heard laughing and smiling in the shadows.",Main Universe,Mythology; Other Myths,,,,
MagicalBeings,Sister’s Coven,sisters-coven,,Mythology,published,"Young mages that were taught witchcraft and became the first group of witches. They were taught different forms of witchcraft and each had different powers including power over Nature, Time, Telekenises, Telepathy, the elements, Premonition, and others. Thousands of years later three of the coven’s powers grew to immense power becoming a trio of sisters.",Main Universe,Mythology; Other Myths,,,,
MainGods,Amununo,amununo,,Mythology,published,"Rank: God of Strength

Anununo God of Strength was thought to be so powerful that his mother Santiyline ordered him to forever hold the sky and when he started to grow tired, Santiyline created the Pillars of Trudara which are four pillars standing on the four corners of the world holding up the sky. After his ordeal, Anununo carved the first warrior out of stone and he also created the first gym. Later in his life, Anununo created the first game and championship. The first tournament was made in his honor and Olympic Games around the country begun with Anununo at the center of the fields as standing judge. His brother Tur' created several medallions for the god to try and persuade the god in letting Adv loose so they could be together. But the offer was refuse and the two remained separated.",Main Universe,Mythology; Gods and Goddesses,,,,
MainGods,Daotti,daotti,,Mythology,published,"Rank: God of Fertility & Courtship

Like many fertility gods, the Elitsyians believed him to be of great importance. Mostly because of his gift to them of childbirth and sex. Daotti was a loosely clothed man that loved to show his private parts to anyone that would take an eye for them. He appeared as full bearded, sometimes elderly, sometimes young and handsome. He created the trait of bisexuality as he loved both men and women equally. His influence spread across both mankind and even the gods.",Main Universe,Mythology; Gods and Goddesses,,,Elitsyian Gods,
MainGods,Doju,doju,,Mythology,published,"Rank: Flower God

Doju was a Flower God and one of the many lovers to Khani. He was very feminine and laughed at almost everything. He loved his image so much he created the first mirror out of sand and wood and looked upon it for hours. For his behavior, Khani felt that his love was compared to Doju's image and the destructive god threw him into the water and turned him into the reflection of everyone that look upon a reflective surface like water.",Main Universe,Mythology; Gods and Goddesses,,,Elitsyian Gods,
MainGods,Tama,tama,,Mythology,published,"Rank: Father of Monkeys

Tama Father of Monkeys could jump from one end of the world to another. He had magical powers and a staff that could reach the heavens. When asked by a spirit of a dead man what was his position in the world he responded “why must life have meaning, why can't we just live and enjoy it”. The spirit reply “because then life would be for nothing”.",Main Universe,Mythology; Gods and Goddesses,,,Elitsyian Gods,
MainGods,Novanna,novanna,,Mythology,published,"Rank: God of Sacrifices

Novanna Wolf God of Sacrifices is probably the most mysterious figure in Elitsyian Mythology. He collected several stones from different locations around the world and built the first ritual pier. In this pier he summoned several demons and spirits onto the world. For his punishment he was banished to the Bottomless Pit haunted by the very spirits he summoned. He also founded Halloween and is called upon across Lostasia for sacrificial summons.",Main Universe,Mythology; Gods and Goddesses,,,Elitsyian Gods,
MainGods,Takeo,takeo,,Mythology,published,"Rank: Kitchen God of Food & Eating

Takeo was a Kitchen God who lived amongst immortals but worked and protected the kitchen of man. He had many forms and could guard houses, castles, and lands. Takeo to the Elitsyians was considered the first chef and minister.",Main Universe,Mythology; Gods and Goddesses,,,Elitsyian Gods,
MainGods,Marlexmade,marlexmade,,Mythology,published,"Rank: God of Men & Pottery

He stole the gift of pottery making from Born' and molded the first man out of clay and Yonrohs' tears. He then gave the gift of pottery to man. He is son to Jonun.",Main Universe,Mythology; Gods and Goddesses,,,Elitsyian Gods,
MainGods,Artexa,artexa,,Mythology,published,"Rank: Goddess of Woman, Childbirth, & Motherhood

Arxtexa was once the Goddess of Women, Childbirth, and Motherhood. Sister to Marlexmade together they created man. She created women from grass and the heart from stone. She gave them brains thanks to Authora and the gift to conceive from the god, Daotti.",Main Universe,Mythology; Gods and Goddesses,,,Elitsyian Gods,
MainGods,Ni,ni,,Mythology,published,"Rank: God of Sickness & Diseases

Ni is the God of Sickness and Diseases. Once a healer, Ni was very loving until Montum convinced him that the world didn't need his magic and thus continue him to go un-worshiped. This caused Ni to revert to his complete opposite and instead of healing he presented to the world the first disease and from insects came the first sickness. He became so feared that the gods rebelled against him forcing him to live his days in the underworld. Still to the day, Ni is feared and his magic haunts the world.",Main Universe,Mythology; Gods and Goddesses,,,Elitsyian Gods,
MainGods,Morch,morch,,Mythology,published,"Rank: God of Monarchy & Royalty

Morch is God of Monarchy and Royalty and although he was born of independence. The Elitsyians knew their world was protected with many unseen warriors so they too thought the same for the gods and the legend of Morch was born. He protected the gates of Lium, but before this legend grew, Morch gave birth to Authority much like the Coldorns and presented the first organization and the first royal family was his. In his honor royalty would be granted his name, Monarchy.",Main Universe,Mythology; Gods and Goddesses,,,Elitsyian Gods,
MainGods,Harmoxide,harmoxide,,Mythology,published,"Rank: God of Lies & Manipulation

While in his life he was a deform and very evil king. His kingdom killed him because of his deformity and because of his evil tyrant ways so in the afterlife he cursed the world with the 7 sins and gave mankind the ability to lie which served as small but dangerous emotion. War was built from it and deaths grew, for this Montum made Harmoxide one of his Judges. He judges whether truthful dead went to Helliholm “heaven”. Harmoxide is also one of the many avatars to Khani.",Main Universe,Mythology; Gods and Goddesses,,,Elitsyian Gods,
MainGods,Tidis,tidis,,Mythology,published,"Rank: God of Memory

Tidis God of Memory was made out of watermelon seeds and oil. With his conception Authora became struck in love for the first time for the ugly god. She loved his vast knowledge and ventured nature and granted him a place living with her in the Heavens. From there they gave the world wisdom and gift of memory. In some stories he is a evil god and serves as God of Forgetfulness and Amnesia and one of the avatars to Khani.",Main Universe,Mythology; Gods and Goddesses,,,Elitsyian Gods,
MainGods,Sentos,sentos,,Mythology,published,"Rank: God of Might & Empowerment

Sentos god of Might and Empowerment, he assisted in given women equal rights in Lostasia. Because of his movement he was brought to the Heavens by Authora and his mother Nexus. He is lover of men, but women knew him as their voice especially with the Heavens. He was born of Marlexmade penis and his armor from Nexus breast milk, dressed in all white Sentos would be more beautiful than expected and instantly became a love interest to many. His statement was to unite the world regardless of class and to give integrity to all not just the wealthy. His only female lover was the princess Ushu to who help give birth to the entire Mushin Kingdom found in far East Lostasia.",Main Universe,Mythology; Gods and Goddesses,,,Elitsyian Gods,
MainGods,Dorduck,dorduck,,Mythology,published,"Rank: God of Knowledge, the Crafts, & Intelligence

Dorduck the two headed snake God of Knowledge, the Crafts, and Intelligence only importance was assisting Authora with making the human brain. He created the many parts of the brain that allows self-thinking.",Main Universe,Mythology; Gods and Goddesses,,,Elitsyian Gods,
MainGods,Ditios,ditios,,Mythology,published,"Rank: God of Security & Manuscripts

Ditios was Dorduck's only son and served as God of Security and Manuscripts. In the first library he was its librarian and with the help of magic he would record the contents of the world and protect them from harm. He was the Lizard God and from his poisonous noise raised the first security guards and dogs.",Main Universe,Mythology; Gods and Goddesses,,,Elitsyian Gods,
MainGods,Bow,bow,,Mythology,published,"Rank: God of Substance & Reluctance

Bow God of Substance and Reluctance resisted becoming a prime figure in the Royal Circa after proving that he has strength that other deities don't. With one punch the earthquakes, one spit came Armageddon, one sneeze came the first tornado, and when enraged he threw thunderbolts. Pictured on luxury items as a Dove Deity that was dressed in all white and controlled the elements around him.",Main Universe,Mythology; Gods and Goddesses,,,Elitsyian Gods,
MainGods,Lome,lome,,Mythology,published,"Rank: God of the Golden Honey

Lome the beautiful strong willed god of the Golden Honey was very strong and so she was appointed the protector of the Golden Honey. Her children would churn and mix the honey to give the gods their immortality. His son, Arny Stage was sent to Earth so that he could live amongst humans without fear; he gave his son powers that could neutralize anyone’s abilities through the help of the golden honey.",Main Universe,Mythology; Gods and Goddesses,,,Elitsyian Gods,
MainGods,Spelce,spelce,,Mythology,published,"Rank: God of Truth & Well-being

Spelce he could not tell a lie and so annoy by his honesty the gods thought it best that everyone needed some of his truthfulness so they turn the deity into an immortal and he became God of Truth and Well-Being. Later on some myths state that he was so truthful that the gods grew tired of him so they turned him into the Stone of Truth that if someone was to hold it they could not tell a lie. This was so dangerous that nations fell because the truth was far more a threat than the lie.",Main Universe,Mythology; Gods and Goddesses,,,Elitsyian Gods,
MainGods,Me’,me,,Mythology,published,"Rank: Goddess of Childbirth & Marriages

Me' Goddess of Childbirth and Marriages is responsible for assisting mothers with childbirth and marriages. With the rising of hospitals and modern births she was later merged with a better known goddess, Artexa. Her only parent was Daotti.",Main Universe,Mythology; Gods and Goddesses,,,Elitsyian Gods,
MainGods,Simone,simone,,Mythology,published,"Rank: Goddess of Learning & the Spoken Word

Simone Goddess of Learning and the Spoken Word. Simone guarded the spoken word since the dawn of creation. Her parents are unknown and where she came from a bigger mystery. But it is told that the spoken word is a forgotten language that if said correctly could grant any being ultimate power. Simone the only one who knows of its meaning and location had her mouth sewn shut and her eyes cut out. With immortality and the power to destroy any entity no matter how powerful, Simone is not to be approached and a law has been set in Elitsyian Times that her name to be forgotten.",Main Universe,Mythology; Gods and Goddesses,,,Elitsyian Gods,
MainGods,Follans,follans,,Mythology,published,"Rank: Goddess of the Deadly Sins

Follans are the beautiful 7 goddesses with the deadly sins. Aele “anger”, Sondra “sloth”, Pele “envy”, Bethra “greed”, Whora “lust”, Metche “gluttony” and Poni “pride”. Each of their appearance took after their positions of the emotions. Poni was associated with warfare and married Nextis and later one associated her with war entirely. Metche was associated with food and became goddess of Plants and Vegetables. Whora was a love goddess and Bethra was greed. Sondra was mother to the Dream Gods.",Main Universe,Mythology; Gods and Goddesses,,,Elitsyian Gods,
MainGods,Aele,aele,,Mythology,published,,Main Universe,Mythology; Gods and Goddesses,,,Follans,
MainGods,Sondra,sondra,,Mythology,published,,Main Universe,Mythology; Gods and Goddesses,,,Follans,
MainGods,Pele,pele,,Mythology,published,,Main Universe,Mythology; Gods and Goddesses,,,Follans,
MainGods,Bethra,bethra,,Mythology,published,,Main Universe,Mythology; Gods and Goddesses,,,Follans,
MainGods,Whora,whora,,Mythology,published,,Main Universe,Mythology; Gods and Goddesses,,,Follans,
MainGods,Metche,metche,,Mythology,published,,Main Universe,Mythology; Gods and Goddesses,,,Follans,
MainGods,Poni,poni,,Mythology,published,,Main Universe,Mythology; Gods and Goddesses,,,Follans,
MainGods,Rotrude,rotrude,,Mythology,published,"Rank: God of Prisons, Reincarnation, & Captivity

Rotrude was born to mortal parents but after being locked up and abused for most of his life, Born' took the young boy to the Heavens and made him his private lover and cupbearer. The boy agreed to stay by the king's side if he granted him the revenge against his parents. Once back on Earth the boy used the torch of Born' which if blown upon could burn fields to cities in just moments. His parent’s souls now roam the Earth as Sanity and Sorrow. Montum too fell for the boy after witnessing his ill behavior and ofter him immortality but he had to remain by the deity’s side. Betraying Born' to join Montum, the king was angered and sent his crows and vultures down to eat out Rotrude's heart. Now dead his soul was revived and given immortality, Rotrude became God of Prisons, Reincarnation, and Captivity.",Main Universe,Mythology; Gods and Goddesses,,,Elitsyian Gods,
MainGods,Frisk,frisk,,Mythology,published,"Rank: Goddess of Rainbows

Frisk Goddess of the Rainbow protected the realm of life with her many magical children, the sprites, leprechauns, brownies, fairies, and spiders. Frisk used her hair as a bridge only seen after rain and sunlight greet each other, and the bridge connects the realm of living to the magical world. Together with Xesir she parented Sesir, Jagnur, and Agikile.",Main Universe,Mythology; Gods and Goddesses,,,Elitsyian Gods,
MainGods,Shade,shade,,Mythology,published,"Rank: God of Hidden Entrances, Doorways, Shadows, & In-between

Shade is God of Hidden Entrances, Doorways, Shadows, and the In-between. Father to imps, trolls, shape shifters, dwarves, and harpies, Shade served mankind with watchful spirits he calls shadows. These creatures would disappear during the night as the whole world was their open kingdom and needed not to hide. Midnight was associated with this deity and he used this time to rule the realm of the living. His bride was the fairy queen, Tomi.",Main Universe,Mythology; Gods and Goddesses,,,Elitsyian Gods,
MainGods,Opopes,opopes,,Mythology,published,"Rank: God of Worship & Prayer

Opopes is God of Worship and Prayer, at alters, churches, chapels, and sacred rituals he is invoked upon and given sacrifices for his magic. Son to Bewithia and Wishi, this deity would appear tall and very brute but have a gentle nature and sensitive outlook on the world.",Main Universe,Mythology; Gods and Goddesses,,,Elitsyian Gods,
MainGods,YuanYuan,yuanyuan,,Mythology,published,"Rank: Goddess of Mercy

YuanYuan Goddess of Mercy had her heart cut out by Nextis believing she was not a worthy warrior. When Kanos found it buried beneath a stone floor, he blessed it with Bewithia's magic and brought back YuanYuan this time as an immortal. She protects the good hearted and the middle class mortals. In one story because of Kanos kindness she married him and bore Kanos several sons, of whom were the first wizards of the world.",Main Universe,Mythology; Gods and Goddesses,,,Elitsyian Gods,
MainGods,Sin,sin,,Mythology,published,"Rank: Goddess of Wealth, Fortune, & Treasure

Sin Goddess of Wealth, Fortune, Treasure, and once a Sky deity. Although a hag she is adored by men and women for her offerings of treasures and magical items. To receive gifts from the goddess, people would burn down their old homes and from the ashes plant several baskets of fruit and straw which the goddess loved to eat.",Main Universe,Mythology; Gods and Goddesses,,,Elitsyian Gods; Sky Gods,
MainGods,Mel,mel,,Mythology,published,"Rank: God of Music, Inspiration, & Musical Duties

Mel God of Music, Inspiration, and Musical Duties. Similar to most other music deities in other religions, Mel was both handsome and very skillful with his many musical instruments. With hair of ice gold, eyes of brown, and skin of silk this deity was adored by women. He was loved by gods too, first Jessana took him at her side and made love to him in the form of a nymph and then Crienta blessed him with jewels that lit of the night and a kiss that gave him immortality. His picture is drawn on almost every wall in Lostasia and he often plays at the festivals in honor of Smod.",Main Universe,Mythology; Gods and Goddesses,,,Elitsyian Gods,
MainGods,Touchi,touchi,,Mythology,published,"Rank: Goddess of Ecstasy & the Blossom

Touchi, Goddess of Ecstasy and the Blossom Tree, was born from the stems of an Oak Tree and quickly became associated with it. Besides the Oak Tree, the Blossom Tree was too beautiful and very important to the Elitsyians Islands as they grew there and were originally presents from Japanese. So in their honor the Islandia Elitsyians gave many deities along with Touchi Japanese names. This deity was infatuated with several men and bore lots of children. With her magical powers she lifted up her children and planted their them into the ground to make the first Blossom Trees. From their roots came magical waters and the deities Nusuwaka and Hoshiume.",Main Universe,Mythology; Gods and Goddesses,,,Elitsyian Gods,
MainGods,Koliomi,koliomi,,Mythology,published,"Rank: Mother of Song

Koliomi was Mother of Song, from her gracious dances to singing, this deity grew sacred instruments from the Earth and from there she celebrated dances and theme parties for the gods. Koliomi's children were the first mention clowns, dancers, singers, musicians whom she made from cookies and magic powder. She also came up with writing music and invented an object similar to the piano.",Main Universe,Mythology; Gods and Goddesses,,,Elitsyian Gods,
MainGods,Varvilvasta,varvilvasta,,Mythology,published,"Rank: Goddess of Letters, Writings, Language, & Teachings

Varvilvasta was goddess of letters, writings, language, and teachings. Created by Authora to assists the people of Lostasia in learning of the world around them. Not a major goddess in Lostasia, she left to the islands of Lostasia where she was widely worshiped. There she over ruled the idea of Authora, and is looked on as teacher to students, of the arts and music, and inspiration to writers. Visioned as having 6 arms represented her ability to nurse all lands from any direction and in each held a symbol of the Islandia people of Lostasia. In one had she held the Ilu a sacred instrument that played sweet music that could make trees dance. In another hand she held the book of all knowledge which she read to the world, another she had a mirror which represented the beauty of learning and acceptance. With two of her other hands she held a blossom that could extend light over the world and it represented the honesty that is within man. The other was a bowl of cold soup. The soup was the statement of power and how it never spilled even under great turmoil. In the sixth hand held a tea leave which was the center of all things. The tea leaf was sacred to all Elitsyians because it was so old and wise that it brought anyone who held it eternal knowledge, youth, and power. If eaten this leaf could also grant two wishes.",Main Universe,Mythology; Gods and Goddesses,,,Elitsyian Gods,
MainGods,Tibe,tibe,,Mythology,published,"Rank: Tribe Goddess

Tibe was a tribe goddess who was merely worship on the Islands of Lostasia as a powerful and very well worships deity. Tibe was represented as wood and daughter to Muda. The name tribe derives from her name and also shows her integrity toward bringing several walks of life together hinting the first tribe. Tibe was also written to have protected mankind from the fears of the world. Tibe takes several techniques known as the Aura Cleansing and teaches them humans known as Pridest “Elitsyian Buddhas” and they teach their tribes. During these procedures, the Pridest glow in intense light and emits great knowledge onto the tribe members. At this phase, the person releases all fears and reach acceptance and develops the strength to fight any division. This is more mental than physical however but has managed to strengthen the minds and hearts of millions still today. Once all mortal possessions and mental conscience are release then and only then can someone reach enlightenment. The enlightenment then made mere mortals become higher beings closely associated as the Islandia Elitsyians version of the Domaedians.",Main Universe,Mythology; Gods and Goddesses,,,Elitsyian Gods,
MainGods,Me’,me-mythology,,Mythology,published,"Rank: Goddess of Childbirth & Marriages

Me' goddess of childbirth and marriages, responsible for her assistance in childbirth and female labor. She was daughter to Nextis and Mok'itu. During her teens she traveled the world and brought couples together and assisted Artexa in marrying the two. She and Artexa are sometimes classified as one goddess.",Main Universe,Mythology; Gods and Goddesses,,,Elitsyian Gods,
MainGods,Caltow,caltow,,Mythology,published,"Rank: God of Oath

Born of a fallen star which was created from the birth of the universe, Caltow quickly rose to authority by creating the oath system amongst immortals. It is known that if any being regardless of power and ranking break an oath, he or she would receive punishment of the greatest lengths. Caltow met a Seefor and the two would produce The Link, a group of spirit like deities that causes most powerful oaths.",Main Universe,Mythology; Gods and Goddesses,,,Elitsyian Gods,
MainGods,Arana’,arana,,Mythology,published,"Rank: Spider Goddess

The spider goddess of legend is said to feed off of the energy and blood of her victims and lures them to her nest through her beauty. Her nest appears modern like a mansion covered in invisible spider webs with charms placed around it by witches and Sondreds to keep her from exiting. She has been killed many times throughout history but she can regenerate herself because of her heart that she keeps locked away in her mansion.",Main Universe,Mythology; Gods and Goddesses,,,Elitsyian Gods,
MainGods,Buruth,buruth,,Mythology,published,"Rank: Protector of Helliholm

Buruth is a giant angel like being that once live to protect other Domaedians and served as servants to the High Council. Its body is covered in white fur that can block attacks; it has giant red eyes, giant claws, fangs, and wings. The red glowing structure on its chest, wings, knees, and elbows omit energy and causes protective force fields around it when in danger. The Buruth is immortal and one of the few beasts that can leave and return to Helliholm as needed.",Main Universe,Mythology; Gods and Goddesses,,,Elitsyian Gods,
MainGods,Dosimide,dosimide,,Mythology,published,"Rank: God of Slavery and War Planning

Dosimide was once a general in Nextis army and help the deity forge a successful plan to seize the Silver Horn from the Jonir Gods. For his reward, Nextis brought him to his fortress and endowed him with godly powers. Immediately after receiving his godly powers. Dosimide took a small army to enslave his old home of where he once was a slave. Released the slaves and captured the rich. He became known as the God of Slavery for his action.",Main Universe,Mythology; Gods and Goddesses,,,,
MainGods,Siola,siola,,Mythology,published,"Rank: Goddess of Karma and Reaction

Once servant to a violent king. Siola granted a passenger aboard the king’s vessel a night of pleasure with her. If he helped her to escape. After love making, the passenger helped her escape. He was killed and she swimmed to nearby shores. Escaping the king’s wrath. Authora took her in and awarded her immortality to get back at the king. She became the Goddess of Karma to her worshippers.",Main Universe,Mythology; Gods and Goddesses,,,,
MainGods,Bestiny,bestiny,,Mythology,published,"Rank: Goddess of Old Age

Tales speak that Bestiny was born old and invested with the knowledge of all things. She carries a sack within it holds old age of everything in existence. In the sack at the bottom are hard rocks of old age for the immortals that will never see it. She is seen covered in wrinkles and shrouded from sight with glowing cloths made of silver and parchments made of golden dust. She glides across the floor and sleeps at the doorstep of Eternity with her two large cats that speak in different languages.",Main Universe,Mythology; Gods and Goddesses,,,,
MainGods,Goldus,goldus,,Mythology,published,"Rank: God of Competition, Rivalry, and Challenges

A sly deity that was fastest amongst those that challenge him and because of his constant need to challenge others, he had opponents often. He helps create the first tournament and battle the first warrior to a hand to hand combat. Known for his speed and quick thinking. Goldus created the first gold metal which was handed to whomever could win one of his grueling battles.",Main Universe,Mythology; Gods and Goddesses,,,,
MainGods,Gentaewa,gentaewa,,Mythology,published,"Rank: Goddess of Law, Union, Order, Custom, and Tradition

Quick witted and always looking for a great challenge, this deity birthed the Law Fairies of the Black Forest and gave them each a function to divide the system of law across all regions including those of the gods. She was seen in formal clothing and has giant glasses that also served as a way for her spy on those doing unlawful deeds.",Main Universe,Mythology; Gods and Goddesses,,,,
MainGods,Inneria,inneria,,Mythology,published,"Rank: Goddess of the Soul and Heart

Known for her love to Jessana, the two made love for nearly three days straight and when they emerge Jessana blessed her with god like abilities and appointed her the cherish deity of the inner soul. Believing that Inneria found a hidden love within her heart that went missing when all the love of the world disappeared. The word Inner and the term hidden is derived from her myths.",Main Universe,Mythology; Gods and Goddesses,,,,
MainGods,Pentros,pentros,,Mythology,published,"Rank: God of Sexual Yearning

Youngest child to the deity Jessana. Pentros was the deity that lovers called on to have passionate and successful love making. Often the deity was considered the love counselor to young lovers who couldn’t get eroused but wanted the resulted claim.",Main Universe,Mythology; Gods and Goddesses,,,,
MainGods,Thole,thole,,Mythology,published,"Rank: Goddess of Festivals and Banquets

The greeks and the Elitsyians often argue over whom thought of this deity first. Figured similar to the Greek goddess Thalia one of the graces. Her main story was that she was often called on by humans to bless a party of great significance to them.",Main Universe,Mythology; Gods and Goddesses,,,,
MainGods,Gleide,gleide,,Mythology,published,"Rank: God of Good Health

Planting special seeds throughout his garden that once bloomed promoted good health and was often used as herbs in teas and certain ingredients in foods.",Main Universe,Mythology; Gods and Goddesses,,,,
MainGods,Mourna,mourna,,Mythology,published,"Rank: Goddess of Adornment and Radiant Glow

The radiant glow that women often get when they are pregnant is mentioned to be because of Mourna blessing of them. She was daughter to Jessana and a mortal king.",Main Universe,Mythology; Gods and Goddesses,,,,
MainGods,Cura,cura,,Mythology,published,"Rank: Goddess of Curing Illness

During the Casting Plague of Elitsia’s youth, Cura was called on to banish plagues from homes. She can be seen in paintings flying with her winged feet and wings on her arms and back with a giant cup with healing herbs. She also could be seen without wings being accompanied by a goat with a magical lace around its neck. The goat’s milk granted cures to many diseases.",Main Universe,Mythology; Gods and Goddesses,,,,
MainGods,Guardians of the Gates of Lium,guardians-of-the-gates-of-lium,,Mythology,published,"Rank: Gods of Protection, horsemen, Gymnasia, sports, and the field

The guardians of the Gates to Lium, they were children to the gods and had no separate myths of their own. They were usually considered cousins since they were born into the family of gods that ruled over Lium. These deities also collectively and sometimes separately at times especially the principal guardians were gods over specific games played by the gods and mortals.",Main Universe,Mythology; Gods and Goddesses,,,,
MainGods,Castias,castias,,Mythology,published,"The renown, had large arms that help him close the gates during war.",Main Universe,Mythology; Gods and Goddesses,,,,
MainGods,Brohmen,brohmen,,Mythology,published,Long hair that defended him against magical attacks.,Main Universe,Mythology; Gods and Goddesses,,,,
MainGods,Zackxus,zackxus,,Mythology,published,Armor that made him immortal as long as he wore it. A nymph tricked him into bed where he removed the armor and was killed by her. The nymph was really a vengeful spirit sent by the Valkens to sneak into Lium.,Main Universe,Mythology; Gods and Goddesses,,,,
MainGods,Gladios,gladios,,Mythology,published,Father of gladiators of which his name is derived,Main Universe,Mythology; Gods and Goddesses,,,,
MainGods,Sisten,sisten,,Mythology,published,Daughter to a king and Olerta. She could predict movements and sense weak points in anything,Main Universe,Mythology; Gods and Goddesses,,,,
MainGods,Bornish,bornish,,Mythology,published,"Goddess of the harm, she had the power to heal almost any wound. She could also project herself to any known location",Main Universe,Mythology; Gods and Goddesses,,,,
MainGods,Gilden,gilden,,Mythology,published,Principal guardian to the east. He was the god of Sports and Gymnasia. He was called upon to take watch over specific games played by mortals. He was also the name that was prayed upon when someone wanted to win.,Main Universe,Mythology; Gods and Goddesses,,,,
MainGods,Milstrum,milstrum,,Mythology,published,"Principal guardian to the west. God of Horsemen, his post at the gates of Lium, like his brethren was limited as he often went to Earth to watch over and guide horsemen on their journeys.",Main Universe,Mythology; Gods and Goddesses,,,,
MainGods,Kildsa,kildsa,,Mythology,published,"Principal guardian to the north. She was the ill faced goddess of Patrons, she protected sailors and blacksmiths. She was a lover to one man of which is usually seen next to her as a spirit. The man was killed by her for betraying her love and for his punishment she declared his soul as her forever companion.",Main Universe,Mythology; Gods and Goddesses,,,,
MainGods,Aeolis,aeolis,,Mythology,published,Principal guardian to the south and lover to Jessana. His long black and gold hair was sharp as a sword and was used to make weapons. It instantly grew back when cut.,Main Universe,Mythology; Gods and Goddesses,,,,
MainGods,Aven,aven,,Mythology,published,"Rank: Goddess of Childbirth and pains of labour

When Eve was cursed by GOD to bear the pains of labor. Aven was sent to watch over and help her through birth of her sons. Since then, the diety did the same for nearly every birth. Her maidens are humans who share her name and also help give birth although they are forbidden to ever give birth themselves.",Main Universe,Mythology; Gods and Goddesses,,,,
MainGods,Hapsta,hapsta,,Mythology,published,"Rank: Goddess of Happiness, Cheer, and Merriment

With giggles of a newborn, Hapsta, word happiness is derived from her name and is the meaning of it, Hapsta was annoyling the deity seen always smiling regardless of any situation and as such she was painted this way.",Main Universe,Mythology; Gods and Goddesses,,,,
MainGods,Wvesta,wvesta,,Mythology,published,"Rank: Goddess of Ranks and War

Seen as a stripped suited woman. She was Nextis youngest child and newest appointed general in his wars. She was very still and cared of nothing but war management.",Main Universe,Mythology; Gods and Goddesses,,,,
MainGods,Olmindahi,olmindahi,,Mythology,published,"Rank: God of the soft touch

The Elitsyians believed that soothing pain of illnesses were the cause of an invisible deity. His father was Jonun and his wife was a resident nurse in a local village where he was worshipped.",Main Universe,Mythology; Gods and Goddesses,,,,
MainGods,The Rankings,the-rankings,,Mythology,published,"Rank: Collective of Human Gods

Children and several were lovers to the principal goddess of love and beauty, Jessana. The Rankings were numerous deities devoting themselves to human beliefs and systems. Many orchestrated a system for things like marriage, human order, and love making. While others help create cities and make things often used by humans. Each of them were products of Jessana and a different mortal man.",Main Universe,Mythology; Gods and Goddesses,,,Elitsyian Gods,
MainGods,Glideus,glideus,,Mythology,published,"God of Weddings, this elder deity used his beard to play the marriage hymn. It was so beautiful that it was recorded and replayed throughout time.",Main Universe,Mythology; Gods and Goddesses,,,,
MainGods,Lovi,lovi,,Mythology,published,"Goddess of Sexuality, she recognizes different sexualities and often plays a part in the thinking of these choices. The word love is derived from her name.",Main Universe,Mythology; Gods and Goddesses,,,,
MainGods,Bitrue and Aoma,bitrue-and-aoma,,Mythology,published,"Are the twin god and goddess of Plays, musicals, and rythems. They are the personification to the Greek Muses. They have been prayed on during plays.",Main Universe,Mythology; Gods and Goddesses,,,,
MainGods,Imet,imet,,Mythology,published,"God of Music, Song, and Dance. A playful boy that has a very musical charm. He is one of the fondest children and lovers to the deity Jessana.",Main Universe,Mythology; Gods and Goddesses,,,,
MainGods,Ckolden,ckolden,,Mythology,published,"God of Betrayed Love, a despiteful deity. Once lover to Jessana, he was punished by the goddess when he was found raping two boys. The two boys became stars in the night sky after their death and he was sent to guard the gates to Hell. While guarding the gates, his skin and organs were eating every day and night while he screamed in agony.",Main Universe,Mythology; Gods and Goddesses,,,,
MainGods,Pancrea,pancrea,,Mythology,published,"Goddess of Connection, the youngest of the Rankings. She built the connection that once connected all the lands.",Main Universe,Mythology; Gods and Goddesses,,,,
MainGods,Lurita,lurita,,Mythology,published,"Goddess of Curatives, youngest child to Jessana and Jonun. Because of Jonun secreative nature, this product was left out of his legend. For this, she associates herself with Anatisu, her lover. The two deities parented the medicine man, Well.",Main Universe,Mythology; Gods and Goddesses,,,,
MainGods,Aphro,aphro,,Mythology,published,"God of Seductive nature and speech. He was the constant if not main lover to Jessana. Upon birth, she loved him so much, she made love to him while still a child and instantly he turned into a man. From this moment he would never leave her side and for this he was forever blessed with beauty. He was also considered the God of Persuasion because of his persuasive nature.",Main Universe,Mythology; Gods and Goddesses,,,,
MainGods,Seta,seta,,Mythology,published,"Rank: Goddess of Panic

Always in a constant panic, this deity bosted about not fearing anything until a giant spider monster scared him straight out of his home. The story goes that he was so friegten that he was called the God of Panic because of his worry that the spider would return. For this panic behavior is a product of his and those that experience it, owes it to his persuasive behavior.",Main Universe,Mythology; Gods and Goddesses,,,Elitsyian Gods,
MainGods,Somir,somir,,Mythology,published,"Rank: Medicine Man of the Gods

As Well is the medicine man amongst the humans and a deity in his own right. Somir is the medicine man of the gods. He crafted magical potions and numerous curatives for them including potions that can strip or bestow immortality. One of his many consorts is the deity Lovi and Lurita both children to Jessana.",Main Universe,Mythology; Gods and Goddesses,,,Elitsyian Gods,
MermadicKingdom,The Ocieans,the-ocieans,,Mythology,published,"The Ocieans were three beautiful and seductive goddesses who in the name of their father, Crochen sung songs so beautiful that any man nearby would get trap in their spells. These songs however were demonic tunes that brought anyone who trespassed onto their territories without an invitation to their deaths. They were seen as half fish and half bird like women who could create the illusion as a woman from the victim’s life.",Main Universe,Mythology; Other Myths,,,,
MermadicKingdom,Huluhu,huluhu,,Mythology,published,"Huluhu was a crab deity that created the cities of the Mermadic Kingdom. His voice was so deep that it crashed ships when heard. Once a normal crab, he was given magical powers by Tininuota to guide his 7 daughters.",Main Universe,Mythology; Other Myths,,,,
MermadicKingdom,Tininuota,tininuota,,Mythology,published,"Tininuota was supreme mermaid that looked similar to the Roman Neptune, he was a merman that ruled over all mermaids and mermen and creatures of the Mermadic Kingdom. He was a seed that was planted by Crochen. From one night he laid 1,000 eggs that became the first mermaids and mermen.",Main Universe,Mythology; Other Myths,,,,
MermadicKingdom,The 7 Daughters of Tininuota,the-7-daughters-of-tininuota,,Mythology,published,"The 7 Daughters of Tininuota were so beautiful that they could seduce even women. Unlike the Ocieans they didn't hate mankind but adored them and on their lands they left several treasures such as the diamond, pearl, and crystal. In return man gave them clothing and left them ships. The daughters then made one of the ships into a floating city and covered it with a fog. This fog would then lift the ship at the same time keeping the daughters nourished as if they were underwater. Each of the daughters had mystical powers and together they knew the longer above ground they would lose their mermaid like appearance and become more human. Still with their mystical abilities, the daughters would each conquer a country and populate it. Their legends would create several societies and legendary stories throughout the middle east. One of the daughters brought people to the now Asia.",Main Universe,Mythology; Other Myths,,,,
Mortals,Krita,krita,,Mythology,published,"Rank: Painter with magical powers

Krita was a great painter and when she was a little girl she painted a magical painting and gave it to the gods. At the midst of night the paintings came to life and enslave half the gods in bendable chains. These chains were the first sign of rubber. Krita is wife to Tama and mother to the bears.",Main Universe,Mythology; Other Myths,,,Elitsyian Gods,
Mortals,Ahane,ahane,,Mythology,published,"Rank: Dragon Slayer – Demi God

Ahane was the great dragon slayer and one of the many mortal children to the god Born'. When born, Born' conjured great dragons from the farthest corners of the world to challenge his son and when Ahane killed the 7 dragons he became revered around the country. Ahane met the beautiful princess Nojikuach and the two had a beautiful son, Akeni who died years later because of a wild boar. To bring his son back to life, Ahane did several trials conducted by Montum to prove he worthy. But after the trials Montum stated that in order to get his son back that he couldn't look upon his sons face as he would be bound to the underworld forever. At this moment Ahane was very happy but like mortals he turned back to see the look on his son's face. Then Akeni turned into a monster and Montum turned him into the leader of demons. From this Ahane cried for forty days before he killed himself and his wife. In the afterlife Ahane became lover to Montum and turned into the Judge over the dead. Here he was the judge over the evil dead.",Main Universe,Mythology; Other Myths,,,Elitsyian Gods,
Mortals,Dilpor,dilpor,,Mythology,published,"Rank: Has golden touch

Dilpor can turn anything he touches to gold. Born of the Sisian King, Melio and one of the Vitinct who King Melio met while buying weapons from the Black Market in the Other World. Dilpor later took his father's thrown and became king of Sisia of Lostasia.",Main Universe,Mythology; Other Myths,,,Elitsyian Gods,
Mortals,Mackitosh,mackitosh,,Mythology,published,"Rank: Warrior of the Gods

Mackitosh is the warrior of the immortals. Sent to earth to battle thousands of demons, he was given the sword of immunity to protect him from anything in the living world. Unlike the many other cultures, Mackitosh wasn't the only or main warrior and although he had great strength, indestructible weapons, great agile, knowledge of the gods, and the gift of flight. With great speed, Mackitosh defeated an entire army without even been seen and from his great knowledge came wisdom no other mortal bared. Son of a Sondred and Domaedian, Mackitosh rested amongst the gods because of his great abilities, he was given longevity however not immortality and would be given the title as protector of all things including the gods. But one day his mortal curiosity came about and he left to Earth where found the Pool of Desire and met several protecting spirits that seduced him into drinking from it. Once he drunk a drop his deepest dreams and desires came true unleashing them on the world. Montum took advantage of his unleashed dreams by unleashing demons onto the world to join the rampage. Now with demons, evil spirits, and other creatures of the dark lands on Earth, the gods had to act very quickly. Born' sent several deities to cure Mackitosh so he can assist in the battle. The battle lasted for 13 days and within this time the world was ripped from the ground to the skies. The gods shocked at its appearance told mankind that the 13 day of the Demon War would be remember for all days and so the number 13 itself by most societies were considered a cursed number. On the 14th day Mackitosh used his great speed and strength to rebuild most of Lostasia and with powerful magic by the Sondreds the island city would return to normal but not without new flaws.",Main Universe,Mythology; Other Myths,,,Elitsyian Gods,
Mortals,Arkylentese,arkylentese,,Mythology,published,"Rank: Guardians of the Golden Honey

Arkylentese are the guardians of the Golden Honey “honey that gives immortality”. Whenever seen they can't refuse a fight and so they fight often as they love to wonder among crowds. So beautiful that Santiyline sealed them away in a secret garden hidden away in the Sea of Time.",Main Universe,Mythology; Other Myths,,,Elitsyian Gods,
Mortals,Well,well,,Mythology,published,"Rank: Medicine Man

Well the Medicine Man, practices in magical healing found this Indian from the Eastern world becoming more and more popular leading him to be inducted into the Elitsyian society. His growing popularity caused the gods to bring him to the Heavens and given immortality. God of Healing and Prophecies, Well is father to Ni is complete opposite.",Main Universe,Mythology; Other Myths,,,Elitsyian Gods,
Mortals,Sole,sole,,Mythology,published,"Rank: First Shaman

Sole the first shaman is son to Sesir. The second healer to the world he follows the footsteps of his teacher, Well. His main worship is in cities near forests, jungles, lakes, and newborn places. He assists in childbirth and warfare.",Main Universe,Mythology; Other Myths,,,Elitsyian Gods,
Mortals,Wonder,wonder,Wur,Mythology,published,"Rank: Cupbearer of Born’

Wonder or Wur is a boy that was so curious of the world around him that he wondered away from his parents into a lake and drowned. Born' took his spirit to the Heavens and the two made love for forty days until he would revive the boy and made him into his personal cupbearer.",Main Universe,Mythology; Other Myths,,,Elitsyian Gods,
Mortals,Takinewa,takinewa,,Mythology,published,"Rank: None

Takinewa was so beautiful that men around the globe wanted her for their own and thus many protected her from the dark forces. But one emperor of Kinota, an island of Lostasia, granted her with a gift from the Heavens and promised her eternal youth and beauty. But Takinewa denied this gift and remain among her family in Mountainville. Here she ate one of the beautiful blossom flowers that tasted like cherries, little did Takinewa knew these cherries were gifts from the emperor of Kinota. In the morning the emperor visited Takinewa and told her of his gift and Takinewa begged him to take his gift back but couldn't. So Takinewa knowing of her immortality knew she couldn't bare watching those she loved grow old and die without her so she slowly floated off to the moon where she made home. Her family grief stricken by her absence made temples and planted blossom gardens with cherries in her honor. To show his ever fetching love to the maiden, the emperor of Kinota had his followers plant a giant pink flower blossom with special healing blue berries. The special berries were so light that each spring they floated into the air, where Takinewa collected them to build her palace on. From the rocks of the moon that the people of Kinota believed where colorful and glowed in the dark given the moon its shine she made her palace and filled it with berries. These berries became people or moon people that had long dress like legs and beautiful long blue hair. Whenever they dance the moon go through different phases. Takinewa was so enchanted by her people that she presented their gift to the world and it became an art form known as the Moon Dance.",Main Universe,Mythology; Other Myths,,,Elitsyian Gods,
Mortals,Creatus de’ Inobulus,creatus-de-inobulus,,Mythology,published,"Rank: None

Creatus de' Inobulus were humans that were believed to exist before even the gods. The Elitsyians believed that the world once was very beautiful and went untouched until the gods came about and later created mankind. But they also stated that just how the world would be rebuilt after Mostibik it would be the second time that it would be reincarnated. The first time was before their current stories and the race of humans that lived in that world created the gods and their universe out of images. These humans were so powerful that they went unmatched. But one fateful days, the Elitsyians wrote that the Creatus de' Inobulus which in return meant “tribe of creators” disappeared into nothing and destroyed their world in hopes that their powers would not plague future tribes. The Elitsyians later wrote in text that this race of humans ascended into the sky still watching over us unheard and unseen.",Main Universe,Mythology; Other Myths,,,Elitsyian Gods,
Mortals,Sondreds,sondreds,,Mythology,published,"Rank: Elitsyian Wizards & Sorcerers

They are usually cloaked and very wise mortals who served the High Council. Found mostly in their own world hidden from sight of the gods and mankind, they could be called upon by a spell. One of the most powerful Sondreds was Oki and his wife Hodi, their eldest child was Hoj. Hoj was known to the middle east mostly Arabians was called Hoji King and father of the Djins. Concern for the magical world's safety, the Sondreds appointed the strongest and most powerful group of warriors serving the magical communities called the Lazarons. Its name meant “prisoner of magic” they are simply called this by the descendants of the original Elitsyians.",Main Universe,Mythology; Other Myths,,,Elitsyian Gods,
Mortals,Doki,doki,,Mythology,published,"Rank: Holder of the Key of Humanity

Doki was once imprisoned in the underworld by King Barbas for his trick on Mt. Punukien kingdom. This magical elf used his magic to break free but not before being harassed by soldiers of the dead. After much debate he agreed for his freedom in return protecting and hiding the Key of Humanity. At the end of time he would present the key to the savior of mankind.",Main Universe,Mythology; Other Myths,,,Underworld Gods; Elitsyian Gods,
Mortals,King Barbus,king-barbus,,Mythology,published,"Rank: Human King of Mt. Punukien

One of the first and foremost powerful emperors ruled over Mt. Punukien. His name was King Barbus he was believed to have been the creator deity Anatisu in disguised. On Earth he conquered many lands but none of which stood as proud as Mount Punukien. Born from the gods, Barbus had many wondrous abilities such as turning things into gold with just one touch. This gift was denounced on him from Volcanos, the Blacksmith God of Elitsyian Mythology. In his early childhood, Barbus had already built his city from the rocks and made glass structures from water and crystals found at the bottom of the Pacific Ocean. Alone in his new city, Barbus begged and pleaded to the gods for people to share his new world with and the gods so fonded of Barbus granted his wish by giving him some of the first inventors, teachers, scholars, and farmers of the world.",Main Universe,Mythology; Other Myths,,,Elitsyian Legends,
Mortals,Important Families of Elitsyian Mythology,important-families-of-elitsyian-mythology,,Mythology,published,"Rank: Important Families

One of the most interesting families in Elitsyian Mythology was Clemide and her father Talex. Clemide's mother was a mystery because of Talex constant love affairs, but one thing is for sure that her beauty was a story that only the gods could tell until now. During her youth, Clemide's father Talex has promised her to anyone that could boast the strength, intelligence, and speed that could take his thrown as heir. Over 1,200 men tried to test their abilities but none here on Earth has matched such a feat as Talex was not just a king but a demi-god. Talex born to Born' and his mortal mistress, Hanna. He was given his great strength, great speed, vast knowledge, and persuasive attitude from his father Born' along with the city of Talamade “a city located in eastern Lostasia”. For moments Hanna was the first and only mortal mistress to Born', until Crienta intervened and turned her into stone. But before her final state, Hanna gave birth to Talex. Still angered at Born' Crienta created a city known as Linius which stood as the capital of Lostasia throughout the continent's history. And from this city came the Lininians who stood beautiful but hidden with brute and anger. The Lininians under Crienta's word raged war against the people of Talamade which later would last for almost ten years. In victory was the Lininians who later consumed the city and took half of Lostasia as their own. In return, Viken “storm god and son to Lo and Adv” watched from the heavens at Clemide since her birth where he more and more fell in love with her over the years. It wouldn't be until years later that the two would meet and married. -But lets talk about Clemide a little more in detail before her city was overruled and before Viken married her-. Once along time ago around 1 B.C. the beautiful princess Clemide was sworn to anyone who could overthrow her father and take his thrown. But Clemide had different plans for herself and her future. On the night of her 16th birth date, Clemide who was destined to wed, told her older sister, Clode, that she didn't want to marry someone who she didn't know. You see, Clode was married off to her arranged husband, Prince Mumu of Munuki City. She told her younger sister Clemide, who she left behind, that she would always overlook her as her guide and act as her mother figure. So now that we got that out of the way, lets get back to Clemide. She told her sister of the arranged marriage and from then on so content for her sister not to marry the way she did, Clode offered to leave her kingdom with her sister so they could direct their own lives. This became one of the prime examples of women empowerment and independence. This act of treason became such a matter in Munuki City and Talamede that it caught the attention of their respected kingdoms after their women started to revolt against the men. This march of independence and female empowerment also made its public debut among the goddesses of the heavens as well. Supporters became Authora, Crienta, Olerta, Smod, and surprisingly Jessana. With Clemide and Clode both on the run their kingdoms both sent out hundreds of soldiers to find them. But this would be no easy task as all the goddesses mentioned above, covered their every traces. For years the sisters would be in hiding until being found through the efforts of Born', Nextis, Jakilen, and again another surprise Montum joined the alliance. As you see back in those days men controlled the world and the male deities wanted it to stay as such. But Montum didn't care of such alliance, he wanted both women to be his queens in the underworld along with his current queen. Now with a war above their heads, it would only get worse for Clemide and Clode as Montum intent on bringing them to the underworld sent his army of harpies and skeleton warriors down. But with the other gods fighting one another for independence, the sisters were own their own. Viken looking at all this commotion did what any warrior would do which was to save the damsels in distress. So from the heavens he reign down with thunderbolts lighting up his chariot and swirling tornadoes lifting the skies for his arrival. In one instance, Viken destroyed the undead army and the harpies and rescued the sisters. He then took them away from the other gods and hid them in his fortress. Surrounded by dark clouds it was hidden even from the other deities so they were safe. Now a year has past and Viken has grown in love with the youngest sister, Clemide, and it was certain it was returned. The two took hands and went back to her father's kingdom, there Viken overthrew Talex and his army and took Talex's thrown. Here Viken ruled alongside his new bride for years until finally receiving a male heir.",Main Universe,Mythology; Other Myths,,,Elitsyian Legends,
Mortals,Clemide,clemide,,Mythology,published,,Main Universe,Mythology; Other Myths,,,Important Families of Elitsyian Mythology,
Mortals,Talex,talex,,Mythology,published,,Main Universe,Mythology; Other Myths,,,Important Families of Elitsyian Mythology,
Mortals,Hanna,hanna,,Mythology,published,,Main Universe,Mythology; Other Myths,,,Important Families of Elitsyian Mythology,
Mortals,Clode,clode,,Mythology,published,,Main Universe,Mythology; Other Myths,,,Important Families of Elitsyian Mythology,
Mortals,Prince Mumu,prince-mumu,,Mythology,published,,Main Universe,Mythology; Other Myths,,,Important Families of Elitsyian Mythology,
Mortals,Monius Castius,monius-castius,,Mythology,published,"Rank: Ruler of Talamede

Viken and Clemide's son would be Monius Castius and once old enough he would too take over his parents kingdom of Talamede. He would become the first ruler to extend the kingdom. From the east side to the north side he expanded overcoming other lesser cities and enlarging both. But Crienta not one to be conceived as the jealous type felt this kingdom should be overruled by a women. So she built her city and led her army of Wareins (Amazons) to Talamede. After forty nights of war, the Wareins (Amazons) took control and drove the royal family from their thrown. Monius and his parents were now enslaved by the Wareins (Amazons) and so Crienta gave control to her children's first queen, Melina.",Main Universe,Mythology; Other Myths,,,Elitsyian Legends,
Mortals,Nackson,nackson,,Mythology,published,"Rank: First Author & Inventor

Nackson probably was the most important as his stories the Maenaid was a collection of books that were found by the Anlicks and told of almost the entire history and belief systems of the Elitsyians and their neighboring islands. Nackson was beloved by all because of his major contribution to literature. Authora first and foremost credited him as the first author but also with his invention of the chariot the first inventor as well. Seen from above, Volkanos grabbed Nackson and brought him to the heavens. He agreed to give him immortality as long as he serve several years with the god in the heavens building items. But little to Nackson's knowledge the time in the Heavens aren't the same as on Earth. So when he returned to his family they have grown old nearing death and when asking Volkanos for immortality to them as well the god refused. So he then asked could his immortality be token back and still the god refused because Nackson made a promise and his time wasn't up. So back in the heavens, Nackson knowing of his fate if ever to return to Earth, he agreed to remain in the heavens but only if he could build great objects not just for the gods but also for mankind. To this Volkanos agreed and got his first assistant. From his disappearance, Nackson became such a household name, that people started worshiping him with being the God of the Household and associating him with protecting them.",Main Universe,Mythology; Other Myths,,,Elitsyian Legneds,
Mortals,Melina,melina,,Mythology,published,"Rank: Amazon Queen & Queen of Linius

Melina was not just beautiful but strong, agile, and very intelligent as she was Crienta's personal creation. Viken would loose his power and his son Kanos would take his place as the world's personal warrior and Storm God of Elitsyian Myths. Viken and Clemide would fall into the backgrounds alongside Monius Castius. and Melina would take control naming her new city, Linius “worth”. She then with her Wareins (Amazons), would seize power of neighboring villages and cities some of which were Talamede and Munuki City. Prince Mumu became her husband after bowing to her power and Melina and the prince would give birth to the first official royal founders of half of Lostasia. Linius became Lostasia longest staying capital and the largest city ever found in Lostasia.",Main Universe,Mythology; Other Myths,,,Elitsyian Legends,
Mortals,Anme,anme,,Mythology,published,"Rank: First Scholar & Second Author

Anme was the son of two local farmers in the Western part of Lostasia. Here he thought his destiny was forever to live on a farm until he was visited by a Selenes. Here the spirit told him of his gift to write stories and from them would inspired the world. Following this, Anme bid farewell to his life on the farm and begun traveling the world sharing his ideas with others. Some of his best works today tell of some unknown tribes, several mythical stories, and his ideas about geography. This inspired others like the Greeks Plato and Homer. He then traveled to Africa and met with several cultures that shared his idea of creation and the world around them. He then came back to Lostasia where he told of his ventures and then wrote his first book, the Intilliad which spoke of other cultures and contained over 1,000 different stories about those he visited. Other great items of his was the most famous, the Trankit which told of most of his findings of the Elitsyian Myths.",Main Universe,Mythology; Other Myths,,,Elitsyian Legends,
Mortals,Geni,geni,,Mythology,published,"Rank: Clay People

One of the hardest working class of people who were mentioned in the Intilliad was about the Geni. They existed around the beginning of Lostasia and survived several generations until their sudden disappearance. Although much of nothing is known about them, some relations support them with being made from clay and wet stones and given brains to function on their own. Their physical images were similar to cavemen with hairy bodies and very limps limbs. Some say that their disappearance was because the gods were so ashamed of their creation that they destroyed them and replaced them with the people of today. Others say that the Geni would be our spirits always living through our bloods as one of the first races on Earth.",Main Universe,Mythology; Other Myths,,,Elitsyian Legends,
Mortals,Lord Cao,lord-cao,,Mythology,published,"Rank: Ruler of Ble’

A brute and unkind king, Lord Cao was ruler over a quaint town called Ble'. Here he enslaved his people and tortured them with the help of his army. But word would get out and eventually get to the gods. He was given a choice to treat his people better or suffer a worse fate. Lord Cao ignored this warning and so the gods turned him into a crow. From him came the first crows of which in return watch over the city he once ruled. In his absence, the people of Ble' would form the first democracy that would call for no one ruler but several that would give law and order to all people.",Main Universe,Mythology; Other Myths,,,Elitsyian Legends,
Mortals,The Hoins,the-hoins,,Mythology,published,"Rank: People of city, Ho

The Hoins were people of the city, Ho. They were especially known for their exceptional gold coins and as silversmiths. Their prime deity was Aspel who was also worshiped by the Muonch People.",Main Universe,Mythology; Other Myths,,,Elitsyian Legends,
Mortals,King Hapita,king-hapita,,Mythology,published,"Rank: King of World Town

King Hapita was in the middle of one of his journeys through the forest that existed behind his kingdom, when he found the lost blanket of the god, Ongrude. His kingdom a place known as World Town “known for its treasure, jewelry, magnificent wonders, and vast schools” was never happy with what they had so he presented them with the night blanket so they could sleep. You see this town was a place where no one slept just worked all day everyday and because of this they were some of the bitterest people in the world. But after the blanket was given to them they became even more wealthy, dreams, and immortality. This alerted Ongrude and he took his blanket back and punished the entire town by putting them in an eternal sleep.",Main Universe,Mythology; Other Myths,,,Elitsyian Legends,
Mortals,Aere’,aere,,Mythology,published,"Rank: Magical Painter

A skilled painter that painted Mun, Goddess of the West Wind as a gift to her favorite goddess, Adv. Adv then took the painting and brought the deity to life. From this beautiful gesture, Aere' was given immortality and from that moment word spread making Aere' the patron of painters, artists, and visual ideas.",Main Universe,Mythology; Other Myths,,,Elitsyian Legends,
Mortals,Nojikuach,nojikuach,,Mythology,published,"Rank: Dragon Mother

This once beautiful young girl sold her soul to become a dragon. But this decision wasn't just made one day and then given to her. She had a reason and it would surprise not just those that knew her but the gods as well. To understand you have to understand her situation which was of her husband Ahane a powerful warrior that slain the 7 headed dragon that threatened their home. But the dragon's mother was angered and poisoned Nojikuach killing their unborn child. Nojikuach was so sad that she agreed that she would become servant to the dragon mother by selling her soul. This would in return her son to life to live out his years alongside his father. The two would then become great heroes fighting in the honor of their lost one.",Main Universe,Mythology; Other Myths,,,Elitsyian Legends,
Mortals,Akeni,akeni,,Mythology,published,"Rank: Son of Nojikuach

The unborn son to Nojikuach. When Nojikuach became pregnant, a dragon mother poisoned her because of her husband Ahane killed her son. In return, the dragon mother did the same. But because of Nojikuach sacrifice of herself, Akeni was given the gift of life and lived alongside his father and a great fighter.",Main Universe,Mythology; Other Myths,,,Elitsyian Legends,
Mortals,Melio,melio,,Mythology,published,"Rank: Sisian King

The Sisian King that ruled with great honor over his people of Sisia. Probably one of the only kings in Lostasia that ruled in favor of his people. Sisia was a proud little town that lived in peace throughout its existence and never experience any kind of war or debate. It lied somewhere in the far eastern part of Lostasia. He had a son, Dilpoor who was a product by one of the Vintinct. After Melio's death, Dilpoor took control of his kingdom and became king of Sisia.",Main Universe,Mythology; Other Myths,,,Elitsyian Legends,
Mortals,Nakquia,nakquia,,Mythology,published,"Rank: Emperor of Dowling Village

Nakquia became one of the first female rulers, she was one of the many queens of the Wareins (Amazons). Once her reign was over, she was replaced by Melina, the ruler over the Lininians. Once no longer an Amazon, Nakquia gave up her weapons and founded a tribe of men and enslaved them with the help of magic from the Other World. She then became the first female emperor of the Dowling Village.",Main Universe,Mythology; Other Myths,,,Elitsyian Legends,
Mortals,Cylene,cylene,,Mythology,published,"Rank: Wife to Nextis

Mother to Acnar and once lover to Nextis, God of War. She died shortly after his birth, but from the underworld she watched and weeped at her son becoming destructive and killing others for not worshiping him. Her tears became such a bother by the spirits of the underworld that they turned her into the first Weeping Tree. Its roots reach into the world around every Fall and cause other plants and trees to weep. Cylene is often considered the personification of  Fall and the reason why plants change colors and why plants dies.",Main Universe,Mythology; Other Myths,,,Elitsyian Legends,
Mortals,Mint,mint,,Mythology,published,"Rank: Elitsyian Astrologer

A great astrologer for the Elitsyians. His people turned to him for answers from the stars. His name would be written down in every book and with it came his most memorable works. Along with the goddess Night, he would father to Lena.",Main Universe,Mythology; Other Myths,,,Elitsyian Legends,
Mortals,Ushu,ushu,,Mythology,published,"Rank: Princess of the Mushin Kingdom

Princess of the Mushin Kingdom. With Sentos, God of Might and Power, she would give birth to the entire Mushin Kingdom and serve as its rulers for the first thousand years. Ushu was granted immortality from the Golden Honey river which she drunk from in silence when she protected it. Because she drunk from it however, she was banished to Earth where she met Sentos and fell in love with shortly after.",Main Universe,Mythology; Other Myths,,,Elitsyian Legends,
Mortals,Pridie,pridie,,Mythology,published,"Rank: King of Kinota

Probably one of the most famous emperors to Lostasia. He was ruler over the kingdom of Kinota. He fell so much in love with Takinewa and offered her magical blossoms planted below his kingdom for the price of youth and eternal life. When Takinewa denied this offer, the emperor repeatedly tried again and again. Until one day when Takinewa ate one of his plants without knowing and was given the gift that Pridie promised. So disgusted at this, Takinewa left to the moon where she remained for eternity. In her honor, Pridie and his followers planted blossoms throughout the world and built her a giant blossom palace which floated to the skies and where Takinewa accepted. For protection from this moon deity, people are enthused that they plant blossoms around their homes in honor of Takinewa.",Main Universe,Mythology; Other Myths,,,Elitsyian Legends,
Mortals,Jonireres,jonireres,,Mythology,published,"Rank: People of Jonira

The Jonireres were a race of prideful people found in Jonira. See Chapter 8 under Jonira for a full description of this race and their beliefs.",Main Universe,Mythology; Other Myths,,,Elitsyian Legends,
Mortals,Pridest,pridest,,Mythology,published,"Rank: Elitsyian version of Buddhist

The next group of people are a mixture between spirits, a person, and somewhat worshiped as a god. To Buddhism they are Buddhist, but to the Elitsyians they are wiseman known as Pridest. Usually seen marked with the the language of ancient spirits, they old men and rarely women usually live in temples hidden from plain sight. Here they sit meditating for years trying to reach enlightenment. Whether or not it actually works is left to the imagination of the people who worship them. But it is written that when they reach enlightenment they become spirits that spread their teachings and what they learn. They serve as healers of mortal pains as along with teachers of those that follow them.",Main Universe,Mythology; Other Myths,,,Elitsyian Legends,
Mortals,Rosh Empire,rosh-empire,,Mythology,published,"Rank: People of West Island

The Rosh Empire were once farmers who took over the West Island in hopes to leave their barren lands. They came from the west in search of a fertile land with new opportunities. With just spears made of wood and corn they managed to raid the recent civilization that lived on the West Island. Those that lived in the West Island were known as their descendants. It was not told of one specific ruler but some could think that they brought some sort of order because there was no recorded war of this race or of Western Island. Just like the other islands of the Four Corners, the Rosh Empire worshiped the presence of gods and creatures that they thought lived around them.",Main Universe,Mythology; Other Myths,,,Elitsyian Legends,
Mortals,Uchawatis,uchawatis,,Mythology,published,"Rank: Tribe of Whurashia

The Uchawatis was a tribe that shared the island Whurasha with the Ics and the Resumes. Some would say that this tribe had little to offer unlike others because it only existed in some stories and even then they are not as popular as those around them.",Main Universe,Mythology; Other Myths,,,Elitsyian Legends; Whurashia Legends,
Mortals,Ics,ics,,Mythology,published,"Rank: Tribe of Whurashia

The Ics were a tribe that shared their island along with the Uchawatis and the Resumes. With their major support for their deities, the Ics probably were the most important tribe on this island. Their supreme deities were the most powerful of all the islands and granted many other tribes to enter in their ideas which also collected one of the most important and biggest mythical stories of all western tribes.",Main Universe,Mythology; Other Myths,,,Elitsyian Legends; Whurashia Legends,
Mortals,Resumes,resumes,,Mythology,published,"Rank: Descendants to Anme & First Writers

The Resumes were not as important as their twin tribes, the Uchawatis and the Ics. But they could be seen as the first writers and from them came Anme one of the first scholars. Resume derives its meaning and name both from this tribe. The Greeks would later adopt this word into their language.",Main Universe,Mythology; Other Myths,,,Elitsyian Legends,
Mortals,Mukkukku People,mukkukku-people,,Mythology,published,"Rank: People of Sune

The Mukkukku People of Sune were in small numbers but had the strength to equal bigger armies. The Mukkukku People are descendants of the Patheons who discovered their city and probably would explain their great strength. The Patheons were known for their great strength and speed, they were a mixture of animals which matched their physical skills and humans which matched their intelligence.",Main Universe,Mythology; Other Myths,,,Elitsyian Legends,
Mortals,Delliana,delliana,,Mythology,published,"Rank: First Oracle of Melphi

Delliana was the first oracle of Mephi. Born from the gods, Delliana told many predictions and once predicted the world would come to an end by the hands of the Gods and Valkens. Delliana was the mother to Samantha Cue of Elite Force. She gave her child up after the power it emitted while during childbirth to SAA. She often visits Samantha in her dreams and to help her during missions mentally.",Main Universe,Mythology; Other Myths,,,Elitsyian Legends,
Mortals,Promaiden People,promaiden-people,,Mythology,published,"Rank: Steel & Rock People

Worshipers of Ongrude. These people were made of steel and rock. Given life they would appear grander than the people of today, but not to interfere with the future of the mortal race, their appearances were tampered with to appear less intimidating.",Main Universe,Mythology; Other Myths,,,Elitsyian Legends,
Mortals,Akuma-dae,akuma-dae,,Mythology,published,"Rank: Priests in Elitsyian Mythology

Blessed with the abilities to perform exorcists’ repell demonic entities, Akuma-Dae are earthbound angels or Domaedians who remember partially of their heavenly divine selves. The Akuma-Dae each have similar symbols around their bodies which are cloaked as if someone sees the symbols, it can be lethal. Akuma-Dae is priests by calling and will only revert to their angelic selves once mankind perishes from the Earth. These beings also possess enhanced fighting skills, enhanced strength, speed, knowledge of the world, and giant weapons (swords, guns, & throwing stars) and also with much training can omit light from their hands.",Main Universe,Mythology; Other Myths,,,Elitsyian Gods,
Mortals,Kalioni Warriors,kalioni-warriors,,Mythology,published,"Rank: Priest like warriors

Working under the leadership and guidance of the Akuma-Dae, the Kalioni Warriors each wear blue like armor and giant weapons. The markings that cover their bodies are protectant spells that can help in defeating demons and battling angelic beings as well. They are chosen at birth and are often powerful when younger however gains worldwide knowledge as their age advances.",Main Universe,Mythology; Other Myths,,,Elitsyian Gods,
Mortals,Mary of Nazareth,mary-of-nazareth,,Mythology,published,"Rank: Mother of Jesus

Mary of Nazareth is the proud mother of Jesus of Nazareth and wife of Joseph. She gave birth to Jesus on the night she was visited by three angels known as the Wisemen. They provided her tools to provide to her then unborn child. In later life after Jesus was born, Mary was a devoted mother and wife of Joseph, she watched her son be tortured on the cross and then removed his body after many believed he was dead. She later buried him in a tomb near her late husband Joseph.",Main Universe,Mythology; Other Myths,,,Elitsyian Gods,
Mortals,Joseph of Nazareth,joseph-of-nazareth,,Mythology,published,"Rank: Father of Jesus

Legal father to Jesus and husband of Mary of Nazareth. He was a carpenter and taught this to Jesus during his youth. He died shortly after Jesus was placed on the crucifix. He believed his son to be dead on his deathbed. Jesus would later be buried at 36 years old next to Joseph’s tomb.",Main Universe,Mythology; Other Myths,,,Elitsyian Gods,
MythicalCreatures,Sholls,sholls,,Mythology,published,"Rank: Demonic Trolls

Sholls are demonic trolls with a wide range of intelligence. Unlike trolls of celtic mythology these gigantic and mysterious creatures have great minds and incredible strength. Created from swamp water and fungus and given advance brains by Montum these creatures are found more so at night and rarely unless hungry or during war are they mention to be seen in the daytime.",Main Universe,Mythology; Mythical Creatures,,,Underworld Gods,
MythicalCreatures,Will,will,,Mythology,published,"Rank: First Unicorn

Will is the first unicorn that flies with the help of white magic. This unicorn is the embodiment of good and purity and often times live amongst the dead but at the same time protecting the magical community. Will was created from the ashes of an angel and given life by Jonun.",Main Universe,Mythology; Mythical Creatures,,,Elitsyian Gods,
MythicalCreatures,Lex,lex,,Mythology,published,"Rank: Guard dog of the Underworld

Lex is the 7 headed four tongue, 7 stomach, and 3 stomach hound dog with massive claws and fangs that protect the gates to the underworld. Sitting at the edge of the staircase that leads to the land of the living. This dog could swallow the entire island of Lostasia in one bite. Lex unlike most creatures in the underworld never leaves its post and when caught by Kanos this hound had its heads chop off in time for the god to pass but its 7 heads grew back more fierce than before. Although it holds great strength, agility, intelligence, the ability to speak, a massive body, and supernatural powers Montum would never let it leave beyond the underworld even to assist in Mostibik.",Main Universe,Mythology; Mythical Creatures,,,Underworld Gods,
MythicalCreatures,Dalspetta,dalspetta,,Mythology,published,"Rank: Scorpion Queen

Dalspetta scorpion queen, she lives deep in the Dark Caverns of the underworld with her demonic children. She appears beautiful through the day and hideous while in the dark, she haves over 20,000 children a day ranging from poisonous animals and insects to impish demons.",Main Universe,Mythology; Mythical Creatures,,,Underworld Gods,
MythicalCreatures,Wicklings,wicklings,,Mythology,published,"Rank: Warlocks

Wicklings are warlocks, servants to Bewithia. At night they are wolves and in day they are magical warlocks who attack witches when they are weak to steal their magic. In some tribes in Lostasia Warlocks are male Witches who get their powers from Bewithia.",Main Universe,Mythology; Mythical Creatures,,,Underworld Gods,
MythicalCreatures,Pjuns,pjuns,,Mythology,published,"Rank: Male Harpies

Pjuns is a half scorpion and half falcon demons that closely resemble harpies but with their difference being their cries and that they are male.",Main Universe,Mythology; Mythical Creatures,,,Underworld Gods,
MythicalCreatures,Farmen,farmen,,Mythology,published,"Rank: Cave Dwellers

Farmen are cow and bull bodied cave dwellers that builds large caves and laid giant size eggs and at the end of time the eggs hatch and out come several land animals.",Main Universe,Mythology; Mythical Creatures,,,Underworld Gods,
MythicalCreatures,Mikles,mikles,,Mythology,published,"Rank: Dream Eaters

Mikles demonic spirits that crawl into the bed of children and unblessed adults. While there they appear as deform little children that eat away at the nightmares and grow bigger. After all nightmares are sucked dry, the dreamer goes into a coma.",Main Universe,Mythology; Mythical Creatures,,,Underworld Gods,
MythicalCreatures,Wisnu,wisnu,,Mythology,published,"Rank: Elitsyian Gargoyles

Wisnu pretend to be statues to trick oncoming travelers. While caught in their arms, creatures' souls are eaten and their bodies are burned with their ashes spread across the underworld for the dead to eat. In some Elitsyian Myths the Wisnu are referred to as Soul Eaters and when in cemeteries they eat away on the bones of the dead. The mummy and skeletons are warriors of theirs. These demonic creatures also haunt the living and attack protector spirits leaving mankind defenseless against supernatural forces.",Main Universe,Mythology; Mythical Creatures,,,Underworld Gods,
MythicalCreatures,Harpies,harpies,,Mythology,published,"Rank: Elitsyian Harpies

Harpies are demonic statues brought to life by black magic. They are led by their mother the Harpy Queen. When she is in-heat she seduces mortal men to help bring her demonic offspring to life. Based on their appearances they are Elitsyian versions of the Harpy and Succubus combined together. Harpies are also known for their shape shifting abilities, great speed, loud screams, and hard rock bodies.",Main Universe,Mythology; Mythical Creatures,,,Underworld Gods,
MythicalCreatures,Black Brocken,black-brocken,,Mythology,published,"Rank: None

Black Brocken was the giant fish created out of oil and sea water by Tuni to get revenge on his families sacred islands. This creature ate islands and sunk ships and was wrote in stories across the world and explained as the Giant Kracken and the Lockness Monster to just name a few.",Main Universe,Mythology; Mythical Creatures,,,Water Gods,
MythicalCreatures,Yati,yati,,Mythology,published,"Rank: Yeti in Elitsyian

Yati Father to the Olki (yeti in Lostasia) protected his mother, Snow's ice palace. When someone with a warrior’s heart whistles in his domain his children assist them. As for cowards they eat their hearts and spit up a brave warrior.",Main Universe,Mythology; Mythical Creatures,,,Elitsyian Gods,
MythicalCreatures,Screechers,screechers,,Mythology,published,"Rank: Elitsyian Banchees

Screechers, their screams can shatter glass. They are the product of witches whom died and reverted to black magic to get back at people who done them wrong in life. Their cousins are the Harpies.",Main Universe,Mythology; Mythical Creatures,,,Underworld Gods,
MythicalCreatures,Likoundeptez,likoundeptez,,Mythology,published,"Rank: Caretakers of Children & Mothers

Likoundeptez are caretakers of Children and Mothers, not much is known of these swift creatures only that they are seen by those they protect and whispers things into the victim's ears. They are considered the mortal commonsense.",Main Universe,Mythology; Mythical Creatures,,,Elitsyian Gods,
MythicalCreatures,Punokipetes,punokipetes,,Mythology,published,"Rank: Watchers of Families

Punokipetes were watchers of families, with their help families were protected from the dangers of the dark world and on occasions the gods. If a family wanted their protection they had to sell the soul of their first born child, later in adulthood the first born child would become a Punokipetes.",Main Universe,Mythology; Mythical Creatures,,,Elitsyian Gods,
MythicalCreatures,Olki,olki,,Mythology,published,"Rank: None

Olki or the Yeti is powerful muscular, bearish, white furry creatures that speak in Elitsyian tongue. They are the children to Yati and helps protects Snow ice palace.",Main Universe,Mythology; Mythical Creatures,,,Elitsyian Gods,
MythicalCreatures,Poraficks,poraficks,,Mythology,published,"Rank: Golems of the Elements

Poraficks six Golems molded from stardust, Air, Wood, Earth, Fire, Water, and Metal, these creatures would be later personified the major elements. They are the children of Volkanos and in the loving memory of his elders he gave them to Crochen, Adv, Santiyline, Tur', and Fire and Metal worked closely with him. They are drawn on stone to instruct the world of their workings. The Poraficks are mostly known for their aggressive behaviors and knowledgeable ways.",Main Universe,Mythology; Mythical Creatures,,,Earth Gods,
MythicalCreatures,Jonipers,jonipers,,Mythology,published,"Rank: None

Jonipers were giant blue coyotes born from the moon's light. With bodies of dead grass, wet soil, swamp water, acid blood, metal skin, and diamond fangs. These creatures were servants of Montum and watchers over the dead. Living in the Black Forest these creatures love to taunt humans and eat animals no matter the size.",Main Universe,Mythology; Mythical Creatures,,,Underworld Gods,
MythicalCreatures,Tarnetch,tarnetch,,Mythology,published,"Rank: None

Tarnetch are children to Tur' created for his mother to help tend her many landforms and sacred gardens. When they laugh flowers grow and the air cleanses, when they dance rain storms occur and the ground shakes, when they cry the sky turn black and oceans gets tide waves. Tarnetch are tree spirits that serve under Earth Gods.",Main Universe,Mythology; Mythical Creatures,,,Earth Gods,
MythicalCreatures,Furdock,furdock,,Mythology,published,"Rank: Dessert Creature

Furdock is the dessert Giant whom body compelled of sand and boulders was the first dessert and his eyes came forth the waterfalls of the earth. When he smiles the sun raises and when he sleeps the moon raises. A kind giant but had his evil ways as he was to a prankster that created avalanches to defeat his enemies and destroy those who didn't like him. To please him gods and mortals alike made offerings for him. One time the giant would fall asleep and the world would forever be turn to complete darkness.",Main Universe,Mythology; Mythical Creatures,,,Earth Gods,
MythicalCreatures,Trecks,trecks,,Mythology,published,"Rank: Wisdom Trees

Trecks are wisdom trees living in Santiyline magical garden. The biggest one can be found in the center of the world where its roots reaches out to every plant life on Earth. Another major tree was the Sggriuidj and it stood in the Heavens. When it was created all life and death hanged from it, from its leaves were the stars and at the tip was the Heavens. Hanging from its branches were planets and the realms of the universe and from the seeds were the lives both mortal and immortal grow and sprout into flowers. When those lives are over they will fall to the ground and sink into the ground where the underworld was awaiting at the roots. This story however was major on the Islands of Lostasia but another creation myth of Elshack and his children overtook most of Lostasia.",Main Universe,Mythology; Mythical Creatures,,,Earth Gods,
MythicalCreatures,Agikile,agikile,,Mythology,published,"Rank: None

Agikile an imp that can move faster than light, he created mask to trick his enemies and as loyal assistant to Jagnur he commands the Iron God's chariot of snow.",Main Universe,Mythology; Mythical Creatures,,,Elitsyian Gods,
MythicalCreatures,Moschiefs,moschiefs,,Mythology,published,"Rank: Rock & Clay Soldiers

Moschiefts are soldiers of rock and clay forged by Ditios and Bow to protect Lostasia from the Atlantians during the Lostasia and Atlantis war. The gods used these stone soldiers to assist them in the final battle. They were given indestructible armor and weapons by Volkanos and immortality by Lome.",Main Universe,Mythology; Mythical Creatures,,,Earth Gods,
MythicalCreatures,Coldornes,coldornes,,Mythology,published,"Rank: None

Coldornes were goat like women who gave authority to Lostasia. They were found formed under an oak tree by Authora and appointed her eyes and ears on Earth. They were so feared by man because of their appearance that they wore necklaces of magic to disguise themselves.",Main Universe,Mythology; Mythical Creatures,,,Elitsyian Gods,
MythicalCreatures,Solit,solit,,Mythology,published,"Rank: Watcher of the world

Solit part bat part man watched the world at night and was very close to Seltice. He guided her chariot at night and from his venom could grant anyone immunities to diseases. He thrives on the blood of wrongdoers and the negative energy of spirits.",Main Universe,Mythology; Mythical Creatures,,,Elitsyian Gods,
MythicalCreatures,Capa,capa,,Mythology,published,"Capa are troll like children that can fly very fast and run at incredible speeds. The Capa are seen in hundreds and are rarely seen apart. They live deep beneath bridges and startles little children as they pass them. While they can only be seen by little children they can sometimes be called Brownies from Celtic Mythology. Their mother was the River Goddess, Mu.",Main Universe,Mythology; Mythical Creatures,,,Elitsyian Gods,
MythicalCreatures,Seefors,seefors,,Mythology,published,"Rank: Elitsyian version of the Siren

Creatures appearing as women when being viewed by non-supernatural beings. When viewed by mortal men, these creatures appear as beautiful immortal women that can take various forms that the man dreams his perfect woman is. Their counterparts are closely similar to the Greek Sirens. These creatures are the watchful daughters and servants of Crochen. They are controlled by the Seefor Queen whose name is unknown but she is elected every 3,000 years and has power that can rival at least 1,000 seefors and trains for about 300 years to become so strong. The triton that she carries resembles her father’s Crochen. The Seefors name means “Sea Floor” in Elitsyian because that’s where their home, the Island of the Seefors is located at the bottom of the Pacific Ocean protected by a giant clam like shield.",Main Universe,Mythology; Mythical Creatures,,,Crochen’s Daughters,
MythicalCreatures,Mirror Giest,mirror-giest,,Mythology,published,"Rank: Mirror Shifter

Powerful creature that can copy any being including Domaedians and Belki, at one point it copied powerful beings like gods and even the Ultimate Good when it appeared in a benevolent form. Over the last thousand years many of its kind died off, leaving only a handful of creatures alive. It lives in the Mirror World and can only be summoned if envoked by a spell over a broken mirror.",Main Universe,Mythology; Mythical Creatures,,,Elitsyian Gods,
MythicalCreatures,Monster’s Holdren,monsters-holdren,,Mythology,published,"Rank: Most powerful monsters

There exists the most powerful creatures in existence and sometimes are considered the first creatures of their kind. They vary in sizes and abilities and were said by the Elitsyians to be the original creatures to first walk the Earth. Some are good and some are evil but together they come together to decide things like territories, history, future, power, etc and are on close watch by the High Council.",Main Universe,Mythology; Mythical Creatures,,,Elitsyian Gods,
MythicalCreatures,Baseia & Cambola,baseia-cambola,,Mythology,published,"Rank: Guardians Of Youth And Old Age

Once children turned into large cats for their trickery on the Groners. These cats are mischievous and only respond to the voice of Bestiny. They are so large that their bodies are twice the size of a normal 6ft male. Their teeth are made of iron and their tails are hard as diamond. Their whiskers are made of gold and their fur are prickly. They guard the Gates of Eternity where their master Bestiny sleeps. Both represent Youth and Old age as seen with their coloring.",Main Universe,Mythology; Mythical Creatures,,,,
MythicalCreatures,Beseia,beseia,,Mythology,published,,Main Universe,Mythology; Mythical Creatures,,,Baseia & Cambola,
MythicalCreatures,Cambola,cambola,,Mythology,published,,Main Universe,Mythology; Mythical Creatures,,,Baseia & Cambola,
MythicalCreatures,Dragons,dragons,,Mythology,published,"Rank: Elitsyian Gods

In the Eliteverse, Dragons are powerful creatures with each having elemental powers including Fire, Water, power over the Earth, Electricity, Thunder, Air, Light, Darkness, etc. Originally allies and sometimes pets of Sorcerers. In ancient times, dragons were also guardians and guides to the children of Sorcerers, Elementals.",Main Universe,Mythology; Mythical Creatures,,,,
RoyalCirca,Yosubut,yosubut,,Mythology,published,"Rank: Watcher of the Universe

He was unknowingly intelligent and played with Yonrohs for almost 4,000 years. But Yosubut himself grew much older than Yonrohs and his years were near its end. One night at his bedside, Yosubut knew his final day was near and since he was brought into this world by amateur magic that of Yonrohs he knew his moment was anytime now. So at his final breath Yosubut predicted the future, and saw children of the god killing him of which he would be no more. Because of his means of living, Yonrohs ignored this and left to play. The next day Yosubut disappeared to never appear again and Yonrohs tired of being alone would give birth to several children from multiple parts of his body.",Main Universe,Mythology; Royal Circa,,,Elitsyian Gods,Great Knowledge; Visions
RoyalCirca,Crienta,crienta,,Mythology,published,"Rank: Queen of the Gods, Goddess of Creation & Birth

Her hair was of white snow and eyes of bright blinding gold. Her skin was rock hard and because of that she never bled. Her voice was strong and deep and with vast knowledge she was never over spoken not even by her elder siblings. Crienta's might was so feared that not even the Domaedians or the Primordial Ones undermined her. Goddess of Creation & Birth, Crienta wondered often through the Heavens as mother of all even spirits of Heaven & HELL loved her. She could walk on water and fire and her touch could either kill or bring something back to life. So beautiful, flowers and trees bowed to her with no animal tamed or wild would disobey her and all the creatures in any realm would respect her and not to mention her name without blessing it first. Crienta was not without her own flaws though as she created the Bottomless Pit to punish immortals as she thought entities with a vast life span would go unpunished so she created the Bottomless Pit and it stood could appear when summon by great magic. When standing at its end, her brother Montum pushed her in the pit but unknowingly to his knowledge the pit had a curse that for those that fell into the pit not judged they would reappeared. Crienta appeared behind her brother in a glowing light and punished him so she banished him to the pit with the judgment of being guilty for pushing her into the pit. For a thousand years, Montum stayed until he was summoned out and reclaimed his thrown in the underworld. For his summoner punishment was given by Crienta to be banished to a place where no one could return from not even by herself. For this Crienta called on her older sister, Olerta to create Oblivion a vast place as far as the universe with white fog as cold as ice, dying trees, and the spirits that would taunt anyone there for eternity. This place was so deemed and so tortured that it was feared even by the gods, it had no ends to either side and time didn't exist. Here the gods lost their immortalities and their abilities, all else would slowly forget who they are. Olerta created this place and even herself feared it to insure not just anyone could go here Olerta promised that only great power could banish someone or something here. Fearing her own death here, she created safe gates that linked to other realms for escape. These gates were called the Olden Gates and were only seen by those falsely accused. Crienta lived in the biggest chambers of the Liumus and from her bed she could see the entire universe. In her chambers doorways could leave to several realms in the vast universe.",Main Universe,Mythology; Royal Circa,,,Gods of the Royal Circle,
RoyalCirca,Born’,born,,Mythology,published,"Rank: King of the Gods

Born' was husband to Crienta and Father of the Gods. Like many Kings he had several affairs that put his own existence in jeopardy as Crienta was very watchful of him. In the stories he was a shape shifter and caused much friction with other gods of Lium. He had few journeys but the ones he made he was almost always royalty. In several stories he was a King and in others he was mysterious men who slept with several women to have children with great powers. Most of his mortal children were future kings and queens, some were demi-gods “half mortal, half god”, and there were those who were creatures of the land such as the first dog, cat, & snake. Because of his great powers, Born' was not approached the wrong way by neither man nor immortal. His stature was that of almost great intensity as with great knowledge he had somewhat insanity. In one story he was an old man that foretold the destruction of the city Tole' and another was how he cried to the gods to change him back into his almighty self after he forgot his old ways. On one of his journeys Born' gave birth to Khani the God of Destruction and his eldest son. Together they took control over the Eastern World and enslaved Indians, Aztecs, & Malayans. Back in Lium, Born' return with Khani and presented him as a present to his wife Crienta. But Khani was with not his own devious plan to overthrow all creation killing his father and the other gods in a scheme called the “Boltren”. Later on in this chapter more about Khani will be revealed, but in the meantime Born' is punished after this scheme was found out so Crienta and the other gods discussed at Born' for his creation banished him to Oblivion. Out of his image, Crienta created Vechknur, her new King of the Gods.",Main Universe,Mythology; Royal Circa,,,Gods of the Royal Circle,
RoyalCirca,Vechknur,vechknur,,Mythology,published,"Rank: New Age King of the Gods

Vechknur was created out of memory for Crienta's now banished husband. For his often tales of adultery and his punishment Vechknur studied Born' and promised to never betray the love of his wife. Little is known of Vechknur but those that speak of him are often not aware of his skill at pottery, swordsmanship, and creation of wings of animals. During the time of the great battle of the gods, Vechknur is often considered as the avatar or image of Born'.",Main Universe,Mythology; Royal Circa,,,Gods of the Royal Circle,
RoyalCirca,Olerta,olerta,,Mythology,published,"Rank: Goddess of Realms & Gateways

From her head sprouts out our galaxy, from her breasts life pours and from her eyes sits the ponds where the Sun and the Moon sleeps. In her pocket realm hidden from all else she is by far the most powerful deity, while in the realm of the living her abilities are limited. Olerta had many lesser forms known as Avatars and with them she plays many different relationships throughout history. She was eldest daughter to Anka and eldest sister to Shecknurd. Her most known children are the Galatic Beings and her son is Inkium, God of the Sun.",Main Universe,Mythology; Royal Circa,,,Gods of the Royal Family,
RoyalCirca,Adv,adv,,Mythology,published,"Rank: Goddess of the Sky, Mother Sky

Her city of worship exists in Montihigh a city found in the southernmost part of Lostasia. Molded after a cloud above Yonrohs' head she was given life and together with her father she constructed herself a husband named Lo'. Together they created the Wind Gods and lived in a floating sky palace known as the Shadikre, there they controlled the winds of Earth and watched over the world. In the Pool of Visions she could visit many places with just a thought and with this she ventured to many foreign lands until she came across a place so divine that she called it her own. This place had buildings of Gold and rivers of blue ice. Its skies were lit with wild flowers and red flowing wine. Its lands were decorated with virgin spirits whom danced in her welcoming. She called these spirits Advians and so here she remained for centuries. Here she would give birth to flying animals such as the falcon, eagles, and the phoenix. But back in her own lands, Adv did not speak of this beautiful place but yet visit it often. To appear kind to mankind she disguised herself with the head of a sparrow and wings of a butterfly. But whenever she’s angry she appears with the head of a bee and tail of a vulture. All these animals were her creations. The pidgin was her messenger and appearing almost half human it was too her creation created to watch those in her domains.",Main Universe,Mythology; Royal Circa,,,Gods of the Royal Family; Sky Gods,
RoyalCirca,Dreggizune,dreggizune,,Mythology,published,"Rank: King of the Valkens & Earth God

Dreggizune was big and strong; he stood as tall and fierce as a mountain and roars louder than anything on Earth. Although very scary, he was gentle and was easily persuaded. As for this behavior he was persuaded by Montum, God of the Underworld to help battle Crienta for her thrown. After much thought about this he raged his children the Valkens into a war that would last for an eternity. In the final battle called Mostibik, was told in stories as far as Greece although given different names overtime and through translation with other great myths around the world; that spoke of Dreggizune and how his heart turned cold after the first battle and the mountains started to crumble and volcanoes started to cry out fire. With trees wilting, flowers burned to ash, and animals dying mankind was near its death. It would be on the final day that Dreggizune would be cleanse by an oracle that sent his new soul back down to Earth where he became the Mountain God, Siphnu.",Main Universe,Mythology; Royal Circa,,,Gods of the Royal Family; Valkens,
RoyalCirca,Shecknurd,shecknurd,,Mythology,published,"Rank: God of Time & Beginnings

He is the first child to Anka  and from his heart came the spirits of Time, Arcota. When he was born he had so much knowledge that the gods centered him to being the new Ruler over the Universe. But Shecknurd, wanted his silence away from all else so like Jonun his brother he built his own realm overlooking time made out of stars. He had control over all things and stood as the second most powerful being in all creation. Authora goddess of wisdom and Night goddess of the stars are his virgin daughter. He is also simply referred to as Father Time.",Main Universe,Mythology; Royal Circa,,,Gods of the Royal Family,
RoyalCirca,Siphnu,siphnu,,Mythology,published,"Rank: Mountain God

Siphnu the Mountain God was the new earth god and avatar to Dreggizune. After Dreggizune was recycled by an oracle his soul was sent back down to Earth and there now as Siphnu he slept under a mountain. As long as he slept he kept the Earth balanced, so to forever keep him asleep creatures of the forest sworn to silence and fought away any noise. Whenever Siphnu awakes the world trembles and if for more than 7 days straight then it would fall into itself.",Main Universe,Mythology; Royal Circa,,,Gods of the New Royal Family; Earth Gods,
RoyalCirca,Crochen,crochen,,Mythology,published,"Rank: God of the Seas, Horses, & sea-life

Crochen, father of all sea-life is also creator of the horse, fish, and from his left eye sits the oceans of the world. Crochen rides on giant dolphins and his chariots are led by flying winged whales. Despite being a giant, Crochen was rarely seen although mentioned a lot especially by his followers. His fortress lays at the bottom of what is now the Pacific Ocean and is guarded by Mermen and Mermaids dressed in silver jeweled incrested armor. Inside it contains hundreds of halls of which the most known is the main hall where Crochen sits controlling the waters of the world. Accompanied by his wife Oceania, Goddess of the Ocean and sometimes by his eldest daughter Aqua a Lake Goddess, he travels the world's waters in various forms. His most known form is perhaps that of a old man dressed with pearls wrapped around his arms and legs. He is also father of pirates and guide them through harsh storms. But for those who travel unwanted into his domain are greeted by his sharp tooth, boar headed daughters the Seerfors and they would lead the travelers to their dooms by singing deadly songs that could control the minds of anyone nearby. Out of all his children he many that were adapted into other cultures some with similar names and others. Mermaids, Nymphs, Sprites, and the serpent were all his children. Of all his children, Crochen has over 10,000 offspring.",Main Universe,Mythology; Royal Circa,,,Gods of the Royal Family; Water Gods,
RoyalCirca,Montum,montum,,Mythology,published,"Rank: God of the Underworld

Always dark figured and bitter, Montum has overshadowed his visions of a peaceful world by turning his idea location as far away from all else. Tall, dark, muscular, long haired God of the Underworld and Ruler over the dead, Montum has always been very fond of young beautiful women and in some accounts dead men who were kings in life. His court along has over 2,000 beautiful undead mortals who gave them their souls in order to receive power or magical amenities while alive. As father or at least king of all Underworld deities he is also the strongest, his castles lied on top of the highest mountain tops in the underworld and the highest point of them were watch towers where his watchful guards the Monkey Devi “watchers and keepers to Montum” watched the dead. Now as for his armor and magical powers, Montum has always been very careful to install powerful amenities into all of his armors and weapons such as his magical cloak which could protect him from powerful spells. His helmet granted him great all knowing knowledge, his armor could protect him from any damage, and finally his magical elixir could heal him from even the deadliest poisons. As for his children he lots of them, like his siblings he fathered thousands and some were his most watchful creatures, the Harpies, Screechers, Banki (Banchee), and the Vampire. Montum also played important parts in judging the dead, whenever one of his 3 sons the Judges of the Dead couldn't come up with the right decision, he balanced the dead heart on side and a bowl of water from his Elixir on the other side. If the bowl was to tip over then the dead was guilty but if no drop was spilled then the dead was innocent. Sometimes the dead could fool even the bowl of Truth from Montum through magical items placed on their graves. Whenever this happened Montum's pet the Doggiglanger “four headed, four armed, four tailed beast” to eat the dead, if the beast spit up the dead then it was innocent and if guilty its soul would be sent to HELL. There were also moments when the dead had equal good and bad and their soul was pushed to appear in the Garden of Eternity where they lived for eternity doing what they did while alive.",Main Universe,Mythology; Royal Circa,,,Gods of the Royal Family; Underworld Gods,
RoyalCirca,Santiyline,santiyline,,Mythology,published,"Rank: Goddess of Nature

Mother Goddess is also the Goddess of Nature and its many wonders. All of her children where perhaps Earth gods or Underworld deities later on as she was associated with the dead after one of her daughters fled to the underworld to wed Montum. Santiyline was beautiful and very graceful and even in her mortal stage she could burn away flesh from the biggest beast with just a laugh. In many ways she had lesser forms which she was associated with and merged into her because of their importance. Anix, Goddess of Crops & Plantations was guardian of the crops of the world and for plantations she was their scarecrow figure and protected them from demons and creatures of the dark. Frenta was Goddess of Milk and Mother of the Cow, Deer, Moose, and Pig, Frenta was pictured as an old hag that laughed continuously and hated all things but the animals in which she protected very close. Progra the Goddess of Insects bore thousands of insects from bees to earthworms. From her skin bore the insects that could swim and crawl, from her fingernails came the earth insects, from her hair came the insects with wings, and from her blood came the snakes, worms, and roaches. Santiyline was associated with fruit as well as her home itself was made of apples and oranges. Seen in her godly form by mortals produced quiet a problem because she was a giant connected to the earth and had hair of rivers and her eyes were the lakes and ponds. Her hair was the grass and from it grew her children the trees. Whenever she smiled the world lit up and brought with it dawn, when she was angry she produced storms and earthquakes. Once when her daughter, Sickle Goddess of Vegetation and the Dark was seen playing in a field just beyond her home, Montum whipped up in his chariot of ice and fire led by howling spirit hounds and invited the deity back to his lair. She accepted and the shortly after married and she sealed her fate to be in the underworld forever. Although Sickle didn't know that she would be bound there forever she was trapped by law of the underworld, Santiyline called out for her daughter but with no answer the goddess flew the grounds of Earth and swept to the Heavens but no one knew of her daughter's location. It was then Santiyline knew it was her brother who have token her and once in the underworld she bound him to the ground and threaten him to free her daughter but he told her of the law and that even the power of Crienta couldn't break it. Santiyline didn't give up so she asked her sister, Crienta for help but like Montum stated she had no power over the laws made by the Underworld so her daughter was lost for eternity. As the goddess cried nature of the world died and animals and mortals alike froze to death. Crienta was alerted by this disturbance and flew to Montum's palace to make a deal if she let him come to Lium for half the year Sickle could be let free. But Montum decided against it stating that although he wanted his seat with the council of gods he wouldn't leave his new wife's side. Then he vowed that he would let her spend half the year above ground while he enjoyed the wonders of Lium and the other half him and his queen took ownership in the regions of his domain. Santiyline happy of this agreed as long as she could at least see her child again, so for the moments Sickle was above ground we experience Summer & Spring and while below the world we had Winter & Fall.",Main Universe,Mythology; Royal Circa,,,Gods of the Royal Family; Earth Gods,
RoyalCirca,Jonun,jonun,,Mythology,published,"Rank: God of Destiny, Fate, Knowledge, & Life

Jonun was by far the most important deity in Elitsyian Mythology. He was son to Anka, brother to Olerta, Shecknurd, and he fathered the Groners. His only children were always by his side and because of his distant nature that meant he accompanied by them alone somewhere in another realm. He invented the Wheel of Life called the Zornan that spin both life and death. Jonun has always been known as an unhappy god and when asked by a young cheerful Sod why this was so he responded “Unlike you child I had no childhood and never experience happiness because of my role, I worked my whole life. So to answer your tedious question no”. In his kingdom held the transcripts of Existence, they told of every thing's history and with the help of anyone they grew. Jonun was also responsible for godly knowledge being leaked into the human world.",Main Universe,Mythology; Royal Circa,,,Elitsyian Gods,
RoyalCirca,The Groners,the-groners,,Mythology,published,"Rank: Goddess of Fate

The Groners were three sisters with different ages. At times when the mortal world is in distress the three sisters become one crone called the Ashaki Priestess that could precisely predict the past and the future. The three sisters represented the past, present, and the future. The Groners consisted of Hobiwath “past” she was a old woman with several eyes and a staff that could rewind motions around her. Another was Senithia “present” she was the most beautiful and churns the honey of life and from it came the string of existence. On the Wheel of Life she used magical dust for immortals and wet sand for mortals and animals to keep the strings from breaking by the coldness of their realm. Standing at the edge of the Wheel of Life was the youngest Omothin “future” that had two eyes that were blindfolded until the end of all things. Her third eye was placed on her staff the Ordari, it was used to predict the future while she cut the strings of life. Omothin was mother of all Oracles and Prophets and with them she created temples to preside over living things. There father was Jonun and followed him around wherever he traveled. These goddesses are similar to the Norns in Norse Mythology, Moirae, Parcae, and Matres and Matrones and probably influenced their myths as well. There temple were on the tip of the Dobulous Mountain.",Main Universe,Mythology; Royal Circa,,,Elitsyian Gods,
RoyalCirca,Habiwath,habiwath,,Mythology,published,,Main Universe,Mythology; Royal Circa,,,,
RoyalCirca,Senithia,senithia,,Mythology,published,,Main Universe,Mythology; Royal Circa,,,,
RoyalCirca,Omathin,omathin,,Mythology,published,,Main Universe,Mythology; Royal Circa,,,,
RoyalCirca,Authora,authora,,Mythology,published,"Rank: Goddess of Wisdom, Wafare, Cities, Towns, & Teachings

More powerful than other deities, Authora stood so grand that Crienta feared her wrath. Her magic was that of no other and with her power over objects the Elitsyians believe that she is responsible for things not floating off the ground (gravity). She was second in command over the Hall of Time and Knowledge, and becoming the first deity born outside of the Royal Circa to be inducted in it. When all else looked dim, the gods looked onto her for great knowledge and mankind honored her with temples for safety and protection. Her main service was to virgin women like herself as she protected them from harmful objects mostly men who wish to rid them of their virginity. From a fallen branch on the Tree of Knowledge, Authora created the first scholar, from its leaves came teachers, from its roots came schools and homes, from its fruit came the knowledge of the gods and from its bark the brains that humans would need to think on their own. The biggest gift to mankind was the first library made from rock and dirt and it served over 1,000 books made with the memory of the world.",Main Universe,Mythology; Royal Circa,,,Elitsyian Gods,
RoyalCirca,As guide on Earth,as-guide-on-earth,,Mythology,published,"Assisting her cousin in the creation of the Earth Raiders to protect the world against demons, Authora became one of the guides of the group after Tur went missing in the third half of the Earth Raiders saga. Here she took mortal form with limited godly powers. Unable to return to her normal form, she remained on Earth guiding the Earth Raiders and fighting the demonic armies.",Main Universe,Mythology; Royal Circa,,,,
RoyalCirca,Jessana,jessana,,Mythology,published,"Rank: Goddess of Love, Beauty, Honesty, Eloquence, & Fertility

Jessana Goddess of love, Beauty, Honesty, Eloquence, and Fertility. In her many forms she grant many different societies with many different gifts such as love and reproduction. To North Lostasia she is Goddess of Love and Beauty, in Eastern Lostasia she is in her original form and in Western Lostasia she is Nexus Goddess of Fertility and Growth. While disguised as Nexus because of her lack of worship as Jessana, she is more of a warrior and uses magical arrows to seduce men into falling in love with women. Also she helps with the life cycle and instructed the first woman how to give birth to mankind and supposedly slept with Marlexmade to have Sentos. She created many temples and towns in honor of women and illustrated strategic war plans with her army of supernatural female army. Nexus created magical armor and a magical disk to give to her army to defeat over 200 cities, the first female ruler without a king was of the city Dowling Ville. In her form as Jessana she was more pleasant but when she disobeyed her mother, Crienta's word to remain in the Heavens she mistakenly set free love onto mankind which caused a great burden that nearly destroy the world. But with the help of her children the world returned to normal but now with new emotions of lust, desire, hatred, and war.",Main Universe,Mythology; Royal Circa,,,Elitsyian Gods,
RoyalCirca,Ohn,ohn,,Mythology,published,"Rank: God of the Sun

His son was Pupu and together they brought the sun across the sky in the morning and at night they rest it in the banks of the Sea of Time. Ohn was brother to Seltice and son to Adv and Born'. At festivals this god is called upon for a great day and wealth. With his sister Seltice he haves the ability to direct the motions of the entire planet. With a magical golden red disk on his head many tribes between Lostasia and Egypt called him their sun god and in Egypt he was called Re' and later Amun Re' the supreme deity. With destructive powers at well the Anuit called him their God of Destruction. He also had similar appearance of the Hindu God of Destruction, Shiva. With a world worshiping him, Ohn made himself a worldwide figure. From the rays from his back to the floating orbs around his body he had intense power and could burn the world if he looked upon it. Pictures are often shown with his head facing away from all else. As for his appearance he was very tall, warrior attire, 7 arms, a monkey's tail, and a giant optical disk that erects from his lower back. His long hair is made of brimstone and fire. His reddish face is because his home is located on the center of the Sun. This deity is also called the creator of all things but only in the lower most part of Lostasia.",Main Universe,Mythology; Royal Circa,,,Sun Gods,
RoyalCirca,Seltice,seltice,,Mythology,published,"Rank: Goddess of the Moon

Seltice was sister to Ohn and Moon Goddess, but was not worshiped solely as such. Her appearance is tall with bluish skin, short hair, white eyes, two giant swords coming from her skin, and 4 arms. Shes very quick and with her cat as her assistant many wonder if she more of a protector of cats then her actual position as a protective goddess of the night. She loved cats so much that she chopped off her own head and replace it with her familiar her cat Thebe. She then grew a tail and rode around on a chariot pulled by two giant cats. Her home was near the Sea of Time where she took the moon at the break of dawn. She would create Febian & Jesia to protect the Cosmic Soldiers during their fights against the forces of darkness.",Main Universe,Mythology; Royal Circa,,,Moon Gods,
RoyalCirca,Nextis,nextis,,Mythology,published,"Rank: God of War

Nextis God of War is seen as a brute villain that has brought the world over 10,000 wars during the time of Lostasia. His most powerful mission ever was serving as lead general against the gods at the end of time. His allies include Montum and demons. During many of his battles he brings powerful spirits to assist him in battling his opponents. Unlike the Greeks and Romans, Nextis is seen as a more handsome man with little knowledge of anything else besides war and destruction. He is son to Khani and Omitia. His biggest enemy is Kanos the Weather God.",Main Universe,Mythology; Royal Circa,,,Elitsyian Gods,
SkyGods,Sod,sod,,Mythology,published,"Rank: Goddess of Clouds

Sod was the most beloved daughter to Adv and was appointed as her watchful eye whenever she was gone. Serving also as Goddess of the Clouds, she protected flying animals such as birds and mythical creatures like the griffin and the phoenix. Her chariot was led by falcons, animals who sworn their allegiance with her upon her birth. With her silk skin and pearly blue eyes she is not just beautiful but very adored by men of all ages. Montum was no different with his ever lurking eyes and raging sexual behavior he wanted the virgin goddess for himself. Once playing in her mother's secret garden, Montum saw the young beautiful goddess and was captivated by her from one glimpse. Disguising himself as a bird that sing, flew in and sung to the goddess and at the finish of his song the goddess kissed him and he changed to his true form. Once someone kisses the God on his poisonous lips they are forever bound to him wherever he goes. “So be it” said the god and he took his new bride away to the dangers of the underworld. Once there she was greeted by Sickle who knew who she was and why she was there and was quickly punished. From one story it told that the goddess was beaten every day and night because of her adultery with the husband of Sickle. After he found out Montum quickly returned the goddess so that he himself wouldn't be scorn by a woman as strong as Sickle herself.",Main Universe,Mythology; Gods and Goddesses,,,Sky Gods,
SkyGods,Lo,lo,,Mythology,published,"Rank: Storm God

Lo, the first Storm God was product of Born' and the sky deity Krum. Whenever Lo was angry he struck the ground with his hammer and the Earth shook. Lo was ill tempered and almost never caught smiling. From his head were feathers that changed colors depending on the storm that was coming. His face was that of a parrot and his arms were wings and he had human hands. He had 5 eyes, the left watched the west, the right watched the east, the top watched the north and the bottom watched the south. The middle eye on his chest saw the past and future and could predict them at will. Covering his lower body with a magical cloak so that the future could not be seen by anyone but him, Lo made sure he protected the future in all cost. His children were the Oracles and Totems “watchful statues of Indian Mythology” were his sons. For years at a time, Lo disappeared leaving his wife Adv to keep after the skies, the reason for his absence was never revealed but some state that he just was not included in stories as he wasn't very adored by mankind. Whenever he return he predicted several prophecies and left again. His last time seen was before the Mostibik where he told Crienta that the final day of Eternity was upon them. From this disappeared again and its not stated if he was one of the gods that perished in the battle or existed afterwards.",Main Universe,Mythology; Gods and Goddesses,,,Sky Gods,
SkyGods,Viken,viken,,Mythology,published,"Rank: Storm God

Viken, second Storm God was product of Lo' and Adv. He was not as popular as his father but was definitely as strong. From his Axe and hammer he produces some of history’s greatest storms and with his thunderbolts he protected the Earth from demons. He was a warrior and very fond of little children as he thought of them as powerful beings of the future. Unable to see the future, he didn't take much for granted and thus begun training his son to take his place. When he was merged into Lo in later tales he disappeared almost entirely. One account shows him assisting in the Final Battle Mostibik.",Main Universe,Mythology; Gods and Goddesses,,,Sky Gods,
SkyGods,Onyard,onyard,,Mythology,published,"Rank: God of the North & Morning Breath

Son to Crienta, he was born from her left breast and after Crienta found a lump she sliced it off and it became Onyard. Dripping in blood, the young beautiful boy became a man moment later and the blood hardens and became his armor. With hair of white gold, Onyard was very handsome and built to be a warrior; he guided ships from deadly storms and watched over the skies. His wife became Sod and the two had many children. Considered personification of Dawn and the northern breath in which mist and fog covers the air with gentle breezes of warmth and ice. His palace sat at the edge of the Earth balancing the day and night and whenever there was a moment when the two was in one he would loose his powers and the earth would spin into darkness. The lunar eclipse is the effect of this moment. He gave the World Town a place known for its coins, jewelry, books, schools, and hospitals a blanket of wealth and immortality which remained hidden until his return. But when the god never return the blanket was stolen and never seen again, but it has been rumored that King Hapita has the blanket and announces to give it back to the gods to get protection for his kingdom.",Main Universe,Mythology; Gods and Goddesses,,,Sky Gods,
SkyGods,Sonos,sonos,,Mythology,published,"Rank: Messenger of All Gods

Sonos was the Messenger of all Gods and born of Crienta and Barbas “king of Mt. Punukien”. Stories agreed that he was so fast that it only took him about 5 minutes to circle the globe and about 3 hours to circle the Heavens. The gods adored him and granted him free passage to any realm no matter of its limits. Protector of Sheeps and herds and Father of farmers and inventor of the sandals, Sonos was everything wanted in a messenger but he was not alone as there were others.",Main Universe,Mythology; Gods and Goddesses,,,The Messengers,
SkyGods,Delvi,delvi,,Mythology,published,"Rank: Messenger to Born’

Delvi was a falcon goddess and was born from Born' and a falcon, she boasted great potential but because of her speed she was left out of many journeys. Although she could fly very fast she could barely walk and couldn't run without tripping, thus forcing Born' to keep her in his chambers where she flew messages were they needed to go.",Main Universe,Mythology; Gods and Goddesses,,,The Messengers,
SkyGods,Lurasha,lurasha,,Mythology,published,"Rank: Messenger of the Underworld

Lurasha son to Sonos and the nymph Cukgi, he is deaf and to assist in communication he invented the sign language and brail. Pictures were also described as a teaching of his as a language. Some accounts explain how he introduced it to the Egyptians and Japanese. Later China & Babylonians adapted this idea until it reached half the world away. Because of his special needs Sonos threw him to Earth where was attended by man and made their own teacher and personal messenger. He then related messages from mankind to humans and whenever his existence was needed a special bell was ringed so that he could feel the vibrations.",Main Universe,Mythology; Gods and Goddesses,,,The Messengers,
SkyGods,Kanos,kanos,,Mythology,published,"Rank: Thunder God

Upon his birth his father Viken and his grandfather Lo merged into one in the stories and he took priority over their previous domains. He was tall, muscular, handsome, and very proud. His strength equal great legends and was constant companion of the Sondreds or Sorcerers of whom he adored. He learned from them the art of magic and how to paint, he presented his paintings with the Elitsyians and taught the artistry of painting on canvas and walls to explain stories and their ideas. Kanos was also considered a War Deity and his chariot covered in vines and stripes of lightning lighting it up in the night sky. His chariot was also led by wolves made of steel and they could speak in every language, a present given to him by Authora. Over the years, Kanos wanted to call Earth his home but because of his status among the immortals, the gods wouldn't let him leave easily. So to let him live amongst mankind the gods gave him 14 trials called the Storm Trials and to make it more challenging he was stripped of his abilities and his immortalities. The first trial was to bear the harsh weather of Teldorn “a city known for its terrible weather and even more terrible creatures that ate the hearts of its people”. After he pass through the city barely alive, he was founded by Gypsies “children of Montum” and was nursed back to health. One Gypsy known for her magical beauty seduced the god but when he denied and left the Gypsy turned to dust, little did he know this was his second trial given to him by the goddess, Jessana. For his third trial, Kanos would have to battle his own doppleganger a favorite test for the god Nextis. For 8 days the battle reign until Kanos knew he had to think differently and so he blinded the doppleganger and stabbed him in his head, the trial was over. For his fourth challenge he had to battle the three headed watch dog of Lium. But because he use to tame the beast he knew its weakness was golden apples, so out of his pouch he pulled half of an golden apple and from then he tied up the beast and granted him back to the gods. The next challenge is making his way through the desert of Despair were souls of the damned roam violently. Here he nearly met his death until he cast a spell that he remembered from his father to use on malevolent spirits and just like that the fifth challenge was over. But now the biggest challenges begun for his sixth challenge he had to make it through the underworld but not before making it across the poisonous river of Delfai. Now on his 7th, 8th, 9th, 10th, 11th, and 12th challenges he must battle the dangerous creatures of the underworld. The first creature was the harpy queen in which he battled hundreds of  harpies until he finally battled the Harpy Queen. While battling her she introduced the Screecher and the two battled Kanos for his 7th and 8th challenge. The two met their ends when Kanos trapped them at the bottom of a lava pit. For his 9th challenge Kanos battled the serpent Snukota who protected the lair of the Mikles “metal and steel bodied demons”. After cutting the serpent in half and using its venom to kill the Mikles, Kanos was now his 11th challenge. Now standing face to face with Goddess of Darkness “daughter to Sickle & Montum” Vic, Kanos fought the demon goddess for years until they both fell to their graves. But determined as he was, Kanos continued on but as a spirit and his next challenge was awaiting and it was the Stone of Arma. With this item he could come back to life but it wouldn't be easy as Montum himself guarded it. Now faced with fighting Montum, their fight crumbled the underworld and startled the dead. In the final moments, Montum raised his sword and Kanos maneuvered it in hitting the stone. The light from the stone revived the thunder god and he struck his thunderbolt on Montum's sword and the stone and caused the two weapons to wipe out anything nearby including Montum. He then defeated Montum and he left to the Heavens for his judgment. For his accomplishment he was given rights to live with man and later joined Elite Force in the modern day world.",Main Universe,Mythology; Gods and Goddesses,,,Sky Gods; Elite Force,
SkyGods,Re’,re,,Mythology,published,"Rank: Vengeful giant birds

Re' were vengeful winged spirits that looked like beastly vultures with some human features. They were born from the rotten heart of Montum and given to Sod as a present but because of her return to the Skies she refuse but the Re' remain. Whenever someone or something abuse a promise or break their oath the Re' tears their hearts out, this idea became so popular that the gods adopted this and the Re' were given immortality and abilities strengthen but to the Gods surprise they were victims to. Now deities of Elitsyian Mythology swear on their creator Elshack as once stated by Nextis God of War “By the strength of Elshack I swear I will not hurt you” when he broke his promise toward the Village of Nomick instead of his heart his immortality was stripped for a week and he was then tortured by the Re' in repeated order. There are usually 8 flying creatures consisted of being the Re'.",Main Universe,Mythology; Gods and Goddesses,,,Sky Gods,
SkyGods,Tuchorent,tuchorent,,Mythology,published,"Rank: Guardian of Skies

Tuchorent is the fish headed guardian of the skies. It lived on the highest mountain with its gills raised to the sky predicting the patterns of the weather. It served as the official and first weather watcher and almost all its predictions were correct. Tuchorent had the head of a fish and the lower body of a Buddha.",Main Universe,Mythology; Gods and Goddesses,,,Sky Gods,
SkyGods,Hodribitch,hodribitch,,Mythology,published,"Rank: Rain God

Hodribitch was a minor Rain God with the head of a cricket. His only major contribution was to the eastern part of Lostasia where he was worshiped with groups of temples and considered a major rain deity.",Main Universe,Mythology; Gods and Goddesses,,,Sky Gods,
SkyGods,Mun,mun,,Mythology,published,"Rank: Goddess of West Wind

Mun is Goddess of the West Wind and mostly minor goddess. Seen with the head of a voodoo doll and paper fans for hands she was a painting done by Aere' until the Sorceress Bewithia made her real and presented her to Adv. Adv loved her so much that she made her part of her kingdom.",Main Universe,Mythology; Gods and Goddesses,,,Sky Gods; Elite Force,
SkyGods,Altum,altum,,Mythology,published,"Rank: God of Eastern Winds

Altum son to Adv and Lo was one of the only Wind gods to separate him from the world. After he went into hiding he was written out of the myths that once worshiped him. He is still called the God of the Eastern Winds.",Main Universe,Mythology; Gods and Goddesses,,,Sky Gods,
SkyGods,Bar,bar,,Mythology,published,"Rank: God of the Southern Winds

Bar is son to Adv and her son Viken. When Adv set eyes on her newborn, she immediately made him into her new king after Viken disappeared and he became God of the Southern Winds. Together they gave birth to the Siloutettes.",Main Universe,Mythology; Gods and Goddesses,,,Sky Gods,
SkyGods,Siloutettes,siloutettes,,Mythology,published,"Rank: Nymphs of the Skies

Siloutettes are bird like maidens so beautiful that if looked upon they could turn the looker to stone. They are usually called the spirits of voices. To the Greeks they are merged into one deity known as Echo. In the mornings they sing to raise the sun and at the edge of the night they dance to raise the moon. When angered the song and dance to eclipse the world in complete darkness.",Main Universe,Mythology; Gods and Goddesses,,,Sky Gods,
SkyGods,Nulmu,nulmu,,Mythology,published,"Rank: Watcher of humans

Nulmu or Numu is a giant piercing eye that looks over all creation. It was created by Elshack to watch over his many inventions including life. Human and animal eyes were created in image of the Nulmu.",Main Universe,Mythology; Gods and Goddesses,,,Sky Gods,
SkyGods,Sha,sha,,Mythology,published,"Rank: Sky Goddess

Sha is a minor Sky Goddess that was worship on the Islands of Lostasia. Sha lives on a hidden island found somewhere near Lostasia.",Main Universe,Mythology; Gods and Goddesses,,,Sky Gods,
SkyGods,Danes,danes,,Mythology,published,"Rank: Protectors of the Sky Kingdom

Danes were Bird protectors of the Sky Kingdom, they screamed so loudly that thunderstorms happened wherever they were. Symbols of thunderbolts were found on their wings and each had a different color feather erected from their scalps.",Main Universe,Mythology; Gods and Goddesses,,,Sky Gods,
SkyGods,Keper,keper,,Mythology,published,"Rank: Watch God

Keper the three headed watch god was so curious of things around him that Adv put him in charge of watching over the world. His left eye could see the East, his right the West and the lower could see the south. With the help of swallows he rode off on a chariot watching the north.",Main Universe,Mythology; Gods and Goddesses,,,Sky Gods,
SkyGods,Chief Munosokupoleses,chief-munosokupoleses,,Mythology,published,"Rank: Sky God

Chief Munosokupoleses was Chief Sky god and eldest child to Adv. He was worshiped around the world in hundreds of different forms. To the Indians he would overlook their skies and watch their forests. With one eye always asleep his over 500 watched the Earth day and night. When his one sleeping eye would awake it would foretell the end of the world.",Main Universe,Mythology; Gods and Goddesses,,,Sky Gods,
SkyGods,Chase,chase,,Mythology,published,"Rank: God of the Winds

Chase God of the Winds was worshiped only on the Islands of Lostasia where this deity gave birth to the hamster, rabbit, and squirrel. These creatures had great speed and adopted his agility to live on land as he watched them from the heavens. His mother was Adv and his father was Chief Munosokupoleses.",Main Universe,Mythology; Gods and Goddesses,,,Sky Gods,
SkyGods,Voloman,voloman,,Mythology,published,"Rank: Messenger of the Wind

Voloman was Messenger of the Wind and son to Sonos and Adv. He built wings for birds and fathers the duck, seagull, and the flying fish. He planted eggs that became clouds.",Main Universe,Mythology; Gods and Goddesses,,,Sky Gods,
SkyGods,Kano,kano,,Mythology,published,"Rank: Creator of the Sky Gods

Kano was the Latin speaking rabbit that moved so fast behind him came the winds of earth. From its hairs came the first wind deities and on his back sat the Sky. He was worshiped only on the Islands of Lostasia where he was both a creator and Sky God. In his mortal form he was highly represented as a great prophet and farmer. With no knowledge of him as an authority it would be hard to explain how exactly Kano would become a loyal authority figure with armies as far as japan.",Main Universe,Mythology; Gods and Goddesses,,,Sky Gods,
SkyGods,Parasolt,parasolt,,Mythology,published,"Rank: Protector of Children & Animals

Parasolt was shaman of the Elitsyian Islands and protector of newborn children and animals. His name meant “protector of the wild or backwards”.",Main Universe,Mythology; Gods and Goddesses,,,Sky Gods,
SkyGods,Krum,krum,,Mythology,published,"Rank: Sky Goddess

Krum was an early sky deity, but because she was so distant in stories, she was merged with the arrival of Adv as the major sky goddess. She was mother to Lo and one of the earliest wives to Born'.",Main Universe,Mythology; Gods and Goddesses,,,Sky Gods,
SkyGods,Ali,ali,,Mythology,published,"Rank: Rain God

Ali was a minor Rain God. Associated more with gentle rains that hit the earth, this deity was everything but gentle. He was giant in size and brought the world some of the most historical and dangerous storms. The Bermuda Triangle is said to be his home and once sacred creation. From here the deity lied to rest his problems which also brought forth his inevitable wrath that destroyed many ships and killed many people.",Main Universe,Mythology; Gods and Goddesses,,,Water Gods; Sky Gods,
SkyGods,Corn,corn,,Mythology,published,"Rank: God of the Mist

Corn was God of the Mist, called the Morning Mist, he was son to Ali, in the morning he brought the first feeling of cool breezes that woke man for the new day. His temple hovers above the ground carried by the winds of Adv his beloved wife. Both a Sky and water deity it was no wonder this god was worshiped in so many places.",Main Universe,Mythology; Gods and Goddesses,,,Water Gods; Sky Gods,
SkyGods,Siguntha,siguntha,,Mythology,published,"Rank: Mother Sky

Siguntha or Mother Sky was the great supreme Goddess of the Sky and of Storms. She was a giant that had wings and hovered over all things spreading gentle breezes and given birth to the day, evening, and night. The sun and the moon were her children. She was second eldest child to the great Untguard. From her mouth flew out the first airborne animals and she gave them wings to remain above all else as Siguntha wanted her children to rule over all else.",Main Universe,Mythology; Gods and Goddesses,,,,
SkyGods,Snow,snow,,Mythology,published,"Rank: Goddess of Ice, Climates, Temperature, & Snow

Snow was Goddess of Ice, Climate, Temperature, and Snow. Born from Winter she assists her mother bring the world icy weather. She invented the blizzard and snowstorms in memory to Sickle. Her home is at the edge of the Earth lying in Snow and 12 mile thick ice, even the gods grew cold while in her realm. The panda, Yati (yeti), dove, beaver, and koala were her children and the ice sickle was her weapon.",Main Universe,Mythology; Gods and Goddesses,,,Elitsyian Gods,
Spirits,Vitinct,vitinct,,Mythology,published,"Rank: Protectors

Vitinct are human protectors. Each mortal, animal, and magical being have their own Vitinct and they took on their image throughout their lives. Only seen to magical beings, these distinctive spirits use their charms to protect others.",Main Universe,Mythology; Other Myths,,,Elitsyian Gods,
Spirits,Selenes,selenes,,Mythology,published,"Rank: Elitsyian version of the Greek Muses

Selenes are a collection of deities that inspire inner talents; similar to the Muses they range from passive advocates to aggressive teachers. They consisted of 6 very popular spirits Cloe, Moni, Toli, Redchi, Harmony, and Obrena. In order they give to the world and are: Cloe taught mankind how to use the stars for time, mathematical problems, and used them for direction. Moni inspired science and gave birth to the first scientist. Toli and Redchi were twins and they inspired the use of Writing, Language, Speech, and Spelling. For Harmony she taught dance and singing and with her beautiful voice she was often called Voice. Obrena was the eldest and inspired Theater, Performing Arts, and Playing Instruments, her children were the first musicians and first actors. Her house was the first theater and the first play was performed there.",Main Universe,Mythology; Other Myths,,,Elitsyian Gods,
Spirits,Cloe,cloe,,Mythology,published,,Main Universe,Mythology; Other Myths,,,Selenes,
Spirits,Moni,moni,,Mythology,published,,Main Universe,Mythology; Other Myths,,,Selenes,
Spirits,Toli,toli,,Mythology,published,,Main Universe,Mythology; Other Myths,,,Selenes,
Spirits,Redchi,redchi,,Mythology,published,,Main Universe,Mythology; Other Myths,,,Selenes,
Spirits,Obrena,obrena,,Mythology,published,,Main Universe,Mythology; Other Myths,,,Selenes,
Spirits,Roses,roses,,Mythology,published,"Rank: Spirits of Inspiration

Roses are a collection of deities that inspired sports, farming, and religious practices. 6 beautiful women who were opposites to the Selenes. In early Elitsyian legacy, the Elitsyians didn't believe in art and poetry so they created the Roses and they were: Elena, Aeotrode, Hollen, Besta, Newta, and Silloute. Elena taught mankind gymnastics and how to become great warriors and Aeotrode taught then ancient forms of football, baseball, racquetball, soccer, and basketball. Hollen and Besta together inspired the use of planting, farming, and some sacrificing. Newta known for her distinctive look from her sisters inspired History and Epic Poetry, at one time she loved the god Shecknurd. Silloute the lonely maiden build thousands of objects for mankind and inspired the first idea.",Main Universe,Mythology; Other Myths,,,Elitsyian Gods,
Spirits,Elena,elena,,Mythology,published,,Main Universe,Mythology; Other Myths,,,Roses,
Spirits,Aeotrode,aeotrode,,Mythology,published,,Main Universe,Mythology; Other Myths,,,Roses,
Spirits,Hollen,hollen,,Mythology,published,,Main Universe,Mythology; Other Myths,,,Roses,
Spirits,Besta,besta,,Mythology,published,,Main Universe,Mythology; Other Myths,,,Roses,
Spirits,Newta,newta,,Mythology,published,,Main Universe,Mythology; Other Myths,,,Roses,
Spirits,Silloute,silloute,,Mythology,published,,Main Universe,Mythology; Other Myths,,,Roses,
Spirits,Dynameids,dynameids,,Mythology,published,"Rank: Nature Spirits

Dynameids are beautiful spirits who protected the nature and like their counterparts the Naieds they were women who care of nothing else but dancing and singing. Whenever apart flowers wither and rivers dry up. To force them forever together, Sayr plays his instruments to keep them always dancing in his sight. When they are afraid they can hide within trees and flowers. Born from fallen leaves and grass, these spirits the counterparts to the Greek Nymphs.",Main Universe,Mythology; Other Myths,,,Earth Gods,
Spirits,Bik,bik,,Mythology,published,"Rank: Spirit of Violence & Retribution

Bik not much is known of the dark entity except that it is the personification of Violence and Retribution and at one time was Earth God that went insane. While in the underworld its true image was shed and its heart turned into the first maggots and later the first leprechauns and fairies.",Main Universe,Mythology; Other Myths,,,Earth Gods,
Spirits,Hylends,hylends,,Mythology,published,"Rank: Spirits of Fairytales

Hylends are the sisters of fairytales. At children bedtimes they read them stories of magical places. When they awoke they remembered nothing. They were part of the Dream Gods until exiled to Earth for playing jokes on sleeping people's spirits. Some of the most popular Hylends are the Elysian Fairies.",Main Universe,Mythology; Other Myths,,,Elitsyian Gods,
Spirits,Andry,andry,,Mythology,published,"Rank: Spirit of Lust & Desire

Andry is the spirit of Lust and Desire. Born from the lustful nature of humans and invoke by late Indian tribes found in Lostasia as their protector. This creature usually seen as a mortal woman gliding over the ground is a wish maker found in the jungles of Lostasia.",Main Universe,Mythology; Other Myths,,,Elitsyian Gods,
Spirits,Lasare’neides,lasareneides,,Mythology,published,"Rank: Spirits of Good Emotions

Lasare'neides along with their vengeful counterparts the Spirits of Veonmide are spirits of day and night that the Elitsyians believed inspired different emotions. They were the many emotions that were left behind after Jessana left love uninspired in the world for too long. The Lasare'neides are",Main Universe,Mythology; Other Myths,,,Elitsyian Gods,
Spirits,Holly,holly,,Mythology,published,Note: chastity,Main Universe,Mythology; Other Myths,,,Lasare’neides,
Spirits,Stone,stone,,Mythology,published,Note: temperance,Main Universe,Mythology; Other Myths,,,Lasare’neides,
Spirits,Cause,cause,,Mythology,published,Note: charity,Main Universe,Mythology; Other Myths,,,Lasare’neides,
Spirits,Aware,aware,,Mythology,published,Note: diligence,Main Universe,Mythology; Other Myths,,,Lasare’neides,
Spirits,Strong,strong,,Mythology,published,Note: forgiveness,Main Universe,Mythology; Other Myths,,,Lasare’neides,
Spirits,Heart,heart,,Mythology,published,Note: kindness,Main Universe,Mythology; Other Myths,,,Lasare’neides,
Spirits,Humble,humble,,Mythology,published,"Note: humility

And were led by Proud and

Belief. They were set to clear up the negative activities that their counterparts have made on the world.",Main Universe,Mythology; Other Myths,,,Lasare’neides,
Spirits,Druids,druids,,Mythology,published,"Rank: Magical Spirits of Protection, Guidance, & Learning

Druids are mortals who have reached stages in their lives where they can use great massive amounts of magic to protect, guide, and teach the magical world. They are also worshiped in Celtic Mythology. The Elitsyians have adapted these magical wiseman for their own belief system that short dwarf like people lived in their forests spreading the teachings of another world.",Main Universe,Mythology; Other Myths,,,Elitsyian Gods,
Spirits,Spirits of Veonmide,spirits-of-veonmide,,Mythology,published,"Rank: Spirits of Negative Emotions

Spirits of Veonmide are 12 deadly spirits that inspire the human world with negative emotions. Because Jessana left love uninspired it spawn into darker emotions and these spirits took on their own separate personalities. Anxeride (assault), Poxoride (wrath), Fromixed (rage), Onide (Hatred), Hoxide (fear), Moxide (discrimination), Toxinide (prejudice), Ronickide (sadness), Xolikide (malice), and Nonprovide (vanity). They are led by two more powerful demons name Suicide and Grief. Suicide and Grief follows Montum on his many journeys while in the underworld.",Main Universe,Mythology; Other Myths,,,Elitsyian Gods,
Spirits,Anxeride,anxeride,,Mythology,published,,Main Universe,Mythology; Other Myths,,,Spirits of Veonmide,
Spirits,Poxoride,poxoride,,Mythology,published,,Main Universe,Mythology; Other Myths,,,Spirits of Veonmide,
Spirits,Fromixed,fromixed,,Mythology,published,,Main Universe,Mythology; Other Myths,,,Spirits of Veonmide,
Spirits,Onide,onide,,Mythology,published,,Main Universe,Mythology; Other Myths,,,Spirits of Veonmide,
Spirits,Hoxide,hoxide,,Mythology,published,,Main Universe,Mythology; Other Myths,,,Spirits of Veonmide,
Spirits,Moxide,moxide,,Mythology,published,,Main Universe,Mythology; Other Myths,,,Spirits of Veonmide,
Spirits,Toxinide,toxinide,,Mythology,published,,Main Universe,Mythology; Other Myths,,,Spirits of Veonmide,
Spirits,Ronickide,ronickide,,Mythology,published,,Main Universe,Mythology; Other Myths,,,Spirits of Veonmide,
Spirits,Suicide,suicide,,Mythology,published,,Main Universe,Mythology; Other Myths,,,Spirits of Veonmide,
Spirits,Grief,grief,,Mythology,published,,Main Universe,Mythology; Other Myths,,,Spirits of Veonmide,
Spirits,Nymphs,nymphs,,Mythology,published,"Rank: Spirits of Nature

Nymphs like in ancient Greece, these spirits come in thousands and supports nature. They are beautiful deities that can disappear at will and sing gently to make plants grow. From roses and sunlight more are born each day. Each nymph protects its own part of nature ranging from a single seed to giant mountains. Although they appear together and nearly identical, few have made separate appearances in Elitsyian Mythology.",Main Universe,Mythology; Other Myths,,,Earth Gods,
Spirits,Kos,kos,,Mythology,published,,Main Universe,Mythology; Other Myths,,,Nymphs,
Spirits,Smooth,smooth,,Mythology,published,,Main Universe,Mythology; Other Myths,,,Nymphs,
Spirits,Cukgi,cukgi,,Mythology,published,,Main Universe,Mythology; Other Myths,,,Nymphs,
Spirits,Kingo,kingo,,Mythology,published,,Main Universe,Mythology; Other Myths,,,Nymphs,
Spirits,Sanity & Sorrow,sanity-sorrow,,Mythology,published,"Rank: Spirits of Dark Emotions

Sanity and Sorrow once were the parents to Rotrude until he punished them by burning them alive. Because of their torturing of their son, they were punished to walk the Earth forever as the two spirits of Sanity and Sorrow.",Main Universe,Mythology; Other Myths,,,Elitsyian Gods,
Spirits,Sanity,sanity,,Mythology,published,,Main Universe,Mythology; Other Myths,,,Sanity & Sorrow,
Spirits,Sorrow,sorrow,,Mythology,published,,Main Universe,Mythology; Other Myths,,,Sanity & Sorrow,
Spirits,Ansencion,ansencion,,Mythology,published,"Rank: Elitsyian version of the Zodiacs

Ansencion are several deities that go in direct comparison with the western Zodiacs. Like their counterparts they consist of magic control objects, mythical creatures, and humans who sold their souls to remain in history. Below are the 14 zodiacs of the Elitsyian Myths and their counterparts.",Main Universe,Mythology; Other Myths,,,Elitsyian Gods,
Spirits,Amon,amon,,Mythology,published,The Ram,Main Universe,Mythology; Other Myths,,,,
Spirits,Beth,beth,,Mythology,published,The Bull,Main Universe,Mythology; Other Myths,,,,
Spirits,Gomain,gomain,,Mythology,published,Gemini,Main Universe,Mythology; Other Myths,,,,
Spirits,Libre,libre,,Mythology,published,Libra,Main Universe,Mythology; Other Myths,,,,
Spirits,Chinzer,chinzer,,Mythology,published,Cancer,Main Universe,Mythology; Other Myths,,,,
Spirits,Liondress,liondress,,Mythology,published,Leo,Main Universe,Mythology; Other Myths,,,,
Spirits,Viogra,viogra,,Mythology,published,Virgo,Main Universe,Mythology; Other Myths,,,,
Spirits,Shauta,shauta,,Mythology,published,Scorpio,Main Universe,Mythology; Other Myths,,,,
Spirits,Vagiritus,vagiritus,,Mythology,published,Sagittarius,Main Universe,Mythology; Other Myths,,,,
Spirits,Bascka,bascka,,Mythology,published,Capricorn,Main Universe,Mythology; Other Myths,,,,
Spirits,Pieces,pieces,,Mythology,published,Pieces,Main Universe,Mythology; Other Myths,,,,
Spirits,Aqua,aqua,,Mythology,published,Aquarius,Main Universe,Mythology; Other Myths,,,,
Spirits,Months’,months,,Mythology,published,"Rank: Spirits of the Elitsyian Calendar

Months' were spirits who represented the separate months of the year. Like most parts of the world the Elitsyians had a 12 month calendar believing that the year took only 12 months to complete. They were children to the Ansencion and parents of the Chapters.",Main Universe,Mythology; Other Myths,,,Elitsyian Gods,
Spirits,Janiune,janiune,,Mythology,published,January,Main Universe,Mythology; Other Myths,,,,
Spirits,Febe,febe,,Mythology,published,February,Main Universe,Mythology; Other Myths,,,,
Spirits,Ma,ma,,Mythology,published,March,Main Universe,Mythology; Other Myths,,,,
Spirits,Apa,apa,,Mythology,published,April,Main Universe,Mythology; Other Myths,,,,
Spirits,Mvay,mvay,,Mythology,published,May,Main Universe,Mythology; Other Myths,,,,
Spirits,Juna and Jula,juna-and-jula,,Mythology,published,June and July,Main Universe,Mythology; Other Myths,,,,
Spirits,Antius,antius,,Mythology,published,August,Main Universe,Mythology; Other Myths,,,,
Spirits,Setember,setember,,Mythology,published,September,Main Universe,Mythology; Other Myths,,,,
Spirits,Octobris,octobris,,Mythology,published,October,Main Universe,Mythology; Other Myths,,,,
Spirits,Nember,nember,,Mythology,published,November,Main Universe,Mythology; Other Myths,,,,
Spirits,Dece,dece,,Mythology,published,December,Main Universe,Mythology; Other Myths,,,,
Spirits,Chapters,chapters,,Mythology,published,"Rank: Spirits of the 4 seasons

Chapters are 4 beautiful daughters of Santiyline, when Santiyline discovered her daughter missing she created these spirits and unleashed them onto the world. Each quarter of the world experienced something different and it caused so much chaos that the gods forbid these spirits from entering the world again. Once her daughter was granted a leave for several months, Santiyline gave this time the two spirits Spring and Summer. When her daughter left she punished the world against the god’s wishes with the spirits Autumn and Winter. Spring danced at the happiness of Santiyline return so flowers bloom and waters cleared. Summer knew of the ending days of Sickle's stay and thus made the world hot in retaliation. Toward Sickle's arrival in the underworld Autumn made trees died and flowers wilt as she walked down to the underworld. Winter the most angered of them all gave birth to Snow and the two would give the world cold and icy weather in agony of Sickle's time in the underworld.",Main Universe,Mythology; Other Myths,,,Earth Gods,
Spirits,Autumn,autumn,,Mythology,published,,Main Universe,Mythology; Other Myths,,,Chapters,
Spirits,Winter,winter,,Mythology,published,,Main Universe,Mythology; Other Myths,,,Chapters,
Spirits,Spring,spring,,Mythology,published,,Main Universe,Mythology; Other Myths,,,Chapters,
Spirits,Summer,summer,,Mythology,published,,Main Universe,Mythology; Other Myths,,,Chapters,
Spirits,Doreans,doreans,,Mythology,published,"Rank: Personifications of Hope, Faith, & Inspiration

Doreans are 10 beautiful men and sons to Ditios and Me'. Seen in images around Godum “a city located in the far west side of Lostasia” on walls and on special vase. They are glowing spirits that hover over broken hearted people and helps mend them. Once these spirits were killed by the Valkens in a cross fire and they were later revived by an unknown force. This showed that no matter how difficult a situation was that anything was possible and some situations can become better. The Doreans represented good nature creatures that mended the hearts of all beings alive or dead.",Main Universe,Mythology; Other Myths,,,Earth Gods,
Spirits,Nareids,nareids,,Mythology,published,"Rank: Water Nymphs

Nareids like the nymphs were all female deities that granted beauty and protection to the Earth but most incredibly to the waters of the world. The Nareids were hundreds and all came out like fish from Sbone's uterus. With their fish like gills and mermaid like appearance overall, the Nareids could also grant diseases to anyone that look upon them without their consent. They appeared as mermaids with long flowing hair; reeds decorated their hair, teeth of pearls, glowing earrings, and shark like claws. Small like wings helped them leap great distances into the sky. Unlike the Nymphs, the Nareids never consorted. For their numbers to remain in high amounts, a Nareid would be born after another dies. It is believed that the Nareids kiss can cause its victim to breath underwater, their saliva can prevent anyone from drowning, their English like tongues appears like a regular tongue however its sharper than a sword, their songs can seduce men and turn women angry, their fins and tails are often smooth with sharp like blades when angered, and their hair is often bright with sea shells covered in magical beads.",Main Universe,Mythology; Other Myths,,,Water Gods,
Spirits,Syrahs,syrahs,,Mythology,published,"Rank: Inpirational Spirits of Imagination

Syrahs are greatly in detail comparisons with sprites and nymphs. Sometimes grown and more of human appearance than their counterparts. These complicated but loving creatures were born from Crienta's spit and given to young children for inspiration and guidance. While in the early stages of a child, Syrahs are drawn giving children imaginary friends for guidance and protection. Together the Syrahs influence gardening, dancing, singing, drawing, and considered forms of imaginations themselves.",Main Universe,Mythology; Other Myths,,,Elitsyian Gods,
Spirits,Dark Emotions,dark-emotions,,Mythology,published,"Rank: 125 Spirits of Dark Emotions

Dark Emotions are demons and spirits that make up all human emotions such as Pain, Grief, Misery, and Hope to just name a few. There are over 125 classes of human emotions and are all led by the two eldest spirits, Mental and one of the horseman of the Apocalypse Death. They were all sealed away inside a tomb called the Narxus which was hidden away from all creation and guarded by a Good and Evil Ho'zare. Dark Passion a spirit with a mysterious past came into play after Jessana left the mortal world uninspired by love. After sometime love progressed into the 7 sins and several other darker emotions with Dark Passion being one of the few unrecognized. The Spirit of Dark Passion had long burgundy hair, red eyes, a long black dress that shadowed the Earth in a dark veil and caused night. She ranged from beautiful during the night and an ugly hag in the day. In mortal dreams she is seen standing at the edge of the Nightmare Gates.",Main Universe,Mythology; Other Myths,,,Underworld Gods,
Spirits,Dark Passion,dark-passion,,Mythology,published,,Main Universe,Mythology; Other Myths,,,Dark Emotions,
Spirits,Mental,mental,,Mythology,published,,Main Universe,Mythology; Other Myths,,,Dark Emotions,
Spirits,Pain,pain,,Mythology,published,,Main Universe,Mythology; Other Myths,,,Dark Emotions,
Spirits,Anger,anger,,Mythology,published,,Main Universe,Mythology; Other Myths,,,Dark Emotions,
Spirits,Grief,grief-mythology,,Mythology,published,,Main Universe,Mythology; Other Myths,,,Dark Emotions,
Spirits,Misery,misery,,Mythology,published,,Main Universe,Mythology; Other Myths,,,Dark Emotions,
Spirits,Distraught,distraught,,Mythology,published,,Main Universe,Mythology; Other Myths,,,Dark Emotions,
Spirits,Violence,violence,,Mythology,published,,Main Universe,Mythology; Other Myths,,,Dark Emotions,
Spirits,Suicide,suicide-mythology,,Mythology,published,,Main Universe,Mythology; Other Myths,,,Dark Emotions,
Spirits,Sadness,sadness,,Mythology,published,,Main Universe,Mythology; Other Myths,,,Dark Emotions,
Spirits,Rudeness,rudeness,,Mythology,published,,Main Universe,Mythology; Other Myths,,,Dark Emotions,
Spirits,Spirits of Larte’carsa,spirits-of-lartecarsa,,Mythology,published,"Spirits of Larte'carsa were 12 deadly spirits that haunted mankind every night. They were the eldest children to Tonik. From their dark emotions during life, humans would pay for them while they slept. The shadows or dark places were their only way into the human world and to protect themselves, someone would have to carry a lighted object around with them. The spirits consisted of Guilt, Resentment, Murder, Robbery, Trickery, Rage, Violence, Retaliation, Retribution, Addiction, Adultery, Lies, and Jinx. There were originally thousands of these spirits and each represented dark human emotions. But because these were the main dark emotions it is difficult to identify all.",Main Universe,Mythology; Other Myths,,,,
Spirits,Spirits of Carli’tasta,spirits-of-carlitasta,,Mythology,published,"Rank: Battle Spirits

Spirits of Carli'tasta were battling spirits against the Spirits of Larte'carsa. Created by Myonar, these angelic spirits had no faces and from their hands held the dreams of each living being. The most sacred were the immortals which lied in a long hall hidden from all else. The spirits each represented several objects and emotions that are used and or conquered in life. Such were Wood, The Key, The Heart, Light, Air, Fire, Earth, Gift of Flight, Hope, Serenity, Worship, Mood, Song, Happiness, Flower, and Destiny. Usually drawn in epic stories these spirits took hundreds of forms and about 200 hundred existed. OF those the most powerful or most popular was those listed above. At the dawn of mankind's greatest battle with these spirits and their counterparts came the Lazarons “Elite Force” powerful Sondreds that sealed away all the spirits into a magical book and labeled it the Willox “book of emotions”.",Main Universe,Mythology; Other Myths,,,Dream Gods,
Spirits,Wood,wood,,Mythology,published,,Main Universe,Mythology; Other Myths,,,Spirits of Carli’tasta,
Spirits,The Key,the-key,,Mythology,published,,Main Universe,Mythology; Other Myths,,,Spirits of Carli’tasta,
Spirits,The Heart,the-heart,,Mythology,published,,Main Universe,Mythology; Other Myths,,,Spirits of Carli’tasta,
Spirits,Light,light,,Mythology,published,,Main Universe,Mythology; Other Myths,,,Spirits of Carli’tasta,
Spirits,Air,air,,Mythology,published,,Main Universe,Mythology; Other Myths,,,Spirits of Carli’tasta,
Spirits,Fire,fire,,Mythology,published,,Main Universe,Mythology; Other Myths,,,Spirits of Carli’tasta,
Spirits,Earth,earth,,Mythology,published,,Main Universe,Mythology; Other Myths,,,Spirits of Carli’tasta,
Spirits,Gift of Flight,gift-of-flight,,Mythology,published,,Main Universe,Mythology; Other Myths,,,Spirits of Carli’tasta,
Spirits,Hope,hope,,Mythology,published,,Main Universe,Mythology; Other Myths,,,Spirits of Carli’tasta,
Spirits,Serenity,serenity,,Mythology,published,,Main Universe,Mythology; Other Myths,,,Spirits of Carli’tasta,
Spirits,Worship,worship,,Mythology,published,,Main Universe,Mythology; Other Myths,,,Spirits of Carli’tasta,
Spirits,Mood,mood,,Mythology,published,,Main Universe,Mythology; Other Myths,,,Spirits of Carli’tasta,
Spirits,Song,song,,Mythology,published,,Main Universe,Mythology; Other Myths,,,Spirits of Carli’tasta,
Spirits,Happiness,happiness,,Mythology,published,,Main Universe,Mythology; Other Myths,,,Spirits of Carli’tasta,
Spirits,Flower,flower,,Mythology,published,,Main Universe,Mythology; Other Myths,,,Spirits of Carli’tasta,
Spirits,Destiny,destiny,,Mythology,published,,Main Universe,Mythology; Other Myths,,,Spirits of Carli’tasta,
Spirits,Ancient Spirits,ancient-spirits,,Mythology,published,"Rank: High Angels

Ancient Spirits in Elitsyian Mythology are powerful deities who ascended above all else and goes nameless, they sing the Ultimate Power's every words. They could be guardian angels, guides, or somehow associated with good and evil. Their numbers are almost unlimited and they can’t die even when all else is destroyed.",Main Universe,Mythology; Other Myths,,,Elitsyian Gods,
Spirits,The Link,the-link,,Mythology,published,"Rank: Spirits of Powerful Emotions

Born from the sexual endevours of Caltow and a Seefor, The Link is the beginning of all emotional and physical situations found in humans and at times immortal beings. They consist of:

Aldayes “god of Hard labor & toil”",Main Universe,Mythology; Other Myths,,,Elitsyian Gods,
Spirits,Balbex “goddess of starvation”,balbex-goddess-of-starvation,,Mythology,published,"Bendox “god of sorrows, grief, & body and emotional pains”",Main Universe,Mythology; Other Myths,,,The Link,
Spirits,Yumi “spirits of fightings”,yumi-spirits-of-fightings,,Mythology,published,,Main Universe,Mythology; Other Myths,,,The Link,
Spirits,Zubi-yon “personification of battles”,zubi-yon-personification-of-battles,,Mythology,published,"Xrendes “spirits of murders, slaughter, & killings”",Main Universe,Mythology; Other Myths,,,The Link,
Spirits,Leia “spirits of man-slaughters”,leia-spirits-of-man-slaughters,,Mythology,published,,Main Universe,Mythology; Other Myths,,,The Link,
Spirits,Denji “spirits of arguments & quarrels”,denji-spirits-of-arguments-quarrels,,Mythology,published,,Main Universe,Mythology; Other Myths,,,The Link,
Spirits,Alundus “spirits of lies”,alundus-spirits-of-lies,,Mythology,published,,Main Universe,Mythology; Other Myths,,,The Link,
Spirits,Lundai “goddess of disputes”,lundai-goddess-of-disputes,,Mythology,published,,Main Universe,Mythology; Other Myths,,,The Link,
Spirits,Karma “god of karma and lawfulness”,karma-god-of-karma-and-lawfulness,,Mythology,published,,Main Universe,Mythology; Other Myths,,,The Link,
Spirits,Nancyje “spirits of ruin”,nancyje-spirits-of-ruin,,Mythology,published,"Opeka “god of memory loss, concealment, & forgetfulness”",Main Universe,Mythology; Other Myths,,,The Link,
Spirits,Hello Spirits,hello-spirits,,Mythology,published,"Rank: Banished spirits

Spirits with no recorded moments throughout their lives. They are happy and gentle spirits that appear to always smile and say hello in three different distinct tones. Restrained in Japan by Japanese witches during the 3rd dynasty because of a mysterious plague that the Hello Spirits once brought to the now Tokyo.",Main Universe,Mythology; Other Myths,,,Elitsyian Gods,
Spirits,Centuries,centuries,,Mythology,published,"Rank: Guardians of the home

Lonely spirits that haunt homes with new families. These spirits are of young women who died unexpectedly and tragically. Kind with whispering voices, these spirits are beautiful young women with long white and silver hair. Although, they live in the houses haunting them, they care deeply for the residents of the houses granting them with protection from supernatural forces. Centuries are capable of beautifying homes, cause gardens to blossom, cook, clean, and appear to children.",Main Universe,Mythology; Other Myths,,,Elitsyian Gods,
SunMoonGods,Pupu,pupu,,Mythology,published,"Rank: Sun God

Pupu was a minor Sun God with a lower bodies half of a tiger. He drives the major Sun God, Ohn's chariot.",Main Universe,Mythology; Gods and Goddesses,,,Sun Gods,
SunMoonGods,Con,con,,Mythology,published,"Rank: God of Light

Con God of Light and father to Mel. Both beautiful and benevolent, this deity had no shame and very little anger. His main mission was to present light to the gods but he fell in love with mankind that he presented them with the first fire and thus came light. Ohn is his often companion and visa versa. For his gift of light to mankind first, the gods punished him by binding him to a rock with chains forged by Volkanos and his own gift burned him alive. At the dawn of each day he would return to life and light shined on Earth called dawn and Ohn awoke bringing the sun across the sky. To rescue his companion, Ohn took the fireball that ate away at the god each night and directed toward the heavens. This was the first sign of Mostibik to mankind. Con created The Lights out of his urine and blessed them with the knowledge of the universe. In many but not all myths concerning the deity, Con is a member of the High Council and serves as its active leader.",Main Universe,Mythology; Gods and Goddesses,,,Elitsyian Gods; High Council,
SunMoonGods,Sole,sole-mythology,,Mythology,published,"Rank: Caregiver of the Sun

Sole caregiver of the sun uses her shield to reflect the sun's light onto the Earth. Seen driving a shining chariot carrying the sun in a sparkling basket, she was only worship on the Islands of Lostasia where Ohn was a minor Sun God and drove Sole's magical chariot.",Main Universe,Mythology; Gods and Goddesses,,,Valkens,
SunMoonGods,Muanda,muanda,,Mythology,published,"Rank: Goddess of the Horizon

Muanda was the minor goddess of the Horizon. She was daughter to Seltice born from her dead skin. By the time she was in her teens she created a kingdom of light only seen between her uncle and mother's kingdoms. She appears with her father to present the day.",Main Universe,Mythology; Gods and Goddesses,,,Day Gods,
SunMoonGods,Shade,shade-mythology,,Mythology,published,"Rank: Gods of the Awakening Day
Note: Dawn, & Cool

Shade, Dawn, and Cool are the daughters to Ninirara and Il. Shade was black skinned and planted giant feathers turned trees to shield mankind from her mother's intense sun rays. Dawn awoke every morning after her brother “the moon” went to sleep, she awoke her mother to begin day. Dawn was also referred as to represent the inevitability of death. Cool was made of ice and whenever she closed in on something it grew colder and when she backed from it warmed up.",Main Universe,Mythology; Gods and Goddesses,,,,
SunMoonGods,Shade,shade-2,,Mythology,published,,Main Universe,Mythology; Gods and Goddesses,,,Shade,
SunMoonGods,Dawn,dawn,,Mythology,published,,Main Universe,Mythology; Gods and Goddesses,,,Shade,
SunMoonGods,Cool,cool,,Mythology,published,,Main Universe,Mythology; Gods and Goddesses,,,Shade,
SunMoonGods,Night,night,,Mythology,published,"Rank: Goddess of the Stars

Night was Goddess of the Stars and with her name come her story. She lived on the brightest star and from it she threw smaller stars down to please her followers on Earth. Her beauty was greater than others and to keep her safe from all else her parents Ohn and Muanda placed her in the sky with her hair the night sky and left eye the moon. Her right eye was the horizon and her beautiful shining dress was the stars.",Main Universe,Mythology; Gods and Goddesses,,,Moon Gods,
SunMoonGods,Lena,lena,,Mythology,published,"Rank: Goddess of the Eclipse

Lena daughter to Night and the mortal astrologer Mint. Lena is Goddess of the Eclipse and with her mother greets Ohn on his journey at the toward of dawn and night. Although a minor moon goddess, Lena is a powerful deity seen with an owl's head. She helps give birth to crickets, owls, and totem poles all are which assist her in bringing the night.",Main Universe,Mythology; Gods and Goddesses,,,Moon Gods,
SunMoonGods,Otsleep,otsleep,,Mythology,published,"Rank: Representation of the Moon

Otsleep is the Moon that settles over the Four Corners, he is son to Ninirara and brother to Shade, Dawn, and Cool. His body is the moon and his heart the sun which his mother's carries with her everywhere. He was born sick after receiving a kiss from his father which was said to be lethal. He then died but his heart and body was preserved to create the sun and moon and his voice is the morning breath and his eyes are the stars at night.",Main Universe,Mythology; Gods and Goddesses,,,,
UnderworldGods,Bewithia,bewithia,,Mythology,published,"Rank: Goddess of witchcraft, magic, protection, the arts, & poison

Bewithia was the daughter to Montum alone and with his help she raised several demons to attack the gods. Unlike her father, Bewithia didn't want ultimate power but independence so she shared the likeness of mankind who thought their time with the gods was over and wanted separation from them. So Bewithia, Goddess of Magic, Protection, Witchcraft, the Arts, and Poison gave the world a chance to prove them. With these tests they would prove to be independent thinkers, inventors, great fighters, and formidable foes to other entities. Born from rotten thorns and poisonous water of the underworld, Bewithia is no stranger to being unlike by her brethren so she took her stay with the mortals on Earth being their ever watching medicine woman and guide. In many tales, Bewithia is also considered a trickster and the Elitsyian female version to Loki of Norse Mythology, where she is depicted as being young, deceiving, and very beautiful. Most men while in her youthful form are immediately attracted to her and vulnerable to her spells. In Chapter 5 she becomes one of the main villains to the Justice Knights.",Main Universe,Mythology; Gods and Goddesses,,,Elitsyian Gods; Underworld Gods,
UnderworldGods,Zone`,zone,,Mythology,published,"Rank: Ferryman of the Underworld

Zone` is the boatman that delivers the dead across the river of Zys in the underworld. It is said that if the family of the deceased left behind fruit or gold in the mouth of the dead that their spirits made it across the river into the afterlife. If they however didn't leave an offering to Zone, they would roam the gates of the underworld for eternity as ghosts. Born from the earwax of Sanolli, Zone is not a Valken like his mother but a skeletal man with torn clothing that was originally an offering left for him.",Main Universe,Mythology; Gods and Goddesses,,,Underworld Gods,
UnderworldGods,Zys,zys,,Mythology,published,"Rank: God of the Zys River

Zys minor God of the Zys river. His beard became the very river that connects the world of the living with that of the dead. His eyes were the two moons that overlook the underworld. Born from Valkens, Zys came with no history just appeared entirely at the edge of the underworld.",Main Universe,Mythology; Gods and Goddesses,,,Underworld Gods; Water Gods,
UnderworldGods,Onur,onur,,Mythology,published,"Rank: God of Spirits & the Spiritland

Onur the Lesser God of Spirits and the Spiritland is the most loved child of Montum standing as his second in command if he was to ever leave the underworld for to long. In some stories, Onur took a mortal name as Zon and appeared in traditions as a Prisoner “protector of magic”. He once fought Kanos in struggle over the Earth's safety, Onur (Zon) although not evil didn't care much for humanity and thus thought it best for all living things to cease to exist. In one story, Zon took control over the underworld but because of its dark apperance he took for the land of the living. After being above ground for centuries, Zon grew passionionate for mankind and protected it from members of his father's kingdom. But Montum didn't agree with his new decision and sent bounty hunters “demons” out to bring his son back to him. In his mortal state he had incredible powers but not strong enough to stand up against demons. So he invoked on the help of the Christians' Jesus to stand up against the children of HELL. This happened by asking people to stand up against the evil in the world but as the stories of history was rewritten, so was the outcome and Jesus was killed and Zon was tooken back to the underworld. Shortly after, Zon became Onur again and watched over the dead and created a world to assist spirits and or ghosts to crossover to their respected places in the afterlife. This place is known as the Astral Plane and it coexists with the mortal world. In this plane all things look as it did in the living world but only spirits roam here and all else is unknown, while spirits are here they continue to live their lives to resolve unfinished issues. There are moments where some spirits becomes ghosts and pass to the mortal world to finish unsolved issues. Those with supernatural abilities can see these entities.",Main Universe,Mythology; Gods and Goddesses,,,Underworld Gods,
UnderworldGods,Anit,anit,,Mythology,published,"Rank: God of Pain, Grief, & Misery

Anit son to Montum is God of Pain, Grief, and Misery and bore demonic offspring with the same names. Anit was a minor God of the Dead and instead of watching the dead like most others like him; he created evil emotions to taunt mankind. During the time Jessana cursed the world with emotions that have never been experienced before, Anit created Pain, Grief, and Misery and destroyed all hope to have unity on Earth again.",Main Universe,Mythology; Gods and Goddesses,,,Underworld Gods,
UnderworldGods,Anchun,anchun,,Mythology,published,"Rank: Keeper of the River of Visions

Anchun is the Keeper to the River of Visions found in the underworld. From the ancient river came the first psychic visions and prehistoric creatures that later roamed the earth. This river predates others and at both ends lays Life and Death. Anchun is modeled heavily after the Egyptians version of Osiris. Anchun's history is unknown and the Elitsyians stated that the ability to predict the future came from the gods and stories of the gods predate all else so into play came the idea that Anchun came from Yonrohs' during his youth.",Main Universe,Mythology; Gods and Goddesses,,,Underworld Gods,
UnderworldGods,Obekuwa,obekuwa,,Mythology,published,"Rank: Judge of the Dead

Obekuwa is one of the Judges of the dead, he was barbaric and a giant that served the dead. He taught rhymes and built the first labyrinth. His magical sword was founded by Kanos, which helped the god slay the 15-headed serpents.",Main Universe,Mythology; Gods and Goddesses,,,Underworld Gods,
UnderworldGods,Maniuosphateles,maniuosphateles,,Mythology,published,"Rank: Judge of the Dead

Maniuosphateles is one of the Judges of the dead, his laughter was heard in all realms and with it, and he was chosen to decide if the dead were to go to Helliholm “heaven”.",Main Universe,Mythology; Gods and Goddesses,,,Underworld Gods,
UnderworldGods,Dargerone,dargerone,,Mythology,published,"Rank: Judge over the Dead

Dargerone judge over the dead was once a tormented soul in the Underworld until his escape to Helliholm proves him worth sparing suffering. So Montum made him into a judge and gave him the power over all the elements in honor of his great escape. He also assists in the battle of Mostibik fighting on the side of Montum.",Main Universe,Mythology; Gods and Goddesses,,,Underworld Gods,
UnderworldGods,Sharda,sharda,,Mythology,published,"Rank: Demonic Goddess of Rituals & Temples

Sharda the Demonic Goddess of Rituals and Temples was daughter to Bewithia and held powerful black magic. She could easily travel from realm to realm and had no fear of those stronger than herself. With her magical bag of spells she could defend herself from the strongest of magic, even the gods invoke on her references of the Other World to assists in battles and solving mysteries.",Main Universe,Mythology; Gods and Goddesses,,,Underworld Gods,
UnderworldGods,Xshaun,xshaun,,Mythology,published,"Rank: Father of Demons & Warlocks

Xshaun Father of the Demons and Warlocks is a powerful child of Montum. His black magic caused Bewithia to fall in love with him and the two would give birth to warlocks, witches, and half of the magical community. Although feared by most he met, Xshaun created a school, Anura a place for young magical beings that wanted to learn how to control their abilities. The Elitsyians believed highly in another world opposite of theirs that was home to magical creatures that either helped them or tormented them and the birth of many magical entities come to be. He is father to Zon and pleaded to Montum to make sure his son stays alive through the Trials of Jesus even going as far as controlling the minds of the humans responsible for crucifying Jesus to kill Jesus and not him.",Main Universe,Mythology; Gods and Goddesses,,,Underworld Gods,
UnderworldGods,Isala,isala,,Mythology,published,"Rank: Mother to Dragons

Mother to Dragons lived in the debts of the underworld and served no one. Her children were slain and enslaved by thousands throughout history but every day she gives birth to more in hopes to aid in Mostibik and bring peace to her kind. Her true appearance is unknown and were she came about is also a mystery.",Main Universe,Mythology; Gods and Goddesses,,,Underworld Gods,
UnderworldGods,Dugarda,dugarda,,Mythology,published,"Rank: Spirits of Sickness & Death
Note: grim reaper

The Dugarda “Grim Reaper” similar to folklore of the Middle East, these ugly skeletal creatures floats above the ground carrying a sickle. Some haves wings and others have glowing orbs beneath. Some can even appear almost human and with one touch they can suck the life out of any living thing. One Grim Reaper called Eternity is placed at the doors of Eternity watching guard and allowing only those who are dead into Norgard. It carries a book with all the names of the dead called the Book of Name.",Main Universe,Mythology; Gods and Goddesses,,,Underworld Gods,
UnderworldGods,Cromov,cromov,,Mythology,published,"Rank: Spirit of Death

Cromov is the spirit of death. In his kingdom all souls of the dead are judged and enter their respected places in the afterlife. He controls all those that enters the underworld and from his dark magic comes the elements of the world. Cromov was also an elder druid that could predict the future and he wrote down history on white scrolls and placed them in a vault in his chambers. He was father of the bringers of Eternata.",Main Universe,Mythology; Gods and Goddesses,,,,
UnderworldGods,Bringers of Eternata,bringers-of-eternata,,Mythology,published,"Rank: Bringers of the Apocalypse

Bringers of Eternata was the 10 demons that plague stories since the first prediction was made. They are ancient spirits that existed long before the first civilization but shortly after the birth of man these spirits awoke from the ground and threatened to bring forth the Apocalypse. Since then man had told stories and made prophecies of the end of the world starting with the appearance of these spirits.",Main Universe,Mythology; Gods and Goddesses,,,,
UnderworldGods,The Bana Woman,the-bana-woman,,Mythology,published,"Rank: Goddess of the Underworld

The Bana Woman was a fat old black skinned woman that in one had held a magical stick that when touching the ground awoke the shadows in which she also commanded. And in the other hand she held one of her eyes which could see the future and look into people's souls. She was associated with black magic and death. The Iku thought her to be their Goddess of the Underworld. She was a haggish old witch whose magic was more ancient than the Iku's island. She lived deep in the darkest part of the Black Forest surrounded by giant griffins that protected her and her land.",Main Universe,Mythology; Gods and Goddesses,,,,
UnderworldGods,Osus,osus,,Mythology,published,"Rank: God of the Afterlife

Osus invented a system that weighed the dead to see where they went in the afterlife. Although there were three judges who decided this, his judgment would be more important especially in circumstances where the judges couldn't present a decision. This half dog half cat god resembled the Egyptians God of the Underworld, Anubis. Osus was God of the Afterlife and resided over the underworld whenever Montum left to join the gods in Lium.",Main Universe,Mythology; Gods and Goddesses,,,Underworld Gods,
UnderworldGods,Hepti Apocalypse,hepti-apocalypse,,Mythology,published,"Rank: 4 Horseman of the Apocalypse

Hepti Apocalypse is the name used to describe the Elitsyians version of the Apocalypse. Hepti meant “end” and so be the end of time when these creatures are seen. They represent Famine, War, Pestilence, and Death and are seen as the black horsemen riding through the underworld spreading their devilish magic. Famine brought drought, war brought destruction, pestilence brought pain and suffering, and death brought the obvious “death”. They were sealed away in Heaven long ago and are said to be released alongside Belckus at the end of Time.",Main Universe,Mythology; Gods and Goddesses,,,Underworld Gods,
UnderworldGods,Famine,famine,,Mythology,published,,Main Universe,Mythology; Gods and Goddesses,,,Hepti Apocalypse,
UnderworldGods,War,war,,Mythology,published,,Main Universe,Mythology; Gods and Goddesses,,,Hepti Apocalypse,
UnderworldGods,Pestilence,pestilence,,Mythology,published,,Main Universe,Mythology; Gods and Goddesses,,,Hepti Apocalypse,
UnderworldGods,Death,death,,Mythology,published,,Main Universe,Mythology; Gods and Goddesses,,,Hepti Apocalypse,
UnderworldGods,Vic,vic,,Mythology,published,"Rank: Goddess of Shadows & Panic

Vic shared the same body with her brother Con until they were separated. For the time that they were together, the world had light with shadows. Vic Goddess of Shadows and Panic had very little worship almost to the point of her own existence disappearing in later stories. Victory and Vicious derived from her name. Vic sometimes assists Nextis on his many battles.",Main Universe,Mythology; Gods and Goddesses,,,Underworld Gods,
UnderworldGods,Shiles,shiles,,Mythology,published,"Rank: Mother of the Harpies, First Vampire, Vampire Queen

Shiles Mother of the Harpies was the original harpy queen until she was given a soul by a gypsy and shortly after she was made into the first vampire. Upon her arrival on Earth she had a ledge of vampires and was given the title as the Queen of Vampires. In modern times she has the power to lay eggs that can hatch full grown vampires and harpies.",Main Universe,Mythology; Gods and Goddesses,,,Underworld Gods,
UnderworldGods,Ubfu,ubfu,,Mythology,published,"Rank: King of the Underworld

Once loved by a witch named Sinsara, she betrayed him and turned him into a zombie. While drifting into the underworld, Ubfu fought many members of the dead, slowly becoming a vengeful warrior. Ubfu would then meet with the previous King of the Underworld, the two fought and then he killed him in a blind rage. This act allowed Ubfu to become the new King of the Underworld and ruler over the growing zombie population.",Main Universe,Mythology; Gods and Goddesses,,,Underworld Gods,
UnderworldGods,Sinsara,sinsara,,Mythology,published,"Rank: Witch & Renowned Priest of the Dead

A powerful witch that often goes to the above world to steal souls for the leaders of the underworld. She was the one responsible for Ubfu’s becoming a zombie.",Main Universe,Mythology; Gods and Goddesses,,,Underworld Gods,
UnderworldGods,Nasha,nasha,Spirit,Mythology,published,"Rank: Means spirit in Elitsyian

When a human soul dies, the energy that is left retains the memories, emotions, and physical appearance of when they were alive. This allows them to become a spirit or a Nasha in Elitsyian.",Main Universe,Mythology; Gods and Goddesses,,,Underworld Gods,
UnderworldGods,Greever,greever,Ghost,Mythology,published,"Rank: Ghost in Elitsyian

If a Nasha or spirit can interact with the living world or leaves the Astral Plane. It becomes a Greever or commonly known as a ghost. It has transparent abilities along with the power to take control of a living host, change their appearance, limited telepathy, and telekinesis.",Main Universe,Mythology; Gods and Goddesses,,,Underworld Gods,
UnderworldGods,Will-O-Wisps,will-o-wisps,,Mythology,published,"Rank: Guide of Souls

Small floating spirits that take the form of little children playing and laughing. When someone hears their laughter, that would mean that the person is near death. When someone sees them, it means they are already dead. Will-O-Wisps are powerful beings that can cast away dark spirits and demons, they were the creators of the original demon binding spells later perfected by Mages. Will-O-Wisps are also guides of the dead to Onur “the Underworld”.",Main Universe,Mythology; Gods and Goddesses,,,Underworld Gods,
UnderworldGods,Zolrick “Haunting Dog”,zolrick-haunting-dog,,Mythology,published,"Rank: Protector of Graveyards

A black dog that protects graveyards and haunts churches. It eats evil souls and loves bones from recently deceased living creatures. Although humans only see these creatures when they are either near death or experience death, these creatures are usually invisible to humans.",Main Universe,Mythology; Gods and Goddesses,,,Underworld Gods,
UnderworldGods,Necromancers,necromancers,,Mythology,published,"Mages that can resurrect the dead. Necromancers are powerful mages, descendants of Druids. Although many Necromancers are often looked down upon by other mages, their magic are also banned by the High Council.",Main Universe,Mythology; Gods and Goddesses,,,Underworld Gods,
UniversalBeings,High Council,high-council,,Mythology,published,"Rank: Parents of Angels

The High Council are powerful mages appointed by their respective magical races to define order, authority, and laws amongst the magical universes. In the High Council’s earliest days, they were formed by the Domi Mages to bring ordnance to magic in hopes that it doesn’t go unchecked as it continues to grow.",Main Universe,Mythology; Other Myths,,,Angels of Heaven,Light; Healing; Telepathy
UniversalBeings,Domaedians,domaedians,,Mythology,published,"Rank: Angels of Heaven

Ultimate Power protested that they stay far away from all else as they were precious. So, the Domaedians removed themselves from this time, but so history would remember their presence their light could be seen even thousands of years later as stars in the night sky. Domaedians were thousands of angels that the Elitsyians believed live among them. But unlike angels, they were more warrior than human like beings with wings. Most had armor and protected an individual as somewhat of a guardian these were called Protectors. Others were those that sung the All Powerful's every word to all of creation and they were the Supreme Justice. And there were many guide and watch over several species in the world. They were one of the first creations of Elshack.",Main Universe,Mythology; Other Myths,,,Angels of Heaven,Light; Healing
UniversalBeings,Ho’zares,hozares,,Mythology,published,"Rank: Authority over Existence

Created by the Ultimate Good during the birth of the good and evil in the new Universe. They live high above all else watching and providing laws throughout the universe. Their many children range from the Almighties, Domaedians, High Council and some of the most well-known siblings include Belckus. Because of their all-watchful nature, many beings fear them and would rather face death then to meet even one Ho'zare. All powerful they collectively can recreate or destroy all existence and even had the power to overthrow and imprison their bretren Belckus. The Ho'zares home is somewhere near the Ultimate Power kingdom in the highest level of Helliholm.",Main Universe,Mythology; Other Myths,,,Elitsyian Gods,
UniversalBeings,Primordial Ones,primordial-ones,,Mythology,published,"Rank: Creator Gods

Primordial Ones are all powerful angels with six wings. Often called Seraphs, Primordial Ones were called upon to create the features of the Universe by the Ultimate Power. When in their youth, the Ho’zare grew jealous of their beauty and power and attempted to destroy them with his own creations that rivaled their power, the Belki.",Main Universe,Mythology; Other Myths,,,Elitsyian Gods,
UniversalBeings,Vantiside,vantiside,,Mythology,published,2nd oldest of the Primordial Ones and often High Authority figure amongst them.,Main Universe,Mythology; Other Myths,,,,
UniversalBeings,Crea,crea,,Mythology,published,"Created the first known fire spark, land like substance, and air to breathe and from her creations all else would be created",Main Universe,Mythology; Other Myths,,,,
UniversalBeings,Xandromeika,xandromeika,,Mythology,published,"Holder of the Book of Elite, writes in it at all times to foretell all events",Main Universe,Mythology; Other Myths,,,,
UniversalBeings,Zegus,zegus,,Mythology,published,"Older than Yonrohs, however younger than his other siblings, often jokster and can bend reality to his will",Main Universe,Mythology; Other Myths,,,,
UniversalBeings,Rifordus,rifordus,,Mythology,published,"Gave birth to Yosubut, Yonroh’s bestfriend, it is believed that he killed Yosubut by causing him to vanish because of his friendship with Yonrohs",Main Universe,Mythology; Other Myths,,,,
UniversalBeings,Wonderus,wonderus,,Mythology,published,"The middle child, Wonderus created the first star and later went to create the various stars like Suns.",Main Universe,Mythology; Other Myths,,,,
UniversalBeings,Ashilakeruh,ashilakeruh,,Mythology,published,"The eldest of the Primordial Ones, holds all knowledge of Alternate Realities",Main Universe,Mythology; Other Myths,,,,
UniversalBeings,Bamrupnus,bamrupnus,,Mythology,published,Created souls and life essences found in all living and sometimes dead beings,Main Universe,Mythology; Other Myths,,,,
UniversalBeings,Quadus,quadus,,Mythology,published,"Assisted in creating the planets and alongside the gods provided them with life, he is the 3rd oldest Primordial One",Main Universe,Mythology; Other Myths,,,,
UniversalBeings,Neifide,neifide,,Mythology,published,"Only Primordial One that adores Yonrohs especially as a king, believing he is worthy of the thrown. Neifide also assisted in creating and shaping the various worlds and was the primary in deciding how the worlds would look and exist.",Main Universe,Mythology; Other Myths,,,,
UniversalBeings,Fromithcis,fromithcis,,Mythology,published,"Created the first known water like element, of which all water and aquatic life gets it start is from his chalice",Main Universe,Mythology; Other Myths,,,,
UniversalBeings,The Powers,the-powers,,Mythology,published,"Rank: Ancient Powerful Deities

The Powers were ancient creatures that appeared as little children clothed with white and black garments that concealed their true forms. The Peon People believed that everyone on Earth had a similar spirit that each could control some force of element found on Earth. They built a temple so far in the sky that no human could reach it, in its center lied a room of white. In the center of the room was the world projected as a viewing globe and all fate was controlled here. They took neither the side of good nor evil and stood neutral as a balance power. The Powers were created by the Domi Mages to serve as authority figures in their absence.",Main Universe,Mythology; Other Myths,,,Island of Peon People Legends,
UniversalBeings,Granjun,granjun,,Mythology,published,"Rank: Immortal Dragon

Granjun was the longest creature in Elitsyian Mythology. Its body could wrap around the entire universe in one stretch. Its head was that of a lion with whiskers and many of its dragons had similar appearances. It had several arms and legs on its long body and unlike most dragons in Elitsyian Mythology he had no wings but could gradually float high above all else. His scales if churned the right way could grant invincibility and if mixed with water could grant immortality. With its saliva could grant someone invisibility and the stardust from its eyes gave it magical abilities. Because it was so long and powerful it hid in the high heavens and lived amongst the high council of the Domaedians.",Main Universe,Mythology; Other Myths,,,Elitsyian Gods,
UniversalBeings,Vigrestia,vigrestia,,Mythology,published,"Rank: Member of the High Council

Vigrestia the cloaked god. He is also called Destiny and his son is Jonun and grandchildren are the Groners “decider's of Fate and Destiny”. His wife at one time was Crienta but because of their status they kept it a secret. Vigrestia had several forms and usually took the form of animals mostly because they were trusted and most animals protected mankind and dreams. With his many disguises he was always remembered as a funny old man with great knowledge. He was one of the wise and most memorable members of the High Council.",Main Universe,Mythology; Other Myths,,,High Council,
UniversalBeings,Saji,saji,,Mythology,published,"Rank: Creator of the Cosmos

Saji was the great Creator of the Cosmos, because his brother took more of an active role his authority and name got lessen. With his hand he could emit bright light that could destroy worlds, with his breath he could bring the dead back to life, and with his true name the reader could become immortal. His true name was Sajibeth “Htebijas” had to be said three times in order to receive complete immortality. He is the son of the Primordial Ones Bamrupus",Main Universe,Mythology; Other Myths,,,Elitsyian Gods,
UniversalBeings,Y’brukahs,ybrukahs,,Mythology,published,"Rank: Benevolent Spirits

Powerful spirits that live near the Y’soborus the mythical tree that provides powers to angels, gods, etc. Magic to witches, elves, etc. and spins the universe in a spiral. They are massive sized beings only seen by Yonrohs upon his birth. They were created during the time of the Domi Mages and have existed since before time when the angels were young and before the gods. The only thing that can kill them is power from the Y’soborus.",Main Universe,Mythology; Other Myths,,,Domi Mages,
UniversalBeings,The Asrai,the-asrai,,Mythology,published,"Rank: Collective gods of the 7 continents

The Asrai were devine deities and youngest children to the Primordial Ones and younger siblings to the Royal Circa of Elitsyian Gods. They can be seen in paintings along the walls of many Elitsyia Temples as patron deities whom sat at the Royal Circa’s table but often as deciding factors when the main deities failed to provide a decision. Each dedicated a piece of massive land to other cultures and thus brought forth competition for Elitsyia and its gods. For this, they were banished to another dimension believed to only be able to speak to their respective race for periods when the dimensional veils were their weakest.",Main Universe,Mythology; Other Myths,,,Primordial Ones,
UniversalBeings,Amentia,amentia,,Mythology,published,Was the patron of America and presented herself with a large bear like creature of which she can be seen riding. She is Goddess of the Stars and of Collective Order. She gave birth to the many deities and cultures that was born within the North American continent.,Main Universe,Mythology; Other Myths,,,,
UniversalBeings,Amenitius,amenitius,,Mythology,published,Brother to Amentia and her husband. He is God of Traditions and Culture. With him came forth the south American continent and its many deities and cultures. He believed that every homeland should have a tradition to set rules and examples of who they were.,Main Universe,Mythology; Other Myths,,,,
UniversalBeings,Racen,racen,,Mythology,published,"God of Race, Scripture, and Belief. His prime belief was that the world should be separated from each other and each nation should battle with each other for rule. He created the European cultures and the deities that live there including started the myths of Roman, Greek, and Nordic.",Main Universe,Mythology; Other Myths,,,,
UniversalBeings,Copia,copia,,Mythology,published,"Goddess of Prestige, Command, and Royalty. She granted the home of Asia to many and any race including those of other lands. She gave them their own deities and allowed them to produce their own cultures without her example.",Main Universe,Mythology; Other Myths,,,,
UniversalBeings,Lord Repsis,lord-repsis,,Mythology,published,God of African Culture and Spiritual Guidance. A dark tone deity with a large shattering voice. His body laid the land for Africa and its surrounding islands while his voice inspired their deities and cultures. His greatest product was the Egyptian gods of which he fathered before his banishment.,Main Universe,Mythology; Other Myths,,,,
UniversalBeings,Royal Cenias,royal-cenias,,Mythology,published,"The high ocean God. He befriended a young Crochen and taught the god how to use water as a weapon and as an ally for his growing magic. He fathered Oceania and its cultures. Although his deities of this continent was in smaller status, he still marched them to victory during the reign of the gods before Mostibik. He was the only deity that didn’t get banished.",Main Universe,Mythology; Other Myths,,,,
UniversalBeings,Anarcia,anarcia,,Mythology,published,"Goddess of the Cold, Hunt, and lands. She was ill tempered and had a icy persona. She graced the ground which turned it to ice and destroyed many homes on a once beautiful landscape. She gave birth to the Arctic, Prehistoria, and Antarctic locations.",Main Universe,Mythology; Other Myths,,,,
UniversalBeings,Akuma,akuma,,Mythology,published,"Rank: Heaven’s Beast

Also known as the Heaven’s Beast. Akuma was created by the Ultimate Power (GOD) to assist in defeating CHAOS and the Leviathans. When the Akuma became untamable, it was banished to the furthest corner of existence. Ever since, it has been eating away at creation until it came across Kendo Lazaron and took advantage of his powerful psychic powers thus becoming corporal again. It was later defeated for good when good and evil joined forces with Heaven and Hell. Akuma-dae were named after this creature because they share its ability to kill heavenly beings.",Main Universe,Mythology; Other Myths,,,Ho’Zares; The Ultimate Power,
Valkens,Sanolli,sanolli,,Mythology,published,"Rank: First wife to Dreggizune

Sanolli was Dreggizune first wife and gave birth to all giants and from her rib cage came forth the underworld. Created shortly after Dreggizune took control over the lower world, her inner body was given the kingdom of Montum and thus her almost complete ruler over the dead as stated in early text. Sanolli was the original Goddess of the Dead and Queen of the Underworld. Her appearance was almost entirely that of a heavy weight woman with several arms and legs and 9 breasts. Her two mouths are the entrances to the underworld. From her breasts milk came the many rivers and water base places of the underworld. From her earwax came the boatman that delivers the dead into the underworld.",Main Universe,Mythology; Other Myths,,,Valkens,
Valkens,Kouichim,kouichim,,Mythology,published,"Rank: Caregiver of the Moon

Kouichim the caregiver of the moon laid the egg that would produce the moon. He is seen carrying it across the sky after his sister; Sole finished her trip across the sky in the opposite way. The two twins almost never met and until an eclipse would never know each other existed. Only worshiped on the Islands of Lostasia, Kouichim is the most important Moon Deity there and temples are built in his honor.",Main Universe,Mythology; Other Myths,,,Valkens,
Valkens,Moluck,moluck,,Mythology,published,"Rank: Personifications of the Elements

Moluck are several giants of fire, ice, rock, and wind that assisted Montum and Dreggizune in the Final Battle against the gods. Their only major contributions would be one gave mankind the first taste of heat, another the first taste of wind, and the other gave birth to the first rock and stone.",Main Universe,Mythology; Other Myths,,,Valkens,
Valkens,Fire Valken,fire-valken,,Mythology,published,,Main Universe,Mythology; Other Myths,,,Moluck,
Valkens,Rock Valken,rock-valken,,Mythology,published,,Main Universe,Mythology; Other Myths,,,Moluck,
Valkens,Wind Valken,wind-valken,,Mythology,published,,Main Universe,Mythology; Other Myths,,,Moluck,
Valkens,Water Valken,water-valken,,Mythology,published,,Main Universe,Mythology; Other Myths,,,Moluck,
Valkens,The Honseities,the-honseities,,Mythology,published,"Rank: Warrior Goddesses

The Honseities are warrior goddesses that train and prepare soldiers for the Final Battle. They represent strength, courage, agility, nobility, intelligence, and other great aspects. They are giants with skin as hard as armor with hair that protects the Earth from the wrath of the gods.",Main Universe,Mythology; Other Myths,,,Valkens,
Valkens,Gogulush,gogulush,,Mythology,published,"Rank: Dark Giant

Gogulush a dark giant that exists in the darkest place in the underworld. Hating the light, this giant is said to swallow the sun and moon at the end of time, sending all into eternal darkness. He travels through the shadows and rides on giant hound dogs that screams turns the world each day.",Main Universe,Mythology; Other Myths,,,Valkens,
Valkens,Conil,conil,,Mythology,published,"Rank: Creator of Current Day Earth

Conil was once born from the ashes of the first world, he would mold the second in hopes to better than the first. From the bones of the fallen Gods, Angels, Demons, and Valkens came the lands, from their blood came the rivers, seas, lakes, ponds, and oceans. From Dreggizune and Crienta's eyes came the suns and moons and from their teeth came the gates that protected the land of the living from that of the dead. With their skin the Heavens and HELL were created. With their hair came trees and plants and with their fingernails came the new race of humans and animals. Conil would then rule over the Heavens and from his urine came the new balance of good and evil gods. His saliva gave birth to demons that roam HELL and torment the souls of those who have been bad in their lives. His navel sat the magical world where magical deities and creatures roam and live side by side with Earth. He planted a tree from his penis and from it hanged the many worlds and on its roots were the underworld and HELL. His nipples were thousands of stars and from them gave birth to angels again called Domaedians and above them were no stronger force.",Main Universe,Mythology; Other Myths,,,Valkens,
Valkens,Zyinifir,zyinifir,,Mythology,published,"Rank: Guardian of the Heavens

Zyinifir' guardian of the Heavens, he betrayed the Valkens during the Mostibik after realizing they were all to die and thus survived the battle. During the new legion now a mortal with Abnormal strength protects the bridges leading to life, eternity, the underworld, and oblivion, Moed “bridge to Eternity” and Boei “bridge between life and the underworld”.",Main Universe,Mythology; Other Myths,,,Valkens,
Valkens,Nyxix,nyxix,,Mythology,published,"Rank: Mother of Earthbound Animals

Nyxix is mother to earthbound animals, beasts, and creatures of the new world. She was one of 5 Valkens that survived Mostibik. After she was spared by Conil, Nyxix gave birth to earthbound animals and lived among humans teaching them of their forgotten history. It is told that she inspired the first myth, fairytale, and dream.",Main Universe,Mythology; Other Myths,,,Valkens,
Valkens,Valken Holdrum,valken-holdrum,,Mythology,published,"Rank: 56 giants of the Valkens

The Valkens Holdrum contains lesser known giants, there are over 56 Valkens that live in this hideous place and almost all played a role in Mostibik on the side of their father Dreggizune and mother Sanolli.",Main Universe,Mythology; Other Myths,,,Valkens,
Valkens,Cronir,cronir,,Mythology,published,,Main Universe,Mythology; Other Myths,,,Valken Holdrum,
Valkens,Venir,venir,,Mythology,published,,Main Universe,Mythology; Other Myths,,,Valken Holdrum,
Valkens,Mosche,mosche,,Mythology,published,,Main Universe,Mythology; Other Myths,,,Valken Holdrum,
Valkens,Ae,ae,,Mythology,published,,Main Universe,Mythology; Other Myths,,,Valken Holdrum,
Valkens,Kite,kite,,Mythology,published,,Main Universe,Mythology; Other Myths,,,Valken Holdrum,
Valkens,Loku,loku,,Mythology,published,,Main Universe,Mythology; Other Myths,,,Valken Holdrum,
Valkens,Moketeite,moketeite,,Mythology,published,,Main Universe,Mythology; Other Myths,,,Valken Holdrum,
Valkens,Prote,prote,,Mythology,published,,Main Universe,Mythology; Other Myths,,,Valken Holdrum,
Valkens,Broshuck,broshuck,,Mythology,published,,Main Universe,Mythology; Other Myths,,,Valken Holdrum,
Valkens,Prododunce,prododunce,,Mythology,published,,Main Universe,Mythology; Other Myths,,,Valken Holdrum,
Valkens,Reding,reding,,Mythology,published,,Main Universe,Mythology; Other Myths,,,Valken Holdrum,
Valkens,Vore,vore,,Mythology,published,,Main Universe,Mythology; Other Myths,,,Valken Holdrum,
Valkens,Calont,calont,,Mythology,published,,Main Universe,Mythology; Other Myths,,,Valken Holdrum,
Valkens,Holsund,holsund,,Mythology,published,,Main Universe,Mythology; Other Myths,,,Valken Holdrum,
Valkens,Roduche,roduche,,Mythology,published,,Main Universe,Mythology; Other Myths,,,Valken Holdrum,
Valkens,Rek,rek,,Mythology,published,,Main Universe,Mythology; Other Myths,,,Valken Holdrum,
Valkens,Omon,omon,,Mythology,published,,Main Universe,Mythology; Other Myths,,,Valken Holdrum,
Valkens,Make,make,,Mythology,published,,Main Universe,Mythology; Other Myths,,,Valken Holdrum,
Valkens,Deliver,deliver,,Mythology,published,,Main Universe,Mythology; Other Myths,,,Valken Holdrum,
Valkens,Onyx,onyx,,Mythology,published,,Main Universe,Mythology; Other Myths,,,Valken Holdrum,
Valkens,Kontin,kontin,,Mythology,published,,Main Universe,Mythology; Other Myths,,,Valken Holdrum,
Valkens,Desti,desti,,Mythology,published,,Main Universe,Mythology; Other Myths,,,Valken Holdrum,
Valkens,Non,non,,Mythology,published,,Main Universe,Mythology; Other Myths,,,Valken Holdrum,
Valkens,Rest,rest,,Mythology,published,,Main Universe,Mythology; Other Myths,,,Valken Holdrum,
Valkens,Plum,plum,,Mythology,published,,Main Universe,Mythology; Other Myths,,,Valken Holdrum,
Valkens,Ho,ho,,Mythology,published,,Main Universe,Mythology; Other Myths,,,Valken Holdrum,
Valkens,Risk,risk,,Mythology,published,,Main Universe,Mythology; Other Myths,,,Valken Holdrum,
Valkens,Settle,settle,,Mythology,published,,Main Universe,Mythology; Other Myths,,,Valken Holdrum,
Valkens,Oldin,oldin,,Mythology,published,,Main Universe,Mythology; Other Myths,,,Valken Holdrum,
Valkens,Frejy,frejy,,Mythology,published,,Main Universe,Mythology; Other Myths,,,Valken Holdrum,
Valkens,Hejy,hejy,,Mythology,published,,Main Universe,Mythology; Other Myths,,,Valken Holdrum,
Valkens,Keyj,keyj,,Mythology,published,,Main Universe,Mythology; Other Myths,,,Valken Holdrum,
Valkens,Jodune,jodune,,Mythology,published,,Main Universe,Mythology; Other Myths,,,Valken Holdrum,
Valkens,Brexistence,brexistence,,Mythology,published,,Main Universe,Mythology; Other Myths,,,Valken Holdrum,
Valkens,Telippirfi,telippirfi,,Mythology,published,,Main Universe,Mythology; Other Myths,,,Valken Holdrum,
Valkens,Pixusus,pixusus,,Mythology,published,Was a 7 headed dragon giant that guarded part of the Valken Holdrum.,Main Universe,Mythology; Other Myths,,,,
Valkens,Veruzx,veruzx,,Mythology,published,"Father to Pixies, Elves, and Diins “genie like demons”",Main Universe,Mythology; Other Myths,,,,
Valkens,Prifire,prifire,,Mythology,published,"Wife to Veruzx, she mothered Pixies, Elves, and Diins.",Main Universe,Mythology; Other Myths,,,,
Valkens,Dagadon,dagadon,,Mythology,published,Mountain Giant,Main Universe,Mythology; Other Myths,,,,
Valkens,Redix,redix,,Mythology,published,River Giant,Main Universe,Mythology; Other Myths,,,,
Valkens,Solmus,solmus,,Mythology,published,Guardian of the Gates of Time,Main Universe,Mythology; Other Myths,,,,
Valkens,Host,host,,Mythology,published,Guardian of the land of dreams,Main Universe,Mythology; Other Myths,,,,
Valkens,Simen,simen,,Mythology,published,"Part of the Viginir race, had the body of a wolf, coyote, lion, and vulture",Main Universe,Mythology; Other Myths,,,,
Valkens,Colspur,colspur,,Mythology,published,"Part of the Viginir race, brought day and night by running around the world",Main Universe,Mythology; Other Myths,,,,
Valkens,Digience,digience,,Mythology,published,"Part of the Viginir race, ate the rotten corpse of criminals and would wear their blood in a vile around its neck.",Main Universe,Mythology; Other Myths,,,,
Valkens,Nel,nel,,Mythology,published,"Part of the Viginir race, twin sister to Mel'",Main Universe,Mythology; Other Myths,,,,
Valkens,Mel,mel-mythology,,Mythology,published,"Part of the Viginir race, twin brother to Nel'",Main Universe,Mythology; Other Myths,,,,
Valkens,The ifisick,the-ifisick,,Mythology,published,"One of the biggest and deadliest creature of Elitsyian Myths, Protector of the Valken Holdrum.",Main Universe,Mythology; Other Myths,,,,
Valkens,The Boken,the-boken,,Mythology,published,The sand giant with no facial features,Main Universe,Mythology; Other Myths,,,,
Valkens,Born Se'd,born-sed,,Mythology,published,Demonic reincarnation of Born',Main Universe,Mythology; Other Myths,,,,
Valkens,Erroled,erroled,,Mythology,published,"Priestess of the Valken Holdrum, she predicted their futures and thus knew of their violent deaths. She was too killed off.",Main Universe,Mythology; Other Myths,,,,
Valkens,Ick,ick,,Mythology,published,The rainbow giant that was the kindness of the Valkens would give the world rainbows and protection from the shadows.,Main Universe,Mythology; Other Myths,,,,
Valkens,Tantal,tantal,,Mythology,published,"Made of lava and ice and smelled of bones, blood, and rotten organs of the dead ate spirits and slept for centuries.",Main Universe,Mythology; Other Myths,,,,
Valkens,Onzungee,onzungee,,Mythology,published,"A giant vapor with only a voice, it spoke only to the Valkens and was their strategic mind. With its knowledge, the Valkens at one point knew more than the gods.",Main Universe,Mythology; Other Myths,,,,
Valkens,Kox,kox,,Mythology,published,Giant fox that carved Yonrohs' organs into the many worlds and from his heart grew the many realms of gods and magical beings.,Main Universe,Mythology; Other Myths,,,,
Valkens,Gunnuapig,gunnuapig,,Mythology,published,A giant boar that ate the second world and spit out the third world which was ruled by enhanced human like beings with vast knowledge and technology that constructed the new world.,Main Universe,Mythology; Other Myths,,,,
Valkens,Warvue,warvue,,Mythology,published,"Rank: Guardian of the Wheel of Time & Fate

Warvue are 6 Giantess who guarded the Wheel of Time and Fate, like the Groners, these witch like giants were more powerful and instead of predicted time and deciding the events of mortal lives. They controlled the lives of immortals as well even the Groners. Living in a fiery realm in the Valken Holdrum, the Warvue are usually seen together making fun of everyone else. They are the first children of Yonrohs' although they are forgotten and written out of stories until after the fall of the gods. They consisted of Contessa, Seliondra, Fer, Velda, Honna, and Fate. Contessa watched and decided the fates of animals, Seliondra watched and decided the fates of plants with Fer watching and deciding fate of the immortals. Velda made the food for immortals and created realms for them too. Honna created the Wheel of Time and Fate and with it came the fate of all things which she watches closely with her 99 eyes. Fate ends all lives by predicting the outcome of all events.",Main Universe,Mythology; Other Myths,,,Valkens,
Valkens,Contessa,contessa,,Mythology,published,,Main Universe,Mythology; Other Myths,,,Warvue,
Valkens,Seliondra,seliondra,,Mythology,published,,Main Universe,Mythology; Other Myths,,,Warvue,
Valkens,Fer,fer,,Mythology,published,,Main Universe,Mythology; Other Myths,,,Warvue,
Valkens,Velda,velda,,Mythology,published,,Main Universe,Mythology; Other Myths,,,Warvue,
Valkens,Honna,honna,,Mythology,published,,Main Universe,Mythology; Other Myths,,,Warvue,
Valkens,Fate,fate,,Mythology,published,,Main Universe,Mythology; Other Myths,,,Warvue,
Valkens,Guard,guard,,Mythology,published,"Rank: Creator of Battle Fields

Guard created a war field for the gods and Valkens to fight during the final battle, as decided by the Warvue this place would be their death beds as well. Although Guard was the first slain in the battle, his memory lives on in construction and wars.",Main Universe,Mythology; Other Myths,,,Valkens,
Valkens,Latos,latos,,Mythology,published,"Rank: God of Ships

Latos is the Pirate God of Ships, son to Crochen; he is a Valken that carries the universe on the back of his boat. Although forgotten completely this giant deity lives outside of all and knows all, existing outside the Final Battle he had no effect on its outcome. He was one of the 5 Valkens that survived the Final battle.",Main Universe,Mythology; Other Myths,,,Valkens,
Valkens,Spirits of Norgard,spirits-of-norgard,,Mythology,published,"Rank: Spirits of Death

The Spirits of Norgard are similar to Angels of Death; they are usually human looking with cloaks or modern attire. They exist outside of time and appear to the dying and guide the dead into Eternity. Inside each living thing lies an Angel of Death which comes out when that living thing is about to die.",Main Universe,Mythology; Other Myths,,,Valkens,
Valkens,Jegeru,jegeru,,Mythology,published,"Rank: Mother of Beasts, Goddess of Courtship & Battle

Jegeru Mother of Beasts and Goddess of Courtship and Battle. Jegeru gave birth to the cyclops, minotaur, and thousands of other creatures. Most creatures of the world and underworld were her spawn and from her breast grew the first demon and from her spit was world they lived in. Many heroes like Kanos and Mackitosh battle these creatures and nearly slain Jegeru herself but because of her many disguises she escape and continue to populate the world with her deadly children. Jegeru was one of the only Valken who had a separate story to tell.",Main Universe,Mythology; Other Myths,,,Elitsyian Gods,
Valkens,Wivayva,wivayva,,Mythology,published,"Rank: Goddess of Women, equal rights, and motherhood

Beautiful giant whose name means wife. Wivayva guided women to take a higher position in their lives and often ruled in their favor to become authority figures. She is the patron goddess of women and offerings are made to her for fertility, equal rights, and blessings. She was an early activist.",Main Universe,Mythology; Other Myths,,,Elitsyian Gods,
Valkens,Sasasian,sasasian,,Mythology,published,"Rank: Guardian of Grandoff

A large crab that can speak any language of the person or thing in front of it. It was created by Elshack to guard the realm where magic began, Grandoff.",Main Universe,Mythology; Other Myths,,,Valkens,
Valkens,Tolnick,tolnick,,Mythology,published,"Rank: Guardian of the realm, Grandoff

An island size falcon that carries people on its back between realms. Before magic arrived, it was the means of teleportation between dimensions.",Main Universe,Mythology; Other Myths,,,Elitsyian Gods,
WarLoveGods,Omitia,omitia,,Mythology,published,"Rank: Goddess of Destruction & Endings

Omitia Goddess of Destruction and Endings was first wife to Khani and presented him a child which was the first plague of the Apocalypse. It is read that at the end of time she would open the gates of HELL and destroy the world.",Main Universe,Mythology; Gods and Goddesses,,,Elitsyian Gods,
WarLoveGods,Khani,khani,,Mythology,published,"Rank: God of Destruction & Creation

Khani is the all-powerful, all knowing God of Destruction and Creation. Khani had 7 faces and all faces were different deities with several powerful parts of the Apocalypse. Khani had 10 arms, 2 legs, 100 stomachs and inside his heart chamber lied Oblivion. When angered, Khani destroys several landforms and at the end of time he destroys the universe and from his breath a new world is created. At one moment he was so powerful that the gods and angels came together and locked him away behind a steel door believing that Belki could not break through steel objects. Behind the door a prophecy was told that Belckus or Belckus to the Christian Mythology would raise up break the 13 Steel Doors of HELL and Khani would reign as his head chief of war.",Main Universe,Mythology; Gods and Goddesses,,,Elitsyian Gods,
WarLoveGods,Barburis,barburis,,Mythology,published,"Rank: God of Punishment & Anger

Barburis God of Punishment and Anger he is one of the main avatar to Khani and after Khani was banished to HELL, Barburis was created and gave the world Anger in revenge. Along with Nextis, Barburis was a major War God that lead many battles across the world to conquer many of Lostasia's enemies.",Main Universe,Mythology; Gods and Goddesses,,,Elitsyian Gods,
WarLoveGods,Acnar,acnar,,Mythology,published,"Rank: Demi-God of war

Acnar is Half God and Half mortal closely associated with war. His father is Nextis and is minor patron of the arts. Shortly after his mortal mother, a farmer name Cylene died he joined his father's embrace and slaughter several cities for not worshiping them. He is founder of Loaweia a province in the southernmost part of Lostasia.",Main Universe,Mythology; Gods and Goddesses,,,Elitsyian Gods,
WarLoveGods,Xela,xela,,Mythology,published,"Rank: Goddess of Strife & Discord

Xela daughter of Nextis born from his saliva and given immortality is Goddess of Strife and Discord. She gave birth to several demons that are pictured on caves pushing her chariot across the sky. Xela would plan different wars and use highly advance strategies to capture her enemies. Some believe that she is partially if not completely responsible for the war with Toaga and Mountainville.",Main Universe,Mythology; Gods and Goddesses,,,Elitsyian Gods,
WarLoveGods,Builin,builin,,Mythology,published,"Rank: Protector to the home of the Gods

Builin was chosen by Crienta and Born' to protect Liumus from the Valkens because of his vast strength and strategic way of fighting. In their first attempt on Liumus, the Valkens were tricked into a cave that thought led to Liumus but instead led to the underworld. Their second attempt was close but the Builin used his mighty sword to rip open the clouds of Lium and the giants fell to their deaths. Their souls were then locked in the underworld until the battle of Mostibik. Builin was the first to be slain on the day of Mostibik.",Main Universe,Mythology; Gods and Goddesses,,,Elitsyian Gods,
WarLoveGods,Nonth,nonth,,Mythology,published,"Rank: Goddess of War

Nonth the Demon Lion Goddess of War had her hair burned off and became the first lions, tigers, coyotes, wolves, and cheetahs. Now surrounded by her animal children, Nonth raged war against the underworld and enslaved hundreds of the undead. She became Mother over the underworld shortly after.",Main Universe,Mythology; Gods and Goddesses,,,Underworld Gods,
WarLoveGods,Love Gods,love-gods,,Mythology,published,"Followers and children to the love Goddess, Jessana. These deities are both spirits and direct influencers of love and its substances. They are found across Elitysian Mythology as inspiration to love itself.",Main Universe,Mythology; Gods and Goddesses,,,,
WarLoveGods,Juradye,juradye,,Mythology,published,"Rank: God of Youth & Innocents

Juradye is son of Jessana and God of Youth and Innocents. Always as a child, he had little maturity and almost no authority. He played in his mother's magical springs and protected youth and the children of the world. Rarely talked about in myths, he did however played an important role with his mother to restore love back into the world.",Main Universe,Mythology; Gods and Goddesses,,,Elitsyian Gods,
WarLoveGods,Artica,artica,,Mythology,published,"Rank: God of Love, Hidden Love, & Distant Love

Artica God of love, Hidden Love, and Distant Love is the son to Jessana. He helped his mother contain human emotions and later help to keep them intact. Seen mostly nude with magical flowers that can seduce anyone into loving the first object they set eyes on. His appearance is more flamboyant than his counterparts but in one story he is told to have had a magical sword that could fight without the help of anyone else.",Main Universe,Mythology; Gods and Goddesses,,,Elitsyian Gods,
WarLoveGods,Sport,sport,,Mythology,published,"Rank: Spirits of Love

Sport baby like deities seen as infants with drapes wrapped around their lower torso and with wings of gold. They are the 101 children of Jessana and helped her bring the world back to normal after emotions were release. When seen they appear to be fallen stars because of their quick flights across the night skies. They are said to live on the moon and bless those who worship to them. With a prayer to these baby cupids, could grant someone a lifelong love. Their magical straws are placed on the doorsteps and bedsides of newlyweds for lifelong love. They attend weddings as floating angels blessing such events.",Main Universe,Mythology; Gods and Goddesses,,,Elitsyian Gods,
WarLoveGods,Vena,vena,,Mythology,published,"Rank: Goddess of Enchantments & Eternal Love

Vena was the Goddess of Enchantments and Eternal Love and while asleep, Vena brought people together while they were asleep. Their love would be so beautiful and enchanting that it would bring them immortal love in the real world. To protect people while they are sleeping, Vena would visit each person and cover their eyes with sand. In modern times, Vena was the female form of the Sand Man. To the rich, Vena left enchanting items in their palaces to protect them from demonic creatures that cause nightmares.",Main Universe,Mythology; Gods and Goddesses,,,Dream Gods,
WarLoveGods,Space,space,,Mythology,published,"Rank: Goddess of Love, Beauty, Fertility, & Eloquence

Space was Goddess of Love, Beauty, Fertility, and Eloquence. She was the connection between fire, earth, air, water, and metal and balances each of them out. From her breasts came forth human emotions and the ability to reproduce. She married Metal and in his name created schools, houses, temples, and started pottery. She loved Metal so much that stories link their passion the consequence of matter “metal” and mass “space” balancing all life and everything in it.",Main Universe,Mythology; Gods and Goddesses,,,Jonir Gods,
WaterGods,Polu,polu,,Mythology,published,"Rank: Goddess of Pools & Fisherman

Polu Goddess of Pools and Fishermen, thought to play a major role in fishing and the whispering voice to fishermen, Polu taught men the art of fishing and swimming. The short hair deity also gave arching lessons to those that worshiped her, for this the Elitsyians associated her with Hunting and Archery.",Main Universe,Mythology; Gods and Goddesses,,,Water Gods,
WaterGods,Tuni,tuni,,Mythology,published,"Rank: Water God

Tuni not the kindest water god in Elitsyian Stories did his fair share of pranks. He played so many pranks on his fellow water gods that he was banished from their sacred underwater castle. In return, he created the Black Brocken “a giant fish that eat ships and islands”. In return Mackitosh slain the Black Brocken and threw Tuni into the Bottomless Pit as punishment.",Main Universe,Mythology; Gods and Goddesses,,,Water Gods,
WaterGods,Deth,deth,,Mythology,published,"Rank: Goddess of the Mountain River

Deth was Goddess of the Mountain River and from her nostrils came the water of the Moranin River a river that’s today covered by the cities of Australia.",Main Universe,Mythology; Gods and Goddesses,,,Water Gods,
WaterGods,Mura,mura,,Mythology,published,"Rank: Chief Water Goddess

Mura was Chief Water Goddess, invoked by cities found on the shores of Northern, Western, Eastern, and Southern Lostasia. Even on the Islands of Lostasia, this great goddess was more powerful in both wisdom and physical strength than that of Crochen. She had no parent and came full grown from sea foam and fish eggs. Mura was the personification of the element of Water. She had no equal and could engulf the world in water with just one breath. Her main goal besides watching over the waters of the world was to keep tending to the Melphi River which circled the sacred field that holds the golden honey for the gods. This river reached from the heavens and its pure waters sunk into the waters of the world. Her eyes were seen in reflection on the surface of oceans and seas. She brought title waves, storms, poisonous rain, and tsunamis to all those that didn't worship her.",Main Universe,Mythology; Gods and Goddesses,,,Water Gods,
WaterGods,Mele,mele,,Mythology,published,"Rank: River Goddess

Mele daughter to Mura was not worshiped and for her birth the Elitsyians described her to merely tend to the Melphi River as she was closely associated with. This goddess granted her mother the freedom to leave and wonder the world as she stays behind watching over the sacred river to the gods.",Main Universe,Mythology; Gods and Goddesses,,,Water Gods,
WaterGods,Ikuwewe,ikuwewe,,Mythology,published,"Rank: Water & Land God

Ikuwewe was water and land, its very appearance was that of a man and woman. It had both sexual organs and could reproduce at a great rate. This creature protected the world and from parts of the world that was destroyed it recreated them this time more beautiful than the last. With the help of several other deities and creatures, the Ikuwewe remade Earth this time with more gods and goddesses and the new independent race of humans. In stories, the Ikuwewe brought forth the first rain of the new world and remade the lakes and rivers.",Main Universe,Mythology; Gods and Goddesses,,,Water Gods; Earth Gods,
WaterGods,Sorns,sorns,,Mythology,published,"Rank: Goddesses of Lakes, Ponds, & Rivers

Sorns were Goddesses of Lakes, Ponds, and Rivers. Minor deities they were ugly crones that laughter brought ice to water and fire to plants. Sondreds breaded by Nextis to be his ever watchful children, the Sorns were inventors and constructed the first well and drinking object. One of the Sorns is believed to be the spirit that holds Excalibur of Celtic Mythology. It started as Olona was told to stay with her sisters as they were more powerful together. But Olona ignored this because she wanted beautiful flowers to decorate her sacred lake, the Likilend Lake. While wondering about she was found by Montum and he abducted her, months later she appeared nude and pregnant. Believed to carry the demonic child of his brother, Crochen drowned his daughter, Olona. It would then behold that, Crochen threw a magical sword he found in the once unnamed Ireland into the once Likilend Lake to keep it from the hands of his enemies. But little did Crochen know that the sword was meant for King Arthur and once upon the lake, Olona's spirit, mad at her father for drowning her gave the sword to Arthur and he became King and all powerful knight of Celtic Legend. Olona then disappeared only heard in voices to Arthur guiding him mostly from the evils of her father. This showed that the Elitsyians having scattered about across the globe once knowing that their homes would be destroyed created folklore that would exist into today's stories.",Main Universe,Mythology; Gods and Goddesses,,,Water Gods,
WaterGods,Ongrude,ongrude,,Mythology,published,"Rank: God of all things in the Water

Ongrude kept the precious minerals of the Earth close to his home; he was God of all things in the water. In his world, all things that go missing travels here if not found by midnight that day. This spell was so powerful that it attracted millions of things such as boats, people, treasures, and even islands and cities. In this world similar to the idea of history in the mind, was considered a place where history could be restored if anyone knew where the god and his home was located. Ongrude was son to Nymphus and one of the Sorns.",Main Universe,Mythology; Gods and Goddesses,,,Water Gods,
WaterGods,Narx,narx,,Mythology,published,"Rank: God of Sea Life

Narx was the most threatening son to Crochen. He carried a 5 star triton that glowed when a battle is near. From his head sprouted 8 horns all represented the halls in his father's palace all of which he created. He was God of Sea Life and gave aquatic animals their appearances and different physical attributes. He could swim faster than sound and often won tournaments against other gods; he was very competitive and granted wishes to those that could win against him. Narx was also a powerful Sondred that drowned and later found by his father, from that day he awoke alive in his father's hands and was granted immortality and the ability to control water. Narx was also very evil and at one time during Lostasia's history he unleashed a deadly storm that gave normal mortals supernatural abilities. From that moment hundreds of mortals became Abnormal like beings. So angry at given mere mortals these gifts, the gods banished Narx at the bottom of the Bottomless Pit where he stayed for eternity.",Main Universe,Mythology; Gods and Goddesses,,,Water Gods,
WaterGods,Streamus,streamus,,Mythology,published,"Rank: North River God

Streamus the North River God enchanted the waters of the Northern shores of Lostasia. He was only worshiped there and gave beautiful lakes and ponds to the cities that border his lands.",Main Universe,Mythology; Gods and Goddesses,,,Water Gods,
WaterGods,Nymphus,nymphus,,Mythology,published,"Rank: Water God

Nymphus was considered the male form of a nymph as he had grace and beauty. He blessed the waters as the Nymphs blessed plants. He was a giant that lived in seclusion beneath the now Pacific Ocean. He created North and South America and later gave birth to Australia. Nymphus was the Water God of Lostasia. From his eyes were the oceans in which his father, Crochen ruled. From his beard came the seas in which his mother, Oceania ruled and from his hair came the Earth's lands in which his uncle, Tur' ruled. Worshiped mainly on the Islands of Lostasia.",Main Universe,Mythology; Gods and Goddesses,,,Water Gods,
WaterGods,Oceania,oceania,,Mythology,published,"Rank: Goddess of the Ocean

Oceania was Goddess of the Ocean and all its regions. Her body was its reefs and from her skin came its floors. Cities erected from them and she brought them to the surface creating the first island. The Arctic and Atlantic Ocean were sacred to her as they were believed to be her favorite resting spots. She was wife to Crochen and from him bore thousands of his children. The name Ocean came from her and so did the name to the islands that surround Australia.",Main Universe,Mythology; Gods and Goddesses,,,Water Gods,
WaterGods,Dyna,dyna,,Mythology,published,"Rank: Sea Goddess

Dyna was minor Sea Goddess and one of the many wives to Crochen. Loose scriptures either associated her with fertility or mother of the sea, based on her popularity as wife to Crochen stories were built that title. Sister to Nymphus she helped him create the waters of the world. She built the first ship and taught men how to use them. Some pirate tails sing that she is the wind that pushes them, the night star that guides them, and like a mother figure she protects them while at sea.",Main Universe,Mythology; Gods and Goddesses,,,Water Gods,
WaterGods,Holm,holm,,Mythology,published,"Rank: Goddess of Waterfalls

Holm was Goddess of Waterfalls and the Magical Spring. She built waterfalls from her father, Nymphus' beard and from the Earth it flowed to the ground below. She created canyons around the world and filled them with water to make various lakes and ponds to pleasure the gods and later mankind. Daughter to Crochen and the nymph, Smooth.",Main Universe,Mythology; Gods and Goddesses,,,Water Gods,
WaterGods,Pytholeese,pytholeese,,Mythology,published,"Rank: God of River & Streams

Pytholeese, God of River and Streams, he gave birth to the magical fountain and the magical pond of which the gods drunk from to receive limitless strength, wisdom, and great agility. Pytholeese was son to Narx and the nymph, Kinga. His greatest contribution was the rivers and streams of the world.",Main Universe,Mythology; Gods and Goddesses,,,Water Gods,
WaterGods,Sbone,sbone,,Mythology,published,"Rank: River Goddess

Sbone was River Goddess and wife to Pytholeese, she was only worshiped in the town of Citi and she gave birth to the Nareids.",Main Universe,Mythology; Gods and Goddesses,,,Water Gods,
