source,name,slug,status,location,description
Chapter 12 (Kids Version),Candy Village,candy-village,published,Southern Part Of The World,"Residents: Numerous Candies

Candy Village is home to residents all resembling candy of some sort. These residents each has different purposes and act as a whole whenever the famous Candy Lane Racers Tournament is taking place. The village is very large and sits on its own island. The Candyflop Airport is the largest in the region and attracts millions of tourist each year. It is believe that once gods incorporated Candy Village and left behind its many mysterious wonders."
Chapter 12 (Kids Version),Candyflop Airport,candyflop-airport,published,West Of Candy Village,"Candyflop Airport is the busiest airport in the region. It is second only to Food Town in the entire world. Candyflop Airport sits on a high mountain located west of the Candy Village area. It possesses numerous flights including the most famous and luxurious, the SS Wonka."
Chapter 12 (Kids Version),North Candy Village,north-candy-village,published,North Of Candy Village,"Residents: Proud & Wealthy People

North Candy Village is home to the proud and wealthiest of Candy Village residents. It is located south of the rocky mountains that once was believe to be the home of the gods."
Chapter 12 (Kids Version),South Candy Village,south-candy-village,published,South Of Candy Village,"Residents: Workers Of Candy Village

Home to the numerous workers of Candy Village. This place has giant lollipops decorating its main streets serving as lights. The many festivals of the village is performed here."
Chapter 12 (Kids Version),East Candy Village,east-candy-village,published,East Of Candy Village,"Residents: Various

Home to the various people of Candy Village that prefers quiet and peace as this portion of the village is far away and separated by a long hard honey bridge"
Chapter 12 (Kids Version),Downtown Candy Village,downtown-candy-village,published,Center Of Candy Village,"Residents: None

Located at the center of the village. It is a big beautiful place made up of glass and sugar sweets. The entire place has wifi and holds many of the town’s biggest companies."
Chapter 12 (Kids Version),Chocolate Factory,chocolate-factory,published,Northeast Of Candy Village,"Residents: None

The busiest and most famous place of Candy Village. All the residents of Candy Village are made here. Although this is never openly mentioned. Chocolate Factory holds a great place in it’s residents hearts. It was once believe before the village took it over with the help of Peppermint King. That the factory was once home of the gods."
Chapter 12 (Kids Version),Peppermint Valley,peppermint-valley,published,Northeast Of Candy Village,"Residents: Peppermint King

A deep valley surrounded by a river made up of caramel. It surrounds the Chocolate Factory and is home to the Peppermint King."
Chapter 12 (Kids Version),Dark Licorice Forest,dark-licorice-forest,published,East Of Candy Village,"Residents: Sourpatch King & Numerous Dark Creatures

A dark gloomy forest that is lit up by various bitter tasting candies. It is home to the Sourpatch King and his many servants. It is barred off by giant hard candies and the Sugar Post."
Chapter 12 (Kids Version),Milk Sea,milk-sea,published,Surrounds Candy Village,A massive size place that sits around Candy Village. It separates mostly every known island in the world.
Chapter 12 (Kids Version),Goldenflake Beach,goldenflake-beach,published,East & South Candy Village,A massive beach that sits on the East and South side of Candy Village. It smells like the Goldenflakes cereal and when the milky waves hit it. It sparkles.
Chapter 12 (Kids Version),Sugar Post,sugar-post,published,West Candy Village,"Residents: Candy Hill Highguard

A post that is home to the group of security of Candy Village. It is home to the CANDY HILL HIGHGuard. It is located in front of the Dark Licorice Forest.

The CANDY HILL HIGHGuard is a place where all of the security of Candy Village is based. It is also home to the largest prison in the village."
Chapter 12 (Kids Version),Butterscotch Hill,butterscotch-hill,published,Northeast Of Candy Village,"Residents: Gramcracker Citizens

A steep hill made up of butterscotch candy, at its center is a giant factory known as the Chocolate Factory. It is home to the Gramcracker Citizens and is surrounded by high gates made up of smores."
Chapter 12 (Kids Version),Candycane Lake,candycane-lake,published,South Of Candy Village,An enchanted lake surrounded by giant candy canes and huge floating crystal apples. It’s a popular hangout spot for tourists and residents of Candy Village. It believe that the waters of this lake presents healing and creation properties.
Chapter 12 (Kids Version),Candy Lane Tournament,candy-lane-tournament,published,Numerous,"A mass event which holds over 17 different race courses. Each with different designs and features. After each race, the winner wins a magical medallion and after each tournament the winner takes home a prize award. The courses are located across Candy Village however all are named after the Candy Lane."
Chapter 12 (Kids Version),Candy Kane Forest,candy-kane-forest,published,West Of Candy Village,"A candy enhanced forest made up of candy cane trees, giant gingerbread made mountains, a waterfall made up of juice, and several other fruity scenery."
Chapter 12 (Kids Version),Big Red Estate,big-red-estate,published,North Candy Village,"Residents: The Big Red Family

Home to the Big Red Family. It is still used today after 400 years of existence by the family.

*The estate is large enough to incorporate a race track which is used by the Candy Lane Racers. It can only be unlocked once Big Red wins the other 17 courses. He is the only one who can unlock this race."
Chapter 12 (Kids Version),Candyhill High,candyhill-high,published,Downtown Candy Village,"A popular high school found in Candy Village. It populates almost all of Candy Village children at one point.

*A short race track can be found in the school which covers across the sports fields with the school in the background. A snippet of this course is seen during the first race in the tournament. The full course is unlocked once the students win the Candyville Middle School course."
Chapter 12 (Kids Version),Candyville Middle School,candyville-middle-school,published,Downtown Candy Village,"A popular middle school and one of the main places for Giggly Gumdrop when she isn’t racing.

*The school is home to one hidden race track which directs itself right through the main school classes. It can be unlocked only if the riders win the normal 17 courses."
Chapter 12 (Kids Version),Candydrop College,candydrop-college,published,South Candy Village,"Residents: Candydrop Students (If They Live On Campus)

A distant college with over six main buildings. It is the place where many of the Candyhill High students attend after they graduate.

*It has a hidden race course which directs across numerous buildings. It can only be unlocked when the riders win the normal 17 courses."
Chapter 12 (Kids Version),Candystone Shortcake,candystone-shortcake,published,On A Small Island,"Residents: Stevie Shortcake & Princess Candyshack

A popular city with shortcake decorating much of the town’s image. It is seen as a multihued of pink with Princess Candyshack as its leader. It separates Candy Village and Le’Drinkaton.

*Also serving as one of the famous races. This place can only be unlocked during the tournament if won by Princess Candyshack or Stevie Shortcake."
Chapter 12 (Kids Version),Giggly Gumdrop’S Home,giggly-gumdrops-home,published,South Candy Village,"Residents: Giggly Gumdrop

Home to Giggly Gumdrop, her parents are never seen. However pictures of them are seen in the background on a desk. If only slightly. It is covered in numerous candies like Giggly herself.

*Only can be unlocked in the tournament when Giggly wins the other 17 courses."
Chapter 12 (Kids Version),Baker Estate,baker-estate,published,North Candy Village,"Residents: Cindy Cutterhill

Home to Cindy Cutterhill. It is a mid-sized estate that has the scent of cookies and other delights. In its rear is a hidden factory.

*The factory portion of this home can be unlocked only if Cindy Cutterhill wins all 17 courses."
Chapter 12 (Kids Version),Candy Rain Tv Station,candy-rain-tv-station,published,Downtown Candy Village,"This news station is home to the famous Candy Rain TV News. It is located in the center of Downtown Candy Village and serves as the tallest tower in Candy Village. From the tip of it, someone could see the lights of Food town."
Chapter 12 (Kids Version),Snowball Berry,snowball-berry,published,Downtown Candy Village,A bowling arena for the city of Candy Village. Most of the city’s citizens come to this bowling alley as a pastime.
Chapter 12 (Kids Version),Marshmallow Post,marshmallow-post,published,Surrounds North Candy Village,"Residents: Marshmallow People, Vanilla People, Chocolate People, Ms. Choco Chocolate, Smore Kids, & Marshmallow Man

A giant mountain range found circling Candy Village. It is home to the Marshmallow, Vanilla, and Chocolate People. Marshmallow man is its prime resident."
Chapter 12 (Kids Version),Golden Stone Bridge,golden-stone-bridge,published,"Between Food Town, Candy Village, And Crystal Star Kingdom","A large bridge made of hard honey. It is often sticky unless driven on. It is large and separates into three directions at its center. One side leads to Food Town, Candystone Shortcake, and Crystal Star Kingdom."
Chapter 6 (Places),Lium,lium,published,Above the Solar System,"Also known as: Liumus
Race: Elitshian Gods

Built high above the mortals, this place has hundreds of castles serving as homes to the many gods. In its center is the tower where the most importantly Royal Circa deities meets and command the world. On each four corner of this floating island lie doorways to many places such as the Underworld, Heaven, Earth, and Norgard. Never to receive storms or any kind of diTantirithter this place was protected by the eyebrows of Yonrohs and his blood became the Milky Way and Lium's rivers. It has approximately 50 islands all of which serve many different purposes such as one is the place where the School of Angels is located and can be reaching through magic. Access to this place by others besides immortals, is through Mt. Punukien which was the highest point in Elitshia."
Chapter 6 (Places),Oacklands,oacklands,published,Northeastern Lium,"Race: Elitshian Gods

Lying somewhere in the northeast region of Lium, this place would have waters flowing down to earth, down to Onur, and then turns to fire as it reaches Hell or Belckus. The River of Insanity accompanies by a spirit of the same name was cast of flames and ran from north and west of the Oacklands. Once a beautiful region it would be discarded as evil took control of it."
Chapter 6 (Places),Pond of Innocence,pond-of-innocence,published,Heaven,"Race: Domaedians, Jessana, & Authoria (temporary residents)

More of a relative term for a substance of water that has been blessed by a priest or holy power. The actual pond is located in Heaven. Surrounded by beauty, it remains untouched by all things. Baffling the gods, this beautiful place was mistakenly discovered by Jessana and Authora after building the Spring of Truth in the underworld as its waters ran into the spring. Kept a secret to preserve its mystery, this place is where angels drink from and blesses it as well."
Chapter 6 (Places),Magic Gates,magic-gates,published,Found on different worlds,"Powerful gates that can transports its users almost anywhere that has it’s own gate. The gates were made by ancient mages to travel to other worlds. One was made by the Elitshians using magic they learned from Bewithia when she taught them basic magic. Currently there are over 1,000 gates across 999 worlds. One is in an unknown location that was hidden for strategic purposes."
Chapter 6 (Places),Tenir,tenir,published,Bridge connecting newborns into life,"Race: spirits of the unborn

A bridge that connects life that comes down from the heavens or Norgard to the living. Spirits are carried across in various forms depicting the stages of that person’s life. They would appear blindfolded and if someone would remove their blindfolds before entering the world of the living they would be blind in the living. Over the course of time many immortals and angels stood watch over this place."
Chapter 6 (Places),Arkylente,arkylente,published,Edge of Lium,"A valley created by the gods to house their most sacred food the Golden Honey. The Golden honey could make its drinker immortal as well as the Golden Apples could give great knowledge. A thick illusion of fog and mist protects it from sight, and a wall of black marble rocks erects to protect the sacred lands. A masking veil, Venyur was created by magicians to hide it from those wish it harm. Overtime the veil failed and tourists of all legions would overthrow it. The honey is presented by the Arkylentese' ancient spirits, children to Yonrohs would present the honey every hour to the gods as they lounged and partied. Also found in this valley were the Arch Berries which could give great supernatural abilities, the Magna Trees' bark could make the body invincible. The Dargen Apples were also very sacred as they could grant great speed as well as the Mosten Seeds if planted could raise five trees that could grant up to three wishes per person. Genies are said to come from this tree along with imps who also protects it."
Chapter 6 (Places),Mountains of Caldone,mountains-of-caldone,published,Edge of the Earth,"Race: Jonun, Groners, Caldonians, Ho’zares

A place existing as one of the untouched regions by time. It was the hideaway home for Jonun whenever the deity wanted to disappear from all. Here his children the Groners and himself lived in peace deciding the fates of all living beings. This region was misty and had mountains as tall as the tallest ones here on Earth. It had many torn down cities once told to harbor life. Its people was once the Caldonians the first human race but after they were driven from Earth by the gods they founded this place where they ascended to become the Ho'zares of legend. In return the gods made this their home, but the Ho'zares retaliated destroying them and their new destination. The Ho'zares reverted time and became supreme rulers, they then created Anka, from him Elshack, and from him the Gods."
Chapter 6 (Places),Outer Realm,outer-realm,published,South America,"Race: Magical beings

The Outer Realm is a place of glorious magic. Built by Olerta and Bewithia during the rise of the supernatural phenomenons on Earth to insure a place where all magical and mystical characters can live and roam without interruptions. It is a place that differs in scenary because of the tribe of beings that live there. Over a thousand places have been said to have existed in the Outer Realm and some appeared through this book. Of such was the Black Forest which stood on Earth but its gates were located far south in the Ice Realm. There were also well known realms of the six natural elements. The Fire, Ice, Water, Spirit, Light, and Dark Realm “dark worlds” were all located just on the boundaries of the East, South, North, and West parts of the Outer Realms. Dragons were keepers of many castles and dungeons that lied in Outer Realm. The Mountains of Caldone also existed just north of the Outer Realm. On its East and West sides lied the Earth and the Underworld. Overlooking this magical place were several griffins who took watch since its birth. Gates to this place was protected by demons, angels, and Sholls “Elitshian trolls” and all were neutral in deciding who entered. Once humans traveled to this place by mistake after finding one gate unguarded and from their trip, they wrote stories which some could say made way for current fables and folklore."
Chapter 6 (Places),Xisitira,xisitira,published,unknown,"Race: Xeserians

Considered a mysterious area of the world because takes about 40 years to get to this place from any direction. Living here were the Xeserians, mystical beings who watched over good and evil. From them came the Book of Sanctuary later given to the tribes of Elite Force."
Chapter 6 (Places),Dark Realm,dark-realm,published,Located near Belckus,"Race: evil beings

One of the 14 realms. One of the many realms associated with the Outer Realm. Not much is known about the appearance of this place, but some expect its appearance to be like Hell or at least a fragment of it. Seen from a distance to be surrounded by the Stream of Regret and a force field called the veil of darkness in which someone considered “good” couldn't pass through."
Chapter 6 (Places),Teir,teir,published,through all mirrors or reflective surfaces,"Race: opposite of anything with a reflection in the original Earth

A place like Earth where anything that reflects an image life. Here the opposite of what goes on, on Earth happens. The only physical difference in appearance to Teir is that things appear mostly night here. Those that are good here are bad in our world and vice versa. Things that are dead here are alive in our world and vice versa. Instead of one year here it takes about 6 months for one year to pass. Rather which world would be consider the real original home and which other is a reflection is an interesting debate. Both Teir and Earth were created at the same time by mistake after one of the others “goes unstated which” didn't come out as planned."
Chapter 6 (Places),Onur,onur,published,"Above Hell, below the rest of the Universe","Also known as: Underworld
Race: the dead

Home of the Old Worlders, it is a city in the year 5001 and one of the only cities left in the world. It is located where the current Paris, France is, and it borders Alkanae’ home to the New Worlders. It is one of the main cities in the story Afterworld."
Chapter 6 (Places),Tel,tel,published,West of Lium,"Race: spirits ready to be reincarnated

A bright domain located farthest west of Lium. Here souls of the most beloved lives in peace, however souls are sent here in hopes of reincarnation to rejoin their love ones. In this place the souls go on various tasks to try and get their lives back.  Those who died a wrongful death come here. This place is guided and guarded by ancient spirits."
Chapter 6 (Places),Often Springs,often-springs,published,Located at the center of the world,"Race: Home of the Sun & Moon gods

Located near the center of the planet. Hidden from sight, the Often Springs is where Ohn, Sun God and his sister Seltice, the moon goddess, takes the sun and moon every day and night. Here lies an ocean where the sun is put to rest and from the steam here lies the night air and cool breeze. Also from this comes mist and fog. The moon is hidden in the mountains where its rays can be seen from Earth as the Aurora Borelias. When the rays are not seen on Earth it’s because the moon is asleep a time which is most often."
Chapter 6 (Places),Olvulga,olvulga,published,Located in the year 5001 in current New York City,"Race: Vulgists

A large city of a wide range of technology such as teleportation machines replacing public transportation. It was the first city in the world to replace modern transportation with teleportation technology."
Chapter 6 (Places),Orcross,orcross,published,In between Life and Death,"Race: the dead

This place exists somewhere before the dead gets to Eternity, it lies anywhere near Oblivion, Onur, Heaven, far from Hell, and close to the lands of the living. It is a foggy place with walls erected high in the distance showing cities of mysterious origins and residency. Orcross wasn’t created yet it appeared after Eternity was formed by Olerta. How it appeared is still a mystery to the gods including Olerta who created most places in the afterlife including the thought of Hell during the fall of Santaniel. This place is a holding place for all souls that are waiting for their judgement into Heaven or Hell. Although many only remain here for mere seconds it can feel like a hundred years if the person is aware of their existence here. Most however are lucky enough to not be aware and leaves only moments of appearing. Teleportation often come here by mistake when the teleporter is inexperience because of its direct connection to the land of the living. Most psychics can reach this place mentally contacting the dead if the dead barely died."
Chapter 6 (Places),Helliholm,helliholm,published,Above Heaven,"Race: Anka

The highest place of existence. Nothing exists above or around it. It houses Anka in his ever-growing domain. Here all things were created and where all things end. Anka being the primordial force that created GOD and one day will take back his creation to create another GOD at the end of all things. It is said that Anka himself created this place to make sure nothing can find him nor see him although Azazel through unknown means was able to come here. With many believing that either Azazel was once a GOD or possibly the child of Anka or to become the new GOD. The chamber which Anka resides is known as Kendole."
Chapter 6 (Places),The Frefrenick,the-frefrenick,published,Located at the center of the Eternity,"A hallway which opens into a circle room, in this room lays the gates to Heaven, Hell, Onur, Lium, Norgard, Oblivion, and Earth. Voices direct and try to trick anyone that enters this place. Entering the wrong door could trap someone forever in eternal damnation."
Chapter 6 (Places),Oblivion,oblivion,published,Edge of the Universe,"Race: Deceased immortal beings & deceased beings from Heaven & Hell

A place a vast as the underworld, it is covered in mist and takes its image from the darkness that exists in it. Dead trees, restless souls, and no way out. Oblivion is a place where no one could return. Believed to have been created or at least founded by Olerta, this place has to way in unless someone is banished here by a powerful force. It is a massive place found within Eternity serving as its underworld for immortals who became deceased."
Chapter 6 (Places),The River Watch,the-river-watch,published,Runs through Oblivion,"A river that runs quietly throughout south Oblivion. Here the souls of Oblivion eat and drinks, the food that is found near this river and the water that comes from it both erases the memory and history of those that drink and eat them."
Chapter 6 (Places),Island of the Seefors,island-of-the-seefors,published,the Pacific Ocean,"Race: Seefors

Found somewhere far in the Pacific Ocean, this small island, is similar in look to both Ancient Greece and Elitshia with its towers and Pathenon like structures. It is home to the Queen of the Seefors and the thousands of siren like creatures. It has since been destroyed and its past can be reached through a spell where the city now only exists. The island is protected by a giant clam like shield with a globe like structure erected around it to protect its residences."
Chapter 6 (Places),Mirror World,mirror-world,published,Opposite of Everything,"Also known as: Ashkaloom
Race: Everything’s opposites

The exact opposite of the normal world, Ashkaloom shows its difference normally because it has two suns and three moons. The world and universe is one of billions that exist in the Eliteverse and is often the home of the evil and jokster beasts the Mirror Giest."
Chapter 6 (Places),Prison X,prison-x,published,Onegalus,"Race: Prisons from around the Universe

A prison located in the Onegalus, it is of massive size and is magically enhanced with advance technology and was created by a group of Descendants, human scientists, Domaedians, and some Belki as an ultimate prison to trap the universe’s most dominate prisoners. Often when imprisoned here, the prisoner undergoes many tasks such as purification, memory wiping, and various tasks to turn their behaviors. The prison grows larger with the welcoming of more prisoners. At the center hall, are doorways to various places including Oblivion for the worse of the worse criminals and portals to different worlds, however only passwords and/or keycards can open these portals."
Chapter 6 (Places),Onegalus,onegalus,published,Alternate Universe,"A parallel universe with no inhabitants, its gravitational pull is the reason behind its lack of residency. It is located somewhere on the other side of time from our own universe and it is located far from simple traveling reaches. It contains air that is breathable and dark cloud like substances that if touch can be lethal to any known race. Many prisoners are trapped here in Prison X located somewhere in the northern portion of this universe. Onegalus has a negative effect on all outsiders and can only be reached through portals found through warp streams across the universe."
Chapter 6 (Places),Mountains of Indomnia,mountains-of-indomnia,published,Eastern edge of Elitsyia,"Race: Indomnians (before the city of Indomnia was destroyed)

A vast mountain range found on the eastern border of Elitsyia. The tip of the mountains appeared as golden dust while the base was white. At its center used to be Indomnia which turned into ruins. The range existed long after the city. Some believed that the mountains once were the gates to the afterlife and that the people that once lived there were the dead brought back to life to live in the city."
Chapter 6 (Places),Indomnia,indomnia,published,Center of the mountains of Indomnia,"Race: Indomnians

In ancient times it was believed that while on Earth the god Montum created a beautiful place he could call his own personal paradise. The place was depicted as a massive land surrounded by giant walls. Statues sit at the corners of the city with large trees lining up the main road into the city. The homes and buildings were made of rock and glass like stone. The people were some of the world’s first prophets known as Indomnians or simply Domnia. Over time the city was populated by individuals whom most of the world thought was dead. The place had an effect and from its soil came magical pearl like structures that brought the dead back to life without any of its circumstances and effects. The pearls were destroyed when the city was raided and destroyed. All that was left was decayed buildings and mountains. The Domnia remained while a few of the inhabitants returned to the afterlife."
Chapter 6 (Places),River of Torment,river-of-torment,published,running through Onur,"Found in the underworld, this region filled with conflicted souls of the deceased was near the edge of the underworld. Here the Springs of Eternal Damnation flowed into. All of mankind's dark emotions would flow into this ocean and so would the rivers of the underworld."
Chapter 6 (Places),River of Onur,river-of-onur,published,running through Onur,"There were literally hundreds of rivers found in the underworld. All were guarded and token care of by spirits. Most of their names were just derived from the many human emotions that we suffers in life. Most leaks onto the world and from them we bathe or drink from giving us such emotions and others are in secret found only in the underworld. The River of Pain and Grief were two of the most popular ones with the River of Suicide Victims and the River of Anger were others. Each sin had their own river along with zodiacs of western mythology. Sorrow, Sadness, Depression, Disease, Doubt, Suffering, Murder, Hate, Force, Adultery, War, Famine, Death, and Strife all were rivers as well. Each river connected at some point into the Ocean of Torment. Some of the lighter emotions like the River of Tears and the River of Desire flowed into the banks of the Spring of Truth. The Spring of Truth was a big spring that flowed from the Heavens, its waters could get anyone to tell the truth and with it the gods and spirits used it to bless objects such as steel and used them against forces like demons. From the Spring of Truth is considered holy water as it can repel evil spirits and demonic entities. Khani was thrown into this spring to save the world. From his rotting corpse and his blood became the new fears of the new world this time without the influence of the gods. At one point in history the many fears and emotions of the world were sealed away in a box which was in return hidden into the Ocean of Torment for safe keeping. But one day someone found it and opened it and flowed free the emotions and fears into the rivers of the world."
Chapter 6 (Places),Spring of Damnatian,spring-of-damnatian,published,River of Torment,"Some stories believe that this spring could grant those to enters its waters with the power to speak to the dead and to come back from death. The fountain appears silver with water that flows gently to the dead and loudly to the undead. If drunken the water could instantly kill or appear as acid. The spring was once a present of the gods to one of the most beloved queens who have died and once lived in the underworld where the spring now sits.

Another myth surrounds the spring that it can provide the drinker or anyone who touches its waters eternal pain and suffering. Which is one of the reasons why the spring has been hunted by both the dead and the living for centuries."
Chapter 6 (Places),Time Gate,time-gate,published,Far north of Andvom,"Race: Shecknurd, Kain, Spirits of Time, & Cosmic Soldier of the Milky Way

During the only part of the Universe where time stands still, exist a place of complete silence where The Cosmic Soldier of the Milky Way, several Spirits of Time, and sometimes Shecknurd & Kain watches over all time. This place is considered a floating island with five giant gates. Each gate represents something in time, Past, Present, Future, Alternative Timeline, & Moments that should have happened but didn’t. Severael powerful Belki tried to come through these gates so that they could reinvent the past. They however were stopped by Kain while unleashing the ultimate power of his time abilities."
Chapter 6 (Places),The Sky Realm,the-sky-realm,published,Floating above Earth,"Race: Adv & Sky Deities

Home to all sky deities, this place was so beautiful that it was on constant watch by its creator, Adv. One of its most important halls was the Watch Room where the world is on constant watch by the Sky deities. Another famous hall is where Ohn and Night both takes the sun and moon into and from here, they take them from for their journeys across the skies. The Hall of the East and North winds is found on the East side of the Castle. The Hall of the West and South winds are located toward the West side of the castle. Another important room would have to be the Sky Room where the Elitshians believed that the sky rested and was being held up by the many avatars of Khani for punishment of trying to overthrow the gods. Both Adv and her children all can be seen drawn on walls holding up this castle above the Earth's skies."
Chapter 6 (Places),Andvom,andvom,published,"Center of Heaven, Hell, & Earth","Race: Shecknurd & Spirits of Time

Seen from the distance as a group of stars circling a long hall with no end. Andvom is a wide place with one center room. In this room the giant book of all things is placed and in it lays the records of all actions taken by all things. There are about 5 halls which connect to this giant room. One hall the spirits of time roams and here they each watch over a moment in history, also their purposes are protecting everyone, inanimate object, dead and living things, and immortals. Two halls exist on the South and North halls, in the South halls the past is recorded and in the North halls the future is recorded. In the fourth hall lies the home to Shecknurd and on occasions the meeting room of himself and Authora. The final and fifth hall lays all the secrets and lost things throughout time. In the 5th hall lies a doorway to the Underworld, Dreomede, the Heavens, Earth, and Norgard."
Chapter 6 (Places),Dimension Crest,dimension-crest,published,Between all dimensions,"Race: None

A hidden dimension that was created long ago to serve as a place between every dimension in existence including those that are also hidden by other means. It is usually housed by the powerful being named Dimension Master."
Chapter 6 (Places),Grandoff,grandoff,published,Next to Heaven on the east,"Race: Sasasian & Tolnick

The home of all magic, it housed all magic before Eve manage to tap into its place and release magic to the rest of the world. Over time magic flowed from the Earth contacting other worlds including the gods. Bewithia manage to use this power to become the first witch and practitioner of magic."
Chapter 6 (Places),Purnog,purnog,published,Triangle of Tantirith,"Race: Various

Similar to its sister schools, Purnog is a place to further the education of a magical entity where normal school wouldn’t be a fitting place for it. Purnog differs as it is a place for more creature like entities to go to school including magical beasts and many of the magical creatures of Aurelia. Although, its residency is limited as most creatures prefer to live in their native habitats. They can easily go to the school at any time through the use of magical amulets provided to each student and faculty at the beginning of the school year."
Chapter 6 (Places),Nature Key,nature-key,published,edge of Dimension Crest,"Race: None

Nature key is a resort town for magical beings in Tier, it has one of the largest areas for young children to use their magical aloud without precautions. It is a massive place expanding across numerous dimensional barriers and containing every known theme park ride imaginable including a place to play with imaginary friends from Dreomede. Its southern banks contain the Fountains of Dreams where its local spa is. Its north contains the River of Flakes where one could speak to the dead and hear their stories. While the east and west contains places for over 2 million theme park and water rides. Its center is a large park with carnival rides that are inspired by nearly all human theme park rides that have ever existed."
Chapter 6 (Places),Tantirith,tantirith,published,Tier (part of the Triangle of Knowledge with Purnog and Hizirinth),"Race: Magical Beings of all kinds

A mutual place that was founded by five powerful magical beings of their times. It houses nearly 10,000 students a year with nearly all 10,000 having magical powers since birth. The school is located on a large mountain surrounded by dense fog, high ridges, large dragons, and sea creatures. It serves as the Triangle of Knowledge with Purnog and Hizirinth and houses many ghosts, magical creatures, beasts, and magical people and things.

The five main halls for students are:
• Chapter of Drake
• Chapter of Eyis
• Chapter of Oceen
• Chapter of Shade
• Chapter of Thorns

Each representing the five leaders in their respected magical communities upon finding the school and sharing their magical history with that respective hall. Images of thousands of magical beings are found throughout the halls and beasts of all kind are seen on the school grounds. Because of a joint magical venture, no lethal harm can be done to anyone on school grounds. This is also a problem as evil beings cannot be lethally harmed unless the barrier around the school is lifted."
Chapter 6 (Places),Hizirinth,hizirinth,published,Tier (part of the Triangle of Knowledge with Tantirith and Purnog),"Race: Magical beings mostly of dark origins

A school known mostly for its deceptive tactics against competing schools and training of black magic for use in evil situations. The school has been awarded honor of truth for the fact that it has been upfront and honest about its status since conception. It has been modeled after Tantirith and houses many halls similar to those found in competing schools. It has many subjects similar to normal schools like Math, Languages, and Science while obtaining many subjects like Lethal Magic, Deadly Spells, and Forgotten Languages 101."
Chapter 6 (Places),Corridor of Bain,corridor-of-bain,published,,
Chapter 6 (Places),Corridor of Strife,corridor-of-strife,published,,
Chapter 6 (Places),Corridor of Night,corridor-of-night,published,,
Chapter 6 (Places),Corridor of Change,corridor-of-change,published,,
Chapter 6 (Places),Corridor of Bloodspell,corridor-of-bloodspell,published,,Each representing an evil magical being that helped build the school in response toward the five creators that helped build Tantirith. It is believed that the Corridor of Night is created by the same being that created the Chapter of Shade at Tantirith.
Chapter 6 (Places),Sea of Life,sea-of-life,published,Near the Ocean of Existence,"Race: Gagiel & Leviathans

A sparkling ocean that can be seen from all directions in Heaven. It contains the massive sea creatures of Heaven, the Leviathans. Gagiel lives here where he keeps them at bay and walks around the sea in an attempt to keep it calm and from over flowing. This will happen at the end of all things and Heaven will be flooded."
Chapter 6 (Places),Heaven’s Ocean,heavens-ocean,published,Edge of Heaven,"Race: None

A massive ocean that could gulf the entire milky way inside of it three times. It is located on the Eastern side of Heaven and has the most beautiful waters compared to anywhere. It serves as the gateway to the Afterlife and no one has ever fully crossed it. On its other sides are the cities of Heaven, the Throne of GOD, and the Gates of Heaven."
Chapter 6 (Places),Elreus,elreus,published,Elrian Ocean,"Race: Elreuns

The largest continent on Tier, it is home to many wildlife and magical creatures. Its many states and cities practice both wild magic and creature magic. It is also home to the Black Forest at it’s center."
Chapter 6 (Places),Belkine,belkine,published,Elreus,"Race: Belkians

Home to those whom worship the legend of Belckus and his children the Belki. They usually are covered in markings and practices a range of shadow magic. Belkine is also the home to the largest number of Blood Witches supporters. Because of its actions, it often compared to Russia on Earth and is carefully watched by the High Council."
Chapter 6 (Places),United Realms of Tier,united-realms-of-tier,published,Moon Ocean,"Race: Tierians

A large continent that sits in the center of Moon Ocean. When parts of the Tierian Moon Oka broke off and fell to Tier in ancient times, it became the United Realms of Tier or URT. It is home to millions of mages, thousands of cities, and 60 union states."
Chapter 6 (Places),Rarcoth,rarcoth,published,United Realms of Tier,"Race: Tierians

Rarcoth is one of the most popular cities located in Tier. It the place where many young mages go to explore their first experience in the big city. It has tall buildings and is the birth place of magical technology within the magical community."
Chapter 6 (Places),Land of Time,land-of-time,published,Arcota’s home,"Race: Arcota

Located in a mysterious place hidden by powerful and ancient magic. This place holds the records of time, both past and present and at its entrance are found the Pillars of Time."
Chapter 6 (Places),Anura,anura,published,Somewhere in the Indian Ocean,"Race: Descendants
Note: School of Angels

Also known as the School of Angels, Anura was first created by the Domaedians in hopes to house future beings which sought protection and teaching from the outside world. Found on a mountain cliff overlooking most of the world, only flying and/or boats can reach this location. The entire location is protected by a vail of light and only Descendants and Domaedians can cross through it. Anura has had over 200 different headmasters and currently is ran by Miada with over 10,000 students and over 4,000 staff members both human and Descendants. The school has over 20 million rooms and is surrounded by a massive forest and rivers. The actual building itself is alive and its heart is buried over 5,000 miles beneath its surface, it’s said that the heart of the building contains powerful Domaedian energy and is sought out by many beings. The core as its called is protected by 7 powerful seraphs that sleep until someone enters the chambers. So far no one has entered the chambers as it’s hidden from all including the headmasters. Over 16 courses are taught at the school including basic courses like English, History, Math, Science, and Health. Larger than any known school on Earth, it is said that this school grows in size every time a new Abnormal is born to accommodate the future possible student."
Chapter 6 (Places),Coldren,coldren,published,Earth 716,"Race: None

A place where important figures gather from across the various realms to discuss matters that pertain to their protection and outside threats. Every major council that sits at the top of their respective races, have their own hall here to discuss matters important to their respective races. It is located in a center place between the multiverse within the Realm of Living. Its exact location is a mystery to all except Olerta. Everyone else appears here through the use of powerful magic."
Chapter 6 (Places),The Federation of the Galactic Alliance,the-federation-of-the-galactic-alliance,published,Sector 787 (7 Lightyears from Earth),"Race: None
Note: FGA

The Federation of the Galactic Alliance (FGA) is a collection of planets, stars, and other cosmic bodies that all agreed on a set of rules, space laws, and actions. This massive floating space station is both office, home, school, and battleground for those who visits it. It is found about seven lightyears away from Earth. The E.L.I.T.E Organization found out about its existence once they sent astrologers to a world that is apart of it."
Chapter 6 (Places),E.L.I.T.E Tower,elite-tower,published,Somewhere on Earth,"Race: mostly humans

E.L.I.T.E Tower is a massive tower found somewhere on Earth. Its exact location is hidden even from the most elite members of governments. Its primary focus is to provide support services, protections, and relief from both intergalactic and supernatural attacks. Although from a distance, the tower appears to be one tall tower, it’s base is consisting of almost a campus like structure consisting of numerous buildings, houses, underground labs, launchpads, and a large garden around its perimeter. It is the headquarters for the Elite Astrologers at the World Lab on its south side and the E.L.I.T.E Organization at the top of the tower."
Chapter 6 (Places),Askanti or Kingdom of Askanti,askanti-or-kingdom-of-askanti,published,Place where Mesopotamia later occupied,"Race: Askantians

The original kingdom of Africa long forgotten, its people have been on the continent for nearly 500,000 years and its kingdom in existence for almost 100,000 years. It had major technological advances and even produced weapons beyond the grasp of current standards. It is believed that aliens from another world provided blueprints to make such weapons. The people of Askanti, are known for their technology, love for art, dance, logistics, and flying. Their stories inspired numerous stories including the Egyptians to build the pyramids."
Chapter 6 (Places),Incognito City,incognito-city,published,20 miles east of Elitshia,"Race: humans and androids

Incognito City is known as a high-tech city where gangs and anyone that wants to disappear arrives at to escape the surrounding world. It has holographic walls that are strengthen with advance technology. Giant billboards that follow you upon eye contact, android cops, power dampeners found throughout the city that are controlled by the city officials."
Chapter 6 (Places),Outlook Post,outlook-post,published,Elitshia,"Race: Hunters & humans

Outlook Post is one of the 12 Hunter stations found throughout the world. Their primary goal is to carry out missions against supernatural forces that threaten normal citizens. It is in Los Angeles, California. Hunters here are known for their shapeshifting abilities granted on them by the ancient American Goddess Liberty."
Chapter 6 (Places),Hunter Business of Operations,hunter-business-of-operations,published,NYC,"Race: Hunters & Humans
Note: H.B.O.O

The H.B.O.O is one of the largest hunter stations and the largest type of command center in the world, it has a massive training ground, highly advance agent centers, primary and secondary schooling, government meeting halls, and more. It is in New York City with most of it is located beneath the ground."
Chapter 6 (Places),Hunter Stations,hunter-stations,published,Around the World,"Race: Hunters & Humans

Locations around the world with 12 of them in total. They come in various sizes and are usually masked from the outside, so the rest of the world think they are just normal locations like coffee shops, storefronts, residences, etc. The largest of them is the Outlook Post and the H.B.O.O."
Chapter 6 (Places),Brazil Operations,brazil-operations,published,,Located beneath a coffee shop.
Chapter 6 (Places),Antarctica Operations,antarctica-operations,published,,Located beneath the central outpost.
Chapter 6 (Places),Tokyo Operations,tokyo-operations,published,,"The third largest outpost, it contains a traveling portal powered by dark magic. The giant Gundam acts as its guard although many believe it to be just an inactive attraction."
Chapter 6 (Places),Russian Operations,russian-operations,published,,A powerful outpost and probably the most secretive of all the operations and one of the few that the government openly knows about.
Chapter 6 (Places),Africa Operations,africa-operations,published,,A massive operations found near present day Askanti but hidden as a ghost town. The Askanti people know of its true operations but has sense worked with the Hunters to protect their lands from supernatural threats.
Chapter 6 (Places),Border Operations,border-operations,published,,A powerful and highly tactful outpost that is charged with protecting our world from supernatural threats that breaches dimensional gateways.
Chapter 6 (Places),Canadian Operations,canadian-operations,published,,Found in Vancouver downtown area. It operates as a hotel to the public.
Chapter 6 (Places),Egyptian Operations,egyptian-operations,published,,The second African operations that has existed since the ancient Egyptians after it was believed that the Egyptian Gods were threats to mankind.
Chapter 6 (Places),Arctic Operations,arctic-operations,published,,"Powerful operations where Hunters practices powerful Ice Magic, one of the few hunters that can practice magic. Their means of doing so are granted to them through Ice Shards that were left by the Nordic Gods in ancient times."
Chapter 6 (Places),Indian Operations,indian-operations,published,,Known for their powerful psychic abilities that were granted to them by the Hindu Gods of ancient times.
Chapter 6 (Places),London Operations,london-operations,published,,"Elected three hundreds years ago by the British Royal family, they are known for their stealth and advance anti-magic weapons."
Chapter 6 (Places),Barnethis,barnethis,published,Astral Plane,"Race: Spirits

Barnethis was a powerful city before it sunk beneath the ocean, like many other cities that are no longer on Earth, it appeared in the Astral Plane along with those that died when it sunk."
Chapter 6 (Places),The Void,the-void,published,Everywhere,"Race: Chaos, Leviathans, Belckus, the Belki

Unlimitedly boundless place that is seen as the darkness throughout the universe. From its core is where dark matter is born. After their fight with The Ultimate Power, Chaos, the Leviathans, and later Belckus and his Belki were banished here. No known gates exist allowing entrance or exit from this domain. For a being to ever leave this place, the Realm of Living must cease to exists. The"
Chapter 6 (Places),White Space,white-space,published,Everywhere,"Race: First Ones, The Neither

Opposite to the Void, the White Space is home to the First Ones and is birthplace of the Domi Mages, the first members of the High Council, and home of The Neither (Anka). It has no known entrances nor exists and will cease to exist upon The Ultimate Power absence from Heaven’s throne."
Chapter 6 (Places),The Sanctuary,the-sanctuary,published,Edge of the White Space,"Race: Domi Mages

Appearing as a castle with giant steel walls made of pure silver and diamond crusted pillars. Once acknowledged by ancient mages as a place where the gods convened but actually unknowingly as the place of their ancestors the Domi Mages. Not much is known of its interior other than the Grand Meeting Hall which has been drawn by the Elitshians when the first prophet foretold of all superior beings meeting here at the end of the age of magic."
Chapter 6 (Places),Solidar,solidar,published,18 lightyears from our Solar System,"Race: Desert Worms & Sand Plants

A desert world that is home to giant sand worms and active sand plants of which are either ate by the sand worms or are their predators. This hostile world has been known to serve as a filming location for galactic television mediums."
Chapter 6 (Places),The God Planet,the-god-planet,published,16 lightyears from our Solar System,"Race: Godayns

The God Planet is one of the largest worlds in the universe. It has over 1000 continents and over a million cities and towns. Its citizens are known as the Godayns and appear with pure white skin, with the shortest Godayn is six feet, and can lift twice their weight."
Chapter 6 (Places),Metro City,metro-city,published,1 lightyear outside of our solar system,"Race: Metroids

A futuristic cyber city that exists to float on an asteroid and is the size of New York City. It exists about 1 lightyear outside of our solar system. It is home to about 1 million citizens and has five distinct boroughs."
Chapter 6 (Places),Gilverd,gilverd,published,500 million miles from Earth,"Race: Various

A small world with 10-degree weather and almost unbearable except for penguin like creatures and people with fur coat looking bodies. It has various small villages scattered across the world and it has two moons. Each moon are pure iced asteroids."
Chapter 6 (Places),Moon Ring,moon-ring,published,2 lightyears form our solar system,"Race: Various

Moon ring consists of 12 moon like worlds with millions of citizens appearing almost angelic with small wings and proud statures."
Chapter 6 (Places),Mermadic Kingdom,mermadic-kingdom,published,Atlantic Ocean,"Race: Mermadic People

Sunk beneath the Atlantic Ocean by ancient dark magic. Its people were turned to mermaid like creatures by the same magic that sunk their country. Home to various cities including the famed Atlantis."
Chapter 6 (Places),Atlantis,atlantis,published,Mermadic Kingdom,"Race: Atlanteans

Atlantis is one of the most powerful and famous cities in the Mermadic Kingdom. Sunk along with the rest of the country, it was home to powerful descendants and mages. Humans worked in the city while the mages and descendants were treated like gods and royalty. To explore the ever-changing world above, the vast Atlantis has made numerous contracts with various above surface countries."
Chapter 6 (Places),United Universal Alliance,united-universal-alliance,published,Quadrant 1019,"Race: Multiple Galaxies

A federation of galaxies all agreeing on equal terms, laws, protections, rights, and issues. Their central meeting place is located on the UUA Central Campus found in Quadrant 1019. There are a total of 88 departments that make up the UUA and each are headed by generals of which are the respected spokesperson for their galaxy."
Chapter 6 (Places),United Galactic Alliance,united-galactic-alliance,published,Quadrant 98,"Race: Multiple Worlds

Like the UUA (United Universal Alliance), the UGA are an alliance of multiple governments spread across numerous worlds. Collectively they decide on the wellbeing of their respected world including agreements like to not to go to war with one another."
Chapter 6 (Places),Quadrants,quadrants,published,The Universe,"Race: Multiple races

Vast spaces that span across the universe, so far there are 10,000 known quadrants. Each are believed to have up to a hundred galaxies."
Chapter 6 (Places),Prehistoria,prehistoria,published,Under the surface of Antartica,"Race: Prehistorians

A giant island that is located below Antartica’s surface surrounded by a warm sea. Only a few people outside of Prehistoria knows of its existence. The Prehistoria stories take place here, while the Demoys also live here and have for nearly 140 years. The laws here is that time moves slower. Large magma rivers enhanced with time magic allowed Prehistoria to remain hidden from the rest of the world."
Chapter 6 (Places),Food Town,food-town,published,North of Black Forest,"Race: The Townspeople

An enchanted place located at the north of the Black Forest. It is home to magical people with appearance of Earthly and magical food items. It is believed by the rest of the magical communities that this place was created by fairies along with Candylane Village, Melody Hills, Peppermint Valley, and Bakery Hilltop to house magical spirits."
Chapter 6 (Places),Candylane Village,candylane-village,published,Northeast of the Black Forest,"Race: Candylane Villagers

Creatures of various shapes, sizes, and races coexisting in a magical place built to appear as an enchanted candy inspired city. One of its most popular sports is racing and its challengers are from the popular Candylane Racers."
Chapter 6 (Places),Peppermint Valley,peppermint-valley-places,published,,"Town centre of Candylane Village and one of its main locations. It is also home to the Peppermint King, ruler of Candylane Village. It has many buildings including a massive charge made of peppermints."
Chapter 6 (Places),Melody Hills,melody-hills,published,Northwest of Black Forest,"Race: Melodians

Home to Strawberry Darline and her many companions. It is a sweet-smelling place that is located at the northwest side of the Black Forest."
Chapter 6 (Places),Ridlan City,ridlan-city,published,Ohio,"Race: Humans & Lightning Stardust

A big city located somewhere in Ohio. It is where Lightning Stardust takes place and a place, she calls home for several years before returning to her world."
Chapter 6 (Places),Bakery Hilltop,bakery-hilltop,published,Center of Melody Hills,"Race: Melodians & Strawberry Darline

Town centre located in heart of Melody Hills. Its buildings and shops appear as real bakery items like donuts and tea mugs."
Chapter 6 (Places),Shadowbrooke,shadowbrooke,published,Kansas,"Race: Humans & Kyra Lazaron

Small town in Kansas USA where some of the worlds most dangerous battles have taken place. It is home to the main story of Spell Reign. It was nearly destroyed before Kyra Lazaron restored it and erased its residents’ memories."
Chapter 6 (Places),Garden of Eden,garden-of-eden,published,"Center of Heaven (Once on Earth, now called Africa)","Race: Once Adam and Eve

The most beautiful garden decorated with numerous trees including the Tree of Life of which all life flows. From its roots are the many dimensions that exists within this Universe. It is located in the center of Heaven, two levels below the Throne of GOD. It once was located on Earth until Santaniel invaded it and influence the first humans there. Once Eve became the first witch, the garden was removed from Earth and behind it, the land it once sat became known as Africa."
Chapter 6 (Places),Elrian Ocean,elrian-ocean,published,Center of the Tier,"Race: Mermadic Kingdom is located on its floor

Tier’s third largest ocean, it is in the center of the world and is known for its glowing sands that form the beaches. It is the most beautiful of all the oceans and is a popular destination for those whom want to visit the magical cities of the Mermadic kingdom located on its floors."
Chapter 6 (Places),Black Ocean,black-ocean,published,Western Hemisphere in Tier,"Race: Aquatic creatures

Tier’s fourth largest ocean, it’s waters are dark as night and is home to some of the most vile creatures found in Tier. Borders have been set up along its coast to prevent diving and fishing."
Chapter 6 (Places),Moon Ocean,moon-ocean,published,Southern Hemisphere in Tier,"Race: Aquatic creatures

Tier’s second largest ocean and the only ocean that is entirely surrounded by continents."
Chapter 6 (Places),Vulkan Ocean,vulkan-ocean,published,Northern hemisphere of Tier,"Race: Aquatic creatures

Vulkan Ocean is named after the God of Fire and Forge, Vulkan. It is believed in ancient times, Vulkan took refuge here after the battle of Mostibik. Its surface is oddly consisting of fire but the surface waters are nearly frozen. It is Tier’s largest ocean and is located at the northern most part of the planet."
Chapter 6 (Places),Nigerikarte,nigerikarte,published,Shadow Realm,"Race: Shadow Creatures, Tonik

Nigerikarte or often called the Nightmare Realm is actually a city found toward the north side of the Shadow Realm. It houses all the nightmares, fears, anger, and other bad emotions from the waking world. It is ruled by the banished king, Tonik. The rest of the shadow realm is to the south of it while it is connected to the Imaginarium to the northwest and to Dreomede to direct north of it."
Chapter 6 (Places),Ostafair,ostafair,published,,A maiden town with a large kingdom made up of rubies and stones erected at its center. Its humble beginnings was that of a tragic end when its royal family died leaving behind Queen Annabelle to take the thrown.
Chapter 6 (Places),Laurel Hall,laurel-hall,published,,"A long hall which houses many cities in different rooms. Where the hall is located no one knows. To get to this location, one must wish really hard or it won’t appear. It is ruled by Princess Cassandra"
Chapter 6 (Places),Mint Kingdom,mint-kingdom,published,,A peaceful place with large mushroom like structures on the top of its buildings. The people are usually singing a joyous song with many animals able to speak human language. It is ruled by Kohan Mushroom.
Chapter 6 (Places),Jerule,jerule,published,,"Sir Will Castings took over the kingdom after overthrowing his father. Believing to be a good guy, his attitude changed when his mother was banished from the kingdom and he grew even more evil when he believed although mistaken that his half-brother fell in love with his soon to be bride. Jerule is a mighty kingdom erected on a large rock. It is home to great warriors and has giant swords erected on all corners of the town."
Chapter 6 (Places),Fairy Village,fairy-village,published,,"Located on the far eastern side of Fairytale City. It is ruled by Prince Faren. Populated by all types of fairies, it is one of the most popular places within the mentioned stories of the Seven Kingdoms. It is seen as a humble place with large trees, giant animals, pixie dust floating throughout the sky, good smelling scents, and glowing crystals erected near every building for light sources."
Chapter 6 (Places),Mushroom Valley,mushroom-valley,published,,A peaceful place with large mushroom like structures on the top of its buildings. The people are usually singing a joyous song with many animals able to speak human language. It is ruled by Kohan Mushroom.
Chapter 6 (Places),Availion,availion,published,,A beautiful city with flowing streams connecting at its center. It glows in the night because of floating flowers on the surface of the streams. It is ruled by Princess Antivail.
Chapter 6 (Places),Tower Central,tower-central,published,,A large technological city that surrounds itself by large statue like robots. It is ruled by Princess Domina and her parents. Believed to be one of the most technological advance places in all the realms.
Chapter 6 (Places),Ancient Soamr,ancient-soamr,published,,A city surrounded by sand and large sand dunes. It is believed that the city sits on top of the largest basin of rivers that connects below. The rivers flow into all the rivers of the world. It is ruled by Impresss Lurella.
Chapter 6 (Places),Fairytale City,fairytale-city,published,,"A floating city that connects the other realms of the magical realm of Tier. Fourteen of those realms are ruled by royal families of whose stories intersects with each other. This city is large with buildings made up of crystals, fairydust, and giant floating orbs which protects it. It is ruled by Fairygood Weather."
Chapter 6 (Places),North Pole,north-pole,published,Artic Ocean,"Race: Dwarves, Claus family, Elves

Usually, a peaceful place consisting of joyous dwarves. It is a far away from humans and is surrounded by a snow globe enchanted by the Claus’. It consists of several mini villages all circling Christmas Tower."
Chapter 6 (Places),Oidhche Shamhna toilichte,oidhche-shamhna-toilichte,published,,"Note: Halloween in Scottish Gaelic

A place where the spirits of the dead often see while crossing to the afterlife. It is located somewhere in the Astral Plane and is decorated with almost every traditional Halloween treasures."
Chapter 6 (Places),Tok’nu,toknu,published,12th Planet from the MC Sun,"A magical world and one of the worlds of the Magical Community, it is a vast sprawling place of mages and magical creatures much like its sister planet Tier. It is pictured as having cities with buildings as tall as any on Earth and magical technology was birth here."
Chapter 6 (Places),Spell World,spell-world,published,6th Planet from the MC Sun,"A magical world a part of the Magical Community. It is mostly home to Wizards, Elementals, a few witches, magical creatures, and fairy folk. It is as far from Tier as Earth from Jupiter."
Chapter 6 (Places),Magical Community,magical-community,published,Other side of Pluto and 15th planet from the Blue Sun,"A collection of 14 worlds existing on the other side of our solar system. If someone was on Pluto, they would be able to see the furthest planet of its solar system. Its system is like ours as that each planet moves in a circular ring around the sun. The sun, however, is blue and emits both heat and coldness, universally controlling the seasons on the magical worlds."
Chapter 6 (Places),Vesper,vesper,published,Behind Pluto and 14th planet from the Blue Sun,"Race: Ice Valkens

Vesper is a small world on the other side of Pluto that is made up of mostly ice and has a surface covered in mountains of stone and ice fields. It has no known residence however many believe that Ice Valkens migrated from this world after their food source disappeared."
Chapter 6 (Places),Granjur,granjur,published,13th planet from the Blue Sun,"Race: Fairies

Granjur is a large planet and sixth largest in the Magical Community, it is the 13th farthest planet from the Blue Sun. It is green in color and is home to many fairy folk. It has a portal in the heart of the Black Forest."
Chapter 6 (Places),Black Forest,black-forest,published,5th planet from the Blue Sun,"Race: Fairies, mermaids, mermen, GODS, dwarves, fairy folk

Black Forest or Isle of Fairies is a magical place that is known throughout the Magical Community as a sprawling place of magical marketplaces, lushes greenlands, beautiful waters, and home to the Fairy Folk. Its oceans are also home to the Mermadic Kingdom with gates to other worlds found within the oceans and thick forests in the center of the planet. The center of the black forest has a gate that travels directly to Tier and is close to Tantirith. The gate doesn’t close and causes some of the forest to grow outward through the gate into Tier. Because of this, many fear it and warn to never enter this place."
Chapter 6 (Places),Galrow,galrow,published,2nd planet from the blue sun,"Race: Varies

Galrow is a fairly small planet and home to dessert like beings. Most of the world’s surface is covered in sand including its homes. Because of its dense clouds, very few outsiders know how this world really looks."
Chapter 6 (Places),Shadow World,shadow-world,published,9th planet from the blue sun,"Race: Varies

The only known world to be the front of the Shadow Realm. Because of its unique position as a place stuck half way between a black hole. On the other end of the black hole is the Shadow Realm. Half of this world is disconnected from the rest because of a large blackhole like event happening in the center of it, causing no cities or life to live near it on either side for hundreds of miles. The world is however a bustling world of thousands of cities, countries, and magical farmlands. Because of its unique position, it a place of strategic power and is often a place where battles are fought because of the Black Hole’s radiant power."
Chapter 6 (Places),Onray,onray,published,Closest planet to the Blue sun,"Race: Varies

Large planet with a hundred moons, it is closest to the Blue Sun and has over 15 different seasons. Its beautiful scenery is a popular vacation spot for mages from numerous worlds and it has a calm atmosphere. War has been outlawed for almost three thousand years and it rotates slightly slower than the rest of the planets. It is the home to the High Council and the First Ones."
Chapter 6 (Places),Blue Sun,blue-sun,published,Center of the Magical Community,"Race: Sun Mages

A large blue sun about the size of our own sun, its radiant blue glow emits both heat and ice from its surfaces creating a multiple seasonal effect to all its orbiting planets. It is one of the few Suns with orbital rings, with the planets themselves living within those large rings. From the distance, one can assume that it’s a large planet until a closer look determines it’s a star and its rings are made up of planets and light emitting from them."
Chapter 6 (Places),Vehtrah,vehtrah,published,10th world from the Blue Sun,"Race: Varies

This world is a large world within the Magical Community that over time has seen its water levels rise to its skies. It’s residents have since evolved into aquatic lifeforms and built gates that connects it to various other aquatic based places including the Mermadic Kingdom."
Chapter 6 (Places),Onis,onis,published,11th planet from the Blue Sun,"Race: Light Mages & Elves
Note: World of Light

Home to the Light Mages, this beautiful planet is covered in radiant light and produces its own sunlight. It can be seen from the distance on Pluto. Here some of the largest gates ever constructed for space travel have been created. It also is the second largest world with a high population of elves after the Black Forest."
Chapter 6 (Places),Volcanos,volcanos,published,8th planet from the Blue Sun,"Race: Vulkan, Dwarves, magical creatures

A large forge world created by Vulkan as part of the Magical Community. It is visited by many races as it serves as the workshop for many weapons known to the GODS. It was Vulkan’s home before Mostibik."
Chapter 6 (Places),Lupurr,lupurr,published,7th planet from the Blue Sun,"Race: Magical Creatures

A vast world with mostly greenlands, oceans, and large fields. This world is known for its unique vegetation. Although mostly barren, this world is home to various magical creatures though no known mages."
Chapter 6 (Places),Tier,tier,published,3rd planet from the Blue Sun,"Race: Varies

One of the most populous magical worlds in the Magical Community. It is similar in size to Earth and has close ties to the world. It was the first world to have a magical gate and its earliest races engineered powerful mechanics to allow them dimensional travel. It has one of the most extensive transportation systems, home to the Royal Family, largest capital of the Magical Community, and center point for many conventions by powerful mages."
Chapter 6 (Places),Astral High,astral-high,published,Astral Plane,"Race: Ghosts, Spirits, Gods of the Underworld
Note: Ghost School

A large school, Astral High is found within the Astral Plane and contains many important links to the other seven schools of the Magical Ring. It is often called Ghost School by foreigners."
Chapter 6 (Places),Aurelia,aurelia,published,4th planet from the Blue Sun,"Race: Aurelians, Battle Guardians, Spell Creatures

A large world consisting of Elves known as Aurelians and creatures known as Spell Creatures. It is the primary location in the Battle Guardians stories and has a direct link via the Magical Community Transit Network to Tier. It is about the size of Mars and has a similar red glow surrounding it although it experiences four seasons, similar weather patterns, and landforms as Earth and Tier."
Chapter 6 (Places),Magical Community Link,magical-community-link,published,Connects the 15 worlds through gates,"Note: MCL

The MCL (Magical Community Link) is a large transit network that connects the different worlds together through a magical rail line, magical buses, and other supernatural vehicles. It has numerous sub-networks across the different worlds including the Tier Transit Authority on Tier. The High Council are directly responsible for the network’s upkeep and expansion.  The Dimensional Gates are also part of the network."
Chapter 6 (Places),Dimensional Gates,dimensional-gates,published,Located on 1004 worlds,"Large doorways that connect to various worlds across the Universe. Mapped by the ancient mages that created them, they were inspired to connect the different worlds and build a connected network federation."
Chapter 6 (Places),Brettwood,brettwood,published,South of Chicago,"Race: Varies

A town located south of Chicago, its mysterious and has a lot of paranormal activity happening within it. Most people stay away from its almost perfect appearance because of eerie vibes they receive. It is the base of the Lifestyle stories."
Chapter 6 (Places),Lost Mountain,lost-mountain,published,Gate to Black Forest,"Race: Lost Boys & Peter Pan

An enchanted mountain that appears to lose children and Blackbeard. It is one of several gateways to the Black Forest. It is found on Earth and has a massive amount of fairy dust floating through the air. It is home to the Lost Boys and Peter Pan."
Chapter 6 (Places),Gardenia,gardenia,published,Lower Heaven,"Race: Yonrohs, Yosubut, Elitsyian Gods

A vast garden like state found in the lower parts of Heaven that was built specifically by the Primordial One Yonrohs. It’s status as part of heaven is highly debated, nonetheless has become a staple for being tightly related by Yonrohs and the birth of Yosubut and the Lesser Gods."
Chapter 6 (Places),Valken Huldrum,valken-huldrum,published,Largest moon of Liumus,"Race: Valkens

A large world that serves as one of the moons to Liumus. It’s home to the Valkens and has a darker appearance than the often bright and serene Liumus."
Chapter 6 (Places),Terra,terra,published,2 lightyears away from Earth,"Race: Terrians

An Earth like world that appears almost exactly like Earth in almost every detail. To the point where the Outer World crew thought they arrived back on Earth, shortly after leaving through one of the gates. This place is exactly like Earth in every way down to its citizens appearing to be ancestors to humans. It is believed that they appeared on Earth, populating it, leaving hundreds of years later taking with them advance technology they once used in ancient times."
Chapter 6 (Places),Luna,luna,published,Orbits Terra,"Race: Lunians

A moon similar in size as our own, it orbits Terra and appears as a shinning star in the night sky. It has beautiful scenery, luscious rivers, large mountains, cities, and its residents speak in a Latin styled language."
Chapter 6 (Places),Aura World,aura-world,published,Shadow Realm,"Race: Aura Beasts & Aurayans

A large world that mimics Aurelia in almost every way except that its nights are longer, its days shorter, and because of its strong wave of energy that flows through the air. It causes the landforms and its residents to have glowing markings. Its Spell Creatures known as Aura Beasts are also affected by the glowing markings, allowing them enhanced strength and attacks, their speed however is reduced. Behemoth attempted to collapse both worlds and almost succeeded when the Akuma opened a portal to his dimension."
Chapter 6 (Places),Demonic Dimension,demonic-dimension,published,Shadow Realm,"Race: Children of Lucifer

Home to all of Lucifer’s children, they convene inside of large temple like structure at the center of the dimension with a spirit form of their father. Behemoth was the most recent member that left this dimension to no longer return at his defeat to the Battle Guardians."
Chapter 6 (Places),Moon City,moon-city,published,Between light and dark side of the moon,"Race: Mages

Found between the dark and light side of the moon. Moon City is a place where mages visit to shop, party, and vacation. It has beautiful silver and blue rivers, a protective dome around it, and tall buildings that allow it to resemble London and NYC. In its center is the Moon Mall where many shops and magical items can be found."
Chapter 6 (Places),Moon Mall,moon-mall,published,Centre of Moon City,"Race: Mages (no residents)

A historically large and highly visited mall that is in the center of Moon City. It has many beautiful features including a large Magical Creature Zoo.  It also has a train station that stops at four points around the mall."
Chapter 6 (Places),Magical Creature Zoo,magical-creature-zoo,published,Varies,"Race: Magical creatures
Note: MCZ

Zoos that have numerous magical creatures across the Magical Communities. They contain hundreds, some has thousands of Magical Creatures ranging from numerous species even extinct ones. One of the smallest zoos can be found within the Moon Mall in Moon City."
Chapter 6 (Places),Techno Hyrum,techno-hyrum,published,Techno Triyum System (TTS),"Race: Galactic Beings

A collection of planets where technologies are at its most advance. The technology found within this system are the most advance of any other system to the point where many of its systems became sentient. There are currently 6 worlds within this system, 2 of which with cooperation with Hasbro are from the Transformers universe."
Chapter 6 (Places),Beta 5,beta-5,published,,A small world where insectoids are located and are looked upon as a desolate world from Zeta One.
Chapter 6 (Places),Theta Vi,theta-vi,published,,A large world where there is beautiful nature made up of wires and technically advance robots. The bots here are humanoids with advance communication abilities.
Chapter 6 (Places),Omega Zone,omega-zone,published,,The largest of the worlds in this system and home to the Omegadroids and Alphadroids and the other Galactic Beings. It is the most populated of the other worlds with billions of bots.
Chapter 6 (Places),Sentinel Black,sentinel-black,published,,A large world and sister world to Omega Zone. It is home to a large machine that creates bots that are sent out to various worlds to take them over.
Chapter 6 (Places),New Elitshia,new-elitshia,published,Pacific Ocean,"Race: New Elitshians

New Elitshia is a manmade country that is in the middle of the Pacific Ocean. It vary purpose was originally to be a modern day replica to the original Elitshia with all the original cities revived in modern time. The new country has all the original Elitshian ideas and structures modernized and replicated. New Elitshia is home to most of Elite Comics storylines with Central City being the most prominent location of most characters and their on going battles and lives. New Elitshia is about the size of the entire Ocenia area with Central City being about the size of NYC. Transportation in New Elitshia is controlled by NLTA which is based off of AMATA a semi-real transit authority. NLTA means New Elitshia Transit Authority."
Chapter 6 (Places),Elitshia,elitshia,published,Used to be in the Pacific Ocean,"Race: Elitshians

Elitshia the continent which houses the Elitshian Mythology was predicted to have been about the same size as Australia. This estimate left many to believe that Australia is the modern Elitshia that for some reason lost its history and started anew without any traces of the Elitshians and their many stories. Elitshia from afar could been seen as Utopia, with nourished waters, buildings erected of diamond and glass, and waterfalls that overlooked the many peaceful lands. Elitshia was estimated at having had approximately 143 cities and about 50 villages and towns, its people probably ranged from over 40,000 or based from stories about 300,000 people in all.  Its climate was very humid but with occasional raining and a vast amount of storms. Alongside the east, west, and northern sides of Elitshia lied several islands known as the Islands of Elitshia. In its center lied the largest city and birthplace of its language, Linius. Along with the islands were banks and ship ports on the south side which were used for trading and shipping. To connect with several uninhabitable islands, the Elitshians built bridges called the Pinel Connectors and they were made of marble and stone. The West, East, and South Gulfs were all considered not just trading spots but known as gateways similar to the Japanese and Chinese gateways that were found located in the lakes and seas near their homelands. These Gulfs the Elitshians thought to be the gateways to the underworld, heaven, and the Other World. Two seas lied at the western parts of Elitshians but would submerge into the Pacific Ocean along with the Indian Oceans. They were called the Prosch and Mountain Edge Seas. They got their names from two cities. The Pinel Connectors were destroyed by an army from Invasia “an island that gained independence from Elitshia” when they didn't want the continent to gain more power. Elitshia was either destroyed or named something else in the later parts of history. But one thing is for certain its name will live on forever. Below are over 100 cities that were located in Elitshia."
Chapter 6 (Places),Y’borus,yborus,published,Unknown,"Race: Y’brukahs

A mythical tree that was created by the Domi Mages to preserve the fate of existence. From its branches lies the infinite number of realms. From its stems lies the flow of Time, Magic, Matter, Life, Death, Mass, Power, and Will. Its exact location is unknown. From its existence all things have tried to find it but none had been successful."
Chapter 6 (Places),Invasia,invasia,published,East Elitshia,"Race: Invasians

Was once a beautiful city of Elitshia, until an evil unnamed emperor took control and led an army out west to destroy its alliance with Elitshia. After this Invasia became its own authority and because of their independence, its people didn't believe in magic, gods, or any other force or rule but their own. In the end a big storm destroyed the city about 2,000 years before the destruction of Elitshia"
Chapter 6 (Places),Legacy City,legacy-city,published,Future Central City,"Race: Legacies

A city full of highly advance computer generated places and people. It has since become real by combining human DNA with computerized components creating all places and things inside of the city. The city is the future of Central city and after Central City was destroyed, intellectual beings used new technology to recreate the city. This time the city rose higher and grew wider than before and its new name became Legacy City and its people became known as the Legacies."
Chapter 6 (Places),Stonehendge Valley,stonehendge-valley,published,Northern part of Legacy City,"Race: Old Worlders

Enemies to the residences of Legacy City, the Old Worlders believe that the old world and its ideas & creations are how the world should be. Thus creating a war against Legacy City to bring the world back to normal and defeat the Legacies to do it."
Chapter 6 (Places),Rock Nation,rock-nation,published,Center of Stonehendge Valley,"Race: Old Worlders

Considered the only survivors of the Old World, they are the eldest and most intelligent of Stonehendge Valley. Their city is one of the few remaining cities of New Elitshia."
Chapter 6 (Places),Old World,old-world,published,,"Race: Elitshians

Residences of the original Earth before it was destroyed, the Old World has no location as it is just a term to represent a world before the great battle of gods and mortals."
Chapter 6 (Places),New World,new-world,published,,"Race: Elitshians, Legacies

A term used to describe the new World after the great battle between Gods and mortals. It is made up of mostly technology with little remains of the Old World. It’s new center is called Legacy City where most residences are from."
Chapter 6 (Places),Arvokian Mts,arvokian-mts,published,South of Legacy City,"A wide range of mountains that expand around Legacy city and although it has no residences, it is home to several of the New Beasts."
Chapter 6 (Places),Gamuga,gamuga,published,Africa,"Race: Gamis

Hidden by large thick trees, this village has grown in incredible size over the centuries. To the point of becoming one of the largest cities in Africa. Because of its hidden nature, the rest of the world has become almost unaware of its existence."
Chapter 6 (Places),Refidge,refidge,published,South of the Mississippi River (town disappeared somewhere after 1735),"Popular in the Shadow Refuge stories, this town has been of the most prominent locations where many supernatural forces reside to find the ancient power hidden somewhere in its town limits."
Chapter 6 (Places),Tomid,tomid,published,South Elitshia,"Race: Tomidians

A tropical region found near the south of the country. It has tall pine trees and locals who sing and dance. The main geological study showcases that this city seems to never change nor age. Its large arch buildings have been one of the largest tourist attractions. The beaches around it seems to glitter like diamond."
Chapter 6 (Places),Lugia Campgrounds,lugia-campgrounds,published,Western Elitshia,The lugia campgrounds are a special place where those that have pass away are remembered and their graves erected high to be seen by nearby villages. Spirits of the dead live here in serenity and nearby locals worship these grounds as a sacred place.
Chapter 6 (Places),150 Cities of Elitshia,150-cities-of-elitshia,published,Elitshia (all areas),Race: Elitshians
Chapter 6 (Places),Eastern Elitshia,eastern-elitshia,published,,
Chapter 6 (Places),Monarch Town,monarch-town,published,,"A place where the first form of Monarchy was founded, its prime deity was Monch."
Chapter 6 (Places),Black Valley,black-valley,published,,A village haunted by shadows and demons because the people were so evil.
Chapter 6 (Places),Creaon City,creaon-city,published,,This was one of Crienta's favorite cities. It was located in the eastern part of Elitshia and had white buildings with near perfect weather at all times.
Chapter 6 (Places),Sesra,sesra,published,,One of the smallest cities located in Elitshia.
Chapter 6 (Places),Doaga,doaga,published,,The original capital of Elitshia. It would later be obsorbed by Linius.
Chapter 6 (Places),Dacata Valley,dacata-valley,published,,Often called the Black Market
Chapter 6 (Places),Balley Rouge,balley-rouge,published,,"A music loving town, it was one of the favorite cities to the Selenes and the Roses."
Chapter 6 (Places),Seresta,seresta,published,,A beautiful city known for its wide vareity of flowers. Often called Flower City.
Chapter 6 (Places),Bonix,bonix,published,,"Was home to the first monster, the first animal was also founded here."
Chapter 6 (Places),Trill Hills,trill-hills,published,,A village sitting on the tip of a high hill overlooking the Eastern Elitshia.
Chapter 6 (Places),Untuck,untuck,published,,"A city town that was destroyed by a avalanche, it was one of lowest leveled cities in Elitshia."
Chapter 6 (Places),Jessumville,jessumville,published,,"A town of lovers, it was the favorite city to Jessana. This was one of the first cities inflicted with an overdose of love, so it was the first experience of hatred."
Chapter 6 (Places),Cast'oe,castoe,published,,A city where many believed that Latin was founded and two of its people would travel out west to give it to the future civilizations of Italy.
Chapter 6 (Places),Valley of Madoe',valley-of-madoe,published,,Named after a wizard that was thought to have erected it from the sea. Its the farthest most city of the Eastern parts of Elitshia.
Chapter 6 (Places),Tapita,tapita,published,,Was a city which lied in the trees and around them lied the first river.
Chapter 6 (Places),Forge Mountain,forge-mountain,published,,A place of hardworking individuals. This city is a love to Volkanos.
Chapter 6 (Places),Moon Village,moon-village,published,,A place where all moon gods are honored and in return the people of this city recieves immortality. Here many of the world's most precious treasures are stored.
Chapter 6 (Places),Voucha,voucha,published,,Home to some of the most eloborate festivals thrown by the gods. Its people are mainly farmers and slaves.
Chapter 6 (Places),Onta,onta,published,,Its people are the first pottery makers and the people who makes glass.
Chapter 6 (Places),Race Downtown,race-downtown,published,,A racing city located near the center of Elitshia. Here some of the best tournaments and races are held because of its athletic appeal.
Chapter 6 (Places),Trefink,trefink,published,,"Here lies the world's tallest tree, Sggriuidj. Its people worships the tree and from it grants them great knowledge. Its prime deity is Authora."
Chapter 6 (Places),Sele',sele,published,,This city has over 200 streams all connecting to the Likilend Lake. At the edge of each stream lies a small village named after the gods that are worshiped at them.
Chapter 6 (Places),Western Elitshia,western-elitshia,published,,
Chapter 6 (Places),Connor,connor,published,,Was home to the first human and here begun the first working town. The first farm and steel shop was built here.
Chapter 6 (Places),Fordune,fordune,published,,A dessert town that lied near the Elitshian Desserts.
Chapter 6 (Places),Redding,redding,published,,"With a vast number of libraries and stone statues representing wisdom, this city is the birthplace of knowledge. Its one of the many cities that honors Authora."
Chapter 6 (Places),Solce,solce,published,,"Worshipers of Seltice live here, this is the direct trading spot and twin city to Moon Village."
Chapter 6 (Places),Abrixia,abrixia,published,,A place where demons destroyed its people. Out of their ashes grew a new race and from them came the first warriors that slain the demons and freed the world of evil.
Chapter 6 (Places),Credin,credin,published,,"Sea faring people who loved to fish, on its banks lied the shores in which mermaids frolic and sing."
Chapter 6 (Places),Jountis,jountis,published,,"The birthplace of hunting and worship grounds of the god, Omire."
Chapter 6 (Places),Kayesoulus,kayesoulus,published,,"Chariots, the horse, the house, and the first human weapon was made here."
Chapter 6 (Places),Extonia,extonia,published,,The farthest town out west of Elitshia. On its shores are the ports for trading with Western Island of the Four Corners.
Chapter 6 (Places),Vigara,vigara,published,,A small town. Its people are called Vigarians.
Chapter 6 (Places),Jace Ridge,jace-ridge,published,,Home to some of the most famous poets.
Chapter 6 (Places),Silver Valley,silver-valley,published,,The first silver was found here
Chapter 6 (Places),Port dell,port-dell,published,,A port town located near Extonia that also assisted in trading and buying goods from several other nations.
Chapter 6 (Places),Dale's Done,dales-done,published,,"Named after a famous pirate, Dale. This port town also lies as one of the port towns located near Extonia."
Chapter 6 (Places),Sisi Island,sisi-island,published,,A small city located on the peninsula of Elitshia. It is one of 10 cities that is located here. It's edges are located only steps from the Southern parts of Elitshia.
Chapter 6 (Places),Vaken,vaken,published,,A place where the Valkens took camp and masterminded their plans for Mostibik.
Chapter 6 (Places),Hombrixia,hombrixia,published,,A place where one of the avatars of Khani is buried.
Chapter 6 (Places),White Ridge,white-ridge,published,,"Home of the first pearl, this village is the lowest part of western Elitshia."
Chapter 6 (Places),Point Ridge,point-ridge,published,,A port town located as one of the many trading posts found near Extonia.
Chapter 6 (Places),Sports,sports,published,,The word for sports derives here. The national Olympic like games takes place here.
Chapter 6 (Places),Tackeron Domain,tackeron-domain,published,,"Home to witches and warlocks, in ancient times many people believed to practice witchcraft traveled here for protection. Its prime deity is Bewithia."
Chapter 6 (Places),Pos,pos,published,,The 1st city founded on the peninsula of Elitshia. It is 1 out of 10.
Chapter 6 (Places),Jerude,jerude,published,,Capital city of Tackeron Domain.
Chapter 6 (Places),Hondi,hondi,published,,Home to the magical fountain and wishing well. A place where no one tribe lives but rather visits for knowledge or help with everyday relations.
Chapter 6 (Places),Southern Elitshia,southern-elitshia,published,,
Chapter 6 (Places),Mostibik,mostibik,published,,A big city where the believed final battle was fought here on Earth before it actually ended in the heavens.
Chapter 6 (Places),Dogueron,dogueron,published,,River and city which flows into Danm.
Chapter 6 (Places),Mt. Peres,mt-peres,published,,River and city which flows into Danm.
Chapter 6 (Places),Ogu,ogu,published,,River and city which flows into Danm.
Chapter 6 (Places),Colestrue,colestrue,published,,River and city which flows into Danm.
Chapter 6 (Places),Danm,danm,published,,"A beautiful city of waterfalls, nourished lands, home to singers, dancers, instrument makers, the first theater. Here the four cities, Dogueron, Mt. Peres, Ogu, and Colestrue have rivers that flows into Danm's center lake."
Chapter 6 (Places),Thessalia,thessalia,published,,"2nd biggest city of Elitshia. Here the city council, city hall, and grand meeting halls are found and place law, order, and justice throughout all of Elitshia."
Chapter 6 (Places),Jorurune,jorurune,published,,5th biggest city of Elitshia. The largest jail and court house was founded here.
Chapter 6 (Places),Toduluss,toduluss,published,,4th biggest city of Elitshia. Many smaller tribes meets here for what was known as the story exchange. This practice became void and the city was merged with its neighbor Jorurne as the largest city in Elitshia.
Chapter 6 (Places),Onminus,onminus,published,,"Elitshia's 3rd biggest city, home to castles, palaces, and estates. Some of the world's wealthiest people lives and work here."
Chapter 6 (Places),Corjin,corjin,published,,"Twin city to Onminus, home to middle class people, it serves as somewhat a capital to Onminus."
Chapter 6 (Places),Onjinia,onjinia,published,,Hosidye's capital
Chapter 6 (Places),Hosidye,hosidye,published,,One of Elitshia's biggest cities and the biggest county of cities in Elitshia.
Chapter 6 (Places),Pryarya,pryarya,published,,One of Elitshia's biggest cities and the 3rd biggest county of cities in Elitshia.
Chapter 6 (Places),Mt. Punukien,mt-punukien,published,,Home to King Barbas and his followers. It lies as the highest peak in Elitshia.
Chapter 6 (Places),Mountainville,mountainville,published,,A large city that houses some of Elitshian Mythologies greatest figures. It lies at the bottom of Mt. Punukien and is also ruled by King Barbas.
Chapter 6 (Places),Ploy,ploy,published,,Most famous city of Elitshia. Here all the riches of the western world comes to and is exported through ships around the country and parts of Asia.
Chapter 6 (Places),Troasia,troasia,published,,"Honor town of King Trosh, who died in battle just before the city was built."
Chapter 6 (Places),Citi,citi,published,,The word city comes from its name. It’s a vast city with the purest waters in Elitshia.
Chapter 6 (Places),Obrixa,obrixa,published,,A place sacred to Olerta. Its people are spirit worshipers.
Chapter 6 (Places),Solville,solville,published,,"At all edges of this city, are found giant pillars dedicated to the animals who protects it."
Chapter 6 (Places),Bishop Hauntings,bishop-hauntings,published,,A haunted town that also houses the first group of churches and burial grounds. This is Montum's favorite city.
Chapter 6 (Places),Connix,connix,published,,Home to the Connixians.
Chapter 6 (Places),Baste',baste,published,,"A cat loving city, The Cat is the prime deity here."
Chapter 6 (Places),Mount Puniken,mount-puniken,published,,A secondary town for King Barbas after the gods destroyed his old city during the final battle.
Chapter 6 (Places),Northern Elitshia,northern-elitshia,published,,
Chapter 6 (Places),Jount,jount,published,,Home to the Jountians.
Chapter 6 (Places),Baerburixia,baerburixia,published,,A weird town that is seen erected above the ground by stones. This is said most of its people believed that the world would be flooded.
Chapter 6 (Places),Exxe',exxe,published,,Home of scientists.
Chapter 6 (Places),Mount Captis,mount-captis,published,,Home of the first Europeans before they left for what is now Europe.
Chapter 6 (Places),City of Gold,city-of-gold,published,,No official name but details of a great amount of gold was found here.
Chapter 6 (Places),Rock Hendge,rock-hendge,published,,A city made entirely of rocks and harden clay.
Chapter 6 (Places),Fisher's Cale,fishers-cale,published,,A port town that was deserted shortly after the fish moved toward the east and west. It was then changed into a ship making city.
Chapter 6 (Places),Village Main,village-main,published,,"The first known village, its people were very skilled ninjas."
Chapter 6 (Places),Tomen Isles,tomen-isles,published,,Three small cities floating on the banks of Northern Elitshia.
Chapter 6 (Places),Ogre Town,ogre-town,published,,Birthplace of Ogres.
Chapter 6 (Places),Dagger Valley,dagger-valley,published,,Nextis threw a dagger to the ground and from it came the first soldiers in his army. They then went on to find this city and built weapons from it.
Chapter 6 (Places),Succer Rome',succer-rome,published,,Sports capital and a market for sports lovers.
Chapter 6 (Places),Ville' Vae Village,ville-vae-village,published,,A place of beautiful men but no sight of women.
Chapter 6 (Places),Soejunction,soejunction,published,,A barren town with no rain but nourished springs and wild jungles.
Chapter 6 (Places),Creta,creta,published,,Capital of Northern Elitshia.
Chapter 6 (Places),Donura,donura,published,,"A city, its people are called Donurians."
Chapter 6 (Places),Humanitulusu,humanitulusu,published,,Home to the first woman. This place also harbors the birth of the Wareins (Amazons).
Chapter 6 (Places),Fredda,fredda,published,,6th biggest city of Elitshia. Its people are called the Fredda Bogans. This is one of the only cities in Elitshia that speaks in another language. It sounds similar to german.
Chapter 6 (Places),Topilitus,topilitus,published,,A town
Chapter 6 (Places),Honji Isle,honji-isle,published,,A town
Chapter 6 (Places),Forjin,forjin,published,,A town
Chapter 6 (Places),Fortune Valley,fortune-valley,published,,The richest place in Elitshia. Here almost only royal figures comes to rent estates. The Gods leisure moments are here.
Chapter 6 (Places),Preda,preda,published,,7th biggest city of Elitshia. Another city by the name of Preda exists on the peninsula of Elitshia.
Chapter 6 (Places),Preda,preda-places,published,,"Note: peninsula city

A city located as one of the 10 cities on the peninsula of Elitshia."
Chapter 6 (Places),Toaga,toaga,published,,Enemy town to Mountainville. They had a similar war to the Trojan War with the people of Mountainville.
Chapter 6 (Places),Aerillia,aerillia,published,,"A place of beauty, the first unicorn and mythical beasts were found here. Its people adopted many cultures from other places around the world and told them here."
Chapter 6 (Places),Island Mope,island-mope,published,,Worshiped island of Artica. It is connected by a small strait located at its tip that connects to the northern tip of Elitshia.
Chapter 6 (Places),Central Elitshia,central-elitshia,published,,
Chapter 6 (Places),Dowling Ville,dowling-ville,published,,"A place with a vast number of men and known for its vibrant warfare. Here the amazon queen, Melina later ruled enslaving the men here."
Chapter 6 (Places),Dallus,dallus,published,,"Fishermen comes here and worships Crochen, some of the greatest batches of fish are located here."
Chapter 6 (Places),Soleed,soleed,published,,"A city filled with roads, streets, and smaller unknown villages. Its buildings are the most seen buildings of Elitshia. This town held the first road and is sacred to Sonos."
Chapter 6 (Places),Island of Mi,island-of-mi,published,,A city once located in northern and then southern Elitshia until it finally settled in center Elitshia.
Chapter 6 (Places),Trio,trio,published,,Three cities that connects into one point and creates a smaller city at their tips. At the tip lies Trio a market downtown.
Chapter 6 (Places),Totaluckus,totaluckus,published,,One of the three cities that connects to Trio.
Chapter 6 (Places),Domaluckus,domaluckus,published,,One of the three cities that connects to Trio.
Chapter 6 (Places),Barbaruckus,barbaruckus,published,,One of the three cities that connects to Trio.
Chapter 6 (Places),Muno Grounds,muno-grounds,published,,A sacred city that worships the dead. All gods comes here and just like spirits are forbidden to touch its grounds. Here the biggest cemetery lies.
Chapter 6 (Places),Gianta,gianta,published,,"Small town, its name reigns from a tree that can be seen throughout central Elitshia. The tree itself takes up nearly 90% of the city."
Chapter 6 (Places),Abodia,abodia,published,,A mining town with little people living here.
Chapter 6 (Places),Arvidia,arvidia,published,,A group of small islands that sits at the very tip of Central Elitshia and lies in the center of Likilend Lake.
Chapter 6 (Places),Likilend Lake,likilend-lake,published,,"Is the biggest lake in the world. At its center lies Arvidia, and around it Elitshia built and formed hundreds of cities. This lake is said to have no bottom."
Chapter 6 (Places),Race,race,published,,"The first town to appear near Likilend Lake before it was consumed by several other cities around it. At one time this city had over 10,000 people from different cultures living here but it is believed that they left and journeyed out to all points of the country."
Chapter 6 (Places),Borgus Pit or the Bottomless Pit,borgus-pit-or-the-bottomless-pit,published,,"Created by Crienta, after the death of the gods, cities called Borgia County would be built around it with the Borgus Pit only being seen as a gateway to the afterlife, forbidden to ever enter. Fences of rock was built around the pit and guards sat near them to ensure safety of its people."
Chapter 6 (Places),Kalkius,kalkius,published,,The city of scholars and mathematicians
Chapter 6 (Places),Moue',moue,published,,"Home of the first sightings of glass, its walls and giant structures are made of glass."
Chapter 6 (Places),Word Town,word-town,published,,The most important business district of Elitshia.
Chapter 6 (Places),Central City,central-city,published,,"The largest city in New Elitshia, it’s the main location of which most of Elite Comics universe takes place, its about the size to New York City and has many similarities to the related city. Its main mode of transportation is vehicles and the NLTA which runs throughout the entire country."
Chapter 6 (Places),Sector A,sector-a,published,,"Found in the northern part of New Elitshia, this beautiful place is home to mostly schools, musuems, and many other educational sections of Elitshia. Almost all Elitshian residences attend school somewhere here, its highly protected by giant gates and violence is forbidden here and a strict security has been enforced here for safety."
Chapter 6 (Places),Sector B,sector-b,published,,"Located in the Eastern part of New Elitshia, a place of glamour and elegance, so beautiful, it has been called the land of the rich, like Sector A, it is protected by giant gates. It has been called the Hamptons and Beverly Hills of Elitshia with its big structures, houses, schools, and beautiful landscapes."
Chapter 6 (Places),Sector C,sector-c,published,,"The downtown region of Elitshia, about the size of modern downtown Japan, this giant city is direct comparison to Central City and is only smaller by a few feet and is the 2nd largest city in New Elitshia. Its buildings are closely modeled after buildings found in New York City, Los Angeles, and Miami. A massive explosion was caused in the center portion of the city, infecting the residences with supernatural abilities."
Chapter 6 (Places),Sector D,sector-d,published,,"A small landmark mostly made of ponds, rivers, lakes, and parks"
Chapter 6 (Places),Sector E,sector-e,published,,"A entertainment district, its appearance is closely similar to Las Vegas and is almost identical from above, it’s also called East City because of its direct eastern location to Central City."
Chapter 6 (Places),Sector F,sector-f,published,,"Largely residential area of New Elitshia with homes of different sizes, schools, museums, historical structures, and a giant telescope found at the edge of the city which on the other side is the historical district of Sector H."
Chapter 6 (Places),Sector G,sector-g,published,,"Often jokingly called G for Ghetto, because of its deteriating strucutres. One of the most violent and often neglected city of all of Elitshia. It is also the 2nd oldest part of New Elitshia, almost being over 200 years old and has since seen its population grow because of its cheap living and the fact that it sits near one of the most beautiful beaches in the world. The city since about 40 years ago, been enclosed in a giant ceiling less dome constricting of heighten security to help make the city more secure."
Chapter 6 (Places),Sector H,sector-h,published,,"The oldest city in New Elitshia, standing at 250 years old, for almost 50 years it was the only city in New Elitshia and it was the central and most powerful city. It has been moved several times eventually settling at the southern peak of New Elitshia because to its beautiful scenary and great tempatures. The city is protected by a giant brick and glass wall with giant telescopes around it. The city has many educational properties including museums, labrotories, schools, giant telescopes, etc."
Chapter 6 (Places),Sector I,sector-i,published,,Small residential city
Chapter 6 (Places),Sector J,sector-j,published,,Small residential city
Chapter 6 (Places),Sector K,sector-k,published,,Small city mostly known for its large setting of industrial buildings like factories and some of the world’s headquarters.
Chapter 6 (Places),Sector L,sector-l,published,,"Giant residential city, with over 2 million residents, it’s the largest populated residential only city in the world. Only small businesses exist here and commute can be done easily and quickly to Central City which is about 30mins to its west."
Chapter 6 (Places),Sector M,sector-m,published,,"A place of zoos, theme parks, and giant kid-related locations, also called South City."
Chapter 6 (Places),Sector N,sector-n,published,,"Often called North City, this city is the northern most part of New Elitshia and at its core is the New Elitshia Airport (NLA) , the largest and world’s busiest airport and the northern point of the transit system found in New Elitshia."
Chapter 6 (Places),Sector O,sector-o,published,,"Found on the coast of Eastern New Elitshia, often called the New Consheta, its beauty is often believed to rival the place of the Heavens, many deities and supernatural beings comes here. Because of this, the residences of Sector O built their homes and businesses on the edges of the city and devote the inner portion of the city to the beings that visits there."
Chapter 6 (Places),Sector P,sector-p,published,,A small residential city with various parks and schools
Chapter 6 (Places),Sector Q,sector-q,published,,Giant residential city with over 20 schools and over 30 parks and lakes.
Chapter 6 (Places),Sector R,sector-r,published,,Small industrial city found near the northeastern part of New Elitshia.
Chapter 6 (Places),Sector S,sector-s,published,,Small industrial city found near the southwestern part of New Elitshia.
Chapter 6 (Places),Sector T,sector-t,published,,"A mid-size technology zone in New Elitshia, plenty of tech enthusiasts exists here and many schools, industrial buildings, and museums are located at the citie’s core."
Chapter 6 (Places),Sector U,sector-u,published,,"Similar in appearance to Atlantis, the buildings and edges of the city has markings relating to the once beautiful city."
Chapter 6 (Places),Sector V,sector-v,published,,Small residential city
Chapter 6 (Places),Sector W,sector-w,published,,Small residential city with a large aquarium at its center
Chapter 6 (Places),Sector X,sector-x,published,,Often called the New Elitshian version of Roswell because of its many alien visits and dessert like surroundings. The city is found near the southeastern portion of the country.
Chapter 6 (Places),Sector Y,sector-y,published,,Small business district with skyscrapers that are some of the largest in the region.
Chapter 6 (Places),Sector Z,sector-z,published,,"A giant government driven city with similarities to Area 51, it’s also the home to many artifacts and mysterious objects that have once fell or came to Earth."
Chapter 6 (Places),Sector One,sector-one,published,,"A giant area with no residences nor businesses and is enclosed by a giant dome, this area is the location of many gateways that leads to many different worlds including Aurealia, Lium, The Underworld, and Aru. Unknowngst the New Elitshia and others of Earth, this place appeared out of nowhere and has since been called the Realm of Realms and the center doorway lies Olerta’s home. This area can only be entered by someone of supernatural abilities, this city can only be found by a psychic and only someone destine to come to this place can enter its gates."
Chapter 6 (Places),Conshetta,conshetta,published,Center of Elitshia,"Race: Consheias

A beautiful place that houses the Fountain of Life and Purity. Graced with beauty and place in the Heavens, it is tended by Smod and her nymphs. It was once set to flames by the Valkens but recovered within seconds. It is believed that this sacred garden was once the great creator god's favorite place to play as a child. The Fountain of Life and Purity stood at 20 feet tall with golden and silver jewels decorating it. Representing eternal youth and innocence, both the garden and the fountain would be protected by an energy barrier created by Yonrohs that would release a powerful field of energy that could take the life of an immortal."
Chapter 6 (Places),Authorose,authorose,published,Northern Elitshia,"Race: Authorians

City famous for its discovery by Authora, unlike most other cities this city was both beautiful, rich with many precious minerals, and protected by gods. Authorose served as birthplace of teachers, poets, dancers, inventors, artists, and most famously the Virgins of Authorose. The virgins served as the assistants to Authora. Although by legend it was considered the smartest place on Earth and bore very few residents of its own. It sat at the edge of the Northern part of Elitshia. Over ten thousand ports lined up on its edge and its coasts stretched as far to the Eastern and Western parts of Elitshia. It was the largest province not city in Elitshia based on land."
Chapter 6 (Places),Lost Valley,lost-valley,published,random places,"Race: the undead

A place where the dead dances and sings. On the 31st of October, 24th of December, 1st of January, and the 1st of April this place appears in various places on Earth. On these dates, the dead comes to Earth to relive their lives in celebration."
Chapter 6 (Places),Word Town,word-town-places,published,Center of Elitshia,"Race: Elitshians

The city that once existed somewhere closes to the center of Elitshia. It belonged to its self and had no country such as Eastern, Western, Central, Southern, or Northern Elitshia claiming it. The reason behind this city was to be where all weapons and great inventions begun and created. Once sighted, Volkanos took his hand and dug up the city and lifted it to the skies where he then works from as his workshop. In memory of this place another city was created in Center Elitshia and is one of the most important business districts in Elitshia."
Chapter 6 (Places),Trade Island,trade-island,published,Southeast Elitshia,"Race: Trade Island Workers

One of the cities that is an island that lies so close to Elitshia that a bridge later connected the two. Here the many merchandise of the world are imported and exported to and from Elitshia. People do not live here and only markets and businesses are allowed."
Chapter 6 (Places),Wilheim Manor,wilheim-manor,published,Willowbrooke,"The Wilheim Manor is a large house that is haunted by over hundred ghosts that have either been killed, died by natural cause, and supernatural causes. Because of the massive amount of supernatural activity that has happened in the house, it causes anyone that dies here to stay locked inside of the house for eternity. The house is found in Willowbrooke."
Chapter 6 (Places),Willowbrooke,willowbrooke,published,Elitshia,"Race: Elitshian

A seaside town that is known for its mysterious and supernatural activities that has attracted to it. One of its most prominent buildings is the grade A listed Wilheim Manor which was one of the few homes that have existed since its founding."
Chapter 6 (Places),High Priestess,high-priestess,published,Downtown Elitshia,"Race: Street Deviants

On the surface, this shop appears as any other novelty shop with the exception that it is the base of operations of the Street Deviants. In the front are mysterious artifacts, crafted objects, skulls, voodoo attire and products, and an aura of supernatural activity. In the back is a large room where the Street Deviants have advance computers, equipment, and separate rooms for them to operate and sleep. It is the shop of Mistress Voodoo."
Chapter 6 (Places),House of Sanctarium,house-of-sanctarium,published,edge of Elitshia 1st ring,"Race: Devious Clowns

A large oval shaped building that sits on a small island near the edge of Elitshia’s outer 1st ring. It has numerous entrances and over the years been home to a long list of villains who called it their headquarters. Rumors are that it was created by the city’s first real villain and in their death, willed it out to The Ringleader."
Chapter 6 (Places),Fire Lands,fire-lands,published,,"Located on the southeastern side of Aurelia far from most other landforms mostly because of its intense heat and mountainous range. This area is mostly covered with rocks, rivers of lava, and flames arising from its grounds."
Chapter 6 (Places),Ocean Kingdom,ocean-kingdom,published,,"Metropolis like city located in the Moradian Sea. It is about the size of North America on Earth and was found nearly 10,000 years ago by divers at the Barbian Coast. It is guarded by mermaids and its king Poseidon and appears like pure crystals and diamonds with fishes often circling its entrances."
Chapter 6 (Places),Sky Temple,sky-temple,published,,"Metropolis like city floating above most of Aurelia often hidden by giant clouds. It is believed that ancient magic holds up this floating city and that it will collapse on the world below at the ends of time marking the Apocalypse. At its center is the home of Iris, Goddess of Rainbow."
Chapter 6 (Places),Arctic Islands,arctic-islands,published,,"Located at the Northwestern part of Aurelia, this freezing cold area contains mountains, hills, valleys, and a city located at its center made of ice, snow, and rocks. At its southern edge is the River of Norcasis."
Chapter 6 (Places),Aurelia Sand dunes,aurelia-sand-dunes,published,,"Giant hills, valleys, and cliffs of sand with glowing crystal like structures arising from the ground. Surrounded by giant trees and giant statues, this location is mostly secluded and because of the deadly creatures located in this region it is forbidden to enter unless accompanied by a Guardian Creatures."
Chapter 6 (Places),Plane of Light,plane-of-light,published,,Located in another dimension believed to be the Heaven of Aurelia where most Light types live. This place is one of the most beautiful lands of all realms and can only be reached by the dead or by powerful use of magic.
Chapter 6 (Places),Dreamland,dreamland,published,,"An island located in the North Ocean. Humans, animals, Aurelians, and Creature Guardians travel to this world once they fall asleep. Its pictured as a beautiful world with vast environments and magical creatures that roam it."
Chapter 6 (Places),Desserts of Time,desserts-of-time,published,,"Located at the edge of East Ocean, this barren land contains deadly creatures and giants that live within the mountains and some Aurelians have built their cities out of rock and trees. Diamond City is the capital of the Desserts of Time."
Chapter 6 (Places),Phoenix Forest,phoenix-forest,published,,A beautiful land of overgrown trees and giant overlooking mountains and deep valleys. It is the home of most legendary creatures and different species of phoenixes. This forest like terrain is protected by a barrier like rainbow which connects to the land of the gods
Chapter 6 (Places),Silverwood,silverwood,published,,"Giant sized city guarded by over 10,000 smaller cities with its inner core protected by giant steel machines that appears as giants. This county is mostly known as the birthplace of all Aurelians and is the oldest region in Central Aurelia."
Chapter 6 (Places),Golden Arch,golden-arch,published,,"A giant land located on most of the western part of Aurelia and contains a miniature portion of land for each known type of creature in Aurelia. It’s mostly jungle, forest, and giant cities located around its center with mountains and deserts serving its northern and southern regions. The West Ocean is on its western border with the Ancient Mines of Aurelia on its east."
Chapter 6 (Places),Ancient Mines of Aurelia,ancient-mines-of-aurelia,published,,Located on the eastern portion of the Golden Arch and the northern tip of Desserts of Time. This landform is mostly old ruins that once resembled cities found in the middle of giant cliffs.
Chapter 6 (Places),River of Death,river-of-death,published,,"Unlike most other rivers found in Aurelia, this river is the longest river ranging from Plane of Light to the Underworld. The river at its halfway point holds the City of Marture which appears when someone is on the edge of death."
Chapter 6 (Places),Underworld,underworld,published,,"Located at the lowest part of Aurelia and is connected by the River of Death to the rest of Aurelia. It appears as a giant city in the middle of a cavern of rocks, lava, and fire."
Chapter 6 (Places),Aurelia City,aurelia-city,published,,Giant city located at the heart of Aurelia pictured similar to New York City and is the size of Australia. The tallest building is located at its center and is the tallest building in all of Aurelia.
Chapter 6 (Places),Cartia,cartia,published,,A city located at the edge of North Ocean with the Port of North Aurelia located at its northeastern edge. The city is guarded by giant trees and located at the northern front of the Forest of Knowledge.
Chapter 6 (Places),Daegun,daegun,published,,A city known for its farmers and middle class workers. It’s located on the southwestern side of Aurelia.
Chapter 6 (Places),Vex,vex,published,,A city of the rich with golden structures located throughout its core and diamond like structures located at the very edge of its harbor. Vex is located across the Temple of the Oracles.
Chapter 6 (Places),Oldun,oldun,published,,An old city located at the edge of Toyland on the Southside of Aurelia. Its views can see the South Ocean from giant overlapping cliffs and ridges.
Chapter 6 (Places),Temple of the Oracles,temple-of-the-oracles,published,,"The major most temples located in Aurelia. It contains all the knowledge of the future and is home of the Royal Family as they watch the world, its history and future. The temple or castle is located overlapping Aurelia City by a crystal like bridge."
Chapter 6 (Places),Psychic Valley,psychic-valley,published,,"Located at the Northern part of Aurelia, this mountainous range of villages and cities are found hidden from sight and can only be accessed by the Lost Map and magic."
Chapter 6 (Places),Dark Worlds,dark-worlds,published,,"Considered one of the two moons of Aurelia. Once part of Aurelia, this world was split by powerful wizards and was separated once the war of the lands begun. Lord Behemoth and his minions rule this world and are often considered the Shadowlands.

Trimium, Home of the Gods

City of gold and diamonds, this city floats near the Sky Temple and can only be accessed by the Rainbow bridge. This city is ruled by Zeus on the eastern side and by Odin on the western side. The giants rule the southern side of this realm."
Chapter 6 (Places),Blederith,blederith,published,,The Mirror World
Chapter 6 (Places),Toyland,toyland,published,,A land made of Lego like parts and is ruled by the Toy King. Its location lies near the Birthlands and is protected by giant Gargoyles.
Chapter 6 (Places),Prehistoric Highlands,prehistoric-highlands,published,,"A forest like realm with mountains, hills, valleys, and no Aurelians. This prehistoric location is home to the dinosaur creatures and was once the only place located in Aurelia until magic was born and imprisoned this land in the past. Only access is through the Cavern of Time which in return is located on the Island of Time (the southeastern portion of Aurelia."
Chapter 6 (Places),Land of the Machines,land-of-the-machines,published,,"A place located at the Western part of Aurelia in the West Ocean. It is connected by a giant 5,000 mile bridge that can be crossed easily by the train or planes. It is mostly made of steel, metal, and machines."
Chapter 6 (Places),Birthlands,birthlands,published,,Located at the center portion of all of Aurelia near Aurelia City. This place is the birthplace of all creatures and life in general and has direct access to both the Plane of Light and the Underworld. The gods created this location so new souls can be birthed into the world through forms of eggs and nursery.
Chapter 6 (Places),Healing Centers,healing-centers,published,,"Serving as the major hospitals and healing hubs in Aurelia, there are over 145 centers across the world and each have their own caretakers appearing as nurses or doctors and each has its own OGGUNNY assisting. The main one located in Aurelia City is the largest and at its core is Dr. Aresta who provides starter guides for Battlers & Protectors. They are often designed to appear similar to Soul Readers on the roof and sides and are somewhat homes for many lost Aurelians and creatures."
Chapter 6 (Places),Forests of Aurelia,forests-of-aurelia,published,,"As seen in the first couple of episodes of the comics, the forests are widespread and are home of elfish Aurelians known as the Tree People whom roam the forests in an attempt to live and work. They commute throughout Aurelia finding food and working on different projects, as appose to other Aurelians. Tree people aren’t as intelligent and technology prone as they are used to their old ways and their minimal magical skills."
Chapter 6 (Places),Soul Realm,soul-realm,published,,"The soul realm is a mysterious place that exists beyond the Dreamland. It is only accessible through Seals and is pictured as a mountainous range with hills, silver rivers, high beams erected above all else. This land appears with the sealed monsters floating in mystical orbs, used to heal them and preserve their natural energy."
Chapter 6 (Places),Imaginarium,imaginarium,published,Located between the Shadow and Dream Realms,"An imaginative place where everyone goes to even if temporarily. At one point when he fell into a deep sleep unable to awake. Kendo Lazaron mentioned that he had to perform trials to awake, and others have also mentioned that it is a place for those stuck inside of a coma. It is linked to Dreomede and Nigerakarte through a bridge made of silver and dreamdust."
Chapter 6 (Places),Astral Plane,astral-plane,published,Below Realm of Living and above the Underworld,"Race: Spirits, ghosts, phantoms, ghouls, shadows

One of the 14 Realms. The Astral Plane came into being through the actions of the first death. The realm grew and intertwined into the Realm of the Living and the Underworld. In it’s whole, the Astral Plane resembles the world of the living and takes the form of the last place of those that are within. A common place that everyone sees is a place known as Fortress of Rest, here lies hundreds of cities that acts as a gathering place for the dead."
Chapter 6 (Places),Realm of the Living,realm-of-the-living,published,Contains the multiverse,"Race: Everyone that is alive

One of the 14 Realms. One of the three largest realms in existence aside Heaven and Hell. It is also the most populated with near infinite lifeforms. During the birth of the Primordial Universe, the first universe, a powerful burst of energy split the universe into an endless string of other universes. Some universes can exist so close to one another that they can be travelled to from one another through portals known as gates. Others are far away with their own near parallel universes causing their own multiverse."
Chapter 6 (Places),Eliteverse,eliteverse,published,,"The main universe found within the Eliteverse, it is Universe 7."
Chapter 6 (Places),Universe 10,universe-10,published,,The universe where humans are dominate on Earth and considered our existing universe. It was one of the few universes to survive the Akuma destruction.
Chapter 6 (Places),Mirror Universe,mirror-universe,published,,A complex yet fragile place that mirrors each individual universe. It was artificially created by the Mirror Master and inhabits the Porcelain People and House of Dolls. It can be accessed through any mirrored surface.
Chapter 6 (Places),Miniverse,miniverse,published,,"A universe where everyone and everything is miniaturized. It is home to the stories of Mini Heroes, Mini Villains, and Mini Warriors."
Chapter 6 (Places),Dead Universe,dead-universe,published,,"Shortly after the Big Bang event happen, this universe continued a similar evolutionary path as our own until a disease swept through its many worlds turning its citizens into zombies. Only a few million are immune. It is featured in the Rise of the Dead Saga as two descendants attempt to control the dead with a powerful item called the Pearl of Indomnia."
Chapter 6 (Places),Universe 818,universe-818,published,,"This universe is like our own, except its technology is thousands of years more advanced and most people on Earth has have their minds uploaded to a virtual world."
Chapter 6 (Places),Virtual World,virtual-world,published,,A virtual reality universe. It can take the appearance of any game that is being played. It effectively exists within the Omniverse.
Chapter 6 (Places),Omniverse,omniverse,published,,"It is believed and greatly studied by even the gods. That every form of media from books, games, comics, someone’s mind, our reality, the multiverse, movies, tv shows, etc. all are real, and each exists in their own universe. All of this exists within a collective Omniverse and no one being except Anka and Elshack have ever been able to see it as a whole and understand it."
Chapter 6 (Places),Universe 1986,universe-1986,published,,"The main universe for most printed media found within the Eliteverse. Unless otherwise stated, this universe serves as the primary universe for books, comics, novels, and other printed material."
Chapter 6 (Places),The Dog Universe or Universe 444,the-dog-universe-or-universe-444,published,,A universe created by The Dog when it won a war against The Cat. This universe was destroyed by the Akuma.
Chapter 6 (Places),The Cat Universe or Universe 999,the-cat-universe-or-universe-999,published,,A universe created by The Cat when she won a war against The Dog. This universe was destroyed by the Akuma.
Chapter 6 (Places),Primordial Universe,primordial-universe,published,,"Also known as: Universe 1

Is the original universe and the first to have been created during the early years of the Omniverse. Here it is believed that every race on every planet that is inhabited is highly advanced. Their united war created the Omniverse."
Chapter 6 (Places),Universe 318,universe-318,published,,"A universe that is shown in the story, The Multiverse. It appears to have no sound."
Chapter 6 (Places),Universe 899,universe-899,published,,A universe where most of Earth was flooded and everyone had to build their cities in the sky. It is believed to the be the universe of The Jetsons and the Flintstones.
Chapter 6 (Places),Universe 1962,universe-1962,published,,The universe that is believed to be the universe of Bewitched.
Chapter 6 (Places),Universe 1965,universe-1965,published,,The universe that is believed to be the universe of I Dream of Jeannie.
Chapter 6 (Places),Universe 111,universe-111,published,,The universe which shows the Lazaron siblings never learning of each other and never save the world from the Horsemen of the Apocalypse. This universe was destroyed by the Akuma.
Chapter 6 (Places),Universe 717,universe-717,published,,The universe where the Elite Force are villains and every hero in the main universe is a villain and the villains of the main universe are heroes. This universe is destroyed by the Akuma.
Chapter 6 (Places),Universe 700,universe-700,published,,"This universe was destroyed by the Akuma, it was seen to be a fairly normal place with no magic or superpowered individuals. However, its skies were always red because of its red sun."
Chapter 6 (Places),Universe 600,universe-600,published,,In this universe it never evolved pass the ice age. It was destroyed by the Akuma.
Chapter 6 (Places),Universe 515,universe-515,published,,Here the universe has purple void instead of black like the main universe. It was destroyed by the Akuma.
Chapter 6 (Places),Universe 2010,universe-2010,published,,"With partnership with AMC, this universe was briefly seen to have been saved during the Akuma’s destruction. It is the universe of the Walking Dead."
Chapter 6 (Places),Universe 1996,universe-1996,published,,"With partnership with Nintendo, this universe was visited when the Eliteverse, the Pokemon Universe, and the Digimon Universe crossover."
Chapter 6 (Places),Universe 1997,universe-1997,published,,"With partnership with Bandai, this universe was visited when the Eliteverse, the Pokemon Universe, and the Digimon Universe crossover."
Chapter 6 (Places),Universe 1993,universe-1993,published,,"With partnership with Hasbro, this universe was crossover when the Power Rangers from every generation and the Earth Raiders combined forces to save their respective Earths from destruction."
Chapter 6 (Places),Shadow Realm,shadow-realm,published,Located within shadows,"Race: Shadow Creatures

One of the 14 Realms. A desolate place where shadows and shadow creatures live. It was created shortly after Tonik was defeated and banished by the other Domi Mages during the early days of magic. It has cities, homes, schools, and worlds like our own universe. It can be accessed through shadows of sacred places and powerful people. Its skies are always a shade of red and orange because of its dark red sun."
Chapter 6 (Places),Dreomede,dreomede,published,Dream Realm,"Race: Dream Gods

Dreomede or often called the Dream Realm is one of the 14 Realms. It is a place often seen only in the dreams of a sleeping being. Ruled by Onarosh and his siblings, this realm is coated in beautiful lights, a peaceful aura, and surrounded by mountains. It is connected to the south by Nigerikarte and to the west by the Imaginarium."
Chapter 6 (Places),Quanti’h,quantih,published,,"Race: Varies, Akuma and its children

Quanti’h is one of the 14 realms and newly discovered. It is home to over a million worlds like those found in the Realm of the Living. On each of those worlds are dimensions that can connect to almost any moment in existence. This realm is often used by powerful beings and its citizens to travel between realms. This ability, however, is almost entirely forbidden and unknown to the rest of the realms. Its existence is unknown even to Olerta. While it was attempting to re-enter the Realm of the Living, the Akuma created this vast realm and filled it with human like beings of whose bodies appeared like the night sky. On seven of its worlds were the Akuma’s children."
Chapter 6 (Places),Heaven,heaven,published,Above all else,"Race: All races of Angels, Adam, Eve, GOD, Anka, the Gods, Primordial Ones, Yonrohs, Heavenly Beasts

One of the 14 realms. Consisting of the upper part of existence, nothing is said to exist above it except Anka (also known as the Primordial Chaos) of which no one can see accept some Primordial ones and the Ultimate One. Heaven is a massive place consisting of numerous levels each only accessed together through long bridges and or gates that are as tall as the sky on Earth. They each are guarded by a Celestial Guardian before the guardians were sent to Earth to guard it from the rise of demonic threats. Heaven consists of:"
Chapter 6 (Places),Vilon,vilon,published,,"The lowest level which is closest to Heaven. It is where Guardian Angels, The Watchers, Primordial Ones, and the Garden of Eden exists. It is ruled by Gabriel."
Chapter 6 (Places),Araphel,araphel,published,,"The level above Vilon. It is the place resembling a massive city made of silver and gold. It is engulfed by a long golden river. It is home to all those that die and are sent to live out the rest of their time, in Heaven."
Chapter 6 (Places),Raqia,raqia,published,,"The third level that is ruled by two angels, Zachariel and Raphael. Because of its massive size it is home to many things including the Elements of Existence (Fire, Rock, Water, Energy, Death, Life, Mass, Matter, and Time), Andvom (the home of all Time, Shecknurd, and the Arcota), and is home to the largest prison of mystical beings called Oblivion."
Chapter 6 (Places),Shehaqim,shehaqim,published,,"Ruled by Anahel, it is the place where the idea of nature was born. It is home to where magic was created and from where it flows."
Chapter 6 (Places),Maon,maon,published,,"It houses the Altar, the Temple, and the heavenly Jerusalem. It is ruled by Michael."
Chapter 6 (Places),Makon,makon,published,,"Ruled by Samael, is houses the Ishim and Song-Uttering Choirs"
Chapter 6 (Places),Zebul,zebul,published,,"The seventh level that is ruled by Sachiel. It is the birthplace of all things in creation including newborn souls, Eternity, home of the GODs, lies here including Primordial beasts including the High Council."
Chapter 6 (Places),Araboth,araboth,published,,"Houses the Throne of GOD where GOD dwells, the arch angels, Seraphim, the Cherubim, Hayyoth, and where all creation is made."
Chapter 6 (Places),Kendole,kendole,published,,"The ninth level is home to Anka (the primordial chaos) and nothing exists here and is said to be a secret even to GOD. Azazel has visited this place twice, once to deliver to old GOD to become a part of Anka again and at the end of time to deliver the current GOD to become a part of Anka again."
Chapter 6 (Places),Hell,hell,published,Below all else,"Race: Santaniel, Belckus, demons, demonic entities, Hell creatures

One of the 14 realms. Containing the lowest parts of existence. Above it lies the underworld and from it exists all aspects of the place for torment and punishment of the worse of things of that person’s life. It consists of several levels each worse than the previous. At its lowest level is the King of all evil, Belckus and his eldest son Santaniel is imprisoned above him."
Chapter 6 (Places),Onur,onur-places,published,,Often called the underworld in the Elitshian Mythology. It is a place of perpectual sadness and regret. It is the home of the underworld gods and place where the dead is punished for their crimes and sins while on Earth.
Chapter 6 (Places),Sheol,sheol,published,,"Is home to demons and the place where many demonic entities live and roam. There is a small cave that is located on the far south of this area covered in holy water, that leads to the land of the living. The most powerful or semi powerful demons passes through here to go to the land of the living."
Chapter 6 (Places),Abaddon,abaddon,published,,Home of the rulers of Hell in the absence of Santaniel and Belckus. This level has large castles scattered about and houses hundreds of demons a piece. It is also the home to the Knights of Hell.
Chapter 6 (Places),Be’er Shachat,beer-shachat,published,,"Is the pit of corruption, the place where magical entities including Gods, magical beings, etc go to be punished."
Chapter 6 (Places),Tit ha-Yaven,tit-ha-yaven,published,,"Is the clinging mud pit, here the souls of the damned flows into Onur. The worse of punishments are taken here for both humans and higher beings alike."
Chapter 6 (Places),Sha’are Mavet,shaare-mavet,published,,"The Gates to Hell is located underneath the 66 seals scattered across Earth. If all are broken, then Gehenna is opened and Belckus is awaken."
Chapter 6 (Places),Tzalmavet,tzalmavet,published,,"Home to Santaniel, the youngest Archangel and son of GOD. Like his ancestor Belckus, he was punished for his way of thinking and war against GOD, for this he was thrown to Hell where he fell into a slumber. A palace was built around him and so was a tomb to restore his powers before awakening. If half of the 66 seals are broken then he can awaken, bringing forth the Apocalypse."
Chapter 6 (Places),Gehenna,gehenna,published,,"Like his uncle Chaos, Belckus was thrown to the lowest part of existence before Hell existed. He was put into a slumber and 66 gates were placed around him and the place called Gehenna or the Valley of Purgatory was built to house Belckus and the Belki’ remains. Here the souls of those that follows him, and the Hellish creatures resides."
Chapter 6 (Places),Onur,onur-2,published,"Above Hell, below the rest of the existence","Also known as: Underworld
Race: the dead

One of the 14 realms. Most noticeable as the Underworld, the name Onur means “dead” to the Elitshians. Here lies many regions mentioned throughout this book and from its core lies the kingdom of Montum."
Chapter 6 (Places),Norgard,norgard,published,East edge of the Eden,"Also known as: Eternity
Race: spirits of the dead

One of the 14 realms. Also called Eternity. Either it’s a place like Earth or it’s a place like Heaven, Eternity is only seen to the dead and is almost impossible to get to unless the person is dead or dying. Here they are visited by several spirits associated with the afterlife, some of the most well-known are the Angels of Death. The Grim Reaper of Middle Eastern Mythology stands guard. Its exact location is a secret and standing guard in its center is a mysterious girl who holds the secret of all existence. Chain by the hands, her mouth, ears, eyes, and feet, this mysterious girl shall not speak of the secret of existence, or all could be destroyed. Her birth is unknown and why she was chosen remains a secret even today."
Chapter 6 (Places),Eden,eden,published,All around existence,"Race: GOD, The Neither, Chaos (in the beginning)

Eden surrounds the entirety of existence and is the birthplace of Chaos, GOD, The Neither. When they were born, Eden appeared around them. Regardless of their power and curiosity, the three celestials were unable to leave Eden as it was considered endless. All of existence known to us, exists within only a small fraction of Eden’s true size."
Chapter 6 (Places),Ein,ein,published,Northeast Eden,"Race: Elshack

One of the 14 realms, Ein is a still place where only Elshack and large shards of glass and light is known to exists. Elshack created this place while creating the Celestial Trio and the Misukune Egg. Only Elshack and The Neither can enter this domain. It located on the opposite side of all of existence in Eden."
Chapter 6 (Places),Universe 666,universe-666,published,Multiverse,"Race: Varies

Similar in almost all ways to our own universe, Universe 666 is populated with serial killers, murderers, and is absent of cape wearing heroes that we have grown accustomed to in our own universe. Magic is also almost extinct with only a few capable of using it and the High Council has since been defeated by the rise of the Overlords. In this Universe, the seal here broke, causing demons to flow endlessly into innocent humans and creatures. This universe is also home to Eliteverse Dark, an assortment of brutally and adult rated stories and characters."
Chapter 6 (Places),Dimensional Plane,dimensional-plane,published,Realm of Living,"Race: numerous

Dimensional Planes while not as vast as a Realm, they can contain an infinite reality within them. Currently there are only 5 known dimensional planes."
Chapter 6 (Places),Dimensional Plane 1,dimensional-plane-1,published,,"The Nano Dimensional Plane, a microscopic place that exists in the smallest of places where entire realities exist appearing like our own albeit more technically advance and magical."
Chapter 6 (Places),Dimensional Plane 2,dimensional-plane-2,published,,"Tempi Domerum, a place that Shecknurd created during the earliest creation of Time. Time here moves backwards starting from the most advance of technology to prehistoric times."
Chapter 6 (Places),Dimensional Plane 3,dimensional-plane-3,published,,3rd dimension is the main Eliteverse.
Chapter 6 (Places),Dimensional Plane 4,dimensional-plane-4,published,,Only one reality exists including the Primordial Universe.
Chapter 6 (Places),Dimensional Plane 5,dimensional-plane-5,published,,Home of the Djiins and Imps where magic is so strong that it allows its numerous realities and residents to possess massive number of magical abilities.
